symbol,base_asset,quote_asset,trading_status,snapshot_time,hourly_candles,daily_candles,controlled_activity_history_complete,coin200_history_complete,history_complete,data_error,latest_hourly_open,latest_daily_open,last_price,quote_volume_24h,prior_impulse,base_low_120h,base_high_120h,base_range_120h,resistance_distance,volume_contraction,trigger_volume_ratio,trigger_trade_ratio,taker_buy_ratio,return_72h,btc_return_72h,btc_relative_strength_72h,trigger_open,trigger_close,completed_daily_close,ma_200d,ma_200d_20d_ago
0GUSDT,0G,USDT,TRADING,2026-10-01T21:17:33.753009+00:00,800,240,True,True,True,,2026-10-01T20:00:00+00:00,2026-09-30T00:00:00+00:00,0.2981,4139576.781163,0.43837144450641397,0.2383,0.3646,0.5300041963911035,0.1793746571585298,1.5821983526868242,0.10044810025897072,0.16568289046383858,0.5099848169077723,0.0931677018633541,0.012998515823239298,0.0801691860401148,0.2992,0.2992,0.311,0.33537849999999997,0.372791
1000CATUSDT,1000CAT,USDT,TRADING,2026-10-01T21:17:33.758706+00:00,800,240,True,True,True,,2026-10-01T20:00:00+00:00,2026-09-30T00:00:00+00:00,0.002229,362198.0877966,0.3264722698684963,0.002181,0.002444,0.12058688674919749,0.0863338788870703,0.8175667554953089,0.1796465254337536,0.15015249863142255,0.500444676217103,0.0026942074539741956,0.012998515823239298,-0.010304308369265103,0.00223,0.002233,0.002287,0.0017250600000000003,0.0016795649999999998
1000CHEEMSUSDT,1000CHEEMS,USDT,TRADING,2026-10-01T21:17:33.763419+00:00,800,240,True,True,True,,2026-10-01T20:00:00+00:00,2026-09-30T00:00:00+00:00,0.000538,453397.566347,0.14227642276422747,0.00053,0.000572,0.0792452830188679,0.057692307692307765,1.4116199069146935,0.6621855748047366,0.7934526486194802,0.5138408682558222,-0.012820512820512886,0.012998515823239298,-0.025819028643752184,0.00054,0.000539,0.000537,0.00052634,0.00052066
1000SATSUSDT,1000SATS,USDT,TRADING,2026-10-01T21:17:33.768015+00:00,800,240,True,True,True,,2026-10-01T20:00:00+00:00,2026-09-30T00:00:00+00:00,1.254e-05,528334.45659463,0.3087318087318087,1.18e-05,1.35e-05,0.14406779661016933,0.07111111111111106,0.7642737698004841,0.15774163961924895,0.2890435598654884,0.27212166745488403,0.03893951946975971,0.012998515823239298,0.02594100364652041,1.258e-05,1.254e-05,1.26e-05,1.1361999999999999e-05,1.1341699999999998e-05
1INCHUSDT,1INCH,USDT,TRADING,2026-10-01T21:17:33.772625+00:00,800,240,True,True,True,,2026-10-01T20:00:00+00:00,2026-09-30T00:00:00+00:00,0.102,379551.98723,0.18574766355140193,0.0969,0.1063,0.09700722394220862,0.03951081843838202,0.8256730355961537,0.4390340336655819,0.3408552943032981,0.4326395432625686,0.017946161515453696,0.012998515823239298,0.004947645692214397,0.1027,0.1021,0.1014,0.0868975,0.0865555
1MBABYDOGEUSDT,1MBABYDOGE,USDT,TRADING,2026-10-01T21:17:33.777139+00:00,800,240,True,True,True,,2026-10-01T20:00:00+00:00,2026-09-30T00:00:00+00:00,0.0004062,417731.1460158,0.18359818388195226,0.0004041,0.0004338,0.0734966592427615,0.060165975103734406,0.8955283127416435,0.20026976011135733,0.1653241486584079,0.2437252390759059,-0.025573613766730396,0.012998515823239298,-0.038572129589969695,0.0004088,0.0004077,0.0004138,0.00037006899999999994,0.000369658
2ZUSDT,2Z,USDT,TRADING,2026-10-01T21:17:33.781647+00:00,800,240,True,True,True,,2026-10-01T20:00:00+00:00,2026-09-30T00:00:00+00:00,0.05582,2883827.98163,0.5728654447921322,0.05481,0.07373,0.3451924831235178,0.2415570324155704,0.7136086458871364,0.9428195965119949,0.6157717499907486,0.5494675990789586,-0.16785714285714282,0.012998515823239298,-0.18085565868038211,0.05619,0.05592,0.05977,0.0709583,0.07309095
AAVEUSDT,AAVE,USDT,TRADING,2026-10-01T21:17:33.786194+00:00,800,240,True,True,True,,2026-10-01T20:00:00+00:00,2026-09-30T00:00:00+00:00,170.11,36055760.43455,0.355773478222458,144.01,176.28,0.22408166099576432,0.035795325618334484,1.99168179927823,0.5735589906592257,0.5727230451678873,0.47606808314194704,0.14961109232330072,0.012998515823239298,0.13661257650006142,169.43,169.97,159.49,99.80599999999998,97.0398
ACEUSDT,ACE,USDT,TRADING,2026-10-01T21:17:33.790742+00:00,800,240,True,True,True,,2026-10-01T20:00:00+00:00,2026-09-30T00:00:00+00:00,0.1881,7358994.50403,0.4554317548746516,0.1767,0.2147,0.21505376344086025,0.11970190964136004,0.782901315745808,0.32954731815524524,0.39805153894617146,0.5525411088083645,0.04419889502762442,0.012998515823239298,0.03120037920438512,0.1865,0.189,0.1858,0.123534,0.12126999999999999
ACHUSDT,ACH,USDT,TRADING,2026-10-01T21:17:33.795264+00:00,800,240,True,True,True,,2026-10-01T20:00:00+00:00,2026-09-30T00:00:00+00:00,0.00612,558970.03458,0.29831932773109227,0.00579,0.00656,0.13298791018998268,0.07012195121951212,0.6253976504544103,8.629700124621756,11.409940866229823,0.7019134388163334,0.026936026936027035,0.012998515823239298,0.013937511112787737,0.00605,0.0061,0.00605,0.005635,0.00575365
ACMUSDT,ACM,USDT,TRADING,2026-10-01T21:17:33.799748+00:00,800,240,True,True,True,,2026-10-01T20:00:00+00:00,2026-09-30T00:00:00+00:00,0.283,280866.0695,0.11417322834645649,0.276,0.311,0.12681159420289845,0.0868167202572348,0.36519128555423064,0.5437016186317627,0.8023970982494876,0.4663829827879344,0.014285714285714013,0.012998515823239298,0.0012871984624747146,0.285,0.284,0.28,0.336565,0.35239
ACTUSDT,ACT,USDT,TRADING,2026-10-01T21:17:33.804256+00:00,800,240,True,True,True,,2026-10-01T20:00:00+00:00,2026-09-30T00:00:00+00:00,0.01083,335249.517194,0.231543624161074,0.01014,0.01132,0.11637080867850114,0.04151943462897526,1.2123114891289866,0.4187403365726583,0.5479817635939064,0.4734444324207337,0.039272030651340994,0.012998515823239298,0.026273514828101696,0.01089,0.01085,0.0108,0.01134975,0.011669049999999999
ADAUSDT,ADA,USDT,TRADING,2026-10-01T21:17:33.808722+00:00,800,240,True,True,True,,2026-10-01T20:00:00+00:00,2026-09-30T00:00:00+00:00,0.2467,35757286.45702,0.3152916447714138,0.2389,0.2596,0.08664713269150282,0.046995377503852034,0.9037284162875964,0.3402738165058772,0.4469132156520572,0.49436720158671155,0.005691056910569259,0.012998515823239298,-0.0073074589126700396,0.2482,0.2474,0.2466,0.213827,0.21765299999999999
ADBEBUSDT,ADBEB,USDT,TRADING,2026-10-01T21:17:33.811091+00:00,33,1,False,False,False,,2026-10-01T20:00:00+00:00,2026-09-30T00:00:00+00:00,241.04,215278.21677,,,,,,,,,0.4824103099965169,,,,241.86,241.25,239.78,,
ADXUSDT,ADX,USDT,TRADING,2026-10-01T21:17:33.814779+00:00,800,240,True,True,True,,2026-10-01T20:00:00+00:00,2026-09-30T00:00:00+00:00,0.0637,623779.0545,0.14311270125223619,0.06,0.0764,0.2733333333333332,0.16623036649214645,0.5190054969975268,0.44704154224375003,0.46990291262135925,0.924593578247035,0.03577235772357734,0.012998515823239298,0.022773841900338043,0.0636,0.0637,0.063,0.0644245,0.065695
AEROUSDT,AERO,USDT,TRADING,2026-10-01T21:17:33.818936+00:00,800,76,True,False,False,,2026-10-01T20:00:00+00:00,2026-09-30T00:00:00+00:00,0.7854,5169860.88099,0.8972949197272928,0.7643,0.8815,0.15334292816956685,0.1060692002268859,0.7689022126168453,0.7426706264616928,0.7011704803005371,0.5654657354476467,-0.04473269487210563,0.012998515823239298,-0.057731210695344926,0.7802,0.788,0.8241,,
AEVOUSDT,AEVO,USDT,TRADING,2026-10-01T21:17:33.823424+00:00,800,240,True,True,True,,2026-10-01T20:00:00+00:00,2026-09-30T00:00:00+00:00,0.02548,174340.7647937,0.3344895936570862,0.02438,0.02764,0.1337161607875308,0.07561505065123016,0.7305832052623314,1.919469037679353,0.8382687927107062,0.5670358890593648,0.019146390107698474,0.012998515823239298,0.006147874284459176,0.02552,0.02555,0.02589,0.022644949999999997,0.022615250000000003
AGLDUSDT,AGLD,USDT,TRADING,2026-10-01T21:17:33.827925+00:00,800,240,True,True,True,,2026-10-01T20:00:00+00:00,2026-09-30T00:00:00+00:00,0.2072,153540.83865,0.3918238993710692,0.2019,0.2258,0.11837543338286283,0.08724534986713904,0.9798862300204155,0.6007878155597701,0.5702009351699735,0.6437811144210969,-0.040055891942245014,0.012998515823239298,-0.05305440776548431,0.2064,0.2061,0.2064,0.2011935,0.20702549999999997
AGPUBUSDT,AGPUB,USDT,TRADING,2026-10-01T21:17:33.830742+00:00,201,8,False,False,False,,2026-10-01T20:00:00+00:00,2026-09-30T00:00:00+00:00,11.65,893834.2617,,11.12,13.44,0.2086330935251799,0.1398809523809523,2.727795965037108,0.9798141469280238,1.413476528667937,0.6280338734116029,-0.052459016393442526,0.012998515823239298,-0.06545753221668182,11.44,11.56,11.63,,
AIGENSYNUSDT,AIGENSYN,USDT,TRADING,2026-10-01T21:17:33.834973+00:00,800,140,True,False,False,,2026-10-01T20:00:00+00:00,2026-09-30T00:00:00+00:00,0.02029,465784.35121,0.20145495243424727,0.01958,0.02167,0.10674157303370779,0.06368251038301796,0.9935634406698645,0.4950945280028717,0.49673353760767763,0.682465122932198,-0.0004926108374384564,0.012998515823239298,-0.013491126660677755,0.02029,0.02029,0.02053,,
AIUSDT,AI,USDT,TRADING,2026-10-01T21:17:33.839471+00:00,800,240,True,True,True,,2026-10-01T20:00:00+00:00,2026-09-30T00:00:00+00:00,0.0187,268511.36365,0.1867469879518071,0.0184,0.0204,0.10869565217391308,0.08333333333333333,0.6589382068774995,0.8932088434290661,1.43906333155934,0.4081083704326453,-0.015789473684210464,0.012998515823239298,-0.028787989507449763,0.0187,0.0187,0.0191,0.020664,0.0209035
AIXBTUSDT,AIXBT,USDT,TRADING,2026-10-01T21:17:33.844050+00:00,800,240,True,True,True,,2026-10-01T20:00:00+00:00,2026-09-30T00:00:00+00:00,0.02261,528056.506771,0.3055555555555556,0.02197,0.02619,0.19208010923987273,0.13516609392898057,0.6269682163882384,0.3309609355517774,0.4182843804707255,0.14875898454341657,-0.00395778364116095,0.012998515823239298,-0.01695629946440025,0.02274,0.02265,0.02301,0.02326935,0.023493000000000003
ALABBUSDT,ALABB,USDT,TRADING,2026-10-01T21:17:33.848241+00:00,800,57,True,False,False,,2026-10-01T20:00:00+00:00,2026-09-30T00:00:00+00:00,340.56,88921.74805,0.4528286915813695,342.6,370.71,0.08204903677758302,0.03628172965390734,1.7942329562000165,0.570922023327205,0.2689075630252101,0.9756314478833156,0.017226160986304473,0.012998515823239298,0.004227645163065175,356.68,357.26,357.18,,
ALGOUSDT,ALGO,USDT,TRADING,2026-10-01T21:17:33.852717+00:00,800,240,True,True,True,,2026-10-01T20:00:00+00:00,2026-09-30T00:00:00+00:00,0.1234,7252360.3933,0.3776470588235292,0.1136,0.1405,0.23679577464788748,0.11743772241992892,0.4946119213926992,0.3581980351174853,0.3473938681909582,0.6235369286380891,-0.09024211298606022,0.012998515823239298,-0.10324062880929952,0.1243,0.124,0.1239,0.0979955,0.0959745
ALICEUSDT,ALICE,USDT,TRADING,2026-10-01T21:17:33.857320+00:00,800,240,True,True,True,,2026-10-01T20:00:00+00:00,2026-09-30T00:00:00+00:00,0.2228,16183483.341717,0.28745928338762194,0.1456,0.2467,0.6943681318681318,0.07296311309282535,3.3645525650314707,7.000325440033114,5.814173635013779,0.4962521877805654,0.5411051212938005,0.012998515823239298,0.5281066054705612,0.2195,0.2287,0.169,0.127672,0.12548199999999998
ALLOUSDT,ALLO,USDT,TRADING,2026-10-01T21:17:33.861833+00:00,800,240,True,True,True,,2026-10-01T20:00:00+00:00,2026-09-30T00:00:00+00:00,0.2762,528758.65879,0.4756838905775076,0.2722,0.3082,0.13225569434239515,0.10123296560674871,0.5404769478601155,0.4385249880467562,0.5860026592529917,0.5807069304361615,-0.012477718360071277,0.012998515823239298,-0.025476234183310575,0.2754,0.277,0.2819,0.2354935,0.22171
ALPINEUSDT,ALPINE,USDT,TRADING,2026-10-01T21:17:33.866353+00:00,800,240,True,True,True,,2026-10-01T20:00:00+00:00,2026-09-30T00:00:00+00:00,0.353,143319.18726,0.1548387096774193,0.346,0.377,0.08959537572254339,0.061007957559681754,0.5666254521509256,0.6456832777906223,0.3156905731287191,0.6044611937874552,0.005681818181818121,0.012998515823239298,-0.007316697641421177,0.353,0.354,0.354,0.37160499999999996,0.37992000000000004
ALTUSDT,ALT,USDT,TRADING,2026-10-01T21:17:33.870889+00:00,800,240,True,True,True,,2026-10-01T20:00:00+00:00,2026-09-30T00:00:00+00:00,0.00762,330814.56947,0.34333333333333327,0.00734,0.00821,0.11852861035422335,0.07064555420219253,0.7283793876852932,0.17586930568810114,0.48644058200758644,0.34163811671509314,0.024161073825503365,0.012998515823239298,0.011162558002264067,0.00763,0.00763,0.00771,0.0067004,0.006717099999999999
AMATBUSDT,AMATB,USDT,TRADING,2026-10-01T21:17:33.875047+00:00,800,64,True,False,False,,2026-10-01T20:00:00+00:00,2026-09-30T00:00:00+00:00,528.37,139407.83685,0.17941319107662457,468.92,534.55,0.13995990787341106,0.011261808998222772,1.1457704681726806,0.11253870429283169,0.31107354184277264,0.3179347826086956,0.08941564464598573,0.012998515823239298,0.07641712882274643,529.33,528.53,516.21,,
AMCBUSDT,AMCB,USDT,TRADING,2026-10-01T21:17:33.877829+00:00,201,8,False,False,False,,2026-10-01T20:00:00+00:00,2026-09-30T00:00:00+00:00,2.76,131102.442,,2.72,3.41,0.2536764705882353,0.18768328445747803,1.0215066876475214,0.8907573674655147,0.8858669256920835,0.5835065320665083,-0.15030674846625758,0.012998515823239298,-0.16330526428949688,2.76,2.77,3.02,,
AMDBUSDT,AMDB,USDT,TRADING,2026-10-01T21:17:33.881950+00:00,800,100,True,False,False,,2026-10-01T20:00:00+00:00,2026-09-30T00:00:00+00:00,615.64,754782.38524,0.4178566571467428,595.9,641.29,0.07617049840577272,0.03898392303014237,0.3953779305871276,0.8481910200637454,0.6856825851786787,0.9596934976339747,0.012336147705246603,0.012998515823239298,-0.0006623681179926955,616.24,616.29,613.81,,
AMPUSDT,AMP,USDT,TRADING,2026-10-01T21:17:33.886488+00:00,800,240,True,True,True,,2026-10-01T20:00:00+00:00,2026-09-30T00:00:00+00:00,0.000625,559155.215645,0.8598574821852731,0.000598,0.000867,0.4498327759197325,0.28027681660899656,0.2302041066055128,0.5011758734251743,0.8020194734944104,0.3919512681098047,-0.017322834645669416,0.012998515823239298,-0.030321350468908714,0.000625,0.000624,0.000632,0.0006536249999999999,0.000744225
AMZNBUSDT,AMZNB,USDT,TRADING,2026-10-01T21:17:33.890711+00:00,800,64,True,False,False,,2026-10-01T20:00:00+00:00,2026-09-30T00:00:00+00:00,248.69,482849.67804,0.020327198364008092,245.1,252.5,0.03019175846593236,0.015089108910891097,2.1741789627097257,0.07396559431909994,0.41614738553237607,0.7989407610827777,0.00896624472573837,0.012998515823239298,-0.004032271097500928,248.42,248.69,250.34,,
ANIMEUSDT,ANIME,USDT,TRADING,2026-10-01T21:17:33.895257+00:00,800,240,True,True,True,,2026-10-01T20:00:00+00:00,2026-09-30T00:00:00+00:00,0.00331,178155.85595,0.29588014981273414,0.00315,0.00357,0.1333333333333333,0.06722689075630246,0.5105400662809942,0.3547282768037507,0.9595758780649437,0.7619051124358147,0.03416149068322971,0.012998515823239298,0.021162974859990413,0.00333,0.00333,0.00335,0.00354125,0.0036915
ANKRUSDT,ANKR,USDT,TRADING,2026-10-01T21:17:33.899785+00:00,800,240,True,True,True,,2026-10-01T20:00:00+00:00,2026-09-30T00:00:00+00:00,0.00491,359526.104095,0.31524547803617553,0.00481,0.00543,0.1288981288981288,0.09392265193370167,0.638274248281067,0.291086473733855,0.1979333430359482,0.5073843720647232,-0.004048582995951455,0.012998515823239298,-0.017047098819190754,0.0049,0.00492,0.00499,0.0043186000000000006,0.0042675000000000005
APEUSDT,APE,USDT,TRADING,2026-10-01T21:17:33.904334+00:00,800,240,True,True,True,,2026-10-01T20:00:00+00:00,2026-09-30T00:00:00+00:00,0.148,779988.567481,0.27302904564315367,0.1424,0.1728,0.2134831460674158,0.14062500000000008,0.3529502188277961,0.15856844691369085,0.18400261792342576,0.6566735185658653,0.006779661016949268,0.012998515823239298,-0.006218854806290031,0.1488,0.1485,0.1506,0.1319065,0.12761750000000002
API3USDT,API3,USDT,TRADING,2026-10-01T21:17:33.908892+00:00,800,240,True,True,True,,2026-10-01T20:00:00+00:00,2026-09-30T00:00:00+00:00,0.281,617051.083035,0.26685006877579087,0.2629,0.2975,0.13160897679726125,0.0534453781512604,1.6978760183697743,0.18404024419080375,0.20588847707491775,0.3013026684695075,0.048008931894305995,0.012998515823239298,0.0350104160710667,0.2816,0.2816,0.2889,0.265644,0.26848849999999996
APTUSDT,APT,USDT,TRADING,2026-10-01T21:17:33.913507+00:00,800,240,True,True,True,,2026-10-01T20:00:00+00:00,2026-09-30T00:00:00+00:00,0.7718,9332580.209406,0.5896946564885495,0.7529,0.875,0.16217293133218225,0.11439999999999996,1.1515633222081436,0.46656453009543286,0.33266140082702506,0.6279788771605934,-0.06299879081015713,0.012998515823239298,-0.07599730663339643,0.7734,0.7749,0.7707,0.759828,0.7819849999999999
ARBUSDT,ARB,USDT,TRADING,2026-10-01T21:17:33.918049+00:00,800,240,True,True,True,,2026-10-01T20:00:00+00:00,2026-09-30T00:00:00+00:00,0.1995,13337743.47123,1.0785241248817408,0.1915,0.2367,0.2360313315926892,0.1554710604140262,0.6416270805029183,0.45332347832990955,0.5359264821933152,0.29755069569033327,-0.012351778656126466,0.012998515823239298,-0.025350294479365765,0.201,0.1999,0.2029,0.109535,0.100156
ARKMUSDT,ARKM,USDT,TRADING,2026-10-01T21:17:33.922561+00:00,800,240,True,True,True,,2026-10-01T20:00:00+00:00,2026-09-30T00:00:00+00:00,0.1312,947495.8653,0.46824542518837453,0.1269,0.1461,0.15130023640661938,0.09924709103353875,0.975963181283489,0.3052954453395828,0.5016345337074314,0.5008161629951698,0.0038138825324181003,0.012998515823239298,-0.009184633290821198,0.1322,0.1316,0.1325,0.114363,0.113267
ARKUSDT,ARK,USDT,TRADING,2026-10-01T21:17:33.927087+00:00,800,240,True,True,True,,2026-10-01T20:00:00+00:00,2026-09-30T00:00:00+00:00,0.2424,11360765.537,1.394981412639405,0.2072,0.4262,1.056949806949807,0.4343031440638198,8.933557795776007,0.09056937454987879,0.05767163981679995,0.4043678558416135,0.003746877601998433,0.012998515823239298,-0.009251638221240865,0.2404,0.2411,0.2395,0.1392895,0.138932
ARMBUSDT,ARMB,USDT,TRADING,2026-10-01T21:17:33.931320+00:00,800,78,True,False,False,,2026-10-01T20:00:00+00:00,2026-09-30T00:00:00+00:00,293.43,501794.74792,0.37692716640085067,279.0,315.32,0.13017921146953393,0.06824812888494222,1.617295542715232,1.2214968240144701,0.9577098243331165,0.11204511120750257,0.03279783456955032,0.012998515823239298,0.019799318746311023,293.16,293.8,290.45,,
ARPAUSDT,ARPA,USDT,TRADING,2026-10-01T21:17:33.935904+00:00,800,240,True,True,True,,2026-10-01T20:00:00+00:00,2026-09-30T00:00:00+00:00,0.01089,604756.746855,0.27909604519774,0.01062,0.01164,0.09604519774011311,0.06271477663230239,1.3902453821779264,0.8306521943440375,3.9369387347834763,0.6510843029254009,0.007386888273314796,0.012998515823239298,-0.005611627549924503,0.01093,0.01091,0.01114,0.009432999999999999,0.0093663
ARUSDT,AR,USDT,TRADING,2026-10-01T21:17:33.940503+00:00,800,240,True,True,True,,2026-10-01T20:00:00+00:00,2026-09-30T00:00:00+00:00,4.259,7958227.44496,1.1483011937557395,4.023,5.135,0.2764106388267462,0.16650438169425502,1.0496662968699708,0.42764493219705235,0.2068446929528584,0.5184005225382025,0.011581186480737582,0.012998515823239298,-0.0014173293425017164,4.259,4.28,4.112,2.188535,1.977825
ASMLBUSDT,ASMLB,USDT,TRADING,2026-10-01T21:17:33.944646+00:00,800,57,True,False,False,,2026-10-01T20:00:00+00:00,2026-09-30T00:00:00+00:00,1809.91,101124.014685,0.10297743099679768,1706.65,1852.51,0.08546567837576524,0.02331431409277146,1.2718369374446632,0.10830759613045075,0.3220447284345048,0.689098780007871,0.0232900109719818,0.012998515823239298,0.010291495148742502,1810.78,1809.32,1820.23,,
ASRUSDT,ASR,USDT,TRADING,2026-10-01T21:17:33.949210+00:00,800,240,True,True,True,,2026-10-01T20:00:00+00:00,2026-09-30T00:00:00+00:00,0.864,128347.3803,0.11832061068702293,0.845,0.943,0.11597633136094676,0.08483563096500527,0.3561068385814491,0.254913084536473,0.23438453713123095,0.5700358303474711,0.005827505827505908,0.012998515823239298,-0.007171009995733391,0.863,0.863,0.862,1.023365,1.0713549999999998
ASTERUSDT,ASTER,USDT,TRADING,2026-10-01T21:17:33.953719+00:00,800,240,True,True,True,,2026-10-01T20:00:00+00:00,2026-09-30T00:00:00+00:00,0.7368,15772718.816093,0.10635400907715575,0.6907,0.7815,0.13146083683219922,0.05668586052463213,1.4213489409570934,0.46338165609993953,0.4323234142169,0.46965385144251126,0.051490514905149,0.012998515823239298,0.0384919990819097,0.7399,0.7372,0.7576,0.6647124999999999,0.6628400000000001
ASTRUSDT,ASTR,USDT,TRADING,2026-10-01T21:17:33.958268+00:00,800,240,True,True,True,,2026-10-01T20:00:00+00:00,2026-09-30T00:00:00+00:00,0.007393,418380.5106836,0.38273219958886195,0.007166,0.007841,0.09419480881942532,0.0582833822216555,0.9773039885850762,0.10592745082336488,0.2341871406168322,0.5280082644426671,-0.01756253326237367,0.012998515823239298,-0.030561049085612968,0.00738,0.007384,0.007321,0.006512785,0.006570505
ASTSBUSDT,ASTSB,USDT,TRADING,2026-10-01T21:17:33.962405+00:00,800,57,True,False,False,,2026-10-01T20:00:00+00:00,2026-09-30T00:00:00+00:00,57.36,301797.3314,0.11633797720282257,57.1,65.42,0.14570928196147115,0.1250382146132681,5.153516544998307,0.017006436067340917,0.06228710462287105,0.5033557046979866,-0.06332842415316642,0.012998515823239298,-0.07632693997640572,57.14,57.24,59.92,,
ATMUSDT,ATM,USDT,TRADING,2026-10-01T21:17:33.966891+00:00,800,240,True,True,True,,2026-10-01T20:00:00+00:00,2026-09-30T00:00:00+00:00,1.07,151180.44812,0.05058365758754868,1.018,1.099,0.0795677799607073,0.0291173794358508,0.5464623322648701,1.6330778124388798,1.291752414120627,0.6496347350317081,0.02694898941289714,0.012998515823239298,0.013950473589657841,1.062,1.067,1.062,1.37254,1.3886300000000003
ATOMUSDT,ATOM,USDT,TRADING,2026-10-01T21:17:33.971412+00:00,800,240,True,True,True,,2026-10-01T20:00:00+00:00,2026-09-30T00:00:00+00:00,1.713,2451994.21114,0.2743055555555556,1.68,1.927,0.14702380952380967,0.10897768552153604,0.6529457113795835,0.3756341447594575,0.3469780572308482,0.7031120378783177,-0.016045845272206316,0.012998515823239298,-0.029044361095445614,1.719,1.717,1.745,1.7084349999999997,1.7230699999999999
ATUSDT,AT,USDT,TRADING,2026-10-01T21:17:33.975945+00:00,800,240,True,True,True,,2026-10-01T20:00:00+00:00,2026-09-30T00:00:00+00:00,0.1511,833422.14608,0.12342007434944247,0.1442,0.163,0.13037447988904316,0.07055214723926387,2.012202811598181,0.6572838473469524,0.6125085333193299,0.6338973263632408,0.03554340396445643,0.012998515823239298,0.022544888141217134,0.1493,0.1515,0.1545,0.1465985,0.146743
AUCTIONUSDT,AUCTION,USDT,TRADING,2026-10-01T21:17:33.980451+00:00,800,240,True,True,True,,2026-10-01T20:00:00+00:00,2026-09-30T00:00:00+00:00,3.647,396234.01386,0.24251207729468605,3.586,3.939,0.09843837144450651,0.07235338918507239,1.153386254492949,0.6152172038890751,0.9592460075050179,0.6695256364173432,-0.00327332242225864,0.012998515823239298,-0.016271838245497938,3.657,3.654,3.735,3.9138349999999997,4.032165
AUDIOUSDT,AUDIO,USDT,TRADING,2026-10-01T21:17:33.984991+00:00,800,240,True,True,True,,2026-10-01T20:00:00+00:00,2026-09-30T00:00:00+00:00,0.01705,6559130.40845,0.2666666666666666,0.01436,0.02148,0.49582172701949867,0.21461824953445063,0.6828763826171281,0.5604231884222627,0.4549555553996506,0.42091212544068785,0.042645241038318904,0.012998515823239298,0.029646725215079606,0.01694,0.01687,0.0168,0.0158121,0.0164488
AUSDT,A,USDT,TRADING,2026-10-01T21:17:33.989534+00:00,800,240,True,True,True,,2026-10-01T20:00:00+00:00,2026-09-30T00:00:00+00:00,0.0955,533759.1926,0.3760217983651226,0.0926,0.1082,0.16846652267818585,0.11090573012939012,0.7083440753657828,0.10239045887461808,0.11466213037026314,0.7217365509780314,0.020148462354188768,0.012998515823239298,0.007149946530949469,0.096,0.0962,0.0987,0.07649,0.07532900000000001
AVAUSDT,AVA,USDT,TRADING,2026-10-01T21:17:33.994022+00:00,800,240,True,True,True,,2026-10-01T20:00:00+00:00,2026-09-30T00:00:00+00:00,0.2572,783477.00479,0.6498637602179835,0.23,0.2611,0.13521739130434773,0.014936805821524375,0.8584018164903372,0.8425250609220416,1.063518192654822,0.37122586166697413,0.07211338057523964,0.012998515823239298,0.05911486475200034,0.2565,0.2572,0.2457,0.20394099999999998,0.2015115
AVAXUSDT,AVAX,USDT,TRADING,2026-10-01T21:17:33.998666+00:00,800,240,True,True,True,,2026-10-01T20:00:00+00:00,2026-09-30T00:00:00+00:00,10.994,50221963.0199,0.5100127822752449,10.145,12.008,0.18363725973385892,0.0834443704197201,1.3452192711651043,0.36743234078084114,0.3908339464692422,0.6605217668821634,0.0515956430345883,0.012998515823239298,0.038597127211349,11.002,11.006,10.937,8.06817,8.038025
AVGOBUSDT,AVGOB,USDT,TRADING,2026-10-01T21:17:34.002850+00:00,800,78,True,False,False,,2026-10-01T20:00:00+00:00,2026-09-30T00:00:00+00:00,345.65,3392259.07538,0.05313104268927571,343.84,362.0,0.052815262912982774,0.045994475138121486,3.4496143905043515,0.9690997906446186,4.067463566399214,0.9801053655813521,-0.011336635080587354,0.012998515823239298,-0.024335150903826652,344.08,345.35,353.2,,
AVNTUSDT,AVNT,USDT,TRADING,2026-10-01T21:17:34.007384+00:00,800,240,True,True,True,,2026-10-01T20:00:00+00:00,2026-09-30T00:00:00+00:00,0.1225,667773.74518,0.40740740740740744,0.119,0.138,0.1596638655462186,0.11086956521739136,0.46318876608275583,1.0430647612710668,0.5174129353233831,0.6348160127012163,-0.0008143322475570036,0.012998515823239298,-0.013812848070796302,0.1223,0.1227,0.1286,0.11775549999999999,0.12334949999999999
AWEUSDT,AWE,USDT,TRADING,2026-10-01T21:17:34.011984+00:00,800,240,True,True,True,,2026-10-01T20:00:00+00:00,2026-09-30T00:00:00+00:00,0.07266,647034.6437,0.22420115243583028,0.06429,0.07699,0.19754238606315133,0.0553318612806858,1.053823429819004,0.029096660706889363,0.04383186371029878,0.45874448876758345,0.11754763368162258,0.012998515823239298,0.10454911785838328,0.07302,0.07273,0.07257,0.05683874999999999,0.0555464
AXLUSDT,AXL,USDT,TRADING,2026-10-01T21:17:34.016498+00:00,800,240,True,True,True,,2026-10-01T20:00:00+00:00,2026-09-30T00:00:00+00:00,0.0507,675489.345404,0.32000000000000006,0.0493,0.0587,0.19066937119675464,0.13458262350936975,0.4896203730180464,0.1790263292385187,0.1002933258327641,0.7994957730480099,-0.023076923076923106,0.012998515823239298,-0.036075438900162404,0.0508,0.0508,0.051,0.048153999999999995,0.0487145
AXSUSDT,AXS,USDT,TRADING,2026-10-01T21:17:34.020989+00:00,800,240,True,True,True,,2026-10-01T20:00:00+00:00,2026-09-30T00:00:00+00:00,1.151,1431274.97927,0.32236095346197513,1.082,1.195,0.10443622920517548,0.03598326359832648,0.8996624123374293,0.6764092770360625,0.8040026103980856,0.5860054194488443,0.048225659690627865,0.012998515823239298,0.035227143867388566,1.152,1.152,1.157,1.06032,1.077525
AXTIBUSDT,AXTIB,USDT,TRADING,2026-10-01T21:17:34.025146+00:00,800,71,True,False,False,,2026-10-01T20:00:00+00:00,2026-09-30T00:00:00+00:00,81.51,649401.2701,0.48902346707040123,71.62,83.97,0.1724378665177324,0.027867095391211186,2.943332877227791,0.47395196228783765,0.39335306168905076,0.15793572136485912,0.1109145345672291,0.012998515823239298,0.09791601874398981,81.79,81.63,78.2,,
BABABUSDT,BABAB,USDT,TRADING,2026-10-01T21:17:34.029327+00:00,800,78,True,False,False,,2026-10-01T20:00:00+00:00,2026-09-30T00:00:00+00:00,107.64,833851.83113,0.034666916518317326,106.85,111.37,0.04230229293401977,0.0334919637245219,1.6061393593414357,0.030420016156876173,0.1405805840296322,0.8739569609134826,-0.011570247933884392,0.012998515823239298,-0.02456876375712369,107.56,107.64,107.89,,
BABYUSDT,BABY,USDT,TRADING,2026-10-01T21:17:34.033839+00:00,800,240,True,True,True,,2026-10-01T20:00:00+00:00,2026-09-30T00:00:00+00:00,0.01374,1505690.05408,0.31492248062015515,0.01288,0.01465,0.13742236024844723,0.06075085324232083,0.5888537904332475,0.48347205787882347,0.4493624669999438,0.4344009211301669,0.04321455648218353,0.012998515823239298,0.030216040658944232,0.01367,0.01376,0.01374,0.0137406,0.01376625
BANANAS31USDT,BANANAS31,USDT,TRADING,2026-10-01T21:17:34.038428+00:00,800,240,True,True,True,,2026-10-01T20:00:00+00:00,2026-09-30T00:00:00+00:00,0.007593,262080.958022,0.12597753448030713,0.007512,0.008181,0.08905750798722067,0.069551399584403,0.7255017288774396,0.6228728790616371,0.397364419665484,0.8848493420287736,-0.012326456468145897,0.012998515823239298,-0.025324972291385195,0.007604,0.007612,0.007733,0.009450825000000001,0.009297729999999999
BANANAUSDT,BANANA,USDT,TRADING,2026-10-01T21:17:34.042930+00:00,800,240,True,True,True,,2026-10-01T20:00:00+00:00,2026-09-30T00:00:00+00:00,4.015,190396.129186,0.16216216216216228,3.92,4.357,0.11147959183673484,0.07596970392471893,0.8226341695552761,0.45658465967969597,0.3444788778339586,0.7860870677649234,0.003990024937655878,0.012998515823239298,-0.00900849088558342,4.021,4.026,4.064,3.6115,3.64615
BANDUSDT,BAND,USDT,TRADING,2026-10-01T21:17:34.047463+00:00,800,240,True,True,True,,2026-10-01T20:00:00+00:00,2026-09-30T00:00:00+00:00,0.2153,166425.84054,0.2883506343713955,0.2113,0.234,0.10743019403691445,0.07905982905982913,0.943572158634054,0.2787068512782364,0.2083152504122906,0.5432080066178099,-0.00691244239631339,0.012998515823239298,-0.019910958219552688,0.2156,0.2155,0.2181,0.190148,0.19094049999999999
BANKUSDT,BANK,USDT,TRADING,2026-10-01T21:17:34.051987+00:00,800,240,True,True,True,,2026-10-01T20:00:00+00:00,2026-09-30T00:00:00+00:00,0.031,1177753.93405,0.38524590163934413,0.0304,0.0343,0.1282894736842104,0.09620991253644308,0.678620570836163,0.5549830794887265,1.5390173410404624,0.8808523122871363,-0.02515723270440262,0.012998515823239298,-0.03815574852764192,0.0309,0.031,0.0317,0.0502355,0.050957
BARDUSDT,BARD,USDT,TRADING,2026-10-01T21:17:34.056491+00:00,800,240,True,True,True,,2026-10-01T20:00:00+00:00,2026-09-30T00:00:00+00:00,0.1366,495162.10732,0.2747156605424321,0.1316,0.154,0.17021276595744683,0.10909090909090915,0.9873461115920662,0.42531894962390066,0.32780143927155236,0.36959662564072326,-0.0029069767441861627,0.012998515823239298,-0.01590549256742546,0.1374,0.1372,0.1397,0.2139295,0.30652799999999997
BARUSDT,BAR,USDT,TRADING,2026-10-01T21:17:34.061019+00:00,800,240,True,True,True,,2026-10-01T20:00:00+00:00,2026-09-30T00:00:00+00:00,0.283,112343.32561,0.10980392156862728,0.278,0.295,0.06115107913669049,0.0338983050847458,0.40044933571057806,0.8318308647614875,0.5559020044543429,0.7032112231215163,0.01785714285714257,0.012998515823239298,0.004858627033903273,0.284,0.285,0.281,0.35503,0.37786500000000006
BATUSDT,BAT,USDT,TRADING,2026-10-01T21:17:34.065617+00:00,800,240,True,True,True,,2026-10-01T20:00:00+00:00,2026-09-30T00:00:00+00:00,0.0891,267639.4624,0.3925373134328356,0.0874,0.0982,0.12356979405034307,0.08961303462321794,0.7840007783154589,0.16245312911272422,0.21117810004888382,0.5366120218579234,-0.008869179600887067,0.012998515823239298,-0.021867695424126365,0.0891,0.0894,0.0898,0.087561,0.08958
BBUSDT,BB,USDT,TRADING,2026-10-01T21:17:34.070226+00:00,800,240,True,True,True,,2026-10-01T20:00:00+00:00,2026-09-30T00:00:00+00:00,0.00966,1286454.004765,0.4268456375838927,0.00913,0.01109,0.21467688937568452,0.12894499549143365,1.0230002164821532,0.5501245296132372,0.47127272727272723,0.34234845646515977,0.00520291363163361,0.012998515823239298,-0.007795602191605688,0.00975,0.00966,0.00951,0.02001315,0.0217672
BCHUSDT,BCH,USDT,TRADING,2026-10-01T21:17:34.074765+00:00,800,240,True,True,True,,2026-10-01T20:00:00+00:00,2026-09-30T00:00:00+00:00,309.5,10397192.3211,0.5686090225563909,301.7,347.7,0.15246934040437532,0.1095772217428817,0.7947980183519985,0.6168608170671316,0.7496125770280354,0.6221446549302008,0.004868549172346581,0.012998515823239298,-0.008129966650892717,308.1,309.6,306.2,310.82099999999997,329.0475
BEAMXUSDT,BEAMX,USDT,TRADING,2026-10-01T21:17:34.079340+00:00,800,240,True,True,True,,2026-10-01T20:00:00+00:00,2026-09-30T00:00:00+00:00,0.002027,628712.807166,0.4504748982360922,0.001941,0.0022,0.13343637300360656,0.07727272727272727,1.4085843419182231,0.20393626259550665,0.421875,0.3123176577589919,0.00694444444444442,0.012998515823239298,-0.0060540713787948786,0.002032,0.00203,0.001978,0.00167202,0.00168159
BEBUSDT,BEB,USDT,TRADING,2026-10-01T21:17:34.083505+00:00,800,64,True,False,False,,2026-10-01T20:00:00+00:00,2026-09-30T00:00:00+00:00,277.63,287994.71712,0.3883243771372742,259.77,302.45,0.16429918774300356,0.08140188460902631,1.2321771286171932,0.5394983302275841,0.7831547838936092,0.7882832618025751,0.04881087202718004,0.012998515823239298,0.03581235620394074,277.72,277.83,281.78,,
BELUSDT,BEL,USDT,TRADING,2026-10-01T21:17:34.088057+00:00,800,240,True,True,True,,2026-10-01T20:00:00+00:00,2026-09-30T00:00:00+00:00,0.1297,266952.39905,0.1996353691886963,0.1216,0.1446,0.1891447368421053,0.10304287690179803,0.5569402991568265,1.340827019982507,1.1376858435681965,0.7796807275418639,0.04093097913322641,0.012998515823239298,0.02793246330998711,0.129,0.1297,0.1274,0.10850699999999999,0.105876
BERAUSDT,BERA,USDT,TRADING,2026-10-01T21:17:34.092623+00:00,800,240,True,True,True,,2026-10-01T20:00:00+00:00,2026-09-30T00:00:00+00:00,0.2374,2831049.6848832,0.4019196160767846,0.2072,0.268,0.2934362934362935,0.11082089552238807,6.092061392287857,0.05134048620364315,0.11059965620477238,0.4638258437457921,0.10477515067223009,0.012998515823239298,0.09177663484899079,0.2373,0.2383,0.254,0.284988,0.321834
BFUSDUSDT,BFUSD,USDT,TRADING,2026-10-01T21:17:34.097234+00:00,800,240,True,True,True,,2026-10-01T20:00:00+00:00,2026-09-30T00:00:00+00:00,0.9994,516376.0595,0.0019038076152304573,0.9989,1.0,0.001101211332465768,0.0006000000000000449,1.055104881868974,0.031152780388919315,1.4027333527188137,0.04965815041381792,0.0,0.012998515823239298,-0.012998515823239298,0.9994,0.9994,0.9995,0.9994945,0.9994359999999999
BICOUSDT,BICO,USDT,TRADING,2026-10-01T21:17:34.101731+00:00,800,240,True,True,True,,2026-10-01T20:00:00+00:00,2026-09-30T00:00:00+00:00,0.02198,1453782.1613259,0.22621681415929196,0.01979,0.02296,0.1601819100555837,0.03832752613240428,1.2535537657717604,1.3396673049006365,1.776062168270818,0.4782688062522867,0.05595408895265419,0.012998515823239298,0.04295557312941489,0.02171,0.02208,0.02194,0.0224547,0.022442349999999996
BIGTIMEUSDT,BIGTIME,USDT,TRADING,2026-10-01T21:17:34.106304+00:00,800,240,True,True,True,,2026-10-01T20:00:00+00:00,2026-09-30T00:00:00+00:00,0.00869,287094.00886,0.42677165354330726,0.00842,0.0103,0.2232779097387172,0.15339805825242717,0.32600339739145234,0.32056247764740237,0.5645438898450946,0.46477984674441064,-0.02460850111856816,0.012998515823239298,-0.03760701694180746,0.00871,0.00872,0.00884,0.00946005,0.01003365
BIOUSDT,BIO,USDT,TRADING,2026-10-01T21:17:34.110789+00:00,800,240,True,True,True,,2026-10-01T20:00:00+00:00,2026-09-30T00:00:00+00:00,0.03023,1223921.509572,0.3267864605098203,0.02868,0.03309,0.15376569037656895,0.08371109096403752,1.109535889559785,0.3561613233167833,0.3773383476889482,0.5220996787061608,0.032697547683923744,0.012998515823239298,0.019699031860684446,0.03047,0.03032,0.03104,0.028880049999999997,0.0282192
BLURUSDT,BLUR,USDT,TRADING,2026-10-01T21:17:34.115306+00:00,800,240,True,True,True,,2026-10-01T20:00:00+00:00,2026-09-30T00:00:00+00:00,0.02057,782377.605989,0.3735973597359734,0.01915,0.0242,0.26370757180156645,0.1462809917355371,5.02439163214595,0.053707710725069295,0.06056550748465788,0.07753156371625672,0.045546558704453455,0.012998515823239298,0.032548042881214156,0.0208,0.02066,0.02119,0.0191189,0.01916555
BMNRBUSDT,BMNRB,USDT,TRADING,2026-10-01T21:17:34.119439+00:00,800,57,True,False,False,,2026-10-01T20:00:00+00:00,2026-09-30T00:00:00+00:00,26.74,1380397.2613,0.22747747747747749,26.28,27.95,0.0635464231354641,0.04329159212880146,3.654372674242083,0.14066255381595602,0.4017725258493353,0.3966489854340322,-0.005578281889178194,0.012998515823239298,-0.018576797712417492,26.76,26.74,26.49,,
BMTUSDT,BMT,USDT,TRADING,2026-10-01T21:17:34.123922+00:00,800,240,True,True,True,,2026-10-01T20:00:00+00:00,2026-09-30T00:00:00+00:00,0.01865,226388.307731,0.25047199496538686,0.01803,0.0204,0.13144758735440942,0.08578431372549027,0.5286801727679589,1.1029985591810645,0.3258172739330577,0.15874257655998925,0.008653326122228355,0.012998515823239298,-0.004345189701010943,0.01862,0.01865,0.01904,0.015458149999999999,0.0150745
BNBUSDT,BNB,USDT,TRADING,2026-10-01T21:17:34.128521+00:00,800,240,True,True,True,,2026-10-01T20:00:00+00:00,2026-09-30T00:00:00+00:00,769.98,71034056.18329,0.1355196741151814,750.47,784.55,0.04541154210028364,0.018571155439423795,1.085307878573605,0.42745341667670544,0.392136327933794,0.4055004422643104,0.006299336086570184,0.012998515823239298,-0.006699179736669114,769.57,769.98,769.27,636.15175,623.6393499999999
BNCBUSDT,BNCB,USDT,TRADING,2026-10-01T21:17:34.131910+00:00,417,17,False,False,False,,2026-10-01T20:00:00+00:00,2026-09-30T00:00:00+00:00,5.99,2366942.648,,5.55,6.25,0.12612612612612617,0.04,1.7572490928107998,0.06491155593945994,0.11038313012539594,0.16778523489932887,0.060070671378091856,0.012998515823239298,0.04707215555485256,5.99,6.0,5.92,,
BNSOLUSDT,BNSOL,USDT,TRADING,2026-10-01T21:17:34.136391+00:00,800,240,True,True,True,,2026-10-01T20:00:00+00:00,2026-09-30T00:00:00+00:00,133.6,358507.7145,0.25461254612546114,132.0,141.4,0.07121212121212128,0.05445544554455457,0.8037673102041771,0.13029066761075747,0.7358885017421603,0.6842644616417541,-0.005208333333333481,0.012998515823239298,-0.01820684915657278,133.8,133.7,133.7,95.546,92.307
BNTUSDT,BNT,USDT,TRADING,2026-10-01T21:17:34.140890+00:00,800,240,True,True,True,,2026-10-01T20:00:00+00:00,2026-09-30T00:00:00+00:00,0.3481,133004.83503,0.18547562222979885,0.3354,0.3684,0.09838998211091243,0.05266015200868629,0.6603444171502496,0.17254210006282913,0.20790834148386197,0.7124483591862187,-0.005698005698005715,0.012998515823239298,-0.018696521521245013,0.3487,0.349,0.3475,0.298468,0.294273
BOMEUSDT,BOME,USDT,TRADING,2026-10-01T21:17:34.145535+00:00,800,240,True,True,True,,2026-10-01T20:00:00+00:00,2026-09-30T00:00:00+00:00,0.0009602,787780.457644,0.3178374213432642,0.0009247,0.0010514,0.1370174110522333,0.08170058968993729,0.9513434858382701,0.6327705548470903,0.756843565223739,0.46607136487912754,-0.011871865725105013,0.012998515823239298,-0.02487038154834431,0.0009669,0.0009655,0.0010028,0.0006005445,0.0005441525
BONKUSDT,BONK,USDT,TRADING,2026-10-01T21:17:34.150048+00:00,800,240,True,True,True,,2026-10-01T20:00:00+00:00,2026-09-30T00:00:00+00:00,3.75e-06,3294071.43027912,0.467479674796748,3.35e-06,4.04e-06,0.20597014925373136,0.06683168316831692,1.5416348655914789,0.8854298318769083,0.45068188577174173,0.4512113865747178,0.07714285714285718,0.012998515823239298,0.06414434131961788,3.75e-06,3.77e-06,3.8e-06,4.5217e-06,4.796200000000001e-06
BREVUSDT,BREV,USDT,TRADING,2026-10-01T21:17:34.154599+00:00,800,240,True,True,True,,2026-10-01T20:00:00+00:00,2026-09-30T00:00:00+00:00,0.0853,251667.01241,0.2938659058487876,0.0825,0.0922,0.11757575757575767,0.0759219088937094,0.8098277182569769,1.2454935649077892,0.8530020703933747,0.6707812478250645,0.013079667063020217,0.012998515823239298,8.115123978091887e-05,0.0853,0.0852,0.0886,0.09373749999999999,0.09928699999999999
BROCCOLI714USDT,BROCCOLI714,USDT,TRADING,2026-10-01T21:17:34.159278+00:00,800,240,True,True,True,,2026-10-01T20:00:00+00:00,2026-09-30T00:00:00+00:00,0.02665,2134770.31047,1.0237467018469655,0.02481,0.03079,0.24103184199919392,0.13056187073725245,0.7340581144816871,0.5244268144568924,1.2406059883096743,0.40549495149633524,0.04939239513916105,0.012998515823239298,0.03639387931592175,0.02678,0.02677,0.02659,0.015255949999999997,0.014338849999999998
BTCUSDT,BTC,USDT,TRADING,2026-10-01T21:17:34.163888+00:00,800,240,True,True,True,,2026-10-01T20:00:00+00:00,2026-09-30T00:00:00+00:00,84618.91,1413057427.521494,0.12088322519604033,82563.0,85649.95,0.037389024139142135,0.011861653159167018,1.1890569151461932,0.5420996008221753,0.531146398590795,0.39942621471989487,0.012998515823239298,0.012998515823239298,0.0,84675.36,84634.0,83623.6,71299.6974,69997.67275
BTTCUSDT,BTTC,USDT,TRADING,2026-10-01T21:17:34.168539+00:00,800,240,True,True,True,,2026-10-01T20:00:00+00:00,2026-09-30T00:00:00+00:00,3.8e-07,452210.95390793,0.3214285714285714,3.6e-07,3.9e-07,0.08333333333333348,0.025641025641025664,0.3277529091109066,0.2996268820482732,1.0715512306811676,0.5471695858013443,0.027027027027026973,0.012998515823239298,0.014028511203787675,3.8e-07,3.8e-07,3.8e-07,3.0295e-07,3.01e-07
C98USDT,C98,USDT,TRADING,2026-10-01T21:17:34.173179+00:00,800,240,True,True,True,,2026-10-01T20:00:00+00:00,2026-09-30T00:00:00+00:00,0.01623,281180.648091,0.2951575710991545,0.01537,0.01758,0.14378659726740395,0.07792946530147894,0.44122908722020454,1.483879697132743,1.0401238242647934,0.3553229673471605,0.027249683143219183,0.012998515823239298,0.014251167319979885,0.01614,0.01621,0.01624,0.017488550000000002,0.018554599999999997
CAKEUSDT,CAKE,USDT,TRADING,2026-10-01T21:17:34.177799+00:00,800,240,True,True,True,,2026-10-01T20:00:00+00:00,2026-09-30T00:00:00+00:00,2.571,3254530.96145,0.5322852330151602,2.51,2.863,0.14063745019920337,0.09779951100244492,0.5312852845087425,0.17712015473163553,0.1780427223050174,0.5312108700161554,-0.00424055512721655,0.012998515823239298,-0.017239070950455848,2.59,2.583,2.597,1.5864600000000002,1.47085
CATIUSDT,CATI,USDT,TRADING,2026-10-01T21:17:34.182432+00:00,800,240,True,True,True,,2026-10-01T20:00:00+00:00,2026-09-30T00:00:00+00:00,0.06195,378698.863175,0.4310268840899074,0.05841,0.06693,0.14586543400102725,0.07350963693411028,1.8416146525105372,0.18103361376820212,0.35484839387571304,0.2895711282313405,0.014561518324607281,0.012998515823239298,0.0015630025013679827,0.0625,0.06201,0.06007,0.05153894999999999,0.04915645
CBRSBUSDT,CBRSB,USDT,TRADING,2026-10-01T21:17:34.186629+00:00,800,86,True,False,False,,2026-10-01T20:00:00+00:00,2026-09-30T00:00:00+00:00,171.5,1823454.49196,0.2203640231651105,168.49,213.66,0.26808712683245295,0.197978096040438,8.539161311970894,0.6183444247459904,1.1786934673366833,0.877538823346485,-0.13296903460837872,0.012998515823239298,-0.14596755043161802,169.74,171.36,180.36,,
CELOUSDT,CELO,USDT,TRADING,2026-10-01T21:17:34.191280+00:00,800,240,True,True,True,,2026-10-01T20:00:00+00:00,2026-09-30T00:00:00+00:00,0.09856,1403523.997916,0.320480928689884,0.08926,0.11993,0.3436029576518036,0.1766030184274159,3.1194857265543225,0.15272503328077114,0.2014769731232866,0.48711707746836924,0.042766631467793026,0.012998515823239298,0.029768115644553728,0.09879,0.09875,0.10036,0.075872,0.07453585
CELRUSDT,CELR,USDT,TRADING,2026-10-01T21:17:34.195800+00:00,800,240,True,True,True,,2026-10-01T20:00:00+00:00,2026-09-30T00:00:00+00:00,0.003074,185992.0868652,0.5377597567156613,0.002877,0.003186,0.10740354535974994,0.0329566854990584,1.0124682951835933,0.346505256884729,0.8496009821976673,0.6268069283192264,0.035630252100840254,0.012998515823239298,0.022631736277600956,0.003057,0.003081,0.003121,0.00231802,0.0023005350000000003
CETUSUSDT,CETUS,USDT,TRADING,2026-10-01T21:17:34.200395+00:00,800,240,True,True,True,,2026-10-01T20:00:00+00:00,2026-09-30T00:00:00+00:00,0.02754,411869.820689,0.46556188503366114,0.02698,0.03165,0.17309117865085244,0.12796208530805683,0.5033700158630675,0.4656125882678419,0.8449187194574648,0.613803818126974,-0.02576773738086835,0.012998515823239298,-0.03876625320410765,0.02779,0.0276,0.02825,0.022140149999999997,0.02128655
CFGUSDT,CFG,USDT,TRADING,2026-10-01T21:17:34.204885+00:00,800,199,True,False,False,,2026-10-01T20:00:00+00:00,2026-09-30T00:00:00+00:00,0.1455,1975119.84352,0.6901840490797546,0.1429,0.1769,0.23792862141357585,0.1707179197286603,0.8514581893059149,0.28234062897275125,0.5324382440866419,0.5541027679356268,-0.07793840351979886,0.012998515823239298,-0.09093691934303816,0.146,0.1467,0.1496,0.1890281407035176,
CFXUSDT,CFX,USDT,TRADING,2026-10-01T21:17:34.209491+00:00,800,240,True,True,True,,2026-10-01T20:00:00+00:00,2026-09-30T00:00:00+00:00,0.05335,1099043.21944,0.2816608996539791,0.05211,0.05725,0.09863749760122831,0.06620087336244544,0.8828779402459592,0.8614826992363048,1.4518250094976475,0.4846182299209439,0.0,0.012998515823239298,-0.012998515823239298,0.05355,0.05346,0.05522,0.0510872,0.05095605
CGPTUSDT,CGPT,USDT,TRADING,2026-10-01T21:17:34.213993+00:00,800,240,True,True,True,,2026-10-01T20:00:00+00:00,2026-09-30T00:00:00+00:00,0.02234,1105430.714811,0.2550448430493273,0.02072,0.02466,0.19015444015444039,0.08961881589618816,2.164663961441066,0.13574010218106014,0.09730962537483634,0.5511935849191806,0.061967833491012314,0.012998515823239298,0.048969317667773016,0.02242,0.02245,0.02339,0.021695950000000002,0.021724049999999998
CHIPUSDT,CHIP,USDT,TRADING,2026-10-01T21:17:34.218344+00:00,800,163,True,False,False,,2026-10-01T20:00:00+00:00,2026-09-30T00:00:00+00:00,0.04264,2449233.34031,0.36469917308240674,0.04112,0.04989,0.21327821011673143,0.14271397073561826,1.0806092568901955,0.3322870961362073,0.4108840902488622,0.4731254661955478,-0.01993583868010984,0.012998515823239298,-0.03293435450334914,0.04296,0.04277,0.04326,,
CHRUSDT,CHR,USDT,TRADING,2026-10-01T21:17:34.222834+00:00,800,240,True,True,True,,2026-10-01T20:00:00+00:00,2026-09-30T00:00:00+00:00,0.02273,356418.47401,0.47986111111111107,0.02078,0.024,0.15495668912415783,0.057916666666666616,0.502146861531739,1.080401615452189,0.8130489335006273,0.5401287399405283,0.07156398104265405,0.012998515823239298,0.05856546521941475,0.02267,0.02261,0.02231,0.01736565,0.01718745
CHZUSDT,CHZ,USDT,TRADING,2026-10-01T21:17:34.227390+00:00,800,240,True,True,True,,2026-10-01T20:00:00+00:00,2026-09-30T00:00:00+00:00,0.01615,1139128.54013,0.2651340996168581,0.01517,0.01685,0.11074489123269626,0.038575667655786426,0.8496299202487725,1.1198694244708147,0.7557421585576685,0.5603754900632595,0.029879211697393382,0.012998515823239298,0.016880695874154084,0.01618,0.0162,0.01626,0.0262878,0.028331950000000005
CITYUSDT,CITY,USDT,TRADING,2026-10-01T21:17:34.231863+00:00,800,240,True,True,True,,2026-10-01T20:00:00+00:00,2026-09-30T00:00:00+00:00,0.352,335108.63716,0.08579881656804722,0.346,0.383,0.1069364161849713,0.08093994778067892,0.7815536177571786,0.631151542116023,1.1114327062228655,0.44997202756822285,-0.01949860724233987,0.012998515823239298,-0.03249712306557917,0.352,0.352,0.352,0.45061,0.47664
CKBUSDT,CKB,USDT,TRADING,2026-10-01T21:17:34.236511+00:00,800,240,True,True,True,,2026-10-01T20:00:00+00:00,2026-09-30T00:00:00+00:00,0.00129,240765.994857,0.44040404040404035,0.001261,0.001449,0.14908802537668508,0.11180124223602488,0.8745850885928105,1.265701900407883,0.8386992396052418,0.6444631461527834,-0.017557251908396965,0.012998515823239298,-0.030555767731636263,0.001289,0.001287,0.001317,0.001193885,0.001220525
COHRBUSDT,COHRB,USDT,TRADING,2026-10-01T21:17:34.240700+00:00,800,57,True,False,False,,2026-10-01T20:00:00+00:00,2026-09-30T00:00:00+00:00,317.95,398542.38132,0.1700968285703086,276.4,323.02,0.16866859623733732,0.013931025942666089,1.4176107087381915,0.3661776115080276,0.279055900621118,0.5185233755163596,0.12830322352107681,0.012998515823239298,0.11530470769783752,319.04,318.52,288.02,,
COINBUSDT,COINB,USDT,TRADING,2026-10-01T21:17:34.244891+00:00,800,86,True,False,False,,2026-10-01T20:00:00+00:00,2026-09-30T00:00:00+00:00,189.25,461460.84656,0.21101883986117986,184.47,198.71,0.07719412370575163,0.04680187207488305,3.3254872966245035,1.7886418491223102,0.5591987348444913,0.9794659843862756,-0.011791099285229811,0.012998515823239298,-0.02478961510846911,189.35,189.41,186.57,,
COMPUSDT,COMP,USDT,TRADING,2026-10-01T21:17:34.249432+00:00,800,240,True,True,True,,2026-10-01T20:00:00+00:00,2026-09-30T00:00:00+00:00,23.9,1470959.54391,0.28809908454496513,22.83,27.03,0.18396846254927746,0.11801701812800597,1.3697543597186401,0.2158558232228555,0.16763678696158324,0.25633907300537717,0.010597710894446832,0.012998515823239298,-0.002400804928792466,23.86,23.84,24.76,19.2578,18.8397
COOKIEUSDT,COOKIE,USDT,TRADING,2026-10-01T21:17:34.253939+00:00,800,240,True,True,True,,2026-10-01T20:00:00+00:00,2026-09-30T00:00:00+00:00,0.01316,961869.693113,0.3287234042553191,0.01133,0.0135,0.19152691968225954,0.022222222222222216,3.435821393167562,0.589573309604531,0.21521192181149604,0.17316662579203446,0.1282051282051282,0.012998515823239298,0.1152066123818889,0.01323,0.0132,0.01256,0.0126678,0.0134195
COTIUSDT,COTI,USDT,TRADING,2026-10-01T21:17:34.258513+00:00,800,240,True,True,True,,2026-10-01T20:00:00+00:00,2026-09-30T00:00:00+00:00,0.01377,2119981.95087,0.21725239616613412,0.01245,0.01545,0.24096385542168686,0.11974110032362466,0.6898344650270815,1.704312326913187,1.2521739130434781,0.641625945151476,0.06001558846453614,0.012998515823239298,0.04701707264129684,0.01352,0.0136,0.01324,0.01242105,0.011946350000000001
COWUSDT,COW,USDT,TRADING,2026-10-01T21:17:34.263167+00:00,800,240,True,True,True,,2026-10-01T20:00:00+00:00,2026-09-30T00:00:00+00:00,0.1635,551559.16435,0.2418032786885247,0.1485,0.1796,0.20942760942760952,0.08630289532293994,0.39034580968786253,0.028531767117454223,0.041891670757650136,0.45742551108383384,0.06697009102730811,0.012998515823239298,0.05397157520406881,0.1643,0.1641,0.166,0.15776500000000002,0.1656465
CRCLBUSDT,CRCLB,USDT,TRADING,2026-10-01T21:17:34.267468+00:00,800,112,True,False,False,,2026-10-01T20:00:00+00:00,2026-09-30T00:00:00+00:00,83.05,15889089.0214,0.12629161882893225,81.5,90.32,0.10822085889570543,0.07971656333038075,1.1818437755879365,0.2641954668839321,0.6778614694373689,0.42432950191570884,-0.02931215695433831,0.012998515823239298,-0.04231067277757761,83.0,83.12,81.86,,
CRDOBUSDT,CRDOB,USDT,TRADING,2026-10-01T21:17:34.271660+00:00,800,57,True,False,False,,2026-10-01T20:00:00+00:00,2026-09-30T00:00:00+00:00,207.4,428102.94519,0.39469808541973506,187.06,212.1,0.13386079332834377,0.016124469589816066,1.5537267800987962,0.06139953760304069,0.2886157135221807,0.3118050626922167,0.08270208571132098,0.012998515823239298,0.06970356988808168,209.97,208.68,194.66,,
CRMBUSDT,CRMB,USDT,TRADING,2026-10-01T21:17:34.275216+00:00,537,22,False,False,False,,2026-10-01T20:00:00+00:00,2026-09-30T00:00:00+00:00,236.64,61384.60004,,221.42,239.31,0.08079667600036133,0.011867452258576756,1.0648521918339178,1.1816191133401073,1.250814332247557,0.6114115439796932,0.03874368548209972,0.012998515823239298,0.025745169658860423,236.75,236.47,229.93,,
CRVUSDT,CRV,USDT,TRADING,2026-10-01T21:17:34.279653+00:00,800,240,True,True,True,,2026-10-01T20:00:00+00:00,2026-09-30T00:00:00+00:00,0.3779,4733056.30002,0.13388704318936884,0.3216,0.416,0.2935323383084576,0.08461538461538451,1.2079293174036159,0.33302575287308117,0.5121338912133891,0.5244951443759769,0.049324882887847865,0.012998515823239298,0.03632636706460857,0.3818,0.3808,0.3946,0.2482375,0.23742850000000001
CRWDBUSDT,CRWDB,USDT,TRADING,2026-10-01T21:17:34.283584+00:00,705,29,False,False,False,,2026-10-01T20:00:00+00:00,2026-09-30T00:00:00+00:00,266.49,21188.85705,,245.15,268.83,0.09659392208851725,0.00862998921251346,0.8437545674097481,0.88171714433574,0.6094100074682599,0.8312315535283069,0.026064526064526028,0.012998515823239298,0.01306601024128673,266.77,266.51,263.66,,
CRWVBUSDT,CRWVB,USDT,TRADING,2026-10-01T21:17:34.287677+00:00,800,71,True,False,False,,2026-10-01T20:00:00+00:00,2026-09-30T00:00:00+00:00,88.15,205584.8889,0.10778061224489788,83.6,90.46,0.0820574162679426,0.024651779792173225,2.0326561341341227,0.5942503112243421,0.6502626486038153,0.7740426775796551,0.03971246759368374,0.012998515823239298,0.026713951770444444,88.6,88.23,87.27,,
CTKUSDT,CTK,USDT,TRADING,2026-10-01T21:17:34.292186+00:00,800,240,True,True,True,,2026-10-01T20:00:00+00:00,2026-09-30T00:00:00+00:00,0.1262,104255.79259,0.2729831144465289,0.1222,0.1372,0.12274959083469716,0.07944606413994165,0.7318419586374745,0.7592976723256264,1.181981981981982,0.8915566018082579,0.011208967173738982,0.012998515823239298,-0.0017895486495003166,0.1261,0.1263,0.1264,0.13723849999999999,0.14298
CTSIUSDT,CTSI,USDT,TRADING,2026-10-01T21:17:34.296699+00:00,800,240,True,True,True,,2026-10-01T20:00:00+00:00,2026-09-30T00:00:00+00:00,0.02879,181938.10435,0.2856525496974933,0.02772,0.03051,0.10064935064935066,0.056702720419534544,0.6455217476431715,0.44293023619204835,0.6004548900682335,0.6745171658560173,0.015167548500881756,0.012998515823239298,0.0021690326776424573,0.02872,0.02878,0.02886,0.026879200000000002,0.02657645
CUSDT,C,USDT,TRADING,2026-10-01T21:17:34.301278+00:00,800,240,True,True,True,,2026-10-01T20:00:00+00:00,2026-09-30T00:00:00+00:00,0.0954,427025.62469,0.6912878787878789,0.0846,0.096,0.13475177304964547,0.009374999999999979,0.6541895438473803,0.9297292715886619,0.9808219178082191,0.6526497421231052,0.0531561461794019,0.012998515823239298,0.0401576303561626,0.0953,0.0951,0.0909,0.0732795,0.070983
CVCUSDT,CVC,USDT,TRADING,2026-10-01T21:17:34.305769+00:00,800,240,True,True,True,,2026-10-01T20:00:00+00:00,2026-09-30T00:00:00+00:00,0.03081,864976.77677,0.5717192268565616,0.02876,0.03238,0.12586926286509037,0.04663372452130937,1.557883182517659,0.13454917891910842,0.19016107966913365,0.470912925579994,0.04361054766734296,0.012998515823239298,0.03061203184410366,0.03101,0.03087,0.03132,0.025204449999999996,0.025407100000000002
CVXUSDT,CVX,USDT,TRADING,2026-10-01T21:17:34.310344+00:00,800,240,True,True,True,,2026-10-01T20:00:00+00:00,2026-09-30T00:00:00+00:00,2.112,752736.399339,0.1335941866964785,1.978,2.398,0.21233569261880691,0.1134278565471227,0.7576908315755,0.123008797061927,0.1518300948938093,0.21336016839822328,-0.021629084215370575,0.012998515823239298,-0.034627600038609874,2.125,2.126,2.162,1.6627800000000001,1.65426
CYBERUSDT,CYBER,USDT,TRADING,2026-10-01T21:17:34.314873+00:00,800,240,True,True,True,,2026-10-01T20:00:00+00:00,2026-09-30T00:00:00+00:00,0.319,2030258.96453,0.3587786259541983,0.312,0.366,0.17307692307692313,0.1256830601092896,3.0625819105874137,0.6087697855573863,0.698093220338983,0.41656473518252995,-0.04477611940298509,0.012998515823239298,-0.05777463522622439,0.317,0.32,0.324,0.40475,0.42713999999999996
CYPHBUSDT,CYPHB,USDT,TRADING,2026-10-01T21:17:34.317643+00:00,201,8,False,False,False,,2026-10-01T20:00:00+00:00,2026-09-30T00:00:00+00:00,2.92,809633.448,,2.92,4.4,0.5068493150684934,0.3477272727272728,2.326172673704855,3.580865071167381,2.3797563261480787,0.443975577361994,-0.14328358208955227,0.012998515823239298,-0.15628209791279157,2.94,2.87,3.36,,
DASHUSDT,DASH,USDT,TRADING,2026-10-01T21:17:34.322067+00:00,800,240,True,True,True,,2026-10-01T20:00:00+00:00,2026-09-30T00:00:00+00:00,58.52,9507914.53835,0.7470201897348576,57.94,73.64,0.2709699689333793,0.20301466594242262,0.5010554627219105,0.5621494830276978,0.45915459510805035,0.680075073108987,-0.09120470733973363,0.012998515823239298,-0.10420322316297292,58.79,58.69,60.58,39.748000000000005,37.03425
DCRUSDT,DCR,USDT,TRADING,2026-10-01T21:17:34.326630+00:00,800,240,True,True,True,,2026-10-01T20:00:00+00:00,2026-09-30T00:00:00+00:00,18.17,261517.27094,0.3255131964809381,17.63,18.81,0.06693136698808844,0.03030303030303032,0.7422527471682546,0.1262164052034299,0.29493087557603687,0.8238531539561783,0.023569023569023573,0.012998515823239298,0.010570507745784274,18.19,18.24,18.51,16.05155,17.2359
DEXEUSDT,DEXE,USDT,TRADING,2026-10-01T21:17:34.331205+00:00,800,240,True,True,True,,2026-10-01T20:00:00+00:00,2026-09-30T00:00:00+00:00,1.888,1450326.28084,0.18271604938271602,1.796,1.945,0.0829621380846326,0.028791773778920334,0.9350116653056174,0.5144819636911536,0.5381514286555042,0.38491862056050574,0.02052944354403019,0.012998515823239298,0.007530927720790892,1.892,1.889,1.85,11.285585,11.477835
DGBUSDT,DGB,USDT,TRADING,2026-10-01T21:17:34.335756+00:00,800,240,True,True,True,,2026-10-01T20:00:00+00:00,2026-09-30T00:00:00+00:00,0.00437,126338.341739,0.26300578034682065,0.0043,0.00496,0.15348837209302335,0.12298387096774199,0.4824235614760813,0.5688437013832746,0.4406410455889217,0.7499673696206534,-0.08033826638477803,0.012998515823239298,-0.09333678220801733,0.00435,0.00435,0.00444,0.0037585,0.0037354
DIAUSDT,DIA,USDT,TRADING,2026-10-01T21:17:34.340303+00:00,800,240,True,True,True,,2026-10-01T20:00:00+00:00,2026-09-30T00:00:00+00:00,0.1683,586084.6465,0.3978965819456619,0.1529,0.1764,0.15369522563767157,0.048752834467120164,1.2292028570973046,1.454494101016783,1.1602310732745515,0.6596575705206823,0.06202531645569631,0.012998515823239298,0.04902680063245701,0.1659,0.1678,0.1708,0.148022,0.152309
DJTBUSDT,DJTB,USDT,TRADING,2026-10-01T21:17:34.344391+00:00,800,36,True,False,False,,2026-10-01T20:00:00+00:00,2026-09-30T00:00:00+00:00,8.8,73945.873,0.07067137809187285,8.56,9.45,0.10397196261682229,0.06666666666666657,1.6026108350350925,0.05381025627655968,0.367816091954023,0.436046511627907,-0.0318331503841931,0.012998515823239298,-0.0448316662074324,8.81,8.82,9.13,,
DODOUSDT,DODO,USDT,TRADING,2026-10-01T21:17:34.348921+00:00,800,240,True,True,True,,2026-10-01T20:00:00+00:00,2026-09-30T00:00:00+00:00,0.01839,1657728.509152,0.15632911392405058,0.01805,0.01916,0.061495844875346206,0.039665970772442605,0.9220301684885953,0.11946926155499366,0.37263866126110584,0.43792420979344787,-0.00647948164146861,0.012998515823239298,-0.019477997464707908,0.01837,0.0184,0.01864,0.018094700000000002,0.01774295
DOGEUSDT,DOGE,USDT,TRADING,2026-10-01T21:17:34.353467+00:00,800,240,True,True,True,,2026-10-01T20:00:00+00:00,2026-09-30T00:00:00+00:00,0.09443,51381054.93375,0.22410930915591876,0.09153,0.09893,0.08084780946137893,0.04407156575356315,0.8394682999099572,0.32096888887341746,0.4277153832083409,0.5161389743485604,0.006277931474781839,0.012998515823239298,-0.006720584348457459,0.09484,0.09457,0.09456,0.08792425,0.0882649
DOGSUSDT,DOGS,USDT,TRADING,2026-10-01T21:17:34.358078+00:00,800,240,True,True,True,,2026-10-01T20:00:00+00:00,2026-09-30T00:00:00+00:00,4.797e-05,332836.68381799,0.2579265223955711,4.619e-05,5.45e-05,0.1799090712275384,0.12000000000000002,0.4189348311461963,0.4134571546393217,0.37520938023450584,0.47957191686688383,0.006928406466512715,0.012998515823239298,-0.006070109356726583,4.788e-05,4.796e-05,4.834e-05,4.057e-05,3.851125e-05
DOLOUSDT,DOLO,USDT,TRADING,2026-10-01T21:17:34.362632+00:00,800,240,True,True,True,,2026-10-01T20:00:00+00:00,2026-09-30T00:00:00+00:00,0.03043,109230.070837,0.4078310602727673,0.02905,0.03301,0.13631669535283986,0.07573462587094816,0.6583395666486277,0.40719188309676346,0.7175257731958763,0.4519019604247799,0.0317889753128171,0.012998515823239298,0.018790459489577804,0.03045,0.03051,0.03064,0.027754400000000002,0.028465700000000004
DOTUSDT,DOT,USDT,TRADING,2026-10-01T21:17:34.367180+00:00,800,240,True,True,True,,2026-10-01T20:00:00+00:00,2026-09-30T00:00:00+00:00,1.178,11320893.26074,0.46300715990453467,1.141,1.282,0.12357581069237522,0.07800312012480506,0.9037014212991145,0.5171990763005446,0.6773767400415486,0.5564502132498927,0.005102040816326481,0.012998515823239298,-0.007896475006912818,1.185,1.182,1.223,1.067215,1.1045349999999998
DRAMBUSDT,DRAMB,USDT,TRADING,2026-10-01T21:17:34.371347+00:00,800,86,True,False,False,,2026-10-01T20:00:00+00:00,2026-09-30T00:00:00+00:00,61.82,672161.3534,0.14825046040515666,58.33,63.41,0.08709069089662269,0.024917205488093334,0.5697417256071499,0.6356341393601387,0.6791778373547811,0.7316429780700028,0.03672032193158947,0.012998515823239298,0.023721806108350174,62.06,61.83,60.55,,
DUSKUSDT,DUSK,USDT,TRADING,2026-10-01T21:17:34.375842+00:00,800,240,True,True,True,,2026-10-01T20:00:00+00:00,2026-09-30T00:00:00+00:00,0.0871,2459684.5097,0.34355828220858897,0.0808,0.1,0.23762376237623783,0.1250000000000001,2.412154051107876,0.3066887877901712,0.36291285316354954,0.4776130354825247,0.035502958579881616,0.012998515823239298,0.022504442756642318,0.0878,0.0875,0.0899,0.0962155,0.09693950000000001
DYDXUSDT,DYDX,USDT,TRADING,2026-10-01T21:17:34.380390+00:00,800,240,True,True,True,,2026-10-01T20:00:00+00:00,2026-09-30T00:00:00+00:00,0.14892,2884586.1946984,0.37653411880216003,0.1298,0.15046,0.15916795069337453,0.0077096902831318755,1.4523987903717157,1.0855763263815639,0.6591863865993087,0.5055358764404664,0.11160747524383874,0.012998515823239298,0.09860895942059944,0.14924,0.1493,0.14397,0.12683470000000002,0.12312280000000002
DYMUSDT,DYM,USDT,TRADING,2026-10-01T21:17:34.384914+00:00,800,240,True,True,True,,2026-10-01T20:00:00+00:00,2026-09-30T00:00:00+00:00,0.01921,411605.192181,0.5630769230769233,0.01846,0.02176,0.17876489707475618,0.11443014705882364,0.3861487910155145,1.2986409813416493,1.6578868899711758,0.35325056561910556,0.014210526315789451,0.012998515823239298,0.001212010492550153,0.01918,0.01927,0.01933,0.0186896,0.020600749999999998
EDENUSDT,EDEN,USDT,TRADING,2026-10-01T21:17:34.389574+00:00,800,240,True,True,True,,2026-10-01T20:00:00+00:00,2026-09-30T00:00:00+00:00,0.05819,324942.043537,0.3413547237076646,0.05663,0.06764,0.19441991877096965,0.1352749852158487,1.0378014022379902,0.7181385701535207,0.8415104032879527,0.20990780064983264,-0.03210325997021346,0.012998515823239298,-0.04510177579345276,0.05899,0.05849,0.05995,0.0462186,0.044185749999999996
EDUUSDT,EDU,USDT,TRADING,2026-10-01T21:17:34.394089+00:00,800,240,True,True,True,,2026-10-01T20:00:00+00:00,2026-09-30T00:00:00+00:00,0.0505,360185.0591,0.10752688172043001,0.0487,0.0534,0.09650924024640672,0.05805243445692894,1.291860821327622,0.3011382195705095,0.5922902073572389,0.4289753810509801,0.003992015968063756,0.012998515823239298,-0.009006499855175543,0.0502,0.0503,0.0519,0.0441155,0.049389499999999996
EGLDUSDT,EGLD,USDT,TRADING,2026-10-01T21:17:34.398643+00:00,800,240,True,True,True,,2026-10-01T20:00:00+00:00,2026-09-30T00:00:00+00:00,4.518,616991.84725,0.3005943956977073,4.38,4.782,0.09178082191780823,0.04935173567544955,1.1634194513468354,0.16511025883680916,0.2475723518736668,0.21893067502630467,-0.001098659635245025,0.012998515823239298,-0.014097175458484323,4.544,4.546,4.502,3.595485,3.59387
EIGENUSDT,EIGEN,USDT,TRADING,2026-10-01T21:17:34.403181+00:00,800,240,True,True,True,,2026-10-01T20:00:00+00:00,2026-09-30T00:00:00+00:00,0.2475,4795726.16272,0.4454007530930606,0.2387,0.2858,0.197318810222036,0.12876137158852344,1.4006250287881907,0.405486767289479,0.5500919398286052,0.4205884886603618,-0.00875796178343946,0.012998515823239298,-0.02175647760667876,0.2495,0.249,0.2453,0.202498,0.1980055
ENAUSDT,ENA,USDT,TRADING,2026-10-01T21:17:34.407698+00:00,800,240,True,True,True,,2026-10-01T20:00:00+00:00,2026-09-30T00:00:00+00:00,0.2443,61917822.455456,0.9925816023738872,0.2433,0.2946,0.21085080147965463,0.1666666666666666,1.3921287847275643,0.2773261130395366,0.39516315637585114,0.6070508973552423,-0.05175743530320598,0.012998515823239298,-0.06475595112644528,0.2466,0.2455,0.2649,0.1112245,0.10162800000000001
ENJUSDT,ENJ,USDT,TRADING,2026-10-01T21:17:34.412249+00:00,800,240,True,True,True,,2026-10-01T20:00:00+00:00,2026-09-30T00:00:00+00:00,0.02986,602432.160383,0.25062866722548205,0.02841,0.03233,0.13797958465329097,0.07083204454067421,0.8587868763856715,3.2049811727669657,3.031903843300193,0.5449978316004147,0.025956284153005438,0.012998515823239298,0.01295776832976614,0.0297,0.03004,0.02949,0.03294855,0.03206095
ENSUSDT,ENS,USDT,TRADING,2026-10-01T21:17:34.416738+00:00,800,240,True,True,True,,2026-10-01T20:00:00+00:00,2026-09-30T00:00:00+00:00,6.87,1033696.3329,0.33783783783783794,6.43,7.26,0.12908242612752718,0.048209366391184526,1.2444375699630426,0.17663521597538298,0.16598311218335343,0.33073731465106787,0.03909774436090219,0.012998515823239298,0.02609922853766289,6.92,6.91,6.99,5.44485,5.40785
EPICUSDT,EPIC,USDT,TRADING,2026-10-01T21:17:34.421261+00:00,800,240,True,True,True,,2026-10-01T20:00:00+00:00,2026-09-30T00:00:00+00:00,0.5419,793734.81004,0.5436746987951806,0.4707,0.5748,0.22115997450605485,0.047668754349338864,1.3680286278252451,0.20695495720554632,0.13116956475275943,0.8350163286352699,0.1408920383493122,0.012998515823239298,0.1278935225260729,0.5491,0.5474,0.5369,0.41144749999999997,0.3924425
ERAUSDT,ERA,USDT,TRADING,2026-10-01T21:17:34.425775+00:00,800,240,True,True,True,,2026-10-01T20:00:00+00:00,2026-09-30T00:00:00+00:00,0.0666,486439.27033,0.27121771217712176,0.0644,0.0724,0.12422360248447206,0.07872928176795595,1.0468111800520514,0.21922858955690377,0.6313564298297122,0.5834986709572912,-0.016224188790560534,0.012998515823239298,-0.029222704613799833,0.067,0.0667,0.0664,0.09767650000000001,0.1055295
ESPUSDT,ESP,USDT,TRADING,2026-10-01T21:17:34.430337+00:00,800,231,True,True,True,,2026-10-01T20:00:00+00:00,2026-09-30T00:00:00+00:00,0.1062,1903463.37639,0.30618363522798253,0.09435,0.11477,0.216428192898781,0.07528099677616097,0.5484918988220892,0.31858465821514576,0.2889897668692775,0.730463770957937,0.09142328259975319,0.012998515823239298,0.07842476677651389,0.10627,0.10613,0.1052,0.0758858,0.0784697
ETCUSDT,ETC,USDT,TRADING,2026-10-01T21:17:34.434831+00:00,800,240,True,True,True,,2026-10-01T20:00:00+00:00,2026-09-30T00:00:00+00:00,8.83,5156288.3029,0.3192090395480225,8.76,9.65,0.10159817351598188,0.08393782383419694,1.1535793351454555,0.5720403889530131,0.7229006767741691,0.4750683410216982,-0.04638619201725991,0.012998515823239298,-0.05938470784049921,8.86,8.84,8.89,7.82665,7.8237
ETHFIUSDT,ETHFI,USDT,TRADING,2026-10-01T21:17:34.439418+00:00,800,240,True,True,True,,2026-10-01T20:00:00+00:00,2026-09-30T00:00:00+00:00,0.7307,6278520.14338,0.34525805850568303,0.6625,0.8222,0.24105660377358507,0.10921916808562392,1.336524311406228,0.6623015470764061,0.3687853322518353,0.3896556197186436,0.036659589525831704,0.012998515823239298,0.023661073702592406,0.7347,0.7324,0.7853,0.46174,0.445109
ETHUSDT,ETH,USDT,TRADING,2026-10-01T21:17:34.443934+00:00,800,240,True,True,True,,2026-10-01T20:00:00+00:00,2026-09-30T00:00:00+00:00,2695.39,704239708.661019,0.1359950093574549,2635.69,2748.6,0.042838877106184725,0.01811103834679464,1.3446502136334448,0.45665769792895605,0.5222886456637138,0.4717109955104336,0.005933877520593489,0.012998515823239298,-0.007064638302645809,2700.7,2698.82,2686.01,2110.8053,2050.0331
EULUSDT,EUL,USDT,TRADING,2026-10-01T21:17:34.448458+00:00,800,240,True,True,True,,2026-10-01T20:00:00+00:00,2026-09-30T00:00:00+00:00,1.347,614036.18123,0.2712585034013606,1.338,1.58,0.18086696562032878,0.14430379746835442,0.5171680256297935,0.6675687075675696,0.812253829321663,0.34258734718924166,-0.04045422285308731,0.012998515823239298,-0.053452738676326605,1.355,1.352,1.398,1.19368,1.1565
EWYBUSDT,EWYB,USDT,TRADING,2026-10-01T21:17:34.452655+00:00,800,100,True,False,False,,2026-10-01T20:00:00+00:00,2026-09-30T00:00:00+00:00,185.74,134464.33743,0.07379691457517845,180.51,188.5,0.04426347570771716,0.014058355437665813,1.1334280920165352,0.226661510067834,0.6503701634306467,0.4491650294695481,0.010768477728830161,0.012998515823239298,-0.002230038094409137,186.26,185.85,183.7,,
FETUSDT,FET,USDT,TRADING,2026-10-01T21:17:34.457195+00:00,800,240,True,True,True,,2026-10-01T20:00:00+00:00,2026-09-30T00:00:00+00:00,0.2298,29126360.59395,0.6260107816711589,0.2105,0.2492,0.18384798099762478,0.07102728731942212,1.5729532276955416,0.6209777741805232,0.41948793763859954,0.5751945027911682,0.010034904013961787,0.012998515823239298,-0.002963611809277511,0.2304,0.2315,0.2287,0.19170549999999997,0.1876875
FFUSDT,FF,USDT,TRADING,2026-10-01T21:17:34.461767+00:00,800,240,True,True,True,,2026-10-01T20:00:00+00:00,2026-09-30T00:00:00+00:00,0.12458,677914.893724,0.4340224323729933,0.11618,0.13454,0.15803064210707518,0.070908280065408,0.8002204015723395,0.1784754317894708,0.30682029747005646,0.665277466781824,0.03143823747833974,0.012998515823239298,0.01843972165510044,0.1254,0.125,0.13023,0.08192045,0.07621625000000001
FIDAUSDT,FIDA,USDT,TRADING,2026-10-01T21:17:34.466348+00:00,800,240,True,True,True,,2026-10-01T20:00:00+00:00,2026-09-30T00:00:00+00:00,0.0211,356276.167804,0.19691119691119696,0.02041,0.0233,0.14159725624693786,0.09227467811158808,0.6262290413485502,0.6931315576048207,0.721460703889918,0.6379818222279483,0.010511227902532116,0.012998515823239298,-0.002487287920707182,0.02114,0.02115,0.02129,0.0198931,0.019378749999999997
FILUSDT,FIL,USDT,TRADING,2026-10-01T21:17:34.470863+00:00,800,240,True,True,True,,2026-10-01T20:00:00+00:00,2026-09-30T00:00:00+00:00,1.0151,14127302.253757,0.5067769043101109,0.9901,1.1599,0.17149782850217155,0.12311406155703082,0.9776842298229651,0.4148348286433322,0.47749762287288106,0.3569703894557617,-0.028000764525993982,0.012998515823239298,-0.04099928034923328,1.0189,1.0171,1.0433,0.847683,0.8466225000000001
FLNCBUSDT,FLNCB,USDT,TRADING,2026-10-01T21:17:34.475003+00:00,800,64,True,False,False,,2026-10-01T20:00:00+00:00,2026-09-30T00:00:00+00:00,7.6,126462.9824,0.15588235294117658,7.42,8.04,0.08355795148247958,0.0572139303482586,1.3553597151267347,2.7254369345720435,1.9756338491932828,0.5933902109459626,0.009320905459387463,0.012998515823239298,-0.0036776103638518354,7.6,7.58,7.72,,
FLOKIUSDT,FLOKI,USDT,TRADING,2026-10-01T21:17:34.479526+00:00,800,240,True,True,True,,2026-10-01T20:00:00+00:00,2026-09-30T00:00:00+00:00,2.767e-05,1521924.09788031,0.2645104120513957,2.605e-05,2.96e-05,0.1362763915547025,0.0652027027027027,0.8964975517884559,0.2660142186698304,0.4190469290539928,0.5985669333878925,0.019152854511970574,0.012998515823239298,0.006154338688731276,2.771e-05,2.767e-05,2.769e-05,2.6443600000000002e-05,2.665915e-05
FLOWUSDT,FLOW,USDT,TRADING,2026-10-01T21:17:34.484017+00:00,800,240,True,True,True,,2026-10-01T20:00:00+00:00,2026-09-30T00:00:00+00:00,0.03104,1006246.6486519,0.2673151750972762,0.02946,0.035,0.18805159538357108,0.1128571428571429,1.2079670576225674,0.21342308473880317,0.17142857142857143,0.6985736936479197,0.025768087215064517,0.012998515823239298,0.012769571391825218,0.0309,0.03105,0.03117,0.03111325,0.032309199999999996
FLUXUSDT,FLUX,USDT,TRADING,2026-10-01T21:17:34.488599+00:00,800,240,True,True,True,,2026-10-01T20:00:00+00:00,2026-09-30T00:00:00+00:00,0.0728,210783.311674,0.4968684759916493,0.0654,0.0799,0.22171253822629966,0.09011264080100123,1.1466808594327955,0.1254685805352507,0.10306902691945113,0.6600045642676928,0.08023774145616636,0.012998515823239298,0.06723922563292706,0.0729,0.0727,0.0739,0.05467400000000001,0.054346
FOGOUSDT,FOGO,USDT,TRADING,2026-10-01T21:17:34.493150+00:00,800,240,True,True,True,,2026-10-01T20:00:00+00:00,2026-09-30T00:00:00+00:00,0.00533,664841.62339,0.05344827586206913,0.00506,0.00624,0.23320158102766797,0.14583333333333337,0.5938892422034834,0.7507971588484618,0.7368849125660838,0.4761331816003962,0.02303262955854124,0.012998515823239298,0.010034113735301942,0.00533,0.00533,0.00538,0.012690600000000002,0.0145378
FORMUSDT,FORM,USDT,TRADING,2026-10-01T21:17:34.497675+00:00,800,240,True,True,True,,2026-10-01T20:00:00+00:00,2026-09-30T00:00:00+00:00,0.2869,1029956.79048,0.41052631578947363,0.2775,0.3251,0.17153153153153133,0.11381113503537366,0.7896277458359113,0.9305999618930052,1.1018294787711427,0.6490336980147429,-0.00860289057123198,0.012998515823239298,-0.02160140639447128,0.2853,0.2881,0.2895,0.24117850000000002,0.238624
FRAXUSDT,FRAX,USDT,TRADING,2026-10-01T21:17:34.502249+00:00,800,240,True,True,True,,2026-10-01T20:00:00+00:00,2026-09-30T00:00:00+00:00,0.3055,97136.61297,0.20357142857142851,0.2915,0.3264,0.11972555746140667,0.06219362745098051,1.033034402754194,0.23643967467187382,0.5217391304347826,0.5880467352674734,0.023403543965229145,0.012998515823239298,0.010405028141989847,0.3051,0.3061,0.3085,0.34734000000000004,0.380285
FTTUSDT,FTT,USDT,TRADING,2026-10-01T21:17:34.506787+00:00,800,240,True,True,True,,2026-10-01T20:00:00+00:00,2026-09-30T00:00:00+00:00,0.2558,208692.980576,0.3175429463820927,0.2373,0.2653,0.11799410029498514,0.03279306445533353,0.7670771405548433,0.417960460014902,0.761750732841403,0.5999587019439176,0.025989604158336732,0.012998515823239298,0.012991088335097434,0.2556,0.2566,0.2524,0.2588275,0.264369
FUSDT,F,USDT,TRADING,2026-10-01T21:17:34.511436+00:00,800,240,True,True,True,,2026-10-01T20:00:00+00:00,2026-09-30T00:00:00+00:00,0.003519,258720.784379,0.24552683896620286,0.003366,0.003833,0.13874034462269758,0.0816592747195408,0.47618267143113924,0.3845651944794524,0.32131289138415026,0.21331484283587668,0.0031347962382446415,0.012998515823239298,-0.009863719584994657,0.003521,0.00352,0.003566,0.00419172,0.004378825
FWDIBUSDT,FWDIB,USDT,TRADING,2026-10-01T21:17:34.513797+00:00,33,1,False,False,False,,2026-10-01T20:00:00+00:00,2026-09-30T00:00:00+00:00,7.82,79218.015,,,,,,,,,0.0,,,,7.83,7.82,7.91,,
GALAUSDT,GALA,USDT,TRADING,2026-10-01T21:17:34.517525+00:00,800,240,True,True,True,,2026-10-01T20:00:00+00:00,2026-09-30T00:00:00+00:00,0.002279,1981772.530225,0.44072164948453607,0.00209,0.002376,0.1368421052631581,0.03787878787878798,0.911648987313902,0.6834856869408794,0.7427064057640064,0.5482921030007017,0.07424812030075167,0.012998515823239298,0.061249604477512376,0.0023,0.002286,0.002317,0.00253962,0.00269311
GASUSDT,GAS,USDT,TRADING,2026-10-01T21:17:34.522026+00:00,800,240,True,True,True,,2026-10-01T20:00:00+00:00,2026-09-30T00:00:00+00:00,1.399,299414.0491,0.27134404057480976,1.367,1.526,0.11631309436722748,0.081913499344692,0.6997669032843106,0.08823351176648825,0.5474567383324594,0.14189107595701003,0.0021459227467812703,0.012998515823239298,-0.010852593076458028,1.402,1.401,1.433,1.32771,1.347805
GENIUSUSDT,GENIUS,USDT,TRADING,2026-10-01T21:17:34.526348+00:00,800,132,True,False,False,,2026-10-01T20:00:00+00:00,2026-09-30T00:00:00+00:00,0.3155,581678.38394,0.23416576185305837,0.3003,0.3451,0.14918414918414924,0.08490292668791652,0.9819584138719706,0.1775572542517061,0.29892573563755254,0.20852441901961727,0.012828736369467686,0.012998515823239298,-0.0001697794537716124,0.3169,0.3158,0.3227,,
GIGGLEUSDT,GIGGLE,USDT,TRADING,2026-10-01T21:17:34.530827+00:00,800,240,True,True,True,,2026-10-01T20:00:00+00:00,2026-09-30T00:00:00+00:00,37.0,1652739.04746,0.19629854368932032,35.76,40.26,0.12583892617449655,0.07799304520615997,0.8772815556623541,0.420782012878644,0.3927167722788161,0.5632282985222578,0.007053716766142193,0.012998515823239298,-0.005944799057097105,37.18,37.12,37.8,31.645600000000005,30.66155
GLMRUSDT,GLMR,USDT,TRADING,2026-10-01T21:17:34.535376+00:00,800,240,True,True,True,,2026-10-01T20:00:00+00:00,2026-09-30T00:00:00+00:00,0.009898,7855455.9990471,0.34225299401197606,0.006763,0.0114,0.6856424663610825,0.14973684210526317,0.9804519683704285,0.7020466233331466,0.7884156158758451,0.59784213471811,0.27539473684210525,0.012998515823239298,0.26239622101886595,0.009483,0.009693,0.009478,0.010209134999999998,0.010769195
GLMUSDT,GLM,USDT,TRADING,2026-10-01T21:17:34.539838+00:00,800,240,True,True,True,,2026-10-01T20:00:00+00:00,2026-09-30T00:00:00+00:00,0.1265,80224.18877,0.23786407766990303,0.1216,0.1331,0.09457236842105265,0.0488354620586026,0.92048339181175,0.9910941025355064,2.7941787941787943,0.5915019842468927,0.011182108626198062,0.012998515823239298,-0.0018164071970412365,0.1271,0.1266,0.1266,0.11671749999999999,0.1179925
GLWBUSDT,GLWB,USDT,TRADING,2026-10-01T21:17:34.544022+00:00,800,86,True,False,False,,2026-10-01T20:00:00+00:00,2026-09-30T00:00:00+00:00,160.32,271106.24192,0.11915686836822492,149.48,161.06,0.07746855766657745,0.0045945610331554025,2.852377202174941,0.10189182911412495,0.25953917050691244,0.32779492048421555,0.061862498344151584,0.012998515823239298,0.048863982520912286,160.47,160.32,154.21,,
GMEBUSDT,GMEB,USDT,TRADING,2026-10-01T21:17:34.548092+00:00,800,50,True,False,False,,2026-10-01T20:00:00+00:00,2026-09-30T00:00:00+00:00,24.15,157909.8415,0.2674169346195068,22.96,24.87,0.08318815331010443,0.02814636107760351,1.5391479982489955,0.06710948422767615,0.25381903642773207,0.7083818393480792,0.008343763037129914,0.012998515823239298,-0.004654752786109384,24.13,24.17,24.62,,
GMTUSDT,GMT,USDT,TRADING,2026-10-01T21:17:34.552598+00:00,800,240,True,True,True,,2026-10-01T20:00:00+00:00,2026-09-30T00:00:00+00:00,0.00852,556314.615139,0.2823529411764707,0.00815,0.0092,0.128834355828221,0.07391304347826087,0.8453141741368715,0.5037865197804912,0.61307980409104,0.19064038043797335,0.01670644391408116,0.012998515823239298,0.003707928090841861,0.00854,0.00852,0.00862,0.00886745,0.00918965
GMXUSDT,GMX,USDT,TRADING,2026-10-01T21:17:34.557078+00:00,800,240,True,True,True,,2026-10-01T20:00:00+00:00,2026-09-30T00:00:00+00:00,7.89,269074.0492,0.19096209912536444,7.68,8.61,0.12109375,0.08362369337979092,0.7129179051304811,0.31402493976967366,0.5042846768336965,0.45455230532720703,0.0025412960609909607,0.012998515823239298,-0.010457219762248338,7.91,7.89,7.92,6.6463,6.53175
GNOUSDT,GNO,USDT,TRADING,2026-10-01T21:17:34.561562+00:00,800,240,True,True,True,,2026-10-01T20:00:00+00:00,2026-09-30T00:00:00+00:00,118.73,349289.04392,0.042482486078677884,113.01,125.85,0.11361826387045393,0.05919745729042502,0.9183979059153655,0.8314964270448921,1.940688018979834,0.41796293979454247,-0.012263285225661114,0.012998515823239298,-0.025261801048900412,118.17,118.4,120.07,115.5027,116.58355000000002
GNSUSDT,GNS,USDT,TRADING,2026-10-01T21:17:34.566038+00:00,800,240,True,True,True,,2026-10-01T20:00:00+00:00,2026-09-30T00:00:00+00:00,0.476,318772.55784,0.20304568527918776,0.448,0.645,0.4397321428571428,0.26201550387596906,1.5401921108028143,0.12344170913255535,0.13764152895615928,0.6962920986699969,0.002105263157894832,0.012998515823239298,-0.010893252665344466,0.473,0.476,0.467,0.57273,0.6075050000000001
GOOGLBUSDT,GOOGLB,USDT,TRADING,2026-10-01T21:17:34.570226+00:00,800,86,True,False,False,,2026-10-01T20:00:00+00:00,2026-09-30T00:00:00+00:00,339.3,5995356.71364,0.04695121951219505,336.0,359.9,0.07113095238095224,0.0578494026118366,4.581723901582001,0.3669117529420638,0.8492519124319087,0.8490805800568098,-0.010158804297057511,0.012998515823239298,-0.02315732012029681,338.53,339.08,349.44,,
GPROBUSDT,GPROB,USDT,TRADING,2026-10-01T21:17:34.573320+00:00,369,15,False,False,False,,2026-10-01T20:00:00+00:00,2026-09-30T00:00:00+00:00,1.32,82446.695,,1.25,1.37,0.09600000000000009,0.029197080291970826,1.5012347271139797,0.4214069484060632,0.8218417399352151,0.5156846473029045,0.007575757575757569,0.012998515823239298,-0.005422758247481729,1.33,1.33,1.28,,
GPSUSDT,GPS,USDT,TRADING,2026-10-01T21:17:34.577739+00:00,800,240,True,True,True,,2026-10-01T20:00:00+00:00,2026-09-30T00:00:00+00:00,0.0103,488945.539367,0.2807017543859649,0.0101,0.01261,0.2485148514851485,0.18318794607454397,1.2297772471385966,0.10231451060088446,0.19190145600907643,0.5402314972515546,-0.08281389136242212,0.012998515823239298,-0.09581240718566142,0.01032,0.0103,0.01074,0.0090912,0.0088891
GRAMUSDT,GRAM,USDT,TRADING,2026-10-01T21:17:34.581936+00:00,800,91,True,False,False,,2026-10-01T20:00:00+00:00,2026-09-30T00:00:00+00:00,1.567,10971507.57767,0.21539657853810268,1.46,1.74,0.19178082191780832,0.09999999999999996,0.429958042546141,1.1360447116246815,0.9945575136062159,0.54007369506273,-0.02308172177167811,0.012998515823239298,-0.03608023759491741,1.545,1.566,1.5,,
GRTUSDT,GRT,USDT,TRADING,2026-10-01T21:17:34.586423+00:00,800,240,True,True,True,,2026-10-01T20:00:00+00:00,2026-09-30T00:00:00+00:00,0.0282,1531076.91679,0.7242462311557789,0.02708,0.0367,0.3552437223042837,0.22833787465940059,0.3397033706799002,0.3872537195799007,0.1723613338267341,0.18938648501638364,-0.07147540983606548,0.012998515823239298,-0.08447392565930478,0.02838,0.02832,0.02924,0.02110405,0.021356100000000003
GSBUSDT,GSB,USDT,TRADING,2026-10-01T21:17:34.590576+00:00,800,64,True,False,False,,2026-10-01T20:00:00+00:00,2026-09-30T00:00:00+00:00,896.75,44133.469833,0.015475787704497757,883.0,942.92,0.06785956964892415,0.047724091121197985,1.1503850236783058,0.16958997392606978,0.4698795180722891,0.9601281594873621,-0.021894947822487576,0.012998515823239298,-0.034893463645726874,896.53,897.92,904.53,,
GTCUSDT,GTC,USDT,TRADING,2026-10-01T21:17:34.595180+00:00,800,240,True,True,True,,2026-10-01T20:00:00+00:00,2026-09-30T00:00:00+00:00,0.136,3949911.765362,0.22587719298245634,0.08303,0.126,0.5175237865831626,0.003253968253968204,20.73980929193629,5.097144360183453,4.5144505268114665,0.5210006038727902,0.48486639867580994,0.012998515823239298,0.47186788285257064,0.11932,0.12559,0.09414,0.08416305000000002,0.08457039999999999
GUNUSDT,GUN,USDT,TRADING,2026-10-01T21:17:34.599689+00:00,800,240,True,True,True,,2026-10-01T20:00:00+00:00,2026-09-30T00:00:00+00:00,0.00296,303156.42371,0.26530612244897966,0.00286,0.00321,0.12237762237762229,0.07476635514018697,0.6862967899834596,0.30706521321647795,0.32907588279489103,0.5293387070988299,0.0033783783783782884,0.012998515823239298,-0.00962013744486101,0.00297,0.00297,0.00295,0.0083825,0.01032265
GUSDT,G,USDT,TRADING,2026-10-01T21:17:34.604182+00:00,800,240,True,True,True,,2026-10-01T20:00:00+00:00,2026-09-30T00:00:00+00:00,0.00477,906474.45004,0.5875706214689265,0.00464,0.00569,0.2262931034482758,0.16520210896309312,0.6906236362465409,0.332593796800641,0.3571304153084331,0.4072561637720762,-0.044265593561368166,0.012998515823239298,-0.057264109384607464,0.00478,0.00475,0.00472,0.003745,0.00354105
HAEDALUSDT,HAEDAL,USDT,TRADING,2026-10-01T21:17:34.608672+00:00,800,240,True,True,True,,2026-10-01T20:00:00+00:00,2026-09-30T00:00:00+00:00,0.01948,228248.931383,0.32552404438964255,0.0186,0.02248,0.20860215053763453,0.1330071174377224,3.0492992098940435,1.0362643485964533,0.8632575984653199,0.5177674865970289,-0.03848051307350764,0.012998515823239298,-0.05147902889674694,0.01947,0.01949,0.01969,0.022861850000000003,0.02347975
HBARUSDT,HBAR,USDT,TRADING,2026-10-01T21:17:34.613182+00:00,800,240,True,True,True,,2026-10-01T20:00:00+00:00,2026-09-30T00:00:00+00:00,0.10281,31923521.14294,0.28515842134519187,0.09178,0.13096,0.4268903900631944,0.21357666463042146,0.5673872090115488,0.39310149409749706,0.3075359166491441,0.5683793974691335,-0.16254675557001141,0.012998515823239298,-0.1755452713932507,0.10303,0.10299,0.10476,0.08177165,0.08267160000000001
HEIUSDT,HEI,USDT,TRADING,2026-10-01T21:17:34.617657+00:00,800,240,True,True,True,,2026-10-01T20:00:00+00:00,2026-09-30T00:00:00+00:00,0.1461,7484230.9604,0.5135416666666668,0.1339,0.1663,0.2419716206123974,0.11605532170775713,2.025378582349857,0.7496401316806038,0.8521511936720308,0.39493638780321366,0.04850213980028539,0.012998515823239298,0.035503623977046095,0.1477,0.147,0.1389,0.1062725,0.1004215
HEMIUSDT,HEMI,USDT,TRADING,2026-10-01T21:17:34.622147+00:00,800,240,True,True,True,,2026-10-01T20:00:00+00:00,2026-09-30T00:00:00+00:00,0.00646,2231467.303477,0.10598290598290605,0.00591,0.00664,0.12351945854483914,0.02861445783132531,1.2391943506678114,0.7970869107143387,0.7183228756262464,0.44911056262608473,0.06611570247933884,0.012998515823239298,0.053117186656099546,0.00643,0.00645,0.00636,0.006834950000000001,0.00700035
HIMSBUSDT,HIMSB,USDT,TRADING,2026-10-01T21:17:34.625610+00:00,537,22,False,False,False,,2026-10-01T20:00:00+00:00,2026-09-30T00:00:00+00:00,29.36,56415.6335,,28.35,31.0,0.09347442680776008,0.0545161290322581,2.052026999231035,0.04555136592057463,0.16777883698760723,0.7142857142857143,0.017355085039916673,0.012998515823239298,0.004356569216677375,29.28,29.31,29.95,,
HIVEUSDT,HIVE,USDT,TRADING,2026-10-01T21:17:34.630020+00:00,800,240,True,True,True,,2026-10-01T20:00:00+00:00,2026-09-30T00:00:00+00:00,0.0565,139922.7319,0.3718244803695152,0.0541,0.0605,0.1182994454713493,0.06776859504132231,0.628618427321962,0.1400706095567754,0.3031890309659529,0.23288391661885638,0.018050541516245522,0.012998515823239298,0.0050520256930062235,0.0565,0.0564,0.0567,0.05316100000000001,0.05411049999999999
HMSTRUSDT,HMSTR,USDT,TRADING,2026-10-01T21:17:34.634522+00:00,800,240,True,True,True,,2026-10-01T20:00:00+00:00,2026-09-30T00:00:00+00:00,0.0001694,331884.1859824,0.17748344370860925,0.0001657,0.0001817,0.09656004828002418,0.06549257017061084,0.8652657318349319,1.0229224489313529,0.5681350349938247,0.3442705615869044,0.0,0.012998515823239298,-0.012998515823239298,0.0001699,0.0001698,0.000171,0.00017247,0.0001713505
HOLOUSDT,HOLO,USDT,TRADING,2026-10-01T21:17:34.639003+00:00,800,240,True,True,True,,2026-10-01T20:00:00+00:00,2026-09-30T00:00:00+00:00,0.0645,331253.02481,0.2640449438202248,0.0613,0.0701,0.14355628058727565,0.07845934379457904,0.7083001974281333,0.47978023134328335,0.3242366927857336,0.22325583469732715,0.018927444794952786,0.012998515823239298,0.005928928971713487,0.0648,0.0646,0.0646,0.0653675,0.0650545
HOMEUSDT,HOME,USDT,TRADING,2026-10-01T21:17:34.643526+00:00,800,240,True,True,True,,2026-10-01T20:00:00+00:00,2026-09-30T00:00:00+00:00,0.00588,518852.88049,0.24654832347140054,0.00571,0.00645,0.12959719789842383,0.08682170542635655,0.8673729170548798,0.5464185298498658,0.42491633380114435,0.623713597405083,-0.0033840947546531774,0.012998515823239298,-0.016382610577892476,0.00589,0.00589,0.00597,0.015743300000000002,0.01777775
HOODBUSDT,HOODB,USDT,TRADING,2026-10-01T21:17:34.647663+00:00,800,78,True,False,False,,2026-10-01T20:00:00+00:00,2026-09-30T00:00:00+00:00,111.4,301763.89311,0.17210359826018196,110.82,123.51,0.11451001624255563,0.09804874099263217,1.8371489902989802,1.6326021406683544,0.8667965594259374,0.9378008842312101,-0.03957237692904547,0.012998515823239298,-0.05257089275228477,111.33,111.4,113.1,,
HOTUSDT,HOT,USDT,TRADING,2026-10-01T21:17:34.652155+00:00,800,240,True,True,True,,2026-10-01T20:00:00+00:00,2026-09-30T00:00:00+00:00,0.000443,199354.928998,0.3042253521126759,0.00043,0.000475,0.10465116279069764,0.06526315789473683,0.7996729050059679,0.8723048421023214,0.6556323316728265,0.36589307626818085,0.011389521640091216,0.012998515823239298,-0.0016089941831480825,0.000444,0.000444,0.000449,0.00037743,0.00037597
HPEBUSDT,HPEB,USDT,TRADING,2026-10-01T21:17:34.654484+00:00,33,1,False,False,False,,2026-10-01T20:00:00+00:00,2026-09-30T00:00:00+00:00,64.7,44906.2046,,,,,,,,,0.31552419354838707,,,,64.59,64.78,64.5,,
HUMAUSDT,HUMA,USDT,TRADING,2026-10-01T21:17:34.658217+00:00,800,240,True,True,True,,2026-10-01T20:00:00+00:00,2026-09-30T00:00:00+00:00,0.03374,2671783.757,0.41817293600390837,0.02572,0.03466,0.34758942457231745,0.03173687247547616,1.4935349031900822,0.1102927094284659,0.29252487850034714,0.529304617407692,0.178370786516854,0.012998515823239298,0.1653722706936147,0.03354,0.03356,0.03234,0.0216291,0.02055295
HYPERUSDT,HYPER,USDT,TRADING,2026-10-01T21:17:34.662686+00:00,800,240,True,True,True,,2026-10-01T20:00:00+00:00,2026-09-30T00:00:00+00:00,0.0715,612374.61735,0.17295597484276715,0.0704,0.0777,0.10369318181818188,0.07722007722007729,1.10680963120464,0.46803437150346544,0.20237203987548763,0.6590860253796,-0.012396694214875992,0.012998515823239298,-0.02539521003811529,0.0718,0.0717,0.0725,0.08180399999999999,0.0837195
HYPEUSDT,HYPE,USDT,TRADING,2026-10-01T21:17:34.665398+00:00,178,7,False,False,False,,2026-10-01T20:00:00+00:00,2026-09-30T00:00:00+00:00,87.27,43600472.84539,,84.64,93.91,0.10952268431001877,0.06729847726546687,1.9699639767638977,0.36559116753072207,0.3400218044512989,0.5780171340948188,-0.005450210060179317,0.012998515823239298,-0.018448725883418615,87.74,87.59,90.97,,
IBMBUSDT,IBMB,USDT,TRADING,2026-10-01T21:17:34.669510+00:00,800,78,True,False,False,,2026-10-01T20:00:00+00:00,2026-09-30T00:00:00+00:00,226.08,289270.88616,0.0032412751975845477,218.65,234.52,0.07258175165790082,0.03564727954971863,4.365906494721921,0.17864573812345566,0.17054394721258775,0.4212656364974246,0.023626323888838563,0.012998515823239298,0.010627808065599265,225.55,226.16,220.33,,
ICPUSDT,ICP,USDT,TRADING,2026-10-01T21:17:34.674048+00:00,800,240,True,True,True,,2026-10-01T20:00:00+00:00,2026-09-30T00:00:00+00:00,3.262,8536158.83741,0.3120833333333335,2.9,3.558,0.22689655172413792,0.08150646430578978,1.199456489458869,0.3763328099967913,0.3862422083704363,0.5139253733345476,0.07570770243581304,0.012998515823239298,0.06270918661257374,3.273,3.268,3.337,2.473025,2.424845
IDUSDT,ID,USDT,TRADING,2026-10-01T21:17:34.678560+00:00,800,240,True,True,True,,2026-10-01T20:00:00+00:00,2026-09-30T00:00:00+00:00,0.0365,337196.9314,0.275974025974026,0.0357,0.0404,0.13165266106442575,0.09900990099009893,0.868529972050694,0.8211531636749302,0.8083684187681757,0.7449886597759656,-0.02933333333333321,0.012998515823239298,-0.04233184915657251,0.0363,0.0364,0.0373,0.0327035,0.033362
ILVUSDT,ILV,USDT,TRADING,2026-10-01T21:17:34.683083+00:00,800,240,True,True,True,,2026-10-01T20:00:00+00:00,2026-09-30T00:00:00+00:00,3.92,461690.57918,0.33444816053511706,3.68,4.14,0.12499999999999978,0.05314009661835743,1.0128395211547279,0.7185965307264639,0.7895355212657632,0.5137774891751975,0.05093833780160861,0.012998515823239298,0.037939821978369315,3.91,3.92,3.9,3.6353500000000003,3.6414999999999997
IMXUSDT,IMX,USDT,TRADING,2026-10-01T21:17:34.687700+00:00,800,240,True,True,True,,2026-10-01T20:00:00+00:00,2026-09-30T00:00:00+00:00,0.1698,585093.771239,0.431321084864392,0.162,0.1956,0.20740740740740726,0.12832310838445798,0.3839262258045956,1.6124313495281413,2.4246266789021442,0.17394450122773017,-0.0075669383003492685,0.012998515823239298,-0.020565454123588567,0.1729,0.1705,0.167,0.142807,0.1444405
INITUSDT,INIT,USDT,TRADING,2026-10-01T21:17:34.692195+00:00,800,240,True,True,True,,2026-10-01T20:00:00+00:00,2026-09-30T00:00:00+00:00,0.10538,805406.328078,0.6377649325626205,0.08464,0.11659,0.3774810964083175,0.09992280641564451,3.239667715483131,1.0526865723077004,1.1316178343949044,0.46143757599685037,0.17251396648044715,0.012998515823239298,0.15951545065720785,0.10425,0.10494,0.10378,0.0702242,0.0702843
INJUSDT,INJ,USDT,TRADING,2026-10-01T21:17:34.696696+00:00,800,240,True,True,True,,2026-10-01T20:00:00+00:00,2026-09-30T00:00:00+00:00,7.358,9058122.9487,0.6254834550923938,7.169,7.941,0.10768586971683636,0.06762372497166604,1.079320235792365,0.2677071536274654,0.35589238525679195,0.5422266682289872,0.010371179039301293,0.012998515823239298,-0.0026273367839380057,7.403,7.404,7.413,4.750865,4.35205
INTCBUSDT,INTCB,USDT,TRADING,2026-10-01T21:17:34.700896+00:00,800,100,True,False,False,,2026-10-01T20:00:00+00:00,2026-09-30T00:00:00+00:00,119.77,2791421.02444,0.40391438708938976,113.89,126.94,0.11458424795855637,0.05538049472191588,1.7914228703372506,0.22475402075322423,0.13287388803183436,0.7298531634186654,0.0341526520051747,0.012998515823239298,0.0211541361819354,120.05,119.91,120.53,,
INTWBUSDT,INTWB,USDT,TRADING,2026-10-01T21:17:34.705008+00:00,800,71,True,False,False,,2026-10-01T20:00:00+00:00,2026-09-30T00:00:00+00:00,31.06,258238.657,0.8762827822120867,28.18,36.3,0.2881476224272532,0.14187327823691456,0.484243094746028,0.1946810110163349,0.5603112840466926,0.3915529324972335,0.0656859391036606,0.012998515823239298,0.05268742328042131,31.2,31.15,31.49,,
IOSTUSDT,IOST,USDT,TRADING,2026-10-01T21:17:34.709494+00:00,800,240,True,True,True,,2026-10-01T20:00:00+00:00,2026-09-30T00:00:00+00:00,0.000874,583250.703182,0.7084048027444254,0.000859,0.001026,0.19441210710128054,0.1500974658869395,0.5863204254078418,0.4313904950554058,0.3417123417123417,0.8821734744542831,-0.03646408839779003,0.012998515823239298,-0.04946260422102933,0.000869,0.000872,0.000898,0.0008723550000000001,0.000900435
IOTAUSDT,IOTA,USDT,TRADING,2026-10-01T21:17:34.713958+00:00,800,240,True,True,True,,2026-10-01T20:00:00+00:00,2026-09-30T00:00:00+00:00,0.0551,2530125.4894,0.35215053763440873,0.0491,0.0571,0.1629327902240325,0.0367775831873905,0.41526601488316023,1.2782249199327846,1.2120756984079302,0.5418528302494752,-0.019607843137254832,0.012998515823239298,-0.03260635896049413,0.0547,0.055,0.0538,0.047496000000000003,0.0494125
IOTXUSDT,IOTX,USDT,TRADING,2026-10-01T21:17:34.718491+00:00,800,240,True,True,True,,2026-10-01T20:00:00+00:00,2026-09-30T00:00:00+00:00,0.003508,188249.324241,0.3176948651643885,0.003243,0.003686,0.13660191181005255,0.04720564297341294,0.6878413052047931,0.35888958899484613,0.2627052384675528,0.8139470248262144,0.06392002423508014,0.012998515823239298,0.05092150841184084,0.00351,0.003512,0.003479,0.003591705,0.00376351
IOUSDT,IO,USDT,TRADING,2026-10-01T21:17:34.722963+00:00,800,240,True,True,True,,2026-10-01T20:00:00+00:00,2026-09-30T00:00:00+00:00,0.1568,1341173.225279,0.43201376936316693,0.152,0.1736,0.14210526315789473,0.09043778801843314,0.8902877414399702,0.23970866554608244,0.31903973974254707,0.5348940376894709,0.010883482714468595,0.012998515823239298,-0.002115033108770703,0.1584,0.1579,0.1632,0.139916,0.136263
IQUSDT,IQ,USDT,TRADING,2026-10-01T21:17:34.727483+00:00,800,240,True,True,True,,2026-10-01T20:00:00+00:00,2026-09-30T00:00:00+00:00,0.000906,41105.492625,0.39212827988338206,0.000891,0.000986,0.1066217732884398,0.0831643002028397,0.6011928706418592,0.44700097437789166,0.6658795749704841,0.5856564387421949,-0.03315508021390379,0.012998515823239298,-0.046153596037143085,0.000902,0.000904,0.000912,0.000892335,0.0009166700000000001
IRENBUSDT,IRENB,USDT,TRADING,2026-10-01T21:17:34.731584+00:00,800,57,True,False,False,,2026-10-01T20:00:00+00:00,2026-09-30T00:00:00+00:00,40.79,291552.9898,0.2304676561187342,39.38,44.6,0.13255459624174715,0.08632286995515698,2.014196444636916,1.0928490316068387,1.6532791052364006,0.4393644196215959,-0.02301606329417405,0.012998515823239298,-0.03601457911741335,40.68,40.75,41.19,,
JASMYUSDT,JASMY,USDT,TRADING,2026-10-01T21:17:34.736100+00:00,800,240,True,True,True,,2026-10-01T20:00:00+00:00,2026-09-30T00:00:00+00:00,0.0056,8925711.79182,0.31355932203389814,0.00461,0.00624,0.3535791757049891,0.09615384615384613,1.0708200576694735,0.34631530042999636,0.23129206591293391,0.4605359219286504,0.09727626459143979,0.012998515823239298,0.08427774876820049,0.00559,0.00564,0.00508,0.00493095,0.00506095
JOEUSDT,JOE,USDT,TRADING,2026-10-01T21:17:34.740585+00:00,800,240,True,True,True,,2026-10-01T20:00:00+00:00,2026-09-30T00:00:00+00:00,0.0381,289270.609882,0.4831460674157304,0.0339,0.0422,0.2448377581120944,0.09478672985781998,0.7166580970162091,0.23617410495490873,0.3091354567728386,0.8395010420488195,0.046575342465753344,0.012998515823239298,0.033576826642514046,0.0383,0.0382,0.0384,0.0353965,0.035793
JSTUSDT,JST,USDT,TRADING,2026-10-01T21:17:34.745067+00:00,800,240,True,True,True,,2026-10-01T20:00:00+00:00,2026-09-30T00:00:00+00:00,0.13314,4800694.212485,0.22386125784909794,0.12251,0.13471,0.09958370745245282,0.011506198500482488,1.2242530583699678,0.4076030759876617,1.456483717831265,0.40491624640897445,0.03893266755090896,0.012998515823239298,0.025934151727669663,0.13315,0.13316,0.13321,0.09057309999999999,0.0837285
JTOUSDT,JTO,USDT,TRADING,2026-10-01T21:17:34.749615+00:00,800,240,True,True,True,,2026-10-01T20:00:00+00:00,2026-09-30T00:00:00+00:00,0.5388,2348077.96122,0.5127291242362524,0.521,0.647,0.24184261036468335,0.1639876352395672,0.676243442138333,0.16694445688885526,0.16339915876523844,0.5484662097865992,-0.03993610223642163,0.012998515823239298,-0.05293461805966093,0.5431,0.5409,0.5301,0.4959615,0.47379649999999995
JUVUSDT,JUV,USDT,TRADING,2026-10-01T21:17:34.754072+00:00,800,240,True,True,True,,2026-10-01T20:00:00+00:00,2026-09-30T00:00:00+00:00,0.323,624644.7522,0.13928571428571423,0.315,0.391,0.2412698412698413,0.17135549872122763,0.2637773535753418,0.5844033813234151,0.7362802508161891,0.5174024191735762,0.012499999999999956,0.012998515823239298,-0.0004985158232393427,0.323,0.324,0.32,0.39012500000000006,0.41843
KAIAUSDT,KAIA,USDT,TRADING,2026-10-01T21:17:34.758578+00:00,800,240,True,True,True,,2026-10-01T20:00:00+00:00,2026-09-30T00:00:00+00:00,0.0373,1995476.36532,0.328301886792453,0.0327,0.0389,0.18960244648318025,0.04370179948586119,1.4259178678477475,0.33467408157020373,0.20389195469067672,0.619155351919304,0.1071428571428572,0.012998515823239298,0.09414434131961791,0.0374,0.0372,0.0345,0.0386045,0.0408655
KAITOUSDT,KAITO,USDT,TRADING,2026-10-01T21:17:34.763173+00:00,800,240,True,True,True,,2026-10-01T20:00:00+00:00,2026-09-30T00:00:00+00:00,0.3424,1902185.41817,0.27168458781362004,0.3181,0.3659,0.15026721156868916,0.06395189942607263,1.0896208128958165,0.523460639127046,0.4603236364468655,0.47173734575656007,0.03007518796992481,0.012998515823239298,0.017076672146685512,0.3429,0.3425,0.3501,0.504019,0.5055225
KATUSDT,KAT,USDT,TRADING,2026-10-01T21:17:34.767567+00:00,800,197,True,False,False,,2026-10-01T20:00:00+00:00,2026-09-30T00:00:00+00:00,0.00491,640309.56058,0.2623762376237624,0.0047,0.00528,0.12340425531914878,0.06628787878787872,1.1230962941877245,0.10913099180696288,0.1618785910567075,0.0196986397334096,0.010245901639344357,0.012998515823239298,-0.0027526141838949414,0.00493,0.00493,0.00505,0.00680751269035533,
KAVAUSDT,KAVA,USDT,TRADING,2026-10-01T21:17:34.772034+00:00,800,240,True,True,True,,2026-10-01T20:00:00+00:00,2026-09-30T00:00:00+00:00,0.06886,345517.048801,0.4775183744055338,0.06714,0.07023,0.04602323503127792,0.02007689021785554,0.5969003900158724,0.15279802096201867,0.15084230590902067,0.29382049867545806,0.005993275836866152,0.012998515823239298,-0.007005239986373146,0.06866,0.06882,0.06866,0.052465200000000003,0.05131085
KERNELUSDT,KERNEL,USDT,TRADING,2026-10-01T21:17:34.776937+00:00,800,240,True,True,True,,2026-10-01T20:00:00+00:00,2026-09-30T00:00:00+00:00,0.0537,565038.01381,0.48618784530386727,0.0497,0.0574,0.15492957746478875,0.0609756097560975,1.4108401972863103,0.21907260601149922,0.25089958713685084,0.39789296869492186,0.05686274509803946,0.012998515823239298,0.04386422927480016,0.054,0.0539,0.0554,0.054961,0.058574
KGSTUSDT,KGST,USDT,TRADING,2026-10-01T21:17:34.781442+00:00,800,240,True,True,True,,2026-10-01T20:00:00+00:00,2026-09-30T00:00:00+00:00,0.011306,42929.526651,0.006756156102764699,0.011223,0.01138,0.013989129466274619,0.006502636203866381,1.6622461139004228,0.4908561591735636,1.949634443541836,0.42086508097459224,-0.0022943875750087717,0.012998515823239298,-0.01529290339824807,0.011307,0.011306,0.011306,0.011416095,0.01141791
KITEUSDT,KITE,USDT,TRADING,2026-10-01T21:17:34.785902+00:00,800,240,True,True,True,,2026-10-01T20:00:00+00:00,2026-09-30T00:00:00+00:00,0.1499,4214467.14794,0.5015447991761071,0.1326,0.1594,0.2021116138763197,0.05520702634880788,0.7956966133006786,1.0121317146660587,1.0687539117860765,0.4597301640888378,0.08893709327548804,0.012998515823239298,0.07593857745224875,0.1511,0.1506,0.1418,0.14652099999999998,0.1596655
KMNOUSDT,KMNO,USDT,TRADING,2026-10-01T21:17:34.790399+00:00,800,240,True,True,True,,2026-10-01T20:00:00+00:00,2026-09-30T00:00:00+00:00,0.04064,1399799.44397,1.1529513140887548,0.04031,0.05186,0.28652939717191783,0.2119166988044737,0.600171557972524,0.24240685267947157,0.30254749190230235,0.5269088264829115,-0.04709722546048034,0.012998515823239298,-0.06009574128371964,0.04115,0.04087,0.04313,0.021421750000000003,0.0201705
KNCUSDT,KNC,USDT,TRADING,2026-10-01T21:17:34.794895+00:00,800,240,True,True,True,,2026-10-01T20:00:00+00:00,2026-09-30T00:00:00+00:00,0.1368,150056.70772,0.3077617328519857,0.1346,0.1505,0.11812778603268947,0.08970099667774076,0.9192998728379587,0.47779788433213277,0.3495145631067961,0.5957187432461639,-0.007965242577842035,0.012998515823239298,-0.020963758401081334,0.1367,0.137,0.1378,0.1270395,0.1263155
KORUBUSDT,KORUB,USDT,TRADING,2026-10-01T21:17:34.799035+00:00,800,71,True,False,False,,2026-10-01T20:00:00+00:00,2026-09-30T00:00:00+00:00,20.88,2604764.8947,0.19932622122403143,19.31,21.96,0.13723459347488354,0.046903460837887115,2.0065866677275057,0.05952069145475232,0.3580047505938242,0.41189177213437095,0.02447381302006857,0.012998515823239298,0.01147529719682927,21.07,20.93,20.29,,
KSMUSDT,KSM,USDT,TRADING,2026-10-01T21:17:34.803508+00:00,800,240,True,True,True,,2026-10-01T20:00:00+00:00,2026-09-30T00:00:00+00:00,5.09,1220248.70845,0.3467048710601719,4.46,5.4,0.2107623318385652,0.053703703703703705,4.296760409602612,0.12409680314595749,0.3323419543648433,0.43515878679166226,0.1206140350877194,0.012998515823239298,0.1076155192644801,5.11,5.11,5.18,3.9891999999999994,4.01915
LAUSDT,LA,USDT,TRADING,2026-10-01T21:17:34.807997+00:00,800,240,True,True,True,,2026-10-01T20:00:00+00:00,2026-09-30T00:00:00+00:00,0.0698,1502152.17742,0.31095406360424027,0.0652,0.0753,0.1549079754601228,0.07038512616201857,1.0779446172082374,2.6086387185310653,0.7478496077901,0.7743712284675259,0.04166666666666674,0.012998515823239298,0.028668150843427442,0.0698,0.07,0.0689,0.101028,0.1167835
LAYERUSDT,LAYER,USDT,TRADING,2026-10-01T21:17:34.812475+00:00,800,240,True,True,True,,2026-10-01T20:00:00+00:00,2026-09-30T00:00:00+00:00,0.0764,418782.293904,0.2461059190031154,0.0752,0.0885,0.1768617021276595,0.13446327683615814,0.7255921070355807,0.32509708751878386,0.7195296361036072,0.35415733208982186,-0.03768844221105527,0.012998515823239298,-0.05068695803429457,0.0764,0.0766,0.0782,0.074966,0.076015
LAZIOUSDT,LAZIO,USDT,TRADING,2026-10-01T21:17:34.816924+00:00,800,240,True,True,True,,2026-10-01T20:00:00+00:00,2026-09-30T00:00:00+00:00,0.402,180180.43966,0.15517241379310365,0.394,0.44,0.11675126903553301,0.07954545454545449,0.6292777001494945,1.1442957476382263,0.9371949235274976,0.5276384257440649,0.00746268656716409,0.012998515823239298,-0.005535829256075209,0.406,0.405,0.409,0.488855,0.522645
LDOUSDT,LDO,USDT,TRADING,2026-10-01T21:17:34.821394+00:00,800,240,True,True,True,,2026-10-01T20:00:00+00:00,2026-09-30T00:00:00+00:00,0.4359,5509151.757276,0.4507645259938837,0.4271,0.5041,0.18028564738937014,0.12775243007339815,1.2218021131888248,0.16908284234315255,0.2714557911379576,0.4891961755658388,-0.011021142600090017,0.012998515823239298,-0.024019658423329315,0.4442,0.4397,0.4578,0.339395,0.32819849999999995
LINEAUSDT,LINEA,USDT,TRADING,2026-10-01T21:17:34.825872+00:00,800,240,True,True,True,,2026-10-01T20:00:00+00:00,2026-09-30T00:00:00+00:00,0.002842,1045859.010475,0.2039117769454848,0.002795,0.003129,0.11949910554561693,0.08724832214765095,0.544412424925787,0.7901769095125819,0.38519769973033563,0.228202771743944,-0.030878859857482177,0.012998515823239298,-0.043877375680721475,0.002844,0.002856,0.00292,0.002835665,0.002877185
LINKUSDT,LINK,USDT,TRADING,2026-10-01T21:17:34.830420+00:00,800,240,True,True,True,,2026-10-01T20:00:00+00:00,2026-09-30T00:00:00+00:00,14.394,34714182.92841,0.3153433173212772,13.476,15.777,0.170747996438112,0.08797616783925968,0.6577789888302923,0.5531884212322149,0.5538476115919599,0.49835836284833196,-0.06193363322250478,0.012998515823239298,-0.07493214904574408,14.449,14.389,14.366,9.471815,9.086435
LISTAUSDT,LISTA,USDT,TRADING,2026-10-01T21:17:34.834897+00:00,800,240,True,True,True,,2026-10-01T20:00:00+00:00,2026-09-30T00:00:00+00:00,0.0854,136959.51254,0.2954545454545454,0.0805,0.092,0.1428571428571428,0.07173913043478256,0.763894395763941,0.4308920596932495,0.5003822364306068,0.7378683190391067,0.044009779951100336,0.012998515823239298,0.031011264127861038,0.0853,0.0854,0.0888,0.0695205,0.0699635
LITEBUSDT,LITEB,USDT,TRADING,2026-10-01T21:17:34.839068+00:00,800,93,True,False,False,,2026-10-01T20:00:00+00:00,2026-09-30T00:00:00+00:00,1042.09,1152868.04735,0.14664731211651771,882.1,1076.0,0.21981634735290778,0.030446096654275084,1.6509280625946767,0.0702367621180611,0.1768682623789512,0.357704133925521,0.13759186967046877,0.012998515823239298,0.12459335384722947,1044.8,1043.24,972.41,,
LPTUSDT,LPT,USDT,TRADING,2026-10-01T21:17:34.843542+00:00,800,240,True,True,True,,2026-10-01T20:00:00+00:00,2026-09-30T00:00:00+00:00,1.715,763869.01642,0.34921875000000013,1.631,1.845,0.13120784794604545,0.06612466124661241,0.7622511816392725,0.552629877524032,0.32244887915549103,0.44806127130307716,0.031736526946107846,0.012998515823239298,0.018738011122868548,1.718,1.723,1.781,1.76316,1.8342349999999998
LQTYUSDT,LQTY,USDT,TRADING,2026-10-01T21:17:34.848019+00:00,800,240,True,True,True,,2026-10-01T20:00:00+00:00,2026-09-30T00:00:00+00:00,0.2366,341958.36875,0.16414141414141414,0.2281,0.259,0.13546690048224463,0.08648648648648649,0.6496891976228643,0.3370972801425822,0.2780957699288008,0.8267206930278049,0.012842465753424737,0.012998515823239298,-0.0001560500698145617,0.2355,0.2366,0.2373,0.2352105,0.2409065
LSKUSDT,LSK,USDT,TRADING,2026-10-01T21:17:34.852508+00:00,800,240,True,True,True,,2026-10-01T20:00:00+00:00,2026-09-30T00:00:00+00:00,0.2942,3821014.49976,2.6697247706422016,0.2715,0.3771,0.38895027624309386,0.22673031026252974,0.7427286505650593,0.4322625090113311,0.37465142014016967,0.32223229520972646,-0.044560943643512485,0.012998515823239298,-0.05755945946675178,0.2909,0.2916,0.2857,0.131912,0.1075485
LTCUSDT,LTC,USDT,TRADING,2026-10-01T21:17:34.857091+00:00,800,240,True,True,True,,2026-10-01T20:00:00+00:00,2026-09-30T00:00:00+00:00,68.51,23740258.21915,0.4731958762886599,65.63,72.74,0.10833460307786069,0.058564751168545384,0.8420468618544477,1.9976751436311517,1.470762141514582,0.5558963273109935,-0.008254887762490837,0.012998515823239298,-0.021253403585730135,68.16,68.48,67.25,51.12365,50.4308
LUMIAUSDT,LUMIA,USDT,TRADING,2026-10-01T21:17:34.861608+00:00,800,240,True,True,True,,2026-10-01T20:00:00+00:00,2026-09-30T00:00:00+00:00,0.0857,217480.845966,0.3102453102453102,0.0825,0.0953,0.15515151515151504,0.10073452256033576,1.3771815614964544,0.7448031737203404,0.8074303405572756,0.5527863845851472,0.00942285041224955,0.012998515823239298,-0.003575665410989748,0.0861,0.0857,0.085,0.09434749999999999,0.09251250000000001
LUNAUSDT,LUNA,USDT,TRADING,2026-10-01T21:17:34.866045+00:00,800,240,True,True,True,,2026-10-01T20:00:00+00:00,2026-09-30T00:00:00+00:00,0.0515,498922.314216,0.23943661971830998,0.049,0.0546,0.11428571428571432,0.05494505494505499,0.6028544339762297,1.9480683926830011,1.2699486559951676,0.749224743047556,0.0217821782178218,0.012998515823239298,0.008783662394582503,0.0514,0.0516,0.051,0.053118500000000006,0.054450000000000005
LUNCUSDT,LUNC,USDT,TRADING,2026-10-01T21:17:34.870574+00:00,800,240,True,True,True,,2026-10-01T20:00:00+00:00,2026-09-30T00:00:00+00:00,5.284e-05,1230774.16959898,0.1735590314977502,5.181e-05,5.73e-05,0.10596409959467268,0.07801047120418841,0.7353239383646792,0.20765811866579553,0.3619398081219608,0.5543130722334567,-0.0047098718914845294,0.012998515823239298,-0.017708387714723828,5.276e-05,5.283e-05,5.296e-05,5.8439e-05,5.7272400000000004e-05
MAGICUSDT,MAGIC,USDT,TRADING,2026-10-01T21:17:34.875024+00:00,800,240,True,True,True,,2026-10-01T20:00:00+00:00,2026-09-30T00:00:00+00:00,0.0553,2849110.78197,0.2555282555282554,0.0502,0.0644,0.2828685258964143,0.13975155279503107,0.46029535197955296,3.2876218729817497,4.974283585395816,0.6513771910535979,0.06743737957610785,0.012998515823239298,0.05443886375286855,0.0563,0.0554,0.053,0.051785,0.053255500000000004
MANAUSDT,MANA,USDT,TRADING,2026-10-01T21:17:34.879511+00:00,800,240,True,True,True,,2026-10-01T20:00:00+00:00,2026-09-30T00:00:00+00:00,0.0892,389551.6213,0.29555236728837886,0.0867,0.0931,0.07381776239907722,0.03866809881847482,1.0566528792107068,1.2848229560067357,0.8824058347487261,0.576955817796398,0.004489337822671136,0.012998515823239298,-0.008509178000568163,0.0893,0.0895,0.0899,0.0786385,0.0798
MANTAUSDT,MANTA,USDT,TRADING,2026-10-01T21:17:34.884014+00:00,800,240,True,True,True,,2026-10-01T20:00:00+00:00,2026-09-30T00:00:00+00:00,0.06773,148393.439435,0.2783354626756709,0.06538,0.07258,0.11012542061792607,0.06558280518049049,0.7293171500853397,0.2877241507403046,0.3931881871092908,0.8531866529668047,0.013903423531170578,0.012998515823239298,0.0009049077079312795,0.06771,0.06782,0.0683,0.06706435,0.0670328
MANTRAUSDT,MANTRA,USDT,TRADING,2026-10-01T21:17:34.888431+00:00,800,211,True,True,True,,2026-10-01T20:00:00+00:00,2026-09-30T00:00:00+00:00,0.00441,443071.69473,0.28494623655913975,0.00433,0.00488,0.12702078521939963,0.09221311475409834,0.6918780598079386,1.4636459268672377,1.2111137497031583,0.5385665276979381,-0.0067264573991032695,0.012998515823239298,-0.019724973222342568,0.00442,0.00443,0.00444,0.00772125,0.008677591623036648
MARSCOINUSDT,MARSCOIN,USDT,TRADING,2026-10-01T21:17:34.892179+00:00,656,27,False,False,False,,2026-10-01T20:00:00+00:00,2026-09-30T00:00:00+00:00,0.1278,13540452.29468,,0.115,0.1691,0.47043478260869565,0.24246008279124784,0.5242091821039234,0.25644643955510565,0.3444971487713942,0.47338958880405874,-0.187698161065314,0.012998515823239298,-0.2006966768885533,0.1293,0.1281,0.1371,,
MASKUSDT,MASK,USDT,TRADING,2026-10-01T21:17:34.896558+00:00,800,240,True,True,True,,2026-10-01T20:00:00+00:00,2026-09-30T00:00:00+00:00,0.463,310071.3478,0.14563106796116498,0.442,0.493,0.11538461538461542,0.05882352941176465,0.7300212284356309,0.28443158726867096,0.9204571603896601,0.5018739509323767,0.01089324618736387,0.012998515823239298,-0.0021052696358754286,0.465,0.464,0.463,0.42867,0.42604
MAVUSDT,MAV,USDT,TRADING,2026-10-01T21:17:34.901003+00:00,800,240,True,True,True,,2026-10-01T20:00:00+00:00,2026-09-30T00:00:00+00:00,0.01149,233344.55403,0.2934443288241415,0.01128,0.01311,0.1622340425531914,0.12280701754385967,0.915524239432012,0.34685957596837985,0.5504106653969766,0.5757811492672025,-0.04801324503311266,0.012998515823239298,-0.06101176085635196,0.01148,0.0115,0.01158,0.011815200000000001,0.0120932
MBLUSDT,MBL,USDT,TRADING,2026-10-01T21:17:34.905477+00:00,800,240,True,True,True,,2026-10-01T20:00:00+00:00,2026-09-30T00:00:00+00:00,0.000818,616936.706119,0.29249617151607965,0.000795,0.000891,0.12075471698113205,0.07631874298540968,2.3755684584954335,1.0320763214474038,1.051531924846028,0.5416332590783894,-0.0012135922330097637,0.012998515823239298,-0.014212108056249062,0.000819,0.000823,0.000819,0.00079443,0.000805835
MEGAUSDT,MEGA,USDT,TRADING,2026-10-01T21:17:34.909781+00:00,800,154,True,False,False,,2026-10-01T20:00:00+00:00,2026-09-30T00:00:00+00:00,0.05114,15253085.95487,0.32615200478755235,0.04047,0.0557,0.3763281443044231,0.08653500897666065,3.552508682079023,2.6856198261059827,3.04493277373599,0.41108317150307705,0.21114020471316364,0.012998515823239298,0.19814168888992434,0.05169,0.05088,0.0418,,
MEMEUSDT,MEME,USDT,TRADING,2026-10-01T21:17:34.914238+00:00,800,240,True,True,True,,2026-10-01T20:00:00+00:00,2026-09-30T00:00:00+00:00,0.000582,503472.004785,0.2753036437246965,0.000576,0.000647,0.12326388888888884,0.09891808346213297,0.8792563519994157,2.866000260205538,3.192580410342132,0.2741257549139788,-0.01353637901861271,0.012998515823239298,-0.026534894841852008,0.000591,0.000583,0.000596,0.00054926,0.000551845
METABUSDT,METAB,USDT,TRADING,2026-10-01T21:17:34.918463+00:00,800,93,True,False,False,,2026-10-01T20:00:00+00:00,2026-09-30T00:00:00+00:00,725.29,192369.69888,0.3011737661523457,710.7,753.31,0.05995497396932592,0.03762063426743296,0.6741556048639866,0.09959738281153342,0.33798782670963123,0.25156161272004546,0.01258450192748195,0.012998515823239298,-0.00041401389575734804,726.18,724.97,727.05,,
METISUSDT,METIS,USDT,TRADING,2026-10-01T21:17:34.922890+00:00,800,240,True,True,True,,2026-10-01T20:00:00+00:00,2026-09-30T00:00:00+00:00,3.33,565343.35253,0.29389312977099236,3.21,3.8,0.1838006230529594,0.12368421052631573,0.5504050209427576,0.45396443539509496,0.35647014894411483,0.6089871954124509,-0.037572254335260125,0.012998515823239298,-0.05057077015849942,3.33,3.33,3.33,3.01985,3.0183000000000004
METUSDT,MET,USDT,TRADING,2026-10-01T21:17:34.927539+00:00,800,240,True,True,True,,2026-10-01T20:00:00+00:00,2026-09-30T00:00:00+00:00,0.3001,1997418.51268,0.9388429752066116,0.2937,0.3842,0.30813755532856635,0.21603331598125966,0.6813850775443101,0.8828961549768414,0.8168336322673783,0.5539933737888949,-0.07777097366809549,0.012998515823239298,-0.09076948949133479,0.2996,0.3012,0.3167,0.169346,0.158309
MEUSDT,ME,USDT,TRADING,2026-10-01T21:17:34.932031+00:00,800,240,True,True,True,,2026-10-01T20:00:00+00:00,2026-09-30T00:00:00+00:00,0.07553,254417.071871,0.31904521768364424,0.07232,0.08121,0.1229258849557524,0.0676025120059107,0.8322511887630043,0.29773399728750094,0.8151599875737807,0.5039852681975218,0.020897937171363123,0.012998515823239298,0.007899421348123825,0.07586,0.07572,0.0761,0.08019795,0.08465199999999999
MINAUSDT,MINA,USDT,TRADING,2026-10-01T21:17:34.936534+00:00,800,240,True,True,True,,2026-10-01T20:00:00+00:00,2026-09-30T00:00:00+00:00,0.1499,1439542.19405,1.0656934306569341,0.139,0.1582,0.13812949640287764,0.03729456384323651,0.8968579426813668,1.7866417973924222,1.8140840051668077,0.5021265690590518,0.0339443312966734,0.012998515823239298,0.020945815473434104,0.1521,0.1523,0.1447,0.0598065,0.053366000000000004
MIRAUSDT,MIRA,USDT,TRADING,2026-10-01T21:17:34.940995+00:00,800,240,True,True,True,,2026-10-01T20:00:00+00:00,2026-09-30T00:00:00+00:00,0.05083,726097.438508,0.30354609929078036,0.04946,0.05593,0.1308127780024262,0.08939746111210436,1.7338174416300964,0.3515098151546932,0.43294409745121615,0.45588264662247,-0.0037167449139279274,0.012998515823239298,-0.016715260737167226,0.05112,0.05093,0.05218,0.0604085,0.06395909999999999
MITOUSDT,MITO,USDT,TRADING,2026-10-01T21:17:34.945483+00:00,800,240,True,True,True,,2026-10-01T20:00:00+00:00,2026-09-30T00:00:00+00:00,0.01609,1230385.728604,0.40265486725663724,0.01471,0.01639,0.11420802175390876,0.025625381330079123,0.9636692808662704,4.986720310742472,4.49190979340798,0.5470156771260759,0.056915949702184054,0.012998515823239298,0.043917433878944756,0.01559,0.01597,0.01542,0.029739299999999996,0.0320634
MMTUSDT,MMT,USDT,TRADING,2026-10-01T21:17:34.950026+00:00,800,240,True,True,True,,2026-10-01T20:00:00+00:00,2026-09-30T00:00:00+00:00,0.1878,894254.77766,0.36680161943319844,0.1668,0.1929,0.1564748201438848,0.0233281493001554,0.5049565194875374,0.464488917847206,0.4812260536398467,0.6047633787386038,0.05133928571428581,0.012998515823239298,0.03834076989104651,0.1877,0.1884,0.19,0.1489655,0.14468899999999998
MORPHOUSDT,MORPHO,USDT,TRADING,2026-10-01T21:17:34.954511+00:00,800,240,True,True,True,,2026-10-01T20:00:00+00:00,2026-09-30T00:00:00+00:00,2.51,4241620.88682,0.31179637787567294,2.414,2.792,0.15658657829328892,0.10028653295128934,1.0633133613063261,0.5328216951935336,0.3787313432835821,0.4482152996096584,-0.009463722397476393,0.012998515823239298,-0.02246223822071569,2.535,2.512,2.495,2.023845,1.9619400000000002
MOVEUSDT,MOVE,USDT,TRADING,2026-10-01T21:17:34.959006+00:00,800,240,True,True,True,,2026-10-01T20:00:00+00:00,2026-09-30T00:00:00+00:00,0.010557,5991212.6238828,0.2835135135135134,0.008568,0.01094,0.27684407096171815,0.03016453382084099,1.7659239579354686,0.9658513286424151,0.8027098088447782,0.44997621306758634,0.19133168650348065,0.012998515823239298,0.17833317068024135,0.010731,0.01061,0.009265,0.012955689999999999,0.0142215
MOVRUSDT,MOVR,USDT,TRADING,2026-10-01T21:17:34.963527+00:00,800,240,True,True,True,,2026-10-01T20:00:00+00:00,2026-09-30T00:00:00+00:00,2.848,102253584.107962,0.390625,0.932,3.34,2.5836909871244633,0.12065868263473055,17.07814521217595,0.6210854598365295,0.6423267855800381,0.4917638077518848,2.0309597523219813,0.012998515823239298,2.017961236498742,2.943,2.937,2.177,1.3687049999999998,1.3998100000000002
MTLUSDT,MTL,USDT,TRADING,2026-10-01T21:17:34.967988+00:00,800,240,True,True,True,,2026-10-01T20:00:00+00:00,2026-09-30T00:00:00+00:00,0.3174,417820.5803,0.5201754385964912,0.3088,0.3508,0.13601036269430056,0.09378563283922459,1.4129702622686156,0.21913176688100236,0.16715031921067905,0.5590037201454867,-0.015789473684210464,0.012998515823239298,-0.028787989507449763,0.3172,0.3179,0.3293,0.26158299999999995,0.25793499999999997
MUBARAKUSDT,MUBARAK,USDT,TRADING,2026-10-01T21:17:34.972492+00:00,800,240,True,True,True,,2026-10-01T20:00:00+00:00,2026-09-30T00:00:00+00:00,0.0624,3937150.456091,1.7644253695755845,0.05107,0.06977,0.36616408850597226,0.10835602694567863,0.4016961676407582,0.7311324975902597,0.5838037708644617,0.4756931041742013,0.05943460490463215,0.012998515823239298,0.04643608908139285,0.06196,0.06221,0.06044,0.01734335,0.014405699999999999
MUBUSDT,MUB,USDT,TRADING,2026-10-01T21:17:34.976696+00:00,800,112,True,False,False,,2026-10-01T20:00:00+00:00,2026-09-30T00:00:00+00:00,1089.34,17215838.92856,0.2000110692937791,1023.91,1100.29,0.07459640007422519,0.00882494615056034,4.2485223494504085,0.5517413416718192,0.7919525974920766,0.15470987265331979,0.03559016237774193,0.012998515823239298,0.02259164655450263,1097.49,1090.58,1069.15,,
MVLLBUSDT,MVLLB,USDT,TRADING,2026-10-01T21:17:34.980757+00:00,800,71,True,False,False,,2026-10-01T20:00:00+00:00,2026-09-30T00:00:00+00:00,36.73,320590.9794,0.6390559925960204,31.76,38.14,0.20088161209068,0.03618248557944422,2.3247395792581464,0.11593163146654911,0.4190886257624686,0.3728760226557583,0.12519130700948877,0.012998515823239298,0.11219279118624947,36.77,36.76,35.86,,
NBISBUSDT,NBISB,USDT,TRADING,2026-10-01T21:17:34.984946+00:00,800,86,True,False,False,,2026-10-01T20:00:00+00:00,2026-09-30T00:00:00+00:00,232.97,371701.30697,0.23048269439702018,228.33,250.35,0.09643936407830767,0.06854403834631514,1.2902920222139014,0.5271394386621673,0.384125428711416,0.732786183630825,0.006343863283272855,0.012998515823239298,-0.006654652539966444,232.52,233.19,238.29,,
NEARUSDT,NEAR,USDT,TRADING,2026-10-01T21:17:34.989409+00:00,800,240,True,True,True,,2026-10-01T20:00:00+00:00,2026-09-30T00:00:00+00:00,4.817,231013767.6209,1.6223316912972088,4.548,5.578,0.22647317502198772,0.13140910720688428,1.1250389950963724,0.6396100686275527,0.5851049208684224,0.38698275075695815,0.014872224549643764,0.012998515823239298,0.001873708726404466,4.867,4.845,5.341,1.966245,1.7027100000000002
NEIROUSDT,NEIRO,USDT,TRADING,2026-10-01T21:17:34.993903+00:00,800,240,True,True,True,,2026-10-01T20:00:00+00:00,2026-09-30T00:00:00+00:00,9.049e-05,1300553.01594484,0.20282463711259302,8.5e-05,9.726e-05,0.14423529411764702,0.0640551100143944,1.2733587322865878,0.27038690246050073,0.36944575857927875,0.41195520595891566,0.034431818181818175,0.012998515823239298,0.021433302358578876,9.128e-05,9.103e-05,9.21e-05,7.545325e-05,7.331805000000001e-05
NEOUSDT,NEO,USDT,TRADING,2026-10-01T21:17:34.998357+00:00,800,240,True,True,True,,2026-10-01T20:00:00+00:00,2026-09-30T00:00:00+00:00,2.525,464321.99619,0.3248120300751878,2.44,2.739,0.12254098360655741,0.07520993063161736,0.880650498159369,0.1393799259083686,0.3709460339512873,0.5469938366508388,0.01686069851465266,0.012998515823239298,0.003862182691413363,2.532,2.533,2.541,2.3773750000000002,2.397245
NEWTUSDT,NEWT,USDT,TRADING,2026-10-01T21:17:35.002838+00:00,800,240,True,True,True,,2026-10-01T20:00:00+00:00,2026-09-30T00:00:00+00:00,0.0493,461396.545106,0.28654970760233933,0.04685,0.0522,0.11419423692636066,0.055938697318007775,1.2890839123556954,0.33968576903449504,0.3246097549678077,0.5590742445984878,0.024106400665004024,0.012998515823239298,0.011107884841764726,0.04932,0.04928,0.04898,0.05672475,0.05886065
NEXOUSDT,NEXO,USDT,TRADING,2026-10-01T21:17:35.007315+00:00,800,240,True,True,True,,2026-10-01T20:00:00+00:00,2026-09-30T00:00:00+00:00,0.849,490169.02229,0.11439588688946012,0.824,0.891,0.0813106796116505,0.050505050505050546,0.7474924649914827,0.36019523773245815,0.5094840294840295,0.5143201659497569,-0.012835472578763163,0.012998515823239298,-0.02583398840200246,0.845,0.846,0.847,0.825045,0.8280299999999999
NFLXBUSDT,NFLXB,USDT,TRADING,2026-10-01T21:17:35.011439+00:00,800,57,True,False,False,,2026-10-01T20:00:00+00:00,2026-09-30T00:00:00+00:00,67.98,347091.2371,0.014676546024508186,67.84,72.6,0.07016509433962259,0.06377410468319554,1.0053007566375283,0.5185593429710444,0.9682625067240452,0.20717185385656292,-0.019616327708062875,0.012998515823239298,-0.03261484353130217,67.93,67.97,70.0,,
NIGHTUSDT,NIGHT,USDT,TRADING,2026-10-01T21:17:35.015830+00:00,800,204,True,True,True,,2026-10-01T20:00:00+00:00,2026-09-30T00:00:00+00:00,0.03898,25804256.27622,0.38764352104975397,0.02515,0.0453,0.801192842942346,0.13333333333333325,4.634006602071245,0.5192355874248158,0.768899226619757,0.6329748732160615,0.40515390121689343,0.012998515823239298,0.39215538539365413,0.03827,0.03926,0.0392,0.030316549999999998,0.03134657608695652
NILUSDT,NIL,USDT,TRADING,2026-10-01T21:17:35.020357+00:00,800,240,True,True,True,,2026-10-01T20:00:00+00:00,2026-09-30T00:00:00+00:00,0.08366,4046358.652612,1.5910378573268091,0.0763,0.113,0.48099606815203133,0.25247787610619465,0.9623618206706496,0.24029906397944423,0.26097349487942634,0.47502817193029934,-0.037488605287146815,0.012998515823239298,-0.05048712111038611,0.08286,0.08447,0.08636,0.04575105000000001,0.043608
NMRUSDT,NMR,USDT,TRADING,2026-10-01T21:17:35.024802+00:00,800,240,True,True,True,,2026-10-01T20:00:00+00:00,2026-09-30T00:00:00+00:00,11.2,1611469.5306,0.10902696365767905,9.39,15.5,0.650692225772098,0.27806451612903227,0.46348978695281046,0.24448345566333066,0.2887149131181974,0.5491732355886821,-0.04765957446808511,0.012998515823239298,-0.06065809029132441,11.09,11.19,11.29,8.7891,8.578899999999999
NOKBUSDT,NOKB,USDT,TRADING,2026-10-01T21:17:35.028941+00:00,800,78,True,False,False,,2026-10-01T20:00:00+00:00,2026-09-30T00:00:00+00:00,10.35,236096.7621,0.08054393305439334,9.97,10.54,0.057171514543630675,0.01707779886148005,0.9183985483165206,0.10543234996986585,0.455079006772009,0.3418763771309289,0.028798411122144874,0.012998515823239298,0.015799895298905575,10.38,10.36,10.19,,
NOMUSDT,NOM,USDT,TRADING,2026-10-01T21:17:35.033411+00:00,800,240,True,True,True,,2026-10-01T20:00:00+00:00,2026-09-30T00:00:00+00:00,0.002662,19965583.910352,0.3402684563758389,0.00197,0.003266,0.6578680203045684,0.19840783833435388,2.3305312081041056,0.532424278355324,0.5116334179362297,0.544354322614405,0.289655172413793,0.012998515823239298,0.2766566565905537,0.002634,0.002618,0.002346,0.0022292799999999997,0.00241075
NOTUSDT,NOT,USDT,TRADING,2026-10-01T21:17:35.037880+00:00,800,240,True,True,True,,2026-10-01T20:00:00+00:00,2026-09-30T00:00:00+00:00,0.000488,246079.958611,0.21256038647342979,0.00048,0.000536,0.1166666666666667,0.08582089552238813,0.4338056521523566,1.494290672047819,0.8237374729809392,0.3250050103311904,-0.006085192697768638,0.012998515823239298,-0.019083708521007936,0.00049,0.00049,0.000493,0.00041711000000000005,0.00040709499999999995
NVDABUSDT,NVDAB,USDT,TRADING,2026-10-01T21:17:35.042044+00:00,800,112,True,False,False,,2026-10-01T20:00:00+00:00,2026-09-30T00:00:00+00:00,231.22,16466491.74428,0.07405457156534223,222.93,233.12,0.045709415511595575,0.007935827041866825,2.4106052549391768,0.28961474512323937,0.2076329689538551,0.764630907416552,0.01044215309332408,0.012998515823239298,-0.002556362729915218,231.12,231.27,229.81,,
NXPCUSDT,NXPC,USDT,TRADING,2026-10-01T21:17:35.046490+00:00,800,240,True,True,True,,2026-10-01T20:00:00+00:00,2026-09-30T00:00:00+00:00,0.2308,241034.31755,0.2789393166751659,0.2217,0.2553,0.15155615696887703,0.0932236584410498,0.40208325761932345,0.3449870320378054,0.4816655725405608,0.5010871449053869,0.01982378854625555,0.012998515823239298,0.006825272723016251,0.2313,0.2315,0.2322,0.2779725,0.282606
OGNUSDT,OGN,USDT,TRADING,2026-10-01T21:17:35.050945+00:00,800,240,True,True,True,,2026-10-01T20:00:00+00:00,2026-09-30T00:00:00+00:00,0.02085,349181.35026,0.2687913409500904,0.01907,0.02127,0.11536444677503943,0.02303714151386934,0.9684779674807322,0.6558368566353984,0.6529713058324613,0.7606206313259891,0.056968463886063025,0.012998515823239298,0.04396994806282373,0.02065,0.02078,0.02048,0.0194116,0.01961875
OGUSDT,OG,USDT,TRADING,2026-10-01T21:17:35.055439+00:00,800,240,True,True,True,,2026-10-01T20:00:00+00:00,2026-09-30T00:00:00+00:00,2.823,429453.2764,0.11615384615384627,2.733,2.946,0.07793633369923159,0.040054310930074784,0.677660292180878,0.4427582389236068,0.5000921998893602,0.3160645029597877,0.01726618705035965,0.012998515823239298,0.004267671227120351,2.839,2.828,2.817,2.776125,2.78471
ONDOUSDT,ONDO,USDT,TRADING,2026-10-01T21:17:35.059955+00:00,800,240,True,True,True,,2026-10-01T20:00:00+00:00,2026-09-30T00:00:00+00:00,0.4923,26846845.71102,0.6544891640866872,0.4773,0.6089,0.27571757804315933,0.1875513220561669,0.7128778295012455,0.3327356741975011,0.28917180574893947,0.4829391418349037,-0.04072134962187335,0.012998515823239298,-0.05371986544511265,0.4961,0.4947,0.4998,0.3437255,0.325844
ONEUSDT,ONE,USDT,TRADING,2026-10-01T21:17:35.064507+00:00,800,240,True,True,True,,2026-10-01T20:00:00+00:00,2026-09-30T00:00:00+00:00,0.002175,3680851.8240459,2.5945945945945947,0.00209,0.002963,0.4177033492822968,0.25987175160310494,0.43010381441074225,1.0892624209915878,1.495468988030468,0.42704929655731083,-0.13285883748517202,0.012998515823239298,-0.14585735330841132,0.002259,0.002193,0.002242,0.001667025,0.0016856949999999999
ONGUSDT,ONG,USDT,TRADING,2026-10-01T21:17:35.069093+00:00,800,240,True,True,True,,2026-10-01T20:00:00+00:00,2026-09-30T00:00:00+00:00,0.09123,1222749.76232,0.353943661971831,0.086,0.09915,0.15290697674418618,0.08290468986384271,2.6616398392052094,0.19094332938742264,0.20574076457716564,0.7927210959248833,0.0198519515477793,0.012998515823239298,0.006853435724540002,0.09038,0.09093,0.0962,0.06684195,0.06436225000000001
ONTUSDT,ONT,USDT,TRADING,2026-10-01T21:17:35.073619+00:00,800,240,True,True,True,,2026-10-01T20:00:00+00:00,2026-09-30T00:00:00+00:00,0.05833,477219.37997,0.23238255033557054,0.05533,0.06062,0.09560816916681736,0.03464203233256347,0.9992954525472209,0.21290251224064474,0.5321382238471517,0.3084099241625232,0.03538570417551323,0.012998515823239298,0.022387188352273935,0.05873,0.05852,0.05916,0.05500235,0.0536723
OPENUSDT,OPEN,USDT,TRADING,2026-10-01T21:17:35.078164+00:00,800,240,True,True,True,,2026-10-01T20:00:00+00:00,2026-09-30T00:00:00+00:00,0.129,739797.20984,0.2358156028368794,0.1251,0.1421,0.13589128697042385,0.08866995073891626,0.7193142976324306,0.6837700275605546,0.5290085569642937,0.5148166848982763,0.01171875,0.012998515823239298,-0.0012797658232392983,0.1291,0.1295,0.1293,0.1774755,0.17856100000000003
OPGUSDT,OPG,USDT,TRADING,2026-10-01T21:17:35.082479+00:00,800,132,True,False,False,,2026-10-01T20:00:00+00:00,2026-09-30T00:00:00+00:00,0.1277,626799.16434,0.44186046511627897,0.1203,0.1384,0.15045719035743965,0.07731213872832361,0.6681964459524317,0.5680323789061044,0.3926591679672784,0.5093826107778835,0.034846029173419835,0.012998515823239298,0.021847513350180536,0.1278,0.1277,0.1257,,
OPNUSDT,OPN,USDT,TRADING,2026-10-01T21:17:35.086915+00:00,800,210,True,True,True,,2026-10-01T20:00:00+00:00,2026-09-30T00:00:00+00:00,0.0613,6262657.82616,0.22327790973871742,0.0493,0.0657,0.3326572008113591,0.05022831050228307,1.0323401210764693,0.7098649878670431,0.6670932222304887,0.51541000593129,0.18631178707224327,0.012998515823239298,0.17331327124900398,0.0614,0.0624,0.0539,0.11468199999999999,0.1320715789473684
OPUSDT,OP,USDT,TRADING,2026-10-01T21:17:35.091425+00:00,800,240,True,True,True,,2026-10-01T20:00:00+00:00,2026-09-30T00:00:00+00:00,0.1275,10205024.956007,0.5695364238410596,0.1258,0.1506,0.1971383147853738,0.15073041168658696,1.8601205691462104,0.21281206490492993,0.1912122816304923,0.5575429941295875,-0.04836309523809512,0.012998515823239298,-0.06136161106133442,0.1284,0.1279,0.1296,0.11048949999999999,0.110656
ORCAUSDT,ORCA,USDT,TRADING,2026-10-01T21:17:35.095939+00:00,800,240,True,True,True,,2026-10-01T20:00:00+00:00,2026-09-30T00:00:00+00:00,1.693,1445150.43669,0.3656903765690376,1.557,1.86,0.19460500963391159,0.08870967741935486,0.4657140329571207,0.7632679126412661,0.9452509602239438,0.4675040580159144,-0.00877192982456132,0.012998515823239298,-0.021770445647800618,1.674,1.695,1.653,1.22033,1.16137
ORCLBUSDT,ORCLB,USDT,TRADING,2026-10-01T21:17:35.100099+00:00,800,71,True,False,False,,2026-10-01T20:00:00+00:00,2026-09-30T00:00:00+00:00,138.36,270551.90802,0.03099498390357125,131.72,143.6,0.0901913149104161,0.03767409470752087,1.7615981571344956,0.16351013038949225,0.3762597984322508,0.45335059889932017,0.043337108342770936,0.012998515823239298,0.030338592519531637,138.14,138.19,137.16,,
ORDIUSDT,ORDI,USDT,TRADING,2026-10-01T21:17:35.104592+00:00,800,240,True,True,True,,2026-10-01T20:00:00+00:00,2026-09-30T00:00:00+00:00,4.561,1646853.65965,0.2642500656685054,4.4,4.954,0.12590909090909075,0.07610012111425107,0.6759175151016126,0.18802982021613765,0.2641825619793977,0.4821431654999257,0.010821554770318098,0.012998515823239298,-0.0021769610529212002,4.576,4.577,4.634,3.724275,3.52174
OSMOUSDT,OSMO,USDT,TRADING,2026-10-01T21:17:35.109090+00:00,800,240,True,True,True,,2026-10-01T20:00:00+00:00,2026-09-30T00:00:00+00:00,0.0364,257238.749964,0.229299363057325,0.0353,0.0397,0.12464589235127477,0.08312342569269515,0.7748131219413135,0.3527198710313961,0.528680479825518,0.2726137433698259,0.0055248618784529135,0.012998515823239298,-0.007473653944786385,0.0366,0.0364,0.0367,0.037500500000000006,0.0373385
PARTIUSDT,PARTI,USDT,TRADING,2026-10-01T21:17:35.113612+00:00,800,240,True,True,True,,2026-10-01T20:00:00+00:00,2026-09-30T00:00:00+00:00,0.0264,752748.33057,0.2318840579710144,0.0251,0.0286,0.1394422310756971,0.07342657342657347,0.574918684464851,0.41762856224004136,0.2446791738924799,0.5378876784945266,-0.02573529411764708,0.012998515823239298,-0.03873380994088638,0.0265,0.0265,0.0267,0.0446985,0.051141500000000006
PAXGUSDT,PAXG,USDT,TRADING,2026-10-01T21:17:35.118141+00:00,800,240,True,True,True,,2026-10-01T20:00:00+00:00,2026-09-30T00:00:00+00:00,4185.6,9110527.158358,0.011822695035460962,4122.08,4281.19,0.03859944494041834,0.02243768671794513,1.0506114977526746,0.36172487743120263,0.8912190355054367,0.533357363979475,0.014053349421995431,0.012998515823239298,0.001054833598756133,4184.89,4185.13,4165.65,4404.8651500000005,4493.85905
PDDBUSDT,PDDB,USDT,TRADING,2026-10-01T21:17:35.120473+00:00,33,1,False,False,False,,2026-10-01T20:00:00+00:00,2026-09-30T00:00:00+00:00,76.54,726013.3762,,,,,,,,,0.09419562161076522,,,,76.54,76.51,77.98,,
PENDLEUSDT,PENDLE,USDT,TRADING,2026-10-01T21:17:35.124153+00:00,800,240,True,True,True,,2026-10-01T20:00:00+00:00,2026-09-30T00:00:00+00:00,2.364,4553200.0146,0.4446978335233751,2.288,2.693,0.1770104895104896,0.11919792053471971,0.8377214400336956,0.6517087563589243,0.7843302089025262,0.21754568905165653,0.0021123785382339832,0.012998515823239298,-0.010886137285005315,2.396,2.372,2.387,1.5694299999999999,1.4526999999999999
PENGUUSDT,PENGU,USDT,TRADING,2026-10-01T21:17:35.128679+00:00,800,240,True,True,True,,2026-10-01T20:00:00+00:00,2026-09-30T00:00:00+00:00,0.009426,17142165.861246,0.4629796163069546,0.008992,0.010921,0.2145240213523132,0.13222232396300712,1.156869546609203,0.28528610324017595,0.3041412854907776,0.6389745862999068,0.005090677696468315,0.012998515823239298,-0.007907838126770983,0.00953,0.009477,0.009615,0.00751543,0.00735178
PEOPLEUSDT,PEOPLE,USDT,TRADING,2026-10-01T21:17:35.133198+00:00,800,240,True,True,True,,2026-10-01T20:00:00+00:00,2026-09-30T00:00:00+00:00,0.00911,662307.26554,0.2918395573997232,0.00865,0.0098,0.13294797687861282,0.06632653061224485,0.8859494461488129,0.6591202984481356,0.9164951906972292,0.5859037398404018,-0.018240343347639465,0.012998515823239298,-0.031238859170878763,0.00917,0.00915,0.00938,0.0070305,0.006844950000000001
PEPEUSDT,PEPE,USDT,TRADING,2026-10-01T21:17:35.137746+00:00,800,240,True,True,True,,2026-10-01T20:00:00+00:00,2026-09-30T00:00:00+00:00,4.43e-06,30059227.43296915,0.3437500000000002,4.06e-06,4.52e-06,0.11330049261083741,0.019911504424778757,1.1881186471964473,0.4180589610814312,0.4343586390306626,0.5097676037439818,0.05727923627684972,0.012998515823239298,0.04428072045361042,4.46e-06,4.43e-06,4.28e-06,3.3507e-06,3.30165e-06
PHAUSDT,PHA,USDT,TRADING,2026-10-01T21:17:35.142844+00:00,800,240,True,True,True,,2026-10-01T20:00:00+00:00,2026-09-30T00:00:00+00:00,0.0729,5286624.9115,2.495762711864407,0.0582,0.0863,0.4828178694158076,0.15179606025492468,1.2428734451007146,0.13926011889297757,0.2622354188414686,0.4800091579975726,0.19024390243902434,0.012998515823239298,0.17724538661578504,0.073,0.0732,0.0792,0.032343000000000004,0.0307705
PIXELUSDT,PIXEL,USDT,TRADING,2026-10-01T21:17:35.150969+00:00,800,240,True,True,True,,2026-10-01T20:00:00+00:00,2026-09-30T00:00:00+00:00,0.00586,638276.888065,0.3162583518930959,0.00545,0.0062,0.13761467889908263,0.05645161290322575,0.8153175669138721,1.361495811405703,1.7253774263120056,0.3785176927087217,0.04278074866310155,0.012998515823239298,0.029782232839862255,0.00585,0.00585,0.00581,0.0061034999999999996,0.0062458999999999995
PLTRBUSDT,PLTRB,USDT,TRADING,2026-10-01T21:17:35.155300+00:00,800,93,True,False,False,,2026-10-01T20:00:00+00:00,2026-09-30T00:00:00+00:00,189.52,177509.19508,0.15757649789287242,184.85,192.98,0.043981606708141774,0.01787750025909415,2.408299444488743,0.21111995241148612,0.5975642760487144,0.40851873536299765,0.010449432211974141,0.012998515823239298,-0.002549083611265157,189.82,189.53,187.16,,
PLUMEUSDT,PLUME,USDT,TRADING,2026-10-01T21:17:35.159865+00:00,800,240,True,True,True,,2026-10-01T20:00:00+00:00,2026-09-30T00:00:00+00:00,0.01857,10962162.82522,0.5761061946902655,0.01706,0.02138,0.25322391559202817,0.12441534144059865,1.3891942835858078,0.5167551355399781,0.5346132328258885,0.5809651280258823,0.049327354260089606,0.012998515823239298,0.03632883843685031,0.01863,0.01872,0.01884,0.012166399999999999,0.011684650000000001
PNUTUSDT,PNUT,USDT,TRADING,2026-10-01T21:17:35.164479+00:00,800,240,True,True,True,,2026-10-01T20:00:00+00:00,2026-09-30T00:00:00+00:00,0.0538,568444.18355,0.29039812646370033,0.051,0.0565,0.10784313725490202,0.042477876106194676,0.8585111507092705,0.4555635442872244,0.3720452209660843,0.4683092018747117,0.03441682600382423,0.012998515823239298,0.021418310180584932,0.0543,0.0541,0.054,0.047657,0.047060000000000005
POLUSDT,POL,USDT,TRADING,2026-10-01T21:17:35.169083+00:00,800,240,True,True,True,,2026-10-01T20:00:00+00:00,2026-09-30T00:00:00+00:00,0.10784,9842797.641437,0.33564053103370006,0.10583,0.12542,0.1851081923840121,0.14000956785201726,1.1777196121123494,0.24552091420035976,0.3781451212265851,0.5376861419811151,-0.07503644627390449,0.012998515823239298,-0.08803496209714379,0.10748,0.10786,0.1141,0.08876424999999999,0.0883117
POLYXUSDT,POLYX,USDT,TRADING,2026-10-01T21:17:35.173942+00:00,800,240,True,True,True,,2026-10-01T20:00:00+00:00,2026-09-30T00:00:00+00:00,0.0426,410348.95805,0.3848484848484848,0.0415,0.0464,0.11807228915662638,0.07974137931034472,0.973916990011325,0.5129308352130617,0.6664341031186771,0.28882201666950125,0.007075471698113178,0.012998515823239298,-0.00592304412512612,0.0428,0.0427,0.0433,0.041799,0.041785499999999996
PORTALUSDT,PORTAL,USDT,TRADING,2026-10-01T21:17:35.178447+00:00,800,240,True,True,True,,2026-10-01T20:00:00+00:00,2026-09-30T00:00:00+00:00,0.01794,2207626.228652,0.3298739807264641,0.01611,0.01882,0.16821849782743636,0.045696068012752375,2.7843267806580485,0.7725629420555282,0.7642349554735991,0.4009762874732657,0.078031212484994,0.012998515823239298,0.06503269666175471,0.0181,0.01796,0.01687,0.012692799999999999,0.012082650000000002
PORTOUSDT,PORTO,USDT,TRADING,2026-10-01T21:17:35.182939+00:00,800,240,True,True,True,,2026-10-01T20:00:00+00:00,2026-09-30T00:00:00+00:00,0.455,166987.44127,0.08837209302325588,0.453,0.481,0.061810154525386185,0.05197505197505191,0.7482851291742858,0.8809404657944506,0.9013315124615909,0.6156666256462661,-0.004366812227074246,0.012998515823239298,-0.017365328050313544,0.455,0.456,0.459,0.64152,0.698305
POWRUSDT,POWR,USDT,TRADING,2026-10-01T21:17:35.187445+00:00,800,240,True,True,True,,2026-10-01T20:00:00+00:00,2026-09-30T00:00:00+00:00,0.0657,108247.0333,0.5919282511210762,0.0636,0.072,0.13207547169811296,0.08750000000000001,1.1361657675223662,0.03708059426687218,0.2203023758099352,1.0,-0.01646706586826352,0.012998515823239298,-0.029465581691502818,0.0654,0.0657,0.067,0.054287999999999996,0.054109
PROMUSDT,PROM,USDT,TRADING,2026-10-01T21:17:35.191924+00:00,800,240,True,True,True,,2026-10-01T20:00:00+00:00,2026-09-30T00:00:00+00:00,6.492,1371950.07662,0.4499767333643556,5.43,6.694,0.2327808471454882,0.024499551837466344,2.1518282484482207,0.3536268371563143,0.31195498371121133,0.27045893416693045,0.028508426523861985,0.012998515823239298,0.015509910700622687,6.576,6.53,6.451,2.2441799999999996,1.79494
PSGUSDT,PSG,USDT,TRADING,2026-10-01T21:17:35.196428+00:00,800,240,True,True,True,,2026-10-01T20:00:00+00:00,2026-09-30T00:00:00+00:00,0.461,296683.07074,0.05180180180180183,0.455,0.493,0.08351648351648344,0.06085192697768757,0.4944841678730382,0.2749461286593557,0.6562880736428861,0.4801213947242683,0.0021645021645022577,0.012998515823239298,-0.01083401365873704,0.461,0.463,0.463,0.657585,0.6819
PUMPUSDT,PUMP,USDT,TRADING,2026-10-01T21:17:35.200919+00:00,800,240,True,True,True,,2026-10-01T20:00:00+00:00,2026-09-30T00:00:00+00:00,0.005803,34721403.750491,0.27637006482027116,0.004301,0.006097,0.41757730760288303,0.03919960636378541,0.8439411032159019,0.6446870977122924,0.6505524969032762,0.5518768378260622,0.14191033138401576,0.012998515823239298,0.12891181556077647,0.005871,0.005858,0.005925,0.002361365,0.0021254
PUNDIXUSDT,PUNDIX,USDT,TRADING,2026-10-01T21:17:35.205443+00:00,800,240,True,True,True,,2026-10-01T20:00:00+00:00,2026-09-30T00:00:00+00:00,0.1208,545057.33173,0.4257767548906788,0.1129,0.1299,0.15057573073516384,0.06928406466512699,2.7913505590791554,0.1878244366758344,0.15303021274059947,0.5844237583141667,0.04675324675324655,0.012998515823239298,0.03375473093000725,0.1205,0.1209,0.1253,0.11392300000000001,0.117735
PYPLBUSDT,PYPLB,USDT,TRADING,2026-10-01T21:17:35.209545+00:00,800,64,True,False,False,,2026-10-01T20:00:00+00:00,2026-09-30T00:00:00+00:00,53.09,33633.954,0.08517350157728698,52.43,55.5,0.05855426282662601,0.04342342342342336,1.4036119582581268,0.4431516936671575,0.48484848484848486,0.49052841475573283,-0.021923360353721444,0.012998515823239298,-0.03492187617696074,53.19,53.09,53.07,,
PYTHUSDT,PYTH,USDT,TRADING,2026-10-01T21:17:35.214007+00:00,800,240,True,True,True,,2026-10-01T20:00:00+00:00,2026-09-30T00:00:00+00:00,0.07424,1814097.68798,0.5691414848909344,0.07385,0.08874,0.2016249153689913,0.16148298399819694,0.39536089108931566,0.36805309918574164,0.384180790960452,0.2671614482399108,-0.061072555205047285,0.012998515823239298,-0.07407107102828658,0.0748,0.07441,0.07728,0.045791250000000006,0.04416175
QCOMBUSDT,QCOMB,USDT,TRADING,2026-10-01T21:17:35.218174+00:00,800,86,True,False,False,,2026-10-01T20:00:00+00:00,2026-09-30T00:00:00+00:00,182.07,133035.75109,0.22951317227145807,182.14,204.52,0.1228725156473045,0.10967142577743011,0.8618303313092444,0.1326219804082455,0.2619184376794945,0.27618069815195073,-0.0278163374265884,0.012998515823239298,-0.0408148532498277,182.58,182.09,184.51,,
QIUSDT,QI,USDT,TRADING,2026-10-01T21:17:35.222616+00:00,800,240,True,True,True,,2026-10-01T20:00:00+00:00,2026-09-30T00:00:00+00:00,0.002742,617441.16934,1.4684210526315793,0.002688,0.004144,0.5416666666666667,0.33807915057915056,0.17593301538775818,0.34281102008030995,0.41851519425567385,0.7157996234905184,-0.13931597113272665,0.012998515823239298,-0.15231448695596594,0.002724,0.002743,0.002937,0.0014611449999999998,0.001458625
QKCUSDT,QKC,USDT,TRADING,2026-10-01T21:17:35.227088+00:00,800,240,True,True,True,,2026-10-01T20:00:00+00:00,2026-09-30T00:00:00+00:00,0.002822,890211.1972,0.36609222170470423,0.002688,0.0033,0.2276785714285714,0.1512121212121212,2.5154302577136356,0.6251712831002981,0.9776997366110624,0.6353134068767863,0.0017882689556509845,0.012998515823239298,-0.011210246867588314,0.002816,0.002801,0.002782,0.0025516849999999997,0.0026048700000000004
QNTBUSDT,QNTB,USDT,TRADING,2026-10-01T21:17:35.231255+00:00,800,71,True,False,False,,2026-10-01T20:00:00+00:00,2026-09-30T00:00:00+00:00,47.17,62259.7702,0.05940381728500954,46.35,51.2,0.10463861920172612,0.0796875000000001,0.7780882139405865,0.03579830132617155,0.13602015113350124,0.7340425531914894,-0.04402515723270439,0.012998515823239298,-0.05702367305594369,46.93,47.12,48.37,,
QNTUSDT,QNT,USDT,TRADING,2026-10-01T21:17:35.235772+00:00,800,240,True,True,True,,2026-10-01T20:00:00+00:00,2026-09-30T00:00:00+00:00,252.92,113055051.76801,1.0629787234042554,118.77,373.0,2.140523701271365,0.31715817694369974,0.6155216307930472,0.4189265716018847,0.21825339817398773,0.5619928764667504,0.0237138263665595,0.012998515823239298,0.0107153105433202,254.99,254.7,287.15,72.8775,67.9985
QQQBUSDT,QQQB,USDT,TRADING,2026-10-01T21:17:35.239965+00:00,800,93,True,False,False,,2026-10-01T20:00:00+00:00,2026-09-30T00:00:00+00:00,742.51,2672967.98941,0.060504057851121784,727.82,751.11,0.03199967024813821,0.011582857371090846,1.1121690655252663,0.389605271521495,0.2359859800992684,0.8372108199823801,0.00786022643968387,0.012998515823239298,-0.005138289383555428,742.46,742.41,743.26,,
QTUMUSDT,QTUM,USDT,TRADING,2026-10-01T21:17:35.244468+00:00,800,240,True,True,True,,2026-10-01T20:00:00+00:00,2026-09-30T00:00:00+00:00,0.982,151479.0546,0.2580246913580244,0.951,1.035,0.08832807570977907,0.04734299516908207,0.7591849017385811,0.5105372162656916,0.5316700720507582,0.6108405444188373,0.01754385964912286,0.012998515823239298,0.004545343825883563,0.985,0.986,1.004,0.821485,0.815365
QUICKUSDT,QUICK,USDT,TRADING,2026-10-01T21:17:35.248951+00:00,800,240,True,True,True,,2026-10-01T20:00:00+00:00,2026-09-30T00:00:00+00:00,0.0105,209455.15548,0.2648401826484017,0.00971,0.01324,0.3635427394438724,0.20694864048338363,2.26901863281268,0.2001146160458618,0.26646169613118115,0.377569455789504,0.0334645669291338,0.012998515823239298,0.0204660511058945,0.01052,0.0105,0.0105,0.0090149,0.0090542
RADUSDT,RAD,USDT,TRADING,2026-10-01T21:17:35.253439+00:00,800,240,True,True,True,,2026-10-01T20:00:00+00:00,2026-09-30T00:00:00+00:00,0.257,704747.2092,0.26457399103139,0.245,0.288,0.17551020408163254,0.11111111111111102,0.44152941072384655,0.44268524691683997,2.1347646889676986,0.38668608117319087,0.032258064516129004,0.012998515823239298,0.019259548692889705,0.257,0.256,0.257,0.23441000000000004,0.233635
RAREUSDT,RARE,USDT,TRADING,2026-10-01T21:17:35.257918+00:00,800,240,True,True,True,,2026-10-01T20:00:00+00:00,2026-09-30T00:00:00+00:00,0.01714,1004947.132602,0.9733944954128442,0.01677,0.02391,0.42576028622540263,0.28230865746549555,0.35696337830607644,0.14349628050260602,0.08054492119524687,0.6303782208492081,-0.0316027088036116,0.012998515823239298,-0.0446012246268509,0.01715,0.01716,0.01712,0.014150399999999999,0.014378450000000001
RAYUSDT,RAY,USDT,TRADING,2026-10-01T21:17:35.262485+00:00,800,240,True,True,True,,2026-10-01T20:00:00+00:00,2026-09-30T00:00:00+00:00,1.8644,4933101.82048,1.5698828920570267,1.8213,2.3561,0.29363641355076053,0.20529688892661602,0.7423949626943193,0.2934889677365206,0.4971517348524081,0.6771251935636692,-0.01685481753741136,0.012998515823239298,-0.029853333360650658,1.8804,1.8724,1.9456,0.8011550000000001,0.6860230000000002
RDDTBUSDT,RDDTB,USDT,TRADING,2026-10-01T21:17:35.265586+00:00,369,15,False,False,False,,2026-10-01T20:00:00+00:00,2026-09-30T00:00:00+00:00,149.49,50049.68222,,141.84,151.81,0.0702904681331078,0.01640208154930511,1.2954449806729036,0.9849505693384004,0.9110320284697508,0.02810130010834236,0.03990528588341791,0.012998515823239298,0.02690677006017861,149.75,149.32,143.67,,
REDUSDT,RED,USDT,TRADING,2026-10-01T21:17:35.269991+00:00,800,240,True,True,True,,2026-10-01T20:00:00+00:00,2026-09-30T00:00:00+00:00,0.1769,1530418.8682,0.5172727272727271,0.1558,0.1895,0.2163029525032094,0.06332453825857526,2.4861056629025007,0.7144579263256841,1.1228341883651147,0.3335464082392754,0.10660847880299262,0.012998515823239298,0.09360996297975333,0.1762,0.1775,0.1765,0.11883749999999998,0.117927
RENDERUSDT,RENDER,USDT,TRADING,2026-10-01T21:17:35.274476+00:00,800,240,True,True,True,,2026-10-01T20:00:00+00:00,2026-09-30T00:00:00+00:00,1.903,3409434.60904,0.52803738317757,1.861,2.095,0.12573885008060204,0.0902147971360383,0.5718289557377316,0.1892221424902527,0.28948134592188995,0.47648255717141813,-0.008840353614144592,0.012998515823239298,-0.02183886943738389,1.915,1.906,1.914,1.6684649999999999,1.64638
REQUSDT,REQ,USDT,TRADING,2026-10-01T21:17:35.278953+00:00,800,240,True,True,True,,2026-10-01T20:00:00+00:00,2026-09-30T00:00:00+00:00,0.057,96515.7591,0.12170385395537542,0.0546,0.0644,0.17948717948717952,0.11335403726708076,0.5680498350244428,0.47508973592254705,0.8073688426111333,0.5463527433256254,0.023297491039426355,0.012998515823239298,0.010298975216187056,0.0569,0.0571,0.057,0.060294999999999994,0.061241
RESOLVUSDT,RESOLV,USDT,TRADING,2026-10-01T21:17:35.283465+00:00,800,240,True,True,True,,2026-10-01T20:00:00+00:00,2026-09-30T00:00:00+00:00,0.02017,1893249.976874,0.2777053455019556,0.01804,0.02158,0.1962305986696229,0.07414272474513427,2.0423829876068766,2.518617885385795,1.6822484345420126,0.46579720399482455,0.06616862326574191,0.012998515823239298,0.05317010744250261,0.01953,0.01998,0.01869,0.02540835,0.0313287
REUSDT,RE,USDT,TRADING,2026-10-01T21:17:35.287652+00:00,800,105,True,False,False,,2026-10-01T20:00:00+00:00,2026-09-30T00:00:00+00:00,0.5124,3717513.06678,0.19203167532788923,0.4507,0.5362,0.18970490348347013,0.04140246176799701,1.4058439716626596,0.6193454618166623,0.38943869168163237,0.5580457194083371,0.11569350987627525,0.012998515823239298,0.10269499405303595,0.5118,0.514,0.4821,,
RIFUSDT,RIF,USDT,TRADING,2026-10-01T21:17:35.292170+00:00,800,240,True,True,True,,2026-10-01T20:00:00+00:00,2026-09-30T00:00:00+00:00,0.081,220554.2169,0.26676176890156933,0.0803,0.0902,0.12328767123287676,0.10088691796008865,1.2982653371258321,0.7177618432257737,0.8571428571428571,0.45090721361196856,-0.03567181926278229,0.012998515823239298,-0.04867033508602159,0.0805,0.0811,0.0833,0.0725675,0.06742
RKLBBUSDT,RKLBB,USDT,TRADING,2026-10-01T21:17:35.296302+00:00,800,78,True,False,False,,2026-10-01T20:00:00+00:00,2026-09-30T00:00:00+00:00,70.66,549367.4867,0.22359735973597372,69.13,74.65,0.07984955880225675,0.05251172136637644,1.00418558396764,0.08102756194218814,0.2090751469531019,0.1907164480322906,-0.018593034549743148,0.012998515823239298,-0.031591550372982447,70.61,70.73,71.71,,
RLCUSDT,RLC,USDT,TRADING,2026-10-01T21:17:35.300764+00:00,800,240,True,True,True,,2026-10-01T20:00:00+00:00,2026-09-30T00:00:00+00:00,0.3601,203744.82896,0.39768339768339755,0.3323,0.3706,0.11525729762263026,0.028872099298434938,1.0357909853544462,0.32482366951935787,0.8115561391989494,0.3189163177090369,0.06479289940828403,0.012998515823239298,0.051794383585044734,0.3615,0.3599,0.3583,0.35773200000000005,0.36465949999999997
RLUSDUSDT,RLUSD,USDT,TRADING,2026-10-01T21:17:35.305250+00:00,800,240,True,True,True,,2026-10-01T20:00:00+00:00,2026-09-30T00:00:00+00:00,1.0004,47385771.2909,0.0006001800540160751,1.0001,1.0008,0.0006999300069991943,0.0002997601918464898,1.7192870750867844,0.25864870863378747,0.4049523392133231,0.6466488382721691,0.0,0.012998515823239298,-0.012998515823239298,1.0006,1.0005,1.0007,1.0005405,1.0005005
ROBOUSDT,ROBO,USDT,TRADING,2026-10-01T21:17:35.309667+00:00,800,211,True,True,True,,2026-10-01T20:00:00+00:00,2026-09-30T00:00:00+00:00,0.00903,2389474.95291,0.22820512820512828,0.00854,0.00987,0.15573770491803263,0.08510638297872344,1.7518741537353912,0.36048025979890186,0.3808302612598173,0.649712592051586,0.006688963210702337,0.012998515823239298,-0.006309552612536962,0.00904,0.00903,0.00902,0.01674695,0.018951413612565447
RONINUSDT,RONIN,USDT,TRADING,2026-10-01T21:17:35.314138+00:00,800,240,True,True,True,,2026-10-01T20:00:00+00:00,2026-09-30T00:00:00+00:00,0.0651,506068.907558,0.41991341991342,0.059,0.0676,0.1457627118644067,0.03550295857988165,0.9891399959496164,0.21342040800654666,0.2070489216201999,0.4940553744897053,0.06188925081433205,0.012998515823239298,0.048890734991092755,0.0654,0.0652,0.0638,0.0709805,0.074868
ROSEUSDT,ROSE,USDT,TRADING,2026-10-01T21:17:35.318622+00:00,800,240,True,True,True,,2026-10-01T20:00:00+00:00,2026-09-30T00:00:00+00:00,0.00853,891144.518616,0.44594594594594605,0.00825,0.00963,0.16727272727272724,0.10799584631360325,1.680503830432933,0.4630123170632598,0.9562862669245649,0.5193010317980541,0.02261904761904776,0.012998515823239298,0.009620531795808462,0.00859,0.00859,0.00899,0.00797445,0.00841325
RPLUSDT,RPL,USDT,TRADING,2026-10-01T21:17:35.323142+00:00,800,240,True,True,True,,2026-10-01T20:00:00+00:00,2026-09-30T00:00:00+00:00,1.918,225192.93616,0.3369565217391306,1.895,2.138,0.12823218997361474,0.10149672591206729,1.9505448835480403,0.5481620037855743,0.7833427124366911,0.9094308214354312,-0.010813594232749746,0.012998515823239298,-0.023812110055989044,1.919,1.921,1.953,1.69531,1.699795
RSRUSDT,RSR,USDT,TRADING,2026-10-01T21:17:35.327654+00:00,800,240,True,True,True,,2026-10-01T20:00:00+00:00,2026-09-30T00:00:00+00:00,0.00167,411077.9815342,0.36581593194122175,0.001599,0.001807,0.13008130081300817,0.07194244604316541,0.9228481983864443,0.2596044135414971,0.3240043615971753,0.5776113467015692,0.023809523809523947,0.012998515823239298,0.010811007986284649,0.00168,0.001677,0.001702,0.0014846800000000002,0.001481635
RUNEUSDT,RUNE,USDT,TRADING,2026-10-01T21:17:35.332176+00:00,800,240,True,True,True,,2026-10-01T20:00:00+00:00,2026-09-30T00:00:00+00:00,0.772,5019378.1093,0.6163793103448274,0.706,0.845,0.19688385269121822,0.08520710059171592,0.3656266034911771,0.44735410600787107,0.5991977998378974,0.5463593214999559,-0.015286624203821653,0.012998515823239298,-0.02828514002706095,0.776,0.773,0.8,0.455645,0.43605499999999997
RVNUSDT,RVN,USDT,TRADING,2026-10-01T21:17:35.336642+00:00,800,240,True,True,True,,2026-10-01T20:00:00+00:00,2026-09-30T00:00:00+00:00,0.002368,524407.2313811,0.20799999999999996,0.00222,0.002489,0.12117117117117093,0.04821213338690233,0.9252473901486816,0.37668080733930587,0.6699014556550448,0.3428016230182979,0.0390350877192982,0.012998515823239298,0.026036571896058902,0.002376,0.002369,0.002362,0.0043306149999999995,0.0046625
SAGAUSDT,SAGA,USDT,TRADING,2026-10-01T21:17:35.341157+00:00,800,240,True,True,True,,2026-10-01T20:00:00+00:00,2026-09-30T00:00:00+00:00,0.02503,5525764.159256,1.476525821596244,0.02419,0.0332,0.37246796196775533,0.2515060240963855,0.47169588461589845,0.7073219596713084,0.9151289071223563,0.6357641522909356,-0.07757980697847056,0.012998515823239298,-0.09057832280170985,0.02446,0.02485,0.02506,0.0194332,0.01958955
SAHARAUSDT,SAHARA,USDT,TRADING,2026-10-01T21:17:35.345659+00:00,800,240,True,True,True,,2026-10-01T20:00:00+00:00,2026-09-30T00:00:00+00:00,0.00926,686008.71383,0.21026282853566958,0.0089,0.01002,0.12584269662921344,0.0758483033932136,0.673999589709527,0.29672117414615035,0.3109370292256704,0.3047371663988595,0.008714596949890963,0.012998515823239298,-0.004283918873348336,0.00926,0.00926,0.00934,0.0176068,0.0189528
SANDUSDT,SAND,USDT,TRADING,2026-10-01T21:17:35.350166+00:00,800,240,True,True,True,,2026-10-01T20:00:00+00:00,2026-09-30T00:00:00+00:00,0.04449,1597793.87142,0.3685019993848049,0.04171,0.04589,0.10021577559338302,0.03225103508389632,1.1903294434784806,0.48126994499189873,0.42007546902404025,0.5933785684272477,0.0371321812237273,0.012998515823239298,0.024133665400488002,0.04431,0.04441,0.04388,0.0574885,0.061740500000000004
SANTOSUSDT,SANTOS,USDT,TRADING,2026-10-01T21:17:35.354677+00:00,800,240,True,True,True,,2026-10-01T20:00:00+00:00,2026-09-30T00:00:00+00:00,0.517,156377.2008,0.14814814814814814,0.508,0.565,0.11220472440944862,0.08495575221238927,0.4185402648053622,0.7117558595758624,0.5778688524590164,0.7023211734382516,0.0,0.012998515823239298,-0.012998515823239298,0.517,0.517,0.519,0.7597450000000001,0.8423649999999999
SAPIENUSDT,SAPIEN,USDT,TRADING,2026-10-01T21:17:35.359350+00:00,800,240,True,True,True,,2026-10-01T20:00:00+00:00,2026-09-30T00:00:00+00:00,0.075,223176.84619,0.15138282387190705,0.0724,0.0812,0.12154696132596676,0.07512315270935954,0.937928279874574,5.163077704116629,1.7357715224984591,0.6746909163220631,0.010767160161507361,0.012998515823239298,-0.0022313556617319374,0.0751,0.0751,0.0753,0.08296350000000001,0.08354349999999998
SCRUSDT,SCR,USDT,TRADING,2026-10-01T21:17:35.363876+00:00,800,240,True,True,True,,2026-10-01T20:00:00+00:00,2026-09-30T00:00:00+00:00,0.02527,1246275.557686,0.3034371643394198,0.023,0.02708,0.17739130434782613,0.06942392909896601,1.1288775782642608,0.18388161861969268,0.19020743898411938,0.6508823674862534,0.062394603709949426,0.012998515823239298,0.04939608788671013,0.0251,0.0252,0.0245,0.0329107,0.03484735
SCUSDT,SC,USDT,TRADING,2026-10-01T21:17:35.368406+00:00,800,240,True,True,True,,2026-10-01T20:00:00+00:00,2026-09-30T00:00:00+00:00,0.001007,318861.170696,0.5864106351550962,0.000996,0.001229,0.2339357429718878,0.18063466232709516,0.3221515781135615,0.44746459505496167,0.5858457054376537,0.5651135047273851,-0.0837124658780708,0.012998515823239298,-0.0967109817013101,0.001007,0.001007,0.001042,0.00079356,0.000802785
SEIUSDT,SEI,USDT,TRADING,2026-10-01T21:17:35.372889+00:00,800,240,True,True,True,,2026-10-01T20:00:00+00:00,2026-09-30T00:00:00+00:00,0.07113,5894887.9312,0.7398591207189702,0.07049,0.08658,0.22825932756419354,0.1764841764841765,0.4819127444557091,0.6071887341578571,0.4355375796372041,0.36535384668477794,-0.08378308918015931,0.012998515823239298,-0.09678160500339861,0.07151,0.0713,0.07356,0.053604650000000004,0.05454005000000001
SENTUSDT,SENT,USDT,TRADING,2026-10-01T21:17:35.377399+00:00,800,240,True,True,True,,2026-10-01T20:00:00+00:00,2026-09-30T00:00:00+00:00,0.02154,754016.76194,0.8803827751196172,0.02016,0.0241,0.1954365079365079,0.10456431535269715,0.9768709484755683,0.6002021276254378,0.5496101102446894,0.48144069596406913,0.03402012458073789,0.012998515823239298,0.02102160875749859,0.02155,0.02158,0.02128,0.015608650000000002,0.01598075
SFPUSDT,SFP,USDT,TRADING,2026-10-01T21:17:35.381852+00:00,800,240,True,True,True,,2026-10-01T20:00:00+00:00,2026-09-30T00:00:00+00:00,0.3042,161835.3451,0.22324281150159742,0.2903,0.3264,0.12435411643127803,0.06587009803921574,0.8816261556878092,0.2863816417913771,0.36777063766683143,0.30528083597686134,0.034611469290804164,0.012998515823239298,0.021612953467564866,0.305,0.3049,0.3054,0.2672785,0.264758
SHAZBUSDT,SHAZB,USDT,TRADING,2026-10-01T21:17:35.384191+00:00,33,1,False,False,False,,2026-10-01T20:00:00+00:00,2026-09-30T00:00:00+00:00,50.47,115058.7276,,,,,,,,,0.4911111111111111,,,,50.17,50.47,54.71,,
SHELLUSDT,SHELL,USDT,TRADING,2026-10-01T21:17:35.387881+00:00,800,240,True,True,True,,2026-10-01T20:00:00+00:00,2026-09-30T00:00:00+00:00,0.02379,198014.825382,0.3599999999999999,0.02347,0.02859,0.218150830847891,0.16719132563833505,0.8338176288536389,0.7293285908276501,1.154453991968565,0.4218173607050538,-0.06185973207249795,0.012998515823239298,-0.07485824789573725,0.0238,0.02381,0.02415,0.026473499999999997,0.0269895
SHIBUSDT,SHIB,USDT,TRADING,2026-10-01T21:17:35.392582+00:00,800,240,True,True,True,,2026-10-01T20:00:00+00:00,2026-09-30T00:00:00+00:00,5.77e-06,3554051.12090621,0.2362869198312234,5.5e-06,6.01e-06,0.09272727272727277,0.038269550748752136,0.9164903849984044,0.5503700401635024,0.40706976744186046,0.43988636806666936,0.01940035273368612,0.012998515823239298,0.006401836910446823,5.8e-06,5.78e-06,5.76e-06,5.303750000000001e-06,5.3187000000000004e-06
SIGNUSDT,SIGN,USDT,TRADING,2026-10-01T21:17:35.397072+00:00,800,240,True,True,True,,2026-10-01T20:00:00+00:00,2026-09-30T00:00:00+00:00,0.01222,364943.9444,0.5679723502304148,0.01137,0.01427,0.2550571679859279,0.14505956552207422,0.5307517580727663,0.6159637839803513,0.9479689861998342,0.5405720547887188,-0.028662420382165488,0.012998515823239298,-0.041660936205404786,0.01224,0.0122,0.01252,0.0149329,0.0174404
SKHYBUSDT,SKHYB,USDT,TRADING,2026-10-01T21:17:35.401510+00:00,800,80,True,False,False,,2026-10-01T20:00:00+00:00,2026-09-30T00:00:00+00:00,192.34,4468689.32813,0.2138272860138528,179.49,193.83,0.0798930302523817,0.007429190527782212,1.788928891992656,0.3998088168264168,0.5751049813152521,0.2602089736517193,0.05546412113232391,0.012998515823239298,0.04246560530908461,193.49,192.39,184.62,,
SKLUSDT,SKL,USDT,TRADING,2026-10-01T21:17:35.405981+00:00,800,240,True,True,True,,2026-10-01T20:00:00+00:00,2026-09-30T00:00:00+00:00,0.00453,716468.12692,0.35882352941176476,0.00437,0.00482,0.10297482837528604,0.06016597510373433,1.1006059659295984,0.339438837672987,0.46219081272084805,0.9216669722545883,0.015695067264573925,0.012998515823239298,0.002696551441334627,0.00453,0.00453,0.00463,0.0049791,0.0052122
SKYUSDT,SKY,USDT,TRADING,2026-10-01T21:17:35.410561+00:00,800,240,True,True,True,,2026-10-01T20:00:00+00:00,2026-09-30T00:00:00+00:00,0.08402,3319102.50892,0.3745277927684836,0.0737,0.0875,0.18724559023066467,0.04685714285714278,0.8216391789127999,1.7729535743935922,2.0103554631348306,0.46798029556650245,0.06635980053701562,0.012998515823239298,0.053361284713776325,0.08339,0.0834,0.07769,0.0665956,0.06683879999999999
SLPUSDT,SLP,USDT,TRADING,2026-10-01T21:17:35.415057+00:00,800,240,True,True,True,,2026-10-01T20:00:00+00:00,2026-09-30T00:00:00+00:00,0.000667,234560.28763,0.22968197879858665,0.00064,0.000708,0.10624999999999996,0.059322033898304996,0.8659626331320812,0.4286960483555258,0.39867109634551495,0.8855177474539389,0.019908116385911168,0.012998515823239298,0.006909600562671869,0.000666,0.000666,0.000668,0.000598125,0.0005889700000000001
SMCIBUSDT,SMCIB,USDT,TRADING,2026-10-01T21:17:35.419209+00:00,800,57,True,False,False,,2026-10-01T20:00:00+00:00,2026-09-30T00:00:00+00:00,41.89,85668.1452,0.2257790368271957,40.19,44.5,0.1072406071161982,0.058876404494381966,1.3501791919842427,0.34864472027780646,0.32857142857142857,0.6723416131733185,0.0033540967896501517,0.012998515823239298,-0.009644419033589147,41.91,41.88,41.1,,
SMHBUSDT,SMHB,USDT,TRADING,2026-10-01T21:17:35.423325+00:00,800,64,True,False,False,,2026-10-01T20:00:00+00:00,2026-09-30T00:00:00+00:00,618.56,116157.96457,0.13200915025386362,592.67,625.33,0.05510655170668355,0.012121599795308143,1.5894661356037494,0.029872309213962632,0.13241379310344828,0.5476190476190476,0.02905165664406728,0.012998515823239298,0.016053140820827982,617.41,617.75,610.8,,
SNDKBUSDT,SNDKB,USDT,TRADING,2026-10-01T21:17:35.427569+00:00,800,112,True,False,False,,2026-10-01T20:00:00+00:00,2026-09-30T00:00:00+00:00,1780.51,27846854.813244,0.17340856289412554,1660.86,1801.4,0.08461881194080179,0.01117464194515383,3.0956665682642934,0.5125099902747007,0.38845234028015035,0.6788761043898283,0.04149564403905748,0.012998515823239298,0.02849712821581818,1787.64,1781.27,1736.55,,
SNXUSDT,SNX,USDT,TRADING,2026-10-01T21:17:35.432047+00:00,800,240,True,True,True,,2026-10-01T20:00:00+00:00,2026-09-30T00:00:00+00:00,0.2521,685507.50209,0.3223650385604111,0.2371,0.2777,0.17123576549978914,0.08966510622974425,0.7080151159543664,0.6593681757539297,0.3006504456757408,0.5558644316652392,0.04247422680412383,0.012998515823239298,0.02947571098088453,0.2531,0.2528,0.2533,0.257427,0.266568
SNXXBUSDT,SNXXB,USDT,TRADING,2026-10-01T21:17:35.436202+00:00,800,71,True,False,False,,2026-10-01T20:00:00+00:00,2026-09-30T00:00:00+00:00,17.52,5610058.8904,0.35046728971962615,15.22,17.92,0.17739816031537448,0.021763392857142887,2.1454045375211863,0.4492701175342472,0.5108822592631914,0.6144896045166263,0.08276714021000608,0.012998515823239298,0.06976862438676679,17.66,17.53,16.69,,
SOLUSDT,SOL,USDT,TRADING,2026-10-01T21:17:35.440699+00:00,800,240,True,True,True,,2026-10-01T20:00:00+00:00,2026-09-30T00:00:00+00:00,117.96,254666512.28858,0.25600083489876857,116.32,124.95,0.07419188445667135,0.05450180072028813,1.107818914052576,0.4741489514509151,0.4518895738407933,0.566497993658067,-0.005890272635476257,0.012998515823239298,-0.018888788458715555,118.3,118.14,118.12,85.46779999999998,82.84020000000001
SOLVUSDT,SOLV,USDT,TRADING,2026-10-01T21:17:35.445213+00:00,800,240,True,True,True,,2026-10-01T20:00:00+00:00,2026-09-30T00:00:00+00:00,0.00427,843353.50651,0.5578947368421054,0.00406,0.00451,0.11083743842364524,0.05099778270509982,1.5041790465955138,0.561789708386896,0.862398937624497,0.8849528699966467,0.0023419203747072626,0.012998515823239298,-0.010656595448532036,0.00421,0.00428,0.00429,0.0035185499999999996,0.0034751
SOPHUSDT,SOPH,USDT,TRADING,2026-10-01T21:17:35.449723+00:00,800,240,True,True,True,,2026-10-01T20:00:00+00:00,2026-09-30T00:00:00+00:00,0.00393,1153966.95269,0.10256410256410264,0.00342,0.00389,0.13742690058479523,-0.025706940874035945,1.3144815031661552,6.210952540621518,7.2601450197175925,0.5301374005688925,0.15317919075144504,0.012998515823239298,0.14018067492820574,0.00383,0.00399,0.00368,0.00607605,0.0065562500000000004
SOXLBUSDT,SOXLB,USDT,TRADING,2026-10-01T21:17:35.453876+00:00,800,86,True,False,False,,2026-10-01T20:00:00+00:00,2026-09-30T00:00:00+00:00,153.3,6254276.27515,0.5209726443768996,135.42,161.85,0.19517058041648205,0.04936669755946853,1.6275952680714532,0.29856351418401894,0.27980922098569155,0.1369054769454261,0.08543209876543223,0.012998515823239298,0.07243358294219293,153.89,153.86,149.17,,
SOXSBUSDT,SOXSB,USDT,TRADING,2026-10-01T21:17:35.457981+00:00,800,64,True,False,False,,2026-10-01T20:00:00+00:00,2026-09-30T00:00:00+00:00,31.86,3133209.2725,0.0372492836676217,30.06,35.96,0.19627411842980713,0.11651835372636266,1.7982177649526034,0.2844009089536051,0.4383222411391426,0.9412332939358125,-0.08179190751445087,0.012998515823239298,-0.09479042333769017,31.76,31.77,32.84,,
SPCXBUSDT,SPCXB,USDT,TRADING,2026-10-01T21:17:35.462172+00:00,800,111,True,False,False,,2026-10-01T20:00:00+00:00,2026-09-30T00:00:00+00:00,148.79,12993693.11055,0.0732658959537571,145.24,153.72,0.05838611952630113,0.033112151964611,1.4499033392571696,1.3628462725185218,2.5828318161079364,0.6558220040728727,0.01920043886717404,0.012998515823239298,0.006201923043934743,148.24,148.63,151.07,,
SPELLUSDT,SPELL,USDT,TRADING,2026-10-01T21:17:35.466650+00:00,800,240,True,True,True,,2026-10-01T20:00:00+00:00,2026-09-30T00:00:00+00:00,9.8e-05,244528.5909515,0.3756345177664975,9.53e-05,0.000115,0.20671563483735578,0.14695652173913046,0.26366986235526385,0.18967381027791716,0.29138000809388914,0.44907679641330944,0.007186858316221789,0.012998515823239298,-0.005811657507017509,9.78e-05,9.81e-05,9.72e-05,0.0001217025,0.0001301365
SPKUSDT,SPK,USDT,TRADING,2026-10-01T21:17:35.471114+00:00,800,240,True,True,True,,2026-10-01T20:00:00+00:00,2026-09-30T00:00:00+00:00,0.023678,1321024.519797,0.40990065090784533,0.021718,0.0265,0.2201860208122295,0.10166037735849051,1.1266422598537147,0.4080023788048698,0.2527289071529472,0.37803580189637104,0.06509775848955313,0.012998515823239298,0.05209924266631383,0.023887,0.023806,0.02495,0.021923879999999996,0.021875105000000002
SPYBUSDT,SPYB,USDT,TRADING,2026-10-01T21:17:35.475317+00:00,800,86,True,False,False,,2026-10-01T20:00:00+00:00,2026-09-30T00:00:00+00:00,764.36,501719.13333,0.025941322247981402,759.82,771.52,0.015398383827748496,0.009422957279137265,1.4326711561559538,0.06289011248414847,0.2504347826086956,0.6599162011173184,-0.002362739211027809,0.012998515823239298,-0.015361255034267107,764.23,764.25,765.83,,
SQQQBUSDT,SQQQB,USDT,TRADING,2026-10-01T21:17:35.479161+00:00,705,29,False,False,False,,2026-10-01T20:00:00+00:00,2026-09-30T00:00:00+00:00,34.11,144323.2084,,32.95,35.5,0.07738998482549309,0.0391549295774648,1.4083821379600086,0.06981835255450891,0.7147766323024055,0.6516476126429052,-0.02207568807339455,0.012998515823239298,-0.03507420389663385,34.14,34.11,34.04,,
SSVUSDT,SSV,USDT,TRADING,2026-10-01T21:17:35.483588+00:00,800,240,True,True,True,,2026-10-01T20:00:00+00:00,2026-09-30T00:00:00+00:00,3.113,287248.892978,0.23076923076923084,2.983,3.325,0.1146496815286624,0.06285714285714288,1.0592828473418554,0.30663622833871346,0.1341601886627653,0.49946237492800316,0.016639477977161476,0.012998515823239298,0.003640962153922178,3.124,3.116,3.159,2.469605,2.4416700000000002
STEEMUSDT,STEEM,USDT,TRADING,2026-10-01T21:17:35.488211+00:00,800,240,True,True,True,,2026-10-01T20:00:00+00:00,2026-09-30T00:00:00+00:00,0.06354,314669.283419,0.6114920785055569,0.06165,0.06961,0.12911597729115987,0.08863669013072846,0.6943188809341606,0.2086053101343933,0.24967490247074123,0.2773476154772535,0.00491050213844435,0.012998515823239298,-0.008088013684794948,0.06346,0.06344,0.0651,0.049588400000000005,0.04960715
STGUSDT,STG,USDT,TRADING,2026-10-01T21:17:35.492711+00:00,800,240,True,True,True,,2026-10-01T20:00:00+00:00,2026-09-30T00:00:00+00:00,0.1555,438028.89654,0.24321880650994587,0.1232,0.1633,0.3254870129870129,0.024494794856093103,2.1384528303631374,0.7426137495060046,0.7410353454358842,0.37676604751368864,0.1852678571428572,0.012998515823239298,0.1722693413196179,0.1614,0.1593,0.1498,0.18949249999999998,0.1916605
STOUSDT,STO,USDT,TRADING,2026-10-01T21:17:35.497248+00:00,800,240,True,True,True,,2026-10-01T20:00:00+00:00,2026-09-30T00:00:00+00:00,0.0429,935231.93362,0.22010869565217406,0.0415,0.0473,0.13975903614457819,0.09090909090909102,1.3403906015712832,0.8531560767677313,0.4319113039286575,0.7767554767231429,-0.006928406466512715,0.012998515823239298,-0.019926922289752014,0.0427,0.043,0.0426,0.06644649999999999,0.068467
STRAXUSDT,STRAX,USDT,TRADING,2026-10-01T21:17:35.501728+00:00,800,240,True,True,True,,2026-10-01T20:00:00+00:00,2026-09-30T00:00:00+00:00,0.0115,168423.08248,0.2885032537960954,0.01085,0.01223,0.12718894009216575,0.05887162714636142,0.8091424100028349,0.33939006499255947,0.9880299809822128,0.5106972072600573,0.015887025595763493,0.012998515823239298,0.002888509772524195,0.0115,0.01151,0.01148,0.0110856,0.01140375
STRKUSDT,STRK,USDT,TRADING,2026-10-01T21:17:35.506263+00:00,800,240,True,True,True,,2026-10-01T20:00:00+00:00,2026-09-30T00:00:00+00:00,0.04172,4228630.7421077,0.5728880157170924,0.03862,0.045,0.1651993785603314,0.06755555555555558,1.1875291131952648,0.6135131935796533,0.6290579826330579,0.5466965917157441,0.014261542180323827,0.012998515823239298,0.001263026357084529,0.04181,0.04196,0.04315,0.033763699999999994,0.0340541
STXBUSDT,STXB,USDT,TRADING,2026-10-01T21:17:35.510099+00:00,705,29,False,False,False,,2026-10-01T20:00:00+00:00,2026-09-30T00:00:00+00:00,943.95,24045.20123,,871.05,947.65,0.08793984271855804,0.003978262016567279,0.8160829935236266,0.9139951696961991,0.8275862068965517,0.30440587449933243,0.025566360623675788,0.012998515823239298,0.01256784480043649,948.34,943.88,925.49,,
STXUSDT,STX,USDT,TRADING,2026-10-01T21:17:35.514607+00:00,800,240,True,True,True,,2026-10-01T20:00:00+00:00,2026-09-30T00:00:00+00:00,0.3777,11159324.83659,0.4617402710975076,0.3032,0.4142,0.3660949868073877,0.08763882182520522,2.9737850244415553,0.2910542030403552,0.22393886861761947,0.5940763157028117,0.20850655580428534,0.012998515823239298,0.19550803998104604,0.3782,0.3779,0.3719,0.2142145,0.209677
SUIUSDT,SUI,USDT,TRADING,2026-10-01T21:17:35.519167+00:00,800,240,True,True,True,,2026-10-01T20:00:00+00:00,2026-09-30T00:00:00+00:00,1.1728,87416350.2717,0.6989598811292719,1.0922,1.2947,0.18540560336934608,0.08836023789294822,0.7393812952564784,0.5553321632289281,0.6785568897935239,0.5217445025610161,0.018026565464895672,0.012998515823239298,0.005028049641656374,1.189,1.1803,1.1643,0.8488849999999999,0.8483435
SUNUSDT,SUN,USDT,TRADING,2026-10-01T21:17:35.523658+00:00,800,240,True,True,True,,2026-10-01T20:00:00+00:00,2026-09-30T00:00:00+00:00,0.01706,466267.88341,0.06946182728410522,0.01683,0.01731,0.02852049910873422,0.013864818024263469,0.4531764870401508,0.12517394147868044,0.10905550146056475,0.5299364647781816,-0.008710801393728262,0.012998515823239298,-0.02170931721696756,0.01709,0.01707,0.01722,0.01790295,0.0178003
SUPERUSDT,SUPER,USDT,TRADING,2026-10-01T21:17:35.528178+00:00,800,240,True,True,True,,2026-10-01T20:00:00+00:00,2026-09-30T00:00:00+00:00,0.2168,3521785.9687,0.8994307400379506,0.1875,0.2193,0.16959999999999997,0.0054719562243502355,0.5793408850533868,10.532890436156618,21.445983545250563,0.5938038224073642,0.13712200208550573,0.012998515823239298,0.12412348626226644,0.2177,0.2181,0.1985,0.1092615,0.10533200000000001
SUSDT,S,USDT,TRADING,2026-10-01T21:17:35.532660+00:00,800,240,True,True,True,,2026-10-01T20:00:00+00:00,2026-09-30T00:00:00+00:00,0.03864,2108203.464491,0.5853166599435258,0.03685,0.042,0.1397557666214384,0.07380952380952394,1.385852363141788,0.26271426845247287,0.2508061438028929,0.4416438554103298,0.02314571278274591,0.012998515823239298,0.01014719695950661,0.03906,0.0389,0.04078,0.03427205,0.03487565
SUSHIUSDT,SUSHI,USDT,TRADING,2026-10-01T21:17:35.537225+00:00,800,240,True,True,True,,2026-10-01T20:00:00+00:00,2026-09-30T00:00:00+00:00,0.2623,1020853.893,0.4085333333333334,0.243,0.2897,0.19218106995884776,0.08974801518812572,2.0161709721735246,0.17779991303711662,0.22223247658160675,0.4293198189220739,0.048092209856915646,0.012998515823239298,0.03509369403367635,0.264,0.2637,0.2719,0.1953605,0.191142
SXTUSDT,SXT,USDT,TRADING,2026-10-01T21:17:35.541719+00:00,800,240,True,True,True,,2026-10-01T20:00:00+00:00,2026-09-30T00:00:00+00:00,0.00935,400400.300804,0.23458445040214482,0.00877,0.00965,0.10034207525655647,0.02901554404145085,1.0440436390927075,0.5804540978093742,0.9320221089656162,0.6441841021207996,0.036504424778761146,0.012998515823239298,0.023505908955521848,0.00935,0.00937,0.00938,0.010816000000000001,0.01185635
SYNUSDT,SYN,USDT,TRADING,2026-10-01T21:17:35.546271+00:00,800,240,True,True,True,,2026-10-01T20:00:00+00:00,2026-09-30T00:00:00+00:00,0.18759,8671880.149387,1.417593790426908,0.15604,0.20646,0.32312227633940016,0.09551486970841817,3.13396964241471,1.509457629491429,1.4278064389734213,0.4652450769232515,0.06910173469971936,0.012998515823239298,0.056103218876480065,0.19164,0.18674,0.15959,0.1207544,0.108519
TAOUSDT,TAO,USDT,TRADING,2026-10-01T21:17:35.550842+00:00,800,240,True,True,True,,2026-10-01T20:00:00+00:00,2026-09-30T00:00:00+00:00,303.3,34355740.2331,0.47516401124648544,294.6,337.1,0.14426340801086224,0.09581726490655594,0.8361922947610426,0.49564828183086834,0.4234952195324484,0.4563413947236134,-0.008458035133376618,0.012998515823239298,-0.021456550956615916,305.0,304.8,300.9,246.4585,238.19800000000004
TFUELUSDT,TFUEL,USDT,TRADING,2026-10-01T21:17:35.555347+00:00,800,240,True,True,True,,2026-10-01T20:00:00+00:00,2026-09-30T00:00:00+00:00,0.01054,158010.89226,0.2451093210586881,0.00907,0.01177,0.2976846747519293,0.10450297366185204,0.41659998765536144,0.6139653359959857,0.9101922570450355,0.6187192748515097,-0.014031805425631316,0.012998515823239298,-0.027030321248870615,0.01052,0.01054,0.01048,0.00968535,0.0099906
THETAUSDT,THETA,USDT,TRADING,2026-10-01T21:17:35.559844+00:00,800,240,True,True,True,,2026-10-01T20:00:00+00:00,2026-09-30T00:00:00+00:00,0.2177,527732.65894,0.3820156910078456,0.2161,0.2385,0.10365571494678383,0.08176100628930813,1.1317766504866198,0.35807290293342225,0.4865290688514259,0.5291337988467224,-0.01749663526244949,0.012998515823239298,-0.030495151085688788,0.218,0.219,0.2245,0.172436,0.16984349999999998
THEUSDT,THE,USDT,TRADING,2026-10-01T21:17:35.564363+00:00,800,240,True,True,True,,2026-10-01T20:00:00+00:00,2026-09-30T00:00:00+00:00,0.074,432293.06387,0.2916006339144215,0.0728,0.0901,0.23763736263736246,0.17536071032186454,0.44584891750802524,2.156447171975474,1.1450544755394148,0.16201396984220393,-0.053503184713375784,0.012998515823239298,-0.06650170053661508,0.0744,0.0743,0.0759,0.081471,0.10033999999999998
TIAUSDT,TIA,USDT,TRADING,2026-10-01T21:17:35.568834+00:00,800,240,True,True,True,,2026-10-01T20:00:00+00:00,2026-09-30T00:00:00+00:00,0.4309,8185536.406512,0.5215355805243445,0.4209,0.5135,0.22000475172249923,0.15929892891918207,1.6079194950801408,0.8616367596574889,0.957334960918273,0.5177607471768356,-0.03552278820375343,0.012998515823239298,-0.04852130402699273,0.432,0.4317,0.4422,0.3663445,0.35716549999999997
TKOUSDT,TKO,USDT,TRADING,2026-10-01T21:17:35.573313+00:00,800,240,True,True,True,,2026-10-01T20:00:00+00:00,2026-09-30T00:00:00+00:00,0.0609,269462.31239,0.28,0.0582,0.0644,0.10652920962199297,0.05124223602484468,0.9553774778762679,0.835562789761323,0.8819599109131403,0.21586451756011465,0.035593220338983045,0.012998515823239298,0.022594704515743746,0.0608,0.0611,0.0597,0.0528915,0.05298
TLMUSDT,TLM,USDT,TRADING,2026-10-01T21:17:35.577842+00:00,800,240,True,True,True,,2026-10-01T20:00:00+00:00,2026-09-30T00:00:00+00:00,0.001617,2509742.619368,0.2735632183908048,0.00148,0.00174,0.17567567567567566,0.06551724137931032,1.201853272906344,6.692936172550344,7.154811715481172,0.5455502960013131,0.07185234014502329,0.012998515823239298,0.05885382432178399,0.001622,0.001626,0.001534,0.0015842799999999998,0.0016042200000000002
TNSRUSDT,TNSR,USDT,TRADING,2026-10-01T21:17:35.582370+00:00,800,240,True,True,True,,2026-10-01T20:00:00+00:00,2026-09-30T00:00:00+00:00,0.0404,1354696.96911,0.25076452599388377,0.0375,0.0431,0.14933333333333332,0.06032482598607884,0.7857369393815932,0.9446477054838702,0.8326105810928014,0.515376726502327,0.04113110539845777,0.012998515823239298,0.02813258957521847,0.0406,0.0405,0.0391,0.036157999999999996,0.037106
TOWNSUSDT,TOWNS,USDT,TRADING,2026-10-01T21:17:35.586870+00:00,800,240,True,True,True,,2026-10-01T20:00:00+00:00,2026-09-30T00:00:00+00:00,0.002185,741951.416728,0.28181818181818197,0.001993,0.002316,0.16206723532363276,0.05872193436960269,1.1706960228653092,0.32737020295807845,0.2989373710637967,0.35517859543618885,0.07389162561576357,0.012998515823239298,0.06089310979252427,0.002175,0.00218,0.002101,0.0026614300000000002,0.0028125499999999996
TQQQBUSDT,TQQQB,USDT,TRADING,2026-10-01T21:17:35.591033+00:00,800,71,True,False,False,,2026-10-01T20:00:00+00:00,2026-09-30T00:00:00+00:00,78.71,760607.8561,0.18651685393258433,75.45,81.68,0.08257123923127896,0.03758570029382967,1.8092711036414344,0.10263788705439149,0.3445378151260504,0.6073836276083467,0.021174330995063606,0.012998515823239298,0.008175815171824308,78.74,78.61,78.92,,
TRBUSDT,TRB,USDT,TRADING,2026-10-01T21:17:35.595612+00:00,800,240,True,True,True,,2026-10-01T20:00:00+00:00,2026-09-30T00:00:00+00:00,21.25,5621630.87964,0.23459863098942124,18.31,21.96,0.19934462042599677,0.030510018214936326,2.630717367819836,0.23307225229315792,0.29946906451670574,0.5063401647460092,0.13546666666666662,0.012998515823239298,0.12246815084342733,21.14,21.29,21.2,16.25445,15.872150000000001
TREEUSDT,TREE,USDT,TRADING,2026-10-01T21:17:35.600157+00:00,800,240,True,True,True,,2026-10-01T20:00:00+00:00,2026-09-30T00:00:00+00:00,0.0453,467477.41732,0.26315789473684226,0.0438,0.05,0.14155251141552516,0.09400000000000006,0.9130904080902384,0.39536533767184595,0.2542934086795285,0.5370999145804154,0.0,0.012998515823239298,-0.012998515823239298,0.0453,0.0453,0.0457,0.050809999999999994,0.053210499999999994
TRUMPUSDT,TRUMP,USDT,TRADING,2026-10-01T21:17:35.604637+00:00,800,240,True,True,True,,2026-10-01T20:00:00+00:00,2026-09-30T00:00:00+00:00,2.062,33532084.10574,0.1521499448732082,1.931,2.251,0.16571724495080264,0.08085295424255884,1.2924066825437008,0.3002179364034455,0.2881800622983398,0.46887615469813043,0.032435129740518986,0.012998515823239298,0.019436613917279688,2.066,2.069,2.053,2.15797,2.28424
TRXUSDT,TRX,USDT,TRADING,2026-10-01T21:17:35.609236+00:00,800,240,True,True,True,,2026-10-01T20:00:00+00:00,2026-09-30T00:00:00+00:00,0.3354,35261491.55491,0.04103201740752249,0.3324,0.3409,0.025571600481347767,0.015840422411264186,1.3844465294108683,0.44730612320624763,0.6710106102967842,0.3864570135758121,-0.0014880952380952328,0.012998515823239298,-0.014486611061334531,0.3361,0.3355,0.3374,0.33100700000000005,0.325802
TSLABUSDT,TSLAB,USDT,TRADING,2026-10-01T21:17:35.613519+00:00,800,112,True,False,False,,2026-10-01T20:00:00+00:00,2026-09-30T00:00:00+00:00,355.35,3956648.7183,0.061283880171184135,346.36,374.4,0.08095623051160628,0.05133547008547001,2.3758181348662677,0.5329148197447726,0.6802268665993318,0.4844567293673794,-0.007461226770993479,0.012998515823239298,-0.020459742594232777,354.57,355.18,355.28,,
TSMBUSDT,TSMB,USDT,TRADING,2026-10-01T21:17:35.617676+00:00,800,78,True,False,False,,2026-10-01T20:00:00+00:00,2026-09-30T00:00:00+00:00,459.1,113566.6048,0.1038385224015872,443.24,462.98,0.04453569172457361,0.008661281264849434,1.1324171366444733,0.12359418052383861,0.38318254390633316,0.6287300485773768,0.013514408744617512,0.012998515823239298,0.0005158929213782137,459.47,458.97,457.53,,
TSTUSDT,TST,USDT,TRADING,2026-10-01T21:17:35.622191+00:00,800,240,True,True,True,,2026-10-01T20:00:00+00:00,2026-09-30T00:00:00+00:00,0.01739,717390.933069,0.36244541484716164,0.01685,0.01958,0.16201780415430256,0.10929519918283961,0.4906020322273712,1.1762695332711397,0.5146590718713352,0.3206843909802114,0.011014492753623095,0.012998515823239298,-0.001984023069616203,0.01729,0.01744,0.0178,0.013740899999999999,0.01302
TURBOUSDT,TURBO,USDT,TRADING,2026-10-01T21:17:35.626829+00:00,800,240,True,True,True,,2026-10-01T20:00:00+00:00,2026-09-30T00:00:00+00:00,0.001016,427755.515942,0.22968197879858643,0.000952,0.001112,0.16806722689075615,0.08183453237410067,0.6482695457606579,0.3029376487196107,0.4778343763644302,0.4360415859874014,0.013902681231380276,0.012998515823239298,0.0009041654081409778,0.001023,0.001021,0.001033,0.00098357,0.000983125
TURTLEUSDT,TURTLE,USDT,TRADING,2026-10-01T21:17:35.631346+00:00,800,240,True,True,True,,2026-10-01T20:00:00+00:00,2026-09-30T00:00:00+00:00,0.0429,56955.75944,0.18279569892473124,0.0416,0.0451,0.08413461538461542,0.04656319290465642,0.6882718419247963,3.851654026891005,1.9152489947417257,0.6932288080160613,0.014150943396226356,0.012998515823239298,0.0011524275729870581,0.0428,0.043,0.0429,0.041869,0.0418955
TUSDT,T,USDT,TRADING,2026-10-01T21:17:35.635830+00:00,800,240,True,True,True,,2026-10-01T20:00:00+00:00,2026-09-30T00:00:00+00:00,0.00538,281337.284848,0.5698324022346368,0.00519,0.0062,0.19460500963391136,0.13064516129032258,0.4351738019858555,0.2153816977180163,0.23546511627906977,0.5750932157826656,0.009363295880149725,0.012998515823239298,-0.0036352199430895737,0.00537,0.00539,0.00555,0.0047694,0.0049157
TWTUSDT,TWT,USDT,TRADING,2026-10-01T21:17:35.640402+00:00,800,240,True,True,True,,2026-10-01T20:00:00+00:00,2026-09-30T00:00:00+00:00,0.5932,1531139.9268,0.2020841847159789,0.5562,0.6184,0.11183027687882041,0.036707632600258645,1.469808722167046,2.1007343474271565,1.8536338313497087,0.5074830454746306,0.021959169668896994,0.012998515823239298,0.008960653845657696,0.5873,0.5957,0.613,0.4357545,0.428898
UMAUSDT,UMA,USDT,TRADING,2026-10-01T21:17:35.644950+00:00,800,240,True,True,True,,2026-10-01T20:00:00+00:00,2026-09-30T00:00:00+00:00,0.407,211289.5879,0.22318840579710142,0.396,0.439,0.10858585858585856,0.06833712984054675,0.9673739366867132,0.5253685560936502,0.45907172995780593,0.5817531033432335,0.00987654320987641,0.012998515823239298,-0.003121972613362889,0.408,0.409,0.412,0.40303,0.407005
UNIUSDT,UNI,USDT,TRADING,2026-10-01T21:17:35.649481+00:00,800,240,True,True,True,,2026-10-01T20:00:00+00:00,2026-09-30T00:00:00+00:00,9.045,62570239.508,0.6797942167819762,8.447,10.2,0.20752930034331718,0.10931372549019593,0.7888559154893786,0.21778972457543108,0.35091464214789997,0.5405025200032301,0.03450239125483945,0.012998515823239298,0.02150387543160015,9.112,9.085,8.882,4.0735,3.6288600000000004
USARBUSDT,USARB,USDT,TRADING,2026-10-01T21:17:35.653599+00:00,800,57,True,False,False,,2026-10-01T20:00:00+00:00,2026-09-30T00:00:00+00:00,13.85,134562.5971,0.014093959731543482,13.5,15.35,0.13703703703703707,0.09902280130293158,1.7275431359774,0.499194295639264,0.8921249281471546,0.5544338792778454,-0.044229440221147276,0.012998515823239298,-0.057227956044386574,13.81,13.83,14.24,,
USDEUSDT,USDE,USDT,TRADING,2026-10-01T21:17:35.658758+00:00,800,240,True,True,True,,2026-10-01T20:00:00+00:00,2026-09-30T00:00:00+00:00,0.9998,3998109.7848,0.0867202782003913,0.9999,1.0006,0.0007000700070005639,0.0006995802518488137,2.2907339342234447,37.52156909956836,3.725321888412017,0.1740394325548966,-0.0003998800359891197,0.012998515823239298,-0.013398395859228418,1.0003,0.9999,1.0004,1.0000125,0.9999445
USTCUSDT,USTC,USDT,TRADING,2026-10-01T21:17:35.663777+00:00,800,240,True,True,True,,2026-10-01T20:00:00+00:00,2026-09-30T00:00:00+00:00,0.00589,848693.72939,0.2080808080808081,0.00563,0.0067,0.19005328596802862,0.11492537313432834,0.9407845444007434,0.6894718017509998,0.9404702351175588,0.3297816234574791,0.03310104529616731,0.012998515823239298,0.02010252947292801,0.00599,0.00593,0.00576,0.0055693999999999995,0.005503900000000001
USUALUSDT,USUAL,USDT,TRADING,2026-10-01T21:17:35.668329+00:00,800,240,True,True,True,,2026-10-01T20:00:00+00:00,2026-09-30T00:00:00+00:00,0.01307,372743.564074,0.3824091778202676,0.01289,0.01568,0.21644685802948005,0.1619897959183673,0.8087466523635669,0.32603256058084085,0.4272523084601947,0.49370057233509973,-0.09128630705394192,0.012998515823239298,-0.10428482287718122,0.01313,0.01314,0.01356,0.01163805,0.011750050000000001
UUSDT,U,USDT,TRADING,2026-10-01T21:17:35.672904+00:00,800,240,True,True,True,,2026-10-01T20:00:00+00:00,2026-09-30T00:00:00+00:00,0.9998,22342393.3768,0.0008006405124099114,0.9996,1.0002,0.0006002400960383181,0.0003999200159967566,1.2107568350306166,1.2811074050168358,0.6504226752859273,0.33733294672315106,-0.00029997000299963883,0.012998515823239298,-0.013298485826238937,0.9998,0.9998,1.0,1.000256,1.0002469999999999
VANAUSDT,VANA,USDT,TRADING,2026-10-01T21:17:35.677469+00:00,800,240,True,True,True,,2026-10-01T20:00:00+00:00,2026-09-30T00:00:00+00:00,1.067,325459.88152,0.3032036613272311,1.037,1.169,0.12729026036644187,0.08297690333618475,1.0287949622541526,0.343230038482465,0.7474452554744525,0.4474562009098031,-0.009242144177449174,0.012998515823239298,-0.022240660000688472,1.072,1.072,1.083,1.196485,1.23418
VELODROMEUSDT,VELODROME,USDT,TRADING,2026-10-01T21:17:35.681964+00:00,800,240,True,True,True,,2026-10-01T20:00:00+00:00,2026-09-30T00:00:00+00:00,0.03342,600548.811872,0.7218009478672986,0.03298,0.03734,0.13220133414190416,0.0982860203535083,0.6277315706353619,1.8238533752793489,0.8355700381597565,0.4958456986953425,-0.04128701594533024,0.012998515823239298,-0.05428553176856954,0.03407,0.03367,0.03536,0.018821749999999998,0.0174899
VETUSDT,VET,USDT,TRADING,2026-10-01T21:17:35.686597+00:00,800,240,True,True,True,,2026-10-01T20:00:00+00:00,2026-09-30T00:00:00+00:00,0.008758,1408160.309843,0.43602484472049663,0.008557,0.00952,0.11253944139301164,0.07657563025210089,0.8651352415365032,0.3744374494206008,0.35061479330075307,0.5102941002416519,0.004111936036550468,0.012998515823239298,-0.00888657978668883,0.008793,0.008791,0.008858,0.006228279999999999,0.0061088
VIRTUALUSDT,VIRTUAL,USDT,TRADING,2026-10-01T21:17:35.691171+00:00,800,240,True,True,True,,2026-10-01T20:00:00+00:00,2026-09-30T00:00:00+00:00,0.7829,6584167.37954,0.3613430758524705,0.7616,0.8538,0.1210609243697478,0.07659873506676038,0.7343384935649913,0.2591005302170321,0.26487455197132614,0.4346282282451577,-0.05546903078950527,0.012998515823239298,-0.06846754661274457,0.7896,0.7884,0.8056,0.6626604999999999,0.6615455
VTHOUSDT,VTHO,USDT,TRADING,2026-10-01T21:17:35.695718+00:00,800,240,True,True,True,,2026-10-01T20:00:00+00:00,2026-09-30T00:00:00+00:00,0.000668,60917485.613529,1.1052631578947367,0.000648,0.000823,0.2700617283950615,0.18712029161603883,1.0088487481232464,0.02999020943581444,0.031677180050558744,0.5486716028510189,-0.05641748942172076,0.012998515823239298,-0.06941600524496006,0.000667,0.000669,0.000685,0.00048174000000000003,0.00046986
WALUSDT,WAL,USDT,TRADING,2026-10-01T21:17:35.700258+00:00,800,240,True,True,True,,2026-10-01T20:00:00+00:00,2026-09-30T00:00:00+00:00,0.03385,542015.544089,0.4792682926829268,0.0325,0.0386,0.18769230769230782,0.11761658031088089,0.9969175102887945,0.16758006705910164,0.33746233679276866,0.5680350847163979,0.000587544065804968,0.012998515823239298,-0.01241097175743433,0.03415,0.03406,0.03393,0.04659675,0.05110250000000001
WAXPUSDT,WAXP,USDT,TRADING,2026-10-01T21:17:35.704734+00:00,800,240,True,True,True,,2026-10-01T20:00:00+00:00,2026-09-30T00:00:00+00:00,0.00618,230486.80065,0.5898058252427183,0.00582,0.00671,0.15292096219931284,0.07749627421758563,0.6761098997803352,0.3381550433661854,0.6009608385500074,0.29686797782010743,0.029950083194675514,0.012998515823239298,0.016951567371436216,0.00619,0.00619,0.00627,0.005266000000000001,0.005345249999999999
WBETHUSDT,WBETH,USDT,TRADING,2026-10-01T21:17:35.709316+00:00,800,240,True,True,True,,2026-10-01T20:00:00+00:00,2026-09-30T00:00:00+00:00,2985.28,1195650.975144,0.13664598657841798,2917.07,3041.95,0.04281007997751152,0.01737043672644182,1.0288767190421366,0.5588487492523241,0.8908528501988511,0.7189139946366937,0.007075209476737676,0.012998515823239298,-0.005923306346501622,2990.33,2989.11,2971.41,2320.62625,2250.3386
WBTCUSDT,WBTC,USDT,TRADING,2026-10-01T21:17:35.713832+00:00,800,240,True,True,True,,2026-10-01T20:00:00+00:00,2026-09-30T00:00:00+00:00,84549.4,6248524.5298481,0.12319425906199322,82558.35,85547.88,0.03621111613785888,0.010999571234260921,1.524033565787698,0.11295553998891024,0.15625,0.7532390348270533,0.013306529605962458,0.012998515823239298,0.00030801378272315993,84715.8,84606.89,83561.51,71205.48595,69887.6496
WCTUSDT,WCT,USDT,TRADING,2026-10-01T21:17:35.718372+00:00,800,240,True,True,True,,2026-10-01T20:00:00+00:00,2026-09-30T00:00:00+00:00,0.0412,292760.017313,0.26317330210772827,0.03965,0.04454,0.12332912988650713,0.07364167040862157,0.5470263209093202,0.2517812438550973,0.4592583328122069,0.430618496610937,0.009048667155783674,0.012998515823239298,-0.003949848667455624,0.04128,0.04126,0.04206,0.0487509,0.05062415000000001
WENBUSDT,WENB,USDT,TRADING,2026-10-01T21:17:35.720727+00:00,33,1,False,False,False,,2026-10-01T20:00:00+00:00,2026-09-30T00:00:00+00:00,6.27,59181.829,,,,,,,,,0.017072065266656597,,,,6.27,6.27,6.43,,
WIFUSDT,WIF,USDT,TRADING,2026-10-01T21:17:35.724447+00:00,800,240,True,True,True,,2026-10-01T20:00:00+00:00,2026-09-30T00:00:00+00:00,0.2478,2534449.988155,0.40023134759976875,0.2235,0.2599,0.16286353467561532,0.04270873412851106,1.2967105680764819,0.4139359193687206,0.28121494162130717,0.44729898359781,0.08079930495221554,0.012998515823239298,0.06780078912897625,0.2519,0.2488,0.2489,0.18092,0.17800850000000001
WINUSDT,WIN,USDT,TRADING,2026-10-01T21:17:35.728963+00:00,800,240,True,True,True,,2026-10-01T20:00:00+00:00,2026-09-30T00:00:00+00:00,5.169e-05,770713.13669258,0.46522781774580335,4.269e-05,5.255e-05,0.23096743968142408,0.017316841103710685,1.4410135353221292,0.5943119416880811,0.7037931621023983,0.6425354453818739,0.14273069263111315,0.012998515823239298,0.12973217680787386,5.109e-05,5.164e-05,4.828e-05,2.49578e-05,2.3048799999999995e-05
WLDUSDT,WLD,USDT,TRADING,2026-10-01T21:17:35.733487+00:00,800,240,True,True,True,,2026-10-01T20:00:00+00:00,2026-09-30T00:00:00+00:00,0.497,68187678.12659,0.47989807474518686,0.4663,0.5884,0.2618485953248981,0.14887831407205984,0.8912951854514756,0.34121274376552524,0.36607625374194686,0.5200300086164835,0.03215169002473206,0.012998515823239298,0.019153174201492762,0.5014,0.5008,0.5353,0.36495350000000004,0.35901599999999995
WOOUSDT,WOO,USDT,TRADING,2026-10-01T21:17:35.738097+00:00,800,240,True,True,True,,2026-10-01T20:00:00+00:00,2026-09-30T00:00:00+00:00,0.0136,303558.652584,0.5593824228028501,0.01277,0.01453,0.13782302270947522,0.061252580867171384,0.669434553314952,0.39714197381399347,0.4066193853427896,0.3423052727182365,0.04441041347626329,0.012998515823239298,0.03141189765302399,0.01366,0.01364,0.01402,0.01438495,0.014895
WUSDT,W,USDT,TRADING,2026-10-01T21:17:35.742667+00:00,800,240,True,True,True,,2026-10-01T20:00:00+00:00,2026-09-30T00:00:00+00:00,0.01339,1374906.81698,0.4625144175317184,0.01257,0.01622,0.290373906125696,0.17262638717632545,0.2875517223039271,0.6602031608294512,0.39362675232402305,0.5110566434663277,-0.014684287812041119,0.012998515823239298,-0.027682803635280417,0.01354,0.01342,0.01348,0.0113587,0.0120458
XAIUSDT,XAI,USDT,TRADING,2026-10-01T21:17:35.747246+00:00,800,240,True,True,True,,2026-10-01T20:00:00+00:00,2026-09-30T00:00:00+00:00,0.00955,1095718.274503,0.36691729323308286,0.00888,0.01015,0.14301801801801783,0.05714285714285704,0.4022578103619757,0.6102028325247105,0.6114035440189658,0.5772158158786678,0.05980066445182741,0.012998515823239298,0.046802148628588114,0.00959,0.00957,0.0094,0.008547550000000001,0.00872495
XAUTUSDT,XAUT,USDT,TRADING,2026-10-01T21:17:35.751648+00:00,800,189,True,False,False,,2026-10-01T20:00:00+00:00,2026-09-30T00:00:00+00:00,4179.86,18635245.502733,0.00879833131032215,4115.18,4282.52,0.04066407787751691,0.024403855673762225,0.5554851750454868,0.13976500473853112,0.29729052289431346,0.32161069167245065,0.013728244808234091,0.012998515823239298,0.000729728984994793,4177.01,4178.01,4159.08,4383.06835978836,
XECUSDT,XEC,USDT,TRADING,2026-10-01T21:17:35.756217+00:00,800,240,True,True,True,,2026-10-01T20:00:00+00:00,2026-09-30T00:00:00+00:00,8.06e-06,355243.97129246,0.314540059347181,7.78e-06,9.02e-06,0.15938303341902316,0.10199556541019952,0.9623171715710852,0.4462624731568573,0.5013640969678074,0.6217216712238758,-0.02877697841726612,0.012998515823239298,-0.04177549424050542,8.06e-06,8.1e-06,8.29e-06,6.809100000000001e-06,6.707750000000001e-06
XLMUSDT,XLM,USDT,TRADING,2026-10-01T21:17:35.760978+00:00,800,240,True,True,True,,2026-10-01T20:00:00+00:00,2026-09-30T00:00:00+00:00,0.2193,21716136.4174,0.2539404553415061,0.2065,0.2371,0.14818401937046022,0.07338675664276675,0.7478850856573693,0.6146998181925734,0.8134522775716428,0.6100196141721669,-0.04103011785246613,0.012998515823239298,-0.05402863367570543,0.2194,0.2197,0.2263,0.179747,0.1751925
XNOUSDT,XNO,USDT,TRADING,2026-10-01T21:17:35.765487+00:00,800,240,True,True,True,,2026-10-01T20:00:00+00:00,2026-09-30T00:00:00+00:00,0.37,118309.95936,0.23606557377049175,0.35,0.39,0.11428571428571432,0.05128205128205133,0.7937378223051358,1.1260794780071488,1.34373125374925,0.5217753946349837,0.022099447513812098,0.012998515823239298,0.0091009316905728,0.369,0.37,0.359,0.40475,0.42180999999999996
XPLUSDT,XPL,USDT,TRADING,2026-10-01T21:17:35.770012+00:00,800,240,True,True,True,,2026-10-01T20:00:00+00:00,2026-09-30T00:00:00+00:00,0.09556,10303334.751,0.4436031331592689,0.09055,0.11536,0.2739922694643844,0.16903606102635232,0.6833350563605637,0.8732814048527198,0.40855101019771584,0.545190574898216,-0.03269424823410694,0.012998515823239298,-0.045692764057346236,0.09722,0.09586,0.09498,0.09331765,0.0940752
XRPUSDT,XRP,USDT,TRADING,2026-10-01T21:17:35.774604+00:00,800,240,True,True,True,,2026-10-01T20:00:00+00:00,2026-09-30T00:00:00+00:00,1.4949,170883195.31151,0.21254411292909858,1.4663,1.5617,0.0650617199754484,0.04046871998463222,1.1003165451167738,0.5305022709575758,0.631169727279612,0.5434705513289728,0.002274095378235419,0.012998515823239298,-0.01072442044500388,1.5011,1.4985,1.49,1.2800265,1.2738885
XTZUSDT,XTZ,USDT,TRADING,2026-10-01T21:17:35.779139+00:00,800,240,True,True,True,,2026-10-01T20:00:00+00:00,2026-09-30T00:00:00+00:00,0.3247,629810.8131,0.5586272640610106,0.3035,0.3316,0.09258649093904459,0.021411338962605535,1.059087698867204,0.8024757583072678,0.6151098410430434,0.5235155012064788,0.050161812297734754,0.012998515823239298,0.037163296474495455,0.3207,0.3245,0.3166,0.2874235,0.2943095
XUSDUSDT,XUSD,USDT,TRADING,2026-10-01T21:17:35.783658+00:00,800,240,True,True,True,,2026-10-01T20:00:00+00:00,2026-09-30T00:00:00+00:00,1.0,3049111.3377,0.0014014014014014364,0.9995,1.0016,0.002101050525262549,0.001996805111821088,1.463046026876556,0.0009936303622865472,0.13417190775681342,0.0,-0.0012988310520529733,0.012998515823239298,-0.014297346875292272,0.9996,0.9996,1.001,1.000539,1.0004950000000001
XVGUSDT,XVG,USDT,TRADING,2026-10-01T21:17:35.788207+00:00,800,240,True,True,True,,2026-10-01T20:00:00+00:00,2026-09-30T00:00:00+00:00,0.003188,358166.761316,0.3022481265611989,0.003029,0.00378,0.24793661274347967,0.15608465608465605,0.18658901809599646,0.15141685327968255,0.44535304293127853,0.5040706283908069,0.033365727243278354,0.012998515823239298,0.020367211420039055,0.003204,0.00319,0.003275,0.003040555,0.00328393
XVSUSDT,XVS,USDT,TRADING,2026-10-01T21:17:35.792731+00:00,800,240,True,True,True,,2026-10-01T20:00:00+00:00,2026-09-30T00:00:00+00:00,3.54,506295.41904,0.16491228070175423,3.21,3.87,0.20560747663551404,0.08268733850129206,2.0700923828762,0.1178739820666427,0.12392426850258176,0.6318817708076475,0.08001216915120168,0.012998515823239298,0.06701365332796239,3.549,3.55,3.692,2.7902,2.7654999999999994
YBUSDT,YB,USDT,TRADING,2026-10-01T21:17:35.797264+00:00,800,240,True,True,True,,2026-10-01T20:00:00+00:00,2026-09-30T00:00:00+00:00,0.0861,652920.15231,0.14285714285714302,0.0809,0.0971,0.20024721878862795,0.11122554067971167,1.6113647385562384,0.22546323637561771,0.30466321243523314,0.7464708726130046,0.03725961538461542,0.012998515823239298,0.02426109956137612,0.0858,0.0863,0.0901,0.095871,0.10363950000000001
YFIUSDT,YFI,USDT,TRADING,2026-10-01T21:17:35.801776+00:00,800,240,True,True,True,,2026-10-01T20:00:00+00:00,2026-09-30T00:00:00+00:00,2452.0,413158.91207,0.2431749241658241,2309.0,2524.0,0.09311390212213078,0.02456418383518225,1.0616988521446888,0.3894191914660234,0.34584755403868034,0.6711724075575031,0.03838043019822868,0.012998515823239298,0.02538191437498938,2460.0,2462.0,2459.0,2281.995,2314.585
YGGUSDT,YGG,USDT,TRADING,2026-10-01T21:17:35.806319+00:00,800,240,True,True,True,,2026-10-01T20:00:00+00:00,2026-09-30T00:00:00+00:00,0.02642,277047.841792,0.2998120300751881,0.0253,0.02838,0.12173913043478257,0.06976744186046509,0.7756470480389439,1.4065780071299374,1.0997124571004546,0.5776625218750974,0.01734104046242768,0.012998515823239298,0.004342524639188383,0.02645,0.0264,0.02665,0.02922825,0.030634699999999997
ZAMAUSDT,ZAMA,USDT,TRADING,2026-10-01T21:17:35.810814+00:00,800,240,True,True,True,,2026-10-01T20:00:00+00:00,2026-09-30T00:00:00+00:00,0.07702,3618819.57272,0.9695555555555557,0.07245,0.09225,0.2732919254658386,0.1658536585365853,0.6909565802483852,0.7017037718350441,0.5011350293542075,0.5301402689892453,-0.04469273743016755,0.012998515823239298,-0.05769125325340685,0.07642,0.07695,0.07855,0.0391634,0.03408825
ZBTUSDT,ZBT,USDT,TRADING,2026-10-01T21:17:35.815373+00:00,800,240,True,True,True,,2026-10-01T20:00:00+00:00,2026-09-30T00:00:00+00:00,0.0858,488663.45512,0.20564516129032273,0.0829,0.0914,0.10253317249698424,0.0590809628008753,0.7992174139492274,0.5154883523074636,0.5375789184737854,0.46217945804434185,0.02016607354685629,0.012998515823239298,0.007167557723616991,0.0859,0.086,0.0874,0.111983,0.1110595
ZECUSDT,ZEC,USDT,TRADING,2026-10-01T21:17:35.819885+00:00,800,240,True,True,True,,2026-10-01T20:00:00+00:00,2026-09-30T00:00:00+00:00,1333.43,233062979.29457,1.007536636427076,1305.01,1698.0,0.30113945487007765,0.21329799764428745,0.8048639715764754,0.8368601031414908,0.8103324407848148,0.466748936460438,-0.08381229338417862,0.012998515823239298,-0.09681080920741791,1325.98,1335.82,1438.41,587.2106,468.0268
ZENUSDT,ZEN,USDT,TRADING,2026-10-01T21:17:35.824421+00:00,800,240,True,True,True,,2026-10-01T20:00:00+00:00,2026-09-30T00:00:00+00:00,7.095,3521206.90705,0.46002646002645986,6.52,8.185,0.25536809815950945,0.12816127061698232,0.6329192611434592,0.22859191904615514,0.3589996255493585,0.6086131125233336,0.04190392758066874,0.012998515823239298,0.028905411757429444,7.152,7.136,7.321,5.41659,5.240375
ZILUSDT,ZIL,USDT,TRADING,2026-10-01T21:17:35.828952+00:00,800,240,True,True,True,,2026-10-01T20:00:00+00:00,2026-09-30T00:00:00+00:00,0.003508,374215.6071519,0.4460403726708073,0.003426,0.003828,0.11733800350262702,0.0846394984326018,0.8984155883185325,0.38563308816215486,0.6279228770682347,0.5915028399908383,-0.007365439093484416,0.012998515823239298,-0.020363954916723714,0.003496,0.003504,0.003534,0.00333536,0.00341547
ZKCUSDT,ZKC,USDT,TRADING,2026-10-01T21:17:35.833491+00:00,800,240,True,True,True,,2026-10-01T20:00:00+00:00,2026-09-30T00:00:00+00:00,0.0416,435258.28657,0.18059299191374656,0.0407,0.0458,0.1253071253071254,0.08951965065502182,0.5578038776895803,0.44770822364815277,0.5456021650879567,0.5357368217146113,-0.0071428571428572285,0.012998515823239298,-0.020141372966096527,0.0417,0.0417,0.042,0.0553395,0.059509
ZKPUSDT,ZKP,USDT,TRADING,2026-10-01T21:17:35.838010+00:00,800,240,True,True,True,,2026-10-01T20:00:00+00:00,2026-09-30T00:00:00+00:00,0.0485,213513.98969,0.2567901234567902,0.047,0.0533,0.13404255319148928,0.08630393996247655,0.7673128041993431,0.6473180508989008,0.4501547406921129,0.2502590311438202,0.002057613168724437,0.012998515823239298,-0.010940902654514861,0.0487,0.0487,0.0491,0.0589365,0.062845
ZKUSDT,ZK,USDT,TRADING,2026-10-01T21:17:35.842522+00:00,800,240,True,True,True,,2026-10-01T20:00:00+00:00,2026-09-30T00:00:00+00:00,0.01206,1647656.570025,0.5142857142857145,0.01166,0.01358,0.16466552315608918,0.10972017673048601,0.9299654810532696,0.8116756237022713,1.1082266745059022,0.41494672979340985,-0.009828009828009798,0.012998515823239298,-0.022826525651249097,0.01212,0.01209,0.01215,0.012537099999999999,0.01333075
ZMBUSDT,ZMB,USDT,TRADING,2026-10-01T21:17:35.844878+00:00,33,1,False,False,False,,2026-10-01T20:00:00+00:00,2026-09-30T00:00:00+00:00,93.71,43380.4599,,,,,,,,,0.1780104712041885,,,,93.84,93.72,90.94,,
ZROUSDT,ZRO,USDT,TRADING,2026-10-01T21:17:35.848605+00:00,800,240,True,True,True,,2026-10-01T20:00:00+00:00,2026-09-30T00:00:00+00:00,1.802,25328212.24705,0.7189542483660132,1.423,1.885,0.32466619817287423,0.016976127320954923,2.0928768117225234,1.03288547092439,0.994742003268737,0.44545765411619165,0.1901091843288376,0.012998515823239298,0.1771106685055983,1.875,1.853,1.741,1.2496049999999999,1.3046200000000001
ZRXUSDT,ZRX,USDT,TRADING,2026-10-01T21:17:35.853154+00:00,800,240,True,True,True,,2026-10-01T20:00:00+00:00,2026-09-30T00:00:00+00:00,0.1214,165788.0336,0.3280590717299581,0.117,0.1287,0.10000000000000009,0.05439005439005443,0.704835626774125,0.502290089375212,0.33067167684358856,0.1980337599703209,0.004954582989264988,0.012998515823239298,-0.00804393283397431,0.122,0.1217,0.1223,0.0981935,0.097096
币安人生USDT,币安人生,USDT,TRADING,2026-10-01T21:17:35.857799+00:00,800,240,True,True,True,,2026-10-01T20:00:00+00:00,2026-09-30T00:00:00+00:00,0.5014,836564.38948,0.10294117647058831,0.48,0.5274,0.0987499999999999,0.048919226393629,1.1023200959799462,0.18579287958485394,0.12420701168614356,0.4452375569264559,0.021588594704684327,0.012998515823239298,0.008590078881445029,0.5001,0.5016,0.5041,0.4715255,0.42832299999999995
牛来USDT,牛来,USDT,TRADING,2026-10-01T21:17:35.861346+00:00,535,22,False,False,False,,2026-10-01T20:00:00+00:00,2026-09-30T00:00:00+00:00,0.09767,12758836.59451,,0.09666,0.12154,0.2573970618663357,0.1907191048214579,0.6075251103547278,1.944512796502615,2.9588172806610835,0.4423542064935267,-0.15133735979292495,0.012998515823239298,-0.16433587561616425,0.09784,0.09836,0.10488,,
