window_h,offset_h,channel,winner_mean_z,control_mean_z,paired_effect,shape_paired_effect,abs_shape_effect
24,-23,log_ret,0.19178419149722215,0.060305780006779566,0.06999855753534512,0.49833576519313827,0.49833576519313827
24,-22,log_ret,0.044884571762479564,0.033033107552910224,0.0069656784238189716,0.4842456061578288,0.4842456061578288
24,-21,log_ret,-0.16531101672121118,0.036336995266740106,-0.12344571101105682,0.387360983349123,0.387360983349123
24,-20,log_ret,-0.30966985045449325,0.006884995263169037,-0.1786385600038486,0.29880775084186617,0.29880775084186617
24,-19,log_ret,-0.13618923773066383,-0.046385713536033615,-0.0491954793992609,0.41162564266928714,0.41162564266928714
24,-18,log_ret,0.009773450299959493,-0.0020389993442222476,0.007300721214730611,0.4305771657127959,0.4305771657127959
24,-17,log_ret,0.13486733926563627,-0.07846727604218931,0.14163142864712147,0.5760867991460792,0.5760867991460792
24,-16,log_ret,-0.12269033641226727,-0.03891886863857508,-0.061240162400846676,0.52747471806808,0.52747471806808
24,-15,log_ret,-0.10347910342669045,-0.019500934501626977,-0.04849585836698959,0.4310101355395285,0.4310101355395285
24,-14,log_ret,-0.04977586446922807,0.008462110849062877,-0.04210242929677195,0.44928884899161675,0.44928884899161675
24,-13,log_ret,0.14697502798366327,-0.10263927390742875,0.14633195573470825,0.6194546008996189,0.6194546008996189
24,-12,log_ret,0.020790822484909936,-0.09110328479652742,0.06415858271514094,0.5966470678168417,0.5966470678168417
24,-11,log_ret,-0.13484317748979838,-0.04464094953059598,-0.06225454558433537,0.45315697601844346,0.45315697601844346
24,-10,log_ret,-0.007559740782232472,-0.06380676161805038,0.03921890594840694,0.5230023679523143,0.5230023679523143
24,-9,log_ret,-0.09170700081934531,-0.18632884149836307,0.0657511062842015,0.5284539900728429,0.5284539900728429
24,-8,log_ret,-0.021882785208247327,-0.11988277085280667,0.06786653900365333,0.553296304566838,0.553296304566838
24,-7,log_ret,-0.20225043194713416,-0.15952541392632863,-0.024660854397853267,0.44314560275198883,0.44314560275198883
24,-6,log_ret,-0.3372145377453072,-0.215801084930448,-0.06778016832736238,0.3979364099559873,0.3979364099559873
24,-5,log_ret,-0.4289071923057135,-0.26120934606512525,-0.10660413641132506,0.3730269169041358,0.3730269169041358
24,-4,log_ret,-0.3057753847032372,-0.33972677617351077,0.02051342243486436,0.4822408515350337,0.4822408515350337
24,-3,log_ret,-0.6233694408157909,-0.4053620032241775,-0.12387695605520131,0.3539926104327561,0.3539926104327561
24,-2,log_ret,-0.6940260147417171,-0.5019475123543223,-0.10827160763588918,0.38871024646015734,0.38871024646015734
24,-1,log_ret,-1.0584664277352944,-0.5535423755990686,-0.3031513763104785,0.19949200315384497,0.19949200315384497
24,0,log_ret,-2.140728629435654,-1.210903275344107,-0.8075778725111916,,
24,-23,range_pct,0.6828537023005387,0.36588324387816507,0.21571891257289516,-0.4415522898649773,0.4415522898649773
24,-22,range_pct,0.6361665156135267,0.2761292547468286,0.23708826606146355,-0.4380143052500548,0.4380143052500548
24,-21,range_pct,0.6962078778823424,0.31086578212367993,0.23075802716344826,-0.4114706172003847,0.4114706172003847
24,-20,range_pct,0.7411573100490151,0.25800112034711575,0.2857004271821205,-0.40225635179181696,0.40225635179181696
24,-19,range_pct,0.6842540375181232,0.24287431811292967,0.26049398472531843,-0.44579096016018704,0.44579096016018704
24,-18,range_pct,0.7561412804799922,0.22448702176377452,0.2660243970011367,-0.3804295594456785,0.3804295594456785
24,-17,range_pct,0.7118374588209446,0.20737359453751533,0.29281379934367735,-0.3582778093980593,0.3582778093980593
24,-16,range_pct,0.3958569232167469,0.2201736160485005,0.12443640201657602,-0.5399346324863588,0.5399346324863588
24,-15,range_pct,0.6641901254015802,0.14730373893312557,0.2995261514778581,-0.38972736040568823,0.38972736040568823
24,-14,range_pct,0.5087397685748767,0.11174390999669279,0.2929105772698037,-0.5084763877061975,0.5084763877061975
24,-13,range_pct,0.459107368822313,0.1285118840514096,0.2775447471589408,-0.5492158579480162,0.5492158579480162
24,-12,range_pct,0.5857054396980891,0.12344647132353943,0.2874798279520977,-0.3724277250321309,0.3724277250321309
24,-11,range_pct,0.43679042839169224,0.125941758366362,0.23773358919586934,-0.4735751544478571,0.4735751544478571
24,-10,range_pct,0.4642578654694026,0.13939438122152178,0.22660596361216298,-0.42845235818822874,0.42845235818822874
24,-9,range_pct,0.43410177280505496,0.17982966596415886,0.22001720729334018,-0.5124648706826396,0.5124648706826396
24,-8,range_pct,0.4994565574948124,0.14107607561810356,0.2782054188468009,-0.4337671341937765,0.4337671341937765
24,-7,range_pct,0.4986217851854033,0.19346423929177778,0.24767652829100914,-0.5170750913679671,0.5170750913679671
24,-6,range_pct,0.6624167339048452,0.22485387422730801,0.2664911952366636,-0.43081377462035075,0.43081377462035075
24,-5,range_pct,0.602485473241864,0.2921993532843232,0.2066653709062451,-0.48655386002363743,0.48655386002363743
24,-4,range_pct,0.658680731025352,0.37457422427488146,0.1891442537573787,-0.4705097389187513,0.4705097389187513
24,-3,range_pct,0.8666760948038211,0.4474559270742315,0.28707638933677854,-0.4453402669687257,0.4453402669687257
24,-2,range_pct,0.9589414824300481,0.5507060100660763,0.2192088817231989,-0.3889506035374961,0.3889506035374961
24,-1,range_pct,1.3540929077814023,0.5432499882859971,0.4943946735957044,-0.28807032773082897,0.28807032773082897
24,0,range_pct,2.2025505438257285,0.886512265359569,0.7262131595169029,,
24,-23,body_pct,0.19709459831938148,0.06425862082418192,0.07055586420392244,0.49567791676532746,0.49567791676532746
24,-22,body_pct,0.048791591716171416,0.03639932792888161,0.00727775258988114,0.4813812774956541,0.4813812774956541
24,-21,body_pct,-0.16134788930045302,0.03989564817985175,-0.12311969577334178,0.38416167391562317,0.38416167391562317
24,-20,body_pct,-0.30506095597175537,0.010141803131706116,-0.17811764609952901,0.29677807538907436,0.29677807538907436
24,-19,body_pct,-0.13103361995632035,-0.04347792807190368,-0.04796119244577624,0.40986374727564306,0.40986374727564306
24,-18,body_pct,0.014377062364170948,0.0010205778698609382,0.008251763824761974,0.4285064593624187,0.4285064593624187
24,-17,body_pct,0.13889271573646478,-0.07567563225920484,0.14251840437425747,0.5740806593781825,0.5740806593781825
24,-16,body_pct,-0.1198849719259198,-0.03577177280008241,-0.06153706751521007,0.5237609536197058,0.5237609536197058
24,-15,body_pct,-0.09892021140290631,-0.017319453957801063,-0.047252618538246645,0.43022750181331315,0.43022750181331315
24,-14,body_pct,-0.04659730436051851,0.010945185602866803,-0.04153154206779675,0.44642887670347314,0.44642887670347314
24,-13,body_pct,0.15094861872839155,-0.10006981333221861,0.14703947934879866,0.6175820660936084,0.6175820660936084
24,-12,body_pct,0.024466931578461772,-0.08824008367567633,0.06457209052438793,0.5939388040363605,0.5939388040363605
24,-11,body_pct,-0.13256409204633976,-0.0418396462202374,-0.06260488219044266,0.4502507071459082,0.4502507071459082
24,-10,body_pct,-0.004144733987265715,-0.06119610170005924,0.03976472890929982,0.5202560690100682,0.5202560690100682
24,-9,body_pct,-0.08859173350760506,-0.18334273199757767,0.0659369993700804,0.5266513678088394,0.5266513678088394
24,-8,body_pct,-0.018629280048319034,-0.117425098088225,0.0684095495677624,0.55085808796094,0.55085808796094
24,-7,body_pct,-0.19762114825210086,-0.1568444488156173,-0.023530761417457895,0.4410552730147479,0.4410552730147479
24,-6,body_pct,-0.33184664025557814,-0.21293700161159332,-0.06668919464179753,0.3974553636838001,0.3974553636838001
24,-5,body_pct,-0.4246015739875104,-0.25844237207504056,-0.10592100884729122,0.3711023324137255,0.3711023324137255
24,-4,body_pct,-0.3014454202623003,-0.3364235785535399,0.021143386584998834,0.4800831404438676,0.4800831404438676
24,-3,body_pct,-0.6186319005468653,-0.40187664481345564,-0.12350512275611943,0.35230069250731344,0.35230069250731344
24,-2,body_pct,-0.6883853559287403,-0.4981403945496789,-0.10771093946991674,0.38738348598720346,0.38738348598720346
24,-1,body_pct,-1.0510621977435355,-0.5499227596964273,-0.30274453336382207,0.1991701070415795,0.1991701070415795
24,0,body_pct,-2.1276802231937095,-1.2052672626105723,-0.8062754800074126,,
24,-23,upper_wick,0.13730660800960054,0.1069164725809565,0.02922259208515761,0.09707432385592492,0.09707432385592492
24,-22,upper_wick,0.17425524655522573,0.17913220686562084,-0.004796263621736416,0.06320377956721603,0.06320377956721603
24,-21,upper_wick,0.1012003667678477,0.19994343056007186,-0.10015478859749068,-0.013555248615168864,0.013555248615168864
24,-20,upper_wick,0.17520238681943198,0.15579817037063617,0.019317578816573328,0.07714411543821001,0.07714411543821001
24,-19,upper_wick,0.1389456637962549,0.20098239003359428,-0.059390335578389825,0.015975046927093953,0.015975046927093953
24,-18,upper_wick,0.18011394147955193,0.13441770537839923,0.044922677542236424,0.09447545342633651,0.09447545342633651
24,-17,upper_wick,0.08470251652006819,0.14892636044209617,-0.05971544031868866,0.012951393102190184,0.012951393102190184
24,-16,upper_wick,0.1485605614035632,0.12951459051799719,0.02082162059654976,0.08087843193732203,0.08087843193732203
24,-15,upper_wick,0.024667865708815278,0.16580804349440667,-0.16490653148416462,-0.05153103832308662,0.05153103832308662
24,-14,upper_wick,0.15669035027665948,0.176250811521809,-0.018396575874358403,0.047935025078670986,0.047935025078670986
24,-13,upper_wick,0.07939780479797197,0.2294617883119456,-0.1429146590674726,-0.050571125038993706,0.050571125038993706
24,-12,upper_wick,0.10746895697795683,0.1658176838170254,-0.05278598022597811,0.016784573398849843,0.016784573398849843
24,-11,upper_wick,0.19652451591025089,0.19648647518975107,3.7360433500518686e-05,0.0689988060057033,0.0689988060057033
24,-10,upper_wick,0.1538818290250169,0.21241322051112851,-0.05546417816270315,0.018820144618977113,0.018820144618977113
24,-9,upper_wick,0.32199702567972793,0.13934475836275076,0.16312093151325838,0.19143811765294602,0.19143811765294602
24,-8,upper_wick,0.1531607795127288,0.19763835590587137,-0.045398602736027374,0.030065776625671333,0.030065776625671333
24,-7,upper_wick,0.16651936261742203,0.218397295197334,-0.05135435383351292,0.024086131122884553,0.024086131122884553
24,-6,upper_wick,0.20726044263035334,0.22887829539184976,-0.020671033585644476,0.04458712381543625,0.04458712381543625
24,-5,upper_wick,0.14669436549215956,0.17636969901785185,-0.03175378079523343,0.043872371368874244,0.043872371368874244
24,-4,upper_wick,0.08468887869579096,0.15210774457901372,-0.0668289832722916,0.011478805832198947,0.011478805832198947
24,-3,upper_wick,0.11237559525330586,0.1353721654870444,-0.022979442069804953,0.04295722946951747,0.04295722946951747
24,-2,upper_wick,0.11984880594536662,0.11409036491682788,0.005727918588364553,0.06984479721331978,0.06984479721331978
24,-1,upper_wick,0.01856971975346958,0.06724156976539504,-0.04549993582041289,0.0271556123967275,0.0271556123967275
24,0,upper_wick,-0.1672704610283728,-0.08430133684197683,-0.10310566031961566,,
24,-23,lower_wick,-0.010060231464363082,0.20895047564732117,-0.21801793236118944,0.030623118333537966,0.030623118333537966
24,-22,lower_wick,0.16091265083997752,0.14768859730490172,0.014945327833453375,0.22111117232914915,0.22111117232914915
24,-21,lower_wick,0.24499988754676585,0.13379931343122195,0.10186802264657219,0.28002782754862016,0.28002782754862016
24,-20,lower_wick,0.07184242651176949,0.2235930379139501,-0.1592789409328362,0.08040238438448455,0.08040238438448455
24,-19,lower_wick,0.3172611907745401,0.22613430810721452,0.08653477491755941,0.24790608019362712,0.24790608019362712
24,-18,lower_wick,0.3116188275291481,0.2669189992550485,0.038461805003064425,0.21959817311599064,0.21959817311599064
24,-17,lower_wick,0.29770587171811647,0.2279265648426695,0.06336529522964057,0.23058108118757234,0.23058108118757234
24,-16,lower_wick,0.10720974767442655,0.2187469274655019,-0.11206384347073838,0.11287029370850035,0.11287029370850035
24,-15,lower_wick,0.40170662232709153,0.2940344989291151,0.10836117097194782,0.2929217979358539,0.2929217979358539
24,-14,lower_wick,0.18281119730953058,0.21682154363090242,-0.031515715674606926,0.17164285296882395,0.17164285296882395
24,-13,lower_wick,0.2509035058165965,0.16875420300790142,0.07612445415141764,0.23707679250256425,0.23707679250256425
24,-12,lower_wick,0.2039270135142875,0.18125036171275294,0.019279472418377287,0.18917198918336295,0.18917198918336295
24,-11,lower_wick,0.033628967228449054,0.18837809268626626,-0.15862314283894707,0.08042096489351902,0.08042096489351902
24,-10,lower_wick,0.3355984404872827,0.24905561734771323,0.0801187014572771,0.25695575686884825,0.25695575686884825
24,-9,lower_wick,0.04184459330927995,0.2919505249624813,-0.25699062202464296,0.006860065018933895,0.006860065018933895
24,-8,lower_wick,0.2779097994681689,0.24601441862452905,0.029174454504653686,0.20563952159720833,0.20563952159720833
24,-7,lower_wick,0.18928114035494487,0.26209065951762667,-0.06925733173611362,0.14303561233813025,0.14303561233813025
24,-6,lower_wick,0.18729575019743708,0.2282003494921675,-0.042405127282733136,0.16982101708205818,0.16982101708205818
24,-5,lower_wick,0.38238180947438294,0.2666180253021324,0.10663238922191084,0.29204645299971516,0.29204645299971516
24,-4,lower_wick,0.3831015578643591,0.2739818351433819,0.0930080693372419,0.23551128441929695,0.23551128441929695
24,-3,lower_wick,0.20756847279456755,0.27035294422455114,-0.06053646509296675,0.13926056114324442,0.13926056114324442
24,-2,lower_wick,0.20840284693986177,0.28538539234755766,-0.07776627920748289,0.14056679215436638,0.14056679215436638
24,-1,lower_wick,0.3151473377969254,0.34051784576041866,-0.023399776793065135,0.1682029554466098,0.1682029554466098
24,0,lower_wick,-0.10979109971473615,0.14963825296231167,-0.30484300692903,,
24,-23,close_location,-0.00429057196231076,0.04564968592711483,-0.06063334525813044,0.12729981037391544,0.12729981037391544
24,-22,close_location,0.028037749558549235,-0.034709417644922656,0.07819309491721475,0.22546936811840526,0.22546936811840526
24,-21,close_location,0.018185619644268795,-0.020667759270441753,0.048763268642647614,0.24056981755547077,0.24056981755547077
24,-20,close_location,-0.1596941515389416,0.020704368756721832,-0.2201203134129881,-0.012210823647691835,0.012210823647691835
24,-19,close_location,-0.055521735524827684,-0.03673845904887895,-0.021730347449162954,0.1558727698446658,0.1558727698446658
24,-18,close_location,0.05387734534990698,0.011826128056445331,0.053480075577792205,0.23445000219286005,0.23445000219286005
24,-17,close_location,0.13934538993743006,-0.026030589992404676,0.19859543348094932,0.33231164436178146,0.33231164436178146
24,-16,close_location,-0.03757824383124157,-0.015859837208322628,-0.027815518254079047,0.1541825061174314,0.1541825061174314
24,-15,close_location,0.107226016284484,0.02168909319044798,0.10791444408984951,0.29229846267006326,0.29229846267006326
24,-14,close_location,-0.08592237133739723,0.006576702593722277,-0.11243420744237176,0.07818674920827642,0.07818674920827642
24,-13,close_location,0.12081282549641198,-0.050001513765892014,0.19202786931240326,0.33961263109474665,0.33961263109474665
24,-12,close_location,-0.01230775532140224,-0.03849489272451373,0.029530160165676434,0.207120057620543,0.207120057620543
24,-11,close_location,-0.11536028869536326,-0.006992743954200436,-0.12887527768035076,0.0621463710987772,0.0621463710987772
24,-10,close_location,0.041057875103972574,-0.01309067122551992,0.07080486074361644,0.2520838228225625,0.2520838228225625
24,-9,close_location,-0.11615174960483003,-0.01853793946146551,-0.11642603991241399,0.06615985258383311,0.06615985258383311
24,-8,close_location,0.029014373443917267,-0.048042157861076434,0.10067269627522483,0.26796702560653934,0.26796702560653934
24,-7,close_location,-0.08120017785027071,-0.07672747466562281,-0.005705976757239839,0.17361668860147988,0.17361668860147988
24,-6,close_location,-0.045481898338982356,-0.09496227025778757,0.06108974414937457,0.21652291538855212,0.21652291538855212
24,-5,close_location,-0.046323878345666106,-0.09224751945240078,0.0565852717494123,0.2321253572681107,0.2321253572681107
24,-4,close_location,-0.0323757814174449,-0.10832912359479384,0.08150574667708692,0.21525935905121382,0.21525935905121382
24,-3,close_location,-0.218927635707789,-0.1330341514096492,-0.10628556811444617,0.08663764069932872,0.08663764069932872
24,-2,close_location,-0.21050912552702897,-0.18243960010726437,-0.03461429639968643,0.14340203465220927,0.14340203465220927
24,-1,close_location,-0.24523076083925036,-0.15118290177391222,-0.14175433186436573,0.0995651119634466,0.0995651119634466
24,0,close_location,-0.6462330591209509,-0.4774815730008952,-0.34306311401349854,,
24,-23,volume_rel72,0.7500990506313328,0.6909450236195914,0.02847646667683032,-0.2975425992124146,0.2975425992124146
24,-22,volume_rel72,0.653828437940252,0.5857809741929587,0.03899470417765906,-0.34040296412847315,0.34040296412847315
24,-21,volume_rel72,0.7614551995604955,0.5697803642170685,0.09983553901794462,-0.26856245119504885,0.26856245119504885
24,-20,volume_rel72,0.8369703579832006,0.5533266153048586,0.1371331974219293,-0.23847846801891084,0.23847846801891084
24,-19,volume_rel72,0.7385238853145253,0.4903118411764606,0.11516965413807827,-0.2559634473962285,0.2559634473962285
24,-18,volume_rel72,0.513079083248697,0.45936012975316437,0.02963721957914489,-0.3673971477319494,0.3673971477319494
24,-17,volume_rel72,0.6383924293849204,0.44951577565667256,0.09922241603456927,-0.27762719979734274,0.27762719979734274
24,-16,volume_rel72,0.46673380536958575,0.459156264119816,0.0040997291879674245,-0.33818675997122366,0.33818675997122366
24,-15,volume_rel72,0.7793731740314763,0.4208083090769058,0.16412028743883564,-0.18947753682554916,0.18947753682554916
24,-14,volume_rel72,0.5458112044984268,0.37280948946459425,0.10128958869120186,-0.30880984182448323,0.30880984182448323
24,-13,volume_rel72,0.3971925447781191,0.3978906577427147,-0.0005080749059735538,-0.4199230165142739,0.4199230165142739
24,-12,volume_rel72,0.5576919704563571,0.41268253154299195,0.07453521732579425,-0.27311829847609675,0.27311829847609675
24,-11,volume_rel72,0.48935305347873104,0.42818325408303215,0.035816903112180803,-0.34611180551513915,0.34611180551513915
24,-10,volume_rel72,0.5063052131897874,0.436850376461667,0.04220030681294491,-0.3372014352891361,0.3372014352891361
24,-9,volume_rel72,0.49891849010492917,0.5239185196718339,-0.017026843455247884,-0.37233117485434203,0.37233117485434203
24,-8,volume_rel72,0.5206104801208885,0.4998232266106815,0.011207609558659843,-0.3232072445393336,0.3232072445393336
24,-7,volume_rel72,0.42035759664658046,0.5714281130306147,-0.10448952362454633,-0.4679102597041492,0.4679102597041492
24,-6,volume_rel72,0.5238294198470949,0.5730589502609628,-0.02998880890289177,-0.41832162917146054,0.41832162917146054
24,-5,volume_rel72,0.5924445083451078,0.6463859394673448,-0.03221648176766952,-0.38110477688168765,0.38110477688168765
24,-4,volume_rel72,0.5883494259410158,0.7421001878187612,-0.09452350971943539,-0.4257527125653702,0.4257527125653702
24,-3,volume_rel72,0.7041876000800619,0.8751121705604924,-0.10512787340877429,-0.494100027766255,0.494100027766255
24,-2,volume_rel72,0.8582094005498759,0.9722618521428322,-0.05533389573020456,-0.4196915946614099,0.4196915946614099
24,-1,volume_rel72,1.3038225426959495,1.0394597371665037,0.1395084044315714,-0.31799256161338874,0.31799256161338874
24,0,volume_rel72,2.2190483854868,1.3787095010144792,0.42367148066194954,,
24,-23,trades_rel72,0.6777399408143807,0.699742655935956,-0.011606781350046424,-0.2877192247133299,0.2877192247133299
24,-22,trades_rel72,0.5607994818301113,0.5745369531214237,-0.009004416279776314,-0.3154278057599412,0.3154278057599412
24,-21,trades_rel72,0.6435777456327169,0.5395316786943348,0.06298719770341742,-0.2527952783234699,0.2527952783234699
24,-20,trades_rel72,0.5951372149744808,0.5164217475060098,0.04701735863602165,-0.27822678895189557,0.27822678895189557
24,-19,trades_rel72,0.5651025061530096,0.4547781676778363,0.058556759362885555,-0.25300066639665697,0.25300066639665697
24,-18,trades_rel72,0.3539336089010316,0.4117555134354107,-0.03492295914206325,-0.36431394559825014,0.36431394559825014
24,-17,trades_rel72,0.458154353206434,0.41630153307535994,0.0266780904750473,-0.2927525803781368,0.2927525803781368
24,-16,trades_rel72,0.3305517371605944,0.4473219004824016,-0.07342001085874832,-0.3404044561734975,0.3404044561734975
24,-15,trades_rel72,0.6513291941740101,0.40323316407631393,0.11917766350378839,-0.16511579944110605,0.16511579944110605
24,-14,trades_rel72,0.39278741894910735,0.36127393951432574,0.021698363251032627,-0.3031471702408248,0.3031471702408248
24,-13,trades_rel72,0.2958110577353552,0.3827317925601232,-0.07694440858265918,-0.38850641808607844,0.38850641808607844
24,-12,trades_rel72,0.5021142032800762,0.3843015032255574,0.06792538815587743,-0.22483657219241684,0.22483657219241684
24,-11,trades_rel72,0.43860500450979023,0.3909585210214438,0.029216801282227776,-0.26988135686154896,0.26988135686154896
24,-10,trades_rel72,0.461580500834518,0.427117322097291,0.02161586266537061,-0.266655571684164,0.266655571684164
24,-9,trades_rel72,0.39191114204004407,0.5029030965934335,-0.08253198910289057,-0.3395298882839557,0.3395298882839557
24,-8,trades_rel72,0.4198491421390187,0.5089344374352583,-0.05977958839853962,-0.32152078420184055,0.32152078420184055
24,-7,trades_rel72,0.3552532145123998,0.5773266438239565,-0.16448849851812872,-0.436309475981429,0.436309475981429
24,-6,trades_rel72,0.47586453668083306,0.5958394942076497,-0.07537880124322151,-0.37290945472143755,0.37290945472143755
24,-5,trades_rel72,0.5506708968896419,0.7152473925983671,-0.10924967165030029,-0.3833546913847341,0.3833546913847341
24,-4,trades_rel72,0.6352698443397121,0.835589487709243,-0.12579878107187434,-0.37183487286252187,0.37183487286252187
24,-3,trades_rel72,0.7201277387018005,0.8999854253467034,-0.10875232263019544,-0.42645805497669814,0.42645805497669814
24,-2,trades_rel72,0.9168394407024607,1.0005576303918604,-0.04070630499245994,-0.3300771816528985,0.3300771816528985
24,-1,trades_rel72,1.2624000564446087,1.046839135485546,0.11487898284181151,-0.26892167435188297,0.26892167435188297
24,0,trades_rel72,1.9825594492312693,1.339760045969376,0.3492856809361855,,
24,-23,taker_share,0.11039365774572447,0.05024038459372672,0.05172250825777995,0.15202830863792682,0.15202830863792682
24,-22,taker_share,0.047494972952538066,0.0067094321561011454,0.038993234242283834,0.13639022000083087,0.13639022000083087
24,-21,taker_share,-0.0015030978592457595,0.017684138448977912,-0.015477838827096458,0.09013859854223488,0.09013859854223488
24,-20,taker_share,-0.0764582237849633,0.03117896610422543,-0.09399947795955974,0.024886437555361112,0.024886437555361112
24,-19,taker_share,-0.2357902635940937,-0.05500554834940919,-0.17037481827859202,-0.03335534589086123,0.03335534589086123
24,-18,taker_share,-0.11620768416334479,-0.03695123768152876,-0.0750792700882461,0.04770509681629033,0.04770509681629033
24,-17,taker_share,0.10362948105385941,-0.06905495092333122,0.16445354107775573,0.24054967802265437,0.24054967802265437
24,-16,taker_share,-0.018480032183342026,-0.06547390464779541,0.0521296889841787,0.15198101639733907,0.15198101639733907
24,-15,taker_share,-0.029351493628281686,-0.05525622527218527,0.02245665493344337,0.12340046758262374,0.12340046758262374
24,-14,taker_share,0.04262905977062743,0.00714323539459319,0.03044137762399232,0.12928637895232412,0.12928637895232412
24,-13,taker_share,0.13031320353642245,-0.010893688614790639,0.13134152996476592,0.21862520506086663,0.21862520506086663
24,-12,taker_share,-0.15127636986478507,-0.026372538048437692,-0.10049707408617446,0.010967185146747606,0.010967185146747606
24,-11,taker_share,-0.08123692126806688,0.04585169849020464,-0.11562242569984163,0.009827477326125798,0.009827477326125798
24,-10,taker_share,-0.0002670652250310889,-0.0031259487538288036,0.0024745723772972694,0.11300682325845929,0.11300682325845929
24,-9,taker_share,0.11289579999046745,-0.07814441558353051,0.1738155832570692,0.2509287125032479,0.2509287125032479
24,-8,taker_share,-0.014562106829274583,-0.02849062815894959,0.014278954013674369,0.12557407834630174,0.12557407834630174
24,-7,taker_share,-0.08146157347019417,-0.08857594929577317,0.006261431946593903,0.10056532664978247,0.10056532664978247
24,-6,taker_share,-0.12146352012469261,-0.05429240363149869,-0.06584292652420304,0.0538004223637781,0.0538004223637781
24,-5,taker_share,-0.03695986785438705,-0.1012491049779648,0.06653877834190797,0.17514648436497776,0.17514648436497776
24,-4,taker_share,-0.15385051414098902,-0.11505105402708675,-0.03861076276500206,0.08290372315867447,0.08290372315867447
24,-3,taker_share,-0.23289252073435043,-0.1395633338877276,-0.09317148835141106,0.0402067470276216,0.0402067470276216
24,-2,taker_share,-0.25411600060760975,-0.21503014122825131,-0.04501351080528259,0.08887621846239603,0.08887621846239603
24,-1,taker_share,-0.2834216908172325,-0.21601360266234865,-0.06850571878465432,0.061693869343961594,0.061693869343961594
24,0,taker_share,-0.6371207089784244,-0.49621319125785873,-0.17168573560874814,,
24,-23,rsi14,0.08818585667069312,0.050481436101512775,0.036878774171122244,0.20169324857927154,0.20169324857927154
24,-22,rsi14,0.0909858539407314,0.043857580723447934,0.043569301936032444,0.19980928561951755,0.19980928561951755
24,-21,rsi14,0.06641038348553358,0.05072217801999715,0.014526508970775977,0.1698847157112572,0.1698847157112572
24,-20,rsi14,-0.012849727830918575,0.04861549405312097,-0.056221311062333135,0.08991027685172648,0.08991027685172648
24,-19,rsi14,-0.05532922244768728,0.031548733150379524,-0.08393344482818842,0.06833415551595752,0.06833415551595752
24,-18,rsi14,-0.039138099575346266,0.02770000305759755,-0.06529714007633047,0.0904008660872494,0.0904008660872494
24,-17,rsi14,0.00025408423109049045,0.00482987709067486,-0.004631516276460097,0.16242244576392514,0.16242244576392514
24,-16,rsi14,-0.029269880960109056,-0.012410769933248285,-0.016635440435450857,0.1455950510303153,0.1455950510303153
24,-15,rsi14,-0.03943574631207243,-0.007829892455548462,-0.02904401838314634,0.11912919010821378,0.11912919010821378
24,-14,rsi14,-0.07736219508350822,-0.00954430479409725,-0.06525994734316223,0.0857045496008592,0.0857045496008592
24,-13,rsi14,-0.04435154696046892,-0.03666827223625862,-0.008210379961196772,0.16825505406240626,0.16825505406240626
24,-12,rsi14,-0.023861961646212473,-0.057484153524489594,0.03489980976987598,0.21677164910238797,0.21677164910238797
24,-11,rsi14,-0.05033762697003028,-0.06754015794204962,0.018679680290488717,0.20864441889076873,0.20864441889076873
24,-10,rsi14,-0.036437228461080745,-0.08534840922975154,0.05391241169174725,0.24493562927725818,0.24493562927725818
24,-9,rsi14,-0.05879704080763514,-0.13359063599448376,0.08720045809978387,0.28826723271728777,0.28826723271728777
24,-8,rsi14,-0.056806601204529954,-0.16065307832495482,0.11694085932099679,0.31439164920813406,0.31439164920813406
24,-7,rsi14,-0.10780164762400091,-0.20823628017333923,0.11873381731955139,0.3395412238173747,0.3395412238173747
24,-6,rsi14,-0.14559001282409387,-0.26268633368157746,0.13343635812406773,0.3540892001128489,0.3540892001128489
24,-5,rsi14,-0.24708623132082047,-0.3284629190651079,0.09138298656065137,0.3126229205028364,0.3126229205028364
24,-4,rsi14,-0.3166935930580453,-0.41530598580181877,0.11482339328279662,0.379090733434756,0.379090733434756
24,-3,rsi14,-0.47096972472327586,-0.5180678168415196,0.06700975301417637,0.398151541528967,0.398151541528967
24,-2,rsi14,-0.6119016268876968,-0.6491891536452049,0.0553920431136548,0.4128713389040065,0.4128713389040065
24,-1,rsi14,-0.8360156990777425,-0.7752610831090284,-0.1157721745804886,0.425991904820927,0.425991904820927
24,0,rsi14,-1.2489904753553371,-1.100108920192859,-0.3266853584226183,,
24,-23,macd_hist_pct,0.08855236191475005,0.09322005681935008,-0.0035383689036235628,0.2719321461358503,0.2719321461358503
24,-22,macd_hist_pct,0.10287547788444769,0.10410872145978457,-0.0009024396587434504,0.26341855296131406,0.26341855296131406
24,-21,macd_hist_pct,0.07040660858749309,0.11296793210527135,-0.029424825450774187,0.22400462457004258,0.22400462457004258
24,-20,macd_hist_pct,-0.0020793055559301544,0.11471229834758022,-0.07786540403235202,0.17328462568680186,0.17328462568680186
24,-19,macd_hist_pct,-0.06854843916112764,0.10329099998516203,-0.11615545639911241,0.1421338454592925,0.1421338454592925
24,-18,macd_hist_pct,-0.10652261490381702,0.09082690349680854,-0.13357868152640653,0.12489833557142212,0.12489833557142212
24,-17,macd_hist_pct,-0.09926331609366806,0.0660591702218409,-0.12149264449250786,0.14791499487092172,0.14791499487092172
24,-16,macd_hist_pct,-0.11111091339477787,0.0408431280650095,-0.11639402681034557,0.1588377881640693,0.1588377881640693
24,-15,macd_hist_pct,-0.12835136753575946,0.02032512733799026,-0.11368034769938323,0.16128768098669002,0.16128768098669002
24,-14,macd_hist_pct,-0.1383107941278636,0.008262674397512994,-0.11065400917400975,0.16258818212020854,0.16258818212020854
24,-13,macd_hist_pct,-0.10929666196116833,-0.016652577056514996,-0.0755854385550518,0.20498254116569026,0.20498254116569026
24,-12,macd_hist_pct,-0.08491407690949186,-0.04577244411834895,-0.03219228162746672,0.24554305191301762,0.24554305191301762
24,-11,macd_hist_pct,-0.0847167818035275,-0.06820266720562897,-0.013273799099146093,0.2634733181507075,0.2634733181507075
24,-10,macd_hist_pct,-0.07812437109856142,-0.08878733930867855,0.008724586446089009,0.2889525631033178,0.2889525631033178
24,-9,macd_hist_pct,-0.08131983991781319,-0.12653510699898038,0.03668163890109495,0.31869364209779066,0.31869364209779066
24,-8,macd_hist_pct,-0.07955974111919878,-0.16157159581780434,0.06759200668142754,0.35140367933291516,0.35140367933291516
24,-7,macd_hist_pct,-0.10612463645843996,-0.1995876606605533,0.07922019431055528,0.387440864760041,0.387440864760041
24,-6,macd_hist_pct,-0.16613723396720295,-0.24547107396992268,0.06682168678471558,0.39817208192358816,0.39817208192358816
24,-5,macd_hist_pct,-0.2612858931792693,-0.30124303526934926,0.034565967259851754,0.3976767731767431,0.3976767731767431
24,-4,macd_hist_pct,-0.35026013175956905,-0.3715314070383708,0.018987799929931208,0.4283607776610686,0.4283607776610686
24,-3,macd_hist_pct,-0.4825457395916736,-0.45748782405172717,-0.02500961798324877,0.4934248451418376,0.4934248451418376
24,-2,macd_hist_pct,-0.6459058627520723,-0.5632100667528532,-0.0892238881206485,0.5860077922514331,0.5860077922514331
24,-1,macd_hist_pct,-0.8798206776070098,-0.682512565602169,-0.23439687416334404,0.7203861631948028,0.7203861631948028
24,0,macd_hist_pct,-1.3319497656904988,-0.908996834281694,-0.49080270935063475,,
24,-23,close_vs_ema24,0.12583802836619457,0.06602322266230153,0.04449397415293368,0.5672769768754217,0.5672769768754217
24,-22,close_vs_ema24,0.12807337165361754,0.07190206258005842,0.038238022876601274,0.5318941225080718,0.5318941225080718
24,-21,close_vs_ema24,0.04878557209546367,0.08048009978072648,-0.019857987944262058,0.43697117388507345,0.43697117388507345
24,-20,close_vs_ema24,-0.07501553725200615,0.07750462585439284,-0.09489899641360013,0.36357674815417806,0.36357674815417806
24,-19,close_vs_ema24,-0.12033158695083801,0.05374757104760243,-0.11486379663285669,0.37524199255215474,0.37524199255215474
24,-18,close_vs_ema24,-0.10579582800898978,0.047644933532056816,-0.09893228142673671,0.36308174400595944,0.36308174400595944
24,-17,close_vs_ema24,-0.048194862240321795,0.013312367687898653,-0.045251943251740194,0.4614256013227781,0.4614256013227781
24,-16,close_vs_ema24,-0.08943942369444778,-0.0034935691531885553,-0.060962188022565963,0.4458813420171588,0.4458813420171588
24,-15,close_vs_ema24,-0.11946783080283138,-0.012181981665047782,-0.06855674596421119,0.40664805433194423,0.40664805433194423
24,-14,close_vs_ema24,-0.12912416063180124,-0.0075792146251640385,-0.08086213935397078,0.40321778175682754,0.40321778175682754
24,-13,close_vs_ema24,-0.06539914508229466,-0.04745682728551199,-0.013742483691431537,0.5288006114485548,0.5288006114485548
24,-12,close_vs_ema24,-0.055940887338861274,-0.07871975923168335,0.015848549743449965,0.5466888004717021,0.5466888004717021
24,-11,close_vs_ema24,-0.0959297214414821,-0.09037105498525004,-0.0039147886910010045,0.5119666727702366,0.5119666727702366
24,-10,close_vs_ema24,-0.09853230466359053,-0.10870361704965709,0.007656315961732986,0.5361552497439807,0.5361552497439807
24,-9,close_vs_ema24,-0.11969727691676882,-0.17250819502536346,0.04173366098096291,0.5624993789336429,0.5624993789336429
24,-8,close_vs_ema24,-0.11674145133993416,-0.20549113237993205,0.06981484728680314,0.5811065962721107,0.5811065962721107
24,-7,close_vs_ema24,-0.18226304426099416,-0.25045388746447217,0.05619571301396026,0.6345956967220426,0.6345956967220426
24,-6,close_vs_ema24,-0.27683805348998347,-0.3128534980394222,0.02711231826621549,0.5949303920554996,0.5949303920554996
24,-5,close_vs_ema24,-0.4396781261915479,-0.3883359607231493,-0.03651956866939896,0.5036622324952283,0.5036622324952283
24,-4,close_vs_ema24,-0.5202610290617924,-0.48576818892508056,-0.026412077235888974,0.5689071946354878,0.5689071946354878
24,-3,close_vs_ema24,-0.715292568999791,-0.5993879507158353,-0.107666720237571,0.6372538001818941,0.6372538001818941
24,-2,close_vs_ema24,-0.9073258983618062,-0.7420744042222699,-0.15426798380064485,0.6175815620683603,0.6175815620683603
24,-1,close_vs_ema24,-1.2373067128204707,-0.8921178326148678,-0.3487709892245725,0.6608482551926174,0.6608482551926174
24,0,close_vs_ema24,-1.9211680886391722,-1.2725579800273947,-0.6285810315289742,,
24,-23,atr14_pct,0.2800134278389763,0.027340905861584126,0.19167298502401797,-0.265802030083278,0.265802030083278
24,-22,atr14_pct,0.3113940817096995,0.03675415808403933,0.21169743867542726,-0.2573948041162386,0.2573948041162386
24,-21,atr14_pct,0.3581721777855246,0.0441230209544301,0.23662045393277548,-0.22749787683805536,0.22749787683805536
24,-20,atr14_pct,0.37918749494754056,0.03930789559510433,0.26222160299837477,-0.21852332490988846,0.21852332490988846
24,-19,atr14_pct,0.3746124063273547,0.03522873074595096,0.2754995371900913,-0.23776237154890026,0.23776237154890026
24,-18,atr14_pct,0.39421007674428876,0.03421889922443639,0.29206528176070484,-0.2294225752473562,0.2294225752473562
24,-17,atr14_pct,0.4152377662938778,0.02967463564817552,0.3080386094708382,-0.2088051899353776,0.2088051899353776
24,-16,atr14_pct,0.4052003388857917,0.031149236537102196,0.30009356198822545,-0.22001383965929022,0.22001383965929022
24,-15,atr14_pct,0.4469942930844371,0.014223313875845633,0.34812004944478375,-0.17525313400585976,0.17525313400585976
24,-14,atr14_pct,0.43616682529897877,-0.009012184046527923,0.34943532465253707,-0.16540320698465222,0.16540320698465222
24,-13,atr14_pct,0.42894276001283693,-0.029406263644718652,0.35965898684369724,-0.15559717558426256,0.15559717558426256
24,-12,atr14_pct,0.4402743989549991,-0.04873003441389301,0.38259934912135357,-0.134380976279476,0.134380976279476
24,-11,atr14_pct,0.45476678377707247,-0.07277572843829855,0.4043528648234548,-0.10508120230212067,0.10508120230212067
24,-10,atr14_pct,0.4441262899281692,-0.09607207475885472,0.4316791511520713,-0.10017862643073082,0.10017862643073082
24,-9,atr14_pct,0.422088346582044,-0.11049256046923499,0.43145927467088124,-0.11271333935720405,0.11271333935720405
24,-8,atr14_pct,0.4046638768200797,-0.12212129344266874,0.4515874291634069,-0.13013986913501005,0.13013986913501005
24,-7,atr14_pct,0.3869135182165472,-0.13148950322324204,0.4640507509436353,-0.15910375176632688,0.15910375176632688
24,-6,atr14_pct,0.3900721579859102,-0.13196429734428725,0.46291788038391407,-0.17170190297171312,0.17170190297171312
24,-5,atr14_pct,0.38556275769089415,-0.12384153066065025,0.4688927574912703,-0.20668382531905705,0.20668382531905705
24,-4,atr14_pct,0.3767738302100312,-0.10677798341041328,0.4662850973536658,-0.27051599753828104,0.27051599753828104
24,-3,atr14_pct,0.39398460648091577,-0.08099196295046972,0.484205147055242,-0.33664688460766623,0.33664688460766623
24,-2,atr14_pct,0.45497814506395823,-0.04516569849241663,0.5300159102546312,-0.3488560457540221,0.3488560457540221
24,-1,atr14_pct,0.5230522434554856,-0.0035263446711555676,0.5867727710526897,-0.4444922616554401,0.4444922616554401
24,0,atr14_pct,0.72235779821683,0.08000954937327791,0.6887654967761888,,
24,-23,bb_width,0.28966306063725994,0.06895526015648136,0.16720302034781975,-0.0906369566962819,0.0906369566962819
24,-22,bb_width,0.3332919224717275,0.07619953547017994,0.19591251387801825,-0.06784107421810866,0.06784107421810866
24,-21,bb_width,0.38396188322696145,0.08154005361548453,0.2286044945732432,-0.03901729332681253,0.03901729332681253
24,-20,bb_width,0.4251151181050335,0.08768358861777449,0.2535697535143937,-0.017139128020009234,0.017139128020009234
24,-19,bb_width,0.45560987707641387,0.08589393881804964,0.28113414370330364,0.0038192760685740908,0.0038192760685740908
24,-18,bb_width,0.5030070024163082,0.08547392001707556,0.31046778440214273,0.03564923356427261,0.03564923356427261
24,-17,bb_width,0.53140971395435,0.08578057549203988,0.3240246995523755,0.053550576389031046,0.053550576389031046
24,-16,bb_width,0.5593611126705246,0.08443638047686329,0.3385435141026279,0.0721666512010271,0.0721666512010271
24,-15,bb_width,0.5957615841004924,0.07805025923126205,0.36182933299042547,0.0997122902544028,0.0997122902544028
24,-14,bb_width,0.6125672348059231,0.0689276639001306,0.3765900632579452,0.11603550439334238,0.11603550439334238
24,-13,bb_width,0.6088538381822959,0.06307779893244582,0.38257858928068494,0.1195510608841771,0.1195510608841771
24,-12,bb_width,0.5987357638810796,0.05833635519310418,0.37823214214758266,0.11920437679017531,0.11920437679017531
24,-11,bb_width,0.5762295270580109,0.04921565689491453,0.36671897269416254,0.11422429229130995,0.11422429229130995
24,-10,bb_width,0.5533815414851738,0.04045160291759573,0.35628376725524646,0.10740437771583126,0.10740437771583126
24,-9,bb_width,0.49573856851094644,0.025697358773969527,0.32533616413884237,0.07874767151030096,0.07874767151030096
24,-8,bb_width,0.4668064315510155,0.009195404127240181,0.32323970921399187,0.07298342332342142,0.07298342332342142
24,-7,bb_width,0.42401338802409116,-0.0050225467421114445,0.3201885122498983,0.05505974818971974,0.05505974818971974
24,-6,bb_width,0.3706761383348041,-0.023607844797273476,0.31344970580112796,0.029057371446342538,0.029057371446342538
24,-5,bb_width,0.31039228807720876,-0.03434637716660897,0.2894722285421584,-0.021354819628351274,0.021354819628351274
24,-4,bb_width,0.2751800793145473,-0.03282219198256455,0.2701310345200525,-0.07078578763076483,0.07078578763076483
24,-3,bb_width,0.2641491015545196,-0.011374357182864548,0.2649764812032641,-0.1375121953941481,0.1375121953941481
24,-2,bb_width,0.2633309845286594,0.019626981990532606,0.2550447197863068,-0.2464420950101199,0.2464420950101199
24,-1,bb_width,0.3180798040702939,0.06255813018867264,0.28520183031140545,-0.3744774377403286,0.3744774377403286
24,0,bb_width,0.5161226875735102,0.1521127260359073,0.4127812283863892,,
24,-23,stoch_k,0.029100706455884157,-0.0400306167516478,0.08334689130258673,0.14071862459431747,0.14071862459431747
24,-22,stoch_k,0.012879677772246025,-0.05579744864391816,0.07899047747262143,0.13156712467758383,0.13156712467758383
24,-21,stoch_k,-0.024942540790006105,-0.040689270581222244,0.018202277037492193,0.07301809627057033,0.07301809627057033
24,-20,stoch_k,-0.07705962769169775,-0.05412646428279307,-0.026390067702892067,0.028059705289619822,0.028059705289619822
24,-19,stoch_k,-0.10786431055102083,-0.06910033405034079,-0.048719527068883946,0.010659741939150976,0.010659741939150976
24,-18,stoch_k,-0.07658449125786622,-0.06263599469740358,-0.018060097746550513,0.04281587797311443,0.04281587797311443
24,-17,stoch_k,0.0055210318381863615,-0.09060334469002017,0.13125524725529555,0.1970045160586718,0.1970045160586718
24,-16,stoch_k,-0.022372507800658543,-0.09255039581977245,0.09244217211903769,0.15184849067975034,0.15184849067975034
24,-15,stoch_k,-0.030151444383793406,-0.08458513848449069,0.06883882650160478,0.12491621729334379,0.12491621729334379
24,-14,stoch_k,-0.12974070691227638,-0.09094117111440196,-0.05126389651139108,0.010173943092793977,0.010173943092793977
24,-13,stoch_k,-0.07990133553458792,-0.10531736160757849,0.03579326022475196,0.09376786768436775,0.09376786768436775
24,-12,stoch_k,-0.039453083692394475,-0.11062853087248557,0.09949917527281783,0.1523062749303468,0.1523062749303468
24,-11,stoch_k,-0.06624706506004764,-0.11480517910051814,0.06986344543382607,0.1229409352747633,0.1229409352747633
24,-10,stoch_k,-0.03831033568173923,-0.1393278893686969,0.13761933369385707,0.1829481049557949,0.1829481049557949
24,-9,stoch_k,-0.08645996773029091,-0.17335171956155035,0.12107083081656755,0.1614023475440093,0.1614023475440093
24,-8,stoch_k,-0.07373523633685652,-0.1908905211560152,0.16219489253877137,0.2042514242285947,0.2042514242285947
24,-7,stoch_k,-0.15188957336876127,-0.24851366627155114,0.13859061607416037,0.18200639588197515,0.18200639588197515
24,-6,stoch_k,-0.1414606661570293,-0.29625658774575975,0.2115809118306658,0.24595615364544657,0.24595615364544657
24,-5,stoch_k,-0.21087292756850798,-0.3450595054568516,0.17785838666455178,0.22189850212454287,0.22189850212454287
24,-4,stoch_k,-0.2792647982844048,-0.40777420635438627,0.16605648345213034,0.21923960792353578,0.21923960792353578
24,-3,stoch_k,-0.43846509315901333,-0.4740475365564365,0.055938033137998854,0.12104753684775792,0.12104753684775792
24,-2,stoch_k,-0.5581265455629263,-0.576847695874878,0.03209130857220965,0.11029260894564097,0.11029260894564097
24,-1,stoch_k,-0.7222928961531984,-0.6807652033986179,-0.10600271544911218,0.01425594698801754,0.01425594698801754
24,0,stoch_k,-1.020852965992634,-0.9737267415211709,-0.15684319484152748,,
72,-69,log_ret,0.02660302228132086,-0.003551094827276689,0.031569037345836534,0.4886398713807498,0.4886398713807498
72,-66,log_ret,-0.12060743834202488,-0.019396465184399858,-0.098902800442805,0.3307697797071584,0.3307697797071584
72,-63,log_ret,0.004826565104950633,-0.059857667322460284,0.0648885223744717,0.5321230657961248,0.5321230657961248
72,-60,log_ret,0.014170022467927387,-0.045855532380907484,0.06670838476375181,0.5824044331431287,0.5824044331431287
72,-57,log_ret,0.0007665913123033803,-0.008685304194740538,0.009486549426105474,0.4491307016663953,0.4491307016663953
72,-54,log_ret,-0.050300628599264506,-0.034880027348494706,-0.013720206071495307,0.39827872614629267,0.39827872614629267
72,-51,log_ret,-0.05193869930829991,0.0020746299840673737,-0.04661293710144325,0.3290273932212588,0.3290273932212588
72,-48,log_ret,0.04273141230697985,-0.025378409316612373,0.06285675707835738,0.45797324156057106,0.45797324156057106
72,-45,log_ret,-0.05657519010344037,-0.06289938103873283,0.007581210691041455,0.4889351325456673,0.4889351325456673
72,-42,log_ret,0.10272639231644226,0.01174624129715893,0.0812761896857863,0.4616332977786543,0.4616332977786543
72,-39,log_ret,0.01173651931134777,0.04278269389006137,-0.037104571120621474,0.4435717847838291,0.4435717847838291
72,-36,log_ret,0.0343147438570331,0.01598016542158331,0.02045886414220367,0.4846844965161683,0.4846844965161683
72,-33,log_ret,-0.03439931511120112,-0.02728039312555834,-0.007006595069768517,0.42028180721388475,0.42028180721388475
72,-30,log_ret,0.002470655588290861,0.0035055883388310947,-0.0011349127748341455,0.4734640137985663,0.4734640137985663
72,-27,log_ret,0.07628388420023301,0.03890091494691593,0.03962353766479687,0.5218747823897325,0.5218747823897325
72,-24,log_ret,-0.016810524656816764,0.03217642270114825,-0.05169547844328628,0.4093502018121854,0.4093502018121854
72,-21,log_ret,0.0237859210497441,0.043225295553619855,-0.0197744260709128,0.4652579674074373,0.4652579674074373
72,-18,log_ret,-0.1453618869892563,-0.013846574096802485,-0.13168952916984758,0.3627690972298372,0.3627690972298372
72,-15,log_ret,-0.030434036230737413,-0.04562902974861639,0.01787486338527847,0.48520528310976546,0.48520528310976546
72,-12,log_ret,0.03932999254902825,-0.06176015269873595,0.12002733990480811,0.6046482441057731,0.6046482441057731
72,-9,log_ret,-0.07803663689022262,-0.09825884804336561,0.023993898858524855,0.4953699923124284,0.4953699923124284
72,-6,log_ret,-0.1871159250472879,-0.1650697579089966,-0.022398052191243915,0.41364370405212686,0.41364370405212686
72,-3,log_ret,-0.4526840115259229,-0.3354327042578478,-0.15722816321544317,0.36176825563937287,0.36176825563937287
72,0,log_ret,-1.2977403545648687,-0.7554643834803385,-0.7205423111704322,,
72,-69,range_pct,0.6123526156190093,0.16337369828640172,0.32327825623902334,-0.21743793792905106,0.21743793792905106
72,-66,range_pct,0.5873009805326108,0.21061019195002262,0.25920772834589784,-0.23337443586179793,0.23337443586179793
72,-63,range_pct,0.6436181850990074,0.24096775936238743,0.2843801955141323,-0.23755827802194773,0.23755827802194773
72,-60,range_pct,0.49802745718302,0.269798917647643,0.16557561209942137,-0.3149037411332294,0.3149037411332294
72,-57,range_pct,0.6405023116116084,0.25222514762168025,0.2997097428424838,-0.24115573428165088,0.24115573428165088
72,-54,range_pct,0.7721197767079704,0.22305854895859267,0.33699609773303435,-0.13957894316081793,0.13957894316081793
72,-51,range_pct,0.6973650317501139,0.40342697483504675,0.19975219714330106,-0.2751113903399216,0.2751113903399216
72,-48,range_pct,0.7804350081908827,0.4561633595612538,0.2119824673254431,-0.2795787294759261,0.2795787294759261
72,-45,range_pct,0.4259849494372719,0.3324778608566029,0.0707772938467941,-0.42727534499935066,0.42727534499935066
72,-42,range_pct,0.5820551389931805,0.3060730412490321,0.2012366756033572,-0.31692960996524255,0.31692960996524255
72,-39,range_pct,0.3823614808627301,0.2263670491310121,0.1353257514666467,-0.4461426992584824,0.4461426992584824
72,-36,range_pct,0.32509076881601856,0.2147391551407054,0.08606724820123408,-0.42027644983533224,0.42027644983533224
72,-33,range_pct,0.4596277416631993,0.26953548239544034,0.12911555389637247,-0.32207545786835196,0.32207545786835196
72,-30,range_pct,0.5207247623604618,0.23134328221850511,0.22598682698024622,-0.30356575462246715,0.30356575462246715
72,-27,range_pct,0.46699024455328647,0.3442455211274878,0.09048156769338188,-0.4093277916449196,0.4093277916449196
72,-24,range_pct,0.4859222777153331,0.3743158674074544,0.08524724317745534,-0.4575611218337306,0.4575611218337306
72,-21,range_pct,0.6717427054558087,0.31762608470981596,0.27809082630818,-0.31670277954748005,0.31670277954748005
72,-18,range_pct,0.7271842158479558,0.24178748541615075,0.32959390717019754,-0.24026591216558807,0.24026591216558807
72,-15,range_pct,0.5906281678407039,0.19161698645998346,0.3112986458655674,-0.2893680560369338,0.2893680560369338
72,-12,range_pct,0.5178508531923095,0.12123408837133967,0.37271051900163404,-0.3445518986728454,0.3445518986728454
72,-9,range_pct,0.445050022530335,0.14838860791469752,0.32702447365293613,-0.35636695168097765,0.35636695168097765
72,-6,range_pct,0.5534983640364198,0.18646473321994697,0.3588132114033479,-0.3271246302381347,0.3271246302381347
72,-3,range_pct,0.7092807695692129,0.3714098384586611,0.3244219950592318,-0.3725526297721905,0.3725526297721905
72,0,range_pct,1.5051949953507304,0.6601560911232675,0.6560021673158308,,
72,-69,body_pct,0.03113897678822805,-0.0006422290879763077,0.033223559717367575,0.48680633909169657,0.48680633909169657
72,-66,body_pct,-0.11651244874250281,-0.016218006002115242,-0.09823937240170898,0.329628961024515,0.329628961024515
72,-63,body_pct,0.009155231510737428,-0.05655325979804965,0.06584179364123509,0.5302509660140953,0.5302509660140953
72,-60,body_pct,0.017676430023534015,-0.04253763115384909,0.06702855418708935,0.579747182522439,0.579747182522439
72,-57,body_pct,0.005049261445593502,-0.00519563332286284,0.010274739132448191,0.4472442661675901,0.4472442661675901
72,-54,body_pct,-0.04576357089859408,-0.03160539043515369,-0.01261443762193263,0.39710525731550805,0.39710525731550805
72,-51,body_pct,-0.047099049789486105,0.006209592943950729,-0.046007241657992956,0.32733769721940076,0.32733769721940076
72,-48,body_pct,0.04716735864403071,-0.021030993699376402,0.06299590789259332,0.4561588420748072,0.4561588420748072
72,-45,body_pct,-0.053275274349962945,-0.059163598300613185,0.00706634232535351,0.48631455164505366,0.48631455164505366
72,-42,body_pct,0.10691143407624353,0.015300384245131648,0.0815068240849224,0.4587005112681527,0.4587005112681527
72,-39,body_pct,0.015518629382347205,0.0459755605304424,-0.03642759982472687,0.4414618666636843,0.4414618666636843
72,-36,body_pct,0.037853606603069544,0.01923306157415802,0.020813182465694465,0.48262401369284946,0.48262401369284946
72,-33,body_pct,-0.029807668001416862,-0.023836181480739335,-0.005883607067376059,0.41893174993457327,0.41893174993457327
72,-30,body_pct,0.006415119403283353,0.006752694500998284,-0.0003693050132572117,0.4710006035701997,0.4710006035701997
72,-27,body_pct,0.07974762951252395,0.042549037774464255,0.039362429912240635,0.5183400347177779,0.5183400347177779
72,-24,body_pct,-0.01224463556341275,0.03589334231758214,-0.05072633856415282,0.4070918221132775,0.4070918221132775
72,-21,body_pct,0.02817943226869425,0.04685119700971646,-0.018975991813276704,0.46260025402546423,0.46260025402546423
72,-18,body_pct,-0.1405725037696323,-0.010771848289382265,-0.13001114371712114,0.3615658617779823,0.3615658617779823
72,-15,body_pct,-0.026637487031553907,-0.042922284818039905,0.019201862796073575,0.4842979422543219,0.4842979422543219
72,-12,body_pct,0.04293941486523383,-0.05912156986003673,0.12102997953837429,0.603138483461636,0.603138483461636
72,-9,body_pct,-0.07510019031663735,-0.095459492726217,0.02417800045442595,0.49304291829227115,0.49304291829227115
72,-6,body_pct,-0.1826990233320329,-0.16240218112404733,-0.02066551995172839,0.4127379108125355,0.4127379108125355
72,-3,body_pct,-0.4482262976709063,-0.33224753401656115,-0.15589463946487556,0.3606649164209634,0.3606649164209634
72,0,body_pct,-1.289042605449342,-0.7511101446666375,-0.7195683691088185,,
72,-69,upper_wick,0.10422223517283176,0.19956404505797695,-0.162349169136429,-0.0637257457767247,0.0637257457767247
72,-66,upper_wick,0.18933468999306638,0.22168060725434097,-0.05526079438095224,0.010417650219912743,0.010417650219912743
72,-63,upper_wick,0.13461602233453757,0.20534552390583688,-0.10046835275465879,-0.03133862784727113,0.03133862784727113
72,-60,upper_wick,0.2397816736613297,0.18075784745505424,0.09589186224419953,0.12196613486547579,0.12196613486547579
72,-57,upper_wick,0.12003911887640478,0.19397122581506632,-0.11990980938359538,-0.037251573073913795,0.037251573073913795
72,-54,upper_wick,0.21773548373797288,0.16418081874252055,0.07985279843816001,0.11021317110123438,0.11021317110123438
72,-51,upper_wick,0.12242522125166876,0.17904712711633355,-0.09443566540101907,-0.01764308802267309,0.01764308802267309
72,-48,upper_wick,0.1304485690348816,0.14355396179275381,-0.020007669852776532,0.03234815852280966,0.03234815852280966
72,-45,upper_wick,0.16464799907299932,0.20243886110364218,-0.06200230650916696,0.004869194235073763,0.004869194235073763
72,-42,upper_wick,0.18888084876730485,0.23063712463610703,-0.06213702769132611,0.00022767002137586944,0.00022767002137586944
72,-39,upper_wick,0.18839293309590882,0.19659319535842062,-0.013066451614872115,0.04049240510689712,0.04049240510689712
72,-36,upper_wick,0.24716069613134972,0.1902387106507646,0.10516884828663804,0.11500580718874842,0.11500580718874842
72,-33,upper_wick,0.1613001918454689,0.2129413969469843,-0.08465573842559422,-0.011091430080684526,0.011091430080684526
72,-30,upper_wick,0.3403763265642165,0.26333650836453737,0.1248876678406298,0.12628970892203709,0.12628970892203709
72,-27,upper_wick,0.25070981049254815,0.18663307461085626,0.09206744382615857,0.11435489950776809,0.11435489950776809
72,-24,upper_wick,0.18978390076349402,0.18038966124704867,0.015411769437729128,0.05700078736161935,0.05700078736161935
72,-21,upper_wick,0.13758740804041736,0.16199736930839545,-0.03928748330268685,0.020837582368373554,0.020837582368373554
72,-18,upper_wick,0.16475399491308187,0.16373275655873673,0.0015649424741182737,0.04991175730031784,0.04991175730031784
72,-15,upper_wick,0.0859769818446323,0.1480829956762372,-0.12037069228013554,-0.025685949345815026,0.025685949345815026
72,-12,upper_wick,0.11451903676950476,0.1905100944676195,-0.11573632057512678,-0.04012279865892249,0.04012279865892249
72,-9,upper_wick,0.22413445986953942,0.18274815034561065,0.07378103118199565,0.10245938045683807,0.10245938045683807
72,-6,upper_wick,0.17564686050893755,0.21497131880864295,-0.06192918391387911,0.002793425811998804,0.002793425811998804
72,-3,upper_wick,0.11458628145218999,0.1546165331404794,-0.06527508988156826,0.0022730677235682094,0.0022730677235682094
72,0,upper_wick,-0.00961731308726249,0.03234353340573121,-0.07062181433637423,,
72,-69,lower_wick,0.2739629784805907,0.1950921623523485,0.14190170904332605,0.2526520782799048,0.2526520782799048
72,-66,lower_wick,0.12474235556847244,0.17487678081831998,-0.09120818826646286,0.08906552921503028,0.08906552921503028
72,-63,lower_wick,0.2064553762363546,0.19722649000457884,0.01402095210336472,0.1505605088745362,0.1505605088745362
72,-60,lower_wick,0.2189221559178636,0.1794127614142511,0.06308241995289109,0.18996585349385905,0.18996585349385905
72,-57,lower_wick,0.2586990950649124,0.1743338042266529,0.13113179529499258,0.23946394010715308,0.23946394010715308
72,-54,lower_wick,0.21106311890158663,0.20546479541722132,0.009851020234844726,0.1512423105630973,0.1512423105630973
72,-51,lower_wick,0.16670079673295496,0.17673546796733583,-0.015322187617417916,0.13347746841621982,0.13347746841621982
72,-48,lower_wick,0.22685051971563586,0.18458179066268107,0.06395586732090473,0.18967406864903064,0.18967406864903064
72,-45,lower_wick,0.1746378587472632,0.1859799319429806,-0.018935240102393735,0.12937879449529646,0.12937879449529646
72,-42,lower_wick,0.2002122738135599,0.1523320109160893,0.07557330039213574,0.19607279192130525,0.19607279192130525
72,-39,lower_wick,0.2552652324709386,0.1692589170038614,0.14636525928414404,0.2565445533802233,0.2565445533802233
72,-36,lower_wick,0.19297784840239696,0.1489550727446503,0.07099234025510032,0.1895364279362922,0.1895364279362922
72,-33,lower_wick,0.1591803860436711,0.17773068729244793,-0.02926602053488247,0.13044385929763483,0.13044385929763483
72,-30,lower_wick,0.08399005848224517,0.1617113917729714,-0.1366168190386111,0.05699053134930526,0.05699053134930526
72,-27,lower_wick,0.14326888074477515,0.17772668541443568,-0.057414276232735324,0.1071362656707754,0.1071362656707754
72,-24,lower_wick,0.19414407289500726,0.18489469723405177,0.015297148695859903,0.16031372906270414,0.16031372906270414
72,-21,lower_wick,0.13195076958638513,0.1634794618477355,-0.05019012068681998,0.11162346642524214,0.11162346642524214
72,-18,lower_wick,0.2335741534285868,0.23888211698633516,-0.008349668639866269,0.13179695309502912,0.13179695309502912
72,-15,lower_wick,0.26887407972955973,0.24690266517077195,0.03289644711910135,0.16318391020319017,0.16318391020319017
72,-12,lower_wick,0.21254723511972567,0.18894203564721263,0.03585402806905539,0.16446069952963602,0.16446069952963602
72,-9,lower_wick,0.13702399823900865,0.2431280793475539,-0.18912619967175373,0.019274170944018832,0.019274170944018832
72,-6,lower_wick,0.21816223034100538,0.24543514619910167,-0.04627936397398132,0.11625753900488527,0.11625753900488527
72,-3,lower_wick,0.3243506120278552,0.2703176020187567,0.0854210740534257,0.2171788093103758,0.2171788093103758
72,0,lower_wick,0.13791968966068924,0.2585138265664379,-0.2273591284043177,,
72,-69,close_location,0.06728634476463345,-0.006612019699618772,0.1978511425830504,0.34201485635061,0.34201485635061
72,-66,close_location,-0.054955724669896344,-0.03735918073087103,-0.04302683325237937,0.13872311793185707,0.13872311793185707
72,-63,close_location,0.010211316653078905,-0.036021513605158324,0.10099286313846201,0.24082409636504917,0.24082409636504917
72,-60,close_location,-0.005066589939545978,-0.03618189943975907,0.06835199461026921,0.22082152820989534,0.22082152820989534
72,-57,close_location,0.027864811157255812,-0.037192755794859735,0.13271611287773727,0.2745774048577675,0.2745774048577675
72,-54,close_location,-0.016253726737987664,-0.01619612643844448,-0.0001386983556596702,0.18474989497705793,0.18474989497705793
72,-51,close_location,-0.030278178634708403,-0.0025641674734220876,-0.05878862355254813,0.1177400072000228,0.1177400072000228
72,-48,close_location,0.06071995730895584,-0.001332972009010889,0.1373308955525838,0.2754788464143963,0.2754788464143963
72,-45,close_location,-0.035112666391527186,-0.05011226779444971,0.03590447416472284,0.19706962157421523,0.19706962157421523
72,-42,close_location,0.013601644540796298,-0.04252892506041529,0.12547123015464987,0.29623026622149723,0.29623026622149723
72,-39,close_location,0.02441597049969628,-0.0022547427819248427,0.059006623847729915,0.21075009107439008,0.21075009107439008
72,-36,close_location,0.004973865054866851,-0.02397787253398241,0.06802653953955295,0.2481955355637673,0.2481955355637673
72,-33,close_location,0.008638938207662216,-0.033513630050038046,0.0879330109759645,0.23957050642971714,0.23957050642971714
72,-30,close_location,-0.1336158713141534,-0.03795177726499754,-0.22009356643537464,0.0022064750584449774,0.0022064750584449774
72,-27,close_location,-0.021410484000592044,0.003307446535607731,-0.051602395886582685,0.13269427195335948,0.13269427195335948
72,-24,close_location,0.016480273097167136,-0.010177976733151203,0.05772340975121332,0.21327006096559284,0.21327006096559284
72,-21,close_location,0.013977602568317067,-0.0032424968494861213,0.043296033569923446,0.2250867560225217,0.2250867560225217
72,-18,close_location,-0.05377951272573598,-0.0014026559236097252,-0.13444976738646053,0.09182263812843644,0.09182263812843644
72,-15,close_location,0.06966438753550863,-0.0067337757554250185,0.18986705951394842,0.34510404812097184,0.34510404812097184
72,-12,close_location,0.007527564753588565,-0.027306568884308,0.07787820120565343,0.23303694458957772,0.23303694458957772
72,-9,close_location,-0.06348471652934139,-0.012873781692447935,-0.12271873070182687,0.08655733030898873,0.08655733030898873
72,-6,close_location,-0.03255590263978337,-0.07324396476987102,0.09964055054839065,0.2454086414280336,0.2454086414280336
72,-3,close_location,-0.09920909692731651,-0.11120359779818466,0.02910799981717313,0.18631574827242944,0.18631574827242944
72,0,close_location,-0.3673243178184041,-0.27036802788885933,-0.29601342624783816,,
72,-69,volume_rel72,0.5873040626886197,0.5315903832185237,0.032579831507620526,-0.11029373540117832,0.11029373540117832
72,-66,volume_rel72,0.537110020262103,0.4801098826444811,0.035710860792848194,-0.10572595777466554,0.10572595777466554
72,-63,volume_rel72,0.7335774666043343,0.5205944583458068,0.11378328347209538,-0.04229386229079832,0.04229386229079832
72,-60,volume_rel72,0.6304924437103586,0.5599115750929168,0.04006291774274893,-0.0959064599255498,0.0959064599255498
72,-57,volume_rel72,0.6143689928748818,0.5136837672907859,0.06834120993931503,-0.08872815103120946,0.08872815103120946
72,-54,volume_rel72,0.7841352665175995,0.4956925775267236,0.17201968895478012,-0.015885773642641467,0.015885773642641467
72,-51,volume_rel72,0.730277393496147,0.699365166257377,0.01820186211970571,-0.11383367917103403,0.11383367917103403
72,-48,volume_rel72,0.8684169431389482,0.7892834926304338,0.038715733705040445,-0.09372388045469053,0.09372388045469053
72,-45,volume_rel72,0.29436030449276723,0.5754107277111702,-0.19374518688029904,-0.27057703153864265,0.27057703153864265
72,-42,volume_rel72,0.5185857010332661,0.5234754285861358,-0.003006769286078876,-0.1416063695961911,0.1416063695961911
72,-39,volume_rel72,0.38964629657049143,0.45514594993761015,-0.04423005960801703,-0.17810234504264474,0.17810234504264474
72,-36,volume_rel72,0.3592388774613263,0.4516657157650183,-0.06132152731737924,-0.19692888273901074,0.19692888273901074
72,-33,volume_rel72,0.4962968846343251,0.49996571749862695,-0.0025606186008310665,-0.14473069316769774,0.14473069316769774
72,-30,volume_rel72,0.44780052650323204,0.5116388338652474,-0.05186179664881951,-0.19999433061402477,0.19999433061402477
72,-27,volume_rel72,0.5171094224615781,0.6185120586478324,-0.06679468040889754,-0.20842523532788335,0.20842523532788335
72,-24,volume_rel72,0.49318461104606587,0.7216760645128993,-0.151957072870013,-0.3230121929808636,0.3230121929808636
72,-21,volume_rel72,0.7217942461095475,0.6155021184434494,0.06352910950806348,-0.11698445282634613,0.11698445282634613
72,-18,volume_rel72,0.6961911067741716,0.500999533247927,0.11106091667875673,-0.07550205755280143,0.07550205755280143
72,-15,volume_rel72,0.6281664766843109,0.4431601124212008,0.1095880122412922,-0.0759768421041535,0.0759768421041535
72,-12,volume_rel72,0.5002319064159464,0.39446088986652383,0.07877060110251684,-0.13473403383870025,0.13473403383870025
72,-9,volume_rel72,0.49819225502303904,0.4629840448507349,0.026234004678326508,-0.16658271625460874,0.16658271625460874
72,-6,volume_rel72,0.48826583040257293,0.5481034167309257,-0.042895908621875756,-0.21321698606104766,0.21321698606104766
72,-3,volume_rel72,0.628327179044761,0.7545327692361617,-0.0994119237508098,-0.2920501125480424,0.2920501125480424
72,0,volume_rel72,1.4603601223476559,1.1301436939716547,0.20321587201419475,,
72,-69,trades_rel72,0.5868232582061965,0.428761814716617,0.09912236590025023,-0.04299271160462804,0.04299271160462804
72,-66,trades_rel72,0.5126693629728699,0.3757124726522576,0.08830716608722003,-0.04846563376783374,0.04846563376783374
72,-63,trades_rel72,0.6525841467729252,0.37980764308357956,0.16191123765949436,0.0057601148366773535,0.0057601148366773535
72,-60,trades_rel72,0.4980180337248991,0.4486867407621402,0.031083690574079132,-0.08264591076943942,0.08264591076943942
72,-57,trades_rel72,0.5877342115553027,0.38991396939295725,0.13062545524270824,-0.023232778762662557,0.023232778762662557
72,-54,trades_rel72,0.7775950202722689,0.40517881981752535,0.22916087009211347,0.04458765243897428,0.04458765243897428
72,-51,trades_rel72,0.736466784654045,0.615602689044964,0.07151027501766238,-0.05404876795477252,0.05404876795477252
72,-48,trades_rel72,0.8951204016166566,0.7440809560284833,0.07741441516738415,-0.04400447494761084,0.04400447494761084
72,-45,trades_rel72,0.30154118449448747,0.5615627412529042,-0.18810515537728215,-0.24187605580098712,0.24187605580098712
72,-42,trades_rel72,0.4719540379182608,0.4935896124613161,-0.014916300172836582,-0.12534728945557366,0.12534728945557366
72,-39,trades_rel72,0.32400228672971326,0.4019577635766904,-0.05936944582864115,-0.15856410257690262,0.15856410257690262
72,-36,trades_rel72,0.25263189349358006,0.3954865398161389,-0.10575801663435656,-0.20202754877917845,0.20202754877917845
72,-33,trades_rel72,0.39163800227429924,0.439445509217438,-0.03538517150737791,-0.13671887007878722,0.13671887007878722
72,-30,trades_rel72,0.3812557592022198,0.487704404803312,-0.08614275691340359,-0.18965981054363212,0.18965981054363212
72,-27,trades_rel72,0.5371859175394531,0.6261220963723544,-0.05747777217472431,-0.1766971698480027,0.1766971698480027
72,-24,trades_rel72,0.534906186210854,0.7465751912171038,-0.13807630365721762,-0.30421806875457347,0.30421806875457347
72,-21,trades_rel72,0.6273723911769964,0.6046037578403398,0.015556110350047926,-0.137496907142337,0.137496907142337
72,-18,trades_rel72,0.5047244456406959,0.4609851440289748,0.028448033154764688,-0.12820796619932856,0.12820796619932856
72,-15,trades_rel72,0.48001176340470986,0.422285542518323,0.03866048930650317,-0.10900240289528416,0.10900240289528416
72,-12,trades_rel72,0.39690421868322623,0.3761024164268747,0.018404392571216566,-0.14257327303019704,0.14257327303019704
72,-9,trades_rel72,0.4306988866818655,0.4403263142384175,-0.007688650889771119,-0.13970965491864074,0.13970965491864074
72,-6,trades_rel72,0.41698896052764245,0.5607001871663939,-0.11472884426457484,-0.2184347527900505,0.2184347527900505
72,-3,trades_rel72,0.6353561593633559,0.8169407705879874,-0.14688076392209642,-0.29605528698126315,0.29605528698126315
72,0,trades_rel72,1.3872663086556174,1.1290522705142696,0.1613537424038452,,
72,-69,taker_share,-0.038356625423249274,-0.0317295036306691,-0.008797324654388804,0.08004504178707121,0.08004504178707121
72,-66,taker_share,0.004334003768033451,-0.03102185414334397,0.05189497746097121,0.12560231432174931,0.12560231432174931
72,-63,taker_share,0.08218051088732425,-0.05419438325420574,0.18289073015977408,0.22888398546924957,0.22888398546924957
72,-60,taker_share,0.04286499528421296,-0.07428396266833362,0.15159998789704804,0.22083843720389962,0.22083843720389962
72,-57,taker_share,0.04085350504869388,-0.05556530812410293,0.13996419743912694,0.19725984970557559,0.19725984970557559
72,-54,taker_share,-0.05982750460626213,-0.011601336840410821,-0.06874721569914523,0.03899896323166273,0.03899896323166273
72,-51,taker_share,-0.06706279007819292,-0.018048971322261624,-0.07139623071093514,0.03880213316371712,0.03880213316371712
72,-48,taker_share,0.12116840628786357,0.04973386073295303,0.10936689563647262,0.18817974472047053,0.18817974472047053
72,-45,taker_share,0.0818679372659298,-0.01167963024366785,0.15746485450600076,0.22305312898534496,0.22305312898534496
72,-42,taker_share,0.0007268102080733688,-0.006385261460241896,0.009675926091954718,0.09437979460433354,0.09437979460433354
72,-39,taker_share,-0.03392435295326221,-0.0017104396311980155,-0.046344957396001314,0.055653799905479286,0.055653799905479286
72,-36,taker_share,-0.04860823739458014,-0.035405706900982534,-0.01874216616649113,0.07862081608881584,0.07862081608881584
72,-33,taker_share,0.05072010998372679,-0.010222189314878994,0.08203139217533818,0.14778179033623431,0.14778179033623431
72,-30,taker_share,-0.03396582779478868,0.015353565753752331,-0.06615144799371477,0.037855731569206304,0.037855731569206304
72,-27,taker_share,-0.020901230942130228,0.024577636754623166,-0.06573185168495785,0.040625081519101276,0.040625081519101276
72,-24,taker_share,0.02567323854331065,0.004022447122864563,0.03116985082113916,0.1343246765582785,0.1343246765582785
72,-21,taker_share,0.05212851029958714,0.024877987356847844,0.038650745898764355,0.14869642561401866,0.14869642561401866
72,-18,taker_share,-0.14281872246000502,-0.020259269608585682,-0.1777012222968392,-0.054000803927057486,0.054000803927057486
72,-15,taker_share,0.018599318245563795,-0.06326169435811203,0.1264895140491072,0.19204107030340395,0.19204107030340395
72,-12,taker_share,0.007221963377324519,-0.010041001485660672,0.022826469515803863,0.12235495946730238,0.12235495946730238
72,-9,taker_share,0.010463936961497422,-0.011806228603408844,0.031506595949364134,0.1285261929396012,0.1285261929396012
72,-6,taker_share,-0.07249573095598155,-0.0571196617163002,-0.02296610863835502,0.07397804839769705,0.07397804839769705
72,-3,taker_share,-0.14123430683846688,-0.11862116482936674,-0.03513859913112284,0.0854540510253281,0.0854540510253281
72,0,taker_share,-0.39155279663908815,-0.3090856459974829,-0.15476000304285162,,
72,-69,rsi14,0.07436747002173905,0.19604677744980478,-0.11170714420559812,-0.051485154644376765,0.051485154644376765
72,-66,rsi14,0.036254052012399944,0.18363442265911512,-0.13022141841526103,-0.07104188862589671,0.07104188862589671
72,-63,rsi14,0.054227325754861035,0.12117766591082155,-0.05795913843293491,-0.0075333263419986776,0.0075333263419986776
72,-60,rsi14,0.08980831874672461,0.07607418288373285,0.011719465415570424,0.05686560181187365,0.05686560181187365
72,-57,rsi14,0.030118369076970138,0.04536109029787541,-0.01411606367441125,0.03735987429056244,0.03735987429056244
72,-54,rsi14,-0.012520690103647885,0.017828891272815613,-0.027197234552172704,0.024227965597859228,0.024227965597859228
72,-51,rsi14,-0.008735808664587912,0.03814750631702029,-0.04255074331000895,0.009665208696752898,0.009665208696752898
72,-48,rsi14,-0.05359398402463369,0.033364680130034685,-0.07316946041408087,-0.024247294712579085,0.024247294712579085
72,-45,rsi14,-0.0319277555455402,-0.017675800119630165,-0.01239847942135634,0.035758615085933934,0.035758615085933934
72,-42,rsi14,0.0037105028448557414,-0.032645385115217695,0.03064710174213463,0.07575245809290725,0.07575245809290725
72,-39,rsi14,0.0031845099982564097,-0.01895600464195013,0.018419257111422494,0.06141038722616026,0.06141038722616026
72,-36,rsi14,0.02327115855102117,0.011155934142017807,0.010913731099170581,0.057155844470554405,0.057155844470554405
72,-33,rsi14,0.02488142906912361,-0.014564992942959416,0.03760858444371441,0.08263900406359917,0.08263900406359917
72,-30,rsi14,0.0009144044360490861,0.004231329562672827,-0.0033825093734086605,0.05189092990980809,0.05189092990980809
72,-27,rsi14,0.0023229177566935068,0.024765855973344988,-0.023663406491922404,0.037487851648659566,0.037487851648659566
72,-24,rsi14,0.013952693194840793,0.027422511169721407,-0.014326438264913779,0.04957886908069137,0.04957886908069137
72,-21,rsi14,0.08186069655197638,0.04835372911798509,0.03280986943535841,0.10348971530319608,0.10348971530319608
72,-18,rsi14,-0.03577234375256079,0.03595474507784712,-0.07079017359669137,-0.0163936168669589,0.0163936168669589
72,-15,rsi14,-0.022817175685540186,-0.00513692518601332,-0.017872486029801175,0.04584553624850934,0.04584553624850934
72,-12,rsi14,-0.048525231830016884,-0.0345655775896308,-0.014944718258261477,0.053435529901071414,0.053435529901071414
72,-9,rsi14,-0.04852396449833005,-0.09549307174704692,0.05515677668357013,0.14445325930024983,0.14445325930024983
72,-6,rsi14,-0.1033994200018545,-0.2105252310316751,0.13304075535375998,0.2458373144539616,0.2458373144539616
72,-3,rsi14,-0.3449165256762946,-0.42061223656788504,0.10000298427437039,0.27628173461994754,0.27628173461994754
72,0,rsi14,-0.8989692654711824,-0.8415197258312859,-0.11155459792474991,,
72,-69,macd_hist_pct,0.2139100108416406,0.10205970598380426,0.08057305899774499,0.21070827025902292,0.21070827025902292
72,-66,macd_hist_pct,0.09555860502748853,0.01967912950311546,0.05770063816075332,0.19394831073082155,0.19394831073082155
72,-63,macd_hist_pct,-0.010354196363887578,-0.10316970063959835,0.06529146108040033,0.1957819007869727,0.1957819007869727
72,-60,macd_hist_pct,-0.020566089543367357,-0.18522708058460718,0.11781950888314817,0.24487645362598048,0.24487645362598048
72,-57,macd_hist_pct,-0.027421205938379798,-0.20215633684980544,0.12816141145064008,0.2579325106406071,0.2579325106406071
72,-54,macd_hist_pct,-0.05647368087536759,-0.18687607303810957,0.08814292052363251,0.2136118806534941,0.2136118806534941
72,-51,macd_hist_pct,-0.01575402627888791,-0.14598244019025178,0.08526739123187352,0.20260882969718833,0.20260882969718833
72,-48,macd_hist_pct,-0.03640611864560655,-0.10238065367081652,0.03985196336911493,0.14988903250538435,0.14988903250538435
72,-45,macd_hist_pct,-0.033783124690806424,-0.0991802826842845,0.04037713225333233,0.14978490305306297,0.14978490305306297
72,-42,macd_hist_pct,-0.0055607219433618914,-0.09445216575706447,0.05726521718407475,0.17170313369745985,0.17170313369745985
72,-39,macd_hist_pct,0.07913009595870756,-0.040391261835961985,0.07416459025118828,0.1862863771688905,0.1862863771688905
72,-36,macd_hist_pct,0.09838151090123036,0.03754796164274147,0.0414511770094542,0.16410136080908216,0.16410136080908216
72,-33,macd_hist_pct,0.07015954449350291,0.04196770261559221,0.019930197023743577,0.14912887321230756,0.14912887321230756
72,-30,macd_hist_pct,0.05285211768070305,0.042467242634975935,0.007719224005213474,0.14954694829673928,0.14954694829673928
72,-27,macd_hist_pct,0.0751227922166301,0.051354248630728024,0.0192864488086768,0.16994306976223764,0.16994306976223764
72,-24,macd_hist_pct,0.07355667400622258,0.06674309807971844,0.0055350717669045224,0.16084272202140384,0.16084272202140384
72,-21,macd_hist_pct,0.08727814881475987,0.10343223802111526,-0.012037913934617348,0.13608268622359931,0.13608268622359931
72,-18,macd_hist_pct,-0.059050120396056664,0.10294340339411671,-0.11093839731358605,0.0405478100983297,0.0405478100983297
72,-15,macd_hist_pct,-0.11290853277400688,0.04240913572074431,-0.11950831258866601,0.04637965868626327,0.04637965868626327
72,-12,macd_hist_pct,-0.11084050906356424,-0.01805412159215107,-0.07562491045811469,0.09000131506165394,0.09000131506165394
72,-9,macd_hist_pct,-0.08138699340418463,-0.09450836592522036,0.010903239272570385,0.1762815448234081,0.1762815448234081
72,-6,macd_hist_pct,-0.11727388051372988,-0.20221011033626618,0.07301694918627757,0.26858699993154284,0.26858699993154284
72,-3,macd_hist_pct,-0.3646972586090366,-0.37675408685808415,0.011326478178589365,0.3235276247326814,0.3235276247326814
72,0,macd_hist_pct,-0.9525587713276898,-0.7182398296513215,-0.27793240390604956,,
72,-69,close_vs_ema24,0.16441155877826666,0.2739891386763365,-0.06712322025922067,0.14823397524504756,0.14823397524504756
72,-66,close_vs_ema24,0.04098156138961376,0.2101968656104334,-0.10161543665619083,0.1164874903012529,0.1164874903012529
72,-63,close_vs_ema24,0.019691592190173215,0.08957351087075141,-0.03942865318930797,0.16405603058617121,0.16405603058617121
72,-60,close_vs_ema24,0.05587310039576281,0.02510272151643962,0.018079130072982116,0.22907381377919306,0.22907381377919306
72,-57,close_vs_ema24,0.007216447938440574,0.002543259903581606,0.0030206067835853606,0.23663277156044007,0.23663277156044007
72,-54,close_vs_ema24,-0.032333394357313715,-0.028936455405696674,-0.0021777103629378102,0.2342842631119102,0.2342842631119102
72,-51,close_vs_ema24,0.007118149134502919,-0.019769555311305104,0.019167999219218492,0.2756090244370284,0.2756090244370284
72,-48,close_vs_ema24,-0.0323911490790865,-0.026385046604210167,-0.003862503806133386,0.21801713769867542,0.21801713769867542
72,-45,close_vs_ema24,-0.05313710695029133,-0.07421676676582407,0.014054072101419731,0.23984039331829118,0.23984039331829118
72,-42,close_vs_ema24,0.002543381932708952,-0.07836636658585458,0.05051038113512992,0.2670782858603112,0.2670782858603112
72,-39,close_vs_ema24,0.06400926161074529,-0.035303760668655204,0.060554688422209096,0.26278540723053884,0.26278540723053884
72,-36,close_vs_ema24,0.06206021173986503,0.014111200106088762,0.03152006275945441,0.246767755263082,0.246767755263082
72,-33,close_vs_ema24,0.02095928479468933,-0.025573379041075154,0.029825221518497657,0.23655170175923246,0.23655170175923246
72,-30,close_vs_ema24,0.03276492506416549,-0.010450325686381094,0.03326485200747665,0.26758623421739586,0.26758623421739586
72,-27,close_vs_ema24,0.08741505975679804,0.008480031905626809,0.0628384965281305,0.32596519010241903,0.32596519010241903
72,-24,close_vs_ema24,0.055564004707978,0.024751961024271116,0.024682852834138024,0.3315356989521292,0.3315356989521292
72,-21,close_vs_ema24,0.10089898344853686,0.07280179467892998,0.02008898741650562,0.343439419308705,0.343439419308705
72,-18,close_vs_ema24,-0.10038098108230366,0.059632373038092976,-0.10681296649115929,0.18179566835336317,0.18179566835336317
72,-15,close_vs_ema24,-0.08570071492620089,-0.0007877397950290253,-0.06099660476891886,0.25425202036945227,0.25425202036945227
72,-12,close_vs_ema24,-0.08348806293603654,-0.04458526918595588,-0.029122614115389876,0.3208682776469685,0.3208682776469685
72,-9,close_vs_ema24,-0.10471976650620086,-0.12386095363224202,0.014835535247293644,0.3791328484962763,0.3791328484962763
72,-6,close_vs_ema24,-0.19194752000934118,-0.25626617606677526,0.05395516700429791,0.4624227942964267,0.4624227942964267
72,-3,close_vs_ema24,-0.5584105694665427,-0.49116403297348704,-0.05646509299464162,0.41806314297920705,0.41806314297920705
72,0,close_vs_ema24,-1.3552668971371733,-0.9689167471240379,-0.40223354223246505,,
72,-69,atr14_pct,0.3945966268872359,0.015454328609242415,0.2589410872849945,-0.10388563487546601,0.10388563487546601
72,-66,atr14_pct,0.43431800991055314,-0.00045026453746551716,0.2946693684979242,-0.07173028001591346,0.07173028001591346
72,-63,atr14_pct,0.440698259078932,-0.009342366743280931,0.3110776964528006,-0.06400234904509475,0.06400234904509475
72,-60,atr14_pct,0.41831987531083914,-0.029887949237255036,0.30423229511187755,-0.06535913250793066,0.06535913250793066
72,-57,atr14_pct,0.42523087024757705,-0.04189734029178335,0.3050890674806608,-0.05325510913407149,0.05325510913407149
72,-54,atr14_pct,0.4626679142238572,-0.03682049481129205,0.3310360738742115,-0.0337911767667958,0.0337911767667958
72,-51,atr14_pct,0.462458050939151,-0.002681082698809742,0.32390780649209155,-0.05570812939020201,0.05570812939020201
72,-48,atr14_pct,0.5059757961512164,0.06128830629556129,0.30532402875697595,-0.06535697326004582,0.06535697326004582
72,-45,atr14_pct,0.5160873177789014,0.09737525797121364,0.2768058912731949,-0.07754702959148041,0.07754702959148041
72,-42,atr14_pct,0.487831072933558,0.11509822789338175,0.24601581419868898,-0.10275553408921002,0.10275553408921002
72,-39,atr14_pct,0.39944071907343137,0.1181797827141256,0.20181538062161497,-0.16637783012279794,0.16637783012279794
72,-36,atr14_pct,0.305640659717567,0.06007640218983094,0.1871469649738022,-0.20452872909315079,0.20452872909315079
72,-33,atr14_pct,0.21375986778487763,-0.0061706235239937625,0.1635449152120801,-0.22422591979501283,0.22422591979501283
72,-30,atr14_pct,0.23938853588576117,-0.03428740513131574,0.1990265963295827,-0.18696530708974007,0.18696530708974007
72,-27,atr14_pct,0.2150385814063527,-0.03420934689024256,0.18085393142087405,-0.20594493069020633,0.20594493069020633
72,-24,atr14_pct,0.23891755648569582,0.003594049235322961,0.1715542644678238,-0.21370666772320163,0.21370666772320163
72,-21,atr14_pct,0.316526562889555,0.03607269416183785,0.21539388176005012,-0.19283493958162898,0.19283493958162898
72,-18,atr14_pct,0.3826699929518832,0.036251842613435455,0.2801251893437683,-0.16214631907935947,0.16214631907935947
72,-15,atr14_pct,0.42247746296709887,0.025015730134866857,0.3220474670481128,-0.13152766771606067,0.13152766771606067
72,-12,atr14_pct,0.4351279918639058,-0.02904949370012791,0.3669311380866205,-0.08150324417749404,0.08150324417749404
72,-9,atr14_pct,0.44032713412134733,-0.09311345558941227,0.42487470074622447,-0.024077329775592137,0.024077329775592137
72,-6,atr14_pct,0.393883172845192,-0.12852503073722968,0.4651446321814034,-0.04908130630029916,0.04908130630029916
72,-3,atr14_pct,0.38544039310525274,-0.10387048496071387,0.477893166720998,-0.16066042269654274,0.16066042269654274
72,0,atr14_pct,0.5667960572302237,0.010439168573443399,0.6138637442689981,,
72,-69,bb_width,0.4697283890908929,0.2955170114119365,0.10575162205437189,-0.058513200358981506,0.058513200358981506
72,-66,bb_width,0.46537572987101694,0.24539283323274166,0.13278210855742914,-0.0349043506575222,0.0349043506575222
72,-63,bb_width,0.5004766945364989,0.21711523429042212,0.1713112849993533,-0.0022590733975641816,0.0022590733975641816
72,-60,bb_width,0.5006459654735712,0.1768842393508681,0.19519472049748643,0.01895465631126157,0.01895465631126157
72,-57,bb_width,0.45852424538935777,0.13268359886758305,0.21248262169956608,0.021685735715841883,0.021685735715841883
72,-54,bb_width,0.44574543085009616,0.07974731526768732,0.2571365335506126,0.04798957404672579,0.04798957404672579
72,-51,bb_width,0.4610582958665435,0.07284325826913118,0.2920162489031001,0.06425889031090547,0.06425889031090547
72,-48,bb_width,0.4930330955906323,0.11269332771836263,0.29018079892710263,0.05814994628529707,0.05814994628529707
72,-45,bb_width,0.4556847804363955,0.1257899512506642,0.2502758775263596,0.02624980736106851,0.02624980736106851
72,-42,bb_width,0.46835902175883315,0.1323644186863762,0.245880368319166,0.029013895502024677,0.029013895502024677
72,-39,bb_width,0.49214221635311667,0.14363883171851435,0.2463169365339735,0.035519536625655754,0.035519536625655754
72,-36,bb_width,0.4542479298112017,0.1569093520132204,0.2081634082620744,0.005512996832885552,0.005512996832885552
72,-33,bb_width,0.4129803608585563,0.13794212049160032,0.19118258007903555,-0.007381740078024193,0.007381740078024193
72,-30,bb_width,0.34973690996843354,0.10241470559547586,0.1763974080853058,-0.02423859360293027,0.02423859360293027
72,-27,bb_width,0.3306035221364625,0.07115920927565268,0.19391527786316765,-0.01739463599788637,0.01739463599788637
72,-24,bb_width,0.2981692792921051,0.06450961005477304,0.1781603533770565,-0.03323228060722417,0.03323228060722417
72,-21,bb_width,0.33563895149294426,0.07556494960078487,0.19987435950436072,-0.017181452306946565,0.017181452306946565
72,-18,bb_width,0.4612440027887243,0.08635048547552691,0.2851997338470863,0.056960817115146785,0.056960817115146785
72,-15,bb_width,0.5621774704023091,0.08275573797248027,0.3446447847860863,0.1263558924077221,0.1263558924077221
72,-12,bb_width,0.6067189487145731,0.06344727475920485,0.38159144260001127,0.17444563954329428,0.17444563954329428
72,-9,bb_width,0.5417832225147221,0.03845487568415357,0.35241013510554337,0.16933346586470968,0.16933346586470968
72,-6,bb_width,0.42049865766980304,-0.006478331086260301,0.32151113105585727,0.13924562536120977,0.13924562536120977
72,-3,bb_width,0.2832404956894202,-0.026180972689029726,0.27765443237776094,0.03922873723937024,0.03922873723937024
72,0,bb_width,0.36584449541125513,0.07809928314182563,0.32391001154961147,,
72,-69,stoch_k,0.01678405813032037,0.036663373602398984,-0.026376538081848446,0.003940895040065243,0.003940895040065243
72,-66,stoch_k,-0.016876858227920753,0.05027872356974209,-0.08428054368130289,-0.04777093672255922,0.04777093672255922
72,-63,stoch_k,0.006557810818776488,0.0077916812388812776,-0.0015487192734968756,0.02363179706404015,0.02363179706404015
72,-60,stoch_k,0.03133084102322486,-0.03300776149801634,0.07846099320290664,0.10120630380394884,0.10120630380394884
72,-57,stoch_k,-0.05148579484429555,-0.07596688026711086,0.029821659672335687,0.05640665092322492,0.05640665092322492
72,-54,stoch_k,-0.0723270603791914,-0.10188317895194308,0.03719616159851964,0.06536629412197296,0.06536629412197296
72,-51,stoch_k,-0.05514927324407769,-0.058095164476307457,0.00360686950663446,0.031643358586165016,0.031643358586165016
72,-48,stoch_k,-0.04374723778865128,-0.04940273752436042,0.006531244694913332,0.031909824595884956,0.031909824595884956
72,-45,stoch_k,-0.0033216719964036237,-0.1062234144299981,0.12689785203271858,0.14243222466486405,0.14243222466486405
72,-42,stoch_k,0.014897639518258747,-0.1207860190016045,0.16702038165754476,0.18070162824879252,0.18070162824879252
72,-39,stoch_k,-0.004260633382256384,-0.09299787462266439,0.10396381916608764,0.12414769803058191,0.12414769803058191
72,-36,stoch_k,0.040144957056596736,-0.0758804365242314,0.14009878196512326,0.16170384732587517,0.16170384732587517
72,-33,stoch_k,0.02682316979324376,-0.07428773359343824,0.12547189304747539,0.15056070999769317,0.15056070999769317
72,-30,stoch_k,-0.03195098876797905,-0.032797067023003126,0.001122488420323975,0.032338222699843884,0.032338222699843884
72,-27,stoch_k,-0.03019325568823627,-0.01594913535302988,-0.019633345536912504,0.01263832212289338,0.01263832212289338
72,-24,stoch_k,0.008657142473600322,-0.05260216837740262,0.08392056892138523,0.11876503481355585,0.11876503481355585
72,-21,stoch_k,0.005679282299415381,-0.04550578331367837,0.06479937269143031,0.09344411245948601,0.09344411245948601
72,-18,stoch_k,-0.08716947948603236,-0.061954262769884534,-0.0335208146833403,-0.002381819136878164,0.002381819136878164
72,-15,stoch_k,-0.015667638517226332,-0.0892462915637427,0.10546696838019813,0.12366192906449759,0.12366192906449759
72,-12,stoch_k,-0.083031712418974,-0.10229568742646801,0.03008632333496725,0.05552434789504377,0.05552434789504377
72,-9,stoch_k,-0.06367245417614295,-0.14249493045240846,0.12153186031530148,0.13271557279981958,0.13271557279981958
72,-6,stoch_k,-0.12236182926722837,-0.2452202629496309,0.20164857755838328,0.21356467292682932,0.21356467292682932
72,-3,stoch_k,-0.3095342739726658,-0.40896041353914403,0.16166644335857921,0.22704293949123167,0.22704293949123167
72,0,stoch_k,-0.7670908008219192,-0.7437798888250081,-0.070947868143786,,
240,-230,log_ret,0.025842791484642982,-0.05278030353063649,0.15576521804876667,0.4840394851311265,0.4840394851311265
240,-220,log_ret,0.0026804331476644925,-0.0876713705486812,0.16466652447341026,0.39341484601456583,0.39341484601456583
240,-210,log_ret,-0.006889735072575233,0.02934943030036434,-0.06553360909207488,0.24876088356237896,0.24876088356237896
240,-200,log_ret,0.06466204552217042,-0.006021935031404374,0.1175667018922177,0.38879403870689416,0.38879403870689416
240,-190,log_ret,0.0017744307891310502,0.04021958552982175,-0.06811135276092385,0.24357605305133614,0.24357605305133614
240,-180,log_ret,-0.041109659959113705,0.040349642077840316,-0.16183699654230338,0.1901284003692358,0.1901284003692358
240,-170,log_ret,-0.02381219086021668,0.0407854063582986,-0.12729562271012085,0.21023304933936104,0.21023304933936104
240,-160,log_ret,-0.005758052491324229,0.013556188733437684,-0.029139665525470485,0.25394832513239923,0.25394832513239923
240,-150,log_ret,0.09261230842093937,0.02327882210267018,0.11664617883952015,0.40788991700534566,0.40788991700534566
240,-140,log_ret,-0.052817771641356454,0.020445203979896312,-0.13301236350315615,0.1843516626279606,0.1843516626279606
240,-130,log_ret,-0.01138244990768187,0.027578283860175697,-0.07208345988444301,0.24923362419855113,0.24923362419855113
240,-120,log_ret,-0.03959134230966878,0.014781171259528492,-0.10271430679506872,0.22818200939896346,0.22818200939896346
240,-110,log_ret,-0.05450403527356684,-0.007315443889065473,-0.08448545348885836,0.23437159904755928,0.23437159904755928
240,-100,log_ret,-0.03734886003399475,0.048184431627979155,-0.15964051174367822,0.16361663668509738,0.16361663668509738
240,-90,log_ret,-0.026357747225254705,0.03369580427102779,-0.11212445179767405,0.21088039946976192,0.21088039946976192
240,-80,log_ret,0.08894364336393429,0.07407737917620344,0.02833902141144277,0.336585930300184,0.336585930300184
240,-70,log_ret,0.007781903985973999,0.06711268117780694,-0.10698523310466765,0.2142466922919961,0.2142466922919961
240,-60,log_ret,-0.014741201287877091,-0.0375541501642955,0.03899037563083609,0.3429253020669525,0.3429253020669525
240,-50,log_ret,-0.026346382025318842,-0.010529590110915402,-0.029262086556295735,0.26566230800341695,0.26566230800341695
240,-40,log_ret,0.0343482531607151,-0.023428037176253618,0.10841582758622537,0.40089067184328464,0.40089067184328464
240,-30,log_ret,-0.007542121487117752,0.009047373215219489,-0.03520286020803588,0.30116869793716855,0.30116869793716855
240,-20,log_ret,-0.005989200188735224,0.03497928926393528,-0.07468245304653014,0.28977416820177665,0.28977416820177665
240,-10,log_ret,-0.024213085921170812,-0.047903995452172776,0.054612118813156696,0.3619751403777445,0.3619751403777445
240,0,log_ret,-0.590432781040565,-0.39542293292470276,-0.5600273346621243,,
240,-230,range_pct,0.4574089075852465,0.4073715646647745,0.05184604350707783,-0.3615786440167951,0.3615786440167951
240,-220,range_pct,0.37118051636584654,0.4359335397214939,-0.06086100157515709,-0.467019858592632,0.467019858592632
240,-210,range_pct,0.5663434378597971,0.5693257018876331,-0.002289871862112741,-0.3459625823689456,0.3459625823689456
240,-200,range_pct,0.3363611812550247,0.45207094821078636,-0.11824573868837297,-0.5554176153987079,0.5554176153987079
240,-190,range_pct,0.5400978706570135,0.5539979013243552,-0.011582608097924264,-0.38555170936218547,0.38555170936218547
240,-180,range_pct,0.4272617191287551,0.4522803051535178,-0.022562597268577678,-0.40107900299665217,0.40107900299665217
240,-170,range_pct,0.44894913336072395,0.4711694587539468,-0.019722792561888303,-0.39574038160532715,0.39574038160532715
240,-160,range_pct,0.6958045515024828,0.474335883824905,0.18065176078276532,-0.20356031204179473,0.20356031204179473
240,-150,range_pct,0.6051414089484347,0.2705550345870304,0.24693394336379282,-0.09995284751458089,0.09995284751458089
240,-140,range_pct,0.6503590187144086,0.3609705509669665,0.24190096684412704,-0.14435417619210425,0.14435417619210425
240,-130,range_pct,0.4742004404392059,0.24622001047936026,0.20357129674777122,-0.19718637677722295,0.19718637677722295
240,-120,range_pct,0.5747399231487954,0.24240808988084878,0.26360032187383,-0.1130002867832359,0.1130002867832359
240,-110,range_pct,0.6170317069368644,0.28048303688329823,0.3118307962467863,-0.12571432048740105,0.12571432048740105
240,-100,range_pct,0.5225669931948047,0.28346688735850706,0.21554914917797768,-0.1998984709447824,0.1998984709447824
240,-90,range_pct,0.5536236085722016,0.36887957960479306,0.16511717244779497,-0.2501187390529175,0.2501187390529175
240,-80,range_pct,0.47420096763030245,0.2692527063341846,0.20431116580495295,-0.23259301998721027,0.23259301998721027
240,-70,range_pct,0.6319785539397142,0.2905407539801672,0.2817911272732011,-0.10687047233907702,0.10687047233907702
240,-60,range_pct,0.5751780877752161,0.23392466618248295,0.2998478074078191,-0.11243153561785839,0.11243153561785839
240,-50,range_pct,0.7212327113547535,0.31064638941272815,0.34220929064897504,-0.057731073295712046,0.057731073295712046
240,-40,range_pct,0.5100141768235955,0.3268340398245965,0.1693899259432504,-0.23932760996749197,0.23932760996749197
240,-30,range_pct,0.4446332018080823,0.23714254020402828,0.19094370194148613,-0.21795128256453367,0.21795128256453367
240,-20,range_pct,0.5615122905690912,0.3366563548053684,0.2287399850853124,-0.2471039419060246,0.2471039419060246
240,-10,range_pct,0.5666880685905064,0.16712506678865152,0.431179772733668,-0.0971986715359469,0.0971986715359469
240,0,range_pct,0.8738024202779073,0.3833921644922898,0.6455053544820893,,
240,-230,body_pct,0.029486297304646105,-0.048865461200303224,0.15561817305807465,0.48167033361057937,0.48167033361057937
240,-220,body_pct,0.006255037772125097,-0.0836832145966279,0.1638898181011685,0.39023025543206613,0.39023025543206613
240,-210,body_pct,-0.002403905451366747,0.03383346228791332,-0.06533481157458677,0.24533555459488518,0.24533555459488518
240,-200,body_pct,0.06810205457494939,-0.002070482548636695,0.11653113720152437,0.3851785094157816,0.3851785094157816
240,-190,body_pct,0.006008021013392998,0.04426981765061134,-0.06769762702049843,0.24059906919429944,0.24059906919429944
240,-180,body_pct,-0.03732402162212464,0.044057458682261685,-0.1615750993796621,0.1868350666496348,0.1868350666496348
240,-170,body_pct,-0.019742146389843482,0.0448708755861002,-0.12751920111505718,0.20742979223630195,0.20742979223630195
240,-160,body_pct,-0.0010726906561844603,0.017502462191192468,-0.0280417139526563,0.25242759962787686,0.25242759962787686
240,-150,body_pct,0.09689654165197646,0.026625469837906875,0.11786315017305887,0.4057079335064988,0.4057079335064988
240,-140,body_pct,-0.04880981786886372,0.02425010204832587,-0.13267535376689338,0.18175506879826028,0.18175506879826028
240,-130,body_pct,-0.007414931198582053,0.03095227420056256,-0.07094297227169091,0.24705345577453844,0.24705345577453844
240,-120,body_pct,-0.03536392280484843,0.017868250178354275,-0.10078221374014301,0.2270926578686228,0.2270926578686228
240,-110,body_pct,-0.05002166106607075,-0.004116217480730955,-0.0822289696077931,0.23353185662925716,0.23353185662925716
240,-100,body_pct,-0.033401505405048805,0.0515916534975447,-0.158543060402586,0.16161066954988076,0.16161066954988076
240,-90,body_pct,-0.02222895454205745,0.03731824282955064,-0.11129087355371323,0.20871839188053184,0.20871839188053184
240,-80,body_pct,0.09292268944059119,0.077537886084799,0.0292113918780825,0.3334835216721942,0.3334835216721942
240,-70,body_pct,0.012743068871916167,0.07069530629410616,-0.10419661611374435,0.21261417242598202,0.21261417242598202
240,-60,body_pct,-0.010773428413947975,-0.03431024671159254,0.04033016694392623,0.3419546031917574,0.3419546031917574
240,-50,body_pct,-0.021809670737841062,-0.006813310231168375,-0.027741821142453504,0.2644538454988083,0.2644538454988083
240,-40,body_pct,0.03812186677802216,-0.019762301230070146,0.1086335336922317,0.39832807096546835,0.39832807096546835
240,-30,body_pct,-0.003421248242914401,0.012367460942456361,-0.03358358912484577,0.3000663343367004,0.3000663343367004
240,-20,body_pct,-0.0018013662533862603,0.038602256958525955,-0.0736231324653997,0.2866803115170122,0.2866803115170122
240,-10,body_pct,-0.02044595521443558,-0.04516246553544921,0.05705832471628679,0.3610392968109011,0.3610392968109011
240,0,body_pct,-0.5848495486390709,-0.3920622278712,-0.5579093174010125,,
240,-230,upper_wick,0.16423979141163053,0.19970972297381162,-0.10483024452036675,-0.03901701354251404,0.03901701354251404
240,-220,upper_wick,0.2045771074179491,0.16207878689574837,0.12046719571862846,0.13304290908149233,0.13304290908149233
240,-210,upper_wick,0.18293690897257034,0.16897698131032046,0.041070869114899815,0.07517417697761038,0.07517417697761038
240,-200,upper_wick,0.15384110606235615,0.17869148849880462,-0.06785425493875412,-0.013852284321409301,0.013852284321409301
240,-190,upper_wick,0.24799646991649987,0.20237553768135882,0.1398513024110569,0.15361511817631723,0.15361511817631723
240,-180,upper_wick,0.19698015614240258,0.1968782449915091,0.000281387990521636,0.039478444797669376,0.039478444797669376
240,-170,upper_wick,0.18623563937877338,0.217672639362583,-0.07594174732563015,-0.027371557772141702,0.027371557772141702
240,-160,upper_wick,0.20878624987650524,0.227514581159792,-0.058746863435799906,-0.0013794806641812647,0.0013794806641812647
240,-150,upper_wick,0.18096638520041275,0.22165232393631917,-0.12313119716272007,-0.05327406016545955,0.05327406016545955
240,-140,upper_wick,0.13762414003549903,0.2179998144145227,-0.25579696901823856,-0.14958503900844639,0.14958503900844639
240,-130,upper_wick,0.18575907369032157,0.2012949706199665,-0.0468128627874873,0.005490995522716193,0.005490995522716193
240,-120,upper_wick,0.17315998333678753,0.18756546927572884,-0.044180900978980996,0.009150513816333928,0.009150513816333928
240,-110,upper_wick,0.22481271199325825,0.1603994016789969,0.17679440382865433,0.15801500804191101,0.15801500804191101
240,-100,upper_wick,0.1949615227834632,0.1809363260830718,0.04741372521194313,0.07417185119541414,0.07417185119541414
240,-90,upper_wick,0.1897884484777158,0.16161464333008216,0.07481053078251163,0.08712454325106202,0.08712454325106202
240,-80,upper_wick,0.22379990539479036,0.182003527409742,0.1155673086866037,0.12112553529812044,0.12112553529812044
240,-70,upper_wick,0.17267972602793533,0.1847047510754136,-0.035511022143397804,0.01354096081167804,0.01354096081167804
240,-60,upper_wick,0.19304370376522895,0.2062750198809361,-0.036522079035837464,0.009823903021769302,0.009823903021769302
240,-50,upper_wick,0.16551568575367262,0.1776957049754586,-0.03658913254378043,0.012486999899984265,0.012486999899984265
240,-40,upper_wick,0.16025453629791392,0.19973427426345922,-0.10810876321057536,-0.040946706095446754,0.040946706095446754
240,-30,upper_wick,0.23865199006266063,0.21565170651377197,0.0663554487848282,0.07979963550986917,0.07979963550986917
240,-20,upper_wick,0.19094457121402095,0.17428584615872414,0.049021384683101875,0.06528843513459143,0.06528843513459143
240,-10,upper_wick,0.12709539860952646,0.17600790826017382,-0.15513391212790573,-0.06584752200411438,0.06584752200411438
240,0,upper_wick,0.11638445374167834,0.1345138908778878,-0.05764671946323846,,
240,-230,lower_wick,0.20990541684268801,0.18973728514026367,0.05690747646112002,0.15108341718680351,0.15108341718680351
240,-220,lower_wick,0.16877740628465457,0.17275211271502217,-0.01207749071622948,0.09690080394830154,0.09690080394830154
240,-210,lower_wick,0.21574549489580225,0.17914286407877053,0.09541552413466091,0.17530917402656582,0.17530917402656582
240,-200,lower_wick,0.17357399440111798,0.2121501603698427,-0.1076097021708035,0.029895543932793606,0.029895543932793606
240,-190,lower_wick,0.12723972682444448,0.1855908310196052,-0.1451042030170152,-0.010841515483167443,0.010841515483167443
240,-180,lower_wick,0.22626651208675294,0.21379121835559123,0.03614317739924562,0.14673969742102,0.14673969742102
240,-170,lower_wick,0.20593359939327152,0.15909794987938194,0.15790678224969062,0.20849536668946275,0.20849536668946275
240,-160,lower_wick,0.21231126467938777,0.15015048689545235,0.18696340847441834,0.2346449010828952,0.2346449010828952
240,-150,lower_wick,0.22568063865657206,0.16963285447046575,0.15424833130554655,0.21686743681089413,0.21686743681089413
240,-140,lower_wick,0.2269292825712236,0.17751967244462488,0.13351344236544122,0.1913179845468395,0.1913179845468395
240,-130,lower_wick,0.20043601014962137,0.16759573521967805,0.092679570248773,0.1798804715547836,0.1798804715547836
240,-120,lower_wick,0.20487756578734628,0.1993135394597495,0.015810306992791807,0.13303474777998778,0.13303474777998778
240,-110,lower_wick,0.18409196493491806,0.21284096219352688,-0.08056268413220241,0.049976456180241234,0.049976456180241234
240,-100,lower_wick,0.19251242439538516,0.19569535636239582,-0.008459095435139358,0.10198720853856384,0.10198720853856384
240,-90,lower_wick,0.19182424967422979,0.2293663497203616,-0.11541883702863306,0.03274890588262118,0.03274890588262118
240,-80,lower_wick,0.1522177821957653,0.1825484916291855,-0.08740771942867609,0.04550144131702117,0.04550144131702117
240,-70,lower_wick,0.19360901980609116,0.1850729662843083,0.02491685353308078,0.12650665445872378,0.12650665445872378
240,-60,lower_wick,0.18343413894547633,0.1835923650435655,-0.00046827230858021167,0.10205998063630298,0.10205998063630298
240,-50,lower_wick,0.20946227275568094,0.1832149960057534,0.06710597475375432,0.1497766234344887,0.1497766234344887
240,-40,lower_wick,0.2250983116251451,0.17331430119789998,0.13271426520777133,0.2047057048956633,0.2047057048956633
240,-30,lower_wick,0.14431257382104243,0.16459586289366362,-0.06374186712210435,0.07395018319773322,0.07395018319773322
240,-20,lower_wick,0.14799336262081783,0.18018955537937237,-0.10252850765519607,0.044871638887155715,0.044871638887155715
240,-10,lower_wick,0.24423714130427,0.22380211098223096,0.061719603367775586,0.15189057439617984,0.15189057439617984
240,0,lower_wick,0.20831421987343304,0.26147502485697194,-0.15682066549696902,,
240,-230,close_location,0.01954089071228669,-0.024557260277409416,0.23153487068869683,0.2805977987814247,0.2805977987814247
240,-220,close_location,-0.016905200469342095,-0.024542815327920294,0.037363430015361444,0.11266311654624486,0.11266311654624486
240,-210,close_location,-0.01846360956767091,0.010808797906739291,-0.1347977865664231,-0.0226473122454057,0.0226473122454057
240,-200,close_location,0.013956363580224139,0.002819820375979934,0.047443898633738664,0.12220338459212547,0.12220338459212547
240,-190,close_location,-0.04091208319490155,0.009163069034844672,-0.22404029576435508,-0.09666098392216112,0.09666098392216112
240,-180,close_location,-0.014233495350237246,0.00793895458304582,-0.1062290990380711,0.003475373516318583,0.003475373516318583
240,-170,close_location,0.01546092603907541,-0.014206012766980738,0.14241304071291533,0.19025442759685213,0.19025442759685213
240,-160,close_location,-0.014632220552475364,-0.029793999373429903,0.06810566362397545,0.1320555311920766,0.1320555311920766
240,-150,close_location,0.030303976198343595,-0.017810067416845682,0.2143353452381182,0.2508024687911851,0.2508024687911851
240,-140,close_location,0.000969543643468232,-0.01960510563502019,0.0783318508133248,0.14143594765279385,0.14143594765279385
240,-130,close_location,-0.0071141401120392534,-0.012497705407440662,0.02446496690677953,0.10002103733412922,0.10002103733412922
240,-120,close_location,-0.000641704366663126,-0.0005323803785291535,-0.0005180612655648835,0.08924858077921383,0.08924858077921383
240,-110,close_location,-0.030566070302113616,0.003704717989657419,-0.1473541713108317,-0.03976805121791856,0.03976805121791856
240,-100,close_location,-0.0185183957391591,0.00594661034443157,-0.10981602655811344,-0.00500316995131181,0.00500316995131181
240,-90,close_location,-0.0031640181973839557,0.020025470766456607,-0.10764005185265492,-0.0005011085520890467,0.0005011085520890467
240,-80,close_location,-0.008845769127623903,0.01367657752556355,-0.10142799817880513,0.0019235026696703265,0.0019235026696703265
240,-70,close_location,-0.00034307125369431796,0.008671468016001637,-0.04412290911837679,0.05073943788026714,0.05073943788026714
240,-60,close_location,-0.008370757945899473,-0.033163663933346806,0.10422202843744698,0.1528735602192549,0.1528735602192549
240,-50,close_location,-0.00833361868367151,-0.016308709679395652,0.03760168604759432,0.11564016402887083,0.11564016402887083
240,-40,close_location,0.021965061328416965,-0.03298391815944881,0.2691245026246794,0.2989709931560222,0.2989709931560222
240,-30,close_location,-0.03614501549155749,-0.02499494642338336,-0.05160829873444448,0.042625665447228046,0.042625665447228046
240,-20,close_location,-0.013255199792587923,-0.0009634700928236944,-0.05458197110205529,0.038137942321224756,0.038137942321224756
240,-10,close_location,0.015562908624781779,-0.014711678113936042,0.14941900652071566,0.18259800120283154,0.18259800120283154
240,0,close_location,-0.1613419670891879,-0.13829847107364104,-0.13421824301363786,,
240,-230,volume_rel72,0.5806772369606834,0.5678918950337296,0.010401169418922848,-0.015530455065924013,0.015530455065924013
240,-220,volume_rel72,0.5194179831995387,0.5736119006243017,-0.04174143213755059,-0.0510551466127768,0.0510551466127768
240,-210,volume_rel72,0.7121687169937003,0.6823578222527565,0.020463870159938218,-0.005531915346571861,0.005531915346571861
240,-200,volume_rel72,0.5136505394777352,0.6174552084283076,-0.06712656590896551,-0.07793097387522034,0.07793097387522034
240,-190,volume_rel72,0.7176138711058431,0.7521195116353704,-0.023828235706292385,-0.04459917858156947,0.04459917858156947
240,-180,volume_rel72,0.5156164319142355,0.5709241091454815,-0.04145867191054019,-0.057687104740968165,0.057687104740968165
240,-170,volume_rel72,0.5425663109765284,0.6539752458963819,-0.09942557637580003,-0.11981669796917915,0.11981669796917915
240,-160,volume_rel72,0.8205709587696388,0.5598534840348832,0.20233022979066473,0.16853301696583275,0.16853301696583275
240,-150,volume_rel72,0.7998692093598139,0.31650310535095977,0.3451776748208391,0.2570000254533342,0.2570000254533342
240,-140,volume_rel72,0.8613450345227547,0.44191861191022863,0.31304910538309066,0.2334448492845211,0.2334448492845211
240,-130,volume_rel72,0.5849689085260723,0.2923633698923772,0.24474751642281836,0.16290431450481813,0.16290431450481813
240,-120,volume_rel72,0.6556893322202895,0.4024885164797996,0.17757622759230202,0.12017895956774508,0.12017895956774508
240,-110,volume_rel72,0.5701434408418007,0.4817632238393546,0.07576264125034148,0.028827764953477067,0.028827764953477067
240,-100,volume_rel72,0.45710022389216143,0.6518923798575997,-0.16175351499483506,-0.13857098870034668,0.13857098870034668
240,-90,volume_rel72,0.4717659627225388,0.7424644440653976,-0.20336204967779026,-0.1811686809125791,0.1811686809125791
240,-80,volume_rel72,0.52041944242255,0.6184784029265521,-0.07042611909409781,-0.07035388523730401,0.07035388523730401
240,-70,volume_rel72,0.6807308658802261,0.6861644685915154,-0.0036057072650072706,-0.021868145867208887,0.021868145867208887
240,-60,volume_rel72,0.6298113709005216,0.5180391447825564,0.07853063559432691,0.034305588025009624,0.034305588025009624
240,-50,volume_rel72,0.73325240116187,0.5932982446080401,0.10592970877301476,0.04982920457707523,0.04982920457707523
240,-40,volume_rel72,0.4792887735766945,0.5793719086407995,-0.07500022543920985,-0.07471939885625858,0.07471939885625858
240,-30,volume_rel72,0.43839698553589795,0.48192805503829195,-0.03921543578472258,-0.053003372155487866,0.053003372155487866
240,-20,volume_rel72,0.603323513956706,0.6420397340251064,-0.03197681163949269,-0.057535271508892614,0.057535271508892614
240,-10,volume_rel72,0.5632456290466642,0.4327568644226563,0.10338615527455501,0.0749662412292436,0.0749662412292436
240,0,volume_rel72,0.8229777801574932,0.7822258297560943,0.03842986341695364,,
240,-230,trades_rel72,0.5529248889759872,0.495669116102228,0.05025145259949125,0.05175917847870573,0.05175917847870573
240,-220,trades_rel72,0.4572174380084983,0.5086308040880356,-0.04442561029590573,-0.01221421026716023,0.01221421026716023
240,-210,trades_rel72,0.6601942105744792,0.6115979633263864,0.036143311375160525,0.04410079657790497,0.04410079657790497
240,-200,trades_rel72,0.4036266362053101,0.5397947753814084,-0.1016712284484666,-0.06463504691557523,0.06463504691557523
240,-190,trades_rel72,0.6062600186172252,0.69230217053943,-0.06844599883892247,-0.037875028409469,0.037875028409469
240,-180,trades_rel72,0.46514143529175606,0.5024441392489718,-0.03288175826321852,-0.00388763023840512,0.00388763023840512
240,-170,trades_rel72,0.4831090873814429,0.5923278287691237,-0.11105723549466928,-0.07061370283645624,0.07061370283645624
240,-160,trades_rel72,0.7661431628733192,0.5028824009328943,0.226287761274193,0.22020130070994862,0.22020130070994862
240,-150,trades_rel72,0.7221681376233593,0.28084957575063324,0.33906599663773196,0.28565523032303713,0.28565523032303713
240,-140,trades_rel72,0.8099931045952771,0.44024744297860674,0.3138311782285539,0.2817531144988324,0.2817531144988324
240,-130,trades_rel72,0.5458297225543194,0.2883928301205203,0.224082753326341,0.1928716832797502,0.1928716832797502
240,-120,trades_rel72,0.6028072463555468,0.4107494594785816,0.1450452924389952,0.1486606360916838,0.1486606360916838
240,-110,trades_rel72,0.5038702028794904,0.42906599649642074,0.07163556827701162,0.07164958528481707,0.07164958528481707
240,-100,trades_rel72,0.42717871673543145,0.5496900315499968,-0.10251861531833617,-0.059039206613851786,0.059039206613851786
240,-90,trades_rel72,0.4872151737411817,0.6330411734395764,-0.11749450567594778,-0.0712731780002567,0.0712731780002567
240,-80,trades_rel72,0.48938223346205495,0.4843457117418034,0.004066065660408847,0.020576809944948107,0.020576809944948107
240,-70,trades_rel72,0.6537534055317303,0.5656990630603913,0.06208910365265686,0.06328579111525036,0.06328579111525036
240,-60,trades_rel72,0.5548650851921627,0.4002739821207123,0.12135296834287244,0.100160916520853,0.100160916520853
240,-50,trades_rel72,0.7227135292530336,0.49752515650686324,0.17544249628935463,0.13997408997253824,0.13997408997253824
240,-40,trades_rel72,0.4654527656729678,0.5483691489272233,-0.06840342402300285,-0.02972172550226664,0.02972172550226664
240,-30,trades_rel72,0.3478155815887644,0.43446259166079537,-0.08560487792194747,-0.038850814806242084,0.038850814806242084
240,-20,trades_rel72,0.5693530710069118,0.644832486372993,-0.0643547847383156,-0.035177060444134434,0.035177060444134434
240,-10,trades_rel72,0.4449969610820214,0.40797733794035457,0.03427667544947749,0.05737811819973495,0.05737811819973495
240,0,trades_rel72,0.7710745379811635,0.8022982828163853,-0.03177105886881113,,
240,-230,taker_share,-0.026923267239773715,-0.0196407950651418,-0.01696190952121674,0.01732312850154445,0.01732312850154445
240,-220,taker_share,0.05637525542449482,-0.06737568451057153,0.2933780298805318,0.22799901427549354,0.22799901427549354
240,-210,taker_share,-0.001911289851974558,-0.03919950715283415,0.09904550910156804,0.11651012622196395,0.11651012622196395
240,-200,taker_share,-0.008268648404972974,-0.04577373232502766,0.08732086457232852,0.09708937249766798,0.09708937249766798
240,-190,taker_share,0.024977372191777383,0.0029933174119260338,0.046695431518495735,0.06842252708004365,0.06842252708004365
240,-180,taker_share,0.01194141895286049,-0.04269287213510661,0.12377783342073279,0.12814720310182323,0.12814720310182323
240,-170,taker_share,0.005170564046474519,0.030857047528520018,-0.061597473190520766,-0.017238042532459877,0.017238042532459877
240,-160,taker_share,0.011055787699728238,0.02194163228045067,-0.02589388016436435,0.012067710443338792,0.012067710443338792
240,-150,taker_share,0.017841485832360813,0.03014266528663467,-0.028426998179311398,0.009346395578871453,0.009346395578871453
240,-140,taker_share,-8.27943397409938e-05,0.03816570938323383,-0.10749360577444449,-0.04418700762477308,0.04418700762477308
240,-130,taker_share,0.035353712289145696,0.014798221926429067,0.045951209962831474,0.07101430803449814,0.07101430803449814
240,-120,taker_share,-0.03221576554373045,0.04812213972359637,-0.19177132162905408,-0.11898738500523813,0.11898738500523813
240,-110,taker_share,0.012752720445860177,0.025695672477552393,-0.028111069588012485,0.007001952244184795,0.007001952244184795
240,-100,taker_share,-0.0030218076642119776,0.045360028812730754,-0.12947625217768857,-0.05804458022183444,0.05804458022183444
240,-90,taker_share,-0.003176248177489335,0.009425367657698828,-0.025954378429643758,0.007017376293734052,0.007017376293734052
240,-80,taker_share,-0.02112302923234421,0.0024601010459095792,-0.05512993669582847,-0.011506655477256798,0.011506655477256798
240,-70,taker_share,-0.011897167826881978,0.006610124628490734,-0.042775811166721814,-0.002406882223904318,0.002406882223904318
240,-60,taker_share,0.05250934513147782,-0.04917957472962034,0.23468252199011735,0.1996639216694549,0.1996639216694549
240,-50,taker_share,-0.020695342909743043,-0.019667179236960323,-0.002243408734419874,0.027647779089425947,0.027647779089425947
240,-40,taker_share,0.04695588342524894,0.0007137026663662659,0.11824931110975913,0.11212946537297219,0.11212946537297219
240,-30,taker_share,-0.010676120789462907,-0.006705949561627996,-0.009368581290345545,0.02279495299861185,0.02279495299861185
240,-20,taker_share,0.009424333221330825,0.019161320557166753,-0.023070978994354927,0.013984268084133387,0.013984268084133387
240,-10,taker_share,-0.0356038116539518,-0.026913909720153444,-0.019315285935114324,0.016195137324784066,0.016195137324784066
240,0,taker_share,-0.17029527055867086,-0.1532623826025412,-0.04447924112798515,,
240,-230,rsi14,0.015875660844526632,0.07231670143772606,-0.05212280830057898,-0.07650991693183676,0.07650991693183676
240,-220,rsi14,0.0395679492605807,-0.09460775051654007,0.13004651966574307,0.07059927793715232,0.07059927793715232
240,-210,rsi14,-0.012122847881444075,-0.044471176668863605,0.02817457226014859,-0.009176332726258504,0.009176332726258504
240,-200,rsi14,0.043042970476327116,-0.029268204188189918,0.05972656729075875,0.01922849223542815,0.01922849223542815
240,-190,rsi14,0.10271694493928442,0.01851250978048753,0.06936256977081322,0.02758454860046532,0.02758454860046532
240,-180,rsi14,-0.03263534895679051,0.07294836279901641,-0.0958595263119821,-0.11715590831152652,0.11715590831152652
240,-170,rsi14,-0.034724541933327496,0.11420946705577618,-0.14184939079947154,-0.15885208679040907,0.15885208679040907
240,-160,rsi14,0.011031561082711926,0.12417001385647045,-0.09476623154371108,-0.11792920346364098,0.11792920346364098
240,-150,rsi14,0.08908365954563056,0.0958710744485466,-0.005422262338445593,-0.038301937844809106,0.038301937844809106
240,-140,rsi14,-0.010642065528642249,0.10493917546355752,-0.0927791241374538,-0.11616244325947067,0.11616244325947067
240,-130,rsi14,-0.09985061790104266,0.08204090588346676,-0.17191018112808998,-0.18037742498112566,0.18037742498112566
240,-120,rsi14,-0.06643632144227417,0.11433345165655569,-0.17574822947177943,-0.18038506648096914,0.18038506648096914
240,-110,rsi14,-0.12975782348830425,0.03599020020380892,-0.1576706598541462,-0.17777037533682394,0.17777037533682394
240,-100,rsi14,-0.1493263640139183,0.06516263580501631,-0.18344357531133945,-0.19136519590591103,0.19136519590591103
240,-90,rsi14,-0.08291729707572679,0.05789224816167175,-0.13042978510392572,-0.14943156053345183,0.14943156053345183
240,-80,rsi14,-0.013907957615123855,0.16289102737964303,-0.17592276016794928,-0.18588554612901126,0.18588554612901126
240,-70,rsi14,0.05664804026902722,0.2044855620457653,-0.14419656237038028,-0.1538855456096514,0.1538855456096514
240,-60,rsi14,0.06390474652181621,0.13319400722954283,-0.06461223366623951,-0.09419840789027614,0.09419840789027614
240,-50,rsi14,-0.005689662268937186,0.03538081695808581,-0.04116027143264592,-0.08437210460903215,0.08437210460903215
240,-40,rsi14,-0.016294853106417036,-0.016083522022839775,-0.0001922400929349087,-0.03825230835910395,0.03825230835910395
240,-30,rsi14,0.01577516142235793,0.0005768797256880336,0.015609981615273842,-0.027362053025730318,0.027362053025730318
240,-20,rsi14,0.028155916680892307,0.03502418214150196,-0.00786584330788868,-0.06633486746154135,0.06633486746154135
240,-10,rsi14,-0.03952693589100683,-0.021274734512661344,-0.020597080626381877,-0.09386773758379195,0.09386773758379195
240,0,rsi14,-0.4100652680370129,-0.45515622002831485,0.07221527891048342,,
240,-230,macd_hist_pct,0.11644979120076944,-0.053723317739139825,0.12706754354383826,0.1389465377614419,0.1389465377614419
240,-220,macd_hist_pct,0.04173209436272306,-0.2884919521985231,0.26085718201547026,0.24920514349220652,0.24920514349220652
240,-210,macd_hist_pct,-0.02966185539844446,-0.007677788044222527,-0.015282636642062938,0.008875560285429861,0.008875560285429861
240,-200,macd_hist_pct,0.08334787866031682,0.14873127156816837,-0.046220953141632826,-0.016138745140968812,0.016138745140968812
240,-190,macd_hist_pct,0.12745043315226212,0.13608948405211171,-0.00664766478845455,0.017197438800730148,0.017197438800730148
240,-180,macd_hist_pct,-0.14075292917658333,0.141148386932737,-0.24254503301773864,-0.17746079524790434,0.17746079524790434
240,-170,macd_hist_pct,-0.08649726320894573,0.09726078749884402,-0.15640656515356746,-0.09692843852625865,0.09692843852625865
240,-160,macd_hist_pct,0.031075110126510954,0.04498041576395432,-0.009364829761044094,0.014560595697934034,0.014560595697934034
240,-150,macd_hist_pct,0.17753285472281277,-0.0017598346102103177,0.13918210015937563,0.15520059670104722,0.15520059670104722
240,-140,macd_hist_pct,0.0751065212771883,0.032201119702895756,0.029622769193623825,0.044941017340493945,0.044941017340493945
240,-130,macd_hist_pct,-0.05213026974902109,0.0020974239321529036,-0.04333532143532444,-0.010807728273486812,0.010807728273486812
240,-120,macd_hist_pct,-0.06202013700924538,0.03980112114071811,-0.07346398216924958,-0.03817497396943992,0.03817497396943992
240,-110,macd_hist_pct,-0.09893140565017583,-0.05013649158758603,-0.03549953132147655,-0.007393195956217183,0.007393195956217183
240,-100,macd_hist_pct,-0.07923929944755165,0.03881523199379444,-0.09206346011145249,-0.050921443095923516,0.050921443095923516
240,-90,macd_hist_pct,0.07803939135434727,0.0962196811968978,-0.01485117516860915,0.012160556850459471,0.012160556850459471
240,-80,macd_hist_pct,0.15974455501202978,0.1356531192065665,0.022551273111379094,0.045648148930402366,0.045648148930402366
240,-70,macd_hist_pct,0.24051844402802763,0.13345798478823984,0.08275932118140854,0.08896729300026457,0.08896729300026457
240,-60,macd_hist_pct,0.03932597478679209,-0.07324457640270002,0.09266053637154968,0.10637084878164355,0.10637084878164355
240,-50,macd_hist_pct,-0.034406008690388665,-0.17148402153893752,0.10929723971091904,0.11382703003011167,0.11382703003011167
240,-40,macd_hist_pct,-0.00362455065327662,-0.08876904291187034,0.05815057298511842,0.06420903127475296,0.06420903127475296
240,-30,macd_hist_pct,0.07556787395366917,0.03542217705183214,0.032923896482832685,0.04645723836882178,0.04645723836882178
240,-20,macd_hist_pct,0.07057936017884424,0.07793010081405993,-0.006876101512901044,0.020371125276400663,0.020371125276400663
240,-10,macd_hist_pct,-0.10091593613011625,0.01101929474302947,-0.09751200614112149,-0.05673981747857369,0.05673981747857369
240,0,macd_hist_pct,-0.4384909568923629,-0.40181471882560466,-0.04180013638392139,,
240,-230,close_vs_ema24,0.0770078669388399,0.047395593544933945,0.021839147797233695,0.0806919383638906,0.0806919383638906
240,-220,close_vs_ema24,0.05030555763557829,-0.2289605315309018,0.2105361573871606,0.23106533645894528,0.23106533645894528
240,-210,close_vs_ema24,-0.0007061026925738486,-0.11150476856467624,0.07149716142406193,0.11419385501189738,0.11419385501189738
240,-200,close_vs_ema24,0.10394380150871628,-0.010595499624118761,0.06995882091997399,0.11170048284761779,0.11170048284761779
240,-190,close_vs_ema24,0.1430333721951616,0.06412079238712236,0.04944346869156872,0.09823578086933987,0.09823578086933987
240,-180,close_vs_ema24,-0.06752986853987547,0.13266648810908752,-0.13374017889250917,-0.04954800267457266,0.04954800267457266
240,-170,close_vs_ema24,-0.1073371463895051,0.1607473629043886,-0.1991808647680107,-0.09471307542526251,0.09471307542526251
240,-160,close_vs_ema24,-0.057131320600294404,0.14988873063379693,-0.12246944827998067,-0.0504898383167688,0.0504898383167688
240,-150,close_vs_ema24,0.11845280464600634,0.11221803853684967,0.0036810967873391574,0.06436573524261105,0.06436573524261105
240,-140,close_vs_ema24,0.04226275078771222,0.13159390620852787,-0.054924277907541355,0.011960475124919328,0.011960475124919328
240,-130,close_vs_ema24,-0.023842908631734275,0.09837993672031357,-0.08871528362997438,-0.006339436289311779,0.006339436289311779
240,-120,close_vs_ema24,-0.09261190913848286,0.1190955792068659,-0.14680043604328402,-0.05525054536407384,0.05525054536407384
240,-110,close_vs_ema24,-0.18851839978661802,0.027478726205622986,-0.15373880143184554,-0.06466422945860134,0.06466422945860134
240,-100,close_vs_ema24,-0.24153835015129987,0.09862424424607996,-0.24020030699271053,-0.1306447705829624,0.1306447705829624
240,-90,close_vs_ema24,-0.14974106125602568,0.14554823270171052,-0.20247972971318182,-0.10054751402896248,0.10054751402896248
240,-80,close_vs_ema24,-0.01092911106361835,0.2411819079597653,-0.1984417287822796,-0.08384510124022192,0.08384510124022192
240,-70,close_vs_ema24,0.1210753162805405,0.29751405656268753,-0.1226597812988857,-0.03634496766738377,0.03634496766738377
240,-60,close_vs_ema24,0.05237323481533504,0.12222633775565084,-0.04378804441932439,0.023614157306687783,0.023614157306687783
240,-50,close_vs_ema24,-0.011014629073475522,-0.014770279353898432,0.0028580269695468842,0.07965136942764077,0.07965136942764077
240,-40,close_vs_ema24,-0.004834435845690745,-0.06326640815111911,0.040734020742869186,0.10276440361070234,0.10276440361070234
240,-30,close_vs_ema24,0.03949207503292537,-0.0066674731637316725,0.034626807801255474,0.09733140223875282,0.09733140223875282
240,-20,close_vs_ema24,0.06566185861851813,0.039560601598134744,0.02256762467013605,0.12091184583022895,0.12091184583022895
240,-10,close_vs_ema24,-0.0928155758107702,-0.0233801221302538,-0.0543682654330368,0.04649144415224852,0.04649144415224852
240,0,close_vs_ema24,-0.6436572250892857,-0.5321548920021288,-0.11073275723005867,,
240,-230,atr14_pct,0.25907849908495945,0.16311527141024945,0.06279959045887325,-0.22478561228581806,0.22478561228581806
240,-220,atr14_pct,0.155906696365424,0.22352868399536452,-0.05287775197099649,-0.37085213045135046,0.37085213045135046
240,-210,atr14_pct,0.29103444109636323,0.30276741526796724,-0.007522549691548821,-0.2817515279936505,0.2817515279936505
240,-200,atr14_pct,0.24737422938320647,0.35122094737986725,-0.07603376125962584,-0.3826528782278179,0.3826528782278179
240,-190,atr14_pct,0.1403163258779656,0.2553065530212027,-0.0904990249742779,-0.41127407817600337,0.41127407817600337
240,-180,atr14_pct,0.31186555446711955,0.31426503016027035,-0.001675272462242746,-0.30164832202412545,0.30164832202412545
240,-170,atr14_pct,0.19803631948997025,0.1990563019428885,-0.0007110586956389738,-0.31951958266159997,0.31951958266159997
240,-160,atr14_pct,0.4504340828085939,0.28165255026909075,0.1091992434598754,-0.1995344108320198,0.1995344108320198
240,-150,atr14_pct,0.5137369924190419,0.13263259315000916,0.2363043078169792,-0.08133279032471448,0.08133279032471448
240,-140,atr14_pct,0.447441180271131,0.030908037205571653,0.26533247082250583,-0.05697274346753508,0.05697274346753508
240,-130,atr14_pct,0.3741722421168729,0.05377614780984543,0.2317359421815069,-0.11561941475043165,0.11561941475043165
240,-120,atr14_pct,0.3274803989334032,-0.08181801168851692,0.2704530512743857,-0.06355928119520192,0.06355928119520192
240,-110,atr14_pct,0.4398964284638943,-0.03114963362221951,0.3175291381016067,-0.029973866594977566,0.029973866594977566
240,-100,atr14_pct,0.4179181009789722,0.0002811617493905403,0.32021296802141436,-0.07048790507665209,0.07048790507665209
240,-90,atr14_pct,0.35437191943465557,0.0564177833299187,0.22751640547892202,-0.14101159935359406,0.14101159935359406
240,-80,atr14_pct,0.31686991837772505,0.049665727790583064,0.2072903341287567,-0.1772774903720777,0.1772774903720777
240,-70,atr14_pct,0.3438313758944989,0.019092839814860513,0.24184133221890464,-0.12275122554139423,0.12275122554139423
240,-60,atr14_pct,0.4296561076426534,-0.011237708993980454,0.31953935629832053,-0.05090290021698883,0.05090290021698883
240,-50,atr14_pct,0.45348538034078145,-0.02071943159939514,0.33123473231168915,-0.03060080964925333,0.03060080964925333
240,-40,atr14_pct,0.4861389225072883,0.10301721473310695,0.26625622508819463,-0.08154017760099005,0.08154017760099005
240,-30,atr14_pct,0.26591992009155174,0.016750517512533675,0.19549491228106794,-0.19790896686503837,0.19790896686503837
240,-20,atr14_pct,0.2690635552970451,0.005568006869267534,0.20270248717153433,-0.1872914283617197,0.1872914283617197
240,-10,atr14_pct,0.42405319269056674,-0.011150134826527425,0.36890641787273465,-0.09687705691587312,0.09687705691587312
240,0,atr14_pct,0.4460447152248687,-0.07763616435059467,0.5318225148191751,,
240,-230,bb_width,0.2534642810674591,0.3697762677739202,-0.08404470210699247,-0.2632275274601694,0.2632275274601694
240,-220,bb_width,0.21575107013254805,0.4398076097411966,-0.1854085351472994,-0.36675218973767965,0.36675218973767965
240,-210,bb_width,0.3276627257431823,0.43954955570451504,-0.07411737438751848,-0.2554421994777118,0.2554421994777118
240,-200,bb_width,0.45483716879971325,0.5408768468984851,-0.05847083504807274,-0.2387429816787273,0.2387429816787273
240,-190,bb_width,0.3935096945820583,0.43581644748768733,-0.028971415433639222,-0.22496603115782324,0.22496603115782324
240,-180,bb_width,0.38316612254345306,0.3596344436432614,0.017365665726791615,-0.18715810601569755,0.18715810601569755
240,-170,bb_width,0.24377334891404542,0.3140930808149278,-0.05012867047222122,-0.24303684375104231,0.24303684375104231
240,-160,bb_width,0.4165256507867188,0.41586548183113337,0.0004379891065840309,-0.19414772732612534,0.19414772732612534
240,-150,bb_width,0.6478298529966398,0.2911353978410329,0.21808972442206148,0.0012940176427283878,0.0012940176427283878
240,-140,bb_width,0.5672861141221667,0.18066857308494272,0.2662771833623854,0.017927401006269033,0.017927401006269033
240,-130,bb_width,0.4225194761658915,0.11287526199723491,0.22275715436663557,-0.024510310208206633,0.024510310208206633
240,-120,bb_width,0.4139289446864967,0.02067999352261217,0.28430071266754875,0.021448599371883655,0.021448599371883655
240,-110,bb_width,0.48087507727797385,0.10680588981119434,0.25344321149439125,0.010433156298401655,0.010433156298401655
240,-100,bb_width,0.4596834948277791,0.18481314884384456,0.22276781034391352,-0.05009900908198899,0.05009900908198899
240,-90,bb_width,0.31903418559165775,0.29331348210366237,0.02018384093012744,-0.19938182062383386,0.19938182062383386
240,-80,bb_width,0.41058435530781195,0.2948389924530164,0.09242378758124506,-0.15759440876187913,0.15759440876187913
240,-70,bb_width,0.47640114569070713,0.2952342353226548,0.1328108434027229,-0.09693192189336862,0.09693192189336862
240,-60,bb_width,0.4859304728452116,0.2194069031694973,0.17024004514619206,-0.04467835223627682,0.04467835223627682
240,-50,bb_width,0.45800165456064323,0.09549778318183531,0.2714555541500303,0.0049746893951455925,0.0049746893951455925
240,-40,bb_width,0.4754472454811481,0.12962195291873757,0.27303528995265797,-0.005038053194715944,0.005038053194715944
240,-30,bb_width,0.41400479240756893,0.13398831752905002,0.20937667954127842,-0.04306632955102362,0.04306632955102362
240,-20,bb_width,0.331835050684512,0.07213849186707565,0.21514319549857944,-0.05880137180641233,0.05880137180641233
240,-10,bb_width,0.5594917095473243,0.06996441729090831,0.37282134571618414,0.11923073603124365,0.11923073603124365
240,0,bb_width,0.37044894105444354,0.01620173472393718,0.33454660643488837,,
240,-230,stoch_k,0.015705861889593373,-0.05744694933053796,0.10881475733972178,0.0059700555542145164,0.0059700555542145164
240,-220,stoch_k,0.022073732426010625,-0.13640516074007825,0.24105031063815482,0.11825274369217102,0.11825274369217102
240,-210,stoch_k,-0.044831590345927035,-0.04015476500757763,-0.006751638179373528,-0.09739724652716947,0.09739724652716947
240,-200,stoch_k,-0.019745954519344702,-0.015016376972198486,-0.00601004261304515,-0.08327172194168435,0.08327172194168435
240,-190,stoch_k,0.002300549843952198,0.019125312706347795,-0.023658013284196252,-0.10142556573386305,0.10142556573386305
240,-180,stoch_k,-0.17735819951458662,0.056709441015738306,-0.3767908846455266,-0.39527988290505867,0.39527988290505867
240,-170,stoch_k,-0.0594246350530604,0.03815532326525836,-0.14109236565473368,-0.21124717153762584,0.21124717153762584
240,-160,stoch_k,-0.011460158223700192,0.02671411319601315,-0.05174879972701505,-0.13185778707333934,0.13185778707333934
240,-150,stoch_k,0.06101393061948733,-0.007951517636818742,0.09767936733762952,0.0007608012864833512,0.0007608012864833512
240,-140,stoch_k,-0.04707471462380555,-0.03648972238685625,-0.01444450173266007,-0.09773752851202541,0.09773752851202541
240,-130,stoch_k,-0.13123158821663647,-0.060240612632629496,-0.09780666024734691,-0.16795764492659435,0.16795764492659435
240,-120,stoch_k,-0.03652560771917234,0.010999012423713726,-0.069877254816636,-0.14538093870945734,0.14538093870945734
240,-110,stoch_k,-0.10713163280376682,-0.09390476047324396,-0.01946983155240416,-0.10611463007007757,0.10611463007007757
240,-100,stoch_k,-0.049813540643770936,-0.03494049520318017,-0.020893542963563022,-0.09597561520980291,0.09597561520980291
240,-90,stoch_k,-0.026825408248610242,-0.040190999758326344,0.019977244915502793,-0.07291876660651676,0.07291876660651676
240,-80,stoch_k,-0.04453201385007964,0.041850380056227245,-0.13036792853618787,-0.20886146806969857,0.20886146806969857
240,-70,stoch_k,-0.029313085333409684,0.058652530213024606,-0.13342833728340972,-0.19255050122925987,0.19255050122925987
240,-60,stoch_k,0.012279418327293738,0.011361001240503456,0.0013793936137558185,-0.0857944828064447,0.0857944828064447
240,-50,stoch_k,-0.06408362241280782,-0.07421985619563472,0.015138273379807925,-0.07976313243131011,0.07976313243131011
240,-40,stoch_k,0.0012640184636607214,-0.1001174358168134,0.14383720288992766,0.04073488624485955,0.04073488624485955
240,-30,stoch_k,0.00870654286161341,-0.06215884355522037,0.10796226719042851,0.003332797701973994,0.003332797701973994
240,-20,stoch_k,-0.012463015381837505,-0.03962977024450622,0.04479959292387527,-0.059796343704931074,0.059796343704931074
240,-10,stoch_k,-0.058510422284059505,-0.09604953036264137,0.06881705456022265,-0.044558900645437174,0.044558900645437174
240,0,stoch_k,-0.368342066925295,-0.436723338220165,0.17715928505301892,,
