feature,base_indicator,n_events,winner_mean,control_mean,mean_paired_diff,median_paired_diff,paired_effect,abs_paired_effect,direction,sign_consistency,p_value,shape_only,fdr_q
ema_gap_6_24__d1,ema_gap_6_24,108,-0.002356860130829672,-0.0018159653937329019,-0.0005408947370967696,-0.00023667970181122654,-0.5037914124102635,0.5037914124102635,WINNER_LOW,0.75,8.277036862881705e-07,True,0.0009938459841335166
body_pct__w24__q25,body_pct,108,-0.0036856328968295,-0.002691785306120032,-0.000993847590709467,-0.0005828693509101867,-0.498948826503393,0.498948826503393,WINNER_LOW,0.6851851851851852,1.02752650920878e-06,False,0.0009938459841335166
log_ret__w24__q25,log_ret,108,-0.003695530213547129,-0.002696014142377492,-0.000999516071169637,-0.000583995203487575,-0.4978463875352408,0.4978463875352408,WINNER_LOW,0.6851851851851852,1.0792104594442829e-06,False,0.0009938459841335166
close_vs_vwap24__d3,close_vs_vwap24,108,-0.010982356311497252,-0.0076042061399709425,-0.00337815017152631,-0.002551718498580158,-0.4961475523160538,0.4961475523160538,WINNER_LOW,0.6759259259259259,1.1638568921729058e-06,True,0.0009938459841335166
macd_pct__d1,macd_pct,108,-0.0011676279791825233,-0.0009107473019816502,-0.00025688067720087325,-0.00010123243027919672,-0.48605299668226776,0.48605299668226776,WINNER_LOW,0.75,1.8176189720229967e-06,True,0.0009938459841335166
bb_width__w72__std,bb_width,108,0.018726591197601346,0.013806439238531445,0.004920151959069902,0.002416508737951517,0.4846273958193766,0.4846273958193766,WINNER_HIGH,0.6666666666666666,1.934945897497235e-06,False,0.0009938459841335166
close_vs_ema240__w72__std,close_vs_ema240,108,0.016887490758327423,0.013099263319573192,0.0037882274387542295,0.0019825612194836134,0.48399416277058616,0.48399416277058616,WINNER_HIGH,0.6666666666666666,1.9893971658377513e-06,False,0.0009938459841335166
close_vs_sma168__w72__std,close_vs_sma168,108,0.017911166965926963,0.013977126586595898,0.003934040379331068,0.0023834497667849066,0.4799011443762798,0.4799011443762798,WINNER_HIGH,0.6481481481481481,2.3791164875674087e-06,False,0.0010068806594490845
close_vs_ema168__w72__std,close_vs_ema168,108,0.016382893538792378,0.012829999458389705,0.0035528940804026746,0.002475533913820982,0.47793934189185644,0.47793934189185644,WINNER_HIGH,0.6388888888888888,2.5913428467377067e-06,False,0.0010068806594490845
close_vs_sma72__d3,close_vs_sma72,108,-0.013337149040900706,-0.009889748119851334,-0.003447400921049375,-0.0025431990638026037,-0.47432658972074726,0.47432658972074726,WINNER_LOW,0.7314814814814815,3.0313824427702434e-06,True,0.001029178582081235
ema_gap_72_168__w24__std,ema_gap_72_168,108,0.0017603424701654283,0.0011725895293542028,0.0005877529408112255,0.00037038383015897125,0.4728079057403554,0.4728079057403554,WINNER_HIGH,0.6574074074074074,3.2373361174988803e-06,False,0.001029178582081235
macd_hist_pct__d1,macd_hist_pct,108,-0.000652054379105546,-0.0004678422971895518,-0.00018421208191599423,-8.553713123546914e-05,-0.4694735262092497,0.4694735262092497,WINNER_LOW,0.7129629629629629,3.7383814530604083e-06,True,0.0010556892112696008
atr6_pct__w24__q25,atr6_pct,108,0.006397980759006545,0.005366415889174849,0.0010315648698316956,0.0005907171871513128,0.4683447262925793,0.4683447262925793,WINNER_HIGH,0.6574074074074074,3.924495209180672e-06,False,0.0010556892112696008
ema72_slope_12h__w72__std,ema72_slope_12h,108,0.004184133522492765,0.003205082547005819,0.000979050975486947,0.0005880689015612004,0.46244195575335106,0.46244195575335106,WINNER_HIGH,0.6203703703703703,5.054170551610917e-06,False,0.0012432655316579131
close_vs_ema72__d3,close_vs_ema72,108,-0.012815935927964919,-0.0095430111736088,-0.0032729247543561196,-0.0021866000257432456,-0.45845609546243543,0.45845609546243543,WINNER_LOW,0.7222222222222222,5.989417910387257e-06,True,0.0012432655316579131
range_pct__w24__q75,range_pct,108,0.01045744586089212,0.008807698428130674,0.0016497474327614463,0.000836384203284979,0.45835586483322455,0.45835586483322455,WINNER_HIGH,0.6203703703703703,6.014978035374141e-06,False,0.0012432655316579131
abs_body_pct__w24__q75,abs_body_pct,108,0.005507322545680735,0.004409199902417,0.0010981226432637348,0.0004962914623320102,0.4577055300630929,0.4577055300630929,WINNER_HIGH,0.6851851851851852,6.183411802915232e-06,False,0.0012432655316579131
close_vs_ema48__d3,close_vs_ema48,108,-0.012302163439960202,-0.009046445390731817,-0.003255718049228386,-0.0021264842827804385,-0.456635838285929,0.456635838285929,WINNER_LOW,0.7314814814814815,6.470458514174009e-06,True,0.0012432655316579131
adx14__w24__q75,adx14,108,32.055931947849416,26.05320477838869,6.002727169460719,3.9425720214843754,0.45540911808514567,0.45540911808514567,WINNER_HIGH,0.6203703703703703,6.815566502724207e-06,False,0.0012432655316579131
close_vs_sma240__w72__std,close_vs_sma240,108,0.01792473658160479,0.013872925628459563,0.004051810953145225,0.002290196809917688,0.45440768776696716,0.45440768776696716,WINNER_HIGH,0.6111111111111112,7.11046915446333e-06,False,0.0012432655316579131
close_vs_ema168__d3,close_vs_ema168,108,-0.01345939725541501,-0.010251423157980617,-0.0032079740974343923,-0.002141498401761055,-0.45110867627464646,0.45110867627464646,WINNER_LOW,0.6944444444444444,8.172108804481259e-06,True,0.001360850689965284
close_vs_ema240__d3,close_vs_ema240,108,-0.013641895375190803,-0.010453416011158102,-0.0031884793640326982,-0.002159210096579045,-0.449363292824139,0.449363292824139,WINNER_LOW,0.6944444444444444,8.794361258968169e-06,True,0.0013979036964823495
bb_width__w72__q90,bb_width,108,0.06529191039778569,0.051190820239760265,0.014101090158025423,0.007068795524537562,0.4457113534435329,0.4457113534435329,WINNER_HIGH,0.6481481481481481,1.0248317050295552e-05,False,0.0014360382324397122
adx14__w24__q90,adx14,108,34.285375356674194,28.27506311381305,6.010312242861147,4.895353698730467,0.44450217868934216,0.44450217868934216,WINNER_HIGH,0.6296296296296297,1.0779122393009755e-05,False,0.0014360382324397122
close_vs_ema24__d3,close_vs_ema24,108,-0.010963765443496717,-0.007851817696131615,-0.0031119477473651024,-0.0019847917341394346,-0.443476152329154,0.443476152329154,WINNER_LOW,0.7037037037037037,1.1250319204070606e-05,True,0.0014360382324397122
close_vs_vwap240__w72__std,close_vs_vwap240,108,0.01730640896561521,0.013567999345940296,0.0037384096196749145,0.0015827906783670185,0.4433805466242571,0.4433805466242571,WINNER_HIGH,0.6574074074074074,1.1295227404820036e-05,False,0.0014360382324397122
close_vs_vwap24__d6,close_vs_vwap24,108,-0.014854612471498075,-0.010897453857790052,-0.003957158613708021,-0.0037470567272976044,-0.4431601802195156,0.4431601802195156,WINNER_LOW,0.6944444444444444,1.1399400453055858e-05,True,0.0014360382324397122
ema_gap_24_72__w72__std,ema_gap_24_72,108,0.006522797482493506,0.004918186537731715,0.001604610944761791,0.000857129949145019,0.4427780407412381,0.4427780407412381,WINNER_HIGH,0.6574074074074074,1.158225639121367e-05,False,0.0014360382324397122
range_pct__w24__q25,range_pct,108,0.005372285099130952,0.004543108885021259,0.0008291762141096923,0.00045244249049574163,0.44167495679997054,0.44167495679997054,WINNER_HIGH,0.6574074074074074,1.2126154478312057e-05,False,0.0014360382324397122
close_vs_sma24__d3,close_vs_sma24,108,-0.011988036109498891,-0.008716393436599093,-0.003271642672899799,-0.002326950398855843,-0.44027248390648444,0.44027248390648444,WINNER_LOW,0.6851851851851852,1.2853445020210863e-05,True,0.0014360382324397122
atr24_pct__d3,atr24_pct,108,0.0006319097761257177,0.0002654247225591546,0.0003664850535665631,0.00019907701935153454,0.43981038455132504,0.43981038455132504,WINNER_HIGH,0.6851851851851852,1.3102191893729347e-05,True,0.0014360382324397122
atr24_pct__w72__std,atr24_pct,108,0.0019365014657658456,0.0014381929380491514,0.0004983085277166942,0.00032786676019895826,0.4397395046915052,0.4397395046915052,WINNER_HIGH,0.6296296296296297,1.3140755915948181e-05,False,0.0014360382324397122
close_vs_sma240__d3,close_vs_sma240,108,-0.01379185551192037,-0.010633172253195274,-0.0031586832587250954,-0.002174208889482543,-0.43849828244228645,0.43849828244228645,WINNER_LOW,0.6759259259259259,1.3834140588777578e-05,True,0.001439312650313456
close_vs_sma168__d3,close_vs_sma168,108,-0.013672787718624695,-0.010569320655779143,-0.003103467062845556,-0.0021547478740103544,-0.4382208565617443,0.4382208565617443,WINNER_LOW,0.6944444444444444,1.3993889079398773e-05,True,0.001439312650313456
adx14__w24__mean,adx14,108,28.389544645945232,23.22309147163674,5.166453174308494,2.3251570701599125,0.4356199105549047,0.4356199105549047,WINNER_HIGH,0.6388888888888888,1.5580952383770473e-05,False,0.0015567597281727242
close_vs_vwap72__d3,close_vs_vwap72,108,-0.012591179910251176,-0.009660288970216814,-0.0029308909400343613,-0.0017232149839401239,-0.4348051625697742,0.4348051625697742,WINNER_LOW,0.7222222222222222,1.6112934342386715e-05,True,0.0015651925387590651
close_vs_ema72__w72__std,close_vs_ema72,108,0.01458440064366355,0.01181866851618031,0.002765732127483245,0.0023198776412755254,0.4319415255828134,0.4319415255828134,WINNER_HIGH,0.6111111111111112,1.8125568752497542e-05,False,0.0017131111872292946
range_pct__w24__mean,range_pct,108,0.008728302866479175,0.007494116500364961,0.0012341863661142133,0.0005251941736787559,0.4306960001455177,0.4306960001455177,WINNER_HIGH,0.6111111111111112,1.907485166311481e-05,False,0.0017553883227871708
body_pct__w24__pos,body_pct,108,0.2580161342759513,0.32132713459259654,-0.06331100031664526,-0.07837906545028091,-0.42839148658677545,0.42839148658677545,WINNER_LOW,0.6481481481481481,2.0959350703900298e-05,True,0.0018589986056165321
log_ret__w24__pos,log_ret,108,0.25954613427165896,0.3231390309692532,-0.06359289669759434,-0.07899672747589648,-0.428037931641522,0.428037931641522,WINNER_LOW,0.6481481481481481,2.1263924570964053e-05,True,0.0018589986056165321
close_vs_vwap240__d3,close_vs_vwap240,108,-0.013555729167583868,-0.010625752221252087,-0.0029299769463317776,-0.0019768548139836636,-0.42533440547493795,0.42533440547493795,WINNER_LOW,0.6666666666666666,2.3738351129651443e-05,True,0.0020247076561071
avg_trade_quote_rel240__w240__min,avg_trade_quote_rel240,108,0.47372552780089555,0.44260480100357974,0.03112072679731581,0.03532211184501649,0.4225818683766019,0.4225818683766019,WINNER_HIGH,0.6481481481481481,2.654205335229018e-05,False,0.002188294019233453
dist_high240__d3,dist_high240,108,-0.012603614556117767,-0.009696476400212204,-0.0029071381559055633,-0.0020495839423801945,-0.4222436625513894,0.4222436625513894,WINNER_LOW,0.75,2.6907818938243772e-05,True,0.002188294019233453
close_vs_ema12__d3,close_vs_ema12,108,-0.008978596153206632,-0.006208928314262502,-0.00276966783894413,-0.0017611232251510955,-0.4182501572231396,0.4182501572231396,WINNER_LOW,0.6666666666666666,3.16113882658313e-05,True,0.0025123869264911834
obv_delta__w24__q25,obv_delta,108,-1488.9197137620713,-1161.227478705512,-327.69223505655924,-130.77609252929688,-0.4152017421186401,0.4152017421186401,WINNER_LOW,0.5833333333333334,3.572524191662797e-05,False,0.0027173997851781206
abs_body_pct__w24__q90,abs_body_pct,108,0.009006576032670974,0.007553203997236712,0.0014533720354342628,0.0006136976648122077,0.41518790877212974,0.41518790877212974,WINNER_HIGH,0.6111111111111112,3.5745035778722776e-05,False,0.0027173997851781206
close_vs_ema6__w24__pos,close_vs_ema6,108,0.1595124016403807,0.22228665315994506,-0.0627742515195644,-0.06781199425458909,-0.4130176631262019,0.4130176631262019,WINNER_LOW,0.6759259259259259,3.898469885440106e-05,True,0.0029006274871029893
ema168_slope_24h__w72__std,ema168_slope_24h,108,0.0035517999009850123,0.0026959149395460605,0.0008558849614389517,0.00033896258100867276,0.4118452125699724,0.4118452125699724,WINNER_HIGH,0.5925925925925926,4.085061260604625e-05,False,0.002976137339236328
abs_body_pct__w24__mean,abs_body_pct,108,0.00420057489666053,0.003612796242857627,0.0005877786538029021,0.0001690070843324066,0.4112022717512307,0.4112022717512307,WINNER_HIGH,0.5925925925925926,4.191000749027722e-05,False,0.002991006044765295
close_vs_sma72__w72__std,close_vs_sma72,108,0.016951008130692773,0.013716214554625806,0.003234793576066969,0.0023485313169658182,0.4087610769847438,0.4087610769847438,WINNER_HIGH,0.6111111111111112,4.6178283528583414e-05,False,0.0032138887262857436
adx14__w24__max,adx14,108,35.902477149610164,30.34371955483048,5.558757594779685,4.804254341125485,0.40838542327235144,0.40838542327235144,WINNER_HIGH,0.6296296296296297,4.687112526181668e-05,False,0.0032138887262857436
abs_body_pct__w24__pos,abs_body_pct,108,0.5517176999678163,0.4758607878800291,0.0758569120877871,0.0692728870199062,0.407426749258123,0.407426749258123,WINNER_HIGH,0.6944444444444444,4.868486223046839e-05,True,0.003274056984998999
body_pct__w72__q75,body_pct,108,0.0027009333458004724,0.0023222658013562773,0.0003786675444441951,0.0002497982175555081,0.40602566130806184,0.40602566130806184,WINNER_HIGH,0.6574074074074074,5.1457435840684044e-05,False,0.003284606225050782
macd_fast_hist_pct__d1,macd_fast_hist_pct,108,-0.0009774445331324252,-0.0007029575752965314,-0.0002744869578358939,-0.00012046517804265022,-0.40599348130744356,0.40599348130744356,WINNER_LOW,0.6851851851851852,5.152286510411666e-05,True,0.003284606225050782
log_ret__w72__q75,log_ret,108,0.0026967436726274036,0.002319333530613221,0.00037741014201418254,0.00024961389135569334,0.4059263968205347,0.4059263968205347,WINNER_HIGH,0.6574074074074074,5.165952026817072e-05,False,0.003284606225050782
bb_width__w72__max,bb_width,108,0.07579608366790193,0.06179665658898927,0.013999427078912654,0.006286914087831972,0.4038940073118141,0.4038940073118141,WINNER_HIGH,0.6203703703703703,5.596869938868023e-05,False,0.003495045388610978
close_vs_sma72__d1,close_vs_sma72,108,-0.007426016330605812,-0.006134684189169935,-0.0012913321414358774,-0.0005523978150449693,-0.4017720543733172,0.4017720543733172,WINNER_LOW,0.6666666666666666,6.0835383091401215e-05,True,0.0037323041170285974
adx14__w24__q25,adx14,108,24.76064289940728,20.211901682394522,4.5487412170127595,2.1239384651184086,0.4011112189280806,0.4011112189280806,WINNER_HIGH,0.5833333333333334,6.243222982144975e-05,False,0.0037642328911312033
avg_trade_quote_rel72__w240__min,avg_trade_quote_rel72,108,0.4790142501393954,0.44436501474292195,0.03464923539647349,0.034033572673797585,0.3988551971571804,0.3988551971571804,WINNER_HIGH,0.6574074074074074,6.819239095443987e-05,False,0.0039854889056607536
atr6_pct__w24__q10,atr6_pct,108,0.005521828227857541,0.0047542224263048,0.000767605801552741,0.00043492139084264645,0.39877354068147425,0.39877354068147425,WINNER_HIGH,0.6388888888888888,6.841015917166142e-05,False,0.0039854889056607536
adx14__w72__late_vs_prev,adx14,108,2.1159714601106114,-2.3972597020022848,4.513231162112896,3.9934551477432247,0.3983608629266477,0.3983608629266477,WINNER_HIGH,0.6481481481481481,6.952096747077665e-05,True,0.0039854889056607536
ema_gap_72_168__w72__std,ema_gap_72_168,108,0.004317879704036319,0.00317607813879106,0.0011418015652452597,0.0005429946118965745,0.3963197241176887,0.3963197241176887,WINNER_HIGH,0.5648148148148148,7.527438456330814e-05,False,0.004210682794564388
range_pct__w24__min,range_pct,108,0.0032016019853202764,0.0027216520772694983,0.0004799499080507775,0.0002622540574520826,0.39599335246208944,0.39599335246208944,WINNER_HIGH,0.6296296296296297,7.623567429818599e-05,False,0.004210682794564388
close_vs_sma72__d6,close_vs_sma72,108,-0.01807190459927639,-0.014300107504392078,-0.0037717970948843113,-0.00235476391389966,-0.3957161434252681,0.3957161434252681,WINNER_LOW,0.6296296296296297,7.706139515359474e-05,True,0.004210682794564388
ema_gap_6_24__d3,ema_gap_6_24,108,-0.004614931198442786,-0.003524371668957563,-0.0010905595294852227,-0.0004648144531529397,-0.3944906215491728,0.3944906215491728,WINNER_LOW,0.6759259259259259,8.081570868321375e-05,True,0.0043478851271569
close_vs_ema48__w72__std,close_vs_ema48,108,0.0133104360645154,0.01104488589766401,0.002265550166851392,0.002182433847337961,0.3934550424950547,0.3934550424950547,WINNER_HIGH,0.6296296296296297,8.41242141652379e-05,False,0.004457308741452074
close_vs_ema72__d1,close_vs_ema72,108,-0.007188591512136487,-0.005964372652686978,-0.0012242188594495087,-0.0005733304424211383,-0.3872264881402644,0.3872264881402644,WINNER_LOW,0.6574074074074074,0.00010693218750195449,True,0.00558122178648261
close_vs_ema48__d1,close_vs_ema48,108,-0.006947273487269369,-0.005741823691092846,-0.001205449796176523,-0.0005721801426261661,-0.38631296998555925,0.38631296998555925,WINNER_LOW,0.6388888888888888,0.00011073875006113307,True,0.005694903072996799
macd_pct__w240__up_share,macd_pct,108,0.4891203697080965,0.4701697518428166,0.018950617865279868,0.016250008344650263,0.38589774562713103,0.38589774562713103,WINNER_HIGH,0.6296296296296297,0.0001125114932131424,True,0.0057022129241501305
adx14__w72__z,adx14,108,0.18231085380884232,-0.26270263223408685,0.4450134860429292,0.4573020555078984,0.3843216816241597,0.3843216816241597,WINNER_HIGH,0.5833333333333334,0.00011949050155923231,True,0.005810819195440872
adx14__w72__accel,adx14,108,-2.1348860096617566,3.8443904599381824,-5.979276469599939,-5.511726427078248,-0.3842890242297838,0.3842890242297838,WINNER_LOW,0.5833333333333334,0.00011963940007770741,True,0.005810819195440872
adx14__w240__accel,adx14,108,-2.1348860096617566,3.8443904599381824,-5.979276469599939,-5.511726427078248,-0.3842890242297838,0.3842890242297838,WINNER_LOW,0.5833333333333334,0.00011963940007770741,True,0.005810819195440872
close_vs_ema48__d6,close_vs_ema48,108,-0.016547055599841296,-0.013056239310066707,-0.0034908162897745905,-0.0022407325566746296,-0.38241876284264137,0.38241876284264137,WINNER_LOW,0.6759259259259259,0.0001284690122925856,True,0.006106724073148636
atr72_pct__w24__std,atr72_pct,108,0.00044631870036095344,0.0003208293653221551,0.00012548933503879839,4.442765566636808e-05,0.38210061954375946,0.38210061954375946,WINNER_HIGH,0.6203703703703703,0.0001300316560795386,False,0.006106724073148636
close_vs_sma24__d1,close_vs_sma24,108,-0.006820089343717781,-0.005599177125666891,-0.00122091221805089,-0.0006384575041010975,-0.3819112029311917,0.3819112029311917,WINNER_LOW,0.6574074074074074,0.0001309706335390757,True,0.006106724073148636
close_vs_ema72__d6,close_vs_ema72,108,-0.017292703348196617,-0.013815483649444491,-0.0034772196987521257,-0.0016593029016803485,-0.3815522136530137,0.3815522136530137,WINNER_LOW,0.6851851851851852,0.00013276802151935654,True,0.006109075937541971
rebound_low72__w240__z,rebound_low72,108,-0.6206846906527601,-1.0051727994358062,0.38448810878304623,0.19582597836852075,0.38112568090908727,0.38112568090908727,WINNER_HIGH,0.6296296296296297,0.00013493422582329324,True,0.0061281167234293055
upper_wick__w240__max,upper_wick,108,0.9097246224129641,0.8871509654654396,0.022573656947524466,0.019929617643356323,0.3796703210441531,0.3796703210441531,WINNER_HIGH,0.6944444444444444,0.00014258244354852558,False,0.006343931001512398
close_vs_ema168__d1,close_vs_ema168,108,-0.007498339762538241,-0.006280772627973487,-0.0012175671345647533,-0.0005065630422905084,-0.3795349674523963,0.3795349674523963,WINNER_LOW,0.6666666666666666,0.00014331442639962236,True,0.006343931001512398
body_pct__w24__q10,body_pct,108,-0.00705668409204076,-0.005873712921446122,-0.0011829711705946397,-0.0004395996453240513,-0.37822259965745336,0.37822259965745336,WINNER_LOW,0.5925925925925926,0.00015060016173135308,False,0.006583109569681772
bb_width__w72__q75,bb_width,108,0.04563581967657363,0.03846667408770709,0.007169145588866539,0.004765653423964978,0.3775815213878613,0.3775815213878613,WINNER_HIGH,0.6388888888888888,0.0001542864320085893,False,0.00662054874252678
log_ret__w24__q10,log_ret,108,-0.007090582528487883,-0.005895134112668328,-0.0011954484158195554,-0.00044130727183073733,-0.37741754328974364,0.37741754328974364,WINNER_LOW,0.5925925925925926,0.00015524306459456562,False,0.00662054874252678
close_vs_ema240__d1,close_vs_ema240,108,-0.007589800782145378,-0.006375585955844877,-0.001214214826300501,-0.0005202328262384982,-0.37627312678165314,0.37627312678165314,WINNER_LOW,0.6388888888888888,0.00016207881938100712,True,0.006766370576219146
atr24_pct__d6,atr24_pct,108,0.0007671765343157285,0.00028414689176130465,0.0004830296425544238,0.000333220417087432,0.3760254072957433,0.3760254072957433,WINNER_HIGH,0.6666666666666666,0.00016359583099456168,True,0.006766370576219146
dist_high24__d3,dist_high24,108,-0.011849773173094246,-0.008304034590751313,-0.0035457385823429344,-0.0022281468249275354,-0.37564103486987,0.37564103486987,WINNER_LOW,0.6851851851851852,0.00016597653857350518,True,0.006766370576219146
ema24_slope_6h__d1,ema24_slope_6h,108,-0.001265186254946221,-0.000972859760666459,-0.0002923264942797619,-0.0001958468841621652,-0.3752821333876723,0.3752821333876723,WINNER_LOW,0.6759259259259259,0.0001682292930097241,True,0.006766370576219146
close_vs_ema24__d6,close_vs_ema24,108,-0.014617550262132514,-0.011239610117351093,-0.0033779401447814224,-0.0022618273622356353,-0.375265100171978,0.375265100171978,WINNER_LOW,0.6944444444444444,0.00016833692883359044,True,0.006766370576219146
macd_hist_pct__d3,macd_hist_pct,108,-0.001224998849701714,-0.0008366875873569504,-0.0003883112623447636,-0.00019353689713170748,-0.3745073786592523,0.3745073786592523,WINNER_LOW,0.6666666666666666,0.00017319211340216474,True,0.00683751899657461
rebound_low240__w72__std,rebound_low240,108,0.020426143736888964,0.015543845894367051,0.00488229784252191,0.002534355875104666,0.3741708955570308,0.3741708955570308,WINNER_HIGH,0.5925925925925926,0.0001753907238578616,False,0.00683751899657461
trades_rel240__d3,trades_rel240,108,0.8040495484299889,0.32710519026473367,0.4769443581652552,0.25660514235496523,0.37408249343206623,0.37408249343206623,WINNER_HIGH,0.6666666666666666,0.000175972750841211,True,0.00683751899657461
close_vs_ema24__d1,close_vs_ema24,108,-0.006313595433985702,-0.005194364943562741,-0.001119230490422962,-0.0005121578462421892,-0.37333344946068586,0.37333344946068586,WINNER_LOW,0.6481481481481481,0.00018097880292653387,True,0.0068766858805147735
abs_body_pct__w72__q75,abs_body_pct,108,0.005122652960751482,0.004520001912627507,0.0006026510481239743,0.0004197425907477737,0.3730835793706706,0.3730835793706706,WINNER_HIGH,0.6203703703703703,0.0001826787379156841,False,0.0068766858805147735
close_vs_sma240__d1,close_vs_sma240,108,-0.007670152917718816,-0.006457035853108445,-0.0012131170646103712,-0.0005410794867202642,-0.3730541252922744,0.3730541252922744,WINNER_LOW,0.6666666666666666,0.00018288012207259765,True,0.0068766858805147735
dist_high240__d1,dist_high240,108,-0.0070842399470199815,-0.005969113245695283,-0.0011151267013246977,-0.0005899379495531323,-0.3726020712537519,0.3726020712537519,WINNER_LOW,0.6759259259259259,0.0001859975909173979,True,0.0069195061216823445
close_vs_ema6__w72__q75,close_vs_ema6,108,0.002599502524423803,0.002029121510282426,0.0005703810141413771,0.00025505780940875415,0.37153000310710654,0.37153000310710654,WINNER_HIGH,0.6203703703703703,0.00019359457597561218,False,0.007069742483421827
macd_signal_pct__w72__std,macd_signal_pct,108,0.00402023215482822,0.003234074287940059,0.0007861578668881624,0.0004935001023113727,0.3714629692075748,0.3714629692075748,WINNER_HIGH,0.6296296296296297,0.00019407929036559777,False,0.007069742483421827
abs_body_pct__w72__diff_mean,abs_body_pct,108,7.517249479183908e-05,4.949518975710408e-05,2.5677305034735004e-05,2.6101531966560286e-05,0.3708379916197236,0.3708379916197236,WINNER_HIGH,0.6666666666666666,0.0001986544222434472,True,0.007161799119436442
range_pct__w24__q10,range_pct,108,0.004314019989343015,0.003702705437899567,0.0006113145514434479,0.0003563345177099108,0.36981645958107084,0.36981645958107084,WINNER_HIGH,0.6111111111111112,0.00020635448348525607,False,0.007363486007632045
close_vs_ema12__d6,close_vs_ema12,108,-0.01181180718295191,-0.008739864877784217,-0.003071942305167694,-0.002812077733688056,-0.36931218333281113,0.36931218333281113,WINNER_LOW,0.6944444444444444,0.00021025959607905785,True,0.007386240980240672
close_vs_ema6__d3,close_vs_ema6,108,-0.006450730163191178,-0.004362159285664415,-0.002088570877526763,-0.001229238539963262,-0.36907810609140973,0.36907810609140973,WINNER_LOW,0.6296296296296297,0.0002120961107030527,True,0.007386240980240672
close_vs_sma168__d1,close_vs_sma168,108,-0.007603770508905183,-0.006408769261455475,-0.0011950012474497066,-0.0005061116302385929,-0.36892208797868475,0.36892208797868475,WINNER_LOW,0.6666666666666666,0.0002133286642849036,True,0.007386240980240672
atr6_pct__w240__max,atr6_pct,108,0.022824715555611032,0.019649116187873815,0.003175599367737217,0.0018432212993502615,0.36857159241528803,0.36857159241528803,WINNER_HIGH,0.5740740740740741,0.00021612252042223494,False,0.007387081832089901
close_vs_ema12__w24__pos,close_vs_ema12,108,0.12522334642023822,0.17623162488787247,-0.05100827846763422,-0.05029065161943436,-0.36839073433474434,0.36839073433474434,WINNER_LOW,0.7222222222222222,0.00021757776056770367,True,0.007387081832089901
macd_pct__d3,macd_pct,108,-0.002327786158326085,-0.0018726541524737668,-0.00045513200585231876,-0.00021502961753867551,-0.367560869437149,0.367560869437149,WINNER_LOW,0.6574074074074074,0.0002243755440932574,True,0.007537885540542324
close_vs_ema168__d6,close_vs_ema168,108,-0.01821914762971304,-0.014912387098886228,-0.0033067605308268085,-0.0022208980168215934,-0.3671343321186308,0.3671343321186308,WINNER_LOW,0.6203703703703703,0.00022794767897481928,True,0.007537885540542324
ema6_slope_3h__d1,ema6_slope_3h,108,-0.002545142821805644,-0.0017335274673731264,-0.0008116153544325175,-0.000493736652060761,-0.36707059416029414,0.36707059416029414,WINNER_LOW,0.6296296296296297,0.000228486093021872,True,0.007537885540542324
atr14_pct__w24__q25,atr14_pct,108,0.006913255264171986,0.006120955569807578,0.0007922996943644079,0.00042946804314851787,0.36652235332469657,0.36652235332469657,WINNER_HIGH,0.6203703703703703,0.00023316749093499554,False,0.007592140901146493
macd_pct__w72__std,macd_pct,108,0.004487983146208097,0.0036541610134817252,0.0008338221327263724,0.0006293391808867457,0.36618101285804244,0.36618101285804244,WINNER_HIGH,0.6388888888888888,0.0002361281283792329,False,0.007592140901146493
mfi14__w24__diff_std,mfi14,108,6.099326550960541,6.549803522781091,-0.4504769718205488,-0.5466167449951169,-0.3659415692786741,0.3659415692786741,WINNER_LOW,0.6296296296296297,0.00023822626467388878,True,0.007592140901146493
atr14_pct__w72__q90,atr14_pct,108,0.01182199551085769,0.010229655325033326,0.0015923401858243674,0.0009754639118909839,0.36572170920562663,0.36572170920562663,WINNER_HIGH,0.6203703703703703,0.00024016840933269846,False,0.007592140901146493
close_vs_ema240__d6,close_vs_ema240,108,-0.018479428219827107,-0.015222029579069419,-0.003257398640757687,-0.0021722782403230667,-0.36537452900789946,0.36537452900789946,WINNER_LOW,0.6296296296296297,0.00024326594544191076,True,0.007592140901146493
macd_fast_hist_pct__d3,macd_fast_hist_pct,108,-0.001705387318991227,-0.0010536382844227993,-0.0006517490345684278,-0.0004023188768769615,-0.3651922726393667,0.3651922726393667,WINNER_LOW,0.6111111111111112,0.0002449072074564168,True,0.007592140901146493
adx14__w24__q10,adx14,108,22.282761132275617,18.53750240361249,3.7452587286631265,1.357403564453124,0.36480550590442584,0.36480550590442584,WINNER_HIGH,0.5740740740740741,0.00024842509232843275,False,0.007592140901146493
atr6_pct__w24__mean,atr6_pct,108,0.008292060961981339,0.007307407971799236,0.000984652990182103,0.00031294464133679867,0.3647792710962672,0.3647792710962672,WINNER_HIGH,0.5925925925925926,0.0002486654466593469,False,0.007592140901146493
ema168_slope_24h__w24__std,ema168_slope_24h,108,0.0016180371246634793,0.00121681579926021,0.0004012213254032691,0.00031042699847603215,0.36466987729519346,0.36466987729519346,WINNER_HIGH,0.6111111111111112,0.0002496700610900334,False,0.007592140901146493
dist_high240__d6,dist_high240,108,-0.016932119795321207,-0.013884263064971524,-0.0030478567303496816,-0.0021215986460447296,-0.36436711978067843,0.36436711978067843,WINNER_LOW,0.6296296296296297,0.000252470587609564,True,0.007611117628195219
range_pct__w72__up_share,range_pct,108,0.4768518524037467,0.4889403300704779,-0.012088477666731235,-0.012500002980232239,-0.3635919846571085,0.3635919846571085,WINNER_LOW,0.6296296296296297,0.0002597774165501358,True,0.007732076298407108
rsi24__w240__std,rsi24,108,8.678375637089765,8.16017372343275,0.5182019136570117,0.6702812671661382,0.3634742102636311,0.3634742102636311,WINNER_HIGH,0.6296296296296297,0.0002609050623997823,False,0.007732076298407108
dist_high72__d1,dist_high72,108,-0.007156586167150602,-0.005997163626979173,-0.0011594225401714302,-0.0006357012724038217,-0.3629661609067075,0.3629661609067075,WINNER_LOW,0.6851851851851852,0.00026582299756523135,True,0.007811622037694236
abs_body_pct__w24__q25,abs_body_pct,108,0.0015900801400776901,0.0013388964738287202,0.0002511836662489697,0.0001483501953771338,0.3618239603712867,0.3618239603712867,WINNER_HIGH,0.6203703703703703,0.00027720323137441,False,0.007961512282208394
atr14_pct__w24__q10,atr14_pct,108,0.006253763882408815,0.005560419896479559,0.0006933439859292574,0.0004237035289406778,0.36176601062694796,0.36176601062694796,WINNER_HIGH,0.6111111111111112,0.00027779277767245276,False,0.007961512282208394
ema24_slope_6h__w72__std,ema24_slope_6h,108,0.00485139752682126,0.004040129858724497,0.0008112676680967624,0.000500370003283024,0.3616443798099305,0.3616443798099305,WINNER_HIGH,0.6296296296296297,0.00027903405432287687,False,0.007961512282208394
close_vs_vwap72__d1,close_vs_vwap72,108,-0.006981844398237795,-0.005977383121484712,-0.0010044612767530822,-0.0005308318533934655,-0.36142036993591903,0.36142036993591903,WINNER_LOW,0.6388888888888888,0.00028133394146445006,True,0.007961512282208394
macd_fast_hist_pct__w72__min,macd_fast_hist_pct,108,-0.005079588497109298,-0.0041927279645784035,-0.0008868605325308939,-0.0002029987052083015,-0.3613261185990133,0.3613261185990133,WINNER_LOW,0.5555555555555556,0.0002823069839845127,False,0.007961512282208394
ema_gap_72_168__w72__diff_std,ema_gap_72_168,108,0.000226772585342082,0.00018988884406065116,3.688374128143079e-05,2.8498296160250902e-05,0.3600975097488142,0.3600975097488142,WINNER_HIGH,0.6203703703703703,0.0002952871345487733,True,0.008260952876136481
close_vs_ema72__w240__std,close_vs_ema72,108,0.019616163068416494,0.01759431446229832,0.002021848606118174,0.0015538095496594895,0.3586225776783351,0.3586225776783351,WINNER_HIGH,0.6574074074074074,0.00031161864836993033,False,0.008648654074203543
ema_gap_6_24__w72__std,ema_gap_6_24,108,0.006977862286105476,0.005806811516069705,0.0011710507700357724,0.0008606028510257601,0.35778149694799627,0.35778149694799627,WINNER_HIGH,0.6203703703703703,0.0003213119038860929,False,0.008847462424328085
volume_rel240__d3,volume_rel240,108,1.2588102208467684,0.4857256586051167,0.7730845622416517,0.30910716131329535,0.3575641909932582,0.3575641909932582,WINNER_HIGH,0.6388888888888888,0.00032386243615799493,True,0.00884802296284772
quote_volume_rel240__d3,quote_volume_rel240,108,1.167268060768644,0.46501807161009684,0.7022499891585473,0.30782326227054,0.3573377435457757,0.3573377435457757,WINNER_HIGH,0.6388888888888888,0.00032654069963388235,True,0.008852037415656485
dist_high72__d3,dist_high72,108,-0.012474572181574743,-0.009714113128258626,-0.0027604590533161196,-0.0019655857971088153,-0.3569728168284892,0.3569728168284892,WINNER_LOW,0.6759259259259259,0.0003309010755739716,True,0.008901238932939837
mfi14__w72__diff_std,mfi14,108,6.20111510488722,6.476244124659785,-0.2751290197725649,-0.17788782119750968,-0.3567558615833767,0.3567558615833767,WINNER_LOW,0.6296296296296297,0.0003335195212145702,True,0.008903189051048489
close_vs_vwap24__d1,close_vs_vwap24,108,-0.006069104718301754,-0.0050728719721165475,-0.0009962327461852073,-0.0006819983827881515,-0.35595671410779267,0.35595671410779267,WINNER_LOW,0.7314814814814815,0.000343335051755984,True,0.009073967019251604
range_pct__w72__q75,range_pct,108,0.010106505886479109,0.008994078832350809,0.0011124270541282993,0.0007738798856735231,0.3556157862099388,0.3556157862099388,WINNER_HIGH,0.6666666666666666,0.00034760534709803913,False,0.009073967019251604
close_vs_ema6__d12,close_vs_ema6,108,-0.009755856249857633,-0.007280423946745198,-0.0024754323031124337,-0.0012223902958794497,-0.35554598982522323,0.35554598982522323,WINNER_LOW,0.6111111111111112,0.00034848577248178594,True,0.009073967019251604
close_vs_vwap72__d6,close_vs_vwap72,108,-0.017186760983787717,-0.013983602425509566,-0.0032031585582781527,-0.0023286749143153424,-0.3554029967690107,0.3554029967690107,WINNER_LOW,0.6296296296296297,0.0003502961245636164,True,0.009073967019251604
close_vs_vwap240__d1,close_vs_vwap240,108,-0.007515387661071684,-0.0064569780228069884,-0.0010584096382646952,-0.000596084730932489,-0.3550058384928159,0.3550058384928159,WINNER_LOW,0.6574074074074074,0.00035537122026726455,True,0.009137743803489883
dist_high24__d6,dist_high24,108,-0.015310223223962196,-0.011357305324830761,-0.003952917899131434,-0.0025888724718242887,-0.35460611997410507,0.35460611997410507,WINNER_LOW,0.6481481481481481,0.0003605493826068955,True,0.009140015126251993
adx14__w240__delta,adx14,108,2.9498745470342262,-3.5709831769302216,6.520857723964447,4.774050945043564,0.35440344387321515,0.35440344387321515,WINNER_HIGH,0.5833333333333334,0.0003632022100662499,True,0.009140015126251993
adx14__w240__diff_mean,adx14,108,0.012272107602930864,-0.015228425098057077,0.027500532700987942,0.02712731303181499,0.35439595598445195,0.35439595598445195,WINNER_HIGH,0.5925925925925926,0.0003633005726477057,True,0.009140015126251993
ema_gap_24_72__d1,ema_gap_24_72,108,-0.0009230805178967111,-0.000785205768063743,-0.0001378747498329681,-8.612090314272792e-05,-0.35282536219163035,0.35282536219163035,WINNER_LOW,0.5925925925925926,0.000384499910813845,True,0.0095756416237486
close_vs_sma240__d6,close_vs_sma240,108,-0.01869891294713684,-0.015489644859149445,-0.003209268087987396,-0.0020442704786546523,-0.35271071061212034,0.35271071061212034,WINNER_LOW,0.6203703703703703,0.00038609249898443026,True,0.0095756416237486
atr14_pct__w72__std,atr14_pct,108,0.0024953413500312578,0.0020300678714799385,0.0004652734785513194,0.00024677924811840053,0.35234998012167373,0.35234998012167373,WINNER_HIGH,0.5925925925925926,0.00039114416156107426,False,0.009632613612528708
macd_fast_hist_pct__w72__q75,macd_fast_hist_pct,108,0.0010432768638700643,0.0008185348589816184,0.00022474200488844604,0.00014133958102320322,0.35193808996252174,0.35193808996252174,WINNER_HIGH,0.5925925925925926,0.00039698883120574993,False,0.009708181417667884
close_vs_ema6__d6,close_vs_ema6,108,-0.008282066995889181,-0.0059880303865914655,-0.002294036609297715,-0.0019531421596184376,-0.35079663860204613,0.35079663860204613,WINNER_LOW,0.6851851851851852,0.0004136212740565704,True,0.010044677745665464
close_vs_sma72__w240__std,close_vs_sma72,108,0.02323745135045438,0.02087055268973388,0.0023668986607204984,0.002027532178908586,0.3499353837872991,0.3499353837872991,WINNER_HIGH,0.6296296296296297,0.0004266054408687003,False,0.010288546391157552
atr72_pct__d1,atr72_pct,108,0.0001685574135820197,0.00010524568247613313,6.331173110588658e-05,2.4576262694608897e-05,0.34944293273560906,0.34944293273560906,WINNER_HIGH,0.6296296296296297,0.00043420201022562223,True,0.010400030340815075
bb_width__w24__std,bb_width,108,0.012508589108215852,0.008951789936152097,0.003556799172063754,0.0013954836642369626,0.3487535717406081,0.3487535717406081,WINNER_HIGH,0.5462962962962963,0.00044505145775201735,False,0.010555353911253357
adx14__w240__z,adx14,108,0.1607006380757041,-0.22489502362597907,0.38559566170168325,0.1706791174132377,0.3486487440007622,0.3486487440007622,WINNER_HIGH,0.5925925925925926,0.00044672358560637605,True,0.010555353911253357
adx14__w24__up_share,adx14,108,0.5119598775205237,0.43425925963868695,0.07770061788183673,0.0916666731238365,0.34808542222794814,0.34808542222794814,WINNER_HIGH,0.6666666666666666,0.0004558115374068704,True,0.0106978050088042
macd_hist_pct__w72__min,macd_hist_pct,108,-0.0038929275922580725,-0.0032361403896680307,-0.0006567872025900417,-0.00031244035344570866,-0.3472904233474826,0.3472904233474826,WINNER_LOW,0.6203703703703703,0.0004689351415111575,False,0.010932441265763452
atr6_pct__d24,atr6_pct,108,0.0025687076531876636,0.0008472258316571779,0.001721481821530486,0.0013259185827337206,0.3464884309556471,0.3464884309556471,WINNER_HIGH,0.6481481481481481,0.0004825358220385189,True,0.011013671760033723
atr6_pct__w24__diff_mean,atr6_pct,108,0.00010702948614178038,3.53010766570218e-05,7.172840948475858e-05,5.524660882656462e-05,0.34648842983876493,0.34648842983876493,WINNER_HIGH,0.6481481481481481,0.00048253584123647027,True,0.011013671760033723
ema_gap_24_72__w24__diff_std,ema_gap_24_72,108,0.00047410690590536604,0.00041054674158523855,6.356016432012742e-05,1.9783768220804648e-05,0.346448645338274,0.346448645338274,WINNER_HIGH,0.5925925925925926,0.00048322015065252726,True,0.011013671760033723
volume_rel24__w240__q25,volume_rel24,108,0.6768724184345316,0.6634205809345952,0.013451837499936425,0.013286352157592773,0.34634441629220514,0.34634441629220514,WINNER_HIGH,0.6574074074074074,0.000485017286544236,False,0.011013671760033723
rsi14__w240__std,rsi14,108,11.359537800153097,10.898045061252734,0.4614927389003612,0.44848604202270526,0.3458475212453796,0.3458475212453796,WINNER_HIGH,0.6111111111111112,0.000493672072588732,False,0.011097424318712999
close_vs_ema48__w240__std,close_vs_ema48,108,0.016700230530221707,0.01515689486620465,0.0015433356640170573,0.001112261880189181,0.34567312521492943,0.34567312521492943,WINNER_HIGH,0.6481481481481481,0.0004967441248524652,False,0.011097424318712999
atr72_pct__d3,atr72_pct,108,0.00028764309122295716,0.00015830445184658655,0.00012933863937637062,7.89851947047282e-05,0.34548929114902904,0.34548929114902904,WINNER_HIGH,0.6296296296296297,0.0005000019950354248,True,0.011097424318712999
atr14_pct__w24__min,atr14_pct,108,0.005820972502179857,0.005194297921628243,0.0006266745805516148,0.0005281447432935239,0.345410796215641,0.345410796215641,WINNER_HIGH,0.6111111111111112,0.0005013992114259805,False,0.011097424318712999
ema72_slope_12h__w72__diff_std,ema72_slope_12h,108,0.0004552563948015665,0.00039046172103014573,6.479467377142067e-05,2.574542013462634e-05,0.3450726404588248,0.3450726404588248,WINNER_HIGH,0.5925925925925926,0.0005074607229359577,True,0.011160944327717259
range_pct__w24__q90,range_pct,108,0.014461293721709538,0.012709255323797053,0.001752038397912488,0.0005528519861400126,0.34269052383679244,0.34269052383679244,WINNER_HIGH,0.5555555555555556,0.0005521645807821378,False,0.012068247118719599
adx14__w24__min,adx14,108,20.692195980637162,17.41187107209806,3.2803249085391,1.4878610610961918,0.34211181462859275,0.34211181462859275,WINNER_HIGH,0.5555555555555556,0.0005635732810913742,False,0.012241091701717612
abs_body_pct__w24__up_share,abs_body_pct,108,0.5100308667730402,0.4854166700332253,0.024614196739814905,0.02916666865348816,0.3414524017657451,0.3414524017657451,WINNER_HIGH,0.6018518518518519,0.0005768442245697785,True,0.012404332047528317
close_vs_vwap24__w24__std,close_vs_vwap24,108,0.008828789224261764,0.007733699548515251,0.0010950896757465133,0.00043532887939363735,0.3413866750775938,0.3413866750775938,WINNER_HIGH,0.5925925925925926,0.0005781830493986604,False,0.012404332047528317
trades_rel72__d3,trades_rel72,108,0.7744158322543457,0.36427107689540006,0.4101447553589457,0.33330669403076174,0.34103781169604064,0.34103781169604064,WINNER_HIGH,0.6666666666666666,0.000585338496305,True,0.012481272692552349
close_vs_ema24__w72__std,close_vs_ema24,108,0.010708660861753204,0.009211259378827417,0.0014974014829257846,0.000927470205351711,0.34048805845562047,0.34048805845562047,WINNER_HIGH,0.6296296296296297,0.0005967842376608976,False,0.012648208964243388
adx14__w24__diff_std,adx14,108,1.0396703705191612,0.9427076194573332,0.09696275106182807,0.07266305983066562,0.33774852676828176,0.33774852676828176,WINNER_HIGH,0.5833333333333334,0.0006570386197633964,True,0.013841349718750584
atr24_pct__w72__max,atr24_pct,108,0.01175423101435795,0.010287733341532723,0.0014664976728252235,0.0006636631209403282,0.3367249532930119,0.3367249532930119,WINNER_HIGH,0.6203703703703703,0.000680989325842008,False,0.014259998038739534
rebound_low24__d6,rebound_low24,108,-0.011855865920383454,-0.007900735378936792,-0.003955130541446663,-0.0025314124999567863,-0.3355458383805492,0.3355458383805492,WINNER_LOW,0.6296296296296297,0.0007095990721457618,True,0.0147706425910341
ema72_slope_12h__w24__z,ema72_slope_12h,108,-0.7411556680841992,-1.0901734326983354,0.34901776461413614,0.2757954657077789,0.33439360313437244,0.33439360313437244,WINNER_HIGH,0.6018518518518519,0.0007386477033022198,True,0.015245981478266292
atr24_pct__w240__std,atr24_pct,108,0.002647522029561784,0.002272662232819669,0.00037485979674211533,0.00023930801544338467,0.334296184317391,0.334296184317391,WINNER_HIGH,0.6111111111111112,0.0007411543755519787,False,0.015245981478266292
close_vs_ema12__d1,close_vs_ema12,108,-0.005339055768588339,-0.004403464765770575,-0.0009355910028177647,-0.000483775130851427,-0.33411358606300245,0.33411358606300245,WINNER_LOW,0.6481481481481481,0.0007458743849451429,True,0.015253349264053596
atr24_pct__w240__max,atr24_pct,108,0.014717940724006406,0.013038537261524688,0.0016794034624817195,0.0012681299820542346,0.33384562180575655,0.33384562180575655,WINNER_HIGH,0.5555555555555556,0.0007528523085267116,False,0.015306537923941339
bb_width__w24__q90,bb_width,108,0.05071211290649242,0.0410058759558187,0.009706236950673715,0.0007547265850007534,0.3328177728181383,0.3328177728181383,WINNER_HIGH,0.5277777777777778,0.0007801921986477866,False,0.015738213434854133
ema72_slope_12h__w240__std,ema72_slope_12h,108,0.0060986240105531005,0.005467126452519246,0.0006314975580338526,0.00047319515142589834,0.3326181672063568,0.3326181672063568,WINNER_HIGH,0.6481481481481481,0.0007856087638570252,False,0.015738213434854133
close_vs_sma168__w72__pos,close_vs_sma168,108,0.3006213127152511,0.20576757644723534,0.09485373626801585,0.0,0.3325456360831273,0.3325456360831273,WINNER_HIGH,0.46296296296296297,0.0007875857452386255,True,0.015738213434854133
close_vs_sma168__d6,close_vs_sma168,108,-0.01852495530625607,-0.015440784404152644,-0.003084170902103425,-0.0014756412012502558,-0.33211712125911574,0.33211712125911574,WINNER_LOW,0.6111111111111112,0.0007993616558233237,True,0.01588277108189865
atr72_pct__w72__max,atr72_pct,108,0.009808329968816705,0.008829900534409615,0.0009784294344070887,0.0005319450981914999,0.33157338540888787,0.33157338540888787,WINNER_HIGH,0.6203703703703703,0.0008145424965953776,False,0.016027694816939917
adx14__w72__pos,adx14,108,0.5029406471790194,0.3926025850567924,0.11033806212222705,0.05793904811143874,0.33152799235194946,0.33152799235194946,WINNER_HIGH,0.5833333333333334,0.0008158220410109538,True,0.016027694816939917
close_vs_sma24__d6,close_vs_sma24,108,-0.01600547141855781,-0.01261576415785536,-0.0033897072607024475,-0.002342439163476229,-0.3311681539729402,0.3311681539729402,WINNER_LOW,0.6388888888888888,0.0008260323214366977,True,0.01613762585510688
rsi6__w240__std,rsi6,108,16.972458018196953,16.61939877404107,0.35305924415588386,0.33437499999999964,0.33081467414054416,0.33081467414054416,WINNER_HIGH,0.6481481481481481,0.0008361791246714892,False,0.016245102216534434
dist_high240__w72__min,dist_high240,108,-0.09115636983403454,-0.07516163068099155,-0.015994739153042985,-0.002606979198753835,-0.33047495106176306,0.33047495106176306,WINNER_LOW,0.5185185185185185,0.0008460414162893229,False,0.016345894103667193
atr24_pct__w72__q90,atr24_pct,108,0.010688163512558848,0.0094531789223698,0.0012349845901890486,0.0007314591202884912,0.33002216082315877,0.33002216082315877,WINNER_HIGH,0.5833333333333334,0.0008593562293820537,False,0.01651191612169803
ema_gap_6_24__w72__up_share,ema_gap_6_24,108,0.4724794242669035,0.4468107003304694,0.025668723936434143,0.030555561184883118,0.32904779301066,0.32904779301066,WINNER_HIGH,0.6203703703703703,0.0008886797085883679,True,0.016982037928598485
abs_body_pct__w72__q25,abs_body_pct,108,0.001363063446963982,0.0011998733006529853,0.00016319014631099648,0.00012915504048578448,0.3288330519782687,0.3288330519782687,WINNER_HIGH,0.6111111111111112,0.0008952675788516208,False,0.016986367326934523
bb_width__w24__max,bb_width,108,0.05525413376313669,0.04562634494569565,0.009627788817441021,0.0021861296147108085,0.3287243092632278,0.3287243092632278,WINNER_HIGH,0.5462962962962963,0.0008986210910731733,False,0.016986367326934523
close_vs_ema6__w72__diff_mean,close_vs_ema6,108,-0.00014468645148231948,-0.00011403891855506848,-3.0647532927251e-05,-1.847672383803456e-05,-0.3281331021463091,0.3281331021463091,WINNER_LOW,0.6203703703703703,0.0009170608262210197,True,0.017034859779846943
macd_pct__w24__diff_std,macd_pct,108,0.0006476950636877316,0.0005611931879954042,8.650187569232744e-05,1.5764395357109606e-05,0.3281279570761558,0.3281279570761558,WINNER_HIGH,0.5370370370370371,0.0009172228503538564,True,0.017034859779846943
body_pct__w72__q10,body_pct,108,-0.006183991355269596,-0.0054170884349366176,-0.0007669029203329786,-0.00040949161630123845,-0.3273804129166759,0.3273804129166759,WINNER_LOW,0.6111111111111112,0.0009410518466975606,False,0.017034859779846943
log_ret__w72__q10,log_ret,108,-0.006207535230916821,-0.005433931568404659,-0.0007736036625121617,-0.0004102786770090461,-0.32725864959605555,0.32725864959605555,WINNER_LOW,0.6111111111111112,0.000944987866683364,False,0.017034859779846943
volume_rel72__d3,volume_rel72,108,1.189545235061949,0.567895485572862,0.6216497494890874,0.26240777745842936,0.32715784559489947,0.32715784559489947,WINNER_HIGH,0.6203703703703703,0.0009482580677683647,True,0.017034859779846943
atr24_pct__d1,atr24_pct,108,0.0003493954297758356,0.00019535805651655754,0.00015403737325927808,8.512622625858057e-05,0.3271190852067183,0.3271190852067183,WINNER_HIGH,0.7407407407407407,0.0009495183276917962,True,0.017034859779846943
atr14_pct__w240__std,atr14_pct,108,0.0030975865159200986,0.0027127666998206196,0.00038481981609947977,0.0001978972693905234,0.327115695461852,0.327115695461852,WINNER_HIGH,0.5555555555555556,0.0009496286170386409,False,0.017034859779846943
rebound_low72__w24__min,rebound_low72,108,0.025269133289030934,0.017357099056599063,0.007912034232431869,0.001295179317821748,0.3268592377871596,0.3268592377871596,WINNER_HIGH,0.5462962962962963,0.0009580077489192279,False,0.017034859779846943
atr14_pct__w240__max,atr14_pct,108,0.017144757857615198,0.01521436338381911,0.0019303944737960892,0.0014111058786511425,0.32679031269701286,0.32679031269701286,WINNER_HIGH,0.5833333333333334,0.000960271519153398,False,0.017034859779846943
adx14__w72__delta,adx14,108,2.0043171062996543,-4.58553638738511,6.589853493684764,6.324418450891972,0.32674048622081925,0.32674048622081925,WINNER_HIGH,0.6388888888888888,0.0009619111435284387,True,0.017034859779846943
adx14__w72__diff_mean,adx14,108,0.02776862296094704,-0.06308852135598836,0.0908571443169354,0.07908455096185207,0.32656184043342035,0.32656184043342035,WINNER_HIGH,0.6388888888888888,0.0009678114223334767,True,0.017034859779846943
atr24_pct__d24,atr24_pct,108,0.0011923795661324995,-1.890820258604767e-05,0.001211287768718547,0.000676944570204796,0.3263795214775536,0.3263795214775536,WINNER_HIGH,0.6111111111111112,0.000973868047849167,True,0.017034859779846943
atr24_pct__w24__diff_mean,atr24_pct,108,4.9682481480422883e-05,-7.878416089586913e-07,5.047032308938158e-05,2.8206023304733208e-05,0.3263795164634956,0.3263795164634956,WINNER_HIGH,0.6111111111111112,0.0009738682149042349,True,0.017034859779846943
bb_width__w72__diff_std,bb_width,108,0.0036925496328708337,0.003141356334176466,0.0005511932986943672,0.00035228074993938203,0.3263233183068506,0.3263233183068506,WINNER_HIGH,0.5370370370370371,0.0009757422791673859,True,0.017034859779846943
quote_volume_rel72__d3,quote_volume_rel72,108,1.1186192550058305,0.5389366162385731,0.5796826387672572,0.26159974578768014,0.3263112279894745,0.3263112279894745,WINNER_HIGH,0.6296296296296297,0.0009761459025957619,True,0.017034859779846943
close_vs_ema12__w24__std,close_vs_ema12,108,0.00692554451288069,0.006092163387910221,0.0008333811249704687,0.0002802827046252789,0.3262220785402606,0.3262220785402606,WINNER_HIGH,0.5555555555555556,0.0009791269132825953,False,0.017034859779846943
stoch_k__w24__min,stoch_k,108,9.738282464789572,7.321366301020693,2.4169161637688785,0.48105980753898603,0.3257998147806604,0.3257998147806604,WINNER_HIGH,0.5740740740740741,0.0009933632079756308,False,0.017196985833122676
atr6_pct__w24__min,atr6_pct,108,0.004872244409785641,0.004323718211337648,0.0005485261984479923,0.00024951085215434436,0.3252647672474694,0.3252647672474694,WINNER_HIGH,0.5648148148148148,0.0010116810912145242,False,0.017422612813023403
close_vs_sma24__w72__std,close_vs_sma24,108,0.01289027496844668,0.011104606771496713,0.0017856681969499698,0.0009574910625815393,0.32512954195974053,0.32512954195974053,WINNER_HIGH,0.5648148148148148,0.0010163605987580137,False,0.017422612813023403
ema6_slope_3h__d6,ema6_slope_3h,108,-0.0067232508805082705,-0.004544117357558948,-0.002179133522949323,-0.0013216779159847649,-0.32454788968767645,0.32454788968767645,WINNER_LOW,0.6388888888888888,0.0010367214085697319,True,0.017684950076918792
obv_delta__w240__q10,obv_delta,108,-2217.5282739709924,-2020.1648254394531,-197.36344853153935,-108.08658447265623,-0.3242891196456901,0.3242891196456901,WINNER_LOW,0.5648148148148148,0.0010459021582567406,False,0.01775495071564962
macd_fast_hist_pct__w72__q10,macd_fast_hist_pct,108,-0.00249746668958795,-0.002162360550654638,-0.00033510613893331196,-0.00020211903611198065,-0.3236001745997779,0.3236001745997779,WINNER_LOW,0.5833333333333334,0.001070718097384722,False,0.01808841152924818
bb_width__w72__mean,bb_width,108,0.03520392175522392,0.030732670140073255,0.0044712516151506594,0.003264758922159671,0.32321946801891466,0.32321946801891466,WINNER_HIGH,0.6018518518518519,0.0010846670818521094,False,0.01813439030341754
close_vs_ema168__w240__std,close_vs_ema168,108,0.025401234057628445,0.02249237098817334,0.002908863069455105,0.002249342482537031,0.3231754502075039,0.3231754502075039,WINNER_HIGH,0.6018518518518519,0.0010862908290812927,False,0.01813439030341754
stoch_k__w240__up_share,stoch_k,108,0.49625771437530164,0.4891203662311589,0.007137348144142713,0.0054166644811630416,0.3231022303551787,0.3231022303551787,WINNER_HIGH,0.6111111111111112,0.0010889968440713994,True,0.01813439030341754
atr14_pct__w72__max,atr14_pct,108,0.01345793131083526,0.011803020979277792,0.0016549103315574704,0.0008959689643234011,0.3229245865883331,0.3229245865883331,WINNER_HIGH,0.6018518518518519,0.001095588391858079,False,0.018157690077382473
bb_width__w24__q75,bb_width,108,0.04505826682024808,0.036068720454177645,0.00898954636607043,0.0012107980437576753,0.3223265111711398,0.3223265111711398,WINNER_HIGH,0.5462962962962963,0.0011180562860297033,False,0.018442654869084304
macd_fast_hist_pct__d6,macd_fast_hist_pct,108,-0.002330390628264501,-0.001494840163833386,-0.0008355504644311151,-0.0004394397536088946,-0.32212191471626894,0.32212191471626894,WINNER_LOW,0.6203703703703703,0.0011258410156178872,True,0.01848387808270306
quote_volume_rel24__w240__q25,quote_volume_rel24,108,0.6769570929032785,0.6646626693231089,0.012294423580169678,0.010780560970306441,0.32184149932769757,0.32184149932769757,WINNER_HIGH,0.6203703703703703,0.0011365931659705064,False,0.01857320701588253
trades_rel24__d3,trades_rel24,108,0.6947835903545773,0.33239985872706806,0.3623837316275091,0.34886855334043504,0.3210255518108133,0.3210255518108133,WINNER_HIGH,0.5925925925925926,0.0011684296331456643,True,0.019002317340795112
dist_high240__w72__q10,dist_high240,108,-0.07615426506985117,-0.061558395853542065,-0.014595869216309102,-0.007274686358869079,-0.3208919736055476,0.3208919736055476,WINNER_LOW,0.5555555555555556,0.0011737204877357004,False,0.019002317340795112
ema_gap_72_168__w24__z,ema_gap_72_168,108,-0.4781835878060924,-0.9630486277242502,0.4848650399181578,0.1845518827438355,0.32072200372821463,0.32072200372821463,WINNER_HIGH,0.5462962962962963,0.0011804852252221322,True,0.01902376420553823
close_vs_vwap240__d6,close_vs_vwap240,108,-0.018345840283910984,-0.015469011116133682,-0.002876829167777301,-0.0016070666257292031,-0.3196169058673281,0.3196169058673281,WINNER_LOW,0.5833333333333334,0.0012253663770296914,True,0.019656450552627665
volume_rel72__w240__min,volume_rel72,108,0.2523958183549069,0.23537695934927022,0.01701885900563664,0.0210688218474388,0.3188792799867123,0.3188792799867123,WINNER_HIGH,0.6111111111111112,0.0012562074408759313,False,0.02005916630476316
close_vs_sma168__w240__std,close_vs_sma168,108,0.03059803130519059,0.026842850269059897,0.003755181036130697,0.002950045466423034,0.3182249416290635,0.3182249416290635,WINNER_HIGH,0.5740740740740741,0.0012841729673999291,False,0.020409979405644645
rebound_low72__w72__z,rebound_low72,108,-0.9683883035624469,-1.322876692325291,0.3544883887628437,0.2928636372089386,0.3180937406118552,0.3180937406118552,WINNER_HIGH,0.5833333333333334,0.0012898499996132303,True,0.020409979405644645
close_vs_vwap72__w72__std,close_vs_vwap72,108,0.015161661927036389,0.013041953200094951,0.002119708726941436,0.001115559134632349,0.316721225817282,0.316721225817282,WINNER_HIGH,0.5833333333333334,0.0013506630555377246,False,0.021266221927517485
atr6_pct__w24__delta,atr6_pct,108,0.0023701800773441965,0.0008646059174730504,0.0015055741598711458,0.0010829030186869204,0.316600808456638,0.316600808456638,WINNER_HIGH,0.6481481481481481,0.001356124532409608,True,0.021266221927517485
quote_volume_rel72__w240__min,quote_volume_rel72,108,0.2526821303698752,0.2359598679123101,0.016722262457565026,0.019518443942070002,0.3160259246051889,0.3160259246051889,WINNER_HIGH,0.6018518518518519,0.0013824840157984856,False,0.021498803264826505
ema6_slope_3h__w72__q75,ema6_slope_3h,108,0.0027871664731517537,0.0021891320702862164,0.000598034402865537,0.00027853922214475806,0.316005086817501,0.316005086817501,WINNER_HIGH,0.5925925925925926,0.0013834484059676124,False,0.021498803264826505
log_ret__w24__q90,log_ret,108,0.004969370986886874,0.004299092393678924,0.0006702785932079509,0.00024293439928442214,0.3158768031353848,0.3158768031353848,WINNER_HIGH,0.5740740740740741,0.0013893993531171832,False,0.021498803264826505
body_pct__w24__q90,body_pct,108,0.0049849479120759365,0.004310229478654003,0.0006747184334219329,0.00024356937501579523,0.31568510976582115,0.31568510976582115,WINNER_HIGH,0.5740740740740741,0.0013983364325282823,False,0.021541773147803537
bb_width__w240__max,bb_width,108,0.10125036020245817,0.0902123007716404,0.011038059430817761,0.011584974080324176,0.3154104897925934,0.3154104897925934,WINNER_HIGH,0.6481481481481481,0.0014112333881404803,False,0.02157173283923425
close_vs_ema6__w24__std,close_vs_ema6,108,0.00510683273400732,0.004533491972984781,0.0005733407610225388,0.00014415383338928223,0.3153811361788459,0.3153811361788459,WINNER_HIGH,0.5370370370370371,0.0014126184787488258,False,0.02157173283923425
range_pct__w240__q75,range_pct,108,0.009853508745975516,0.009159188561520919,0.000694320184454598,0.00039588366635143766,0.3152249138015732,0.3152249138015732,WINNER_HIGH,0.6111111111111112,0.0014200114519673623,False,0.021590348032738547
log_ret__w72__diff_mean,log_ret,108,-0.00011758657387964625,-9.07805782423073e-05,-2.680599563733895e-05,-1.7616268959841363e-05,-0.3146659477130246,0.3146659477130246,WINNER_LOW,0.5833333333333334,0.0014467609001475013,True,0.021901830596605245
close_vs_ema12__d12,close_vs_ema12,108,-0.013642706448822369,-0.010839777736112376,-0.0028029287127099923,-0.0014218758849892763,-0.31346082191441976,0.31346082191441976,WINNER_LOW,0.6018518518518519,0.001506042641987127,True,0.022434584792795642
abs_body_pct__w24__min,abs_body_pct,108,0.00026109942431812923,0.00018232145262581304,7.877797169231614e-05,4.804406489711256e-05,0.31343409211467077,0.31343409211467077,WINNER_HIGH,0.5833333333333334,0.001507382883152435,False,0.022434584792795642
atr24_pct__w24__delta,atr24_pct,108,0.0011554408930452256,1.430178835975039e-05,0.0011411391046854751,0.0007178138650488109,0.313356518066004,0.313356518066004,WINNER_HIGH,0.6203703703703703,0.0015112787833117597,True,0.022434584792795642
close_vs_ema6__w240__min,close_vs_ema6,108,-0.024371582928493066,-0.02102374198191144,-0.003347840946581629,0.00011280085891485214,-0.31323003717571113,0.31323003717571113,WINNER_LOW,0.5092592592592593,0.0015176510432183077,False,0.022434584792795642
volume_rel240__w24__diff_mean,volume_rel240,108,0.05908188349416445,0.030421950771597043,0.028659932722567408,0.011804492166265845,0.3131747386022762,0.3131747386022762,WINNER_HIGH,0.6203703703703703,0.0015204449293469912,True,0.022434584792795642
volume_rel240__d24,volume_rel240,108,1.4179651969181444,0.7301268174539373,0.687838379464207,0.2833077986259014,0.3131747347683425,0.3131747347683425,WINNER_HIGH,0.6203703703703703,0.0015204451232177772,True,0.022434584792795642
close_vs_ema24__w24__std,close_vs_ema24,108,0.008297899384396496,0.0072933629674716265,0.0010045364169248689,0.0002471117302775385,0.3130468675079218,0.3130468675079218,WINNER_HIGH,0.5555555555555556,0.0015269238530546188,False,0.022435515605596645
close_vs_ema12__w72__std,close_vs_ema12,108,0.007978750856300057,0.007035934942326061,0.0009428159139739969,0.000421106442809105,0.3128644682538138,0.3128644682538138,WINNER_HIGH,0.5925925925925926,0.0015362102221379878,False,0.022477519442747045
body_pct__w72__diff_mean,body_pct,108,-0.00011679014560481046,-9.035479680066403e-05,-2.6435348804146435e-05,-1.716748401321411e-05,-0.31209767557387735,0.31209767557387735,WINNER_LOW,0.5740740740740741,0.0015758293324521222,True,0.022961146564937796
abs_body_pct__w24__q10,abs_body_pct,108,0.0007942224486517565,0.0006683099683329973,0.0001259124803187593,7.742399175185712e-05,0.31139450298423355,0.31139450298423355,WINNER_HIGH,0.6018518518518519,0.0016129978407233654,False,0.02340520103323489
atr14_pct__w24__mean,atr14_pct,108,0.00815861521901011,0.00732558769846542,0.0008330275205446889,0.0003758968785405152,0.3109746581089454,0.3109746581089454,WINNER_HIGH,0.5833333333333334,0.0016355785860549946,False,0.023634786427414532
ema_gap_24_72__w240__std,ema_gap_24_72,108,0.010647138516004715,0.009492193636725899,0.0011549448792788166,0.0009253607597202065,0.3093884581096046,0.3093884581096046,WINNER_HIGH,0.6203703703703703,0.0017235795124931929,False,0.024589715592127238
quote_volume_rel240__w24__diff_mean,quote_volume_rel240,108,0.054138898848072534,0.028585260796191704,0.02555363805188083,0.011627091001719235,0.3093356436145863,0.3093356436145863,WINNER_HIGH,0.6296296296296297,0.001726584204720461,True,0.024589715592127238
quote_volume_rel240__d24,quote_volume_rel240,108,1.2993335755265973,0.6860462587915309,0.6132873167350665,0.27905018180608754,0.3093356417797825,0.3093356417797825,WINNER_HIGH,0.6296296296296297,0.0017265843091898714,True,0.024589715592127238
macd_signal_pct__w24__z,macd_signal_pct,108,-0.7180523829258703,-1.0550853308738657,0.33703294794799554,0.2680917724967002,0.30927211679255473,0.30927211679255473,WINNER_HIGH,0.6203703703703703,0.0017302048073446297,True,0.024589715592127238
range_pct__w72__q10,range_pct,108,0.003656571186082955,0.003276156509053652,0.00038041467702930315,0.00023719973396509877,0.3091550371834322,0.3091550371834322,WINNER_HIGH,0.5648148148148148,0.0017368961131549417,False,0.024589715592127238
close_vs_sma168__w72__z,close_vs_sma168,108,-1.128770566183246,-1.4903120311942917,0.3615414650110459,0.24553815200924872,0.30895567553664344,0.30895567553664344,WINNER_HIGH,0.5555555555555556,0.0017483455335486843,True,0.024589715592127238
adx14__w72__up_share,adx14,108,0.47196502183322553,0.437474280209453,0.03449074162377252,0.02777778506278994,0.30891165042578433,0.30891165042578433,WINNER_HIGH,0.5925925925925926,0.0017508833807376842,True,0.024589715592127238
dist_high240__w24__min,dist_high240,108,-0.07942905596940329,-0.0659836270811933,-0.013445428888209994,-0.002598742395639425,-0.3081811729998488,0.3081811729998488,WINNER_LOW,0.5092592592592593,0.001793496519543718,False,0.025087429315377528
macd_hist_pct__w24__min,macd_hist_pct,108,-0.0028444150505459185,-0.0024026624963207044,-0.00044175255422521353,-0.0002592875855043529,-0.30760706434235985,0.30760706434235985,WINNER_LOW,0.6296296296296297,0.0018276639996560326,False,0.02546350998723963
macd_pct__w240__std,macd_pct,108,0.00564109141446857,0.005164177098777145,0.00047691431569142476,0.0004649945534765717,0.3071572747457209,0.3071572747457209,WINNER_HIGH,0.6203703703703703,0.001854855444585644,False,0.02573979956236507
close_vs_ema6__w24__delta,close_vs_ema6,108,-0.010298477529162213,-0.008183863128932798,-0.002114614400229416,-0.0014948124764487143,-0.30679750668420425,0.30679750668420425,WINNER_LOW,0.6203703703703703,0.001876875529349403,True,0.025942425794999457
mfi14__w240__diff_std,mfi14,108,6.222437862996702,6.353300161714906,-0.1308622987182052,-0.15741581916809055,-0.30660701158374987,0.30660701158374987,WINNER_LOW,0.6481481481481481,0.0018886333977571705,True,0.026002169259672542
close_vs_ema12__w240__min,close_vs_ema12,108,-0.03239301135935993,-0.02783246914666422,-0.004560542212695712,-0.001150313392281531,-0.30607098032839924,0.30607098032839924,WINNER_LOW,0.5185185185185185,0.0019220878238391732,False,0.026277208191023364
dist_high24__w24__std,dist_high24,108,0.00954906878070216,0.007825313015470145,0.0017237557652320162,5.1940605044364756e-05,0.3060463388543695,0.3060463388543695,WINNER_HIGH,0.5185185185185185,0.001923638918187584,False,0.026277208191023364
adx14__w24__std,adx14,108,4.78649996607392,3.9527437942999377,0.8337561717739812,0.48660993576049805,0.30551405142107413,0.30551405142107413,WINNER_HIGH,0.5740740740740741,0.0019574303783811728,False,0.026579662879943323
macd_fast_hist_pct__w72__std,macd_fast_hist_pct,108,0.001968931779157612,0.0017329825048498738,0.00023594927430773774,0.00011657100403681406,0.30545624169667657,0.30545624169667657,WINNER_HIGH,0.6203703703703703,0.0019611334207253837,False,0.026579662879943323
rebound_low24__w72__q25,rebound_low24,108,0.012748131000316116,0.010519840210865905,0.0022282907894502083,0.000620452826842666,0.30533939601772436,0.30533939601772436,WINNER_HIGH,0.5462962962962963,0.001968637971433588,False,0.026579662879943323
ema24_slope_6h__d3,ema24_slope_6h,108,-0.00267803654026432,-0.0020668987689524093,-0.0006111377713119105,-0.00023656520424992778,-0.30522233556547973,0.30522233556547973,WINNER_LOW,0.6111111111111112,0.001976183113750433,True,0.026579662879943323
atr24_pct__w72__q75,atr24_pct,108,0.009666565025259775,0.008632988099836642,0.0010335769254231342,0.0005268862936645743,0.30463041641152655,0.30463041641152655,WINNER_HIGH,0.6111111111111112,0.00201474917800583,False,0.02699455124707428
rebound_low240__w72__z,rebound_low240,108,-0.9888471495273903,-1.353018980568137,0.3641718310407467,0.5072790622711181,0.30443186906583647,0.30443186906583647,WINNER_HIGH,0.6481481481481481,0.002027841464399926,True,0.02706626565269672
ema6_slope_3h__w24__pos,ema6_slope_3h,108,0.1693922123544056,0.2216841108976277,-0.05229189854322209,-0.06528848726302386,-0.30390253974309867,0.30390253974309867,WINNER_LOW,0.7222222222222222,0.0020631334816737,True,0.027432615153661327
adx14__d6,adx14,108,0.5096443239599466,1.8995328350880838,-1.3898885111281374,-1.2290116667747497,-0.30374283152049153,0.30374283152049153,WINNER_LOW,0.6111111111111112,0.002073893404513316,True,0.027471231952966156
rebound_low72__w24__accel,rebound_low72,108,-0.013149193351030894,-0.007292667145022144,-0.005856526206008749,-0.00349411740899086,-0.30313981956434527,0.30313981956434527,WINNER_LOW,0.6388888888888888,0.0021149921070389233,True,0.027909914710623075
close_vs_sma24__w24__std,close_vs_sma24,108,0.009724865714950418,0.008514424679688763,0.0012104410352616534,0.00026383744552731497,0.30206323724151146,0.30206323724151146,WINNER_HIGH,0.5462962962962963,0.002190256046337572,False,0.028794456368580787
body_pct__w24__q75,body_pct,108,0.0023724090052484018,0.0020079798905330622,0.00036442911471533954,0.0002661530103068799,0.30130733046092695,0.30130733046092695,WINNER_HIGH,0.6018518518518519,0.0022445810037912996,False,0.029398126480367697
abs_body_pct__w72__up_share,abs_body_pct,108,0.49627057904446564,0.4843364205625323,0.01193415848193345,0.013888895511627197,0.3010456894088967,0.3010456894088967,WINNER_HIGH,0.6296296296296297,0.0022636742610222223,True,0.02952670189690791
log_ret__w24__q75,log_ret,108,0.0023685579572985363,0.00200540594579016,0.0003631520115083765,0.0002659866760950535,0.30094197137074097,0.30094197137074097,WINNER_HIGH,0.6018518518518519,0.0022712847613006086,False,0.02952670189690791
macd_signal_pct__w240__q25,macd_signal_pct,108,-0.0028294393697352563,-0.0019921572136303843,-0.0008372821561048721,-0.0008851507309373118,-0.3007947222481964,0.3007947222481964,WINNER_LOW,0.5925925925925926,0.0022821302667549517,False,0.029557813121637282
close_vs_sma168__w72__min,close_vs_sma168,108,-0.03442674088647538,-0.021385615540526086,-0.01304112534594929,-0.009268005983904003,-0.3003673729782203,0.3003673729782203,WINNER_LOW,0.5833333333333334,0.002313879304367463,False,0.029783049109328615
ema_gap_6_24__w240__std,ema_gap_6_24,108,0.008376792909715462,0.007711260081958716,0.0006655328277567471,0.0004329692572355272,0.30033162004287917,0.30033162004287917,WINNER_HIGH,0.6111111111111112,0.00231655400564409,False,0.029783049109328615
close_vs_vwap240__w72__min,close_vs_vwap240,108,-0.029044321856754658,-0.014458393766862747,-0.014585928089891913,-0.013114824146032334,-0.30014433169827504,0.30014433169827504,WINNER_LOW,0.5833333333333334,0.0023306121501988656,False,0.02985403182873785
atr24_pct__w24__max,atr24_pct,108,0.009768829790927056,0.008725905483502343,0.001042924307424713,0.00017068618908524548,0.2997267911665602,0.2997267911665602,WINNER_HIGH,0.5370370370370371,0.002362239026712657,False,0.03014872217669402
macd_hist_pct__w72__std,macd_hist_pct,108,0.0017261086322832853,0.0014987275673236042,0.00022738106495968102,0.00012605330557562415,0.2995640891239822,0.2995640891239822,WINNER_HIGH,0.5925925925925926,0.0023746705297017336,False,0.030197173972243502
close_vs_vwap72__w240__std,close_vs_vwap72,108,0.02041848660101769,0.018674753456273015,0.0017437331447446788,0.0014255552552640445,0.29912399729005085,0.29912399729005085,WINNER_HIGH,0.5925925925925926,0.002408601403878095,False,0.030437913420106374
rebound_low72__w24__q10,rebound_low72,108,0.03231141941742627,0.02412991480733682,0.008181504610089447,0.00011077332310378569,0.2989772881971621,0.2989772881971621,WINNER_HIGH,0.5,0.002420012247702333,False,0.030437913420106374
close_vs_ema240__w240__std,close_vs_ema240,108,0.027408196323516744,0.02423981589748076,0.0031683804260359866,0.001712647546082734,0.2988623046955793,0.2988623046955793,WINNER_HIGH,0.5648148148148148,0.002428990564737099,False,0.030437913420106374
atr6_pct__w72__max,atr6_pct,108,0.01712987718551799,0.015103141111494212,0.0020267360740237766,0.0005973753519356246,0.2988067838301047,0.2988067838301047,WINNER_HIGH,0.5648148148148148,0.0024333368877052356,False,0.030437913420106374
ema6_slope_3h__w240__min,ema6_slope_3h,108,-0.021929282173341898,-0.019345211298894823,-0.0025840708744470724,-0.0008751500397920602,-0.29875850646203583,0.29875850646203583,WINNER_LOW,0.5370370370370371,0.0024371220353530984,False,0.030437913420106374
ema_gap_24_72__w72__diff_std,ema_gap_24_72,108,0.0005843109720444772,0.0005139965465113399,7.031442553313726e-05,1.7187351477332424e-05,0.29864181915019133,0.29864181915019133,WINNER_HIGH,0.5648148148148148,0.002446293383763863,True,0.030443729405773057
ema24_slope_6h__w240__std,ema24_slope_6h,108,0.005780189990117732,0.0053273151555374544,0.0004528748345802779,0.0002810115227475764,0.29841277455316384,0.29841277455316384,WINNER_HIGH,0.6111111111111112,0.002464388950774149,False,0.03054333179702249
abs_body_pct__w240__z,abs_body_pct,108,1.1561171572571363,0.9217964967865825,0.2343206604705537,0.07189607918262486,0.2983198571466181,0.2983198571466181,WINNER_HIGH,0.5648148148148148,0.0024717651983292436,True,0.03054333179702249
dist_high240__w72__q25,dist_high240,108,-0.06677068382743057,-0.05382163681917721,-0.012949047008253358,-0.002625457849353554,-0.29807650518513934,0.29807650518513934,WINNER_LOW,0.5462962962962963,0.00249118087933141,False,0.03067485751768289
range_pct__w240__delta,range_pct,108,0.006969831301561229,0.003909066624850379,0.0030607646767108502,0.0018569995183497666,0.2972299871168024,0.2972299871168024,WINNER_HIGH,0.6296296296296297,0.0025598272534781267,True,0.03135027313766895
ema_gap_6_24__w24__diff_std,ema_gap_6_24,108,0.0014432622661438978,0.001283674469245684,0.00015958779689821383,1.1389696737751365e-05,0.2969842218194786,0.2969842218194786,WINNER_HIGH,0.5185185185185185,0.002580083138594445,True,0.03135027313766895
macd_signal_pct__w240__std,macd_signal_pct,108,0.0052279498076704504,0.004791990162683995,0.0004359596449864545,0.0003864097874611617,0.2969367623628853,0.2969367623628853,WINNER_HIGH,0.6203703703703703,0.002584011809874881,False,0.03135027313766895
atr14_pct__w24__max,atr14_pct,108,0.01084015521876238,0.009647955531599348,0.0011921996871630351,0.00035872822627425194,0.2968603691805332,0.2968603691805332,WINNER_HIGH,0.5740740740740741,0.0025903472525110036,False,0.03135027313766895
ema168_slope_24h__w72__min,ema168_slope_24h,108,-0.004313720395185993,-0.001354388091146609,-0.002959332304039385,-0.0035843307501636445,-0.296854223230139,0.296854223230139,WINNER_LOW,0.6018518518518519,0.002590857574145361,False,0.03135027313766895
ema_gap_72_168__w24__diff_std,ema_gap_72_168,108,0.0001512623056004048,0.00013208115388907676,1.9181151711328082e-05,6.106370346969921e-06,0.2966345820062305,0.2966345820062305,WINNER_HIGH,0.6018518518518519,0.0026091565272472477,True,0.0314628288820125
atr24_pct__w24__pos,atr24_pct,108,0.6888688156053562,0.5740665274292782,0.11480228817607793,0.10497640818357468,0.2961106138517416,0.2961106138517416,WINNER_HIGH,0.6574074074074074,0.0026532947639637894,True,0.03178900792916013
ema_gap_72_168__w72__min,ema_gap_72_168,108,-0.004338352675370482,0.0010376005853349514,-0.005375953260705433,-0.007334870514750946,-0.29609775400250826,0.29609775400250826,WINNER_LOW,0.6296296296296297,0.002654386707267589,False,0.03178900792916013
dist_high24__d12,dist_high24,108,-0.017472230235903732,-0.01332825392393412,-0.004143976311969607,-0.0029984757304191588,-0.2953166124310798,0.2953166124310798,WINNER_LOW,0.6574074074074074,0.0027215006302476405,True,0.03248152799991809
close_vs_ema24__w240__std,close_vs_ema24,108,0.01222058615854217,0.011305042343317636,0.0009155438152245348,0.0006451991386711596,0.29502976900388783,0.29502976900388783,WINNER_HIGH,0.6111111111111112,0.002746537745839489,False,0.03259655127607456
dist_high24__w24__diff_std,dist_high24,108,0.005476121438227387,0.004936756395855574,0.0005393650423718135,0.00024190882686525562,0.2948748329388841,0.2948748329388841,WINNER_HIGH,0.5555555555555556,0.002760149917641054,True,0.03259655127607456
obv_delta__w24__q75,obv_delta,108,1109.5651741734257,913.5481172349718,196.01705693845395,28.28741912841798,0.29481465431634934,0.29481465431634934,WINNER_HIGH,0.5833333333333334,0.002765453841742899,False,0.03259655127607456
adx14__w240__pos,adx14,108,0.42894933441291666,0.34748981779148047,0.08145951662143626,0.018073115870356572,0.29468016988079077,0.29468016988079077,WINNER_HIGH,0.5555555555555556,0.00277734094761452,True,0.03259655127607456
macd_pct__w72__up_share,macd_pct,108,0.4705504126570843,0.4377057619944766,0.03284465066260762,0.034722217917442316,0.29464337072043956,0.29464337072043956,WINNER_HIGH,0.6111111111111112,0.002780601869112773,True,0.03259655127607456
ema6_slope_3h__w72__min,ema6_slope_3h,108,-0.014662652649416553,-0.012327448813744856,-0.0023352038356716986,-0.0006244843592867252,-0.2944677490510028,0.2944677490510028,WINNER_LOW,0.5462962962962963,0.0027962133101874283,False,0.03259655127607456
macd_hist_pct__w24__std,macd_hist_pct,108,0.0013586931411366633,0.0011596699797438406,0.0001990231613928228,3.803452418651434e-05,0.2944658000908396,0.2944658000908396,WINNER_HIGH,0.5277777777777778,0.002796387012531418,False,0.03259655127607456
macd_signal_pct__w24__diff_std,macd_signal_pct,108,0.00034058856073426323,0.0002908530869279746,4.973547380628858e-05,7.977799396030614e-06,0.29387135434880424,0.29387135434880424,WINNER_HIGH,0.5277777777777778,0.002849836169835808,True,0.033109226199055874
atr72_pct__w72__q90,atr72_pct,108,0.009292354552868616,0.008458915342473323,0.000833439210395294,0.0004814026411622766,0.29342136827680015,0.29342136827680015,WINNER_HIGH,0.6111111111111112,0.002890923607236981,False,0.03339704564608909
volume_rel240__w24__min,volume_rel240,108,0.5082828470126346,0.43980570446561884,0.0684771425470158,0.02975497245788572,0.29339106372177604,0.29339106372177604,WINNER_HIGH,0.5740740740740741,0.002893710274739775,False,0.03339704564608909
volume_rel24__d3,volume_rel24,108,1.0138947065117665,0.5110306621731812,0.5028640443385854,0.26061253845691673,0.2932694516589756,0.2932694516589756,WINNER_HIGH,0.5740740740740741,0.0029049181873198695,True,0.033416114806110474
macd_pct__w72__diff_std,macd_pct,108,0.0007018184141661213,0.0006227331359426629,7.908527822345842e-05,4.300832806620748e-05,0.2926835942117128,0.2926835942117128,WINNER_HIGH,0.5925925925925926,0.002959476650167791,True,0.03388675345301333
macd_signal_pct__w72__diff_std,macd_signal_pct,108,0.00043395985954298847,0.0003762385842694331,5.772127527355527e-05,3.343737334944309e-05,0.29262258825442655,0.29262258825442655,WINNER_HIGH,0.5740740740740741,0.0029652120550820926,True,0.03388675345301333
range_pct__w72__q25,range_pct,108,0.004754306047861637,0.004311082235761676,0.00044322381209996005,0.00021674267482012493,0.2923144106382366,0.2923144106382366,WINNER_HIGH,0.5925925925925926,0.002994342531097345,False,0.034108194890056724
quote_volume_rel24__d3,quote_volume_rel24,108,0.9638787967096841,0.48484218064178203,0.4790366160679022,0.2593594785779715,0.29207211508322034,0.29207211508322034,WINNER_HIGH,0.5833333333333334,0.0030174311582236947,True,0.03425959987113071
trades_rel240__d24,trades_rel240,108,0.9035632653890557,0.48861291376190447,0.4149503516271512,0.2946045771241188,0.29100266644233286,0.29100266644233286,WINNER_HIGH,0.6296296296296297,0.003121320924726112,True,0.03521051400673792
trades_rel240__w24__diff_mean,trades_rel240,108,0.03764846930291107,0.02035887150868129,0.017289597794229783,0.012275191675871608,0.29100266624432913,0.29100266624432913,WINNER_HIGH,0.6296296296296297,0.003121320944263299,True,0.03521051400673792
trades_rel24__w72__pos,trades_rel24,108,0.407277389196679,0.3347109090157406,0.07256648018093849,0.02050726264715194,0.29078150745688164,0.29078150745688164,WINNER_HIGH,0.5277777777777778,0.0031432135208320873,True,0.03534346521655887
rebound_low24__w72__mean,rebound_low24,108,0.02421020648304235,0.02092047178410683,0.0032897346989355153,0.0009186637587845327,0.2905453674545488,0.2905453674545488,WINNER_HIGH,0.5370370370370371,0.003166745715519903,False,0.03549394156145225
macd_hist_pct__w72__q75,macd_hist_pct,108,0.0009983704218299223,0.0007782956877882177,0.0002200747340417045,0.00010041262139566241,0.2890152645609448,0.2890152645609448,WINNER_HIGH,0.5833333333333334,0.0033232146664788336,False,0.03712869549097917
rebound_low72__w72__late_vs_prev,rebound_low72,108,-0.003194193848887355,-0.008955015710826382,0.005760821861939027,0.006232359173009172,0.28821143351105627,0.28821143351105627,WINNER_HIGH,0.6296296296296297,0.0034082466412617032,True,0.03795744746653559
atr24_pct__w240__q90,atr24_pct,108,0.011639772142559566,0.01068519403709582,0.0009545781054637497,0.0003905199468135839,0.28759958120561463,0.28759958120561463,WINNER_HIGH,0.5370370370370371,0.003474311825796341,False,0.03857037604701525
trades_rel240__w240__diff_mean,trades_rel240,108,0.0037686043377283974,0.001730329350591883,0.0020382749871365145,0.0015010032161058007,0.2871617869839682,0.2871617869839682,WINNER_HIGH,0.6666666666666666,0.0035223061175497236,True,0.03891129225595834
range_pct__w240__diff_mean,range_pct,108,2.806192711406968e-05,1.5033562516957805e-05,1.3028364597111873e-05,1.0404819994391802e-05,0.2871167794233942,0.2871167794233942,WINNER_HIGH,0.6481481481481481,0.0035272747055015135,True,0.03891129225595834
ema72_slope_12h__w24__diff_std,ema72_slope_12h,108,0.00037597533736078294,0.00032230478186479387,5.3670555495989024e-05,7.47482263250277e-06,0.2869218890594072,0.2869218890594072,WINNER_HIGH,0.5185185185185185,0.0035488642453995866,True,0.03897073648038607
close_location__w72__min,close_location,108,0.008320570216887467,0.004430301920080671,0.0038902682968067963,-8.50256546982564e-06,0.28685683855093214,0.28685683855093214,WINNER_HIGH,0.5277777777777778,0.0035560974945493683,False,0.03897073648038607
lower_wick__w72__q90,lower_wick,108,0.5922174089484744,0.6097616429130236,-0.01754423396454917,-0.016817274689674422,-0.2866996436434219,0.2866996436434219,WINNER_LOW,0.5833333333333334,0.0035736328571167168,False,0.03897073648038607
close_vs_sma168__w72__up_share,close_vs_sma168,108,0.4897119367012271,0.46993313001261816,0.019778806688608947,0.020833334326744113,0.28666740061914164,0.28666740061914164,WINNER_HIGH,0.6018518518518519,0.003577239465314249,True,0.03897073648038607
ema6_slope_3h__d3,ema6_slope_3h,108,-0.0046812969979546995,-0.003124173435419401,-0.001557123562535299,-0.0009801038540899754,-0.28623740630575045,0.28623740630575045,WINNER_LOW,0.5833333333333334,0.003625659368019554,True,0.03925969470426362
obv_delta__w24__q90,obv_delta,108,1873.0799489904332,1575.5987810488102,297.4811679416233,49.508459472656284,0.2862324837941718,0.2862324837941718,WINNER_HIGH,0.5092592592592593,0.0036262171545545178,False,0.03925969470426362
macd_hist_pct__w24__diff_std,macd_hist_pct,108,0.000464084995015852,0.0004115275379903054,5.255745702554661e-05,4.998638178221892e-06,0.28515854847262595,0.28515854847262595,WINNER_HIGH,0.5277777777777778,0.003749817868766,True,0.0404725712564034
rebound_low24__w240__up_share,rebound_low24,108,0.4971836394181958,0.4906481439316714,0.006535495486524371,0.007499995827674855,0.2846798638435424,0.2846798638435424,WINNER_HIGH,0.6481481481481481,0.003806151723086525,True,0.04095419254041101
rebound_low72__w24__q90,rebound_low72,108,0.05694338964746782,0.04720844386179967,0.009734945785668163,0.0017172813415527316,0.28353632564713205,0.28353632564713205,WINNER_HIGH,0.5092592592592593,0.0039438996317429625,False,0.0421797223917952
ema_gap_6_24__w24__up_share,ema_gap_6_24,108,0.42669753412957545,0.39074074140301457,0.035956792726560875,0.03750001788139343,0.28352546096145853,0.28352546096145853,WINNER_HIGH,0.5740740740740741,0.003945230106376238,True,0.0421797223917952
macd_fast_hist_pct__w24__std,macd_fast_hist_pct,108,0.0017655670103354,0.0015311466604341854,0.00023442034990121442,-6.660918006673466e-06,0.28327894026520856,0.28327894026520856,WINNER_HIGH,0.5,0.003975529999950088,False,0.0421797223917952
adx14__d24,adx14,108,3.237096355745086,-0.6384652023281281,3.8755615580732132,3.1769829988479614,0.28323982994768376,0.28323982994768376,WINNER_HIGH,0.5833333333333334,0.00398035670038416,True,0.0421797223917952
adx14__w24__diff_mean,adx14,108,0.13487901517483233,-0.02660271653989589,0.16148173171472824,0.13237430714070797,0.2832398276132346,0.2832398276132346,WINNER_HIGH,0.5833333333333334,0.003980356988645244,True,0.0421797223917952
macd_fast_hist_pct__w240__min,macd_fast_hist_pct,108,-0.007155430938669101,-0.006354238722835564,-0.000801192215833537,-0.00039038870017975595,-0.2830774196623231,0.2830774196623231,WINNER_LOW,0.5648148148148148,0.004000457931111805,False,0.04222303054427834
close_vs_vwap72__w24__accel,close_vs_vwap72,108,-0.014857280729403202,-0.01042862668282059,-0.00442865404658261,-0.0038483559153974067,-0.28301191311473345,0.28301191311473345,WINNER_LOW,0.5925925925925926,0.004008591976179699,True,0.04222303054427834
ema6_slope_3h__w72__std,ema6_slope_3h,108,0.005444771558460262,0.00485820886528085,0.0005865626931794126,0.00025558609049767243,0.28261134750109546,0.28261134750109546,WINNER_HIGH,0.5833333333333334,0.0040586629025522545,False,0.042622054565240944
adx14__w24__accel,adx14,108,0.46818341149224174,2.1961029834493444,-1.7279195719571032,-1.227750252187252,-0.2822544325318266,0.2822544325318266,WINNER_LOW,0.5833333333333334,0.004103761780564153,True,0.04296663157674504
bb_width__w72__pos,bb_width,108,0.400160720754044,0.4695461605780616,-0.06938543982401757,-0.08761310726404192,-0.2818380411901909,0.2818380411901909,WINNER_LOW,0.6203703703703703,0.004156958539513807,True,0.04339368361993966
macd_pct__w240__q25,macd_pct,108,-0.0029906079682944066,-0.002203740795360958,-0.0007868671729334488,-0.0007426003052387385,-0.2816407957721046,0.2816407957721046,WINNER_LOW,0.5740740740740741,0.004182378755315035,False,0.04343067468823871
atr6_pct__w72__q10,atr6_pct,108,0.004713406141726645,0.004262374782572604,0.00045103135915404126,0.00032404602970927945,0.2814432463912152,0.2814432463912152,WINNER_HIGH,0.5740740740740741,0.004207981402602426,False,0.04343067468823871
close_vs_sma72__w24__std,close_vs_sma72,108,0.010040588900058841,0.008728209659845257,0.001312379240213583,0.0005513635696843266,0.2814026060518958,0.2814026060518958,WINNER_HIGH,0.5648148148148148,0.004213266287967245,False,0.04343067468823871
rebound_low72__w72__up_share,rebound_low72,108,0.4889403324988153,0.4726337465423125,0.016306585956502844,0.02222222685813907,0.28133827910743125,0.28133827910743125,WINNER_HIGH,0.6111111111111112,0.0042216438690267765,True,0.04343067468823871
rsi24__w240__z,rsi24,108,-1.0170254394653495,-1.1985414054555201,0.18151596599017025,0.14267683029174805,0.28129621683633776,0.28129621683633776,WINNER_HIGH,0.6018518518518519,0.004227130105282066,True,0.04343067468823871
close_vs_ema6__w72__std,close_vs_ema6,108,0.005438370615054198,0.004905551111248012,0.0005328195038061865,0.00030006896704435314,0.28123582461903773,0.28123582461903773,WINNER_HIGH,0.5740740740740741,0.004235018607002974,False,0.04343067468823871
ema_gap_72_168__w24__pos,ema_gap_72_168,108,0.4334107358698492,0.3066841172364851,0.12672661863336407,0.0,0.28062124951280715,0.28062124951280715,WINNER_HIGH,0.46296296296296297,0.004316068565225548,True,0.044073477257887635
close_vs_ema240__w72__up_share,close_vs_ema240,108,0.4886831312819763,0.4716306604169034,0.017052470865073027,0.016666662693023665,0.28056988913180486,0.28056988913180486,WINNER_HIGH,0.5648148148148148,0.00432290611937531,True,0.044073477257887635
stoch_k__w72__q25,stoch_k,108,33.4006738309507,30.45065680609809,2.950017024852611,0.8775215148925781,0.28040449459628103,0.28040449459628103,WINNER_HIGH,0.5277777777777778,0.004344992649755983,False,0.04416988167499033
adx14__d3,adx14,108,0.662301003381058,1.4442388150961725,-0.7819378117151145,-0.5794662781991065,-0.28027043091545173,0.28027043091545173,WINNER_LOW,0.6111111111111112,0.004362971375350755,True,0.04419796271225256
atr72_pct__w24__max,atr72_pct,108,0.008892405942013418,0.008091968263033777,0.0008004376789796409,0.00041490928269922707,0.2801956276633665,0.2801956276633665,WINNER_HIGH,0.5925925925925926,0.004373032627520557,False,0.04419796271225256
close_vs_ema6__w72__delta,close_vs_ema6,108,-0.010372114445932244,-0.008268794907955991,-0.0021033195379762523,-0.0017452417872846127,-0.28009448516989494,0.28009448516989494,WINNER_LOW,0.5833333333333334,0.004386670497028269,True,0.044208030916737334
close_vs_sma168__w72__q10,close_vs_sma168,108,-0.018197583177997904,-0.006523578259765162,-0.01167400491823274,-0.012731473566964267,-0.2798901720383409,0.2798901720383409,WINNER_LOW,0.6018518518518519,0.0044143390231879175,False,0.04435903323013836
volume_rel24__w240__q10,volume_rel24,108,0.5121153295040131,0.5000951520822665,0.01202017742174643,0.013504031300544728,0.27960271023417055,0.27960271023417055,WINNER_HIGH,0.6111111111111112,0.004453539345526437,False,0.044624719459329366
bb_width__w24__mean,bb_width,108,0.03529617252880363,0.030191790021921475,0.005104382506882151,0.0002727822400629531,0.2792638071154101,0.2792638071154101,WINNER_HIGH,0.5092592592592593,0.004500165297887147,False,0.044963080133461
range_pct__w24__diff_mean,range_pct,108,0.0002821853387878811,0.00015396388950345377,0.00012822144928442735,8.328466010425472e-05,0.2789829204389134,0.2789829204389134,WINNER_HIGH,0.7222222222222222,0.004539148824150965,True,0.04509489906523949
range_pct__d24,range_pct,108,0.006772448110967633,0.0036951333630188157,0.0030773147479488173,0.001998831727541983,0.27898291831910305,0.27898291831910305,WINNER_HIGH,0.7222222222222222,0.004539149119520818,True,0.04509489906523949
dist_high72__d6,dist_high72,108,-0.016500039091826894,-0.013930625995433528,-0.002569413096393368,-0.002748487424105406,-0.2785570150509148,0.2785570150509148,WINNER_LOW,0.6574074074074074,0.004598851185497363,True,0.04555859092261836
close_vs_vwap240__w72__q10,close_vs_vwap240,108,-0.01313151060107716,-4.6517305276615234e-05,-0.013084993295800547,-0.014079483831301332,-0.27829356910135183,0.27829356910135183,WINNER_LOW,0.6296296296296297,0.00463614048796667,False,0.04579825787124137
obv_delta__w240__q25,obv_delta,108,-1142.9645077740704,-1050.315205439815,-92.64930233425564,-20.964746093749966,-0.2781784840685462,0.2781784840685462,WINNER_LOW,0.5277777777777778,0.004652517094282213,False,0.04583056979916873
volume_rel240__w240__delta,volume_rel240,108,1.3594334627915587,0.6999128267100012,0.6595206360815575,0.20911765918135644,0.27793971087917396,0.27793971087917396,WINNER_HIGH,0.6018518518518519,0.004686664070062771,True,0.046037259137667166
ema_gap_72_168__w240__diff_std,ema_gap_72_168,108,0.0002892665210378322,0.00026654174956396067,2.2724771473871512e-05,2.2652279585599883e-05,0.27772773557269503,0.27772773557269503,WINNER_HIGH,0.6111111111111112,0.004717171308011161,True,0.04620713743449588
ema_gap_72_168__w72__q10,ema_gap_72_168,108,-0.002471039447940442,0.002672887421754746,-0.005143926869695187,-0.0065731298178434375,-0.2773704051290338,0.2773704051290338,WINNER_LOW,0.6388888888888888,0.004769010788869581,False,0.046584443376192525
rsi14__w240__z,rsi14,108,-1.1960794587654096,-1.3257204866071266,0.12964102784171702,0.0677760075777769,0.2770443483794255,0.2770443483794255,WINNER_HIGH,0.5740740740740741,0.004816768908180213,True,0.046791810858153905
close_vs_vwap24__w24__accel,close_vs_vwap24,108,-0.012660497364575148,-0.007978147264886368,-0.004682350099688779,-0.004318630613852291,-0.27704277222863194,0.27704277222863194,WINNER_LOW,0.5925925925925926,0.0048170008318374055,True,0.046791810858153905
close_vs_ema168__w72__up_share,close_vs_ema168,108,0.48855452956976714,0.4712962986694442,0.017258230900322948,0.01666667163372043,0.2768549345830672,0.2768549345830672,WINNER_HIGH,0.5740740740740741,0.004844713800317181,True,0.04692980536832229
atr6_pct__w240__std,atr6_pct,108,0.0038589317539137686,0.003496293724876725,0.0003626380290370434,0.00011178595013916492,0.2767649151185286,0.2767649151185286,WINNER_HIGH,0.5555555555555556,0.0048580467667522645,False,0.04692980536832229
rebound_low72__d6,rebound_low72,108,-0.015592249292240012,-0.012254155553142075,-0.003338093739097934,-0.0015765223972266538,-0.2751631592274375,0.2751631592274375,WINNER_LOW,0.5925925925925926,0.005100984351625299,True,0.04914088781717264
log_ret__d12,log_ret,108,-0.007975903584262293,-0.006208482057822782,-0.0017674215264395134,-0.0016291278414428236,-0.27482070747136894,0.27482070747136894,WINNER_LOW,0.5833333333333334,0.0051543476838135,True,0.049454139857692585
rebound_low72__w24__mean,rebound_low72,108,0.04483101983054506,0.03648685424036725,0.008344165590177807,-0.0004735996015369885,0.2747732397481578,0.2747732397481578,WINNER_HIGH,0.5,0.005161784686319072,False,0.049454139857692585
dist_high240__w24__mean,dist_high240,108,-0.05925521574466041,-0.04769403132851477,-0.01156118441614564,-0.0026779232546687154,-0.2745869067140172,0.2745869067140172,WINNER_LOW,0.5555555555555556,0.005191073557611645,False,0.04959886401903804
close_vs_ema12__w24__delta,close_vs_ema12,108,-0.01471837050581194,-0.012255266018359247,-0.002463104487452694,-0.002043958558351733,-0.2744741683558233,0.2744741683558233,WINNER_LOW,0.6296296296296297,0.005208868260331331,True,0.04963327603917893
close_vs_ema48__w24__std,close_vs_ema48,108,0.009132078105014645,0.008066967592134865,0.0010651105128797805,0.00024149226956069478,0.27419205594253715,0.27419205594253715,WINNER_HIGH,0.5833333333333334,0.005253642254496236,False,0.049899645889651074
rebound_low72__w24__q25,rebound_low72,108,0.03806953727164202,0.030172131008779007,0.007897406262863014,0.00012801997363567387,0.2740974238211053,0.2740974238211053,WINNER_HIGH,0.5,0.005268740081347382,False,0.049899645889651074
ema_gap_24_72__w72__min,ema_gap_24_72,108,-0.009724313082996459,-0.006110745482486958,-0.0036135676005094996,-0.0018613002233905719,-0.2739522362027341,0.2739522362027341,WINNER_LOW,0.5555555555555556,0.005291980923215917,False,0.049899645889651074
trades_rel72__w72__pos,trades_rel72,108,0.4179480330446192,0.3459899658311365,0.07195806721348265,0.02447764873504639,0.2739402730967289,0.2739402730967289,WINNER_HIGH,0.5555555555555556,0.005293900092954117,True,0.049899645889651074
body_pct__d12,body_pct,108,-0.007926004710582303,-0.006175737517285732,-0.0017502671932965715,-0.0016301861731335522,-0.273804513611178,0.273804513611178,WINNER_LOW,0.5833333333333334,0.005315723884942162,True,0.04995998072216356
cci20__d3,cci20,108,-95.87677958718052,-73.59014119901866,-22.28663838816185,-19.837319636344915,-0.2737229560401817,0.2737229560401817,WINNER_LOW,0.5925925925925926,0.005328874123353448,True,0.04995998072216356
range_pct__w240__max,range_pct,108,0.046535328685961386,0.040833691135048866,0.005701637550912521,0.0003965837880969044,0.273397588207678,0.273397588207678,WINNER_HIGH,0.5092592592592593,0.005381633048441315,False,0.050239486584336565
range_pct__w240__q90,range_pct,108,0.014814380090683699,0.013846044263078104,0.0009683358276055919,0.000682599470019341,0.27334444517103945,0.27334444517103945,WINNER_HIGH,0.6111111111111112,0.005390295576240573,False,0.050239486584336565
close_vs_ema168__w72__min,close_vs_ema168,108,-0.03128032235394197,-0.02058867378118858,-0.0106916485727534,-0.0084358224645257,-0.27327407172750007,0.27327407172750007,WINNER_LOW,0.5925925925925926,0.005401786375667872,False,0.050239486584336565
close_vs_sma240__w72__min,close_vs_sma240,108,-0.031121874589761893,-0.016233725894751302,-0.014888148695010588,-0.010097234044224024,-0.27315235109522773,0.27315235109522773,WINNER_LOW,0.6018518518518519,0.005421714260995521,False,0.05029107366233777
ema_gap_24_72__w24__std,ema_gap_24_72,108,0.0029673420169813282,0.0023734989190685426,0.0005938430979127858,0.00029686830239370474,0.2728657340735429,0.2728657340735429,WINNER_HIGH,0.5555555555555556,0.0054689047880195265,False,0.05059460329022297
close_vs_ema24__d12,close_vs_ema24,108,-0.016810224082022346,-0.014096013963707164,-0.0027142101183151818,-0.0013973047782201323,-0.27275473376747755,0.27275473376747755,WINNER_LOW,0.6111111111111112,0.005487281389760207,True,0.05063066759892201
ema168_slope_24h__w72__q10,ema168_slope_24h,108,-0.002813172283586701,-5.1705681242445336e-05,-0.002761466602344256,-0.0034321283805184067,-0.27216216144364247,0.27216216144364247,WINNER_LOW,0.6111111111111112,0.005586344098644055,False,0.0512477605026359
close_vs_ema24__w240__min,close_vs_ema24,108,-0.03993167565204203,-0.03452592506073416,-0.005405750591307879,-0.0007342271506786333,-0.27204590205520485,0.27204590205520485,WINNER_LOW,0.5370370370370371,0.005605970615420208,False,0.0512477605026359
ema_gap_6_24__d6,ema_gap_6_24,108,-0.006418468227922049,-0.005301574282118426,-0.0011168939458036256,-0.00040334079167223533,-0.2719447915547616,0.2719447915547616,WINNER_LOW,0.5648148148148148,0.005623091015690382,True,0.0512477605026359
close_vs_vwap24__w240__min,close_vs_vwap24,108,-0.0361217733093158,-0.03212017974022914,-0.004001593569086658,-0.0015919897705316544,-0.2719155151546114,0.2719155151546114,WINNER_LOW,0.5370370370370371,0.005628057125162313,False,0.0512477605026359
quote_volume_rel240__w240__delta,quote_volume_rel240,108,1.2439875955934878,0.6534211571435057,0.5905664384499821,0.19643363356590265,0.27181456395603854,0.27181456395603854,WINNER_HIGH,0.5833333333333334,0.005645212103215506,True,0.0512477605026359
macd_fast_hist_pct__w24__min,macd_fast_hist_pct,108,-0.0038323292077014535,-0.0033118096183493945,-0.0005205195893520591,-0.00010307967895641925,-0.271804633018622,0.271804633018622,WINNER_LOW,0.5277777777777778,0.005646902282512672,False,0.0512477605026359
close_vs_sma72__w240__late_vs_prev,close_vs_sma72,108,0.0015399114148480024,-0.005543059274379158,0.00708297068922716,0.00684216034869678,0.27174685728286946,0.27174685728286946,WINNER_HIGH,0.5925925925925926,0.00565674451072847,True,0.0512477605026359
close_vs_ema6__w72__min,close_vs_ema6,108,-0.01704120470849038,-0.014592069050262646,-0.0024491356582277348,-0.0013951188884675503,-0.2714201863556315,0.2714201863556315,WINNER_LOW,0.5740740740740741,0.005712689426757382,False,0.05137684511822007
macd_pct__w72__q90,macd_pct,108,0.00641425257425807,0.004975693067535758,0.001438559506722312,0.0006294362479820851,0.27141985866119067,0.27141985866119067,WINNER_HIGH,0.5277777777777778,0.005712745800117524,False,0.05137684511822007
abs_body_pct__w24__diff_mean,abs_body_pct,108,0.0002087142553511546,0.00013716068148505024,7.155357386610436e-05,8.80362178577343e-05,0.27132109974225854,0.27132109974225854,WINNER_HIGH,0.7037037037037037,0.00572975852185168,True,0.05137684511822007
abs_body_pct__d24,abs_body_pct,108,0.005009142140907998,0.0032918563845618734,0.0017172857563461249,0.0021128691878402606,0.27132109303638285,0.27132109303638285,WINNER_HIGH,0.7037037037037037,0.005729759678611904,True,0.05137684511822007
close_vs_vwap24__w72__q90,close_vs_vwap24,108,0.015845305584662128,0.013233018379509708,0.0026122872051524203,0.0025881830137223,0.27119096284198213,0.27119096284198213,WINNER_HIGH,0.5555555555555556,0.005752247326969111,False,0.05144657008289253
close_vs_ema6__w240__z,close_vs_ema6,108,-1.6728718447395496,-1.4876752337160593,-0.1851966110234908,-0.0767484813928605,-0.2705120461796345,0.2705120461796345,WINNER_LOW,0.5833333333333334,0.005870884388974486,True,0.05196513232217339
atr24_pct__w240__diff_std,atr24_pct,108,0.0003171430866199511,0.00028927530462776,2.7867781992191107e-05,6.242490781005461e-06,0.2703096698730064,0.2703096698730064,WINNER_HIGH,0.5277777777777778,0.005906678827088343,True,0.05196513232217339
range_pct__w72__mean,range_pct,108,0.008304287157780319,0.007602504776204349,0.0007017823815759686,0.00034035765565931797,0.27025901020963017,0.27025901020963017,WINNER_HIGH,0.6296296296296297,0.005915670194715181,False,0.05196513232217339
atr24_pct__w24__q90,atr24_pct,108,0.009202188495287878,0.00832180778702928,0.0008803807082585991,9.055444970726976e-05,0.27010035200500015,0.27010035200500015,WINNER_HIGH,0.5277777777777778,0.005943910753605498,False,0.05196513232217339
ema_gap_24_72__w72__q10,ema_gap_24_72,108,-0.006982357777949936,-0.0034253472128579297,-0.0035570105650920055,-0.0026607925305143,-0.27007294662071674,0.27007294662071674,WINNER_LOW,0.5833333333333334,0.005948801267420981,False,0.05196513232217339
log_ret__w24__delta,log_ret,108,-0.008648026899781716,-0.006618376423567599,-0.002029650476214118,-0.0015170514147030188,-0.27005739333893186,0.27005739333893186,WINNER_LOW,0.5833333333333334,0.005951578398825417,True,0.05196513232217339
abs_body_pct__w240__delta,abs_body_pct,108,0.004868158051269549,0.0034464564479645995,0.00142170160330495,0.0014389634178996857,0.270048648713703,0.270048648713703,WINNER_HIGH,0.7222222222222222,0.005953140324145306,True,0.05196513232217339
volume_rel72__d24,volume_rel72,108,1.3714524516835809,0.8557310132344286,0.5157214384491522,0.26754702571779493,0.27004045271373167,0.27004045271373167,WINNER_HIGH,0.6296296296296297,0.005954604596549062,True,0.05196513232217339
volume_rel72__w24__diff_mean,volume_rel72,108,0.05714385207802816,0.035655458700764746,0.02148839337726342,0.011147791775874792,0.2700404522415973,0.2700404522415973,WINNER_HIGH,0.6296296296296297,0.005954604680908635,True,0.05196513232217339
dist_high240__w24__q25,dist_high240,108,-0.06455633611659761,-0.052892557276343864,-0.01166377884025375,-0.0019205850549042242,-0.27001620443356056,0.27001620443356056,WINNER_LOW,0.5370370370370371,0.005958938647825144,False,0.05196513232217339
range_pct__w72__min,range_pct,108,0.0023110698999112677,0.0020497327042027827,0.00026133719570848544,0.0002277567400597036,0.26993381084933415,0.26993381084933415,WINNER_HIGH,0.6018518518518519,0.005973686929800888,False,0.05196513232217339
adx14__w24__delta,adx14,108,3.1786726107475936,-0.3635266615284816,3.5421992722760742,2.827043598890304,0.2698504228650162,0.2698504228650162,WINNER_HIGH,0.5740740740740741,0.005988647158331667,True,0.05196600276100704
ema72_slope_12h__w240__late_vs_prev,ema72_slope_12h,108,0.0005427162566573113,-0.0012078266261158677,0.0017505428827731785,0.0017780287802452222,0.26958189815342326,0.26958189815342326,WINNER_HIGH,0.6018518518518519,0.006037054749188356,True,0.052179173584761
volume_rel240__w240__diff_mean,volume_rel240,108,0.0053985194565568774,0.0025100656635846396,0.0028884537929722387,0.0013975171488709744,0.2695487478202497,0.2695487478202497,WINNER_HIGH,0.5925925925925926,0.0060430555624330015,True,0.052179173584761
rebound_low24__w72__q90,rebound_low24,108,0.046135850699135554,0.03995795756992365,0.006177893129211883,0.002005571406334637,0.2691072540049134,0.2691072540049134,WINNER_HIGH,0.5462962962962963,0.006123495140410685,False,0.052743503709399425
dist_high240__w72__mean,dist_high240,108,-0.0567336388328975,-0.045750450880991084,-0.010983187951906415,-0.001464425586163996,-0.2687229615040811,0.2687229615040811,WINNER_LOW,0.5370370370370371,0.006194307443136372,False,0.053222341839429706
close_vs_ema12__w72__min,close_vs_ema12,108,-0.0223213259014301,-0.01903222957108584,-0.0032890963303442633,-0.0007345166988670833,-0.2683851871164841,0.2683851871164841,WINNER_LOW,0.5462962962962963,0.006257164535788227,False,0.05357037428787981
macd_signal_pct__w240__late_vs_prev,macd_signal_pct,108,0.000452784631306713,-0.0010280092982679048,0.0014807939295746178,0.0013622190337628124,0.268340888135584,0.268340888135584,WINNER_HIGH,0.5925925925925926,0.006265451267870414,True,0.05357037428787981
abs_body_pct__w240__q75,abs_body_pct,108,0.004933289933466801,0.004654642363527307,0.0002786475699394941,0.0001448805443942545,0.26821566546359304,0.26821566546359304,WINNER_HIGH,0.5648148148148148,0.006288930098117502,False,0.05363997208077294
dist_high240__w24__q75,dist_high240,108,-0.053037317592598915,-0.04185379233504473,-0.01118352525755418,-0.0032524782698601477,-0.2679205811200213,0.2679205811200213,WINNER_LOW,0.5462962962962963,0.006344575338509452,False,0.05394349160768215
stoch_d__w72__q25,stoch_d,108,35.18652098267167,32.35159743450306,2.8349235481686064,0.6046001434326165,0.26786362676827785,0.26786362676827785,WINNER_HIGH,0.5462962962962963,0.006355367040996582,False,0.05394349160768215
atr24_pct__w24__z,atr24_pct,108,0.8468950888210977,0.44252711219057717,0.40436797663052054,0.4363141655921936,0.26749350075718287,0.26749350075718287,WINNER_HIGH,0.6944444444444444,0.0064259075652094814,True,0.054119643543208695
quote_volume_rel240__w240__diff_mean,quote_volume_rel240,108,0.0049274670168247044,0.0023051783365472317,0.0026222886802774736,0.0016410737451224124,0.2674467084172516,0.2674467084172516,WINNER_HIGH,0.5925925925925926,0.0064348761712313,True,0.054119643543208695
close_vs_sma168__w240__min,close_vs_sma168,108,-0.0619918829459628,-0.05126381418702767,-0.010728068758935142,-0.0055771442130208015,-0.26742219766655473,0.26742219766655473,WINNER_LOW,0.5740740740740741,0.006439578660268247,False,0.054119643543208695
macd_fast_hist_pct__w72__diff_mean,macd_fast_hist_pct,108,-3.9024801328356193e-05,-2.9642563765535176e-05,-9.38223756282102e-06,-6.760180076526014e-06,-0.2673181494791091,0.2673181494791091,WINNER_LOW,0.6481481481481481,0.006459575657298117,True,0.054119643543208695
atr72_pct__w240__diff_std,atr72_pct,108,0.00012584982640099178,0.00011407009317702397,1.1779733223967785e-05,4.194806388113646e-06,0.2672050014842251,0.2672050014842251,WINNER_HIGH,0.5833333333333334,0.00648138582646331,True,0.054119643543208695
body_pct__w24__delta,body_pct,108,-0.00859839884597696,-0.006595168966426475,-0.0020032298795504846,-0.0014931724203052,-0.26719591081288047,0.26719591081288047,WINNER_LOW,0.5833333333333334,0.006483141037051715,True,0.054119643543208695
close_vs_sma24__w240__q10,close_vs_sma24,108,-0.016392130292607127,-0.014676577415903684,-0.0017155528767034414,-0.0012675181962549693,-0.26712686979347655,0.26712686979347655,WINNER_LOW,0.5740740740740741,0.006496485510840949,False,0.054119643543208695
macd_fast_hist_pct__w72__delta,macd_fast_hist_pct,108,-0.0028177362811826847,-0.002138925613212503,-0.000678810667970182,-0.00045250105758896106,-0.26710907713157817,0.26710907713157817,WINNER_LOW,0.5833333333333334,0.0064999285925500866,True,0.054119643543208695
atr24_pct__w24__q75,atr24_pct,108,0.008704473316255543,0.007878148049133381,0.0008263252671221615,0.00022013385314494397,0.26692314602654077,0.26692314602654077,WINNER_HIGH,0.5555555555555556,0.0065360080716668194,False,0.05429078438626809
close_vs_sma168__w24__accel,close_vs_sma168,108,-0.0157853447086651,-0.011248954977781979,-0.00453638973088312,-0.003904572548344732,-0.266543835903444,0.266543835903444,WINNER_LOW,0.5925925925925926,0.006610179252754351,True,0.05477676977934115
trades_rel240__w24__pos,trades_rel240,108,0.5457471990720714,0.4640955515602535,0.08165164751181793,0.05326300822198392,0.266385416872834,0.266385416872834,WINNER_HIGH,0.5555555555555556,0.006641383449855084,True,0.05479211553768183
macd_fast_hist_pct__w72__q90,macd_fast_hist_pct,108,0.0022597320429566833,0.0019776293062561848,0.0002821027367004987,0.00016937980544753364,0.26637536589177785,0.26637536589177785,WINNER_HIGH,0.6111111111111112,0.006643367740342321,False,0.05479211553768183
close_vs_ema24__w240__q25,close_vs_ema24,108,-0.005887483789895971,-0.004806779051519967,-0.0010807047383760047,-0.0011883016908541323,-0.26625413206598386,0.26625413206598386,WINNER_LOW,0.5925925925925926,0.006667344648804522,False,0.05486048055733979
rebound_low72__w240__std,rebound_low72,108,0.027000798201360914,0.023537438441309386,0.003463359760051524,0.0010423177853226655,0.2660931288370496,0.2660931288370496,WINNER_HIGH,0.5462962962962963,0.006699308865202866,False,0.054994091787827284
ema6_slope_3h__w24__std,ema6_slope_3h,108,0.004754756787507277,0.004230905071340709,0.0005238517161665691,6.526694633066663e-05,0.26600614942166423,0.26600614942166423,WINNER_HIGH,0.5092592592592593,0.006716635077084598,False,0.05500719640413311
trades_rel72__w24__pos,trades_rel72,108,0.5442544596541362,0.4621717021623799,0.08208275749175638,0.060415685176849365,0.2656231688570483,0.2656231688570483,WINNER_HIGH,0.5462962962962963,0.006793411299897302,True,0.055408772602578704
close_vs_vwap24__d12,close_vs_vwap24,108,-0.017048727479521877,-0.013816760423848487,-0.003231967055673387,-0.0023918534163385637,-0.2655255323054603,0.2655255323054603,WINNER_LOW,0.6574074074074074,0.006813112039102412,True,0.055408772602578704
atr14_pct__w24__q90,atr14_pct,108,0.01012149715097621,0.009080382448155434,0.0010411147028207776,0.0004064397886395449,0.2654034670379488,0.2654034670379488,WINNER_HIGH,0.5925925925925926,0.006837815134796724,False,0.055408772602578704
range_pct__d3,range_pct,108,0.005769685112479945,0.0030961481659384543,0.0026735369465414904,0.0012962798355147243,0.26538252850319666,0.26538252850319666,WINNER_HIGH,0.5925925925925926,0.006842060785222473,True,0.055408772602578704
close_vs_ema12__w240__q10,close_vs_ema12,108,-0.009328896365197445,-0.008366603643150517,-0.000962292722046927,-0.00020716330036520993,-0.2653685687665393,0.2653685687665393,WINNER_LOW,0.5277777777777778,0.0068448926978307125,False,0.055408772602578704
rebound_low24__w24__diff_std,rebound_low24,108,0.005793970740072567,0.005121083373281483,0.0006728873667910833,0.0001263163285329938,0.2650732343589332,0.2650732343589332,WINNER_HIGH,0.5092592592592593,0.006905055932612065,True,0.055582940269878575
close_vs_ema48__w240__q25,close_vs_ema48,108,-0.008445517755549022,-0.0061917907829343605,-0.0022537269726146604,-0.001874938526452752,-0.2650190089312385,0.2650190089312385,WINNER_LOW,0.6111111111111112,0.00691615451809565,False,0.055582940269878575
dist_high24__w72__min,dist_high24,108,-0.05249426948527495,-0.04621517113927337,-0.006279098346001572,-0.002051055058836935,-0.2649737666189787,0.2649737666189787,WINNER_LOW,0.5648148148148148,0.0069254269171598075,False,0.055582940269878575
close_vs_sma72__w240__q25,close_vs_sma72,108,-0.0123550025641466,-0.00887674285387574,-0.0034782597102708613,-0.002441609371453524,-0.26495154068887916,0.26495154068887916,WINNER_LOW,0.5925925925925926,0.006929986261843597,False,0.055582940269878575
dist_high240__w72__max,dist_high240,108,-0.03238209336587832,-0.02250336683702964,-0.009878726528848681,0.0012533535744296386,-0.26474240167103585,0.26474240167103585,WINNER_LOW,0.5185185185185185,0.00697302235862176,False,0.055758789213021284
log_ret__w24__late_vs_prev,log_ret,108,-0.0027173565107348084,-0.0019454429883387124,-0.0007719135223960957,-0.0006790273369006172,-0.2646902090520457,0.2646902090520457,WINNER_LOW,0.5833333333333334,0.006983800307493087,True,0.055758789213021284
atr24_pct__w24__accel,atr24_pct,108,0.0007141134973549184,0.00033952730235611216,0.00037458619499880627,7.585531675431413e-05,0.2644938142345572,0.2644938142345572,WINNER_HIGH,0.5462962962962963,0.007024492580725911,True,0.05595592381503078
quote_volume_rel240__w24__min,quote_volume_rel240,108,0.5164689071200512,0.44752600101961043,0.0689429061004409,0.024573677778244013,0.2642167551977658,0.2642167551977658,WINNER_HIGH,0.5277777777777778,0.007082265355642583,False,0.05628791351973207
body_pct__w24__late_vs_prev,body_pct,108,-0.002702951986301977,-0.0019368018066702295,-0.0007661501796317478,-0.0006799790454351749,-0.2640546577354422,0.2640546577354422,WINNER_LOW,0.5740740740740741,0.007116266427164299,True,0.05640256065372389
close_vs_ema240__w72__min,close_vs_ema240,108,-0.02900367872832619,-0.016669435736333036,-0.012334242991993151,-0.01039531994611025,-0.2639943789194712,0.2639943789194712,WINNER_LOW,0.6018518518518519,0.007128948186716031,False,0.05640256065372389
quote_volume_rel72__d24,quote_volume_rel72,108,1.27435739710927,0.8022101025976653,0.4721472945116047,0.28367404751479625,0.26363743101923975,0.26363743101923975,WINNER_HIGH,0.6296296296296297,0.007204467210625612,True,0.05674329507548264
quote_volume_rel72__w24__diff_mean,quote_volume_rel72,108,0.053098225198617136,0.03342542119779089,0.019672804000826244,0.011819752550218254,0.2636374294347063,0.2636374294347063,WINNER_HIGH,0.6296296296296297,0.007204467547473346,True,0.05674329507548264
close_vs_ema6__w24__z,close_vs_ema6,108,-1.5606127704528194,-1.4135088437305834,-0.1471039267222362,-0.21973452568054197,-0.2633440489487342,0.2633440489487342,WINNER_LOW,0.6851851851851852,0.007267082041741267,True,0.05710783348307688
ema_gap_6_24__w72__q90,ema_gap_6_24,108,0.0096142547503809,0.007636352552583925,0.0019779021977969764,0.0001659622415900229,0.2631025037119463,0.2631025037119463,WINNER_HIGH,0.5462962962962963,0.007319004869605915,False,0.05738690589464548
ema72_slope_12h__w240__q25,ema72_slope_12h,108,-0.003080471098521095,-0.0019321920758860263,-0.0011482790226350684,-0.0010535627940043923,-0.26297447440579697,0.26297447440579697,WINNER_LOW,0.5925925925925926,0.007346662842029143,False,0.057474899236187725
atr6_pct__w24__q75,atr6_pct,108,0.009876347185733417,0.008881526814635705,0.0009948203710977124,0.0003151942510157819,0.26279011973511324,0.26279011973511324,WINNER_HIGH,0.5462962962962963,0.007386655741018143,False,0.05753004597360787
trades_rel72__w240__q75,trades_rel72,108,1.6269611087110307,1.5788428743680318,0.04811823434299893,0.047682654857635454,0.2627884778889481,0.2627884778889481,WINNER_HIGH,0.5925925925925926,0.007387012802156057,False,0.05753004597360787
macd_hist_pct__d6,macd_hist_pct,108,-0.0016778397537783112,-0.0012413508846154603,-0.00043648886916285097,-0.0002635646378621459,-0.26270879150364457,0.26270879150364457,WINNER_LOW,0.6203703703703703,0.007404361513714336,True,0.05753004597360787
rebound_low24__w24__mean,rebound_low24,108,0.02214299423050963,0.0181983367690851,0.00394465746142453,0.0003981288522481915,0.2626393182133144,0.2626393182133144,WINNER_HIGH,0.5370370370370371,0.0074195169385465115,False,0.05753004597360787
close_vs_sma72__d12,close_vs_sma72,108,-0.02088826123373885,-0.017869204958063805,-0.0030190562756750427,-0.0007950387196615323,-0.26254487114345243,0.26254487114345243,WINNER_LOW,0.5555555555555556,0.007440165581451804,True,0.0575625199963207
dist_high240__w24__q10,dist_high240,108,-0.07012001263771069,-0.05884054086550519,-0.0112794717722055,-0.0016895603388547911,-0.262424397889521,0.262424397889521,WINNER_LOW,0.5277777777777778,0.007466580087180161,False,0.057639361070351045
close_vs_ema168__w24__accel,close_vs_ema168,108,-0.015451689084161276,-0.010981363581277038,-0.004470325502884239,-0.004008063534274697,-0.2620812433339537,0.2620812433339537,WINNER_LOW,0.5925925925925926,0.007542286924806711,True,0.05809554488116535
macd_fast_hist_pct__d12,macd_fast_hist_pct,108,-0.002609356533193258,-0.001874082173750409,-0.0007352743594428495,-0.00024146192808984776,-0.26167905247993994,0.26167905247993994,WINNER_LOW,0.5833333333333334,0.007631906308884435,True,0.05865665134542609
dist_high240__w24__max,dist_high240,108,-0.0453373419994293,-0.03471702347540468,-0.010620318524024617,-0.0054521179292351,-0.26157350544340136,0.26157350544340136,WINNER_LOW,0.5462962962962963,0.007655584938064586,False,0.05870960642195583
close_vs_sma72__w24__accel,close_vs_sma72,108,-0.015255547926547782,-0.010731009960498479,-0.004524537966049307,-0.003562937372771557,-0.2612996894832749,0.2612996894832749,WINNER_LOW,0.5925925925925926,0.007717324970917355,True,0.05905357860677898
close_vs_ema72__w24__accel,close_vs_ema72,108,-0.01466207855897934,-0.010241861318826085,-0.0044202172401532555,-0.0036029815062647687,-0.26098001441662044,0.26098001441662044,WINNER_LOW,0.5833333333333334,0.00778997758596613,True,0.05925001179868113
close_vs_sma24__w72__q90,close_vs_sma24,108,0.016483863351620838,0.01360046217227204,0.0028834011793488,0.0016542735509574406,0.2609020245176871,0.2609020245176871,WINNER_HIGH,0.5555555555555556,0.007807796402285259,False,0.05925001179868113
rebound_low72__w24__q75,rebound_low72,108,0.05195874758754616,0.043200872058945676,0.00875787552860048,9.528920054435383e-06,0.2608928804583854,0.2608928804583854,WINNER_HIGH,0.5,0.007809888023404734,False,0.05925001179868113
abs_body_pct__w72__q10,abs_body_pct,108,0.0005804297123648683,0.0005130165620088249,6.741315035604337e-05,1.8940327572636285e-05,0.26088903440039846,0.26088903440039846,WINNER_HIGH,0.5185185185185185,0.0078107679265633405,False,0.05925001179868113
close_vs_ema12__w240__std,close_vs_ema12,108,0.008563676866254321,0.00800324048312312,0.0005604363831312016,0.0004354421980679035,0.26078902211806015,0.26078902211806015,WINNER_HIGH,0.5648148148148148,0.007833680433041959,False,0.05929519583192149
rebound_low72__w24__max,rebound_low72,108,0.060932490371029685,0.052258456422498926,0.008674033948530753,0.00039377454668283393,0.2606663482256812,0.2606663482256812,WINNER_HIGH,0.5092592592592593,0.007861868014341909,False,0.05938002688154137
cci20__d6,cci20,108,-134.1774217674026,-106.36787076120574,-27.809551006196816,-22.804223413765435,-0.26045399273168157,0.26045399273168157,WINNER_LOW,0.6111111111111112,0.007910880180820243,True,0.059621439638638765
ema_gap_6_24__w72__diff_std,ema_gap_6_24,108,0.0015070774744445872,0.0013731925596301966,0.00013388491481439106,6.139087490737434e-05,0.2600492743040955,0.2600492743040955,WINNER_HIGH,0.5648148148148148,0.00800505932331873,True,0.06001764550102375
close_vs_vwap24__w72__std,close_vs_vwap24,108,0.011556051205843687,0.0104096295312047,0.0011464216746389865,0.0005077205598354347,0.26003708896555994,0.26003708896555994,WINNER_HIGH,0.5555555555555556,0.008007910608472314,False,0.06001764550102375
close_vs_ema240__w24__accel,close_vs_ema240,108,-0.015640489791571274,-0.011197172348275435,-0.00444331744329584,-0.003864806005731225,-0.2600070705406273,0.2600070705406273,WINNER_LOW,0.5833333333333334,0.008014938647119843,True,0.06001764550102375
rebound_low240__w72__pos,rebound_low240,108,0.2955789715051651,0.23002710713021607,0.0655518643749491,0.04252764383345492,0.25928145331229824,0.25928145331229824,WINNER_HIGH,0.5462962962962963,0.008186536053343164,True,0.061112920202180704
range_pct__w72__diff_mean,range_pct,108,0.00010032973372947001,5.758841143261861e-05,4.27413222968514e-05,2.015624813793693e-05,0.25924118186283845,0.25924118186283845,WINNER_HIGH,0.6111111111111112,0.008196156584164355,True,0.061112920202180704
dist_high72__w72__std,dist_high72,108,0.014996416914207791,0.012885349106336772,0.0021110678078710204,0.00029582469724118675,0.2589706843387091,0.2589706843387091,WINNER_HIGH,0.5277777777777778,0.008261042644768153,False,0.06146567261437071
rsi24__w240__q25,rsi24,108,45.240456333866824,46.38869948210539,-1.1482431482385704,-1.3423065185546896,-0.2583251074071885,0.2583251074071885,WINNER_LOW,0.6203703703703703,0.008417789139990316,False,0.062417453043562304
close_vs_sma240__w24__accel,close_vs_sma240,108,-0.01585533698218771,-0.011443714588959767,-0.004411622393227946,-0.0042018269188702105,-0.2582970571091146,0.2582970571091146,WINNER_LOW,0.5925925925925926,0.008424660519462798,True,0.062417453043562304
ema24_slope_6h__w72__q90,ema24_slope_6h,108,0.0067016915561032,0.005373543603787699,0.0013281479523155014,0.00028910843539051693,0.2582041810302039,0.2582041810302039,WINNER_HIGH,0.5277777777777778,0.008447448355644939,False,0.062453968075455286
close_vs_ema12__w72__q75,close_vs_ema12,108,0.004288292124800608,0.0034162317467807614,0.0008720603780198467,0.000586495257448405,0.2580955549341042,0.2580955549341042,WINNER_HIGH,0.5555555555555556,0.008474171486177559,False,0.06251936220920448
obv_delta__w72__diff_mean,obv_delta,108,-36.30858676535664,-24.600543089155796,-11.708043676200841,-5.82441810965538,-0.25782641962955527,0.25782641962955527,WINNER_LOW,0.5925925925925926,0.008540712084316854,True,0.06287762138706535
close_vs_ema48__w24__accel,close_vs_ema48,108,-0.014032375650492247,-0.009701747834537013,-0.004330627815955234,-0.003339789673918858,-0.25762045554852686,0.25762045554852686,WINNER_LOW,0.5833333333333334,0.008591953906451994,True,0.06312198069508955
ema6_slope_3h__d12,ema6_slope_3h,108,-0.0075653870850752964,-0.005967912003450659,-0.0015974750816246377,-0.00045504890149459295,-0.2575281852935822,0.2575281852935822,WINNER_LOW,0.5370370370370371,0.008615000093779713,True,0.06315860655754225
atr24_pct__w240__diff_mean,atr24_pct,108,4.909646924994499e-06,-6.925108931235906e-07,5.6021578181180895e-06,3.850798157145619e-06,0.25711330411297945,0.25711330411297945,WINNER_HIGH,0.6388888888888888,0.00871931820201295,True,0.06358858699275886
close_vs_ema72__w240__late_vs_prev,close_vs_ema72,108,0.000653414176162591,-0.004528210867391425,0.005181625043554016,0.0058389888348756355,0.25707961056742107,0.25707961056742107,WINNER_HIGH,0.6018518518518519,0.008727840191036972,True,0.06358858699275886
abs_body_pct__w24__delta,abs_body_pct,108,0.004305033247697388,0.0028763050903998434,0.0014287281572975456,0.0013308232068084181,0.25707818145683603,0.25707818145683603,WINNER_HIGH,0.6574074074074074,0.008728201817707821,True,0.06358858699275886
close_vs_ema48__d12,close_vs_ema48,108,-0.019061735839285474,-0.016410730758178508,-0.002651005081106969,-0.0012550196843221781,-0.2568756157334966,0.2568756157334966,WINNER_LOW,0.5740740740740741,0.008779597255143724,True,0.06383004490901789
macd_pct__w72__max,macd_pct,108,0.007932925787692377,0.006518127098765775,0.0014147986889266001,0.0009399553993716836,0.25643224384678653,0.25643224384678653,WINNER_HIGH,0.5370370370370371,0.00889304871101372,False,0.06452072892617215
close_vs_ema72__w240__q25,close_vs_ema72,108,-0.009883808336140916,-0.006625498007350768,-0.003258310328790146,-0.002723433391656727,-0.2560753436922235,0.2560753436922235,WINNER_LOW,0.5925925925925926,0.008985336356582082,False,0.06505532347612326
atr6_pct__w72__q25,atr6_pct,108,0.005639085051370785,0.005147194208284083,0.0004918908430867035,0.0004220307106152178,0.25599607889066295,0.25599607889066295,WINNER_HIGH,0.5462962962962963,0.009005950068864541,False,0.06506984998103162
close_vs_sma24__w240__min,close_vs_sma24,108,-0.04431535307904361,-0.038927472281028275,-0.005387880798015329,-0.0025391940027475364,-0.25574435543477997,0.25574435543477997,WINNER_LOW,0.5462962962962963,0.00907169785112243,False,0.06540974718634049
avg_trade_quote_rel24__w240__min,avg_trade_quote_rel24,108,0.4991638194079752,0.4746218211672925,0.024541998240682813,0.03804199397563934,0.25554594098722566,0.25554594098722566,WINNER_HIGH,0.6296296296296297,0.009123827744529356,False,0.0655391218722039
abs_body_pct__w72__mean,abs_body_pct,108,0.003969682006518943,0.0036612643689969216,0.00030841763752202195,0.00020681698806583886,0.25553029884022477,0.25553029884022477,WINNER_HIGH,0.6018518518518519,0.009127948951692047,False,0.0655391218722039
bb_width__w240__std,bb_width,108,0.021657629684476112,0.019782975193595998,0.0018746544908801164,0.0012231065891683112,0.2553165620937071,0.2553165620937071,WINNER_HIGH,0.5833333333333334,0.00918443083848326,False,0.0655391218722039
close_vs_sma24__w240__std,close_vs_sma24,108,0.014467079537334266,0.013512879795463827,0.0009541997418704407,0.00045086508616805007,0.25530117413121317,0.25530117413121317,WINNER_HIGH,0.5648148148148148,0.009188509429057027,False,0.0655391218722039
close_vs_ema168__w72__q10,close_vs_ema168,108,-0.015876046056898,-0.0066687487342547945,-0.009207297322643205,-0.008862071391195058,-0.2552582841139588,0.2552582841139588,WINNER_LOW,0.6018518518518519,0.009199886112435449,False,0.0655391218722039
atr14_pct__w24__q75,atr14_pct,108,0.009393441650361099,0.008429305082514745,0.0009641365678463546,0.0004655982833355662,0.25524998090597856,0.25524998090597856,WINNER_HIGH,0.5833333333333334,0.009202090031241669,False,0.0655391218722039
close_vs_vwap240__w24__accel,close_vs_vwap240,108,-0.015703541515028552,-0.011547681787602345,-0.004155859727426205,-0.003675925312563777,-0.2551092789105399,0.2551092789105399,WINNER_LOW,0.5833333333333334,0.009239509256409824,True,0.06567187778387226
atr72_pct__w72__q75,atr72_pct,108,0.008816958206740243,0.008104972812967995,0.0007119853937722465,0.00035845921374857417,0.2548045944597968,0.2548045944597968,WINNER_HIGH,0.6111111111111112,0.009321011398894102,False,0.06589139550212035
atr14_pct__w72__q75,atr14_pct,108,0.009781176823674253,0.00894057714742505,0.0008405996762492038,0.0004800344351679085,0.254798052866928,0.254798052866928,WINNER_HIGH,0.5648148148148148,0.009322768365135785,False,0.06589139550212035
rebound_low240__w240__std,rebound_low240,108,0.04010925984820696,0.03443640090732111,0.005672858940885851,0.0014815352857112888,0.2547286319761267,0.2547286319761267,WINNER_HIGH,0.5185185185185185,0.009341432166147974,False,0.06589139550212035
close_vs_sma240__w72__q10,close_vs_sma240,108,-0.01511137796074359,-0.0016989548041103128,-0.013412423156633279,-0.012371980119496584,-0.2547125422798677,0.2547125422798677,WINNER_LOW,0.6296296296296297,0.009345762702045093,False,0.06589139550212035
volume_rel240__w24__q25,volume_rel240,108,0.839198129872481,0.7331479855157711,0.10605014435670997,0.02448091506958011,0.254633689415785,0.254633689415785,WINNER_HIGH,0.5370370370370371,0.009367012194490645,False,0.06590833328799554
ema72_slope_12h__w24__std,ema72_slope_12h,108,0.0021393276566178195,0.0017540367837581372,0.00038529087285968237,3.8415315793827154e-05,0.25435635484156693,0.25435635484156693,WINNER_HIGH,0.5092592592592593,0.009442096737672576,False,0.06630323753341566
rebound_low24__w72__q75,rebound_low24,108,0.03488455586894243,0.03050403735186491,0.004380518517077521,0.0015974929556250564,0.25428140630559787,0.25428140630559787,WINNER_HIGH,0.5555555555555556,0.00946248124922364,False,0.06631322029766547
quote_volume_rel24__w240__q10,quote_volume_rel24,108,0.5119151721398035,0.5010418104904669,0.01087336164933664,0.01086484789848327,0.25418172784471177,0.25418172784471177,WINNER_HIGH,0.6018518518518519,0.00948965347461108,False,0.0663231572643638
ema24_slope_6h__w24__std,ema24_slope_6h,108,0.003155947578812225,0.0027400033027300164,0.0004159442760822088,-4.472546279430398e-05,0.2541007218034919,0.2541007218034919,WINNER_HIGH,0.5185185185185185,0.009511787573923887,False,0.0663231572643638
macd_fast_hist_pct__w240__diff_mean,macd_fast_hist_pct,108,-1.160283587924798e-05,-8.365364307407589e-06,-3.2374715718403916e-06,-2.508845147985994e-06,-0.2540678003064761,0.2540678003064761,WINNER_LOW,0.5833333333333334,0.009520796381673042,True,0.0663231572643638
taker_share__w72__q25,taker_share,108,0.45246099266741013,0.44928899865459515,0.00317199401281498,0.0019449561834335438,0.2539080219779845,0.2539080219779845,WINNER_HIGH,0.5648148148148148,0.009564628632910086,False,0.06649603643993354
atr14_pct__w240__delta,atr14_pct,108,0.0015096992451491234,0.00014222351397553146,0.0013674757311735919,0.0013505604627425782,0.2534519143928072,0.2534519143928072,WINNER_HIGH,0.6851851851851852,0.009690759019109077,True,0.06699433130006194
macd_hist_pct__w72__q10,macd_hist_pct,108,-0.002329817573169108,-0.0020219055103047547,-0.000307912062864354,-0.0002369296504184605,-0.2532158375292668,0.2532158375292668,WINNER_LOW,0.5833333333333334,0.009756631629440696,False,0.06699433130006194
log_ret__w72__q25,log_ret,108,-0.002808220549788395,-0.002547455338342977,-0.0002607652114454174,-3.928812802769235e-05,-0.25317848668701753,0.25317848668701753,WINNER_LOW,0.5185185185185185,0.009767090645181678,False,0.06699433130006194
ema_gap_6_24__w240__q25,ema_gap_6_24,108,-0.004243907576707257,-0.0033673525934579665,-0.0008765549832492912,-0.0008596823929110542,-0.25317479651908703,0.25317479651908703,WINNER_LOW,0.6018518518518519,0.009768124519035993,False,0.06699433130006194
close_vs_vwap24__w24__diff_std,close_vs_vwap24,108,0.005315271612575829,0.00487364848765234,0.000441623124923488,3.255377523601064e-05,0.25315764169877225,0.25315764169877225,WINNER_HIGH,0.5185185185185185,0.009772932081423477,True,0.06699433130006194
close_vs_sma168__w24__up_share,close_vs_sma168,108,0.45601851907041335,0.4309413584018196,0.025077160668593862,0.04166666269302369,0.2530901329564328,0.2530901329564328,WINNER_HIGH,0.6481481481481481,0.009791871878392496,True,0.06699433130006194
close_vs_ema72__w72__min,close_vs_ema72,108,-0.031565179048306566,-0.02493497337196054,-0.00663020567634602,-0.0021459428593516346,-0.25308124857764536,0.25308124857764536,WINNER_LOW,0.5740740740740741,0.009794366887959349,False,0.06699433130006194
rebound_low24__w24__q75,rebound_low24,108,0.028727637569385546,0.023819841546247958,0.0049077960231375915,-0.00043558739125728555,0.2530671657583703,0.2530671657583703,WINNER_HIGH,0.5185185185185185,0.009798322958166246,False,0.06699433130006194
body_pct__w72__q25,body_pct,108,-0.002803622373095196,-0.002543885748147861,-0.0002597366249473352,-3.942157491110265e-05,-0.2530301749993033,0.2530301749993033,WINNER_LOW,0.5185185185185185,0.009808721082536949,False,0.06699433130006194
dist_high240__w24__q90,dist_high240,108,-0.049101525053157714,-0.03854244277549528,-0.01055908227766243,-0.0040882570669055,-0.25291298531355505,0.25291298531355505,WINNER_LOW,0.5462962962962963,0.009841729038612673,False,0.06708874551272614
body_pct__w24__std,body_pct,108,0.005608157110314265,0.005141193266845895,0.0004669638434683698,1.554682385176455e-05,0.25282521617489245,0.25282521617489245,WINNER_HIGH,0.5,0.009866516021163582,False,0.06712686094554289
volume_rel72__w240__q75,volume_rel72,108,1.768762406375673,1.7133805188867781,0.05538188748889499,0.038835561275482156,0.2526470639112413,0.2526470639112413,WINNER_HIGH,0.5462962962962963,0.009917001711121408,False,0.06727121372434294
close_vs_sma72__w240__q10,close_vs_sma72,108,-0.026862078947791208,-0.022827987983193312,-0.004034090964597892,-0.004186960915103555,-0.2526146685277203,0.2526146685277203,WINNER_LOW,0.5740740740740741,0.00992620711517328,False,0.06727121372434294
close_vs_sma240__w72__up_share,close_vs_sma240,108,0.490612143167743,0.473765434269552,0.016846708898191093,0.023611116409301774,0.2524211589420801,0.2524211589420801,WINNER_HIGH,0.6018518518518519,0.009981355336331257,True,0.06744437712643563
rsi24__w240__q10,rsi24,108,40.043364136307325,41.269385977144594,-1.226021840837267,-1.9049430847167983,-0.25238975581259937,0.25238975581259937,WINNER_LOW,0.6296296296296297,0.0099903309555315,False,0.06744437712643563
trades_rel240__w240__delta,trades_rel240,108,0.9103424787085883,0.5133267204365607,0.3970157582720276,0.21459529842250052,0.25219165045083186,0.25219165045083186,WINNER_HIGH,0.6018518518518519,0.01004712152963278,True,0.06765247849542201
rsi14__w72__diff_std,rsi14,108,4.7339054809676275,4.85809376637141,-0.12418828540378156,-0.12149353027343768,-0.25212250067777636,0.25212250067777636,WINNER_LOW,0.5833333333333334,0.010067013132300224,True,0.06765247849542201
atr24_pct__w240__delta,atr24_pct,108,0.0011568185982805854,-0.00015241284370488383,0.0013092314419854692,0.0008220961171900854,0.2520802169718848,0.2520802169718848,WINNER_HIGH,0.6388888888888888,0.010079193965145802,True,0.06765247849542201
macd_hist_pct__w72__diff_std,macd_hist_pct,108,0.00048057498861453496,0.00043729345626262436,4.3281532351910656e-05,1.2704043183475722e-05,0.2518386036194785,0.2518386036194785,WINNER_HIGH,0.5555555555555556,0.010149052118090647,True,0.06796514355813306
dist_high72__w72__min,dist_high72,108,-0.06855060508543695,-0.05967867671408587,-0.008871928371351074,-0.003517480567097664,-0.2517222248046161,0.2517222248046161,WINNER_LOW,0.5833333333333334,0.01018285669846497,False,0.06796514355813306
rebound_low72__w240__max,rebound_low72,108,0.10731869221975406,0.09633163839440656,0.010987053825347514,0.0038263238966464996,0.251718012558281,0.251718012558281,WINNER_HIGH,0.5462962962962963,0.010184082134532948,False,0.06796514355813306
close_vs_ema72__w240__q10,close_vs_ema72,108,-0.021648434990008052,-0.018011532257467613,-0.0036369027325404376,-0.004662631143219187,-0.25159801798859643,0.25159801798859643,WINNER_LOW,0.6018518518518519,0.010219047185196896,False,0.06805406538741132
rsi6__w240__q10,rsi6,108,28.521361192067463,29.826063198513456,-1.3047020064459909,-1.3292829513549798,-0.2515388503416577,0.2515388503416577,WINNER_LOW,0.6018518518518519,0.010236327822069874,False,0.06805406538741132
dist_high24__w24__min,dist_high24,108,-0.04200064467214462,-0.037467893701115695,-0.004532750971028926,-0.0013656651601195342,-0.2513741298798906,0.2513741298798906,WINNER_LOW,0.5370370370370371,0.010284575473398318,False,0.068201717196719
close_vs_ema48__w240__q10,close_vs_ema48,108,-0.018704509376591346,-0.016080489489346896,-0.0026240198872444494,-0.0016690575517714027,-0.2513299780288459,0.2513299780288459,WINNER_LOW,0.5833333333333334,0.01029754265938451,False,0.068201717196719
atr72_pct__w24__q90,atr72_pct,108,0.008622294526840388,0.007912321023522288,0.000709973503318098,0.00037335292436182534,0.25105972093142104,0.25105972093142104,WINNER_HIGH,0.5740740740740741,0.010377237959183244,False,0.06859962408934556
dist_high240__w72__std,dist_high240,108,0.014609486080223211,0.012600125484513463,0.002009360595709748,-0.0001103048678487541,0.2507881805798363,0.2507881805798363,WINNER_HIGH,0.5277777777777778,0.010457871774451831,False,0.0689516482156965
close_vs_ema48__w240__late_vs_prev,close_vs_ema48,108,0.0003132189120623042,-0.0038864531032383343,0.004199672015300638,0.00330063346773386,0.2507477552623958,0.2507477552623958,WINNER_HIGH,0.6296296296296297,0.010469924278677394,True,0.0689516482156965
quote_volume_rel72__w72__pos,quote_volume_rel72,108,0.38729525368910767,0.3223999021376518,0.0648953515514559,0.02730008997023108,0.25063407256827486,0.25063407256827486,WINNER_HIGH,0.5462962962962963,0.010503885116075263,True,0.06904527490773534
rebound_low24__w24__q90,rebound_low24,108,0.033474585325974554,0.02846244780122544,0.005012137524749117,0.00036224424839019845,0.25033437148427473,0.25033437148427473,WINNER_HIGH,0.5185185185185185,0.010593892688237952,False,0.06950627153990266
log_ret__w24__std,log_ret,108,0.005624157389522427,0.00515891134661312,0.00046524604290930756,1.3912748545408422e-05,0.25011403439501656,0.25011403439501656,WINNER_HIGH,0.5,0.010660508354582727,False,0.06981235527336291
close_vs_ema12__w72__diff_mean,close_vs_ema12,108,-0.0002097917601523241,-0.00017255842195498664,-3.723333819733751e-05,-2.569240114098647e-05,-0.24958909293321435,0.24958909293321435,WINNER_LOW,0.6018518518518519,0.010820741070558648,True,0.0707292178013899
atr24_pct__d12,atr24_pct,108,0.000820239567794353,0.00022876647736635671,0.0005914730904279964,0.0003185693291015923,0.24944157291696412,0.24944157291696412,WINNER_HIGH,0.6388888888888888,0.010866159050919663,True,0.0708935787333322
macd_pct__w240__late_vs_prev,macd_pct,108,0.00026750367720119865,-0.0011797901419042854,0.001447293819105484,0.0012014730426017195,0.24887462694889306,0.24887462694889306,WINNER_HIGH,0.5833333333333334,0.011042311803798116,True,0.07179153335502103
obv_delta__w24__delta,obv_delta,108,-2634.150905891701,-1724.3551109035814,-909.79579498812,-691.2599205017088,-0.24881388361871978,0.24881388361871978,WINNER_LOW,0.6018518518518519,0.01106133681458781,True,0.07179153335502103
atr6_pct__w240__q75,atr6_pct,108,0.009869996889459866,0.009328638620812582,0.0005413582686472824,0.0001951883547008041,0.24880098421735916,0.24880098421735916,WINNER_HIGH,0.5740740740740741,0.01106538074874359,False,0.07179153335502103
ema72_slope_12h__w72__q10,ema72_slope_12h,108,-0.004657113615933297,-0.0029137050073081306,-0.001743408608625167,-0.0006142558442661541,-0.2485629453477134,0.2485629453477134,WINNER_LOW,0.5277777777777778,0.01114024485756258,False,0.07208507667481386
trades_rel240__w72__pos,trades_rel240,108,0.41050529569232214,0.35034299776425876,0.06016229792806337,0.014333337545394925,0.2485261681880035,0.2485261681880035,WINNER_HIGH,0.5277777777777778,0.011151852010601744,True,0.07208507667481386
macd_signal_pct__w72__q90,macd_signal_pct,108,0.005962379881936984,0.004722885264992429,0.0012394946169445543,0.000531826284714043,0.24832642777170055,0.24832642777170055,WINNER_HIGH,0.5185185185185185,0.011215082046447904,False,0.0723600404362146
close_vs_sma72__w24__diff_std,close_vs_sma72,108,0.0055298383899584965,0.005093198626612624,0.00043663976334587295,-2.5283754803240386e-05,0.24823108535355481,0.24823108535355481,WINNER_HIGH,0.5092592592592593,0.011245377425178603,True,0.0724218873956714
ema_gap_24_72__w240__late_vs_prev,ema_gap_24_72,108,0.0009986300050496976,-0.0019543340055057108,0.0029529640105554083,0.0034413859772030263,0.24807136354292902,0.24807136354292902,WINNER_HIGH,0.5925925925925926,0.011296294741969935,True,0.07245258712158004
rebound_low240__w72__up_share,rebound_low240,108,0.49074074377616245,0.4758487662783375,0.014891977497824916,0.013888895511627197,0.24806798023581297,0.24806798023581297,WINNER_HIGH,0.5833333333333334,0.011297375539478054,True,0.07245258712158004
close_vs_ema24__w24__accel,close_vs_ema24,108,-0.012424876390233057,-0.008383206251265719,-0.004041670138967338,-0.004378568637184799,-0.24802129124760378,0.24802129124760378,WINNER_LOW,0.5740740740740741,0.011312299847979039,True,0.07245258712158004
rebound_low24__w24__q10,rebound_low24,108,0.010370393909936495,0.008029426222330787,0.0023409676876057083,-0.00033730950672179435,0.24784359172168216,0.24784359172168216,WINNER_HIGH,0.5370370370370371,0.011369264642161248,False,0.07268431161542575
atr72_pct__w72__mean,atr72_pct,108,0.008051546562152604,0.007431393351267884,0.0006201532108847192,0.0003336660563945772,0.24775786446944828,0.24775786446944828,WINNER_HIGH,0.5740740740740741,0.011396838292866498,False,0.07272763414261706
log_ret__w240__z,log_ret,108,-1.386492149559436,-1.2313845210122292,-0.1551076285472071,-0.05742037296295166,-0.24767402875542247,0.24767402875542247,WINNER_LOW,0.5925925925925926,0.011423861746329839,True,0.07275941526436422
volume_rel72__w72__pos,volume_rel72,108,0.3907248670562964,0.32684546220806193,0.06387940484823453,0.023722636699676503,0.24761342963971367,0.24761342963971367,WINNER_HIGH,0.5555555555555556,0.01144343105387484,True,0.07275941526436422
ema_gap_6_24__w24__std,ema_gap_6_24,108,0.004503096950227498,0.003923326440767765,0.0005797705094597337,5.10492827743294e-05,0.24741697013226516,0.24741697013226516,WINNER_HIGH,0.5,0.011507081475520417,False,0.07303133197803068
bb_width__w240__diff_mean,bb_width,108,3.1616931104843174e-05,-2.5721186931251507e-06,3.418904979796833e-05,3.8359282189048824e-05,0.24712544564241426,0.24712544564241426,WINNER_HIGH,0.6759259259259259,0.011602119006530106,True,0.0735011053728909
close_vs_ema240__w72__q10,close_vs_ema240,108,-0.013298881420201657,-0.0024214585287996608,-0.010877422891401997,-0.012787958886474372,-0.2469928228362601,0.2469928228362601,WINNER_LOW,0.6111111111111112,0.01164558754655508,False,0.07364307350868556
body_pct__w240__z,body_pct,108,-1.3795629124743518,-1.2268105638545455,-0.15275234861980647,-0.06242816448211663,-0.2468818632248076,0.2468818632248076,WINNER_LOW,0.5925925925925926,0.011682068254870134,True,0.07369113632018381
macd_fast_hist_pct__w72__up_share,macd_fast_hist_pct,108,0.479295267826981,0.4925925933100559,-0.013297325483074895,-0.006944447755813599,-0.246841593477948,0.246841593477948,WINNER_LOW,0.5555555555555556,0.011695333330769808,True,0.07369113632018381
macd_signal_pct__d1,macd_signal_pct,108,-0.0005155736032099446,-0.0004429050058901238,-7.266859731982078e-05,-2.24067563749486e-05,-0.24623095041286777,0.24623095041286777,WINNER_LOW,0.5740740740740741,0.01189814973210713,True,0.07483422592298317
ema_gap_24_72__w72__z,ema_gap_24_72,108,-0.45384786636741076,-0.8022096195758356,0.34836175320842466,0.25120152421295644,0.2461502202730242,0.2461502202730242,WINNER_HIGH,0.5740740740740741,0.011925198459015747,True,0.07486969301827301
atr14_pct__d1,atr14_pct,108,0.0005652507872300534,0.0003945794036921084,0.00017067138353794503,8.815381079330109e-05,0.24607056990019438,0.24607056990019438,WINNER_HIGH,0.6388888888888888,0.011951939577025105,True,0.07490310519866808
atr6_pct__w72__mean,atr6_pct,108,0.008126020895024002,0.007491440369092202,0.0006345805259317987,0.0003472959622740743,0.24588640211064688,0.24588640211064688,WINNER_HIGH,0.6111111111111112,0.012013976997206157,False,0.07505073380955014
close_vs_ema12__w240__q25,close_vs_ema12,108,-0.003920876584069683,-0.0033899854317833494,-0.000530891152286333,-0.0002861732384189964,-0.24587324841313532,0.24587324841313532,WINNER_LOW,0.5555555555555556,0.012018418911452127,False,0.07505073380955014
rebound_low24__w24__q25,rebound_low24,108,0.01541610958520323,0.012325818239090345,0.003090291346112887,-0.0002993427682667976,0.24570316229350234,0.24570316229350234,WINNER_HIGH,0.5185185185185185,0.012075988943926835,False,0.07527581699984338
close_vs_ema6__w240__std,close_vs_ema6,108,0.005626923848736893,0.005286744724596953,0.00034017912413993924,0.0002504792995750905,0.24561517705073763,0.24561517705073763,WINNER_HIGH,0.5740740740740741,0.012105866982539069,False,0.07530327296274662
close_vs_vwap240__w240__std,close_vs_vwap240,108,0.030177942891087797,0.027199600048846116,0.00297834284224168,0.002342032268643379,0.24556345757941664,0.24556345757941664,WINNER_HIGH,0.5555555555555556,0.012123460874471362,False,0.07530327296274662
atr72_pct__w72__diff_std,atr72_pct,108,0.00011997686663191955,0.00010648056730267987,1.3496299329239666e-05,1.7742611817084226e-06,0.24541952827264313,0.24541952827264313,WINNER_HIGH,0.5277777777777778,0.012172543657068107,True,0.0754740871786652
macd_fast_hist_pct__w24__q90,macd_fast_hist_pct,108,0.0017751316645107753,0.0013991278933964942,0.00037600377111428107,0.0001646509183046874,0.24528532171431472,0.24528532171431472,WINNER_HIGH,0.5555555555555556,0.012218471585258413,False,0.07562477014805075
close_vs_ema6__d1,close_vs_ema6,108,-0.004023467164693607,-0.003407267234038719,-0.0006161999306548884,-0.0003046933852601798,-0.24517763552694452,0.24517763552694452,WINNER_LOW,0.5925925925925926,0.012255436282061535,True,0.07571954183457454
close_vs_ema168__w72__z,close_vs_ema168,108,-1.240235385760941,-1.5002798424188601,0.26004445665791903,0.1455733239650726,0.24472529306166835,0.24472529306166835,WINNER_HIGH,0.5648148148148148,0.01241180854518739,True,0.07624524820242638
close_vs_ema24__w240__q10,close_vs_ema24,108,-0.013564211164420057,-0.012104762339084928,-0.00145944882533513,-0.0009639532770961516,-0.24462263466036024,0.24462263466036024,WINNER_LOW,0.5740740740740741,0.012447545513635357,False,0.07624524820242638
bb_z__w24__pos,bb_z,108,0.15208444501169854,0.1887571241154715,-0.03667267910377295,-0.04203465655446052,-0.24458850707806792,0.24458850707806792,WINNER_LOW,0.6944444444444444,0.012459446299225784,True,0.07624524820242638
close_vs_ema72__w24__std,close_vs_ema72,108,0.009432913393808392,0.00839414325999786,0.001038770133810532,0.0002822379115968942,0.244570364826185,0.244570364826185,WINNER_HIGH,0.5648148148148148,0.01246577692569194,False,0.07624524820242638
close_vs_ema24__w24__delta,close_vs_ema24,108,-0.018422054256209068,-0.015735354527310442,-0.002686699728898626,-0.0018816395662724968,-0.24456214983603733,0.24456214983603733,WINNER_LOW,0.5462962962962963,0.012468644445609196,True,0.07624524820242638
body_pct__w240__q10,body_pct,108,-0.0057652898852851376,-0.005387659627444076,-0.00037763025784106165,-3.242031671106798e-05,-0.24455442413952405,0.24455442413952405,WINNER_LOW,0.5,0.012471341713408034,False,0.07624524820242638
log_ret__w240__q10,log_ret,108,-0.0057834292636942805,-0.005403313091611146,-0.00038011617208313605,-3.196536563336832e-05,-0.244479262352766,0.244479262352766,WINNER_LOW,0.5,0.01249761026064227,False,0.0762725010147749
ema168_slope_24h__w72__diff_std,ema168_slope_24h,108,0.00025335531514698504,0.0002255295323535662,2.7825782793418816e-05,2.5215304049197584e-06,0.24419617181700184,0.24419617181700184,WINNER_HIGH,0.5092592592592593,0.012596995055879915,True,0.07674510750942869
close_vs_sma24__w24__accel,close_vs_sma24,108,-0.01358001342399533,-0.009197497217610363,-0.0043825162063849685,-0.0036236071668099613,-0.24369635712215038,0.24369635712215038,WINNER_LOW,0.6111111111111112,0.012774198843640987,True,0.07753153303065571
close_vs_vwap72__w240__min,close_vs_vwap72,108,-0.04834727270752882,-0.04254944332599365,-0.005797829381535175,-0.0013196928426623348,-0.2436370444874543,0.2436370444874543,WINNER_LOW,0.5462962962962963,0.012795375284557852,False,0.07753153303065571
close_vs_sma72__w72__min,close_vs_sma72,108,-0.034827440529220946,-0.028096622778162713,-0.006730817751058229,-0.0030338935321196914,-0.24360062329521173,0.24360062329521173,WINNER_LOW,0.5370370370370371,0.012808394379824535,False,0.07753153303065571
trades_rel24__w72__max,trades_rel24,108,4.690708773003684,5.234976687254728,-0.544267914251045,-0.83193097114563,-0.24358281914002006,0.24358281914002006,WINNER_LOW,0.75,0.012814762965890477,False,0.07753153303065571
macd_signal_pct__w24__pos,macd_signal_pct,108,0.3364640928942848,0.25881278253746803,0.07765131035681676,0.0,0.24292963033065007,0.24292963033065007,WINNER_HIGH,0.4444444444444444,0.013050383239076627,True,0.07872987055363966
atr14_pct__w72__late_vs_prev,atr14_pct,108,0.0004793766169591941,-0.0002934437520294792,0.0007728203689886733,0.0004569180850921839,0.24290908590014906,0.24290908590014906,WINNER_HIGH,0.5740740740740741,0.013057856711784672,True,0.07872987055363966
mfi14__w24__accel,mfi14,108,-11.866573192593124,-5.261792645962151,-6.604780546630972,-11.321945548057556,-0.24283028447364757,0.24283028447364757,WINNER_LOW,0.6296296296296297,0.013086558012238235,True,0.07876711423200879
dist_high72__w24__diff_std,dist_high72,108,0.005358104500272829,0.0049523694634748,0.0004057350367980285,-6.612758152186845e-05,0.24215906381803873,0.24215906381803873,WINNER_HIGH,0.5277777777777778,0.013333334550569806,True,0.08011455485110414
rsi14__w240__q25,rsi14,108,43.5779537624783,44.58924591629594,-1.0112921538176363,-1.0099666595458991,-0.242026190057553,0.242026190057553,WINNER_LOW,0.6018518518518519,0.013382677760781768,False,0.08019995534164209
ema6_slope_3h__w240__std,ema6_slope_3h,108,0.005790928266597567,0.005432619033295109,0.0003583092333024575,0.00026188215706497405,0.24194533093158652,0.24194533093158652,WINNER_HIGH,0.5925925925925926,0.013412785163450678,False,0.08019995534164209
range_pct__w240__mean,range_pct,108,0.008083161298634001,0.007641678032706733,0.0004414832659272683,0.00028780386783182604,0.24193576925292137,0.24193576925292137,WINNER_HIGH,0.6111111111111112,0.013416349406594402,False,0.08019995534164209
ema72_slope_12h__d1,ema72_slope_12h,108,-0.000560508803177813,-0.0004888087812302741,-7.17000219475389e-05,-2.5340053980471566e-05,-0.24168288181547465,0.24168288181547465,WINNER_LOW,0.5555555555555556,0.013510925179132546,True,0.08052232567703535
close_vs_vwap72__w24__diff_std,close_vs_vwap72,108,0.0054588772925651735,0.005059469621887223,0.0003994076706779501,-9.040813893097105e-08,0.24162349237566658,0.24162349237566658,WINNER_HIGH,0.5,0.0135332222921032,True,0.08052232567703535
close_vs_ema72__d12,close_vs_ema72,108,-0.019923328275682353,-0.017389105922416093,-0.0025342223532662605,-0.0008975187782198192,-0.24160717065345233,0.24160717065345233,WINNER_LOW,0.5555555555555556,0.013539355875921298,True,0.08052232567703535
abs_body_pct__w240__max,abs_body_pct,108,0.0283783376906757,0.02625821788312385,0.0021201198075518563,0.0023314645513892174,0.2415317131026055,0.2415317131026055,WINNER_HIGH,0.5555555555555556,0.01356774465671671,False,0.08055416479548105
ema72_slope_12h__w72__z,ema72_slope_12h,108,-0.43568744146506544,-0.7281516251080946,0.2924641836430291,0.24872438833117486,0.24138077690062723,0.24138077690062723,WINNER_HIGH,0.5462962962962963,0.013624690223375955,True,0.08071150021730719
close_vs_ema72__w24__diff_std,close_vs_ema72,108,0.005468849694201102,0.005045344662869832,0.0004235050313312699,1.6187899746000767e-05,0.2413173322095927,0.2413173322095927,WINNER_HIGH,0.5092592592592593,0.01364869062916583,True,0.08071150021730719
atr24_pct__w24__mean,atr24_pct,108,0.008039449968944408,0.007387923639422904,0.0006515263295215038,0.00032161539420485444,0.24127827247515257,0.24127827247515257,WINNER_HIGH,0.5648148148148148,0.013663485309878712,False,0.08071150021730719
volume_rel24__w24__min,volume_rel24,108,0.48456485265934907,0.44338902764850197,0.04117582501084717,0.03191188275814055,0.24115225882046865,0.24115225882046865,WINNER_HIGH,0.5925925925925926,0.013711313555024352,False,0.08085744266765625
close_vs_ema240__w72__z,close_vs_ema240,108,-1.237059439691991,-1.5014348888045381,0.2643754491125475,0.21057346984744071,0.24099328309408466,0.24099328309408466,WINNER_HIGH,0.5370370370370371,0.013771866367283005,True,0.0809690162765781
close_location__w72__diff_std,close_location,108,0.445998321528788,0.45522277603546785,-0.009224454506679818,-0.007272437214851379,-0.24088311363700934,0.24088311363700934,WINNER_LOW,0.5555555555555556,0.013813969555905527,True,0.0809690162765781
atr14_pct__d24,atr14_pct,108,0.0013617795860193804,0.0002726017820333693,0.0010891778039860112,0.0007842212853574893,0.24085992477886944,0.24085992477886944,WINNER_HIGH,0.6388888888888888,0.013822846253472658,True,0.0809690162765781
atr14_pct__w24__diff_mean,atr14_pct,108,5.6740815063415505e-05,1.1358407457896225e-05,4.538240760551927e-05,3.267588681410416e-05,0.24085991778225757,0.24085991778225757,WINNER_HIGH,0.6388888888888888,0.013822848932547075,True,0.0809690162765781
ema_gap_24_72__w72__pos,ema_gap_24_72,108,0.42133419864586796,0.3289756323930945,0.09235856625277342,0.03110925555229188,0.24066239318850455,0.24066239318850455,WINNER_HIGH,0.5370370370370371,0.013898668666283883,True,0.0812769972006601
close_vs_ema6__w24__q90,close_vs_ema6,108,0.004340095634318088,0.003550967555426504,0.0007891280788915841,0.00022065354278311133,0.24056187767386697,0.24056187767386697,WINNER_HIGH,0.5462962962962963,0.013937394264082562,False,0.08136739188897615
close_vs_ema6__w240__q10,close_vs_ema6,108,-0.005880329706188705,-0.005379347078484931,-0.0005009826277037738,-0.00020309616811573514,-0.2401417015655179,0.2401417015655179,WINNER_LOW,0.5370370370370371,0.014100323304807844,False,0.08218138432818838
obv_delta__w72__q25,obv_delta,108,-1220.4286326655636,-1105.093108904803,-115.33552376076028,-58.174957275390625,-0.23995824341516855,0.23995824341516855,WINNER_LOW,0.5740740740740741,0.014171994737443514,False,0.08235522486208084
range_pct__w24__delta,range_pct,108,0.0064590729166580044,0.003922876393412648,0.002536196523245356,0.001078894839156419,0.23994482260748817,0.23994482260748817,WINNER_HIGH,0.5925925925925926,0.014177250605368221,True,0.08235522486208084
dist_high24__d1,dist_high24,108,-0.006588106153988822,-0.005458588110416344,-0.0011295180435724806,-0.0005416669417172672,-0.23983971796804804,0.23983971796804804,WINNER_LOW,0.6388888888888888,0.014218472120276873,True,0.08245770647530386
atr14_pct__w240__diff_mean,atr14_pct,108,6.1699459524051975e-06,4.883089846219734e-07,5.681636967783225e-06,5.559382441333582e-06,0.2396217992058518,0.2396217992058518,WINNER_HIGH,0.6666666666666666,0.014304280578845871,True,0.08267939200050432
close_vs_sma72__w240__min,close_vs_sma72,108,-0.056100766885922186,-0.04865427194076968,-0.007446494945152489,-0.0045822132378816605,-0.23954331224916614,0.23954331224916614,WINNER_LOW,0.5740740740740741,0.014335299160139788,False,0.08267939200050432
atr6_pct__w240__diff_mean,atr6_pct,108,1.0292192349062826e-05,4.056255815617267e-06,6.23593653344556e-06,8.168837416633323e-06,0.23946669697210218,0.23946669697210218,WINNER_HIGH,0.6111111111111112,0.014365636055690547,True,0.08267939200050432
close_vs_sma168__w24__diff_std,close_vs_sma168,108,0.005573835419016649,0.0051549474430632675,0.00041888797595338137,8.274195715785113e-06,0.23946594973738752,0.23946594973738752,WINNER_HIGH,0.5,0.014365932216306934,True,0.08267939200050432
rsi24__w72__diff_std,rsi24,108,2.840497398817981,2.929078416912643,-0.08858101809466325,-0.05914647579193133,-0.2394432974160146,0.2394432974160146,WINNER_LOW,0.5740740740740741,0.01437491287855494,True,0.08267939200050432
ema24_slope_6h__w72__max,ema24_slope_6h,108,0.009684171602817447,0.008109212744899128,0.001574958857918318,0.0006412123329937458,0.23923013282143882,0.23923013282143882,WINNER_HIGH,0.5370370370370371,0.014459669645930675,False,0.08287838528576952
ema_gap_6_24__w24__accel,ema_gap_6_24,108,-0.005688142778901103,-0.003727607627715096,-0.0019605351511860067,-0.0008893359103240069,-0.23912289651651647,0.23912289651651647,WINNER_LOW,0.5740740740740741,0.014502476794169656,True,0.08287838528576952
atr24_pct__w240__z,atr24_pct,108,0.3860732618960793,0.09090198625560365,0.2951712756404756,0.06077528893947601,0.2391191986153344,0.2391191986153344,WINNER_HIGH,0.5185185185185185,0.0145039549607027,True,0.08287838528576952
dist_high240__w24__accel,dist_high240,108,-0.014578885608123662,-0.010770077691961855,-0.00380880791616181,-0.003782297857105732,-0.239099846506617,0.239099846506617,WINNER_LOW,0.5740740740740741,0.014511692800067297,True,0.08287838528576952
quote_volume_rel240__w24__q25,quote_volume_rel240,108,0.8495434496413778,0.7435051253548375,0.10603832428654034,0.02404384911060331,0.23905906845718697,0.23905906845718697,WINNER_HIGH,0.5277777777777778,0.014528009774142613,False,0.08287838528576952
close_vs_ema168__w24__diff_std,close_vs_ema168,108,0.005552451555289466,0.005131703832066031,0.0004207477232234346,-3.404915332795057e-07,0.238971632658634,0.238971632658634,WINNER_HIGH,0.5,0.014563051738875827,True,0.0829429836007309
atr24_pct__w24__std,atr24_pct,108,0.0009457984180901096,0.0007424545857550888,0.00020334383233502096,-2.6805115339811864e-05,0.2387506493890189,0.2387506493890189,WINNER_HIGH,0.5185185185185185,0.014651953076827751,False,0.08331362586937666
rsi6__w24__pos,rsi6,108,0.126248657162284,0.1533768234955561,-0.027128166333272086,-0.02217933088541032,-0.23854117809018843,0.23854117809018843,WINNER_LOW,0.7037037037037037,0.014736670700044996,True,0.08365931402282037
abs_body_pct__w240__diff_mean,abs_body_pct,108,1.853964444542555e-05,1.2761371413533516e-05,5.778273031892035e-06,6.113618167091772e-06,0.2382643121730839,0.2382643121730839,WINNER_HIGH,0.6666666666666666,0.014849316715953444,True,0.08416217269965834
close_vs_ema48__w24__diff_std,close_vs_ema48,108,0.005408536319413947,0.004990610128475559,0.0004179261909383867,1.658594701439177e-05,0.2380324239204853,0.2380324239204853,WINNER_HIGH,0.5092592592592593,0.014944254445991715,True,0.08449929998028276
atr72_pct__w24__q75,atr72_pct,108,0.008381837543479546,0.007723506148990795,0.0006583313944887509,0.00029765835497528323,0.23800108818446647,0.23800108818446647,WINNER_HIGH,0.5648148148148148,0.014957125160936524,False,0.08449929998028276
quote_volume_rel24__w24__min,quote_volume_rel24,108,0.4838410593845226,0.4436945586292832,0.04014650075523942,0.0341060608625412,0.2379064168575427,0.2379064168575427,WINNER_HIGH,0.5833333333333334,0.014996070256076077,False,0.08450696440214425
atr72_pct__w72__q10,atr72_pct,108,0.006794877647836175,0.006287523648805088,0.0005073539990310867,0.00014030546881258496,0.23786716934634267,0.23786716934634267,WINNER_HIGH,0.5370370370370371,0.01501224210977212,False,0.08450696440214425
ema72_slope_12h__w72__min,ema72_slope_12h,108,-0.006353606357960315,-0.0045508773612473975,-0.0018027289967129166,-0.001047487549658399,-0.23782174512053322,0.23782174512053322,WINNER_LOW,0.5462962962962963,0.015030978512477472,False,0.08450696440214425
ema_gap_6_24__w72__max,ema_gap_6_24,108,0.013447104795853159,0.01129567502217402,0.0021514297736791414,0.0010365091729909182,0.2377595336834526,0.2377595336834526,WINNER_HIGH,0.5370370370370371,0.015056673128419337,False,0.08451554723929763
close_vs_ema6__w24__q25,close_vs_ema6,108,-0.003975394771546066,-0.0032364967602646812,-0.0007388980112813847,-0.00015686723054386686,-0.23736546771009406,0.23736546771009406,WINNER_LOW,0.5370370370370371,0.015220343774848946,False,0.08525467707324004
macd_hist_pct__w72__pos,macd_hist_pct,108,0.27621996806744764,0.2341926196818585,0.04202734838558913,0.01971224546432493,0.23732531434815252,0.23732531434815252,WINNER_HIGH,0.5555555555555556,0.015237109857241929,True,0.08525467707324004
close_vs_vwap240__w72__q25,close_vs_vwap240,108,-0.0027119908558638096,0.008349589363260072,-0.011061580219123882,-0.014409764518495648,-0.23719398510897197,0.23719398510897197,WINNER_LOW,0.6018518518518519,0.015292061755827004,False,0.08542546319509112
atr24_pct__w72__late_vs_prev,atr24_pct,108,0.0002815168641569067,-0.000294989894033885,0.0005765067581907917,6.0072298947488905e-05,0.23707285450559754,0.23707285450559754,WINNER_HIGH,0.5092592592592593,0.015342903032249763,True,0.08556906699475134
close_vs_vwap72__w240__q25,close_vs_vwap72,108,-0.010258591538365214,-0.007565080415709722,-0.0026935111226554934,-0.002474076009821147,-0.23700410091285573,0.23700410091285573,WINNER_LOW,0.5833333333333334,0.015371827561727893,False,0.08556906699475134
close_vs_ema48__w240__min,close_vs_ema48,108,-0.04694317765016523,-0.040906918910332025,-0.0060362587398332035,-0.0024280045181512833,-0.23695817366188535,0.23695817366188535,WINNER_LOW,0.5462962962962963,0.015391176190934684,False,0.08556906699475134
ema_gap_72_168__w72__z,ema_gap_72_168,108,-0.3395839774015325,-0.7503623949225855,0.41077841752105293,0.5107278451323509,0.2368894481825693,0.2368894481825693,WINNER_HIGH,0.5833333333333334,0.015420170057837319,True,0.08559418205120176
atr14_pct__w240__q75,atr14_pct,108,0.009619024375246631,0.009080865144453667,0.0005381592307929639,0.00021981354802846909,0.23679832310890073,0.23679832310890073,WINNER_HIGH,0.5740740740740741,0.015458689019589907,False,0.08567200554913772
close_vs_vwap24__w72__q75,close_vs_vwap24,108,0.008719671224416406,0.007107748686380715,0.0016119225380356915,0.0009465515846386547,0.23650250463203243,0.23650250463203243,WINNER_HIGH,0.5185185185185185,0.015584325293152937,False,0.08601153008310462
close_vs_sma24__w24__diff_std,close_vs_sma24,108,0.005449962157635363,0.005023087650597856,0.0004268745070375088,3.0842912383377726e-05,0.23644375706710724,0.23644375706710724,WINNER_HIGH,0.5092592592592593,0.015609383971138665,True,0.08601153008310462
volume_rel240__w24__q10,volume_rel240,108,0.6473516289282728,0.5787566968136363,0.06859493211463645,0.015031206607818648,0.2363945044587281,0.2363945044587281,WINNER_HIGH,0.5185185185185185,0.015630420287502365,False,0.08601153008310462
obv_delta__w240__q75,obv_delta,108,1159.0792343704788,1066.443771814417,92.63546255606194,5.219610595703159,0.23632790459764688,0.23632790459764688,WINNER_HIGH,0.5092592592592593,0.015658906024050304,False,0.08601153008310462
avg_trade_quote_rel24__w240__q25,avg_trade_quote_rel24,108,0.8470092316468557,0.8411760940595909,0.0058331375872647355,0.007231861352920532,0.23630815230274013,0.23630815230274013,WINNER_HIGH,0.5740740740740741,0.015667363270020614,False,0.08601153008310462
rebound_low72__w240__pos,rebound_low72,108,0.26098362494829214,0.20603025100211167,0.0549533739461805,-0.003634295240044591,0.236307768165413,0.236307768165413,WINNER_HIGH,0.5185185185185185,0.015667527784654744,True,0.08601153008310462
close_vs_ema72__w240__min,close_vs_ema72,108,-0.05068439027915398,-0.04383762142862436,-0.006846768850529634,-0.004463337920606138,-0.23617633356446457,0.23617633356446457,WINNER_LOW,0.5648148148148148,0.01572390788109773,False,0.0861857458623805
abs_body_pct__w240__q90,abs_body_pct,108,0.008539536381485286,0.008085065802421285,0.00045447057906400264,0.00013747704215347776,0.23601417583417061,0.23601417583417061,WINNER_HIGH,0.5277777777777778,0.01579371627657609,False,0.08623905062648601
close_vs_ema6__w72__accel,close_vs_ema6,108,-0.009683108174040509,-0.006295408606149943,-0.0033876995678905654,-0.0018296367954462767,-0.2359638998320477,0.2359638998320477,WINNER_LOW,0.5648148148148148,0.015815416003554867,True,0.08623905062648601
close_vs_ema6__w240__accel,close_vs_ema6,108,-0.009683108174040509,-0.006295408606149943,-0.0033876995678905654,-0.0018296367954462767,-0.2359638998320477,0.2359638998320477,WINNER_LOW,0.5648148148148148,0.015815416003554867,True,0.08623905062648601
rsi6__d6,rsi6,108,-21.208477008742868,-17.60897873342727,-3.5994982753155957,-3.9107145488262183,-0.23592487855175234,0.23592487855175234,WINNER_LOW,0.6018518518518519,0.015832276380384334,True,0.08623905062648601
abs_body_pct__w72__pos,abs_body_pct,108,0.4107613393398761,0.3739725424762043,0.03678879686367172,0.022266058064997207,0.23581369660779533,0.23581369660779533,WINNER_HIGH,0.5925925925925926,0.01588040398810011,True,0.08624973775265117
close_vs_ema168__w72__pos,close_vs_ema168,108,0.26799051411001495,0.20766664118216588,0.06032387292784901,-0.006458061211742461,0.2358064018782953,0.2358064018782953,WINNER_HIGH,0.5462962962962963,0.015883566231829384,True,0.08624973775265117
close_vs_ema240__w24__diff_std,close_vs_ema240,108,0.005585836181934509,0.005167400900110671,0.0004184352818238376,2.213804982602579e-05,0.23569449471234466,0.23569449471234466,WINNER_HIGH,0.5092592592592593,0.015932148087260928,True,0.0862739301425011
atr72_pct__w72__min,atr72_pct,108,0.006436101525280348,0.00598403638513345,0.00045206514014690003,0.000175358774140477,0.23568250006975208,0.23568250006975208,WINNER_HIGH,0.5740740740740741,0.015937363131843213,False,0.0862739301425011
atr6_pct__w240__delta,atr6_pct,108,0.002344567595476595,0.000930690251334454,0.0014138773441421408,0.0017987330727919468,0.2354916868147188,0.2354916868147188,WINNER_HIGH,0.6111111111111112,0.0160205300808664,True,0.08659009844326089
atr14_pct__w24__delta,atr14_pct,108,0.00126613773808357,0.00022080564572375064,0.0010453320923598192,0.0007213908218545839,0.23528332955599945,0.23528332955599945,WINNER_HIGH,0.6296296296296297,0.016111785372474936,True,0.0867310012966768
ema24_slope_6h__w240__q10,ema24_slope_6h,108,-0.006376824671827274,-0.005651617427361931,-0.0007252072444653431,-0.0004358916310593483,-0.2352649675915147,0.2352649675915147,WINNER_LOW,0.5648148148148148,0.016119849627715666,False,0.0867310012966768
ema_gap_72_168__w72__q25,ema_gap_72_168,108,-0.00016506582936994232,0.004268116095023957,-0.0044331819243938995,-0.005165899323765188,-0.23526233989958475,0.23526233989958475,WINNER_LOW,0.6203703703703703,0.016121003958490112,False,0.0867310012966768
close_vs_sma72__w240__up_share,close_vs_sma72,108,0.4944830202945956,0.48801697161462565,0.006466048679969931,0.0045833319425582775,0.23519092378369152,0.23519092378369152,WINNER_HIGH,0.5833333333333334,0.016152404894959293,True,0.08676645148644031
macd_fast_hist_pct__w240__delta,macd_fast_hist_pct,108,-0.0026911746034599033,-0.002017671371738659,-0.0006735032317212446,-0.00033848891325760633,-0.23496690948027732,0.23496690948027732,WINNER_LOW,0.5740740740740741,0.016251255665020583,True,0.0871635599088604
close_vs_vwap72__w24__std,close_vs_vwap72,108,0.009321302761910137,0.008507403184625286,0.0008138995772848526,0.00035269814543426037,0.23481369067205177,0.23481369067205177,WINNER_HIGH,0.5277777777777778,0.016319176602767767,False,0.08732202680156875
atr72_pct__w24__diff_std,atr72_pct,108,0.00011713671586187923,0.00010338025086740448,1.3756464994474772e-05,4.724678365164434e-06,0.2347621617121344,0.2347621617121344,WINNER_HIGH,0.5555555555555556,0.01634207583592602,True,0.08732202680156875
atr14_pct__w72__mean,atr14_pct,108,0.008102055065575297,0.007483309945436539,0.0006187451201387576,0.0002743359655141826,0.2347054986874934,0.2347054986874934,WINNER_HIGH,0.5925925925925926,0.016367289668559666,False,0.08732202680156875
ema24_slope_6h__w240__late_vs_prev,ema24_slope_6h,108,0.00010638347223195726,-0.0011659589232193763,0.0012723423954513337,0.001266931922873482,0.23467543075786765,0.23467543075786765,WINNER_HIGH,0.6111111111111112,0.016380683323371205,True,0.08732202680156875
dist_high240__w24__delta,dist_high240,108,-0.02168557856553148,-0.017242604844688217,-0.004442973720843266,-0.0020981451525585726,-0.2344528239553595,0.2344528239553595,WINNER_LOW,0.5462962962962963,0.016480146860265676,True,0.08771852902640649
macd_pct__w24__z,macd_pct,108,-1.2134070422810812,-1.4098804946850847,0.1964734524040034,0.13322985619306565,0.23431253058601642,0.23431253058601642,WINNER_HIGH,0.6111111111111112,0.016543107717647533,True,0.08791982931400216
atr72_pct__d6,atr72_pct,108,0.00033800777922536965,0.00021388255593958797,0.00012412522328578168,8.368854312266195e-05,0.23382514503286256,0.23382514503286256,WINNER_HIGH,0.5833333333333334,0.016763504662923926,True,0.08895595721736718
bb_width__w24__diff_std,bb_width,108,0.003527326874771259,0.002995378279862321,0.0005319485949089372,0.00015793634811416262,0.23363103882599184,0.23363103882599184,WINNER_HIGH,0.5740740740740741,0.01685200527564933,True,0.089156424625415
macd_hist_pct__w24__accel,macd_hist_pct,108,-0.0015572217182580061,-0.000870043880518602,-0.0006871778377394043,-0.0002626326602694461,-0.2335476685380603,0.2335476685380603,WINNER_LOW,0.5648148148148148,0.016890144551011014,True,0.089156424625415
dist_high24__w240__min,dist_high24,108,-0.07019914053725423,-0.06374566743012379,-0.006453473107130439,-0.004959635064005853,-0.23350385139715207,0.23350385139715207,WINNER_LOW,0.5648148148148148,0.016910220292544333,False,0.089156424625415
close_vs_sma24__w24__min,close_vs_sma24,108,-0.022211940706391167,-0.019428185758106002,-0.0027837549482851664,-0.00044870013371109884,-0.23348017824810577,0.23348017824810577,WINNER_LOW,0.5555555555555556,0.016921075475966513,False,0.089156424625415
obv_delta__w240__q90,obv_delta,108,2145.462466769748,1988.5317296911167,156.93073707863138,93.89876708984366,0.23342050546065196,0.23342050546065196,WINNER_HIGH,0.5555555555555556,0.016948465604961167,False,0.089156424625415
atr14_pct__w72__up_share,atr14_pct,108,0.5050154336624675,0.5212705767265073,-0.01625514306403972,-0.023611101508140553,-0.23339687926946753,0.23339687926946753,WINNER_LOW,0.6203703703703703,0.01695932105207963,True,0.089156424625415
ema_gap_24_72__w240__q25,ema_gap_24_72,108,-0.005272936719090164,-0.003214772915783181,-0.0020581638033069834,-0.0025419634010177103,-0.23335245775188732,0.23335245775188732,WINNER_LOW,0.5925925925925926,0.016979748012732738,False,0.089156424625415
macd_signal_pct__w72__max,macd_signal_pct,108,0.006895118374140347,0.005737515273816555,0.0011576031003237908,0.0006333960220217707,0.23324373565940354,0.23324373565940354,WINNER_HIGH,0.5277777777777778,0.017029835592777452,False,0.08928535992195315
close_vs_ema6__w24__q10,close_vs_ema6,108,-0.007311738578546619,-0.006383463059703193,-0.0009282755188434276,6.883452879264946e-05,-0.23294687807279632,0.23294687807279632,WINNER_LOW,0.5185185185185185,0.017167266175511404,False,0.08980596672873363
bb_z__w72__pos,bb_z,108,0.1954061169806799,0.21964098173452332,-0.024234864753843465,-0.030469636246562,-0.23291841429992882,0.23291841429992882,WINNER_LOW,0.6203703703703703,0.017180495207756018,True,0.08980596672873363
close_vs_ema6__w72__z,close_vs_ema6,108,-1.6820768044778593,-1.5348913173846623,-0.14718548709319698,-0.095672482252121,-0.23275636831610502,0.23275636831610502,WINNER_LOW,0.5925925925925926,0.017255981798274932,True,0.0900659229083096
close_vs_ema24__w72__q90,close_vs_ema24,108,0.013169737969292328,0.010978538804489223,0.0021911991648031048,0.00034828486386686555,0.232592598724013,0.232592598724013,WINNER_HIGH,0.5185185185185185,0.01733257087748461,False,0.09008843970997905
close_vs_ema6__w24__late_vs_prev,close_vs_ema6,108,-0.003939641092209193,-0.0028998414110531115,-0.0010397996811560813,-0.0005254895251709966,-0.23259139749723234,0.23259139749723234,WINNER_LOW,0.5740740740740741,0.017333133762568346,True,0.09008843970997905
ema24_slope_6h__w24__pos,ema24_slope_6h,108,0.21887135763421173,0.17879747534601909,0.04007388228819257,0.0,0.2325819085827395,0.2325819085827395,WINNER_HIGH,0.46296296296296297,0.01733758076202914,True,0.09008843970997905
ema72_slope_12h__w24__pos,ema72_slope_12h,108,0.3269091356670725,0.2560789224190995,0.070830213247973,0.0,0.23240128635657875,0.23240128635657875,WINNER_HIGH,0.4444444444444444,0.017422423430203126,True,0.09039497735225568
close_vs_sma168__w72__q25,close_vs_sma168,108,-0.007426380574879995,0.0020510515451961616,-0.009477432120076157,-0.01299865348264575,-0.2322086891788676,0.2322086891788676,WINNER_LOW,0.6111111111111112,0.017513297519444818,False,0.09073185396370152
dist_high24__w72__up_share,dist_high24,108,0.49498456882105935,0.48531378833232103,0.009670780488738307,0.006944438815116888,0.23191595042998728,0.23191595042998728,WINNER_HIGH,0.5555555555555556,0.0176522289669876,True,0.09131633830999354
taker_share__w72__q10,taker_share,108,0.41964266559592,0.4156701292704653,0.003972536325454708,0.0028511822223663275,0.2317585981177264,0.2317585981177264,WINNER_HIGH,0.6203703703703703,0.017727311149099964,False,0.09156928668892551
ema_gap_6_24__w240__q10,ema_gap_6_24,108,-0.009462634911566662,-0.008414132697496959,-0.0010485022140697025,-0.0010010554222390049,-0.2314850226900114,0.2314850226900114,WINNER_LOW,0.5925925925925926,0.017858526157321364,False,0.09207830718242535
bb_z__w72__min,bb_z,108,-2.8301721998938807,-2.9608058507795687,0.13063365088568796,0.11731188297271733,0.2314417227566741,0.2314417227566741,WINNER_HIGH,0.6388888888888888,0.017879373015501045,False,0.09207830718242535
obv_delta__d12,obv_delta,108,-2411.1849288763824,-1693.882529120975,-717.3023997554074,-337.31574707031257,-0.2313888735442372,0.2313888735442372,WINNER_LOW,0.5833333333333334,0.01790484669260773,True,0.09207830718242535
atr6_pct__w240__mean,atr6_pct,108,0.007990632046669445,0.007574862264165726,0.00041576978250372184,0.0002356776036322116,0.23126601821691228,0.23126601821691228,WINNER_HIGH,0.5925925925925926,0.017964188420760734,False,0.09215361230733086
atr72_pct__w240__q75,atr72_pct,108,0.009358745611583194,0.008781207611577378,0.0005775380000058147,0.00032479199580848217,0.23124947115816302,0.23124947115816302,WINNER_HIGH,0.5462962962962963,0.017972194336173763,False,0.09215361230733086
close_location__w24__pos,close_location,108,0.24993881351245498,0.2900586671631404,-0.0401198536506854,-0.04417827948927879,-0.231138867702068,0.231138867702068,WINNER_LOW,0.6481481481481481,0.018025788721927567,True,0.09229309393935682
macd_signal_pct__w240__up_share,macd_signal_pct,108,0.48514660392646436,0.47121913339252824,0.013927470533936115,0.012083321809768677,0.23100814665056185,0.23100814665056185,WINNER_HIGH,0.6018518518518519,0.018089314347950042,True,0.09248294192219488
close_vs_sma24__w240__q25,close_vs_sma24,108,-0.00728791149920114,-0.006268001825601376,-0.0010199096735997652,-0.0010994905838742851,-0.230891147735731,0.230891147735731,WINNER_LOW,0.5648148148148148,0.018146340043867275,False,0.09263905274949469
rebound_low24__w72__accel,rebound_low24,108,-0.015163221539060705,-0.007870563105583036,-0.00729265843347767,-0.0020832443202380094,-0.23063635171886457,0.23063635171886457,WINNER_LOW,0.5555555555555556,0.018271081222817353,True,0.09300432465239052
rebound_low24__w240__accel,rebound_low24,108,-0.015163221539060705,-0.007870563105583036,-0.00729265843347767,-0.0020832443202380094,-0.23063635171886457,0.23063635171886457,WINNER_LOW,0.5555555555555556,0.018271081222817353,True,0.09300432465239052
bb_z__d6,bb_z,108,-1.6085644738653813,-1.345350468436394,-0.26321400542898726,-0.23294155970215796,-0.23030847304350296,0.23030847304350296,WINNER_LOW,0.6296296296296297,0.01843272146897944,True,0.09365912693408376
rebound_low24__w24__max,rebound_low24,108,0.03805862360254482,0.03340666384211983,0.004651959760424991,0.0003369377925992005,0.23018241652803265,0.23018241652803265,WINNER_HIGH,0.5092592592592593,0.01849520279553725,False,0.09365912693408376
dist_high24__w72__std,dist_high24,108,0.01288617679340489,0.011380296985239343,0.001505879808165547,0.0005561839556321503,0.2301342939552084,0.2301342939552084,WINNER_HIGH,0.5277777777777778,0.018519104815243926,False,0.09365912693408376
ema_gap_6_24__w240__late_vs_prev,ema_gap_6_24,108,0.00010137335097910923,-0.0017549677013895,0.0018563410523686093,0.0016137661863467657,0.23013044068378738,0.23013044068378738,WINNER_HIGH,0.6203703703703703,0.01852101988292504,True,0.09365912693408376
adx14__d1,adx14,108,0.5045426700057255,0.761640393142416,-0.25709772313669044,-0.10235751867294307,-0.23007351349092506,0.23007351349092506,WINNER_LOW,0.5740740740740741,0.01854933305985552,True,0.09365912693408376
trades_rel240__w240__pos,trades_rel240,108,0.297256621238948,0.25256415890072714,0.04469246233822088,0.01047250456176698,0.23004884554785374,0.23004884554785374,WINNER_HIGH,0.5740740740740741,0.018561613773320388,True,0.09365912693408376
atr6_pct__w72__late_vs_prev,atr6_pct,108,0.0004523648186578713,-0.00037737375392507766,0.000829738572582949,0.00043891529057873415,0.22999750012624964,0.22999750012624964,WINNER_HIGH,0.6111111111111112,0.018587198768159605,True,0.09365912693408376
trades_rel24__w240__max,trades_rel24,108,6.529599331043385,7.101677711804706,-0.5720783807613229,-0.641075658798218,-0.22992992576588453,0.22992992576588453,WINNER_LOW,0.6296296296296297,0.018620918194461697,False,0.09369403010939936
ema168_slope_24h__w240__std,ema168_slope_24h,108,0.006541509332169813,0.005910126595645797,0.0006313827365240152,0.00040427432395517826,0.22981731270121836,0.22981731270121836,WINNER_HIGH,0.5462962962962963,0.018677232413088513,False,0.09384235883415307
stoch_d__w72__up_share,stoch_d,108,0.48598251188242875,0.473611111883764,0.012371399998664854,0.006944447755813599,0.22964580037962937,0.22964580037962937,WINNER_HIGH,0.5462962962962963,0.01876329057979796,True,0.09404019859801192
close_vs_sma240__w240__std,close_vs_sma240,108,0.03185787621057696,0.028683496670176584,0.003174379540400372,0.0014957224950194348,0.22963167981919652,0.22963167981919652,WINNER_HIGH,0.5277777777777778,0.018770391370149363,False,0.09404019859801192
obv_delta__w72__q75,obv_delta,108,1143.076729385941,1023.3146171852394,119.76211220070167,45.081826782226585,0.22952421176744714,0.22952421176744714,WINNER_HIGH,0.5555555555555556,0.018824511855682607,False,0.09412017420119806
atr24_pct__w24__diff_std,atr24_pct,108,0.00028558247612198574,0.0002534155930132127,3.216688310877308e-05,5.552574293687804e-07,0.22949314332160328,0.22949314332160328,WINNER_HIGH,0.5,0.018840183569013052,True,0.09412017420119806
close_vs_ema240__w72__pos,close_vs_ema240,108,0.27080284782547365,0.21152183592569565,0.059281011899778004,-0.004884353745728731,0.22942677769412745,0.22942677769412745,WINNER_HIGH,0.5370370370370371,0.01887369884084465,True,0.09415310249134627
taker_share__w240__q10,taker_share,108,0.4197090395070888,0.41733352254938194,0.00237551695770688,0.0012247741222381758,0.22936395253988026,0.22936395253988026,WINNER_HIGH,0.5740740740740741,0.01890547484729001,False,0.09417727285038913
ema6_slope_3h__w24__accel,ema6_slope_3h,108,-0.005881114708693581,-0.00312032267326214,-0.0027607920354314414,-0.0016731313065974974,-0.2292806534128986,0.2292806534128986,WINNER_LOW,0.5740740740740741,0.01894767942512603,True,0.09425013141331501
close_vs_ema24__w24__diff_std,close_vs_ema24,108,0.005236867891788414,0.0048386564098850445,0.0003982114819033691,1.5968200750649062e-05,0.22922877960909352,0.22922877960909352,WINNER_HIGH,0.5092592592592593,0.018974004150693096,True,0.09425013141331501
adx14__w240__up_share,adx14,108,0.4649691316816542,0.45537808625786397,0.009591045423790264,0.010416653752326976,0.2290139198795453,0.2290139198795453,WINNER_HIGH,0.5833333333333334,0.019083386024046498,True,0.09465900840580228
ema_gap_24_72__w72__up_share,ema_gap_24_72,108,0.4943415624330993,0.4469907414099133,0.04735082102318605,0.06666666567325594,0.22890455706652002,0.22890455706652002,WINNER_HIGH,0.6388888888888888,0.019139275383712052,True,0.09480176489637542
cci20__w72__z,cci20,108,-1.3734029340385288,-1.2476635837427306,-0.1257393502957981,-0.08218997046351434,-0.22878583365827693,0.22878583365827693,WINNER_LOW,0.5740740740740741,0.019200112638996764,True,0.09486041674637945
close_vs_sma72__w24__delta,close_vs_sma72,108,-0.023237955232077553,-0.019274955302885415,-0.00396299992919214,-0.0016929736360907551,-0.22877559175557083,0.22877559175557083,WINNER_LOW,0.5833333333333334,0.01920536890375655,True,0.09486041674637945
close_vs_vwap72__w240__late_vs_prev,close_vs_vwap72,108,0.001292520688501234,-0.004081812421371204,0.005374333109872437,0.004735277965664864,0.2286902551079633,0.2286902551079633,WINNER_HIGH,0.5740740740740741,0.019249214280966674,True,0.09494288059314591
close_vs_sma240__w24__diff_std,close_vs_sma240,108,0.005598311822352655,0.005191573674825054,0.00040673814752760035,1.2653169687837189e-05,0.22831738555532616,0.22831738555532616,WINNER_HIGH,0.5,0.019441834404657674,True,0.0957578801592787
rebound_low72__w72__min,rebound_low72,108,0.01192012833489234,0.009131702303517543,0.0027884260313747957,-0.0003578300418411118,0.22794803908306527,0.22794803908306527,WINNER_HIGH,0.5462962962962963,0.019634316123708105,False,0.09656990644811145
stoch_d__w72__q10,stoch_d,108,22.813505331675213,20.915596564610798,1.8979087670644128,0.19035577774047852,0.22768144001279783,0.22768144001279783,WINNER_HIGH,0.5185185185185185,0.01977429882393899,False,0.09712180194847564
macd_hist_pct__w72__diff_mean,macd_hist_pct,108,-3.137774457026462e-05,-2.4222257006043274e-05,-7.155487564221346e-06,-4.165318819104868e-06,-0.22734216260929702,0.22734216260929702,WINNER_LOW,0.5833333333333334,0.019953720044540053,True,0.09777559718667704
quote_volume_rel72__w240__q75,quote_volume_rel72,108,1.7694919010003407,1.7176072473879214,0.051884653612419424,0.03760386705398555,0.22724622410670092,0.22724622410670092,WINNER_HIGH,0.5462962962962963,0.020004716198104674,False,0.09777559718667704
close_vs_ema24__w72__min,close_vs_ema24,108,-0.026641153287427086,-0.022910421313631732,-0.0037307319737953587,1.519096549600302e-05,-0.22721753571924372,0.22721753571924372,WINNER_LOW,0.5,0.02001998791171892,False,0.09777559718667704
taker_share__w72__std,taker_share,108,0.05704526089269806,0.058920966744146964,-0.001875705851448907,-0.0015782263129949584,-0.22715107360570305,0.22715107360570305,WINNER_LOW,0.6388888888888888,0.02005540739420246,False,0.09777559718667704
dist_high72__w240__min,dist_high72,108,-0.09244241867283429,-0.08332091093891197,-0.009121507733922313,0.0010794494301080704,-0.22712372678425857,0.22712372678425857,WINNER_LOW,0.5092592592592593,0.020069997362218955,False,0.09777559718667704
cci20__w72__std,cci20,108,106.97078415199563,109.96612889325178,-2.995344741256149,-3.5555664062500014,-0.2271140306576694,0.2271140306576694,WINNER_LOW,0.5648148148148148,0.020075172656572524,False,0.09777559718667704
close_location__w72__q25,close_location,108,0.2531411998249866,0.24094100704899535,0.01220019277599123,-0.0013270258903503446,0.22688977255748877,0.22688977255748877,WINNER_HIGH,0.5277777777777778,0.020195200108284524,False,0.09822338634029343
close_vs_ema48__w72__min,close_vs_ema48,108,-0.030136068890526616,-0.02513532629694695,-0.005000742593579668,-0.0013157082597899722,-0.22678373577646035,0.22678373577646035,WINNER_LOW,0.5370370370370371,0.020252173904518462,False,0.09836368353347369
trades_rel240__w24__q75,trades_rel240,108,1.6933643017654065,1.542181543398787,0.15118275836662012,0.05222707986831665,0.22639417480708782,0.22639417480708782,WINNER_HIGH,0.5370370370370371,0.020462708608639392,False,0.09924839390348397
bb_width__w240__up_share,bb_width,108,0.49074073908505617,0.4848765411310726,0.005864197953983592,0.010833320021629345,0.22604603741344706,0.22604603741344706,WINNER_HIGH,0.6203703703703703,0.02065249177618537,True,0.0997595619927456
stoch_d__w24__q90,stoch_d,108,75.24806345833673,71.52889246764006,3.7191709906966595,4.131422424316405,0.22601340397990116,0.22601340397990116,WINNER_HIGH,0.6203703703703703,0.020670361049512642,False,0.0997595619927456
bb_width__w240__delta,bb_width,108,0.0072602529959382356,-0.00035100091856158375,0.007611253914499817,0.007338296400848777,0.22596616424973381,0.22596616424973381,WINNER_HIGH,0.6481481481481481,0.020696252590602954,True,0.0997595619927456
dist_high240__d12,dist_high240,108,-0.019285354050225578,-0.016998448460322765,-0.002286905589902812,-0.0012282513330319485,-0.2259631088077155,0.2259631088077155,WINNER_LOW,0.5648148148148148,0.0206979282292522,True,0.0997595619927456
macd_signal_pct__w24__std,macd_signal_pct,108,0.0021277027243976824,0.0017742399600171699,0.00035346276438051263,4.994189948774868e-05,0.22593976263927132,0.22593976263927132,WINNER_HIGH,0.5092592592592593,0.020710735489486216,False,0.0997595619927456
close_vs_ema12__w72__delta,close_vs_ema12,108,-0.01509756480529042,-0.012496777960030968,-0.002600786845259454,-0.0009738362627103921,-0.22572683759747234,0.22572683759747234,WINNER_LOW,0.5648148148148148,0.02082786577906674,True,0.10018575877496064
atr24_pct__w24__late_vs_prev,atr24_pct,108,0.00031851814734367237,4.306598449154029e-05,0.00027545216285213215,0.00022353508247761056,0.22562896242376962,0.22562896242376962,WINNER_HIGH,0.6018518518518519,0.020881903166928138,True,0.10030771342685124
close_vs_sma24__w72__min,close_vs_sma24,108,-0.02984570879359833,-0.02591102870129463,-0.003934680092303703,-0.0004588941112160681,-0.2255309558646344,0.2255309558646344,WINNER_LOW,0.5277777777777778,0.020936137211611885,False,0.1004302768573481
close_vs_ema12__w24__accel,close_vs_ema12,108,-0.009980907839134388,-0.0066399520928421725,-0.0033409557462922143,-0.004266885295510292,-0.22522774371081192,0.22522774371081192,WINNER_LOW,0.5925925925925926,0.02110471527040355,True,0.1009327789155778
dist_high240__w72__q90,dist_high240,108,-0.039077003587778936,-0.030226793007804426,-0.008850210579974508,0.0026047193445265307,-0.22518532069785038,0.22518532069785038,WINNER_LOW,0.5277777777777778,0.02112839673902206,False,0.1009327789155778
close_vs_ema6__w24__diff_mean,close_vs_ema6,108,-0.00040952518205543767,-0.000344393300474095,-6.513188158134267e-05,-3.562925703590736e-05,-0.22509535933550184,0.22509535933550184,WINNER_LOW,0.5833333333333334,0.02117869285693712,True,0.1009327789155778
close_vs_ema6__d24,close_vs_ema6,108,-0.009828604358820789,-0.008265439228927317,-0.0015631651298934702,-0.0008551021339371801,-0.22509535564526412,0.22509535564526412,WINNER_LOW,0.5833333333333334,0.021178694922263992,True,0.1009327789155778
stoch_d__w24__q75,stoch_d,108,65.5166648582176,61.73648614530211,3.780178712915492,4.055743408203128,0.22502606677923714,0.22502606677923714,WINNER_HIGH,0.6018518518518519,0.021217505415698928,False,0.1009327789155778
ema24_slope_6h__w72__diff_std,ema24_slope_6h,108,0.0009710981219002322,0.0008911697326025372,7.99283892976948e-05,1.890303101390598e-05,0.2250025353641842,0.2250025353641842,WINNER_HIGH,0.5462962962962963,0.021230700255387046,True,0.1009327789155778
avg_trade_quote_rel24__w240__diff_mean,avg_trade_quote_rel24,108,0.000108177111967591,0.0005150169768496253,-0.00040683986488203425,-0.0002156494341761572,-0.22498073708563804,0.22498073708563804,WINNER_LOW,0.5648148148148148,0.02124292973459115,True,0.1009327789155778
close_vs_ema168__w240__min,close_vs_ema168,108,-0.05442018134312497,-0.04568308607324272,-0.008737095269882252,-0.008027151226997377,-0.22465005501754517,0.22465005501754517,WINNER_LOW,0.5462962962962963,0.021429216777785993,False,0.10159426383514523
volume_rel240__w240__z,volume_rel240,108,0.9943011158697859,0.6915841315890214,0.3027169842807645,-0.03390139043331153,0.22463054314461714,0.22463054314461714,WINNER_HIGH,0.5277777777777778,0.021440253563150467,True,0.10159426383514523
close_vs_ema72__w72__q10,close_vs_ema72,108,-0.017046197413307068,-0.012240239930758465,-0.0048059574825486005,-0.0014456628705374897,-0.22426205610907693,0.22426205610907693,WINNER_LOW,0.5277777777777778,0.021649630752166114,False,0.10244757610328133
rebound_low24__w72__q10,rebound_low24,108,0.007184989848475972,0.006196514928618585,0.0009884749198573882,0.000168982229661197,0.22420294804651367,0.22420294804651367,WINNER_HIGH,0.5370370370370371,0.021683383855889922,False,0.10246863965411765
ema6_slope_3h__w240__q10,ema6_slope_3h,108,-0.006218885315185481,-0.005683120626835497,-0.0005357646883499844,-0.0003707856638357043,-0.22412828520547115,0.22412828520547115,WINNER_LOW,0.5462962962962963,0.0217260857525987,False,0.10253187837629912
close_vs_vwap24__w24__min,close_vs_vwap24,108,-0.01952068349944764,-0.017687802801447106,-0.0018328806980005335,0.0002447046572342515,-0.22352593074531296,0.22352593074531296,WINNER_LOW,0.5277777777777778,0.02207331343275083,False,0.10394555106265306
atr6_pct__w72__min,atr6_pct,108,0.0037074019201099873,0.003408736480762147,0.00029866543934784005,0.00016764921601861724,0.22350565578200807,0.22350565578200807,WINNER_HIGH,0.5740740740740741,0.02208508562755254,False,0.10394555106265306
macd_hist_pct__w240__diff_std,macd_hist_pct,108,0.00048519079832153185,0.00045744127888206604,2.774951943946588e-05,2.1166432998143153e-05,0.2233369908322422,0.2233369908322422,WINNER_HIGH,0.5833333333333334,0.022183231923408677,True,0.10426715327440879
avg_trade_quote_rel72__w24__min,avg_trade_quote_rel72,108,0.6711678057909012,0.6339920552240478,0.03717575056685342,0.03228737711906432,0.223245777662478,0.223245777662478,WINNER_HIGH,0.6018518518518519,0.022236469047527036,False,0.10437709028080812
trades_rel72__w24__diff_mean,trades_rel72,108,0.03496520068653842,0.02268929941950504,0.012275901267033382,0.01161529109813273,0.22298232443771454,0.22298232443771454,WINNER_HIGH,0.6018518518518519,0.022390868299616198,True,0.10447655071020061
trades_rel72__d24,trades_rel72,108,0.8391648106389092,0.5445431847703057,0.2946216258686035,0.2787669897079468,0.22298231960964202,0.22298231960964202,WINNER_HIGH,0.6018518518518519,0.022390871137792676,True,0.10447655071020061
bb_width__w72__z,bb_width,108,0.1232228766074749,0.3467095101834275,-0.22348663357595253,-0.2791463643312454,-0.2229581228207317,0.2229581228207317,WINNER_LOW,0.6388888888888888,0.022405099174794472,True,0.10447655071020061
macd_hist_pct__w72__delta,macd_hist_pct,108,-0.0022633890828905757,-0.0017555190593127547,-0.0005078700235778207,-0.00040633163298480217,-0.22295024599771746,0.22295024599771746,WINNER_LOW,0.6111111111111112,0.022409732571890113,True,0.10447655071020061
stoch_k__w24__q75,stoch_k,108,65.9299356672499,62.144870864020454,3.785064803229438,4.869383239746099,0.22290643563799364,0.22290643563799364,WINNER_HIGH,0.5925925925925926,0.022435518632859468,False,0.10447655071020061
rsi14__w240__q10,rsi14,108,36.40322739989669,37.532133967788134,-1.1289065678914385,-1.6030567169189425,-0.22285573927603253,0.22285573927603253,WINNER_LOW,0.6203703703703703,0.022465390325169206,False,0.10447655071020061
macd_fast_hist_pct__w24__diff_std,macd_fast_hist_pct,108,0.000847105248087448,0.000774225041257321,7.288020683012697e-05,-1.465395325794751e-06,0.2228533645639443,0.2228533645639443,WINNER_HIGH,0.5,0.022466790430103193,True,0.10447655071020061
mfi14__w72__up_share,mfi14,108,0.47325102902121013,0.4832304541711454,-0.009979425149935259,-0.011111113429069508,-0.22230797275218264,0.22230797275218264,WINNER_LOW,0.6296296296296297,0.022790392076211145,True,0.10584063889842014
macd_fast_hist_pct__w240__z,macd_fast_hist_pct,108,-1.2679900350739006,-1.0920121524745978,-0.1759778825993029,-0.013799875974655151,-0.2222402642035589,0.2222402642035589,WINNER_LOW,0.5277777777777778,0.02283085132213142,True,0.10588791389057504
ema168_slope_24h__w72__pos,ema168_slope_24h,108,0.46912160038913564,0.3759518333897749,0.09316976699936073,0.1154361993074417,0.22211620348851843,0.22211620348851843,WINNER_HIGH,0.5277777777777778,0.02290514802133827,True,0.10609179156373501
range_pct__w24__diff_std,range_pct,108,0.005644002998316729,0.004950515352646579,0.0006934876456701508,-0.00010457250755280256,0.22202715702672537,0.22202715702672537,WINNER_HIGH,0.5185185185185185,0.02295860682034245,True,0.1061987408078539
dist_high72__w72__q10,dist_high72,108,-0.052620794649960265,-0.045929843102823255,-0.0066909515471370124,-0.003644282370805739,-0.2217642488161782,0.2217642488161782,WINNER_LOW,0.5833333333333334,0.023117084796656324,False,0.10679054892193812
atr72_pct__w72__std,atr72_pct,108,0.0009798148490113413,0.0008442306560701345,0.00013558419294120675,3.512382390908898e-05,0.221607991053527,0.221607991053527,WINNER_HIGH,0.5555555555555556,0.023211730859854913,False,0.10708630978484515
quote_volume_rel72__w24__pos,quote_volume_rel72,108,0.5146991204366915,0.44870704024129,0.06599208019540162,0.01965863406658175,0.2215007992967337,0.2215007992967337,WINNER_HIGH,0.5,0.023276854551953764,True,0.10721816065962678
lower_wick__w24__q25,lower_wick,108,0.12531819008290768,0.1366691585613336,-0.011350968478425916,-0.020587417855858797,-0.2214600879929152,0.2214600879929152,WINNER_LOW,0.5925925925925926,0.023301630569435617,False,0.10721816065962678
dist_high72__w240__late_vs_prev,dist_high72,108,0.001255320887952183,-0.004441893342162211,0.005697214230114394,0.005207100370898842,0.22116035682008378,0.22116035682008378,WINNER_HIGH,0.6018518518518519,0.02348475619928894,True,0.10791878111552354
bb_width__w240__mean,bb_width,108,0.03467309407682882,0.032740234731938,0.001932859344890824,0.0015864213928580284,0.22109385535642545,0.22109385535642545,WINNER_HIGH,0.6018518518518519,0.023525557616922817,False,0.1079644028692639
range_pct__w240__std,range_pct,108,0.0058673793230102295,0.005453585411197748,0.00041379391181248205,0.00012520556338131445,0.2209091453540669,0.2209091453540669,WINNER_HIGH,0.5370370370370371,0.023639212329711015,False,0.10819914264092631
close_location__w240__up_share,close_location,108,0.4988040076913657,0.5023765390669858,-0.0035725313756201043,-0.002083337306976324,-0.22090574518244172,0.22090574518244172,WINNER_LOW,0.5555555555555556,0.023641309024718976,True,0.10819914264092631
close_vs_sma240__w72__q25,close_vs_sma240,108,-0.004519908874701489,0.006970173264239244,-0.011490082138940731,-0.013901184406131506,-0.2208600066078692,0.2208600066078692,WINNER_LOW,0.5925925925925926,0.023669529345241243,False,0.10819914264092631
cci20__w24__pos,cci20,108,0.17806340715658195,0.21744754962764332,-0.039384142471061305,-0.045833637565374376,-0.22067780194069336,0.22067780194069336,WINNER_LOW,0.6388888888888888,0.023782242515223304,True,0.10857245701793197
macd_hist_pct__w72__q90,macd_hist_pct,108,0.002073213374252966,0.0018063432267135123,0.0002668701475394536,4.936262266710403e-05,0.2206196002355252,0.2206196002355252,WINNER_HIGH,0.5185185185185185,0.023818345887165932,False,0.10859550921436671
atr14_pct__w240__q90,atr14_pct,108,0.012108978992155581,0.011390140215452347,0.000718838776703234,0.00026802779175341077,0.22042250197268246,0.22042250197268246,WINNER_HIGH,0.5370370370370371,0.023940967145892927,False,0.10901245066300463
atr72_pct__w240__std,atr72_pct,108,0.0017578339503853822,0.001563555884489755,0.00019427806589562724,2.6202155277132966e-05,0.220309717039749,0.220309717039749,WINNER_HIGH,0.5092592592592593,0.02401138378012138,False,0.10919090907553247
rebound_low24__w24__accel,rebound_low24,108,-0.009220299802143051,-0.004517993130610665,-0.004702306671532386,-0.0038269424112513657,-0.22019446234369422,0.22019446234369422,WINNER_LOW,0.6111111111111112,0.024083530483058002,True,0.10937058483047342
ema_gap_72_168__w72__pos,ema_gap_72_168,108,0.4543922400722901,0.35741302261901886,0.09697921745327119,0.08724432438611984,0.2201467610728222,0.2201467610728222,WINNER_HIGH,0.5092592592592593,0.02411344606928653,True,0.10937058483047342
close_vs_ema6__w240__diff_mean,close_vs_ema6,108,-4.067066581799113e-05,-3.346080817607871e-05,-7.209857641912422e-06,-3.037139367734197e-06,-0.2200339741432057,0.2200339741432057,WINNER_LOW,0.5555555555555556,0.02418430974713898,True,0.10954991086236401
ema24_slope_6h__w240__q25,ema24_slope_6h,108,-0.0027769406528427177,-0.00229569596426026,-0.0004812446885824574,-0.0006149381049908697,-0.21966555626452275,0.21966555626452275,WINNER_LOW,0.5555555555555556,0.024417062856055237,False,0.11045611794288335
volume_rel240__w240__q75,volume_rel240,108,1.7392783849327653,1.6596991427518704,0.07957924218089492,0.07537895441055298,0.21961754912680498,0.21961754912680498,WINNER_HIGH,0.5462962962962963,0.02444753654211945,False,0.11045611794288335
close_vs_vwap24__w240__std,close_vs_vwap24,108,0.012687189901178633,0.012008346026521866,0.0006788438746567676,0.0003813257440924639,0.2194882630909543,0.2194882630909543,WINNER_HIGH,0.6018518518518519,0.024529770221015865,False,0.11068465350050642
atr14_pct__w240__mean,atr14_pct,108,0.007968246104644128,0.0075727277047311255,0.000395518399913002,0.0002814493142068385,0.219226685574758,0.219226685574758,WINNER_HIGH,0.5925925925925926,0.024696892834928073,False,0.1112951472213189
close_vs_sma168__w240__q10,close_vs_sma168,108,-0.03114977454593086,-0.024283030629427493,-0.006866743916503359,-0.009976312820799648,-0.21909417833469197,0.21909417833469197,WINNER_LOW,0.6018518518518519,0.024781933120016114,False,0.11153464622998244
atr72_pct__w240__max,atr72_pct,108,0.011310567061796232,0.01062202504836023,0.0006885420134360039,0.00047536473721265793,0.2189761198071091,0.2189761198071091,WINNER_HIGH,0.5740740740740741,0.024857917073017603,False,0.11173282262768967
ema24_slope_6h__w72__up_share,ema24_slope_6h,108,0.4732510304009473,0.4563271618551678,0.016923868545779472,0.023611119389533974,0.2189209387951548,0.2189209387951548,WINNER_HIGH,0.6203703703703703,0.024893502376154824,True,0.11173970518272562
volume_rel72__w24__pos,volume_rel72,108,0.519139466824493,0.4536917164839839,0.06544775034050904,0.038277892768383004,0.2188747017319998,0.2188747017319998,WINNER_HIGH,0.5092592592592593,0.02492335431584958,True,0.11173970518272562
close_vs_ema48__w24__delta,close_vs_ema48,108,-0.020948154301920482,-0.018030552749809834,-0.0029176015521106486,-0.0011660709977149974,-0.2183423603271182,0.2183423603271182,WINNER_LOW,0.5648148148148148,0.025269319681170965,True,0.11303447050390075
volume_rel240__w72__pos,volume_rel240,108,0.3866338149851395,0.3330153925617062,0.05361842242343334,0.005566042847931408,0.21833092706707802,0.21833092706707802,WINNER_HIGH,0.5185185185185185,0.025276796092093334,True,0.11303447050390075
avg_trade_quote_rel24__w24__delta,avg_trade_quote_rel24,108,0.030855745204866655,0.1219864862345343,-0.09113074102966764,-0.11721471026539804,-0.21811858566488437,0.21811858566488437,WINNER_LOW,0.5925925925925926,0.025416003158566024,True,0.11351183019860202
quote_volume_rel240__w72__pos,quote_volume_rel240,108,0.3814766815846303,0.32805994335730154,0.05341673822732885,0.005488595017232006,0.21805960742016262,0.21805960742016262,WINNER_HIGH,0.5092592592592593,0.02545478737346233,True,0.11354004010841554
close_vs_ema6__w240__q25,close_vs_ema6,108,-0.0024190651232924277,-0.002179662104269179,-0.00023940301902324856,-8.503068820573398e-05,-0.21794159851590675,0.21794159851590675,WINNER_LOW,0.5555555555555556,0.025532546197309883,False,0.11361919248429876
ema_gap_24_72__w240__min,ema_gap_24_72,108,-0.01918858969023589,-0.016233912687372745,-0.0029546770028631457,-0.0026748294476419687,-0.21793407046879298,0.21793407046879298,WINNER_LOW,0.5277777777777778,0.025537513666759746,False,0.11361919248429876
macd_fast_hist_pct__w24__pos,macd_fast_hist_pct,108,0.1902285742883881,0.23574180404086495,-0.04551322975247684,-0.08102648360654711,-0.21763010991936627,0.21763010991936627,WINNER_LOW,0.6851851851851852,0.025738795093124305,True,0.11415961346238729
close_vs_vwap72__w240__q10,close_vs_vwap72,108,-0.022284121840466804,-0.01943996669444325,-0.00284415514602356,-0.002996985521167516,-0.21762043086473998,0.21762043086473998,WINNER_LOW,0.5925925925925926,0.02574522731780216,False,0.11415961346238729
ema_gap_6_24__w240__up_share,ema_gap_6_24,108,0.4906249965230624,0.4826311714119381,0.00799382511112425,0.01374999582767486,0.217472337975216,0.217472337975216,WINNER_HIGH,0.5740740740740741,0.025843818523994314,True,0.11415961346238729
volume_rel72__w240__delta,volume_rel72,108,1.3005039040344182,0.832241327924378,0.46826257611004024,0.1607529416680336,0.21746266520429938,0.21746266520429938,WINNER_HIGH,0.5648148148148148,0.025850269567439573,True,0.11415961346238729
close_vs_ema12__w24__diff_std,close_vs_ema12,108,0.00490714031103481,0.004545738731933481,0.0003614015791013285,-1.5407567843794823e-06,0.21739854415607607,0.21739854415607607,WINNER_HIGH,0.5,0.025893069416885513,True,0.11415961346238729
dist_high24__w24__delta,dist_high24,108,-0.02004683889067059,-0.01552838231454761,-0.004518456576122979,-0.0016601026058197018,-0.2173846230455831,0.2173846230455831,WINNER_LOW,0.5833333333333334,0.02590236975681613,True,0.11415961346238729
range_pct__w24__up_share,range_pct,108,0.48611111331869056,0.5016203743992028,-0.015509261080512295,-0.008333334326744046,-0.21738293242791734,0.21738293242791734,WINNER_LOW,0.5833333333333334,0.025903499414916018,True,0.11415961346238729
macd_signal_pct__w72__up_share,macd_signal_pct,108,0.4738940341329133,0.44207819153865174,0.031815842594261526,0.03333333134651184,0.2173580345362257,0.2173580345362257,WINNER_HIGH,0.6018518518518519,0.025920141003470263,True,0.11415961346238729
close_location__w72__max,close_location,108,0.9950290294709029,0.9974619915088019,-0.0024329620378988758,0.00013846158981323242,-0.21726886893090205,0.21726886893090205,WINNER_LOW,0.6666666666666666,0.025979815634602707,False,0.11427850977887505
atr24_pct__w24__up_share,atr24_pct,108,0.5351080265999945,0.4915895055496582,0.04351852105033619,0.03749999701976778,0.21706378390991443,0.21706378390991443,WINNER_HIGH,0.5648148148148148,0.026117527355521326,True,0.11469865957084352
rebound_low240__w24__diff_std,rebound_low240,108,0.006146354441255055,0.005703282242433892,0.0004430721988211628,-5.920259281992895e-05,0.21702902638455424,0.21702902638455424,WINNER_HIGH,0.5092592592592593,0.026140929847858818,True,0.11469865957084352
atr6_pct__w72__q90,atr6_pct,108,0.01276316144503653,0.011715343955869751,0.0010478174891667784,-1.3541430234943752e-07,0.21675274206329295,0.21675274206329295,WINNER_HIGH,0.5,0.0263276086820351,False,0.11525944244014126
log_ret__w240__min,log_ret,108,-0.02644747871629618,-0.024396021232974748,-0.002051457483321428,-0.0009021107107400894,-0.2167423446678302,0.2167423446678302,WINNER_LOW,0.5370370370370371,0.026334656708513832,False,0.11525944244014126
abs_body_pct__w240__q25,abs_body_pct,108,0.001230710742270781,0.0011580159756704234,7.269476660035761e-05,5.642848554998658e-06,0.21655092288600716,0.21655092288600716,WINNER_HIGH,0.5185185185185185,0.026464710485392912,False,0.11549527666095298
atr72_pct__w72__q25,atr72_pct,108,0.007265191842129247,0.006745488116414183,0.0005197037257150643,0.00012308694422245034,0.21652496517719425,0.21652496517719425,WINNER_HIGH,0.5370370370370371,0.026482389653031402,False,0.11549527666095298
macd_fast_hist_pct__w24__accel,macd_fast_hist_pct,108,-0.002051424727916903,-0.0011155981671570907,-0.0009358265607598123,-0.00047599833606000176,-0.21646090609675028,0.21646090609675028,WINNER_LOW,0.5555555555555556,0.02652606302150769,True,0.11549527666095298
bb_z__d3,bb_z,108,-1.1367466468881402,-0.9529454489307547,-0.18380119795738548,-0.15814839960075916,-0.21642039426282578,0.21642039426282578,WINNER_LOW,0.5555555555555556,0.02655371520938061,True,0.11549527666095298
ema24_slope_6h__w240__min,ema24_slope_6h,108,-0.014990628709913127,-0.013364867002841223,-0.0016257617070719048,-0.00042524943128228153,-0.21638786556362344,0.21638786556362344,WINNER_LOW,0.5555555555555556,0.02657593661767026,False,0.11549527666095298
volume_rel240__w24__pos,volume_rel240,108,0.519767636053816,0.45617979886085747,0.0635878371929586,0.044190625846385945,0.21637211493536143,0.21637211493536143,WINNER_HIGH,0.5277777777777778,0.026586702233933987,True,0.11549527666095298
rebound_low72__w72__accel,rebound_low72,108,-0.018162057874885958,-0.012134665958782773,-0.006027391916103187,-0.0010053532198071487,-0.2161704517946515,0.2161704517946515,WINNER_LOW,0.5185185185185185,0.02672487769744585,True,0.11580780335559868
rebound_low72__w240__accel,rebound_low72,108,-0.018162057874885958,-0.012134665958782773,-0.006027391916103187,-0.0010053532198071487,-0.2161704517946515,0.2161704517946515,WINNER_LOW,0.5185185185185185,0.02672487769744585,True,0.11580780335559868
volume_rel24__w72__pos,volume_rel24,108,0.3746680848783365,0.32019387210969363,0.054474212768642845,0.0015545438509434462,0.2161038193325216,0.2161038193325216,WINNER_HIGH,0.5092592592592593,0.026770670920294313,True,0.11586266857459061
close_location__w72__z,close_location,108,-0.807176268900986,-0.6871058900133464,-0.12007037888763954,-0.14558080509305,-0.2160179152050227,0.2160179152050227,WINNER_LOW,0.6388888888888888,0.02682980999818276,True,0.11588531609333354
close_vs_sma72__w72__up_share,close_vs_sma72,108,0.48315329325419887,0.4682098776653961,0.014943415588802763,0.02083332836627963,0.21589912960998642,0.21589912960998642,WINNER_HIGH,0.5925925925925926,0.026911774138129972,True,0.11588531609333354
close_location__w72__late_vs_prev,close_location,108,-0.020584021286157186,-0.03933290396884399,0.0187488826826868,0.022983242711052298,0.21588462483453452,0.21588462483453452,WINNER_HIGH,0.6203703703703703,0.02692179769058081,True,0.11588531609333354
close_vs_vwap24__w72__min,close_vs_vwap24,108,-0.025605102306818246,-0.022983687703014802,-0.002621414603803444,-0.000338410260155797,-0.2158607727174057,0.2158607727174057,WINNER_LOW,0.5092592592592593,0.026938287847838364,False,0.11588531609333354
body_pct__w240__min,body_pct,108,-0.026054665299684362,-0.024068213004135974,-0.001986452295548386,-0.00089021371677518,-0.21585598887523388,0.21585598887523388,WINNER_LOW,0.5370370370370371,0.026941596220726383,False,0.11588531609333354
volume_rel240__w72__delta,volume_rel240,108,1.4233898035664525,0.8812341111444835,0.5421556924219691,0.1591733465436846,0.2156939351913361,0.2156939351913361,WINNER_HIGH,0.5277777777777778,0.02705387837890154,True,0.1161832360602603
dist_high240__w72__q75,dist_high240,108,-0.04554651793161476,-0.036859740322904185,-0.008686777608710583,-0.00034976731985807315,-0.21566019771326606,0.21566019771326606,WINNER_LOW,0.5092592592592593,0.02707730551590282,False,0.1161832360602603
rebound_low240__w240__diff_std,rebound_low240,108,0.006382637141979541,0.006033657874515349,0.0003489792674641918,0.00012184421066194781,0.21549428331608356,0.21549428331608356,WINNER_HIGH,0.5370370370370371,0.027192774206133186,True,0.11653570024368597
rebound_low72__w240__q90,rebound_low72,108,0.0859686769200144,0.07778657315022969,0.008182103769784725,0.0018264748156070695,0.21540496087609273,0.21540496087609273,WINNER_HIGH,0.5277777777777778,0.02725511672791793,False,0.11665990599452755
quote_volume_rel24__w72__pos,quote_volume_rel24,108,0.37163097917585186,0.31751189636868526,0.054119082807166576,0.0011143772397190325,0.21519933761885915,0.21519933761885915,WINNER_HIGH,0.5,0.027399106852391004,True,0.11711499072042846
quote_volume_rel72__w240__delta,quote_volume_rel72,108,1.2096088782504753,0.7745293641868218,0.43507951406365336,0.1881473004817963,0.21515759620369618,0.21515759620369618,WINNER_HIGH,0.5648148148148148,0.027428417901066888,True,0.11711499072042846
atr24_pct__w72__mean,atr24_pct,108,0.008074879818768413,0.007500746828089985,0.0005741329906784274,0.000273204781115055,0.21508176676898333,0.21508176676898333,WINNER_HIGH,0.5555555555555556,0.027481735928669527,False,0.1171995494421431
dist_high72__w24__accel,dist_high72,108,-0.014383569184415305,-0.010694312327885,-0.0036892568565303086,-0.0033681449247524144,-0.21499567595121336,0.21499567595121336,WINNER_LOW,0.5925925925925926,0.027542378930376966,True,0.11721617914521161
abs_body_pct__w240__mean,abs_body_pct,108,0.0038542577833006225,0.0036730944756763395,0.00018116330762428274,0.00017148589249700304,0.21498107789242663,0.21498107789242663,WINNER_HIGH,0.5648148148148148,0.027552673507967956,False,0.11721617914521161
atr24_pct__w240__q75,atr24_pct,108,0.009380310562577236,0.008895628402630489,0.0004846821599467484,0.00027226801030337793,0.21491183712309567,0.21491183712309567,WINNER_HIGH,0.5740740740740741,0.027601548077392516,False,0.11728142603480149
quote_volume_rel240__w24__q10,quote_volume_rel240,108,0.6556263367335001,0.5870527546162959,0.06857358211720431,0.010612726211547852,0.21484825042021316,0.21484825042021316,WINNER_HIGH,0.5370370370370371,0.027646498417867538,False,0.11732986039718783
macd_hist_pct__w240__min,macd_hist_pct,108,-0.0054743044720790175,-0.004987523744434671,-0.00048678072764434747,-0.0003252801252529025,-0.21459194390231745,0.21459194390231745,WINNER_LOW,0.5462962962962963,0.027828334857017852,False,0.11791808260053512
ema72_slope_12h__w240__min,ema72_slope_12h,108,-0.012153448042226955,-0.010483115234334641,-0.0016703328078923126,-0.0008048164425417783,-0.2145579346508482,0.2145579346508482,WINNER_LOW,0.5370370370370371,0.02785254110038376,False,0.11791808260053512
rebound_low24__w72__min,rebound_low24,108,0.001831721865646277,0.0014502705168347326,0.0003814513488115443,5.944769964116858e-05,0.21447078827396257,0.21447078827396257,WINNER_HIGH,0.5277777777777778,0.027914651979652136,False,0.11803813539642506
rebound_low72__w24__up_share,rebound_low72,108,0.45486111249084826,0.4355709893835915,0.019290123107256713,0.024999988079071056,0.21425903527450518,0.21425903527450518,WINNER_HIGH,0.6203703703703703,0.02806607716216365,True,0.11837780618399696
macd_pct__w240__diff_std,macd_pct,108,0.0007184299018397858,0.0006773236872740433,4.110621456574235e-05,2.8567778645083265e-05,0.2141778901295901,0.2141778901295901,WINNER_HIGH,0.5648148148148148,0.028124294281568707,True,0.11837780618399696
dist_high240__w24__diff_mean,dist_high240,108,-0.000890550427393927,-0.0007136832706336278,-0.0001768671567602993,-5.424865230452248e-06,-0.21416941055538546,0.21416941055538546,WINNER_LOW,0.5092592592592593,0.028130383989692413,True,0.11837780618399696
dist_high240__d24,dist_high240,108,-0.021373210225815623,-0.017128398541047286,-0.0042448116847683395,-0.00013019714970141714,-0.2141694089122638,0.2141694089122638,WINNER_LOW,0.5092592592592593,0.028130385169831705,True,0.11837780618399696
range_pct__w72__pos,range_pct,108,0.4296473859705859,0.38248315673769895,0.04716422923288688,0.0097818698734045,0.21404313646309575,0.21404313646309575,WINNER_HIGH,0.5370370370370371,0.028221205693150255,True,0.11861725517902216
ema_gap_6_24__w240__diff_std,ema_gap_6_24,108,0.001526537382030963,0.0014453459878158931,8.119139421507024e-05,7.61538976803422e-05,0.21396744422710123,0.21396744422710123,WINNER_HIGH,0.5925925925925926,0.0282757695124335,True,0.11870392075027607
rebound_low240__w24__accel,rebound_low240,108,-0.015826489507297217,-0.011512574657293344,-0.0043139148500038705,-0.003765614255098626,-0.21366425720283172,0.21366425720283172,WINNER_LOW,0.5740740740740741,0.028495251267089284,True,0.11948188690768732
dist_high240__w240__min,dist_high240,108,-0.11453917836425481,-0.10379124506618138,-0.010747933298073432,-0.009966494515538216,-0.2135245150082678,0.2135245150082678,WINNER_LOW,0.5370370370370371,0.028596912817279205,False,0.11976455583476092
ema24_slope_6h__w24__z,ema24_slope_6h,108,-1.1013907926174364,-1.275143067907818,0.1737522752903816,0.06165572404861441,0.21322928635754076,0.21322928635754076,WINNER_HIGH,0.5648148148148148,0.02881273177251046,True,0.1203059165379159
close_location__w72__std,close_location,108,0.29850847356849247,0.3025445072463266,-0.004036033677834053,-0.0029617875814437755,-0.2132210743539298,0.2132210743539298,WINNER_LOW,0.5740740740740741,0.028818755210027074,False,0.1203059165379159
atr72_pct__w24__accel,atr72_pct,108,0.0003249692555458397,0.00019704924713668907,0.00012792000840915064,7.895693124737589e-05,0.2132065864741226,0.2132065864741226,WINNER_HIGH,0.6018518518518519,0.02882938463219146,True,0.1203059165379159
ema6_slope_3h__w240__diff_std,ema6_slope_3h,108,0.002582023412860171,0.0024494480897879443,0.0001325753230722276,8.395999902859335e-05,0.213131373790538,0.213131373790538,WINNER_HIGH,0.5555555555555556,0.02888462146402965,True,0.12039275477915577
atr72_pct__w24__mean,atr72_pct,108,0.008076346061123466,0.007505015306243742,0.000571330754879724,0.0002493327483534813,0.21295340759323486,0.21295340759323486,WINNER_HIGH,0.5740740740740741,0.029015689428348798,False,0.12074383332930388
range_pct__w240__up_share,range_pct,108,0.47569444334065475,0.4796296299607665,-0.003935186620111817,-0.0016666710376739557,-0.2129233086147726,0.2129233086147726,WINNER_LOW,0.5462962962962963,0.02903790787244626,True,0.12074383332930388
volume_rel240__w24__q75,volume_rel240,108,1.821728852060106,1.6030256059986574,0.21870324606144875,-0.08058227300643928,0.212835621870275,0.212835621870275,WINNER_HIGH,0.5462962962962963,0.029102721081499656,False,0.12086961475297422
volume_rel240__d1,volume_rel240,108,0.8596536624417813,0.4537248078220593,0.40592885461972195,0.03339607343077659,0.21250719821017203,0.21250719821017203,WINNER_HIGH,0.5277777777777778,0.029346597012333026,True,0.12158407728326116
close_vs_vwap24__w24__q90,close_vs_vwap24,108,0.00909749789180178,0.006857317785451651,0.0022401801063501297,-5.204603075981487e-06,0.21246865596508852,0.21246865596508852,WINNER_HIGH,0.5,0.029375333703808525,False,0.12158407728326116
macd_fast_hist_pct__w240__std,macd_fast_hist_pct,108,0.00202934139222769,0.0019127944070431923,0.0001165469851844978,8.108395850285892e-05,0.21246367113648537,0.21246367113648537,WINNER_HIGH,0.5648148148148148,0.029379052131643033,False,0.12158407728326116
close_vs_ema24__w24__min,close_vs_ema24,108,-0.019551058773315703,-0.017103175931347154,-0.002447882841968547,0.000219699973240495,-0.212326338325302,0.212326338325302,WINNER_LOW,0.5185185185185185,0.029481657015791005,False,0.12182382259222192
close_vs_ema240__w24__up_share,close_vs_ema240,108,0.4537037050834409,0.43449074118225667,0.019212963901184217,0.041666656732559204,0.21223589214313338,0.21223589214313338,WINNER_HIGH,0.6296296296296297,0.02954940227862511,True,0.12182382259222192
quote_volume_rel240__w24__pos,quote_volume_rel240,108,0.5141742799379345,0.45153855484914623,0.06263572508878833,0.029849125817418082,0.21221785093386822,0.21221785093386822,WINNER_HIGH,0.5092592592592593,0.02956293158849349,True,0.12182382259222192
atr24_pct__w72__z,atr24_pct,108,0.44397482302910823,0.14078912075643465,0.3031857022726736,0.0695239178836346,0.21219999161143274,0.21219999161143274,WINNER_HIGH,0.5370370370370371,0.029576329820073324,True,0.12182382259222192
close_vs_sma240__w72__z,close_vs_sma240,108,-1.1812982050081093,-1.4357191776723122,0.25442097266420244,0.22795100696384907,0.21198721912220322,0.21198721912220322,WINNER_HIGH,0.5648148148148148,0.02973636157424073,True,0.1223388899119057
ema168_slope_24h__w72__q25,ema168_slope_24h,108,-0.0009004075908268094,0.001267392078901779,-0.0021677996697285888,-0.003091104567283764,-0.21150017891626133,0.21150017891626133,WINNER_LOW,0.6111111111111112,0.030105522001407085,False,0.12371211567440726
ema72_slope_12h__w240__diff_std,ema72_slope_12h,108,0.0004853848708821547,0.0004578590525650522,2.752581831710241e-05,1.851156121119858e-05,0.21141933928744805,0.21141933928744805,WINNER_HIGH,0.5740740740740741,0.030167180710285433,True,0.12378288067010138
quote_volume_rel240__w240__z,quote_volume_rel240,108,0.9330309238974694,0.6635326126323049,0.26949831126516477,-0.0468453218229115,0.2113848285762256,0.2113848285762256,WINNER_HIGH,0.5185185185185185,0.030193536520330706,True,0.12378288067010138
obv_delta__w24__std,obv_delta,108,2030.8248929624203,1808.001217312283,222.82367565013752,39.66674194335934,0.2111622334836312,0.2111622334836312,WINNER_HIGH,0.5370370370370371,0.0303640148180678,False,0.12428151489690274
dist_high24__w240__diff_std,dist_high24,108,0.00550020804102705,0.0052169491200604375,0.00028325892096661313,0.000133022223599255,0.2111332889385741,0.2111332889385741,WINNER_HIGH,0.5370370370370371,0.030386243991092892,True,0.12428151489690274
close_vs_vwap240__w24__diff_std,close_vs_vwap240,108,0.005570945488418349,0.005208373321996381,0.0003625721664219681,-0.00010410188697278515,0.21098580120533378,0.21098580120533378,WINNER_HIGH,0.5277777777777778,0.0304997336570246,True,0.12449471493975317
ema6_slope_3h__w72__delta,ema6_slope_3h,108,-0.008494072192223501,-0.0069402701254577745,-0.0015538020667657253,-0.0017980409786105152,-0.21092556467277318,0.21092556467277318,WINNER_LOW,0.5833333333333334,0.030546190871657032,True,0.12449471493975317
atr6_pct__w72__accel,atr6_pct,108,0.001952414652502436,0.0036657399095542196,-0.0017133252570517843,-0.0004313042155445147,-0.21088077831498622,0.21088077831498622,WINNER_LOW,0.5277777777777778,0.030580772128466677,True,0.12449471493975317
atr6_pct__w240__accel,atr6_pct,108,0.001952414652502436,0.0036657399095542196,-0.0017133252570517843,-0.0004313042155445147,-0.21088077831498622,0.21088077831498622,WINNER_LOW,0.5277777777777778,0.030580772128466677,True,0.12449471493975317
dist_high72__w240__mean,dist_high72,108,-0.03172677925235971,-0.02907745647589089,-0.002649322776468816,-0.0004653368145227446,-0.21076235697402732,0.21076235697402732,WINNER_LOW,0.5370370370370371,0.030672374079333632,False,0.12472004539749841
close_vs_vwap240__w72__pos,close_vs_vwap240,108,0.27995781843653983,0.22256670796470845,0.057391110471831375,-0.0017997828428633566,0.21067311495298915,0.21067311495298915,WINNER_HIGH,0.5185185185185185,0.030741562864165177,True,0.12472004539749841
rebound_low24__w72__std,rebound_low24,108,0.015019433551329982,0.013369081729885053,0.0016503518214449288,-6.665112450718845e-05,0.2106368684631467,0.2106368684631467,WINNER_HIGH,0.5,0.03076970332533721,False,0.12472004539749841
close_vs_sma72__w72__q10,close_vs_sma72,108,-0.019710851413644075,-0.014836812568992844,-0.004874038844651228,-0.002612824831157923,-0.21062518132287442,0.21062518132287442,WINNER_LOW,0.5370370370370371,0.030778781577935697,False,0.12472004539749841
trades_rel240__w240__z,trades_rel240,108,0.9680311738823851,0.6943311746611639,0.2736999992212211,-0.03520399034023286,0.21047275349847866,0.21047275349847866,WINNER_HIGH,0.5092592592592593,0.03089739708321145,True,0.1250557842592482
ema6_slope_3h__w72__q90,ema6_slope_3h,108,0.006162537703790737,0.005458953597688513,0.0007035841061022237,-6.106859073042861e-05,0.2102838054240392,0.2102838054240392,WINNER_HIGH,0.5092592592592593,0.03104498394150761,False,0.12547334897355364
rebound_low240__w24__up_share,rebound_low240,108,0.45910493891548226,0.440509261439244,0.018595677476238318,0.03333332836627961,0.21024888801339361,0.21024888801339361,WINNER_HIGH,0.5925925925925926,0.03107232491023662,True,0.12547334897355364
close_vs_ema6__w240__delta,close_vs_ema6,108,-0.00953315712718837,-0.007844702016845312,-0.001688455110343057,-0.0004585282527841631,-0.21007073340463076,0.21007073340463076,WINNER_LOW,0.5555555555555556,0.03121214967979712,True,0.1255641572615294
quote_volume_rel240__w24__q75,quote_volume_rel240,108,1.8258385489936229,1.617558464904626,0.20828008408899662,-0.07235288619995117,0.21004628150554003,0.21004628150554003,WINNER_HIGH,0.5555555555555556,0.031231383436093003,False,0.1255641572615294
close_vs_ema12__w72__q90,close_vs_ema12,108,0.008960733178860715,0.00784956251995431,0.0011111706589064043,0.0005018424009904264,0.21003238663878598,0.21003238663878598,WINNER_HIGH,0.5277777777777778,0.031242317671815855,False,0.1255641572615294
dist_high24__d24,dist_high24,108,-0.019924543507200992,-0.015515602303356801,-0.0044089412038441946,-0.0012159163132309907,-0.20999171806520486,0.20999171806520486,WINNER_LOW,0.5370370370370371,0.03127433998476451,True,0.1255641572615294
dist_high24__w24__diff_mean,dist_high24,108,-0.0008301893104813913,-0.0006464834319379625,-0.0001837058785434288,-5.066316807642582e-05,-0.2099917129656328,0.2099917129656328,WINNER_LOW,0.5370370370370371,0.03127434400194226,True,0.1255641572615294
macd_fast_hist_pct__w240__diff_std,macd_fast_hist_pct,108,0.000874031898328448,0.000828832712809176,4.519918551927224e-05,3.628482809290288e-05,0.2097883569286512,0.2097883569286512,WINNER_HIGH,0.5833333333333334,0.03143489471508143,True,0.1260640215810089
range_pct__w240__z,range_pct,108,1.0766874927751444,0.8102202271111311,0.26646726566401346,-0.03534557074308395,0.2094931455787941,0.2094931455787941,WINNER_HIGH,0.5185185185185185,0.031669241412847056,True,0.12685834733187418
trades_rel240__d6,trades_rel240,108,0.889912840548075,0.5566254606356206,0.3332873799124543,0.14019921496510507,0.20931091893795592,0.20931091893795592,WINNER_HIGH,0.5925925925925926,0.031814654908145126,True,0.12729502083956923
quote_volume_rel240__w240__q75,quote_volume_rel240,108,1.7629812768212072,1.6800365699662103,0.08294470685499686,0.05750914812088004,0.20896326682277683,0.20896326682277683,WINNER_HIGH,0.5740740740740741,0.03209368563924292,False,0.1282647070633514
log_ret__w240__up_share,log_ret,108,0.49668209585878587,0.5013194389365337,-0.004637343077747912,-0.0033333301544189453,-0.20858498649942622,0.20858498649942622,WINNER_LOW,0.5925925925925926,0.03239971289758612,True,0.12916383268215534
body_pct__w240__up_share,body_pct,108,0.49668209585878587,0.5013194389365337,-0.004637343077747912,-0.0033333301544189453,-0.20858498649942622,0.20858498649942622,WINNER_LOW,0.5925925925925926,0.03239971289758612,True,0.12916383268215534
ema168_slope_24h__w72__diff_mean,ema168_slope_24h,108,-3.6205848451337025e-06,-3.3089018538450744e-05,2.9468433693317044e-05,3.093553650614922e-05,0.20854837359279885,0.20854837359279885,WINNER_HIGH,0.6018518518518519,0.032429466712877435,True,0.12916383268215534
ema6_slope_3h__w240__q25,ema6_slope_3h,108,-0.002574754486515842,-0.002308364239838233,-0.00026639024667760914,-6.5058481413871e-05,-0.2084858673832755,0.2084858673832755,WINNER_LOW,0.5277777777777778,0.03248031781304938,False,0.12921919384781988
close_vs_ema48__w72__q90,close_vs_ema48,108,0.017602492627500195,0.014394700895893578,0.003207791731606618,0.00029521677643060693,0.20810968101090654,0.20810968101090654,WINNER_HIGH,0.5092592592592593,0.0327878244320028,False,0.13029434322581113
lower_wick__w24__pos,lower_wick,108,0.2825911115721316,0.3332591542948884,-0.050668042722756775,-0.06066083852201701,-0.20802706069115903,0.20802706069115903,WINNER_LOW,0.6666666666666666,0.03285569845029424,True,0.1304158654718263
ema72_slope_12h__w240__q10,ema72_slope_12h,108,-0.006737336397396508,-0.005661799923102619,-0.0010755364742938884,-0.0015446150791831315,-0.20794996475922217,0.20794996475922217,WINNER_LOW,0.6203703703703703,0.032919144080292485,False,0.13051955425032066
atr6_pct__d3,atr6_pct,108,0.0019175620236132494,0.0012891695878587833,0.0006283924357544661,0.00037097845342941576,0.20778184445754735,0.20778184445754735,WINNER_HIGH,0.5648148148148148,0.033057866616133254,True,0.13091308891034842
atr6_pct__w24__max,atr6_pct,108,0.01321776364541923,0.012112420495530525,0.0011053431498887086,-0.00010998928919434513,0.20770677064954154,0.20770677064954154,WINNER_HIGH,0.5092592592592593,0.03311997660499669,False,0.13091308891034842
dist_high72__w240__diff_std,dist_high72,108,0.005350277785004841,0.005098659555962378,0.0002516182290424627,0.00010664907749742243,0.20769381249742624,0.20769381249742624,WINNER_HIGH,0.5370370370370371,0.03313070737365123,True,0.13091308891034842
macd_hist_pct__w240__diff_mean,macd_hist_pct,108,-8.692556065960212e-06,-6.530751155044402e-06,-2.16180491091581e-06,-1.29530900210284e-06,-0.2073097671666226,0.2073097671666226,WINNER_LOW,0.5740740740740741,0.03345011173824121,True,0.132026005359627
ema6_slope_3h__w72__diff_mean,ema6_slope_3h,108,-0.00011797305817211693,-9.66307503578442e-05,-2.1342307814272752e-05,-1.714016070764046e-05,-0.20723470696817609,0.20723470696817609,WINNER_LOW,0.5740740740740741,0.033512849225258906,True,0.13212450252618985
rebound_low72__w72__q90,rebound_low72,108,0.06934345132429842,0.06112296575404427,0.008220485570254147,0.0043104905635118484,0.2071025253807922,0.2071025253807922,WINNER_HIGH,0.5092592592592593,0.033623578580966026,False,0.1323493551258734
volume_rel72__w24__min,volume_rel72,108,0.5055292957910785,0.4589987279640304,0.04653056782704811,0.009730528295040147,0.20707631211215646,0.20707631211215646,WINNER_HIGH,0.5277777777777778,0.033645575266485976,False,0.1323493551258734
volume_rel240__w240__pos,volume_rel240,108,0.25861972889483525,0.21945771513036794,0.03916201376446729,-0.00022562261437996875,0.2069705513440484,0.2069705513440484,WINNER_HIGH,0.5092592592592593,0.03373445049750422,True,0.13254985774131714
trades_rel24__w72__diff_std,trades_rel24,108,0.7359618254833751,0.8009627920609934,-0.06500096657761821,-0.09357619881629942,-0.20683339907898834,0.20683339907898834,WINNER_LOW,0.6666666666666666,0.0338500084670763,True,0.1328546348028797
close_vs_ema12__d24,close_vs_ema12,108,-0.014167659043138244,-0.012311411000775008,-0.0018562480423632355,-0.0009172998019494116,-0.20668730826856171,0.20668730826856171,WINNER_LOW,0.5370370370370371,0.03397347497598851,True,0.13304060012429786
close_vs_ema12__w24__diff_mean,close_vs_ema12,108,-0.000590319126533561,-0.0005129754594581417,-7.734366707541927e-05,-3.822081216640072e-05,-0.20668730356603704,0.20668730356603704,WINNER_LOW,0.5370370370370371,0.0339734789565336,True,0.13304060012429786
close_vs_vwap240__w24__min,close_vs_vwap240,108,-0.014464960297724852,-0.0052698138566349235,-0.009195146441089933,-0.006299399770796299,-0.2064898797291672,0.2064898797291672,WINNER_LOW,0.5648148148148148,0.034140948989377605,False,0.13354686646068623
stoch_k__w24__q90,stoch_k,108,77.61125179573342,74.22812161975436,3.3831301759790495,3.448464965820314,0.20642877025079964,0.20642877025079964,WINNER_HIGH,0.6296296296296297,0.03419293153822088,False,0.13360076155213232
avg_trade_quote_rel240__w24__std,avg_trade_quote_rel240,108,0.22329186744712018,0.23888035293806478,-0.01558848549094465,-0.017723694443702684,-0.20631679555613627,0.20631679555613627,WINNER_LOW,0.6203703703703703,0.03428836040658089,False,0.1336787920752945
macd_pct__w24__std,macd_pct,108,0.0025648594773546966,0.002219264728019307,0.0003455947493353893,0.0001164261950179935,0.20631562924978952,0.20631562924978952,WINNER_HIGH,0.5277777777777778,0.0342893555880867,False,0.1336787920752945
close_location__w240__late_vs_prev,close_location,108,-0.00728618977020098,-0.01656442352825117,0.00927823375805019,0.00849889349192381,0.20619129372946884,0.20619129372946884,WINNER_HIGH,0.6018518518518519,0.034395591796673855,True,0.13394363531510967
avg_trade_quote_rel24__w240__q10,avg_trade_quote_rel24,108,0.731377289251045,0.7250630283797228,0.00631426087132206,0.006172949075698875,0.20593981793558971,0.20593981793558971,WINNER_HIGH,0.5925925925925926,0.034611332643767895,False,0.13463384900473452
ema168_slope_24h__w72__delta,ema168_slope_24h,108,-0.00030964103980632326,-0.002390554742101324,0.002080913702295,0.0020896885893307623,0.20568163634668768,0.20568163634668768,WINNER_HIGH,0.6018518518518519,0.034834044820417014,True,0.13520915112121235
close_vs_sma24__w72__q75,close_vs_sma24,108,0.008334264771056714,0.006834601651859917,0.0014996631191967968,0.00039451181655749627,0.20567873047487498,0.20567873047487498,WINNER_HIGH,0.5185185185185185,0.034836558524510244,False,0.13520915112121235
close_vs_sma240__w72__pos,close_vs_sma240,108,0.2829285729320772,0.22384769594419696,0.0590808769878802,-0.004230172070674598,0.2056100548515775,0.2056100548515775,WINNER_HIGH,0.5277777777777778,0.03489601163065382,True,0.13528974797383195
close_vs_ema6__w72__q10,close_vs_ema6,108,-0.006390786231754141,-0.005644708030201772,-0.00074607820155237,-0.00023113559000194068,-0.20552074847904891,0.20552074847904891,WINNER_LOW,0.5277777777777778,0.03497345635300991,False,0.13538131067983009
close_vs_ema24__w240__late_vs_prev,close_vs_ema24,108,-0.0003500045556932121,-0.002543455339508472,0.00219345078381526,0.002457874758692924,0.2054935682736097,0.2054935682736097,WINNER_HIGH,0.6203703703703703,0.03499705600645307,True,0.13538131067983009
quote_volume_rel72__w24__min,quote_volume_rel72,108,0.5075217550275503,0.460299072800963,0.04722268222658722,0.007909055054187764,0.20542867014179791,0.20542867014179791,WINNER_HIGH,0.5277777777777778,0.035053460625867956,False,0.1354496705068069
dist_high72__w24__min,dist_high72,108,-0.05473455563360066,-0.048528802089600094,-0.006205753544000564,-0.0009647829458117492,-0.20488667266359062,0.20488667266359062,WINNER_LOW,0.5462962962962963,0.03552760514516296,False,0.13709172191858016
macd_pct__w24__accel,macd_pct,108,-0.0027773465476962477,-0.001998471534729426,-0.0007788750129668222,-0.0004505410135607235,-0.20485348463273076,0.20485348463273076,WINNER_LOW,0.6018518518518519,0.035556817780998624,True,0.13709172191858016
close_location__w240__min,close_location,108,0.0010517664176387807,0.0003660033848047061,0.0006857630328340748,-4.5151544327382e-06,0.20460866072113068,0.20460866072113068,WINNER_HIGH,0.5370370370370371,0.03577295845321819,False,0.1377731670824934
rebound_low72__d3,rebound_low72,108,-0.010357771647981642,-0.008422741566836419,-0.0019350300811452226,-0.000731233868282288,-0.20455986611285332,0.20455986611285332,WINNER_LOW,0.6111111111111112,0.03581617189460783,True,0.1377878472117091
atr24_pct__w240__mean,atr24_pct,108,0.007951385432129933,0.007581468872484508,0.0003699165596454233,0.00025036321021616476,0.2044865862083711,0.2044865862083711,WINNER_HIGH,0.5833333333333334,0.03588115479115773,False,0.13788615198316326
close_vs_ema240__w240__min,close_vs_ema240,108,-0.05329587963771903,-0.04411981407807886,-0.009176065559640173,-0.01069286074489355,-0.20425723510649219,0.20425723510649219,WINNER_LOW,0.5740740740740741,0.036085197275644215,False,0.13851804047522265
close_vs_ema12__w24__q90,close_vs_ema12,108,0.006236342151792256,0.005018248962086445,0.0012180931897058111,0.00023387948949675757,0.20412408256336576,0.20412408256336576,WINNER_HIGH,0.5462962962962963,0.03620411622607043,False,0.1388221430291319
ema24_slope_6h__w24__diff_std,ema24_slope_6h,108,0.0008978530308080803,0.0008196927052469821,7.816032556109818e-05,2.1547422511503068e-05,0.20400381443596627,0.20400381443596627,WINNER_HIGH,0.5370370370370371,0.03631181908091725,True,0.13908261919602147
bb_z__w72__std,bb_z,108,1.220467836216644,1.2480157986835199,-0.02754796246687571,-0.017951929569244407,-0.2037021025539085,0.2037021025539085,WINNER_LOW,0.5740740740740741,0.03658322840715939,False,0.1399342421150265
range_pct__w72__late_vs_prev,range_pct,108,0.0006590225135554378,-7.913843586051271e-05,0.0007381609494159503,0.00047302815510192887,0.20366331548229571,0.20366331548229571,WINNER_HIGH,0.6018518518518519,0.036618246707744315,True,0.1399342421150265
trades_rel240__w72__delta,trades_rel240,108,1.0003897205719516,0.6599390079591374,0.34045071261281445,0.09622018765658136,0.20362351714114701,0.20362351714114701,WINNER_HIGH,0.5185185185185185,0.036654208114773885,True,0.1399342421150265
close_vs_ema240__w72__q25,close_vs_ema240,108,-0.002896849363255401,0.0057819865154602615,-0.00867883587871566,-0.012428928166627884,-0.20326042747928633,0.20326042747928633,WINNER_LOW,0.6111111111111112,0.03698370374569466,False,0.14097663327616347
ema_gap_24_72__w240__diff_std,ema_gap_24_72,108,0.0006378871405980101,0.0006040374510188553,3.384968957915489e-05,2.42818088736385e-05,0.20323389866667013,0.20323389866667013,WINNER_HIGH,0.5648148148148148,0.037007877994714916,True,0.14097663327616347
close_vs_ema72__w72__up_share,close_vs_ema72,108,0.48456790381007725,0.47199074372097294,0.012577160089104264,0.026388889551162725,0.2030872836327199,0.2030872836327199,WINNER_HIGH,0.6111111111111112,0.03714172643911307,True,0.1413161620287662
abs_body_pct__d3,abs_body_pct,108,0.004239737290643259,0.0029980225282787176,0.0012417147623645416,0.0010196862280281494,0.20304781536832123,0.20304781536832123,WINNER_HIGH,0.6203703703703703,0.03717782930124819,True,0.1413161620287662
close_vs_ema6__w24__diff_std,close_vs_ema6,108,0.004292192993927057,0.003990391948846755,0.00030180104508030194,-5.442837718874229e-05,0.2029079809362664,0.2029079809362664,WINNER_HIGH,0.5185185185185185,0.03730598417058432,True,0.14155347920559794
stoch_k__w72__mean,stoch_k,108,52.81418639642221,51.101536637765406,1.7126497586568195,0.9154304504394553,0.20289138369569865,0.20289138369569865,WINNER_HIGH,0.5462962962962963,0.03732122042538213,False,0.14155347920559794
quote_volume_rel240__d1,quote_volume_rel240,108,0.7945678881455764,0.4400911987773186,0.3544766893682579,0.03039821535348894,0.202619724640526,0.202619724640526,WINNER_HIGH,0.5277777777777778,0.037571367702702946,True,0.14223431864673103
dist_high24__w240__late_vs_prev,dist_high24,108,-0.00031589745385981924,-0.0032007835473753707,0.0028848860935155513,0.001886410778388381,0.2026081332357685,0.2026081332357685,WINNER_HIGH,0.5462962962962963,0.03758207332844709,True,0.14223431864673103
rebound_low72__w240__q10,rebound_low72,108,0.014359310454757954,0.016235748610321295,-0.0018764381555633413,-0.0023788189049810168,-0.20249938480595356,0.20249938480595356,WINNER_LOW,0.5833333333333334,0.0376826397916376,False,0.1424607474068721
trades_rel72__w240__diff_mean,trades_rel72,108,0.0033623419382854116,0.0019943007178561084,0.001368041220429303,0.001428393907553982,0.20239469158313073,0.20239469158313073,WINNER_HIGH,0.6018518518518519,0.03777967541359154,True,0.14267335304679224
close_vs_ema168__w24__up_share,close_vs_ema168,108,0.4533179032581824,0.43456790198882417,0.018750001269358173,0.041666656732559204,0.20229816461728814,0.20229816461728814,WINNER_HIGH,0.6388888888888888,0.03786933299668005,True,0.14285766719459564
log_ret__w72__pos,log_ret,108,0.30602884626542043,0.3357476100394571,-0.029718763774036667,-0.049409867823123926,-0.2021931416519325,0.2021931416519325,WINNER_LOW,0.5925925925925926,0.03796709036689867,True,0.14307210669509124
close_vs_vwap240__w240__min,close_vs_vwap240,108,-0.05473840160131523,-0.04612408150814762,-0.008614320093167609,-0.013276160880923274,-0.20207168835720027,0.20207168835720027,WINNER_LOW,0.5925925925925926,0.03808041270527173,False,0.14334467516720695
rebound_low24__w240__pos,rebound_low24,108,0.13311461437303848,0.1074505608843605,0.02566405348867799,-0.006479357380885631,0.20194308701317787,0.20194308701317787,WINNER_HIGH,0.5370370370370371,0.03820072235620679,True,0.1433464441300543
body_pct__w72__pos,body_pct,108,0.30312435786860686,0.33253829612017227,-0.02941393825156545,-0.049260216206312185,-0.2018992323595652,0.2018992323595652,WINNER_LOW,0.5925925925925926,0.038241824304872385,True,0.1433464441300543
ema_gap_72_168__w24__min,ema_gap_72_168,108,0.00018541815616454524,0.0038067571458803426,-0.0036213389897157963,-0.00441211688448675,-0.20187826185048177,0.20187826185048177,WINNER_LOW,0.5833333333333334,0.03826149199090795,False,0.1433464441300543
rebound_low72__w240__delta,rebound_low72,108,-0.015229573530464054,-0.025344033901543574,0.010114460371079515,0.013133100292179737,0.201831230156049,0.201831230156049,WINNER_HIGH,0.6018518518518519,0.03830563348631578,True,0.1433464441300543
bb_width__w72__accel,bb_width,108,-0.0064546201088146685,0.00413396598577391,-0.010588586094588579,0.0010633023903210397,-0.2018086621577693,0.2018086621577693,WINNER_LOW,0.5277777777777778,0.0383268302149273,True,0.1433464441300543
bb_width__w240__accel,bb_width,108,-0.0064546201088146685,0.00413396598577391,-0.010588586094588579,0.0010633023903210397,-0.2018086621577693,0.2018086621577693,WINNER_LOW,0.5277777777777778,0.0383268302149273,True,0.1433464441300543
rebound_low72__w72__pos,rebound_low72,108,0.26730950497504735,0.21269106882097047,0.05461843615407688,-0.023829510435461998,0.20139119106037265,0.20139119106037265,WINNER_HIGH,0.5277777777777778,0.038720762414905345,True,0.14466507068902137
ema_gap_24_72__w72__diff_mean,ema_gap_24_72,108,-3.340290241501028e-05,-8.266642218557163e-05,4.926351977056137e-05,6.955749795451994e-05,0.20103502923402916,0.20103502923402916,WINNER_HIGH,0.5648148148148148,0.03905959515156695,True,0.14577524465851613
macd_fast_hist_pct__w24__z,macd_fast_hist_pct,108,-1.2476606327281505,-1.091447686343195,-0.15621294638495545,-0.25378321334719656,-0.2009173492803869,0.2009173492803869,WINNER_LOW,0.6296296296296297,0.039172109229239756,True,0.14598329442289168
close_vs_ema12__w72__accel,close_vs_ema12,108,-0.013117753909884615,-0.009368144510962238,-0.0037496093989223787,-0.0032362238271161914,-0.20084588062238845,0.20084588062238845,WINNER_LOW,0.5740740740740741,0.03924057671075727,True,0.14598329442289168
close_vs_ema12__w240__accel,close_vs_ema12,108,-0.013117753909884615,-0.009368144510962238,-0.0037496093989223787,-0.0032362238271161914,-0.20084588062238845,0.20084588062238845,WINNER_LOW,0.5740740740740741,0.03924057671075727,True,0.14598329442289168
close_vs_ema12__w24__min,close_vs_ema12,108,-0.016740282230010187,-0.014987815048812924,-0.0017524671811972637,-2.1342234686016863e-05,-0.20063539093127222,0.20063539093127222,WINNER_LOW,0.5,0.03944282630047111,False,0.14657977000291972
macd_fast_hist_pct__w24__q25,macd_fast_hist_pct,108,-0.0015823141731609077,-0.0013841338021163305,-0.000198180371044577,-3.234708055970258e-05,-0.20047513861542485,0.20047513861542485,WINNER_LOW,0.5462962962962963,0.039597406233576306,False,0.14699801443611077
ema6_slope_3h__w24__diff_std,ema6_slope_3h,108,0.002458153050004815,0.0022628442376757176,0.0001953088123290972,-6.79507618770005e-05,0.20035265006077504,0.20035265006077504,WINNER_HIGH,0.5277777777777778,0.03971591042991061,True,0.14728158936733554
stoch_d__w240__late_vs_prev,stoch_d,108,-0.8296206390692128,-4.016208903491497,3.1865882644222845,2.0517522633075713,0.20025819163883724,0.20025819163883724,WINNER_HIGH,0.5555555555555556,0.03980750457646683,True,0.1474648765931192
rebound_low72__w240__diff_mean,rebound_low72,108,-6.399404031911773e-05,-0.00010562920915636145,4.163516883724372e-05,5.3804926574230186e-05,0.2000306258161745,0.2000306258161745,WINNER_HIGH,0.6111111111111112,0.040028916613472666,True,0.1481101382214742
close_vs_ema168__w72__q25,close_vs_ema168,108,-0.005555338478896172,0.0012740518980030573,-0.00682939037689923,-0.010095033189281821,-0.19999221081151541,0.19999221081151541,WINNER_LOW,0.5925925925925926,0.04006639712825696,False,0.1481101382214742
macd_hist_pct__w240__q75,macd_hist_pct,108,0.0010216702894130893,0.000939280356181337,8.238993323175236e-05,7.227213354781269e-05,0.1996228417880736,0.1996228417880736,WINNER_HIGH,0.5648148148148148,0.040428323981549254,False,0.1492902312180335
close_location__w24__min,close_location,108,0.03388818508353695,0.025138754405278865,0.008749430678258082,0.001860192452659247,0.19939306261982495,0.19939306261982495,WINNER_HIGH,0.5370370370370371,0.04065488885959267,False,0.14996850879957335
ema_gap_24_72__d3,ema_gap_24_72,108,-0.0019304354142251315,-0.0017137061409420713,-0.00021672927328305984,-6.902971654199075e-05,-0.19921705169869114,0.19921705169869114,WINNER_LOW,0.5370370370370371,0.0408291750207103,True,0.1504527134324804
trades_rel240__w72__diff_mean,trades_rel240,108,0.012458275225745401,0.00754262890375146,0.004915646321993942,0.0025777944363653653,0.19907283411304036,0.19907283411304036,WINNER_HIGH,0.5833333333333334,0.040972457614117226,True,0.15075855218517573
quote_volume_rel240__w240__pos,quote_volume_rel240,108,0.2543420349484896,0.21746686480344377,0.03687517014504583,0.006802064552903178,0.1990467750118474,0.1990467750118474,WINNER_HIGH,0.5185185185185185,0.04099839380271722,True,0.15075855218517573
macd_fast_hist_pct__w72__accel,macd_fast_hist_pct,108,-0.002568376263365348,-0.0015092705615500192,-0.0010591057018153286,-0.0008244238328188659,-0.19886249938613246,0.19886249938613246,WINNER_LOW,0.5833333333333334,0.04118220313759923,True,0.151116646770393
macd_fast_hist_pct__w240__accel,macd_fast_hist_pct,108,-0.002568376263365348,-0.0015092705615500192,-0.0010591057018153286,-0.0008244238328188659,-0.19886249938613246,0.19886249938613246,WINNER_LOW,0.5833333333333334,0.04118220313759923,True,0.151116646770393
close_vs_ema48__w72__up_share,close_vs_ema48,108,0.48418210088102903,0.47209362442846653,0.012088476452562544,0.02499999403953554,0.19877983703536894,0.19877983703536894,WINNER_HIGH,0.5833333333333334,0.04126488604134942,True,0.15114707781138723
bb_width__w24__late_vs_prev,bb_width,108,-0.0024333019394328368,0.0008984334822537646,-0.0033317354216866,-5.621011077892022e-05,-0.19876779792042823,0.19876779792042823,WINNER_LOW,0.5092592592592593,0.041276940037138915,True,0.15114707781138723
lower_wick__w240__pos,lower_wick,108,0.24354672551094658,0.2818077827038973,-0.0382610571929507,-0.04695997089147569,-0.19871204830601116,0.19871204830601116,WINNER_LOW,0.6296296296296297,0.04133279799616527,True,0.15119329978304388
obv_delta__w240__delta,obv_delta,108,-2393.216439317774,-1737.9094587454092,-655.306980572365,-459.2734252929688,-0.19848920966167605,0.19848920966167605,WINNER_LOW,0.5555555555555556,0.041556718529711094,True,0.15185354722925776
ema24_slope_6h__w240__diff_std,ema24_slope_6h,108,0.0009945133454123236,0.0009433915434379339,5.1121801974389824e-05,5.527311586774888e-05,0.19823698276564228,0.19823698276564228,WINNER_HIGH,0.5740740740740741,0.04181142590795317,True,0.15256942900575984
upper_wick__w72__late_vs_prev,upper_wick,108,-0.019791149842570088,-0.002492135364176378,-0.01729901447839371,-0.029615614982321858,-0.19820888151415855,0.19820888151415855,WINNER_LOW,0.6018518518518519,0.04183988630727014,True,0.15256942900575984
atr6_pct__w240__q90,atr6_pct,108,0.012946359252695131,0.012311661822065986,0.0006346974306291453,0.0002728991210460673,0.1980944207463206,0.1980944207463206,WINNER_HIGH,0.5740740740740741,0.04195598179907883,False,0.15266933067960314
abs_body_pct__w72__late_vs_prev,abs_body_pct,108,0.0002914948278287368,-0.00016480931226607465,0.00045630414009481144,0.0005555078038014472,0.19805648643830956,0.19805648643830956,WINNER_HIGH,0.6296296296296297,0.0419945188280128,True,0.15266933067960314
ema_gap_24_72__w72__q25,ema_gap_24_72,108,-0.0034813721054147376,-0.0009408503459848429,-0.0025405217594298944,-0.003274122672155499,-0.19805281074508024,0.19805281074508024,WINNER_LOW,0.5555555555555556,0.0419982545363964,False,0.15266933067960314
ema6_slope_3h__w240__diff_mean,ema6_slope_3h,108,-3.38848871556889e-05,-2.708868206158644e-05,-6.796205094102466e-06,-2.9097267756128534e-06,-0.19777917730654382,0.19777917730654382,WINNER_LOW,0.5833333333333334,0.04227715772767177,True,0.15352359353444256
range_pct__w72__q90,range_pct,108,0.01472398461084123,0.013696746930859434,0.001027237679981799,0.0005960920825600624,0.1976624511901575,0.1976624511901575,WINNER_HIGH,0.5462962962962963,0.0423966144007501,False,0.15379767692886212
ema168_slope_24h__w24__diff_std,ema168_slope_24h,108,0.0001685150387452773,0.000151462244496172,1.7052794249105286e-05,-1.3392957043833922e-06,0.19752451915147567,0.19752451915147567,WINNER_HIGH,0.5092592592592593,0.04253814614162207,True,0.15415118866036515
close_vs_sma72__w72__q90,close_vs_sma72,108,0.023960967149900238,0.019374600770296874,0.004586366379603364,0.0007437001448124632,0.1973779937759779,0.1973779937759779,WINNER_HIGH,0.5185185185185185,0.042688939134172786,False,0.15442173309303964
stoch_d__w72__mean,stoch_d,108,53.23553712279708,51.57930194007025,1.6562351827268245,0.7046302795410142,0.19736617723090205,0.19736617723090205,WINNER_HIGH,0.5648148148148148,0.04270111978866724,False,0.15442173309303964
trades_rel240__w240__q75,trades_rel240,108,1.6443750659624736,1.582635067679264,0.061739998283209606,0.06023330688476569,0.19721890249339866,0.19721890249339866,WINNER_HIGH,0.5370370370370371,0.042853182776020696,False,0.1548115497600665
close_vs_vwap240__w72__z,close_vs_vwap240,108,-1.2076774839380826,-1.4373988359976837,0.22972135205960115,0.22946714963763948,0.19693012160607243,0.19693012160607243,WINNER_HIGH,0.5462962962962963,0.04315270050007276,True,0.1557327075838539
log_ret__w240__std,log_ret,108,0.005683188833279052,0.0054235507531470994,0.00025963808013195237,0.0002392225433140993,0.1967970834642393,0.1967970834642393,WINNER_HIGH,0.5833333333333334,0.04329128749033055,False,0.15607178593163498
atr14_pct__w240__z,atr14_pct,108,0.34968471993192063,0.16009987402207185,0.1895848459098488,0.12821649126708506,0.1965686341055467,0.1965686341055467,WINNER_HIGH,0.5462962962962963,0.04353015487874083,True,0.1567713198877
volume_rel240__w24__delta,volume_rel240,108,1.2566136474790122,0.8177917816746265,0.43882186580438554,0.1496497675776481,0.19602368770040823,0.19602368770040823,WINNER_HIGH,0.5462962962962963,0.04410451515193048,True,0.1585294225640904
ema24_slope_6h__w72__z,ema24_slope_6h,108,-0.8599254670509793,-1.0049674089392215,0.1450419418882423,0.1436489023268223,0.1960066564674112,0.1960066564674112,WINNER_HIGH,0.5555555555555556,0.04412256970606776,True,0.1585294225640904
close_vs_ema168__d12,close_vs_ema168,108,-0.02098660600933255,-0.01884341042727842,-0.002143195582054129,-0.0002618692844407633,-0.19597672007975045,0.19597672007975045,WINNER_LOW,0.5092592592592593,0.04415432015368145,True,0.1585294225640904
trades_rel24__w240__q25,trades_rel24,108,0.7319710249150241,0.7243177080595934,0.007653316855430602,0.005815732479095448,0.19590267192024688,0.19590267192024688,WINNER_HIGH,0.5740740740740741,0.04423293944227694,False,0.15858632816441787
ema_gap_24_72__w72__delta,ema_gap_24_72,108,-0.0025273504465143626,-0.005975290056556803,0.0034479396100424416,0.004318889882415534,0.1958402052438837,0.1958402052438837,WINNER_HIGH,0.5648148148148148,0.04429935543709804,True,0.15858632816441787
close_location__w240__z,close_location,108,-0.8284948140865674,-0.7210985071525945,-0.10739630693397313,-0.14999879300594327,-0.1958337557863234,0.1958337557863234,WINNER_LOW,0.6296296296296297,0.044306217505472194,True,0.15858632816441787
close_location__w240__pos,close_location,108,0.267141656462307,0.2993400922770181,-0.03219843581471111,-0.038333517839600956,-0.19569757391445258,0.19569757391445258,WINNER_LOW,0.6018518518518519,0.044451324285034705,True,0.15894302763268545
volume_rel72__w240__pos,volume_rel72,108,0.24464211862047064,0.21222842053814225,0.03241369808232843,0.003197516128420834,0.19565481374470772,0.19565481374470772,WINNER_HIGH,0.5092592592592593,0.04449697061768224,True,0.15894372446377406
close_vs_ema12__w24__late_vs_prev,close_vs_ema12,108,-0.0057042962677466376,-0.0045644553388464616,-0.0011398409289001762,-0.0005063139280537144,-0.19549952996656925,0.19549952996656925,WINNER_LOW,0.5370370370370371,0.04466307292457667,True,0.15897421802883432
cci20__w240__min,cci20,108,-327.3938111199273,-341.1730494181315,13.77923829820421,3.8683410644531193,0.1954332196795237,0.1954332196795237,WINNER_HIGH,0.5,0.044734164452506234,False,0.15897421802883432
body_pct__w240__std,body_pct,108,0.005677562860202872,0.00542031608271861,0.00025724677748426245,0.00023979865945875653,0.1954289289635221,0.1954289289635221,WINNER_HIGH,0.5833333333333334,0.04473876787878436,False,0.15897421802883432
close_vs_ema168__w24__std,close_vs_ema168,108,0.00983325104742242,0.00888741257281422,0.0009458384746081989,0.000178423663601279,0.19539998531489428,0.19539998531489428,WINNER_HIGH,0.5370370370370371,0.04476983154680441,False,0.15897421802883432
atr24_pct__w24__q25,atr24_pct,108,0.007368733392838665,0.006855015350609191,0.0005137180422294747,0.0003532170318067073,0.19537546767636854,0.19537546767636854,WINNER_HIGH,0.5555555555555556,0.04479615944540773,False,0.15897421802883432
close_location__w72__pos,close_location,108,0.26481242182053727,0.2971303690788975,-0.03231794725836018,-0.037438201345503325,-0.19535515981003043,0.19535515981003043,WINNER_LOW,0.6203703703703703,0.044817976768891786,True,0.15897421802883432
quote_volume_rel240__w72__delta,quote_volume_rel240,108,1.2967966574554641,0.8310437289439844,0.46575292851148004,0.17590196141973136,0.1953498073179239,0.1953498073179239,WINNER_HIGH,0.5185185185185185,0.04482372861779544,True,0.15897421802883432
dist_high24__w240__delta,dist_high24,108,-0.018897849573814136,-0.013947185819557083,-0.004950663754257052,-0.002568748034536839,-0.19523173558525453,0.19523173558525453,WINNER_LOW,0.5555555555555556,0.044950770506191014,True,0.15926326693024315
dist_high240__w240__diff_std,dist_high240,108,0.0052600301418418965,0.005039679943756373,0.00022035019808552337,0.00019054035656154147,0.1949428200607545,0.1949428200607545,WINNER_HIGH,0.5740740740740741,0.045262934689522805,True,0.16020696620370573
close_vs_ema168__w240__late_vs_prev,close_vs_ema168,108,0.00043425711650073664,-0.0046458753719081074,0.005080132488408843,0.00568109784508124,0.19472024485066058,0.19472024485066058,WINNER_HIGH,0.6203703703703703,0.04550468222336427,True,0.16089977121850843
trades_rel24__w24__pos,trades_rel24,108,0.514866371544216,0.4558393023334685,0.05902706921074746,0.050988593697547935,0.19456591473577062,0.19456591473577062,WINNER_HIGH,0.5462962962962963,0.04567295316999032,True,0.16121334875316562
ema168_slope_24h__w24__z,ema168_slope_24h,108,-0.41864546105541567,-0.7043523011336018,0.28570684007818614,0.1480176210403441,0.19455436530180514,0.19455436530180514,WINNER_HIGH,0.5462962962962963,0.04568556723316761,True,0.16121334875316562
close_location__w24__z,close_location,108,-0.7418088849625308,-0.6341136698999134,-0.1076952150626177,-0.09742407351732257,-0.1944997310975797,0.1944997310975797,WINNER_LOW,0.6203703703703703,0.04574527798024337,True,0.16126132771866036
rsi24__w240__late_vs_prev,rsi24,108,0.055983683577290284,-1.6679700167677196,1.7239537003450098,2.5765952944755552,0.1943882756432032,0.1943882756432032,WINNER_HIGH,0.5740740740740741,0.045867296505037854,True,0.1615286363324445
cci20__w24__accel,cci20,108,-111.93844119155848,-71.40926889688882,-40.52917229466969,-51.55298118591308,-0.19410712948968312,0.19410712948968312,WINNER_LOW,0.5833333333333334,0.04617632374429883,True,0.1624533240782827
quote_volume_rel72__w240__pos,quote_volume_rel72,108,0.2408216583404552,0.20970388120999647,0.03111777713045875,-0.0019926877692341832,0.19403704521718063,0.19403704521718063,WINNER_HIGH,0.5185185185185185,0.0462536344847194,True,0.16256176863624497
close_vs_ema48__w72__q10,close_vs_ema48,108,-0.016214240290773212,-0.012908856227787271,-0.003305384062985939,6.350789917632972e-05,-0.19387554101682436,0.19387554101682436,WINNER_LOW,0.5,0.04643221244275713,False,0.16302554910875672
stoch_k__w240__late_vs_prev,stoch_k,108,-1.3969702735819198,-4.4777295021547205,3.0807592285728003,2.8909777253866196,0.19364586706822678,0.19364586706822678,WINNER_HIGH,0.5370370370370371,0.04668718026349044,True,0.1637563383966159
avg_trade_quote_rel72__w240__late_vs_prev,avg_trade_quote_rel72,108,0.007386101735324634,-0.033899458391291167,0.041285560126615814,0.053967602597549555,0.19358531546645608,0.19358531546645608,WINNER_HIGH,0.5833333333333334,0.04675459907168657,True,0.16382848993355503
close_vs_ema72__w72__z,close_vs_ema72,108,-1.31311702791222,-1.4888651800298784,0.17574815211765882,0.06021962165832506,0.19340437576086697,0.19340437576086697,WINNER_HIGH,0.5370370370370371,0.046956554531028,True,0.16437144263764256
dist_high240__w240__q25,dist_high240,108,-0.07175023224273766,-0.06384296813910759,-0.007907264103630074,0.0023276459425687797,-0.19313128325839196,0.19313128325839196,WINNER_LOW,0.5185185185185185,0.047262775192495644,False,0.16527792484815726
trades_rel72__w72__max,trades_rel72,108,4.863592466822377,5.356789541244508,-0.49319707442212996,-0.7852946519851685,-0.19304423251957334,0.19304423251957334,WINNER_LOW,0.6574074074074074,0.04736074310419798,False,0.16545506357180853
rebound_low24__w24__min,rebound_low24,108,0.00497012652609825,0.003854943258066559,0.0011151832680316904,-8.566601100028508e-05,0.19256102691040416,0.19256102691040416,WINNER_HIGH,0.5092592592592593,0.047907702138916264,False,0.16719883670637742
rebound_low72__w72__std,rebound_low72,108,0.017984895660817898,0.015793989741898797,0.0021909059189191018,0.000389189925044775,0.19246606062907112,0.19246606062907112,WINNER_HIGH,0.5092592592592593,0.04801582872456623,False,0.167362894030895
avg_trade_quote_rel240__w240__std,avg_trade_quote_rel240,108,0.2773852162063122,0.28767007343747,-0.0102848572311578,-0.019496183097362507,-0.1924357112630486,0.1924357112630486,WINNER_LOW,0.6574074074074074,0.048050427682876345,False,0.167362894030895
range_pct__w24__std,range_pct,108,0.005122823020361399,0.004585482307852039,0.0005373407125093594,-0.00013995531480759404,0.19236493645174424,0.19236493645174424,WINNER_HIGH,0.5648148148148148,0.04813119509379267,False,0.16746354948985212
trades_rel240__w24__delta,trades_rel240,108,0.8622924302946087,0.5680362243087278,0.29425620598588087,0.13191128720063716,0.1923265044094873,0.1923265044094873,WINNER_HIGH,0.5925925925925926,0.04817510174057513,True,0.16746354948985212
stoch_d__d6,stoch_d,108,-21.782227447635872,-17.450694189137884,-4.331533258497991,-5.4194383144378655,-0.19214640458174606,0.19214640458174606,WINNER_LOW,0.5648148148148148,0.04838131148812143,True,0.16776694654731208
rsi14__d3,rsi14,108,-8.737903471760175,-7.735209453744055,-1.0026940180161208,-1.6658710002899166,-0.19206826454569162,0.19206826454569162,WINNER_LOW,0.5740740740740741,0.04847101343102516,True,0.16776694654731208
upper_wick__w72__diff_mean,upper_wick,108,-0.0016388119543585668,-0.0009419849344702151,-0.0006968270198883517,-0.0006045707414159551,-0.1920635297634038,0.1920635297634038,WINNER_LOW,0.5740740740740741,0.0484764533385391,True,0.16776694654731208
avg_trade_quote_rel240__w240__q90,avg_trade_quote_rel240,108,1.3913853002919092,1.4194699117430933,-0.028084611451184318,-0.05518000125885003,-0.19199011218241607,0.19199011218241607,WINNER_LOW,0.6759259259259259,0.048560871157648684,False,0.16776694654731208
volume_rel240__w72__diff_mean,volume_rel240,108,0.017703835301088273,0.010647529932908515,0.007056305368179756,0.003358544742513914,0.1919816108858563,0.1919816108858563,WINNER_HIGH,0.5925925925925926,0.04857065429514864,True,0.16776694654731208
lower_wick__w72__up_share,lower_wick,108,0.502057616909345,0.4954218110000646,0.006635805909280428,0.004166665673255937,0.19196899821434646,0.19196899821434646,WINNER_HIGH,0.5277777777777778,0.04858517182023366,True,0.16776694654731208
close_vs_vwap24__w72__accel,close_vs_vwap24,108,-0.01600303556635178,-0.011319590082604445,-0.004683445483747333,-0.003781991824507713,-0.19191603191143078,0.19191603191143078,WINNER_LOW,0.5462962962962963,0.04864617780925778,True,0.16776694654731208
close_vs_vwap24__w240__accel,close_vs_vwap24,108,-0.01600303556635178,-0.011319590082604445,-0.004683445483747333,-0.003781991824507713,-0.19191603191143078,0.19191603191143078,WINNER_LOW,0.5462962962962963,0.04864617780925778,True,0.16776694654731208
ema_gap_72_168__w24__q10,ema_gap_72_168,108,0.0009921875638172896,0.004451230152968761,-0.0034590425891514722,-0.00461279562987329,-0.19187378048125686,0.19187378048125686,WINNER_LOW,0.5833333333333334,0.04869488928447979,False,0.16776948554465598
mfi14__d6,mfi14,108,-12.875332317970416,-9.992243161749233,-2.8830891562211853,-3.88699996471405,-0.19109313747509316,0.19109313747509316,WINNER_LOW,0.6203703703703703,0.049602388101746824,True,0.1705608396918645
volume_rel24__w240__q90,volume_rel24,108,2.6367683819046728,2.5714443431960214,0.06532403870865149,0.050133156776428045,0.19109293666505092,0.19109293666505092,WINNER_HIGH,0.5648148148148148,0.049602623381934864,False,0.1705608396918645
bb_width__d6,bb_width,108,0.0028018658736746823,0.00588858589399024,-0.0030867200203155564,-0.0008049123483942822,-0.19099796823829235,0.19099796823829235,WINNER_LOW,0.5277777777777778,0.04971400008559013,True,0.17077589223900658
macd_signal_pct__w240__q10,macd_signal_pct,108,-0.006304625748675284,-0.005602369867208971,-0.0007022558814663138,-0.0010032893583229452,-0.1908279872484895,0.1908279872484895,WINNER_LOW,0.5462962962962963,0.0499138807592108,False,0.17118005539572406
dist_high240__w240__mean,dist_high240,108,-0.05303185830686103,-0.04700992447669031,-0.006021933830170719,0.00023441407829523017,-0.19081468152051187,0.19081468152051187,WINNER_LOW,0.5,0.04992955576312226,False,0.17118005539572406
close_vs_vwap24__w240__diff_std,close_vs_vwap24,108,0.005448055839493733,0.005212557948349663,0.00023549789114406822,0.00019700620323419597,0.19046166028379324,0.19046166028379324,WINNER_HIGH,0.5833333333333334,0.05034696864070193,True,0.17244206595155204
obv_delta__d3,obv_delta,108,-1710.7924945486916,-997.3964976659528,-713.3959968827387,-268.42630538940426,-0.19040407927883513,0.19040407927883513,WINNER_LOW,0.5370370370370371,0.05041533304190004,True,0.17250725992908458
adx14__w240__max,adx14,108,54.93580101154469,52.6416663558395,2.294134655705205,3.4875225067138658,0.1901942496149663,0.1901942496149663,WINNER_HIGH,0.5833333333333334,0.05066512609631448,False,0.17319251804380426
stoch_k__d6,stoch_k,108,-29.710349161177874,-24.639823127151637,-5.0705260340262335,-3.9371402233839046,-0.1901516849596022,0.1901516849596022,WINNER_LOW,0.5555555555555556,0.05071592552940284,True,0.1731968667737517
volume_rel72__w240__z,volume_rel72,108,0.928042218554765,0.7056319171597285,0.22241030139503656,-0.014614951610565197,0.1900081223727573,0.1900081223727573,WINNER_HIGH,0.5092592592592593,0.050887581652796755,True,0.17352336740538873
close_vs_vwap240__w72__up_share,close_vs_vwap240,108,0.4894547354843881,0.47811214195357427,0.011342593530813853,0.009722223877906805,0.18998875768768766,0.18998875768768766,WINNER_HIGH,0.5370370370370371,0.050910773508129496,True,0.17352336740538873
mfi14__w240__std,mfi14,108,17.49372951189677,17.132359607131395,0.3613699047653764,0.4997268676757809,0.18993798641522674,0.18993798641522674,WINNER_HIGH,0.6203703703703703,0.05097162166585031,False,0.17356159782422448
macd_hist_pct__w24__q10,macd_hist_pct,108,-0.002042397501739928,-0.001780071963331567,-0.0002623255384083611,-3.808576148003331e-05,-0.18979759290938578,0.18979759290938578,WINNER_LOW,0.5370370370370371,0.05114020152778391,False,0.17396623029441666
macd_hist_pct__w240__delta,macd_hist_pct,108,-0.0020507562900699363,-0.0015764147760047346,-0.00047434151406520184,-0.00042073997901752585,-0.18964032564649821,0.18964032564649821,WINNER_LOW,0.5555555555555556,0.051329604761627096,True,0.17444084339301258
close_vs_ema6__w24__q75,close_vs_ema6,108,0.001951007156304951,0.0014965615367246857,0.0004544456195802654,0.00023369268892565738,0.18939895108158739,0.18939895108158739,WINNER_HIGH,0.5833333333333334,0.05162145992814431,False,0.17526237414438897
lower_wick__w72__std,lower_wick,108,0.21374749130120985,0.21775716692209243,-0.0040096756208826,-0.004163336753845212,-0.18920441353724016,0.18920441353724016,WINNER_LOW,0.5648148148148148,0.05185770640224519,False,0.1758936947513593
rsi24__d3,rsi24,108,-5.799923825595114,-5.1682181554777475,-0.6317056701173661,-0.830976552516222,-0.18904291091515868,0.18904291091515868,WINNER_LOW,0.5833333333333334,0.05205453149370489,True,0.17623205669446204
macd_fast_hist_pct__w72__diff_std,macd_fast_hist_pct,108,0.000865048696545677,0.0008081725165269476,5.687618001872949e-05,1.9283258006907978e-05,0.1890398613720945,0.1890398613720945,WINNER_HIGH,0.5462962962962963,0.05205825409361718,True,0.17623205669446204
close_vs_vwap24__w24__delta,close_vs_vwap24,108,-0.018608865536845296,-0.01619781141906616,-0.0024110541177791403,-0.001268327445723117,-0.18893717025780177,0.18893717025780177,WINNER_LOW,0.5648148148148148,0.052183741791537896,True,0.17648602035300584
close_vs_ema12__w240__diff_mean,close_vs_ema12,108,-5.882728856958179e-05,-4.93262335373172e-05,-9.501055032264579e-06,-1.429853273293701e-06,-0.18879715548252995,0.18879715548252995,WINNER_LOW,0.5277777777777778,0.05235525195812183,True,0.17689499139860101
abs_body_pct__w240__pos,abs_body_pct,108,0.31563237767679514,0.2930200193051786,0.0226123583716165,0.003300569951534285,0.1881215848514671,0.1881215848514671,WINNER_HIGH,0.5185185185185185,0.05318951897229984,True,0.1795402971487766
dist_high24__w240__diff_mean,dist_high24,108,-7.904051246570091e-05,-5.8795726231048106e-05,-2.0244786234652817e-05,-7.326700961129973e-06,-0.1880354971884137,0.1880354971884137,WINNER_LOW,0.5370370370370371,0.05329663388510443,True,0.17972837868487
stoch_k__w72__min,stoch_k,108,3.946488550070811,3.267565646802109,0.6789229032687015,0.1266427953960374,0.1879167294767849,0.1879167294767849,WINNER_HIGH,0.5462962962962963,0.05344471095129407,False,0.18005409845537124
mfi14__d3,mfi14,107,-9.6316840119451,-7.609177809686478,-2.022506202258622,-1.840299510955811,-0.1878088313537162,0.1878088313537162,WINNER_LOW,0.5794392523364486,0.05470401342526849,True,0.18211066201207513
close_vs_ema72__w24__delta,close_vs_ema72,108,-0.02182926559449967,-0.01906136429210569,-0.0027679013023939832,-0.0003697605512570576,-0.18775811668059766,0.18775811668059766,WINNER_LOW,0.5277777777777778,0.053643009260530325,True,0.18052887287248406
range_pct__w72__delta,range_pct,108,0.007075813965154036,0.004761130672911214,0.0023146832922428203,0.0007469719363143665,0.1877214934956222,0.1877214934956222,WINNER_HIGH,0.5740740740740741,0.05368888412564582,True,0.18052887287248406
volume_rel240__w24__mean,volume_rel240,108,1.5207536435789533,1.369682619913861,0.1510710236650926,-0.05360481142997742,0.1875966175486823,0.1875966175486823,WINNER_HIGH,0.5370370370370371,0.0538455557939602,False,0.18071197446670426
obv_delta__w240__up_share,obv_delta,108,0.48429783792407427,0.4899845655869553,-0.005686727662881215,-0.004166671633720392,-0.18759571408510248,0.18759571408510248,WINNER_LOW,0.5740740740740741,0.053846690704691405,True,0.18071197446670426
obv_delta__w240__std,obv_delta,108,2119.6967360885055,2003.8615804036458,115.83515568485967,60.60830078125002,0.1875096367902181,0.1875096367902181,WINNER_HIGH,0.5370370370370371,0.05395491198291076,False,0.1809015601191169
close_vs_ema240__d12,close_vs_ema240,108,-0.021318366488601356,-0.01924688669433063,-0.00207147979427073,0.00022961967333685537,-0.18737140364684057,0.18737140364684057,WINNER_LOW,0.5092592592592593,0.05412909175766915,True,0.18131171827257567
close_vs_ema240__w24__std,close_vs_ema240,108,0.00996926967572007,0.009032570235043143,0.0009366994406769257,0.0003247576765716075,0.18721139352047694,0.18721139352047694,WINNER_HIGH,0.5555555555555556,0.0543313054369235,False,0.18181490441427892
dist_high24__w24__accel,dist_high24,108,-0.013148216200298284,-0.009386356639845838,-0.0037618595604524472,-0.00423345755552873,-0.18713677481957522,0.18713677481957522,WINNER_LOW,0.6203703703703703,0.05442582353614587,True,0.18195707925994464
volume_rel72__w72__delta,volume_rel72,108,1.363895112976294,0.9254753717583499,0.4384197412179438,0.19747438430786135,0.18707772740194722,0.18707772740194722,WINNER_HIGH,0.5740740740740741,0.05450071634075891,True,0.18203343366154145
ema72_slope_12h__w72__up_share,ema72_slope_12h,108,0.47685185350753645,0.4484053497030227,0.028446503804513704,0.019444459676742576,0.18701968796396565,0.18701968796396565,WINNER_HIGH,0.5740740740740741,0.05457441561177846,True,0.1821056597274707
macd_fast_hist_pct__w24__q75,macd_fast_hist_pct,108,0.0007674702967590376,0.000583648225731142,0.00018382207102789566,0.00016702768843970264,0.1869016720321126,0.1869016720321126,WINNER_HIGH,0.5370370370370371,0.05472453384543472,False,0.18211066201207513
trades_rel240__w24__min,trades_rel240,108,0.5719157840918612,0.5317526006864176,0.040163183405443476,-0.00847397148609158,0.18689569698229494,0.18689569698229494,WINNER_HIGH,0.5370370370370371,0.054732143487186434,False,0.18211066201207513
volume_rel240__w240__q10,volume_rel240,108,0.4593191654593856,0.4427737420355832,0.016545423423802413,0.0016477376222610585,0.1867944009611924,0.1867944009611924,WINNER_HIGH,0.5277777777777778,0.0548612872613507,False,0.18234777211697087
rebound_low24__w240__q75,rebound_low24,108,0.033848632075306445,0.031737140954161684,0.0021114911211447583,0.0005340427160263062,0.18675805074341678,0.18675805074341678,WINNER_HIGH,0.5370370370370371,0.054907693462731,False,0.18234777211697087
ema_gap_72_168__w72__mean,ema_gap_72_168,108,0.003230575789563806,0.006675670945427286,-0.0034450951558634793,-0.0042987316817743705,-0.18670510860947717,0.18670510860947717,WINNER_LOW,0.5925925925925926,0.054975340964380205,False,0.18239921001180034
obv_delta__w72__q90,obv_delta,108,2066.8522050645615,1894.8949970386648,171.95720802589696,93.94339599609384,0.186621326455292,0.186621326455292,WINNER_HIGH,0.5555555555555556,0.0550825386868328,False,0.18258164719227896
macd_pct__w72__z,macd_pct,108,-0.8203264091301847,-0.9916312983069844,0.17130488917679976,0.09319312721490858,0.18657260159386468,0.18657260159386468,WINNER_HIGH,0.5462962962962963,0.05514496247557965,True,0.18261546759195268
close_vs_sma240__w24__std,close_vs_sma240,108,0.010176366882795398,0.009197733949016159,0.0009786329337792402,0.00040083024650812145,0.18640190297644416,0.18640190297644416,WINNER_HIGH,0.5370370370370371,0.05536412468811134,False,0.18316778054335414
close_vs_sma240__w24__min,close_vs_sma240,108,-0.01614229549091693,-0.006793131684625459,-0.009349163806291472,-0.007008208369370549,-0.18611582947338573,0.18611582947338573,WINNER_LOW,0.5740740740740741,0.055733068680278774,False,0.18420740971674135
trades_rel240__w24__q25,trades_rel240,108,0.8504618301435753,0.7967055077354113,0.053756322408163984,0.006447470188140847,0.18607668506291444,0.18607668506291444,WINNER_HIGH,0.5277777777777778,0.055783713723199624,False,0.18420740971674135
rsi14__w24__accel,rsi14,108,-11.025103243343809,-8.333243102102573,-2.691860141241233,-0.9824191689491272,-0.18586550516081685,0.18586550516081685,WINNER_LOW,0.5648148148148148,0.056057609363214696,True,0.1849372263614734
ema_gap_6_24__w240__min,ema_gap_6_24,108,-0.021280162131275843,-0.019245960262034914,-0.0020342018692409277,-0.00024752169847488265,-0.1856223169962123,0.1856223169962123,WINNER_LOW,0.5185185185185185,0.05637442504111919,False,0.18580712947105918
quote_volume_rel72__w240__z,quote_volume_rel72,108,0.8795412164073679,0.6730580097022335,0.20648320670513418,0.004149691015481939,0.18549755201730442,0.18549755201730442,WINNER_HIGH,0.5092592592592593,0.05653754959634372,True,0.18616931350133142
log_ret__d6,log_ret,108,-0.006740834112322234,-0.005551822844844774,-0.001189011267477461,-0.0009741637390106917,-0.18529521413542452,0.18529521413542452,WINNER_LOW,0.6018518518518519,0.05680294409280102,True,0.18670495523543365
close_vs_vwap72__d12,close_vs_vwap72,108,-0.019516241246256633,-0.017538578210680365,-0.001977663035576269,-0.0009155559353530417,-0.18529212953144353,0.18529212953144353,WINNER_LOW,0.5648148148148148,0.0568069981042326,True,0.18670495523543365
ema6_slope_3h__w24__z,ema6_slope_3h,108,-1.3337358781309039,-1.2089655197755846,-0.12477035835531923,-0.22108525484800334,-0.18523615664070578,0.18523615664070578,WINNER_LOW,0.6203703703703703,0.056880604176631995,True,0.1867713359677766
close_vs_vwap72__w72__q90,close_vs_vwap72,108,0.022535227053047627,0.01891786371426726,0.003617363338780369,0.0018214576877653606,0.18502279718188677,0.18502279718188677,WINNER_HIGH,0.5370370370370371,0.05716191679971043,False,0.18751897096490375
rebound_low72__w72__max,rebound_low72,108,0.07857094408461342,0.07076907323121472,0.007801870853398685,0.0030359271913766826,0.1848223807945337,0.1848223807945337,WINNER_HIGH,0.5370370370370371,0.05742723206121925,False,0.18821277461863514
close_vs_vwap24__w240__late_vs_prev,close_vs_vwap24,108,-0.0004567953122508091,-0.002420625807934374,0.0019638304956835647,0.001837309740949422,0.1845144979679433,0.1845144979679433,WINNER_HIGH,0.5833333333333334,0.05783683599270647,True,0.1893777298375417
abs_body_pct__w72__z,abs_body_pct,108,1.1061442514689621,0.9790231389161717,0.12712111255279052,0.06761944591999054,0.18446641224104177,0.18446641224104177,WINNER_HIGH,0.5555555555555556,0.05790103051305574,True,0.189391281415229
rebound_low24__w24__z,rebound_low24,108,-1.230665581093894,-1.0851828995160757,-0.1454826815778183,-0.09753939360380182,-0.1844255830427983,0.1844255830427983,WINNER_LOW,0.5370370370370371,0.057955584686663744,True,0.189391281415229
adx14__w24__late_vs_prev,adx14,108,-0.13288700660794145,0.7488126445216713,-0.8816996511296127,-0.9594555586576465,-0.18436893003658955,0.18436893003658955,WINNER_LOW,0.5648148148148148,0.05803135368184826,True,0.189391281415229
abs_body_pct__w240__diff_std,abs_body_pct,108,0.005159363178622529,0.004939936719731325,0.0002194264588912052,6.847581826150426e-05,0.18434931436086072,0.18434931436086072,WINNER_HIGH,0.5277777777777778,0.05805760757138275,True,0.189391281415229
close_vs_sma240__w240__diff_std,close_vs_sma240,108,0.005705579753137297,0.005463562065011097,0.00024201768812619982,0.00028509316034615014,0.1842339623639433,0.1842339623639433,WINNER_HIGH,0.5925925925925926,0.05821219882730623,True,0.18971860139710148
macd_pct__w72__q10,macd_pct,108,-0.0057562625404696316,-0.0045961666096348865,-0.0011600959308347464,-0.00016920296475291235,-0.18401849549543395,0.18401849549543395,WINNER_LOW,0.5092592592592593,0.05850188996898698,False,0.1902834440196975
volume_rel72__w240__diff_mean,volume_rel72,108,0.004833194026475583,0.0029422885073977843,0.001890905519077798,0.001500458182999864,0.18398427384040028,0.18398427384040028,WINNER_HIGH,0.5833333333333334,0.058548011892934494,True,0.1902834440196975
body_pct__d6,body_pct,108,-0.006691901523784812,-0.005521218030595195,-0.0011706834931896149,-0.0009204181842505936,-0.18398372487462042,0.18398372487462042,WINNER_LOW,0.6018518518518519,0.058548752006060766,True,0.1902834440196975
dist_high240__w240__diff_mean,dist_high240,108,-0.00011692954414381045,-6.597435643382395e-05,-5.09551877099865e-05,-2.9977381564094683e-05,-0.18378773056091896,0.18378773056091896,WINNER_LOW,0.5648148148148148,0.058813494696282435,True,0.19096637971485578
rebound_low24__w72__diff_std,rebound_low24,108,0.005975616357453099,0.005604132235964276,0.0003714841214888212,0.00011520532425492972,0.18363647004832678,0.18363647004832678,WINNER_HIGH,0.5648148148148148,0.05901850089230827,True,0.19129575746194113
close_vs_ema24__w24__pos,close_vs_ema24,108,0.11998089710175043,0.14049181688783896,-0.020510919786088547,-0.016847287118434903,-0.18363216711845678,0.18363216711845678,WINNER_LOW,0.6481481481481481,0.05902434152171418,True,0.19129575746194113
rebound_low24__w240__std,rebound_low24,108,0.017898162270689175,0.016657131634376668,0.0012410306363125087,0.00024912981316447223,0.18351875146271374,0.18351875146271374,WINNER_HIGH,0.5092592592592593,0.059178463026043814,False,0.19130787013984243
close_vs_vwap72__w72__min,close_vs_vwap72,108,-0.030664975815819128,-0.026673865112900753,-0.003991110702918377,-0.0006158528849482536,-0.18348342704834478,0.18348342704834478,WINNER_LOW,0.5185185185185185,0.05922653479492173,False,0.19130787013984243
adx14__w240__min,adx14,108,11.005749742190043,10.571907635088321,0.43384210710172305,0.29367675781249947,0.18346978402433542,0.18346978402433542,WINNER_HIGH,0.5555555555555556,0.059245109907929555,False,0.19130787013984243
atr72_pct__w24__q25,atr72_pct,108,0.007745804239271415,0.007263572896071881,0.0004822313431995336,0.0002347433241084219,0.1834340335521548,0.1834340335521548,WINNER_HIGH,0.5555555555555556,0.05929380778921667,False,0.19130787013984243
rebound_low24__w24__std,rebound_low24,108,0.009576761103407652,0.008466573639695222,0.0011101874637124301,-0.0002318141283467411,0.18339392949000816,0.18339392949000816,WINNER_HIGH,0.5462962962962963,0.05934847604236568,False,0.19130787013984243
rebound_low72__w72__q75,rebound_low72,108,0.059577050489476986,0.0533334555035388,0.006243594985938183,0.0019110735505819335,0.18338818029775658,0.18338818029775658,WINNER_HIGH,0.5185185185185185,0.059356316586139275,False,0.19130787013984243
log_ret__d3,log_ret,108,-0.005673354352000859,-0.004258596691069956,-0.0014147576609309033,-0.0007316029891171642,-0.1829445851307562,0.1829445851307562,WINNER_LOW,0.6018518518518519,0.059963909422369864,True,0.19308820557092762
close_vs_ema240__w240__diff_std,close_vs_ema240,108,0.005680929500764857,0.005443003088563542,0.00023792641220131403,0.0002470148960128425,0.18289500840745798,0.18289500840745798,WINNER_HIGH,0.5925925925925926,0.060032138519212075,True,0.19313007212666478
dist_high240__w240__delta,dist_high240,108,-0.027812717397561453,-0.015570388223676233,-0.01224232917388522,-0.008986014034599069,-0.18255452208816958,0.18255452208816958,WINNER_LOW,0.5833333333333334,0.060502492665930184,True,0.19439089636326015
close_vs_sma72__w240__diff_std,close_vs_sma72,108,0.0056226973991013235,0.0053887751626057745,0.0002339222364955478,0.000252144457772374,0.18242865993533006,0.18242865993533006,WINNER_HIGH,0.5925925925925926,0.06067714328970662,True,0.19439089636326015
dist_high72__w24__delta,dist_high72,108,-0.021279437624495284,-0.0177140378949372,-0.0035653997295580836,-0.0019559987937100226,-0.1823887870840632,0.1823887870840632,WINNER_LOW,0.5925925925925926,0.06073256050708266,True,0.19439089636326015
close_vs_vwap240__w240__diff_std,close_vs_vwap240,108,0.005691541744723778,0.0054538771354903795,0.0002376646092334003,0.00026461263187229625,0.18236723395290017,0.18236723395290017,WINNER_HIGH,0.6111111111111112,0.0607625337943739,True,0.19439089636326015
upper_wick__w240__late_vs_prev,upper_wick,108,-0.007348826907387034,0.0012662692257183346,-0.00861509613310537,-0.00982821211218834,-0.1823559315854319,0.1823559315854319,WINNER_LOW,0.5740740740740741,0.06077825662199401,True,0.19439089636326015
close_vs_ema24__w24__diff_mean,close_vs_ema24,108,-0.0007424564707131746,-0.0006561325147140871,-8.632395599908742e-05,-8.742165337025655e-05,-0.18233084741351663,0.18233084741351663,WINNER_LOW,0.5370370370370371,0.06081316365706063,True,0.19439089636326015
close_vs_ema24__d24,close_vs_ema24,108,-0.017818955276096757,-0.015747180361028804,-0.0020717749150679556,-0.0020981196910724973,-0.18233084591119772,0.18233084591119772,WINNER_LOW,0.5370370370370371,0.06081316574818605,True,0.19439089636326015
rebound_low24__w24__late_vs_prev,rebound_low24,108,-0.00719357538414274,-0.005202591250842186,-0.0019909841333005545,-0.00024087003548629578,-0.18226054916527887,0.18226054916527887,WINNER_LOW,0.5277777777777778,0.06091108018315527,True,0.1945260706853826
body_pct__w24__diff_std,body_pct,108,0.007788892537872825,0.007274996318112782,0.0005138962197600417,-0.00021958621218800536,0.18217011419791623,0.18217011419791623,WINNER_HIGH,0.5277777777777778,0.06103723935632135,True,0.1947511186396494
ema6_slope_3h__w72__accel,ema6_slope_3h,108,-0.007293025734422069,-0.005084949235712581,-0.002208076498709488,-0.001029694639146328,-0.18200127243336375,0.18200127243336375,WINNER_LOW,0.5462962962962963,0.06127336552901753,True,0.19514841462201665
ema6_slope_3h__w240__accel,ema6_slope_3h,108,-0.007293025734422069,-0.005084949235712581,-0.002208076498709488,-0.001029694639146328,-0.18200127243336375,0.18200127243336375,WINNER_LOW,0.5462962962962963,0.06127336552901753,True,0.19514841462201665
stoch_k__w24__mean,stoch_k,108,48.982984401561595,46.65551307113083,2.3274713304307726,2.5779762268066406,0.18192689467168133,0.18192689467168133,WINNER_HIGH,0.5740740740740741,0.06137762638620618,False,0.1951963544072023
bb_z__w240__q10,bb_z,108,-1.6293942111509818,-1.578241209409855,-0.05115300174112674,-0.06394522190093999,-0.18187500184567726,0.18187500184567726,WINNER_LOW,0.6018518518518519,0.061450456620028106,False,0.1951963544072023
close_vs_sma24__w240__diff_std,close_vs_sma24,108,0.005552387886887623,0.005319357475835002,0.0002330304110526211,0.00022925473749637595,0.18184805979698263,0.18184805979698263,WINNER_HIGH,0.5925925925925926,0.06148829769212254,True,0.1951963544072023
quote_volume_rel72__w240__diff_mean,quote_volume_rel72,108,0.004457625868174849,0.0026825011342528644,0.0017751247339219845,0.0015240136592183258,0.18179870789344357,0.18179870789344357,WINNER_HIGH,0.5833333333333334,0.06155766494980449,True,0.1951963544072023
body_pct__d3,body_pct,108,-0.00562721876297103,-0.004234703791923021,-0.0013925149710480075,-0.0007291241538496245,-0.18179170805934794,0.18179170805934794,WINNER_LOW,0.6018518518518519,0.06156750898231173,True,0.1951963544072023
close_vs_sma24__w240__late_vs_prev,close_vs_sma24,108,-0.000632259264387324,-0.0027918460062008104,0.0021595867418134867,0.0021034760640759485,0.18169275355867506,0.18169275355867506,WINNER_HIGH,0.6296296296296297,0.0617068124939672,True,0.19519853471520274
close_vs_sma24__d12,close_vs_sma24,108,-0.01843092932405718,-0.016034031074943618,-0.002396898249113561,-0.002255398093257099,-0.1816699971300684,0.1816699971300684,WINNER_LOW,0.5925925925925926,0.06173888531823455,True,0.19519853471520274
rebound_low24__d3,rebound_low24,108,-0.007368832046528984,-0.005328706595805165,-0.0020401254507238197,-0.002034432242089679,-0.181665912142405,0.181665912142405,WINNER_LOW,0.6296296296296297,0.06174464416542744,True,0.19519853471520274
macd_signal_pct__w240__min,macd_signal_pct,108,-0.011598777517469393,-0.01030912921905164,-0.0012896482984177528,-0.0009156477404758333,-0.1816327070264859,0.1816327070264859,WINNER_LOW,0.5185185185185185,0.061791472098864576,False,0.19519853471520274
ema72_slope_12h__w72__pos,ema72_slope_12h,108,0.40054132678994425,0.33916803867902706,0.061373288110917204,0.02938713729381559,0.18150264567665442,0.18150264567665442,WINNER_HIGH,0.5277777777777778,0.06197517988960815,True,0.1956021697418409
trades_rel72__d6,trades_rel72,108,0.859762964151472,0.6056119151266307,0.25415104902484154,0.1365407839417458,0.18129022381335852,0.18129022381335852,WINNER_HIGH,0.5833333333333334,0.06227620491157192,True,0.19625321942114815
close_vs_sma240__w240__min,close_vs_sma240,108,-0.05807208512258647,-0.04921544042469274,-0.008856644697893731,-0.010873936349526048,-0.18127790376762978,0.18127790376762978,WINNER_LOW,0.5740740740740741,0.06229370133184857,False,0.19625321942114815
close_vs_ema12__w72__q10,close_vs_ema12,108,-0.009741604287598791,-0.00857105019245797,-0.001170554095140822,-0.00023227599449455734,-0.18107071481927445,0.18107071481927445,WINNER_LOW,0.5277777777777778,0.06258856083458822,False,0.19700467798249774
close_vs_vwap24__w24__q75,close_vs_vwap24,108,0.005085912713386481,0.003214852862567097,0.0018710598508193841,-0.0001472796080633997,0.18095458071799575,0.18095458071799575,WINNER_HIGH,0.5,0.06275434755401628,False,0.19713370548069598
dist_high240__w24__z,dist_high240,108,-1.7689035442416314,-1.6500528131490915,-0.11885073109253969,-0.12077613808214664,-0.1809345257087813,0.1809345257087813,WINNER_LOW,0.6018518518518519,0.06278301424304256,True,0.19713370548069598
ema168_slope_24h__w24__pos,ema168_slope_24h,108,0.44097170295814675,0.35973536347349483,0.08123633948465188,0.0,0.18089106364866145,0.18089106364866145,WINNER_HIGH,0.48148148148148145,0.06284517672032543,True,0.19713370548069598
close_vs_vwap24__w240__q90,close_vs_vwap24,108,0.017575770116376656,0.016283673699945215,0.0012920964164314444,-4.551811143756017e-05,0.1808403987690992,0.1808403987690992,WINNER_HIGH,0.5092592592592593,0.06291770630233541,False,0.19713370548069598
ema_gap_24_72__w24__z,ema_gap_24_72,108,-0.9330231094111999,-1.1561136370559257,0.22309052764472584,0.1435922503471374,0.18081655312357367,0.18081655312357367,WINNER_HIGH,0.5555555555555556,0.06295186694316335,True,0.19713370548069598
close_vs_ema168__w240__diff_std,close_vs_ema168,108,0.005643482332945698,0.0054104497276798455,0.0002330326052658536,0.0002590298186987642,0.1808054443441595,0.1808054443441595,WINNER_HIGH,0.5925925925925926,0.06296778639460607,True,0.19713370548069598
dist_high72__w240__std,dist_high72,108,0.02077833772205782,0.019164566653435702,0.0016137710686221166,-2.7408543974160454e-05,0.1806158110656297,0.1806158110656297,WINNER_HIGH,0.5,0.06324006153675907,False,0.1976090765643416
close_vs_ema24__w240__diff_std,close_vs_ema24,108,0.005326311384258723,0.005104592940511388,0.00022171844374733394,0.00022114543244242677,0.18060696057086142,0.18060696057086142,WINNER_HIGH,0.5925925925925926,0.06325279312402073,True,0.1976090765643416
close_vs_ema168__w240__q10,close_vs_ema168,108,-0.02435629692734909,-0.019362282829307433,-0.004994014098041657,-0.0070089965360239145,-0.18058169329835436,0.18058169329835436,WINNER_LOW,0.5925925925925926,0.06328915234545684,False,0.1976090765643416
macd_pct__w240__q10,macd_pct,108,-0.006614503089049658,-0.005973512415221193,-0.0006409906738284648,-0.000841796342865564,-0.1803498105643943,0.1803498105643943,WINNER_LOW,0.5833333333333334,0.06362364668195628,False,0.19818679135777137
rsi24__w24__accel,rsi24,108,-7.260641279733843,-5.661184955664255,-1.5994563240695883,-0.8028243124485015,-0.18034159805001362,0.18034159805001362,WINNER_LOW,0.5462962962962963,0.06363552046024186,True,0.19818679135777137
bb_z__w24__accel,bb_z,108,-1.3403631978564792,-0.9297454222658417,-0.4106177755906376,-0.3471099078655243,-0.18033510353382134,0.18033510353382134,WINNER_LOW,0.5462962962962963,0.06364491164496738,True,0.19818679135777137
close_vs_ema48__w240__diff_std,close_vs_ema48,108,0.005494536769455644,0.005267358761004827,0.00022717800845081606,0.00024106160271912796,0.1802964197220366,0.1802964197220366,WINNER_HIGH,0.5925925925925926,0.06370087317304404,True,0.19818679135777137
ema24_slope_6h__w72__q10,ema24_slope_6h,108,-0.006117313343397486,-0.005047576264479613,-0.0010697370789178725,-1.3533886522054586e-05,-0.18010428358461492,0.18010428358461492,WINNER_LOW,0.5,0.06397943598538097,False,0.1987361632963811
log_ret__w24__diff_std,log_ret,108,0.00780467792733193,0.007294517313992536,0.0005101606133393943,-0.00024117259308695802,0.18009624523244663,0.18009624523244663,WINNER_HIGH,0.5277777777777778,0.06399111234536034,True,0.1987361632963811
ema6_slope_3h__w72__diff_std,ema6_slope_3h,108,0.0025358486939997724,0.0023801813568247276,0.00015566733717504473,5.89957227930427e-05,0.18001175773673894,0.18001175773673894,WINNER_HIGH,0.5462962962962963,0.0641139452778045,True,0.198806249420647
log_ret__w240__delta,log_ret,108,-0.007644912726728189,-0.006379465475506382,-0.0012654472512218086,-0.0014611697290092714,-0.1799708967806101,0.1799708967806101,WINNER_LOW,0.6018518518518519,0.06417342214889359,True,0.198806249420647
atr72_pct__w240__mean,atr72_pct,108,0.007898432237130625,0.007573903482234863,0.00032452875489576,0.0001905295997858044,0.1799634744834264,0.1799634744834264,WINNER_HIGH,0.5648148148148148,0.06418423093963696,False,0.198806249420647
close_vs_ema72__w240__diff_std,close_vs_ema72,108,0.005554248003237363,0.005325787136313954,0.00022846086692340943,0.00024741049855947495,0.17982365259372085,0.17982365259372085,WINNER_HIGH,0.5925925925925926,0.06438813286154285,True,0.19926132797948262
adx14__w240__diff_std,adx14,108,1.1678557489757184,1.1462795992692312,0.021576149706487305,0.026826012134552046,0.1794556710519173,0.1794556710519173,WINNER_HIGH,0.6111111111111112,0.06492735202392454,True,0.2004615548986357
close_vs_vwap72__w24__delta,close_vs_vwap72,108,-0.021624749736575823,-0.019248762036655803,-0.00237598769992002,-0.0006650414317846288,-0.17944204031848665,0.17944204031848665,WINNER_LOW,0.5648148148148148,0.06494739806499464,True,0.2004615548986357
abs_body_pct__w240__std,abs_body_pct,108,0.004171170367583356,0.003981170459236535,0.00018999990834682074,6.797446403652421e-05,0.17944167273803874,0.17944167273803874,WINNER_HIGH,0.5277777777777778,0.06494793871894602,False,0.2004615548986357
ema6_slope_3h__w24__q90,ema6_slope_3h,108,0.004710563412151748,0.003970252859453973,0.0007403105526977758,-1.0136130731552644e-05,0.1793464329305157,0.1793464329305157,WINNER_HIGH,0.5092592592592593,0.06508814865739676,False,0.20052695545818952
stoch_d__w24__accel,stoch_d,108,-20.453455924987793,-12.71013107343956,-7.743324851548232,-11.565085411071776,-0.17934319124075868,0.17934319124075868,WINNER_LOW,0.5833333333333334,0.06509292545327676,True,0.20052695545818952
trades_rel240__w24__accel,trades_rel240,108,0.816601722880646,0.3535073891868469,0.46309433369379915,0.5233684837818146,0.17927420571062264,0.17927420571062264,WINNER_HIGH,0.6018518518518519,0.06519464870129829,True,0.20052695545818952
atr6_pct__w24__up_share,atr6_pct,108,0.5243055572112402,0.507793212433656,0.01651234477758408,0.016666671633720376,0.17927159683997806,0.17927159683997806,WINNER_HIGH,0.5462962962962963,0.06519849824305447,True,0.20052695545818952
atr72_pct__w240__q90,atr72_pct,108,0.010375985198792207,0.009854347120832515,0.0005216380779596942,0.00011959210969507677,0.17918625974852778,0.17918625974852778,WINNER_HIGH,0.5370370370370371,0.06532452297951129,False,0.20073801129995691
close_vs_sma72__d24,close_vs_sma72,108,-0.022591289801160503,-0.019222787024790272,-0.0033685027763702365,-0.001870162499835716,-0.17900821677530826,0.17900821677530826,WINNER_LOW,0.5648148148148148,0.0655881105031465,True,0.2009239675706929
close_vs_sma72__w24__diff_mean,close_vs_sma72,108,-0.0009413037415471224,-0.0008009494590597234,-0.00014035428248739906,-7.792345295456473e-05,-0.17900821356227317,0.17900821356227317,WINNER_LOW,0.5648148148148148,0.06558811526796436,True,0.2009239675706929
ema24_slope_6h__w240__pos,ema24_slope_6h,108,0.37202268506823405,0.33687353903444966,0.03514914603378437,0.017528268694877613,0.1790054279165098,0.1790054279165098,WINNER_HIGH,0.5462962962962963,0.06559224639139362,True,0.2009239675706929
close_vs_ema12__w240__diff_std,close_vs_ema12,108,0.005000732537290013,0.004793619512821791,0.00020711302446822324,0.00020124758593738075,0.17896679673051932,0.17896679673051932,WINNER_HIGH,0.5833333333333334,0.06564955901876743,True,0.2009239675706929
macd_signal_pct__w72__q10,macd_signal_pct,108,-0.004886831873119701,-0.0038964117841472938,-0.0009904200889724068,-0.000199386605527252,-0.17895146422891145,0.17895146422891145,WINNER_LOW,0.5185185185185185,0.06567231768181354,False,0.2009239675706929
quote_volume_rel240__d6,quote_volume_rel240,108,1.1849282951712936,0.7867300375744148,0.3981982575968789,0.16535606244578957,0.1788734372265233,0.1788734372265233,WINNER_HIGH,0.5462962962962963,0.06578823857840961,True,0.2010436669813538
upper_wick__w24__diff_std,upper_wick,108,0.28732362403361883,0.2974191704282055,-0.010095546394586565,-0.013443897664546983,-0.1788143473453919,0.1788143473453919,WINNER_LOW,0.5462962962962963,0.06587613927859994,True,0.2010436669813538
macd_pct__w24__up_share,macd_pct,108,0.4224537043245854,0.3888117291102255,0.03364197521435994,0.03333334475755692,0.1788091250230639,0.1788091250230639,WINNER_HIGH,0.5462962962962963,0.06588391259955147,True,0.2010436669813538
ema_gap_72_168__w24__q25,ema_gap_72_168,108,0.0019521599466248449,0.005198586395058387,-0.0032464264484335418,-0.004612166987499222,-0.17876509191532908,0.17876509191532908,WINNER_LOW,0.5925925925925926,0.06594948547429773,False,0.20106830924465488
ema_gap_6_24__w72__q10,ema_gap_6_24,108,-0.008968174369868022,-0.007380558030834233,-0.0015876163390337887,9.729627054184693e-05,-0.1784323274582104,0.1784323274582104,WINNER_LOW,0.5092592592592593,0.0664467945202969,False,0.20229873392494846
atr72_pct__w24__delta,atr72_pct,108,0.00043638249080349515,0.00017925041423007282,0.00025713207657342233,0.00031820678195799697,0.17841767934164635,0.17841767934164635,WINNER_HIGH,0.5833333333333334,0.06646875758643574,True,0.20229873392494846
dist_high24__w240__std,dist_high24,108,0.014888977653484929,0.014020842502618001,0.0008681351508669278,0.00047262972220778535,0.1783633786707548,0.1783633786707548,WINNER_HIGH,0.5370370370370371,0.06655022773432544,False,0.20237056207559656
lower_wick__w240__min,lower_wick,108,3.5232115233493797e-07,9.567772159007964e-07,-6.044560635658584e-07,0.0,-0.1782335570025982,0.1782335570025982,WINNER_LOW,0.18518518518518517,0.06674534408877003,False,0.20270679296227764
atr14_pct__d3,atr14_pct,108,0.0009437444210957606,0.0007034498992719887,0.000240294521823772,0.0001560293403599644,0.17818736546756275,0.17818736546756275,WINNER_HIGH,0.6111111111111112,0.06681488308524523,True,0.20270679296227764
close_vs_sma168__w240__diff_std,close_vs_sma168,108,0.005671928800573504,0.0054412302207546654,0.00023069857981883823,0.00025499938055872917,0.1781383012081384,0.1781383012081384,WINNER_HIGH,0.5833333333333334,0.06688881306272701,True,0.20270679296227764
log_ret__w72__delta,log_ret,108,-0.008161433800490125,-0.006795566946743747,-0.001365866853746377,-0.0004937260004226121,-0.1781077892327003,0.1781077892327003,WINNER_LOW,0.5555555555555556,0.0669348229098484,True,0.20270679296227764
trades_rel240__w240__q90,trades_rel240,108,2.503127340917234,2.4031244567147008,0.10000288420253332,0.15756762027740479,0.17809731198668352,0.17809731198668352,WINNER_HIGH,0.5555555555555556,0.06695062793006311,False,0.20270679296227764
close_vs_ema24__w72__q75,close_vs_ema24,108,0.006929947888086947,0.005716613519352567,0.0012133343687343802,0.000723043223842978,0.17805259835907974,0.17805259835907974,WINNER_HIGH,0.5277777777777778,0.0670181138653695,False,0.20273559185743698
body_pct__w240__delta,body_pct,108,-0.007591636906740691,-0.006349086362166014,-0.0012425505445746777,-0.0014170127455145113,-0.17801127964262514,0.17801127964262514,WINNER_LOW,0.6018518518518519,0.06708052636048951,True,0.20273861059352877
rsi14__d6,rsi14,108,-12.39222343403984,-10.998666358935747,-1.3935570751040895,-1.4326505184173586,-0.17797520201534825,0.17797520201534825,WINNER_LOW,0.5555555555555556,0.06713506178647592,True,0.20273861059352877
close_vs_vwap72__w240__pos,close_vs_vwap72,108,0.3395139937282592,0.30213391585103055,0.03738007787722853,0.019622471928596452,0.17782547498543227,0.17782547498543227,WINNER_HIGH,0.5462962962962963,0.06736178680952298,True,0.20311618764031253
stoch_d__w24__mean,stoch_d,108,50.304751837695086,47.95012666560985,2.3546251720852323,2.6686698913574247,0.17781593198797593,0.17781593198797593,WINNER_HIGH,0.5925925925925926,0.06737625898277452,False,0.20311618764031253
avg_trade_quote_rel72__w240__q90,avg_trade_quote_rel72,108,1.4018289082580142,1.4196811903406072,-0.017852282082593013,-0.024145638942718484,-0.17768295821419106,0.17768295821419106,WINNER_LOW,0.6203703703703703,0.06757818684135934,False,0.2031896024248588
log_ret__w24__diff_mean,log_ret,108,-0.00033761222608030004,-0.0002799955543933505,-5.761667168694952e-05,-4.4233392691239736e-05,-0.17765083054773306,0.17765083054773306,WINNER_LOW,0.5648148148148148,0.06762705009752179,True,0.2031896024248588
log_ret__d24,log_ret,108,-0.008102693375298663,-0.006719893288517497,-0.0013828000867811673,-0.0010616014013066885,-0.1776508258581721,0.1776508258581721,WINNER_LOW,0.5648148148148148,0.067627057232068,True,0.2031896024248588
volume_rel240__d12,volume_rel240,108,1.3786610709330827,1.00774708423867,0.37091398669441267,0.022632651962339892,0.17764107759990214,0.17764107759990214,WINNER_HIGH,0.5092592592592593,0.06764188927409542,True,0.2031896024248588
bb_z__w72__z,bb_z,108,-1.454970998542935,-1.363034552635832,-0.09193644590710325,-0.07026317119598391,-0.17760872627159743,0.17760872627159743,WINNER_LOW,0.5555555555555556,0.06769113149126695,True,0.2031896024248588
close_vs_ema6__w24__accel,close_vs_ema6,108,-0.006808277712682159,-0.004695636831227736,-0.0021126408814544214,-0.0027660548279527576,-0.17738632054542755,0.17738632054542755,WINNER_LOW,0.6481481481481481,0.06803046707630248,True,0.2040330560598883
close_vs_vwap24__w240__q10,close_vs_vwap24,108,-0.014090318939890023,-0.013196380520498173,-0.0008939384193918495,-0.0006794321350753309,-0.1770702699807542,0.1770702699807542,WINNER_LOW,0.5277777777777778,0.0685151205268803,False,0.2053105196936593
macd_pct__d6,macd_pct,108,-0.0031926212325035725,-0.0028465316310943034,-0.0003460896014092684,-7.761487941024827e-05,-0.17689958930808874,0.17689958930808874,WINNER_LOW,0.5185185185185185,0.06877804842346155,True,0.20592194806236733
close_vs_vwap72__w72__up_share,close_vs_vwap72,108,0.48469650552228644,0.4735853929762487,0.011111112546037749,0.012500008940696722,0.17678639326744727,0.17678639326744727,WINNER_HIGH,0.5925925925925926,0.06895288644412843,True,0.20611556044831736
body_pct__w72__delta,body_pct,108,-0.008112331327100509,-0.006761442866571053,-0.0013508884605294548,-0.0004785836325027045,-0.17677991784740152,0.17677991784740152,WINNER_LOW,0.5462962962962963,0.06896289930262381,True,0.20611556044831736
close_vs_ema72__w72__pos,close_vs_ema72,108,0.24351395741406898,0.20403682714160018,0.03947713027246884,-0.012634022161364555,0.17674330432352842,0.17674330432352842,WINNER_HIGH,0.5555555555555556,0.0690195371132341,True,0.20611556044831736
close_vs_vwap24__w24__late_vs_prev,close_vs_vwap24,108,-0.007447200800824148,-0.006083056407569781,-0.0013641443932543651,-0.0005690286867320541,-0.17653839690929535,0.17653839690929535,WINNER_LOW,0.5462962962962963,0.06933722607913931,True,0.2067548678633202
quote_volume_rel240__w24__mean,quote_volume_rel240,108,1.520253604484929,1.3836184521516164,0.13663515233331255,-0.03933788537979127,0.17652897594715408,0.17652897594715408,WINNER_HIGH,0.5277777777777778,0.0693518615967042,False,0.2067548678633202
rebound_low24__d12,rebound_low24,108,-0.014491431728031414,-0.01128347759190715,-0.003207954136124263,-0.0006396120006684214,-0.17644737651398745,0.17644737651398745,WINNER_LOW,0.5555555555555556,0.06947873444945896,True,0.2069566732280732
close_vs_ema12__w240__delta,close_vs_ema12,108,-0.013828104986680922,-0.01165405218636335,-0.0021740528003175753,-0.0006297869840636852,-0.1762684107295003,0.1762684107295003,WINNER_LOW,0.5277777777777778,0.06975767181445733,True,0.2075332927313554
ema_gap_24_72__w240__q10,ema_gap_24_72,108,-0.012105355391988135,-0.010192982585700791,-0.0019123728062873451,-0.0018028335180133581,-0.17624183111966693,0.17624183111966693,WINNER_LOW,0.5740740740740741,0.06979917838653578,False,0.2075332927313554
lower_wick__w240__z,lower_wick,108,-0.32026848498585253,-0.17830452668842758,-0.14196395829742503,-0.2134529374539852,-0.17620907827818888,0.17620907827818888,WINNER_LOW,0.6481481481481481,0.0698503533156435,True,0.2075332927313554
close_vs_ema48__w240__up_share,close_vs_ema48,108,0.49490740591729127,0.4902006152051466,0.004706790712144638,0.002916666865348805,0.17594304963092364,0.17594304963092364,WINNER_HIGH,0.5462962962962963,0.07026716988408056,True,0.2085944763027417
body_pct__w72__std,body_pct,108,0.005644607269291386,0.005322182648470281,0.0003224246208211062,0.00016822034958750018,0.1759030838354988,0.1759030838354988,WINNER_HIGH,0.5648148148148148,0.07032996716997703,False,0.20860381271705652
close_vs_vwap24__w24__pos,close_vs_vwap24,108,0.1278244099640115,0.15161449909910854,-0.02379008913509702,-0.009881346300244332,-0.17569352821199322,0.17569352821199322,WINNER_LOW,0.5925925925925926,0.07066000155443704,True,0.20940510630158163
ema6_slope_3h__w240__z,ema6_slope_3h,108,-1.2918582284064204,-1.1669108036077684,-0.12494742479865195,-0.04059837497770791,-0.17559022612513664,0.17559022612513664,WINNER_LOW,0.5185185185185185,0.07082316798434463,True,0.20960265584703802
body_pct__w24__diff_mean,body_pct,108,-0.0003355396185127204,-0.0002789545922927535,-5.658502621996688e-05,-4.404278297442943e-05,-0.1755217779387756,0.1755217779387756,WINNER_LOW,0.5648148148148148,0.07093145490072653,True,0.20960265584703802
body_pct__d24,body_pct,108,-0.008052950813550895,-0.0066949102168143365,-0.0013580405967365584,-0.0010570265585556626,-0.17552177525901422,0.17552177525901422,WINNER_LOW,0.5648148148148148,0.07093145914287627,True,0.20960265584703802
body_pct__w240__q25,body_pct,108,-0.00250217654199029,-0.0023877752690438037,-0.00011440127294648578,4.5729358680546414e-05,-0.17549969978183477,0.17549969978183477,WINNER_LOW,0.5277777777777778,0.07096641250297198,False,0.20960265584703802
trades_rel24__w240__diff_std,trades_rel24,108,0.774893936459665,0.8095763345007543,-0.03468239804108937,-0.031321501731872536,-0.17545560605143806,0.17545560605143806,WINNER_LOW,0.5648148148148148,0.07103627148755333,True,0.20963193366411306
log_ret__w72__std,log_ret,108,0.0056523640157171975,0.005329651205317566,0.0003227128103996317,0.00015003546141087974,0.17534326326557362,0.17534326326557362,WINNER_HIGH,0.5648148148148148,0.0712145178768961,False,0.20998074959148877
range_pct__w24__max,range_pct,108,0.023841597213133895,0.021583926038713095,0.0022576711744208026,-0.0015540895052254203,0.17521426074727267,0.17521426074727267,WINNER_HIGH,0.5833333333333334,0.0714196554934582,False,0.21024221407392188
log_ret__w240__q90,log_ret,108,0.00565743844749199,0.00544238197186065,0.00021505647563134072,0.00012361160479486006,0.1752118872002468,0.1752118872002468,WINNER_HIGH,0.5462962962962963,0.07142343446377443,False,0.21024221407392188
body_pct__w240__q90,body_pct,108,0.005674100245987238,0.005457868797411384,0.00021623144857585425,0.00012413337826728838,0.17515617488437854,0.17515617488437854,WINNER_HIGH,0.5462962962962963,0.07151218286060838,False,0.2103264116598381
volume_rel240__d6,volume_rel240,108,1.25294487546543,0.8121720921700922,0.44077278329533764,0.18677569329738616,0.17497321130503493,0.17497321130503493,WINNER_HIGH,0.5555555555555556,0.0718042843569832,True,0.2110080524339246
log_ret__w240__q25,log_ret,108,-0.0025048809378252677,-0.0023907594402165465,-0.00011412149760872125,4.5898591633885925e-05,-0.1748423486990957,0.1748423486990957,WINNER_LOW,0.5277777777777778,0.07201381404138092,False,0.2114461021853141
close_vs_ema6__w240__diff_std,close_vs_ema6,108,0.004386965493688843,0.004209197152630184,0.00017776834105865825,0.00017502696719020596,0.1747341159588907,0.1747341159588907,WINNER_HIGH,0.5833333333333334,0.07218749354940533,True,0.21177824240123358
volume_rel72__w72__z,volume_rel72,108,1.0286548643683393,0.8110901422867619,0.21756472208157737,0.055186551809310924,0.17460468695673464,0.17460468695673464,WINNER_HIGH,0.5185185185185185,0.07239564293799099,True,0.21221086618118565
close_vs_ema72__w240__up_share,close_vs_ema72,108,0.49583332930450086,0.49124228021612876,0.004591049088372122,0.0016666650772094727,0.174550395254031,0.174550395254031,WINNER_HIGH,0.5370370370370371,0.07248310378463993,True,0.21228929140275196
quote_volume_rel72__w72__z,quote_volume_rel72,108,0.994419933538194,0.7805337621942505,0.21388617134394325,0.03454494178295142,0.17440647979354193,0.17440647979354193,WINNER_HIGH,0.5092592592592593,0.07271536792641124,True,0.21270509177729474
trades_rel24__w240__pos,trades_rel24,108,0.2843294763264971,0.25241713087867806,0.031912345447819,-0.012894462607800972,0.174351639335315,0.174351639335315,WINNER_HIGH,0.5370370370370371,0.07280403694628108,True,0.21270509177729474
close_vs_vwap72__w240__diff_std,close_vs_vwap72,108,0.00554731382160551,0.005327802731793511,0.00021951108981199829,0.00022338414564728728,0.17434946903057905,0.17434946903057905,WINNER_HIGH,0.5925925925925926,0.07280754785742688,True,0.21270509177729474
volume_rel72__d1,volume_rel72,108,0.8181321747532045,0.5190397147563528,0.2990924599968517,0.07163286432623862,0.17377608660638105,0.17377608660638105,WINNER_HIGH,0.5555555555555556,0.0737400455488743,True,0.21524953195693944
trades_rel240__d1,trades_rel240,108,0.4950991111971369,0.2919049614265936,0.20319414977054326,0.017288265191018587,0.17371669961102168,0.17371669961102168,WINNER_HIGH,0.5277777777777778,0.07383719066593283,True,0.21535334091640293
bb_z__w240__std,bb_z,108,1.2958032025231256,1.2866558055082957,0.00914739701482984,0.01091291904449454,0.17354217926350235,0.17354217926350235,WINNER_HIGH,0.6388888888888888,0.07412328487854628,False,0.21585885726832865
close_vs_vwap24__w72__mean,close_vs_vwap24,108,0.0009993867128354464,-6.8776781568481224e-06,0.0010062643909922943,0.0008484394202241675,0.17350522632391827,0.17350522632391827,WINNER_HIGH,0.5648148148148148,0.07418398018610987,False,0.21585885726832865
volume_rel240__w240__q90,volume_rel240,108,2.868487120778472,2.7405764014632616,0.12791071931521097,0.09925951957702628,0.17349809673669692,0.17349809673669692,WINNER_HIGH,0.5462962962962963,0.0741956952921164,False,0.21585885726832865
close_vs_ema12__w24__q10,close_vs_ema12,108,-0.009978101495276118,-0.008832871113015615,-0.0011452303822605044,0.0002555467886850239,-0.17330299426677884,0.17330299426677884,WINNER_LOW,0.5370370370370371,0.07451687686107328,False,0.21656404408063198
close_vs_ema12__w24__q25,close_vs_ema12,108,-0.005810318119748209,-0.0047695325264073656,-0.0010407855933408428,-4.153419286012498e-06,-0.17327567547743153,0.17327567547743153,WINNER_LOW,0.5,0.07456194139922245,False,0.21656404408063198
cci20__w72__pos,cci20,108,0.23009660303446086,0.25318054830379505,-0.02308394526933423,-0.04287514071911573,-0.17320550440832805,0.17320550440832805,WINNER_LOW,0.6018518518518519,0.07467779770297962,True,0.2167204260871405
trades_rel72__w24__z,trades_rel72,108,0.970838773189354,0.773898550442903,0.19694022274645115,0.019673918187618267,0.1730935124692588,0.1730935124692588,WINNER_HIGH,0.5,0.07486301146008255,True,0.2167204260871405
close_vs_sma24__w72__q10,close_vs_sma24,108,-0.016434467177734606,-0.014162352088789232,-0.002272115088945375,-0.0007516627898439764,-0.17308626306771127,0.17308626306771127,WINNER_LOW,0.5092592592592593,0.07487501371579053,False,0.2167204260871405
ema168_slope_24h__w72__z,ema168_slope_24h,108,-0.2801910535673852,-0.5567582053910614,0.2765671518236761,0.33994910717010507,0.17307164784710996,0.17307164784710996,WINNER_HIGH,0.5555555555555556,0.07489921581555294,True,0.2167204260871405
macd_signal_pct__w72__min,macd_signal_pct,108,-0.006437606821504216,-0.00531169915177964,-0.0011259076697245761,-3.3106522823800506e-05,-0.1730556896805954,0.1730556896805954,WINNER_LOW,0.5092592592592593,0.07492564916767312,False,0.2167204260871405
abs_body_pct__d12,abs_body_pct,108,0.004780465523944494,0.0038887138334555657,0.0008917516904889286,0.0009202378976624455,0.17258247959513598,0.17258247959513598,WINNER_HIGH,0.6388888888888888,0.07571299951416012,True,0.21881682586860987
quote_volume_rel240__w72__diff_mean,quote_volume_rel240,108,0.01593159546690812,0.009870734359103354,0.006060861107804764,0.00422602424669094,0.17251471975579938,0.17251471975579938,WINNER_HIGH,0.5925925925925926,0.07582630009355551,True,0.21896331249146456
ema_gap_72_168__w24__up_share,ema_gap_72_168,108,0.4575617259575261,0.3878858007145701,0.06967592524295607,0.0708333283662796,0.1723953565678462,0.1723953565678462,WINNER_HIGH,0.5277777777777778,0.07602622735337526,True,0.2192584614601584
bb_z__w240__q25,bb_z,108,-0.8992639400444373,-0.8442087327837255,-0.05505520726071187,-0.039721506834030196,-0.17237885120864688,0.17237885120864688,WINNER_LOW,0.5370370370370371,0.07605390727800175,False,0.2192584614601584
ema6_slope_3h__w24__delta,ema6_slope_3h,108,-0.008032356546849499,-0.00688600995509424,-0.0011463465917552604,-0.0007786782487528399,-0.17229725347088468,0.17229725347088468,WINNER_LOW,0.5648148148148148,0.0761908713555306,True,0.21928367817555583
atr72_pct__w24__diff_mean,atr72_pct,108,1.817557999151665e-05,7.444957460147863e-06,1.0730622531368788e-05,1.4707207208175533e-05,0.17226161098542475,0.17226161098542475,WINNER_HIGH,0.5833333333333334,0.0762507622494119,True,0.21928367817555583
atr72_pct__d24,atr72_pct,108,0.0004362139118004254,0.00017867898084489295,0.00025753493095553246,0.000352972979999322,0.1722616046779592,0.1722616046779592,WINNER_HIGH,0.5833333333333334,0.0762507728514372,True,0.21928367817555583
close_vs_vwap72__w240__z,close_vs_vwap72,108,-0.9205034820500899,-1.087331151748421,0.1668276696983311,0.09206110984086986,0.1721400320055669,0.1721400320055669,WINNER_HIGH,0.5740740740740741,0.0764553472259503,True,0.2196751979570606
quote_volume_rel72__w72__delta,quote_volume_rel72,108,1.259834116100575,0.8676212627785624,0.39221285332201256,0.17299346067011367,0.17208990292829168,0.17208990292829168,WINNER_HIGH,0.5833333333333334,0.07653983314175951,True,0.2196751979570606
ema6_slope_3h__w72__q10,ema6_slope_3h,108,-0.0064528590144753385,-0.005766362901475212,-0.0006864961130001271,-0.0004087186069227757,-0.17206883150927516,0.17206883150927516,WINNER_LOW,0.5277777777777778,0.07657536926212664,False,0.2196751979570606
volume_rel24__w240__min,volume_rel24,108,0.2862810533907678,0.2761716496337343,0.010109403757033524,0.0027556046843528748,0.17185017154864937,0.17185017154864937,WINNER_HIGH,0.5185185185185185,0.07694493656637261,False,0.22055446161688935
close_vs_vwap240__w72__mean,close_vs_vwap240,108,0.009297976168454625,0.017202395618369334,-0.007904419449914712,-0.013824172550812364,-0.17167271930003278,0.17167271930003278,WINNER_LOW,0.5833333333333334,0.077245939340563,False,0.22123591308267715
mfi14__d1,mfi14,108,-4.831563033577469,-3.9655634743437456,-0.865999559233724,-0.5367579638957977,-0.17156149982570038,0.17156149982570038,WINNER_LOW,0.5555555555555556,0.07743509051180078,True,0.22159616327313203
trades_rel240__w24__q10,trades_rel240,108,0.699459437004946,0.659776807797176,0.03968262920777004,0.026346865296363847,0.1714834736512436,0.1714834736512436,WINNER_HIGH,0.5185185185185185,0.07756801802526785,False,0.2216375644638999
dist_high72__w240__q10,dist_high72,108,-0.061475212996204696,-0.05704921549186111,-0.0044259975043435896,0.0014251366257667548,-0.17147860623523928,0.17147860623523928,WINNER_LOW,0.5185185185185185,0.07757631652954346,False,0.2216375644638999
rsi6__w24__q90,rsi6,108,65.72473949856229,63.90526098321985,1.81947851534243,1.4351200103759822,0.1712893361487424,0.1712893361487424,WINNER_HIGH,0.5648148148148148,0.07789957402066834,False,0.22223425457790585
bb_width__w240__q75,bb_width,108,0.044086404610425234,0.04209093285241612,0.0019954717580091073,0.0012108422815799713,0.17128191780707452,0.17128191780707452,WINNER_HIGH,0.5648148148148148,0.07791226654632902,False,0.22223425457790585
atr72_pct__w240__delta,atr72_pct,108,0.0007980606762295658,8.953527899225096e-05,0.0007085253972373148,0.00048727115499787034,0.17108982300583417,0.17108982300583417,WINNER_HIGH,0.5833333333333334,0.07824152916656969,True,0.22288116570487734
close_vs_vwap240__w24__std,close_vs_vwap240,108,0.009870359337785177,0.009134448778651725,0.000735910559133454,0.0004218124900944532,0.1710403416141017,0.1710403416141017,WINNER_HIGH,0.5555555555555556,0.0783265291903576,False,0.22288116570487734
close_vs_ema12__w240__z,close_vs_ema12,108,-1.5626626433136321,-1.4503737481630026,-0.11228889515062936,-0.011976355314254762,-0.1710381652365895,0.1710381652365895,WINNER_LOW,0.5092592592592593,0.07833026955999264,True,0.22288116570487734
upper_wick__w240__q90,upper_wick,108,0.5712290704250336,0.5661272723365713,0.005101798088462263,0.004125213623046853,0.17095460650394242,0.17095460650394242,WINNER_HIGH,0.5462962962962963,0.07847398693785876,False,0.2229109168741011
log_ret__w24__max,log_ret,108,0.009954005011995495,0.009017900074832143,0.000936104937163354,-7.480587810277956e-05,0.17092832249348144,0.17092832249348144,WINNER_HIGH,0.5185185185185185,0.07851923925708033,False,0.2229109168741011
macd_fast_hist_pct__w24__delta,macd_fast_hist_pct,108,-0.0027259293542556406,-0.0022298237567745806,-0.0004961055974810598,-0.00027962003950960935,-0.17092093853823606,0.17092093853823606,WINNER_LOW,0.5370370370370371,0.07853195584469333,True,0.2229109168741011
lower_wick__w72__pos,lower_wick,108,0.2643878249572043,0.30084703899098414,-0.0364592140337798,-0.05059711039066315,-0.17086806064312135,0.17086806064312135,WINNER_LOW,0.6203703703703703,0.07862307139794318,True,0.2229885488066564
ema6_slope_3h__w24__min,ema6_slope_3h,108,-0.010471397138812958,-0.009482018798061527,-0.0009893783407514329,0.0003045402001589535,-0.1706609376945021,0.1706609376945021,WINNER_LOW,0.5277777777777778,0.0789808118324445,False,0.22382163612484476
ema6_slope_3h__w240__delta,ema6_slope_3h,108,-0.007808748277764405,-0.006485389933911173,-0.0013233583438532317,-0.00032529280870221536,-0.17048042604653263,0.17048042604653263,WINNER_LOW,0.5833333333333334,0.07929368352593208,True,0.2245263249313235
abs_body_pct__d6,abs_body_pct,108,0.004619357136646242,0.003740518010223511,0.0008788391264227326,0.0011488221277431876,0.17040530080930916,0.17040530080930916,WINNER_HIGH,0.6666666666666666,0.0794241951352867,True,0.2247139242622149
close_vs_ema24__w72__q10,close_vs_ema24,108,-0.013505696688231116,-0.011590557480950437,-0.0019151392072806767,-0.00034257086808793264,-0.1702009398208184,0.1702009398208184,WINNER_LOW,0.5092592592592593,0.07978011849380454,False,0.22553845947682657
body_pct__w24__max,body_pct,108,0.010016331960084952,0.009071722953511333,0.0009446090065736186,-7.722638547420476e-05,0.17012727942814312,0.17012727942814312,WINNER_HIGH,0.5185185185185185,0.07990873030602998,False,0.22571957179336577
close_vs_sma240__d12,close_vs_sma240,108,-0.021542488617274945,-0.019535575103630735,-0.002006913513644206,1.3158470392227e-05,-0.17001441814150262,0.17001441814150262,WINNER_LOW,0.5,0.08010611870980522,True,0.2260554346575673
ema6_slope_3h__w24__q25,ema6_slope_3h,108,-0.003935132633681927,-0.003327779817178059,-0.0006073528165038688,0.00017418700398934544,-0.16998541011145096,0.16998541011145096,WINNER_LOW,0.5185185185185185,0.08015691706473647,False,0.2260554346575673
dist_high24__w72__max,dist_high24,108,-0.0012262975039051478,-0.0009632547414157852,-0.0002630427624893628,-2.2321847691841857e-05,-0.1698913456044752,0.1698913456044752,WINNER_LOW,0.5,0.08032182378796866,False,0.2263379675959117
ema24_slope_6h__w72__min,ema24_slope_6h,108,-0.009209712598897534,-0.008082326673650607,-0.0011273859252469264,7.644016295671463e-05,-0.16978305744141667,0.16978305744141667,WINNER_LOW,0.5092592592592593,0.08051201230350075,False,0.22666205323265318
ema24_slope_6h__w24__accel,ema24_slope_6h,108,-0.003375055791972651,-0.0022512764899105336,-0.0011237793020621178,-0.0008492054068483413,-0.16975209169807726,0.16975209169807726,WINNER_LOW,0.5462962962962963,0.08056646616190674,True,0.22666205323265318
rebound_low240__d3,rebound_low240,108,-0.013036884591319567,-0.011121863677625597,-0.001915020913693971,-0.0008105026558041569,-0.16969886402507853,0.16969886402507853,WINNER_LOW,0.5833333333333334,0.08066013893367521,True,0.22674317190599858
atr6_pct__d1,atr6_pct,108,0.001050568203119703,0.0007561379533725627,0.0002944302497471401,9.495600280615681e-05,0.16962414072795134,0.16962414072795134,WINNER_HIGH,0.5370370370370371,0.08079179211848427,True,0.2269308409946502
quote_volume_rel240__w24__delta,quote_volume_rel240,108,1.1243402874921837,0.7769805779111467,0.34735970958103696,0.17042954340577124,0.16951655598577636,0.16951655598577636,WINNER_HIGH,0.5370370370370371,0.0809816538163876,True,0.22728157575915522
dist_high72__w72__q25,dist_high72,108,-0.04260598266221307,-0.03843240416263817,-0.004173578499574903,-0.001600040961056948,-0.16945155865067393,0.16945155865067393,WINNER_LOW,0.5555555555555556,0.08109653667356802,False,0.22742148255610856
close_vs_sma168__w24__std,close_vs_sma168,108,0.010123957019661449,0.009245499647524276,0.0008784573721371728,0.00016477317549288282,0.1694050489312436,0.1694050489312436,WINNER_HIGH,0.5277777777777778,0.08117882496937631,False,0.22746983246627323
dist_high72__w240__q25,dist_high72,108,-0.04429839892933766,-0.041268795713161444,-0.0030296032161762298,-0.00032938774675130705,-0.16935143984874115,0.16935143984874115,WINNER_LOW,0.5092592592592593,0.08127375921343669,False,0.22755351158477832
trades_rel72__w24__accel,trades_rel72,108,0.8234404769889941,0.42875764735551836,0.3946828296334758,0.40249582082033153,0.16930720356626378,0.16930720356626378,WINNER_HIGH,0.6203703703703703,0.08135216431952162,True,0.2275908149002937
dist_high24__w240__mean,dist_high24,108,-0.019136386483700737,-0.018180804913518606,-0.0009555815701821339,-0.0003671532496809949,-0.16926223035438295,0.16926223035438295,WINNER_LOW,0.5277777777777778,0.08143193937211182,False,0.2276318880769585
quote_volume_rel24__w240__min,quote_volume_rel24,108,0.28636618620819515,0.2765009688282455,0.009865217379949711,0.0016335904598236,0.1692009508383801,0.1692009508383801,WINNER_HIGH,0.5092592592592593,0.081540742722269,False,0.22775397547905324
macd_hist_pct__w240__std,macd_hist_pct,108,0.0018392057407052359,0.001752150799384927,8.705494132030892e-05,9.099174058064814e-05,0.16890440444705943,0.16890440444705943,WINNER_HIGH,0.5555555555555556,0.08206895971381307,False,0.22904641031061795
close_vs_ema168__w240__q25,close_vs_ema168,108,-0.010263755387852682,-0.005617703059572334,-0.004646052328280348,-0.0086167105124332,-0.16879311394111532,0.16879311394111532,WINNER_LOW,0.6018518518518519,0.08226791839910881,False,0.22941858902845574
ema168_slope_24h__w240__diff_std,ema168_slope_24h,108,0.0002916990651337309,0.000278445047809294,1.3254017324436938e-05,5.9504804085008854e-06,0.1685562476258286,0.1685562476258286,WINNER_HIGH,0.5370370370370371,0.08269269462950554,True,0.23002891655691282
rebound_low72__w24__diff_mean,rebound_low72,108,-0.0007461896847607995,-0.0009290259167515715,0.00018283623199077213,0.0002950351350591518,0.1685266166458789,0.1685266166458789,WINNER_HIGH,0.6296296296296297,0.08274595898243675,True,0.23002891655691282
rebound_low72__d24,rebound_low72,108,-0.01790855255929576,-0.0222966219470335,0.004388069387737737,0.007080844114534558,0.1685266104530875,0.1685266104530875,WINNER_HIGH,0.6296296296296297,0.0827459701174831,True,0.23002891655691282
trades_rel240__w24__z,trades_rel240,108,0.9757587330898753,0.7877130265809009,0.18804570650897434,-0.06997299194335938,0.16849691676176282,0.16849691676176282,WINNER_HIGH,0.5185185185185185,0.08279937548913557,True,0.23002891655691282
atr24_pct__w72__diff_mean,atr24_pct,108,1.25641482024245e-05,2.3720863328296418e-06,1.019206186959486e-05,1.1911135584341538e-05,0.1684878587903345,0.1684878587903345,WINNER_HIGH,0.5833333333333334,0.0828156722748508,True,0.23002891655691282
bb_z__w72__diff_std,bb_z,108,0.7436252567503188,0.7687848088917909,-0.025159552141472145,-0.011681300401687633,-0.16833240480369616,0.16833240480369616,WINNER_LOW,0.5555555555555556,0.08309577070960047,True,0.23062373823132765
ema168_slope_24h__w72__up_share,ema168_slope_24h,108,0.4879115235698582,0.44994856057757576,0.037962962992282384,0.06805557012557983,0.16827627644797505,0.16827627644797505,WINNER_HIGH,0.6203703703703703,0.08319709435346152,True,0.23072183898021806
taker_share__w72__accel,taker_share,108,-0.0056732061375105,-0.03393345551659068,0.028260249379080185,0.03631375571712851,0.1681397141254315,0.1681397141254315,WINNER_HIGH,0.6111111111111112,0.08344404238251285,True,0.23099329552453782
taker_share__w240__accel,taker_share,108,-0.0056732061375105,-0.03393345551659068,0.028260249379080185,0.03631375571712851,0.1681397141254315,0.1681397141254315,WINNER_HIGH,0.6111111111111112,0.08344404238251285,True,0.23099329552453782
close_vs_sma168__w240__late_vs_prev,close_vs_sma168,108,0.0006741449766128359,-0.00499625179261245,0.005670396769225285,0.006979725538985804,0.16811260033703543,0.16811260033703543,WINNER_HIGH,0.6111111111111112,0.08349314427881492,True,0.23099329552453782
rebound_low24__w240__late_vs_prev,rebound_low24,108,-0.0002832992741243469,-0.003332088023307733,0.0030487887491833865,0.0031536496870103294,0.1679110457618632,0.1679110457618632,WINNER_HIGH,0.5833333333333334,0.0838588951672976,True,0.2318217837154464
macd_hist_pct__w240__q10,macd_hist_pct,108,-0.002191544468385271,-0.0020737717089812373,-0.00011777275940403343,-4.2339065112173536e-05,-0.16783689414478195,0.16783689414478195,WINNER_LOW,0.5277777777777778,0.08399378490747349,False,0.23201126842135447
volume_rel72__w72__diff_mean,volume_rel72,108,0.01703948970222242,0.011230936788558243,0.005808552913664176,0.0034626004286110405,0.16763688348161487,0.16763688348161487,WINNER_HIGH,0.5833333333333334,0.08435851407028175,True,0.23283482533841773
trades_rel72__w240__pos,trades_rel72,108,0.2835950293078053,0.2525442798673692,0.031050749440436013,0.011547891795635215,0.16746523730983948,0.16746523730983948,WINNER_HIGH,0.5462962962962963,0.0846725545179857,True,0.23351728954999681
macd_pct__w240__min,macd_pct,108,-0.013518986307274274,-0.012161563429119135,-0.0013574228781551402,-0.0008058049250394108,-0.16735585342510628,0.16735585342510628,WINNER_LOW,0.5462962962962963,0.08487318097146537,False,0.23388614173145342
ema72_slope_12h__w72__diff_mean,ema72_slope_12h,108,-2.6168835312298007e-05,-4.933871856888711e-05,2.316988325658911e-05,2.395770857219759e-05,0.16717329608833964,0.16717329608833964,WINNER_HIGH,0.5740740740740741,0.08520888676666313,True,0.23460230989584868
atr24_pct__w24__q10,atr24_pct,108,0.006917490690722372,0.006515404279774951,0.00040208641094742,0.00027046594768762597,0.16714162407078167,0.16714162407078167,WINNER_HIGH,0.5277777777777778,0.08526723931301791,False,0.23460230989584868
close_vs_ema240__w24__min,close_vs_ema240,108,-0.015118288696006251,-0.008130890405771897,-0.006987398290234355,-0.005739757511764766,-0.1670510655515208,0.1670510655515208,WINNER_LOW,0.5740740740740741,0.08543426517340903,False,0.2348539166359475
macd_signal_pct__w240__diff_std,macd_signal_pct,108,0.0004621592968221564,0.0004400678511484767,2.2091445673679648e-05,2.4103815667331213e-05,0.16701925273674023,0.16701925273674023,WINNER_HIGH,0.5555555555555556,0.08549300425437838,True,0.2348539166359475
ema_gap_24_72__w24__accel,ema_gap_24_72,108,-0.0022779564442569405,-0.0018838626874353567,-0.0003940937568215844,-0.0001255360632967495,-0.16692608069642415,0.16692608069642415,WINNER_LOW,0.5185185185185185,0.0856652272913027,True,0.23514230756490231
rebound_low72__w240__up_share,rebound_low72,108,0.49749227916752853,0.4932716010345352,0.0042206781329932035,0.002916672825813288,0.16687137357694412,0.16687137357694412,WINNER_HIGH,0.5370370370370371,0.08576648260609922,True,0.23523559974394428
range_pct__w240__diff_std,range_pct,108,0.005893617894293534,0.0055718558176455135,0.0003217620766480211,0.00010644011199474352,0.16681623143126553,0.16681623143126553,WINNER_HIGH,0.5370370370370371,0.08586864232431793,True,0.23533122430105
macd_fast_hist_pct__w240__q75,macd_fast_hist_pct,108,0.0010867092765962567,0.0010266058924672608,6.0103384128995936e-05,1.4107686001807408e-05,0.1667223188013744,0.1667223188013744,WINNER_HIGH,0.5092592592592593,0.08604286011976586,False,0.23562402649868538
trades_rel72__w240__delta,trades_rel72,108,0.8434633140935114,0.5900290095747484,0.25343430451876314,0.35397555585950613,0.1664465817394869,0.1664465817394869,WINNER_HIGH,0.6111111111111112,0.08655605528495655,True,0.2368439165348146
trades_rel72__w72__min,trades_rel72,108,0.41537072426742977,0.43198194092622516,-0.016611216658795322,-0.02340503931045529,-0.16636285421558564,0.16636285421558564,WINNER_LOW,0.5925925925925926,0.08671238211615426,False,0.2370861612667642
close_vs_sma168__w240__up_share,close_vs_sma168,108,0.497569442347244,0.4921450592853404,0.005424383061903494,0.003333339095115656,0.1660765263096961,0.1660765263096961,WINNER_HIGH,0.5185185185185185,0.08724872991414027,True,0.23836625664824104
atr6_pct__w72__std,atr6_pct,108,0.0033038483686848646,0.0030356348311114645,0.00026821353757340046,0.00014306596713140594,0.1659426828603866,0.1659426828603866,WINNER_HIGH,0.5555555555555556,0.08750037421161105,False,0.23867341168897666
lower_wick__w72__z,lower_wick,108,-0.3244669239049674,-0.18936271502429408,-0.13510420888067326,-0.21764514334499835,-0.16593227826157406,0.16593227826157406,WINNER_LOW,0.6296296296296297,0.08751996115332819,True,0.23867341168897666
lower_wick__w240__q10,lower_wick,108,0.032045809561235795,0.0339825219222365,-0.0019367123610006976,-0.0012349132084636932,-0.16590787768350687,0.16590787768350687,WINNER_LOW,0.5092592592592593,0.08756590997911268,False,0.23867341168897666
log_ret__w72__q90,log_ret,108,0.005457841591797424,0.005142874067813088,0.00031496752398433507,0.0004220996983349322,0.1658539992097274,0.1658539992097274,WINNER_HIGH,0.5833333333333334,0.0876674386479981,False,0.23876404435517862
close_vs_sma72__w72__diff_std,close_vs_sma72,108,0.0055849354313169085,0.005294011653556178,0.0002909237777607308,0.00021473048254847535,0.16572264800982284,0.16572264800982284,WINNER_HIGH,0.5833333333333334,0.08791536060078421,True,0.23911832994733773
quote_volume_rel72__d1,quote_volume_rel72,108,0.7651890622175954,0.49907626561341906,0.2661127966041763,0.0829759396612644,0.16568115910320144,0.16568115910320144,WINNER_HIGH,0.5555555555555556,0.08799378888065994,True,0.23911832994733773
body_pct__w72__q90,body_pct,108,0.005474838049849495,0.005158125698411216,0.00031671235143827895,0.00042279495391994715,0.16567646986617213,0.16567646986617213,WINNER_HIGH,0.5833333333333334,0.08800265674641798,False,0.23911832994733773
ema_gap_6_24__w72__z,ema_gap_6_24,108,-1.04621127475467,-1.1691916658088166,0.12298039105414685,0.09256010651588437,0.16557347135544742,0.16557347135544742,WINNER_HIGH,0.5648148148148148,0.08819762270531113,True,0.23946202375813125
quote_volume_rel240__w240__q90,quote_volume_rel240,108,2.9003610412279763,2.772441611687343,0.12791942954063418,0.10549006462097177,0.1653580531135117,0.1653580531135117,WINNER_HIGH,0.5555555555555556,0.08860652978564634,False,0.2403855970988404
close_vs_vwap240__w24__q25,close_vs_vwap240,108,0.001327752089747702,0.008922574204923336,-0.007594822115175635,-0.006315250741317868,-0.16520816108645128,0.16520816108645128,WINNER_LOW,0.5648148148148148,0.08889196806939055,False,0.2409730328206657
close_vs_sma168__w240__q25,close_vs_sma168,108,-0.014623210173643505,-0.009323571767486605,-0.005299638406156898,-0.008137890137732029,-0.16457821476183848,0.16457821476183848,WINNER_LOW,0.5833333333333334,0.09009979442873654,False,0.2440530621360502
close_vs_ema168__w24__min,close_vs_ema168,108,-0.017907598623423837,-0.01234587882004066,-0.0055617198033831765,-0.003993793716654181,-0.16450588474895303,0.16450588474895303,WINNER_LOW,0.5740740740740741,0.09023932946188985,False,0.2440530621360502
atr6_pct__w72__q75,atr6_pct,108,0.009922204082141872,0.00933058339179735,0.0005916206903445224,0.000385642284527421,0.16445406669984522,0.16445406669984522,WINNER_HIGH,0.5648148148148148,0.09033940233361704,False,0.2440530621360502
close_vs_ema6__w72__q90,close_vs_ema6,108,0.0055880358817780185,0.005140242256068933,0.0004477936257090834,2.7152476832270622e-05,0.1644356702838501,0.1644356702838501,WINNER_HIGH,0.5092592592592593,0.09037495192377987,False,0.2440530621360502
close_vs_ema24__w72__up_share,close_vs_ema24,108,0.4821244878349481,0.47327674914289397,0.008847738692054043,0.01666667461395266,0.16443455935205922,0.16443455935205922,WINNER_HIGH,0.5833333333333334,0.09037709907526022,True,0.2440530621360502
atr6_pct__w72__diff_mean,atr6_pct,108,3.101008315079904e-05,1.7004266711475837e-05,1.4005816439323207e-05,1.7108891569250773e-05,0.16432990448757206,0.16432990448757206,WINNER_HIGH,0.5925925925925926,0.09057955730270532,True,0.24418977042648288
volume_rel240__w24__diff_std,volume_rel240,108,1.0919914266301527,0.9459896765649318,0.14600175006522073,-0.09859528541564944,0.1643154888976076,0.1643154888976076,WINNER_HIGH,0.5740740740740741,0.09060747369733609,True,0.24418977042648288
macd_fast_hist_pct__w24__late_vs_prev,macd_fast_hist_pct,108,-0.0011661252497190246,-0.0008180961334801395,-0.000348029116238885,-0.0003507135223117075,-0.16430013772028654,0.16430013772028654,WINNER_LOW,0.5833333333333334,0.09063720961211746,True,0.24418977042648288
close_vs_sma24__w72__diff_std,close_vs_sma24,108,0.005522522971861892,0.005229908431862929,0.00029261453999896293,0.00019497808534651995,0.16416698333636462,0.16416698333636462,WINNER_HIGH,0.5740740740740741,0.09089546970117893,True,0.24469704199000977
ema168_slope_24h__w24__min,ema168_slope_24h,108,-0.0009217798134091869,0.0006570181788750536,-0.0015787979922842403,-0.0020236915908753875,-0.16406899601779626,0.16406899601779626,WINNER_LOW,0.5648148148148148,0.09108590442770556,False,0.24502108291052793
trades_rel24__w24__accel,trades_rel24,108,0.7638146552360721,0.42404781026750615,0.339766844968566,0.49987999349832535,0.16402830629687878,0.16402830629687878,WINNER_HIGH,0.6111111111111112,0.09116507892799477,True,0.24503946323724196
obv_delta__w72__accel,obv_delta,108,-2320.549370483116,-1468.2144205031568,-852.3349499799587,-390.7759490966797,-0.16392757002830396,0.16392757002830396,WINNER_LOW,0.5277777777777778,0.09136133407933335,True,0.24503946323724196
obv_delta__w240__accel,obv_delta,108,-2320.549370483116,-1468.2144205031568,-852.3349499799587,-390.7759490966797,-0.16392757002830396,0.16392757002830396,WINNER_LOW,0.5277777777777778,0.09136133407933335,True,0.24503946323724196
atr72_pct__w240__diff_mean,atr72_pct,108,3.24964855130466e-06,3.9212973472099645e-07,2.8575188165836644e-06,1.922823190625422e-06,0.16392157596366577,0.16392157596366577,WINNER_HIGH,0.5925925925925926,0.09137302260833959,True,0.24503946323724196
dist_high24__w72__q10,dist_high24,108,-0.03796203213709372,-0.03473881559653415,-0.003223216540559575,-0.0009608974680304534,-0.16357615462339115,0.16357615462339115,WINNER_LOW,0.5370370370370371,0.09204866197001467,False,0.24649461084842678
obv_delta__w240__z,obv_delta,108,-1.1532066636028941,-0.9889187901142847,-0.16428787348860946,-0.008758913725614464,-0.16357210399163571,0.16357210399163571,WINNER_LOW,0.5092592592592593,0.09205660902717912,True,0.24649461084842678
atr24_pct__w72__delta,atr24_pct,108,0.000919832840029105,0.00021055990803654792,0.0007092729319925572,0.0008455510833300651,0.16339430535200758,0.16339430535200758,WINNER_HIGH,0.5648148148148148,0.09240598862625772,True,0.24724081272075227
rsi14__w240__late_vs_prev,rsi14,108,-0.3224945318824784,-2.01008101866615,1.6875864867836712,2.0886816650629045,0.16316946873001417,0.16316946873001417,WINNER_HIGH,0.5740740740740741,0.09284934457677825,True,0.24794873653616684
dist_high72__w240__q90,dist_high72,108,-0.0087174905412313,-0.00776544219934968,-0.0009520483418816219,0.00024571935646235934,-0.163157514867215,0.163157514867215,WINNER_LOW,0.5555555555555556,0.09287296482702552,False,0.24794873653616684
rebound_low24__w240__z,rebound_low24,108,-0.7914993466671418,-0.8853207945782707,0.09382144791112904,-0.006392085552215598,0.16315229315823634,0.16315229315823634,WINNER_HIGH,0.5277777777777778,0.09288328420428325,True,0.24794873653616684
atr6_pct__w240__up_share,atr6_pct,108,0.49695215705368256,0.49344907116006936,0.00350308589361332,0.006666654348373435,0.16308080556141907,0.16308080556141907,WINNER_HIGH,0.5925925925925926,0.0930246551013457,True,0.24797446033744278
ema24_slope_6h__d6,ema24_slope_6h,108,-0.003718892461704484,-0.0031842992768057834,-0.0005345931848987,-0.00013728556950809434,-0.16307570837600333,0.16307570837600333,WINNER_LOW,0.5462962962962963,0.09303474176800827,True,0.24797446033744278
dist_high72__w24__mean,dist_high72,108,-0.034240921929099215,-0.030150244017649024,-0.00409067791145019,0.0002661158330738546,-0.16288026396540453,0.16288026396540453,WINNER_LOW,0.5,0.09342217271733909,False,0.2488174699105368
dist_high24__w72__accel,dist_high24,108,-0.0150199168072302,-0.011140905714462322,-0.003879011092767878,-0.004345366917550564,-0.16272751728705492,0.16272751728705492,WINNER_LOW,0.5833333333333334,0.09372587658023074,True,0.2492466847156402
dist_high24__w240__accel,dist_high24,108,-0.0150199168072302,-0.011140905714462322,-0.003879011092767878,-0.004345366917550564,-0.16272751728705492,0.16272751728705492,WINNER_LOW,0.5833333333333334,0.09372587658023074,True,0.2492466847156402
macd_signal_pct__w240__pos,macd_signal_pct,108,0.4513934077091377,0.41027700177531834,0.04111640593381944,0.04815526381134988,0.16259422420383607,0.16259422420383607,WINNER_HIGH,0.5740740740740741,0.0939915568415702,True,0.24976327832444603
dist_high24__w24__late_vs_prev,dist_high24,108,-0.007178601609060327,-0.0057188648409229005,-0.0014597367681374264,-0.0011297567369183523,-0.16254856041896926,0.16254856041896926,WINNER_LOW,0.6018518518518519,0.09408271477590575,True,0.24981568228651663
lower_wick__w24__max,lower_wick,108,0.7571248199652743,0.7404786142486114,0.016646205716662938,0.020523369312286377,0.16239261235572844,0.16239261235572844,WINNER_HIGH,0.6111111111111112,0.09439457364830822,False,0.2504535842550333
atr6_pct__w24__q90,atr6_pct,108,0.011621767792988706,0.010877525301960608,0.0007442424910280991,-8.660890161991085e-05,0.16228425279179107,0.16228425279179107,WINNER_HIGH,0.5185185185185185,0.09461176125989744,False,0.2507283824300097
dist_high240__w240__max,dist_high240,108,-0.00889203580117626,-0.005961544658554052,-0.00293049114262221,0.00046117303572401624,-0.16226941138411446,0.16226941138411446,WINNER_LOW,0.5925925925925926,0.09464153983632052,False,0.2507283824300097
close_vs_sma72__w24__late_vs_prev,close_vs_sma72,108,-0.00902866261835529,-0.007958457304840958,-0.0010702053135143313,-0.000646468577906489,-0.1620989859892129,0.1620989859892129,WINNER_LOW,0.5185185185185185,0.09498403645980934,True,0.2514452501892152
cci20__w72__q10,cci20,108,-130.72652207480536,-137.61027683593608,6.883754761130724,1.8030143737792912,0.16203073126484166,0.16203073126484166,WINNER_HIGH,0.5277777777777778,0.09512148714750426,False,0.2516186388463104
abs_body_pct__w24__z,abs_body_pct,108,1.042836421177964,0.9314324057523024,0.11140401542566164,0.10807007467374206,0.16194667658489872,0.16194667658489872,WINNER_HIGH,0.5925925925925926,0.09529097757976945,True,0.25174541222585145
stoch_d__w72__diff_mean,stoch_d,108,-0.3469608920859173,-0.41231233736034484,0.06535144527442753,0.05301226377487182,0.16193557064364406,0.16193557064364406,WINNER_HIGH,0.5555555555555556,0.09531339027367094,True,0.25174541222585145
ema72_slope_12h__w72__delta,ema72_slope_12h,108,-0.0019427581735524451,-0.0035533133106279524,0.0016105551370755064,0.0014338702138047671,0.16172817810167583,0.16172817810167583,WINNER_HIGH,0.5740740740740741,0.09573271231232643,True,0.2518152473675094
rebound_low24__w72__late_vs_prev,rebound_low24,108,-0.0031149367030054607,-0.00584398072693754,0.002729044023932079,0.0020055845569004306,0.16171656106540902,0.16171656106540902,WINNER_HIGH,0.5925925925925926,0.09575624474620022,True,0.2518152473675094
atr24_pct__w72__diff_std,atr24_pct,108,0.00030395071694834367,0.0002800852080394247,2.386550890891899e-05,3.3977892599068555e-06,0.16169426955295027,0.16169426955295027,WINNER_HIGH,0.5185185185185185,0.09580141343680365,True,0.2518152473675094
obv_delta__w24__diff_mean,obv_delta,108,-104.24252176596956,-79.98127700509849,-24.261244760871072,-10.00504379272461,-0.16164809314832887,0.16164809314832887,WINNER_LOW,0.5555555555555556,0.09589503446325842,True,0.2518152473675094
obv_delta__d24,obv_delta,108,-2501.820509778129,-1919.5506453664213,-582.2698644117072,-240.12109985351572,-0.16164808939720604,0.16164808939720604,WINNER_LOW,0.5555555555555556,0.0958950420715427,True,0.2518152473675094
rsi6__w72__up_share,rsi6,108,0.49537037395768696,0.48747428164437967,0.007896092313307302,0.008333325386047363,0.1616378056782244,0.1616378056782244,WINNER_HIGH,0.5555555555555556,0.09591590205705533,True,0.2518152473675094
rsi14__w72__up_share,rsi14,108,0.49537037395768696,0.48747428164437967,0.007896092313307302,0.008333325386047363,0.1616378056782244,0.1616378056782244,WINNER_HIGH,0.5555555555555556,0.09591590205705533,True,0.2518152473675094
rsi24__w72__up_share,rsi24,108,0.49537037395768696,0.48747428164437967,0.007896092313307302,0.008333325386047363,0.1616378056782244,0.1616378056782244,WINNER_HIGH,0.5555555555555556,0.09591590205705533,True,0.2518152473675094
volume_rel72__w24__q25,volume_rel72,108,0.8378997290575946,0.7677004480251559,0.07019928103243865,-0.0406675159931183,0.1615110050232984,0.1615110050232984,WINNER_HIGH,0.5555555555555556,0.09617341335941389,False,0.25224561540606844
dist_high240__w240__q90,dist_high240,108,-0.021277714813886968,-0.017517582586690505,-0.0037601322271964615,0.0010336202569305895,-0.16148608273249804,0.16148608273249804,WINNER_LOW,0.5370370370370371,0.09622409235107099,False,0.25224561540606844
trades_rel72__w72__diff_std,trades_rel72,108,0.7605300464287952,0.8224076442144537,-0.061877597785658316,-0.09154337644577026,-0.16139213336522287,0.16139213336522287,WINNER_LOW,0.6111111111111112,0.09641533140597938,True,0.2525576134282471
volume_rel24__w240__max,volume_rel24,108,9.279548755398503,9.883088397096701,-0.6035396416982013,-0.9009725093841552,-0.16134679226170992,0.16134679226170992,WINNER_LOW,0.6296296296296297,0.09650773595066536,False,0.25261044357745266
atr24_pct__w72__pos,atr24_pct,108,0.5651515565178771,0.5058603340203668,0.05929122249751041,0.014457275718450568,0.1610908014429728,0.1610908014429728,WINNER_HIGH,0.5462962962962963,0.09703079040583346,True,0.2537895841804036
bb_width__d12,bb_width,108,-0.0009136993719072996,0.003779215064999638,-0.004692914436906937,0.001187924947589636,-0.16101328388366606,0.16101328388366606,WINNER_LOW,0.5277777777777778,0.0971896311805627,True,0.2538291594283141
trades_rel240__w72__up_share,trades_rel240,108,0.46399177031384575,0.4716049390258612,-0.007613168712015506,-0.013888889551162742,-0.16101257204324446,0.16101257204324446,WINNER_LOW,0.6018518518518519,0.09719109078481915,True,0.2538291594283141
atr14_pct__w72__min,atr14_pct,108,0.004560768026513634,0.004293252822201422,0.0002675152043122108,0.0002019516192376615,0.16088001499356094,0.16088001499356094,WINNER_HIGH,0.5462962962962963,0.09746320438645252,False,0.2542188740015271
close_vs_sma24__w24__delta,close_vs_sma24,108,-0.02044601434425675,-0.018132202183268317,-0.002313812160988433,-0.000679252110421657,-0.1608690675580021,0.1608690675580021,WINNER_LOW,0.5185185185185185,0.09748570490021385,True,0.2542188740015271
close_vs_ema24__w24__late_vs_prev,close_vs_ema24,108,-0.007141889639233004,-0.00612964600854024,-0.0010122436306927638,-0.0002621319785248489,-0.1607724194993359,0.1607724194993359,WINNER_LOW,0.5462962962962963,0.09768453056420848,True,0.25454754350449854
close_vs_ema48__w24__diff_mean,close_vs_ema48,108,-0.0008461604659681109,-0.0007504102168695681,-9.575024909854283e-05,-2.690297988010568e-05,-0.1606861263469687,0.1606861263469687,WINNER_LOW,0.5092592592592593,0.0978623315458293,True,0.2546314109618998
close_vs_ema48__d24,close_vs_ema48,108,-0.02030785115978991,-0.018009845284217996,-0.0022980058755719154,-0.00064567084191367,-0.16068612039505992,0.16068612039505992,WINNER_LOW,0.5092592592592593,0.09786234381835669,True,0.2546314109618998
ema72_slope_12h__w72__q90,ema72_slope_12h,108,0.006587946544607769,0.005458703096337559,0.0011292434482702111,-0.00047195056249620386,0.16062507483384358,0.16062507483384358,WINNER_HIGH,0.5277777777777778,0.09798828221141312,False,0.2547695337496741
rebound_low72__w72__mean,rebound_low72,108,0.04599566585211842,0.041750146446887536,0.004245519405230881,0.002085723914206028,0.1604076295475762,0.1604076295475762,WINNER_HIGH,0.5092592592592593,0.09843794397561649,False,0.255469636205888
volume_rel24__w240__up_share,volume_rel24,108,0.4717206783868648,0.4755092586080234,-0.0037885802211584884,-0.004583334922790533,-0.16040752642531217,0.16040752642531217,WINNER_LOW,0.5925925925925926,0.09843815762105479,True,0.255469636205888
close_vs_ema48__w24__min,close_vs_ema48,108,-0.020611860156501887,-0.017919380571557092,-0.0026924795849447907,2.927334717242082e-05,-0.16038787698211032,0.16038787698211032,WINNER_LOW,0.5092592592592593,0.09847887356753869,False,0.255469636205888
ema6_slope_3h__w24__up_share,ema6_slope_3h,108,0.44598765574671606,0.45933642188707996,-0.013348766140363831,-0.008333334326744046,-0.1603360096702782,0.1603360096702782,WINNER_LOW,0.5462962962962963,0.09858641422011379,True,0.255469636205888
quote_volume_rel72__w24__q25,quote_volume_rel72,108,0.8383549341449031,0.7687295031216408,0.06962543102326217,-0.05201015472412107,0.16031846037657344,0.16031846037657344,WINNER_HIGH,0.5740740740740741,0.09862282209835538,False,0.255469636205888
macd_fast_hist_pct__w240__max,macd_fast_hist_pct,108,0.006182141149313086,0.005835191694657423,0.0003469494546556638,8.696084842085838e-05,0.16015861279516855,0.16015861279516855,WINNER_HIGH,0.5555555555555556,0.09895494431499514,False,0.2558526169602607
ema72_slope_12h__w72__q25,ema72_slope_12h,108,-0.0021517771154456705,-0.0011273768236072278,-0.0010244002918384425,-0.0013028864050284028,-0.160126010138233,0.160126010138233,WINNER_LOW,0.5555555555555556,0.09902279529003895,False,0.2558526169602607
quote_volume_rel24__w240__q90,quote_volume_rel24,108,2.63129871973285,2.57796818503627,0.05333053469657895,0.047363805770873846,0.16011661188198337,0.16011661188198337,WINNER_HIGH,0.5462962962962963,0.09904236144845215,False,0.2558526169602607
dist_high240__w24__pos,dist_high240,108,0.12405394971439684,0.1434330604090873,-0.01937911069469043,-0.011001339554786682,-0.16010654465149424,0.16010654465149424,WINNER_LOW,0.5833333333333334,0.09906332381017816,True,0.2558526169602607
macd_hist_pct__w24__q90,macd_hist_pct,108,0.0013103518450339766,0.0010630636296910883,0.0002472882153428886,0.0001838783864513971,0.16004334074204765,0.16004334074204765,WINNER_HIGH,0.5740740740740741,0.09919501139096422,False,0.25600365670420805
ema6_slope_3h__w24__late_vs_prev,ema6_slope_3h,108,-0.0035345192523824087,-0.0027246747341282402,-0.0008098445182541683,-0.0003031696352991276,-0.15981281132800332,0.15981281132800332,WINNER_LOW,0.5555555555555556,0.09967652864802788,True,0.25705665242046716
macd_pct__w24__pos,macd_pct,108,0.20794594033698863,0.17580979742687544,0.03213614291011321,0.0,0.15960846064780768,0.15960846064780768,WINNER_HIGH,0.42592592592592593,0.10010494437287436,True,0.25783579660413236
dist_high24__w240__q75,dist_high24,108,-0.007786246130881073,-0.007419773335223673,-0.0003664727956573996,-0.00017638294957578182,-0.15959838247167885,0.15959838247167885,WINNER_LOW,0.5370370370370371,0.10012611146365792,False,0.25783579660413236
rsi24__w240__pos,rsi24,108,0.29623897150115763,0.2719730918261188,0.024265879675038852,0.021097834408283223,0.1595408168393316,0.1595408168393316,WINNER_HIGH,0.5648148148148148,0.10024708535347351,True,0.2579573638565834
dist_high72__w24__diff_mean,dist_high72,108,-0.0008643793073672525,-0.0007280260563599467,-0.0001363532510073061,-8.828450954752041e-05,-0.15946898536140752,0.15946898536140752,WINNER_LOW,0.5555555555555556,0.10039820453486961,True,0.2579666092584255
dist_high72__d24,dist_high72,108,-0.02074510340942113,-0.017472625466790407,-0.003272477942630724,-0.0021188275190070264,-0.1594689807506087,0.1594689807506087,WINNER_LOW,0.5555555555555556,0.10039821424098287,True,0.2579666092584255
obv_delta__w72__delta,obv_delta,108,-2508.165947172377,-1977.886861314155,-530.2790858582215,-50.01296081542978,-0.15928155524500698,0.15928155524500698,WINNER_LOW,0.5092592592592593,0.10079338755095128,True,0.25879183279418255
ema_gap_6_24__w72__min,ema_gap_6_24,108,-0.013380774386287495,-0.011849260185435587,-0.0015315142008519073,0.0003458473365753889,-0.1589594946744648,0.1589594946744648,WINNER_LOW,0.5277777777777778,0.10147536389561038,False,0.260351685651467
rsi6__w240__q25,rsi6,108,39.39791218439738,40.06648548973931,-0.6685733053419328,-0.09700469970703196,-0.15884545085003599,0.15884545085003599,WINNER_LOW,0.5,0.10171774784488471,False,0.2607822318281245
macd_fast_hist_pct__w24__max,macd_fast_hist_pct,108,0.0024039449177777257,0.0021121980740038755,0.0002917468437738501,6.067221402190621e-05,0.15877363164964403,0.15877363164964403,WINNER_HIGH,0.5462962962962963,0.10187062907333319,False,0.260982849721206
rebound_low24__w72__max,rebound_low24,108,0.057057817509673814,0.05274735913715429,0.0043104583725195236,-0.0008775388821959506,0.15867240955490622,0.15867240955490622,WINNER_HIGH,0.5092592592592593,0.10208641500098224,False,0.2612896636223078
close_vs_ema48__w72__diff_std,close_vs_ema48,108,0.005462631695317449,0.005185556989508094,0.00027707470580935474,0.00018559289164841184,0.15864738206430096,0.15864738206430096,WINNER_HIGH,0.5648148148148148,0.10213982561386754,True,0.2612896636223078
dist_high240__w240__q10,dist_high240,108,-0.08567066330255733,-0.07878561227892836,-0.006885051023628978,0.0011555854231119142,-0.15852682148882427,0.15852682148882427,WINNER_LOW,0.5092592592592593,0.10239742731473297,False,0.26175716616931377
rsi6__w24__accel,rsi6,108,-18.270538733582253,-13.32677835866257,-4.943760374919683,-6.242379570007324,-0.1584503979640599,0.1584503979640599,WINNER_LOW,0.5833333333333334,0.10256099269731804,True,0.26198377754749536
stoch_k__w24__q25,stoch_k,108,33.12613251032653,30.786793924261023,2.339338586065504,-0.14289283752441406,0.1580462934005787,0.1580462934005787,WINNER_HIGH,0.5092592592592593,0.10342938408576091,False,0.26392706496815754
bb_z__w24__min,bb_z,108,-2.325369853940275,-2.4208333518287097,0.09546349788843482,0.08323184847831722,0.15802621156502897,0.15802621156502897,WINNER_HIGH,0.5740740740740741,0.10347269261405319,False,0.26392706496815754
close_vs_sma24__w72__diff_mean,close_vs_sma24,108,-0.0002988673097661376,-0.0002561437802694216,-4.27235294967161e-05,-1.3924835548095876e-05,-0.15775295251738164,0.15775295251738164,WINNER_LOW,0.5277777777777778,0.10406345755375374,True,0.2652404599602601
adx14__w240__q75,adx14,108,34.923286226060654,34.04600659123174,0.8772796348289207,0.7883390426635728,0.15730149539688493,0.15730149539688493,WINNER_HIGH,0.5555555555555556,0.10504542319081259,False,0.26738220123408035
atr6_pct__w72__delta,atr6_pct,108,0.0023003987529490485,0.0013326900583169596,0.0009677086946320897,0.0010744499420979991,0.15729634840490558,0.15729634840490558,WINNER_HIGH,0.5555555555555556,0.10505666127984742,True,0.26738220123408035
bb_width__d1,bb_width,108,0.0036026333352681293,0.0029307105685198297,0.0006719227667482991,0.0008004767456441187,0.1571064569960536,0.1571064569960536,WINNER_HIGH,0.6574074074074074,0.10547195247093516,True,0.26810781283442425
adx14__w72__q90,adx14,108,40.250896012341535,38.11460704803467,2.1362889643068663,1.4404069900512688,0.15706211996996924,0.15706211996996924,WINNER_HIGH,0.5740740740740741,0.10556910719729963,False,0.26810781283442425
close_vs_ema72__w72__diff_std,close_vs_ema72,108,0.005518668536010578,0.005243175478082978,0.00027549305792759965,0.0001942213391885163,0.15706090804324396,0.15706090804324396,WINNER_HIGH,0.5555555555555556,0.10557176387560828,True,0.26810781283442425
lower_wick__w24__q75,lower_wick,108,0.4222115016093961,0.436810935895752,-0.014599434286355975,-0.008646276593208324,-0.15688893579314137,0.15688893579314137,WINNER_LOW,0.5833333333333334,0.10594929184825173,False,0.26873293773240176
volume_rel24__w24__q25,volume_rel24,108,0.7744171942273775,0.7370253389080367,0.03739185531934103,0.015660625696182262,0.15687878470042552,0.15687878470042552,WINNER_HIGH,0.5555555555555556,0.10597161027537375,False,0.26873293773240176
quote_volume_rel72__w240__late_vs_prev,quote_volume_rel72,108,0.03641565523489758,-0.09840403972215157,0.13481969495704912,0.19169001933187244,0.15668353184368675,0.15668353184368675,WINNER_HIGH,0.6203703703703703,0.10640163396065755,True,0.2696279086669706
body_pct__w240__q75,body_pct,108,0.002674946310300449,0.002565299347474206,0.00010964696282624371,7.136927451938373e-05,0.1566423164391798,0.1566423164391798,WINNER_HIGH,0.5462962962962963,0.1064925855836283,False,0.2696629773975005
volume_rel240__w72__z,volume_rel240,108,0.9933694457566297,0.8141712609937207,0.17919818476290897,-0.011281241476535822,0.15659640317741988,0.15659640317741988,WINNER_HIGH,0.5185185185185185,0.1065939777234372,True,0.2697244139644428
close_vs_vwap24__w72__diff_std,close_vs_vwap24,108,0.0054164150453828,0.005150854003322482,0.00026556104206031675,8.786430116742823e-05,0.15652022379333774,0.15652022379333774,WINNER_HIGH,0.5648148148148148,0.10676237894308585,True,0.26992807235089006
log_ret__w240__q75,log_ret,108,0.002671056660970121,0.002561831357026542,0.0001092253039435794,7.143941475078468e-05,0.1564740586031177,0.1564740586031177,WINNER_HIGH,0.5462962962962963,0.10686453515071807,False,0.26992807235089006
bb_width__w240__q90,bb_width,108,0.06577489575095198,0.06275168518984207,0.0030232105611099134,0.0008897896856069586,0.15645134444083023,0.15645134444083023,WINNER_HIGH,0.5277777777777778,0.10691482679452896,False,0.26992807235089006
stoch_d__d3,stoch_d,108,-15.458589102107066,-12.700503853294585,-2.7580852488124816,-1.0496734321117396,-0.15639241957255365,0.15639241957255365,WINNER_LOW,0.5277777777777778,0.10704538157245906,True,0.26992807235089006
bb_width__w240__diff_std,bb_width,108,0.003766699420305452,0.0035828632177543583,0.00018383620255109338,0.0002268071984872222,0.15638564256382867,0.15638564256382867,WINNER_HIGH,0.5462962962962963,0.1070604050187831,True,0.26992807235089006
close_vs_ema12__w240__late_vs_prev,close_vs_ema12,108,-0.000565942535255696,-0.0014748881072204382,0.0009089455719647419,0.0009526333349640483,0.15618129667486635,0.15618129667486635,WINNER_HIGH,0.6111111111111112,0.107514200371059,True,0.2708769154881796
macd_signal_pct__w72__z,macd_signal_pct,108,-0.4528904913286506,-0.6313737718970514,0.17848328056840093,0.1519978940486908,0.15614083273973725,0.15614083273973725,WINNER_HIGH,0.5462962962962963,0.10760424247973936,True,0.27090859319773114
rebound_low24__w240__diff_std,rebound_low24,108,0.006067586219783321,0.0058276489433073606,0.00023993727647595933,0.00021761669777333728,0.1561035305890329,0.1561035305890329,WINNER_HIGH,0.5740740740740741,0.10768730248158159,True,0.2709226595525833
ema_gap_24_72__w24__pos,ema_gap_24_72,108,0.3155562714069944,0.2599148222700158,0.055641449136978556,0.0,0.15601380216105026,0.15601380216105026,WINNER_HIGH,0.4074074074074074,0.10788730996023958,True,0.2712073005931466
dist_high240__w240__q75,dist_high240,108,-0.03359925473557302,-0.029059506719931957,-0.004539748015641061,0.0012064632959663864,-0.15598321798156584,0.15598321798156584,WINNER_LOW,0.5092592592592593,0.1079555511654733,False,0.2712073005931466
close_vs_ema24__w72__accel,close_vs_ema24,108,-0.015801492777225375,-0.012444847501265706,-0.0033566452759596693,-0.0020254935137927537,-0.15587103019440618,0.15587103019440618,WINNER_LOW,0.5370370370370371,0.10820616782054931,True,0.271446893018982
close_vs_ema24__w240__accel,close_vs_ema24,108,-0.015801492777225375,-0.012444847501265706,-0.0033566452759596693,-0.0020254935137927537,-0.15587103019440618,0.15587103019440618,WINNER_LOW,0.5370370370370371,0.10820616782054931,True,0.271446893018982
rebound_low24__w240__mean,rebound_low24,108,0.024228939631332953,0.02301239485817927,0.001216544773153685,0.0006526134908199296,0.15581265215362797,0.15581265215362797,WINNER_HIGH,0.5555555555555556,0.10833676330078822,False,0.27157968549308703
atr6_pct__w240__z,atr6_pct,108,0.5793820322594709,0.4169658389921231,0.16241619326734777,0.06462788581848145,0.15569859608266318,0.15569859608266318,WINNER_HIGH,0.5370370370370371,0.1085922791150218,True,0.2719924630920792
close_location__w24__q90,close_location,108,0.8902967517022733,0.8821890279098794,0.008107723792394002,-0.0018216788768768422,0.15563875457723503,0.15563875457723503,WINNER_HIGH,0.5092592592592593,0.10872653320082779,False,0.2719924630920792
close_vs_vwap240__w240__q25,close_vs_vwap240,108,-0.009753510641328629,-0.003980026803307097,-0.005773483838021531,-0.009637369454139844,-0.15563344180248848,0.15563344180248848,WINNER_LOW,0.6018518518518519,0.10873845881407636,False,0.2719924630920792
ema6_slope_3h__w72__z,ema6_slope_3h,108,-1.3520647235197463,-1.241071424721223,-0.11099329879852357,0.006824951246380828,-0.15560044919012567,0.15560044919012567,WINNER_LOW,0.5,0.10881254099680263,True,0.2719924630920792
rebound_low240__w24__z,rebound_low240,108,-1.601128497471412,-1.7243129555722359,0.12318445810082333,0.028593599796295166,0.1554787921873339,0.1554787921873339,WINNER_HIGH,0.5092592592592593,0.10908606167690346,True,0.2721284229487736
taker_share__d24,taker_share,108,-0.051775779421505935,-0.03903306283960033,-0.012742716581905608,-0.008147065283264966,-0.15547243368818953,0.15547243368818953,WINNER_LOW,0.5648148148148148,0.10910037259931944,True,0.2721284229487736
taker_share__w24__diff_mean,taker_share,108,-0.0021573241409290254,-0.0016263776290846483,-0.0005309465118443767,-0.00033946107068913987,-0.15547242784468918,0.15547242784468918,WINNER_LOW,0.5648148148148148,0.10910038575183888,True,0.2721284229487736
ema72_slope_12h__w24__up_share,ema72_slope_12h,108,0.4351851860475209,0.3949074073108258,0.04027777873669509,0.04166666716337204,0.15540849820709565,0.15540849820709565,WINNER_HIGH,0.5648148148148148,0.10924435435753152,True,0.2722933051947881
close_vs_vwap240__d12,close_vs_vwap240,108,-0.020988138899526717,-0.019390340593424673,-0.0015977983061020498,-0.0007617578339704772,-0.15515342699017354,0.15515342699017354,WINNER_LOW,0.5370370370370371,0.1098202879920673,True,0.2735338654617232
quote_volume_rel240__w240__q10,quote_volume_rel240,108,0.4635279926436919,0.4495918899774551,0.013936102666236735,-0.00716758966445924,0.15507939970398693,0.15507939970398693,WINNER_HIGH,0.5370370370370371,0.10998789144111058,False,0.2736378495122229
rsi6__d3,rsi6,108,-14.326392014165995,-12.636025919820428,-1.6903660943455714,-2.1688414812088013,-0.15504773232155547,0.15504773232155547,WINNER_LOW,0.5833333333333334,0.11005965138652532,True,0.2736378495122229
range_pct__w24__pos,range_pct,108,0.5337884619452611,0.49739087792889525,0.03639758401636586,0.0006071213632821981,0.15501375260133246,0.15501375260133246,WINNER_HIGH,0.5,0.1101366929269924,True,0.2736378495122229
dist_high24__w240__q10,dist_high24,108,-0.04029546881577483,-0.03847175904342697,-0.0018237097723478517,-0.001120033673942089,-0.15499684931943847,0.15499684931943847,WINNER_LOW,0.5648148148148148,0.1101750334896225,False,0.2736378495122229
quote_volume_rel24__w24__q25,quote_volume_rel24,108,0.7732171476991089,0.7369152560830117,0.03630189161609721,0.01835088729858403,0.15487771094710148,0.15487771094710148,WINNER_HIGH,0.5370370370370371,0.11044557031452504,False,0.2736931458083009
ema6_slope_3h__w24__diff_mean,ema6_slope_3h,108,-0.00032657285198870004,-0.00028545311338275557,-4.111973860594447e-05,-5.814141695736886e-06,-0.15486688161203643,0.15486688161203643,WINNER_LOW,0.5185185185185185,0.11047018769089766,True,0.2736931458083009
ema6_slope_3h__d24,ema6_slope_3h,108,-0.007837748469489304,-0.006850874749905929,-0.000986873719583375,-0.0001395397353917355,-0.15486688068659402,0.15486688068659402,WINNER_LOW,0.5185185185185185,0.1104701897948123,True,0.2736931458083009
rsi6__w72__diff_std,rsi6,108,10.465737448798286,10.587204595848366,-0.12146714705008047,-0.05748195648193377,-0.15480718562403523,0.15480718562403523,WINNER_LOW,0.5092592592592593,0.11060596823233146,True,0.2736931458083009
macd_pct__w72__min,macd_pct,108,-0.008046632372148215,-0.006937493791986492,-0.001109138580161723,0.00020056506036780775,-0.15479840957917845,0.15479840957917845,WINNER_LOW,0.5370370370370371,0.1106259409066845,False,0.2736931458083009
rebound_low240__w72__delta,rebound_low240,108,-0.01778521837197197,-0.02655453625553761,0.00876931788356564,0.008313301764428615,0.15478042118171326,0.15478042118171326,WINNER_HIGH,0.6018518518518519,0.11066688823933013,True,0.2736931458083009
close_vs_ema24__w72__diff_std,close_vs_ema24,108,0.005294714894801102,0.00502948624090533,0.00026522865389577217,0.0001566169084981086,0.15454180672153425,0.15454180672153425,WINNER_HIGH,0.5648148148148148,0.11121119999246858,True,0.2748449232322704
cci20__w72__diff_std,cci20,108,54.97378317515055,56.91352110262272,-1.93973792747215,-2.3051307678222663,-0.15440492645812698,0.15440492645812698,WINNER_LOW,0.5833333333333334,0.11152440822508401,True,0.2754243330248014
volume_rel240__w24__z,volume_rel240,108,0.9906353571072772,0.8178645833958096,0.17277077371146773,-0.016941016912460194,0.15436769582330276,0.15436769582330276,WINNER_HIGH,0.5,0.11160972103188455,True,0.27544050419795363
ema168_slope_24h__w72__mean,ema168_slope_24h,108,0.0018450917058443236,0.0033573396831882377,-0.0015122479773439137,-0.0026848186273127793,-0.15405354760344186,0.15405354760344186,WINNER_LOW,0.5833333333333334,0.11233166243876914,False,0.2770266738705047
trades_rel24__w72__std,trades_rel24,108,0.816205579649519,0.8645577010733111,-0.04835212142379196,-0.09101555347442625,-0.15399206870976295,0.15399206870976295,WINNER_LOW,0.6666666666666666,0.1124733825057754,False,0.27718070375101944
volume_rel72__w24__z,volume_rel72,108,0.9883314054696476,0.8099058659533815,0.17842553951626605,-0.06711913347244253,0.1538163206050447,0.1538163206050447,WINNER_HIGH,0.5185185185185185,0.11287930246327357,True,0.27794182263080486
atr24_pct__w240__pos,atr24_pct,108,0.4905857635549856,0.4477900561410934,0.04279570741389222,-0.015009918808937067,0.153789571438727,0.153789571438727,WINNER_HIGH,0.5185185185185185,0.11294118671958071,True,0.27794182263080486
atr72_pct__w24__q10,atr72_pct,108,0.007540025862571956,0.007140990271646943,0.0003990355909250125,0.0001488415524363517,0.15369241907835754,0.15369241907835754,WINNER_HIGH,0.5462962962962963,0.11316617701717073,False,0.27815196264418934
ema72_slope_12h__w240__max,ema72_slope_12h,108,0.013780367151075215,0.012608854988745102,0.0011715121623301122,0.00019821152091026306,0.15366397813548358,0.15366397813548358,WINNER_HIGH,0.5092592592592593,0.11323210969604888,False,0.27815196264418934
rsi6__w72__z,rsi6,108,-1.4688818066777591,-1.39306834458408,-0.07581346209367942,0.001982796192169123,-0.15364971035956207,0.15364971035956207,WINNER_LOW,0.5,0.11326519725631272,True,0.27815196264418934
close_vs_sma240__w24__up_share,close_vs_sma240,108,0.45563271752110235,0.4410493843809323,0.014583333140170138,0.02916666865348816,0.1535721159596566,0.1535721159596566,WINNER_HIGH,0.5925925925925926,0.11344527712324107,True,0.2782110544894939
close_vs_vwap240__w240__q10,close_vs_vwap240,108,-0.0254347909573914,-0.019935915918850463,-0.00549887503854094,-0.008500938961515204,-0.15357078243263836,0.15357078243263836,WINNER_LOW,0.5833333333333334,0.11344837394967637,False,0.2782110544894939
close_vs_ema240__w240__late_vs_prev,close_vs_ema240,108,9.715582227390431e-06,-0.00429269719337484,0.004302412775602231,0.004203351272735745,0.1535045090009524,0.1535045090009524,WINNER_HIGH,0.5740740740740741,0.11360236466776455,True,0.2783934612776262
mfi14__w240__q90,mfi14,108,74.48555391806143,73.52570323944093,0.9598506786205148,0.9655601501464872,0.15346174279326277,0.15346174279326277,WINNER_HIGH,0.5740740740740741,0.11370182338095375,False,0.27844207028234963
dist_high72__w24__q25,dist_high72,108,-0.03962874962706809,-0.035315853538405564,-0.004312896088662523,0.0007156246341764923,-0.1533910788807189,0.1533910788807189,WINNER_LOW,0.5185185185185185,0.11386631442109554,False,0.2786497561445564
quote_volume_rel72__w24__z,quote_volume_rel72,108,0.9654054740547307,0.7882566466254907,0.17714882742923996,-0.10552640557289117,0.15324946313738072,0.15324946313738072,WINNER_HIGH,0.5185185185185185,0.11419653866762151,True,0.2791094708203956
close_vs_ema12__w24__z,close_vs_ema12,108,-1.6320653690232172,-1.5441576592900135,-0.0879077097332036,-0.1424668487161398,-0.1532214987919631,0.1532214987919631,WINNER_LOW,0.6296296296296297,0.11426183714414061,True,0.2791094708203956
close_vs_sma168__w24__pos,close_vs_sma168,108,0.13709132098247884,0.11291304753664277,0.024178273445836066,0.0,0.15320789556226835,0.15320789556226835,WINNER_HIGH,0.4166666666666667,0.114293612300488,True,0.2791094708203956
ema168_slope_24h__w240__min,ema168_slope_24h,108,-0.009618706373590545,-0.008184524804326227,-0.0014341815692643178,-0.001672851608600467,-0.15298795866355291,0.15298795866355291,WINNER_LOW,0.5555555555555556,0.1148083322408749,False,0.28010273794194357
trades_rel240__w72__z,trades_rel240,108,0.959280309737315,0.7860551378543111,0.17322517188300418,0.054321761429309834,0.1529656923882868,0.1529656923882868,WINNER_HIGH,0.5185185185185185,0.1148605450982977,True,0.28010273794194357
trades_rel72__w240__mean,trades_rel72,108,1.32934906968364,1.307187882507289,0.02216118717635119,0.01489986181259162,0.15288816273489123,0.15288816273489123,WINNER_HIGH,0.5277777777777778,0.1150424945394999,False,0.2801682248687589
close_vs_vwap24__w240__pos,close_vs_vwap24,108,0.278548353560769,0.2575776407001454,0.020970712860623658,-0.004411180678289372,0.15288597483503957,0.15288597483503957,WINNER_HIGH,0.5185185185185185,0.11504763251688241,True,0.2801682248687589
ema72_slope_12h__w72__max,ema72_slope_12h,108,0.0077335128426478114,0.006622447760579503,0.0011110650820683073,-0.00010546830017119655,0.15275689909140552,0.15275689909140552,WINNER_HIGH,0.5092592592592593,0.11535107293865407,False,0.2807116924610113
trades_rel72__w72__z,trades_rel72,108,0.963196451396302,0.7779859252243048,0.18521052617199735,0.05591656714677812,0.1527078586774919,0.1527078586774919,WINNER_HIGH,0.5185185185185185,0.11546652779222816,True,0.28079725152254653
close_vs_ema48__w24__up_share,close_vs_ema48,108,0.45177469333564796,0.43865740928384994,0.013117284051798007,0.024999991059303284,0.15258915947436433,0.15258915947436433,WINNER_HIGH,0.5925925925925926,0.11574636034600655,True,0.28128215575398535
rebound_low240__w24__diff_mean,rebound_low240,108,-0.000794381965032766,-0.0009545467740702372,0.00016016480903747123,0.000155878069517712,0.15237010058277722,0.15237010058277722,WINNER_HIGH,0.5925925925925926,0.11626420939601934,True,0.2821485002904479
rebound_low240__d24,rebound_low240,108,-0.01906516714556077,-0.02290912246133774,0.003843955315776974,0.0037410738401376874,0.15237009470696541,0.15237009470696541,WINNER_HIGH,0.5925925925925926,0.11626422331099097,True,0.2821485002904479
close_vs_sma240__w72__mean,close_vs_sma240,108,0.008177929704456969,0.01606504453880512,-0.007887114834348148,-0.011695313546806573,-0.1516924188051946,0.1516924188051946,WINNER_LOW,0.5833333333333334,0.11787792614370252,False,0.28586623281867385
adx14__w240__std,adx14,108,11.125181290838453,10.60036009064427,0.5248212001941822,0.49214849472045863,0.15157997825234246,0.15157997825234246,WINNER_HIGH,0.5555555555555556,0.1181473886533765,False,0.2862273261504338
quote_volume_rel240__w24__diff_std,quote_volume_rel240,108,1.0744874230413526,0.9517689198807432,0.12271850316060913,-0.09629727602005,0.151522946840925,0.151522946840925,WINNER_HIGH,0.5833333333333334,0.11828425094763534,True,0.2862273261504338
close_vs_ema72__w72__q90,close_vs_ema72,108,0.02013099544543635,0.01704486877277776,0.0030861266726585905,-0.0019297765335068106,0.15151549330079023,0.15151549330079023,WINNER_HIGH,0.5277777777777778,0.11830214704564367,False,0.2862273261504338
range_pct__d6,range_pct,108,0.006021723229722469,0.004351665564708868,0.0016700576650136,0.00039986317351576873,0.15149380980543647,0.15149380980543647,WINNER_HIGH,0.5370370370370371,0.11835422179397405,True,0.2862273261504338
ema_gap_72_168__w240__min,ema_gap_72_168,108,-0.01161632903111038,-0.009263817368412641,-0.002352511662697739,-0.002377874523517676,-0.15140070384945295,0.15140070384945295,WINNER_LOW,0.5740740740740741,0.11857803084627444,False,0.28657040350340135
cci20__w240__q25,cci20,108,-75.61290820439656,-71.4653529741146,-4.147555230281972,-2.8080673217773438,-0.15129965060177802,0.15129965060177802,WINNER_LOW,0.5555555555555556,0.11882132437208337,False,0.28696006307263505
quote_volume_rel24__w240__max,quote_volume_rel24,108,9.193446119626364,9.732958797172264,-0.5395126775459007,-0.6509819030761719,-0.15126358177737245,0.15126358177737245,WINNER_LOW,0.5833333333333334,0.11890825889793376,False,0.28697182979025143
close_vs_sma72__w72__z,close_vs_sma72,108,-1.21467043934778,-1.3735132539506865,0.1588428146029063,0.07689062356948839,0.1511334529859384,0.1511334529859384,WINNER_HIGH,0.5370370370370371,0.11922232083606787,True,0.28753134894050303
rebound_low72__w72__diff_mean,rebound_low72,108,-0.00023635065236741562,-0.0003366800816951144,0.0001003294293276987,0.00011864709504152415,0.1510921332236459,0.1510921332236459,WINNER_HIGH,0.5925925925925926,0.11932218261513432,True,0.28757386120270484
range_pct__w240__q25,range_pct,108,0.004382472233070682,0.004230927571188659,0.00015154466188202302,3.527496010065053e-05,0.15099156619077742,0.15099156619077742,WINNER_HIGH,0.5092592592592593,0.11956551119937579,False,0.28785145745270946
volume_rel240__w240__min,volume_rel240,108,0.24102968915745063,0.23058053290954345,0.010449156247907217,0.002993761003017417,0.15097650260057383,0.15097650260057383,WINNER_HIGH,0.5277777777777778,0.11960199247320184,False,0.28785145745270946
volume_rel240__w240__up_share,volume_rel240,108,0.47021604770863495,0.47402777561435,-0.0038117279057149492,-0.005833330750465382,-0.15090671291430352,0.15090671291430352,WINNER_LOW,0.5648148148148148,0.11977112578863389,True,0.2880602660817419
quote_volume_rel72__w72__diff_mean,quote_volume_rel72,108,0.015573746810669373,0.010423466418352394,0.00515028039231698,0.0041937384521588674,0.15080460270494628,0.15080460270494628,WINNER_HIGH,0.5833333333333334,0.12001892922155133,True,0.2884010774727308
ema168_slope_24h__w240__q10,ema168_slope_24h,108,-0.006277661653627918,-0.004994071374676423,-0.001283590278951494,-0.0020545305451378226,-0.15075571151030012,0.15075571151030012,WINNER_LOW,0.5555555555555556,0.1201377235640333,False,0.2884010774727308
rebound_low72__w24__delta,rebound_low72,108,-0.018467046949202388,-0.02214877567173432,0.0036817287225319353,0.005064635619055479,0.1507135056348194,0.1507135056348194,WINNER_HIGH,0.6203703703703703,0.12024034918976466,True,0.2884010774727308
ema168_slope_24h__w24__q10,ema168_slope_24h,108,-0.0002262835957851537,0.0012238686688188288,-0.0014501522646039832,-0.001978846255224198,-0.15071253340730875,0.15071253340730875,WINNER_LOW,0.5925925925925926,0.12024271402780712,False,0.2884010774727308
ema168_slope_24h__w240__q25,ema168_slope_24h,108,-0.002434349904231365,-0.0012499649576259092,-0.0011843849466054558,-0.0022146662115119396,-0.15067375796049134,0.15067375796049134,WINNER_LOW,0.6018518518518519,0.12033706120848865,False,0.2884295428691465
quote_volume_rel240__w240__min,quote_volume_rel240,108,0.24471822132666907,0.2340750793064082,0.010643142020260846,0.005054634809494016,0.1506081212550347,0.1506081212550347,WINNER_HIGH,0.5277777777777778,0.12049690027617371,False,0.2886148357984791
dist_high72__w24__q75,dist_high72,108,-0.027632153849548625,-0.024215980479493734,-0.003416173370054888,0.0017483452800661336,-0.15043176501336206,0.15043176501336206,WINNER_LOW,0.5555555555555556,0.12092719927419524,False,0.28944723878293
trades_rel72__w72__diff_mean,trades_rel72,108,0.011576322356564493,0.007942316457370502,0.0036340058991939897,0.004762293008388952,0.15036100116518655,0.15036100116518655,WINNER_HIGH,0.5740740740740741,0.12110020135531245,True,0.28958226307386514
ema_gap_72_168__w24__mean,ema_gap_72_168,108,0.0032972121954554933,0.006032679373850071,-0.0027354671783945783,-0.00448284016456455,-0.1503409620879524,0.1503409620879524,WINNER_LOW,0.5648148148148148,0.12114922816044173,False,0.28958226307386514
stoch_k__w72__q10,stoch_k,108,18.541540481426097,17.291464930993538,1.2500755504325582,-0.1112333774566645,0.1502531288446067,0.1502531288446067,WINNER_HIGH,0.5092592592592593,0.12136430324386913,False,0.2897588549707381
range_pct__d12,range_pct,108,0.006688552092159457,0.005067657923389444,0.001620894168770014,0.0009253195137716832,0.15021120295323273,0.15021120295323273,WINNER_HIGH,0.5370370370370371,0.1214670728583551,True,0.2897588549707381
close_vs_vwap240__w24__mean,close_vs_vwap240,108,0.007256427418016958,0.014213253701823473,-0.006956826283806516,-0.0062919878459069874,-0.15020932216703503,0.15020932216703503,WINNER_LOW,0.5555555555555556,0.12147168469748415,False,0.2897588549707381
rsi24__w240__min,rsi24,108,30.011809755254674,30.946975153463853,-0.9351653982091832,-0.8145488739013693,-0.15009369609767156,0.15009369609767156,WINNER_LOW,0.5833333333333334,0.121755475915906,False,0.29002052061483485
stoch_k__w24__accel,stoch_k,108,-26.264014137701857,-18.701652144061192,-7.562361993640661,-9.314886924624442,-0.15006729060580237,0.15006729060580237,WINNER_LOW,0.5370370370370371,0.12182035891086888,True,0.29002052061483485
dist_high24__w24__z,dist_high24,108,-1.6421747924415049,-1.4992622483659672,-0.1429125440755376,-0.2287887096405028,-0.15006329406053415,0.15006329406053415,WINNER_LOW,0.6296296296296297,0.12183018152221686,True,0.29002052061483485
close_vs_vwap240__w24__q10,close_vs_vwap240,108,-0.004244380156807084,0.0025539397155861726,-0.006798319872393256,-0.004680196987465024,-0.14993983214782852,0.14993983214782852,WINNER_LOW,0.5462962962962963,0.12213393263239308,False,0.29054582477243446
ema_gap_72_168__w24__accel,ema_gap_72_168,108,-0.0007990241482229134,-0.0007027750440272484,-9.624910419566492e-05,-5.159522645499237e-05,-0.14973383537899498,0.14973383537899498,WINNER_LOW,0.5555555555555556,0.12264207872172343,True,0.2915563217470203
close_vs_ema24__w24__q90,close_vs_ema24,108,0.007726130688684794,0.006277720883517085,0.001448409805167709,-8.638482540846088e-06,0.14959656650567046,0.14959656650567046,WINNER_HIGH,0.5,0.12298161802048226,False,0.29170464962052567
taker_share__w240__std,taker_share,108,0.05783968480924765,0.05882986735000654,-0.0009901825407588926,-0.0008815292268991477,-0.14957047547774246,0.14957047547774246,WINNER_LOW,0.6018518518518519,0.12304623920520497,False,0.29170464962052567
close_vs_ema24__w240__up_share,close_vs_ema24,108,0.4926697501429805,0.48908950454658934,0.0035802455963911844,0.0062500000000000056,0.1495561987448357,0.1495561987448357,WINNER_HIGH,0.5370370370370371,0.12308161061159902,True,0.29170464962052567
atr14_pct__w72__accel,atr14_pct,108,0.00030365222932636645,0.00117868365701994,-0.0008750314276935738,0.00034368115302640945,-0.14954008188471693,0.14954008188471693,WINNER_LOW,0.5092592592592593,0.12312155071200911,True,0.29170464962052567
atr14_pct__w240__accel,atr14_pct,108,0.00030365222932636645,0.00117868365701994,-0.0008750314276935738,0.00034368115302640945,-0.14954008188471693,0.14954008188471693,WINNER_LOW,0.5092592592592593,0.12312155071200911,True,0.29170464962052567
close_vs_ema6__w24__min,close_vs_ema6,108,-0.012889733276097104,-0.011909345532465657,-0.0009803877436314469,0.0002614840632304549,-0.14943980326674908,0.14943980326674908,WINNER_LOW,0.5462962962962963,0.12337028745761631,False,0.2920960698979582
rsi6__w72__max,rsi6,108,83.06384450417978,84.20621620460791,-1.1423717004281504,-0.7832519531249957,-0.1493867737873554,0.1493867737873554,WINNER_LOW,0.5462962962962963,0.1235019855089877,False,0.2922100428450135
avg_trade_quote_rel240__w72__up_share,avg_trade_quote_rel240,108,0.49588477583947005,0.5019804559923984,-0.006095680152928392,-0.006944447755813599,-0.14921972631850303,0.14921972631850303,WINNER_LOW,0.5555555555555556,0.12391757341038054,True,0.29296786899043303
atr14_pct__w72__q10,atr14_pct,108,0.005278667524517341,0.004998226247779612,0.00028044127673773026,0.00024163560010492802,0.14919072649575668,0.14919072649575668,WINNER_HIGH,0.5462962962962963,0.12398983302998023,False,0.29296786899043303
log_ret__w240__diff_std,log_ret,108,0.00805473113346293,0.007777391294776289,0.00027733983868664057,0.00038986746221780777,0.1489934556092557,0.1489934556092557,WINNER_HIGH,0.5740740740740741,0.12448226329344105,True,0.29393279860713256
close_vs_sma240__w24__q25,close_vs_sma240,108,-7.458905289510128e-05,0.007625786689351553,-0.007700375742246653,-0.006634073634631933,-0.1489099102013264,0.1489099102013264,WINNER_LOW,0.5740740740740741,0.12469127619822122,False,0.2940425319999913
close_vs_sma24__w72__delta,close_vs_sma24,108,-0.021588957082915132,-0.018565635828795,-0.003023321254120135,0.00045194355770945566,-0.14876879901958165,0.14876879901958165,WINNER_LOW,0.5092592592592593,0.12504493661677715,True,0.2940425319999913
rebound_low72__w72__delta,rebound_low72,108,-0.016974719661111186,-0.02427847489098322,0.007303755229872035,0.009234999306499956,0.14876731741826932,0.14876731741826932,WINNER_HIGH,0.5740740740740741,0.12504865408794327,True,0.2940425319999913
macd_fast_hist_pct__w24__diff_mean,macd_fast_hist_pct,108,-0.00011043070069668467,-9.328724033673974e-05,-1.7143460359944937e-05,-1.0001796908909441e-05,-0.14874623967772585,0.14874623967772585,WINNER_LOW,0.5370370370370371,0.1251015495011581,True,0.2940425319999913
macd_fast_hist_pct__d24,macd_fast_hist_pct,108,-0.002650336811695053,-0.002238893767170575,-0.0004114430445244782,-0.00024004300357773891,-0.1487462386514229,0.1487462386514229,WINNER_LOW,0.5370370370370371,0.125101552077136,True,0.2940425319999913
log_ret__w72__accel,log_ret,108,-0.007849113767776915,-0.005697070881621955,-0.0021520428861549587,-0.0011739198118448256,-0.14873995458974792,0.14873995458974792,WINNER_LOW,0.5370370370370371,0.1251173255979374,True,0.2940425319999913
log_ret__w240__accel,log_ret,108,-0.007849113767776915,-0.005697070881621955,-0.0021520428861549587,-0.0011739198118448256,-0.14873995458974792,0.14873995458974792,WINNER_LOW,0.5370370370370371,0.1251173255979374,True,0.2940425319999913
quote_volume_rel24__w72__max,quote_volume_rel24,108,6.3711368518847005,6.867145520227927,-0.4960086683432262,-1.0880579471588132,-0.14858240192323313,0.14858240192323313,WINNER_LOW,0.6481481481481481,0.1255133100499494,False,0.2944208888565472
body_pct__w72__accel,body_pct,108,-0.007799058701493777,-0.0056565648701911815,-0.0021424938313025954,-0.001144213369116187,-0.1485627075451882,0.1485627075451882,WINNER_LOW,0.5370370370370371,0.1255628784069424,True,0.2944208888565472
body_pct__w240__accel,body_pct,108,-0.007799058701493777,-0.0056565648701911815,-0.0021424938313025954,-0.001144213369116187,-0.1485627075451882,0.1485627075451882,WINNER_LOW,0.5370370370370371,0.1255628784069424,True,0.2944208888565472
close_vs_ema240__w240__q10,close_vs_ema240,108,-0.023215980142898236,-0.01798068768014976,-0.005235292462748476,-0.006895363284274935,-0.14854197000950387,0.14854197000950387,WINNER_LOW,0.5648148148148148,0.12561508898311938,False,0.2944208888565472
close_vs_sma168__w24__min,close_vs_sma168,108,-0.01852300104925504,-0.012742776859172241,-0.005780224190082798,-0.0075995421037077905,-0.14842080393580093,0.14842080393580093,WINNER_LOW,0.5740740740740741,0.12592048995745392,False,0.2949390176699373
rebound_low24__w72__up_share,rebound_low24,108,0.4845679016024978,0.4770061737409344,0.007561727861563365,0.01388887465000152,0.14820532634256875,0.14820532634256875,WINNER_HIGH,0.5555555555555556,0.1264650533041163,True,0.29599924409451744
close_vs_vwap72__w72__diff_std,close_vs_vwap72,108,0.0055145810776459124,0.005259373914709108,0.00025520716293680454,0.00015989693347364677,0.14814311582941406,0.14814311582941406,WINNER_HIGH,0.5740740740740741,0.12662261957127713,True,0.29599924409451744
quote_volume_rel240__w72__z,quote_volume_rel240,108,0.9512853424961644,0.7847436785146042,0.1665416639815602,0.010381021909415714,0.14811141061003627,0.14811141061003627,WINNER_HIGH,0.5,0.12670298188485518,True,0.29599924409451744
avg_trade_quote_rel240__w240__diff_std,avg_trade_quote_rel240,108,0.24675767413443989,0.2515666897374171,-0.004809015602977185,-0.007225668430328375,-0.14807536061625245,0.14807536061625245,WINNER_LOW,0.6018518518518519,0.12679440568369263,True,0.29599924409451744
body_pct__w240__diff_std,body_pct,108,0.008049283456919645,0.007774030914771612,0.0002752525421480337,0.000395212322473526,0.14807459058757436,0.14807459058757436,WINNER_HIGH,0.5833333333333334,0.12679635906593856,True,0.29599924409451744
dist_high72__w240__delta,dist_high72,108,-0.02153873433053377,-0.015681566664985706,-0.005857167665548064,-0.0048536115442402656,-0.14798316348056903,0.14798316348056903,WINNER_LOW,0.5648148148148148,0.12702845709465607,True,0.29634323846565197
taker_share__w240__max,taker_share,108,0.6577897270520529,0.6640202202178814,-0.006230493165828569,-0.006797140836715676,-0.14776625666245582,0.14776625666245582,WINNER_LOW,0.5925925925925926,0.12758044082630138,False,0.2972285961639147
rebound_low240__w72__diff_mean,rebound_low240,108,-0.00024775440178254266,-0.0003655225138720231,0.00011776811208948047,0.00016676358313816309,0.14774529913304912,0.14774529913304912,WINNER_HIGH,0.6111111111111112,0.1276338735547322,True,0.2972285961639147
close_vs_sma72__w72__max,close_vs_sma72,108,0.03326079688566905,0.029342064457338255,0.003918732428330798,-0.0003718651831150048,0.14773389588420913,0.14773389588420913,WINNER_HIGH,0.5,0.1276629543718044,False,0.2972285961639147
dist_high240__w24__diff_std,dist_high240,108,0.005157452858165251,0.004921469920426952,0.00023598293773829932,-0.00019269902259111426,0.1476880894853502,0.1476880894853502,WINNER_HIGH,0.5648148148148148,0.1277798235254062,True,0.29730275639943143
macd_hist_pct__w240__pos,macd_hist_pct,108,0.3388175575269593,0.31806711934817333,0.020750438178785968,0.03578044772148131,0.14754863244109032,0.14754863244109032,WINNER_HIGH,0.6111111111111112,0.1281361498201112,True,0.2976801608421494
dist_high72__w240__diff_mean,dist_high72,108,-9.064171752436744e-05,-6.621617168626151e-05,-2.442554583810593e-05,-1.3994744040246585e-05,-0.14751417501023015,0.14751417501023015,WINNER_LOW,0.6111111111111112,0.1282243124874743,True,0.2976801608421494
trades_rel24__w24__q75,trades_rel24,108,1.619443838795026,1.5482211435282673,0.07122269526675896,0.03755722045898435,0.1474895967958458,0.1474895967958458,WINNER_HIGH,0.5185185185185185,0.12828722743940396,False,0.2976801608421494
rebound_low24__w240__q90,rebound_low24,108,0.05004381012447454,0.04743334209132526,0.002610468033149286,0.0008212357759475701,0.14747057620031728,0.14747057620031728,WINNER_HIGH,0.5185185185185185,0.12833593278123645,False,0.2976801608421494
stoch_d__w72__min,stoch_d,108,10.904480664818376,10.04030841500671,0.864172249811667,-0.6050313711166382,0.14745819175814973,0.14745819175814973,WINNER_HIGH,0.5648148148148148,0.12836765300256256,False,0.2976801608421494
close_vs_sma168__w72__mean,close_vs_sma168,108,0.005195564361134462,0.011124482768920842,-0.005928918407786385,-0.010579652315936983,-0.147309012103627,0.147309012103627,WINNER_LOW,0.5648148148148148,0.12875023199549476,False,0.29836949058200474
trades_rel240__w24__mean,trades_rel240,108,1.393621107770337,1.3159246656629773,0.07769644210735957,-0.03477762341499324,0.14724985137928714,0.14724985137928714,WINNER_HIGH,0.5555555555555556,0.1289022013309741,False,0.2985238397711367
stoch_d__w24__up_share,stoch_d,108,0.45679012561837834,0.443441358236251,0.013348767382127267,0.008333325386047363,0.146963474664768,0.146963474664768,WINNER_HIGH,0.5370370370370371,0.12963983129823337,True,0.30003341499002123
rebound_low24__w240__q25,rebound_low24,108,0.010671031820863762,0.010124504244541406,0.0005465275763223569,0.0001290265470743181,0.14690865971665795,0.14690865971665795,WINNER_HIGH,0.5277777777777778,0.12978139819039264,False,0.3001624004443142
rsi24__w72__std,rsi24,108,6.6622494260470075,6.349403841848726,0.3128455841982806,0.1182976722717286,0.14684301986602877,0.14684301986602877,WINNER_HIGH,0.5185185185185185,0.12995108192753677,False,0.3003562019171157
macd_hist_pct__w72__max,macd_hist_pct,108,0.0032574724221679694,0.003003841677909131,0.00025363074425883866,5.3124770056456414e-05,0.1467981854386945,0.1467981854386945,WINNER_HIGH,0.5185185185185185,0.13006708248914056,False,0.3004257512975723
close_vs_ema72__w72__q25,close_vs_ema72,108,-0.007419995387021185,-0.004779873313452332,-0.002640122073568852,-0.0002243783208541576,-0.1467215034280861,0.1467215034280861,WINNER_LOW,0.5092592592592593,0.1302656714988061,False,0.30060502545670914
close_vs_sma72__w72__pos,close_vs_sma72,108,0.258974409998498,0.22177396942624233,0.037200440572255675,-0.02249108627438545,0.14670184546900658,0.14670184546900658,WINNER_HIGH,0.5648148148148148,0.13031661955744098,True,0.30060502545670914
close_vs_sma72__w240__pos,close_vs_sma72,108,0.34822100499230957,0.3146951807391209,0.03352582425318866,0.02187145799398423,0.14627416366000043,0.14627416366000043,WINNER_HIGH,0.5555555555555556,0.13142893982301307,True,0.3029263372815098
macd_signal_pct__w72__q75,macd_signal_pct,108,0.0036137506454165472,0.003009608015081202,0.0006041426303353444,0.00033266813261434447,0.14624839727219893,0.14624839727219893,WINNER_HIGH,0.5277777777777778,0.13149619101896823,False,0.3029263372815098
macd_hist_pct__w72__up_share,macd_hist_pct,108,0.4776234604694225,0.46805555837021934,0.009567902099203182,0.023611110448837264,0.146073712156494,0.146073712156494,WINNER_HIGH,0.5555555555555556,0.13195283901444438,True,0.30361364833129445
close_vs_ema168__w72__diff_std,close_vs_ema168,108,0.005593374343502715,0.005334782205884242,0.0002585921376184733,0.00021760130766779184,0.1460678497179912,0.1460678497179912,WINNER_HIGH,0.5648148148148148,0.13196818572020805,True,0.30361364833129445
close_vs_vwap24__w24__max,close_vs_vwap24,108,0.013149073315920154,0.011555896064102717,0.0015931772518174344,-0.0008856398751959202,0.14598369129504693,0.14598369129504693,WINNER_HIGH,0.5277777777777778,0.13218865045338415,False,0.3039209142902593
close_vs_ema48__w24__late_vs_prev,close_vs_ema48,108,-0.008175416970819546,-0.007253734039389842,-0.0009216829314297041,-0.0003313765861093997,-0.14591309914834913,0.14591309914834913,WINNER_LOW,0.5370370370370371,0.1323737994777461,True,0.30414663388546526
quote_volume_rel240__w24__z,quote_volume_rel240,108,0.9595260883905683,0.7963488749909665,0.1631772133996021,-0.05572529956698413,0.14587829207963093,0.14587829207963093,WINNER_HIGH,0.5185185185185185,0.13246516637627978,True,0.3041567214825019
ema_gap_24_72__w240__max,ema_gap_24_72,108,0.02188073605874605,0.020047114008640943,0.0018336220501051108,0.00013075042515993222,0.1456787139222198,0.1456787139222198,WINNER_HIGH,0.5092592592592593,0.13299000605421107,False,0.30516145089998437
close_vs_vwap24__w24__z,close_vs_vwap24,108,-1.6187792519038473,-1.528145471058303,-0.09063378084554442,-0.1257796168327331,-0.14562916257176844,0.14562916257176844,WINNER_LOW,0.5925925925925926,0.133120566112253,True,0.30526073422593364
dist_high72__w24__std,dist_high72,108,0.00936683411472822,0.008605122400654688,0.0007617117140735327,-0.00025341943837702257,0.14549578707030236,0.14549578707030236,WINNER_HIGH,0.5370370370370371,0.1334724895797247,False,0.305867166487744
close_vs_ema12__w72__diff_std,close_vs_ema12,108,0.004964984735663704,0.004727782303881315,0.00023720243178239033,0.00014292406849563104,0.14534083428872574,0.14534083428872574,WINNER_HIGH,0.5555555555555556,0.13388226297803116,True,0.3066052872522429
ema_gap_6_24__w24__pos,ema_gap_6_24,108,0.16675149978564824,0.14686520946626033,0.019886290319387896,0.0,0.14528882244053795,0.14528882244053795,WINNER_HIGH,0.4166666666666667,0.13402002956741732,True,0.30671992368930523
trades_rel24__w72__q10,trades_rel24,108,0.5828112526624291,0.5956006774747813,-0.012789424812352216,-0.02705754041671754,-0.14508197315398597,0.14508197315398597,WINNER_LOW,0.6018518518518519,0.1345690230814452,False,0.30777493375789
trades_rel24__w72__z,trades_rel24,108,0.9024027488021938,0.7410470516068423,0.16135569719535175,-0.10600685179233549,0.14503311441704467,0.14503311441704467,WINNER_HIGH,0.5462962962962963,0.13469895487731054,True,0.3078707485006241
close_vs_sma240__w240__q25,close_vs_sma240,108,-0.012414661503027202,-0.006414894603376862,-0.005999766899650342,-0.009564354154281317,-0.1449343456994284,0.1449343456994284,WINNER_LOW,0.5740740740740741,0.13496191438593927,False,0.3082702904034158
macd_hist_pct__w240__q90,macd_hist_pct,108,0.002241126032054631,0.002145056616885726,9.606941516890571e-05,5.447608418762684e-05,0.1448257189778472,0.1448257189778472,WINNER_HIGH,0.5277777777777778,0.1352515839597103,False,0.30873028009602277
avg_trade_quote_rel24__w72__up_share,avg_trade_quote_rel24,108,0.4936985610811799,0.49981996030719195,-0.006121399226012058,-0.006944453716278082,-0.14465249082085196,0.14465249082085196,WINNER_LOW,0.6018518518518519,0.13571453051190704,True,0.3095849401175075
dist_high72__w24__q10,dist_high72,108,-0.045450602658092976,-0.04119864124804734,-0.0042519614100456245,0.00022814609110355204,-0.14433573183214035,0.14433573183214035,WINNER_LOW,0.5277777777777778,0.13656426677527,False,0.3111765049199041
macd_pct__w240__pos,macd_pct,108,0.3903731933053307,0.3576126106911236,0.032760582614207154,0.021036887168884272,0.1443260883060649,0.1443260883060649,WINNER_HIGH,0.5370370370370371,0.1365902016162576,True,0.3111765049199041
avg_trade_quote_rel240__w24__min,avg_trade_quote_rel240,108,0.6647825875767955,0.6387631446123122,0.026019442964483188,0.011333215236663807,0.1442076682642965,0.1442076682642965,WINNER_HIGH,0.5185185185185185,0.13690898920027517,False,0.31169969741755355
upper_wick__w240__diff_std,upper_wick,108,0.2966329758917844,0.2937109979766387,0.0029219779151457297,-0.0017792880535125732,0.1441344157364958,0.1441344157364958,WINNER_HIGH,0.5370370370370371,0.13710647672397341,True,0.31174912421830264
close_vs_sma240__w24__pos,close_vs_sma240,108,0.13124915843622553,0.11144860476057081,0.019800553675654725,0.0,0.14411888807032558,0.14411888807032558,WINNER_HIGH,0.4351851851851852,0.13714836764708133,True,0.31174912421830264
atr6_pct__w240__diff_std,atr6_pct,108,0.0012143133876465814,0.001158066207211016,5.6247180435565075e-05,8.82730819284916e-06,0.14407033501566038,0.14407033501566038,WINNER_HIGH,0.5185185185185185,0.13727941987726128,True,0.31174912421830264
macd_fast_hist_pct__w24__q10,macd_fast_hist_pct,108,-0.0026070195668176487,-0.0023958382267193407,-0.00021118134009830776,8.37823659821879e-05,-0.14406742059132857,0.14406742059132857,WINNER_LOW,0.5370370370370371,0.13728728947560367,False,0.31174912421830264
trades_rel24__w72__delta,trades_rel24,108,0.8449586590243228,0.6590661532821186,0.1858925057422042,0.0776766039431095,0.14402973396298296,0.14402973396298296,WINNER_HIGH,0.5092592592592593,0.13738908359297666,True,0.3117778230529782
rsi6__w72__pos,rsi6,108,0.16975761536094877,0.18290970482210267,-0.01315208946115389,-0.015834547206759447,-0.1439077430353766,0.1439077430353766,WINNER_LOW,0.6018518518518519,0.1377189940775446,True,0.31221991393071685
volume_rel72__w240__late_vs_prev,volume_rel72,108,0.03795608184817764,-0.08551309931747338,0.123469181165651,0.1847568651661277,0.1438916872068424,0.1438916872068424,WINNER_HIGH,0.6203703703703703,0.1377624613082917,True,0.31221991393071685
adx14__w72__max,adx14,108,43.67097840485749,41.640739458578594,2.03023894627889,2.057761001586913,0.14370305357976124,0.14370305357976124,WINNER_HIGH,0.5555555555555556,0.13827394426920986,False,0.31294122515946754
close_vs_ema72__w24__min,close_vs_ema72,108,-0.02041935097292514,-0.017412647793187512,-0.003006703179737626,-0.00044244164600968435,-0.1436789530570839,0.1436789530570839,WINNER_LOW,0.5185185185185185,0.13833939997185238,False,0.31294122515946754
close_vs_sma168__w72__delta,close_vs_sma168,108,-0.021455996383910707,-0.027846041762569693,0.006390045378658992,0.008459844160825014,0.14367534742030488,0.14367534742030488,WINNER_HIGH,0.5462962962962963,0.13834919476595275,True,0.31294122515946754
trades_rel240__w72__late_vs_prev,trades_rel240,108,0.09677384200471419,0.012520530315157015,0.08425331168955719,0.07850439455360175,0.14361096814723576,0.14361096814723576,WINNER_HIGH,0.6111111111111112,0.1385241737479912,True,0.3129685657176459
dist_high240__w72__up_share,dist_high240,108,0.49241255444509013,0.4852366265323427,0.007175927912747422,0.011111116409301736,0.1436050474791365,0.1436050474791365,WINNER_HIGH,0.5833333333333334,0.13854027444407088,True,0.3129685657176459
close_vs_sma168__w72__diff_mean,close_vs_sma168,108,-0.0002952205497445414,-0.00038400957075968684,8.87890210151454e-05,0.00012858390109613538,0.14355126226418827,0.14355126226418827,WINNER_HIGH,0.5462962962962963,0.13868660521298368,True,0.31297607676472394
atr24_pct__w24__min,atr24_pct,108,0.006552567254941634,0.006239498261776235,0.0003130689931653992,0.0002722473815083503,0.14353804023214917,0.14353804023214917,WINNER_HIGH,0.5555555555555556,0.13872259622113872,False,0.31297607676472394
stoch_d__w24__q10,stoch_d,108,25.71714222872699,23.952874490949846,1.7642677377771447,0.23980674743652308,0.1432662901773921,0.1432662901773921,WINNER_HIGH,0.5092592592592593,0.13946392991243906,False,0.3144457530005154
volume_rel72__d6,volume_rel72,108,1.2339282347648233,0.9278341179927035,0.30609411677211973,0.19133653640747073,0.14317832327991475,0.14317832327991475,WINNER_HIGH,0.5648148148148148,0.13970456487029156,True,0.3144982268480569
atr6_pct__w24__pos,atr6_pct,108,0.6358286055856971,0.5997073647669621,0.03612124081873507,0.057663837075233426,0.14313602678483406,0.14313602678483406,WINNER_HIGH,0.5833333333333334,0.13982038295552335,True,0.3144982268480569
bb_z__w24__up_share,bb_z,108,0.47145061898562646,0.457175927857558,0.014274691128068503,0.01666667461395263,0.1431091271729265,0.1431091271729265,WINNER_HIGH,0.5555555555555556,0.13989407960040928,True,0.3144982268480569
stoch_k__w240__pos,stoch_k,108,0.19568325346551352,0.18262608831174915,0.013057165153764394,-0.0001101048197597234,0.14310894286552187,0.14310894286552187,WINNER_HIGH,0.5,0.13989458465041238,True,0.3144982268480569
macd_hist_pct__w24__q25,macd_hist_pct,108,-0.001306449022026586,-0.0011266861071632136,-0.00017976291486337248,-7.36179006707971e-05,-0.143064469061411,0.143064469061411,WINNER_LOW,0.5370370370370371,0.14001649598467503,False,0.3144982268480569
range_pct__w72__std,range_pct,108,0.00548647677189567,0.005127268164694585,0.000359208607201085,9.930292144417737e-05,0.1430607094509881,0.1430607094509881,WINNER_HIGH,0.5277777777777778,0.14002680560549743,False,0.3144982268480569
cci20__w72__late_vs_prev,cci20,108,-30.350813755558598,-42.82737518924254,12.476561433683948,12.029566955566402,0.14302365015351237,0.14302365015351237,WINNER_HIGH,0.5555555555555556,0.1401284614744677,True,0.3145245377254259
trades_rel24__w72__min,trades_rel24,108,0.4147551446049302,0.42822290383003386,-0.013467759225103586,-0.012176534533500677,-0.14286910752074838,0.14286910752074838,WINNER_LOW,0.5555555555555556,0.14055300190906644,False,0.3151299410117149
avg_trade_quote_rel240__w240__q75,avg_trade_quote_rel240,108,1.1832755351508106,1.1984864153243877,-0.015210880173577206,-0.01977703571319578,-0.142816698689461,0.142816698689461,WINNER_LOW,0.5925925925925926,0.1406972005111814,False,0.3151299410117149
ema_gap_6_24__w24__min,ema_gap_6_24,108,-0.008930020867006129,-0.007889705297825626,-0.0010403155691805026,-0.0002786521334201097,-0.1427969538710591,0.1427969538710591,WINNER_LOW,0.5185185185185185,0.14075155666645295,False,0.3151299410117149
rsi24__d6,rsi24,108,-8.094155232870468,-7.362375806851518,-0.731779426018949,-0.6714450836181642,-0.14276360077849362,0.14276360077849362,WINNER_LOW,0.5555555555555556,0.14084341267143785,True,0.3151299410117149
stoch_k__w72__std,stoch_k,108,25.40413291366012,25.7893580754598,-0.3852251617996781,-0.07072238922119212,-0.14276166132802004,0.14276166132802004,WINNER_LOW,0.5092592592592593,0.14084875544790115,False,0.3151299410117149
trades_rel72__w72__delta,trades_rel72,108,0.9227641956121834,0.6862399135535169,0.2365242820586664,0.07194617688655854,0.14264528513053062,0.14264528513053062,WINNER_HIGH,0.5277777777777778,0.1411696365917601,True,0.3156095522091455
macd_fast_hist_pct__w24__up_share,macd_fast_hist_pct,108,0.4529321029506348,0.468595681808613,-0.015663578857978186,-0.024999997019767767,-0.14260377564885712,0.14260377564885712,WINNER_LOW,0.5648148148148148,0.14128422739555407,True,0.3156095522091455
dist_high72__w72__mean,dist_high72,108,-0.03246868270690794,-0.02963902307674289,-0.0028296596301650555,-0.0018337764777243155,-0.14258579961875295,0.14258579961875295,WINNER_LOW,0.5740740740740741,0.14133387439505915,False,0.3156095522091455
close_vs_ema24__w72__diff_mean,close_vs_ema24,108,-0.0002633506498897178,-0.00023028062059961697,-3.307002929010086e-05,-2.2572649868379826e-06,-0.14241194149924122,0.14241194149924122,WINNER_LOW,0.5,0.1418147453570878,True,0.3163841941308972
macd_fast_hist_pct__w72__z,macd_fast_hist_pct,108,-1.2750457875102896,-1.1599572597433707,-0.1150885277669187,-0.1071384757757187,-0.1423927244945933,0.1423927244945933,WINNER_LOW,0.5555555555555556,0.1418679754439137,True,0.3163841941308972
ema6_slope_3h__w240__late_vs_prev,ema6_slope_3h,108,-0.0003580837870787137,-0.0008361176721589598,0.0004780338850802462,0.00047458524350076927,0.14236233382474223,0.14236233382474223,WINNER_HIGH,0.5740740740740741,0.14195218775847232,True,0.3163841941308972
mfi14__w72__late_vs_prev,mfi14,107,-2.7506200384313817,-5.059178328924926,2.3085582904935436,1.861398696899414,0.14231628772895458,0.14231628772895458,WINNER_HIGH,0.5514018691588785,0.14394838171417873,True,0.31808979367732415
close_vs_sma240__w240__q10,close_vs_sma240,108,-0.028754035226517805,-0.023014139999712052,-0.0057398952268057565,-0.00863420283421874,-0.142218559176498,0.142218559176498,WINNER_LOW,0.5740740740740741,0.14235111411462015,False,0.3169373667616598
ema_gap_6_24__w24__z,ema_gap_6_24,108,-1.3635440321846142,-1.4682316486447773,0.10468761646016327,0.09509936273097996,0.1421669358931035,0.1421669358931035,WINNER_HIGH,0.5740740740740741,0.14249456417600764,True,0.3169373667616598
close_vs_ema240__w72__diff_std,close_vs_ema240,108,0.0056241135419070444,0.005371137403158677,0.0002529761387483665,0.0001989475917071105,0.14211195907927843,0.14211195907927843,WINNER_HIGH,0.5555555555555556,0.14264745669779516,True,0.3169373667616598
trades_rel24__w72__diff_mean,trades_rel24,108,0.010533521065318146,0.007827810384828302,0.0027057106804898442,0.0006180054333526644,0.14209802542525912,0.14209802542525912,WINNER_HIGH,0.5092592592592593,0.1426862269734517,True,0.3169373667616598
quote_volume_rel72__d6,quote_volume_rel72,108,1.1694803715131625,0.8908936693406388,0.27858670217252374,0.18335498271044343,0.14207843924063016,0.14207843924063016,WINNER_HIGH,0.5648148148148148,0.14274073923570332,True,0.3169373667616598
ema_gap_72_168__w240__std,ema_gap_72_168,108,0.009640241546245912,0.008911592427951594,0.0007286491182943185,-5.5811274796724666e-05,0.1420772077771278,0.1420772077771278,WINNER_HIGH,0.5092592592592593,0.14274416718604924,False,0.3169373667616598
ema6_slope_3h__w24__max,ema6_slope_3h,108,0.0069607915378313645,0.006178161975353929,0.0007826295624774366,-1.4099525287749985e-06,0.14199095044634447,0.14199095044634447,WINNER_HIGH,0.5,0.1429844359578541,False,0.31714011667136116
lower_wick__w24__mean,lower_wick,108,0.29002777031726307,0.2968927443993312,-0.00686497408206816,-0.008151027560234086,-0.1419793182728278,0.1419793182728278,WINNER_LOW,0.5833333333333334,0.14301686130704505,False,0.31714011667136116
quote_volume_rel240__w24__accel,quote_volume_rel240,108,1.1150029671585395,0.594882452653514,0.5201205145050254,0.5675461931619794,0.14193797373354186,0.14193797373354186,WINNER_HIGH,0.6018518518518519,0.143132157889784,True,0.317194649011771
close_vs_sma72__w240__max,close_vs_sma72,108,0.05628253671306151,0.05200403512593496,0.004278501587126542,0.0009925331920385347,0.1418764327828422,0.1418764327828422,WINNER_HIGH,0.5092592592592593,0.14330390967544648,False,0.3172861857612246
taker_share__w24__min,taker_share,108,0.3828935498992602,0.37774073233207067,0.005152817567189537,0.00654640793800354,0.1418581642872975,0.1418581642872975,WINNER_HIGH,0.5462962962962963,0.1433549252224006,False,0.3172861857612246
rebound_low240__w72__min,rebound_low240,108,0.05244397175448722,0.06189733220682547,-0.009453360452338258,-0.02011628309264779,-0.14163658671088747,0.14163658671088747,WINNER_LOW,0.6574074074074074,0.1439748154161823,False,0.31808979367732415
atr6_pct__w24__diff_std,atr6_pct,108,0.0011490708873477867,0.0010607122763489044,8.835861099888225e-05,-2.84925277810544e-05,0.14163085067539183,0.14163085067539183,WINNER_HIGH,0.5370370370370371,0.1439908903034613,True,0.31808979367732415
abs_body_pct__w240__q10,abs_body_pct,108,0.0004984018533259923,0.0004752895307589184,2.31123225670739e-05,1.3730133650824422e-05,0.14128904079421398,0.14128904079421398,WINNER_HIGH,0.5370370370370371,0.14495131292079572,False,0.3199849448725249
atr14_pct__w240__diff_std,atr14_pct,108,0.0005676130402005381,0.000541964602221183,2.5648437979355182e-05,1.0101919178850943e-05,0.14126048261953936,0.14126048261953936,WINNER_HIGH,0.5092592592592593,0.14503178084728394,True,0.3199849448725249
rsi6__w72__late_vs_prev,rsi6,108,-5.001654848051085,-6.63962020414226,1.6379653560911753,0.7182205438613896,0.14122351241812867,0.14122351241812867,WINNER_HIGH,0.5185185185185185,0.14513600274257443,True,0.3200129896537092
stoch_k__w72__up_share,stoch_k,108,0.4873971188509906,0.4809156388044357,0.006481480046554847,-0.0013888925313949585,0.14117864605570213,0.14117864605570213,WINNER_HIGH,0.5185185185185185,0.14526256265980747,True,0.3200902215635455
macd_fast_hist_pct__w240__q10,macd_fast_hist_pct,108,-0.0023450898965906904,-0.002254162253639488,-9.092764295120205e-05,-6.088276859372898e-06,-0.1410878656060266,0.1410878656060266,WINNER_LOW,0.5092592592592593,0.1455189000761079,False,0.32043287246736696
cci20__w240__pos,cci20,108,0.2841266773779083,0.29954832428548894,-0.015421646907580673,-0.003462623804807663,-0.14105870158434625,0.14105870158434625,WINNER_LOW,0.5092592592592593,0.14560132523610125,True,0.32043287246736696
log_ret__w72__z,log_ret,108,-1.3170732118672244,-1.2399804787969007,-0.07709273307032331,-0.014296836405992497,-0.1406056568026771,0.1406056568026771,WINNER_LOW,0.5,0.14688640841429002,True,0.32305771712249826
close_vs_ema168__w240__up_share,close_vs_ema168,108,0.4975694409675068,0.49337962683704156,0.004189814130465189,0.0016666591167449896,0.14046660525334428,0.14046660525334428,WINNER_HIGH,0.5370370370370371,0.14728259399935195,True,0.3236388969892893
ema24_slope_6h__w240__up_share,ema24_slope_6h,108,0.48915894853847997,0.4839583326820974,0.005200615856382579,0.00749999880790711,0.14044797022981942,0.14044797022981942,WINNER_HIGH,0.5740740740740741,0.14733575178923322,True,0.3236388969892893
bb_z__w240__max,bb_z,108,3.2824787939036333,3.3358493822592283,-0.053370588355594224,-0.03530375957489018,-0.14036684243717842,0.14036684243717842,WINNER_LOW,0.5185185185185185,0.14756734818797076,False,0.3237740784318824
adx14__w240__mean,adx14,108,27.827328081484193,27.277576810342293,0.5497512711418997,0.13323993682861435,0.14034112444960167,0.14034112444960167,WINNER_HIGH,0.5370370370370371,0.1476408244799756,False,0.3237740784318824
close_location__d6,close_location,108,-0.23503829396994896,-0.17943942555467843,-0.05559886841527058,-0.025906891096383333,-0.1403291477800152,0.1403291477800152,WINNER_LOW,0.5185185185185185,0.14767505150095867,True,0.3237740784318824
quote_volume_rel240__d12,quote_volume_rel240,108,1.254853626937364,0.978577630715962,0.27627599622140186,-0.026155131123960017,0.14019341634762358,0.14019341634762358,WINNER_HIGH,0.5277777777777778,0.14806337573071174,True,0.3244220707583327
close_vs_sma24__w24__q90,close_vs_sma24,108,0.00914264012731615,0.007537798615899023,0.0016048415114171264,7.713376544415951e-05,0.1400634407191999,0.1400634407191999,WINNER_HIGH,0.5092592592592593,0.1484359737937619,False,0.3250348155020572
avg_trade_quote_rel72__w24__q10,avg_trade_quote_rel72,108,0.782884379779851,0.7597082293143979,0.023176150465453113,0.011264967918395985,0.13995112407082566,0.13995112407082566,WINNER_HIGH,0.5370370370370371,0.1487585338065456,False,0.32553729206601373
atr72_pct__w24__min,atr72_pct,108,0.007394391198263124,0.007037157119527735,0.00035723407873538903,0.0001576384995132683,0.13991558180703592,0.13991558180703592,WINNER_HIGH,0.5370370370370371,0.1488607199118604,False,0.3255571841974833
atr6_pct__w24__accel,atr6_pct,108,0.00239860547878413,0.0013848877123463252,0.0010137177664378046,0.00041568650631234054,0.1397574793657003,0.1397574793657003,WINNER_HIGH,0.5648148148148148,0.14931593240419808,True,0.3263486347609254
log_ret__w24__up_share,log_ret,108,0.4814814853447455,0.49050926290176533,-0.009027777557019832,-0.004166662693023682,-0.1396376719358878,0.1396376719358878,WINNER_LOW,0.5370370370370371,0.14966160184936503,True,0.3266957688309797
body_pct__w24__up_share,body_pct,108,0.4814814853447455,0.49050926290176533,-0.009027777557019832,-0.004166662693023682,-0.1396376719358878,0.1396376719358878,WINNER_LOW,0.5370370370370371,0.14966160184936503,True,0.3266957688309797
trades_rel24__d6,trades_rel24,108,0.7561684010002797,0.5718422236895464,0.18432617731073317,0.08332278728485108,0.13954917134589237,0.13954917134589237,WINNER_HIGH,0.5277777777777778,0.149917341858103,True,0.32682581081019585
ema_gap_24_72__w24__up_share,ema_gap_24_72,108,0.4483024705960243,0.4049382732077329,0.043364197388291364,0.08333333730697634,0.139490982218237,0.139490982218237,WINNER_HIGH,0.5648148148148148,0.15008567498377928,True,0.32682581081019585
stoch_d__w24__max,stoch_d,108,81.97146624105947,79.8470339739764,2.1244322670830615,1.7307144165039077,0.13949004743923582,0.13949004743923582,WINNER_HIGH,0.5740740740740741,0.15008838036307295,False,0.32682581081019585
volume_rel72__w24__q10,volume_rel72,108,0.647039086178497,0.6037011937134795,0.04333789246501746,0.017522919178009022,0.13943444519890522,0.13943444519890522,WINNER_HIGH,0.5277777777777778,0.1502493687603099,False,0.32682581081019585
rebound_low240__w240__q90,rebound_low240,108,0.1492827004511599,0.13803258871452675,0.011250111736633159,-0.0012117903679609299,0.13942343320606246,0.13942343320606246,WINNER_HIGH,0.5092592592592593,0.1502812682583881,False,0.32682581081019585
ema72_slope_12h__w240__z,ema72_slope_12h,108,-0.3247715547353167,-0.48382534588368065,0.15905379114836385,0.21949737090617416,0.13942320532176453,0.13942320532176453,WINNER_HIGH,0.5648148148148148,0.15028192844803973,True,0.32682581081019585
dist_high24__w240__up_share,dist_high24,108,0.504282403047438,0.501805550025569,0.0024768530218689487,0.0016666650772094727,0.13922294225938808,0.13922294225938808,WINNER_HIGH,0.5277777777777778,0.1508629656952668,True,0.3278855133849273
macd_signal_pct__w24__up_share,macd_signal_pct,108,0.4386574086146774,0.398919753971751,0.03973765464292632,0.025000007078051556,0.13914728617751285,0.13914728617751285,WINNER_HIGH,0.5370370370370371,0.15108292328050918,True,0.3281596165912674
bb_z__w72__late_vs_prev,bb_z,108,-0.36423294097012665,-0.5003727594236369,0.13613981845351025,0.10042517781257632,0.13901042914834186,0.13901042914834186,WINNER_HIGH,0.5277777777777778,0.1514814419870108,True,0.3288090131972002
stoch_d__w240__min,stoch_d,108,6.7379322449366255,7.205715350310008,-0.4677831053733826,-0.7683499574661257,-0.13898007059708478,0.13898007059708478,WINNER_LOW,0.6666666666666666,0.15156995403885806,False,0.3288090131972002
close_vs_vwap24__d24,close_vs_vwap24,108,-0.018094419441897318,-0.01631393062648217,-0.0017804888154151505,-0.001770373468752951,-0.13881097844762624,0.13881097844762624,WINNER_LOW,0.5555555555555556,0.15206368268061102,True,0.32947134824766805
close_vs_vwap24__w24__diff_mean,close_vs_vwap24,108,-0.0007539341428481647,-0.0006797471113848722,-7.418703146329252e-05,-7.376557841780593e-05,-0.13881097280016327,0.13881097280016327,WINNER_LOW,0.5555555555555556,0.15206369919123142,True,0.32947134824766805
dist_high24__w72__q75,dist_high24,108,-0.009465716059181702,-0.01050254621810314,0.0010368301589214416,0.0011559231672436002,0.13874626957449515,0.13874626957449515,WINNER_HIGH,0.6203703703703703,0.15225295293552524,False,0.3296711544638603
close_vs_sma168__d12,close_vs_sma168,108,-0.02126456585257849,-0.0196326137330659,-0.0016319521195125868,9.864641469903377e-05,-0.1387150059665605,0.1387150059665605,WINNER_LOW,0.5,0.15234446257180392,True,0.3296711544638603
stoch_d__w240__up_share,stoch_d,108,0.49741512067891935,0.4932716005930195,0.004143520085899917,-5.960464455334602e-09,0.13866191855311286,0.13866191855311286,WINNER_HIGH,0.5092592592592593,0.15249994846244685,True,0.32980353727469186
dist_high72__w72__diff_std,dist_high72,108,0.005334682775557869,0.005094436509103548,0.00024024626645432025,4.751780070364484e-05,0.13853770374243426,0.13853770374243426,WINNER_HIGH,0.5185185185185185,0.15286423542945626,True,0.3303465617635642
stoch_k__w240__z,stoch_k,108,-1.244864946714154,-1.2936617944587918,0.04879684774463788,0.055978666013106665,0.1385119075826296,0.1385119075826296,WINNER_HIGH,0.6296296296296297,0.1529399724035489,True,0.3303465617635642
body_pct__w72__z,body_pct,108,-1.3114691805266947,-1.2361747762774702,-0.0752944042492244,-0.014123596251010923,-0.13841844788979485,0.13841844788979485,WINNER_LOW,0.5,0.1532146105072505,True,0.33073548947151543
rebound_low72__w24__diff_std,rebound_low72,108,0.005806630566776557,0.005519906679142474,0.00028672388763408414,-0.00022328556515276415,0.13824592840840158,0.13824592840840158,WINNER_HIGH,0.5462962962962963,0.1537225704479165,True,0.3316272849206441
taker_share__w240__q25,taker_share,108,0.45216086782791,0.45102685469168197,0.0011340131362279277,-0.0006785094738006592,0.13812779293139255,0.13812779293139255,WINNER_HIGH,0.5277777777777778,0.1540711523707701,False,0.332078061841272
close_vs_sma240__w24__q10,close_vs_sma240,108,-0.005829003496155901,0.0012182324650051738,-0.007047235961161077,-0.00689534223638475,-0.13811076549922363,0.13811076549922363,WINNER_LOW,0.5555555555555556,0.1541214453441191,False,0.332078061841272
close_vs_sma24__w24__up_share,close_vs_sma24,108,0.4490740769715221,0.4358024706995046,0.013271606272017513,0.016666668653488148,0.13795445186691963,0.13795445186691963,WINNER_HIGH,0.5555555555555556,0.15458373152494828,True,0.3328690327233646
ema24_slope_6h__w72__q75,ema24_slope_6h,108,0.003488982378137785,0.003001127892147687,0.00048785448599009796,0.00015107777726370842,0.13786532303312438,0.13786532303312438,WINNER_HIGH,0.5277777777777778,0.1548478013220904,False,0.3332324684451385
ema_gap_72_168__w72__up_share,ema_gap_72_168,108,0.4818672826341181,0.43948045459713925,0.042386828036978824,0.0958333283662796,0.13778176576640078,0.13778176576640078,WINNER_HIGH,0.5925925925925926,0.15509567914655784,True,0.3335606334412748
close_vs_sma168__w72__diff_std,close_vs_sma168,108,0.0056109424094083135,0.005366200172877009,0.00024474223653130506,0.00019240279216319305,0.13757038938124524,0.13757038938124524,WINNER_HIGH,0.5740740740740741,0.15572410437067374,True,0.33453119128418013
quote_volume_rel240__w240__up_share,quote_volume_rel240,108,0.46898148070882867,0.47242283793511214,-0.003441357226283459,-0.005416673421859752,-0.13756562749265336,0.13756562749265336,WINNER_LOW,0.5462962962962963,0.15573828407510587,True,0.33453119128418013
quote_volume_rel72__w24__q10,quote_volume_rel72,108,0.6476113654121205,0.6045205642227773,0.04309080118934312,0.009010940790176392,0.13712520227659356,0.13712520227659356,WINNER_HIGH,0.5277777777777778,0.15705406001042796,False,0.337150428395621
mfi14__d24,mfi14,108,-13.96049519966322,-16.662776364910385,2.7022811652471614,2.944858518242836,0.13702382020157627,0.13702382020157627,WINNER_HIGH,0.5555555555555556,0.15735814675392923,True,0.33759597496839905
trades_rel72__w240__z,trades_rel72,108,0.8962767767909638,0.7348846594277011,0.16139211736326275,-0.04738257229328158,0.13694207668092623,0.13694207668092623,WINNER_HIGH,0.5370370370370371,0.15760365867498108,True,0.3377089885367496
close_vs_ema72__w240__max,close_vs_ema72,108,0.04995287208024551,0.04640273092556056,0.0035501411546849547,0.0005222918465733542,0.13694197439991104,0.13694197439991104,WINNER_HIGH,0.5092592592592593,0.15760396605432522,False,0.3377089885367496
volume_rel24__w24__q10,volume_rel24,108,0.6085224761455147,0.5817498695519235,0.026772606593591184,0.02004612684249879,0.13689598167925712,0.13689598167925712,WINNER_HIGH,0.5740740740740741,0.1577422320505143,False,0.3377982764731467
ema168_slope_24h__w240__late_vs_prev,ema168_slope_24h,108,0.00036556122920164516,-0.0006480573005386828,0.0010136185297403273,0.0012659444473683832,0.13671677031066398,0.13671677031066398,WINNER_HIGH,0.6111111111111112,0.15828187680013608,True,0.3387464646083696
dist_high24__w24__q10,dist_high24,108,-0.033035305716718234,-0.030614219446390593,-0.0024210862703276455,0.002291520684957504,-0.1366577266996937,0.1366577266996937,WINNER_LOW,0.5555555555555556,0.15845998018916901,False,0.3389202145085774
taker_share__w24__std,taker_share,108,0.05581294079483659,0.05728344567189062,-0.0014705048770540293,-0.0019055474549531971,-0.13662400660700996,0.13662400660700996,WINNER_LOW,0.5648148148148148,0.1585617649042142,False,0.33893061850246764
volume_rel240__w72__late_vs_prev,volume_rel240,108,0.1272384435179885,0.010838449369529601,0.11639999414845886,0.04615765176713468,0.1365085910532017,0.1365085910532017,WINNER_HIGH,0.5277777777777778,0.15891052877800885,True,0.33946861278967433
ema24_slope_6h__w24__min,ema24_slope_6h,108,-0.005833376654360715,-0.005130352656317849,-0.0007030239980428668,-7.145362615119672e-05,-0.13643191015289793,0.13643191015289793,WINNER_LOW,0.5092592592592593,0.1591425691995872,False,0.3397567548784838
ema_gap_72_168__w240__up_share,ema_gap_72_168,108,0.4680941340823968,0.4897299369176229,-0.02163580283522606,-0.032500019669532754,-0.13633886106688223,0.13633886106688223,WINNER_LOW,0.6111111111111112,0.15942448964776101,True,0.3400456129891172
close_vs_vwap72__w72__q10,close_vs_vwap72,108,-0.0164381995076568,-0.013913258717231524,-0.002524940790425279,-0.0005998152075335373,-0.1363230773327258,0.1363230773327258,WINNER_LOW,0.5185185185185185,0.15947234924282305,False,0.3400456129891172
trades_rel72__w24__delta,trades_rel72,108,0.7980717214415092,0.6073212347234842,0.19075048671802503,0.15776413045823573,0.13596361251548816,0.13596361251548816,WINNER_HIGH,0.5740740740740741,0.1605653080272705,True,0.3420528200546371
trades_rel240__d12,trades_rel240,108,0.9632239545613562,0.7597435336217772,0.20348042093957905,-0.03352183382958175,0.13594918245775764,0.13594918245775764,WINNER_HIGH,0.5277777777777778,0.16060930241055593,True,0.3420528200546371
trades_rel72__w240__max,trades_rel72,108,7.1878784276821,7.544676587316725,-0.35679815963462547,-0.47876081466674814,-0.13588606502742756,0.13588606502742756,WINNER_LOW,0.5833333333333334,0.16080184350840643,False,0.3421504276160726
lower_wick__w24__diff_std,lower_wick,108,0.3123878654506471,0.3041823681305957,0.008205497320051543,0.010038582980632788,0.13587002050910457,0.13587002050910457,WINNER_HIGH,0.5648148148148148,0.16085081584238586,True,0.3421504276160726
mfi14__w24__diff_mean,mfi14,108,-0.5824450404686138,-0.6941084742753042,0.11166343380669046,0.12270242832601069,0.13582164772759772,0.13582164772759772,WINNER_HIGH,0.5462962962962963,0.1609985321899248,True,0.3422564541447824
ema_gap_72_168__w240__q25,ema_gap_72_168,108,-0.003453927711369168,-0.0013226433552551537,-0.002131284356114014,-0.002670080191455782,-0.13558024864017673,0.13558024864017673,WINNER_LOW,0.5833333333333334,0.1617372482139954,False,0.3436179568677654
macd_hist_pct__w24__max,macd_hist_pct,108,0.0016882829611151668,0.0014726091993233477,0.00021567376179181913,6.870569777674964e-05,0.13535495986391133,0.13535495986391133,WINNER_HIGH,0.5370370370370371,0.162429002647706,False,0.344683455430173
close_vs_vwap240__w24__up_share,close_vs_vwap240,108,0.45447531066558977,0.4422067918987186,0.012268518766871203,0.03333333134651184,0.13535271797302584,0.13535271797302584,WINNER_HIGH,0.6111111111111112,0.1624358977835073,True,0.344683455430173
trades_rel72__w72__up_share,trades_rel72,108,0.4639917697619509,0.47016460972803603,-0.006172839966085223,-0.01111110150814057,-0.13517309666122132,0.13517309666122132,WINNER_LOW,0.5925925925925926,0.1629890672481325,True,0.345462087913626
ema168_slope_24h__w24__q25,ema168_slope_24h,108,0.0006582815419986016,0.001968495434239567,-0.0013102138922409653,-0.002105335844680667,-0.13516941735731824,0.13516941735731824,WINNER_LOW,0.6018518518518519,0.16300041322776176,False,0.345462087913626
ema_gap_6_24__w72__q75,ema_gap_6_24,108,0.005080255823014778,0.004368796115792335,0.0007114597072224434,0.00023595876991748792,0.13488098159901807,0.13488098159901807,WINNER_HIGH,0.5185185185185185,0.16389175212799956,False,0.3469029130559351
rebound_low240__w72__diff_std,rebound_low240,108,0.00625291706442281,0.005972240837635818,0.00028067622678699315,0.0002486991230398418,0.13487796455923906,0.13487796455923906,WINNER_HIGH,0.5740740740740741,0.16390109518220008,True,0.3469029130559351
rebound_low72__w72__q25,rebound_low72,108,0.03335495759232866,0.03034295759646705,0.0030119999958616163,-0.0030287193134427067,0.1348531864404614,0.1348531864404614,WINNER_HIGH,0.5740740740740741,0.1639778425168604,False,0.3469029130559351
ema72_slope_12h__w240__pos,ema72_slope_12h,108,0.4371958774464912,0.4015587489970602,0.03563712844943102,0.04412455707788465,0.13476757158558073,0.13476757158558073,WINNER_HIGH,0.5740740740740741,0.16424323591026121,True,0.3472542901923721
close_vs_ema24__w72__delta,close_vs_ema24,108,-0.01902169115540649,-0.016663547401864248,-0.0023581437535422417,-5.4214545525610273e-05,-0.1346946203189483,0.1346946203189483,WINNER_LOW,0.5092592592592593,0.1644696328549065,True,0.3475228435610925
macd_signal_pct__w240__max,macd_signal_pct,108,0.011172796668553794,0.010469449029942214,0.0007033476386115783,1.2637255713343967e-05,0.13458147593040737,0.13458147593040737,WINNER_HIGH,0.5,0.16482123651547056,False,0.3480554734870776
trades_rel72__d1,trades_rel72,108,0.47178289887745417,0.32284304893180005,0.1489398499456541,0.018663108907639975,0.13449417951606285,0.13449417951606285,WINNER_HIGH,0.5092592592592593,0.1650929078843665,True,0.3484187681784126
cci20__d12,cci20,108,-156.4164027593754,-141.32647218077824,-15.089930578597171,-9.47063846588135,-0.13431002076568654,0.13431002076568654,WINNER_LOW,0.5740740740740741,0.16566714127441123,True,0.34926662564973626
quote_volume_rel240__w72__late_vs_prev,quote_volume_rel240,108,0.10370646145505209,-0.004126233503187976,0.10783269495824006,0.06335755018517375,0.13427165997590657,0.13427165997590657,WINNER_HIGH,0.5462962962962963,0.16578694726676405,True,0.34926662564973626
close_vs_ema72__w24__late_vs_prev,close_vs_ema72,108,-0.008573602870759109,-0.007729454259532321,-0.0008441486112267874,-0.0002446036098262992,-0.13425880055593983,0.13425880055593983,WINNER_LOW,0.5462962962962963,0.1658271237826604,True,0.34926662564973626
avg_trade_quote_rel24__w24__min,avg_trade_quote_rel24,108,0.6575449605782827,0.6408961097951287,0.01664885078315382,0.013390213251113892,0.1342341279784671,0.1342341279784671,WINNER_HIGH,0.5555555555555556,0.16590422878578753,False,0.34926662564973626
obv_delta__w240__late_vs_prev,obv_delta,108,-105.46715586936033,-176.27614466746653,70.80898879810614,3.9534810304641708,0.13419499085245815,0.13419499085245815,WINNER_HIGH,0.5,0.1660265934707571,True,0.34926662564973626
close_vs_ema6__w72__diff_std,close_vs_ema6,108,0.004347803652139932,0.004153737242342213,0.00019406640979771815,0.00010798133444041031,0.13417347015105002,0.13417347015105002,WINNER_HIGH,0.5370370370370371,0.16609390862325177,True,0.34926662564973626
volume_rel72__w24__diff_std,volume_rel72,108,1.120093631385653,1.003071119415539,0.1170225119701138,-0.09756777286529539,0.1341263504335551,0.1341263504335551,WINNER_HIGH,0.5925925925925926,0.1662413682726555,True,0.3493642920556119
avg_trade_quote_rel240__w72__q25,avg_trade_quote_rel240,108,0.8327946894698672,0.8502533982197443,-0.01745870874987708,-0.02262778878211974,-0.13409479942651223,0.13409479942651223,WINNER_LOW,0.5925925925925926,0.16634016193096765,False,0.3493642920556119
volume_rel72__w24__q75,volume_rel72,108,1.834691192816805,1.6957484727656402,0.13894272005116498,-0.19377726316452026,0.13400376482362253,0.13400376482362253,WINNER_HIGH,0.5925925925925926,0.1666254637153718,False,0.349753449347332
volume_rel24__w72__up_share,volume_rel24,108,0.47479424018550803,0.48094136052661474,-0.006147120341106692,-0.009722229838371288,-0.13384965317774156,0.13384965317774156,WINNER_LOW,0.6111111111111112,0.16710929856954007,True,0.350558618534902
close_vs_ema240__w72__mean,close_vs_ema240,108,0.008746973077197455,0.014393702141520678,-0.00564672906432322,-0.009075423143804074,-0.13379331325683014,0.13379331325683014,WINNER_LOW,0.5925925925925926,0.16728644522049477,False,0.35071984348685264
close_vs_ema72__w24__diff_mean,close_vs_ema72,108,-0.0008821355233176628,-0.0007933742084625701,-8.876131485509282e-05,-2.9898772481829036e-05,-0.1335986781185647,0.1335986781185647,WINNER_LOW,0.5185185185185185,0.1678995272269483,True,0.3515803878122533
close_vs_ema72__d24,close_vs_ema72,108,-0.021171252604458627,-0.019040981024833554,-0.0021302715796250762,-0.0007175717502832402,-0.1335986745603042,0.1335986745603042,WINNER_LOW,0.5185185185185185,0.1678995384507462,True,0.3515803878122533
rsi14__w240__pos,rsi14,108,0.2641943967616869,0.24960310596248345,0.014591290799203474,-0.0008860968053340801,0.13356730133362332,0.13356730133362332,WINNER_HIGH,0.5,0.1679985210278168,True,0.3515803878122533
close_vs_sma24__w240__pos,close_vs_sma24,108,0.3054130977457303,0.2826567084008949,0.02275638934483545,0.0050828903913497925,0.13341804604813787,0.13341804604813787,WINNER_HIGH,0.5092592592592593,0.16847003025554713,True,0.3523562773945265
adx14__w72__min,adx14,108,14.824602149150989,14.102975427662884,0.721626721488105,0.5668157577514652,0.13334445739981807,0.13334445739981807,WINNER_HIGH,0.5462962962962963,0.1687028730054152,False,0.3526323651523831
close_vs_vwap24__w240__up_share,close_vs_vwap24,108,0.4956404304614774,0.49260802241387186,0.003032408047605444,0.002083337306976296,0.13324516178016013,0.13324516178016013,WINNER_HIGH,0.5370370370370371,0.1690174435394275,True,0.35307885308087095
log_ret__w24__z,log_ret,108,-1.173342512998109,-1.1056851999032207,-0.06765731309488832,-0.06305095525458455,-0.1331963756105184,0.1331963756105184,WINNER_LOW,0.5648148148148148,0.1691721624985766,True,0.3531910759746402
close_vs_ema240__w240__q25,close_vs_ema240,108,-0.008110988688982886,-0.003310886253408777,-0.004800102435574107,-0.010724945669062435,-0.13302097377361938,0.13302097377361938,WINNER_LOW,0.5833333333333334,0.16972931649590914,False,0.35414285190107053
taker_share__w24__q90,taker_share,108,0.554578959941864,0.5573268695561974,-0.002747909614333401,-0.002090799808502186,-0.1328653908808244,0.1328653908808244,WINNER_LOW,0.5648148148148148,0.1702246832792453,False,0.35496464962881386
avg_trade_quote_rel240__w72__q75,avg_trade_quote_rel240,108,1.1674125558800168,1.1925444777365084,-0.02513192185649166,-0.05608667135238643,-0.13271202282546118,0.13271202282546118,WINNER_LOW,0.6018518518518519,0.1707140727418969,False,0.35577301095257063
rebound_low240__w72__q10,rebound_low240,108,0.06680105591658503,0.07615205174467216,-0.00935099582808713,-0.019602963235229254,-0.1326621047196889,0.1326621047196889,WINNER_LOW,0.6296296296296297,0.17087358914073303,False,0.3558933539161068
close_vs_sma240__w72__diff_std,close_vs_sma240,108,0.00563412239662958,0.0053956647360421444,0.00023845766058743553,0.00015108983498066672,0.13259232913446367,0.13259232913446367,WINNER_HIGH,0.5555555555555556,0.17109675102861482,True,0.3561460347303964
close_vs_ema6__w240__q90,close_vs_ema6,108,0.00585638620045588,0.005571869574918377,0.0002845166255375025,-4.0623825043439865e-05,0.13244808542158248,0.13244808542158248,WINNER_HIGH,0.5,0.17155878443813757,False,0.35689534157059316
quote_volume_rel24__w24__late_vs_prev,quote_volume_rel24,108,0.2239040255770777,0.37510890411730446,-0.1512048785402267,-0.004435039311647404,-0.13218820290184602,0.13218820290184602,WINNER_LOW,0.5,0.17239361500985015,True,0.35841882977969436
mfi14__w240__q10,mfi14,108,27.73764009828921,28.526520704340054,-0.7888806060508444,-0.7943981170654286,-0.13208885735327008,0.13208885735327008,WINNER_LOW,0.5370370370370371,0.17271355937577137,False,0.358870657835456
range_pct__w72__z,range_pct,108,1.035512472830575,0.8927005060465523,0.14281196678402244,-0.0694932825863363,0.13199475871713431,0.13199475871713431,WINNER_HIGH,0.5370370370370371,0.17301702098691335,True,0.35928772113493823
quote_volume_rel72__w240__up_share,quote_volume_rel72,108,0.47121913565529716,0.47445215764972903,-0.0032330219944318125,-0.0045833319425582775,-0.13195088050525344,0.13195088050525344,WINNER_LOW,0.5555555555555556,0.17315866330671023,True,0.3593684543522645
adx14__w240__q90,adx14,108,44.27475145128038,43.0302464167277,1.24450503455268,1.4673465728759751,0.13184566592365005,0.13184566592365005,WINNER_HIGH,0.5370370370370371,0.1734986623101095,False,0.35974780989368144
stoch_k__w72__late_vs_prev,stoch_k,108,-7.056605073381905,-9.58603924245194,2.529434169070036,1.2878531932830808,0.13183065868948135,0.13183065868948135,WINNER_HIGH,0.5092592592592593,0.17354719911084948,True,0.35974780989368144
close_vs_ema48__w72__accel,close_vs_ema48,108,-0.017815620198234683,-0.014811616395093518,-0.003004003803141166,-0.002367360098287464,-0.1316974115761811,0.1316974115761811,WINNER_LOW,0.5555555555555556,0.1739786018435158,True,0.3602150211052544
close_vs_ema48__w240__accel,close_vs_ema48,108,-0.017815620198234683,-0.014811616395093518,-0.003004003803141166,-0.002367360098287464,-0.1316974115761811,0.1316974115761811,WINNER_LOW,0.5555555555555556,0.1739786018435158,True,0.3602150211052544
volume_rel24__w24__late_vs_prev,volume_rel24,108,0.23725846107980167,0.3947524173530163,-0.1574939562732147,-0.009723986871540542,-0.131636456992047,0.131636456992047,WINNER_LOW,0.5,0.17417621984448703,True,0.3602591471580953
avg_trade_quote_rel72__w24__q25,avg_trade_quote_rel72,108,0.8816762395479061,0.857140882147683,0.02453535740022306,0.0013498723506927268,0.13162729041974622,0.13162729041974622,WINNER_HIGH,0.5092592592592593,0.17420595305814676,False,0.3602591471580953
close_vs_vwap240__w240__diff_mean,close_vs_vwap240,108,-0.00011317153582610815,-7.458456770040001e-05,-3.858696812570812e-05,-8.438782606390305e-05,-0.13152786451132503,0.13152786451132503,WINNER_LOW,0.5833333333333334,0.17452870357454592,True,0.36071328392446045
ema6_slope_3h__w24__q75,ema6_slope_3h,108,0.002050908438529101,0.0016475694718823038,0.0004033389666467977,7.882415920903443e-05,0.13143621818152643,0.13143621818152643,WINNER_HIGH,0.5277777777777778,0.17482660126586425,False,0.3609288917726873
quote_volume_rel72__w24__q75,quote_volume_rel72,108,1.821308340187426,1.6905354222765676,0.13077291791085843,-0.20072197914123535,0.13142979690147766,0.13142979690147766,WINNER_HIGH,0.5925925925925926,0.17484748814657475,False,0.3609288917726873
stoch_k__w24__up_share,stoch_k,108,0.465663582638458,0.4543209901010549,0.011342592537403107,0.008333337306976302,0.13140054636591944,0.13140054636591944,WINNER_HIGH,0.5462962962962963,0.1749426570073506,True,0.3609288917726873
avg_trade_quote_rel240__w72__mean,avg_trade_quote_rel240,108,1.015590172123026,1.0350665235960925,-0.01947635147306655,-0.043104135990142844,-0.1312938973560053,0.1312938973560053,WINNER_LOW,0.6203703703703703,0.1752899798092586,False,0.3614322284156706
ema_gap_72_168__w72__delta,ema_gap_72_168,108,-0.0006563413707125518,-0.002516486174284149,0.0018601448035715973,0.0011826945235952732,0.13125241144530636,0.13125241144530636,WINNER_HIGH,0.5462962962962963,0.17542522743325614,True,0.36149794951920844
obv_delta__w24__diff_std,obv_delta,108,2773.751670272262,2574.2313356752743,199.52033459698717,-29.85739746093759,0.13118175786601402,0.13118175786601402,WINNER_HIGH,0.5185185185185185,0.17565574584640492,True,0.3617598016636502
close_vs_vwap240__w24__q75,close_vs_vwap240,108,0.014150099521093243,0.020322667277543113,-0.006172567756449873,-0.004727132851257922,-0.13109236443664304,0.13109236443664304,WINNER_LOW,0.5555555555555556,0.17594773420390267,False,0.36214786728137005
rsi6__w24__min,rsi6,108,21.304204680301524,20.595889217323723,0.7083154629777977,0.5071499347686768,0.13095691145250427,0.13095691145250427,WINNER_HIGH,0.5462962962962963,0.17639086741267138,False,0.36283977640584975
atr72_pct__d12,atr72_pct,108,0.00035104630931662677,0.00023071586164894175,0.00012033044766768501,0.00014101924025453628,0.1309262144038977,0.1309262144038977,WINNER_HIGH,0.5833333333333334,0.17649140968440102,True,0.36283977640584975
dist_high72__w24__max,dist_high72,108,-0.02004464015214285,-0.017298104469256628,-0.002746535682886222,0.0015975626534782345,-0.13085577208067084,0.13085577208067084,WINNER_LOW,0.5462962962962963,0.17672229368739784,False,0.3631009759252822
volume_rel72__w24__delta,volume_rel72,108,1.1851842980573162,0.9252910521209103,0.2598932459364058,0.12684698151424517,0.13074420883553886,0.13074420883553886,WINNER_HIGH,0.5277777777777778,0.17708842381358533,True,0.3636319392780169
avg_trade_quote_rel24__w240__std,avg_trade_quote_rel24,108,0.2607836875098723,0.2652161540532554,-0.004432466543383065,-0.003932483494281769,-0.13071368932010444,0.13071368932010444,WINNER_LOW,0.6203703703703703,0.17718868302251667,False,0.3636319392780169
body_pct__w24__z,body_pct,108,-1.1700380264859025,-1.1038933087522982,-0.06614471773360425,-0.06307177231647075,-0.13062492367620343,0.13062492367620343,WINNER_LOW,0.5648148148148148,0.17748052942689474,True,0.36373644085984874
close_vs_ema240__w24__q25,close_vs_ema240,108,0.00048274556455133415,0.006024126659300506,-0.005541381094749172,-0.006655311700887978,-0.13061215076286128,0.13061215076286128,WINNER_LOW,0.5740740740740741,0.17752255446156678,False,0.36373644085984874
rsi6__d12,rsi6,108,-24.14641510502056,-21.89117903001175,-2.255236075008806,-3.6718744277954105,-0.13060331027122848,0.13060331027122848,WINNER_LOW,0.6018518518518519,0.17755164556698935,True,0.36373644085984874
avg_trade_quote_rel24__w72__late_vs_prev,avg_trade_quote_rel24,108,-0.004957593691869988,0.024031430525549995,-0.028989024217419987,0.00033469954505562817,-0.13051389642552966,0.13051389642552966,WINNER_LOW,0.5,0.17784607902797323,True,0.36412631051570393
rebound_low24__w24__pos,rebound_low24,108,0.16234026951672234,0.18565544717798563,-0.023315177661263276,-0.03043791726231577,-0.1304568475144893,0.1304568475144893,WINNER_LOW,0.6388888888888888,0.1780341295753888,True,0.36423757104352195
quote_volume_rel24__w24__q10,quote_volume_rel24,108,0.6072477415479995,0.5822997807904526,0.024947960757546947,0.0168459415435791,0.13043179966869392,0.13043179966869392,WINNER_HIGH,0.5555555555555556,0.1781167422860247,False,0.36423757104352195
lower_wick__w72__diff_std,lower_wick,108,0.3051453505953153,0.3094052178164323,-0.004259867221117021,-0.004729115962982172,-0.13040265843264684,0.13040265843264684,WINNER_LOW,0.5185185185185185,0.17821289220916958,True,0.36423757104352195
close_vs_sma24__w72__up_share,close_vs_sma24,108,0.48225308816742013,0.4753086427847545,0.0069444453826657026,0.009722220897674577,0.13026694835326572,0.13026694835326572,WINNER_HIGH,0.6018518518518519,0.17866117625139144,True,0.3649198839839247
volume_rel24__w240__pos,volume_rel24,108,0.24499601449093056,0.2228861537356688,0.02210986075526172,-0.002566873747855424,0.13023844543872126,0.13023844543872126,WINNER_HIGH,0.5185185185185185,0.17875543644966058,True,0.3649198839839247
ema6_slope_3h__w24__q10,ema6_slope_3h,108,-0.006857843972690497,-0.006269381597961978,-0.0005884623747285197,0.00011867585126310574,-0.13016309253349118,0.13016309253349118,WINNER_LOW,0.5370370370370371,0.17900481198550688,False,0.3652157686775482
close_vs_sma240__w24__mean,close_vs_sma240,108,0.0061819781260931414,0.012938917532112638,-0.006756939406019496,-0.005315638208412565,-0.12977534018562642,0.12977534018562642,WINNER_LOW,0.5555555555555556,0.18029220333932372,False,0.3676278921735365
cci20__w72__accel,cci20,108,-156.2327163638892,-126.34082524853723,-29.891891115351953,-31.017046809196472,-0.1296260792882314,0.1296260792882314,WINNER_LOW,0.5648148148148148,0.1807896251219584,True,0.36821276590069224
cci20__w240__accel,cci20,108,-156.2327163638892,-126.34082524853723,-29.891891115351953,-31.017046809196472,-0.1296260792882314,0.1296260792882314,WINNER_LOW,0.5648148148148148,0.1807896251219584,True,0.36821276590069224
ema_gap_72_168__w72__q75,ema_gap_72_168,108,0.0068377435265776715,0.009263031763677846,-0.0024252882371001766,-0.001325701351743191,-0.12955289043350465,0.12955289043350465,WINNER_LOW,0.5555555555555556,0.18103390908073583,False,0.3684956810566549
close_vs_vwap240__w24__max,close_vs_vwap240,108,0.022390205659138265,0.02837780145012032,-0.005987595790982057,-0.005916023650206626,-0.1295148105740267,0.1295148105740267,WINNER_LOW,0.6111111111111112,0.18116110725844928,False,0.3685400768369966
close_vs_vwap72__w72__q75,close_vs_vwap72,108,0.014709425682937123,0.012422380211285567,0.002287045471651557,0.0031775155570358034,0.1294358759051961,0.1294358759051961,WINNER_HIGH,0.5462962962962963,0.1814249870241126,False,0.36886231373448947
stoch_d__w72__std,stoch_d,108,22.803893521980005,23.20792855686611,-0.40403503488611275,-0.134256267547606,-0.12939608987537812,0.12939608987537812,WINNER_LOW,0.5370370370370371,0.1815581019083976,False,0.36891846738737155
cci20__w72__min,cci20,108,-260.893027694137,-270.848141281693,9.955113587556061,18.512037658691412,0.12926161596165994,0.12926161596165994,WINNER_HIGH,0.6018518518518519,0.18200856464595572,False,0.36961901891225735
close_vs_vwap240__w240__delta,close_vs_vwap240,108,-0.026844844440886476,-0.017694407887640613,-0.009150436553245865,-0.02205858544912189,-0.1291409299720652,0.1291409299720652,WINNER_LOW,0.5833333333333334,0.18241355574391202,True,0.3700599970579492
rsi6__w240__diff_std,rsi6,108,10.376565359256885,10.418700693271777,-0.04213533401489257,-0.04203758239746058,-0.12912634840047882,0.12912634840047882,WINNER_LOW,0.5648148148148148,0.18246253358843145,True,0.3700599970579492
close_vs_vwap72__w24__q90,close_vs_vwap72,108,0.012025386439172845,0.009419533425372923,0.002605853013799922,0.002121169259771704,0.12910234541802587,0.12910234541802587,WINNER_HIGH,0.5740740740740741,0.182543178417204,False,0.3700599970579492
rebound_low72__w240__q25,rebound_low72,108,0.024224337975115137,0.025838057336362973,-0.0016137193612478394,-0.0017684997059404847,-0.1290203626350325,0.1290203626350325,WINNER_LOW,0.5833333333333334,0.1828188249165433,False,0.3704040734259281
ema_gap_72_168__w72__diff_mean,ema_gap_72_168,108,-8.753465560099963e-06,-3.438410582774581e-05,2.5630640267645838e-05,1.6917079665290655e-05,0.12895449379092191,0.12895449379092191,WINNER_HIGH,0.5462962962962963,0.18304051892784476,True,0.37059476411796916
macd_pct__w240__max,macd_pct,108,0.012699362019904785,0.011948950184267703,0.0007504118356370816,9.769112803041918e-05,0.12892944051991176,0.12892944051991176,WINNER_HIGH,0.5092592592592593,0.18312489345034336,False,0.37059476411796916
avg_trade_quote_rel24__w240__pos,avg_trade_quote_rel24,108,0.4135583533595006,0.43527915532942174,-0.021720801969921148,-0.02147853355854748,-0.12887887272121012,0.12887887272121012,WINNER_LOW,0.5925925925925926,0.1832952849447741,True,0.37072505000108447
atr6_pct__w240__q25,atr6_pct,108,0.0052188280797391025,0.0050559863870687505,0.00016284169267035187,9.54875722527504e-05,0.12884092512608888,0.12884092512608888,WINNER_HIGH,0.5370370370370371,0.18342323005943448,False,0.3707435355404475
atr24_pct__w72__up_share,atr24_pct,108,0.49228395328477575,0.4802211911314064,0.012062762153369409,0.022222211956977822,0.12879811226168678,0.12879811226168678,WINNER_HIGH,0.5925925925925926,0.1835676595828031,True,0.3707435355404475
close_vs_sma168__w24__z,close_vs_sma168,108,-1.7059066322528653,-1.7887826922168542,0.08287605996398878,-0.004000139236450151,0.12878186937720415,0.12878186937720415,WINNER_HIGH,0.5092592592592593,0.18362247742523735,True,0.3707435355404475
abs_body_pct__w72__diff_std,abs_body_pct,108,0.005073816905712226,0.004861644438157477,0.0002121724675547469,0.0001583136152476074,0.12864270414135312,0.12864270414135312,WINNER_HIGH,0.5740740740740741,0.18409264796368252,True,0.37140082396407725
avg_trade_quote_rel240__d3,avg_trade_quote_rel240,108,0.10371752050532787,0.06459611565633505,0.039121404848992826,0.04449106547981501,0.12862266300755745,0.12862266300755745,WINNER_HIGH,0.5370370370370371,0.18416043144229624,True,0.37140082396407725
range_pct__d1,range_pct,108,0.0038807197188698746,0.0027203098250782676,0.0011604098937916072,0.00028666062862612327,0.12836122437397943,0.12836122437397943,WINNER_HIGH,0.5370370370370371,0.1850463911720169,True,0.3729724668176041
dist_high240__w24__late_vs_prev,dist_high240,108,-0.008306800627906341,-0.007544970401512628,-0.0007618302263937141,4.872663994319741e-05,-0.1280294454324436,0.1280294454324436,WINNER_LOW,0.5,0.18617531811510898,True,0.3750317324012305
lower_wick__w24__z,lower_wick,108,-0.32700733178191715,-0.22269544119653467,-0.1043118905853825,-0.16285944432020186,-0.1278404943769634,0.1278404943769634,WINNER_LOW,0.6388888888888888,0.18682055484837237,True,0.37611484185651023
lower_wick__w24__late_vs_prev,lower_wick,108,0.012195600371881112,-0.003603014074235909,0.015798614446117028,0.01832863260060549,0.12769672113074798,0.12769672113074798,WINNER_HIGH,0.5648148148148148,0.18731263792181635,True,0.3768885470728376
rebound_low72__w240__diff_std,rebound_low72,108,0.006038527532601384,0.005839876582225166,0.0001986509503762203,0.00013515416067093615,0.1275912562077599,0.1275912562077599,WINNER_HIGH,0.5277777777777778,0.1876742222549909,True,0.37739893917521744
volume_rel24__w72__max,volume_rel24,108,6.476710968547398,6.932489212354026,-0.45577824380662696,-1.0979387521743775,-0.12754716791999274,0.12754716791999274,WINNER_LOW,0.6574074074074074,0.18782553280770475,False,0.37748614266008246
avg_trade_quote_rel24__w240__delta,avg_trade_quote_rel24,108,0.053706973885979364,0.10595236739771081,-0.05224539351173142,-0.004323714599013328,-0.1274654833103534,0.1274654833103534,WINNER_LOW,0.5092592592592593,0.18810611480329087,True,0.3778329026232672
volume_rel72__w24__mean,volume_rel72,108,1.5387602291173406,1.4339771279030373,0.10478310121430293,-0.12157583236694336,0.12723392732449912,0.12723392732449912,WINNER_HIGH,0.6111111111111112,0.18890320093723467,False,0.37884096818319585
taker_share__w24__diff_std,taker_share,108,0.07481756761532139,0.07697917988730801,-0.0021616122719866266,-0.0034026909619569792,-0.12723105119498695,0.12723105119498695,WINNER_LOW,0.5740740740740741,0.18891311730455046,True,0.37884096818319585
close_vs_ema72__w72__accel,close_vs_ema72,108,-0.018675403975841484,-0.015737230752434966,-0.002938173223406516,-0.0017117033014073966,-0.12719387816489552,0.12719387816489552,WINNER_LOW,0.5277777777777778,0.18904131812401392,True,0.37884096818319585
close_vs_ema72__w240__accel,close_vs_ema72,108,-0.018675403975841484,-0.015737230752434966,-0.002938173223406516,-0.0017117033014073966,-0.12719387816489552,0.12719387816489552,WINNER_LOW,0.5277777777777778,0.18904131812401392,True,0.37884096818319585
trades_rel24__w240__q10,trades_rel24,108,0.5745483614780285,0.569590145404692,0.004958216073336418,0.002806398272514332,0.12707485935018684,0.12707485935018684,WINNER_HIGH,0.5555555555555556,0.189452222829791,False,0.3794469777982698
rebound_low240__w24__delta,rebound_low240,108,-0.019720544516463566,-0.022887435517432348,0.003166891000968782,0.0026697747060097756,0.1269420887813068,0.1269420887813068,WINNER_HIGH,0.5648148148148148,0.18991139179973182,True,0.3801489050507511
obv_delta__w240__diff_std,obv_delta,108,2965.4483043529367,2851.0817839445895,114.36652040834781,55.054638671874955,0.1267780247203052,0.1267780247203052,WINNER_HIGH,0.5370370370370371,0.19047993281904754,True,0.3810688358513783
close_vs_ema168__w72__mean,close_vs_ema168,108,0.005533291623292085,0.00977917553049068,-0.004245883907198598,-0.008671439062891296,-0.12667552496057474,0.12667552496057474,WINNER_LOW,0.5740740740740741,0.1908357758318422,False,0.38150264113123156
stoch_k__d1,stoch_k,108,-10.086879420232165,-11.46948045115504,1.382601030922874,1.0928471326827998,0.1266527349891279,0.1266527349891279,WINNER_HIGH,0.5648148148148148,0.19091496196158284,True,0.38150264113123156
close_vs_vwap24__w72__diff_mean,close_vs_vwap24,108,-0.0002646837384519232,-0.00023554618416438995,-2.9137554287533226e-05,-6.0228783695493e-06,-0.1263173529575597,0.1263173529575597,WINNER_LOW,0.5185185185185185,0.19208311932776076,True,0.3836177431691487
close_vs_sma24__w24__q10,close_vs_sma24,108,-0.01380453998425074,-0.01237047248390371,-0.0014340675003470303,0.0005264152307063344,-0.1261852424703337,0.1261852424703337,WINNER_LOW,0.5462962962962963,0.19254472903336378,False,0.3843201583502701
avg_trade_quote_rel72__d3,avg_trade_quote_rel72,108,0.10295006082203516,0.06493092681555061,0.03801913400648455,0.03942508921027184,0.12608534215053863,0.12608534215053863,WINNER_HIGH,0.5555555555555556,0.19289434124052077,True,0.38479835214951574
atr72_pct__w240__late_vs_prev,atr72_pct,108,-1.8734609949643965e-05,0.0003289823519952296,-0.00034771696194487345,-0.0004855907915043645,-0.12601036882076222,0.12601036882076222,WINNER_LOW,0.5648148148148148,0.19315702922520503,True,0.38510269737773206
atr14_pct__w72__diff_mean,atr14_pct,108,1.4480023569387026e-05,5.69959444625041e-06,8.780429123136613e-06,1.0610561912471893e-05,0.12584654136556583,0.12584654136556583,WINNER_HIGH,0.6018518518518519,0.1937319672918865,True,0.3858703712394045
rebound_low24__w240__max,rebound_low24,108,0.07783461496647862,0.07424770578466079,0.0035869091818178135,-0.001579038426280023,0.12574235927055358,0.12574235927055358,WINNER_HIGH,0.5092592592592593,0.19409824741474543,False,0.3858703712394045
rsi6__w72__accel,rsi6,108,-23.31581849741094,-18.70585370850232,-4.609964788908623,-8.655893552303315,-0.1257356257827418,0.1257356257827418,WINNER_LOW,0.6018518518518519,0.19412193852088197,True,0.3858703712394045
rsi6__w240__accel,rsi6,108,-23.31581849741094,-18.70585370850232,-4.609964788908623,-8.655893552303315,-0.1257356257827418,0.1257356257827418,WINNER_LOW,0.6018518518518519,0.19412193852088197,True,0.3858703712394045
close_vs_ema24__w24__up_share,close_vs_ema24,108,0.451003087753499,0.44035493979851403,0.010648147954984947,0.016666662693023693,0.12572837839079146,0.12572837839079146,WINNER_HIGH,0.5648148148148148,0.19414744015244703,True,0.3858703712394045
trades_rel240__w24__diff_std,trades_rel240,108,0.7688749616068823,0.7021223087553624,0.06675265285151975,-0.03076246678829192,0.1257113540083262,0.1257113540083262,WINNER_HIGH,0.5740740740740741,0.1942073542035607,True,0.3858703712394045
ema24_slope_6h__w240__z,ema24_slope_6h,108,-0.7281971339360569,-0.8222244808226135,0.09402734688655645,0.11401136890053748,0.12568092534252373,0.12568092534252373,WINNER_HIGH,0.5740740740740741,0.19431447633760118,True,0.3858703712394045
quote_volume_rel24__w240__diff_std,quote_volume_rel24,108,1.1128705706861284,1.143882612828855,-0.031012042142726754,-0.04643772244453426,-0.12562118709456369,0.12562118709456369,WINNER_LOW,0.5555555555555556,0.1945249088366301,True,0.3858747079501261
ema24_slope_6h__w240__q90,ema24_slope_6h,108,0.00737039065872388,0.00689175924074974,0.00047863141797413987,0.00010608844459056863,0.125617656993231,0.125617656993231,WINNER_HIGH,0.5092592592592593,0.19453734918961177,False,0.3858747079501261
close_vs_sma168__w72__accel,close_vs_sma168,108,-0.020326974149611488,-0.017404194921713228,-0.002922779227898259,-0.0011683171149343254,-0.12546028150557653,0.12546028150557653,WINNER_LOW,0.5185185185185185,0.19509255431618008,True,0.38653748580378566
close_vs_sma168__w240__accel,close_vs_sma168,108,-0.020326974149611488,-0.017404194921713228,-0.002922779227898259,-0.0011683171149343254,-0.12546028150557653,0.12546028150557653,WINNER_LOW,0.5185185185185185,0.19509255431618008,True,0.38653748580378566
rebound_low240__w72__late_vs_prev,rebound_low240,108,-0.0029269211507333376,-0.005543644273907206,0.0026167231231738696,0.0019136084127239885,0.12528563518080763,0.12528563518080763,WINNER_HIGH,0.5925925925925926,0.19571006775900673,True,0.3875413969157681
upper_wick__w72__max,upper_wick,108,0.8249042690904053,0.8128027758112663,0.012101493279139208,0.016585928201675426,0.12521962365017902,0.12521962365017902,WINNER_HIGH,0.5462962962962963,0.19594384888956504,False,0.3877847422562586
close_vs_ema12__w24__q75,close_vs_ema12,108,0.0028843310556112556,0.0022380425046085966,0.0006462885510026589,0.00022249641478993003,0.12513349416046196,0.12513349416046196,WINNER_HIGH,0.5462962962962963,0.196249190115893,False,0.38804625191982944
dist_high72__w240__q75,dist_high72,108,-0.015267978961303554,-0.014218546748506249,-0.001049432212797304,0.00046785138547420467,-0.1250888667677801,0.1250888667677801,WINNER_LOW,0.5277777777777778,0.1964075395043184,False,0.38804625191982944
abs_body_pct__w72__delta,abs_body_pct,108,0.00463753078528418,0.003852649165447407,0.0007848816198367735,0.0014272259082645177,0.1250884880816586,0.1250884880816586,WINNER_HIGH,0.6388888888888888,0.19640888358538694,True,0.38804625191982944
close_location__w72__mean,close_location,108,0.5110828953760641,0.5076220311500409,0.0034608642260233603,0.00516554117202761,0.12485107833981479,0.12485107833981479,WINNER_HIGH,0.5925925925925926,0.19725287399122957,False,0.38949367608544877
stoch_d__w240__pos,stoch_d,108,0.25248469008106944,0.23911446410886666,0.013370225972202778,0.012541003199294212,0.12479756245852118,0.12479756245852118,WINNER_HIGH,0.5277777777777778,0.1974434939433775,True,0.38952744072476336
trades_rel240__w72__q10,trades_rel240,108,0.6118325196482517,0.5915964086298588,0.020236111018392778,-0.007218715548515331,0.1247837397749544,0.1247837397749544,WINNER_HIGH,0.5185185185185185,0.19749275161710192,False,0.38952744072476336
close_vs_vwap240__w24__pos,close_vs_vwap240,108,0.12525681932284324,0.10915139576520436,0.0161054235576389,0.0,0.12461516594538581,0.12461516594538581,WINNER_HIGH,0.4351851851851852,0.19809420501641126,True,0.39012249757490475
trades_rel24__d24,trades_rel24,108,0.6915172579271408,0.5439877389192892,0.1475295190078517,0.14938005171716212,0.12460539051109536,0.12460539051109536,WINNER_HIGH,0.5648148148148148,0.198129124353026,True,0.39012249757490475
trades_rel24__w24__diff_mean,trades_rel24,108,0.02881321909444523,0.022666155813459668,0.006147063280985567,0.006224167993059382,0.12460538988428602,0.12460538988428602,WINNER_HIGH,0.5648148148148148,0.1981291265922307,True,0.39012249757490475
avg_trade_quote_rel24__w24__late_vs_prev,avg_trade_quote_rel24,108,-0.009435836942295148,0.018556590836400298,-0.027992427778695445,-0.03925150884315372,-0.12452442663218116,0.12452442663218116,WINNER_LOW,0.5833333333333334,0.19841851514790015,True,0.39047245215093235
close_vs_ema168__w24__delta,close_vs_ema168,108,-0.0228249326049721,-0.020704089187913475,-0.00212084341705863,-0.0005561843514442447,-0.12444616284330194,0.12444616284330194,WINNER_LOW,0.5277777777777778,0.1986985527743788,True,0.3908036215140623
macd_signal_pct__w72__accel,macd_signal_pct,108,-0.0014445442655296912,-0.002216135671895043,0.0007715914063653516,0.0007556388212833553,0.1241419735931403,0.1241419735931403,WINNER_HIGH,0.5555555555555556,0.19978976265486528,True,0.39189455349354185
macd_signal_pct__w240__accel,macd_signal_pct,108,-0.0014445442655296912,-0.002216135671895043,0.0007715914063653516,0.0007556388212833553,0.1241419735931403,0.1241419735931403,WINNER_HIGH,0.5555555555555556,0.19978976265486528,True,0.39189455349354185
rebound_low240__w240__max,rebound_low240,108,0.1731983112792174,0.16235354257816517,0.010844768701052224,-0.00024434514343738695,0.12413134061509609,0.12413134061509609,WINNER_HIGH,0.5,0.1998279861768454,False,0.39189455349354185
adx14__d12,adx14,108,0.5511051894864067,1.6029626341312435,-1.0518574446448365,-1.0343880213797094,-0.12410502173368504,0.12410502173368504,WINNER_LOW,0.5462962962962963,0.19992262081425946,True,0.39189455349354185
close_vs_vwap240__w72__diff_std,close_vs_vwap240,108,0.005620036616973165,0.0054001539009968175,0.00021988271597634862,0.00017946353182196617,0.1240783713628199,0.1240783713628199,WINNER_HIGH,0.5555555555555556,0.20001848120125462,True,0.39189455349354185
lower_wick__w24__std,lower_wick,108,0.21558424637273507,0.21190134939496164,0.00368289697777342,0.004248382151126856,0.12403657994587267,0.12403657994587267,WINNER_HIGH,0.5555555555555556,0.2001688718923384,False,0.39189455349354185
dist_high72__w240__max,dist_high72,108,-0.0009366373877880212,-0.0007970392595148284,-0.00013959812827319293,2.6859814533963805e-05,-0.12401702583517557,0.12401702583517557,WINNER_LOW,0.5,0.2002392681051066,False,0.39189455349354185
atr6_pct__d6,atr6_pct,108,0.002329583308285995,0.0018206852825136998,0.0005088980257722951,0.00026968981837853794,0.12401557421612926,0.12401557421612926,WINNER_HIGH,0.5462962962962963,0.20024449476941197,True,0.39189455349354185
stoch_d__w72__delta,stoch_d,108,-25.344124268602442,-29.014688149149773,3.6705638805473284,4.761659431457519,0.12401076400774305,0.12401076400774305,WINNER_HIGH,0.5925925925925926,0.20026181501085483,True,0.39189455349354185
trades_rel240__w240__up_share,trades_rel240,108,0.4635416661147718,0.460023147419647,0.003518518695124873,0.004583325982093822,0.12385667624643418,0.12385667624643418,WINNER_HIGH,0.5185185185185185,0.20081722975419022,True,0.3927616624442971
atr72_pct__w240__up_share,atr72_pct,108,0.47696759303410846,0.4683641951945093,0.00860339783959919,0.003333339095115656,0.12380131386203298,0.12380131386203298,WINNER_HIGH,0.5277777777777778,0.20101706350567447,True,0.39293273956363534
obv_delta__w24__pos,obv_delta,108,0.2612806709388409,0.2870017499121821,-0.02572107897334111,-0.030670408904552485,-0.1237672661720031,0.1237672661720031,WINNER_LOW,0.5462962962962963,0.20114003366656763,True,0.3929534624201045
bb_width__w240__late_vs_prev,bb_width,108,3.582372435765272e-05,-0.0023399907974601735,0.0023758145218178263,0.003102000268700067,0.12330563823279805,0.12330563823279805,WINNER_HIGH,0.5740740740740741,0.20281279247134823,True,0.3960001871983835
atr14_pct__w72__q25,atr14_pct,108,0.006150930168115775,0.005875431960103687,0.0002754982080120869,0.00021812347695231464,0.12304276595131158,0.12304276595131158,WINNER_HIGH,0.5462962962962963,0.20376991899553784,False,0.39760518216981655
cci20__w24__z,cci20,108,-1.3488175778615255,-1.2673996814819812,-0.08141789637954425,-0.2079986333847046,-0.12301747113743239,0.12301747113743239,WINNER_LOW,0.5833333333333334,0.20386219377480158,True,0.39760518216981655
close_vs_vwap72__w72__max,close_vs_vwap72,108,0.031554766262194826,0.028818517786674894,0.0027362484755199313,6.36690529063344e-05,0.12297374148415229,0.12297374148415229,WINNER_HIGH,0.5,0.2040217910702265,False,0.39769465070935456
mfi14__w240__z,mfi14,108,-0.8127004301037501,-0.89355003450635,0.08084960440259979,0.08340564370155334,0.12293842155866302,0.12293842155866302,WINNER_HIGH,0.5277777777777778,0.20415076321516365,True,0.39772435596848316
close_vs_vwap24__w240__q75,close_vs_vwap24,108,0.008901455176614777,0.008336393340249305,0.0005650618363654724,1.577986404299736e-05,0.12287388840071241,0.12287388840071241,WINNER_HIGH,0.5,0.2043865640095368,False,0.3979620347112195
close_vs_ema48__w240__pos,close_vs_ema48,108,0.32574955258449473,0.30094292816809487,0.02480662441639989,0.020417429693043238,0.12280072934065907,0.12280072934065907,WINNER_HIGH,0.5462962962962963,0.20465412631656793,True,0.39826125750085595
macd_pct__w240__z,macd_pct,108,-0.6454886517452972,-0.7599732643487018,0.11448461260340456,0.15614552088081837,0.12274656214459746,0.12274656214459746,WINNER_HIGH,0.5648148148148148,0.2048523966545251,True,0.39842537881027484
close_vs_ema168__w240__max,close_vs_ema168,108,0.06251179336632723,0.05790789612499929,0.004603897241327947,0.0026791468262672424,0.12267114385102461,0.12267114385102461,WINNER_HIGH,0.5555555555555556,0.20512868906638143,False,0.39874098147033676
stoch_k__w240__max,stoch_k,108,99.50936762491862,99.60468765541361,-0.09532003049497251,0.16487731933593608,-0.12244230369556756,0.12244230369556756,WINNER_LOW,0.5833333333333334,0.2059687186068271,False,0.4000523107919201
ema_gap_6_24__w240__pos,ema_gap_6_24,108,0.3446327340616672,0.32053447786839334,0.02409825619327388,0.015164870023727406,0.12242506857141507,0.12242506857141507,WINNER_HIGH,0.5277777777777778,0.20603208800007095,True,0.4000523107919201
close_vs_vwap240__w24__delta,close_vs_vwap240,108,-0.022901377614255546,-0.02089759991786196,-0.0020037776963935925,-0.0009793481323868043,-0.12230628131869632,0.12230628131869632,WINNER_LOW,0.5462962962962963,0.20646923068893167,True,0.40027717423136366
avg_trade_quote_rel240__w72__q10,avg_trade_quote_rel240,108,0.7215487874216504,0.7358716109284649,-0.014322823506814464,-0.01519868373870853,-0.12229543355177543,0.12229543355177543,WINNER_LOW,0.5648148148148148,0.20650918498788853,False,0.40027717423136366
rebound_low72__w72__diff_std,rebound_low72,108,0.005947070213517657,0.005704598904897769,0.00024247130861988777,5.302776116877794e-05,0.12227509882076137,0.12227509882076137,WINNER_HIGH,0.5370370370370371,0.2065840968386838,True,0.40027717423136366
cci20__w240__q90,cci20,108,141.34229928475838,144.12093621713146,-2.778636932373047,-1.1512481689453153,-0.1222692227490493,0.1222692227490493,WINNER_LOW,0.5370370370370371,0.20660574763729236,False,0.40027717423136366
avg_trade_quote_rel24__w72__q10,avg_trade_quote_rel24,108,0.7327182988325754,0.741093925083125,-0.008375626250549606,-0.0038803815841674805,-0.12222288751777487,0.12222288751777487,WINNER_LOW,0.5092592592592593,0.20677653157577291,False,0.4003862297455581
close_vs_ema168__w24__q25,close_vs_ema168,108,-0.0025847771865772774,0.001601121551586268,-0.004185898738163545,-0.005485573830083012,-0.12212456949343181,0.12212456949343181,WINNER_LOW,0.5555555555555556,0.20713925957975826,False,0.4008666246543523
close_vs_vwap24__w72__delta,close_vs_vwap24,108,-0.01913580615924999,-0.016999426406524704,-0.0021363797527252848,0.00019285208545625175,-0.12207209998600464,0.12207209998600464,WINNER_LOW,0.5092592592592593,0.20733302862342193,True,0.40101969087174033
dist_high72__d12,dist_high72,108,-0.01861650913714483,-0.017166939666842778,-0.0014495694703020525,-0.002028150949627161,-0.12196100670647572,0.12196100670647572,WINNER_LOW,0.5833333333333334,0.20774373436833865,True,0.40159195084913224
quote_volume_rel24__w24__up_share,quote_volume_rel24,108,0.482253088719315,0.4913580278555552,-0.00910493913624022,-0.008333328366279591,-0.1218352240777571,0.1218352240777571,WINNER_LOW,0.5555555555555556,0.20820946775816243,True,0.4022506528203173
close_vs_ema48__w240__max,close_vs_ema48,108,0.044252704828977585,0.04167558767453389,0.002577117154443705,0.0008671160787343951,0.1217924350255355,0.1217924350255355,WINNER_HIGH,0.5185185185185185,0.20836807697356807,False,0.4022506528203173
ema_gap_72_168__w24__late_vs_prev,ema_gap_72_168,108,-0.0004763055968160862,-0.0006681703936178732,0.00019186479680178715,5.2726191643159834e-05,0.12176823612426663,0.12176823612426663,WINNER_HIGH,0.5370370370370371,0.20845781606696728,True,0.4022506528203173
abs_body_pct__w72__std,abs_body_pct,108,0.004031412272188054,0.0038523278539758865,0.00017908441821216705,5.7257199659943754e-05,0.12174484390435358,0.12174484390435358,WINNER_HIGH,0.5370370370370371,0.20854459066721054,False,0.4022506528203173
close_vs_ema72__w24__up_share,close_vs_ema72,108,0.4486882729386842,0.43788580403283783,0.010802468905846276,0.024999999999999994,0.12168632267075144,0.12168632267075144,WINNER_HIGH,0.6018518518518519,0.2087617943698066,True,0.4024476267426757
trades_rel24__d1,trades_rel24,108,0.40827407010106576,0.28437313644524825,0.12390093365581752,0.0326684344559908,0.12161530120708165,0.12161530120708165,WINNER_HIGH,0.5370370370370371,0.20902561637025657,True,0.40273420410291305
volume_rel240__w72__q75,volume_rel240,108,1.7414275137362656,1.654927397988461,0.08650011574780497,0.04489968419075008,0.12153723149580967,0.12153723149580967,WINNER_HIGH,0.5370370370370371,0.2093159028739876,False,0.40300905706137735
log_ret__w24__mean,log_ret,108,-0.0008978259602846114,-0.0007832502603935997,-0.00011457569989101165,-1.023761651595121e-05,-0.12151496301481382,0.12151496301481382,WINNER_LOW,0.5185185185185185,0.2093987579869953,False,0.40300905706137735
atr72_pct__w240__q25,atr72_pct,108,0.006440870226705792,0.006267052857826153,0.00017381736887963833,5.330168642103672e-05,0.12140543608496213,0.12140543608496213,WINNER_HIGH,0.5555555555555556,0.20980662925340113,False,0.4034151483091171
close_vs_sma72__w240__z,close_vs_sma72,108,-0.8696471701583101,-0.9950898311241029,0.12544266096579293,0.20720237388741222,0.12132273478113997,0.12132273478113997,WINNER_HIGH,0.5555555555555556,0.21011498986880248,True,0.4034151483091171
close_vs_vwap72__d24,close_vs_vwap72,108,-0.02099385696190573,-0.019260074184731583,-0.0017337827771741479,-0.0023993595954379995,-0.12127046829950551,0.12127046829950551,WINNER_LOW,0.5648148148148148,0.2103100424776478,True,0.4034151483091171
close_vs_vwap72__w24__diff_mean,close_vs_vwap72,108,-0.0008747440383221719,-0.0008025030947113397,-7.224094361083221e-05,-9.997332522289072e-05,-0.12127046047313363,0.12127046047313363,WINNER_LOW,0.5648148148148148,0.2103100716947306,True,0.4034151483091171
volume_rel24__w240__q75,volume_rel24,108,1.599311062583217,1.584528736273448,0.014782326309769247,0.008676791191101096,0.12125633612283804,0.12125633612283804,WINNER_HIGH,0.5277777777777778,0.210362804979787,False,0.4034151483091171
close_vs_ema168__w72__accel,close_vs_ema168,108,-0.019826316984108416,-0.016984907886102584,-0.0028414090980058287,-0.0011794630903750663,-0.12123673855986344,0.12123673855986344,WINNER_LOW,0.5277777777777778,0.21043598858334608,True,0.4034151483091171
close_vs_ema168__w240__accel,close_vs_ema168,108,-0.019826316984108416,-0.016984907886102584,-0.0028414090980058287,-0.0011794630903750663,-0.12123673855986344,0.12123673855986344,WINNER_LOW,0.5277777777777778,0.21043598858334608,True,0.4034151483091171
ema_gap_24_72__w240__mean,ema_gap_24_72,108,0.0018375678790915925,0.0028897172446687796,-0.0010521493655771877,-0.0010949141054879875,-0.1212108640268297,0.1212108640268297,WINNER_LOW,0.5925925925925926,0.21053264102491814,False,0.4034151483091171
ema_gap_72_168__w24__q75,ema_gap_72_168,108,0.004756282540264928,0.006979047707864083,-0.0022227651675991553,-0.004022840698598884,-0.1210736994465786,0.1210736994465786,WINNER_LOW,0.5555555555555556,0.2110455533805318,False,0.4040007020565898
macd_pct__w72__q75,macd_pct,108,0.003615645736553469,0.0031232907712432346,0.0004923549653102344,-7.413225248455993e-05,0.12106735951951915,0.12106735951951915,WINNER_HIGH,0.5092592592592593,0.21106928300182715,False,0.4040007020565898
stoch_k__w24__diff_std,stoch_k,108,16.75220599880925,17.19154713065536,-0.4393411318461099,-0.7142142295837406,-0.12095877317953391,0.12095877317953391,WINNER_LOW,0.6018518518518519,0.21147601303465538,True,0.40455777767078216
range_pct__w72__diff_std,range_pct,108,0.005708721196882565,0.005392386677192039,0.00031633451969052367,8.313616272062055e-05,0.12086910650416918,0.12086910650416918,WINNER_HIGH,0.5462962962962963,0.21181230888855498,True,0.4048357589971676
trades_rel240__w240__mean,trades_rel240,108,1.3450450190791376,1.3136710662532736,0.031373952825864145,0.039014834165573165,0.12085830234797312,0.12085830234797312,WINNER_HIGH,0.5462962962962963,0.21185285643832333,False,0.4048357589971676
taker_share__w72__mean,taker_share,108,0.4909575813346439,0.4897085919976235,0.0012489893370204472,0.0012084275484084972,0.12074339154099384,0.12074339154099384,WINNER_HIGH,0.5555555555555556,0.21228446395823966,False,0.4054389789524654
close_vs_sma24__w72__q25,close_vs_sma24,108,-0.007867021690125748,-0.0069828727780031,-0.0008841489121226479,-0.00020635869586840285,-0.12068670867848894,0.12068670867848894,WINNER_LOW,0.5,0.21249760312888405,False,0.40561805618459407
close_vs_ema72__w240__pos,close_vs_ema72,108,0.33534219343844734,0.3095544370874349,0.02578775635101245,0.012798481434583675,0.12065677904545825,0.12065677904545825,WINNER_HIGH,0.5277777777777778,0.21261020788857904,True,0.40561805618459407
macd_signal_pct__w240__z,macd_signal_pct,108,-0.3400614230087268,-0.47059785226075385,0.1305364292520271,0.12691598534584042,0.12051203397554695,0.12051203397554695,WINNER_HIGH,0.5648148148148148,0.2131554014342143,True,0.40643644428323195
rsi6__w24__std,rsi6,108,14.427397670569244,14.034724700892413,0.39267296967683013,-0.025679683685303267,0.12047069857799578,0.12047069857799578,WINNER_HIGH,0.5,0.21331128211171452,False,0.4064959693185765
quote_volume_rel72__w24__mean,quote_volume_rel72,108,1.5261801125274763,1.430694639130875,0.09548547339660149,-0.11732255220413201,0.120442120554625,0.120442120554625,WINNER_HIGH,0.6203703703703703,0.2134191019928243,False,0.4064959693185765
quote_volume_rel72__w24__diff_std,quote_volume_rel72,108,1.0976030270534534,0.9989361483465743,0.09866687870687908,-0.1083390861749649,0.12022803828124573,0.12022803828124573,WINNER_HIGH,0.5833333333333334,0.21422806563930188,True,0.4078146682311588
stoch_d__w72__late_vs_prev,stoch_d,108,-5.794189230711372,-8.168296570027316,2.374107339315944,1.08364028930664,0.12007536441062461,0.12007536441062461,WINNER_HIGH,0.5555555555555556,0.21480635055942457,True,0.408484853531827
body_pct__w240__max,body_pct,108,0.023058764929710714,0.022101378397740148,0.0009573865319705671,-0.00047534555196762033,0.12004361008472597,0.12004361008472597,WINNER_HIGH,0.5277777777777778,0.2149267700633418,False,0.408484853531827
volume_rel240__w24__accel,volume_rel240,108,1.127228682662395,0.6165971029189812,0.5106315797434136,0.5713158002006822,0.12004261375025062,0.12004261375025062,WINNER_HIGH,0.6018518518518519,0.2149305491846044,True,0.408484853531827
avg_trade_quote_rel72__w24__delta,avg_trade_quote_rel72,108,0.050266298163613235,0.09744263240006855,-0.047176334236455314,-0.013216901570558548,-0.11999210935650685,0.11999210935650685,WINNER_LOW,0.5092592592592593,0.21512217722713567,True,0.40862697108272317
log_ret__w240__max,log_ret,108,0.022768126464345388,0.021836926688060716,0.0009311997762846726,-0.00045675886794924875,0.11968983408425414,0.11968983408425414,WINNER_HIGH,0.5277777777777778,0.21627170582314956,False,0.4105874892853171
stoch_d__w24__q25,stoch_d,108,36.08467576238844,34.24196254765546,1.8427132147329823,0.811539840698245,0.11946911674143,0.11946911674143,WINNER_HIGH,0.5277777777777778,0.21711390425301608,False,0.41196273639327036
close_vs_ema24__w24__q10,close_vs_ema24,108,-0.011620659855570583,-0.010404937126326399,-0.0012157227292441857,0.0006977333861868829,-0.1193924960122804,0.1193924960122804,WINNER_LOW,0.5555555555555556,0.21740682717925014,False,0.4122948344066365
stoch_d__w24__std,stoch_d,108,19.94938396082984,19.190900822039005,0.7584831387908372,0.18576459884643448,0.11930997053224238,0.11930997053224238,WINNER_HIGH,0.5092592592592593,0.2177226463797889,False,0.41246112748710567
obv_delta__w72__mean,obv_delta,108,-95.32301667884543,-132.52240624449868,37.19938956565327,-16.836182069778445,0.11930794313190404,0.11930794313190404,WINNER_HIGH,0.5462962962962963,0.21773040930546098,False,0.41246112748710567
lower_wick__w24__q10,lower_wick,108,0.05204846622810119,0.05693476802326182,-0.004886301795160628,-0.008709258493036033,-0.11922706957374027,0.11922706957374027,WINNER_LOW,0.5833333333333334,0.2180402391454832,False,0.4126179914184699
volume_rel72__d12,volume_rel72,108,1.3051504132993244,1.0738559533781544,0.2312944599211699,0.03377527296543119,0.11922473212465502,0.11922473212465502,WINNER_HIGH,0.5185185185185185,0.21804919878219398,True,0.4126179914184699
close_vs_ema24__w240__pos,close_vs_ema24,108,0.30948294454935454,0.28833713807010397,0.021145806479250528,0.005545209348201741,0.11911113605022404,0.11911113605022404,WINNER_HIGH,0.5185185185185185,0.21848494543760985,True,0.4130154619911869
quote_volume_rel24__w72__up_share,quote_volume_rel24,108,0.4754372446073426,0.4808899201176785,-0.005452675510335854,-0.01111111044883728,-0.11910839842928732,0.11910839842928732,WINNER_LOW,0.5833333333333334,0.2184954545849859,True,0.4130154619911869
rsi14__w240__diff_std,rsi14,108,4.726146821622495,4.7492267414375595,-0.023079919815063504,-0.0010317802429202771,-0.11898573400733348,0.11898573400733348,WINNER_LOW,0.5092592592592593,0.2189667153528665,True,0.413541740919885
obv_delta__w72__std,obv_delta,108,2055.220876057943,1940.6882519757305,114.53262408221208,3.737451171874909,0.1189743778812987,0.1189743778812987,WINNER_HIGH,0.5092592592592593,0.21901038152234115,False,0.413541740919885
close_location__d12,close_location,108,-0.24801736890071038,-0.20719645539022707,-0.04082091351048331,-0.03319431021809577,-0.11893237791649741,0.11893237791649741,WINNER_LOW,0.5277777777777778,0.21917193338087956,True,0.41362344901939335
trades_rel24__w72__up_share,trades_rel24,108,0.4661779839683462,0.4717335399654176,-0.005555555997071444,-0.01111111044883728,-0.11882685673628138,0.11882685673628138,WINNER_LOW,0.6111111111111112,0.21957820089157853,True,0.4141666496860033
avg_trade_quote_rel24__w240__late_vs_prev,avg_trade_quote_rel24,108,0.0009192073196539206,-0.013585951879698162,0.014505159199352084,0.013064101710915564,0.11842436744028419,0.11842436744028419,WINNER_HIGH,0.5370370370370371,0.22113285909968092,True,0.41645703660385597
close_vs_ema240__w72__accel,close_vs_ema240,108,-0.02015141384712209,-0.017354674584871815,-0.002796739262250278,-0.0012741648126393555,-0.1184200027858594,0.1184200027858594,WINNER_LOW,0.5185185185185185,0.2211497617882072,True,0.41645703660385597
close_vs_ema240__w240__accel,close_vs_ema240,108,-0.02015141384712209,-0.017354674584871815,-0.002796739262250278,-0.0012741648126393555,-0.1184200027858594,0.1184200027858594,WINNER_LOW,0.5185185185185185,0.2211497617882072,True,0.41645703660385597
cci20__w24__max,cci20,108,155.49578665031328,143.79316651203013,11.70262013828313,3.347659111022942,0.11838461751774432,0.11838461751774432,WINNER_HIGH,0.5,0.22128683048345818,False,0.41649087524254746
quote_volume_rel24__w24__q75,quote_volume_rel24,108,1.7280185156398349,1.6539516324246373,0.07406688321519779,0.057606744766235396,0.11820299112455433,0.11820299112455433,WINNER_HIGH,0.5370370370370371,0.22199135197683906,False,0.4175921236487392
body_pct__w24__mean,body_pct,108,-0.0008781559105273118,-0.000767908899338939,-0.00011024701118837282,-1.1376896145520774e-05,-0.11807120928756534,0.11807120928756534,WINNER_LOW,0.5185185185185185,0.22250354733339303,False,0.4183305940993954
log_ret__w240__diff_mean,log_ret,108,-3.2213185582042604e-05,-2.8466084243942922e-05,-3.7471013380996755e-06,-3.5872799344360964e-07,-0.11799300837402782,0.11799300837402782,WINNER_LOW,0.5,0.222807895500218,True,0.4186777058378626
abs_body_pct__w72__min,abs_body_pct,108,6.855070542565466e-05,5.753269634746412e-05,1.1018009078190551e-05,-6.680686965410132e-06,0.1179346532375336,0.1179346532375336,WINNER_HIGH,0.5648148148148148,0.2230352031670198,False,0.4188797558942364
close_vs_ema6__w24__max,close_vs_ema6,108,0.007823529762121055,0.007204210943072447,0.0006193188190486076,-0.00032280648592859524,0.11785169648046619,0.11785169648046619,WINNER_HIGH,0.5370370370370371,0.22335862979707685,False,0.4192620120238206
upper_wick__w240__std,upper_wick,108,0.20903862695451136,0.20775922189156212,0.0012794050629492165,7.90134072303772e-05,0.11769805036576088,0.11769805036576088,WINNER_HIGH,0.5092592592592593,0.2239585540705488,False,0.42016258776003707
dist_high72__w24__q90,dist_high72,108,-0.023687316580132272,-0.021077701930361976,-0.002609614649770298,0.0020595178240910175,-0.11760053488119615,0.11760053488119615,WINNER_LOW,0.5555555555555556,0.22433991710766213,False,0.4206523807643402
close_vs_sma72__w72__q75,close_vs_sma72,108,0.015275669409540435,0.012895072364487229,0.0023805970450532046,0.0004254495084751398,0.11756268541810808,0.11756268541810808,WINNER_HIGH,0.5092592592592593,0.22448806531728585,False,0.42070458971840763
stoch_d__w72__q90,stoch_d,108,82.58560883557355,81.76488546442104,0.8207233711525247,1.397129821777348,0.11751521802636487,0.11751521802636487,WINNER_HIGH,0.6018518518518519,0.22467395967370032,False,0.420827443480948
ema72_slope_12h__w24__late_vs_prev,ema72_slope_12h,108,-0.0008266386087143474,-0.0010681412676755524,0.00024150265896120493,0.00017978385731112214,0.11746638978600377,0.11746638978600377,WINNER_HIGH,0.5370370370370371,0.22486529981661443,True,0.42096036052392966
rebound_low240__w24__pos,rebound_low240,108,0.13608408806397132,0.11762446863404302,0.018459619429928287,0.0,0.11740893850265169,0.11740893850265169,WINNER_HIGH,0.46296296296296297,0.22509058166842513,True,0.4210988064067988
quote_volume_rel24__w240__pos,quote_volume_rel24,108,0.24061937982009518,0.22107921324722052,0.019540166572874624,-0.0023551385849714303,0.1173861241789734,0.1173861241789734,WINNER_HIGH,0.5185185185185185,0.2251800880699782,True,0.4210988064067988
ema6_slope_3h__w240__q90,ema6_slope_3h,108,0.006285424870266406,0.006002569342618463,0.00028285552764794345,3.397373948246275e-05,0.11716105982563113,0.11716105982563113,WINNER_HIGH,0.5092592592592593,0.2260644546041845,False,0.422316616972213
upper_wick__w24__mean,upper_wick,108,0.2536276250525757,0.2586995304734619,-0.005071905420886146,-0.011703085899353038,-0.11711340993584538,0.11711340993584538,WINNER_LOW,0.6111111111111112,0.2262520117878603,False,0.422316616972213
close_vs_sma24__d24,close_vs_sma24,108,-0.01984792085163968,-0.018139829294469327,-0.0017080915571703508,-0.0020785589935258027,-0.11709758113222045,0.11709758113222045,WINNER_LOW,0.5462962962962963,0.2263143412638639,True,0.422316616972213
close_vs_sma24__w24__diff_mean,close_vs_sma24,108,-0.0008269966992547443,-0.0007558262224712826,-7.117047678346152e-05,-8.660661405883731e-05,-0.11709757468371679,0.11709757468371679,WINNER_LOW,0.5462962962962963,0.22631436665882962,True,0.422316616972213
ema_gap_24_72__w240__up_share,ema_gap_24_72,108,0.49039351719397084,0.4817824072308011,0.0086111099631698,0.014166662096977228,0.1170465512785634,0.1170465512785634,WINNER_HIGH,0.5555555555555556,0.2265153673823697,True,0.42246626119261166
volume_rel240__w72__up_share,volume_rel240,108,0.47286522829974137,0.47857510447502133,-0.00570987617527997,-0.011111113429069508,-0.11699544263382292,0.11699544263382292,WINNER_LOW,0.5833333333333334,0.22671683333240922,True,0.4226166130935155
close_location__w72__delta,close_location,108,-0.27165649804131436,-0.23143841039460242,-0.040218087646711934,0.006238337513059369,-0.11694747709721205,0.11694747709721205,WINNER_LOW,0.5,0.22690602727957468,True,0.4227439410744127
ema_gap_6_24__w24__q90,ema_gap_6_24,108,0.004844124510917162,0.004005400156275181,0.0008387243546419792,-0.00018766911234706645,0.11685706440666126,0.11685706440666126,WINNER_HIGH,0.5185185185185185,0.22726295900294902,False,0.4231834758430845
bb_width__w72__up_share,bb_width,108,0.4877829239876182,0.4968107011583116,-0.009027777170693434,-0.00138888359069822,-0.11681018864713978,0.11681018864713978,WINNER_LOW,0.5,0.2274481750863004,True,0.4231904499478854
close_vs_vwap24__w72__q10,close_vs_vwap24,108,-0.013750460849189915,-0.012776779439634456,-0.0009736814095554614,-0.00023532807826995815,-0.1167948677423063,0.1167948677423063,WINNER_LOW,0.5092592592592593,0.22750873488762496,False,0.4231904499478854
quote_volume_rel24__w240__up_share,quote_volume_rel24,108,0.47241512272093034,0.47514660485364774,-0.0027314821327174164,-0.0020833253860473855,-0.11675380225572814,0.11675380225572814,WINNER_LOW,0.5370370370370371,0.22767111422507047,True,0.42326735058217513
close_vs_ema12__w72__z,close_vs_ema12,108,-1.6471928429824334,-1.5728459522757612,-0.07434689070667246,-0.044240228831768036,-0.11660033000924168,0.11660033000924168,WINNER_LOW,0.5185185185185185,0.2282787087946226,True,0.4238844101463715
dist_high72__w72__max,dist_high72,108,-0.008381685933097816,-0.0069426569592643,-0.0014390289738335162,0.0011977241578279064,-0.11658763727420943,0.11658763727420943,WINNER_LOW,0.6018518518518519,0.22832901154994953,False,0.4238844101463715
rebound_low240__w72__q25,rebound_low240,108,0.07724187359282816,0.08577502054265802,-0.00853314694982988,-0.01739004319533706,-0.11657813753263309,0.11657813753263309,WINNER_LOW,0.6111111111111112,0.22836666534622932,False,0.4238844101463715
volume_rel24__w240__diff_std,volume_rel24,108,1.120134953547407,1.1503811320772879,-0.03024617852988066,-0.038136684894561734,-0.11653655122597402,0.11653655122597402,WINNER_LOW,0.5370370370370371,0.22853155233514572,True,0.4239654315734772
close_vs_ema6__w24__up_share,close_vs_ema6,108,0.4695216069618861,0.46195987882437534,0.007561728137510794,0.008333331346511819,0.11643094941064885,0.11643094941064885,WINNER_HIGH,0.5833333333333334,0.2289506429251212,True,0.42440598969668936
close_vs_ema6__w240__late_vs_prev,close_vs_ema6,108,-0.0004527843820293735,-0.0007809080901198388,0.0003281237080904653,0.00035423742592684,0.11640046752026971,0.11640046752026971,WINNER_HIGH,0.5462962962962963,0.22907171624786626,True,0.42440598969668936
ema24_slope_6h__w24__q90,ema24_slope_6h,108,0.0036524369271420357,0.0030644932787018426,0.0005879436484401931,-0.000242943884950364,0.11638501358733323,0.11638501358733323,WINNER_HIGH,0.5277777777777778,0.22913311654199298,False,0.42440598969668936
volume_rel24__w24__q75,volume_rel24,108,1.7365984044693135,1.6614328481532907,0.07516555631602254,0.05864241123199465,0.1163128937554927,0.1163128937554927,WINNER_HIGH,0.5370370370370371,0.22941981418215615,False,0.4247120646876655
close_vs_ema48__w72__z,close_vs_ema48,108,-1.3958708955173347,-1.491149962261315,0.09527906674398025,0.03202470391988754,0.11626067170596206,0.11626067170596206,WINNER_HIGH,0.5555555555555556,0.229627573767383,True,0.42487175950504674
macd_hist_pct__w72__q25,macd_hist_pct,108,-0.0012198488666062648,-0.0011379815457749594,-8.186732083130564e-05,1.99398084077984e-05,-0.11613610849321206,0.11613610849321206,WINNER_LOW,0.5185185185185185,0.2301236824926691,False,0.4255645254769243
dist_high240__w240__std,dist_high240,108,0.02518353358566485,0.023641781019115887,0.001541752566548961,-0.0009639645460993058,0.11587945396018352,0.11587945396018352,WINNER_HIGH,0.5277777777777778,0.23114831865961333,False,0.4272334409897821
stoch_k__w72__q75,stoch_k,108,73.13502308174417,71.89126589033339,1.2437571914107712,2.303761291503907,0.11579350562767661,0.11579350562767661,WINNER_HIGH,0.5555555555555556,0.23149218183219608,False,0.42742922664880006
range_pct__w24__late_vs_prev,range_pct,108,0.0022525266584849575,0.0017753431357404126,0.0004771835227445453,0.0003196303645381704,0.11576377137809975,0.11576377137809975,WINNER_HIGH,0.5462962962962963,0.23161122872676618,True,0.42742922664880006
close_vs_sma168__w24__q25,close_vs_sma168,108,-0.0027570529354879574,0.001859519374954322,-0.00461657231044228,-0.008109402796253561,-0.11576134933433609,0.11576134933433609,WINNER_LOW,0.5555555555555556,0.23162092779510327,False,0.42742922664880006
close_vs_ema48__w72__max,close_vs_ema48,108,0.027539525193990104,0.025253305084037562,0.0022862201099525447,-0.0006659898441284898,0.11570626431658164,0.11570626431658164,WINNER_HIGH,0.5092592592592593,0.23184159459152995,False,0.4276107891806858
stoch_k__w72__diff_mean,stoch_k,108,-0.4739712545889671,-0.5238118341843666,0.04984057959539953,0.013871112093329419,0.11549469848303655,0.11549469848303655,WINNER_HIGH,0.5092592592592593,0.23269051978208108,True,0.4289503150648063
cci20__w24__q90,cci20,108,101.70645019881151,92.87214079231232,8.834309406499207,13.748792171478271,0.1154548013619035,0.1154548013619035,WINNER_HIGH,0.5833333333333334,0.23285086056162993,False,0.4290197362402634
body_pct__w240__diff_mean,body_pct,108,-3.20054254798505e-05,-2.8352240291880017e-05,-3.6531851879704793e-06,-4.175598405709011e-07,-0.11541704294585103,0.11541704294585103,WINNER_LOW,0.5,0.23300267938113875,True,0.4290379125686642
dist_high240__w72__pos,dist_high240,108,0.2860421973487569,0.2582492504445529,0.027792946904204047,-1.0785963240778074e-05,0.11537297290828831,0.11537297290828831,WINNER_HIGH,0.5,0.23317996595774856,True,0.4290379125686642
close_vs_ema240__w24__q10,close_vs_ema240,108,-0.005106201035906216,-0.00023702780696718617,-0.004869173228939029,-0.0061503309756517415,-0.11536084090702824,0.11536084090702824,WINNER_LOW,0.5740740740740741,0.2332287880449044,False,0.4290379125686642
atr14_pct__w72__delta,atr14_pct,108,0.0010336594386899378,0.0004474628101855127,0.000586196628504425,0.0004680357204051688,0.11517684412515504,0.11517684412515504,WINNER_HIGH,0.5555555555555556,0.23397013657980922,True,0.43017537729736743
atr72_pct__w72__late_vs_prev,atr72_pct,108,0.0001072168937841727,-8.587786964266398e-06,0.0001158046807484391,0.00019416937511778086,0.11512637234355498,0.11512637234355498,WINNER_HIGH,0.5740740740740741,0.23417379003900815,True,0.43032356477478273
bb_z__w240__mean,bb_z,108,0.05626621002684934,0.09051080505052124,-0.03424459502367191,-0.0020672943443059907,-0.11492127797240827,0.11492127797240827,WINNER_LOW,0.5185185185185185,0.23500265536687737,False,0.43153264813719694
close_vs_ema240__w24__delta,close_vs_ema240,108,-0.023163571111042443,-0.021137263085768576,-0.00202630802527387,-0.00032846409594640153,-0.11487888748407196,0.11487888748407196,WINNER_LOW,0.5185185185185185,0.23517423400822626,True,0.43153264813719694
volume_rel24__w24__diff_std,volume_rel24,108,1.0842920366536688,0.9995696616393549,0.08472237501431394,-0.031595093011856146,0.11487204143165215,0.11487204143165215,WINNER_HIGH,0.5370370370370371,0.2352019523447233,True,0.43153264813719694
trades_rel72__w240__up_share,trades_rel72,108,0.46311728518318246,0.4600925930672222,0.003024692115960297,0.004166665673255909,0.11453243734146053,0.11453243734146053,WINNER_HIGH,0.5555555555555556,0.2365798880837148,True,0.4338331770470638
avg_trade_quote_rel24__w240__up_share,avg_trade_quote_rel24,108,0.4929012330593886,0.49571759132323445,-0.002816358263845798,-0.007083323597908031,-0.11448954308399832,0.11448954308399832,WINNER_LOW,0.5833333333333334,0.2367543413870178,True,0.4338656113853458
atr24_pct__w240__min,atr24_pct,108,0.0035837903539046507,0.0037223666917136,-0.0001385763378089501,-0.00023572724312543886,-0.11444806743502635,0.11444806743502635,WINNER_LOW,0.6203703703703703,0.23692311280464928,False,0.4338656113853458
macd_signal_pct__w240__mean,macd_signal_pct,108,0.0004149518302222498,0.0007223079921518378,-0.0003073561619295881,-0.00029438589408528056,-0.11442752810061409,0.11442752810061409,WINNER_LOW,0.5925925925925926,0.23700672274114884,False,0.4338656113853458
avg_trade_quote_rel24__w240__q90,avg_trade_quote_rel24,108,1.3743863514176122,1.3808564475289098,-0.006470096111297602,-0.007732534408569358,-0.11440613094581714,0.11440613094581714,WINNER_LOW,0.5833333333333334,0.23709384711392503,False,0.4338656113853458
stoch_d__w240__diff_std,stoch_d,108,8.364274872673882,8.306702907880148,0.05757196479373509,-0.02348604202270499,0.11435798928183948,0.11435798928183948,WINNER_HIGH,0.5185185185185185,0.2372899529814182,True,0.43399736693306457
lower_wick__w240__std,lower_wick,108,0.215742538648623,0.21462580302247292,0.001116735626150062,0.00013270378112793801,0.11431168504118071,0.11431168504118071,WINNER_HIGH,0.5092592592592593,0.23747868369862518,False,0.43411550281970324
dist_high24__w24__pos,dist_high24,108,0.15392892545572034,0.17592546748087948,-0.021996542025159143,-0.017572187166661025,-0.11422049018212328,0.11422049018212328,WINNER_LOW,0.5555555555555556,0.23785069776639792,True,0.43456838562648564
mfi14__w24__delta,mfi14,108,-14.130253927161297,-16.318378069555322,2.1881241423940216,3.1810151100158683,0.11416374458417622,0.11416374458417622,WINNER_HIGH,0.5648148148148148,0.23808239241292597,True,0.43466019248481214
dist_high24__w24__max,dist_high24,108,-0.007000448963258934,-0.008493716300859952,0.0014932673376010174,0.0011294048713267556,0.11414730737399326,0.11414730737399326,WINNER_HIGH,0.6203703703703703,0.23814953640288822,False,0.43466019248481214
ema_gap_24_72__w240__pos,ema_gap_24_72,108,0.43820026469553275,0.4042449452201793,0.033955319475353476,0.019866868108510988,0.11407368260233411,0.11407368260233411,WINNER_HIGH,0.5370370370370371,0.23845045093401107,True,0.4348977411433223
macd_signal_pct__w72__q25,macd_signal_pct,108,-0.002494852444282582,-0.0019809715352056187,-0.000513880909076963,0.00029981753323227167,-0.11405461796150934,0.11405461796150934,WINNER_LOW,0.5277777777777778,0.2385284150737467,False,0.4348977411433223
close_vs_ema12__w24__max,close_vs_ema12,108,0.009953283865157843,0.0090708678176169,0.000882416047540944,-0.00031820461153984035,0.1139714505891983,0.1139714505891983,WINNER_HIGH,0.5185185185185185,0.23886873833970526,False,0.43509062385334674
close_vs_sma240__w72__accel,close_vs_sma240,108,-0.020462049882216553,-0.017748992885100488,-0.002713056997116062,-0.0006639796774834399,-0.11393757439366105,0.11393757439366105,WINNER_LOW,0.5092592592592593,0.23900746022941924,True,0.43509062385334674
close_vs_sma240__w240__accel,close_vs_sma240,108,-0.020462049882216553,-0.017748992885100488,-0.002713056997116062,-0.0006639796774834399,-0.11393757439366105,0.11393757439366105,WINNER_LOW,0.5092592592592593,0.23900746022941924,True,0.43509062385334674
close_vs_ema48__w72__q75,close_vs_ema48,108,0.010362674189646323,0.008942908389050258,0.001419765800596064,0.0003983641741797325,0.11384291050453656,0.11384291050453656,WINNER_HIGH,0.5092592592592593,0.23939541121734123,False,0.4355701108361302
avg_trade_quote_rel72__w240__diff_std,avg_trade_quote_rel72,108,0.2516894987611859,0.25545265128215155,-0.003763152520965646,0.00029268860816955566,-0.11378925306719029,0.11378925306719029,WINNER_LOW,0.5,0.23961550967996362,True,0.4357438571767201
stoch_d__w72__diff_std,stoch_d,108,8.349124859880519,8.460080105287057,-0.11095524540653934,-0.029762506484984907,-0.11375522054481811,0.11375522054481811,WINNER_LOW,0.5185185185185185,0.23975518329577972,True,0.43577124531462663
macd_hist_pct__w72__mean,macd_hist_pct,108,-0.00011206026020873751,-0.00016590601900424594,5.3845758795508425e-05,3.746439251699485e-05,0.11369728592050869,0.11369728592050869,WINNER_HIGH,0.5555555555555556,0.23999308791238058,False,0.43597705372965967
volume_rel240__w240__mean,volume_rel240,108,1.438156071084517,1.4017458486336247,0.03641022245089211,0.045136654376983665,0.11350558917536857,0.11350558917536857,WINNER_HIGH,0.5277777777777778,0.24078148033140906,False,0.4370860558193669
ema_gap_24_72__w240__z,ema_gap_24_72,108,-0.31880199046874486,-0.4610808386344515,0.14227884816570655,0.23573436066508296,0.11348809031171175,0.11348809031171175,WINNER_HIGH,0.6018518518518519,0.24085354005259366,True,0.4370860558193669
volume_rel72__w240__q25,volume_rel72,108,0.6410794567178797,0.632301041704637,0.008778415013242651,0.011688965559005726,0.11343464229462796,0.11343464229462796,WINNER_HIGH,0.5740740740740741,0.24107373252096687,False,0.4372587358017745
volume_rel24__d1,volume_rel24,108,0.6509785912284214,0.47618720498242134,0.17479138624599996,0.048660865402780494,0.11339855397997123,0.11339855397997123,WINNER_HIGH,0.5185185185185185,0.2412224886279573,True,0.437301732883342
close_vs_vwap72__w72__pos,close_vs_vwap72,108,0.2482300582363408,0.22117963954418277,0.027050418692158053,-0.028956877160817386,0.11330044654234706,0.11330044654234706,WINNER_HIGH,0.5648148148148148,0.24162721890770747,True,0.4378084893887321
rsi6__d1,rsi6,108,-7.474899583116725,-7.931735943188823,0.4568363600720962,0.740589833259583,0.11319052666979809,0.11319052666979809,WINNER_HIGH,0.5833333333333334,0.24208125538912006,True,0.43832113797688843
rsi6__w240__late_vs_prev,rsi6,108,-1.335795150159996,-2.5799842082770303,1.2441890581170338,1.221958391368389,0.11317127611166561,0.11317127611166561,WINNER_HIGH,0.5462962962962963,0.24216083459289348,True,0.43832113797688843
quote_volume_rel24__w72__diff_std,quote_volume_rel24,108,1.0622683677960325,1.1120064111771406,-0.04973804338110816,-0.07020604014396664,-0.11295436636254212,0.11295436636254212,WINNER_LOW,0.5925925925925926,0.24305880015053202,True,0.43971889504728945
ema72_slope_12h__w240__mean,ema72_slope_12h,108,0.000981289403103734,0.0014799428529542523,-0.0004986534498505184,-0.0005402893730206415,-0.11292044325523977,0.11292044325523977,WINNER_LOW,0.5833333333333334,0.2431994497813366,False,0.43974585102654296
avg_trade_quote_rel240__w24__delta,avg_trade_quote_rel240,108,0.0520760936920447,0.09495292811401737,-0.04287683442197266,-0.009966823086142537,-0.11282667039972669,0.11282667039972669,WINNER_LOW,0.5462962962962963,0.24358854604596375,True,0.4402217806319045
rebound_low240__d6,rebound_low240,108,-0.01782719420319794,-0.016253356500618356,-0.0015738377025795846,-0.0002911096942625594,-0.1127538113751407,0.1127538113751407,WINNER_LOW,0.5092592592592593,0.24389116956238796,True,0.4405410227064415
close_vs_vwap240__w24__q90,close_vs_vwap240,108,0.018420832932019106,0.02374872701496955,-0.005327894082950444,-0.006129119289107621,-0.11268250254051432,0.11268250254051432,WINNER_LOW,0.5740740740740741,0.24418761349793322,False,0.440848778731168
close_vs_sma168__w240__mean,close_vs_sma168,108,0.007217105786333344,0.010625483112572612,-0.0034083773262392676,-0.0038189339917153124,-0.11260308798480596,0.11260308798480596,WINNER_LOW,0.6018518518518519,0.24451805628428122,False,0.4412175659577562
close_vs_vwap72__w24__max,close_vs_vwap72,108,0.01591315444023133,0.013714416275723597,0.002198738164507732,0.001980615605134517,0.11251651811297862,0.11251651811297862,WINNER_HIGH,0.5648148148148148,0.24487863473140556,False,0.44164032266927555
volume_rel240__w72__q25,volume_rel240,108,0.7007734295394685,0.6733769331817273,0.027396496357741176,0.009035518765449502,0.1123631985298874,0.1123631985298874,WINNER_HIGH,0.5185185185185185,0.24551816543151747,False,0.4425654765536168
avg_trade_quote_rel240__w24__late_vs_prev,avg_trade_quote_rel240,108,-0.0066465109875598165,0.014412233119731324,-0.02105874410729114,-0.031304669380187986,-0.1122245545696524,0.1122245545696524,WINNER_LOW,0.5925925925925926,0.2460975027764888,True,0.44338122988633766
close_vs_sma24__w240__diff_mean,close_vs_sma24,108,-8.103524230465255e-05,-7.166070551192063e-05,-9.374536792731928e-06,1.4777504475205144e-06,-0.11210585211759712,0.11210585211759712,WINNER_LOW,0.5370370370370371,0.24659428418967047,True,0.44404748291002966
close_vs_sma24__w72__accel,close_vs_sma24,108,-0.017013937825578505,-0.013928232723251483,-0.003085705102327027,-0.0011723572621122006,-0.11200795476097758,0.11200795476097758,WINNER_LOW,0.5370370370370371,0.2470045300615232,True,0.4442541368622602
close_vs_sma24__w240__accel,close_vs_sma24,108,-0.017013937825578505,-0.013928232723251483,-0.003085705102327027,-0.0011723572621122006,-0.11200795476097758,0.11200795476097758,WINNER_LOW,0.5370370370370371,0.2470045300615232,True,0.4442541368622602
taker_share__w24__delta,taker_share,108,-0.04419516100487844,-0.035397449523238554,-0.008797711481639893,-0.004029547795653343,-0.11198753492550469,0.11198753492550469,WINNER_LOW,0.5092592592592593,0.24709016190937833,True,0.4442541368622602
close_vs_sma72__w24__q90,close_vs_sma72,108,0.011530451401254308,0.008874006833880062,0.0026564445673742465,0.0011515107005834573,0.11192652572910516,0.11192652572910516,WINNER_HIGH,0.5555555555555556,0.2473461333570085,False,0.4444858316287044
volume_rel24__w72__delta,volume_rel24,108,1.1699557920090027,0.9645185214491062,0.2054372705598965,0.02929385788738728,0.11130539279941834,0.11130539279941834,WINNER_HIGH,0.5092592592592593,0.24996289150028225,True,0.44895748925346024
ema_gap_72_168__w72__q90,ema_gap_72_168,108,0.008796144131877183,0.010863070665591631,-0.002066926533714448,-0.0017697736300760878,-0.11121054740159758,0.11121054740159758,WINNER_LOW,0.5555555555555556,0.2503641832911559,False,0.44930869790604894
close_vs_vwap240__w240__late_vs_prev,close_vs_vwap240,108,-0.0002985353056390994,-0.0038355736016658032,0.003537038296026704,0.005566677358001471,0.1111707493641795,0.1111707493641795,WINNER_HIGH,0.5555555555555556,0.25053270497168917,True,0.44930869790604894
trades_rel240__w72__q75,trades_rel240,108,1.6333496024211247,1.569323863144274,0.06402573927685068,0.004396617412567139,0.1111606346457042,0.1111606346457042,WINNER_HIGH,0.5185185185185185,0.2505755477533852,False,0.44930869790604894
close_vs_sma72__w72__accel,close_vs_sma72,108,-0.019185232426496914,-0.01651562302243595,-0.0026696094040609608,-0.0008644865127280348,-0.11107933220026507,0.11107933220026507,WINNER_LOW,0.5462962962962963,0.2509201078809818,True,0.44930869790604894
close_vs_sma72__w240__accel,close_vs_sma72,108,-0.019185232426496914,-0.01651562302243595,-0.0026696094040609608,-0.0008644865127280348,-0.11107933220026507,0.11107933220026507,WINNER_LOW,0.5462962962962963,0.2509201078809818,True,0.44930869790604894
close_vs_sma24__w24__q25,close_vs_sma24,108,-0.008203972322277238,-0.00682767294702326,-0.001376299375253977,-0.00018345255339227153,-0.11107715588535318,0.11107715588535318,WINNER_LOW,0.5092592592592593,0.25092933571933473,False,0.44930869790604894
trades_rel72__w240__diff_std,trades_rel72,108,0.8189587223309057,0.8468099139354848,-0.027851191604578947,-0.006994682550430287,-0.11096261938800098,0.11096261938800098,WINNER_LOW,0.5370370370370371,0.2514153233017945,True,0.4499485084884214
close_vs_ema72__w240__mean,close_vs_ema72,108,0.00258096756626266,0.004040622407551886,-0.0014596548412892268,-0.0017516530439024792,-0.11093170147932392,0.11093170147932392,WINNER_LOW,0.5833333333333334,0.25154662453571575,False,0.44995322046107317
close_vs_ema24__w240__diff_mean,close_vs_ema24,108,-7.320831384015912e-05,-6.49088454959002e-05,-8.299468344258937e-06,2.669943978617087e-06,-0.11087672087279302,0.11087672087279302,WINNER_LOW,0.5370370370370371,0.2517802343073628,True,0.4501218185148805
close_vs_vwap72__w240__max,close_vs_vwap72,108,0.05046592576912156,0.047845229816933475,0.0026206959521880855,-0.0014332272112369537,0.11084894461780417,0.11084894461780417,WINNER_HIGH,0.5370370370370371,0.2518983125060398,False,0.4501218185148805
abs_body_pct__w24__late_vs_prev,abs_body_pct,108,0.0013618765654310092,0.0010780274124684822,0.0002838491529625268,-0.0001042927906382829,0.11078136329475277,0.11078136329475277,WINNER_HIGH,0.5277777777777778,0.2521857674910022,True,0.45040532631053865
close_vs_sma24__w240__q90,close_vs_sma24,108,0.01816015897956849,0.017220056053526975,0.000940102926041517,-0.00044410256668925285,0.11074753905074503,0.11074753905074503,WINNER_HIGH,0.5277777777777778,0.2523297248710542,False,0.4504323878887578
trades_rel72__w24__q75,trades_rel72,108,1.6634819954633713,1.5867432888459279,0.07673870661744363,-0.08306640982627861,0.11064566550217707,0.11064566550217707,WINNER_HIGH,0.5370370370370371,0.25276365380245136,False,0.45097678436080224
trades_rel240__w72__q25,trades_rel240,108,0.7681388253415072,0.7438399308809529,0.024298894460554474,9.073615074156605e-05,0.11061348528678872,0.11061348528678872,WINNER_HIGH,0.5,0.2529008344918935,False,0.4509914422326117
bb_width__w72__late_vs_prev,bb_width,108,0.0019003206716324374,-0.0008466971333998825,0.00274701780503232,0.0009135758737102155,0.11053887151364532,0.11053887151364532,WINNER_HIGH,0.5185185185185185,0.25321910707292355,True,0.45132885700000697
avg_trade_quote_rel72__w24__std,avg_trade_quote_rel72,108,0.2309764555344979,0.23938531439613417,-0.008408858861636228,-0.009821105003356936,-0.11049974623830079,0.11049974623830079,WINNER_LOW,0.5648148148148148,0.25338611290282353,False,0.4513964527871492
log_ret__w240__mean,log_ret,108,-1.7343136855069367e-05,2.893953379683538e-05,-4.628267065190476e-05,-7.383766426301008e-05,-0.11016014255644116,0.11016014255644116,WINNER_LOW,0.5462962962962963,0.2548389756959476,False,0.4533454840008477
avg_trade_quote_rel240__w240__mean,avg_trade_quote_rel240,108,1.0230424128196858,1.032149726704315,-0.009107313884629147,-0.023620522022247403,-0.11015339547298818,0.11015339547298818,WINNER_LOW,0.6296296296296297,0.2548678998785804,False,0.4533454840008477
close_vs_vwap24__w240__q25,close_vs_vwap24,108,-0.006530145392322016,-0.006121559995342438,-0.00040858539697957757,-0.0004604744957759977,-0.11012484994470934,0.11012484994470934,WINNER_LOW,0.5277777777777778,0.2549902977892143,False,0.4533454840008477
stoch_d__w72__z,stoch_d,108,-1.075593757214611,-1.0157798068033081,-0.05981395041130275,-0.015425261855125383,-0.110106801742089,0.110106801742089,WINNER_LOW,0.5185185185185185,0.2550677065064438,True,0.4533454840008477
macd_signal_pct__w24__late_vs_prev,macd_signal_pct,108,-0.000794934419420517,-0.0010262385598446566,0.0002313041404241395,0.00010649758041836321,0.11009266029047138,0.11009266029047138,WINNER_HIGH,0.5462962962962963,0.25512837075026257,True,0.4533454840008477
obv_delta__w24__min,obv_delta,108,-4857.167734781901,-4445.994964825666,-411.1727699562354,165.9949951171875,-0.10994910496440571,0.10994910496440571,WINNER_LOW,0.5277777777777778,0.25574477268890033,False,0.4542099898898347
close_vs_sma24__w240__delta,close_vs_sma24,108,-0.019213657975860263,-0.01694532460630095,-0.0022683333695593115,0.0010348373907618216,-0.10983432053444823,0.10983432053444823,WINNER_LOW,0.5185185185185185,0.25623839179236835,True,0.454855662993864
stoch_k__w24__late_vs_prev,stoch_k,108,-15.044345777895716,-12.871814221557644,-2.1725315563380723,-3.8123652219772337,-0.1097447007405167,0.1097447007405167,WINNER_LOW,0.5648148148148148,0.2566242590966658,True,0.45524331735617246
volume_rel72__w240__q10,volume_rel72,108,0.4498657586949843,0.4429816136205637,0.006884145074420506,0.0034140735864639227,0.10972314392489252,0.10972314392489252,WINNER_HIGH,0.5370370370370371,0.25671713520914274,False,0.45524331735617246
rsi14__w240__min,rsi14,108,22.83398684748897,23.468791643778488,-0.6348047962895146,-1.040126991271972,-0.10954498255100938,0.10954498255100938,WINNER_LOW,0.5833333333333334,0.25748563775235817,False,0.4563746960060804
avg_trade_quote_rel24__w72__diff_mean,avg_trade_quote_rel24,108,0.0010825297094083067,0.0016993248737536407,-0.0006167951643453342,-0.0007875778654124587,-0.10943315148526356,0.10943315148526356,WINNER_LOW,0.5833333333333334,0.25796884927594255,True,0.45699952680748285
obv_delta__w72__min,obv_delta,108,-6786.134320294415,-6283.330558946397,-502.80376134801804,-76.18460693359361,-0.10932518368875872,0.10932518368875872,WINNER_LOW,0.5277777777777778,0.2584359726814197,False,0.4574525879950991
cci20__w240__mean,cci20,108,4.831387911267854,7.640706745224695,-2.80931883395684,-0.21186668155714888,-0.10931357786514587,0.10931357786514587,WINNER_LOW,0.5092592592592593,0.25848622072585525,False,0.4574525879950991
quote_volume_rel72__w24__delta,quote_volume_rel72,108,1.0803277247533616,0.873613205165128,0.20671451958823367,0.10977205755189061,0.10924811510231305,0.10924811510231305,WINNER_HIGH,0.5555555555555556,0.2587697739252453,True,0.4577227614651405
dist_high24__w72__q90,dist_high24,108,-0.005497543084116101,-0.006025912305253937,0.0005283692211378364,0.0001516427611932161,0.10920954842608771,0.10920954842608771,WINNER_HIGH,0.5277777777777778,0.25893692850016203,False,0.45778687510872934
close_vs_ema24__w24__q25,close_vs_ema24,108,-0.006712728788611626,-0.0055476625144921035,-0.001165066274119521,0.00017129978659795602,-0.10908677419503872,0.10908677419503872,WINNER_LOW,0.5185185185185185,0.25946955814112105,False,0.45849673816043474
close_vs_ema240__w240__up_share,close_vs_ema240,108,0.4969135771195094,0.4937037008228124,0.0032098762966968407,-0.002500012516975403,0.10892254177594238,0.10892254177594238,WINNER_HIGH,0.5092592592592593,0.26018324754801864,True,0.4595130964017241
range_pct__w24__accel,range_pct,108,0.0053548942504238325,0.00363567318899169,0.0017192210614321423,0.0019421776989474895,0.10887161993155578,0.10887161993155578,WINNER_HIGH,0.5740740740740741,0.2604048133768355,True,0.4595130964017241
rsi24__w240__mean,rsi24,108,51.14669022736726,51.65699804094103,-0.5103078135737669,-0.2888465881347635,-0.10886104675810615,0.10886104675810615,WINNER_LOW,0.5462962962962963,0.26045083486219583,False,0.4595130964017241
macd_hist_pct__w24__q75,macd_hist_pct,108,0.0006844560582353383,0.0005389866761742337,0.00014546938206110472,1.6412018339906354e-05,0.10883359783409582,0.10883359783409582,WINNER_HIGH,0.5185185185185185,0.260570337479159,False,0.4595130964017241
atr14_pct__w24__z,atr14_pct,108,0.6514882665920865,0.5201207995863149,0.13136746700577165,0.13174588978290558,0.1087807263568981,0.1087807263568981,WINNER_HIGH,0.5370370370370371,0.2608006290289894,True,0.4596376879106595
avg_trade_quote_rel72__w24__late_vs_prev,avg_trade_quote_rel72,108,-0.009888018862545356,0.011136867814800808,-0.02102488667734616,-0.04490137239918113,-0.10875703591499628,0.10875703591499628,WINNER_LOW,0.5833333333333334,0.2609038634551499,True,0.4596376879106595
close_vs_sma168__w240__max,close_vs_sma168,108,0.06939086445318363,0.06495897895484058,0.004431885498343035,0.002536542713642124,0.10869013479393981,0.10869013479393981,WINNER_HIGH,0.5277777777777778,0.26119554921586025,False,0.4596701551855586
trades_rel72__w240__q90,trades_rel72,108,2.4843356598306587,2.4374953530452874,0.04684030678537156,0.023727667331695512,0.10867310678351652,0.10867310678351652,WINNER_HIGH,0.5092592592592593,0.2612698270363072,False,0.4596701551855586
volume_rel24__w24__up_share,volume_rel24,108,0.4830246931976742,0.4912808669937981,-0.008256173796123931,-0.008333328366279591,-0.10866237818233508,0.10866237818233508,WINNER_LOW,0.5462962962962963,0.2613166338315386,True,0.4596701551855586
ema24_slope_6h__w24__up_share,ema24_slope_6h,108,0.4301697536268168,0.4158179014783215,0.01435185214849534,0.0,0.10849047533490241,0.10849047533490241,WINNER_HIGH,0.5,0.2620674142701622,True,0.460759048618782
bb_width__w240__q25,bb_width,108,0.018758994734121695,0.01819133282535606,0.0005676619087656338,-0.00028776703402400017,0.10844643073486882,0.10844643073486882,WINNER_HIGH,0.5555555555555556,0.2622600206867246,False,0.46086597605099294
volume_rel24__w24__diff_mean,volume_rel24,108,0.04416650497673631,0.036505423314614475,0.007661081662121837,0.006909917527809738,0.10837565786893194,0.10837565786893194,WINNER_HIGH,0.5462962962962963,0.2625697170684421,True,0.4609469458418882
volume_rel24__d24,volume_rel24,108,1.0599961329803422,0.8761301725119767,0.18386596046836565,0.16583800837397578,0.10837565685457538,0.10837565685457538,WINNER_HIGH,0.5462962962962963,0.2625697215090195,True,0.4609469458418882
close_vs_ema24__w240__q90,close_vs_ema24,108,0.014871444766564915,0.014049011070919397,0.0008224336956455199,-0.000478182663209736,0.10830631381260944,0.10830631381260944,WINNER_HIGH,0.5092592592592593,0.2628734094045363,False,0.46102870992605044
close_vs_ema240__w24__mean,close_vs_ema240,108,0.006666769036975758,0.011277795258495274,-0.0046110262215195135,-0.006450932752341031,-0.108284154388942,0.108284154388942,WINNER_LOW,0.5555555555555556,0.26297050844047626,False,0.46102870992605044
atr14_pct__w24__diff_std,atr14_pct,108,0.0005351301237910606,0.0005031309296706846,3.199919412037599e-05,-2.4593627313151945e-05,0.10826029285033169,0.10826029285033169,WINNER_HIGH,0.5370370370370371,0.2630750939416525,True,0.46102870992605044
obv_delta__w240__min,obv_delta,108,-10260.91138599537,-9691.870120804397,-569.0412651909724,842.6861328124996,-0.10824465770060289,0.10824465770060289,WINNER_LOW,0.5370370370370371,0.2631436388368306,False,0.46102870992605044
avg_trade_quote_rel72__w240__std,avg_trade_quote_rel72,108,0.2826800135274728,0.2883295528866627,-0.005649539359189843,-0.008826009929180145,-0.10812603517557179,0.10812603517557179,WINNER_LOW,0.5833333333333334,0.26366409019758325,False,0.4617092255487975
close_vs_vwap24__w240__diff_mean,close_vs_vwap24,108,-7.279543733055241e-05,-6.507265020192991e-05,-7.722787128622495e-06,5.837196931679502e-06,-0.10800341196546459,0.10800341196546459,WINNER_LOW,0.5555555555555556,0.2642028509088606,True,0.4624211059200628
lower_wick__w24__up_share,lower_wick,108,0.4980709911496551,0.4909722260302967,0.007098765119358343,2.980232227667301e-09,0.10792830285646615,0.10792830285646615,WINNER_HIGH,0.5,0.26453323226114706,True,0.46276774047885505
quote_volume_rel24__w24__diff_std,quote_volume_rel24,108,1.0672780979010794,0.9921046740478937,0.07517342385318544,-0.04851048588752749,0.1078038535414495,0.1078038535414495,WINNER_HIGH,0.5370370370370371,0.26508128112166385,True,0.4634946200412292
ema_gap_72_168__w240__q10,ema_gap_72_168,108,-0.008368214151198993,-0.006694263177841665,-0.001673950973357326,-0.002150815993081778,-0.10755680949024933,0.10755680949024933,WINNER_LOW,0.5648148148148148,0.2661715608341092,False,0.4651683899234782
close_vs_vwap72__w72__z,close_vs_vwap72,108,-1.2892552603864007,-1.3989498132563851,0.10969455286998439,-0.049949932098388605,0.10745826407899119,0.10745826407899119,WINNER_HIGH,0.5092592592592593,0.26660734346167625,True,0.4653056340181088
range_pct__w240__q10,range_pct,108,0.0031775882396484828,0.0030905448490995227,8.704339054896048e-05,2.4822144769132094e-05,0.10743164035049695,0.10743164035049695,WINNER_HIGH,0.5277777777777778,0.2667251629542836,False,0.4653056340181088
avg_trade_quote_rel240__w240__up_share,avg_trade_quote_rel240,108,0.49490740426160673,0.49719135557059885,-0.0022839513089921745,-0.001666671037673928,-0.10742605520093296,0.10742605520093296,WINNER_LOW,0.5185185185185185,0.26674988384120835,True,0.4653056340181088
quote_volume_rel72__w24__accel,quote_volume_rel72,108,1.1208029943173405,0.7524643147760934,0.3683386795412474,0.4115741066634655,0.10741872600376491,0.10741872600376491,WINNER_HIGH,0.5925925925925926,0.2667823266246234,True,0.4653056340181088
macd_pct__w240__mean,macd_pct,108,0.0003839921208863315,0.0006762367742200896,-0.00029224465333375823,-0.00027424780128058044,-0.10736993776753873,0.10736993776753873,WINNER_LOW,0.5833333333333334,0.26699835851006565,False,0.4654502790177964
volume_rel240__w72__q10,volume_rel240,108,0.5309085943908604,0.5107685588576175,0.020140035533242756,-0.0021999001502990556,0.10717183843551646,0.10717183843551646,WINNER_HIGH,0.5092592592592593,0.2678767858013241,False,0.4667489386882065
close_vs_vwap72__w240__mean,close_vs_vwap72,108,0.003553708802091596,0.004767327687829527,-0.0012136188857379308,-0.0008681528037413956,-0.10710800249186063,0.10710800249186063,WINNER_LOW,0.5555555555555556,0.26816028063959374,False,0.4670102098588941
rebound_low72__w24__z,rebound_low72,108,-1.4887172892620717,-1.5665128166511377,0.0777955273890661,0.010637080669403054,0.10702862645228711,0.10702862645228711,WINNER_HIGH,0.5092592592592593,0.26851308035465643,True,0.46713060536605133
close_vs_sma72__w240__mean,close_vs_sma72,108,0.002656156586454017,0.004129762762965617,-0.0014736061765116002,-0.00125431363703683,-0.10701308463399209,0.10701308463399209,WINNER_LOW,0.5833333333333334,0.26858219632067043,False,0.46713060536605133
close_vs_sma240__w24__q75,close_vs_sma240,108,0.013375030872676117,0.019051994885093237,-0.005676964012417118,-0.006768106296658517,-0.10700230230166052,0.10700230230166052,WINNER_LOW,0.5462962962962963,0.2686301536720415,False,0.46713060536605133
adx14__w72__mean,adx14,108,27.8166564129017,26.87174916090789,0.944907251993815,0.4138563156127919,0.10695798878884615,0.10695798878884615,WINNER_HIGH,0.5370370370370371,0.26882731266939935,False,0.4672411095451737
close_vs_sma240__w24__max,close_vs_sma240,108,0.021649246104331082,0.02717988075908377,-0.005530634654752686,-0.0060930933017516505,-0.1068887230307146,0.1068887230307146,WINNER_LOW,0.5555555555555556,0.2691356905917556,False,0.4674092532647083
quote_volume_rel24__d1,quote_volume_rel24,108,0.6150079825720577,0.4578160250404767,0.157191957531581,0.06413677376694978,0.106876221613688,0.106876221613688,WINNER_HIGH,0.5277777777777778,0.2691913743423284,True,0.4674092532647083
volume_rel72__w240__up_share,volume_rel72,108,0.4710262335009045,0.4736419725749228,-0.0026157390740182656,-0.0033333152532577515,-0.10676117448296842,0.10676117448296842,WINNER_LOW,0.5370370370370371,0.2697041931731709,True,0.4680672771844063
trades_rel72__w240__q25,trades_rel72,108,0.7048264802606018,0.6979152071255227,0.006911273135079272,0.010331761837005626,0.1067054915631727,0.1067054915631727,WINNER_HIGH,0.5462962962962963,0.2699526419018547,False,0.46826606583868347
body_pct__w240__mean,body_pct,108,-2.4206643603166515e-07,4.4499738947512956e-05,-4.4741805383544616e-05,-6.899670879647601e-05,-0.10667120632770451,0.10667120632770451,WINNER_LOW,0.5555555555555556,0.2701056965728569,False,0.46829926669076877
upper_wick__w72__q90,upper_wick,108,0.5559614449739456,0.5619328293535444,-0.00597138437959883,-0.00636722445487975,-0.10643745166208075,0.10643745166208075,WINNER_LOW,0.5740740740740741,0.2711508224030079,False,0.46987830819787846
body_pct__w72__max,body_pct,108,0.01646376859517423,0.01569182575956263,0.0007719428356116015,0.0003787562251091007,0.10636922368979133,0.10636922368979133,WINNER_HIGH,0.5092592592592593,0.2714564012303588,False,0.4701748564153367
close_vs_ema12__w240__q90,close_vs_ema12,108,0.00960261241696706,0.009165918370450122,0.00043669404651693717,-4.049497656524216e-05,0.10632692904546864,0.10632692904546864,WINNER_HIGH,0.5277777777777778,0.2716459501561847,False,0.47027024143375146
macd_hist_pct__w24__pos,macd_hist_pct,108,0.2114889295168083,0.18753111540815245,0.023957814108655804,-0.011662196274846793,0.10620567821702832,0.10620567821702832,WINNER_HIGH,0.5648148148148148,0.2721898608235176,True,0.4707093583651286
close_vs_ema48__w240__mean,close_vs_ema48,108,0.0015747783382991016,0.0025330347231492514,-0.0009582563848501499,-0.0009171754238195717,-0.10620472422119606,0.10620472422119606,WINNER_LOW,0.5648148148148148,0.27219414328219793,False,0.4707093583651286
upper_wick__w72__delta,upper_wick,108,-0.0482641237537825,-0.07637594512089822,0.028111821367115725,0.042560770735144624,0.10618038612993871,0.10618038612993871,WINNER_HIGH,0.5648148148148148,0.2723034120596669,True,0.4707093583651286
dist_high24__w240__pos,dist_high24,108,0.47434492826599767,0.4524079413838249,0.021936986882172747,0.013789479434490187,0.10606209436089024,0.10606209436089024,WINNER_HIGH,0.5277777777777778,0.2728349306734021,True,0.4713288723309447
log_ret__w72__max,log_ret,108,0.016303397602988063,0.01555022947507462,0.0007531681279134421,0.0003819327801465981,0.1060349735835527,0.1060349735835527,WINNER_HIGH,0.5092592592592593,0.27295689340115065,False,0.4713288723309447
dist_high24__w240__q90,dist_high24,108,-0.004131200688856619,-0.00398450992760007,-0.0001466907612565491,6.470712833106301e-06,-0.10601068738038065,0.10601068738038065,WINNER_LOW,0.5,0.2730661410759205,False,0.4713288723309447
ema_gap_72_168__w24__q90,ema_gap_72_168,108,0.005456906698209759,0.007401564288711936,-0.0019446575905021743,-0.00383975807344541,-0.10592680514832267,0.10592680514832267,WINNER_LOW,0.5555555555555556,0.2734437053682315,False,0.4717477245548621
quote_volume_rel24__w72__delta,quote_volume_rel24,108,1.1031934889809538,0.912535620258293,0.19065786872266066,0.05574889183044429,0.10588939685700521,0.10588939685700521,WINNER_HIGH,0.5370370370370371,0.2736122013529338,True,0.4718056548970461
rsi6__w72__q75,rsi6,108,61.44787601188377,60.68856528246844,0.7593107294153285,0.9564849853515618,0.10577485243758046,0.10577485243758046,WINNER_HIGH,0.5555555555555556,0.2741285846280297,False,0.47235028375055765
close_location__d24,close_location,108,-0.27180240974175157,-0.23167654056257256,-0.040125869179178986,-0.06738644167780877,-0.10572949978942203,0.10572949978942203,WINNER_LOW,0.5648148148148148,0.2743332275941236,True,0.47235028375055765
close_location__w24__diff_mean,close_location,108,-0.011325100295329725,-0.009653189206990109,-0.0016719110883396176,-0.0028077680617570877,-0.10572949159091712,0.10572949159091712,WINNER_LOW,0.5648148148148148,0.2743332645974786,True,0.47235028375055765
volume_rel24__w72__z,volume_rel24,108,0.9314019556191785,0.8049130214317876,0.12648893418739104,-0.22624278664588926,0.10562693686604596,0.10562693686604596,WINNER_HIGH,0.5555555555555556,0.27479640842784714,True,0.4729148820237113
close_vs_ema72__w240__z,close_vs_ema72,108,-1.0008824376768812,-1.1041339047546328,0.1032514670777514,0.1551209446042776,0.10549341161718001,0.10549341161718001,WINNER_HIGH,0.5740740740740741,0.2754002281097125,True,0.4737209039349063
avg_trade_quote_rel72__w240__up_share,avg_trade_quote_rel72,108,0.49436728187181334,0.4968672817503964,-0.002499999878583131,-0.00125000178813936,-0.10542264727098878,0.10542264727098878,WINNER_LOW,0.5185185185185185,0.2757206062741046,True,0.4740388201280943
lower_wick__w240__diff_std,lower_wick,108,0.30501661560049764,0.30344153118354306,0.0015750844169546033,0.0006742328405380249,0.1052958349536713,0.1052958349536713,WINNER_HIGH,0.5185185185185185,0.27629538060829,True,0.4747935852516905
stoch_k__w72__diff_std,stoch_k,108,16.75227219087106,16.98420992957221,-0.23193773870114923,-0.20506811141967773,-0.10500722081718204,0.10500722081718204,WINNER_LOW,0.5370370370370371,0.2776066053878715,True,0.4768125240871251
atr24_pct__w240__up_share,atr24_pct,108,0.4847993817594316,0.4810262335671319,0.0037731481922997356,1.7881393449270533e-08,0.10484400412918872,0.10484400412918872,WINNER_HIGH,0.5092592592592593,0.27835002691745553,True,0.47785470993143936
close_vs_ema6__w240__q75,close_vs_ema6,108,0.0026963169382522916,0.0025843380713248976,0.0001119788669273947,-2.690025139600043e-05,0.10464449965478925,0.10464449965478925,WINNER_HIGH,0.5277777777777778,0.279260597165372,False,0.47918268316354556
bb_width__w24__pos,bb_width,108,0.5393826585776104,0.5725769776718893,-0.03319431909427899,0.0,-0.10457438053423197,0.10457438053423197,WINNER_LOW,0.4722222222222222,0.2795811193037027,True,0.4794973880358256
close_vs_sma240__w240__late_vs_prev,close_vs_sma240,108,-0.0003717074208301104,-0.003914275503457584,0.003542568082627475,0.0033677369880024343,0.10433914913867293,0.10433914913867293,WINNER_HIGH,0.5277777777777778,0.28065823956642727,True,0.4811087567469589
close_vs_sma72__w24__max,close_vs_sma72,108,0.015688784620983318,0.013324748171837401,0.0023640364491459174,0.000838354043662547,0.10419918570013671,0.10419918570013671,WINNER_HIGH,0.5277777777777778,0.28130048392296797,False,0.4817858165427207
ema_gap_24_72__w72__mean,ema_gap_24_72,108,0.0016533137846568866,0.0028861165617854565,-0.0012328027771285703,-0.0019497132510878147,-0.10419303085362562,0.10419303085362562,WINNER_LOW,0.5925925925925926,0.281328749608303,False,0.4817858165427207
avg_trade_quote_rel24__w240__diff_std,avg_trade_quote_rel24,108,0.25633012158451257,0.2598852869813089,-0.0035551653967963327,-0.003272275626659382,-0.10404034347106492,0.10404034347106492,WINNER_LOW,0.5462962962962963,0.28203058107282947,True,0.48275131767581236
cci20__w240__diff_std,cci20,108,54.96666505601671,55.60600964581526,-0.6393445897985383,-0.35164222717284943,-0.1039974289922745,0.1039974289922745,WINNER_LOW,0.5092592592592593,0.2822280551774509,True,0.4828529887258052
obv_delta__w72__max,obv_delta,108,5272.812693277995,5620.200811767579,-347.38811848958335,-212.83927001953134,-0.10387163657079057,0.10387163657079057,WINNER_LOW,0.5277777777777778,0.2828074459037787,False,0.4836076471029409
close_vs_ema24__w240__delta,close_vs_ema24,108,-0.017273239086366462,-0.015365511508456688,-0.0019077275779097735,0.0002831281861290346,-0.10374496094775484,0.10374496094775484,WINNER_LOW,0.5185185185185185,0.2833917301535957,True,0.48413118454041415
rsi6__w24__q75,rsi6,108,58.01243442959256,56.93706046916821,1.0753739604243528,2.0030090332031243,0.10372533661569117,0.10372533661569117,WINNER_HIGH,0.5833333333333334,0.28348232041530713,False,0.48413118454041415
ema24_slope_6h__w24__max,ema24_slope_6h,108,0.004573645066329846,0.00404734676472058,0.0005262983016092659,-0.0002514756866730749,0.10369284357927325,0.10369284357927325,WINNER_HIGH,0.5833333333333334,0.283632359191337,False,0.48413118454041415
quote_volume_rel24__w24__diff_mean,quote_volume_rel24,108,0.04148428167401882,0.03439123729239563,0.007093044381623188,0.0061868414049968115,0.10365530218873353,0.10365530218873353,WINNER_HIGH,0.5462962962962963,0.28380577697193277,True,0.48413118454041415
quote_volume_rel24__d24,quote_volume_rel24,108,0.9956227354532866,0.8253896889914931,0.17023304646179355,0.14848420768976212,0.10365529437575534,0.10365529437575534,WINNER_HIGH,0.5462962962962963,0.2838058130705888,True,0.48413118454041415
volume_rel240__w24__q90,volume_rel240,108,2.74469554093149,2.5724213169680703,0.17227422396341957,-0.24923588037490862,0.10357687227352588,0.10357687227352588,WINNER_HIGH,0.6018518518518519,0.2841683090889043,False,0.4842835653872132
quote_volume_rel72__w72__max,quote_volume_rel72,108,6.820678506736402,7.223670598312658,-0.4029920915762584,-0.8155611753463745,-0.10356047528315566,0.10356047528315566,WINNER_LOW,0.6111111111111112,0.284244142207872,False,0.4842835653872132
atr6_pct__w24__z,atr6_pct,108,0.7950652015429956,0.6918946960535658,0.10317050548942967,-0.004728188784792975,0.10354610846100752,0.10354610846100752,WINNER_HIGH,0.5,0.2843105975807688,True,0.4842835653872132
stoch_k__w24__q10,stoch_k,108,19.695511363170766,18.626597297633133,1.0689140655376295,-0.4934019088745112,0.10321593762836863,0.10321593762836863,WINNER_HIGH,0.5462962962962963,0.28584077905441957,False,0.4863962812684858
trades_rel24__w240__q75,trades_rel24,108,1.511748131778505,1.4986949642499292,0.013053167528576314,-0.001163220405578591,0.10321056289355535,0.10321056289355535,WINNER_HIGH,0.5092592592592593,0.28586573493836887,False,0.4863962812684858
quote_volume_rel24__w72__z,quote_volume_rel24,108,0.9011927581978617,0.7789540094087662,0.12223874878909552,-0.21812004148960118,0.10318850095135183,0.10318850095135183,WINNER_HIGH,0.5462962962962963,0.28596818824363934,True,0.4863962812684858
dist_high72__w24__z,dist_high72,108,-1.6697784721575402,-1.5827584844030853,-0.08701998775445477,-0.17984802722930915,-0.10310306797324197,0.10310306797324197,WINNER_LOW,0.5833333333333334,0.2863651672255696,True,0.4868347057792012
stoch_d__w240__q10,stoch_d,108,20.69139549467299,20.230521938535897,0.4608735561370849,-0.16714811325073242,0.10301814123625054,0.10301814123625054,WINNER_HIGH,0.5277777777777778,0.28676016783535485,False,0.48715158831515665
stoch_d__w240__max,stoch_d,108,95.48673262419524,95.6777557514332,-0.19102312723795545,-0.10073394775390199,-0.10298192692882893,0.10298192692882893,WINNER_LOW,0.5277777777777778,0.2869287166961308,False,0.48715158831515665
quote_volume_rel24__w24__accel,quote_volume_rel24,108,1.0224066294591736,0.7280472089153945,0.29435942054377917,0.34544141467195,0.10297317071429088,0.10297317071429088,WINNER_HIGH,0.5648148148148148,0.2869694801055827,True,0.48715158831515665
dist_high72__w72__pos,dist_high72,108,0.3060251748430784,0.27884591248152396,0.027179262361554452,-0.012794105838838743,0.10284432954527226,0.10284432954527226,WINNER_HIGH,0.5370370370370371,0.2875697416411061,True,0.48793371495339544
macd_hist_pct__w240__z,macd_hist_pct,108,-1.0431825020609216,-0.973143866420206,-0.07003863564071555,0.04118635952472689,-0.10274704337406705,0.10274704337406705,WINNER_LOW,0.5185185185185185,0.2880235596082937,True,0.4882720370311221
volume_rel72__w24__accel,volume_rel72,108,1.1627060504268028,0.7818122937810619,0.3808937566457407,0.40400503873825083,0.10274172389825531,0.10274172389825531,WINNER_HIGH,0.6018518518518519,0.2880483878739505,True,0.4882720370311221
upper_wick__w24__q90,upper_wick,108,0.527528723080953,0.5366637562160138,-0.009135033135060911,-0.01177147328853606,-0.10264849607192474,0.10264849607192474,WINNER_LOW,0.5277777777777778,0.28848375957610023,False,0.48866327488864036
close_vs_ema48__w72__q25,close_vs_ema48,108,-0.0070438781410694495,-0.005765366526857513,-0.0012785116142119343,0.0003792089642956852,-0.10263246530250188,0.10263246530250188,WINNER_LOW,0.5185185185185185,0.2885586681855998,False,0.48866327488864036
quote_volume_rel24__w24__pos,quote_volume_rel24,108,0.47488521641396264,0.44373714043370754,0.031148075980255038,-0.0017610840965062366,0.10259616977340112,0.10259616977340112,WINNER_HIGH,0.5,0.288728319129088,True,0.4887139070640952
ema_gap_24_72__w24__min,ema_gap_24_72,108,-0.003881565178879235,-0.0026156618848155503,-0.001265903294063685,-0.001444860361516476,-0.10248786833815433,0.10248786833815433,WINNER_LOW,0.5370370370370371,0.28923494197954236,False,0.4891553308772286
ema_gap_6_24__w24__max,ema_gap_6_24,108,0.006162474277466067,0.005446836453241606,0.0007156378242244599,-0.00031829042418394203,0.10248062099593404,0.10248062099593404,WINNER_HIGH,0.5740740740740741,0.2892688659577091,False,0.4891553308772286
ema_gap_72_168__w72__max,ema_gap_72_168,108,0.009826445053207592,0.011727116996405164,-0.0019006719431975698,-0.0025650392926763743,-0.10244930641837265,0.10244930641837265,WINNER_LOW,0.5555555555555556,0.28941547714860516,False,0.48916671028935343
close_vs_sma240__w24__delta,close_vs_sma240,108,-0.023311409271425672,-0.021322784109704822,-0.001988625161720848,4.7711312072352095e-05,-0.10225794900833991,0.10225794900833991,WINNER_LOW,0.5,0.2903124927414169,True,0.4904457908776497
avg_trade_quote_rel240__w240__pos,avg_trade_quote_rel240,108,0.42792038731621923,0.4474535957634173,-0.019533208447198063,-0.036440874263644216,-0.10202946629640085,0.10202946629640085,WINNER_LOW,0.5462962962962963,0.29138602129551694,True,0.49180246054199134
close_vs_sma24__w72__max,close_vs_sma24,108,0.02707502914125615,0.02546033889262212,0.0016146902486340235,0.0005691050551831726,0.10202716975337214,0.10202716975337214,WINNER_HIGH,0.5092592592592593,0.29139682534830025,False,0.49180246054199134
close_vs_ema168__w24__q10,close_vs_ema168,108,-0.008060301186223686,-0.004580084514896886,-0.0034802166713268014,-0.001713797816773876,-0.10197248893083248,0.10197248893083248,WINNER_LOW,0.5648148148148148,0.291654151134195,False,0.49199930849796425
quote_volume_rel240__w240__mean,quote_volume_rel240,108,1.4524750096930399,1.4186853899999898,0.03378961969304967,0.03777476549148551,0.1019074657855435,0.1019074657855435,WINNER_HIGH,0.5277777777777778,0.2919603490115236,False,0.49227837053678786
obv_delta__w24__q10,obv_delta,108,-2405.55258235225,-2277.3084157873086,-128.2441665649414,147.99053344726565,-0.10171461172034826,0.10171461172034826,WINNER_LOW,0.5648148148148148,0.2928697981877696,False,0.49357382374102665
bb_z__w72__max,bb_z,108,2.694622208674749,2.759801227737356,-0.06517901906260738,-0.02149578332900992,-0.10145979427829999,0.10145979427829999,WINNER_LOW,0.5092592592592593,0.294074405104883,False,0.4953652190037456
quote_volume_rel72__w72__up_share,quote_volume_rel72,108,0.474151235487726,0.4789609075144486,-0.004809672026722517,-0.005555573105812062,-0.10138701232698047,0.10138701232698047,WINNER_LOW,0.5555555555555556,0.29441908735134126,True,0.49553352259722316
adx14__w72__std,adx14,108,8.722363264472396,8.22715298820425,0.4952102762681467,0.032683086395263405,0.1013788576051315,0.1013788576051315,WINNER_HIGH,0.5,0.29445772375093787,False,0.49553352259722316
trades_rel24__w240__diff_mean,trades_rel24,108,0.0028104548543457972,0.0022361364364033736,0.0005743184179424235,0.0008466382649203295,0.10132602505628056,0.10132602505628056,WINNER_HIGH,0.5462962962962963,0.29470812350420544,True,0.49571635781347106
quote_volume_rel72__d12,quote_volume_rel72,108,1.218157711231874,1.0293230212582447,0.18883468997362932,0.0379349187016487,0.1012914848516696,0.1012914848516696,WINNER_HIGH,0.5185185185185185,0.29487190493539767,True,0.4957533901726373
dist_high72__w72__late_vs_prev,dist_high72,108,-0.004810921407595109,-0.0031251038556715854,-0.001685817551923523,-0.001391759762191214,-0.10119990421930207,0.10119990421930207,WINNER_LOW,0.5462962962962963,0.29530645783504617,True,0.4962454027146355
quote_volume_rel240__w72__q75,quote_volume_rel240,108,1.7544285025861528,1.6798207382361094,0.0746077643500434,0.01849997043609619,0.10109994712912658,0.10109994712912658,WINNER_HIGH,0.5092592592592593,0.2957812535016586,False,0.49680453578064365
quote_volume_rel240__w72__q10,quote_volume_rel240,108,0.5358823035602216,0.5169803183939722,0.01890198516624945,-0.008631449937820446,0.10104468096055519,0.10104468096055519,WINNER_HIGH,0.5185185185185185,0.296043989883864,False,0.4970071207987866
ema_gap_72_168__d12,ema_gap_72_168,108,-0.0010533717524123386,-0.001369765908142047,0.0003163941557297086,0.00019513406441546967,0.10095117450343617,0.10095117450343617,WINNER_HIGH,0.5555555555555556,0.2964888819277612,True,0.49751517279336893
close_vs_ema48__w24__q90,close_vs_ema48,108,0.009350801832220491,0.007813673972688976,0.0015371278595315133,0.0006797974463552238,0.10085064581888235,0.10085064581888235,WINNER_HIGH,0.5648148148148148,0.29696769056836414,False,0.497731694856772
rebound_low72__w240__min,rebound_low72,108,0.0029897505085227432,0.0024901298444031336,0.0004996206641196098,-0.00045073170692546685,0.10082513401113163,0.10082513401113163,WINNER_HIGH,0.6296296296296297,0.2970892842747801,False,0.497731694856772
rsi14__w240__mean,rsi14,108,51.14007434138545,51.6014101099085,-0.46133576852303976,-0.3755268096923814,-0.10080859536349694,0.10080859536349694,WINNER_LOW,0.5277777777777778,0.29716812837471757,False,0.497731694856772
macd_fast_hist_pct__w240__late_vs_prev,macd_fast_hist_pct,108,-0.00019508827180861435,-0.00012441464938025028,-7.067362242836409e-05,-8.171670924639329e-05,-0.10075735346552724,0.10075735346552724,WINNER_LOW,0.5740740740740741,0.2974125020940488,True,0.497731694856772
close_vs_vwap72__w24__late_vs_prev,close_vs_vwap72,108,-0.008519434297576718,-0.007818987478781814,-0.0007004468187949023,-0.0006259947083890431,-0.1007526964981315,0.1007526964981315,WINNER_LOW,0.5462962962962963,0.29743471802268184,True,0.497731694856772
close_vs_vwap24__w240__delta,close_vs_vwap24,108,-0.017168841076016652,-0.015393131341018794,-0.0017757097349978587,0.0007044371028314342,-0.10074490235514637,0.10074490235514637,WINNER_LOW,0.5370370370370371,0.297471902273564,True,0.497731694856772
stoch_d__w240__std,stoch_d,108,24.070809752852828,24.224037431787565,-0.15322767893473332,-0.1144639968872081,-0.10065484833337572,0.10065484833337572,WINNER_LOW,0.5277777777777778,0.2979017599755981,False,0.49821255601849185
avg_trade_quote_rel240__w72__diff_std,avg_trade_quote_rel240,108,0.24791132334481786,0.2530103107293447,-0.005098987384526817,-0.005471791326999667,-0.10055679092120844,0.10055679092120844,WINNER_LOW,0.5185185185185185,0.29837029890193256,True,0.4987576172371215
cci20__w72__q25,cci20,108,-68.31537960276559,-72.84319583972295,4.527816236957356,-4.416710090637206,0.10049822297030528,0.10049822297030528,WINNER_HIGH,0.5740740740740741,0.2986503868108408,False,0.49877432707943387
mfi14__w72__pos,mfi14,108,0.2816723970334149,0.2646853379713354,0.016987059062079493,0.0031363397836685347,0.10049505257346605,0.10049505257346605,WINNER_HIGH,0.5,0.2986655535900299,True,0.49877432707943387
macd_signal_pct__w72__diff_mean,macd_signal_pct,108,-2.8721034779108675e-05,-4.089326598407044e-05,1.2172231204961766e-05,1.103419217542978e-05,0.10039958496339335,0.10039958496339335,WINNER_HIGH,0.5555555555555556,0.2991225028863654,True,0.49929899407810013
dist_high24__w24__q90,dist_high24,108,-0.01078094150633896,-0.012194522511412353,0.001413581005073394,0.0015577589860185982,0.1002463472403669,0.1002463472403669,WINNER_HIGH,0.6203703703703703,0.29985695364630094,False,0.5002861483306844
macd_signal_pct__w24__min,macd_signal_pct,108,-0.003379380348934336,-0.0028070160471774792,-0.000572364301756857,-5.7117881078738725e-05,-0.10017577661294998,0.10017577661294998,WINNER_LOW,0.5092592592592593,0.30019560032931436,False,0.500612310134293
close_vs_ema24__w24__max,close_vs_ema24,108,0.01169008869517172,0.010655893846813813,0.0010341948483579067,-0.0002588576870039107,0.10000843469654574,0.10000843469654574,WINNER_HIGH,0.5185185185185185,0.30099965569723985,False,0.5012214063175041
close_vs_sma72__w24__min,close_vs_sma72,108,-0.021334797248494363,-0.01891209498839157,-0.0024227022601027988,0.00033702533692121523,-0.10000332191551742,0.10000332191551742,WINNER_LOW,0.5277777777777778,0.3010242448032137,False,0.5012214063175041
bb_width__w72__min,bb_width,108,0.012112353714959076,0.01156879267914014,0.0005435610358189377,-0.0001989472657442093,0.09997034513070635,0.09997034513070635,WINNER_HIGH,0.5185185185185185,0.3011828739959453,False,0.5012214063175041
macd_signal_pct__w24__q10,macd_signal_pct,108,-0.0024931038629818904,-0.0019320174079877216,-0.0005610864549941688,-0.0002571621153037995,-0.09995422781509734,0.09995422781509734,WINNER_LOW,0.5370370370370371,0.3012604241268242,False,0.5012214063175041
dist_high24__w72__diff_std,dist_high24,108,0.005447086349940272,0.0052573125774937664,0.00018977377244650768,1.110835000872612e-06,0.09995068056985464,0.09995068056985464,WINNER_HIGH,0.5,0.30127749387457636,True,0.5012214063175041
ema_gap_6_24__w24__q25,ema_gap_6_24,108,-0.0036738816673244365,-0.002835276361053764,-0.0008386053062706735,0.00010219186078757048,-0.09989527607999553,0.09989527607999553,WINNER_LOW,0.5277777777777778,0.3015441913568706,False,0.5012475457956618
avg_trade_quote_rel24__w24__z,avg_trade_quote_rel24,108,0.2729790560875295,0.38097159318513824,-0.10799253709760874,-0.05665549151599411,-0.09983548492474605,0.09983548492474605,WINNER_LOW,0.5185185185185185,0.3018321834577192,True,0.5012475457956618
volume_rel24__w24__pos,volume_rel24,108,0.47883433877938875,0.44850794505888464,0.030326393720504177,-0.0008215904235839844,0.09983454241489732,0.09983454241489732,WINNER_HIGH,0.5,0.3018367246683437,True,0.5012475457956618
lower_wick__w72__min,lower_wick,108,0.000662928502606519,0.0002499814428667243,0.00041294705973979464,-6.757861683581723e-06,0.09982835216435754,0.09982835216435754,WINNER_HIGH,0.5925925925925926,0.3018665517431123,False,0.5012475457956618
trades_rel24__w72__mean,trades_rel24,108,1.2662581911793462,1.2829859008391697,-0.01672770965982367,-0.015217947959899947,-0.09966864170785791,0.09966864170785791,WINNER_LOW,0.5555555555555556,0.30263678767056446,False,0.502268595250989
atr14_pct__w24__std,atr14_pct,108,0.0015629113470452096,0.00143540859264451,0.00012750275440069983,-8.75427213031804e-06,0.09961331468175616,0.09961331468175616,WINNER_HIGH,0.5277777777777778,0.302903922285489,False,0.502268595250989
ema_gap_72_168__w24__max,ema_gap_72_168,108,0.005813194009803097,0.007640161443419789,-0.0018269674336166917,-0.0038852139143273233,-0.09961157094644697,0.09961157094644697,WINNER_LOW,0.5555555555555556,0.30291234411905515,False,0.502268595250989
macd_pct__w24__min,macd_pct,108,-0.0048314602895052974,-0.004247756093122412,-0.0005837041963828864,4.8378790961578315e-05,-0.09955980864116906,0.09955980864116906,WINNER_LOW,0.5092592592592593,0.3031624158494622,False,0.5024450086377105
bb_z__w240__diff_std,bb_z,108,0.7377200148723744,0.7448593533701364,-0.007139338497762321,-0.0041762053966521995,-0.09947832623414092,0.09947832623414092,WINNER_LOW,0.5555555555555556,0.30355635189672736,True,0.502859574885294
rebound_low72__w72__q10,rebound_low72,108,0.023186155963533867,0.021290946335109227,0.0018952096284246417,-0.0030295611359179024,0.09938618860674153,0.09938618860674153,WINNER_HIGH,0.5648148148148148,0.30400221720031845,False,0.5033597317942773
obv_delta__w24__late_vs_prev,obv_delta,108,-782.6290975676643,-649.7462127401873,-132.88288482747697,20.4838733673096,-0.09912343221038449,0.09912343221038449,WINNER_LOW,0.5092592592592593,0.30527614931523567,True,0.5052298599883479
trades_rel72__w72__std,trades_rel72,108,0.8746304154672004,0.9139576506835444,-0.03932723521634385,-0.08624200522899628,-0.09907271249581714,0.09907271249581714,WINNER_LOW,0.6111111111111112,0.30552246862868937,False,0.5053983315016682
quote_volume_rel240__w72__up_share,quote_volume_rel240,108,0.4719650223851204,0.4767489720825796,-0.004783949697459188,-0.004166677594184903,-0.0990297106125484,0.0990297106125484,WINNER_LOW,0.5462962962962963,0.30573141112562807,True,0.505504843832776
close_vs_ema168__w24__late_vs_prev,close_vs_ema168,108,-0.009061630773093956,-0.00843711818845013,-0.000624512584643829,0.00020725645208585775,-0.0987530652630544,0.0987530652630544,WINNER_LOW,0.5277777777777778,0.3070779044789053,True,0.5073644947265795
close_vs_ema240__w240__max,close_vs_ema240,108,0.06871803876667938,0.06431290067007972,0.004405138096599666,0.001334290392696856,0.09873882223666691,0.09873882223666691,WINNER_HIGH,0.5462962962962963,0.30714733603463157,False,0.5073644947265795
stoch_d__w240__z,stoch_d,108,-1.0158150575503155,-1.053655939371351,0.037840881821035434,0.07631914615631097,0.0987092777112513,0.0987092777112513,WINNER_HIGH,0.5740740740740741,0.30729139257389054,True,0.5073644947265795
ema72_slope_12h__w24__min,ema72_slope_12h,108,-0.0028859412482739166,-0.0022224971686632166,-0.0006634440796107001,-0.0009803430293686688,-0.09866286086102811,0.09866286086102811,WINNER_LOW,0.5555555555555556,0.30751780871169093,False,0.5074987149904593
taker_share__w72__max,taker_share,108,0.6280501523503551,0.6316260389707707,-0.0035758866204155825,-0.004796522855758656,-0.09849794892924486,0.09849794892924486,WINNER_LOW,0.5370370370370371,0.3083231359659257,False,0.508587738902284
close_location__w72__q90,close_location,108,0.9103421723401105,0.9070194270875719,0.003322745252538611,0.0024638116359710915,0.09819305479673256,0.09819305479673256,WINNER_HIGH,0.5555555555555556,0.309815771477034,False,0.5108089358110267
close_vs_sma24__w24__max,close_vs_sma24,108,0.013390937668831341,0.012234628159691322,0.0011563095091400165,-0.00034496814478188805,0.09812568156168439,0.09812568156168439,WINNER_HIGH,0.5370370370370371,0.3101462547902974,False,0.5108232106306327
ema24_slope_6h__w24__q10,ema24_slope_6h,108,-0.004159400742924778,-0.0036215086688521853,-0.0005378920740725932,0.00012710278242593625,-0.09810287713364126,0.09810287713364126,WINNER_LOW,0.5277777777777778,0.31025816991547706,False,0.5108232106306327
volume_rel240__w72__mean,volume_rel240,108,1.4437312136093776,1.3867503165094943,0.05698089709988346,0.03100587129592902,0.09810196364384245,0.09810196364384245,WINNER_HIGH,0.5462962962962963,0.3102626535257261,False,0.5108232106306327
bb_z__w72__accel,bb_z,108,-1.8443217901857916,-1.5825001950936253,-0.2618215950921661,-0.43116683959960933,-0.09799138087107942,0.09799138087107942,WINNER_LOW,0.5740740740740741,0.3108057387426506,True,0.5108833910666708
bb_z__w240__accel,bb_z,108,-1.8443217901857916,-1.5825001950936253,-0.2618215950921661,-0.43116683959960933,-0.09799138087107942,0.09799138087107942,WINNER_LOW,0.5740740740740741,0.3108057387426506,True,0.5108833910666708
close_vs_vwap72__w72__accel,close_vs_vwap72,108,-0.0180386256415322,-0.015817082043913952,-0.002221543597618249,-0.001023766500293277,-0.09797554280923794,0.09797554280923794,WINNER_LOW,0.5462962962962963,0.31088357340288114,True,0.5108833910666708
close_vs_vwap72__w240__accel,close_vs_vwap72,108,-0.0180386256415322,-0.015817082043913952,-0.002221543597618249,-0.001023766500293277,-0.09797554280923794,0.09797554280923794,WINNER_LOW,0.5462962962962963,0.31088357340288114,True,0.5108833910666708
ema168_slope_24h__w24__mean,ema168_slope_24h,108,0.0018980681480671694,0.0028536349191401506,-0.0009555667710729822,-0.0014981980551965533,-0.09792932532172437,0.09792932532172437,WINNER_LOW,0.5925925925925926,0.31111077943580223,False,0.511016625498826
ema_gap_6_24__w240__z,ema_gap_6_24,108,-0.8677449393155122,-0.9422279422244711,0.07448300290895903,0.09664835520088674,0.0977993311899287,0.0977993311899287,WINNER_HIGH,0.5648148148148148,0.3117504284716354,True,0.5118268771668117
lower_wick__w72__diff_mean,lower_wick,108,-0.0010779709223916816,-0.0006838433508741454,-0.00039412757151753623,-0.00012911282829008996,-0.09771808877553965,0.09771808877553965,WINNER_LOW,0.5277777777777778,0.31215063596998094,True,0.5122434415706351
close_vs_sma24__w24__late_vs_prev,close_vs_sma24,108,-0.00784631585540612,-0.007097149144741436,-0.000749166710664684,-5.893002598895665e-05,-0.09768792849072845,0.09768792849072845,WINNER_LOW,0.5092592592592593,0.31229929561634284,True,0.5122470153707087
trades_rel240__w72__diff_std,trades_rel240,108,0.7661037439549411,0.8083241505755319,-0.042220406620590775,-0.05581731200218204,-0.0975574907567112,0.0975574907567112,WINNER_LOW,0.5648148148148148,0.31294276610242194,True,0.5129401490616692
macd_hist_pct__w240__mean,macd_hist_pct,108,-3.095970295471825e-05,-4.607122211489746e-05,1.5111519160179207e-05,2.2591165998164797e-05,0.09754281175647642,0.09754281175647642,WINNER_HIGH,0.5555555555555556,0.31301523537249126,False,0.5129401490616692
stoch_d__w240__q75,stoch_d,108,74.4884202392013,74.99781812032064,-0.5093978811193395,-0.08519821166992614,-0.09749296411559755,0.09749296411559755,WINNER_LOW,0.5,0.31326141356424014,False,0.5131031209527624
stoch_d__w24__min,stoch_d,108,17.10166115451742,16.235871580353493,0.8657895741639311,-0.43428437709808376,0.09733691240919636,0.09733691240919636,WINNER_HIGH,0.5185185185185185,0.3140329279310377,False,0.5139605711690537
bb_width__w24__q10,bb_width,108,0.019952190173272457,0.019016441510541843,0.00093574866273061,-0.0007379619404673582,0.09732763184739412,0.09732763184739412,WINNER_HIGH,0.5370370370370371,0.3140788506114578,False,0.5139605711690537
macd_pct__w24__q25,macd_pct,108,-0.001979861768901443,-0.0013962590847128283,-0.0005836026841886146,-0.0001527420448837801,-0.09691923888678419,0.09691923888678419,WINNER_LOW,0.5277777777777778,0.31610412283765293,False,0.5170327958668253
atr24_pct__w240__q10,atr24_pct,108,0.004646064541130154,0.004504435956564352,0.00014162858456580175,8.271127007901695e-05,0.0968366366841026,0.0968366366841026,WINNER_HIGH,0.5092592592592593,0.3165148122901681,False,0.5174625051793912
stoch_k__w240__std,stoch_k,108,26.38052221580788,26.516920506512683,-0.13639829070479767,-0.11051311492919957,-0.09678584871096287,0.09678584871096287,WINNER_LOW,0.5185185185185185,0.31676750093132566,False,0.5176336218489933
upper_wick__d3,upper_wick,108,-0.061578414657291164,-0.08929148278049842,0.027713068123207285,0.03779075033962727,0.09661759729351374,0.09661759729351374,WINNER_HIGH,0.5462962962962963,0.31760557142072854,True,0.5187225896406513
avg_trade_quote_rel72__w72__q10,avg_trade_quote_rel72,108,0.722336377258654,0.7314980010191598,-0.009161623760505958,0.004119545221328735,-0.09658460161843313,0.09658460161843313,WINNER_LOW,0.5185185185185185,0.3177700975780933,False,0.5187225896406513
rebound_low240__w240__diff_mean,rebound_low240,108,-0.00010491962988868197,-5.78721528481407e-05,-4.704747704054129e-05,-6.12980428741139e-05,-0.09656278777159229,0.09656278777159229,WINNER_LOW,0.5648148148148148,0.3178788989419261,True,0.5187225896406513
macd_fast_hist_pct__w72__late_vs_prev,macd_fast_hist_pct,108,-0.0005035188315660991,-0.0006627945224459432,0.00015927569087984415,3.432488301768899e-05,0.0965124230245488,0.0965124230245488,WINNER_HIGH,0.5462962962962963,0.3181301987568187,True,0.5188905340730386
ema_gap_6_24__w240__q90,ema_gap_6_24,108,0.010643957606387429,0.010107028602484476,0.0005369290039029524,-0.0003650635946542023,0.09647859817612213,0.09647859817612213,WINNER_HIGH,0.5277777777777778,0.31829904520249425,False,0.5189238979361875
volume_rel24__w24__accel,volume_rel24,108,1.0474934228178527,0.7577263399803391,0.2897670828375138,0.30704022622667254,0.09643523870480109,0.09643523870480109,WINNER_HIGH,0.5833333333333334,0.31851557350290216,True,0.5190349303539836
dist_high240__w72__z,dist_high240,108,-1.2743900729670983,-1.3862946706882213,0.11190459772112298,0.010086888074874845,0.09630050762961148,0.09630050762961148,WINNER_HIGH,0.5,0.31918901693673996,True,0.5198900755602142
volume_rel24__w240__mean,volume_rel24,108,1.3635543319914076,1.3536297237431558,0.009924608248251452,0.0031591892242431863,0.09620800705728313,0.09620800705728313,WINNER_HIGH,0.5370370370370371,0.3196519210088361,False,0.5203691723520241
trades_rel24__w240__up_share,trades_rel24,108,0.4655478389726745,0.46310956743028425,0.0024382715423901867,0.001666662096977245,0.0961822754820087,0.0961822754820087,WINNER_HIGH,0.5462962962962963,0.3197807696266799,True,0.5203691723520241
avg_trade_quote_rel72__w24__mean,avg_trade_quote_rel72,108,1.0406343263608437,1.0216525785349033,0.01898174782594045,-0.008043897151946977,0.09592088984312477,0.09592088984312477,WINNER_HIGH,0.5185185185185185,0.32109158754290706,False,0.5222592007616493
upper_wick__w72__q75,upper_wick,108,0.39600185235893287,0.3912249132438943,0.004776939115038625,0.009635946154594427,0.0958148078983482,0.0958148078983482,WINNER_HIGH,0.5833333333333334,0.3216245898909457,False,0.5228829339138248
close_vs_vwap240__w72__max,close_vs_vwap240,108,0.0392268835981937,0.04400620865721807,-0.004779325059024377,-0.004183291038498283,-0.09575918574551717,0.09575918574551717,WINNER_LOW,0.5462962962962963,0.3219042940178314,False,0.523094477778976
close_vs_ema168__w240__mean,close_vs_ema168,108,0.007205627645817003,0.009789622626966669,-0.002583994981149671,-0.004468845925293863,-0.0956824678614737,0.0956824678614737,WINNER_LOW,0.6018518518518519,0.3222903452184318,False,0.5234785588615216
volume_rel72__w72__late_vs_prev,volume_rel72,108,0.13261835561651322,0.047065962116984224,0.08555239349952898,0.05598189048469064,0.09564601506859159,0.09564601506859159,WINNER_HIGH,0.5185185185185185,0.3224738862210349,True,0.5235335098026737
rebound_low240__w240__delta,rebound_low240,108,-0.024940598214959243,-0.013700087203229757,-0.011240511011729484,-0.01704869550303556,-0.0955090976389263,0.0955090976389263,WINNER_LOW,0.5740740740740741,0.32316388743665464,True,0.5244102618867663
rsi24__w72__q90,rsi24,108,59.40971353318956,58.69916196752479,0.710551565664786,-0.052695465087889914,0.09532187226553,0.09532187226553,WINNER_HIGH,0.5185185185185185,0.32410899636766993,False,0.5256999815852234
body_pct__w72__diff_std,body_pct,108,0.00793424945462633,0.0076734659218884735,0.00026078353273785784,0.00014689269009977553,0.09527485644595923,0.09527485644595923,WINNER_HIGH,0.5277777777777778,0.3243466175178398,True,0.5258415027630439
volume_rel24__w24__mean,volume_rel24,108,1.4508377722016088,1.404197699493832,0.04664007270777667,-0.004583144187927268,0.0952067239438714,0.0952067239438714,WINNER_HIGH,0.5,0.32469116790191227,False,0.5260302308297217
close_vs_ema12__w72__up_share,close_vs_ema12,108,0.48251028800452195,0.47818929983509906,0.004320988169422858,0.005555558204650868,0.0951923528494167,0.0951923528494167,WINNER_HIGH,0.5277777777777778,0.3247638742812036,True,0.5260302308297217
close_vs_vwap72__w24__up_share,close_vs_vwap72,108,0.44444444803176103,0.43587963051266143,0.008564817519099623,0.016666668653488148,0.09511725665677302,0.09511725665677302,WINNER_HIGH,0.5833333333333334,0.32514397643592674,True,0.5263408035235253
trades_rel24__w24__z,trades_rel24,108,0.8496075425193541,0.7388945904875138,0.11071295203184021,-0.19566778317093841,0.09500032411690443,0.09500032411690443,WINNER_HIGH,0.5648148148148148,0.3257364189207687,True,0.5263408035235253
ema_gap_6_24__w240__mean,ema_gap_6_24,108,0.0005641771345263233,0.0009030982972667011,-0.00033892116274037776,-0.0004249317789799534,-0.09498603404306585,0.09498603404306585,WINNER_LOW,0.5648148148148148,0.32580886882016175,False,0.5263408035235253
atr14_pct__w240__q10,atr14_pct,108,0.004365954938327411,0.004242276066819344,0.0001236788715080668,-8.583160815760498e-05,0.0949692175461321,0.0949692175461321,WINNER_HIGH,0.5092592592592593,0.3258941411551636,False,0.5263408035235253
volume_rel72__w240__mean,volume_rel72,108,1.4573773907290564,1.4393844083503438,0.01799298237871241,0.0025165677070617676,0.09493178753152984,0.09493178753152984,WINNER_HIGH,0.5,0.32608399240491187,False,0.5263408035235253
stoch_k__w24__std,stoch_k,108,23.140065784807557,22.564092134546353,0.5759736502612077,-0.0075487136840823865,0.09490487391354759,0.09490487391354759,WINNER_HIGH,0.5,0.3262205477917934,False,0.5263408035235253
quote_volume_rel240__w72__q25,quote_volume_rel240,108,0.7093235985548408,0.6851733770635391,0.024150221491301506,0.0009530216455459484,0.09486618345061273,0.09486618345061273,WINNER_HIGH,0.5092592592592593,0.3264169230309067,False,0.5263408035235253
obv_delta__w240__diff_mean,obv_delta,108,-9.484395193970865,-8.11373736591044,-1.3706578280604276,0.6701083660125731,-0.09480389578452701,0.09480389578452701,WINNER_LOW,0.5277777777777778,0.3267332305813411,True,0.5263408035235253
log_ret__w72__diff_std,log_ret,108,0.0079413275277518,0.007681386432334506,0.00025994109541729654,0.00013872520066797716,0.0948001395445813,0.0948001395445813,WINNER_HIGH,0.5185185185185185,0.326752311871132,True,0.5263408035235253
close_location__w240__q25,close_location,108,0.25248480312250277,0.24938963532999714,0.0030951677925056854,-0.0023350685834884616,0.09479918861443998,0.09479918861443998,WINNER_HIGH,0.5185185185185185,0.3267571426091111,False,0.5263408035235253
quote_volume_rel72__w240__diff_std,quote_volume_rel72,108,1.2065127353977274,1.237807766817234,-0.03129503141950679,-0.0352525472640991,-0.0947979185923552,0.0947979185923552,WINNER_LOW,0.5185185185185185,0.32676359441185104,True,0.5263408035235253
abs_body_pct__w24__diff_std,abs_body_pct,108,0.004918232332716731,0.00474519944314293,0.0001730328895738003,-6.49298308417201e-05,0.09476107242231634,0.09476107242231634,WINNER_HIGH,0.5,0.32695081211564536,True,0.5263408035235253
rebound_low240__w240__q10,rebound_low240,108,0.04403346062085971,0.048102135535467556,-0.0040686749146078465,-0.01243562772870064,-0.09475441684593808,0.09475441684593808,WINNER_LOW,0.6203703703703703,0.32698463704855296,False,0.5263408035235253
adx14__w24__z,adx14,108,0.12254483829666343,0.24085026785075941,-0.118305429554096,0.028578585386276223,-0.09473904137806796,0.09473904137806796,WINNER_LOW,0.5092592592592593,0.3270627869764428,True,0.5263408035235253
upper_wick__w24__min,upper_wick,108,0.006616581251343497,0.0051345913829175475,0.0014819898684259494,-5.101023634779268e-06,0.09466898449990321,0.09466898449990321,WINNER_HIGH,0.5277777777777778,0.3274190254847025,False,0.5264628636890379
dist_high240__w72__late_vs_prev,dist_high240,108,-0.004904235639047167,-0.0034153052211911054,-0.0014889304178560615,0.0008624646929092704,-0.09464069840620033,0.09464069840620033,WINNER_LOW,0.5185185185185185,0.327562932340736,True,0.5264628636890379
ema_gap_6_24__w240__max,ema_gap_6_24,108,0.021112387512672554,0.020215236612906057,0.000897150899766496,-0.0001675804145634171,0.09463532491923363,0.09463532491923363,WINNER_HIGH,0.5185185185185185,0.3275902749177428,False,0.5264628636890379
rebound_low24__w240__diff_mean,rebound_low24,108,-5.4191878014035694e-05,-6.468613818279216e-05,1.0494260168756484e-05,2.7354345456842568e-05,0.09460042626697827,0.09460042626697827,WINNER_HIGH,0.6111111111111112,0.3277678905960744,True,0.5264662267363581
close_vs_ema6__w240__mean,close_vs_ema6,108,5.2072670491219876e-05,0.00015024850476526842,-9.817583427404855e-05,-0.00018049840145977216,-0.09457576070155702,0.09457576070155702,WINNER_LOW,0.5555555555555556,0.32789346349207554,False,0.5264662267363581
atr6_pct__w240__q10,atr6_pct,108,0.004010848253663561,0.003910081196766071,0.00010076705689748955,-3.976146690547449e-05,0.09453491941086366,0.09453491941086366,WINNER_HIGH,0.5185185185185185,0.32810145692635445,False,0.5265584189405514
quote_volume_rel72__w240__q25,quote_volume_rel72,108,0.6424724249928085,0.6351482368177839,0.007324188175024804,0.00967605710029601,0.09443459447044733,0.09443459447044733,WINNER_HIGH,0.5462962962962963,0.32861275257765066,False,0.5271370622770846
close_vs_ema6__w240__up_share,close_vs_ema6,108,0.4895833308498065,0.4914583306069727,-0.0018749997571662635,-0.0008333235979080256,-0.09437666214011335,0.09437666214011335,WINNER_LOW,0.5185185185185185,0.328908237165296,True,0.527369145055956
rsi6__w72__min,rsi6,108,15.982794211970436,15.490935168001386,0.49185904396904856,0.9271242618560791,0.09430836144250453,0.09430836144250453,WINNER_HIGH,0.5740740740740741,0.3292568300018314,False,0.5276861294758957
atr72_pct__w240__pos,atr72_pct,108,0.5239052856103862,0.49105645936937503,0.03284882624101118,0.012585547566413904,0.09422654177044887,0.09422654177044887,WINNER_HIGH,0.5277777777777778,0.32967474040809225,True,0.5281138649597337
obv_delta__w72__up_share,obv_delta,108,0.476337446934647,0.48119856047409554,-0.00486111353944849,-0.012500008940696722,-0.09418212843934491,0.09418212843934491,WINNER_LOW,0.5925925925925926,0.3299017362389789,True,0.5282355181445555
ema168_slope_24h__w240__mean,ema168_slope_24h,108,0.0022443680116347657,0.002969585030101977,-0.0007252170184672111,-0.0014296390669187532,-0.09415018694145333,0.09415018694145333,WINNER_LOW,0.5833333333333334,0.3300650521627081,False,0.5282551429807736
bb_z__w240__min,bb_z,108,-3.322273196997466,-3.350444585305673,0.02817138830820722,0.001394176483154208,0.0940703023852704,0.0940703023852704,WINNER_HIGH,0.5,0.33047373185560375,False,0.5286672645466818
close_vs_sma72__w24__pos,close_vs_sma72,108,0.11920195279634316,0.13229832818162524,-0.01309637538528208,-0.005630520172417164,-0.09397603934090187,0.09397603934090187,WINNER_LOW,0.5277777777777778,0.3309563971010181,True,0.5287692630112492
close_vs_ema168__w24__mean,close_vs_ema168,108,0.003538141383345377,0.006748270891963599,-0.0032101295086182226,-0.005403704347554595,-0.09397490131788426,0.09397490131788426,WINNER_LOW,0.5740740740740741,0.3309622270668612,False,0.5287692630112492
close_vs_ema24__w240__mean,close_vs_ema24,108,0.000644856552955591,0.0010770830505390657,-0.000432226497583475,-0.0006609317111724521,-0.09396926321295572,0.09396926321295572,WINNER_LOW,0.5462962962962963,0.33099111144741905,False,0.5287692630112492
trades_rel24__w72__q90,trades_rel24,108,2.247733846858696,2.294562418372543,-0.04682857151384709,-0.04704263210296622,-0.09384074187469314,0.09384074187469314,WINNER_LOW,0.5462962962962963,0.33164998310973404,False,0.5295056333020401
close_vs_sma72__w72__q25,close_vs_sma72,108,-0.009072957998055412,-0.007174071254835495,-0.0018988867432199186,0.0001567031373269855,-0.09382029433094621,0.09382029433094621,WINNER_LOW,0.5,0.33175488777945955,False,0.5295056333020401
ema_gap_72_168__w240__pos,ema_gap_72_168,108,0.42156971463312704,0.4598169047458618,-0.03824719011273475,-0.07578504756093025,-0.09376310741114724,0.09376310741114724,WINNER_LOW,0.5648148148148148,0.332048396667992,True,0.529732318954365
close_vs_vwap24__w72__max,close_vs_vwap24,108,0.025694306704853835,0.02440060694546749,0.0012936997593863413,0.001769727561622858,0.09369442080536008,0.09369442080536008,WINNER_HIGH,0.5462962962962963,0.3324011519421443,False,0.5300532732976191
upper_wick__w24__delta,upper_wick,108,-0.06706825297976172,-0.04288391010809895,-0.02418434287166275,-0.002506215125322342,-0.09363030378830574,0.09363030378830574,WINNER_LOW,0.5185185185185185,0.3327306605194789,True,0.5303368823320956
close_vs_sma168__w240__pos,close_vs_sma168,108,0.358817974133099,0.3338573690666601,0.024960605066438876,0.031258380395593116,0.09358033890570042,0.09358033890570042,WINNER_HIGH,0.5277777777777778,0.3329875870315012,True,0.5305045976533758
macd_signal_pct__w24__q25,macd_signal_pct,108,-0.001386187596364363,-0.0008819744871912176,-0.0005042131091731452,-0.00016556232003495097,-0.09354751573330629,0.09354751573330629,WINNER_LOW,0.5185185185185185,0.33315643910289244,False,0.5305319068956351
atr14_pct__w24__late_vs_prev,atr14_pct,108,0.00018816589088735918,0.0003561367252755358,-0.00016797083438817667,0.0001568207670061383,-0.0934619333028765,0.0934619333028765,WINNER_LOW,0.5555555555555556,0.33359696385595966,True,0.5309153640363927
trades_rel24__w240__z,trades_rel24,108,0.8497714491612796,0.7494566869154505,0.10031476224582916,-0.15058406703174113,0.09344175629626517,0.09344175629626517,WINNER_HIGH,0.5648148148148148,0.33370087793880215,True,0.5309153640363927
close_vs_sma168__w24__q10,close_vs_sma168,108,-0.0083310505269091,-0.004630283726981831,-0.0037007667999272667,-0.004322618807782419,-0.09332484141996887,0.09332484141996887,WINNER_LOW,0.5555555555555556,0.3343034208057966,False,0.531632133950828
trades_rel240__w72__mean,trades_rel240,108,1.351382170562391,1.31095024810897,0.040431922453421136,-0.001807147264480502,0.0930509306764626,0.0930509306764626,WINNER_HIGH,0.5,0.3357178549506957,False,0.5336387903466286
close_vs_sma240__w24__q90,close_vs_sma240,108,0.017568210807372385,0.022499415799285532,-0.004931204991913141,-0.007040010578930379,-0.09284508489288579,0.09284508489288579,WINNER_LOW,0.5370370370370371,0.33678337934151226,False,0.5350892674044836
avg_trade_quote_rel72__w72__up_share,avg_trade_quote_rel72,108,0.4957561744032083,0.49976852039496106,-0.004012345991752769,-0.005555558204650923,-0.0928082072944841,0.0928082072944841,WINNER_LOW,0.5462962962962963,0.3369745024204798,True,0.5351497888121789
ema24_slope_6h__w24__q75,ema24_slope_6h,108,0.00223002248539059,0.0017764077644153952,0.0004536147209751949,3.1254609348252286e-05,0.0927636941578202,0.0927636941578202,WINNER_HIGH,0.5,0.3372052918752754,False,0.5352607270678744
mfi14__w240__pos,mfi14,108,0.3077289327996335,0.2935665017700996,0.014162431029533904,0.007016727328300443,0.09273570064674287,0.09273570064674287,WINNER_HIGH,0.5555555555555556,0.33735048397414785,True,0.5352607270678744
avg_trade_quote_rel24__w24__std,avg_trade_quote_rel24,108,0.24395239353179932,0.2515853938681108,-0.007633000336311483,-0.008450391888618458,-0.09261795702688165,0.09261795702688165,WINNER_LOW,0.5648148148148148,0.33796162308680133,False,0.5359872090406096
close_vs_vwap240__w72__q75,close_vs_vwap240,108,0.022735813386319664,0.027074528263269546,-0.004338714876949881,-0.0030371143482625478,-0.09215752516137923,0.09215752516137923,WINNER_LOW,0.5277777777777778,0.34035837782365175,False,0.5395436297594334
lower_wick__w24__min,lower_wick,108,0.009690598863050615,0.00787217444938135,0.0018184244136692645,-0.000418968310987111,0.09208461862123042,0.09208461862123042,WINNER_HIGH,0.6018518518518519,0.3407388995854595,False,0.5399020987088137
volume_rel24__w72__diff_std,volume_rel24,108,1.0749225655087717,1.11807012922234,-0.043147563713568225,-0.06621219515800475,-0.09200493261885487,0.09200493261885487,WINNER_LOW,0.6018518518518519,0.34115512139567844,True,0.5401749516961196
avg_trade_quote_rel240__w24__max,avg_trade_quote_rel240,108,1.5343241818525173,1.5675126156321275,-0.03318843377961051,-0.06192458868026729,-0.09199251022526829,0.09199251022526829,WINNER_LOW,0.5555555555555556,0.3412200366876546,False,0.5401749516961196
macd_signal_pct__w72__pos,macd_signal_pct,108,0.38598365234900955,0.3564872452359716,0.029496407113038005,0.0,0.09188588557762233,0.09188588557762233,WINNER_HIGH,0.49074074074074076,0.3417775513700564,True,0.540812713638501
macd_signal_pct__w72__delta,macd_signal_pct,108,-0.0021434724193467344,-0.0029449993243024107,0.0008015269049556752,0.0008417365956120192,0.09169140754783871,0.09169140754783871,WINNER_HIGH,0.5462962962962963,0.34279595154617215,True,0.5421788523550266
close_vs_ema240__w24__late_vs_prev,close_vs_ema240,108,-0.00921267523859502,-0.008632557660703914,-0.0005801175778911041,0.00034934301511384573,-0.09154475697850363,0.09154475697850363,WINNER_LOW,0.5462962962962963,0.3435651987681262,True,0.542742656107828
ema72_slope_12h__w24__q10,ema72_slope_12h,108,-0.001923483382361829,-0.0013067948309751665,-0.0006166885513866621,-0.0009061519056558606,-0.09154113609530133,0.09154113609530133,WINNER_LOW,0.5555555555555556,0.3435842060374213,False,0.542742656107828
stoch_k__d12,stoch_k,108,-33.156684679013715,-30.577994114605502,-2.578690564408208,-5.693221205472948,-0.09153469351445578,0.09153469351445578,WINNER_LOW,0.5648148148148148,0.34361802705825883,True,0.542742656107828
ema_gap_72_168__w240__diff_mean,ema_gap_72_168,108,-1.3418763775992678e-05,-3.524120347035646e-06,-9.894643428957032e-06,-2.1999729142407887e-05,-0.09146445478812931,0.09146445478812931,WINNER_LOW,0.5555555555555556,0.3439868926857432,True,0.5430799836216903
bb_z__w24__q90,bb_z,108,1.1291610908660072,1.0529699743570138,0.07619111650899327,0.16889030933380123,0.09141476626105266,0.09141476626105266,WINNER_HIGH,0.5833333333333334,0.3442479916647077,False,0.5432469435250374
close_vs_sma240__w240__diff_mean,close_vs_sma240,108,-0.00011380509122486897,-8.426278914452337e-05,-2.954230208034561e-05,-7.875050014263253e-05,-0.09135246685691445,0.09135246685691445,WINNER_LOW,0.5833333333333334,0.34457553837137134,True,0.543518564584883
trades_rel24__w24__min,trades_rel24,108,0.5447065703294895,0.5292944115069177,0.015412158822571787,0.012674939632415783,0.09129683449405394,0.09129683449405394,WINNER_HIGH,0.5277777777777778,0.3448682026663822,False,0.5435316951075925
stoch_k__w24__pos,stoch_k,108,0.14654934646441015,0.15751806089581266,-0.010968714431402517,-0.01977599555393681,-0.09125553852142548,0.09125553852142548,WINNER_LOW,0.6018518518518519,0.34508555167674515,True,0.5435316951075925
close_location__w240__q90,close_location,108,0.9164924638138877,0.918418452695564,-0.0019259888816762865,-0.0010220289230346569,-0.09124181060588166,0.09124181060588166,WINNER_LOW,0.5092592592592593,0.3451578240710634,False,0.5435316951075925
ema24_slope_6h__w24__q25,ema24_slope_6h,108,-0.0024406160059529444,-0.0019235053758182876,-0.000517110630134657,0.00015303968830266969,-0.09123274153688338,0.09123274153688338,WINNER_LOW,0.5092592592592593,0.3452055747309016,False,0.5435316951075925
quote_volume_rel240__w24__q90,quote_volume_rel240,108,2.742721648127944,2.5945598369395295,0.14816181118841523,-0.2501884579658509,0.09117646236576099,0.09117646236576099,WINNER_HIGH,0.5925925925925926,0.3455019925408612,False,0.5437535859205184
quote_volume_rel72__w240__q90,quote_volume_rel72,108,2.9300698086067483,2.8811280316776697,0.04894177692907827,0.10334513187408434,0.09111620438383274,0.09111620438383274,WINNER_HIGH,0.5740740740740741,0.3458195487469145,False,0.544008529900117
volume_rel72__w72__up_share,volume_rel72,108,0.47350823134183884,0.477932100881029,-0.004423869539190222,-0.009722220897674577,-0.09101457851970256,0.09101457851970256,WINNER_LOW,0.5555555555555556,0.3463555384988192,True,0.5446067077924329
dist_high24__w24__q25,dist_high24,108,-0.02746789850708511,-0.02582529996332057,-0.0016425985437645404,0.0013448534533381466,-0.09094907861833602,0.09094907861833602,WINNER_LOW,0.5833333333333334,0.34670127878644613,False,0.5446891020606548
bb_z__d12,bb_z,108,-1.8767657359303147,-1.760955504937684,-0.11581023099263098,-0.18741034865379336,-0.09094563595119688,0.09094563595119688,WINNER_LOW,0.5555555555555556,0.3467194570165907,True,0.5446891020606548
ema24_slope_6h__w240__mean,ema24_slope_6h,108,0.0004256477618919571,0.0006422426833304835,-0.00021659492143852622,-0.00027059500134782863,-0.09072713438059486,0.09072713438059486,WINNER_LOW,0.5555555555555556,0.3478744641964667,False,0.5462581954625254
quote_volume_rel24__w24__mean,quote_volume_rel24,108,1.4407970916341852,1.3984539794701119,0.042343112164073514,-0.00607587695121764,0.09065908391589093,0.09065908391589093,WINNER_HIGH,0.5092592592592593,0.3482346874990816,False,0.54657841211144
rsi6__w24__late_vs_prev,rsi6,108,-10.902151005687537,-9.852382786711784,-1.049768218975751,-1.6803674936294555,-0.09053150294067744,0.09053150294067744,WINNER_LOW,0.5370370370370371,0.3489106816326011,True,0.5473937432342781
trades_rel24__w24__diff_std,trades_rel24,108,0.7460053938406485,0.7045367038360348,0.04146869000461367,-0.04466849267482759,0.09026937761088093,0.09026937761088093,WINNER_HIGH,0.5462962962962963,0.3503022160951279,True,0.5493304258675615
range_pct__w72__max,range_pct,108,0.031670965970045435,0.030131096515321625,0.0015398694547238167,-0.0011999867856502533,0.09022281308791283,0.09022281308791283,WINNER_HIGH,0.5370370370370371,0.35054978423382,False,0.5494722525619312
trades_rel24__w240__q90,trades_rel24,108,2.287402550379435,2.261013427707884,0.0263891226715512,0.012158656120300204,0.09015351603676151,0.09015351603676151,WINNER_HIGH,0.5185185185185185,0.35091842194206957,False,0.5498036386789503
ema_gap_72_168__w240__delta,ema_gap_72_168,108,-0.0032082653097286647,-0.0008662400477954143,-0.002342025261933251,-0.005249149352312089,-0.09011254476721668,0.09011254476721668,WINNER_LOW,0.5462962962962963,0.3511364929066602,True,0.5498989322411961
rebound_low24__w240__delta,rebound_low24,108,-0.012690286248538608,-0.015052897848658243,0.002362611600119635,0.005240155698265881,0.0899676834362145,0.0899676834362145,WINNER_HIGH,0.6203703703703703,0.35190822035774316,True,0.5508608086799587
quote_volume_rel72__w240__q10,quote_volume_rel72,108,0.4510202849352801,0.4454728092308397,0.005547475704440368,0.0016727924346923995,0.08972613210849,0.08972613210849,WINNER_HIGH,0.5185185185185185,0.35319746973625754,False,0.5526315667416969
close_vs_sma168__w24__mean,close_vs_sma168,108,0.0035770337057733238,0.007156140381347438,-0.0035791066755741165,-0.007374720741063356,-0.08966638656534684,0.08966638656534684,WINNER_LOW,0.5555555555555556,0.3535168206140067,False,0.5528838647974873
quote_volume_rel72__w72__late_vs_prev,quote_volume_rel72,108,0.11097094515463579,0.03359783177643463,0.07737311337820117,0.041506354883313154,0.08957527771379624,0.08957527771379624,WINNER_HIGH,0.5185185185185185,0.3540041703727537,True,0.5532113216164118
close_vs_vwap72__w24__q75,close_vs_vwap72,108,0.008106733295587927,0.006277489900040328,0.0018292433955475976,0.0011269046459347013,0.08956809864765908,0.08956809864765908,WINNER_HIGH,0.5277777777777778,0.3540425901565713,False,0.5532113216164118
adx14__w72__q10,adx14,108,17.11640899269669,16.55441624853346,0.5619927441632306,0.7183714866638189,0.08949777452256674,0.08949777452256674,WINNER_HIGH,0.5462962962962963,0.3544190808725598,False,0.5534400715566622
ema_gap_72_168__w72__late_vs_prev,ema_gap_72_168,108,-0.00013394079185134075,-0.0005421454504778888,0.0004082046586265479,0.00029532045591622595,0.08948163774884102,0.08948163774884102,WINNER_HIGH,0.5370370370370371,0.35450550765997235,True,0.5534400715566622
close_vs_ema12__w240__mean,close_vs_ema12,108,0.0002236589767326896,0.0004253844931524866,-0.00020172551641979702,-0.0003080980168306269,-0.08936903371334717,0.08936903371334717,WINNER_LOW,0.5555555555555556,0.35510897815921005,False,0.5541348043832028
close_vs_ema168__w72__diff_mean,close_vs_ema168,108,-0.00030352402017515316,-0.0003494004564501025,4.5876436274949346e-05,6.115043870522645e-05,0.08933386025937255,0.08933386025937255,WINNER_HIGH,0.5462962962962963,0.3552976153382312,True,0.554181873701068
close_vs_sma72__w24__up_share,close_vs_sma72,108,0.44521605057848823,0.437037038113232,0.00817901246525623,0.02499998807907103,0.08920849280054836,0.08920849280054836,WINNER_HIGH,0.5555555555555556,0.3559704893937106,True,0.5549838615291155
quote_volume_rel72__w240__mean,quote_volume_rel72,108,1.4582642592765667,1.4415325228814724,0.016731736395094128,0.011787724494934038,0.08881407776660104,0.08881407776660104,WINNER_HIGH,0.5092592592592593,0.35809270955606465,False,0.5580437635104982
rebound_low24__w72__pos,rebound_low24,108,0.16083231926232758,0.14869250639479747,0.012139812867530122,-0.014909561630338436,0.08875354034471386,0.08875354034471386,WINNER_HIGH,0.5648148148148148,0.3584191550783191,True,0.5583036905607492
close_vs_sma24__w24__q75,close_vs_sma24,108,0.004911955259861618,0.003936495985127058,0.0009754592747345597,-0.00023907455615699257,0.08859314677652068,0.08859314677652068,WINNER_HIGH,0.5185185185185185,0.35928498801162306,False,0.5594032070688539
close_vs_sma240__w240__delta,close_vs_sma240,108,-0.02696502729237114,-0.02005485570773965,-0.006910171584631488,-0.02314148466102779,-0.08852239824052649,0.08852239824052649,WINNER_LOW,0.5740740740740741,0.3596673244159611,True,0.5597492805886142
close_vs_ema24__w72__max,close_vs_ema24,108,0.023225468780125352,0.021969945191974857,0.001255523588150498,0.0014661991037428369,0.08846440599750383,0.08846440599750383,WINNER_HIGH,0.5277777777777778,0.3599809169827652,False,0.559938532485142
trades_rel72__w24__min,trades_rel72,108,0.5562656243090276,0.5383416031797726,0.01792402112925494,-0.015002937614917777,0.08844069803139551,0.08844069803139551,WINNER_HIGH,0.5370370370370371,0.3601091677320801,False,0.559938532485142
macd_pct__w24__q90,macd_pct,108,0.002955666187921856,0.0025176291021664463,0.00043803708575540913,-0.00014816632610745715,0.08820557196426133,0.08820557196426133,WINNER_HIGH,0.5277777777777778,0.36138268161279896,False,0.5616689944888702
close_vs_ema72__w72__max,close_vs_ema72,108,0.029694930799585698,0.02755561273699169,0.0021393180625940054,-0.0028228896437212823,0.08810329416219287,0.08810329416219287,WINNER_HIGH,0.5277777777777778,0.3619375417753343,False,0.5622814676092155
taker_share__d12,taker_share,108,-0.028724492140571347,-0.036483258836832885,0.007758766696261537,0.014325313642621042,0.08787007863447324,0.08787007863447324,WINNER_HIGH,0.5370370370370371,0.3632047663505746,True,0.5639995861136587
dist_high24__w72__z,dist_high24,108,-1.4499043469765671,-1.3494521525230354,-0.10045219445353183,0.07583826184272768,-0.08777647998971005,0.08777647998971005,WINNER_LOW,0.5370370370370371,0.3637141446876868,True,0.5645398863616692
atr14_pct__w240__q25,atr14_pct,108,0.005726586910896003,0.00560389728181892,0.0001226896290770835,0.00013119054492563,0.08771557472454015,0.08771557472454015,WINNER_HIGH,0.5555555555555556,0.3640458438121974,False,0.5648040442818342
rebound_low72__w24__late_vs_prev,rebound_low72,108,-0.008644359501044231,-0.007666208639979972,-0.0009781508610642589,0.000829249480739236,-0.08764418744383257,0.08764418744383257,WINNER_LOW,0.5555555555555556,0.36443487362369287,True,0.5651281834547579
stoch_k__w72__pos,stoch_k,108,0.17904081465288377,0.17052460422769564,0.008516210425188077,-0.002552497386932376,0.08759937105474692,0.08759937105474692,WINNER_HIGH,0.5185185185185185,0.36467923814360337,True,0.5651281834547579
rsi6__w72__mean,rsi6,108,50.44547932236283,49.913636454829465,0.5318428675333658,0.7668479919433615,0.08758830736695011,0.08758830736695011,WINNER_HIGH,0.5185185185185185,0.364739579656102,False,0.5651281834547579
avg_trade_quote_rel24__w240__z,avg_trade_quote_rel24,108,0.3084221693074883,0.3953354220233719,-0.08691325271588371,-0.0866542577743531,-0.08743444090232926,0.08743444090232926,WINNER_LOW,0.5370370370370371,0.3655794252252911,True,0.5661609637522029
close_vs_ema24__w24__q75,close_vs_ema24,108,0.0040872557029716615,0.003281728506810092,0.0008055271961615695,8.307024836540309e-06,0.08739958090004418,0.08739958090004418,WINNER_HIGH,0.5,0.36576987068278016,False,0.5661609637522029
macd_fast_hist_pct__w240__q90,macd_fast_hist_pct,108,0.0023069675921255518,0.002246392571962335,6.057502016321653e-05,8.873757906258106e-06,0.08735763129999373,0.08735763129999373,WINNER_HIGH,0.5092592592592593,0.36599913091052716,False,0.5661609637522029
obv_delta__d1,obv_delta,108,-1325.3253027068245,-1039.1476482938835,-286.1776544129406,33.077757072448776,-0.08732987325026967,0.08732987325026967,WINNER_LOW,0.5,0.3661508823758792,True,0.5661609637522029
atr14_pct__w24__pos,atr14_pct,108,0.6376093846349115,0.6106365561642667,0.02697282847064478,0.05312695205211643,0.08729486689632593,0.08729486689632593,WINNER_HIGH,0.5833333333333334,0.36634231659706495,True,0.5661609637522029
ema24_slope_6h__w72__pos,ema24_slope_6h,108,0.29203099182841974,0.2726825160534915,0.019348475774928306,-0.0006214575376361608,0.08728842689021189,0.08728842689021189,WINNER_HIGH,0.5,0.3663775410269475,True,0.5661609637522029
rebound_low240__w240__late_vs_prev,rebound_low240,108,0.00055738963470099,-0.003637189378787298,0.004194579013488287,0.00847531110048294,0.08712938693280876,0.08712938693280876,WINNER_HIGH,0.5740740740740741,0.36724810982338024,True,0.5670684014274996
close_vs_ema168__w72__delta,close_vs_ema168,108,-0.02205014526973375,-0.02531004809302599,0.0032599028232922402,0.00519049037247896,0.0871219073057918,0.0871219073057918,WINNER_HIGH,0.5462962962962963,0.36728908471069105,True,0.5670684014274996
dist_high240__w24__std,dist_high240,108,0.009108586150600954,0.008680971545443216,0.0004276146051577396,-0.00018307125428691502,0.08701279453060373,0.08701279453060373,WINNER_HIGH,0.5092592592592593,0.36788715464786464,False,0.5675204563028411
avg_trade_quote_rel240__w72__min,avg_trade_quote_rel240,108,0.5497708091581309,0.5600309462459,-0.010260137087768977,-0.0064992368221283014,-0.08700927514421881,0.08700927514421881,WINNER_LOW,0.5277777777777778,0.3679064553727597,False,0.5675204563028411
rsi14__w240__diff_mean,rsi14,108,-0.056947485699007906,-0.062491423079174845,0.0055439373801669314,0.011349762277677651,0.08696966185902201,0.08696966185902201,WINNER_HIGH,0.5740740740740741,0.36812374334377246,True,0.5676052603497233
rsi14__w72__q90,rsi14,108,62.89165415587249,62.18480195645933,0.7068521994131585,-0.07731018066406037,0.08660495736274626,0.08660495736274626,WINNER_HIGH,0.5,0.3701280362353451,False,0.5701405516020736
close_vs_sma240__w240__mean,close_vs_sma240,108,0.011213903737606652,0.014771338869400939,-0.003557435131794288,-0.006581073813140392,-0.08659759458479484,0.08659759458479484,WINNER_LOW,0.5925925925925926,0.3701685702485098,False,0.5701405516020736
lower_wick__d3,lower_wick,108,-0.07228695252248414,-0.04509560083914511,-0.027191351683339034,-0.02976003661751747,-0.08658150949401575,0.08658150949401575,WINNER_LOW,0.5555555555555556,0.3702571325960277,True,0.5701405516020736
ema6_slope_3h__w240__q75,ema6_slope_3h,108,0.0029445141090373335,0.002830560021188663,0.00011395408784867159,-7.594329072162502e-05,0.08653410153512454,0.08653410153512454,WINNER_HIGH,0.5277777777777778,0.3705182320714814,False,0.5702914865994588
trades_rel24__w24__late_vs_prev,trades_rel24,108,0.22987269606717206,0.30464565012845457,-0.07477295406128245,0.01586701059713961,-0.086402170711101,0.086402170711101,WINNER_LOW,0.5,0.37124545157490496,True,0.5707911455438162
rsi6__w24__up_share,rsi6,108,0.4560185201742031,0.44891975560673963,0.007098764567463488,0.024999991059303284,0.0863567991643515,0.0863567991643515,WINNER_HIGH,0.5740740740740741,0.37149575271882346,True,0.5707911455438162
rsi14__w24__up_share,rsi14,108,0.4560185201742031,0.44891975560673963,0.007098764567463488,0.024999991059303284,0.0863567991643515,0.0863567991643515,WINNER_HIGH,0.5740740740740741,0.37149575271882346,True,0.5707911455438162
rsi24__w24__up_share,rsi24,108,0.4560185201742031,0.44891975560673963,0.007098764567463488,0.024999991059303284,0.0863567991643515,0.0863567991643515,WINNER_HIGH,0.5740740740740741,0.37149575271882346,True,0.5707911455438162
ema_gap_24_72__w24__q10,ema_gap_24_72,108,-0.00224279774367999,-0.001174134926676979,-0.0010686628170030112,-0.0017707814520690592,-0.08611306160350488,0.08611306160350488,WINNER_LOW,0.5185185185185185,0.3728421955790238,False,0.5725248766475978
close_vs_ema72__w24__q25,close_vs_ema72,108,-0.006009643764156391,-0.004226384749383079,-0.0017832590147733114,-0.0017810918390750883,-0.08609328510569743,0.08609328510569743,WINNER_LOW,0.5185185185185185,0.37295157821081715,False,0.5725248766475978
close_vs_vwap240__w240__mean,close_vs_vwap240,108,0.012435331538586912,0.015552646984077809,-0.003117315445490898,-0.00462979800067842,-0.0859977619140852,0.0859977619140852,WINNER_LOW,0.5648148148148148,0.3734801950344493,False,0.5730847924683937
quote_volume_rel72__w72__q75,quote_volume_rel72,108,1.7716415198864761,1.722592583077925,0.049048936808550804,-0.005666506290435747,0.08589762769811346,0.08589762769811346,WINNER_HIGH,0.5092592592592593,0.3740348335094629,False,0.5735685565960498
trades_rel24__w72__q75,trades_rel24,108,1.5179593088450256,1.540042203223264,-0.022082894378238255,-0.03214038610458381,-0.08588162862167575,0.08588162862167575,WINNER_LOW,0.5277777777777778,0.37412349945541595,False,0.5735685565960498
bb_z__w240__pos,bb_z,108,0.23942518358429274,0.24512158338221965,-0.0056963997979269,-0.00786320045590401,-0.08563352583215496,0.08563352583215496,WINNER_LOW,0.5370370370370371,0.3755001576883174,True,0.5754268411200902
adx14__w72__q25,adx14,108,20.662778156775016,19.981444759722105,0.681333397052906,-0.2034271240234382,0.08557958388044072,0.08557958388044072,WINNER_HIGH,0.5092592592592593,0.3757998870328488,False,0.5754785130398359
lower_wick__w24__q90,lower_wick,108,0.5888774927567553,0.5814098613681616,0.007467631388593605,0.006610715389251731,0.08556540849426945,0.08556540849426945,WINNER_HIGH,0.5555555555555556,0.37587867764968996,False,0.5754785130398359
abs_body_pct__w24__accel,abs_body_pct,108,0.004458248715288256,0.0035923221780346172,0.0008659265372536403,0.0012994659307878466,0.0855386265499044,0.0855386265499044,WINNER_HIGH,0.5740740740740741,0.376027567142129,True,0.5754785130398359
avg_trade_quote_rel240__w72__q90,avg_trade_quote_rel240,108,1.3512058705091476,1.3704753820542939,-0.019269511545145942,-0.04943637847900395,-0.08543892080961904,0.08543892080961904,WINNER_LOW,0.5277777777777778,0.37658218811071636,False,0.5760752020223863
ema6_slope_3h__w240__mean,ema6_slope_3h,108,0.00013186601666314313,0.0002378988213082422,-0.00010603280464509908,-0.0001918326737722964,-0.0853206135374401,0.0853206135374401,WINNER_LOW,0.5555555555555556,0.3772409450906703,False,0.5766857673735614
ema168_slope_24h__w240__max,ema168_slope_24h,108,0.014424782833379545,0.013594273217636833,0.0008305096157427112,-7.726064359303564e-05,0.08530801580331512,0.08530801580331512,WINNER_HIGH,0.5092592592592593,0.3773111340436684,False,0.5766857673735614
close_location__w24__accel,close_location,108,-0.22205922018339927,-0.1516823971885498,-0.07037682299484944,-0.030273700505495077,-0.08517232694280104,0.08517232694280104,WINNER_LOW,0.5185185185185185,0.3780676492550372,True,0.5774283529947443
taker_share__w240__mean,taker_share,108,0.49206714966782816,0.49153277967815046,0.0005343699896777148,-0.00015197098255156916,0.08516164746746302,0.08516164746746302,WINNER_HIGH,0.5092592592592593,0.3781272314435128,False,0.5774283529947443
rsi24__w72__z,rsi24,108,-1.3501718099389648,-1.417559912521392,0.06738810258242735,0.1520097889006139,0.08499477872592456,0.08499477872592456,WINNER_HIGH,0.5462962962962963,0.37905897557427515,True,0.5785985323366392
avg_trade_quote_rel240__w24__q90,avg_trade_quote_rel240,108,1.2991601449471932,1.3220447339393477,-0.022884588992154155,-0.03875600099563603,-0.08475780402430531,0.08475780402430531,WINNER_LOW,0.5833333333333334,0.3803846293190751,False,0.5803686949078558
stoch_k__w72__q90,stoch_k,108,85.49319090666594,84.9011523776584,0.592038529007523,1.547182464599608,0.08468181503371322,0.08468181503371322,WINNER_HIGH,0.5555555555555556,0.3808103281789727,False,0.5807648136248877
volume_rel240__w24__max,volume_rel240,108,4.785848731244052,4.470129278964466,0.3157194522795854,-0.4767655372619628,0.0844689248516285,0.0844689248516285,WINNER_HIGH,0.6203703703703703,0.3820045420176214,False,0.5823321200678387
close_vs_ema48__w72__pos,close_vs_ema48,108,0.2244713155243382,0.20730193530433572,0.017169380220002497,-0.027898591384291647,0.08426513268282645,0.08426513268282645,WINNER_HIGH,0.6018518518518519,0.38314989979042907,True,0.5838236163691201
ema_gap_6_24__w24__q10,ema_gap_6_24,108,-0.006128863499565408,-0.005459298858251578,-0.0006695646413138294,0.0005086606863187625,-0.08416341450801604,0.08416341450801604,WINNER_LOW,0.5370370370370371,0.38372237604501547,False,0.5844412669988759
adx14__w72__q75,adx14,108,34.83151208912885,33.76339226828681,1.0681198208420368,0.519927978515625,0.0840576124342992,0.0840576124342992,WINNER_HIGH,0.5370370370370371,0.38431839982627836,False,0.5850942290781435
trades_rel72__d12,trades_rel72,108,0.8960854623432236,0.7824661906999408,0.11361927164328306,-0.013500014692544943,0.08390100886646336,0.08390100886646336,WINNER_HIGH,0.5185185185185185,0.385201661523979,True,0.5861837294818775
trades_rel72__w240__q10,trades_rel72,108,0.5383119144373469,0.5336933497477462,0.004618564689600905,-0.001515293121337885,0.08387103249442396,0.08387103249442396,WINNER_HIGH,0.5092592592592593,0.3853708749823347,False,0.5861861460692581
close_location__d3,close_location,108,-0.1671792643998439,-0.13754107149526573,-0.02963819290457819,-0.04203448705375194,-0.08370296068208063,0.08370296068208063,WINNER_LOW,0.5648148148148148,0.3863204755391533,True,0.5873555604934051
trades_rel24__w24__q25,trades_rel24,108,0.8025946418444315,0.7862387851432517,0.016355856701179797,-0.004085993766784646,0.08365493391929242,0.08365493391929242,WINNER_HIGH,0.5092592592592593,0.38659209114034876,False,0.5873555604934051
cci20__w24__late_vs_prev,cci20,108,-70.82873263182464,-63.808501259485894,-7.0202313723387535,-8.412317657470709,-0.08361910537010876,0.08361910537010876,WINNER_LOW,0.5370370370370371,0.3867947966307411,True,0.5873555604934051
ema_gap_72_168__w24__diff_mean,ema_gap_72_168,108,-4.3186185907702396e-05,-6.46267801345904e-05,2.1440594226888e-05,2.31233338606529e-05,0.08357430392695203,0.08357430392695203,WINNER_HIGH,0.5462962962962963,0.3870483601469985,True,0.5873555604934051
ema_gap_72_168__d24,ema_gap_72_168,108,-0.0010364684735746036,-0.001551042728059176,0.0005145742544845726,0.0005549599646315071,0.08357430330676537,0.08357430330676537,WINNER_HIGH,0.5462962962962963,0.3870483636577914,True,0.5873555604934051
close_vs_vwap240__w240__max,close_vs_vwap240,108,0.07335529576435133,0.06970461784706761,0.003650677917283718,0.000347144156694415,0.08353123568600004,0.08353123568600004,WINNER_HIGH,0.5092592592592593,0.3872922111307747,False,0.5873555604934051
avg_trade_quote_rel240__w240__diff_mean,avg_trade_quote_rel240,108,0.00016938595872825654,0.0003320226253250708,-0.00016263666659681436,4.010625852970402e-05,-0.08352714259021116,0.08352714259021116,WINNER_LOW,0.5092592592592593,0.3873153910488396,True,0.5873555604934051
quote_volume_rel24__w240__mean,quote_volume_rel24,108,1.362527378179409,1.3540508252603036,0.008476552919105249,0.0020271778106689675,0.08330708934486497,0.08330708934486497,WINNER_HIGH,0.5092592592592593,0.38856285367077015,False,0.5889918939257405
bb_z__d1,bb_z,108,-0.6114377403627494,-0.6472161521945423,0.035778411831792985,0.03650910696014764,0.08324156926458418,0.08324156926458418,WINNER_HIGH,0.5833333333333334,0.3889347600987565,True,0.589300197601972
trades_rel240__w240__diff_std,trades_rel240,108,0.8144064106874995,0.8399681904801617,-0.02556177979266204,-0.0038306236267089955,-0.08320933665795449,0.08320933665795449,WINNER_LOW,0.5,0.3891178000907381,True,0.5893221944206631
close_vs_ema240__w24__q75,close_vs_ema240,108,0.013729343939943376,0.01733139668315373,-0.0036020527432103545,-0.007220794749446213,-0.08309813138612154,0.08309813138612154,WINNER_LOW,0.5555555555555556,0.3897497118359084,False,0.5896317018533307
macd_pct__w72__q25,macd_pct,108,-0.002690734937661748,-0.0023266093969073996,-0.00036412554075434823,0.00028252243755559907,-0.08309340637903016,0.08309340637903016,WINNER_LOW,0.5277777777777778,0.3897765751786107,False,0.5896317018533307
upper_wick__w24__z,upper_wick,108,-0.3093827534035814,-0.374461459737547,0.0650787063339656,0.019919802155345667,0.08304795206768509,0.08304795206768509,WINNER_HIGH,0.5092592592592593,0.39003505739718336,True,0.5896317018533307
obv_delta__d6,obv_delta,108,-1863.394584249567,-1574.3415991655102,-289.0529850840569,-245.58333015441895,-0.08302014936511895,0.08302014936511895,WINNER_LOW,0.5740740740740741,0.3901932133808151,True,0.5896317018533307
volume_rel72__w240__q90,volume_rel72,108,2.922145805977009,2.8783121665318805,0.043833639445128254,0.09691281318664546,0.08296766839764637,0.08296766839764637,WINNER_HIGH,0.5462962962962963,0.39049185966505645,False,0.5896317018533307
close_vs_sma24__w240__mean,close_vs_sma24,108,0.0006795410179249841,0.0010700889313250592,-0.00039054791340007534,-0.0007135918671338004,-0.0829603646758142,0.0829603646758142,WINNER_LOW,0.5462962962962963,0.39053343312091826,False,0.5896317018533307
trades_rel24__w240__std,trades_rel24,108,0.8591276172686506,0.875055339159789,-0.015927721891138284,-0.01113383173942567,-0.08291821566678975,0.08291821566678975,WINNER_LOW,0.5462962962962963,0.39077340243156006,False,0.5896317018533307
stoch_k__w24__max,stoch_k,108,88.58842733171251,87.37677782553213,1.2116495061803743,1.5852439880371136,0.0829167567232114,0.0829167567232114,WINNER_HIGH,0.5740740740740741,0.39078171034275716,False,0.5896317018533307
close_vs_ema24__w72__q25,close_vs_ema24,108,-0.0059244047880147935,-0.005375001678996543,-0.0005494031090182507,0.0002740386873483656,-0.08290658108351905,0.08290658108351905,WINNER_LOW,0.5185185185185185,0.3908396582487906,False,0.5896317018533307
dist_high72__w240__pos,dist_high72,108,0.4553238803141371,0.4351680574023501,0.020155822911786983,0.023576778173446666,0.08274706799092857,0.08274706799092857,WINNER_HIGH,0.5185185185185185,0.391748739959044,True,0.5905733581956751
close_vs_ema48__w24__q25,close_vs_ema48,108,-0.006622607701703803,-0.005258510987053139,-0.001364096714650663,-0.000661883902648696,-0.08271735092124687,0.08271735092124687,WINNER_LOW,0.5370370370370371,0.3919182443002216,False,0.5905733581956751
avg_trade_quote_rel24__d3,avg_trade_quote_rel24,108,0.08695728894666967,0.060209978532037446,0.026747310414632207,0.026073620514944194,0.08269885838034732,0.08269885838034732,WINNER_HIGH,0.5370370370370371,0.39202374739069573,True,0.5905733581956751
macd_signal_pct__w240__diff_mean,macd_signal_pct,108,-7.818032145223697e-06,-1.1042459857448621e-05,3.224427712224921e-06,5.449897707876516e-06,0.08267768035958978,0.08267768035958978,WINNER_HIGH,0.5833333333333334,0.3921445930590894,True,0.5905733581956751
volume_rel24__w72__diff_mean,volume_rel24,108,0.014396177906073044,0.01214529431320746,0.0022508835928655804,0.0012573527637869117,0.08264900808795914,0.08264900808795914,WINNER_HIGH,0.5370370370370371,0.39230823880141646,True,0.5905733581956751
macd_hist_pct__d12,macd_hist_pct,108,-0.001798457788944924,-0.0016126578917565997,-0.00018579989718832456,7.060426287352995e-06,-0.0825531224690272,0.0825531224690272,WINNER_LOW,0.5,0.39285580678485044,True,0.591143182584605
ema72_slope_12h__w72__accel,ema72_slope_12h,108,-0.0017201292943927573,-0.0022518084846255334,0.0005316791902327763,0.00041366537625435733,0.0823754109627067,0.0823754109627067,WINNER_HIGH,0.5277777777777778,0.3938718939548726,True,0.5921625164059284
ema72_slope_12h__w240__accel,ema72_slope_12h,108,-0.0017201292943927573,-0.0022518084846255334,0.0005316791902327763,0.00041366537625435733,0.0823754109627067,0.0823754109627067,WINNER_HIGH,0.5277777777777778,0.3938718939548726,True,0.5921625164059284
volume_rel72__w240__diff_std,volume_rel72,108,1.2163402024242613,1.2449169312362316,-0.02857672881197046,-0.026557755470275946,-0.08204720214866114,0.08204720214866114,WINNER_LOW,0.5370370370370371,0.3957527041511363,True,0.5947345107075735
taker_share__w24__up_share,taker_share,108,0.48958333554091277,0.49629629944209697,-0.0067129639011842225,-0.0124999940395355,-0.08194225995707304,0.08194225995707304,WINNER_LOW,0.5277777777777778,0.3963552374238832,True,0.5953028356132161
rsi24__w240__diff_mean,rsi24,108,-0.038241817473708244,-0.042522708387743344,0.004280890914035101,0.010583313088864087,0.08192204839466746,0.08192204839466746,WINNER_HIGH,0.5370370370370371,0.3964713480535259,True,0.5953028356132161
rsi14__w240__q90,rsi14,108,66.16344292958577,65.62286362824615,0.5405793013396084,0.8216884613037081,0.08178277469485587,0.08178277469485587,WINNER_HIGH,0.5555555555555556,0.3972720083194908,False,0.596249018494961
mfi14__w240__q25,mfi14,108,37.5589061666418,38.0330868544402,-0.47418068779839395,-0.2030778884887674,-0.08171279865105797,0.08171279865105797,WINNER_LOW,0.5185185185185185,0.39767466138321805,False,0.5965972933749951
dist_high24__w240__q25,dist_high24,108,-0.02731885946424747,-0.0264926127123612,-0.0008262467518862753,-0.0007284848019480702,-0.08157810164413815,0.08157810164413815,WINNER_LOW,0.5370370370370371,0.3984504309152973,False,0.597341781884563
bb_z__w72__q90,bb_z,108,1.5167714587102334,1.552601423114538,-0.03582996440430483,0.04488065242767336,-0.08156732333348288,0.08156732333348288,WINNER_LOW,0.5648148148148148,0.39851254707940675,False,0.597341781884563
upper_wick__w24__q25,upper_wick,108,0.09637733484204444,0.09974845935314619,-0.003371124511101731,-0.002588558942079544,-0.0814337011497699,0.0814337011497699,WINNER_LOW,0.5370370370370371,0.39928311217238016,False,0.5979811302628143
close_vs_ema240__w72__diff_mean,close_vs_ema240,108,-0.00031059407525796596,-0.0003544899679727425,4.389589271477655e-05,7.613093184772877e-05,0.08141831245000392,0.08141831245000392,WINNER_HIGH,0.5740740740740741,0.3993719132286312,True,0.5979811302628143
rebound_low240__w240__q75,rebound_low240,108,0.12791634787356965,0.12170412910550281,0.00621221876806683,-0.006652927398681646,0.08140442198562768,0.08140442198562768,WINNER_HIGH,0.5555555555555556,0.3994520790088459,False,0.5979811302628143
obv_delta__w24__up_share,obv_delta,108,0.4606481514595173,0.46759259485536153,-0.00694444339584421,-0.0124999940395355,-0.08130328652556576,0.08130328652556576,WINNER_LOW,0.5185185185185185,0.4000360561179749,True,0.5985990963819248
ema_gap_72_168__w24__delta,ema_gap_72_168,108,-0.0010633615604968294,-0.0015454475115246977,0.0004820859510278683,0.0005280629411572588,0.08121551247001768,0.08121551247001768,WINNER_HIGH,0.5555555555555556,0.40054330337145905,True,0.5989691784317712
quote_volume_rel24__d6,quote_volume_rel24,108,0.9921295205476107,0.8470672601592487,0.14506226038836217,-0.016134068369865362,0.08118535091728539,0.08118535091728539,WINNER_HIGH,0.5092592592592593,0.40071769775913474,True,0.5989691784317712
close_vs_sma168__w72__late_vs_prev,close_vs_sma168,108,-0.004440248618266196,-0.00590214741961164,0.001461898801345443,0.0025491751337540338,0.0811573590676888,0.0811573590676888,WINNER_HIGH,0.5648148148148148,0.40087958828104775,True,0.5989691784317712
close_vs_sma240__w24__late_vs_prev,close_vs_sma240,108,-0.009312010327953936,-0.008775211062692068,-0.0005367992652618674,0.00015554389392491473,-0.08112304275467234,0.08112304275467234,WINNER_LOW,0.5370370370370371,0.4010781106065429,True,0.5989691784317712
avg_trade_quote_rel72__w72__delta,avg_trade_quote_rel72,108,0.09429640005152949,0.049112375932573164,0.04518402411895632,0.048901775293052195,0.08111238451038598,0.08111238451038598,WINNER_HIGH,0.5370370370370371,0.4011397814947693,True,0.5989691784317712
mfi14__w72__mean,mfi14,108,50.47575874681826,49.867275506478755,0.6084832403394912,1.0423526763916016,0.08103288121316685,0.08103288121316685,WINNER_HIGH,0.5648148148148148,0.40159998678237163,False,0.5994004070755243
ema_gap_72_168__w240__mean,ema_gap_72_168,108,0.004374518214414517,0.005559929817577035,-0.0011854116031625175,-0.0021444740646984423,-0.08099031146781027,0.08099031146781027,WINNER_LOW,0.5648148148148148,0.40184653402839166,False,0.5995125125841662
macd_pct__w24__q10,macd_pct,108,-0.003334238464049122,-0.0028523697001589794,-0.0004818687638901421,0.00013244152069091797,-0.08079505569226117,0.08079505569226117,WINNER_LOW,0.5092592592592593,0.402978558212401,False,0.60094499704425
bb_z__w24__z,bb_z,108,-1.4264584170671664,-1.3769631567678449,-0.04949526029932138,-0.1114559848327189,-0.08073835966029123,0.08073835966029123,WINNER_LOW,0.6111111111111112,0.40330762451203417,True,0.6011793533327295
upper_wick__w24__late_vs_prev,upper_wick,108,-0.03245902458891376,-0.020851161257609482,-0.011607863331304272,-0.009305416140705347,-0.08066595701943903,0.08066595701943903,WINNER_LOW,0.5277777777777778,0.403728089901935,True,0.6015496933903139
trades_rel72__w24__diff_std,trades_rel72,108,0.7556249842875533,0.7143539831594184,0.04127100112813489,-0.07207509875297552,0.08050866319282367,0.08050866319282367,WINNER_HIGH,0.5740740740740741,0.40464246235162693,True,0.6026553197800849
close_vs_ema240__w72__delta,close_vs_ema240,108,-0.02254761679796502,-0.025697567845714663,0.003149951047749643,0.005054801050573588,0.08046996814917437,0.08046996814917437,WINNER_HIGH,0.5462962962962963,0.4048675947595838,True,0.6027339203381288
close_vs_vwap240__w72__delta,close_vs_vwap240,108,-0.021956199541886302,-0.02532040182848976,0.00336420228660346,0.004104228215874172,0.08026551774225327,0.08026551774225327,WINNER_HIGH,0.5648148148148148,0.4060583720319407,True,0.6042494157428496
ema72_slope_12h__w24__q25,ema72_slope_12h,108,-0.0008172019683856719,-0.00028546081235255645,-0.0005317411560331156,-0.000901960954070091,-0.0802013740874114,0.0802013740874114,WINNER_LOW,0.5462962962962963,0.4064323995225385,False,0.6045487456955836
rsi6__w24__z,rsi6,108,-1.404801455222898,-1.3625583275945647,-0.04224312762833304,-0.08851228505372999,-0.0800452933893596,0.0800452933893596,WINNER_LOW,0.6018518518518519,0.4073433909283496,True,0.6052601280031982
close_vs_sma240__w72__max,close_vs_sma240,108,0.0387419750385797,0.04328653709445562,-0.004544562055875926,-0.004737900290638208,-0.08003343557048194,0.08003343557048194,WINNER_LOW,0.5648148148148148,0.40741265152146566,False,0.6052601280031982
dist_high240__w240__late_vs_prev,dist_high240,108,-0.0011178720806465545,-0.003425803002324688,0.002307930921678134,0.004646101989783347,0.08001337219375977,0.08001337219375977,WINNER_HIGH,0.5648148148148148,0.4075298563504626,True,0.6052601280031982
close_vs_ema240__w24__pos,close_vs_ema240,108,0.12162683122032494,0.11148999090289216,0.010136840317432803,0.0,0.08000085745576045,0.08000085745576045,WINNER_HIGH,0.4351851851851852,0.40760297439163046,True,0.6052601280031982
quote_volume_rel24__w72__std,quote_volume_rel24,108,1.100245067918742,1.1353319498123946,-0.03508688189365245,-0.09815236330032351,-0.0799087272964571,0.0799087272964571,WINNER_LOW,0.6111111111111112,0.4081414939115383,False,0.6058025484756576
range_pct__w240__pos,range_pct,108,0.3078447052415598,0.29569963356393764,0.012145071677622148,-0.004137009382247897,0.0798615718524992,0.0798615718524992,WINNER_HIGH,0.5092592592592593,0.4084172932886239,True,0.6058836474452719
close_vs_vwap24__w240__z,close_vs_vwap24,108,-1.3415425754824861,-1.294553467759397,-0.046989107723089146,0.048824635148048384,-0.07981492048805161,0.07981492048805161,WINNER_LOW,0.5370370370370371,0.4086902551636032,True,0.6058836474452719
bb_width__w240__pos,bb_width,108,0.315706314005958,0.3307116540532863,-0.01500534004732833,-0.049477135110646484,-0.07981053747147523,0.07981053747147523,WINNER_LOW,0.6018518518518519,0.4087159062977971,True,0.6058836474452719
avg_trade_quote_rel240__d1,avg_trade_quote_rel240,108,0.08054804918248448,0.061067532031382946,0.019480517151101526,0.026456123590469352,0.07973502660796039,0.07973502660796039,WINNER_HIGH,0.5740740740740741,0.40915797811765287,True,0.606281970117556
rsi6__w240__mean,rsi6,108,51.14526653289795,51.48033269952844,-0.3350661666304974,-0.2573783874511726,-0.07968764615162632,0.07968764615162632,WINNER_LOW,0.5370370370370371,0.40943551015502416,False,0.6063118642086722
avg_trade_quote_rel72__w72__std,avg_trade_quote_rel72,108,0.2687069379069187,0.2628175729126842,0.005889364994234509,-0.00013007074594496848,0.07967238724165862,0.07967238724165862,WINNER_HIGH,0.5,0.40952491371486527,False,0.6063118642086722
close_vs_sma240__w240__up_share,close_vs_sma240,108,0.49857252891416903,0.4957407397804437,0.0028317891337253424,-0.0016666799783706665,0.07945293071492741,0.07945293071492741,WINNER_HIGH,0.5092592592592593,0.410812034593738,True,0.6079600867432509
close_vs_vwap240__w72__accel,close_vs_vwap240,108,-0.019728652706901443,-0.017875088248961727,-0.001853564457939717,-0.0003846371080726378,-0.07938644612473453,0.07938644612473453,WINNER_LOW,0.5092592592592593,0.4112024495842759,True,0.6080232415205974
close_vs_vwap240__w240__accel,close_vs_vwap240,108,-0.019728652706901443,-0.017875088248961727,-0.001853564457939717,-0.0003846371080726378,-0.07938644612473453,0.07938644612473453,WINNER_LOW,0.5092592592592593,0.4112024495842759,True,0.6080232415205974
rsi14__w24__q90,rsi14,108,58.15992092203211,57.464886707729754,0.6950342143023457,0.711331939697267,0.07922096566488666,0.07922096566488666,WINNER_HIGH,0.5370370370370371,0.4121751636709403,False,0.6091935949248902
close_vs_vwap24__w72__late_vs_prev,close_vs_vwap24,108,-0.003939770845371876,-0.0048310386841034485,0.0008912678387315717,0.0009313228889368476,0.07916939570132558,0.07916939570132558,WINNER_HIGH,0.5462962962962963,0.41247858068485466,True,0.6091935949248902
close_vs_vwap240__w72__diff_mean,close_vs_vwap240,108,-0.0003032773057317105,-0.0003492723341204745,4.599502838876409e-05,6.62875139823882e-05,0.07916294110041312,0.07916294110041312,WINNER_HIGH,0.5740740740740741,0.4125165664232599,True,0.6091935949248902
trades_rel72__w72__late_vs_prev,trades_rel72,108,0.08073635873949604,0.03336913725102527,0.04736722148847076,0.07689705826342105,0.07903836307090965,0.07903836307090965,WINNER_HIGH,0.5370370370370371,0.41325012792516896,True,0.6096156097525609
close_vs_ema240__w240__mean,close_vs_ema240,108,0.011038005020559972,0.013820786706465126,-0.002782781685905151,-0.00564065407961607,-0.07902783703747451,0.07902783703747451,WINNER_LOW,0.5648148148148148,0.4133121449750668,False,0.6096156097525609
close_vs_ema48__w240__z,close_vs_ema48,108,-1.1133046194704042,-1.181870906674993,0.06856628720458874,0.10045605339109895,0.07902560260516744,0.07902560260516744,WINNER_HIGH,0.5555555555555556,0.41332531047278287,True,0.6096156097525609
bb_width__w24__min,bb_width,108,0.017610382284382702,0.016950985972114186,0.0006593963122685198,-0.0008107802830636494,0.07895085472351118,0.07895085472351118,WINNER_HIGH,0.5462962962962963,0.41376587754616323,False,0.6096802676154514
stoch_k__w72__accel,stoch_k,108,-30.978284056539888,-26.132267285159063,-4.846016771380823,-7.365497523546218,-0.0789294346066266,0.0789294346066266,WINNER_LOW,0.5833333333333334,0.41389218053162186,True,0.6096802676154514
stoch_k__w240__accel,stoch_k,108,-30.978284056539888,-26.132267285159063,-4.846016771380823,-7.365497523546218,-0.0789294346066266,0.0789294346066266,WINNER_LOW,0.5833333333333334,0.41389218053162186,True,0.6096802676154514
upper_wick__w72__q10,upper_wick,108,0.028175576022392675,0.02966077753079406,-0.001485201508401385,-0.0012935522245243192,-0.07870045635308362,0.07870045635308362,WINNER_LOW,0.5277777777777778,0.4152437880277217,False,0.6114136954665023
macd_pct__w24__late_vs_prev,macd_pct,108,-0.0016009658683692073,-0.0017721509412737116,0.00017118507290450472,8.380154613405475e-05,0.0785047999245814,0.0785047999245814,WINNER_HIGH,0.5092592592592593,0.4164007969636405,True,0.6126649830941133
close_vs_ema240__w24__max,close_vs_ema240,108,0.021954999672339506,0.025248689528261488,-0.0032936898559219794,-0.007288581598550082,-0.07848407396694398,0.07848407396694398,WINNER_LOW,0.5648148148148148,0.4165234722434322,False,0.6126649830941133
dist_high240__w72__diff_std,dist_high240,108,0.005195597279385698,0.005070624695832116,0.00012497258355358132,-2.7170218527316874e-05,0.07846790393203357,0.07846790393203357,WINNER_HIGH,0.5185185185185185,0.4166191963962829,True,0.6126649830941133
close_vs_ema48__w24__max,close_vs_ema48,108,0.013458332338174202,0.01229685063943651,0.0011614816987376901,0.00010168193839490448,0.07835352937307166,0.07835352937307166,WINNER_HIGH,0.5092592592592593,0.41729665209814715,False,0.6134032754885332
volume_rel24__d6,volume_rel24,108,1.0341993456542562,0.8846642989860372,0.1495350466682187,-0.014381118118762914,0.07817517275438438,0.07817517275438438,WINNER_HIGH,0.5092592592592593,0.4183543951181342,True,0.6142811885361388
ema_gap_24_72__w24__q25,ema_gap_24_72,108,-0.0005922615111760226,0.0003891479457066723,-0.0009814094568826954,-0.0017931340960785746,-0.07816757502625724,0.07816757502625724,WINNER_LOW,0.5277777777777778,0.41839948892376533,False,0.6142811885361388
mfi14__w72__q25,mfi14,108,38.72278563181559,38.05932354397243,0.6634620878431531,0.14076786041259837,0.07813755276201298,0.07813755276201298,WINNER_HIGH,0.5,0.4185777045410931,False,0.6142811885361388
stoch_k__w72__delta,stoch_k,108,-34.77980468229011,-37.23654889507151,2.45674421278139,-0.09349639415740896,0.07813438153333276,0.07813438153333276,WINNER_HIGH,0.5,0.4185965319650039,True,0.6142811885361388
avg_trade_quote_rel72__d1,avg_trade_quote_rel72,108,0.08010385499693695,0.061164012130595635,0.018939842866341296,0.03961310088634491,0.07804478340023242,0.07804478340023242,WINNER_HIGH,0.5740740740740741,0.41912868038615225,True,0.6147483370116061
close_vs_ema168__w24__diff_mean,close_vs_ema168,108,-0.0009227872954532493,-0.0008625797027514604,-6.0207592701789044e-05,-1.882330216176341e-05,-0.07799202135926518,0.07799202135926518,WINNER_LOW,0.5185185185185185,0.41944223762231736,True,0.6147483370116061
close_vs_ema168__d24,close_vs_ema168,108,-0.022146895124832453,-0.020701912900929327,-0.0014449822239031272,-0.0004517592489719387,-0.07799202005341513,0.07799202005341513,WINNER_LOW,0.5185185185185185,0.4194422453845274,True,0.6147483370116061
rsi24__w240__max,rsi24,108,72.0307522173281,71.46988787474456,0.5608643425835502,1.0925491333007784,0.07795501576458662,0.07795501576458662,WINNER_HIGH,0.5648148148148148,0.41966223998833563,False,0.6148130931039839
ema_gap_6_24__w24__delta,ema_gap_6_24,108,-0.008226449874335365,-0.007614988981522738,-0.000611460892812627,0.00019538686610758287,-0.07787366946420343,0.07787366946420343,WINNER_LOW,0.5092592592592593,0.420146094502132,True,0.6152641928282896
trades_rel24__w240__mean,trades_rel24,108,1.2688989992494937,1.262392379177941,0.006506620071552418,0.0034078359603881836,0.07780242213357197,0.07780242213357197,WINNER_HIGH,0.5092592592592593,0.42057015241462353,False,0.6154802468743981
cci20__w240__q75,cci20,108,84.20781015466761,86.01179878093579,-1.803988626268175,0.8607231140136733,-0.07777490323232926,0.07777490323232926,WINNER_LOW,0.5185185185185185,0.4207340107282838,False,0.6154802468743981
stoch_d__w72__q75,stoch_d,108,71.92836266976816,71.12427167539242,0.8040909943757233,1.1219959259033239,0.07776018933502386,0.07776018933502386,WINNER_HIGH,0.5648148148148148,0.4208216386264472,False,0.6154802468743981
taker_share__w72__q90,taker_share,108,0.5636525209303256,0.5648908863464991,-0.0012383654161735817,4.892945289608486e-05,-0.07741098402521726,0.07741098402521726,WINNER_LOW,0.5,0.4229045007207405,False,0.6182148250687859
body_pct__w240__pos,body_pct,108,0.3611994010085861,0.3694670420312495,-0.008267641022663422,-0.013615097105503085,-0.07738747906069146,0.07738747906069146,WINNER_LOW,0.5740740740740741,0.42304491746914624,True,0.6182148250687859
close_location__w72__q10,close_location,108,0.11185055605515286,0.1082485907713514,0.003601965283801458,0.0034007132053375244,0.07710838218365078,0.07710838218365078,WINNER_HIGH,0.5462962962962963,0.42471433425767374,False,0.6203951657890915
stoch_k__w72__z,stoch_k,108,-1.2748146817364074,-1.2381833193866814,-0.03663136234972626,-0.008848142623901434,-0.07701792963981832,0.07701792963981832,WINNER_LOW,0.5370370370370371,0.4252562122696035,True,0.620927337915158
close_vs_sma240__w72__q75,close_vs_sma240,108,0.022133034999434906,0.026246505788704213,-0.004113470789269303,-0.005784563081397209,-0.07676469591653352,0.07676469591653352,WINNER_LOW,0.5370370370370371,0.42677544659813965,False,0.6228855328688206
abs_body_pct__w24__std,abs_body_pct,108,0.003834969598015218,0.003726096989164405,0.00010887260885081362,-0.00017562588909640913,0.07672337707778877,0.07672337707778877,WINNER_HIGH,0.5833333333333334,0.4270236363272628,False,0.622987758129511
lower_wick__w72__q10,lower_wick,108,0.03753071929275654,0.03948983265840306,-0.0019591133656465197,-0.004255829941757841,-0.07666011071177202,0.07666011071177202,WINNER_LOW,0.5462962962962963,0.4274038234390551,False,0.6232823897274293
trades_rel24__w24__q10,trades_rel24,108,0.6641037637988726,0.6500200677801062,0.014083696018766476,-0.005474102497100841,0.07660661106819563,0.07660661106819563,WINNER_HIGH,0.5185185185185185,0.4277254752747285,False,0.6234914493687892
quote_volume_rel24__w72__diff_mean,quote_volume_rel24,108,0.013457186568336544,0.011418114722971075,0.0020390718453654694,0.0015555645106360315,0.07654616680648302,0.07654616680648302,WINNER_HIGH,0.5277777777777778,0.42808905162232136,True,0.6237614223013574
macd_signal_pct__w240__delta,macd_signal_pct,108,-0.001896925110621076,-0.002607477411553797,0.0007105523009327213,0.001138637581607327,0.07648264517251871,0.07648264517251871,WINNER_HIGH,0.5740740740740741,0.42847133507568597,True,0.6240518035175138
macd_signal_pct__w24__max,macd_signal_pct,108,0.003246186274029444,0.0028755031838188566,0.0003706830902105881,-6.83931248204317e-05,0.07645375823297514,0.07645375823297514,WINNER_HIGH,0.5092592592592593,0.42864524794082587,False,0.6240518035175138
quote_volume_rel72__w72__diff_std,quote_volume_rel72,108,1.1122161991618298,1.1562518491237253,-0.0440356499618954,-0.054151457548141546,-0.07634162954856503,0.07634162954856503,WINNER_LOW,0.5462962962962963,0.42932070933628474,True,0.6247750813770236
close_vs_ema240__w240__diff_mean,close_vs_ema240,108,-0.00010808045754557767,-8.850189027254919e-05,-1.9578567273028483e-05,-4.466041136765852e-05,-0.07630260296863593,0.07630260296863593,WINNER_LOW,0.5833333333333334,0.42955595191179774,True,0.6248573892826775
taker_share__w72__q75,taker_share,108,0.5284582707617018,0.5294198477709735,-0.0009615770092716981,8.98897647857444e-05,-0.07625453671493243,0.07625453671493243,WINNER_LOW,0.5,0.4298457877507251,False,0.6249721469576766
dist_high72__w240__up_share,dist_high72,108,0.5062499976268521,0.5046604898792727,0.0015895077475795083,0.002916657924652122,0.07618363468753468,0.07618363468753468,WINNER_HIGH,0.5462962962962963,0.43027353175986044,True,0.6249721469576766
rsi24__w240__delta,rsi24,108,-9.0464031652168,-10.03250127529932,0.9860981100825247,1.8208358287811288,0.07615639473839565,0.07615639473839565,WINNER_HIGH,0.5833333333333334,0.4304379339336468,True,0.6249721469576766
avg_trade_quote_rel72__w240__q75,avg_trade_quote_rel72,108,1.1917213598887126,1.1964238109412018,-0.0047024510524891145,-0.015559625625610307,-0.07614600944739366,0.07614600944739366,WINNER_LOW,0.6111111111111112,0.4305006223602966,False,0.6249721469576766
ema_gap_24_72__w24__late_vs_prev,ema_gap_24_72,108,-0.0014293253084192489,-0.001619864040919681,0.00019053873250043203,0.00038800712209194907,0.07614140381196861,0.07614140381196861,WINNER_HIGH,0.6111111111111112,0.43052842494167654,True,0.6249721469576766
quote_volume_rel240__w72__mean,quote_volume_rel240,108,1.4503134527692088,1.406383873246334,0.04392957952287463,0.004188501834869296,0.0760688818941912,0.0760688818941912,WINNER_HIGH,0.5092592592592593,0.430966353242131,False,0.6253482727334988
macd_signal_pct__d3,macd_signal_pct,108,-0.0011027872994115266,-0.0010359665499453075,-6.682074946621907e-05,1.1844013351947102e-05,-0.0760022847842722,0.0760022847842722,WINNER_LOW,0.5092592592592593,0.43136873489232275,True,0.6256085138297774
macd_hist_pct__w72__late_vs_prev,macd_hist_pct,108,-0.0004903681034462621,-0.0006290333695527873,0.00013866526610652524,2.92444383376278e-06,0.07597998853364084,0.07597998853364084,WINNER_HIGH,0.5,0.43150349881539124,True,0.6256085138297774
bb_z__w240__diff_mean,bb_z,108,-0.0072554891614273675,-0.007797890602180108,0.0005424014407527396,0.00032989893807098235,0.07587142322577302,0.07587142322577302,WINNER_HIGH,0.5185185185185185,0.4321600472902045,True,0.6262415592900805
taker_share__w240__q90,taker_share,108,0.5664373095388766,0.567229257689582,-0.0007919481507054092,-0.001447570323944103,-0.07584857589980858,0.07584857589980858,WINNER_LOW,0.5370370370370371,0.4322982911427665,False,0.6262415592900805
close_vs_ema12__w72__q25,close_vs_ema12,108,-0.004376141496710194,-0.004098080541559654,-0.000278060955150539,-6.576906889677048e-05,-0.07566286045429865,0.07566286045429865,WINNER_LOW,0.5185185185185185,0.4334229752242049,False,0.6272232609524225
upper_wick__w72__accel,upper_wick,108,-0.02713744838763011,-0.06726880363723332,0.0401313552496032,0.0014918092638254166,0.07564783447722294,0.07564783447722294,WINNER_HIGH,0.5,0.4335140468178454,True,0.6272232609524225
upper_wick__w240__accel,upper_wick,108,-0.02713744838763011,-0.06726880363723332,0.0401313552496032,0.0014918092638254166,0.07564783447722294,0.07564783447722294,WINNER_HIGH,0.5,0.4335140468178454,True,0.6272232609524225
stoch_d__w240__q90,stoch_d,108,85.11566840277777,84.82228410508897,0.29338429768880236,0.8884262084960923,0.075592944073689,0.075592944073689,WINNER_HIGH,0.5462962962962963,0.43384682979103756,False,0.6274451463106941
close_vs_vwap240__w24__diff_mean,close_vs_vwap240,108,-0.0009269843822376397,-0.0008710663699730502,-5.591801226458942e-05,-9.667511039879157e-06,-0.0753799982702367,0.0753799982702367,WINNER_LOW,0.5092592592592593,0.43513926860335883,True,0.6287943004063815
close_vs_vwap240__d24,close_vs_vwap240,108,-0.022247625148911203,-0.020905593035772822,-0.0013420321131383795,-0.00023202017182484286,-0.0753799895766431,0.0753799895766431,WINNER_LOW,0.5092592592592593,0.4351393214136241,True,0.6287943004063815
ema72_slope_12h__d12,ema72_slope_12h,108,-0.0019411135090447512,-0.0022188897785545797,0.00027777626950982844,0.00011769407174142538,0.07532390670905169,0.07532390670905169,WINNER_HIGH,0.5277777777777778,0.435480081501609,True,0.629026784391213
trades_rel240__w240__q10,trades_rel240,108,0.5481890652466703,0.5409237355545715,0.00726532969209883,-0.008578306436538674,0.07522561326614502,0.07522561326614502,WINNER_HIGH,0.5462962962962963,0.43607768991091833,False,0.6296299263494969
log_ret__w240__pos,log_ret,108,0.3661607893494268,0.3742974724241152,-0.008136683074688471,-0.013580840080976458,-0.07515262068651675,0.07515262068651675,WINNER_LOW,0.5740740740740741,0.43652178315397394,True,0.6298670228487893
close_vs_vwap24__w24__mean,close_vs_vwap24,108,-0.0011499402279595314,-0.0018303304103769564,0.0006803901824174249,0.00012580108596011992,0.07513941856524413,0.07513941856524413,WINNER_HIGH,0.5092592592592593,0.436602134225183,False,0.6298670228487893
ema_gap_72_168__d1,ema_gap_72_168,108,-0.00031360274720131857,-0.00029554093298640033,-1.80618142149182e-05,1.1068220919696602e-05,-0.07491844743904678,0.07491844743904678,WINNER_LOW,0.5370370370370371,0.4379482961752071,True,0.631548532669979
ema_gap_72_168__d6,ema_gap_72_168,108,-0.0009261979406195072,-0.0010362704788163953,0.0001100725381968881,0.0001615096552995965,0.07470430447007513,0.07470430447007513,WINNER_HIGH,0.5462962962962963,0.43925516772983697,True,0.6331720204250784
rsi24__w72__diff_mean,rsi24,108,-0.13488494570763712,-0.1465447379613545,0.011659792253717398,0.016268473677337168,0.07441732543942278,0.07441732543942278,WINNER_HIGH,0.5462962962962963,0.4410100993360262,True,0.6354397681821523
cci20__w240__q10,cci20,108,-138.0724204381307,-136.1799266250045,-1.8924938131261746,-4.818920898437511,-0.0742767078303336,0.0742767078303336,WINNER_LOW,0.5925925925925926,0.44187148808151017,False,0.6364186959724222
ema168_slope_24h__d1,ema168_slope_24h,108,-0.0002646200849535826,-0.00024834517975065226,-1.6274905202930377e-05,-4.380889822641631e-06,-0.07421599203976777,0.07421599203976777,WINNER_LOW,0.5185185185185185,0.44224371970799753,True,0.6366925845281463
rsi14__w240__delta,rsi14,108,-13.543767036111266,-14.716478878411431,1.1727118423001635,2.753162575513125,0.07416441328566564,0.07416441328566564,WINNER_HIGH,0.5740740740740741,0.4425600775870361,True,0.6368858400501503
macd_signal_pct__w72__late_vs_prev,macd_signal_pct,108,-0.0006364111111452075,-0.00025305035474890186,-0.00038336075639630574,-0.0004994345363229513,-0.07408421394272117,0.07408421394272117,WINNER_LOW,0.5555555555555556,0.44305224024488954,True,0.6372657105792889
macd_pct__w24__max,macd_pct,108,0.0035897946083457135,0.0032329679389527487,0.0003568266693929655,-0.0003580806846912308,0.07406201804704407,0.07406201804704407,WINNER_HIGH,0.5462962962962963,0.4431885067568861,False,0.6372657105792889
abs_body_pct__w72__q90,abs_body_pct,108,0.008538759619652949,0.008275644162980218,0.0002631154566727302,-2.6099337264895613e-05,0.07397718321992289,0.07397718321992289,WINNER_HIGH,0.5092592592592593,0.4437095541230065,False,0.6377526965754845
close_vs_ema48__w24__pos,close_vs_ema48,108,0.11537927964646197,0.12351470035309493,-0.00813542070663297,-0.001158083975315094,-0.07394654709732096,0.07394654709732096,WINNER_LOW,0.5,0.4438978054119741,True,0.6377611444230376
close_vs_sma24__w240__up_share,close_vs_sma24,108,0.4951388860742251,0.49342592496562887,0.001712961108596236,0.0016666710376739557,0.07386498264226186,0.07386498264226186,WINNER_HIGH,0.5185185185185185,0.44439922394067194,True,0.6380517124272778
taker_share__w24__pos,taker_share,108,0.3361968961716802,0.35279522723846,-0.016598331066779787,-0.03570854160934687,-0.07385429318226992,0.07385429318226992,WINNER_LOW,0.5648148148148148,0.44446496181665673,True,0.6380517124272778
close_vs_ema6__w240__max,close_vs_ema6,108,0.020910356685312256,0.020381831467427586,0.0005285252178846686,0.00020496733486652374,0.07375076785277171,0.07375076785277171,WINNER_HIGH,0.5370370370370371,0.4451019113610386,False,0.6387038916822126
mfi14__w24__up_share,mfi14,108,0.44984568186380247,0.4432098782724805,0.006635803591322016,-8.940696710757479e-09,0.07367497437802217,0.07367497437802217,WINNER_HIGH,0.5092592592592593,0.4455685724593003,True,0.6391112788720973
rsi6__w240__pos,rsi6,108,0.21078703925013542,0.21615925785197218,-0.005372218601836787,-0.00911726020276546,-0.07347339531740069,0.07347339531740069,WINNER_LOW,0.5370370370370371,0.44681107149380084,True,0.6406307162828297
close_vs_sma168__w240__z,close_vs_sma168,108,-0.7805480997474795,-0.8745292036224984,0.09398110387501893,0.26903871782124045,0.07338965144492682,0.07338965144492682,WINNER_HIGH,0.5648148148148148,0.4473278416770124,True,0.6411087960428329
close_vs_ema240__w240__delta,close_vs_ema240,108,-0.025586675537245657,-0.021054694332113925,-0.004531981205131734,-0.013972801016643643,-0.07318360123384575,0.07318360123384575,WINNER_LOW,0.5648148148148148,0.448600811032373,True,0.6426698222778404
rsi6__w24__mean,rsi6,108,48.037375926971436,47.42428462063825,0.6130913063331889,0.9909011840820305,0.07302665396846993,0.07302665396846993,WINNER_HIGH,0.5925925925925926,0.44957182216253744,False,0.643797158928089
rsi24__w240__q90,rsi24,108,62.516039813006365,62.04071192564788,0.47532788735848935,0.2582199096679716,0.07285039484234325,0.07285039484234325,WINNER_HIGH,0.5185185185185185,0.4506637524894844,False,0.645094562166087
abs_body_pct__d1,abs_body_pct,108,0.0033301161118128287,0.0029443890167709904,0.00038572709504183816,0.0007271469134138898,0.07282087827850305,0.07282087827850305,WINNER_HIGH,0.5648148148148148,0.4508467572015775,True,0.645094562166087
lower_wick__w240__q75,lower_wick,108,0.4305102201523604,0.4281766564757735,0.0023335636765868593,0.0003263920545578114,0.07241551193308599,0.07241551193308599,WINNER_HIGH,0.5092592592592593,0.4533643687153408,False,0.6484200626001819
macd_fast_hist_pct__w72__max,macd_fast_hist_pct,108,0.004161288149016736,0.004006535001853654,0.00015475314716308344,-0.0001434040488675235,0.07238700127628195,0.07238700127628195,WINNER_HIGH,0.5370370370370371,0.45354174238491424,False,0.6484200626001819
abs_body_pct__w72__max,abs_body_pct,108,0.020966347867484997,0.02033910237563153,0.0006272454918534669,-0.00019152648746967316,0.0723391271561858,0.0723391271561858,WINNER_HIGH,0.5277777777777778,0.45383967148088683,False,0.6485808464113859
ema_gap_24_72__w72__accel,ema_gap_24_72,108,-0.0028599974367238103,-0.003326772198354045,0.00046677476163023554,0.0003325905418023467,0.07224431974640276,0.07224431974640276,WINNER_HIGH,0.5462962962962963,0.4544300049238359,True,0.6488941311631907
ema_gap_24_72__w240__accel,ema_gap_24_72,108,-0.0028599974367238103,-0.003326772198354045,0.00046677476163023554,0.0003325905418023467,0.07224431974640276,0.07224431974640276,WINNER_HIGH,0.5462962962962963,0.4544300049238359,True,0.6488941311631907
bb_z__w72__q10,bb_z,108,-1.5366686921635713,-1.5713135763657868,0.034644884202215405,-0.06072275638580327,0.07216166719473494,0.07216166719473494,WINNER_HIGH,0.5555555555555556,0.45494501208728394,False,0.6493643703139722
rebound_low240__w240__pos,rebound_low240,108,0.3389171839872789,0.36294638422896913,-0.02402920024169024,-0.06369215250015256,-0.07205702974585859,0.07205702974585859,WINNER_LOW,0.5555555555555556,0.4555974848172784,True,0.6494123002604365
cci20__w72__q90,cci20,108,131.16907475612783,134.06333489131043,-2.894260135182628,1.1327552795410156,-0.07205332125897305,0.07205332125897305,WINNER_LOW,0.5185185185185185,0.45562061909162077,False,0.6494123002604365
rsi24__w72__delta,rsi24,108,-9.717004214206504,-10.527525581184912,0.8105213669784092,1.923655527830124,0.072035733515017,0.072035733515017,WINNER_HIGH,0.5648148148148148,0.4557303440436148,True,0.6494123002604365
close_vs_sma24__w240__q75,close_vs_sma24,108,0.008645241844028028,0.0082580232164926,0.0003872186275354276,-0.00027510151267051697,0.072010376630083,0.072010376630083,WINNER_HIGH,0.5185185185185185,0.45588856500124214,False,0.6494123002604365
taker_share__w72__min,taker_share,108,0.3584057881876274,0.35574739978269293,0.0026583884049344963,0.006344774365425104,0.07200740335745036,0.07200740335745036,WINNER_HIGH,0.5740740740740741,0.45590711957088126,False,0.6494123002604365
upper_wick__d12,upper_wick,108,-0.06049796485307592,-0.0807488010389096,0.020250836185833676,0.013922082260251045,0.07189913119755317,0.07189913119755317,WINNER_HIGH,0.5092592592592593,0.4565830803603051,True,0.650110355056998
obv_delta__w24__z,obv_delta,108,-1.0385995527763885,-0.9851123640309434,-0.05348718874544528,-0.03465704619884488,-0.07186282891476316,0.07186282891476316,WINNER_LOW,0.5092592592592593,0.4568098492570924,True,0.6501685156093008
rsi14__w72__late_vs_prev,rsi14,108,-2.911267924570927,-3.5116130186158614,0.6003450940449341,0.8425750017166138,0.07178966900422196,0.07178966900422196,WINNER_HIGH,0.5555555555555556,0.4572670510532751,True,0.650554466042841
obv_delta__w72__z,obv_delta,108,-1.1114044365024678,-1.0530636032866487,-0.05834083321581905,-0.03364745378494263,-0.07160329189531396,0.07160329189531396,WINNER_LOW,0.5462962962962963,0.45843296338450995,True,0.6515252406142136
obv_delta__w240__pos,obv_delta,108,0.41413040707508725,0.426129994796658,-0.011999587721570778,-0.010481008887290949,-0.07159247438887806,0.07159247438887806,WINNER_LOW,0.5740740740740741,0.4585006859229064,True,0.6515252406142136
close_vs_sma240__w240__max,close_vs_sma240,108,0.07474957023643786,0.07103867751063296,0.00371089272580489,-0.0009057708084583282,0.07154816951526703,0.07154816951526703,WINNER_HIGH,0.5185185185185185,0.4587781140493818,False,0.6515252406142136
avg_trade_quote_rel24__w24__q25,avg_trade_quote_rel24,108,0.864298344762237,0.8563054745947873,0.007992870167449671,0.022663527727127097,0.07154620071676797,0.07154620071676797,WINNER_HIGH,0.5648148148148148,0.4587904444798064,False,0.6515252406142136
avg_trade_quote_rel72__w72__q25,avg_trade_quote_rel72,108,0.8366729589524092,0.8434702150247716,-0.0067972560723622635,0.005830252170562766,-0.07153063618486848,0.07153063618486848,WINNER_LOW,0.5462962962962963,0.4588879305516567,False,0.6515252406142136
close_vs_sma240__w72__diff_mean,close_vs_sma240,108,-0.000311550949441476,-0.00035648988695887357,4.4938937517397566e-05,8.957071922850447e-05,0.07150201022606842,0.07150201022606842,WINNER_HIGH,0.5462962962962963,0.4590672556115019,True,0.6515252406142136
close_vs_sma240__w72__delta,close_vs_sma240,108,-0.022611077996434352,-0.02586027917803019,0.0032492011815958427,0.005277632462093607,0.0714433559723511,0.0714433559723511,WINNER_HIGH,0.5462962962962963,0.4594348149019342,True,0.6516805788633813
volume_rel72__w72__max,volume_rel72,108,6.9446828497780695,7.242385287638063,-0.29770243785999434,-0.717072796821594,-0.0714250736599592,0.0714250736599592,WINNER_LOW,0.6111111111111112,0.45954941592138926,False,0.6516805788633813
ema72_slope_12h__w24__max,ema72_slope_12h,108,0.003905977567775928,0.0034295018282170567,0.0004764757395588713,-0.0005254172140212177,0.07135369259421366,0.07135369259421366,WINNER_HIGH,0.5555555555555556,0.4599970170465316,False,0.6520318036942377
volume_rel240__w24__std,volume_rel240,108,1.0749787551661332,1.0153474704810868,0.0596312846850466,-0.1304148495197296,0.07132611667863221,0.07132611667863221,WINNER_HIGH,0.6203703703703703,0.4601700004339087,False,0.6520318036942377
volume_rel240__w240__q25,volume_rel240,108,0.6516440416927691,0.6430394632396876,0.008604578453081626,-0.010656046867370594,0.07129352389725331,0.07129352389725331,WINNER_HIGH,0.5462962962962963,0.46037450214478753,False,0.6520573649252013
abs_body_pct__w240__up_share,abs_body_pct,108,0.4926311696569125,0.49113425772499153,0.0014969119319209318,0.0008333384990691917,0.07122900897385545,0.07122900897385545,WINNER_HIGH,0.5370370370370371,0.4607794496515205,True,0.652246461144196
lower_wick__w72__q75,lower_wick,108,0.428005075013196,0.4321843599279721,-0.004179284914776131,-0.00017078816890717108,-0.07121282858189165,0.07121282858189165,WINNER_LOW,0.5,0.4608810424613407,False,0.652246461144196
close_location__w24__mean,close_location,108,0.49497897426287335,0.4920630918056878,0.002915882457185672,0.00884495973587035,0.07092478185262391,0.07092478185262391,WINNER_HIGH,0.5740740740740741,0.4626917426539961,False,0.6545441035845568
volume_rel240__w72__std,volume_rel240,108,1.195350732240412,1.1445314907365376,0.05081924150387445,-0.01157921552658081,0.0708050873408114,0.0708050873408114,WINNER_HIGH,0.5092592592592593,0.46344534003714183,False,0.6553450683824849
lower_wick__w240__max,lower_wick,108,0.8910186831597928,0.8870805824244463,0.003938100735346478,0.005790519714355458,0.07077012269731998,0.07077012269731998,WINNER_HIGH,0.5648148148148148,0.46366560846138016,False,0.655391524975524
body_pct__w24__min,body_pct,108,-0.014096453322390854,-0.014515693350781305,0.000419240028390454,0.0008126470725983376,0.07067363118741761,0.07067363118741761,WINNER_HIGH,0.6203703703703703,0.4642737872888333,False,0.6559860339996161
ema_gap_24_72__w72__q90,ema_gap_24_72,108,0.010129935785244015,0.00923159431878486,0.000898341466459156,-0.0023590742610394956,0.07052024407155304,0.07052024407155304,WINNER_HIGH,0.5462962962962963,0.46524150103695144,False,0.6570878550590546
avg_trade_quote_rel24__w24__diff_mean,avg_trade_quote_rel24,108,0.003995383969309101,0.0050976907498773445,-0.001102306780568243,-0.0003679446293972429,-0.0703109379490408,0.0703109379490408,WINNER_LOW,0.5185185185185185,0.4665638383166421,True,0.6580232621240808
avg_trade_quote_rel24__d24,avg_trade_quote_rel24,108,0.0958892156734321,0.12234457764101937,-0.02645536196758729,-0.00883065536618232,-0.07031093647521977,0.07031093647521977,WINNER_LOW,0.5185185185185185,0.4665638476352701,True,0.6580232621240808
close_vs_ema240__w24__diff_mean,close_vs_ema240,108,-0.0009368883086659076,-0.0008807957917777075,-5.609251688819991e-05,5.840067751705679e-06,-0.07029628886884204,0.07029628886884204,WINNER_LOW,0.5092592592592593,0.46665646622238366,True,0.6580232621240808
close_vs_ema240__d24,close_vs_ema240,108,-0.022485319461406174,-0.02113909910362542,-0.0013462203577807518,0.00014016041532159164,-0.07029628761673658,0.07029628761673658,WINNER_LOW,0.5092592592592593,0.46665647414004013,True,0.6580232621240808
log_ret__w72__up_share,log_ret,108,0.496656379489987,0.4938528830806413,0.0028034964093455565,0.004166662693023682,0.07023082597851533,0.07023082597851533,WINNER_HIGH,0.5277777777777778,0.467070522412129,True,0.6580763968070971
body_pct__w72__up_share,body_pct,108,0.496656379489987,0.4938528830806413,0.0028034964093455565,0.004166662693023682,0.07023082597851533,0.07023082597851533,WINNER_HIGH,0.5277777777777778,0.467070522412129,True,0.6580763968070971
close_vs_vwap24__w72__z,close_vs_vwap24,108,-1.4689637636248436,-1.424229486952363,-0.044734276672480276,-0.031546497344970725,-0.070171704090489,0.070171704090489,WINNER_LOW,0.5462962962962963,0.4674446489313574,True,0.6582301394675079
quote_volume_rel24__w72__late_vs_prev,quote_volume_rel24,108,0.04678815960263213,0.09721284007731204,-0.050424680474679934,-0.059859634935855874,-0.07015409770563755,0.07015409770563755,WINNER_LOW,0.5462962962962963,0.4675560956354846,True,0.6582301394675079
close_vs_ema72__w72__q75,close_vs_ema72,108,0.012538279845978616,0.011295425837441277,0.0012428540085373382,-0.0032406487502157685,0.07012426686846517,0.07012426686846517,WINNER_HIGH,0.5370370370370371,0.4677449560168445,False,0.6582310306603241
lower_wick__d12,lower_wick,108,-0.07145751531519366,-0.04882328326022146,-0.022634232054972215,-0.004489546455442904,-0.07006086384286227,0.07006086384286227,WINNER_LOW,0.5,0.4681465057843567,True,0.658531106487488
avg_trade_quote_rel24__w24__q90,avg_trade_quote_rel24,108,1.3377403694170493,1.351950960689121,-0.014210591272071567,-0.027826642990112394,-0.07003106417484999,0.07003106417484999,WINNER_LOW,0.5185185185185185,0.4683353025932806,False,0.6585317865575804
volume_rel72__w72__q75,volume_rel72,108,1.768663622714855,1.7282694282355129,0.04039419447934187,0.005508065223693848,0.0699990533534235,0.0699990533534235,WINNER_HIGH,0.5092592592592593,0.46853815585755565,False,0.6585522230843538
quote_volume_rel24__w72__mean,quote_volume_rel24,108,1.3579207057202305,1.3735034374175246,-0.01558273169729445,-0.022057735919952304,-0.06982918974558404,0.06982918974558404,WINNER_LOW,0.5370370370370371,0.4696154100402313,False,0.659801160671229
trades_rel24__w240__delta,trades_rel24,108,0.701281074606986,0.6109975807985326,0.0902834938084534,0.04833021275699134,0.06979498265394402,0.06979498265394402,WINNER_HIGH,0.5185185185185185,0.4698325150501936,True,0.659841086397802
log_ret__w24__min,log_ret,108,-0.014233380836365675,-0.014656213309219176,0.00042283247285350065,0.0008205550722777842,0.06952785159825701,0.06952785159825701,WINNER_HIGH,0.6296296296296297,0.4715298713368268,False,0.6619590365575605
ema72_slope_12h__w240__diff_mean,ema72_slope_12h,108,-9.140044306579056e-06,-1.2448419192352317e-05,3.3083748857732625e-06,5.0717905310193606e-06,0.06949712054100252,0.06949712054100252,WINNER_HIGH,0.5648148148148148,0.47172535679216054,True,0.6619677258034452
avg_trade_quote_rel240__w24__q10,avg_trade_quote_rel240,108,0.7738952992690934,0.7619695772175435,0.011925722051549837,0.005059313774108898,0.06930636827272096,0.06930636827272096,WINNER_HIGH,0.5092592592592593,0.4729397770651598,False,0.6634056961078475
ema168_slope_24h__w24__accel,ema168_slope_24h,108,-0.0006983115937258964,-0.000638041259698083,-6.027033402781335e-05,-2.3760975454934006e-05,-0.06919257352389742,0.06919257352389742,WINNER_LOW,0.5370370370370371,0.47366507909558464,True,0.664156688691764
upper_wick__w240__q75,upper_wick,108,0.40225627797621266,0.4002508093913395,0.002005468584873059,0.007540392875671376,0.06905073249404307,0.06905073249404307,WINNER_HIGH,0.5833333333333334,0.4745700095034446,False,0.665158846987393
ema_gap_72_168__w240__z,ema_gap_72_168,108,-0.2915179704453934,-0.17977799423970284,-0.1117399762056906,-0.25841960390098395,-0.06870010969759673,0.06870010969759673,WINNER_LOW,0.5555555555555556,0.4768110713334512,True,0.6679997735348561
atr72_pct__w240__z,atr72_pct,108,0.28681330175863373,0.19382347381820353,0.09298982794043023,-0.06410361230373383,0.06867387927075567,0.06867387927075567,WINNER_HIGH,0.5277777777777778,0.4769789632589464,True,0.6679997735348561
bb_z__w24__late_vs_prev,bb_z,108,-0.823776549168138,-0.7649019232175003,-0.05887462595063778,-0.050719781219959265,-0.06863597498590718,0.06863597498590718,WINNER_LOW,0.5092592592592593,0.4772216334972423,True,0.6680720785988216
ema6_slope_3h__w72__late_vs_prev,ema6_slope_3h,108,-0.001701827838351838,-0.0019713999466249433,0.0002695721082731054,0.0002384030201938004,0.06857659563662839,0.06857659563662839,WINNER_HIGH,0.5462962962962963,0.47760192877866003,True,0.6683369127406859
ema72_slope_12h__w24__accel,ema72_slope_12h,108,-0.0012845630348642266,-0.0011370600166843462,-0.00014750301817988053,-0.00011094358487753197,-0.06849333737904753,0.06849333737904753,WINNER_LOW,0.5370370370370371,0.4781354396147441,True,0.668815852933104
close_vs_ema12__w240__pos,close_vs_ema12,108,0.3037937750729422,0.2938418663281481,0.00995190874479401,-0.003843311965465529,0.06840673280648321,0.06840673280648321,WINNER_HIGH,0.5277777777777778,0.47869074367413605,True,0.6693248822984621
macd_signal_pct__d12,macd_signal_pct,108,-0.0018094381342650566,-0.002081933844517523,0.00027249571025246636,0.00012349397875368597,0.06835007838714958,0.06835007838714958,WINNER_HIGH,0.5277777777777778,0.47905420209109717,True,0.6695653655925526
rebound_low72__w240__late_vs_prev,rebound_low72,108,0.0007175717038181676,-0.0016431277445210274,0.0023606994483391947,0.0026488228701055053,0.06823366322532665,0.06823366322532665,WINNER_HIGH,0.5277777777777778,0.4798015264057971,True,0.6703419647786946
cci20__w72__mean,cci20,108,1.724085639472361,-0.9725320388873419,2.696617678359703,5.090844452381134,0.06815423048645124,0.06815423048645124,WINNER_HIGH,0.5555555555555556,0.48031181281302976,False,0.6707869047153215
rsi14__d24,rsi14,108,-14.349001190728611,-15.05184617779666,0.7028449870680491,-0.5715328693389892,0.06796995635768609,0.06796995635768609,WINNER_HIGH,0.5185185185185185,0.48149676844650025,True,0.6719051184736164
rsi14__w24__diff_mean,rsi14,108,-0.5978750475268397,-0.6271602545404611,0.02928520701362114,-0.023813867568969777,0.06796995512948463,0.06796995512948463,WINNER_HIGH,0.5185185185185185,0.4814967763496948,True,0.6719051184736164
ema72_slope_12h__w72__mean,ema72_slope_12h,108,0.000956541242683468,0.0013629213269235121,-0.00040638008424004373,-0.0007512282492825762,-0.06788018523373321,0.06788018523373321,WINNER_LOW,0.5555555555555556,0.48207461620507563,False,0.6724431323770041
taker_share__w240__min,taker_share,108,0.3338550676902135,0.3315621929036246,0.0022928747865888785,0.00661576390266419,0.06752522717076771,0.06752522717076771,WINNER_HIGH,0.5555555555555556,0.48436318670281264,False,0.6753660541864975
close_vs_vwap24__w24__up_share,close_vs_vwap24,108,0.4521604959887487,0.44598765646417926,0.006172839524569333,0.016666656732559182,0.06742411568370901,0.06742411568370901,WINNER_HIGH,0.5648148148148148,0.48501618819621334,True,0.6760070187812507
cci20__w24__min,cci20,108,-206.24033569958476,-211.27651313278406,5.036177433199352,15.02107925415038,0.06727842534207769,0.06727842534207769,WINNER_HIGH,0.6018518518518519,0.48595793999947823,False,0.6770497674016636
trades_rel240__w72__max,trades_rel240,108,4.984826210472319,5.177785796368564,-0.19295958589624476,-0.3288100481033325,-0.06720781731605449,0.06720781731605449,WINNER_LOW,0.6018518518518519,0.4864147154762778,False,0.6774162724096151
lower_wick__d1,lower_wick,108,-0.09679085529111305,-0.07622279446179704,-0.020568060829316018,-0.010862000100314611,-0.0671573538120322,0.0671573538120322,WINNER_LOW,0.5370370370370371,0.4867413167436082,True,0.6776012677756361
rebound_low240__d12,rebound_low240,108,-0.019827898997593567,-0.020994138299912028,0.0011662393023184618,0.0003236114978790311,0.06712167538027675,0.06712167538027675,WINNER_HIGH,0.5,0.48697230108831363,True,0.6776530588562805
macd_hist_pct__w72__accel,macd_hist_pct,108,-0.0015818572726613166,-0.0012981749033980558,-0.00028368236926326054,-7.598774391226427e-06,-0.06705836617636461,0.06705836617636461,WINNER_LOW,0.5092592592592593,0.48738231650521907,True,0.677684278655567
macd_hist_pct__w240__accel,macd_hist_pct,108,-0.0015818572726613166,-0.0012981749033980558,-0.00028368236926326054,-7.598774391226427e-06,-0.06705836617636461,0.06705836617636461,WINNER_LOW,0.5092592592592593,0.48738231650521907,True,0.677684278655567
upper_wick__w24__q10,upper_wick,108,0.036734392835030494,0.0387465550004427,-0.0020121621654122157,-0.0003054562956094735,-0.06695499428310699,0.06695499428310699,WINNER_LOW,0.5092592592592593,0.4880521997942499,False,0.6783460026552035
avg_trade_quote_rel24__d1,avg_trade_quote_rel24,108,0.07687181674797709,0.05992335627045206,0.016948460477525025,0.04229529127478599,0.06692384137953643,0.06692384137953643,WINNER_HIGH,0.5462962962962963,0.4882541793990884,True,0.6783571177427938
avg_trade_quote_rel240__w24__q25,avg_trade_quote_rel240,108,0.8693874417631714,0.8569482115683732,0.012439230194798222,0.00448713302612308,0.0667017178647967,0.0667017178647967,WINNER_HIGH,0.5092592592592593,0.4896956394752607,False,0.6800896152680647
rsi6__w240__q90,rsi6,108,73.34497193936949,72.96459008676035,0.38038185260913954,0.6513854980468707,0.06659268202199672,0.06659268202199672,WINNER_HIGH,0.5648148148148148,0.4904040714467731,False,0.6808031114924039
close_vs_sma72__w72__diff_mean,close_vs_sma72,108,-0.0003031051509954826,-0.0003384994038741793,3.539425287869668e-05,7.201138869277206e-05,0.06654716125613563,0.06654716125613563,WINNER_HIGH,0.5648148148148148,0.49069999602703585,True,0.6809436055978351
atr14_pct__w24__accel,atr14_pct,108,0.001066102078934987,0.001247269863551992,-0.00018116778461700487,-1.82357878657058e-05,-0.0664871856788328,0.0664871856788328,WINNER_LOW,0.5092592592592593,0.49109003800444495,True,0.6812145429994224
macd_fast_hist_pct__w240__q25,macd_fast_hist_pct,108,-0.0011547059801631366,-0.0011298920449378245,-2.4813935225312077e-05,3.1335017411038225e-05,-0.06643575668184963,0.06643575668184963,WINNER_LOW,0.5092592592592593,0.4914246330652172,False,0.6814083829615641
ema72_slope_12h__w240__delta,ema72_slope_12h,108,-0.002195695022574337,-0.002953172114602812,0.0007574770920284746,0.001505769025243353,0.06636510470798167,0.06636510470798167,WINNER_HIGH,0.5740740740740741,0.491884494392693,True,0.6817756943683105
close_vs_vwap24__w72__q25,close_vs_vwap24,108,-0.006654138822476078,-0.007079128177132655,0.0004249893546565782,0.0008237925823777912,0.06617025940063379,0.06617025940063379,WINNER_HIGH,0.5648148148148148,0.4931539208527186,False,0.6832643665697135
close_vs_ema48__w24__q10,close_vs_ema48,108,-0.011835945745823901,-0.010775809424996154,-0.0010601363208277489,-7.451544515788694e-05,-0.06613495868794984,0.06613495868794984,WINNER_LOW,0.5092592592592593,0.4933840969474225,False,0.6833125493168858
ema_gap_6_24__d24,ema_gap_6_24,108,-0.00809622335550052,-0.007541996297903904,-0.0005542270575966138,-6.924642002559278e-05,-0.06591138295721867,0.06591138295721867,WINNER_LOW,0.5092592592592593,0.49484326245357957,True,0.6847910232145996
ema_gap_6_24__w24__diff_mean,ema_gap_6_24,108,-0.00033734263958514794,-0.0003142498457889444,-2.3092793796203524e-05,-2.8852695777459262e-06,-0.06591138178114811,0.06591138178114811,WINNER_LOW,0.5092592592592593,0.4948432701353426,True,0.6847910232145996
volume_rel24__w72__late_vs_prev,volume_rel24,108,0.06073849707738393,0.10875303794487585,-0.04801454086749194,-0.08645931854844094,-0.06583331021938182,0.06583331021938182,WINNER_LOW,0.5462962962962963,0.4953533540649136,True,0.6852257433405865
quote_volume_rel72__w240__max,quote_volume_rel72,108,10.595021865986011,10.820005674715397,-0.2249838087293836,-0.6226169586181642,-0.06574263428706871,0.06574263428706871,WINNER_LOW,0.5555555555555556,0.49594614644222307,False,0.6857744856103021
taker_share__d3,taker_share,108,-0.02389911416038457,-0.02838116269367337,0.0044820485332888035,0.00842167250812054,0.06553937254204924,0.06553937254204924,WINNER_HIGH,0.5833333333333334,0.4972763602203283,True,0.6873420678618529
close_vs_sma168__w24__max,close_vs_sma168,108,0.01895996348051725,0.021533028095951454,-0.0025730646154342035,-0.0054760495200753215,-0.06544332639662206,0.06544332639662206,WINNER_LOW,0.5648148148148148,0.4979055885837225,False,0.6877420853178671
upper_wick__w24__pos,upper_wick,108,0.26852236768167537,0.25270073164213125,0.015821636039544066,-0.008005786381181677,0.06541564778380791,0.06541564778380791,WINNER_HIGH,0.5,0.49808699956317143,True,0.6877420853178671
ema6_slope_3h__w72__up_share,ema6_slope_3h,108,0.48006687340912996,0.4830761322268733,-0.0030092588177433716,-0.005555546283721902,-0.06538162876768164,0.06538162876768164,WINNER_LOW,0.5185185185185185,0.4983100156131381,True,0.6877420853178671
close_vs_ema48__w240__q90,close_vs_ema48,108,0.021876110783691897,0.021009880015669665,0.0008662307680222307,-0.0012361641973257075,0.06537515993180547,0.06537515993180547,WINNER_HIGH,0.5277777777777778,0.49835242899498855,False,0.6877420853178671
rebound_low240__w240__z,rebound_low240,108,-0.6200131394520954,-0.5291546211741797,-0.09085851827791579,-0.13843794390559194,-0.06528577918415629,0.06528577918415629,WINNER_LOW,0.5462962962962963,0.4989386594661828,True,0.6882042123587024
atr24_pct__w240__late_vs_prev,atr24_pct,108,5.620631977594544e-05,0.00026274180880271294,-0.00020653548902676742,-0.0004185470104857813,-0.0652641018233149,0.0652641018233149,WINNER_LOW,0.5462962962962963,0.4990808929201228,True,0.6882042123587024
atr72_pct__w72__z,atr72_pct,108,0.43182726687303297,0.32215665351185535,0.10967061336117762,0.14201183319091792,0.06516522034439975,0.06516522034439975,WINNER_HIGH,0.5277777777777778,0.4997299691267155,True,0.688827631862879
quote_volume_rel24__w72__min,quote_volume_rel24,108,0.34749567453508023,0.35364676548375024,-0.006151090948669998,-0.010200208425521856,-0.06510310979211748,0.06510310979211748,WINNER_LOW,0.5462962962962963,0.5001379064511198,False,0.6889171514606278
ema168_slope_24h__w72__q75,ema168_slope_24h,108,0.004851294646936434,0.005496408152538168,-0.0006451135056017341,-0.0016829317552037538,-0.06509534488251935,0.06509534488251935,WINNER_LOW,0.5555555555555556,0.5001889183753314,False,0.6889171514606278
close_location__w240__diff_mean,close_location,108,-0.0008271770110209207,-0.0009204249519825681,9.324794096164726e-05,0.00022488188697025182,0.06506220598983249,0.06506220598983249,WINNER_HIGH,0.5648148148148148,0.5004066572864464,True,0.6889457009963398
trades_rel24__w24__mean,trades_rel24,108,1.324925266482212,1.3034592181444171,0.02146604833779511,0.005197614431381226,0.06502430051026474,0.06502430051026474,WINNER_HIGH,0.5,0.5006557775167401,False,0.689017415968532
ema6_slope_3h__w72__max,ema6_slope_3h,108,0.012689082167559752,0.012215371188035028,0.00047371097952472404,-0.0003947951365262268,0.06498785162367121,0.06498785162367121,WINNER_HIGH,0.5185185185185185,0.5008953876760309,False,0.6890759916219827
close_vs_sma72__w24__q75,close_vs_sma72,108,0.007254127431359073,0.005715764377250539,0.0015383630541085352,0.000975858954188879,0.06470883892987547,0.06470883892987547,WINNER_HIGH,0.5185185185185185,0.5027316199692915,False,0.6913301120851799
atr6_pct__w240__min,atr6_pct,108,0.002606508869643289,0.0025481015941800763,5.840727546321299e-05,1.2759328819811214e-05,0.06458145417138857,0.06458145417138857,WINNER_HIGH,0.5,0.503571160025605,False,0.6922124003968321
rebound_low72__w240__q75,rebound_low72,108,0.06540499701751051,0.0635436382006716,0.0018613588168389262,-0.0025882869958877563,0.06435101273787538,0.06435101273787538,WINNER_HIGH,0.5648148148148148,0.5050918090507412,False,0.6940298845777769
close_vs_sma168__w72__max,close_vs_sma168,108,0.03573610500973667,0.03866384529101197,-0.002927740281275301,-0.010663525579730049,-0.06424067682458288,0.06424067682458288,WINNER_LOW,0.5740740740740741,0.505820767086092,False,0.6945546966353041
volume_rel72__w24__q90,volume_rel72,108,2.7950592278330415,2.6877774400843517,0.10728178774869003,-0.2525452256202698,0.06423307987194586,0.06423307987194586,WINNER_HIGH,0.6203703703703703,0.5058709786474462,False,0.6945546966353041
close_vs_ema168__w24__q75,close_vs_ema168,108,0.01048256540067356,0.01270987408009845,-0.0022273086794248895,-0.005837613251060247,-0.0640223944292865,0.0640223944292865,WINNER_LOW,0.5555555555555556,0.5072645494686004,False,0.6961947133012935
stoch_k__w72__max,stoch_k,108,97.50767976266367,97.68133988557038,-0.1736601229067192,0.552239227294919,-0.06394987403492039,0.06394987403492039,WINNER_LOW,0.6018518518518519,0.5077447054765504,False,0.6962537451679472
lower_wick__w72__delta,lower_wick,108,-0.0668179232150713,-0.048733699087555316,-0.018084224127515987,-0.005670999921858315,-0.06393255656387382,0.06393255656387382,WINNER_LOW,0.5092592592592593,0.5078593998594023,True,0.6962537451679472
atr14_pct__w240__up_share,atr14_pct,108,0.5020447511363912,0.5039043209618992,-0.0018595698255079774,-0.00125000178813936,-0.06388739178838705,0.06388739178838705,WINNER_LOW,0.5,0.5081585930406338,True,0.6962537451679472
taker_share__w240__delta,taker_share,108,-0.030371535090833075,-0.035238847511913335,0.004867312421080255,0.005205801874399188,0.06386358527242685,0.06386358527242685,WINNER_HIGH,0.5185185185185185,0.5083163365738215,True,0.6962537451679472
abs_body_pct__w240__min,abs_body_pct,108,1.9470966550359123e-05,1.7862479540903456e-05,1.6084870094556653e-06,-4.294438394936151e-06,0.06384136890223881,0.06384136890223881,WINNER_HIGH,0.5925925925925926,0.5084635671848821,False,0.6962537451679472
trades_rel72__w24__q25,trades_rel72,108,0.8282508251291735,0.8095715754561955,0.01867924967297802,-0.03571925163269046,0.06383554550123752,0.06383554550123752,WINNER_HIGH,0.5370370370370371,0.5085021633282635,False,0.6962537451679472
cci20__d1,cci20,108,-49.013998256409884,-46.85388546139002,-2.160112795019868,-0.28216323852539205,-0.0635923095703284,0.0635923095703284,WINNER_LOW,0.5092592592592593,0.5101156646860815,True,0.6981896201202454
rebound_low72__w24__std,rebound_low72,108,0.010218999098503479,0.009755608755060367,0.00046339034344311113,-0.0011508342809975146,0.06348386561750442,0.06348386561750442,WINNER_HIGH,0.6111111111111112,0.5108359001545442,False,0.6989018555713775
volume_rel24__w240__z,volume_rel24,108,0.8496121723804174,0.7794140718997502,0.07019810048066709,-0.10411271452903743,0.06342304876583489,0.06342304876583489,WINNER_HIGH,0.5648148148148148,0.5112400537793859,True,0.6991812546212406
trades_rel240__w240__min,trades_rel240,108,0.34554905485775733,0.35012642862620175,-0.004577373768444415,-0.004800194501876853,-0.0633568107402667,0.0633568107402667,WINNER_LOW,0.5185185185185185,0.5116804259775841,False,0.6992652193297622
mfi14__w72__delta,mfi14,108,-17.324293645305765,-15.842154723309253,-1.4821389219965095,-1.030008232593537,-0.06335366099250275,0.06335366099250275,WINNER_LOW,0.5462962962962963,0.5117013715369921,True,0.6992652193297622
close_vs_sma168__w24__q75,close_vs_sma168,108,0.010783616506227257,0.013362129553631046,-0.002578513047403788,-0.006036288756877184,-0.0633168458504494,0.0633168458504494,WINNER_LOW,0.5740740740740741,0.5119462228009788,False,0.6993265395058683
volume_rel72__w240__max,volume_rel72,108,10.750134922839978,10.98587976296743,-0.23574484012745048,-0.7976750373840336,-0.06325728517418311,0.06325728517418311,WINNER_LOW,0.5648148148148148,0.5123424819828353,False,0.6994599759042601
dist_high24__w240__z,dist_high24,108,-1.1993215798434835,-1.135046288188271,-0.06427529165521265,0.14140501916408538,-0.06323109459146542,0.06323109459146542,WINNER_LOW,0.5648148148148148,0.51251678013547,True,0.6994599759042601
cci20__w240__late_vs_prev,cci20,108,-7.376124827950089,-11.923509428788114,4.547384600838024,3.804088211059568,0.06321198754494657,0.06321198754494657,WINNER_HIGH,0.5185185185185185,0.5126439571754701,True,0.6994599759042601
close_vs_ema72__w24__q90,close_vs_ema72,108,0.010573373593042898,0.009326160872788695,0.0012472127202542006,0.00028013807022944084,0.06289197145607628,0.06289197145607628,WINNER_HIGH,0.5185185185185185,0.5147764699732279,False,0.7020956768706622
close_vs_sma72__w240__q90,close_vs_sma72,108,0.03260657529635527,0.031309633075229444,0.0012969422211258292,-0.0021680790930986397,0.06283828487963539,0.06283828487963539,WINNER_HIGH,0.5277777777777778,0.515134682163675,False,0.7023103249615482
avg_trade_quote_rel72__w24__q75,avg_trade_quote_rel72,108,1.1747000537536763,1.1603219310442607,0.014378122709415566,-0.031563037633895896,0.06270460744794955,0.06270460744794955,WINNER_HIGH,0.5370370370370371,0.5160271862807864,False,0.702965440104755
abs_body_pct__w24__max,abs_body_pct,108,0.015132766038058671,0.015513456019969585,-0.00038068998191091746,-0.0009022653568536041,-0.06268808954936475,0.06268808954936475,WINNER_LOW,0.6574074074074074,0.5161375252962527,False,0.702965440104755
bb_width__d3,bb_width,108,0.00465648326967817,0.005256916535998042,-0.0006004332663198714,0.00015703051758464415,-0.06267600484775793,0.06267600484775793,WINNER_LOW,0.5370370370370371,0.5162182585613414,True,0.702965440104755
bb_width__w24__accel,bb_width,108,0.006517430959909824,0.007997956485841886,-0.0014805255259320632,-0.0008731368114240471,-0.06259640438441194,0.06259640438441194,WINNER_LOW,0.5185185185185185,0.5167502046573916,True,0.7033340604230732
close_vs_sma240__w24__z,close_vs_sma240,108,-1.7364781972460657,-1.7742155921059075,0.03773739485984184,0.05456634759902956,0.06257531266847585,0.06257531266847585,WINNER_HIGH,0.5277777777777778,0.5168912025414064,True,0.7033340604230732
close_vs_ema240__w24__q90,close_vs_ema240,108,0.017886494594373897,0.020596495382509333,-0.002710000788135437,-0.00695699070347473,-0.06250823228476043,0.06250823228476043,WINNER_LOW,0.5462962962962963,0.5173397684669078,False,0.7036706224538221
close_vs_ema72__w24__q10,close_vs_ema72,108,-0.011346767357449775,-0.01007061121718262,-0.001276156140267159,0.00036961702862754427,-0.06228332782498096,0.06228332782498096,WINNER_LOW,0.5092592592592593,0.518845192422999,False,0.7053202759813001
close_vs_ema168__w240__pos,close_vs_ema168,108,0.34053456805715404,0.3256100315005622,0.014924536556591862,0.007925584819167853,0.062266789771306154,0.062266789771306154,WINNER_HIGH,0.5,0.5189559822990807,True,0.7053202759813001
cci20__w72__q75,cci20,108,73.94236305024889,71.30537482164111,2.6369882286077853,10.654750061035159,0.06223266171739758,0.06223266171739758,WINNER_HIGH,0.6203703703703703,0.5191846482934848,False,0.705356921166401
macd_signal_pct__w24__q90,macd_signal_pct,108,0.002806385983098557,0.0025014496796992958,0.0003049363033992618,-0.00011278482852503644,0.06209170192822613,0.06209170192822613,WINNER_HIGH,0.5185185185185185,0.5201296706683001,False,0.7063663915833186
macd_pct__w72__accel,macd_pct,108,-0.0030264015340098586,-0.003514310569042007,0.00048790903503214854,7.242496358230745e-05,0.06192543844776324,0.06192543844776324,WINNER_HIGH,0.5092592592592593,0.521245488923622,True,0.7073323534209958
macd_pct__w240__accel,macd_pct,108,-0.0030264015340098586,-0.003514310569042007,0.00048790903503214854,7.242496358230745e-05,0.06192543844776324,0.06192543844776324,WINNER_HIGH,0.5092592592592593,0.521245488923622,True,0.7073323534209958
atr72_pct__w24__late_vs_prev,atr72_pct,108,0.00012127992005372546,9.07456702375637e-05,3.053424981616175e-05,3.0214167600206577e-05,0.061886733591177065,0.061886733591177065,WINNER_HIGH,0.5648148148148148,0.5215054219915319,True,0.7074105743616708
close_vs_ema6__w72__q25,close_vs_ema6,108,-0.002785251166372931,-0.002679952017071493,-0.00010529914930143773,5.9605983551591635e-05,-0.06180504104980001,0.06180504104980001,WINNER_LOW,0.5277777777777778,0.5220542725806964,False,0.7078804929099245
close_vs_sma72__w72__delta,close_vs_sma72,108,-0.02208276355641256,-0.02449840652248154,0.0024156429660689782,0.005618096969556063,0.06175762499066729,0.06175762499066729,WINNER_HIGH,0.5740740740740741,0.5223729750101614,True,0.7080380982986568
close_vs_sma240__d24,close_vs_sma240,108,-0.022622927239151776,-0.021322157398848237,-0.001300769840303541,0.00036158049479126896,-0.06161668557139884,0.06161668557139884,WINNER_LOW,0.5185185185185185,0.5233208838384414,True,0.7087735078977687
close_vs_sma240__w24__diff_mean,close_vs_sma240,108,-0.0009426219689380054,-0.0008884232284142653,-5.419874052374022e-05,1.506583794252947e-05,-0.06161668274066958,0.06161668274066958,WINNER_LOW,0.5185185185185185,0.5233209028859133,True,0.7087735078977687
rebound_low240__w240__min,rebound_low240,108,0.02309096990615621,0.025445637862732705,-0.0023546679565764933,-0.008309814985841513,-0.06155782056280196,0.06155782056280196,WINNER_LOW,0.6759259259259259,0.5237170539663466,False,0.709035438528964
volume_rel24__w72__std,volume_rel24,108,1.1131117172815181,1.1420020276749576,-0.028890310393439412,-0.09387649893760674,-0.06152700641029315,0.06152700641029315,WINNER_LOW,0.6111111111111112,0.5239244999048486,False,0.7090417864424363
volume_rel24__w72__min,volume_rel24,108,0.34721718162850096,0.3530359869201978,-0.005818805291696832,-0.010788354277610768,-0.061408181163992326,0.061408181163992326,WINNER_LOW,0.5555555555555556,0.5247248508213381,False,0.7096400665538523
close_vs_vwap72__w72__diff_mean,close_vs_vwap72,108,-0.0002789386510968412,-0.0003066984965530369,2.775984545619563e-05,3.9050990744726724e-05,0.06140111918367603,0.06140111918367603,WINNER_HIGH,0.5555555555555556,0.5247724369769122,True,0.7096400665538523
taker_share__d1,taker_share,108,-0.020911687299505703,-0.02537853635442136,0.0044668490549156555,0.01683091316372156,0.06130953039695426,0.06130953039695426,WINNER_HIGH,0.6203703703703703,0.5253897979950731,True,0.7100723131542651
ema72_slope_12h__d3,ema72_slope_12h,108,-0.0011626359775989302,-0.0011066052636768593,-5.603071392207074e-05,4.790356324519958e-05,-0.06127724163859444,0.06127724163859444,WINNER_LOW,0.5185185185185185,0.5256075325676579,True,0.7100723131542651
upper_wick__w72__std,upper_wick,108,0.2076433161618533,0.2063912821588693,0.0012520340029840123,0.003668132424354556,0.06126334825505733,0.06126334825505733,WINNER_HIGH,0.5740740740740741,0.5257012349889598,False,0.7100723131542651
avg_trade_quote_rel72__w240__q10,avg_trade_quote_rel72,108,0.7060571732344451,0.7029899284795479,0.0030672447548972257,0.001439785957336459,0.06121781781150792,0.06121781781150792,WINNER_HIGH,0.5185185185185185,0.5260083708347335,False,0.7102128466444259
rebound_low240__w240__q25,rebound_low240,108,0.06394486986445608,0.06715411986741755,-0.0032092500029614686,-0.012349047511816029,-0.06113427937703301,0.06113427937703301,WINNER_LOW,0.6574074074074074,0.5265721399110717,False,0.7105137040778152
macd_pct__w72__pos,macd_pct,108,0.30214842220367344,0.2865214408569349,0.015626981346738632,-0.0022714201360940905,0.06109835104761814,0.06109835104761814,WINNER_HIGH,0.5092592592592593,0.5268147027206267,True,0.7105137040778152
taker_share__d6,taker_share,108,-0.0304871107434371,-0.035474253451799026,0.0049871427083619186,-0.0022704230737872443,0.06104987289503322,0.06104987289503322,WINNER_HIGH,0.5092592592592593,0.5271420847677577,True,0.7105137040778152
close_vs_vwap24__w72__up_share,close_vs_vwap24,108,0.48199588363921203,0.47890946693994385,0.0030864166992681983,0.0027777791023254617,0.06102419062004258,0.06102419062004258,WINNER_HIGH,0.5462962962962963,0.5273155646310358,True,0.7105137040778152
rsi24__w24__diff_mean,rsi24,108,-0.39251613020314835,-0.40970855927120686,0.017192429068058526,0.04155224561691284,0.06100426325283772,0.06100426325283772,WINNER_HIGH,0.5370370370370371,0.5274501913128402,True,0.7105137040778152
rsi24__d24,rsi24,108,-9.420387227950549,-9.83300545839248,0.41261823044192997,0.9972533941268926,0.06100425238532144,0.06100425238532144,WINNER_HIGH,0.5370370370370371,0.5274502647372057,True,0.7105137040778152
trades_rel24__w240__min,trades_rel24,108,0.3554440206951565,0.35940388192733125,-0.0039598612321747675,-0.0011238217353820856,-0.060917557636495694,0.060917557636495694,WINNER_LOW,0.5092592592592593,0.5280361699772255,False,0.7108401902235894
trades_rel24__w24__q90,trades_rel24,108,2.247430345526448,2.292328813120171,-0.04489846759372285,-0.216422128677368,-0.06090823795499014,0.06090823795499014,WINNER_LOW,0.5925925925925926,0.5280991747786346,False,0.7108401902235894
macd_fast_hist_pct__w72__pos,macd_fast_hist_pct,108,0.26301510630313446,0.25230747002470133,0.01070763627843311,-0.011081236600875849,0.06084513895688726,0.06084513895688726,WINNER_HIGH,0.5277777777777778,0.5285258515827173,True,0.7109335841983231
obv_delta__w24__max,obv_delta,108,3449.5826907687715,3295.7289863868996,153.85370438187218,-180.3613037109376,0.06083784934912931,0.06083784934912931,WINNER_HIGH,0.5740740740740741,0.5285751555377867,False,0.7109335841983231
bb_width__w24__z,bb_width,108,0.37883524945937097,0.4597838173758377,-0.0809485679164667,0.008970971405506137,-0.06046949856843547,0.06046949856843547,WINNER_LOW,0.5092592592592593,0.5310696192295902,True,0.7138180520121881
cci20__w24__delta,cci20,108,-165.53827083552326,-156.88599409102292,-8.652276744500353,-13.493539428710932,-0.060460890203532576,0.060460890203532576,WINNER_LOW,0.5370370370370371,0.5311279872278277,True,0.7138180520121881
dist_high72__w72__q90,dist_high72,108,-0.014582273839214057,-0.01372621754330962,-0.0008560562959044344,0.0017963413847610354,-0.06033345743099261,0.06033345743099261,WINNER_LOW,0.5925925925925926,0.5319924158381258,False,0.7147051395259032
atr14_pct__w72__z,atr14_pct,108,0.3659728938472216,0.2975207093611566,0.06845218448606494,-0.043912240257486704,0.060266556774900726,0.060266556774900726,WINNER_HIGH,0.5370370370370371,0.5324465194777043,True,0.7150405063800045
close_vs_ema72__w240__q90,close_vs_ema72,108,0.027103656052565418,0.02602158273477673,0.001082073317788686,-0.0009273657575249675,0.06021197356637758,0.06021197356637758,WINNER_HIGH,0.5185185185185185,0.5328171629450239,False,0.7152635772816693
ema_gap_6_24__w72__q25,ema_gap_6_24,108,-0.0039010098732551006,-0.0035807837751934603,-0.00032022609806164025,0.000193789969489444,-0.060056361766088286,0.060056361766088286,WINNER_LOW,0.5092592592592593,0.5338745601590758,False,0.716297184069547
close_vs_vwap240__w24__late_vs_prev,close_vs_vwap240,108,-0.009089863246723931,-0.008705567250648595,-0.00038429599607533657,0.00037327671889215725,-0.06003838466951912,0.06003838466951912,WINNER_LOW,0.5740740740740741,0.5339967854930824,True,0.716297184069547
rsi6__w24__delta,rsi6,108,-26.224577687818694,-25.100458471980637,-1.1241192158380595,-3.559839349985122,-0.05990465770221042,0.05990465770221042,WINNER_LOW,0.5925925925925926,0.5349064376836473,True,0.7169930337158635
dist_high24__w72__q25,dist_high24,108,-0.028463068875242716,-0.027537471226726968,-0.0009255976485157455,0.0006295023486018181,-0.059901841848927176,0.059901841848927176,WINNER_LOW,0.5185185185185185,0.5349256005046291,False,0.7169930337158635
avg_trade_quote_rel24__w240__q75,avg_trade_quote_rel24,108,1.1794988612333934,1.1775189432832933,0.001979917950100385,-0.0023967623710632324,0.059848362716252906,0.059848362716252906,WINNER_HIGH,0.5185185185185185,0.5352896104838899,False,0.7172060413264992
cci20__w72__delta,cci20,108,-160.68587847992225,-152.6677155273932,-8.018162952529057,-14.720849847793573,-0.059725573876131706,0.059725573876131706,WINNER_LOW,0.5185185185185185,0.5361258613114215,True,0.7180513738054543
volume_rel24__w72__mean,volume_rel24,108,1.3618767504338865,1.375702428045096,-0.013825677611209715,-0.03396941423416133,-0.05969312827943874,0.05969312827943874,WINNER_LOW,0.5370370370370371,0.5363469427114064,False,0.7180724573743447
quote_volume_rel24__w240__late_vs_prev,quote_volume_rel24,108,0.007862209805925549,-0.01946370005909422,0.027325909865019767,0.015943827480077735,0.05949061956272393,0.05949061956272393,WINNER_HIGH,0.5092592592592593,0.5377278695853217,True,0.7196457558131918
log_ret__w240__late_vs_prev,log_ret,108,-0.0003514690303295201,-0.0004209841142232596,6.951508389373952e-05,-3.0693823646288345e-05,0.059239738346655864,0.059239738346655864,WINNER_HIGH,0.5092592592592593,0.5394411606318444,True,0.7216624861245448
quote_volume_rel24__w240__z,quote_volume_rel24,108,0.8095174710895797,0.7459058060958611,0.06361166499371863,-0.08214409649372097,0.05889656765777837,0.05889656765777837,WINNER_HIGH,0.5648148148148148,0.5417891865044737,True,0.7245264952987168
avg_trade_quote_rel24__w24__pos,avg_trade_quote_rel24,108,0.4968175782597865,0.514569335989654,-0.017751757729867538,-0.05159956067800525,-0.05884644179587548,0.05884644179587548,WINNER_LOW,0.5370370370370371,0.5421325876648004,True,0.7247085852690395
trades_rel72__w72__q10,trades_rel72,108,0.5844594143606998,0.5919080921345287,-0.007448677773828864,-0.017654928565025374,-0.058772068953880686,0.058772068953880686,WINNER_LOW,0.5555555555555556,0.5426423022707862,False,0.7251127745666562
stoch_k__w240__q10,stoch_k,108,17.163362361766673,16.87333362190812,0.29002873985855676,0.1906876564025879,0.05872303594537156,0.05872303594537156,WINNER_HIGH,0.5092592592592593,0.542978482639967,False,0.7251246613919355
avg_trade_quote_rel72__w240__q25,avg_trade_quote_rel72,108,0.8322626103957494,0.8299873396202367,0.0022752707755124145,0.0011124014854431152,0.05871028685326238,0.05871028685326238,WINNER_HIGH,0.5185185185185185,0.5430659102617899,False,0.7251246613919355
trades_rel72__w72__q75,trades_rel72,108,1.620806184631807,1.5942350535481065,0.026571131083700378,-0.036477613449096724,0.05859923092378243,0.05859923092378243,WINNER_HIGH,0.5370370370370371,0.5438277831709989,False,0.7258499235384784
close_vs_ema168__w24__pos,close_vs_ema168,108,0.12022168316050535,0.11277787252372405,0.00744381063678129,0.0,0.058570611637981836,0.058570611637981836,WINNER_HIGH,0.4537037037037037,0.5440242063466835,True,0.7258499235384784
close_location__w72__accel,close_location,108,-0.22423233227649084,-0.18271636623542656,-0.041515966041064285,-0.028026150539517403,-0.05850419262385375,0.05850419262385375,WINNER_LOW,0.5462962962962963,0.5444801987897528,True,0.7259044053251109
close_location__w240__accel,close_location,108,-0.22423233227649084,-0.18271636623542656,-0.041515966041064285,-0.028026150539517403,-0.05850419262385375,0.05850419262385375,WINNER_LOW,0.5462962962962963,0.5444801987897528,True,0.7259044053251109
close_vs_vwap72__w72__delta,close_vs_vwap72,108,-0.020243634853917076,-0.02220233842386666,0.0019587035699495815,0.004383035749197006,0.058463153698028895,0.058463153698028895,WINNER_HIGH,0.5833333333333334,0.544762043264952,True,0.7260033785432688
body_pct__w240__late_vs_prev,body_pct,108,-0.0003504520607651574,-0.0004188786602253142,6.842659946015686e-05,-3.4684874117374426e-05,0.05842069986483212,0.05842069986483212,WINNER_HIGH,0.5,0.5450536822625617,True,0.7261153245227345
ema6_slope_3h__w240__pos,ema6_slope_3h,108,0.34394424452868944,0.3363853444172828,0.007558900111406629,0.009497262537479387,0.05830201093121822,0.05830201093121822,WINNER_HIGH,0.5277777777777778,0.5458694394420953,True,0.7269251446035824
dist_high240__w240__pos,dist_high240,108,0.3710176527707113,0.38677763094811873,-0.015759978177407506,-0.007098233635770157,-0.05815579089108979,0.05815579089108979,WINNER_LOW,0.5185185185185185,0.5468752631481716,True,0.7279873601938165
bb_z__w24__q10,bb_z,108,-1.5048630959699276,-1.4672411636307112,-0.03762193233921643,-0.10466508865356439,-0.05810718388938125,0.05810718388938125,WINNER_LOW,0.5740740740740741,0.5472098287016367,False,0.7281555445089892
avg_trade_quote_rel24__w72__max,avg_trade_quote_rel24,108,1.7912174430158403,1.809822284733808,-0.018604841717967283,-0.06297988891601558,-0.058036831331976,0.058036831331976,WINNER_LOW,0.5740740740740741,0.5476942523441142,False,0.7285229366479146
ema168_slope_24h__w24__q75,ema168_slope_24h,108,0.0032689618426670845,0.0038458386209472176,-0.0005768767782801323,-0.001330336125101894,-0.057893847101710146,0.057893847101710146,WINNER_LOW,0.5555555555555556,0.5486794549715208,False,0.729350213197578
close_vs_vwap72__w24__min,close_vs_vwap72,108,-0.01882558125429636,-0.01766229175366418,-0.0011632895006321766,-0.0006189022678881888,-0.05788603366046374,0.05788603366046374,WINNER_LOW,0.5185185185185185,0.5487333173928589,False,0.729350213197578
rsi6__w24__max,rsi6,108,72.72951369815402,72.09086057874892,0.6386531194051112,-0.07355270385741619,0.05785575814617154,0.05785575814617154,WINNER_HIGH,0.5185185185185185,0.5489420484438051,False,0.7293504344255268
atr24_pct__w240__q25,atr24_pct,108,0.006099822609771595,0.006013897790452811,8.592481931878461e-05,0.00011616293340921402,0.05765915445814213,0.05765915445814213,WINNER_HIGH,0.5277777777777778,0.5502984759552774,False,0.730874960279379
close_vs_ema12__w240__q75,close_vs_ema12,108,0.004484955524309987,0.004347234061289647,0.00013772146302033905,-0.00027275639586150664,0.057558614279516,0.057558614279516,WINNER_HIGH,0.5277777777777778,0.550992778866309,False,0.7315192663991962
rsi14__w72__q10,rsi14,108,38.54271786301224,38.141840323695426,0.4008775393168132,0.9238546371459933,0.05749043825793604,0.05749043825793604,WINNER_HIGH,0.5277777777777778,0.5514638322547399,False,0.7318668012883589
close_vs_vwap24__w24__q10,close_vs_vwap24,108,-0.01187697468614917,-0.011411212977826058,-0.00046576170832311064,0.00045178917062003174,-0.05721005978710423,0.05721005978710423,WINNER_LOW,0.5462962962962963,0.5534031785806104,False,0.7341619558028811
quote_volume_rel24__w240__q75,quote_volume_rel24,108,1.5980974833170574,1.5909308060451792,0.007166677271878267,0.004098021984100253,0.057067603207642634,0.057067603207642634,WINNER_HIGH,0.5092592592592593,0.5543898314052851,False,0.7350165080775508
close_vs_ema168__w240__diff_mean,close_vs_ema168,108,-0.00010194957836360017,-8.94433371650886e-05,-1.250624119851156e-05,-3.7875911948503914e-05,-0.05700254031931027,0.05700254031931027,WINNER_LOW,0.5740740740740741,0.5548407464379648,True,0.7350165080775508
volume_rel240__w72__max,volume_rel240,108,6.786713496402458,6.5266482525401655,0.2600652438622934,-0.4600257873535154,0.05697040976176876,0.05697040976176876,WINNER_HIGH,0.5462962962962963,0.5550634926745481,False,0.7350165080775508
volume_rel72__w24__max,volume_rel72,108,4.8878006637096405,4.685095181067784,0.20270548264185592,-0.7387542247772216,0.05696654338642445,0.05696654338642445,WINNER_HIGH,0.6388888888888888,0.5550902994464266,False,0.7350165080775508
close_vs_ema168__w24__max,close_vs_ema168,108,0.01867076502983562,0.02057159564186198,-0.001900830612026362,-0.0030883898027241237,-0.056941374830927,0.056941374830927,WINNER_LOW,0.5740740740740741,0.5552648164778202,False,0.7350165080775508
adx14__w240__q25,adx14,108,19.06603087319268,18.858563566207888,0.2074673069847954,0.056057739257811434,0.056935084145511156,0.056935084145511156,WINNER_HIGH,0.5092592592592593,0.5553084399030281,False,0.7350165080775508
cci20__w240__z,cci20,108,-1.307225467546636,-1.2819375482094644,-0.02528791933717138,0.024917994113639007,-0.056789424592828465,0.056789424592828465,WINNER_LOW,0.5370370370370371,0.5563190060219066,True,0.7360755066434383
bb_z__w72__up_share,bb_z,108,0.4893261326683892,0.48582818993815674,0.003497942730232523,0.0027777791023254617,0.05667566179947522,0.05667566179947522,WINNER_HIGH,0.5277777777777778,0.5571089088509177,True,0.7368418510785398
rsi14__w72__min,rsi14,108,29.680904494391548,29.290912308516326,0.3899921858752213,0.15610637664794957,0.05657890059995152,0.05657890059995152,WINNER_HIGH,0.5185185185185185,0.5577811981704677,False,0.737452117203072
lower_wick__w72__mean,lower_wick,108,0.2877715285177584,0.28941013506717145,-0.0016386065494131147,-0.002275332808494568,-0.056420508768390006,0.056420508768390006,WINNER_LOW,0.5370370370370371,0.5588825555308771,False,0.7386289859000291
close_vs_sma168__w240__q90,close_vs_sma168,108,0.04742358236452909,0.04537821069432,0.0020453716702090946,0.003387045487761496,0.056344587500863054,0.056344587500863054,WINNER_HIGH,0.5185185185185185,0.5594108438359606,False,0.7389623751415842
quote_volume_rel240__w24__max,quote_volume_rel240,108,4.688539793093999,4.49770616458522,0.19083362850877972,-0.5510439634323121,0.056320183020306676,0.056320183020306676,WINNER_HIGH,0.6018518518518519,0.5595807114287484,False,0.7389623751415842
avg_trade_quote_rel240__w24__diff_std,avg_trade_quote_rel240,108,0.24935713831197331,0.25355408913283434,-0.00419695082086104,-0.0008675798773765675,-0.056293171673525336,0.056293171673525336,WINNER_LOW,0.5185185185185185,0.5597687537174884,True,0.7389623751415842
close_vs_sma24__w24__pos,close_vs_sma24,108,0.1329061906705007,0.1401928387794652,-0.0072866481089645455,-0.00451175607740879,-0.056154933368937614,0.056154933368937614,WINNER_LOW,0.5925925925925926,0.560731600212763,True,0.7396174428112895
close_vs_ema6__w72__late_vs_prev,close_vs_ema6,108,-0.0017791312542006683,-0.001959269344220721,0.00018013809002005233,0.00020204450120218107,0.056095186695525365,0.056095186695525365,WINNER_HIGH,0.5370370370370371,0.5611479945663728,True,0.7396174428112895
close_vs_sma168__w24__delta,close_vs_sma168,108,-0.022902111688853,-0.02182907422115763,-0.0010730374676953677,4.5107908954378304e-05,-0.05609404853774802,0.05609404853774802,WINNER_LOW,0.5092592592592593,0.5611559282373766,True,0.7396174428112895
atr72_pct__w24__up_share,atr72_pct,108,0.5104166680808973,0.4967592603147581,0.013657407766139064,0.020833338797092454,0.05604516861633513,0.05604516861633513,WINNER_HIGH,0.5370370370370371,0.5614967037679668,True,0.7396174428112895
rsi14__d1,rsi14,108,-4.638094682660368,-4.755796474206296,0.11770179154592811,0.21300952434539822,0.05604382536549221,0.05604382536549221,WINNER_HIGH,0.5833333333333334,0.5615060699255516,True,0.7396174428112895
ema24_slope_6h__w24__late_vs_prev,ema24_slope_6h,108,-0.0018450214470754468,-0.0020133826953463506,0.00016836124827090385,0.00012184544757474212,0.056039823410737835,0.056039823410737835,WINNER_HIGH,0.5185185185185185,0.5615339750254429,True,0.7396174428112895
quote_volume_rel72__w24__q90,quote_volume_rel72,108,2.766572463291663,2.6762450730911014,0.09032739020056198,-0.22454339265823364,0.05592581744521223,0.05592581744521223,WINNER_HIGH,0.6203703703703703,0.5623292090202455,False,0.7402671254228635
volume_rel24__w24__max,volume_rel24,108,4.757280081510544,4.5791156790874625,0.1781644024230816,-0.5241699934005739,0.055883654194813434,0.055883654194813434,WINNER_HIGH,0.5925925925925926,0.5626234530189305,False,0.7402671254228635
ema_gap_72_168__w72__accel,ema_gap_72_168,108,-0.00107027501719817,-0.001188489100167721,0.00011821408296955099,6.28862799203489e-05,0.0558477646989896,0.0558477646989896,WINNER_HIGH,0.5185185185185185,0.5628739738345422,True,0.7402671254228635
ema_gap_72_168__w240__accel,ema_gap_72_168,108,-0.00107027501719817,-0.001188489100167721,0.00011821408296955099,6.28862799203489e-05,0.0558477646989896,0.0558477646989896,WINNER_HIGH,0.5185185185185185,0.5628739738345422,True,0.7402671254228635
rsi6__w240__z,rsi6,108,-1.4019354147905554,-1.4203310702961902,0.018395655505635114,0.05940060615539555,0.05577562652385973,0.05577562652385973,WINNER_HIGH,0.5555555555555556,0.5633776877460106,True,0.7403935186694848
volume_rel72__w24__std,volume_rel72,108,1.103182740026602,1.0593174890511565,0.04386525097544546,-0.18202562630176544,0.05577335909457608,0.05577335909457608,WINNER_HIGH,0.6388888888888888,0.5633935239289388,False,0.7403935186694848
trades_rel24__w72__q25,trades_rel24,108,0.7380493360537069,0.7329574125784416,0.0050919234752655,0.0033128023147582786,0.055626935932681656,0.055626935932681656,WINNER_HIGH,0.5185185185185185,0.5644166333300674,False,0.7414594165121133
ema_gap_6_24__w24__q75,ema_gap_6_24,108,0.0029096197296612277,0.002508436570503734,0.0004011831591574935,-0.0003035441040992737,0.05558442756357289,0.05558442756357289,WINNER_HIGH,0.5370370370370371,0.5647138238000826,False,0.7415712511561731
bb_z__w24__max,bb_z,108,1.7805448646626987,1.7248329286636022,0.05571193599909615,0.09991649985313411,0.055416799573218344,0.055416799573218344,WINNER_HIGH,0.5462962962962963,0.5658865116135332,False,0.7428322564236207
upper_wick__d1,upper_wick,108,-0.040922241537676506,-0.05484779328168467,0.013925551744008158,0.021906872279942022,0.05534377082738239,0.05534377082738239,WINNER_HIGH,0.5555555555555556,0.566397774880627,True,0.7431207734432131
dist_high24__w72__pos,dist_high24,108,0.30054477485396935,0.2895518175809735,0.010992957272995867,-0.005005065398290748,0.055324702350738136,0.055324702350738136,WINNER_HIGH,0.5092592592592593,0.5665313074062357,True,0.7431207734432131
mfi14__w72__q10,mfi14,108,29.537973086039226,29.050313322632398,0.48765976340682404,0.07654647827148509,0.055146357705394354,0.055146357705394354,WINNER_HIGH,0.5,0.567780958139331,False,0.7444806938932286
dist_high72__w72__up_share,dist_high72,108,0.494212964894595,0.4913837477012916,0.0028292171933032846,-0.0013888865709304754,0.05501357879276825,0.05501357879276825,WINNER_HIGH,0.5092592592592593,0.5687122003920284,True,0.7454222506637644
avg_trade_quote_rel24__w72__z,avg_trade_quote_rel24,108,0.3239633567389791,0.37991035372381,-0.05594699698483088,-0.044335301220417025,-0.05492683942229487,0.05492683942229487,WINNER_LOW,0.5092592592592593,0.569320944675852,True,0.745907882412266
quote_volume_rel72__w240__std,quote_volume_rel72,108,1.3697226836725518,1.3908068052044622,-0.021084121531910357,-0.035159915685653687,-0.05490000898235893,0.05490000898235893,WINNER_LOW,0.5370370370370371,0.5695093068460825,False,0.745907882412266
close_location__w72__q75,close_location,108,0.7705196534042005,0.773061579686624,-0.0025419262824235176,0.0044874727725982555,-0.0546567318229896,0.0546567318229896,WINNER_LOW,0.5185185185185185,0.5712186008136008,False,0.7478665095638944
atr6_pct__w72__z,atr6_pct,108,0.6187009716199504,0.5617301409891634,0.05697083063078698,0.004848177731037129,0.05440263999863658,0.05440263999863658,WINNER_HIGH,0.5092592592592593,0.5730065189494573,True,0.7496810224491982
close_vs_ema6__w72__pos,close_vs_ema6,108,0.23236560014386973,0.24194159336053686,-0.00957599321666715,-0.030255886912345875,-0.05439383228050252,0.05439383228050252,WINNER_LOW,0.5555555555555556,0.5730685427472274,True,0.7496810224491982
stoch_d__w24__z,stoch_d,108,-1.0562010515714064,-1.0121537653729318,-0.04404728619847448,0.00609174370765686,-0.05436839975350587,0.05436839975350587,WINNER_LOW,0.5,0.5732476562851462,True,0.7496810224491982
rsi6__w72__q25,rsi6,108,39.42754496468438,39.05388120015463,0.373663764529758,0.14863662719726634,0.054325473876684544,0.054325473876684544,WINNER_HIGH,0.5277777777777778,0.5735500312126836,False,0.7497960594956091
close_vs_ema24__w240__max,close_vs_ema24,108,0.03561029717740086,0.034801754138122,0.0008085430392788514,-0.0013697162270545973,0.054216456571358894,0.054216456571358894,WINNER_HIGH,0.5370370370370371,0.5743183063571892,False,0.7503149117038885
close_vs_sma168__w24__late_vs_prev,close_vs_sma168,108,-0.009191545838617728,-0.008828012859548498,-0.00036353297906922913,0.00037391815712908274,-0.05420826679421105,0.05420826679421105,WINNER_LOW,0.5462962962962963,0.5743760419306004,True,0.7503149117038885
stoch_k__w240__q90,stoch_k,108,88.03501016122324,88.23094496550382,-0.1959348042805989,0.5487892150878935,-0.05407684988681335,0.05407684988681335,WINNER_LOW,0.5462962962962963,0.5753028741597221,False,0.7512450152862391
close_vs_sma24__w72__mean,close_vs_sma24,108,0.000214157788562901,-0.00016463452669389277,0.0003787923152567936,0.00043204558314755546,0.05401066953897041,0.05401066953897041,WINNER_HIGH,0.5092592592592593,0.5757698895729304,False,0.7515742082256579
ema6_slope_3h__w240__max,ema6_slope_3h,108,0.01953146899877875,0.019153903957663306,0.0003775650411154386,-0.00022482126951217651,0.05396189248739338,0.05396189248739338,WINNER_HIGH,0.5277777777777778,0.5761142111735515,False,0.7516646869392449
close_vs_ema168__w240__delta,close_vs_ema168,108,-0.02412727297376949,-0.021268186534224597,-0.0028590864395448947,-0.012877321615815163,-0.05392590388768096,0.05392590388768096,WINNER_LOW,0.5648148148148148,0.576368321103924,True,0.7516646869392449
dist_high72__w72__q75,dist_high72,108,-0.021011703511855256,-0.020128907278801005,-0.0008827962330542507,0.001182089513167739,-0.05390951748588822,0.05390951748588822,WINNER_LOW,0.5370370370370371,0.5764840407123405,False,0.7516646869392449
trades_rel72__w240__min,trades_rel72,108,0.3364012998839219,0.33927391003127455,-0.0028726101473525696,-0.013627678155899048,-0.05355719506086952,0.05355719506086952,WINNER_LOW,0.5462962962962963,0.5789748007083704,False,0.7546309646206377
close_vs_vwap240__w72__q90,close_vs_vwap240,108,0.031046643357344524,0.033622904345651884,-0.0025762609883073577,-0.0006293237209320096,-0.053311308458915366,0.053311308458915366,WINNER_LOW,0.5092592592592593,0.5807161388511224,False,0.7563649591973592
upper_wick__w72__min,upper_wick,108,0.00021580984768779335,0.000297866124190949,-8.205627650315565e-05,0.0,-0.05330825889906588,0.05330825889906588,WINNER_LOW,0.42592592592592593,0.5807377510565941,False,0.7563649591973592
trades_rel24__w24__delta,trades_rel24,108,0.6445811262690566,0.5735431464475199,0.07103797982153658,0.12857260927557945,0.05318445368792563,0.05318445368792563,WINNER_HIGH,0.5370370370370371,0.58161547987345,True,0.7572261106170717
rsi14__w24__std,rsi14,108,7.517601898422948,7.403768356199618,0.11383354222332985,-0.1947769641876218,0.05293470926686584,0.05293470926686584,WINNER_HIGH,0.5185185185185185,0.5833879781549872,False,0.7592511200625197
stoch_k__w24__z,stoch_k,108,-1.1996926852950343,-1.1689202312862985,-0.030772454008736003,0.0014322090893983813,-0.052809769937920636,0.052809769937920636,WINNER_LOW,0.5,0.5842756607337816,True,0.7601235065424234
rsi6__w240__min,rsi6,108,10.384791480170357,10.63334890294958,-0.24855742277922463,-0.37535824775695836,-0.05277434758012743,0.05277434758012743,WINNER_LOW,0.5277777777777778,0.5845274492952487,False,0.760168274520448
close_vs_ema72__w72__mean,close_vs_ema72,108,0.0020287357477812933,0.0029469119697212052,-0.0009181762219399118,-0.0018004031851887705,-0.052374487622245065,0.052374487622245065,WINNER_LOW,0.5462962962962963,0.5873732700419245,False,0.7630708211139628
bb_z__w240__up_share,bb_z,108,0.4978780832003664,0.49621913482745483,0.0016589483729115213,-0.0020833253860473855,0.05236192623492446,0.05236192623492446,WINNER_HIGH,0.5185185185185185,0.5874627752444616,True,0.7630708211139628
ema168_slope_24h__w72__max,ema168_slope_24h,108,0.007308264994477482,0.007860135595412295,-0.000551870600934813,-0.0010060319676995274,-0.05234169301115584,0.05234169301115584,WINNER_LOW,0.5648148148148148,0.5876069589859476,False,0.7630708211139628
lower_wick__w72__accel,lower_wick,108,-0.08029662872043748,-0.04973424452562338,-0.030562384194814118,-0.010660474747419359,-0.052285627578621895,0.052285627578621895,WINNER_LOW,0.5277777777777778,0.5880065729316212,True,0.7630708211139628
lower_wick__w240__accel,lower_wick,108,-0.08029662872043748,-0.04973424452562338,-0.030562384194814118,-0.010660474747419359,-0.052285627578621895,0.052285627578621895,WINNER_LOW,0.5277777777777778,0.5880065729316212,True,0.7630708211139628
ema72_slope_12h__w24__q90,ema72_slope_12h,108,0.0033957955926308824,0.0030444869863627162,0.00035130860626816636,-0.00047034891322255117,0.05227692810112482,0.05227692810112482,WINNER_HIGH,0.5462962962962963,0.58806859105008,False,0.7630708211139628
close_vs_ema48__w24__q75,close_vs_ema48,108,0.005494447597306539,0.004696641072223428,0.0007978065250831101,7.233424839796438e-05,0.052129347978235645,0.052129347978235645,WINNER_HIGH,0.5,0.5891211489229865,False,0.7641530629761438
rebound_low72__w240__mean,rebound_low72,108,0.04572017347716071,0.04474370198117362,0.0009764714959870887,-0.0006603423506021493,0.05195510820246234,0.05195510820246234,WINNER_HIGH,0.5185185185185185,0.5903649799432564,False,0.7654825119990981
close_location__w72__diff_mean,close_location,108,-0.0034621393350688675,-0.0031982178634376835,-0.00026392147163118416,-0.00012194579467177417,-0.05191402471687626,0.05191402471687626,WINNER_LOW,0.5092592592592593,0.5906584377468954,True,0.7655791537438449
close_vs_ema240__w24__z,close_vs_ema240,108,-1.7612334985148024,-1.7900004234199984,0.028766924905196205,0.06446588039398193,0.05185428598325791,0.05185428598325791,WINNER_HIGH,0.5277777777777778,0.5910852706975446,True,0.7658485333935952
ema72_slope_12h__w240__up_share,ema72_slope_12h,108,0.48279320917747637,0.47968364391061996,0.003109565266856441,0.011666658520698536,0.05170944597962653,0.05170944597962653,WINNER_HIGH,0.5648148148148148,0.5921207484143398,True,0.7664278641617536
obv_delta__w72__late_vs_prev,obv_delta,108,-406.73297712537976,-373.0567032762148,-33.676273849164986,-17.72028884887696,-0.051677001789818135,0.051677001789818135,WINNER_LOW,0.5092592592592593,0.5923528113187726,True,0.7664278641617536
close_location__w24__std,close_location,108,0.3020637763871087,0.300489357776112,0.0015744186109966718,3.2299757003806384e-05,0.05164860632272265,0.05164860632272265,WINNER_HIGH,0.5,0.5925559497203775,False,0.7664278641617536
rebound_low24__w72__delta,rebound_low24,108,-0.015631438116071403,-0.017075148477057087,0.001443710360985682,0.004772571579087526,0.05163823001952584,0.05163823001952584,WINNER_HIGH,0.5740740740740741,0.5926301888628087,True,0.7664278641617536
close_vs_ema240__w72__q75,close_vs_ema240,108,0.021617677043886268,0.023838991892558555,-0.0022213148486722877,-0.007668148167431355,-0.05159515219247736,0.05159515219247736,WINNER_LOW,0.5555555555555556,0.592938443225668,False,0.7664278641617536
ema_gap_6_24__w240__q75,ema_gap_6_24,108,0.005509380753243965,0.005299172669172685,0.0002102080840712814,-0.0004823796101845802,0.05157911185898963,0.05157911185898963,WINNER_HIGH,0.5370370370370371,0.5930532429531046,False,0.7664278641617536
adx14__w240__late_vs_prev,adx14,108,-0.10160423835946454,-0.8104374990695052,0.7088332607100409,0.1814401030540468,0.05157724963258931,0.05157724963258931,WINNER_HIGH,0.5092592592592593,0.5930665714674593,True,0.7664278641617536
close_vs_ema6__w24__mean,close_vs_ema6,108,-0.0012224083892659918,-0.0010995523412361764,-0.00012285604802981552,1.725508554955012e-05,-0.05134846368142779,0.05134846368142779,WINNER_LOW,0.5092592592592593,0.5947051191315151,False,0.7682614708544175
trades_rel72__w72__q90,trades_rel72,108,2.396603702395051,2.4350266021710856,-0.038422899776034886,-0.11490437984466562,-0.05130331272014554,0.05130331272014554,WINNER_LOW,0.5555555555555556,0.5950287345254052,False,0.7683956737944394
close_vs_ema168__w24__z,close_vs_ema168,108,-1.7557202517227442,-1.7839623235191941,0.02824207179645007,0.037795424461364746,0.050990104270712454,0.050990104270712454,WINNER_HIGH,0.5370370370370371,0.5972758685867987,True,0.7705436131690812
close_vs_vwap72__w24__mean,close_vs_vwap72,108,0.0015095634142333573,0.0004830107732939522,0.0010265526409394047,0.0008127841399982569,0.050986184838394254,0.050986184838394254,WINNER_HIGH,0.5092592592592593,0.597304013581032,False,0.7705436131690812
upper_wick__w24__q75,upper_wick,108,0.3794664021719385,0.38348042333015686,-0.004014021158218384,-0.013991647958755488,-0.05097935154247237,0.05097935154247237,WINNER_LOW,0.5277777777777778,0.597353084158244,False,0.7705436131690812
adx14__w240__q10,adx14,108,14.763998146410342,14.605023940404257,0.15897420600608544,-0.26910285949707013,0.05090846163311478,0.05090846163311478,WINNER_HIGH,0.5277777777777778,0.5978622612647644,False,0.7708704676777949
ema6_slope_3h__w72__mean,ema6_slope_3h,108,-0.00012064701352048562,-0.00021534081450466956,9.46938009841839e-05,0.00013591526185336995,0.05088269981182051,0.05088269981182051,WINNER_HIGH,0.5185185185185185,0.5980473488160873,False,0.7708704676777949
close_vs_sma168__w72__q75,close_vs_sma168,108,0.019048368727521005,0.021144101777921337,-0.0020957330504003295,-0.006373283267021179,-0.050776809727482594,0.050776809727482594,WINNER_LOW,0.5555555555555556,0.5988084002676459,False,0.7715670507501686
macd_pct__w24__delta,macd_pct,108,-0.004246007677297543,-0.003932837994980892,-0.00031316968231665144,8.669644594192535e-05,-0.05073203432844786,0.05073203432844786,WINNER_LOW,0.5092592592592593,0.5991303431866832,True,0.7716975359572122
avg_trade_quote_rel24__w240__max,avg_trade_quote_rel24,108,2.0181385698141874,2.0328869576807373,-0.014748387866550026,-0.05025734901428214,-0.050674806891015056,0.050674806891015056,WINNER_LOW,0.5462962962962963,0.5995419341949542,False,0.771943351943945
volume_rel240__w240__std,volume_rel240,108,1.3261129762287494,1.3013626026886485,0.024750373540101227,0.05215972661972046,0.050477692509036456,0.050477692509036456,WINNER_HIGH,0.5370370370370371,0.6009606125218427,False,0.7733880250422602
macd_pct__w240__q90,macd_pct,108,0.007264172188890235,0.007062038827765111,0.00020213336112512341,-0.0006231069797649979,0.05045746558145945,0.05045746558145945,WINNER_HIGH,0.5462962962962963,0.6011062773991602,False,0.7733880250422602
macd_hist_pct__w24__delta,macd_hist_pct,108,-0.002048628694360054,-0.0019331460201623555,-0.00011548267419769857,-2.0728691379190466e-05,-0.05039702408965902,0.05039702408965902,WINNER_LOW,0.5,0.6015416450748212,True,0.7734644680316716
stoch_d__w24__late_vs_prev,stoch_d,108,-11.190621919378087,-10.184151177494616,-1.006470741883472,-2.3685938239097597,-0.05037735591889389,0.05037735591889389,WINNER_LOW,0.5555555555555556,0.6016833484918814,True,0.7734644680316716
rebound_low240__w72__accel,rebound_low240,108,-0.02059063033192177,-0.019079154162183705,-0.0015114761697380655,-0.001736087055178359,-0.050326418384196214,0.050326418384196214,WINNER_LOW,0.5277777777777778,0.6020504094887646,True,0.7734644680316716
rebound_low240__w240__accel,rebound_low240,108,-0.02059063033192177,-0.019079154162183705,-0.0015114761697380655,-0.001736087055178359,-0.050326418384196214,0.050326418384196214,WINNER_LOW,0.5277777777777778,0.6020504094887646,True,0.7734644680316716
ema_gap_24_72__d6,ema_gap_24_72,108,-0.0027181387298655605,-0.002610154031747327,-0.00010798469811823363,1.751694362610583e-05,-0.05017435387518076,0.05017435387518076,WINNER_LOW,0.5092592592592593,0.6031468100469282,True,0.774588466666951
close_vs_ema6__w72__up_share,close_vs_ema6,108,0.48251028800452195,0.4845679019336347,-0.0020576139291127536,-0.004166671633720392,-0.05007628651128774,0.05007628651128774,WINNER_LOW,0.5555555555555556,0.6038543684737671,True,0.7749873965506294
cci20__w24__mean,cci20,108,-12.258899521772507,-15.129835940400763,2.87093641862825,7.029543912410737,0.050033338330358654,0.050033338330358654,WINNER_HIGH,0.5277777777777778,0.6041643596764952,False,0.7749873965506294
ema168_slope_24h__w72__q90,ema168_slope_24h,108,0.006465996318554433,0.006981170736361053,-0.0005151744178066212,-0.0015031731687486175,-0.050017917417578134,0.050017917417578134,WINNER_LOW,0.5462962962962963,0.6042756823537806,False,0.7749873965506294
macd_signal_pct__d6,macd_signal_pct,108,-0.0015147814819471777,-0.0016051807486477357,9.039926670055822e-05,7.320008153328668e-05,0.05000846776565691,0.05000846776565691,WINNER_HIGH,0.5277777777777778,0.6043439034582689,True,0.7749873965506294
rsi24__w24__std,rsi24,108,4.703845684175138,4.627985639925356,0.07586004424978184,-0.0878410577774047,0.04980157729000241,0.04980157729000241,WINNER_HIGH,0.5462962962962963,0.6058384125791942,False,0.7766191087937838
close_vs_vwap24__w240__max,close_vs_vwap24,108,0.035897144599369275,0.03652513889181944,-0.0006279942924501723,-0.0019786000251770033,-0.04972820574653549,0.04972820574653549,WINNER_LOW,0.5370370370370371,0.6063688272940506,False,0.7769441745725031
mfi14__w24__q75,mfi14,108,57.91076444696497,57.192775154113775,0.7179892928512004,3.418202209472657,0.049705039374645724,0.049705039374645724,WINNER_HIGH,0.5555555555555556,0.6065363444618054,False,0.7769441745725031
bb_z__w240__late_vs_prev,bb_z,108,-0.09475570361785314,-0.13568439949562566,0.0409286958777725,0.03682027608156202,0.04951740505603203,0.04951740505603203,WINNER_HIGH,0.5277777777777778,0.6078939097481392,True,0.7781960263189152
quote_volume_rel24__w72__accel,quote_volume_rel24,108,0.9280820719000918,1.1067849348786427,-0.1787028629785507,-0.010034960508346569,-0.049477718582536426,0.049477718582536426,WINNER_LOW,0.5092592592592593,0.6081812238860724,True,0.7781960263189152
quote_volume_rel24__w240__accel,quote_volume_rel24,108,0.9280820719000918,1.1067849348786427,-0.1787028629785507,-0.010034960508346569,-0.049477718582536426,0.049477718582536426,WINNER_LOW,0.5092592592592593,0.6081812238860724,True,0.7781960263189152
ema24_slope_6h__w72__q25,ema24_slope_6h,108,-0.00260365884063234,-0.00242928057597493,-0.00017437826465740929,0.0001179083687020465,-0.049418362066172485,0.049418362066172485,WINNER_LOW,0.5277777777777778,0.6086110557327845,False,0.7784611784555769
mfi14__w24__q90,mfi14,108,63.605078803168404,62.894173505571146,0.7109052975972493,2.5862918853759744,0.049344501361228144,0.049344501361228144,WINNER_HIGH,0.5833333333333334,0.6091461115277705,False,0.7788606771526924
ema_gap_24_72__w72__max,ema_gap_24_72,108,0.011431236354703153,0.010787455019804095,0.0006437813348990554,-0.0026536747289355846,0.049145863270156936,0.049145863270156936,WINNER_HIGH,0.5370370370370371,0.6105861212244268,False,0.7800269596659729
close_vs_ema24__w24__z,close_vs_ema24,108,-1.6793855791566548,-1.6517862158228158,-0.027599363333838806,-0.07695407867431636,-0.04911691017996054,0.04911691017996054,WINNER_LOW,0.5370370370370371,0.6107961419769833,True,0.7800269596659729
ema168_slope_24h__w72__accel,ema168_slope_24h,108,-0.0009705528050479492,-0.0011076927623346617,0.00013713995728671256,0.00018000132404267794,0.049095635716066725,0.049095635716066725,WINNER_HIGH,0.5277777777777778,0.6109504839934514,True,0.7800269596659729
ema168_slope_24h__w240__accel,ema168_slope_24h,108,-0.0009705528050479492,-0.0011076927623346617,0.00013713995728671256,0.00018000132404267794,0.049095635716066725,0.049095635716066725,WINNER_HIGH,0.5277777777777778,0.6109504839934514,True,0.7800269596659729
dist_high24__w24__q75,dist_high24,108,-0.015011444624246063,-0.015732175573551405,0.0007207309493053428,0.0016379793640226127,0.04870243453784909,0.04870243453784909,WINNER_HIGH,0.6203703703703703,0.6138062310602753,False,0.783387003656125
rebound_low240__w72__q90,rebound_low240,108,0.11865539864326517,0.11469762464985252,0.003957773993412654,-0.001618417724967007,0.048624597843948555,0.048624597843948555,WINNER_HIGH,0.5092592592592593,0.6143722515223333,False,0.7837143268225383
atr14_pct__w240__pos,atr14_pct,108,0.4310696942007376,0.4204962157835122,0.010573478417225281,0.0023362405598163494,0.04859707497966916,0.04859707497966916,WINNER_HIGH,0.5,0.6145724507499668,True,0.7837143268225383
volume_rel72__w72__diff_std,volume_rel72,108,1.1278055886979457,1.157766262635037,-0.029960673937091117,-0.07189891934394832,-0.048529460044603005,0.048529460044603005,WINNER_LOW,0.5555555555555556,0.6150644002884583,True,0.7837143268225383
atr14_pct__w240__min,atr14_pct,108,0.0031701814958877447,0.0031182040826900413,5.197741319770342e-05,-0.00011752371210604906,0.048519426428281644,0.048519426428281644,WINNER_HIGH,0.5277777777777778,0.6151374173634863,False,0.7837143268225383
close_vs_sma72__w72__late_vs_prev,close_vs_sma72,108,-0.005277589886207823,-0.00444689266214145,-0.0008306972240663729,-0.00041437678737565875,-0.04849119662604207,0.04849119662604207,WINNER_LOW,0.5092592592592593,0.6153428732619872,True,0.7837143268225383
volume_rel24__w240__late_vs_prev,volume_rel24,108,0.01037106668162677,-0.011999130135626292,0.02237019681725307,0.016686258837580695,0.04841004730794957,0.04841004730794957,WINNER_HIGH,0.5092592592592593,0.615933646567191,True,0.7837143268225383
cci20__w240__std,cci20,108,113.7865245960377,113.53639020566587,0.2501343903718169,0.7456871032714858,0.0483635967135738,0.0483635967135738,WINNER_HIGH,0.5370370370370371,0.6162719241122735,False,0.7837143268225383
quote_volume_rel24__w240__std,quote_volume_rel24,108,1.166159928396896,1.179048682583703,-0.012888754186806857,-0.015536218881607056,-0.04835769917338632,0.04835769917338632,WINNER_LOW,0.5462962962962963,0.6163148790018728,False,0.7837143268225383
ema168_slope_24h__w24__late_vs_prev,ema168_slope_24h,108,-0.0004307202345688455,-0.0005081937544724093,7.747351990356373e-05,0.00010986589040840045,0.048319200999978655,0.048319200999978655,WINNER_HIGH,0.5370370370370371,0.6165953141929047,True,0.7837143268225383
taker_share__w24__q75,taker_share,108,0.5232331576170745,0.5242142679514709,-0.0009811103343963614,-0.00093841552734375,-0.048280701386562624,0.048280701386562624,WINNER_LOW,0.5185185185185185,0.6168758166151762,False,0.7837143268225383
rebound_low240__w24__late_vs_prev,rebound_low240,108,-0.009043227714385095,-0.009520087847165458,0.0004768601327803618,0.0014821492368355393,0.04828063585907806,0.04828063585907806,WINNER_HIGH,0.6111111111111112,0.6168762940869751,True,0.7837143268225383
close_vs_vwap72__w240__q90,close_vs_vwap72,108,0.029781744996499684,0.028967114098594277,0.0008146308979054014,-0.0016788683831691735,0.04826675247867011,0.04826675247867011,WINNER_HIGH,0.5370370370370371,0.6169774602678949,False,0.7837143268225383
avg_trade_quote_rel72__w240__mean,avg_trade_quote_rel72,108,1.0323580216478419,1.0343386357581175,-0.001980614110275555,-0.007429784536361672,-0.04823673565183236,0.04823673565183236,WINNER_LOW,0.5833333333333334,0.6171962137354677,False,0.7837143268225383
avg_trade_quote_rel240__w240__q25,avg_trade_quote_rel240,108,0.8255309285940947,0.8288215490402999,-0.003290620446205142,-0.009500390291213967,-0.048236182563027925,0.048236182563027925,WINNER_LOW,0.5462962962962963,0.6172002448010495,False,0.7837143268225383
macd_pct__w24__diff_mean,macd_pct,108,-0.00017455792721808325,-0.00016145303544666523,-1.3104891771418015e-05,-1.1966648162342605e-05,-0.04793873342620984,0.04793873342620984,WINNER_LOW,0.5185185185185185,0.619369829064436,True,0.785557137289967
macd_pct__d24,macd_pct,108,-0.004189390260122578,-0.0038748728961574366,-0.0003145173639651419,-0.0002871993347071111,-0.04793872789614669,0.04793872789614669,WINNER_LOW,0.5185185185185185,0.6193698694318852,True,0.785557137289967
volume_rel72__w240__std,volume_rel72,108,1.3783543899103448,1.3976781714845588,-0.019323781574213945,-0.030843979120254605,-0.047909835999325225,0.047909835999325225,WINNER_LOW,0.5185185185185185,0.6195807856534034,False,0.785557137289967
volume_rel24__w24__z,volume_rel24,108,0.8379432564591601,0.7813376801370867,0.056605576322073366,-0.14570354335010052,0.04788630565603619,0.04788630565603619,WINNER_HIGH,0.5462962962962963,0.619752584999322,True,0.785557137289967
lower_wick__d24,lower_wick,108,-0.06261840207433259,-0.04791232116758355,-0.014706080906749045,-0.015685809170827264,-0.04785251692218229,0.04785251692218229,WINNER_LOW,0.5185185185185185,0.6199993195556976,True,0.785557137289967
lower_wick__w24__diff_mean,lower_wick,108,-0.0026091000367563944,-0.001996346707925425,-0.0006127533288309696,-0.0006535751192132014,-0.04785251385095001,0.04785251385095001,WINNER_LOW,0.5185185185185185,0.6199993419846466,True,0.785557137289967
close_vs_ema12__w24__up_share,close_vs_ema12,108,0.45987654670521066,0.45625000223517415,0.0036265444700364718,5.960464455334602e-09,0.04762443921033861,0.04762443921033861,WINNER_HIGH,0.5185185185185185,0.6216659391052238,True,0.787383480279235
bb_z__w240__q75,bb_z,108,1.0233116861846712,1.036820215428317,-0.01350852924364584,0.030028879642486572,-0.04754277187401827,0.04754277187401827,WINNER_LOW,0.5370370370370371,0.6222631816445402,False,0.7878545786426348
taker_share__w72__up_share,taker_share,108,0.4976851871168172,0.4997685186840869,-0.0020833315672697857,0.0013888806104659923,-0.047499645600684155,0.047499645600684155,WINNER_LOW,0.5,0.6225786707964641,True,0.787968733903451
rsi14__w240__q75,rsi14,108,58.56191839995208,58.79653414973506,-0.23461574978298624,-0.3995658874511747,-0.047303711257716104,0.047303711257716104,WINNER_LOW,0.5277777777777778,0.6240129079779364,False,0.7894982413888726
log_ret__w24__accel,log_ret,108,-0.005505764716804994,-0.004895163586001285,-0.0006106011308037086,-0.0018671079509658738,-0.04723933161395377,0.04723933161395377,WINNER_LOW,0.5833333333333334,0.624484482200874,True,0.7897265473475974
trades_rel240__w24__late_vs_prev,trades_rel240,108,0.35498583659150257,0.3125169772029579,0.042468859388544736,0.03860480561852456,0.04721741993455973,0.04721741993455973,WINNER_HIGH,0.5185185185185185,0.6246450185769101,True,0.7897265473475974
trades_rel240__w24__q90,trades_rel240,108,2.3381808676101543,2.2890287377216194,0.049152129888534554,-0.1083015084266663,0.04710385033651869,0.04710385033651869,WINNER_HIGH,0.6018518518518519,0.6254773779474707,False,0.790493093849767
close_vs_ema12__w240__max,close_vs_ema12,108,0.02818064871934001,0.027699746400186864,0.00048090231915315005,-0.0005365933291614049,0.047066811038453636,0.047066811038453636,WINNER_HIGH,0.5370370370370371,0.6257489463080601,False,0.7905506016037883
rsi14__w72__q75,rsi14,108,57.654205075016726,57.30170804482919,0.35249703018753636,-0.12494583129883097,0.04693714698575433,0.04693714698575433,WINNER_HIGH,0.5185185185185185,0.6267000354292773,False,0.7914662419271155
rsi24__w24__z,rsi24,108,-1.642234208467589,-1.6704688407161652,0.028234632248576332,-0.020097440481186002,0.046873732420980405,0.046873732420980405,WINNER_HIGH,0.5277777777777778,0.6271654122813094,True,0.7915513920053826
macd_hist_pct__w72__z,macd_hist_pct,108,-1.0738947210241652,-1.1115791016775702,0.03768438065340485,0.10026292502880099,0.04683947728238293,0.04683947728238293,WINNER_HIGH,0.5555555555555556,0.6274168611240724,True,0.7915513920053826
lower_wick__w240__late_vs_prev,lower_wick,108,0.0031026264462491746,0.0008535309794280222,0.0022490954668211525,0.004098230553790928,0.04681324017872574,0.04681324017872574,WINNER_HIGH,0.5277777777777778,0.6276094834971051,True,0.7915513920053826
close_location__w24__q75,close_location,108,0.7455738606276335,0.7418838907171178,0.003689969910515678,0.006329590082168601,0.046804607703466006,0.046804607703466006,WINNER_HIGH,0.5185185185185185,0.6276728653219691,False,0.7915513920053826
lower_wick__w72__max,lower_wick,108,0.8260713467995325,0.8297787607819944,-0.0037074139824619973,-0.0016473889350890891,-0.046734466951134805,0.046734466951134805,WINNER_LOW,0.5185185185185185,0.628187959762308,False,0.7919153912360457
close_vs_ema12__w72__max,close_vs_ema12,108,0.0185056643892528,0.018039145067127213,0.00046651932212558633,-0.00038249129429459433,0.04659600611475403,0.04659600611475403,WINNER_HIGH,0.5185185185185185,0.629205317159338,False,0.7929120699481821
stoch_d__w72__max,stoch_d,108,92.01629356101706,91.81106871145742,0.20522484955964185,0.2640022277832017,0.04640611331192247,0.04640611331192247,WINNER_HIGH,0.5648148148148148,0.6306017380952866,False,0.794385546872917
rebound_low24__w72__diff_mean,rebound_low24,108,-0.0002199964456992718,-0.00023744000027349678,1.744355457422493e-05,6.0607076738961036e-05,0.046282224852446346,0.046282224852446346,WINNER_HIGH,0.5833333333333334,0.6315135028240234,True,0.7950248031365176
close_vs_sma24__w72__z,close_vs_sma24,108,-1.4291515585931915,-1.4601877032593558,0.03103614466616381,0.05400785803794855,0.046275381400463056,0.046275381400463056,WINNER_HIGH,0.5462962962962963,0.6315638842188293,True,0.7950248031365176
upper_wick__w24__std,upper_wick,108,0.20171403802103466,0.20327103092438642,-0.0015569929033517826,-0.0016583234071731595,-0.04623114045609327,0.04623114045609327,WINNER_LOW,0.5277777777777778,0.6318896272802492,False,0.7951486241810116
rebound_low240__w72__mean,rebound_low240,108,0.0925982901395333,0.09600835788167188,-0.0034100677421385495,-0.012285456620156773,-0.04619921877878203,0.04619921877878203,WINNER_LOW,0.5648148148148148,0.6321247094352733,False,0.7951583125522125
close_location__w24__q10,close_location,108,0.11986944171744822,0.12262728843008383,-0.0027578467126356076,-0.005515160225331779,-0.046143023597643947,0.046143023597643947,WINNER_LOW,0.5370370370370371,0.6325386416012342,False,0.7952767128276526
bb_width__w240__min,bb_width,108,0.007926915164312555,0.007787302341225937,0.00013961282308661824,-0.00017501190304756173,0.04610846040643241,0.04610846040643241,WINNER_HIGH,0.5370370370370371,0.6327932911246537,False,0.7952767128276526
cci20__w240__diff_mean,cci20,108,-0.6145634776826396,-0.6436593870754154,0.02909590939277594,-0.017654400685569255,0.04608811728435461,0.04608811728435461,WINNER_HIGH,0.5185185185185185,0.6329431927850134,True,0.7952767128276526
mfi14__w72__q75,mfi14,108,62.2070509592692,61.79100170841924,0.41604925084997124,0.4439201354980469,0.046062971993590156,0.046062971993590156,WINNER_HIGH,0.5277777777777778,0.6331285011473219,False,0.7952767128276526
dist_high24__w72__diff_mean,dist_high24,108,-0.0002562189937449417,-0.00024133591831619687,-1.4883075428744835e-05,-2.982658770633848e-06,-0.04600383310699668,0.04600383310699668,WINNER_LOW,0.5092592592592593,0.633564417521325,True,0.7953714336947978
rebound_low24__w240__min,rebound_low24,108,0.0005474386296187264,0.0005162773198214331,3.116130979729329e-05,-4.1455658902123105e-05,0.04599103131195185,0.04599103131195185,WINNER_HIGH,0.5555555555555556,0.6336587973330587,False,0.7953714336947978
body_pct__w24__accel,body_pct,108,-0.005457798385544232,-0.004866698544645731,-0.0005910998408985001,-0.0018658763699932026,-0.04593495547054943,0.04593495547054943,WINNER_LOW,0.5740740740740741,0.6340722814558613,True,0.7955568706316446
taker_share__w240__diff_std,taker_share,108,0.07578387663320259,0.0761772580789747,-0.00039338144577211783,-0.0003082819283008603,-0.045909295810215335,0.045909295810215335,WINNER_LOW,0.5092592592592593,0.6342615256851659,True,0.7955568706316446
quote_volume_rel24__w24__z,quote_volume_rel24,108,0.8145456267412994,0.7606496080635461,0.053896018677753295,-0.14797693490982056,0.04573624814521448,0.04573624814521448,WINNER_HIGH,0.5462962962962963,0.6355384135234206,True,0.7968097554755532
mfi14__w24__mean,mfi14,108,48.92054095091643,48.352914993851286,0.567625957065159,1.8219591140747085,0.04567154813680527,0.04567154813680527,WINNER_HIGH,0.5555555555555556,0.6360161059809043,False,0.7968097554755532
ema6_slope_3h__w72__pos,ema6_slope_3h,108,0.25881956116494687,0.2504900718573481,0.008329489307598791,-0.006743360124528419,0.04565055080901524,0.04565055080901524,WINNER_HIGH,0.5185185185185185,0.6361711662577394,True,0.7968097554755532
avg_trade_quote_rel240__d24,avg_trade_quote_rel240,108,0.11198717369741105,0.09534401705675045,0.01664315664066062,0.046805642545223236,0.04560827094931854,0.04560827094931854,WINNER_HIGH,0.5277777777777778,0.6364834420278711,True,0.7968097554755532
avg_trade_quote_rel240__w24__diff_mean,avg_trade_quote_rel240,108,0.004666132222407921,0.00397266738552865,0.0006934648368792718,0.0019502354785799975,0.045608269840997084,0.045608269840997084,WINNER_HIGH,0.5277777777777778,0.6364834502147065,True,0.7968097554755532
quote_volume_rel240__w24__std,quote_volume_rel240,108,1.0542061878023323,1.0194919395226019,0.03471424827973047,-0.12112382054328918,0.0455887660842801,0.0455887660842801,WINNER_HIGH,0.6203703703703703,0.6366275255358009,False,0.7968097554755532
taker_share__w240__late_vs_prev,taker_share,108,-0.0020390888370524474,-0.002780356465714081,0.0007412676286616326,-0.00026252536008541943,0.04549155197877309,0.04549155197877309,WINNER_HIGH,0.5092592592592593,0.6373458592220512,True,0.7974234238638688
lower_wick__d6,lower_wick,108,-0.06766931097593408,-0.05425096865596801,-0.013418342319966069,0.003913060389459131,-0.045402883624076164,0.045402883624076164,WINNER_LOW,0.5185185185185185,0.6380013481460111,True,0.7974998891259301
ema_gap_24_72__w240__diff_mean,ema_gap_24_72,108,-1.6081055604302122e-05,-2.0021624179009823e-05,3.940568574707698e-06,4.832144350075396e-06,0.045389922978114984,0.045389922978114984,WINNER_HIGH,0.5277777777777778,0.6380971849692699,True,0.7974998891259301
cci20__w240__up_share,cci20,108,0.49567901260322994,0.49405864157058577,0.0016203710326442003,0.003749999403953541,0.045370728053155174,0.045370728053155174,WINNER_HIGH,0.5185185185185185,0.6382391321124854,True,0.7974998891259301
ema24_slope_6h__w72__mean,ema24_slope_6h,108,0.0003960535823858259,0.00023956614209560539,0.00015648744029022062,0.00016489715198986232,0.04530364345388126,0.04530364345388126,WINNER_HIGH,0.5092592592592593,0.638735330680936,False,0.7974998891259301
volume_rel24__w72__accel,volume_rel24,108,0.9818144577589852,1.1470743445731286,-0.16525988681414341,0.0009452462196349876,-0.045281745385460204,0.045281745385460204,WINNER_LOW,0.5,0.6388973376666905,True,0.7974998891259301
volume_rel24__w240__accel,volume_rel24,108,0.9818144577589852,1.1470743445731286,-0.16525988681414341,0.0009452462196349876,-0.045281745385460204,0.045281745385460204,WINNER_LOW,0.5,0.6388973376666905,True,0.7974998891259301
ema_gap_24_72__w240__delta,ema_gap_24_72,108,-0.003840638125540055,-0.004785410441251804,0.0009447723157117491,0.0008392277930397539,0.04525711260649397,0.04525711260649397,WINNER_HIGH,0.5370370370370371,0.6390795975610455,True,0.7974998891259301
bb_z__w72__q25,bb_z,108,-0.8301367652947428,-0.8540374523994546,0.023900687104711923,-0.04913573265075685,0.045236599132534715,0.045236599132534715,WINNER_HIGH,0.5370370370370371,0.6392313952587881,False,0.7974998891259301
quote_volume_rel24__w24__max,quote_volume_rel24,108,4.672473756803407,4.536996699704064,0.13547705709934224,-0.4913046360015867,0.045074438987534576,0.045074438987534576,WINNER_HIGH,0.5925925925925926,0.6404319033912288,False,0.7985032452154391
rebound_low72__d12,rebound_low72,108,-0.018035305226038436,-0.01721564390999346,-0.0008196613160449752,0.0017368569970130912,-0.04506628310137237,0.04506628310137237,WINNER_LOW,0.5555555555555556,0.6404923085013745,True,0.7985032452154391
avg_trade_quote_rel72__w240__delta,avg_trade_quote_rel72,108,0.07079122638916252,0.049683328112587334,0.021107898276575183,0.029425797425210475,0.04494105310327051,0.04494105310327051,WINNER_HIGH,0.5370370370370371,0.6414201051173464,True,0.7993749492499502
close_vs_ema12__w240__up_share,close_vs_ema12,108,0.49232252852784264,0.4913966035953274,0.000925924932515175,0.00041666030883791283,0.04490413854439452,0.04490413854439452,WINNER_HIGH,0.5,0.6416937040118448,True,0.7994310234875031
rebound_low240__w24__std,rebound_low240,108,0.01042108041777586,0.010145680765897312,0.00027539965187854784,-0.00048658649902790776,0.044771678437069376,0.044771678437069376,WINNER_HIGH,0.5740740740740741,0.6426758618920837,False,0.8003694761526412
ema_gap_72_168__w240__max,ema_gap_72_168,108,0.020231498186384905,0.019507688948781125,0.0007238092376037794,-0.0010571648366749283,0.044675204886582734,0.044675204886582734,WINNER_HIGH,0.5555555555555556,0.6433915876689141,False,0.8007239403778612
stoch_k__w240__diff_std,stoch_k,108,16.69638235480697,16.64711410557782,0.049268249229148686,-0.01899843215942454,0.044671586779798,0.044671586779798,WINNER_HIGH,0.5185185185185185,0.6434184365060881,True,0.8007239403778612
macd_signal_pct__w24__accel,macd_signal_pct,108,-0.001220124823937062,-0.0011284276523324647,-9.169717160459724e-05,-8.834074451442576e-05,-0.04460813226194001,0.04460813226194001,WINNER_LOW,0.5092592592592593,0.6438893893254318,True,0.8010249713522004
rsi14__w72__accel,rsi14,108,-13.169686038185048,-12.27633321290767,-0.8933528252773811,-2.3338657870888717,-0.04449908743494581,0.04449908743494581,WINNER_LOW,0.5462962962962963,0.6446990473841069,True,0.801461986740925
rsi14__w240__accel,rsi14,108,-13.169686038185048,-12.27633321290767,-0.8933528252773811,-2.3338657870888717,-0.04449908743494581,0.04449908743494581,WINNER_LOW,0.5462962962962963,0.6446990473841069,True,0.801461986740925
lower_wick__w240__up_share,lower_wick,108,0.5009259209036827,0.5017129573557111,-0.0007870364520284869,0.0012499988079071045,-0.04440561048637131,0.04440561048637131,WINNER_LOW,0.5092592592592593,0.6453934542791733,True,0.8020401242410338
range_pct__w24__z,range_pct,108,0.9301346897802971,0.8889905067988567,0.0411441829814403,-0.10449474565684796,0.04426962527491887,0.04426962527491887,WINNER_HIGH,0.5833333333333334,0.6464041997900706,True,0.803010830076688
ema72_slope_12h__w72__q75,ema72_slope_12h,108,0.004158046820689547,0.003884297567120249,0.00027374925356929864,-0.001312612474430352,0.04409851660613258,0.04409851660613258,WINNER_HIGH,0.5462962962962963,0.6476769501952612,False,0.8043062126537032
close_vs_ema72__w24__max,close_vs_ema72,108,0.014702104307178632,0.01387038983601896,0.0008317144711596751,-8.4661027358379e-06,0.04393262530728243,0.04393262530728243,WINNER_HIGH,0.5,0.6489118904386554,False,0.8055537383258707
avg_trade_quote_rel24__w72__mean,avg_trade_quote_rel24,108,1.0297298337574359,1.0320209285727253,-0.002291094815289533,-0.0020810425281524436,-0.043856033348685076,0.043856033348685076,WINNER_LOW,0.5462962962962963,0.649482392670913,False,0.805975843566424
ema168_slope_24h__w24__q90,ema168_slope_24h,108,0.0038671274254806188,0.004307470324923728,-0.00044034289944310895,-0.001244320044770575,-0.04381150728007465,0.04381150728007465,WINNER_LOW,0.5648148148148148,0.6498141450485603,False,0.8061014775575791
macd_hist_pct__w24__z,macd_hist_pct,108,-1.1776552606046338,-1.218637047670523,0.040981787065889105,0.014458268880844005,0.04368672801355154,0.04368672801355154,WINNER_HIGH,0.5185185185185185,0.6507442185295106,True,0.8064750250925972
obv_delta__w72__q10,obv_delta,108,-2297.8975863986543,-2237.380319100839,-60.51726729781539,47.50807495117181,-0.04368648382774617,0.04368648382774617,WINNER_LOW,0.5370370370370371,0.6507460391708649,False,0.8064750250925972
close_vs_sma72__w24__q25,close_vs_sma72,108,-0.006228512263381465,-0.005183494752741859,-0.001045017510639607,-0.00029241177253425035,-0.043678290934343396,0.043678290934343396,WINNER_LOW,0.5,0.6508071263400942,False,0.8064750250925972
volume_rel24__w240__std,volume_rel24,108,1.1720113125112321,1.1840771831848,-0.012065870673568166,-0.03118542432785032,-0.04361546737291033,0.04361546737291033,WINNER_LOW,0.5462962962962963,0.6512756251625206,False,0.8067696993245961
macd_pct__w72__late_vs_prev,macd_pct,108,-0.0011267792304486782,-0.0008820837313342727,-0.00024469549911440536,-0.0006536622588100727,-0.043422181972946644,0.043422181972946644,WINNER_LOW,0.5740740740740741,0.6527179021008819,True,0.808270008373507
avg_trade_quote_rel24__w72__q90,avg_trade_quote_rel24,108,1.3709367447429233,1.3764204594824048,-0.005483714739481608,0.011126101016998291,-0.04338601682069606,0.04338601682069606,WINNER_LOW,0.5092592592592593,0.6529879094392151,False,0.8083181307288267
rsi14__w72__pos,rsi14,108,0.1920798265767829,0.19822539609072176,-0.006145569513938864,-0.02085150703787804,-0.04325644973134052,0.04325644973134052,WINNER_LOW,0.5648148148148148,0.6539556294924284,True,0.8091545487949252
avg_trade_quote_rel24__w72__delta,avg_trade_quote_rel24,108,0.08619012555438396,0.10538383342985372,-0.01919370787546979,0.010530734807252876,-0.04322061146859659,0.04322061146859659,WINNER_LOW,0.5,0.6542234051818732,True,0.8091545487949252
quote_volume_rel240__w240__std,quote_volume_rel240,108,1.32502870923943,1.3049181686507327,0.020110540588696796,0.07554786801338198,0.043202632984221015,0.043202632984221015,WINNER_HIGH,0.5462962962962963,0.6543577535007287,False,0.8091545487949252
cci20__w24__up_share,cci20,108,0.4656635811207471,0.4610339523465544,0.004629628774192599,0.012500008940696722,0.04316485267444622,0.04316485267444622,WINNER_HIGH,0.5370370370370371,0.6546401124651005,True,0.8092175586039081
taker_share__w72__diff_std,taker_share,108,0.07569199714257761,0.07617915381022072,-0.0004871566676431228,0.0011714056134223966,-0.04304019062306502,0.04304019062306502,WINNER_LOW,0.5555555555555556,0.6555721553493908,True,0.8098856600898888
trades_rel72__w24__std,trades_rel72,108,0.7839475272706261,0.8040168101036991,-0.02006928283307288,-0.13446447253227234,-0.042983755367796334,0.042983755367796334,WINNER_LOW,0.6203703703703703,0.65599427577837,False,0.8098856600898888
avg_trade_quote_rel72__w72__diff_mean,avg_trade_quote_rel72,108,0.0011850101346992771,0.000877390805952574,0.000307619328746703,0.000509416259592399,0.04297507865076269,0.04297507865076269,WINNER_HIGH,0.5185185185185185,0.6560591851583727,True,0.8098856600898888
bb_z__w72__delta,bb_z,108,-1.932533467464425,-1.8699811576934597,-0.0625523097709649,-0.1494877576828002,-0.042968524184201384,0.042968524184201384,WINNER_LOW,0.5462962962962963,0.6561082200075969,True,0.8098856600898888
stoch_k__w240__mean,stoch_k,108,53.43589231703017,53.648141345271355,-0.21224902824119307,0.05522613525390696,-0.04291029663511724,0.04291029663511724,WINNER_LOW,0.5092592592592593,0.6565438941101178,False,0.8098856600898888
dist_high72__w240__z,dist_high72,108,-0.9394019762726707,-0.9936205045776053,0.05421852830493462,0.2518756780773401,0.0429067868437552,0.0429067868437552,WINNER_HIGH,0.5555555555555556,0.6565701590948912,True,0.8098856600898888
close_location__w240__q75,close_location,108,0.7792720733969299,0.7781100382407504,0.0011620351561793612,-0.0007910728454589844,0.0428370016059786,0.0428370016059786,WINNER_HIGH,0.5092592592592593,0.6570924755197814,False,0.810244142063708
mfi14__w72__q90,mfi14,108,71.00118340386285,70.60912793477377,0.3920554690890841,0.729677581787108,0.04276665635650545,0.04276665635650545,WINNER_HIGH,0.5277777777777778,0.6576191553941645,False,0.8104475636701531
bb_z__w72__mean,bb_z,108,0.013967496552073431,-0.005359790186587448,0.01932728673866088,0.05526895744260399,0.042753062061582824,0.042753062061582824,WINNER_HIGH,0.5462962962962963,0.6577209567331697,False,0.8104475636701531
cci20__w72__max,cci20,108,243.66927994622125,247.08759754322196,-3.4183175970006885,-8.50045776367189,-0.04272056394671246,0.04272056394671246,WINNER_LOW,0.5462962962962963,0.6579643460579752,False,0.8104618943870163
bb_z__w240__q90,bb_z,108,1.6711436057532276,1.6817623725643864,-0.010618766811158923,0.016609132289886475,-0.0426357942395358,0.0426357942395358,WINNER_LOW,0.5370370370370371,0.6585993879299882,False,0.8105424261631299
rsi6__w72__delta,rsi6,108,-25.356800301759332,-24.59092128143681,-0.7658790203225281,-0.47780458927154434,-0.042633327267820695,0.042633327267820695,WINNER_LOW,0.5185185185185185,0.6586178726886005,True,0.8105424261631299
rsi6__w24__diff_std,rsi6,108,10.618116431766087,10.550870794720119,0.06724563704596626,-0.15301828384399396,0.04261902109058538,0.04261902109058538,WINNER_HIGH,0.5648148148148148,0.658725071534348,True,0.8105424261631299
ema168_slope_24h__w24__up_share,ema168_slope_24h,108,0.46064814983832614,0.4441358024461402,0.016512347392185968,0.058333348110318206,0.042580570167120815,0.042580570167120815,WINNER_HIGH,0.5092592592592593,0.6590132266931686,True,0.810611767058041
close_vs_ema12__w72__mean,close_vs_ema12,108,-0.00017725786397527877,-0.0003197067304680727,0.00014244886649279387,8.035222417674954e-05,0.04250706697987996,0.04250706697987996,WINNER_HIGH,0.5277777777777778,0.6595642099504712,False,0.8110042342464127
trades_rel72__w24__mean,trades_rel72,108,1.3607822507619858,1.3392448437434654,0.02153740701852022,-0.08465986251831048,0.0423998118523126,0.0423998118523126,WINNER_HIGH,0.5648148148148148,0.6603685353712394,False,0.8117078271329435
rebound_low24__w240__q10,rebound_low24,108,0.005912788391234008,0.005804487517862409,0.00010830087337159999,-0.0005735224112868309,0.04234542033668927,0.04234542033668927,WINNER_HIGH,0.5833333333333334,0.6607765792790682,False,0.8118984025449137
stoch_d__w240__mean,stoch_d,108,53.55855316585965,53.76758525283248,-0.20903208697283732,0.1436664581298821,-0.04231725451904501,0.04231725451904501,WINNER_LOW,0.5185185185185185,0.660987918800506,False,0.8118984025449137
close_vs_vwap72__w72__mean,close_vs_vwap72,108,0.0035571260431660682,0.0028718387516553996,0.0006852872915106689,0.00220864184666425,0.04225417407494155,0.04225417407494155,WINNER_HIGH,0.5740740740740741,0.6614613363040441,False,0.8119555473582947
rsi14__w72__diff_mean,rsi14,108,-0.20590827354074767,-0.2140546561040942,0.008146382563346481,0.021592125296592712,0.04224918107566331,0.04224918107566331,WINNER_HIGH,0.5462962962962963,0.6614988145335378,True,0.8119555473582947
avg_trade_quote_rel72__w72__q90,avg_trade_quote_rel72,108,1.381490675387559,1.3738405765206725,0.007650098866886564,-0.0013149738311767356,0.04217608306136341,0.04217608306136341,WINNER_HIGH,0.5,0.6620475980521252,False,0.8120953640569851
macd_hist_pct__w24__late_vs_prev,macd_hist_pct,108,-0.0008060314479423512,-0.0007459123855264134,-6.011906241593794e-05,-5.191836153244366e-05,-0.04217214403164494,0.04217214403164494,WINNER_LOW,0.5092592592592593,0.6620771755580397,True,0.8120953640569851
bb_width__w24__delta,bb_width,108,0.0045404074394523545,0.0032467286727128172,0.0012936787667395375,0.004165221890434623,0.0420797834704586,0.0420797834704586,WINNER_HIGH,0.5740740740740741,0.6627708484957889,True,0.8126611701226415
close_vs_vwap72__w24__q10,close_vs_vwap72,108,-0.009508182881055054,-0.010373812848693988,0.0008656299676389341,0.0005076810484752059,0.04199976206205772,0.04199976206205772,WINNER_HIGH,0.5092592592592593,0.6633720856274079,False,0.8131132784574292
close_vs_ema6__w72__max,close_vs_ema6,108,0.013787901121691835,0.013494145394630593,0.00029375572706124284,-0.0006044598296284674,0.0418713850033489,0.0418713850033489,WINNER_HIGH,0.5370370370370371,0.6643370999665099,False,0.8138420654307645
dist_high72__w24__pos,dist_high72,108,0.15304709577725994,0.16022382188778095,-0.0071767261105210095,-0.004584735073149205,-0.04183069683039165,0.04183069683039165,WINNER_LOW,0.5185185185185185,0.6646430721294087,True,0.8138420654307645
trades_rel72__w24__q90,trades_rel72,108,2.284773925388301,2.324985693781465,-0.04021176839316333,-0.19796131849288945,-0.04180308757060281,0.04180308757060281,WINNER_LOW,0.5925925925925926,0.6648507240751419,False,0.8138420654307645
rsi14__w24__q75,rsi14,108,54.72795119108977,54.356228475217456,0.37172271587230565,0.6990646362304673,0.041746466511091485,0.041746466511091485,WINNER_HIGH,0.5185185185185185,0.6652766581805475,False,0.8138420654307645
close_vs_ema168__w240__q75,close_vs_ema168,108,0.02515481568264443,0.02635072849915121,-0.0011959128165067846,-0.0029757020063698276,-0.04168235400763999,0.04168235400763999,WINNER_LOW,0.5370370370370371,0.6657590792317772,False,0.8138420654307645
ema6_slope_3h__w72__q25,ema6_slope_3h,108,-0.002969918758598969,-0.002879736941091929,-9.018181750703933e-05,0.0002520005335099996,-0.041677353067003625,0.041677353067003625,WINNER_LOW,0.5555555555555556,0.6657967152194493,False,0.8138420654307645
trades_rel24__w24__std,trades_rel24,108,0.7728693612195827,0.790410762142252,-0.017541400922669308,-0.08371687829494479,-0.041656995594980935,0.041656995594980935,WINNER_LOW,0.5740740740740741,0.6659499299195768,False,0.8138420654307645
close_vs_ema72__w72__diff_mean,close_vs_ema72,108,-0.0002957045933361205,-0.0003128835343633059,1.7178941027185388e-05,1.563475707371253e-05,0.04164299356968885,0.04164299356968885,WINNER_HIGH,0.5092592592592593,0.6660553203722309,True,0.8138420654307645
adx14__w72__diff_std,adx14,108,1.1184876517013267,1.1074750799823692,0.01101257171895769,0.020625287294387784,0.04164221339187389,0.04164221339187389,WINNER_HIGH,0.5555555555555556,0.6660611928117953,True,0.8138420654307645
ema_gap_6_24__d12,ema_gap_6_24,108,-0.007148793669734409,-0.006875540878078298,-0.0002732527916561123,-0.0004875858678133228,-0.04156734929302729,0.04156734929302729,WINNER_LOW,0.5462962962962963,0.6666247953654698,True,0.8142462135497898
close_vs_ema12__w72__late_vs_prev,close_vs_ema12,108,-0.0028588067570699087,-0.003114965170162678,0.0002561584130927695,0.0003657721565105019,0.04149150345719526,0.04149150345719526,WINNER_HIGH,0.5555555555555556,0.6671959834294617,True,0.8146593414988923
close_vs_ema240__w72__max,close_vs_ema240,108,0.038367843847717506,0.04029906320933217,-0.0019312193616146775,-0.004839856224134563,-0.04145074264136514,0.04145074264136514,WINNER_LOW,0.5462962962962963,0.6675030302514371,False,0.8147497720032375
rsi14__w72__max,rsi14,108,70.50884197376392,70.85829472718416,-0.34945275342022913,-0.4091373443603459,-0.0413633576489018,0.0413633576489018,WINNER_LOW,0.5092592592592593,0.6681614821650146,False,0.8149850734878454
taker_share__w72__z,taker_share,108,-0.6310682445333374,-0.5989258598113708,-0.03214238472196652,0.05599393248558046,-0.04136330063732551,0.04136330063732551,WINNER_LOW,0.5092592592592593,0.66816191183576,True,0.8149850734878454
close_vs_ema48__w240__diff_mean,close_vs_ema48,108,-8.344591145109453e-05,-7.88264526401387e-05,-4.619458810955841e-06,5.850321929301572e-06,-0.04114532340670042,0.04114532340670042,WINNER_LOW,0.5370370370370371,0.6698055136943329,True,0.8167049795638363
macd_fast_hist_pct__w72__q25,macd_fast_hist_pct,108,-0.0012780933665689426,-0.0012533487189675388,-2.4744647601403783e-05,2.2457860177382914e-05,-0.040931483237129584,0.040931483237129584,WINNER_LOW,0.5277777777777778,0.6714194806893492,False,0.8181192688522753
close_vs_ema168__w240__z,close_vs_ema168,108,-0.911943485856884,-0.9610771070148245,0.049133621157940344,0.22021982225123793,0.04092965119822248,0.04092965119822248,WINNER_HIGH,0.5555555555555556,0.6714333147286331,True,0.8181192688522753
dist_high24__w24__mean,dist_high24,108,-0.021599289116070227,-0.02098527817159063,-0.0006140109444795936,0.0013182872440665946,-0.04089050279657472,0.04089050279657472,WINNER_LOW,0.5925925925925926,0.6717289579820028,False,0.818194415208312
close_vs_sma168__w240__diff_mean,close_vs_sma168,108,-0.00010490551471144095,-9.425594981419962e-05,-1.0649564897241354e-05,-5.082306943222648e-05,-0.04072453036066891,0.04072453036066891,WINNER_LOW,0.5833333333333334,0.6729829302065257,True,0.8194363882075977
volume_rel240__w72__min,volume_rel240,108,0.34462364611250385,0.33919298850275853,0.005430657609745311,-0.00684597492218017,0.04065885041545047,0.04065885041545047,WINNER_HIGH,0.5185185185185185,0.6734794171627946,False,0.8197554896687409
atr14_pct__w240__late_vs_prev,atr14_pct,108,3.211066811032921e-05,0.0001558253269057222,-0.00012371465879539305,-0.00017206738411914554,-0.040450191466101515,0.040450191466101515,WINNER_LOW,0.5092592592592593,0.6750576656364897,True,0.8213906251672946
macd_pct__w72__diff_mean,macd_pct,108,-6.009877977754109e-05,-6.511552326950175e-05,5.01674349196066e-06,1.237619871972129e-05,0.040234355792693625,0.040234355792693625,WINNER_HIGH,0.5277777777777778,0.6766917231892762,True,0.8228874825773561
close_vs_sma168__w24__q90,close_vs_sma168,108,0.015047723022656067,0.016686767445719817,-0.001639044423063751,-0.005636182008311152,-0.04022054739804247,0.04022054739804247,WINNER_LOW,0.5740740740740741,0.676796317006963,False,0.8228874825773561
macd_pct__w24__q75,macd_pct,108,0.0018812446135227758,0.0016738183894024889,0.00020742622412028684,-0.00014226965722627936,0.04014782511286145,0.04014782511286145,WINNER_HIGH,0.5185185185185185,0.6773472674692105,False,0.8228874825773561
macd_hist_pct__w24__up_share,macd_hist_pct,108,0.4386574076833548,0.43271605068886715,0.005941356994487619,0.0,0.04003389091679005,0.04003389091679005,WINNER_HIGH,0.49074074074074076,0.6782107949603708,True,0.8228874825773561
close_vs_ema168__w240__q90,close_vs_ema168,108,0.04002348305005365,0.038751803935722105,0.0012716791143315349,-0.00030176332220435177,0.0400333672628927,0.0400333672628927,WINNER_HIGH,0.5092592592592593,0.6782147648168294,False,0.8228874825773561
lower_wick__w72__q25,lower_wick,108,0.11673943905366792,0.11549465784941007,0.0012447812042578512,0.001985968649387368,0.03999272256312949,0.03999272256312949,WINNER_HIGH,0.5370370370370371,0.6785229227273101,False,0.8228874825773561
trades_rel240__w240__max,trades_rel240,108,7.253354803279594,7.387315188072348,-0.1339603847927518,-0.02494521141052264,-0.039971177776246064,0.039971177776246064,WINNER_LOW,0.5092592592592593,0.6786862920055368,False,0.8228874825773561
rsi14__w72__mean,rsi14,108,50.890778965420196,50.6376770231459,0.2531019422743056,0.004047393798828125,0.03996764395080723,0.03996764395080723,WINNER_HIGH,0.5,0.6787130896718021,False,0.8228874825773561
avg_trade_quote_rel24__w24__mean,avg_trade_quote_rel24,108,1.0393955326742597,1.034496874169067,0.004898658505192516,-0.005043745040893555,0.039951418068910304,0.039951418068910304,WINNER_HIGH,0.5277777777777778,0.6788361388887195,False,0.8228874825773561
rebound_low24__d24,rebound_low24,108,-0.01381964195513353,-0.01469639222590794,0.0008767502707744119,0.0040016869548708195,0.03994044204831199,0.03994044204831199,WINNER_HIGH,0.6018518518518519,0.6789193806271292,True,0.8228874825773561
rebound_low24__w24__diff_mean,rebound_low24,108,-0.000575818417132723,-0.0006123496766558441,3.653125952312124e-05,0.00016673694044584407,0.039940440238366355,0.039940440238366355,WINNER_HIGH,0.6018518518518519,0.6789193943540183,True,0.8228874825773561
dist_high24__w72__mean,dist_high24,108,-0.019732497955879405,-0.019308191595633555,-0.00042430636024585436,0.0006115647964179518,-0.03991509818610531,0.03991509818610531,WINNER_LOW,0.5462962962962963,0.6791116027218329,False,0.8228874825773561
rsi24__w24__q90,rsi24,108,55.41156952469437,55.10721369142885,0.3043558332655165,0.8459384918212898,0.03988188316029075,0.03988188316029075,WINNER_HIGH,0.5648148148148148,0.6793635561879522,False,0.8229076397607443
macd_hist_pct__w24__diff_mean,macd_hist_pct,108,-8.396076200169857e-05,-8.0297536558681e-05,-3.6632254430175933e-06,-8.892957339412533e-07,-0.03969278688036599,0.03969278688036599,WINNER_LOW,0.5092592592592593,0.6807986424390968,True,0.8239967272214795
macd_hist_pct__d24,macd_hist_pct,108,-0.0020150582778384247,-0.001927140878008147,-8.791739983027786e-05,-2.1343113621696743e-05,-0.03969278192692594,0.03969278192692594,WINNER_LOW,0.5092592592592593,0.6807986800470407,True,0.8239967272214795
mfi14__w72__diff_mean,mfi14,108,-0.23263903330640728,-0.21956481430205274,-0.013074219004354546,-0.020916569419205194,-0.039647203901291284,0.039647203901291284,WINNER_LOW,0.5185185185185185,0.6811447556086823,True,0.8239967272214795
close_location__w24__diff_std,close_location,108,0.45674116164445877,0.45400971030747456,0.0027314513369842814,0.0026387274265289307,0.03963924604893492,0.03963924604893492,WINNER_HIGH,0.5092592592592593,0.6812051868450951,True,0.8239967272214795
cci20__w24__q25,cci20,108,-67.95757081607978,-70.38579945208298,2.4282286360032024,-2.270377349853515,0.039410752071883236,0.039410752071883236,WINNER_HIGH,0.5092592592592593,0.6829412338493608,False,0.8258110286207518
ema24_slope_6h__w24__delta,ema24_slope_6h,108,-0.004840711936274737,-0.004621120496287606,-0.00021959143998713046,0.00017175583052448913,-0.03928952549636214,0.03928952549636214,WINNER_LOW,0.5092592592592593,0.6838629784109448,True,0.8266397633954629
ema168_slope_24h__d12,ema168_slope_24h,108,-0.0009344253070661647,-0.0010562285584072657,0.00012180325134110074,0.00019409882515901699,0.039209343963993136,0.039209343963993136,WINNER_HIGH,0.5277777777777778,0.6844729002499615,True,0.82709113067523
ema24_slope_6h__w240__max,ema24_slope_6h,108,0.015199205698014272,0.014932473588527909,0.0002667321094863669,-0.00030168090015649743,0.03886093493515233,0.03886093493515233,WINNER_HIGH,0.5370370370370371,0.6871255843740156,False,0.8300097300711339
rsi24__w240__diff_std,rsi24,108,2.8612072092515453,2.8669090222429343,-0.005701812991389515,0.006759381294250355,-0.03882386223415054,0.03882386223415054,WINNER_LOW,0.5185185185185185,0.6874080758361575,True,0.8300642407455258
avg_trade_quote_rel72__w72__min,avg_trade_quote_rel72,108,0.5489224650793605,0.5530865769695352,-0.00416411189017473,-0.004730933904647849,-0.03877488758935679,0.03877488758935679,WINNER_LOW,0.5277777777777778,0.6877813271478962,False,0.8302282709824623
bb_width__w24__diff_mean,bb_width,108,0.00019280090041488788,0.0001426860026527337,5.011489776215422e-05,0.0001818744305637665,0.03866331027017772,0.03866331027017772,WINNER_HIGH,0.6111111111111112,0.688631981313399,True,0.8306816819097723
bb_width__d24,bb_width,108,0.004627221370389668,0.0034244640395467356,0.001202757330842932,0.004364986380096525,0.03866330437512988,0.03866330437512988,WINNER_HIGH,0.6111111111111112,0.688632026267209,True,0.8306816819097723
close_vs_ema24__w72__mean,close_vs_ema24,108,0.00026281360598861484,6.729397056106863e-06,0.000256084208932508,6.747305887984118e-05,0.03861783302346959,0.03861783302346959,WINNER_HIGH,0.5,0.6889788098891192,False,0.8308134131662931
rebound_low240__w240__mean,rebound_low240,108,0.09564270724163011,0.09333673019514041,0.002305977046489716,-0.0074500853195786435,0.0385689331985052,0.0385689331985052,WINNER_HIGH,0.5740740740740741,0.6893518144599798,False,0.830976661553447
mfi14__w240__up_share,mfi14,108,0.4869598749059218,0.4877932073893371,-0.0008333324834152496,5.960464455334602e-09,-0.038502512871928705,0.038502512871928705,WINNER_LOW,0.5092592592592593,0.6898585868741983,True,0.8313009918328986
upper_wick__w24__max,upper_wick,108,0.7082745027210977,0.7130931953037227,-0.004818692582624929,-0.008668142557144154,-0.03842778192687598,0.03842778192687598,WINNER_LOW,0.5092592592592593,0.6904289361281556,False,0.8317016843403926
ema24_slope_6h__d24,ema24_slope_6h,108,-0.004775597163879192,-0.004550068935572604,-0.0002255282283065889,0.00023340121842920777,-0.03833517962799838,0.03833517962799838,WINNER_LOW,0.5092592592592593,0.6911359275321886,True,0.8319802052521282
ema24_slope_6h__w24__diff_mean,ema24_slope_6h,108,-0.00019898321528654815,-0.00018958620722047374,-9.397008066074426e-06,9.725053678266705e-06,-0.038335173723304417,0.038335173723304417,WINNER_LOW,0.5092592592592593,0.6911359726215135,True,0.8319802052521282
close_vs_sma24__w240__z,close_vs_sma24,108,-1.277834992497918,-1.2529150491244057,-0.024919943373512336,0.01729065538384021,-0.0382984285908912,0.0382984285908912,WINNER_LOW,0.5462962962962963,0.6914165866946235,True,0.8320315910774598
close_vs_ema72__w72__delta,close_vs_ema72,108,-0.021472829508840933,-0.0226368257628531,0.001163996254012158,0.004339185845310565,0.03825431380996494,0.03825431380996494,WINNER_HIGH,0.5555555555555556,0.6917535378498307,True,0.8321507127144334
ema_gap_6_24__w72__mean,ema_gap_6_24,108,0.0004803463205933912,0.0002834299948315472,0.00019691632576184396,0.00024226828973041844,0.03817865732974818,0.03817865732974818,WINNER_HIGH,0.5092592592592593,0.6923315503389897,False,0.8322807230880721
close_vs_ema12__w24__mean,close_vs_ema12,108,-0.0016703008590815847,-0.0014754782258006782,-0.00019482263328090654,4.615099533111788e-05,-0.03817786425392383,0.03817786425392383,WINNER_LOW,0.5,0.6923376103698032,False,0.8322807230880721
close_vs_ema24__w240__q75,close_vs_ema24,108,0.007404580331812786,0.0072096127843434684,0.00019496754746931537,-0.0005206169560551645,0.03808896992787962,0.03808896992787962,WINNER_HIGH,0.5370370370370371,0.6930169939332602,False,0.8328111435685949
close_vs_ema48__w240__delta,close_vs_ema48,108,-0.019722294170706946,-0.0186862987905813,-0.0010359953801256504,0.001463434903416782,-0.0378689878320252,0.0378689878320252,WINNER_LOW,0.5555555555555556,0.6946993042249039,True,0.8345460209118821
close_vs_sma168__w240__delta,close_vs_sma168,108,-0.024829929305404355,-0.022444993800794084,-0.0023849355046102697,-0.012900602316949516,-0.03778793607803928,0.03778793607803928,WINNER_LOW,0.5740740740740741,0.6953195316361236,True,0.8347007822424449
close_vs_sma240__w72__q90,close_vs_sma240,108,0.03066659628530033,0.03275813206776851,-0.002091535782468176,0.002761571202427149,-0.037763070366078684,0.037763070366078684,WINNER_LOW,0.5185185185185185,0.6955098514862024,False,0.8347007822424449
bb_width__w240__q10,bb_width,108,0.01290432422818547,0.012744719745522297,0.00015960448266317447,-0.0002712692134082314,0.03775858247675163,0.03775858247675163,WINNER_HIGH,0.5462962962962963,0.6955442034470931,False,0.8347007822424449
avg_trade_quote_rel72__d24,avg_trade_quote_rel72,108,0.1120544081657297,0.09753624534156795,0.01451816282416176,-0.013961933180689834,0.037686953600832705,0.037686953600832705,WINNER_HIGH,0.5370370370370371,0.69609256301517,True,0.8347859383352813
avg_trade_quote_rel72__w24__diff_mean,avg_trade_quote_rel72,108,0.0046689336323416444,0.004064010246798312,0.0006049233855433327,-0.0005817484576255087,0.03768694974201309,0.03768694974201309,WINNER_HIGH,0.5370370370370371,0.6960925925609609,True,0.8347859383352813
close_vs_ema168__w24__q90,close_vs_ema168,108,0.014622592335702697,0.01593022078711699,-0.0013076284514142947,-0.004130416410043836,-0.03765526860946422,0.03765526860946422,WINNER_LOW,0.5555555555555556,0.6963351809756727,False,0.8347905820609968
upper_wick__w72__z,upper_wick,108,-0.354891230552716,-0.38431540187275803,0.029424171320041995,0.010043471865355966,0.037430352279658234,0.037430352279658234,WINNER_HIGH,0.5092592592592593,0.6980583122321898,True,0.8365695400534502
rsi24__w72__q25,rsi24,108,46.53993931523076,46.7784921752082,-0.23855285997743958,0.022546005249022727,-0.03723631814383345,0.03723631814383345,WINNER_LOW,0.5,0.6995461181561533,False,0.8380653563521988
ema_gap_24_72__w24__mean,ema_gap_24_72,108,0.001513452240841515,0.0019726658046339356,-0.0004592135637924204,-0.0015045904234284536,-0.03713586451541438,0.03713586451541438,WINNER_LOW,0.5370370370370371,0.7003168320445774,False,0.8383982319270878
cci20__w24__std,cci20,108,95.92630287452981,94.98322604850487,0.9430768260249385,-0.7051048278808594,0.03709528153661214,0.03709528153661214,WINNER_HIGH,0.5185185185185185,0.7006282870732542,False,0.8383982319270878
rsi14__w72__std,rsi14,108,9.538252040191933,9.446146082878114,0.09210595731382021,0.1270195484161376,0.037087861435560344,0.037087861435560344,WINNER_HIGH,0.5277777777777778,0.7006852383350041,False,0.8383982319270878
quote_volume_rel72__w24__max,quote_volume_rel72,108,4.7830355708245875,4.65916788942284,0.12386768140174721,-0.7632052421569822,0.037054869863283955,0.037054869863283955,WINNER_HIGH,0.6388888888888888,0.7009384781364953,False,0.8383982319270878
ema168_slope_24h__w24__max,ema168_slope_24h,108,0.004176370119576286,0.004549537197480849,-0.00037316707790456294,-0.0012978769445908256,-0.03704389678373539,0.03704389678373539,WINNER_LOW,0.5740740740740741,0.7010227137989148,False,0.8383982319270878
mfi14__d12,mfi14,108,-13.884091533996441,-14.722693464749803,0.8386019307533624,0.4721633434295649,0.03700945804719707,0.03700945804719707,WINNER_HIGH,0.5092592592592593,0.7012871095276644,True,0.8384276998352965
cci20__w240__max,cci20,108,320.2588981345848,322.6621844256366,-2.403286291051795,0.8170654296874886,-0.036933660512240896,0.036933660512240896,WINNER_LOW,0.5,0.7018691574080225,False,0.8388367886041882
dist_high24__w72__delta,dist_high24,108,-0.018444306206354802,-0.01758626580287405,-0.0008580404034807578,0.0008810739615000779,-0.036874651401110785,0.036874651401110785,WINNER_LOW,0.5277777777777778,0.7023224101226788,True,0.8390900414015985
mfi14__w24__pos,mfi14,108,0.2514753149977575,0.24225414132858902,0.009221173669168447,-0.033810004591941833,0.03684360146951018,0.03684360146951018,WINNER_HIGH,0.5648148148148148,0.7025609497351674,True,0.8390900414015985
ema_gap_24_72__w24__max,ema_gap_24_72,108,0.0057651457652725556,0.005309947128881942,0.000455198636390614,-0.0009583583683706823,0.03671149773582391,0.03671149773582391,WINNER_HIGH,0.5370370370370371,0.7035761621624412,False,0.8400156500792273
rsi24__w24__diff_std,rsi24,108,2.869620551665624,2.8965882921660384,-0.026967740500414814,-0.11384800672531137,-0.03656121704687777,0.03656121704687777,WINNER_LOW,0.5925925925925926,0.704731715590699,True,0.8411081260821415
rsi24__w24__pos,rsi24,108,0.12749903761195364,0.12287581317963214,0.004623224432321472,-0.004809198528528219,0.03650035416554368,0.03650035416554368,WINNER_HIGH,0.5370370370370371,0.7051999054372925,True,0.8411305071783195
rsi24__w72__min,rsi24,108,36.38668969825462,36.6329856272097,-0.24629592895507826,-0.05415534973144531,-0.0364947293821406,0.0364947293821406,WINNER_LOW,0.5092592592592593,0.7052431799994195,False,0.8411305071783195
taker_share__w24__q25,taker_share,108,0.4505464398750552,0.4498020916073411,0.0007443482677141822,0.0007791638374328724,0.03646498248771366,0.03646498248771366,WINNER_HIGH,0.5185185185185185,0.7054720553485877,False,0.8411305071783195
atr24_pct__w72__q25,atr24_pct,108,0.006408314179646334,0.006319011474907811,8.930270473852195e-05,-6.104400381445885e-05,0.03625448603496454,0.03625448603496454,WINNER_HIGH,0.5185185185185185,0.7070924057169088,False,0.8427750997927845
rsi14__w72__delta,rsi14,108,-14.853858684500059,-15.351236048306303,0.4973773638062454,1.7272402048110966,0.03621521176116527,0.03621521176116527,WINNER_HIGH,0.5462962962962963,0.7073948787790364,True,0.8428241973925316
quote_volume_rel72__w24__std,quote_volume_rel72,108,1.0789345329696383,1.0522745502767739,0.026659982692864202,-0.1845314979553223,0.03612971662308816,0.03612971662308816,WINNER_HIGH,0.6296296296296297,0.7080534863691486,False,0.8428241973925316
mfi14__w24__std,mfi14,108,12.421259805008217,12.256448679500156,0.1648111255080612,-0.005843400955200195,0.03612180342418174,0.03612180342418174,WINNER_HIGH,0.5,0.7081144565145939,False,0.8428241973925316
avg_trade_quote_rel240__w72__std,avg_trade_quote_rel240,108,0.2554113878696053,0.2579474790504685,-0.0025360911808632036,-0.00519383251667023,-0.03611132047366981,0.03611132047366981,WINNER_LOW,0.5277777777777778,0.708195229175984,False,0.8428241973925316
bb_z__w240__delta,bb_z,108,-1.7451251045697265,-1.807114407184741,0.06198930261501424,-0.08778280615806566,0.03609270577768465,0.03609270577768465,WINNER_HIGH,0.5277777777777778,0.708338666324464,True,0.8428241973925316
quote_volume_rel24__w72__q75,quote_volume_rel24,108,1.6090618465785627,1.619853995464466,-0.010792148885903541,-0.051642656326293945,-0.036020569206489626,0.036020569206489626,WINNER_LOW,0.5555555555555556,0.7088946199742943,False,0.8431988047789479
close_vs_ema240__w240__q90,close_vs_ema240,108,0.04668161698780885,0.04524630799952084,0.0014353089882880113,0.00027573201805353165,0.035969444316964465,0.035969444316964465,WINNER_HIGH,0.5,0.7092887326954863,False,0.843380720243494
bb_width__w24__q25,bb_width,108,0.02489446553496506,0.02443464024647794,0.0004598252884871152,-0.0010547820013016452,0.03590143940699033,0.03590143940699033,WINNER_HIGH,0.5370370370370371,0.7098130927797116,False,0.8437173302007653
ema_gap_24_72__d12,ema_gap_24_72,108,-0.003158321063707532,-0.003336445348405606,0.0001781242846980738,0.00048763875092845395,0.03579547363496906,0.03579547363496906,WINNER_HIGH,0.5555555555555556,0.7106304324224971,True,0.8442183913335981
avg_trade_quote_rel72__w72__pos,avg_trade_quote_rel72,108,0.47343068569898605,0.46507934610600826,0.008351339592977809,-0.004011053591966629,0.03578419383692979,0.03578419383692979,WINNER_HIGH,0.5092592592592593,0.7107174561298578,True,0.8442183913335981
avg_trade_quote_rel24__w24__up_share,avg_trade_quote_rel24,108,0.5015432130959299,0.498765435649289,0.0027777774466408688,5.960464455334602e-09,0.03570832221297586,0.03570832221297586,WINNER_HIGH,0.5092592592592593,0.711302905469759,True,0.844626913557809
avg_trade_quote_rel72__w240__z,avg_trade_quote_rel72,108,0.31081660907646574,0.27618181728887276,0.034634791787593044,-0.10851788744330407,0.0356048030374055,0.0356048030374055,WINNER_HIGH,0.5462962962962963,0.7121019705348168,True,0.8452115897671446
upper_wick__w72__q25,upper_wick,108,0.09363593105916623,0.09444391770909231,-0.0008079866499260618,-0.002765958756208421,-0.035581915462139437,0.035581915462139437,WINNER_LOW,0.5370370370370371,0.7122786831695096,False,0.8452115897671446
avg_trade_quote_rel240__w72__delta,avg_trade_quote_rel240,108,0.0852383154625487,0.066780788630799,0.01845752683174969,0.03928026258945465,0.035478245343004165,0.035478245343004165,WINNER_HIGH,0.5185185185185185,0.7130793056774716,True,0.8458746037836222
trades_rel24__w72__accel,trades_rel24,108,0.805527027161723,0.8952855344240865,-0.08975850726236344,0.012267756462097212,-0.03533991787600979,0.03533991787600979,WINNER_LOW,0.5092592592592593,0.7141480788207193,True,0.846076753359103
trades_rel24__w240__accel,trades_rel24,108,0.805527027161723,0.8952855344240865,-0.08975850726236344,0.012267756462097212,-0.03533991787600979,0.03533991787600979,WINNER_LOW,0.5092592592592593,0.7141480788207193,True,0.846076753359103
close_vs_ema24__w240__z,close_vs_ema24,108,-1.352725850004289,-1.327871712771917,-0.02485413723237191,0.03802016973495481,-0.03528558664140564,0.03528558664140564,WINNER_LOW,0.5370370370370371,0.7145680193266291,True,0.846076753359103
trades_rel72__w24__q10,trades_rel72,108,0.680151817423326,0.6722090712851949,0.007942746138131177,0.0026737421751022172,0.03526787206655496,0.03526787206655496,WINNER_HIGH,0.5092592592592593,0.7147049589242918,False,0.846076753359103
rebound_low72__d1,rebound_low72,108,-0.004873467493056254,-0.005078191717101137,0.0002047242240448838,-0.00011506211376399739,0.035239892465558524,0.035239892465558524,WINNER_HIGH,0.5648148148148148,0.7149212695861517,True,0.846076753359103
upper_wick__w240__z,upper_wick,108,-0.3722963266730033,-0.39902450506159326,0.026728178388590002,-0.034437218308448814,0.035227545138242125,0.035227545138242125,WINNER_HIGH,0.5185185185185185,0.7150167343213645,True,0.846076753359103
volume_rel24__w72__q90,volume_rel24,108,2.604774722346553,2.5835923938839525,0.021182328462600722,-0.005280518531799228,0.03519407032518934,0.03519407032518934,WINNER_HIGH,0.5,0.7152755713027114,False,0.846076753359103
volume_rel24__w72__q75,volume_rel24,108,1.6104170117113326,1.6211120218038557,-0.010695010092523351,-0.043033611774444536,-0.035129903509604425,0.035129903509604425,WINNER_LOW,0.5648148148148148,0.7157718205626957,False,0.846076753359103
stoch_d__w24__diff_std,stoch_d,108,8.319570316208733,8.38624237643348,-0.06667206022474498,-0.3905005931854246,-0.03512644130292435,0.03512644130292435,WINNER_LOW,0.5555555555555556,0.7157985998228333,True,0.846076753359103
macd_signal_pct__w24__q75,macd_signal_pct,108,0.0019600008473995936,0.0017832332793322738,0.00017676756806731978,-0.00011839019716717306,0.03512533587887399,0.03512533587887399,WINNER_HIGH,0.5185185185185185,0.715807150062464,False,0.846076753359103
avg_trade_quote_rel24__w24__max,avg_trade_quote_rel24,108,1.5988817380534277,1.6109959873888227,-0.012114249335394962,-0.05327186584472654,-0.0351118971378446,0.0351118971378446,WINNER_LOW,0.5740740740740741,0.7159110989961641,False,0.846076753359103
avg_trade_quote_rel72__w240__diff_mean,avg_trade_quote_rel72,108,0.00020051457182422314,0.0002697293302095137,-6.921475838529051e-05,0.00016053550280048512,-0.034860566671437644,0.034860566671437644,WINNER_LOW,0.5092592592592593,0.7178561271776526,True,0.8480888097095443
quote_volume_rel240__w240__q25,quote_volume_rel240,108,0.6574828517105844,0.6531985591407176,0.004284292569866888,-0.01484729051589967,0.03480828593416745,0.03480828593416745,WINNER_HIGH,0.5370370370370371,0.7182609576104636,False,0.8482805027908784
ema72_slope_12h__d6,ema72_slope_12h,108,-0.0016128382590994551,-0.0016779748989847576,6.51366398853026e-05,0.00012503932557592635,0.03472418351533572,0.03472418351533572,WINNER_HIGH,0.5370370370370371,0.7189123641864867,True,0.8486975563300453
close_vs_ema240__w72__late_vs_prev,close_vs_ema240,108,-0.004779744940067219,-0.0053695214682226875,0.0005897765281554676,0.0006398924480890851,0.034700030952887546,0.034700030952887546,WINNER_HIGH,0.5185185185185185,0.7190994736648338,True,0.8486975563300453
volume_rel240__w72__diff_std,volume_rel240,108,1.0958649907951001,1.0725259513766676,0.023339039418432433,-0.01402193307876587,0.03466247058675092,0.03466247058675092,WINNER_HIGH,0.5092592592592593,0.7193904870828,True,0.848754565900321
avg_trade_quote_rel240__w240__late_vs_prev,avg_trade_quote_rel240,108,-0.0029673024124618947,-0.00952988103435254,0.0065625786218906435,0.008199883997440333,0.03450834696941588,0.03450834696941588,WINNER_HIGH,0.5185185185185185,0.7205850507626601,True,0.8498772082688102
mfi14__w72__max,mfi14,108,81.58137240233245,81.29346028080693,0.2879121215255168,-0.3352622985839844,0.03445492910012384,0.03445492910012384,WINNER_HIGH,0.5277777777777778,0.7209992374724168,False,0.850079006554633
avg_trade_quote_rel72__w72__z,avg_trade_quote_rel72,108,0.3498639162388389,0.3135460634974557,0.03631785274138329,0.006410901248455031,0.03436273395294354,0.03436273395294354,WINNER_HIGH,0.5092592592592593,0.7217142871825839,True,0.8506352754558464
trades_rel72__w72__q25,trades_rel72,108,0.7458942380768282,0.7400340669684942,0.005860171108334156,-0.0020246326923370472,0.03429264624189265,0.03429264624189265,WINNER_HIGH,0.5092592592592593,0.7222580405022421,False,0.8509893421955326
dist_high24__w72__late_vs_prev,dist_high24,108,-0.004513482194549094,-0.00394128433371474,-0.0005721978608343537,-0.0011629871325567363,-0.03422721217718662,0.03422721217718662,WINNER_LOW,0.5462962962962963,0.7227658184394335,True,0.851084665638955
close_vs_sma240__w240__z,close_vs_sma240,108,-0.8451052890072956,-0.7969112169032019,-0.04819407210409363,-0.019970616698265053,-0.03419010120108841,0.03419010120108841,WINNER_LOW,0.5,0.7230538601031264,True,0.851084665638955
mfi14__w72__min,mfi14,108,19.20867634261096,19.466068174220894,-0.2573918316099378,-0.4402341842651376,-0.0341881415761427,0.0341881415761427,WINNER_LOW,0.5277777777777778,0.7230690710933187,False,0.851084665638955
close_vs_vwap24__w240__mean,close_vs_vwap24,108,0.0012559132235394456,0.0013791992272975523,-0.00012328600375810685,-0.0003813806310063227,-0.03413553289288934,0.03413553289288934,WINNER_LOW,0.5185185185185185,0.7234774713876045,False,0.8512788416697352
close_vs_ema72__w24__pos,close_vs_ema72,108,0.11462734401639965,0.11858872917299676,-0.0039613851565971124,0.0,-0.03409406047992411,0.03409406047992411,WINNER_LOW,0.48148148148148145,0.7237994773084855,True,0.8513712654382017
rsi24__w72__late_vs_prev,rsi24,108,-1.9648364385141543,-2.1736177970172355,0.2087813585030812,0.38302346467971804,0.03405499862973717,0.03405499862973717,WINNER_HIGH,0.5370370370370371,0.7241028121402345,True,0.8514416725132482
macd_pct__w24__mean,macd_pct,108,-0.00012129201567640175,5.5097423957701334e-05,-0.0001763894396341029,-5.385074000514578e-05,-0.03399193645548285,0.03399193645548285,WINNER_LOW,0.5092592592592593,0.7245926142171022,False,0.851520278326159
ema24_slope_6h__w240__q75,ema24_slope_6h,108,0.0037483634492942925,0.0036554178797006086,9.294556959368351e-05,-0.00032317433506250364,0.03395733577793886,0.03395733577793886,WINNER_HIGH,0.5555555555555556,0.7248614052628027,False,0.851520278326159
rsi14__w24__z,rsi14,108,-1.5579684144920773,-1.5780066708745262,0.02003825638244896,-0.09513973556458943,0.033952347026906624,0.033952347026906624,WINNER_HIGH,0.5833333333333334,0.7249001625899272,True,0.851520278326159
cci20__w240__delta,cci20,108,-144.33194120724997,-149.41813363410807,5.086192426858118,-6.8684375286102295,0.033915174759750054,0.033915174759750054,WINNER_HIGH,0.5277777777777778,0.7251889743493786,True,0.8515734866688303
trades_rel72__w240__late_vs_prev,trades_rel72,108,0.017496340871460875,-0.0020560362660843423,0.019552377137545224,0.05036800685338676,0.033880004852449644,0.033880004852449644,WINNER_HIGH,0.5462962962962963,0.7254622651776215,True,0.8516084395186782
avg_trade_quote_rel72__w72__mean,avg_trade_quote_rel72,108,1.0302860648543746,1.0337843432470604,-0.0034982783926857837,-0.00837923884391778,-0.03383710275779677,0.03383710275779677,WINNER_LOW,0.5277777777777778,0.7257956876478583,False,0.8517139327867652
close_location__w24__late_vs_prev,close_location,108,-0.07247592614644587,-0.06753770580786901,-0.004938220338576855,0.0039617463946342475,-0.03379230075653081,0.03379230075653081,WINNER_LOW,0.5092592592592593,0.7261439318921331,True,0.8518367426456859
taker_share__w72__diff_mean,taker_share,108,-0.0005490524975997418,-0.0005099429074966287,-3.910959010311302e-05,-5.681808688677846e-05,-0.033667405943233863,0.033667405943233863,WINNER_LOW,0.5185185185185185,0.7271150373993068,True,0.8525446419525846
cci20__w72__up_share,cci20,108,0.48791152514793257,0.49040637855176566,-0.002494853403833175,0.0013888895511627308,-0.03360618402948759,0.03360618402948759,WINNER_LOW,0.5,0.7275912239887062,True,0.8525446419525846
stoch_d__d12,stoch_d,108,-23.110998890190213,-22.191257562419334,-0.9197413277708827,-2.257006144523621,-0.033600494298124915,0.033600494298124915,WINNER_LOW,0.5648148148148148,0.7276354843767047,True,0.8525446419525846
rsi24__w72__q75,rsi24,108,55.791684539229784,55.55665818673593,0.2350263524938511,-0.17452735900878835,0.03358930228404664,0.03358930228404664,WINNER_HIGH,0.5092592592592593,0.7277225496792866,False,0.8525446419525846
avg_trade_quote_rel240__d6,avg_trade_quote_rel240,108,0.10547209431522922,0.0936118464563387,0.011860247858890536,-0.005443365219980475,0.03346347991123841,0.03346347991123841,WINNER_HIGH,0.5277777777777778,0.728701596435284,True,0.8531845109793604
close_vs_sma240__w240__q75,close_vs_sma240,108,0.03486567762599777,0.03641904642392075,-0.0015533687979229758,-0.0033948995172977444,-0.03342846519670699,0.03342846519670699,WINNER_LOW,0.5648148148148148,0.7289741322115177,False,0.8531845109793604
volume_rel24__w240__delta,volume_rel24,108,0.9953628772766225,0.9337720542498302,0.061590823026792224,-0.11411599069833757,0.03342505681496713,0.03342505681496713,WINNER_HIGH,0.5648148148148148,0.7290006630844521,True,0.8531845109793604
atr14_pct__d12,atr14_pct,108,0.0008327158977610654,0.0007256427055271732,0.00010707319223389209,0.0006333951139822602,0.033378946939781044,0.033378946939781044,WINNER_HIGH,0.5833333333333334,0.729359615082636,True,0.8532316148647802
avg_trade_quote_rel24__w72__pos,avg_trade_quote_rel24,108,0.4610679694623859,0.46848683304636296,-0.007418863583977025,-0.019740891456604015,-0.033357205079346065,0.033357205079346065,WINNER_LOW,0.5462962962962963,0.7295288900330834,True,0.8532316148647802
avg_trade_quote_rel240__w24__accel,avg_trade_quote_rel240,108,0.11691209805603311,0.09574019323939596,0.021171904816637173,-0.014539194107055675,0.033174619589977625,0.033174619589977625,WINNER_HIGH,0.5185185185185185,0.7309509671792134,True,0.8538725900895926
macd_signal_pct__w24__diff_mean,macd_signal_pct,108,-9.05971661243004e-05,-8.115550056402299e-05,-9.441665560277414e-06,-1.7836236872881268e-05,-0.033169025278889645,0.033169025278889645,WINNER_LOW,0.5555555555555556,0.7309945536167148,True,0.8538725900895926
macd_signal_pct__d24,macd_signal_pct,108,-0.002174331958586764,-0.0019477320012086883,-0.00022659995737807617,-0.0004280697234207765,-0.03316902319189835,0.03316902319189835,WINNER_LOW,0.5555555555555556,0.730994569877061,True,0.8538725900895926
close_vs_ema72__w24__mean,close_vs_ema72,108,-5.170054511701757e-05,0.0006041768779309846,-0.0006558774230480021,-0.0007190483040176332,-0.03315133106010179,0.03315133106010179,WINNER_LOW,0.5370370370370371,0.7311324187408961,False,0.8538725900895926
trades_rel240__w240__std,trades_rel240,108,0.9729090556502342,0.962040650513437,0.010868405136797156,0.01465965509414674,0.03310287443889627,0.03310287443889627,WINNER_HIGH,0.5370370370370371,0.7315100152660083,False,0.8538725900895926
close_vs_vwap240__w240__q75,close_vs_vwap240,108,0.03480248364913105,0.036131279643396505,-0.0013287959942654538,-0.0029754967894405123,-0.03309062585244396,0.03309062585244396,WINNER_LOW,0.5277777777777778,0.7316054723941225,False,0.8538725900895926
volume_rel240__w72__q90,volume_rel240,108,2.793352527750863,2.746598493611371,0.04675403413949195,-0.06029068231582646,0.03306744419106478,0.03306744419106478,WINNER_HIGH,0.5185185185185185,0.7317861459818442,False,0.8538725900895926
rsi24__w72__pos,rsi24,108,0.21380057683887166,0.20802259581439472,0.005777981024476941,-0.02295547407120466,0.033028597199506765,0.033028597199506765,WINNER_HIGH,0.5833333333333334,0.732088946067485,True,0.8539409754496314
close_vs_sma240__w72__late_vs_prev,close_vs_sma240,108,-0.004727415136366525,-0.005327247578417076,0.0005998324420505493,0.0005145613336935639,0.03297980054390636,0.03297980054390636,WINNER_HIGH,0.5092592592592593,0.7324693606003273,True,0.853986563026322
quote_volume_rel240__w72__std,quote_volume_rel240,108,1.1809110564214211,1.1591639764331003,0.021747079988320667,-0.06164420247077951,0.03296093667904263,0.03296093667904263,WINNER_HIGH,0.5648148148148148,0.7326164395421694,False,0.853986563026322
avg_trade_quote_rel72__w24__up_share,avg_trade_quote_rel72,108,0.5019290163009255,0.49930555682491373,0.0026234594760117702,0.004166665673255909,0.03290660201612111,0.03290660201612111,WINNER_HIGH,0.5092592592592593,0.7330401350172412,True,0.85419571881216
trades_rel240__w240__q25,trades_rel240,108,0.7204290741571674,0.7165335419001403,0.003895532257027096,-0.003439670801162753,0.03272733354023496,0.03272733354023496,WINNER_HIGH,0.5277777777777778,0.7344386345161583,False,0.8555402747844789
close_vs_ema168__w72__q75,close_vs_ema168,108,0.0179455537170691,0.01905969346845369,-0.0011141397513845868,-0.006066746287979184,-0.0326878991915709,0.0326878991915709,WINNER_LOW,0.5648148148148148,0.7347463876886358,False,0.8556137588235629
close_vs_sma24__w24__mean,close_vs_sma24,108,-0.002042948701711322,-0.0016929442555162191,-0.00035000444619510257,0.0005294553004205225,-0.032645760596685135,0.032645760596685135,WINNER_LOW,0.5185185185185185,0.7350752930588657,False,0.8557118175189259
macd_pct__w72__delta,macd_pct,108,-0.004406861528103171,-0.004700518371478042,0.00029365684337487124,0.0009506437927484514,0.03254707675469063,0.03254707675469063,WINNER_HIGH,0.5648148148148148,0.7358457450964949,True,0.8558017366854667
macd_hist_pct__w240__late_vs_prev,macd_hist_pct,108,-0.00018528097179013357,-0.00015178085466358325,-3.350011712655035e-05,-0.00011425869088270702,-0.032522262028827735,0.032522262028827735,WINNER_LOW,0.5370370370370371,0.7360395229562781,True,0.8558017366854667
close_vs_ema168__w72__late_vs_prev,close_vs_ema168,108,-0.0046988250519967144,-0.005237487376723073,0.0005386623247263571,0.0007631313157617117,0.03249487943211638,0.03249487943211638,WINNER_HIGH,0.5277777777777778,0.7362533730490298,True,0.8558017366854667
ema24_slope_6h__w72__accel,ema24_slope_6h,108,-0.0033498613001601944,-0.003684575164947159,0.000334713864786964,0.00032166833989322186,0.032479158496866986,0.032479158496866986,WINNER_HIGH,0.5277777777777778,0.7363761583318756,True,0.8558017366854667
ema24_slope_6h__w240__accel,ema24_slope_6h,108,-0.0033498613001601944,-0.003684575164947159,0.000334713864786964,0.00032166833989322186,0.032479158496866986,0.032479158496866986,WINNER_HIGH,0.5277777777777778,0.7363761583318756,True,0.8558017366854667
avg_trade_quote_rel24__w240__mean,avg_trade_quote_rel24,108,1.0301388204097748,1.029557114839554,0.0005817055702209355,-0.0017426967620849387,0.03243946975420314,0.03243946975420314,WINNER_HIGH,0.5555555555555556,0.7366861698438157,False,0.8558775866923002
mfi14__w24__max,mfi14,108,69.66818065996523,69.21206034201163,0.4561203179536035,2.9037769317626925,0.03207259221104665,0.03207259221104665,WINNER_HIGH,0.5925925925925926,0.7395539275450956,False,0.8589239736383923
volume_rel24__w24__q90,volume_rel24,108,2.624749000977587,2.658619005260644,-0.03387000428305732,-0.14122123718261714,-0.03194770825379282,0.03194770825379282,WINNER_LOW,0.5740740740740741,0.7405309439177404,False,0.8597731443825825
rsi24__w24__q25,rsi24,108,47.11985579243413,47.36589461432563,-0.24603882189150225,-0.47996292114257955,-0.031845677595971025,0.031845677595971025,WINNER_LOW,0.5277777777777778,0.7413294851406297,False,0.8604146065505416
rsi6__w24__q25,rsi6,108,37.949348025851776,38.24448000236794,-0.29513197651615863,0.055789470672605646,-0.03181173475408764,0.03181173475408764,WINNER_LOW,0.5,0.7415952009047917,False,0.8604374311758649
obv_delta__w24__mean,obv_delta,108,-300.93915108618916,-285.8322715577152,-15.10687952847393,-38.78316822052002,-0.031741593199509234,0.031741593199509234,WINNER_LOW,0.5370370370370371,0.7421443911002944,False,0.8607890333922817
bb_width__w72__delta,bb_width,108,0.0011372397097551988,0.002282238140388573,-0.0011449984306333748,0.0034622551233042032,-0.03161272775003398,0.03161272775003398,WINNER_LOW,0.5555555555555556,0.7431537210616882,True,0.8614922559292489
bb_width__w72__diff_mean,bb_width,108,1.296507265477784e-05,2.868934700893954e-05,-1.5724274354161704e-05,4.805779972230084e-05,-0.03160128205548914,0.03160128205548914,WINNER_LOW,0.5740740740740741,0.7432433903741905,True,0.8614922559292489
macd_fast_hist_pct__w72__mean,macd_fast_hist_pct,108,-0.00015386604228292863,-0.00016334855157190808,9.482509288979467e-06,2.471864196422757e-05,0.03153525583638756,0.03153525583638756,WINNER_HIGH,0.5277777777777778,0.7437607302783419,False,0.8618062537386884
mfi14__w24__q10,mfi14,108,33.52500090775666,33.149502287970655,0.37549861978601523,-0.2923095703125007,0.03144742274908345,0.03144742274908345,WINNER_HIGH,0.5277777777777778,0.7444491168800633,False,0.8623181721528921
quote_volume_rel24__w72__q90,quote_volume_rel24,108,2.5937352853792683,2.574929398298263,0.018805887081004953,0.030198860168457076,0.03135944286324783,0.03135944286324783,WINNER_HIGH,0.5092592592592593,0.745138861621569,False,0.8628313242021942
close_vs_sma240__w240__pos,close_vs_sma240,108,0.3406854859829225,0.34994199631274325,-0.009256510329820836,-0.01157078226096928,-0.03129442792509641,0.03129442792509641,WINNER_LOW,0.5092592592592593,0.7456486989643375,True,0.8628459284454894
bb_width__w72__q25,bb_width,108,0.02047166987149804,0.020168368700305344,0.0003033011711926925,-0.000309401238337159,0.03126702094694145,0.03126702094694145,WINNER_HIGH,0.5185185185185185,0.7458636542182279,False,0.8628459284454894
avg_trade_quote_rel72__d6,avg_trade_quote_rel72,108,0.10557670610513822,0.09419711611731649,0.011379589987821726,0.002765072882175451,0.031263446485256495,0.031263446485256495,WINNER_HIGH,0.5,0.7458916905034928,True,0.8628459284454894
quote_volume_rel24__w24__q90,quote_volume_rel24,108,2.6063034208836378,2.6385727530276344,-0.0322693321439955,-0.13669921159744258,-0.031191167065801204,0.031191167065801204,WINNER_LOW,0.5648148148148148,0.746458687187956,False,0.8632162794630562
close_vs_ema24__w24__mean,close_vs_ema24,108,-0.001694823715061594,-0.001405730511787287,-0.00028909320327430665,8.057510276557878e-05,-0.03113004850561098,0.03113004850561098,WINNER_LOW,0.5,0.7469382410409744,False,0.863351523853956
taker_share__w240__diff_mean,taker_share,108,-0.000159852298855446,-0.0001709851394023358,1.1132840546889818e-05,1.970522025658283e-05,0.03111333395445207,0.03111333395445207,WINNER_HIGH,0.5185185185185185,0.7470694055424852,True,0.863351523853956
upper_wick__w240__q10,upper_wick,108,0.026635981893546327,0.027029566223198482,-0.00039358432965215176,-0.00036835493519902195,-0.031048188011497883,0.031048188011497883,WINNER_LOW,0.5092592592592593,0.7475806977440901,False,0.8634973059389852
quote_volume_rel240__w240__diff_std,quote_volume_rel240,108,1.1655397630400128,1.1781593163808186,-0.012619553340805915,0.031104260683059715,-0.031034339253609832,0.031034339253609832,WINNER_LOW,0.5370370370370371,0.747689403026379,True,0.8634973059389852
lower_wick__w240__q25,lower_wick,108,0.111517616616631,0.1110335681863405,0.0004840484302904863,-0.00037607476115227023,0.030612133548765023,0.030612133548765023,WINNER_HIGH,0.5092592592592593,0.7510059227130649,False,0.867041172574311
rsi6__w72__diff_mean,rsi6,108,-0.35205083388481634,-0.344310088595591,-0.007740745289225343,-0.0036258980631828364,-0.030516113246302184,0.030516113246302184,WINNER_LOW,0.5185185185185185,0.7517608376364864,True,0.8674358000356704
rebound_low240__w24__q25,rebound_low240,108,0.0848500320528358,0.0871423230127052,-0.002292290959869408,-0.013895312417298558,-0.03050555770103951,0.03050555770103951,WINNER_LOW,0.5833333333333334,0.7518438404083835,False,0.8674358000356704
atr72_pct__w72__diff_mean,atr72_pct,108,5.9367637929965525e-06,7.354639491868257e-06,-1.417875698871706e-06,-1.5879491911618967e-06,-0.030395878528969023,0.030395878528969023,WINNER_LOW,0.5185185185185185,0.7527064667892632,True,0.8679941895008049
bb_width__w240__z,bb_width,108,0.10541743099586004,0.07936455638328982,0.026052874612570227,-0.06108533777296541,0.03035618612717145,0.03035618612717145,WINNER_HIGH,0.5555555555555556,0.7530187246675893,True,0.8679941895008049
macd_signal_pct__w24__mean,macd_signal_pct,108,0.00022967516364318457,0.00037973330711254144,-0.0001500581434693569,2.3648668502573828e-05,-0.0303493569180969,0.0303493569180969,WINNER_LOW,0.5092592592592593,0.7530724538019565,False,0.8679941895008049
trades_rel240__w240__late_vs_prev,trades_rel240,108,0.014085563881693545,0.02968547054290496,-0.015599906661211414,-0.02861377522349358,-0.030235941579301737,0.030235941579301737,WINNER_LOW,0.5555555555555556,0.7539649316281193,True,0.8684773060593174
atr72_pct__w72__delta,atr72_pct,108,0.0004380311797326107,0.0005387171704628431,-0.00010068599073023235,-0.000111044678487815,-0.030191190199099497,0.030191190199099497,WINNER_LOW,0.5092592592592593,0.7543171769679168,True,0.8684773060593174
ema_gap_72_168__w240__q75,ema_gap_72_168,108,0.012401052491003173,0.012891115745717094,-0.0004900632547139174,-0.0003977382555603974,-0.03017166713388451,0.03017166713388451,WINNER_LOW,0.5370370370370371,0.7544708624102399,False,0.8684773060593174
quote_volume_rel240__w72__min,quote_volume_rel240,108,0.34898897357009073,0.3449616276831538,0.004027345886936892,-0.012919479608535761,0.030169870869052085,0.030169870869052085,WINNER_HIGH,0.5185185185185185,0.7544850030907081,False,0.8684773060593174
close_vs_ema6__w72__mean,close_vs_ema6,108,-0.00024901265335638864,-0.00029583888529369115,4.682623193730242e-05,7.546190754510469e-05,0.03012310949413121,0.03012310949413121,WINNER_HIGH,0.5277777777777778,0.7548531505797615,False,0.8684836028848942
close_vs_sma168__w240__q75,close_vs_sma168,108,0.030633414033757248,0.031629245737847804,-0.0009958317040905556,-0.002915281057357789,-0.030106087690471937,0.030106087690471937,WINNER_LOW,0.5185185185185185,0.7549871755133195,False,0.8684836028848942
mfi14__w240__delta,mfi14,107,-14.297247012502678,-13.580586632720637,-0.7166603797820409,-0.4361224055290222,-0.030084163367860264,0.030084163367860264,WINNER_LOW,0.514018691588785,0.7562650684420786,True,0.8688204924787045
macd_signal_pct__w24__delta,macd_signal_pct,108,-0.0021973789792826682,-0.001999691987516093,-0.0001976869917665748,-0.00026270656962879,-0.030006393722302484,0.030006393722302484,WINNER_LOW,0.5462962962962963,0.7557722880880499,True,0.8688204924787045
lower_wick__w24__delta,lower_wick,108,-0.022716315144121094,-0.031056389939988514,0.008340074795867422,0.006880963593721388,0.02994856483409634,0.02994856483409634,WINNER_HIGH,0.5092592592592593,0.7562278209667743,True,0.8688204924787045
rsi24__w72__q10,rsi24,108,42.36767440372043,42.573250618687375,-0.20557621496695036,0.14233665466308665,-0.02992442974255023,0.02992442974255023,WINNER_LOW,0.5185185185185185,0.7564179646533975,False,0.8688204924787045
close_vs_sma24__w72__pos,close_vs_sma24,108,0.20492124714440219,0.19976672025901882,0.005154526885383314,-0.02391520775854588,0.029895477936427148,0.029895477936427148,WINNER_HIGH,0.6111111111111112,0.7566460756328324,True,0.8688204924787045
dist_high240__w240__up_share,dist_high240,108,0.5026234518046733,0.5033101819179676,-0.0006867301132943878,0.0004166841506957897,-0.02983600090294196,0.02983600090294196,WINNER_LOW,0.5,0.7571147620061155,True,0.8688204924787045
macd_fast_hist_pct__w240__mean,macd_fast_hist_pct,108,-4.099057547395862e-05,-4.371571330517842e-05,2.725137831219817e-06,1.567367016832577e-05,0.02982602396366002,0.02982602396366002,WINNER_HIGH,0.5740740740740741,0.7571933903975612,False,0.8688204924787045
ema_gap_24_72__w24__q90,ema_gap_24_72,108,0.005066418606373999,0.004692034999714923,0.0003743836066590761,-0.0007135806605219844,0.029816605691318734,0.029816605691318734,WINNER_HIGH,0.5462962962962963,0.7572676182656823,False,0.8688204924787045
close_location__w72__up_share,close_location,108,0.49639917965288516,0.49537037097745473,0.0010288086754304388,0.0013888895511627308,0.029746959731849865,0.029746959731849865,WINNER_HIGH,0.5,0.7578165867149008,True,0.8690008889754063
obv_delta__w72__pos,obv_delta,108,0.3411306858028251,0.33575634433805973,0.005374341464765297,0.015923243761062633,0.029733607025297842,0.029733607025297842,WINNER_HIGH,0.5092592592592593,0.7579218505504687,True,0.8690008889754063
rebound_low240__w24__min,rebound_low240,108,0.06988739326334326,0.07195567592236869,-0.0020682826590254326,-0.012459064589347691,-0.029613102540012787,0.029613102540012787,WINNER_LOW,0.5833333333333334,0.7588720332440614,False,0.869805145937228
range_pct__w240__min,range_pct,108,0.0015125951042002136,0.001493399167709329,1.9195936490885112e-05,-6.345805013552286e-06,0.029558683851485683,0.029558683851485683,WINNER_HIGH,0.5,0.7593012479288603,False,0.8699786900180623
obv_delta__w72__diff_std,obv_delta,108,2857.0322389955872,2813.686145923757,43.34609307183156,-48.03996582031243,0.029512578346211512,0.029512578346211512,WINNER_HIGH,0.5277777777777778,0.7596649531759758,True,0.8699786900180623
bb_z__w72__q75,bb_z,108,0.8736311761765845,0.858449570437962,0.015181605738622175,0.15175362825393673,0.029499291173379818,0.029499291173379818,WINNER_HIGH,0.6018518518518519,0.7597697796154309,False,0.8699786900180623
ema_gap_24_72__w240__q90,ema_gap_24_72,108,0.016217595433031588,0.0158854621146424,0.00033213331838918814,-0.0004921470419503755,0.028926084123055352,0.028926084123055352,WINNER_HIGH,0.5462962962962963,0.7642962160696058,False,0.8746092927022809
atr6_pct__w240__pos,atr6_pct,108,0.3870656625022767,0.39246298922107264,-0.005397326718795937,-0.020883131027221696,-0.028923836254493043,0.028923836254493043,WINNER_LOW,0.5370370370370371,0.764313982984893,True,0.8746092927022809
stoch_d__w24__delta,stoch_d,108,-26.55723375192395,-25.795377774481427,-0.7618559774425291,-4.283848428726197,-0.02875221712103939,0.02875221712103939,WINNER_LOW,0.5648148148148148,0.7656708132911618,True,0.8758753137321534
trades_rel72__w72__accel,trades_rel72,108,0.9530060983228462,1.0203891888433307,-0.06738309052048456,-0.14829144924879073,-0.028686415427906446,0.028686415427906446,WINNER_LOW,0.5092592592592593,0.7661912387638986,True,0.8758976011629138
trades_rel72__w240__accel,trades_rel72,108,0.9530060983228462,1.0203891888433307,-0.06738309052048456,-0.14829144924879073,-0.028686415427906446,0.028686415427906446,WINNER_LOW,0.5092592592592593,0.7661912387638986,True,0.8758976011629138
avg_trade_quote_rel72__w240__pos,avg_trade_quote_rel72,108,0.4256040159336947,0.4309809834334172,-0.00537696749972248,-0.014090666174888578,-0.028609582563268357,0.028609582563268357,WINNER_LOW,0.5462962962962963,0.7667990451578797,True,0.8761467273501949
avg_trade_quote_rel240__w24__z,avg_trade_quote_rel240,108,0.3511794480598635,0.37977153625666954,-0.028592088196806035,0.042072112858295485,-0.028577128820639005,0.028577128820639005,WINNER_LOW,0.5277777777777778,0.767055822685944,True,0.8761467273501949
bb_width__w72__q10,bb_width,108,0.015449301533711454,0.015665681146223236,-0.00021637961251178272,-0.000734263472259045,-0.028497699653798284,0.028497699653798284,WINNER_LOW,0.5462962962962963,0.7676843842396742,False,0.8761467273501949
quote_volume_rel72__w72__accel,quote_volume_rel72,108,1.16195801400614,1.2564359289481888,-0.09447791494204906,-0.017564332485198952,-0.028444184874982865,0.028444184874982865,WINNER_LOW,0.5277777777777778,0.7681079600736007,True,0.8761467273501949
quote_volume_rel72__w240__accel,quote_volume_rel72,108,1.16195801400614,1.2564359289481888,-0.09447791494204906,-0.017564332485198952,-0.028444184874982865,0.028444184874982865,WINNER_LOW,0.5277777777777778,0.7681079600736007,True,0.8761467273501949
avg_trade_quote_rel72__w24__accel,avg_trade_quote_rel72,108,0.12046644110900902,0.10166624033461427,0.018800200774394725,-0.03547381535172463,0.028422047300729184,0.028422047300729184,WINNER_HIGH,0.5277777777777778,0.7682832021476136,True,0.8761467273501949
stoch_d__d1,stoch_d,108,-6.558675850569098,-6.364444318089496,-0.19423153247960195,-0.07575907707214302,-0.028405598525491498,0.028405598525491498,WINNER_LOW,0.5,0.7684134192000478,True,0.8761467273501949
stoch_k__d3,stoch_k,108,-19.67602744008656,-19.0933330565622,-0.5826943835243578,-0.2272772192955017,-0.028405588200665362,0.028405588200665362,WINNER_LOW,0.5,0.7684135009388184,True,0.8761467273501949
rsi24__w24__late_vs_prev,rsi24,108,-3.9226922378357916,-4.028185791537787,0.10549355370199519,0.12130590081214909,0.028339306234619596,0.028339306234619596,WINNER_HIGH,0.5092592592592593,0.7689382905637049,True,0.8764593227187992
ema6_slope_3h__w240__up_share,ema6_slope_3h,108,0.4930169720340658,0.49370369894636995,-0.0006867269123042087,-0.002916663885116577,-0.028166268532640825,0.028166268532640825,WINNER_LOW,0.5555555555555556,0.7703088277117639,True,0.8775433845099003
rsi14__w24__max,rsi14,108,61.90529643164741,61.650834111814156,0.25446231983326156,0.20823593139648722,0.028155865597806563,0.028155865597806563,WINNER_HIGH,0.5185185185185185,0.7703912469103213,False,0.8775433845099003
quote_volume_rel72__w72__std,quote_volume_rel72,108,1.2164369305526768,1.233437817240203,-0.01700088668752601,-0.12451397180557255,-0.02810405806656558,0.02810405806656558,WINNER_LOW,0.5740740740740741,0.7708017409123049,False,0.877725069348854
atr6_pct__w240__late_vs_prev,atr6_pct,108,4.3147717473470106e-05,0.00012488860332235128,-8.17408858488812e-05,7.720652010902992e-05,-0.027975913400500364,0.027975913400500364,WINNER_LOW,0.5,0.7718173672729156,True,0.8785954861176387
dist_high72__w72__z,dist_high72,108,-1.2725197836342785,-1.3085879732483858,0.036068189614107495,0.0828789159655571,0.027830650536351444,0.027830650536351444,WINNER_HIGH,0.5277777777777778,0.7729691456223935,True,0.8794891912085678
rsi14__w24__min,rsi14,108,34.315398701915036,34.16093050109016,0.15446820082487878,0.9369442939758308,0.027813463453074217,0.027813463453074217,WINNER_HIGH,0.5555555555555556,0.7731054543251752,False,0.8794891912085678
quote_volume_rel24__w240__delta,quote_volume_rel24,108,0.9338138587193464,0.8845606236127895,0.04925323510655691,-0.11716458648443223,0.027779529004959502,0.027779529004959502,WINNER_HIGH,0.5555555555555556,0.7733746052139511,True,0.8795092664823373
macd_fast_hist_pct__w240__up_share,macd_fast_hist_pct,108,0.49143518452291135,0.4921913578554436,-0.0007561733325322506,-0.0016666501760482788,-0.027618587294850987,0.027618587294850987,WINNER_LOW,0.5185185185185185,0.7746514893574813,True,0.8806749864379428
mfi14__w24__late_vs_prev,mfi14,107,-5.724894689953077,-6.050685751250136,0.3257910612970591,0.4620956778526306,0.027527846589180345,0.027527846589180345,WINNER_HIGH,0.514018691588785,0.7763910535783197,True,0.8817156535362758
macd_pct__w240__diff_mean,macd_pct,108,-1.6510588310923055e-05,-1.7573211108630932e-05,1.0626227977078767e-06,3.473936021691769e-06,0.027492401101090125,0.027492401101090125,WINNER_HIGH,0.5925925925925926,0.7756530618041697,True,0.8813091122566581
ema72_slope_12h__w24__mean,ema72_slope_12h,108,0.0007787207429862099,0.0009579366179574815,-0.00017921587497127155,-0.00047284900210797787,-0.027484811980263583,0.027484811980263583,WINNER_LOW,0.5185185185185185,0.7757133107023145,False,0.8813091122566581
dist_high24__w24__up_share,dist_high24,108,0.45640432365514616,0.4540123476474373,0.002391976007708799,-2.980232227667301e-09,0.027349214053382764,0.027349214053382764,WINNER_HIGH,0.5,0.7767900328236088,True,0.8817156535362758
stoch_d__w240__delta,stoch_d,108,-24.327928463617962,-23.453718643083622,-0.8742098205343442,0.11904644966125555,-0.02734449078150414,0.02734449078150414,WINNER_LOW,0.5,0.7768275460524066,True,0.8817156535362758
taker_share__w72__late_vs_prev,taker_share,108,-0.004925263620626302,-0.004285033685085148,-0.000640229935541154,0.00019954932795371912,-0.027261244843707053,0.027261244843707053,WINNER_LOW,0.5,0.7774887895205366,True,0.8821798497577276
taker_share__w72__pos,taker_share,108,0.35723487374208934,0.36214407791849224,-0.0049092041764028935,-0.00044513344764711416,-0.0271910513855186,0.0271910513855186,WINNER_LOW,0.5,0.7780464809111889,True,0.882526287300171
close_vs_ema240__w240__q75,close_vs_ema240,108,0.03082305415200945,0.03184955553089686,-0.0010265013788874195,-0.0046222740784287435,-0.02707896588641224,0.02707896588641224,WINNER_LOW,0.5370370370370371,0.7789372474752748,False,0.883250179773358
close_location__d1,close_location,108,-0.15688841092102207,-0.16507997247670708,0.008191561555684998,0.0032230416312813703,0.026952042749107577,0.026952042749107577,WINNER_HIGH,0.5,0.7799462873678474,True,0.8838698740821387
close_vs_ema72__w240__diff_mean,close_vs_ema72,108,-8.881488847965489e-05,-8.500901148627909e-05,-3.8058769933757973e-06,9.06864916032646e-06,-0.026946638831574953,0.026946638831574953,WINNER_LOW,0.5462962962962963,0.779989256910918,True,0.8838698740821387
close_location__w240__std,close_location,108,0.2983740013506677,0.298677782162472,-0.00030378081180431243,0.0008538931608200184,-0.026888229783053406,0.026888229783053406,WINNER_LOW,0.5277777777777778,0.7804537430964298,False,0.8841097310036329
trades_rel240__w24__max,trades_rel240,108,3.7254983843476683,3.6625217803098535,0.0629766040378147,-0.2130067825317381,0.02676128135948686,0.02676128135948686,WINNER_HIGH,0.6388888888888888,0.7814635486934707,False,0.884966978556045
taker_share__w240__z,taker_share,108,-0.6442023618836645,-0.6232382249664861,-0.02096413691717854,0.009165650606155373,-0.026728100169129423,0.026728100169129423,WINNER_LOW,0.5,0.781727548678981,True,0.8849793582811254
obv_delta__w240__max,obv_delta,108,7803.461979618779,7886.355350296585,-82.89337067780662,-381.7291259765625,-0.026568968051651265,0.026568968051651265,WINNER_LOW,0.5648148148148148,0.7829940078152986,False,0.886126228262168
macd_fast_hist_pct__w240__pos,macd_fast_hist_pct,108,0.3334329921959175,0.33715571024524116,-0.003722718049323668,0.001215409860014921,-0.026476943265010124,0.026476943265010124,WINNER_LOW,0.5,0.7837266571054117,True,0.8866684308953816
lower_wick__w240__mean,lower_wick,108,0.2870057123126807,0.2865710357549014,0.0004346765577793128,-0.0005740091204643194,0.026370707691052698,0.026370707691052698,WINNER_HIGH,0.5277777777777778,0.7845726864564768,False,0.8872301459923979
upper_wick__w240__diff_mean,upper_wick,108,-0.0003829870486504574,-0.00035102229044431014,-3.1964758206147194e-05,8.97433264981374e-06,-0.0263494814555155,0.0263494814555155,WINNER_LOW,0.5092592592592593,0.784741757032822,True,0.8872301459923979
macd_hist_pct__w240__q25,macd_hist_pct,108,-0.0010973984508719124,-0.0011065575989454776,9.159148073565485e-06,5.879366071894767e-05,0.026319034180993784,0.026319034180993784,WINNER_HIGH,0.5925925925925926,0.7849842927367684,False,0.8872301459923979
adx14__w24__pos,adx14,108,0.5299898857030914,0.5201834223819553,0.009806463321136251,0.0,0.026237151531474986,0.026237151531474986,WINNER_HIGH,0.49074074074074076,0.7856366553031242,True,0.8876805762827222
rsi14__w24__diff_std,rsi14,108,4.805229277522476,4.8325124268178605,-0.02728314929538304,-0.22555177211761457,-0.02608109129752432,0.02608109129752432,WINNER_LOW,0.5833333333333334,0.7868804163109918,True,0.8887987131264659
avg_trade_quote_rel240__w72__max,avg_trade_quote_rel240,108,1.7528994922284726,1.7615176333321463,-0.008618141103673864,-0.03371331691741941,-0.025941861149257228,0.025941861149257228,WINNER_LOW,0.5555555555555556,0.7879905114104699,False,0.8897651980634206
quote_volume_rel24__w24__delta,quote_volume_rel24,108,0.7972659257551035,0.8490267854582741,-0.05176085970317085,-0.19537026035832236,-0.025905661266453044,0.025905661266453044,WINNER_LOW,0.5277777777777778,0.7882792081356956,True,0.8898038705134047
ema72_slope_12h__w72__late_vs_prev,ema72_slope_12h,108,-0.000571117467289797,-0.00043987307781208075,-0.00013124438947771614,-6.745468272129074e-05,-0.025806131820829595,0.025806131820829595,WINNER_LOW,0.5092592592592593,0.7890731146885134,True,0.8904126111861024
ema_gap_6_24__w24__mean,ema_gap_6_24,108,-0.0005104080295142113,-0.0003268904575086843,-0.00018351757200552708,-0.00020745049696415654,-0.025724563916136815,0.025724563916136815,WINNER_LOW,0.5185185185185185,0.7897239148973494,False,0.8908595259342035
ema_gap_6_24__w240__diff_mean,ema_gap_6_24,108,-3.295522884943441e-05,-3.1652229242793186e-05,-1.3029996066412288e-06,8.910995029509648e-06,-0.025417434562119236,0.025417434562119236,WINNER_LOW,0.5648148148148148,0.7921757178075389,True,0.8929742263127347
trades_rel72__w24__max,trades_rel72,108,3.6389796711780407,3.694299964993089,-0.05532029381504761,-0.45655968189239493,-0.02539042934354013,0.02539042934354013,WINNER_LOW,0.6481481481481481,0.79239139963488,False,0.8929742263127347
avg_trade_quote_rel24__w72__min,avg_trade_quote_rel24,108,0.5661582105137684,0.5685868690963145,-0.0024286585825460893,0.0005087375640869252,-0.02538770581281687,0.02538770581281687,WINNER_LOW,0.5,0.7924131524765031,False,0.8929742263127347
macd_pct__w240__delta,macd_pct,108,-0.003947681412143909,-0.004183892200833523,0.00023621078868961426,0.0009056676062755288,0.02536181388148083,0.02536181388148083,WINNER_HIGH,0.5925925925925926,0.7926199595295191,True,0.8929742263127347
close_vs_ema12__w72__pos,close_vs_ema12,108,0.21004560524037247,0.21431030381677874,-0.004264698576406336,-0.026029396057128895,-0.02530476133429091,0.02530476133429091,WINNER_LOW,0.5925925925925926,0.7930757084839146,True,0.8931999203118355
rsi24__d1,rsi24,108,-3.1376156941470175,-3.1734545087622896,0.035838814615272024,0.04709638357162471,0.025210058028645708,0.025210058028645708,WINNER_HIGH,0.5370370370370371,0.793832378592491,True,0.8935453868988494
avg_trade_quote_rel240__w72__late_vs_prev,avg_trade_quote_rel240,108,0.004356198330815123,-0.0008337533938983039,0.005189951724713428,0.010838728770613669,0.025202411148094604,0.025202411148094604,WINNER_HIGH,0.5185185185185185,0.7938934850142193,True,0.8935453868988494
volume_rel24__w24__std,volume_rel24,108,1.0617996229341737,1.0453198591868083,0.016479763747365397,-0.06728269457817077,0.025166365882275835,0.025166365882275835,WINNER_HIGH,0.5740740740740741,0.7941815409430443,False,0.8935819976440882
rsi6__w72__q10,rsi6,108,29.469524515999687,29.290927528451984,0.17859698754769776,0.2449907302856449,0.025048298415336716,0.025048298415336716,WINNER_HIGH,0.5277777777777778,0.7951252768568131,False,0.8943560930100597
close_vs_vwap24__w24__q25,close_vs_vwap24,108,-0.0067759582916888,-0.006536852613832404,-0.00023910567785639643,-0.00017006205453071763,-0.024976463203454573,0.024976463203454573,WINNER_LOW,0.5,0.7956996183692205,False,0.8947143297225608
ema168_slope_24h__w240__q90,ema168_slope_24h,108,0.011052855758828594,0.010830147078033606,0.00022270868079498596,-5.538733676075953e-05,0.024898253630493795,0.024898253630493795,WINNER_HIGH,0.5092592592592593,0.7963250522315466,False,0.8951297678089741
avg_trade_quote_rel72__w72__diff_std,avg_trade_quote_rel72,108,0.2547066143403451,0.2560810146232446,-0.0013744002828995406,-0.0031227707862854087,-0.024854575728149215,0.024854575728149215,WINNER_LOW,0.5092592592592593,0.7966743976675981,True,0.8951423403111587
avg_trade_quote_rel24__w24__q10,avg_trade_quote_rel24,108,0.7676685256538568,0.7648947631871258,0.002773762466730892,0.004266613721847556,0.024813755503600446,0.024813755503600446,WINNER_HIGH,0.5185185185185185,0.7970009241233802,False,0.8951423403111587
avg_trade_quote_rel240__w72__pos,avg_trade_quote_rel240,108,0.47304142730448534,0.4788098236765816,-0.0057683963720962725,-0.019094963371753704,-0.02476855240312635,0.02476855240312635,WINNER_LOW,0.5462962962962963,0.7973625518340957,True,0.8951423403111587
upper_wick__w72__diff_std,upper_wick,108,0.294813167579748,0.2939491064184242,0.0008640611613238322,-0.0011995553970336748,0.02476366720638812,0.02476366720638812,WINNER_HIGH,0.5092592592592593,0.7974016363647097,True,0.8951423403111587
ema6_slope_3h__w24__mean,ema6_slope_3h,108,-0.0010140384968727394,-0.0009415758977781847,-7.246259909455456e-05,-2.4480991851305605e-05,-0.024736861327938474,0.024736861327938474,WINNER_LOW,0.5092592592592593,0.7976161087816902,False,0.8951423403111587
volume_rel240__w24__up_share,volume_rel240,108,0.4857253095618001,0.4877314847928506,-0.0020061752310505604,5.960464455334602e-09,-0.02468889616680505,0.02468889616680505,WINNER_LOW,0.5092592592592593,0.7979999141567967,True,0.895181819425035
close_location__w240__max,close_location,108,0.9998191225307959,0.9997871760968808,3.194643391503845e-05,0.0,0.024668484546656117,0.024668484546656117,WINNER_HIGH,0.1574074074074074,0.7981632579260107,False,0.895181819425035
quote_volume_rel24__w72__q25,quote_volume_rel24,108,0.6818615231249068,0.6842929481356231,-0.002431425010716471,0.005120027065277144,-0.024580175234166095,0.024580175234166095,WINNER_LOW,0.5185185185185185,0.7988700553989397,False,0.8955047927499988
rebound_low72__w24__pos,rebound_low72,108,0.13533003449319275,0.13880121072423512,-0.0034711762310423565,-0.007456817850470537,-0.024568516068871622,0.024568516068871622,WINNER_LOW,0.6203703703703703,0.7989633838661699,True,0.8955047927499988
atr72_pct__w24__pos,atr72_pct,108,0.6314006566479091,0.6221441407455132,0.009256515902395925,0.019282089592888952,0.0244740700077433,0.0244740700077433,WINNER_HIGH,0.5462962962962963,0.799719506303403,True,0.8960650796356938
avg_trade_quote_rel240__w240__q10,avg_trade_quote_rel240,108,0.697955760690901,0.6963499993085861,0.0016057613823148955,-0.008191311359405484,0.024441795478008177,0.024441795478008177,WINNER_HIGH,0.5648148148148148,0.7999779355298073,False,0.8960675338077311
macd_pct__w240__q75,macd_pct,108,0.003916653839917638,0.0038416151937654933,7.503864615214467e-05,-0.00042010937759187064,0.02423175293163965,0.02423175293163965,WINNER_HIGH,0.5370370370370371,0.8016603335816661,False,0.8976644849616031
close_vs_ema72__w240__delta,close_vs_ema72,108,-0.021000300752348267,-0.020174782917591207,-0.0008255178347570584,0.0016190017224289484,-0.02408641579263147,0.02408641579263147,WINNER_LOW,0.5277777777777778,0.8028250011687997,True,0.898264867639659
mfi14__w72__accel,mfi14,108,-13.807687628048438,-12.782610562360947,-1.025077065687488,-1.345706702768802,-0.024061910645504482,0.024061910645504482,WINNER_LOW,0.5185185185185185,0.8030214184227218,True,0.898264867639659
mfi14__w240__accel,mfi14,108,-13.807687628048438,-12.782610562360947,-1.025077065687488,-1.345706702768802,-0.024061910645504482,0.024061910645504482,WINNER_LOW,0.5185185185185185,0.8030214184227218,True,0.898264867639659
rebound_low240__w24__mean,rebound_low240,108,0.09137033748750885,0.09320191592323007,-0.0018315784357212214,-0.012497024424374108,-0.024036641181888623,0.024036641181888623,WINNER_LOW,0.5833333333333334,0.8032239751527633,False,0.898264867639659
ema_gap_6_24__w72__delta,ema_gap_6_24,108,-0.008739357667477802,-0.008443838711442638,-0.0002955189560351652,0.0018158010672777885,-0.023933325289043496,0.023933325289043496,WINNER_LOW,0.5648148148148148,0.8040522811929031,True,0.8989037171776157
macd_hist_pct__w24__mean,macd_hist_pct,108,-0.0003509671872355587,-0.00032463588091639363,-2.6331306319165097e-05,-8.77290463336067e-05,-0.023845518883245237,0.023845518883245237,WINNER_LOW,0.5555555555555556,0.8047564197598118,False,0.8994033876318511
rsi14__w24__pos,rsi14,108,0.12984664692636147,0.13267763439971192,-0.0028309874733504687,-0.010218482837080944,-0.023783656839571718,0.023783656839571718,WINNER_LOW,0.5648148148148148,0.8052526013615634,True,0.8996703983902196
atr6_pct__w24__late_vs_prev,atr6_pct,108,0.0009112009578765773,0.0009794010991080776,-6.82001412315003e-05,-2.658076773514044e-05,-0.02367004196709349,0.02367004196709349,WINNER_LOW,0.5,0.8061640878660967,True,0.9002487712001066
atr72_pct__w240__min,atr72_pct,108,0.005176150406003688,0.005148268059430714,2.7882346572975303e-05,6.036190316081056e-05,0.023654954981423372,0.023654954981423372,WINNER_HIGH,0.5092592592592593,0.8062851448094749,False,0.9002487712001066
obv_delta__w24__accel,obv_delta,108,-1315.6042455214042,-1454.8006845478658,139.19643902646172,-350.44589843749986,0.02358079364913162,0.02358079364913162,WINNER_HIGH,0.5462962962962963,0.8068802786609527,True,0.9006257052273704
volume_rel72__w72__q25,volume_rel72,108,0.683590003185802,0.6787179908818667,0.004872012303935158,0.023326727747917164,0.023515151520932816,0.023515151520932816,WINNER_HIGH,0.5648148148148148,0.8074071417634564,False,0.9009262204042141
avg_trade_quote_rel72__w240__max,avg_trade_quote_rel72,108,2.0495787152537592,2.0419909938617993,0.007587721391960425,-0.004905629158020064,0.023468044363206004,0.023468044363206004,WINNER_HIGH,0.5092592592592593,0.8077852923461951,False,0.9010606594368882
ema168_slope_24h__w240__q75,ema168_slope_24h,108,0.007161384089461838,0.007363908536798487,-0.0002025244473366506,-0.0007059985538944605,-0.023318784259552777,0.023318784259552777,WINNER_LOW,0.5370370370370371,0.8089837714881047,False,0.9020961963807788
trades_rel24__w24__max,trades_rel24,108,3.5770616520334175,3.623718962625221,-0.04665731059180362,-0.44644491672515874,-0.023280569104146137,0.023280569104146137,WINNER_LOW,0.6018518518518519,0.8092906920317117,False,0.9020961963807788
ema168_slope_24h__w72__late_vs_prev,ema168_slope_24h,108,-0.00010612499520195545,-0.0001964588141512885,9.033381894933317e-05,-0.0002360803002375178,0.023193911300962766,0.023193911300962766,WINNER_HIGH,0.5277777777777778,0.8099867841781194,True,0.9020961963807788
taker_share__w72__delta,taker_share,108,-0.03365074283512378,-0.03567748408919821,0.0020267412540744293,0.011417356505990028,0.02317492755791464,0.02317492755791464,WINNER_HIGH,0.5555555555555556,0.8101392943917445,True,0.9020961963807788
stoch_d__w24__diff_mean,stoch_d,108,-1.0920298013629184,-1.0670099666738813,-0.02501983468903713,-0.1688248762860894,-0.02315973269069264,0.02315973269069264,WINNER_LOW,0.5555555555555556,0.8102613710781009,True,0.9020961963807788
stoch_d__d24,stoch_d,108,-26.208715140267653,-25.608239234652782,-0.6004759056148704,-4.051796704530715,-0.023159727772789556,0.023159727772789556,WINNER_LOW,0.5555555555555556,0.8102614105896557,True,0.9020961963807788
taker_share__w24__z,taker_share,108,-0.5716900407957534,-0.5542624598377626,-0.01742758095799082,0.08788351770490403,-0.02309793901428324,0.02309793901428324,WINNER_LOW,0.5185185185185185,0.8107578742334385,True,0.9022734074591023
atr72_pct__w24__z,atr72_pct,108,0.6595628844505107,0.6945890922754728,-0.035026207824962054,0.08196933101862663,-0.02300999863423336,0.02300999863423336,WINNER_LOW,0.5277777777777778,0.8114645954179338,True,0.9022734074591023
rsi14__w240__max,rsi14,108,78.8401598047327,78.67976978443286,0.1603900202998404,0.8533287048339844,0.023009751649991,0.023009751649991,WINNER_HIGH,0.5648148148148148,0.8114665804936895,False,0.9022734074591023
volume_rel24__w72__q25,volume_rel24,108,0.6816116908082256,0.6838957221419725,-0.002284031333746734,0.00881609320640564,-0.02297876046296135,0.02297876046296135,WINNER_LOW,0.5462962962962963,0.8117156743682392,False,0.9022734074591023
dist_high72__w72__diff_mean,dist_high72,108,-0.0002743984547119335,-0.0002617213327208442,-1.2677121991089276e-05,-2.254578294014209e-05,-0.02294947669153801,0.02294947669153801,WINNER_LOW,0.5185185185185185,0.8119510625282322,True,0.9022734074591023
upper_wick__w72__mean,upper_wick,108,0.2625703690228639,0.2631685412316411,-0.0005981722087771835,0.0017882421612739618,-0.02291646220627297,0.02291646220627297,WINNER_LOW,0.5185185185185185,0.8122164594976621,False,0.9022734074591023
cci20__w24__diff_std,cci20,108,55.67926449245877,56.136864040516045,-0.4575995480572732,-2.2454448699951186,-0.022902028264091476,0.022902028264091476,WINNER_LOW,0.5555555555555556,0.8123324980019241,True,0.9022734074591023
rsi6__w240__max,rsi6,108,90.4457427130805,90.54811351917408,-0.10237080609356897,0.08231506347656392,-0.022883098033902326,0.022883098033902326,WINNER_LOW,0.5092592592592593,0.8124846897594261,False,0.9022734074591023
upper_wick__w24__accel,upper_wick,108,-0.1044463857025322,-0.09150568470337292,-0.012940700999159302,0.06623803386464715,-0.022583135136885205,0.022583135136885205,WINNER_LOW,0.5370370370370371,0.8148972308744064,True,0.9046652750373966
close_vs_vwap240__w240__q90,close_vs_vwap240,108,0.05189042640160079,0.050992022359303994,0.0008984040422968029,0.0002014079025684616,0.022522641451822274,0.022522641451822274,WINNER_HIGH,0.5092592592592593,0.8153839859453567,False,0.9049183747543359
rsi24__d12,rsi24,108,-8.927669231400445,-9.063566680080084,0.1358974486796392,0.7512448906898497,0.02229386675067506,0.02229386675067506,WINNER_HIGH,0.5555555555555556,0.8172254455752628,True,0.9066742966931136
close_vs_ema240__w240__pos,close_vs_ema240,108,0.33953149708449254,0.33393215334077403,0.005599343743718541,0.010477549210190784,0.022154681424968025,0.022154681424968025,WINNER_HIGH,0.5277777777777778,0.8183462813757867,True,0.9076298591725741
atr14_pct__d6,atr14_pct,108,0.0009494089902849131,0.0009864562832768166,-3.704729299190349e-05,0.000157577174832113,-0.022066099199119376,0.022066099199119376,WINNER_LOW,0.5370370370370371,0.8190598152744833,True,0.9081332194086456
close_location__w240__diff_std,close_location,108,0.44685300605164635,0.44646456865248857,0.0003884373991577703,0.0017286568880081066,0.022029908537383354,0.022029908537383354,WINNER_HIGH,0.5092592592592593,0.8193513764798553,True,0.9081685462916177
close_vs_ema168__w72__q90,close_vs_ema168,108,0.025964518021089168,0.025170316468682827,0.0007942015524063378,-0.0033830446191132077,0.021997476561916716,0.021997476561916716,WINNER_HIGH,0.5370370370370371,0.819612678269956,False,0.9081703218979835
ema_gap_24_72__w72__q75,ema_gap_24_72,108,0.00713157387643285,0.0068671902409901285,0.0002643836354427214,-0.0021717374533182007,0.021958542576040102,0.021958542576040102,WINNER_HIGH,0.5648148148148148,0.8199263930556587,False,0.9082301541069492
rebound_low240__w72__q75,rebound_low240,108,0.10894325993851656,0.10724249249324201,0.001700767445274526,-0.0026549872010946246,0.021796187647173112,0.021796187647173112,WINNER_HIGH,0.5277777777777778,0.821234899846934,False,0.908796817704389
rsi6__w240__up_share,rsi6,108,0.5063657388091087,0.5069598751487555,-0.0005941363396467981,-0.0033333212137222346,-0.021766096285398356,0.021766096285398356,WINNER_LOW,0.5277777777777778,0.8214774780564981,True,0.908796817704389
rsi14__w240__up_share,rsi14,108,0.5063657388091087,0.5069598751487555,-0.0005941363396467981,-0.0033333212137222346,-0.021766096285398356,0.021766096285398356,WINNER_LOW,0.5277777777777778,0.8214774780564981,True,0.908796817704389
rsi24__w240__up_share,rsi24,108,0.5063657388091087,0.5069598751487555,-0.0005941363396467981,-0.0033333212137222346,-0.021766096285398356,0.021766096285398356,WINNER_LOW,0.5277777777777778,0.8214774780564981,True,0.908796817704389
stoch_d__w72__accel,stoch_d,108,-20.01328259761687,-18.774275529274234,-1.2390070683426353,-5.802470016479493,-0.021692743316852867,0.021692743316852867,WINNER_LOW,0.5277777777777778,0.8220688774507957,True,0.9088760241686478
stoch_d__w240__accel,stoch_d,108,-20.01328259761687,-18.774275529274234,-1.2390070683426353,-5.802470016479493,-0.021692743316852867,0.021692743316852867,WINNER_LOW,0.5277777777777778,0.8220688774507957,True,0.9088760241686478
rebound_low240__w24__q75,rebound_low240,108,0.09839567707644568,0.10007979783781425,-0.0016841207613685616,-0.012976350635290144,-0.02157222797222344,0.02157222797222344,WINNER_LOW,0.5833333333333334,0.823040740251913,False,0.9096393713015669
ema72_slope_12h__w240__q75,ema72_slope_12h,108,0.005067050635935394,0.005176676497271896,-0.00010962586133650303,-0.0001243549166247246,-0.021500669753289858,0.021500669753289858,WINNER_LOW,0.5,0.8236179321709172,False,0.9096393713015669
ema_gap_6_24__w240__delta,ema_gap_6_24,108,-0.007835758521078215,-0.007567276497219507,-0.000268482023858707,0.0019988036481663578,-0.021483356892427845,0.021483356892427845,WINNER_LOW,0.5740740740740741,0.8237575930608668,True,0.9096393713015669
bb_z__w24__q25,bb_z,108,-0.836948627623281,-0.821588375979034,-0.015360251644246821,-0.02960778810083866,-0.02147812532245913,0.02147812532245913,WINNER_LOW,0.5185185185185185,0.8237997966577245,False,0.9096393713015669
upper_wick__w72__up_share,upper_wick,108,0.49549897180663216,0.49645061945473706,-0.0009516476481049138,-0.0027777820825576893,-0.02143229669199166,0.02143229669199166,WINNER_LOW,0.5277777777777778,0.8241695228670876,True,0.9097603603113021
rsi24__w72__max,rsi24,108,64.25295571927671,64.08420195402924,0.16875376524748592,-0.770045471191402,0.021393620341296424,0.021393620341296424,WINNER_HIGH,0.5370370370370371,0.824481578269031,False,0.9098176330725154
mfi14__w240__min,mfi14,108,13.338497214847141,13.458305621147154,-0.119808406300015,-1.2071105957031252,-0.021344661991947754,0.021344661991947754,WINNER_LOW,0.5648148148148148,0.8248766330609282,False,0.909917892683846
close_vs_ema48__w24__mean,close_vs_ema48,108,-0.0009326402664387219,-0.0006084054848980924,-0.0003242347815406298,-0.0004305241629481314,-0.021317871102387285,0.021317871102387285,WINNER_LOW,0.5092592592592593,0.8250928332000217,False,0.909917892683846
ema168_slope_24h__d6,ema168_slope_24h,108,-0.000816368447279577,-0.0008471349073901096,3.07664601105326e-05,4.2649294482544054e-05,0.021130617943192532,0.021130617943192532,WINNER_HIGH,0.5092592592592593,0.8266043246048764,True,0.911297390650458
mfi14__w240__q75,mfi14,108,64.03990576002333,63.91434957716201,0.12555618286132866,-0.16862983703613565,0.02095158389913132,0.02095158389913132,WINNER_HIGH,0.5277777777777778,0.8280500815995138,False,0.9126035724404348
rsi14__w24__q10,rsi14,108,40.16210040339717,40.01324413087632,0.14885627252084227,1.1361240386962912,0.020892664982115623,0.020892664982115623,WINNER_HIGH,0.5462962962962963,0.8285260001334745,False,0.9128403977526025
macd_pct__d12,macd_pct,108,-0.003607895896021984,-0.003694591729964924,8.669583394294025e-05,0.00011840295046567934,0.02080586850408737,0.02080586850408737,WINNER_HIGH,0.5092592592592593,0.8292272163740674,True,0.9133252206803508
quote_volume_rel72__w72__q25,quote_volume_rel72,108,0.6859506081651758,0.6816457059096407,0.004304902255535126,0.018410083651542675,0.020693049243704322,0.020693049243704322,WINNER_HIGH,0.5370370370370371,0.8301388730952276,False,0.9138081071105071
bb_z__w24__std,bb_z,108,1.0916026505055252,1.0861853643699928,0.005417286135532249,-0.018302446603775002,0.020655898130537528,0.020655898130537528,WINNER_HIGH,0.5185185185185185,0.8304391302999513,False,0.9138081071105071
trades_rel24__d12,trades_rel24,108,0.7485221424377179,0.7196366324835388,0.02888550995417903,0.0022262841463089877,0.020576157895304575,0.020576157895304575,WINNER_HIGH,0.5,0.8310836797005335,True,0.9138081071105071
close_vs_vwap72__w24__pos,close_vs_vwap72,108,0.12334710235397021,0.12067183431893312,0.0026752680350370962,0.0,0.020536107906347682,0.020536107906347682,WINNER_HIGH,0.48148148148148145,0.8314074518244086,True,0.9138081071105071
stoch_k__w24__delta,stoch_k,108,-35.472780897109594,-34.87302129723959,-0.5997595998700022,-3.1201109409332286,-0.02049414931612517,0.02049414931612517,WINNER_LOW,0.5370370370370371,0.8317466845864631,True,0.9138081071105071
bb_z__d24,bb_z,108,-1.9092096789498572,-1.9394107949747534,0.030201116024895974,-0.1728054076433182,0.020483975571294652,0.020483975571294652,WINNER_HIGH,0.5370370370370371,0.8318289435122914,True,0.9138081071105071
bb_z__w24__diff_mean,bb_z,108,-0.07955040333520931,-0.08080878291425675,0.0012583795790474315,-0.007200225349515671,0.02048397148455013,0.02048397148455013,WINNER_HIGH,0.5370370370370371,0.8318289765556831,True,0.9138081071105071
close_vs_sma240__w240__q90,close_vs_sma240,108,0.05302129465983146,0.052060245246954136,0.0009610494128773337,-0.0009739574743434787,0.02048009865366837,0.02048009865366837,WINNER_HIGH,0.5185185185185185,0.8318602904829515,False,0.9138081071105071
upper_wick__w240__delta,upper_wick,108,-0.09899725907275246,-0.09325652701140995,-0.005740732061342525,0.040973525121808047,-0.02046066238949758,0.02046066238949758,WINNER_LOW,0.5555555555555556,0.8320174472518886,True,0.9138081071105071
trades_rel72__w24__late_vs_prev,trades_rel72,108,0.3264542055376633,0.30994177850027177,0.01651242703739154,0.06362092792987825,0.0199975405666945,0.0199975405666945,WINNER_HIGH,0.5277777777777778,0.8357641349324039,True,0.9176349073339455
ema72_slope_12h__w24__q75,ema72_slope_12h,108,0.002495753235591649,0.0023609046718265836,0.00013484856376506487,-0.0004877082828897985,0.01992728598227879,0.01992728598227879,WINNER_HIGH,0.5462962962962963,0.8363328319195286,False,0.9178345191883669
close_vs_ema48__w72__delta,close_vs_ema48,108,-0.0210829225365564,-0.020572307126921836,-0.0005106154096345692,0.002895105083007365,-0.01990884279633605,0.01990884279633605,WINNER_LOW,0.5462962962962963,0.8364821402574412,True,0.9178345191883669
avg_trade_quote_rel24__d12,avg_trade_quote_rel24,108,0.08763557119743416,0.09534307781098134,-0.007707506613547186,-0.008269994333386418,-0.019877816737564072,0.019877816737564072,WINNER_LOW,0.5,0.8367333277587972,True,0.9178345191883669
upper_wick__w72__pos,upper_wick,108,0.23141317526559996,0.22742564098556,0.0039875342800398846,-0.011224311857404246,0.01982525707196098,0.01982525707196098,WINNER_HIGH,0.5185185185185185,0.8371588902164956,True,0.9180133706764143
ema168_slope_24h__d24,ema168_slope_24h,108,-0.0008982977888081223,-0.0010047643447668028,0.00010646655595868039,0.0005814382282551379,0.019635185222148792,0.019635185222148792,WINNER_HIGH,0.5277777777777778,0.8386982568695756,True,0.9191249965826568
ema168_slope_24h__w24__diff_mean,ema168_slope_24h,108,-3.7429075308426504e-05,-4.18651813285096e-05,4.436106020083089e-06,2.422659308649599e-05,0.019635183110338083,0.019635183110338083,WINNER_HIGH,0.5277777777777778,0.8386982739763391,True,0.9191249965826568
ema_gap_6_24__w72__pos,ema_gap_6_24,108,0.2496443519592975,0.245546175273463,0.00409817668583451,-0.019801495969295507,0.01947742022741386,0.01947742022741386,WINNER_HIGH,0.6018518518518519,0.839976450398811,True,0.9202373580966923
quote_volume_rel240__w72__accel,quote_volume_rel240,108,1.210373699389122,1.2711090029674337,-0.06073530357831194,-0.01604869514703755,-0.019369260076219426,0.019369260076219426,WINNER_LOW,0.5185185185185185,0.8408529988246883,True,0.9203788110719681
quote_volume_rel240__w240__accel,quote_volume_rel240,108,1.210373699389122,1.2711090029674337,-0.06073530357831194,-0.01604869514703755,-0.019369260076219426,0.019369260076219426,WINNER_LOW,0.5185185185185185,0.8408529988246883,True,0.9203788110719681
close_vs_vwap240__w240__pos,close_vs_vwap240,108,0.341344453877321,0.3468698031034566,-0.005525349226135641,-0.00998880105034915,-0.0193640608762157,0.0193640608762157,WINNER_LOW,0.5092592592592593,0.8408951390834825,True,0.9203788110719681
bb_z__w72__diff_mean,bb_z,108,-0.026414884527050028,-0.026023573937237858,-0.00039131058981217406,-0.0008141216356307261,-0.01910414595231167,0.01910414595231167,WINNER_LOW,0.5185185185185185,0.8430023734373189,True,0.9223965268805708
rsi24__w240__q75,rsi24,108,56.88130050235324,56.97881653397172,-0.09751603161847135,-0.1979694366455078,-0.018915896960447792,0.018915896960447792,WINNER_LOW,0.5092592592592593,0.8445292963881512,False,0.922805514360845
volume_rel240__w24__late_vs_prev,volume_rel240,108,0.40052818617335073,0.3785857570588295,0.021942429114521173,-0.015949747734703125,0.01891062829101823,0.01891062829101823,WINNER_HIGH,0.5092592592592593,0.84457204010743,True,0.922805514360845
close_vs_sma72__w24__q10,close_vs_sma72,108,-0.011804779820657266,-0.011354665747115144,-0.0004501140735421232,-2.261493355035747e-05,-0.018902557132569813,0.018902557132569813,WINNER_LOW,0.5,0.8446375207903932,False,0.922805514360845
rsi14__w24__q25,rsi14,108,44.65075238545736,44.816084282486536,-0.1653318970291704,0.30950393676758026,-0.01887462006539535,0.01887462006539535,WINNER_LOW,0.5277777777777778,0.8448641804538343,False,0.922805514360845
atr72_pct__w72__accel,atr72_pct,108,0.00026587869479340515,0.00028275274463693576,-1.687404984353059e-05,3.89336577427457e-05,-0.018862875915569427,0.018862875915569427,WINNER_LOW,0.5185185185185185,0.8449594672529098,True,0.922805514360845
atr72_pct__w240__accel,atr72_pct,108,0.00026587869479340515,0.00028275274463693576,-1.687404984353059e-05,3.89336577427457e-05,-0.018862875915569427,0.018862875915569427,WINNER_LOW,0.5185185185185185,0.8449594672529098,True,0.922805514360845
ema72_slope_12h__w240__q90,ema72_slope_12h,108,0.00885606044859607,0.008745007204109883,0.00011105324448618815,-0.00037273680500220577,0.018801257002927445,0.018801257002927445,WINNER_HIGH,0.5277777777777778,0.8454594533196876,False,0.9230632869993592
close_vs_sma72__w240__q75,close_vs_sma72,108,0.01804187881121093,0.017743472479223445,0.0002984063319874824,0.00031553984154015797,0.0187303932005092,0.0187303932005092,WINNER_HIGH,0.5092592592592593,0.8460345319822068,False,0.9234028584087944
volume_rel72__w72__mean,volume_rel72,108,1.4529435402817197,1.444535721452148,0.008407818829571763,-0.06685185432434082,0.018685665219819878,0.018685665219819878,WINNER_HIGH,0.5185185185185185,0.8463975543197476,False,0.9235108416399866
rebound_low240__w24__max,rebound_low240,108,0.10757215667722954,0.10903176005101868,-0.0014596033737891243,-0.010295578092336652,-0.018620392378163392,0.018620392378163392,WINNER_LOW,0.5833333333333334,0.8469273826748854,False,0.9237194652926286
close_vs_sma24__w72__late_vs_prev,close_vs_sma24,108,-0.0045299660100513225,-0.004785552581927699,0.00025558657187637577,0.00040519585600122814,0.018597028139236235,0.018597028139236235,WINNER_HIGH,0.5277777777777778,0.847117050384175,True,0.9237194652926286
avg_trade_quote_rel72__w72__max,avg_trade_quote_rel72,108,1.7978412486888744,1.7916177650292713,0.006223483659602968,0.006720423698425293,0.01854155679037365,0.01854155679037365,WINNER_HIGH,0.5,0.8475673951912172,False,0.9239224379624957
close_vs_ema48__w72__diff_mean,close_vs_ema48,108,-0.0002907802470199238,-0.00028439708560249507,-6.383161417428729e-06,1.4446418981606256e-05,-0.018488445813969013,0.018488445813969013,WINNER_LOW,0.5277777777777778,0.8479986245895906,True,0.9239929028733532
log_ret__w72__mean,log_ret,108,-0.00024226459063188317,-0.0002305831726516772,-1.1681417980206018e-05,1.824575883802032e-06,-0.018468512190128083,0.018468512190128083,WINNER_LOW,0.5,0.8481604856229522,False,0.9239929028733532
close_location__w24__up_share,close_location,108,0.4934413617959729,0.49452160916946547,-0.0010802473734926265,-0.008333325386047363,-0.018401003382374184,0.018401003382374184,WINNER_LOW,0.5462962962962963,0.8487087053635288,True,0.9243021932906448
taker_share__w24__q10,taker_share,108,0.4196601755641125,0.41916361462186885,0.0004965609422436497,0.0023313879966735673,0.018280230790064193,0.018280230790064193,WINNER_HIGH,0.5462962962962963,0.8496896500601979,False,0.925082411662675
avg_trade_quote_rel240__w24__pos,avg_trade_quote_rel240,108,0.5260396344776921,0.5208690745549069,0.005170559922785121,-0.015242150425910955,0.018220970458002885,0.018220970458002885,WINNER_HIGH,0.5277777777777778,0.8501710634648604,True,0.9253184590527909
close_vs_vwap240__w72__late_vs_prev,close_vs_vwap240,108,-0.004743990290552136,-0.005046189092334112,0.00030219880178197745,0.0004037565435282887,0.018151014824460354,0.018151014824460354,WINNER_HIGH,0.5277777777777778,0.8507394352291722,True,0.9256489747966444
quote_volume_rel24__w24__std,quote_volume_rel24,108,1.0452046922787472,1.034004808879561,0.011199883399186317,-0.07274221479892728,0.018061867520040107,0.018061867520040107,WINNER_HIGH,0.5648148148148148,0.8514638483856666,False,0.9261490133140516
avg_trade_quote_rel240__w240__max,avg_trade_quote_rel240,108,1.9996765675368133,1.994800024341654,0.004876543195159356,0.019351649284362837,0.01798418636369068,0.01798418636369068,WINNER_HIGH,0.5185185185185185,0.8520951910128444,False,0.9263389229734952
ema24_slope_6h__w24__mean,ema24_slope_6h,108,-0.00020139920246299003,-0.00011478019003079594,-8.66190124321941e-05,-0.00014114501682342966,-0.017975199798929396,0.017975199798929396,WINNER_LOW,0.5185185185185185,0.8521682342595751,False,0.9263389229734952
quote_volume_rel240__w240__late_vs_prev,quote_volume_rel240,108,0.016256600859816426,0.0036441089654410375,0.012612491894375381,0.025843010842800135,0.017899929413374167,0.017899929413374167,WINNER_HIGH,0.5092592592592593,0.8527800861366014,True,0.9267159606027642
dist_high240__w72__accel,dist_high240,108,-0.01719749747631054,-0.016868498206895313,-0.0003289992694152282,-0.0008412016235524792,-0.01782397260479946,0.01782397260479946,WINNER_LOW,0.5092592592592593,0.8533976088271022,True,0.926811005611297
dist_high240__w240__accel,dist_high240,108,-0.01719749747631054,-0.016868498206895313,-0.0003289992694152282,-0.0008412016235524792,-0.01782397260479946,0.01782397260479946,WINNER_LOW,0.5092592592592593,0.8533976088271022,True,0.926811005611297
dist_high72__w72__accel,dist_high72,108,-0.016487914698329945,-0.016861253763821613,0.0003733390654916645,-0.0007370505481958372,0.017676749127592123,0.017676749127592123,WINNER_HIGH,0.5277777777777778,0.8545947828651485,True,0.9275350576286233
dist_high72__w240__accel,dist_high72,108,-0.016487914698329945,-0.016861253763821613,0.0003733390654916645,-0.0007370505481958372,0.017676749127592123,0.017676749127592123,WINNER_HIGH,0.5277777777777778,0.8545947828651485,True,0.9275350576286233
volume_rel24__w24__delta,volume_rel24,108,0.8645363952274676,0.9004710529689435,-0.03593465774147596,-0.1895911337807774,-0.017637833281578592,0.017637833281578592,WINNER_LOW,0.5185185185185185,0.8549112908816817,True,0.9275906870037981
ema_gap_6_24__w72__diff_mean,ema_gap_6_24,108,-0.00011987219884683024,-0.0001168996216904361,-2.9725771563941294e-06,2.4283794755319835e-05,-0.017548844506351673,0.017548844506351673,WINNER_LOW,0.5555555555555556,0.8556351379199807,True,0.9278408733426579
rsi6__w24__q10,rsi6,108,29.984558441020823,29.85935733583238,0.12520110518844016,0.15350875854491974,0.0175442487206112,0.0175442487206112,WINNER_HIGH,0.5,0.8556725240291884,False,0.9278408733426579
dist_high24__w240__max,dist_high24,108,-0.0003059046620670358,-0.00031217458928741354,6.269927220377749e-06,8.252031658884107e-05,0.017462678562024717,0.017462678562024717,WINNER_HIGH,0.5925925925925926,0.8563361410623553,False,0.9282726240840224
avg_trade_quote_rel240__w240__z,avg_trade_quote_rel240,108,0.2930596837325505,0.3110895827684241,-0.018029899035873664,-0.029680123925209065,-0.01737729318007875,0.01737729318007875,WINNER_LOW,0.5185185185185185,0.85703090733898,True,0.9287378627097654
bb_z__w24__mean,bb_z,108,-0.15724537718213266,-0.16856283215348852,0.011317454971355842,0.0667403943836689,0.017327595114170417,0.017327595114170417,WINNER_HIGH,0.5462962962962963,0.8574353437782467,False,0.9288882890931006
volume_rel240__w72__accel,volume_rel240,108,1.3393569434130634,1.2853673396743095,0.05398960373875325,0.0062000513076783115,0.017127285443574638,0.017127285443574638,WINNER_HIGH,0.5,0.8590658217119027,True,0.9297422061710658
volume_rel240__w240__accel,volume_rel240,108,1.3393569434130634,1.2853673396743095,0.05398960373875325,0.0062000513076783115,0.017127285443574638,0.017127285443574638,WINNER_HIGH,0.5,0.8590658217119027,True,0.9297422061710658
avg_trade_quote_rel72__w24__z,avg_trade_quote_rel72,108,0.35340710250764257,0.3712040477440934,-0.01779694523645081,0.02314495015889404,-0.017119515559364376,0.017119515559364376,WINNER_LOW,0.5092592592592593,0.8591290792380741,True,0.9297422061710658
rebound_low240__w24__q10,rebound_low240,108,0.07914914679497963,0.08040097965470826,-0.0012518328597286238,-0.013875707611441614,-0.017045064187814544,0.017045064187814544,WINNER_LOW,0.5833333333333334,0.8597352620614827,False,0.9297422061710658
avg_trade_quote_rel24__w72__q25,avg_trade_quote_rel24,108,0.846324681131928,0.8472618872368776,-0.0009372061049496643,-0.0037410616874695157,-0.01701785467442099,0.01701785467442099,WINNER_LOW,0.5277777777777778,0.8599568227681403,False,0.9297422061710658
close_vs_ema72__w24__q75,close_vs_ema72,108,0.006538333294008259,0.006198525372470882,0.00033980792153737757,-0.0005763968918472526,0.016971979964003243,0.016971979964003243,WINNER_HIGH,0.5277777777777778,0.8603303951175411,False,0.9297422061710658
atr14_pct__w72__pos,atr14_pct,108,0.5044035599178945,0.5094314287687195,-0.005027868850824973,-0.022397682443261138,-0.01694364400548088,0.01694364400548088,WINNER_LOW,0.5462962962962963,0.8605611596770675,True,0.9297422061710658
avg_trade_quote_rel240__w72__accel,avg_trade_quote_rel240,108,0.07607701031008253,0.08762298315478903,-0.011545972844706511,-0.003524861764162765,-0.01691275890221566,0.01691275890221566,WINNER_LOW,0.5,0.8608126979095732,True,0.9297422061710658
avg_trade_quote_rel240__w240__accel,avg_trade_quote_rel240,108,0.07607701031008253,0.08762298315478903,-0.011545972844706511,-0.003524861764162765,-0.01691275890221566,0.01691275890221566,WINNER_LOW,0.5,0.8608126979095732,True,0.9297422061710658
close_vs_sma24__w240__max,close_vs_sma24,108,0.04067141444560279,0.040390576077280214,0.00028083836832256206,-0.0022040160372853272,0.016904218023842534,0.016904218023842534,WINNER_HIGH,0.5555555555555556,0.8608822601034919,False,0.9297422061710658
atr14_pct__w72__diff_std,atr14_pct,108,0.0005475966545755337,0.0005427647692461809,4.831885329352833e-06,6.6627457272261435e-06,0.016797747613211005,0.016797747613211005,WINNER_HIGH,0.5092592592592593,0.8617495126462082,True,0.9302862263318853
close_vs_vwap72__w72__q25,close_vs_vwap72,108,-0.006429735767057907,-0.006152808020663171,-0.00027692774639473535,0.001491032695048489,-0.01677706078736793,0.01677706078736793,WINNER_LOW,0.5370370370370371,0.8619180364070085,False,0.9302862263318853
mfi14__w240__diff_mean,mfi14,108,-0.06024288044190379,-0.058564688636666966,-0.0016781918052368348,0.002435531839728354,-0.016700204860506464,0.016700204860506464,WINNER_LOW,0.5185185185185185,0.862544193539412,True,0.9303260764105793
avg_trade_quote_rel240__w24__up_share,avg_trade_quote_rel240,108,0.5023148178502366,0.501003088940073,0.0013117289101636,0.004166659712791454,0.016666508666929303,0.016666508666929303,WINNER_HIGH,0.5185185185185185,0.8628187492868696,True,0.9303260764105793
volume_rel72__w72__min,volume_rel72,108,0.33717054432189025,0.3353433291117351,0.0018272152101552028,-0.014381009340286272,0.0166575722584027,0.0166575722584027,WINNER_HIGH,0.5370370370370371,0.862891565741897,False,0.9303260764105793
rsi14__w72__z,rsi14,108,-1.43380674664621,-1.422956353729522,-0.010850392916688212,0.05550394803285602,-0.01660364844564,0.01660364844564,WINNER_LOW,0.5277777777777778,0.8633309776950847,True,0.9303260764105793
ema168_slope_24h__w240__diff_mean,ema168_slope_24h,108,-7.534856013922696e-06,-6.507824101633888e-06,-1.0270319122888073e-06,-1.3675844274985139e-05,-0.016602946062455597,0.016602946062455597,WINNER_LOW,0.5648148148148148,0.8633367015269311,True,0.9303260764105793
close_vs_vwap72__w240__up_share,close_vs_vwap72,108,0.49494598391983247,0.4945293172642036,0.00041666665562876807,-0.0008333414793014748,0.01657662874869448,0.01657662874869448,WINNER_HIGH,0.5092592592592593,0.8635511707259766,True,0.9303260764105793
bb_z__w24__delta,bb_z,108,-1.9818726822871853,-1.9560385859838718,-0.025834096303313153,-0.12849493296816938,-0.01648332891302108,0.01648332891302108,WINNER_LOW,0.5648148148148148,0.8643115864888805,True,0.9307093365881316
close_vs_sma168__w24__diff_mean,close_vs_sma168,108,-0.0009250899025843224,-0.0009108763642573152,-1.4213538327007199e-05,7.00561802659649e-05,-0.016419840663172588,0.016419840663172588,WINNER_LOW,0.5370370370370371,0.8648291036817347,True,0.9307093365881316
close_vs_sma168__d24,close_vs_sma168,108,-0.022202157524858462,-0.02186103287653236,-0.0003411246483261087,0.0016813482798170292,-0.016419827738598455,0.016419827738598455,WINNER_LOW,0.5370370370370371,0.8648292090409131,True,0.9307093365881316
ema168_slope_24h__w24__delta,ema168_slope_24h,108,-0.000928531391427559,-0.0010149940522919845,8.646266086442559e-05,0.0005093027401017025,0.01640237266318247,0.01640237266318247,WINNER_HIGH,0.5370370370370371,0.8649715024053268,True,0.9307093365881316
quote_volume_rel240__w24__up_share,quote_volume_rel240,108,0.48456790298223495,0.48587963294099884,-0.0013117299587638279,-5.960464483090178e-09,-0.016110638845540544,0.016110638845540544,WINNER_LOW,0.5,0.867350363280652,True,0.9327252312220082
atr72_pct__w240__q10,atr72_pct,108,0.005684674357460743,0.005663442252100342,2.1232105360400952e-05,3.372738137841225e-05,0.01610719487161881,0.01610719487161881,WINNER_HIGH,0.5,0.8673784535127168,False,0.9327252312220082
close_vs_vwap240__w240__z,close_vs_vwap240,108,-0.8521303206992646,-0.8302993255003389,-0.021830995198925604,0.009719897806644395,-0.01604159068406948,0.01604159068406948,WINNER_LOW,0.5,0.8679135761461289,True,0.932839561648662
ema_gap_24_72__w240__q75,ema_gap_24_72,108,0.009486654554536842,0.009645206697664603,-0.00015855214312776082,-0.0006095051532611253,-0.01602875493805939,0.01602875493805939,WINNER_LOW,0.5092592592592593,0.8680182824148546,False,0.932839561648662
volume_rel72__w72__accel,volume_rel72,108,1.2388483930586114,1.291980875449048,-0.05313248239043687,-0.05850686579942713,-0.015889486361606156,0.015889486361606156,WINNER_LOW,0.5092592592592593,0.8691545019469152,True,0.9334868836942145
volume_rel72__w240__accel,volume_rel72,108,1.2388483930586114,1.291980875449048,-0.05313248239043687,-0.05850686579942713,-0.015889486361606156,0.015889486361606156,WINNER_LOW,0.5092592592592593,0.8691545019469152,True,0.9334868836942145
close_vs_sma72__w24__mean,close_vs_sma72,108,0.00018865445357126495,-0.00017844062027439506,0.00036709507384565996,3.061532042920607e-05,0.015716944947609873,0.015716944947609873,WINNER_HIGH,0.5,0.8705625569961948,False,0.934633404720328
bb_z__w24__diff_std,bb_z,108,0.7526705477524687,0.7564730443336345,-0.003802496581165878,-0.010762077569961559,-0.015693178079075724,0.015693178079075724,WINNER_LOW,0.5185185185185185,0.8707565434883696,True,0.934633404720328
avg_trade_quote_rel72__w24__pos,avg_trade_quote_rel72,108,0.5247257176589402,0.5201498356285609,0.004575882030379337,-0.018103596568107616,0.015479886878397952,0.015479886878397952,WINNER_HIGH,0.5185185185185185,0.8724977895702669,True,0.9362150261206577
body_pct__w72__mean,body_pct,108,-0.0002242598454055648,-0.0002145639839869562,-9.695861418608575e-06,-4.560923480312345e-06,-0.01543657506277153,0.01543657506277153,WINNER_LOW,0.5,0.8728514512030771,False,0.9363072162138529
avg_trade_quote_rel240__w24__q75,avg_trade_quote_rel240,108,1.1551016320784886,1.158747629655732,-0.0036459975772433905,-0.037530434131622326,-0.015369984078038225,0.015369984078038225,WINNER_LOW,0.5555555555555556,0.8733952485995721,False,0.9363171824633751
macd_pct__w72__mean,macd_pct,108,0.0003999597970336995,0.00033972939138746165,6.0230405646237864e-05,4.84197284094988e-05,0.015369862755379493,0.015369862755379493,WINNER_HIGH,0.5092592592592593,0.8733962394039261,False,0.9363171824633751
close_location__w240__q10,close_location,108,0.10962240011603744,0.10927806499724585,0.00034433511879157215,-0.0019540145993232755,0.015152531439837736,0.015152531439837736,WINNER_HIGH,0.5277777777777778,0.8751714383081671,False,0.9376886945719348
avg_trade_quote_rel72__w24__diff_std,avg_trade_quote_rel72,108,0.25607416351084356,0.2548764906133767,0.0011976728974669028,-0.005358508229255682,0.015122258016307618,0.015122258016307618,WINNER_HIGH,0.5462962962962963,0.8754187675131176,True,0.9376886945719348
rsi6__w240__q75,rsi6,108,62.8920775519477,62.82210784488254,0.06996970706515855,0.05270195007324219,0.015114762339652341,0.015114762339652341,WINNER_HIGH,0.5092592592592593,0.8754800079431991,False,0.9376886945719348
body_pct__d1,body_pct,108,-0.0040392063748623955,-0.004137975777956417,9.87694030940205e-05,-0.00032318950106855447,0.014484120351107847,0.014484120351107847,WINNER_HIGH,0.5092592592592593,0.8806350880257918,True,0.9429212807183693
taker_share__w24__accel,taker_share,108,-0.0322497287782392,-0.03446524778043601,0.0022155190021968083,-0.006028350442647932,0.014450456283855372,0.014450456283855372,WINNER_HIGH,0.5185185185185185,0.8809104157466805,True,0.9429273718598535
close_vs_sma168__w72__q90,close_vs_sma168,108,0.027604245169472793,0.028218790841681222,-0.000614545672208434,-0.003402395453304053,-0.014298222712243415,0.014298222712243415,WINNER_LOW,0.5462962962962963,0.8821556675868952,False,0.9433056395748346
obv_delta__w240__mean,obv_delta,108,-21.630305034142953,-24.26341158537953,2.633106551236574,1.8640399932861271,0.014251930161738754,0.014251930161738754,WINNER_HIGH,0.5,0.8825343936624929,False,0.9433056395748346
quote_volume_rel72__w72__min,quote_volume_rel72,108,0.33790239305407915,0.33635936338040556,0.0015430296736734892,-0.006671816110610962,0.014220221149211218,0.014220221149211218,WINNER_HIGH,0.5370370370370371,0.8827938254178784,False,0.9433056395748346
avg_trade_quote_rel24__w72__accel,avg_trade_quote_rel24,108,0.0793819233518594,0.06834157828189846,0.011040345069960919,0.009607411921024323,0.014151787951294171,0.014151787951294171,WINNER_HIGH,0.5185185185185185,0.8833537646854187,True,0.9433056395748346
avg_trade_quote_rel24__w240__accel,avg_trade_quote_rel24,108,0.0793819233518594,0.06834157828189846,0.011040345069960919,0.009607411921024323,0.014151787951294171,0.014151787951294171,WINNER_HIGH,0.5185185185185185,0.8833537646854187,True,0.9433056395748346
trades_rel24__w72__late_vs_prev,trades_rel24,108,0.06437092731896511,0.07229467098670149,-0.00792374366773637,-0.049065818637609476,-0.014057117585489715,0.014057117585489715,WINNER_LOW,0.5277777777777778,0.8841284810645529,True,0.9433056395748346
trades_rel240__w72__std,trades_rel240,108,0.8853780660364363,0.8917581355682128,-0.00638006953177629,-0.045621272921562206,-0.014049446172533253,0.014049446172533253,WINNER_LOW,0.5648148148148148,0.8841912635003789,False,0.9433056395748346
lower_wick__w240__delta,lower_wick,108,-0.04466607093086673,-0.04075207618631153,-0.0039139947445552,0.0038334366667186317,-0.01402692050459695,0.01402692050459695,WINNER_LOW,0.5092592592592593,0.8843756166298533,True,0.9433056395748346
quote_volume_rel72__w24__late_vs_prev,quote_volume_rel72,108,0.3527695661000002,0.3672227089454989,-0.014453142845498734,0.044570720568299305,-0.014006219897554767,0.014006219897554767,WINNER_LOW,0.5370370370370371,0.8845450388108799,True,0.9433056395748346
rebound_low240__d1,rebound_low240,108,-0.006853318497902634,-0.006759202464474744,-9.411603342789063e-05,-0.00023194826208055002,-0.014004021489744826,0.014004021489744826,WINNER_LOW,0.5740740740740741,0.8845630317884693,True,0.9433056395748346
ema_gap_6_24__w72__late_vs_prev,ema_gap_6_24,108,-0.0020830465733457392,-0.0019695489231809113,-0.00011349765016482859,-0.0009205872658640145,-0.013978166091520595,0.013978166091520595,WINNER_LOW,0.5648148148148148,0.8847746511035706,True,0.9433056395748346
atr24_pct__w72__q10,atr24_pct,108,0.005739358859567868,0.005772562442925172,-3.32035833573038e-05,-0.00012498002033680712,-0.01395684829411747,0.01395684829411747,WINNER_LOW,0.5370370370370371,0.8849491376757832,False,0.9433056395748346
ema168_slope_24h__w240__delta,ema168_slope_24h,108,-0.0017814271163337657,-0.0015735953082993447,-0.00020783180803442096,-0.002926498587476089,-0.013933717881933554,0.013933717881933554,WINNER_LOW,0.5555555555555556,0.8851384669340526,True,0.9433056395748346
mfi14__w240__mean,mfi14,108,51.00986692640517,51.08262382789895,-0.07275690149377884,-0.05516777038574361,-0.013881745736080062,0.013881745736080062,WINNER_LOW,0.5,0.8855638985477128,False,0.9433056395748346
dist_high72__w72__delta,dist_high72,108,-0.019509724432282383,-0.018951417205163225,-0.0005583072271191566,-0.001847581798210738,-0.013876455878569291,0.013876455878569291,WINNER_LOW,0.5185185185185185,0.8856072019398418,True,0.9433056395748346
ema24_slope_6h__w240__diff_mean,ema24_slope_6h,108,-1.9366881724925667e-05,-1.88986882701743e-05,-4.6819345475136534e-07,4.893012648210516e-06,-0.013858305148362981,0.013858305148362981,WINNER_LOW,0.5740740740740741,0.8857557885726122,True,0.9433056395748346
rsi6__w240__diff_mean,rsi6,108,-0.09902044704358559,-0.1002121247478364,0.0011916777042508184,0.011250036023557189,0.013791026439722414,0.013791026439722414,WINNER_HIGH,0.5185185185185185,0.8863065852001407,True,0.9433056395748346
stoch_k__w240__q25,stoch_k,108,31.73326395176075,31.815696525573728,-0.08243257381297932,-0.19567165374755824,-0.013742625808511535,0.013742625808511535,WINNER_LOW,0.5277777777777778,0.8867028654464094,False,0.9433056395748346
macd_hist_pct__w240__up_share,macd_hist_pct,108,0.49324845274289447,0.4928163554381441,0.00043209730475037575,0.0008333206176757701,0.013728017091901433,0.013728017091901433,WINNER_HIGH,0.5185185185185185,0.8868224799860283,True,0.9433056395748346
avg_trade_quote_rel24__w24__accel,avg_trade_quote_rel24,108,0.10507614982176434,0.09557865416993284,0.009497495651831497,-0.05166915804147722,0.013726949452062326,0.013726949452062326,WINNER_HIGH,0.5092592592592593,0.8868312218043135,True,0.9433056395748346
ema_gap_24_72__w24__delta,ema_gap_24_72,108,-0.0035150682878658563,-0.0033875552347160044,-0.00012751305314985187,0.0004891297372523697,-0.01371506971715291,0.01371506971715291,WINNER_LOW,0.5277777777777778,0.8869284938295843,True,0.9433056395748346
volume_rel240__w240__diff_std,volume_rel240,108,1.1685253652157608,1.1743300792243745,-0.005804714008613861,0.0024444162845611572,-0.013504499948354494,0.013504499948354494,WINNER_LOW,0.5092592592592593,0.8886529377945628,True,0.9448523330701083
ema168_slope_24h__w240__pos,ema168_slope_24h,108,0.43763743098652746,0.4421895526390505,-0.004552121652523044,0.021213237196207047,-0.013361914509638553,0.013361914509638553,WINNER_LOW,0.5092592592592593,0.8898209336507672,True,0.9458066276525025
cci20__w24__q75,cci20,108,45.900310572650696,46.78305605870706,-0.8827454860563646,18.990728759765624,-0.013314594711457921,0.013314594711457921,WINNER_LOW,0.5648148148148148,0.8902086099097215,False,0.945931178624824
upper_wick__w240__q25,upper_wick,108,0.09520234478016694,0.09543445679462617,-0.00023211201445923882,-0.0006756834685802474,-0.013120132280153305,0.013120132280153305,WINNER_LOW,0.5185185185185185,0.8918020580855682,False,0.9465465186009276
close_vs_ema168__w72__max,close_vs_ema168,108,0.034721245607889376,0.03522891127283435,-0.0005076656649449704,-0.005215898092137648,-0.013111407978028745,0.013111407978028745,WINNER_LOW,0.5555555555555556,0.891873556484614,False,0.9465465186009276
volume_rel240__w240__max,volume_rel240,108,10.544325744664228,10.475530181107697,0.0687955635565299,-0.6441055774688724,0.013087359249672147,0.013087359249672147,WINNER_HIGH,0.5462962962962963,0.8920706479883826,False,0.9465465186009276
avg_trade_quote_rel72__w24__max,avg_trade_quote_rel72,108,1.5700869880340718,1.5652233725344695,0.004863615499602411,-0.03985261917114258,0.013061909213153157,0.013061909213153157,WINNER_HIGH,0.5648148148148148,0.8922792312850805,False,0.9465465186009276
atr24_pct__w72__accel,atr24_pct,108,0.0004480995664013992,0.00047644116637086503,-2.8341599969465946e-05,5.479864848894066e-05,-0.013045741208224094,0.013045741208224094,WINNER_LOW,0.5092592592592593,0.8924117448748237,True,0.9465465186009276
atr24_pct__w240__accel,atr24_pct,108,0.0004480995664013992,0.00047644116637086503,-2.8341599969465946e-05,5.479864848894066e-05,-0.013045741208224094,0.013045741208224094,WINNER_LOW,0.5092592592592593,0.8924117448748237,True,0.9465465186009276
trades_rel240__w72__q90,trades_rel240,108,2.4260191034387657,2.4132472444463664,0.01277185899239998,-0.011511123180389382,0.012953995314677431,0.012953995314677431,WINNER_HIGH,0.5092592592592593,0.8931637553249098,False,0.9467721833989419
dist_high72__w24__late_vs_prev,dist_high72,108,-0.007704717764008146,-0.007619284781059023,-8.543298294912187e-05,8.403218816965775e-06,-0.012953723886210527,0.012953723886210527,WINNER_LOW,0.5092592592592593,0.8931659802782698,True,0.9467721833989419
rsi24__w24__q10,rsi24,108,44.35333172480265,44.265476534101694,0.08785519070095535,0.1327672958374002,0.012829553056962973,0.012829553056962973,WINNER_HIGH,0.5185185185185185,0.8941839225029338,False,0.9475639930281089
quote_volume_rel240__w72__max,quote_volume_rel240,108,6.660296435709353,6.60731997401626,0.0529764616930926,-0.4622201204299925,0.012763396279563122,0.012763396279563122,WINNER_HIGH,0.5462962962962963,0.894726342594179,False,0.9476157664911096
log_ret__d1,log_ret,108,-0.004074304860161511,-0.004162021613269982,8.771675310846915e-05,-0.00037333064246922697,0.01275749390900321,0.01275749390900321,WINNER_HIGH,0.5092592592592593,0.894774738619858,True,0.9476157664911096
ema_gap_72_168__w240__late_vs_prev,ema_gap_72_168,108,-0.0002364337361305607,-8.347077153437725e-05,-0.00015296296459618353,0.000335882137733279,-0.012685825124487482,0.012685825124487482,WINNER_LOW,0.5185185185185185,0.8953624128500735,True,0.9476808391581677
quote_volume_rel240__w72__q90,quote_volume_rel240,108,2.799368718156108,2.78180180478979,0.01756691336631774,-0.015335810184478715,0.012616480694306875,0.012616480694306875,WINNER_HIGH,0.5092592592592593,0.8959310831306543,False,0.9476808391581677
upper_wick__d6,upper_wick,108,-0.08247217597629598,-0.08612724339300594,0.003655067416709947,0.04900148101150989,0.012592047615815536,0.012592047615815536,WINNER_HIGH,0.5925925925925926,0.896131463500221,True,0.9476808391581677
close_vs_sma72__w240__delta,close_vs_sma72,108,-0.021530511610089214,-0.022029490838753593,0.0004989792286643801,0.003767876699566842,0.012586856578945555,0.012586856578945555,WINNER_HIGH,0.5462962962962963,0.8961740370565214,True,0.9476808391581677
bb_z__w240__z,bb_z,108,-1.3898385523395889,-1.3942091067735518,0.00437055443396309,0.005898338556289712,0.012584767077811103,0.012584767077811103,WINNER_HIGH,0.5092592592592593,0.8961911738907808,True,0.9476808391581677
upper_wick__w240__up_share,upper_wick,108,0.4959104911044792,0.4956249968321235,0.00028549427235567796,0.005000001192092901,0.01242392831376672,0.01242392831376672,WINNER_HIGH,0.5833333333333334,0.8975104236905578,True,0.9485904169499281
taker_share__w24__late_vs_prev,taker_share,108,-0.013916193034943987,-0.013421576035411649,-0.000494616999532337,-0.0002983178244903681,-0.012413758555384406,0.012413758555384406,WINNER_LOW,0.5,0.897593848924024,True,0.9485904169499281
rsi14__w24__mean,rsi14,108,49.443690829806854,49.3448900964525,0.09880073335435674,0.07721519470214844,0.012268274092178278,0.012268274092178278,WINNER_HIGH,0.5092592592592593,0.8987874219014883,False,0.9495396330483179
avg_trade_quote_rel24__w24__q75,avg_trade_quote_rel24,108,1.1831374499532912,1.1811746994654337,0.0019627504878573817,-0.011770868301391624,0.012209735101552007,0.012209735101552007,WINNER_HIGH,0.5555555555555556,0.8992677488696266,False,0.9495396330483179
rsi24__w24__mean,rsi24,108,50.04342559531883,50.13219558574536,-0.08876999042652275,-0.007534408569338069,-0.01217982865418567,0.01217982865418567,WINNER_LOW,0.5,0.899513153156585,False,0.9495396330483179
range_pct__w240__late_vs_prev,range_pct,108,0.00020602721370879508,0.00024172147182997396,-3.569425812117878e-05,0.0002868619369110093,-0.012171907466826832,0.012171907466826832,WINNER_LOW,0.5370370370370371,0.8995781539288182,True,0.9495396330483179
close_vs_ema48__w240__q75,close_vs_ema48,108,0.011725452065379446,0.011605088870581108,0.00012036319479833493,-0.0005275847390294082,0.012067713285276706,0.012067713285276706,WINNER_HIGH,0.5277777777777778,0.9004332283428409,False,0.9501554011813261
taker_share__w24__mean,taker_share,108,0.4873434078914148,0.4871368266918041,0.00020658119961067514,-0.0006473690271377452,0.01194617771318521,0.01194617771318521,WINNER_HIGH,0.5185185185185185,0.901430763691413,False,0.9508623840022379
dist_high240__w72__diff_mean,dist_high240,108,-0.0002985831740787148,-0.0002922462922330527,-6.336881845662122e-06,4.6028489759919456e-05,-0.011919831215703383,0.011919831215703383,WINNER_LOW,0.5370370370370371,0.9016470304121879,True,0.9508623840022379
atr24_pct__w72__min,atr24_pct,108,0.00521754728806964,0.005193568466886601,2.3978821183037436e-05,-7.836492732167218e-05,0.011833467901231073,0.011833467901231073,WINNER_HIGH,0.5277777777777778,0.9023560004025037,False,0.9512518991392303
ema24_slope_6h__w72__late_vs_prev,ema24_slope_6h,108,-0.0013024495597501638,-0.0012359995385344924,-6.64500212156714e-05,-0.0006983805691561429,-0.011796515419665284,0.011796515419665284,WINNER_LOW,0.5648148148148148,0.9026593732760199,True,0.9512518991392303
volume_rel24__w72__q10,volume_rel24,108,0.5222729971563375,0.5211011624998517,0.0011718346564858007,0.0171114683151245,0.01177543536140284,0.01177543536140284,WINNER_HIGH,0.5648148148148148,0.9028324430206192,False,0.9512518991392303
rsi24__w24__min,rsi24,108,40.32784500828496,40.393963213320134,-0.06611820503517434,0.2264894485473654,-0.01173846663618656,0.01173846663618656,WINNER_LOW,0.5185185185185185,0.9031359718814177,False,0.9512850884546138
stoch_d__w240__diff_mean,stoch_d,108,-0.10094132578773564,-0.09933925822250009,-0.0016020675652355374,-0.0006534643471240997,-0.01158618686082879,0.01158618686082879,WINNER_LOW,0.5,0.9043864040863906,True,0.9523153432972321
close_vs_ema24__w72__z,close_vs_ema24,108,-1.5429690962795306,-1.5350721629795676,-0.007896933299963606,0.017180696129798945,-0.011485613868916006,0.011485613868916006,WINNER_LOW,0.5092592592592593,0.9052123825677242,True,0.9523687479638755
volume_rel72__w24__up_share,volume_rel72,108,0.48726851989825565,0.4881944468175924,-0.0009259269193366704,0.008333343267440785,-0.011482722947542472,0.011482722947542472,WINNER_LOW,0.5555555555555556,0.9052361264564447,True,0.9523687479638755
avg_trade_quote_rel72__w72__q75,avg_trade_quote_rel72,108,1.1930908185464364,1.1947222418255277,-0.001631423279091168,-0.018280279636383012,-0.011480530052978548,0.011480530052978548,WINNER_LOW,0.5462962962962963,0.9052541373268294,False,0.9523687479638755
ema_gap_24_72__w24__diff_mean,ema_gap_24_72,108,-0.00014402686221720378,-0.00013942160571281823,-4.605256504385533e-06,2.105216735799331e-05,-0.011377469736096739,0.011377469736096739,WINNER_LOW,0.5185185185185185,0.9061006567733964,True,0.9524729025859617
ema_gap_24_72__d24,ema_gap_24_72,108,-0.003456644669481816,-0.0033461185159602024,-0.0001105261535216143,0.0005052520573372021,-0.011377469444784115,0.011377469444784115,WINNER_LOW,0.5185185185185185,0.9061006591663409,True,0.9524729025859617
ema168_slope_24h__d3,ema168_slope_24h,108,-0.000568427781297908,-0.0005607313947237984,-7.696386574109592e-06,1.5170642291195712e-05,-0.01134676927933405,0.01134676927933405,WINNER_LOW,0.5277777777777778,0.9063528459236224,True,0.9524729025859617
avg_trade_quote_rel72__d12,avg_trade_quote_rel72,108,0.09068696956253713,0.08672799206774304,0.003958977494794111,0.00205399394035341,0.011334610438051854,0.011334610438051854,WINNER_HIGH,0.5,0.9064527274721728,True,0.9524729025859617
quote_volume_rel72__w72__mean,quote_volume_rel72,108,1.4502552874662258,1.4453343159622616,0.004920971503964171,-0.05020525455474856,0.011289656904930534,0.011289656904930534,WINNER_HIGH,0.5462962962962963,0.9068220214410901,False,0.9524729025859617
close_vs_vwap72__w24__q25,close_vs_vwap72,108,-0.004280457804607404,-0.004514231913587233,0.00023377410897982965,0.00020543637219816376,0.011269532451537731,0.011269532451537731,WINNER_HIGH,0.5,0.9069873507610101,False,0.9524729025859617
bb_width__w24__up_share,bb_width,108,0.5088734593656328,0.5104938270455157,-0.0016203676798829361,0.012499998509883897,-0.011228174909036845,0.011228174909036845,WINNER_LOW,0.5462962962962963,0.9073271300471035,True,0.9525436727033086
dist_high72__w24__up_share,dist_high72,108,0.4552469154198964,0.45617284101468547,-0.0009259255947890085,1.1920928966180355e-08,-0.011148330023864462,0.011148330023864462,WINNER_LOW,0.5,0.9079831566457539,True,0.9529463081603246
avg_trade_quote_rel240__w24__mean,avg_trade_quote_rel240,108,1.0240977952877681,1.0218644308823126,0.002233364405455401,-0.008524370193481512,0.011066413951056925,0.011066413951056925,WINNER_HIGH,0.5277777777777778,0.9086562668129018,False,0.9530348986193065
rsi24__w72__accel,rsi24,108,-8.434951196898949,-8.294127936371497,-0.14082326052744898,-1.7558524250984187,-0.011038560598341957,0.011038560598341957,WINNER_LOW,0.5370370370370371,0.9088851549600763,True,0.9530348986193065
rsi24__w240__accel,rsi24,108,-8.434951196898949,-8.294127936371497,-0.14082326052744898,-1.7558524250984187,-0.011038560598341957,0.011038560598341957,WINNER_LOW,0.5370370370370371,0.9088851549600763,True,0.9530348986193065
ema24_slope_6h__d12,ema24_slope_6h,108,-0.004062729245493689,-0.004117322066438781,5.459282094509237e-05,-0.00021540118032135056,0.010998569698700084,0.010998569698700084,WINNER_HIGH,0.5092592592592593,0.9092137982108003,True,0.9530937207263694
mfi14__w72__std,mfi14,108,15.806090443222612,15.841663312911988,-0.035572869689376244,-0.3242729187011726,-0.01095774422416973,0.01095774422416973,WINNER_LOW,0.5370370370370371,0.9095493162091444,False,0.9531597119518662
trades_rel240__w24__up_share,trades_rel240,108,0.47993827390450017,0.4791666698124674,0.0007716040920328287,0.004166662693023682,0.010900057543304066,0.010900057543304066,WINNER_HIGH,0.5092592592592593,0.9100234333627477,True,0.9532367442089745
avg_trade_quote_rel24__w24__diff_std,avg_trade_quote_rel24,108,0.2624322354655575,0.26329663771170153,-0.0008644022461440822,-0.006997863948345173,-0.010882468896375007,0.010882468896375007,WINNER_LOW,0.5740740740740741,0.9101679979736248,True,0.9532367442089745
rsi14__w72__q25,rsi14,108,44.354467957108106,44.42480330290618,-0.07033534579806841,-0.38689651489258026,-0.010846459805622443,0.010846459805622443,WINNER_LOW,0.5277777777777778,0.9104639733034675,False,0.9532612319288101
close_vs_vwap72__w240__q75,close_vs_vwap72,108,0.017698274961461452,0.01755554407125736,0.00014273089020409532,0.00023770163534209132,0.010799922743439282,0.010799922743439282,WINNER_HIGH,0.5092592592592593,0.9108465015462576,False,0.9533762992838261
taker_share__w240__pos,taker_share,108,0.3736671019966404,0.37530915909274315,-0.0016420570961027212,0.004251260310411453,-0.010629563096959754,0.010629563096959754,WINNER_LOW,0.5185185185185185,0.9122470124785363,True,0.9545564939070741
close_vs_ema48__w24__z,close_vs_ema48,108,-1.7301920784844294,-1.724336255683253,-0.005855822801176058,-0.012211686372757047,-0.010549089674288345,0.010549089674288345,WINNER_LOW,0.5,0.912908673466496,True,0.9549630963542736
close_vs_vwap240__w240__up_share,close_vs_vwap240,108,0.4983410495850775,0.49801697256388483,0.000324077021192621,-0.003333330154418973,0.01045244611279695,0.01045244611279695,WINNER_HIGH,0.5648148148148148,0.9137033679206582,True,0.9555085758428653
rebound_low240__w72__max,rebound_low240,108,0.1278742960550719,0.12700051860538897,0.0008737774496829066,-0.0012755513191223186,0.010310672192245518,0.010310672192245518,WINNER_HIGH,0.5092592592592593,0.9148693248391033,False,0.9555092595317114
stoch_k__d24,stoch_k,108,-35.33508529927995,-35.02372081500512,-0.3113644842748285,-2.948181915283204,-0.010218929090882975,0.010218929090882975,WINNER_LOW,0.5370370370370371,0.9156239245783208,True,0.9555092595317114
stoch_k__w24__diff_mean,stoch_k,108,-1.472295218595752,-1.4593217010299364,-0.012973517565815535,-0.12284082174301136,-0.01021892708443296,0.01021892708443296,WINNER_LOW,0.5370370370370371,0.9156239410824962,True,0.9555092595317114
close_vs_vwap24__w72__pos,close_vs_vwap24,108,0.19317459683925672,0.19164348725419217,0.001531109585064563,-0.022451884113252156,0.01019707464860084,0.01019707464860084,WINNER_HIGH,0.6018518518518519,0.915803691797097,True,0.9555092595317114
range_pct__w72__accel,range_pct,108,0.0066046559949999965,0.006440182532639517,0.00016447346236048,0.0007849641173379492,0.010196387796554657,0.010196387796554657,WINNER_HIGH,0.5277777777777778,0.9158093416795454,True,0.9555092595317114
range_pct__w240__accel,range_pct,108,0.0066046559949999965,0.006440182532639517,0.00016447346236048,0.0007849641173379492,0.010196387796554657,0.010196387796554657,WINNER_HIGH,0.5277777777777778,0.9158093416795454,True,0.9555092595317114
cci20__w72__diff_mean,cci20,108,-2.1464057595865733,-2.1272765256792168,-0.019129233907356293,-0.2621522708795964,-0.010196154388257599,0.010196154388257599,WINNER_LOW,0.5185185185185185,0.9158112616419631,True,0.9555092595317114
close_location__w24__q25,close_location,108,0.2442985413665021,0.2450204307648366,-0.000721889398334532,-0.0007432445883750888,-0.010186592433788022,0.010186592433788022,WINNER_LOW,0.5,0.9158899164856438,False,0.9555092595317114
atr72_pct__w72__up_share,atr72_pct,108,0.48058127529091305,0.4786522628256567,0.0019290124652562328,0.006944432854652377,0.01009786924033425,0.01009786924033425,WINNER_HIGH,0.5092592592592593,0.9166197765509156,True,0.9559283077233879
close_vs_sma72__w240__diff_mean,close_vs_sma72,108,-9.111296762293259e-05,-9.275593354274223e-05,1.6429659198096239e-06,1.23494001400104e-05,0.01004760408122079,0.01004760408122079,WINNER_HIGH,0.5555555555555556,0.9170333024920703,True,0.9559283077233879
ema_gap_72_168__d3,ema_gap_72_168,108,-0.0006626002627685752,-0.000669812814577721,7.212551809145757e-06,5.3950221627019346e-05,0.010038079924200563,0.010038079924200563,WINNER_HIGH,0.5370370370370371,0.9171116592542083,True,0.9559283077233879
close_vs_ema48__w72__late_vs_prev,close_vs_ema48,108,-0.004472565994580725,-0.004341427929513749,-0.0001311380650669754,-1.2606708332896103e-05,-0.009895064329827659,0.009895064329827659,WINNER_LOW,0.5,0.9182883691662623,True,0.9568696147122823
rebound_low24__d1,rebound_low24,108,-0.0033328067185080996,-0.0034196947174178955,8.688799890979628e-05,-0.00012659567873924945,0.00983709934734697,0.00983709934734697,WINNER_HIGH,0.5185185185185185,0.9187653478054267,True,0.9570814481011549
rsi14__d12,rsi14,108,-13.759343563130608,-13.66408971207975,-0.09525385105085614,-0.32901840209960964,-0.009729237851732863,0.009729237851732863,WINNER_LOW,0.5277777777777778,0.9196529905422998,True,0.9573891281721352
close_vs_ema72__w24__z,close_vs_ema72,108,-1.7450985028236001,-1.7504855616138901,0.005387058790290243,0.05259685516357426,0.009702072898810105,0.009702072898810105,WINNER_HIGH,0.5277777777777778,0.9198765597059438,True,0.9573891281721352
rebound_low24__w24__delta,rebound_low24,108,-0.01435602325275593,-0.014555048681008716,0.00019902542825278653,0.002408554934663698,0.009679666499271683,0.009679666499271683,WINNER_HIGH,0.5555555555555556,0.9200609705291312,True,0.9573891281721352
trades_rel72__w72__mean,trades_rel72,108,1.3240747462820124,1.327226547620915,-0.003151801338902229,-0.030996966361999556,-0.009659775294799881,0.009659775294799881,WINNER_LOW,0.5185185185185185,0.9202246842593126,False,0.9573891281721352
ema_gap_24_72__w72__late_vs_prev,ema_gap_24_72,108,-0.0007946829876312188,-0.0007230259446049348,-7.165704302628395e-05,0.0007152974896598607,-0.009634880800411104,0.009634880800411104,WINNER_LOW,0.5277777777777778,0.9204295821889387,True,0.9573891281721352
stoch_d__w240__q25,stoch_d,108,32.97377226087782,32.91587256325616,0.05789969762166341,-0.20832157135009766,0.00938837665296666,0.00938837665296666,WINNER_HIGH,0.5185185185185185,0.9224587590857449,False,0.9590393263381121
avg_trade_quote_rel72__w72__accel,avg_trade_quote_rel72,108,0.06931953127840879,0.07591973983626639,-0.00660020855785761,0.02758985832333563,-0.009342214573457795,0.009342214573457795,WINNER_LOW,0.5185185185185185,0.9228388141629246,True,0.9590393263381121
avg_trade_quote_rel72__w240__accel,avg_trade_quote_rel72,108,0.06931953127840879,0.07591973983626639,-0.00660020855785761,0.02758985832333563,-0.009342214573457795,0.009342214573457795,WINNER_LOW,0.5185185185185185,0.9228388141629246,True,0.9590393263381121
rsi6__w72__std,rsi6,108,15.856021598533347,15.877846082051596,-0.021824483518247135,0.0014147758483886719,-0.00915188013890699,0.00915188013890699,WINNER_LOW,0.5,0.9244060363315132,False,0.9603826230098935
atr6_pct__w24__std,atr6_pct,108,0.0024779871627860876,0.0024630492352082883,1.4937927577799814e-05,-0.0002673145732842386,0.009107043128869265,0.009107043128869265,WINNER_HIGH,0.5555555555555556,0.9247752697959302,False,0.9604808786683598
stoch_d__w72__pos,stoch_d,108,0.22434684944433952,0.22536140445973385,-0.0010145550153942593,0.0018112668767571501,-0.008847828426003157,0.008847828426003157,WINNER_LOW,0.5092592592592593,0.9269102264877349,True,0.9622596432578429
abs_body_pct__w240__late_vs_prev,abs_body_pct,108,0.00010312924121922993,0.0001168352093760337,-1.3705968156803762e-05,0.00022908734608790833,-0.008832287360889347,0.008832287360889347,WINNER_LOW,0.5740740740740741,0.9270382436762004,True,0.9622596432578429
quote_volume_rel24__w240__diff_mean,quote_volume_rel24,108,0.003333525630026728,0.003406741463824877,-7.321583379814867e-05,9.188084441120732e-05,-0.008720731990903235,0.008720731990903235,WINNER_LOW,0.5,0.9279572202902279,True,0.9627797269191247
quote_volume_rel24__w72__q10,quote_volume_rel24,108,0.5228799346972395,0.5220269966456624,0.0008529380515769696,0.014481085538864152,0.008673716882966597,0.008673716882966597,WINNER_HIGH,0.5740740740740741,0.9283445530478706,False,0.9627797269191247
atr14_pct__w24__up_share,atr14_pct,108,0.5354938295980295,0.5366512368122737,-0.001157407214244208,-2.086162570469341e-08,-0.008666183916844141,0.008666183916844141,WINNER_LOW,0.5092592592592593,0.9284066147982759,True,0.9627797269191247
lower_wick__w72__late_vs_prev,lower_wick,108,0.013392082868786357,0.01412310881183927,-0.0007310259430529123,-0.004332427307963372,-0.008637789139853152,0.008637789139853152,WINNER_LOW,0.5185185185185185,0.928640554446156,True,0.9627797269191247
rsi24__w24__q75,rsi24,108,53.330702975944234,53.26401024571172,0.06669273023252138,0.18472747802734446,0.008604129493587855,0.008604129493587855,WINNER_HIGH,0.5092592592592593,0.9289178785394954,False,0.9627818083143495
volume_rel72__w72__q10,volume_rel72,108,0.5116961857786885,0.5130142615349206,-0.001318075756231942,-0.006780946254730247,-0.008555857140486421,0.008555857140486421,WINNER_LOW,0.5092592592592593,0.9293156129811498,False,0.9629086514355796
ema_gap_72_168__w240__q90,ema_gap_72_168,108,0.017178212426693387,0.017040271940654578,0.0001379404860388065,-0.0009114781394600861,0.008492887095869945,0.008492887095869945,WINNER_HIGH,0.5648148148148148,0.9298344742418673,False,0.9631608875662944
atr6_pct__w72__diff_std,atr6_pct,108,0.0011696094702023806,0.001164787854671616,4.821615530764333e-06,1.0180240496993022e-05,0.008393803148019609,0.008393803148019609,WINNER_HIGH,0.5185185185185185,0.9306509683925305,True,0.9634412276611889
ema_gap_6_24__w24__late_vs_prev,ema_gap_6_24,108,-0.003221720263283074,-0.00325363622896812,3.191596568504561e-05,6.673261523246752e-05,0.008360054227085252,0.008360054227085252,WINNER_HIGH,0.5277777777777778,0.9309290908936956,True,0.9634412276611889
volume_rel240__w240__late_vs_prev,volume_rel240,108,0.01801627812286218,0.012117391380511615,0.005898886742350583,0.029553089290857287,0.00835974618663041,0.00835974618663041,WINNER_HIGH,0.5185185185185185,0.9309316294730218,True,0.9634412276611889
avg_trade_quote_rel24__w72__std,avg_trade_quote_rel24,108,0.25950877202881706,0.2590298466936306,0.00047892533518650035,-0.002832548320293421,0.00821428851938596,0.00821428851938596,WINNER_HIGH,0.5277777777777778,0.9321304337324343,False,0.9643964872077878
macd_hist_pct__w240__max,macd_hist_pct,108,0.004798981775012281,0.004785855908240018,1.312586677226206e-05,-0.00016093188896775228,0.008015205503442743,0.008015205503442743,WINNER_HIGH,0.5462962962962963,0.9337714493456359,False,0.9658085650285978
quote_volume_rel72__w72__q90,quote_volume_rel72,108,2.845217807425393,2.853212465842565,-0.007994658417171882,-0.20294127464294442,-0.007881404110126439,0.007881404110126439,WINNER_LOW,0.5740740740740741,0.9348745177939061,False,0.9658141855661031
rebound_low24__w24__up_share,rebound_low24,108,0.4506172866181091,0.4499228416217698,0.0006944449963393077,1.192092893842478e-08,0.007877471163909903,0.007877471163909903,WINNER_HIGH,0.5185185185185185,0.9349069432183068,True,0.9658141855661031
close_vs_vwap72__w240__delta,close_vs_vwap72,108,-0.020007477922330576,-0.020275394644192635,0.00026791672186205997,0.0036424439633265127,0.007864957904705058,0.007864957904705058,WINNER_HIGH,0.5740740740740741,0.9350101103052498,True,0.9658141855661031
body_pct__w72__late_vs_prev,body_pct,108,-0.001161272957401875,-0.0011728744478617685,1.1601490459893428e-05,0.00014265602512750772,0.007862927422050515,0.007862927422050515,WINNER_HIGH,0.5462962962962963,0.9350268509707823,True,0.9658141855661031
mfi14__w240__max,mfi14,108,89.52995823047779,89.48351181877985,0.046446411697952966,0.4201599121093764,0.007814835410097825,0.007814835410097825,WINNER_HIGH,0.5277777777777778,0.9354233623837305,False,0.9658141855661031
close_vs_ema24__w72__pos,close_vs_ema24,108,0.2040021943286303,0.20540397955337542,-0.0014017852247451173,-0.039347037486732,-0.007813547009537927,0.007813547009537927,WINNER_LOW,0.6111111111111112,0.9354339852766346,True,0.9658141855661031
stoch_k__w240__min,stoch_k,108,1.427142995886108,1.4119105837846833,0.015232412101424928,-0.0055789724225178364,0.007584740693363196,0.007584740693363196,WINNER_HIGH,0.5185185185185185,0.9373206818010826,False,0.9674765124729592
avg_trade_quote_rel240__d12,avg_trade_quote_rel240,108,0.09403209104547622,0.09148350030063065,0.0025485907448455714,-0.00795001070946455,0.007536609113090913,0.007536609113090913,WINNER_HIGH,0.5277777777777778,0.9377176121205045,True,0.9676006165787561
volume_rel72__w24__late_vs_prev,volume_rel72,108,0.3760766730237837,0.3841805981017253,-0.008103925077941493,0.04924204256385564,-0.007477796844885513,0.007477796844885513,WINNER_LOW,0.5370370370370371,0.938202644967571,True,0.9678155308116801
dist_high240__w72__delta,dist_high240,108,-0.021518612248958863,-0.02123092023664665,-0.0002876920123122129,0.0029362817527726287,-0.0074432456252847825,0.0074432456252847825,WINNER_LOW,0.5555555555555556,0.9384876044716403,True,0.9678239908101817
trades_rel240__w24__std,trades_rel240,108,0.8014539460893031,0.7976983728508157,0.0037555732384875937,-0.09218786954879765,0.007316906753738836,0.007316906753738836,WINNER_HIGH,0.6203703703703703,0.9395296459039503,False,0.9686129633626516
lower_wick__w24__accel,lower_wick,108,-0.06388110625643835,-0.05967865294293949,-0.004202453313498845,-0.004810589738190173,-0.007255359554560689,0.007255359554560689,WINNER_LOW,0.5,0.9400373245819422,True,0.9688507291668293
stoch_k__w240__q75,stoch_k,108,76.18036164177789,76.21817002473054,-0.03780838295265533,1.2529296875,-0.006944705052132541,0.006944705052132541,WINNER_LOW,0.5462962962962963,0.9426001644466451,False,0.9710321090109433
stoch_k__w240__delta,stoch_k,108,-32.44045347334058,-32.21155714000817,-0.228896333332415,-0.456870219111444,-0.006931492115773987,0.006931492115773987,WINNER_LOW,0.5,0.9427091821824857,True,0.9710321090109433
close_vs_vwap240__w24__z,close_vs_vwap240,108,-1.755221008564587,-1.7591679491900354,0.00394694062544862,0.0246607422828673,0.006814578623925004,0.006814578623925004,WINNER_HIGH,0.5185185185185185,0.9436738631046873,True,0.9717395463124533
avg_trade_quote_rel240__w72__diff_mean,avg_trade_quote_rel240,108,0.001121135856616699,0.0011659493587406662,-4.4813502123967425e-05,0.00047501682274742063,-0.006760653195375641,0.006760653195375641,WINNER_LOW,0.5185185185185185,0.9441188429129269,True,0.9719115671670607
avg_trade_quote_rel240__w72__z,avg_trade_quote_rel240,108,0.3401253273623297,0.33313413427326677,0.006991193089062884,-0.05727306045591832,0.006712411584126391,0.006712411584126391,WINNER_HIGH,0.5185185185185185,0.9445169362032474,True,0.9720352342268264
close_vs_ema24__w72__late_vs_prev,close_vs_ema24,108,-0.0038540136420124327,-0.003919598004655132,6.558436264269926e-05,0.00027432651841081696,0.006550617301903827,0.006550617301903827,WINNER_HIGH,0.5370370370370371,0.945852176424344,True,0.9731229952797679
lower_wick__w240__q90,lower_wick,108,0.6033200058672163,0.6031229257583618,0.00019708010885450636,0.00450250506401062,0.006473586426482256,0.006473586426482256,WINNER_HIGH,0.5462962962962963,0.9464879438316303,False,0.9733709234843585
close_vs_ema48__w72__mean,close_vs_ema48,108,0.0012104109742654987,0.0012903708604224248,-7.995988615692566e-05,-0.0002612930082250384,-0.006453970724473438,0.006453970724473438,WINNER_LOW,0.5092592592592593,0.9466498458022029,False,0.9733709234843585
atr6_pct__w72__up_share,atr6_pct,108,0.5012860085677218,0.501594654387898,-0.0003086458201761635,-0.001388901472091697,-0.006274488448582824,0.006274488448582824,WINNER_LOW,0.5185185185185185,0.9481313401943223,True,0.9746076709757628
upper_wick__w240__pos,upper_wick,108,0.2074882673715466,0.20860959288485093,-0.0011213255133043275,-0.013961827829371033,-0.00623338920181963,0.00623338920181963,WINNER_LOW,0.5277777777777778,0.9484706100760645,True,0.9746699157907722
trades_rel24__w24__up_share,trades_rel24,108,0.4818672877218988,0.482330249581072,-0.0004629618591732422,-2.980232227667301e-09,-0.0061421912369565,0.0061421912369565,WINNER_LOW,0.5,0.9492234732588313,True,0.9751570170347041
close_location__w24__max,close_location,108,0.9735980304302992,0.9738025968825376,-0.00020456645223829688,0.0043027579784393755,-0.006102460095068102,0.006102460095068102,WINNER_LOW,0.5833333333333334,0.9495514786998789,False,0.9752074951581429
ema24_slope_6h__w240__delta,ema24_slope_6h,108,-0.0046103853809890336,-0.004560675811168309,-4.970956982072464e-05,0.0017072122660465538,-0.006002644826934842,0.006002644826934842,WINNER_LOW,0.5740740740740741,0.9503755543269207,True,0.9752818314471215
trades_rel72__w240__std,trades_rel72,108,0.972403872344229,0.9740241105909702,-0.0016202382467411195,-0.00443710088729854,-0.005971870617382667,0.005971870617382667,WINNER_LOW,0.5092592592592593,0.9506296373361156,False,0.9752818314471215
abs_body_pct__w72__accel,abs_body_pct,108,0.004551788943562888,0.004485571291311149,6.621765225173912e-05,0.0003119845059700309,0.005958573668317901,0.005958573668317901,WINNER_HIGH,0.5370370370370371,0.9507394233352123,True,0.9752818314471215
abs_body_pct__w240__accel,abs_body_pct,108,0.004551788943562888,0.004485571291311149,6.621765225173912e-05,0.0003119845059700309,0.005958573668317901,0.005958573668317901,WINNER_HIGH,0.5370370370370371,0.9507394233352123,True,0.9752818314471215
close_vs_vwap72__w72__late_vs_prev,close_vs_vwap72,108,-0.004674463191467685,-0.0047560469065973405,8.158371512965651e-05,3.543044440448297e-05,0.005843523872078935,0.005843523872078935,WINNER_HIGH,0.5092592592592593,0.9516893690902133,True,0.9753945590492045
close_vs_ema240__w72__q90,close_vs_ema240,108,0.029818822213672793,0.03008095027471427,-0.000262128061041477,-0.004176889592781663,-0.005828296351119924,0.005828296351119924,WINNER_LOW,0.5370370370370371,0.9518151052756401,False,0.9753945590492045
cci20__w24__q10,cci20,108,-130.95606925835213,-131.3166889624463,0.3606197040941976,1.7131421566009593,0.005782908079865239,0.005782908079865239,WINNER_HIGH,0.5185185185185185,0.9521898910208512,False,0.9753945590492045
close_vs_ema240__w240__z,close_vs_ema240,108,-0.9131307831654946,-0.9057348387798778,-0.007395944385616879,0.014781133085489229,-0.005781780459272684,0.005781780459272684,WINNER_LOW,0.5092592592592593,0.9521992022883718,True,0.9753945590492045
ema168_slope_24h__w240__up_share,ema168_slope_24h,108,0.4790123483097112,0.479544752449901,-0.0005324041401898358,0.0025000005960464644,-0.005776363771280281,0.005776363771280281,WINNER_LOW,0.5092592592592593,0.9522439303957633,True,0.9753945590492045
rsi14__w24__delta,rsi14,108,-15.017745872821521,-15.077097077971253,0.05935120514973438,0.855271768569946,0.0057247347414514016,0.0057247347414514016,WINNER_HIGH,0.5370370370370371,0.9526702628995674,True,0.9755455078652377
close_location__w240__mean,close_location,108,0.5160330244236522,0.516130041413837,-9.701699018478671e-05,-8.733570575714111e-05,-0.00567350474896968,0.00567350474896968,WINNER_LOW,0.5,0.953093313885012,False,0.975569658127939
rsi14__w24__late_vs_prev,rsi14,108,-6.131881620596956,-6.098210902308562,-0.03367071828839419,-0.0726401731371884,-0.005654313843005023,0.005654313843005023,WINNER_LOW,0.5092592592592593,0.9532517934867509,True,0.975569658127939
rsi24__w24__max,rsi24,108,57.667511304219566,57.62434240976969,0.04316889444986987,0.5776332855224595,0.00557717721906118,0.00557717721906118,WINNER_HIGH,0.5370370370370371,0.9538888109954091,False,0.9759359777796798
rebound_low240__w240__up_share,rebound_low240,108,0.49733796191436275,0.49750771268650346,-0.0001697507721406399,-0.0037500023841858243,-0.0055391403928717435,0.0055391403928717435,WINNER_LOW,0.5277777777777778,0.9542029416028889,True,0.9759718300044757
avg_trade_quote_rel24__w72__diff_std,avg_trade_quote_rel24,108,0.26079333380416586,0.26049386290488413,0.00029947089928167867,-0.004268263280391704,0.005441229873072783,0.005441229873072783,WINNER_HIGH,0.5277777777777778,0.9550115776526388,True,0.9762150657272498
avg_trade_quote_rel72__w24__q90,avg_trade_quote_rel72,108,1.323483571962074,1.3221074353765558,0.0013761365855181637,-0.03947017192840585,0.005439686574290747,0.005439686574290747,WINNER_HIGH,0.6018518518518519,0.9550243240261534,False,0.9762150657272498
rsi6__w72__q90,rsi6,108,70.60934910950837,70.56656886913159,0.0427802403767905,-0.834566497802733,0.005408945105489288,0.005408945105489288,WINNER_HIGH,0.5277777777777778,0.9552782255986986,False,0.9762150657272498
ema168_slope_24h__w240__z,ema168_slope_24h,108,-0.24177567245162748,-0.24932882826671832,0.007553155815090866,0.03366253823041916,0.005371592293018251,0.005371592293018251,WINNER_HIGH,0.5092592592592593,0.95558673812281,True,0.9762450549855293
mfi14__w240__late_vs_prev,mfi14,105,-1.3338869895253862,-1.2642167178186634,-0.06967027170672314,-0.08957431316375741,-0.005272130004858927,0.005272130004858927,WINNER_LOW,0.5047619047619047,0.957020275789915,True,0.9763649879107907
ema24_slope_6h__w72__diff_mean,ema24_slope_6h,108,-7.069872311799625e-05,-7.130276694424623e-05,6.040438262499691e-07,9.961356590793004e-06,0.005271081272239425,0.005271081272239425,WINNER_HIGH,0.5370370370370371,0.9564169341209324,True,0.9763649879107907
rsi6__w24__diff_mean,rsi6,108,-1.040708817610586,-1.044854344798821,0.0041455271882350165,-0.037794587761163734,0.005243084203045928,0.005243084203045928,WINNER_HIGH,0.5462962962962963,0.9566481915162423,True,0.9763649879107907
rsi6__d24,rsi6,108,-24.97701179208579,-25.076504361519113,0.09949256943331816,-0.9070700526237498,0.005243079826006309,0.005243079826006309,WINNER_HIGH,0.5462962962962963,0.95664822767113,True,0.9763649879107907
log_ret__w72__late_vs_prev,log_ret,108,-0.001162990858019881,-0.0011706389284042913,7.648070384410252e-06,0.0001541115605505184,0.005188370942269472,0.005188370942269472,WINNER_HIGH,0.5462962962962963,0.95710013684821,True,0.9763649879107907
upper_wick__w24__up_share,upper_wick,108,0.48958333526496534,0.4891975345434967,0.0003858007214687463,-2.980232227667301e-09,0.005100710946034963,0.005100710946034963,WINNER_HIGH,0.5,0.9578242596152344,True,0.9768187331217483
trades_rel240__w72__min,trades_rel240,108,0.4344175424840715,0.4338440570290442,0.0005734854550273318,-0.013216093182563782,0.004992957121714332,0.004992957121714332,WINNER_HIGH,0.5833333333333334,0.9587144174321324,False,0.9774414920583577
close_vs_ema6__w240__pos,close_vs_ema6,108,0.31554504201092104,0.3149311335515921,0.0006139084593289434,-0.006181567907333374,0.004919560552378754,0.004919560552378754,WINNER_HIGH,0.5277777777777778,0.9593207788173853,True,0.9776072878615246
rsi24__w24__delta,rsi24,108,-9.830459611421382,-9.863082753765152,0.03262314234377328,0.4309907481074333,0.0049055960201349275,0.0049055960201349275,WINNER_HIGH,0.5370370370370371,0.9594361486819424,True,0.9776072878615246
volume_rel72__w72__q90,volume_rel72,108,2.8537094085304826,2.8486512261408343,0.005058182389647853,-0.197348165512085,0.004761453487900405,0.004761453487900405,WINNER_HIGH,0.5740740740740741,0.9606270515294965,False,0.9785356245845176
taker_share__w240__up_share,taker_share,108,0.5001543183569555,0.500038575022309,0.00011574333464657942,0.001666662096977245,0.004569837773566721,0.004569837773566721,WINNER_HIGH,0.5092592592592593,0.9622103143931907,True,0.9798629788680804
volume_rel24__d12,volume_rel24,108,1.020905284969895,1.0116022485019465,0.009303036467948353,0.12911085225641727,0.004429109238564529,0.004429109238564529,WINNER_HIGH,0.5092592592592593,0.9633732084544443,True,0.980145481852348
mfi14__w24__q25,mfi14,108,39.77460626319603,39.83374880331535,-0.05914254011931258,0.38774433135986186,-0.004398127614156675,0.004398127614156675,WINNER_LOW,0.5185185185185185,0.9636292322438632,False,0.980145481852348
close_vs_sma24__w24__z,close_vs_sma24,108,-1.5905598041049585,-1.593551247052986,0.0029914429480279088,-0.0898522570729256,0.004396216275342549,0.004396216275342549,WINNER_HIGH,0.5648148148148148,0.9636450271572152,True,0.980145481852348
body_pct__w72__min,body_pct,108,-0.018593191182137363,-0.01855636055288077,-3.6830629256588606e-05,0.0007860587909817689,-0.004368115398454491,0.004368115398454491,WINNER_LOW,0.5740740740740741,0.9638772487276598,False,0.980145481852348
atr6_pct__w72__pos,atr6_pct,108,0.49022390246951814,0.4891972852270421,0.0010266172424760744,-0.007863526418805125,0.004289897312504179,0.004289897312504179,WINNER_HIGH,0.5092592592592593,0.9645236479431207,True,0.980145481852348
volume_rel72__w72__std,volume_rel72,108,1.23299154970381,1.2357880784957498,-0.002796528791939775,-0.11942736506462093,-0.0042790523124878145,0.0042790523124878145,WINNER_LOW,0.5648148148148148,0.9646132735861529,False,0.980145481852348
rebound_low24__w72__z,rebound_low24,108,-0.9372455551293334,-0.9398080577694432,0.0025625026401097876,-0.07727340757846834,0.004275791049362786,0.004275791049362786,WINNER_HIGH,0.5833333333333334,0.9646402255240438,True,0.980145481852348
quote_volume_rel240__w72__diff_std,quote_volume_rel240,108,1.0834710065413404,1.0861354234593887,-0.0026644169180481524,-0.041093212366104026,-0.004264930238331459,0.004264930238331459,WINNER_LOW,0.5277777777777778,0.9647299824237294,True,0.980145481852348
close_vs_vwap72__w24__z,close_vs_vwap72,108,-1.733858259243856,-1.7366188803756677,0.0027606211318117217,-0.04867053031921387,0.004191814852608599,0.004191814852608599,WINNER_HIGH,0.5370370370370371,0.96533424096459,True,0.9804745398353678
bb_z__w24__q75,bb_z,108,0.5524221572300626,0.5491814177724774,0.0032407394575851805,0.138638436794281,0.00413072600439626,0.00413072600439626,WINNER_HIGH,0.5462962962962963,0.9658391222675109,False,0.9807025001653558
taker_share__w240__q75,taker_share,108,0.5305638876226213,0.5305332861564778,3.06014661435738e-05,0.0005180954933166615,0.0040444952224339544,0.0040444952224339544,WINNER_HIGH,0.5277777777777778,0.9665518178234259,False,0.9811412792245343
taker_share__w24__max,taker_share,108,0.5991985196316684,0.5993520406661211,-0.00015352103445265172,0.000993824005126931,-0.003893983398148174,0.003893983398148174,WINNER_LOW,0.5092592592592593,0.9677958593879016,False,0.9821190134299165
log_ret__w72__min,log_ret,108,-0.018807497500717914,-0.0187748477914957,-3.264970922221759e-05,0.0008148075081408019,-0.003773635261294935,0.003773635261294935,WINNER_LOW,0.5740740740740741,0.9687906431159905,False,0.9825297521755131
mfi14__w72__z,mfi14,108,-0.8828938221903863,-0.8857911790682311,0.002897356877845051,0.11768295988440511,0.0037223563192677507,0.0037223563192677507,WINNER_HIGH,0.5185185185185185,0.9692145239517719,True,0.9825297521755131
ema72_slope_12h__d24,ema72_slope_12h,108,-0.002162097676992508,-0.0021859710679639948,2.3873390971487078e-05,0.0003665026335511357,0.00370906184995923,0.00370906184995923,WINNER_HIGH,0.5092592592592593,0.9693244198391928,True,0.9825297521755131
ema72_slope_12h__w24__diff_mean,ema72_slope_12h,108,-9.008740507999425e-05,-9.108212833737115e-05,9.947232573768693e-07,1.5270942731149263e-05,0.0037090567015031924,0.0037090567015031924,WINNER_HIGH,0.5092592592592593,0.9693244623979183,True,0.9825297521755131
close_vs_vwap72__w240__diff_mean,close_vs_vwap72,108,-8.494023732434168e-05,-8.544039316268063e-05,5.001558383389267e-07,8.494505300404848e-06,0.0035783951677718115,0.0035783951677718115,WINNER_HIGH,0.5370370370370371,0.9704045791274004,True,0.9833395575799825
close_location__w240__delta,close_location,108,-0.21520301726370775,-0.21392306851471907,-0.0012799487489886488,-0.05631706849671901,-0.003453137763153696,0.003453137763153696,WINNER_LOW,0.5555555555555556,0.9714400742028252,True,0.9839492634414249
dist_high240__w240__z,dist_high240,108,-0.9526594977705153,-0.9573107682685886,0.004651270498073216,0.0644954055547714,0.0034375423558171037,0.0034375423558171037,WINNER_HIGH,0.5277777777777778,0.9715690039071319,True,0.9839492634414249
upper_wick__w240__mean,upper_wick,108,0.26645685028698707,0.2664026506521084,5.419963487872561e-05,-0.00015786290168762207,0.0033766863051398793,0.0033766863051398793,WINNER_HIGH,0.5,0.9720721176985992,False,0.9841737682663584
trades_rel240__w72__accel,trades_rel240,108,1.0228846521748454,1.0308741540165134,-0.00798950184166807,-0.10940466076135635,-0.00327589729211873,0.00327589729211873,WINNER_LOW,0.5092592592592593,0.9729053930187679,True,0.9844473840817799
trades_rel240__w240__accel,trades_rel240,108,1.0228846521748454,1.0308741540165134,-0.00798950184166807,-0.10940466076135635,-0.00327589729211873,0.00327589729211873,WINNER_LOW,0.5092592592592593,0.9729053930187679,True,0.9844473840817799
trades_rel72__w24__up_share,trades_rel72,108,0.4803240768335484,0.4805555589773036,-0.00023148214375530852,0.0,-0.0032191817089995945,0.0032191817089995945,WINNER_LOW,0.49074074074074076,0.9733743035606937,True,0.9846369509840166
mfi14__w24__z,mfi14,108,-0.9743016646588566,-0.9710974821924336,-0.0032041824664230563,-0.04076329842209811,-0.0031404909509259536,0.0031404909509259536,WINNER_LOW,0.5185185185185185,0.9740249148856956,True,0.9847678588372424
mfi14__w24__min,mfi14,108,26.191126289191068,26.159505919173917,0.031620370017157756,-0.380799484252929,0.003135410394903342,0.003135410394903342,WINNER_HIGH,0.5277777777777778,0.9740669212805323,False,0.9847678588372424
macd_signal_pct__w240__q90,macd_signal_pct,108,0.006901433021994308,0.006889181505755039,1.2251516239269254e-05,-0.0008241611532866957,0.0030960350283113893,0.0030960350283113893,WINNER_HIGH,0.5740740740740741,0.9743924820476376,False,0.9848122860464129
avg_trade_quote_rel240__w240__delta,avg_trade_quote_rel240,108,0.06225618681680687,0.06366851896961669,-0.001412332152809819,0.02558823525905609,-0.0030000325691712047,0.0030000325691712047,WINNER_LOW,0.5185185185185185,0.975186261168994,True,0.9853297761652621
close_location__w24__delta,close_location,108,-0.2511540156858111,-0.2501229415600257,-0.0010310741257853904,-0.02582526057958602,-0.0029201285251600445,0.0029201285251600445,WINNER_LOW,0.5370370370370371,0.975846952468424,True,0.9856986195385866
quote_volume_rel72__w24__up_share,quote_volume_rel72,108,0.48726852072609794,0.4875000028698533,-0.0002314821437553111,0.004166665673255909,-0.0028877057362165846,0.0028877057362165846,WINNER_LOW,0.5277777777777778,0.9761150470294897,True,0.9856986195385866
ema72_slope_12h__w24__delta,ema72_slope_12h,108,-0.002191957538528826,-0.0022078140206489207,1.5856482120095032e-05,0.00017484891868662093,0.0025628926623143043,0.0025628926623143043,WINNER_HIGH,0.5185185185185185,0.9788009772788807,True,0.9881255824319416
ema24_slope_6h__w72__delta,ema24_slope_6h,108,-0.005150558230660089,-0.005171714552313831,2.1156321653742695e-05,0.001185113505925983,0.002511278833031958,0.002511278833031958,WINNER_HIGH,0.5740740740740741,0.979227803368244,True,0.9882711770212841
quote_volume_rel240__w240__max,quote_volume_rel240,108,10.40991022851732,10.398396611213682,0.011513617303636339,-0.5736711502075198,0.002356764135993809,0.002356764135993809,WINNER_HIGH,0.5925925925925926,0.9805056147640275,False,0.9892752841401627
avg_trade_quote_rel24__d6,avg_trade_quote_rel24,108,0.09635586127707804,0.09546086482438888,0.0008949964526891617,-0.014947689883410937,0.0023199809380202116,0.0023199809380202116,WINNER_HIGH,0.5092592592592593,0.9808098134238763,True,0.9892967746014696
cci20__d24,cci20,108,-156.60008789322995,-156.31212008551316,-0.2879678077167951,-20.103120422363283,-0.0022181189119763363,0.0022181189119763363,WINNER_LOW,0.5555555555555556,0.9816522314756828,True,0.9895757308684819
cci20__w24__diff_mean,cci20,108,-6.525003639981151,-6.513005048091765,-0.011998591889385827,-0.8376300811767581,-0.0022181065711256143,0.0022181065711256143,WINNER_LOW,0.5555555555555556,0.9816523335381081,True,0.9895757308684819
avg_trade_quote_rel24__w72__q75,avg_trade_quote_rel24,108,1.1827442171397033,1.182579788013741,0.00016442912596243892,-0.004491567611694336,0.002103586418895477,0.002103586418895477,WINNER_HIGH,0.5555555555555556,0.9825994613987138,False,0.9901198885539823
quote_volume_rel24__d12,quote_volume_rel24,108,0.9618524160857002,0.9660873144623581,-0.004234898376657996,0.12521508634090422,-0.0020687209431981667,0.0020687209431981667,WINNER_LOW,0.5092592592592593,0.9828878179499457,True,0.9901198885539823
rsi24__w72__mean,rsi24,108,51.003516868308736,51.016306050618496,-0.01278918230975121,-0.47917060852050497,-0.0020501347964493864,0.0020501347964493864,WINNER_LOW,0.5277777777777778,0.9830415364768162,False,0.9901198885539823
rebound_low240__w24__q90,rebound_low240,108,0.10362032288685441,0.10376539103410863,-0.00014506814725421074,-0.0077857717871666,-0.0018391522016753255,0.0018391522016753255,WINNER_LOW,0.5648148148148148,0.984786531824439,False,0.9913200718475247
close_vs_ema72__w72__late_vs_prev,close_vs_ema72,108,-0.0046117978212755085,-0.0046377509831169545,2.5953161841445888e-05,0.00029964870191179216,0.0017675917279893457,0.0017675917279893457,WINNER_HIGH,0.5092592592592593,0.9853784115476641,True,0.9913200718475247
lower_wick__w240__diff_mean,lower_wick,108,-0.00012154718032183116,-0.00011972884052250761,-1.8183397993235728e-06,3.612219322803866e-05,-0.0017613594377998973,0.0017613594377998973,WINNER_LOW,0.5277777777777778,0.9854299594761392,True,0.9913200718475247
quote_volume_rel72__w72__q10,quote_volume_rel72,108,0.5128216405433638,0.5125555391112964,0.0002661014320673742,-0.006073546409606945,0.0017387824464856448,0.0017387824464856448,WINNER_HIGH,0.5185185185185185,0.9856166966637366,False,0.9913200718475247
dist_high240__w24__up_share,dist_high240,108,0.452546297400086,0.4523919775530145,0.00015431984707161295,0.004166665673255909,0.001734692392257535,0.001734692392257535,WINNER_HIGH,0.5092592592592593,0.9856505261120513,True,0.9913200718475247
macd_signal_pct__w72__mean,macd_signal_pct,108,0.0005120200643836546,0.0005056354210763755,6.384643307279055e-06,-0.00010988014983013259,0.0016525806511703816,0.0016525806511703816,WINNER_HIGH,0.5185185185185185,0.9863296900171342,False,0.9914803172695856
macd_signal_pct__w240__q75,macd_signal_pct,108,0.0037423634523495114,0.0037474110460270485,-5.04759367753723e-06,-0.0003493908938253297,-0.0016468727978262837,0.0016468727978262837,WINNER_LOW,0.5370370370370371,0.986376901281352,False,0.9914803172695856
quote_volume_rel240__w24__late_vs_prev,quote_volume_rel240,108,0.3702759959010614,0.3686807346421389,0.0015952612589225656,-0.015765989851206544,0.0014516390034350084,0.0014516390034350084,WINNER_HIGH,0.5185185185185185,0.9879917630464476,True,0.9925350428063375
close_vs_ema72__w240__q75,close_vs_ema72,108,0.01527161750965644,0.015292871210732736,-2.125370107629965e-05,-1.4083646237849495e-05,-0.0014513870250890614,0.0014513870250890614,WINNER_LOW,0.5,0.9879938473002177,False,0.9925350428063375
trades_rel24__w240__late_vs_prev,trades_rel24,108,0.008311467296961281,0.008716677756833461,-0.00040521045987218095,0.015928524453192955,-0.0013082637767455948,0.0013082637767455948,WINNER_LOW,0.5277777777777778,0.9891777126883885,True,0.9932186932379342
upper_wick__d24,upper_wick,108,-0.09385848401062605,-0.09422879618405543,0.00037031217342937294,0.02480827800463885,0.001266107252408079,0.001266107252408079,WINNER_HIGH,0.5370370370370371,0.9895264214198741,True,0.9932186932379342
upper_wick__w24__diff_mean,upper_wick,108,-0.003910770135108679,-0.003926199795863863,1.5429660755182978e-05,0.0010336781029764098,0.0012661061622059482,0.0012661061622059482,WINNER_HIGH,0.5370370370370371,0.9895264304377932,True,0.9932186932379342
ema_gap_24_72__w24__q75,ema_gap_24_72,108,0.0038054834690734018,0.003819953199665718,-1.4469730592315485e-05,-0.0014752728049643338,-0.0011375113605369648,0.0011375113605369648,WINNER_LOW,0.5555555555555556,0.9905901482666417,False,0.9937588672111043
volume_rel24__w240__diff_mean,volume_rel24,108,0.003604359194098463,0.0036137730111847673,-9.413817086304464e-06,4.1527589200995906e-05,-0.0010877827638456085,0.0010877827638456085,WINNER_LOW,0.5,0.9910015007674167,True,0.9937588672111043
macd_fast_hist_pct__w24__mean,macd_fast_hist_pct,108,-0.00042586424068615625,-0.0004266284448670342,7.642041808779729e-07,-2.2819614969193827e-06,0.001072356869640468,0.001072356869640468,WINNER_HIGH,0.5,0.991129103502064,False,0.9937588672111043
stoch_k__w240__diff_mean,stoch_k,108,-0.13391277334691645,-0.1340611782222738,0.0001484048753573685,0.015191218070685866,0.001055083010538795,0.001055083010538795,WINNER_HIGH,0.5277777777777778,0.9912719928438624,True,0.9937588672111043
atr6_pct__d12,atr6_pct,108,0.0022605611590830886,0.0022564828555914573,4.078303491631373e-06,0.00014172530791256574,0.0010292759016216982,0.0010292759016216982,WINNER_HIGH,0.5092592592592593,0.9914854697453654,True,0.9937588672111043
avg_trade_quote_rel72__w72__late_vs_prev,avg_trade_quote_rel72,108,0.004565535759967234,0.004349150725613948,0.00021638503435328618,0.004516543447971345,0.000988340066985179,0.000988340066985179,WINNER_HIGH,0.5092592592592593,0.9918240930187955,True,0.9938134250105237
ema_gap_6_24__w72__accel,ema_gap_6_24,108,-0.006201363991378996,-0.006209085532215239,7.721540836242654e-06,0.00028395641711540507,0.0005565301661821103,0.0005565301661821103,WINNER_HIGH,0.5092592592592593,0.9953961251094512,True,0.9968213772931703
ema_gap_6_24__w240__accel,ema_gap_6_24,108,-0.006201363991378996,-0.006209085532215239,7.721540836242654e-06,0.00028395641711540507,0.0005565301661821103,0.0005565301661821103,WINNER_HIGH,0.5092592592592593,0.9953961251094512,True,0.9968213772931703
close_vs_sma72__w72__mean,close_vs_sma72,108,0.0025611609507231385,0.0025515749506532163,9.586000069921488e-06,-0.0011552090058103205,0.0004957899590517359,0.0004957899590517359,WINNER_HIGH,0.5277777777777778,0.9958985914280315,False,0.9970390421482468
rsi6__w240__delta,rsi6,108,-23.6041182068487,-23.5950574803511,-0.009060726497598322,0.386109483242036,-0.0004285346697702058,0.0004285346697702058,WINNER_LOW,0.5,0.9964549549239806,True,0.9971275844287505
stoch_d__w24__pos,stoch_d,108,0.19628856749989576,0.19622137269255258,6.719480734318122e-05,-0.015117967128753651,0.0004161618212041655,0.0004161618212041655,WINNER_HIGH,0.6111111111111112,0.9965573084296491,True,0.9971275844287505
close_vs_sma72__w24__z,close_vs_sma72,108,-1.7128817968380947,-1.7126376562648347,-0.00024414057325985902,-0.04306821972131719,-0.00038076908197437215,0.00038076908197437215,WINNER_LOW,0.5185185185185185,0.996850092647331,True,0.9971352328340151
atr72_pct__w72__pos,atr72_pct,108,0.5732079309202028,0.573113442827512,9.448809269087923e-05,0.00681654906948097,0.00023605792128611737,0.00023605792128611737,WINNER_HIGH,0.5277777777777778,0.9980472107033712,True,0.9980472107033712
upper_wick__w240__min,upper_wick,108,0.0,0.0,0.0,0.0,,,WINNER_LOW,0.0,,False,
