target,feature,gain,gain_share
ANCHOR,close_vs_ema6,284231.94112586975,0.28555694011967386
ANCHOR,close_vs_ema12,70368.45801258087,0.07069649340400413
ANCHOR,range_24h__chg_1h,46678.68253850937,0.046896283724184126
ANCHOR,green_body_pct,31690.010197639465,0.0318377389555658
ANCHOR,ret_2h,28597.358114242554,0.028730669910857445
ANCHOR,ret_12h,20641.062530517578,0.02073728460526277
ANCHOR,quote_volume_24h,16036.331579685211,0.016111087861907493
ANCHOR,atr168_pct__chg_1h,11800.202661514282,0.011855211456765297
ANCHOR,range_12h__chg_1h,11504.622731208801,0.01155825362674632
ANCHOR,range_6h__chg_1h,8579.846869945526,0.008619843389775917
ANCHOR,rebound_12h_low,6980.307732582092,0.007012847709213426
ANCHOR,atr6_pct__chg_1h,6865.7147126197815,0.006897720493004396
ANCHOR,range_12h,6708.149953365326,0.006739421216909068
ANCHOR,rebound_24h_low,6471.067554473877,0.006501233615207774
ANCHOR,close_vs_vwap24,6377.53892993927,0.006407268989944644
ANCHOR,ret_3h,5009.037788391113,0.005032388330920765
ANCHOR,btc_ret_168h__chg_168h,4926.801396369934,0.004949768578970893
ANCHOR,ema24_slope_6h,4751.84721660614,0.004773998818413362
ANCHOR,btc_atr24_pct__chg_168h,4707.486397743225,0.004729431203508719
ANCHOR,quote_volume_7d,4676.174852371216,0.004697973693661542
ANCHOR,btc_atr24_pct,4666.100441455841,0.00468785231904366
ANCHOR,rebound_12h_low__chg_6h,4405.77552986145,0.004426313855430596
ANCHOR,range_24h__chg_3h,4301.323113441467,0.004321374515035395
ANCHOR,btc_atr24_pct__chg_72h,4150.169550895691,0.0041695163226106195
ANCHOR,btc_vs_ema168,4035.6959204673767,0.004054509052491658
ANCHOR,median_ret_24h__chg_24h,3999.295916080475,0.004017939362850537
ANCHOR,breadth_positive_1h,3901.991418361664,0.0039201812624822165
ANCHOR,btc_atr24_pct__chg_1h,3748.8103170394897,0.0037662860795395258
ANCHOR,lower_wick_share,3746.2399678230286,0.003763703748171755
ANCHOR,btc_ret_24h,3690.1227712631226,0.0037073249510729284
ANCHOR,rebound_12h_low__chg_3h,3506.139419555664,0.0035224839274411836
ANCHOR,btc_ret_168h,3481.4104704856873,0.0034976396998683554
ANCHOR,btc_ret_24h__chg_24h,3458.041422843933,0.0034741617131520946
ANCHOR,close_vs_vwap72__chg_12h,3455.617904663086,0.0034717268972995698
ANCHOR,atr24_pct__chg_1h,3386.206757068634,0.003401992176990675
ANCHOR,breadth_positive_6h__chg_72h,3364.9673523902893,0.0033806537609566176
ANCHOR,btc_ret_168h__chg_72h,3322.065465450287,0.00333755187905193
ANCHOR,breadth_positive_6h__chg_24h,3222.1261129379272,0.0032371466410342476
ANCHOR,ret_6h__chg_6h,3198.899591445923,0.0032138118448793583
ANCHOR,btc_atr24_pct__chg_24h,3050.6310338974,0.0030648521064284132
ANCHOR,btc_ret_72h__chg_168h,3004.859477043152,0.003018867177120188
ANCHOR,breadth_positive_6h__chg_6h,2993.848536014557,0.003007804906583284
ANCHOR,btc_ret_24h__chg_168h,2962.5738639831543,0.0029763844419685107
ANCHOR,median_ret_24h,2949.1548051834106,0.002962902827780597
ANCHOR,ret_1h,2881.775978088379,0.0028952099020035137
ANCHOR,btc_ret_72h__chg_12h,2877.6078610420227,0.0028910223545199217
ANCHOR,trade_ratio_current__chg_3h,2869.375011444092,0.0028827511259931827
ANCHOR,breadth_positive_24h__chg_72h,2815.3244009017944,0.0028284485486793137
ANCHOR,rebound_6h_low,2804.8219776153564,0.0028178971664326972
ANCHOR,btc_vs_ema168__chg_72h,2802.7763805389404,0.002815842033432707
ANCHOR,volume_ratio_3h__chg_24h,2740.282470703125,0.002753056796846902
ANCHOR,median_ret_24h__chg_168h,2728.063271522522,0.0027407806356424137
ANCHOR,btc_ret_24h__chg_12h,2724.063223838806,0.002736761941007426
ANCHOR,btc_vs_ema168__chg_24h,2719.807309150696,0.0027324861865973722
ANCHOR,btc_vs_ema168__chg_12h,2693.245687484741,0.002705800743091262
ANCHOR,volume_ratio_current__chg_24h,2676.3116159439087,0.0026887877302897685
ANCHOR,btc_vs_ema168__chg_6h,2673.2418665885925,0.0026857036707383817
ANCHOR,btc_ret_6h__chg_168h,2614.756887435913,0.0026269460531967055
ANCHOR,btc_atr24_pct__chg_12h,2597.1638803482056,0.0026092710331001964
ANCHOR,median_ret_24h__chg_12h,2567.6506843566895,0.0025796202559668926
ANCHOR,breadth_positive_24h__chg_6h,2562.9585375785828,0.0025749062358914527
ANCHOR,volume_ratio_12h__chg_3h,2557.4376935958862,0.002569359655488377
ANCHOR,breadth_positive_6h__chg_168h,2553.9538078308105,0.002565859528954882
ANCHOR,ema6_slope_3h,2519.6744527816772,0.002531420374444898
ANCHOR,rebound_6h_low__chg_6h,2499.5327076911926,0.002511184734938914
ANCHOR,btc_ret_168h__chg_24h,2452.781674861908,0.0024642157636498886
ANCHOR,btc_vs_ema168__chg_168h,2376.828281879425,0.0023879083000837857
ANCHOR,volume_ratio_24h__chg_3h,2375.008529663086,0.002386080064760847
ANCHOR,volume_ratio_24h__chg_6h,2362.1432933807373,0.0023731548548349252
ANCHOR,btc_ret_6h__chg_6h,2359.3349323272705,0.0023703334020945942
ANCHOR,median_ret_24h__chg_72h,2356.180447101593,0.0023671642116611436
ANCHOR,quote_volume_24h__chg_6h,2353.7337141036987,0.0023647060727714714
ANCHOR,btc_ret_72h,2347.384105682373,0.0023583268644932964
ANCHOR,btc_ret_72h__chg_3h,2326.6925258636475,0.00233753882710428
ANCHOR,btc_atr24_pct__chg_6h,2293.552305698395,0.0023042441177630415
ANCHOR,breadth_positive_24h__chg_24h,2280.6859998703003,0.0022913178333054916
ANCHOR,btc_ret_72h__chg_72h,2275.5285987854004,0.0022861363900555168
ANCHOR,btc_ret_24h__chg_72h,2241.1503291130066,0.0022515978598137295
ANCHOR,ema6_slope_3h__chg_6h,2120.8861837387085,0.0021307730812080623
ANCHOR,ret_6h,2066.9075927734375,0.002076542859203603
ANCHOR,btc_ret_168h__chg_6h,2066.1940908432007,0.0020758260311540856
ANCHOR,median_ret_1h__chg_168h,2059.311215877533,0.002068911070412386
ANCHOR,btc_ret_6h__chg_12h,2053.6609411239624,0.0020632344558733097
ANCHOR,atr24_pct,2045.269591808319,0.0020548039887535383
ANCHOR,dist_12h_high,2020.1293954849243,0.002029546596823272
ANCHOR,breadth_positive_6h__chg_3h,2018.4579916000366,0.0020278674013845675
ANCHOR,breadth_positive_1h__chg_72h,1918.892273426056,0.0019278375394698258
ANCHOR,btc_ret_72h__chg_24h,1884.7910947799683,0.0018935773919646626
ANCHOR,breadth_positive_24h__chg_3h,1871.1948428153992,0.001879917758593693
ANCHOR,btc_ret_24h__chg_3h,1855.301266670227,0.0018639500916467731
ANCHOR,median_ret_6h__chg_6h,1853.512435913086,0.0018621529219290495
ANCHOR,breadth_positive_24h__chg_168h,1841.9793529510498,0.001850566075398923
ANCHOR,volume_ratio_3h__chg_168h,1788.4872941970825,0.0017968246536643395
ANCHOR,btc_ret_6h__chg_3h,1768.2081232070923,0.0017764509476229737
ANCHOR,close_vs_ema6__chg_1h,1767.2167682647705,0.0017754549712989175
ANCHOR,breadth_positive_1h__chg_6h,1747.2886724472046,0.0017554339770308744
ANCHOR,btc_ret_6h,1741.2578811645508,0.0017493750721155666
ANCHOR,rebound_24h_low__chg_3h,1739.3668813705444,0.0017474752570813925
ANCHOR,btc_ret_1h__chg_3h,1725.5100231170654,0.0017335538025578024
ANCHOR,btc_vs_ema168__chg_3h,1724.3185634613037,0.0017323567886957162
ANCHOR,dist_12h_high__chg_12h,1675.112488269806,0.0016829213304170837
ANCHOR,btc_ret_168h__chg_3h,1643.3151006698608,0.001650975713499882
ANCHOR,btc_ret_168h__chg_12h,1606.0719232559204,0.001613558920226992
ANCHOR,ret_48h__chg_168h,1575.9995517730713,0.0015833463609038942
ANCHOR,breadth_positive_1h__chg_168h,1570.1707801818848,0.0015774904174316628
ANCHOR,breadth_positive_6h__chg_12h,1568.865894317627,0.001576179448604138
ANCHOR,breadth_positive_24h,1562.3188219070435,0.0015696018558223324
ANCHOR,median_ret_1h,1542.4053182601929,0.0015495955217490677
ANCHOR,btc_ret_1h__chg_24h,1527.0419282913208,0.0015341605125379334
ANCHOR,median_ret_6h__chg_72h,1508.9679880142212,0.0015160023172943217
ANCHOR,volume_ratio_current__chg_6h,1487.946641921997,0.001494882976366224
ANCHOR,breadth_positive_6h,1486.3893213272095,0.001493318396037668
ANCHOR,btc_ret_1h__chg_1h,1477.7680912017822,0.0014846569764768228
ANCHOR,ema24_slope_6h__chg_3h,1466.8594045639038,0.0014736974370081132
ANCHOR,close_vs_ema24,1454.084891319275,0.0014608633730418855
ANCHOR,median_ret_1h__chg_6h,1450.2305536270142,0.0014569910676520332
ANCHOR,btc_ret_6h__chg_72h,1447.2725982666016,0.0014540193232436313
ANCHOR,atr168_pct,1437.5699672698975,0.0014442714616642665
ANCHOR,breadth_positive_24h__chg_12h,1428.9093403816223,0.0014355704616853837
ANCHOR,median_ret_1h__chg_12h,1419.3987770080566,0.0014260155630873863
ANCHOR,median_ret_1h__chg_3h,1419.2937693595886,0.0014259100659266277
ANCHOR,ema24_slope_6h__chg_12h,1407.9797649383545,0.0014145433192118474
ANCHOR,median_ret_6h__chg_1h,1406.6323823928833,0.0014131896555970849
ANCHOR,btc_ret_1h__chg_168h,1400.9757614135742,0.001407506665248182
ANCHOR,ema6_slope_3h__chg_3h,1399.7428169250488,0.0014062679731642238
ANCHOR,trade_ratio_3h__chg_1h,1396.3704986572266,0.001402879934220203
ANCHOR,breadth_positive_1h__chg_3h,1376.7471704483032,0.001383165128290553
ANCHOR,median_ret_6h__chg_12h,1370.5403771400452,0.001376929400884123
ANCHOR,atr72_pct,1342.3671073913574,0.001348624796304025
ANCHOR,trade_ratio_current__chg_1h,1330.880482673645,0.001337084624591795
ANCHOR,median_ret_1h__chg_24h,1321.7671756744385,0.0013279288342511442
ANCHOR,range_3h__chg_1h,1317.7839612960815,0.0013239270513930362
ANCHOR,median_ret_24h__chg_3h,1280.4254441261292,0.0012863943806868412
ANCHOR,range_3h__chg_6h,1266.389003753662,0.0012722925068894872
ANCHOR,median_ret_6h__chg_168h,1245.0961751937866,0.0012509004179287386
ANCHOR,btc_ret_72h__chg_1h,1230.8808631896973,0.001236618838657053
ANCHOR,btc_ret_6h__chg_24h,1219.8471412658691,0.0012255336810276208
ANCHOR,lower_wick_share__chg_168h,1205.1321964263916,0.0012107501397910284
ANCHOR,btc_atr24_pct__chg_3h,1185.1901278495789,0.001190715107627175
ANCHOR,range_3h,1183.249710559845,0.0011887656447286108
ANCHOR,breadth_positive_1h__chg_1h,1171.0891828536987,0.0011765484285063501
ANCHOR,median_ret_6h__chg_3h,1158.6065130233765,0.0011640075684356923
ANCHOR,rs_12h,1145.6257991790771,0.0011509663426281195
ANCHOR,median_ret_24h__chg_6h,1145.4734950065613,0.0011508133284619465
ANCHOR,breadth_positive_1h__chg_24h,1142.5635814666748,0.0011478898498297726
ANCHOR,btc_ret_6h__chg_1h,1132.9625849723816,0.0011382440965405742
ANCHOR,volume_ratio_12h__chg_24h,1124.5444202423096,0.0011297866890014328
ANCHOR,lower_wick_share__chg_72h,1119.8330898284912,0.0011250533958622674
ANCHOR,atr6_pct,1114.4083681106567,0.0011196033858155094
ANCHOR,dist_12h_high__chg_3h,1101.6453394889832,0.0011067808600099
ANCHOR,btc_ret_1h__chg_12h,1101.3497557640076,0.0011064838983675213
ANCHOR,quote_volume_24h__chg_1h,1087.2829303741455,0.0010923514979074762
ANCHOR,breadth_positive_24h__chg_1h,1075.011326789856,0.001080022688006623
ANCHOR,btc_ret_72h__chg_6h,1072.2305736541748,0.0010772289718834177
ANCHOR,median_ret_1h__chg_1h,1027.8895435333252,0.001032681237969667
ANCHOR,breadth_positive_1h__chg_12h,1022.8920288085938,0.0010276604264192672
ANCHOR,breadth_positive_6h__chg_1h,991.8058996200562,0.0009964293835741822
ANCHOR,dist_6h_high__chg_12h,936.8569993972778,0.0009412243290387766
ANCHOR,xrank_ret_6h__chg_6h,931.9198489189148,0.0009362641631336808
ANCHOR,ret_48h,915.3010807037354,0.0009195679235017558
ANCHOR,btc_ret_24h__chg_1h,890.7240495681763,0.000894876322056483
ANCHOR,btc_ret_24h__chg_6h,877.8105573654175,0.0008819026312563837
ANCHOR,dist_72h_high__chg_1h,870.999608039856,0.0008750599314492701
ANCHOR,ema72_slope_24h__chg_6h,841.7936038970947,0.0008457177781955085
ANCHOR,range_72h__chg_1h,838.0899934768677,0.000841996902720338
ANCHOR,median_ret_24h__chg_1h,833.3569040298462,0.0008372417491142707
ANCHOR,range_168h__chg_3h,826.0796031951904,0.0008299305238155123
ANCHOR,quote_volume_24h__chg_12h,820.5208978652954,0.000824345905567668
ANCHOR,median_ret_1h__chg_72h,818.7922892570496,0.0008226092387353622
ANCHOR,rebound_6h_low__chg_1h,793.6236553192139,0.0007973232766235325
ANCHOR,range_24h,767.3317966461182,0.0007709088536596358
ANCHOR,volume_ratio_current,762.7773904800415,0.0007663332162991919
ANCHOR,range_168h,761.77845287323,0.0007653296219626735
ANCHOR,rebound_168h_low__chg_3h,755.8929166793823,0.0007594166492692404
ANCHOR,range_72h__chg_3h,755.4515209197998,0.0007589731958628818
ANCHOR,btc_ret_1h__chg_6h,753.2356157302856,0.000756746960827486
ANCHOR,volume_ratio_6h__chg_168h,746.6758985519409,0.0007501566643320297
ANCHOR,atr24_vs_7d__chg_1h,745.2977294921875,0.0007487720706860378
ANCHOR,btc_ret_168h__chg_1h,738.1081800460815,0.0007415490058449194
ANCHOR,ema72_slope_24h__chg_12h,722.7720394134521,0.0007261413729977747
ANCHOR,median_ret_6h,722.0587902069092,0.0007254247988500684
ANCHOR,rebound_12h_low__chg_12h,717.5095782279968,0.0007208543798904388
ANCHOR,lower_wick_share__chg_3h,706.7245855331421,0.000710019110986611
ANCHOR,rs_6h__chg_6h,701.3971538543701,0.0007046668445141632
ANCHOR,ema24_slope_6h__chg_6h,699.3337459564209,0.0007025938176642491
ANCHOR,ret_24h,699.0120058059692,0.0007022705776634501
ANCHOR,rebound_24h_low__chg_1h,692.2505779266357,0.0006954776301558112
ANCHOR,atr6_pct__chg_6h,684.3448619842529,0.0006875350602777748
ANCHOR,abs_body_pct__chg_1h,674.7977705001831,0.000677943463286829
ANCHOR,close_vs_ema72,665.9290990829468,0.0006690334489414979
ANCHOR,range_6h,654.2396802902222,0.0006572895377927165
ANCHOR,ret_48h__chg_12h,647.0109543800354,0.0006500271138592902
ANCHOR,rebound_6h_low__chg_12h,605.475848197937,0.0006082983842101008
ANCHOR,volume_ratio_6h__chg_24h,594.7822494506836,0.0005975549353034172
ANCHOR,atr24_vs_7d,588.9623022079468,0.000591707857315944
ANCHOR,btc_vs_ema168__chg_1h,586.7534408569336,0.000589488698955186
ANCHOR,range_3h__chg_3h,575.1735782623291,0.0005778548547207086
ANCHOR,btc_ret_1h__chg_72h,571.5124073028564,0.0005741766165455732
ANCHOR,abs_body_pct__chg_3h,566.8148021697998,0.0005694571126700672
ANCHOR,ema6_slope_3h__chg_12h,562.5555429458618,0.0005651779981330222
ANCHOR,ret_24h__chg_12h,559.0908908843994,0.0005616971949645549
ANCHOR,range_24h__chg_12h,558.1168966293335,0.0005607186602577621
ANCHOR,volume_ratio_12h__chg_12h,555.4499402046204,0.000558039271329632
ANCHOR,median_ret_6h__chg_24h,549.4748024940491,0.0005520362794256756
ANCHOR,trade_ratio_current__chg_6h,548.1893968582153,0.0005507448816372099
ANCHOR,volume_ratio_12h__chg_6h,539.4913024902344,0.0005420062395171362
ANCHOR,dist_12h_high__chg_6h,533.1801781654358,0.000535665694736118
ANCHOR,upper_wick_share__chg_1h,530.3353228569031,0.0005328075776161
ANCHOR,xrank_trade_ratio_3h__chg_6h,519.7904863357544,0.0005222135844177494
ANCHOR,atr72_pct__chg_72h,511.1512203216553,0.0005135340448906506
ANCHOR,dist_6h_high__chg_6h,504.3398747444153,0.0005066909469846592
ANCHOR,volume_ratio_3h__chg_3h,501.4969139099121,0.0005038347331701065
ANCHOR,volume_ratio_24h__chg_12h,500.2788209915161,0.0005026109618895784
ANCHOR,volume_ratio_current__chg_168h,491.7583703994751,0.0004940507916642812
ANCHOR,xrank_rs_6h__chg_6h,487.74818420410156,0.000490021911255116
ANCHOR,range_12h__chg_12h,481.4825735092163,0.00048372709227409156
ANCHOR,rebound_168h_low,477.5914697647095,0.0004798178494403401
ANCHOR,ret_12h__chg_12h,475.46613073349,0.00047768260275389123
ANCHOR,range24_vs_72h__chg_24h,473.86003971099854,0.00047606902464539415
ANCHOR,upper_wick_share__chg_72h,473.84874200820923,0.0004760576742763043
ANCHOR,xrank_quote_volume_24h,465.6467242240906,0.00046781742129149684
ANCHOR,btc_ret_1h,455.7870922088623,0.0004579118268047472
ANCHOR,dist_168h_high__chg_12h,454.6386775970459,0.00045675805864892337
ANCHOR,trade_ratio_24h__chg_12h,444.8448691368103,0.00044691859456566415
ANCHOR,close_location__chg_12h,436.6167984008789,0.000438652167178461
ANCHOR,xrank_quote_volume_24h__chg_168h,435.2777123451233,0.0004373068387290129
ANCHOR,ema72_slope_24h,435.24283933639526,0.0004372718031533992
ANCHOR,ret_2h__chg_12h,427.07376861572266,0.0004290646508207785
ANCHOR,close_vs_ema12__chg_1h,424.99399757385254,0.0004269751845471659
ANCHOR,dist_6h_high__chg_3h,424.5137391090393,0.00042649268726999357
ANCHOR,rebound_6h_low__chg_3h,416.4230260848999,0.0004183642579125889
ANCHOR,rs_72h__chg_168h,415.64531230926514,0.00041758291868245346
ANCHOR,range_6h__chg_6h,412.8924198150635,0.0004148171930781854
ANCHOR,trade_ratio_3h__chg_3h,412.7498826980591,0.0004146739914984332
ANCHOR,dist_6h_high__chg_1h,406.3571949005127,0.0004082515030216743
ANCHOR,close_vs_ema12__chg_3h,405.2225651741028,0.0004071115840120125
ANCHOR,atr24_vs_7d__chg_72h,403.22581338882446,0.00040510552400438633
ANCHOR,ema72_slope_24h__chg_24h,402.7348380088806,0.00040461225985323035
ANCHOR,range_6h__chg_72h,392.6817293167114,0.00039451228676274985
ANCHOR,range_168h__chg_12h,390.2831072807312,0.00039210248311300866
ANCHOR,atr168_pct__chg_168h,383.9003601074219,0.0003856899816005183
ANCHOR,close_vs_ema72__chg_3h,383.19318771362305,0.0003849795125937262
ANCHOR,trade_ratio_current__chg_168h,378.8628931045532,0.0003806290315271556
ANCHOR,xrank_quote_volume_24h__chg_72h,375.7745780944824,0.0003775263197738311
ANCHOR,ema6_slope_3h__chg_1h,373.63374280929565,0.0003753755045948029
ANCHOR,green_body_pct__chg_1h,367.01629638671875,0.0003687272097397214
ANCHOR,close_vs_ema24__chg_1h,362.29800033569336,0.00036398691849176177
ANCHOR,range_168h__chg_168h,361.59185123443604,0.0003632774775477758
ANCHOR,ret_48h__chg_6h,360.9009952545166,0.00036258340101679993
ANCHOR,trade_ratio_current__chg_24h,352.6478500366211,0.0003542917822583653
ANCHOR,close_vs_ema72__chg_168h,345.6668801307678,0.0003472782692890393
ANCHOR,upper_wick_share,340.28642177581787,0.0003418727289468986
ANCHOR,volume_ratio_12h__chg_1h,338.11545038223267,0.0003396916371745105
ANCHOR,lower_wick_share__chg_24h,337.50815868377686,0.0003390815144751256
ANCHOR,close_vs_vwap72__chg_168h,336.86546897888184,0.0003384358287550434
ANCHOR,range_72h__chg_168h,336.4000105857849,0.0003379682005428189
ANCHOR,rebound_72h_low,336.191650390625,0.00033775886903863637
ANCHOR,range24_vs_72h__chg_12h,334.9269027709961,0.00033648822556748285
ANCHOR,atr24_vs_7d__chg_3h,333.04222679138184,0.00033459476382731424
ANCHOR,atr72_pct__chg_168h,331.47063541412354,0.000333015846190434
ANCHOR,atr6_pct__chg_72h,331.2247486114502,0.000332768813141618
ANCHOR,rs_168h__chg_24h,328.4707565307617,0.00033000198282494026
ANCHOR,close_vs_ema72__chg_1h,326.49159145355225,0.0003280135915090277
ANCHOR,volume_ratio_3h__chg_1h,326.3073425292969,0.0003278284836748332
ANCHOR,trade_ratio_12h__chg_12h,325.8621015548706,0.0003273811671284611
ANCHOR,rebound_12h_low__chg_1h,325.0327606201172,0.0003265479600697959
ANCHOR,trade_ratio_6h__chg_6h,321.4977207183838,0.00032299644093531233
ANCHOR,atr72_pct__chg_1h,319.17373180389404,0.0003206616183229591
ANCHOR,trade_ratio_current,318.8979187011719,0.0003203845194671926
ANCHOR,volume_ratio_12h,317.68149852752686,0.00031916242872922
ANCHOR,quote_volume_24h__chg_3h,314.22332096099854,0.0003156881302377249
ANCHOR,range_6h__chg_12h,313.31529712677,0.00031477587348490907
ANCHOR,dist_12h_high__chg_72h,311.37944173812866,0.0003128309937535709
ANCHOR,range_72h__chg_6h,310.43598890304565,0.00031188314284115627
ANCHOR,ret_2h__chg_3h,309.7855005264282,0.0003112296220944221
ANCHOR,atr6_pct__chg_3h,309.45699977874756,0.000310899589980638
ANCHOR,dist_12h_high__chg_1h,305.7504301071167,0.0003071757414589739
ANCHOR,rebound_12h_low__chg_168h,305.1546173095703,0.00030657715117148705
ANCHOR,upper_wick_share__chg_12h,301.1730785369873,0.00030257705173029453
ANCHOR,volume_ratio_6h__chg_12h,300.5660009384155,0.00030196714412885934
ANCHOR,rebound_24h_low__chg_12h,298.0078287124634,0.00029939704651685826
ANCHOR,trade_ratio_6h__chg_12h,295.44951343536377,0.0002968268051868507
ANCHOR,abs_body_pct__chg_6h,294.6846876144409,0.00029605841399097684
ANCHOR,trade_ratio_6h__chg_1h,291.3504991531372,0.00029270868260251697
ANCHOR,close_vs_vwap24__chg_1h,288.9151973724365,0.0002902620282187406
ANCHOR,close_vs_vwap72__chg_6h,286.9895963668823,0.00028832745067316513
ANCHOR,volume_ratio_current__chg_1h,284.84989976882935,0.0002861777794894684
ANCHOR,volume_ratio_6h__chg_1h,284.817099571228,0.0002861448263877682
ANCHOR,dist_6h_high,284.50690174102783,0.0002858331825138501
ANCHOR,ret_2h__chg_168h,284.0509614944458,0.00028537511681871517
ANCHOR,trade_ratio_12h__chg_24h,281.7883014678955,0.0002831019089900895
ANCHOR,close_vs_vwap72__chg_1h,281.1956968307495,0.0002825065418184274
ANCHOR,rebound_12h_low__chg_24h,278.30240058898926,0.00027959975794894336
ANCHOR,atr72_pct__chg_3h,272.02029848098755,0.00027328837067707476
ANCHOR,ret_2h__chg_1h,270.769248008728,0.00027203148820503933
ANCHOR,ema24_slope_6h__chg_168h,267.7086606025696,0.00026895663331290607
ANCHOR,dist_168h_high__chg_24h,267.0028009414673,0.00026824748315835316
ANCHOR,rs_24h__chg_168h,265.7676992416382,0.0002670066238068575
ANCHOR,close_vs_ema24__chg_12h,265.5534019470215,0.00026679132752634703
ANCHOR,volume_ratio_current__chg_12h,264.97019958496094,0.0002662054064601892
ANCHOR,rebound_72h_low__chg_1h,264.9538698196411,0.0002661890005706923
ANCHOR,volume_ratio_3h,257.8211965560913,0.0002590230770508205
ANCHOR,close_location__chg_3h,257.53374195098877,0.0002587342824236887
ANCHOR,rs_168h__chg_72h,257.43660068511963,0.0002586366883161051
ANCHOR,trade_ratio_3h__chg_168h,255.95480346679688,0.00025714798342999694
ANCHOR,ret_1h__chg_1h,254.88140106201172,0.0002560695771642781
ANCHOR,trade_ratio_12h__chg_1h,254.8507046699524,0.00025603873767539293
ANCHOR,range_72h__chg_12h,251.6361083984375,0.00025280915597750977
ANCHOR,rebound_72h_low__chg_168h,250.95237731933594,0.0002521222375613755
ANCHOR,dist_168h_high__chg_168h,249.27670001983643,0.0002504387487867582
ANCHOR,taker_buy_24h__chg_72h,247.8193187713623,0.00024897457368999184
ANCHOR,rs_12h__chg_72h,246.62292432785034,0.00024777260203574287
ANCHOR,trade_ratio_6h__chg_3h,246.3306107521057,0.0002474789257869918
ANCHOR,rs_12h__chg_12h,246.32533740997314,0.00024747362786221383
ANCHOR,rebound_24h_low__chg_168h,245.57765817642212,0.0002467224631856538
ANCHOR,close_vs_ema72__chg_12h,242.0476942062378,0.00024317604364509923
ANCHOR,lower_wick_share__chg_12h,241.4093599319458,0.00024253473365925353
ANCHOR,range_3h__chg_12h,240.5866231918335,0.0002417081615818864
ANCHOR,xrank_ret_6h__chg_3h,238.08074188232422,0.000239190598649965
ANCHOR,atr24_pct__chg_72h,236.17571353912354,0.00023727668966995794
ANCHOR,atr168_pct__chg_24h,235.9964942932129,0.00023709663496087043
ANCHOR,quote_volume_24h__chg_24h,235.83871984481812,0.00023693812501813063
ANCHOR,trade_ratio_3h__chg_24h,235.5821828842163,0.00023668039216373404
ANCHOR,volume_ratio_6h__chg_6h,234.4991159439087,0.00023559227630949914
ANCHOR,abs_body_pct,233.38986015319824,0.00023447784952076244
ANCHOR,range_24h__chg_72h,232.82506227493286,0.00023391041873425513
ANCHOR,rs_168h,231.98682975769043,0.00023306827864336873
ANCHOR,volume_ratio_6h,231.39632940292358,0.00023247502556358158
ANCHOR,upper_wick_share__chg_168h,228.66851234436035,0.00022973449228866504
ANCHOR,ema24_slope_6h__chg_72h,228.1657476425171,0.00022922938385753708
ANCHOR,green_body_pct__chg_6h,227.78909873962402,0.00022885097913714027
ANCHOR,range24_vs_72h__chg_168h,227.26815128326416,0.0002283276031892718
ANCHOR,dist_72h_high__chg_168h,226.964910030365,0.0002280229483220076
ANCHOR,rs_24h,225.10790824890137,0.00022615728978830782
ANCHOR,trade_ratio_3h__chg_6h,223.7719020843506,0.00022481505558753868
ANCHOR,ema24_slope_6h__chg_24h,221.47870540618896,0.00022251116875513497
ANCHOR,rebound_168h_low__chg_12h,220.95970058441162,0.00022198974449779416
ANCHOR,range_12h__chg_24h,216.4489870071411,0.00021745800340712193
ANCHOR,atr24_vs_7d__chg_168h,215.80030155181885,0.0002168062939863291
ANCHOR,close_vs_vwap24__chg_6h,214.7125701904297,0.00021571349196696372
ANCHOR,dist_72h_high__chg_72h,214.39237213134766,0.00021539180124627432
ANCHOR,ret_168h,213.90687894821167,0.00021490404484818577
ANCHOR,quote_volume_7d__chg_1h,213.71014785766602,0.000214706396659808
ANCHOR,trade_ratio_6h,210.56688690185547,0.00021154848282020397
ANCHOR,atr24_pct__chg_12h,207.71680450439453,0.00020868511424423003
ANCHOR,ret_48h__chg_3h,206.40114879608154,0.00020736332536705924
ANCHOR,close_location__chg_1h,206.06509971618652,0.00020702570973313457
ANCHOR,trade_ratio_6h__chg_24h,205.34999752044678,0.0002063072739581846
ANCHOR,atr6_pct__chg_12h,204.34890222549438,0.00020530151187506877
ANCHOR,close_location__chg_6h,204.17800045013428,0.00020512981340993657
ANCHOR,rs_72h__chg_12h,203.25150966644287,0.00020419900362060738
ANCHOR,ret_2h__chg_24h,202.39789867401123,0.00020334141336496702
ANCHOR,close_vs_vwap24__chg_12h,201.86114978790283,0.00020280216232610547
ANCHOR,dist_12h_high__chg_168h,199.18404006958008,0.00020011257277293716
ANCHOR,dist_6h_high__chg_168h,198.89300060272217,0.0001998201765725636
ANCHOR,xrank_volume_ratio_3h__chg_24h,198.85750102996826,0.00019978451151208163
ANCHOR,close_vs_ema72__chg_6h,198.25510025024414,0.00019917930253133745
ANCHOR,atr168_pct__chg_72h,198.2215976715088,0.0001991456437742256
ANCHOR,atr6_pct__chg_168h,197.44719696044922,0.0001983676330531197
ANCHOR,taker_buy_24h,197.05448865890503,0.0001979730940702582
ANCHOR,volume_ratio_3h__chg_6h,192.12839889526367,0.00019302404044142153
ANCHOR,rebound_6h_low__chg_168h,190.5584192276001,0.00019144674202741402
ANCHOR,range_6h__chg_168h,189.6648998260498,0.0001905490573223327
ANCHOR,xrank_ret_24h__chg_12h,187.12161922454834,0.00018799392075480363
ANCHOR,range_12h__chg_72h,186.63315868377686,0.00018750318316620117
ANCHOR,range_6h__chg_24h,186.30472946166992,0.00018717322291142034
ANCHOR,rebound_168h_low__chg_24h,185.4212007522583,0.00018628557547190988
ANCHOR,ret_168h__chg_168h,184.5826997756958,0.00018544316567023134
ANCHOR,xrank_ret_24h__chg_24h,184.55717849731445,0.00018541752541975968
ANCHOR,ema72_slope_24h__chg_72h,184.1257791519165,0.00018498411502769217
ANCHOR,volume_ratio_6h__chg_3h,183.1588077545166,0.00018401263591689623
ANCHOR,rebound_168h_low__chg_168h,182.73702812194824,0.00018358889008170286
ANCHOR,dist_72h_high__chg_6h,182.10328102111816,0.00018295218865326413
ANCHOR,atr6_pct__chg_24h,181.2735595703125,0.00018211859930470178
ANCHOR,atr168_pct__chg_12h,180.25896739959717,0.0001810992774276769
ANCHOR,ret_1h__chg_6h,180.00684070587158,0.00018084597539941934
ANCHOR,atr24_pct__chg_168h,178.47945165634155,0.0001793114661474738
ANCHOR,trade_ratio_3h__chg_12h,177.60233974456787,0.0001784302654186729
ANCHOR,rs_24h__chg_12h,177.36284923553467,0.00017818965848098554
ANCHOR,volume_ratio_current__chg_3h,176.52787113189697,0.000177350787974746
ANCHOR,xrank_volume_ratio_3h__chg_168h,175.52755165100098,0.00017634580532228518
ANCHOR,rebound_6h_low__chg_24h,173.26237964630127,0.00017407007380546615
ANCHOR,range24_vs_72h__chg_1h,172.04605960845947,0.000172848083670098
ANCHOR,trade_ratio_12h,171.5507984161377,0.00017235051372746865
ANCHOR,rebound_12h_low__chg_72h,171.25635051727295,0.00017205469320606128
ANCHOR,ret_12h__chg_24h,169.93681812286377,0.00017072900957091554
ANCHOR,rs_6h__chg_168h,169.87932872772217,0.00017067125217848126
ANCHOR,range_6h__chg_3h,169.84928035736084,0.0001706410637321653
ANCHOR,range_168h__chg_72h,169.78976106643677,0.00017058126698121938
ANCHOR,atr24_vs_7d__chg_6h,169.38845252990723,0.00017017808767180978
ANCHOR,dist_72h_high,168.56427907943726,0.00016935007218659781
ANCHOR,rs_3h__chg_3h,167.97022771835327,0.0001687532515468304
ANCHOR,rs_12h__chg_24h,167.14939880371094,0.00016792859618860938
ANCHOR,ret_2h__chg_72h,166.7053198814392,0.0001674824471115097
ANCHOR,ret_1h__chg_168h,166.5887689590454,0.00016736535286575018
ANCHOR,xrank_ret_3h__chg_1h,166.17982864379883,0.00016695450620069616
ANCHOR,range_72h,165.47917938232422,0.00016625059073499838
ANCHOR,trade_ratio_6h__chg_168h,165.2740297317505,0.00016604448474194072
ANCHOR,rs_1h__chg_24h,164.07113027572632,0.0001648359777508782
ANCHOR,rs_168h__chg_168h,163.83130025863647,0.00016459502972245555
ANCHOR,dist_72h_high__chg_12h,163.70249843597412,0.00016446562746662318
ANCHOR,volume_ratio_12h__chg_168h,163.6555995941162,0.00016441850999726683
ANCHOR,rebound_72h_low__chg_6h,163.53063774108887,0.00016429296561178773
ANCHOR,rs_6h,162.08709907531738,0.00016284269762744606
ANCHOR,upper_wick_share__chg_6h,161.683171749115,0.00016243688732039827
ANCHOR,xrank_ret_6h,161.67361068725586,0.00016242728168790681
ANCHOR,ret_3h__chg_3h,161.21820163726807,0.00016196974966563584
ANCHOR,lower_wick_share__chg_1h,160.07197046279907,0.00016081817512565057
ANCHOR,close_vs_vwap24__chg_3h,159.8015012741089,0.00016054644509554526
ANCHOR,dist_12h_high__chg_24h,159.7357292175293,0.0001604803664305372
ANCHOR,quote_volume_7d__chg_12h,159.64634895324707,0.0001603905695038638
ANCHOR,range_168h__chg_24h,158.21405363082886,0.00015895159727576948
ANCHOR,rs_3h__chg_1h,157.6664686203003,0.00015840145959791893
ANCHOR,range_3h__chg_72h,157.6271619796753,0.00015836196972222516
ANCHOR,range24_vs_72h__chg_72h,157.5680193901062,0.00015830255142869627
ANCHOR,volume_ratio_24h__chg_72h,157.17640018463135,0.00015790910661892392
ANCHOR,ret_2h__chg_6h,156.1321382522583,0.00015685997666924014
ANCHOR,range_24h__chg_24h,156.06196069717407,0.00015678947196869327
ANCHOR,ret_48h__chg_1h,155.4409999847412,0.00015616561653473157
ANCHOR,taker_buy_24h__chg_168h,154.97687911987305,0.00015569933208586746
ANCHOR,taker_buy_12h__chg_24h,154.27829933166504,0.00015499749574066307
ANCHOR,rebound_24h_low__chg_24h,153.45518112182617,0.00015417054041527874
ANCHOR,close_vs_vwap72__chg_72h,152.7347912788391,0.00015344679234375013
ANCHOR,volume_ratio_current__chg_72h,152.65029907226562,0.0001533619062613573
ANCHOR,taker_buy_12h__chg_12h,152.4566788673401,0.00015316738346055991
ANCHOR,range_24h__chg_168h,152.2422981262207,0.0001529520033445457
ANCHOR,atr24_pct__chg_3h,152.03476810455322,0.00015274350588386062
ANCHOR,trade_ratio_12h__chg_6h,151.79036951065063,0.0001524979679813718
ANCHOR,ema72_slope_24h__chg_3h,150.9935998916626,0.00015169748407559646
ANCHOR,close_vs_vwap24__chg_168h,149.87127017974854,0.00015056992241918975
ANCHOR,taker_buy_24h__chg_24h,148.02315855026245,0.00014871319548053115
ANCHOR,quote_volume_24h__chg_72h,146.14628839492798,0.00014682757595291476
ANCHOR,xrank_trade_ratio_3h,145.2126007080078,0.0001458895357106808
ANCHOR,volume_ratio_24h__chg_24h,145.14998054504395,0.000145826623632415
ANCHOR,xrank_trade_ratio_3h__chg_168h,144.98009967803955,0.00014565595083478888
ANCHOR,atr72_pct__chg_24h,143.26206922531128,0.00014392991147000036
ANCHOR,xrank_quote_volume_24h__chg_3h,142.24277019500732,0.00014290586079150307
ANCHOR,atr168_pct__chg_3h,141.7014503479004,0.00014236201748327526
ANCHOR,rs_6h__chg_3h,141.51031970977783,0.00014216999585485023
ANCHOR,close_location__chg_168h,141.40995073318481,0.00014206915898998094
ANCHOR,atr72_pct__chg_12h,140.4734902381897,0.00014112833301372184
ANCHOR,trade_ratio_24h__chg_24h,140.34856986999512,0.00014100283030646463
ANCHOR,dist_168h_high,139.22890949249268,0.00013987795042805841
ANCHOR,quote_volume_7d__chg_168h,139.2254285812378,0.00013987445328990134
ANCHOR,ret_48h__chg_72h,139.0005178451538,0.00013964849409143191
ANCHOR,ret_48h__chg_24h,138.88740062713623,0.00013953484955688735
ANCHOR,volume_ratio_24h__chg_168h,137.59878826141357,0.00013824023008977693
ANCHOR,rebound_168h_low__chg_72h,137.1389799118042,0.00013777827825974743
ANCHOR,abs_body_pct__chg_168h,137.0580596923828,0.00013769698081597578
ANCHOR,rebound_6h_low__chg_72h,136.6391682624817,0.00013727613664733272
ANCHOR,ret_168h__chg_72h,136.05620098114014,0.00013669045175776552
ANCHOR,ret_72h__chg_168h,135.81739616394043,0.00013645053370838913
ANCHOR,ret_12h__chg_6h,135.5270013809204,0.00013615878519716466
ANCHOR,volume_ratio_12h__chg_72h,135.1639699935913,0.00013579406147286234
ANCHOR,close_vs_ema72__chg_72h,134.9567003250122,0.00013558582557894903
ANCHOR,range_72h__chg_72h,134.89484882354736,0.0001355236857454379
ANCHOR,abs_body_pct__chg_72h,134.15780067443848,0.00013478320171205757
ANCHOR,atr24_vs_7d__chg_24h,133.73800086975098,0.00013436144493407352
ANCHOR,close_vs_ema6__chg_72h,132.49340057373047,0.0001331110427069492
ANCHOR,rs_72h__chg_3h,132.33880043029785,0.00013295572186677263
ANCHOR,rebound_168h_low__chg_6h,131.9046516418457,0.00013251954921462107
ANCHOR,rs_24h__chg_24h,131.86407995224,0.00013247878839269022
ANCHOR,volume_ratio_3h__chg_12h,131.33529949188232,0.00013194754292584826
ANCHOR,atr24_vs_7d__chg_12h,131.24641036987305,0.00013185823943099703
ANCHOR,close_location,130.67574977874756,0.00013128491860152518
ANCHOR,green_body_pct__chg_3h,129.71941089630127,0.00013032412157108905
ANCHOR,upper_wick_share__chg_3h,129.12791061401367,0.00012972986390243676
ANCHOR,rs_168h__chg_1h,128.07340145111084,0.00012867043895289058
ANCHOR,upper_wick_share__chg_24h,127.66941928863525,0.00012826457355394032
ANCHOR,ret_168h__chg_3h,127.56128025054932,0.0001281559304060204
ANCHOR,xrank_trade_ratio_3h__chg_1h,127.48499965667725,0.00012807929421625812
ANCHOR,range24_vs_72h,126.69511032104492,0.00012728572266753328
ANCHOR,close_vs_vwap72,126.50511169433594,0.00012709483832759933
ANCHOR,ret_72h,125.56923818588257,0.00012615460207422672
ANCHOR,rs_72h__chg_72h,125.50177001953125,0.00012608681939272213
ANCHOR,close_location__chg_72h,125.15226936340332,0.00012573568947559042
ANCHOR,close_vs_ema6__chg_3h,124.3224983215332,0.00012490205030478584
ANCHOR,trade_ratio_current__chg_12h,123.7676010131836,0.00012434456624150535
ANCHOR,taker_buy_12h__chg_168h,123.64177227020264,0.00012421815092490714
ANCHOR,range_168h__chg_6h,122.20835208892822,0.00012277804859422205
ANCHOR,dist_24h_high__chg_168h,121.90179920196533,0.00012247006665510842
ANCHOR,ret_6h__chg_1h,121.89039897918701,0.000122458613288114
ANCHOR,trade_ratio_12h__chg_3h,121.80459880828857,0.00012237241314408214
ANCHOR,ema6_slope_3h__chg_24h,120.92020034790039,0.00012148389189909241
ANCHOR,atr168_pct__chg_6h,120.53470134735107,0.00012109659582469624
ANCHOR,rebound_24h_low__chg_6h,120.0651969909668,0.0001206249027881892
ANCHOR,rs_1h__chg_168h,119.5215892791748,0.00012007876094997814
ANCHOR,quote_volume_7d__chg_6h,119.29410076141357,0.00011985021195303241
ANCHOR,dist_24h_high__chg_72h,118.18739891052246,0.00011873835100977095
ANCHOR,taker_buy_current__chg_6h,117.9596700668335,0.00011850956056657436
ANCHOR,ret_6h__chg_12h,116.73615837097168,0.00011728034524796169
ANCHOR,range_12h__chg_3h,116.394700050354,0.00011693729515715292
ANCHOR,ret_12h__chg_3h,116.28709888458252,0.00011682919238893726
ANCHOR,rs_1h,115.50246953964233,0.00011604090535130977
ANCHOR,xrank_ret_3h__chg_3h,115.28241014480591,0.00011581982010949928
ANCHOR,ret_12h__chg_1h,114.8910493850708,0.00011542663495025858
ANCHOR,dist_24h_high,114.39739894866943,0.00011493068327238192
ANCHOR,lower_wick_share__chg_6h,114.04212999343872,0.00011457375816616992
ANCHOR,rs_3h__chg_6h,113.52492141723633,0.00011405413852793016
ANCHOR,rs_24h__chg_1h,113.0949878692627,0.00011362220076636881
ANCHOR,dist_24h_high__chg_3h,111.35237216949463,0.00011187146154593084
ANCHOR,dist_24h_high__chg_24h,110.82102012634277,0.00011133763250839285
ANCHOR,xrank_ret_6h__chg_72h,110.37912034988403,0.0001108936727355915
ANCHOR,range24_vs_72h__chg_3h,110.30609893798828,0.0001108203109210763
ANCHOR,ret_6h__chg_72h,110.29282283782959,0.0001108069729319572
ANCHOR,taker_buy_12h__chg_72h,110.00258016586304,0.0001105153772408796
ANCHOR,range_12h__chg_6h,109.93887996673584,0.00011045138009166504
ANCHOR,rs_72h,109.06330108642578,0.00010957171954083333
ANCHOR,trade_ratio_24h__chg_168h,108.53441047668457,0.0001090403634111264
ANCHOR,close_vs_ema6__chg_168h,108.0398998260498,0.00010854354750897092
ANCHOR,rs_168h__chg_12h,107.90173053741455,0.00010840473411901584
ANCHOR,ret_12h__chg_72h,107.52862071990967,0.00010802988498209874
ANCHOR,quote_volume_7d__chg_72h,107.16939926147461,0.00010766898894736837
ANCHOR,xrank_ret_24h__chg_6h,106.3732008934021,0.0001068690789554988
ANCHOR,quote_volume_24h__chg_168h,106.21629905700684,0.0001067114456925984
ANCHOR,close_vs_ema24__chg_3h,105.70970153808594,0.00010620248657701747
ANCHOR,dist_24h_high__chg_6h,105.13416814804077,0.00010562427023318573
ANCHOR,trade_ratio_3h,105.11409950256348,0.0001056041080340601
ANCHOR,xrank_quote_volume_24h__chg_6h,104.94918060302734,0.00010543842033501791
ANCHOR,rs_1h__chg_3h,104.90279960632324,0.0001053918231248449
ANCHOR,range_3h__chg_24h,103.62779903411865,0.00010411087890510873
ANCHOR,ret_168h__chg_1h,103.62710094451904,0.00010411017756123723
ANCHOR,taker_buy_current__chg_168h,103.45582962036133,0.00010393810782458838
ANCHOR,taker_buy_3h__chg_6h,103.28785037994385,0.00010376934551832808
ANCHOR,rs_12h__chg_3h,103.03991031646729,0.00010352024963705944
ANCHOR,rs_3h__chg_72h,102.46291255950928,0.0001029405620999016
ANCHOR,close_vs_ema24__chg_168h,102.11591053009033,0.00010259194245728266
ANCHOR,ret_72h__chg_12h,101.69768142700195,0.00010217176370300948
ANCHOR,close_vs_ema6__chg_24h,101.06069946289062,0.00010153181233138479
ANCHOR,trade_ratio_3h__chg_72h,101.02907943725586,0.0001015000449032379
ANCHOR,close_location__chg_24h,100.6807508468628,0.00010115009251563908
ANCHOR,abs_body_pct__chg_12h,100.24406957626343,0.00010071137557571322
ANCHOR,taker_buy_6h__chg_72h,100.02580070495605,0.00010049208920428354
ANCHOR,ret_3h__chg_1h,99.81249904632568,0.000100277793201098
ANCHOR,ret_3h__chg_168h,99.20222091674805,9.966467014879835e-05
ANCHOR,range_24h__chg_6h,98.79989051818848,9.926046421376264e-05
ANCHOR,xrank_quote_volume_24h__chg_24h,98.65531206130981,9.911521177805834e-05
ANCHOR,ema72_slope_24h__chg_168h,97.7713508605957,9.822712983110835e-05
ANCHOR,range24_vs_72h__chg_6h,97.13187885284424,9.758467680805129e-05
ANCHOR,taker_buy_current__chg_12h,96.57136154174805,9.702154654335717e-05
ANCHOR,dist_72h_high__chg_24h,94.92041063308716,9.53628994261557e-05
ANCHOR,taker_buy_3h__chg_72h,94.86359214782715,9.53058160711717e-05
ANCHOR,ret_1h__chg_3h,94.82853984832764,9.52706003689899e-05
ANCHOR,xrank_trade_ratio_3h__chg_24h,94.6046986579895,9.504571570214876e-05
ANCHOR,xrank_trade_ratio_3h__chg_12h,94.42700099945068,9.48671896735899e-05
ANCHOR,xrank_rs_6h,94.28951930999756,9.472906708818586e-05
ANCHOR,close_vs_ema12__chg_12h,93.84202003479004,9.427948171355183e-05
ANCHOR,ret_3h__chg_12h,93.71166038513184,9.414851436862916e-05
ANCHOR,rs_6h__chg_24h,93.61460018157959,9.405100170124919e-05
ANCHOR,taker_buy_6h__chg_168h,91.21500062942505,9.164021597846391e-05
ANCHOR,close_vs_ema6__chg_6h,90.83253955841064,9.125597199546482e-05
ANCHOR,taker_buy_current,90.38831043243408,9.080967201445837e-05
ANCHOR,dist_6h_high__chg_72h,90.3828992843628,9.080423564133418e-05
ANCHOR,trade_ratio_12h__chg_168h,89.48794031143188,8.990510465404792e-05
ANCHOR,volume_ratio_24h,88.90555953979492,8.932000900830717e-05
ANCHOR,ret_3h__chg_24h,88.778639793396,8.919249760237975e-05
ANCHOR,rs_6h__chg_1h,88.23376846313477,8.864508625511166e-05
ANCHOR,trade_ratio_24h,88.20297813415527,8.861415239140221e-05
ANCHOR,trade_ratio_current__chg_72h,87.95619869232178,8.836622254222594e-05
ANCHOR,taker_buy_3h__chg_3h,85.47559022903442,8.587405027050503e-05
ANCHOR,dist_168h_high__chg_6h,85.30019855499268,8.569784097621024e-05
ANCHOR,xrank_ret_6h__chg_24h,84.6414794921875,8.503605117444462e-05
ANCHOR,ret_72h__chg_6h,84.57319927215576,8.496745265372338e-05
ANCHOR,taker_buy_12h__chg_1h,83.53944063186646,8.392887495913359e-05
ANCHOR,close_vs_vwap72__chg_3h,83.32889938354492,8.371735223441262e-05
ANCHOR,xrank_volume_ratio_3h__chg_72h,82.87170839309692,8.325802996484123e-05
ANCHOR,taker_buy_24h__chg_1h,82.35189151763916,8.273578986828378e-05
ANCHOR,xrank_ret_24h__chg_1h,81.32077980041504,8.169987143587342e-05
ANCHOR,volume_ratio_3h__chg_72h,81.1904993057251,8.156898361491433e-05
ANCHOR,xrank_ret_6h__chg_12h,81.09593105316162,8.147397451520681e-05
ANCHOR,volume_ratio_24h__chg_1h,81.05448055267334,8.14323307856563e-05
ANCHOR,ret_72h__chg_72h,80.22325038909912,8.059722569118589e-05
ANCHOR,atr24_pct__chg_24h,80.08055019378662,8.045386027290633e-05
ANCHOR,ret_72h__chg_3h,79.81789875030518,8.018998443185382e-05
ANCHOR,ret_24h__chg_72h,79.04769992828369,7.941619518765753e-05
ANCHOR,xrank_volume_ratio_3h,78.54795169830322,7.891411729022569e-05
ANCHOR,rebound_24h_low__chg_72h,77.37969970703125,7.774041927938669e-05
ANCHOR,trade_ratio_24h__chg_3h,77.1166000366211,7.747609312191396e-05
ANCHOR,ret_24h__chg_3h,77.0743203163147,7.743361630698602e-05
ANCHOR,ret_12h__chg_168h,76.81540107727051,7.717349006872193e-05
ANCHOR,rs_72h__chg_6h,76.07189846038818,7.642652147889035e-05
ANCHOR,trade_ratio_24h__chg_1h,75.6639494895935,7.601667077962108e-05
ANCHOR,rs_168h__chg_3h,75.59860038757324,7.59510170408521e-05
ANCHOR,trade_ratio_6h__chg_72h,74.66229009628296,7.501034196849981e-05
ANCHOR,atr24_pct__chg_6h,74.55799961090088,7.490556531401355e-05
ANCHOR,xrank_ret_3h__chg_6h,74.45796966552734,7.480506906081956e-05
ANCHOR,ret_3h__chg_72h,74.35090065002441,7.469750092358792e-05
ANCHOR,close_vs_vwap24__chg_24h,73.95529747009277,7.430005356733578e-05
ANCHOR,ret_24h__chg_1h,73.76136112213135,7.410521314974413e-05
ANCHOR,ret_24h__chg_24h,73.62269973754883,7.396590536984684e-05
ANCHOR,range_3h__chg_168h,72.88434028625488,7.322410392140734e-05
ANCHOR,ret_168h__chg_12h,72.78386878967285,7.312316405863343e-05
ANCHOR,volume_ratio_6h__chg_72h,72.75490951538086,7.30940697854066e-05
ANCHOR,abs_body_pct__chg_24h,72.70242023468018,7.304133581635795e-05
ANCHOR,ret_168h__chg_24h,71.92232847213745,7.225760751389522e-05
ANCHOR,close_vs_ema24__chg_72h,71.44540023803711,7.177845599191318e-05
ANCHOR,taker_buy_3h__chg_12h,69.88331890106201,7.020909272810207e-05
ANCHOR,xrank_ret_6h__chg_168h,69.43433046340942,6.975801124902084e-05
ANCHOR,taker_buy_6h__chg_6h,69.03721141815186,6.93590409609603e-05
ANCHOR,close_vs_ema24__chg_24h,69.03610897064209,6.935793337419055e-05
ANCHOR,ret_168h__chg_6h,68.5159797668457,6.8835379493319e-05
ANCHOR,xrank_trade_ratio_3h__chg_72h,68.07810020446777,6.839545867555907e-05
ANCHOR,taker_buy_current__chg_3h,67.0915699005127,6.740432948080052e-05
ANCHOR,rebound_72h_low__chg_72h,66.75110054016113,6.706227296047635e-05
ANCHOR,xrank_quote_volume_24h__chg_12h,66.70775079727173,6.701872113486015e-05
ANCHOR,xrank_ret_24h__chg_168h,65.94182109832764,6.62492209150365e-05
ANCHOR,xrank_ret_24h__chg_3h,65.48215103149414,6.578740801241324e-05
ANCHOR,xrank_ret_3h__chg_12h,65.24423885345459,6.554838676339712e-05
ANCHOR,trade_ratio_24h__chg_72h,65.19342088699341,6.549733189972389e-05
ANCHOR,taker_buy_3h,64.88338947296143,6.51858552177533e-05
ANCHOR,ema6_slope_3h__chg_168h,64.58879852294922,6.488989097833947e-05
ANCHOR,xrank_volume_ratio_3h__chg_12h,64.58322048187256,6.488428693420776e-05
ANCHOR,close_vs_ema12__chg_72h,64.28859996795654,6.458829299307259e-05
ANCHOR,range_12h__chg_168h,64.23849964141846,6.453795911473175e-05
ANCHOR,close_vs_ema6__chg_12h,64.19948196411133,6.449875954941102e-05
ANCHOR,rs_12h__chg_168h,63.104220390319824,6.339839221418582e-05
ANCHOR,rs_3h,62.7643404006958,6.305692781204826e-05
ANCHOR,xrank_ret_3h__chg_72h,62.753469944000244,6.304600668073772e-05
ANCHOR,xrank_ret_24h__chg_72h,62.340599060058594,6.263121112392634e-05
ANCHOR,dist_6h_high__chg_24h,62.16606903076172,6.245586749109043e-05
ANCHOR,rs_6h__chg_12h,62.00189971923828,6.229093287440206e-05
ANCHOR,xrank_volume_ratio_3h__chg_1h,61.594250202178955,6.18813830248263e-05
ANCHOR,green_body_pct__chg_12h,60.43203926086426,6.071375422539992e-05
ANCHOR,rs_72h__chg_24h,58.04340076446533,5.831398065532928e-05
ANCHOR,xrank_volume_ratio_3h__chg_6h,57.64319896697998,5.791191324422962e-05
ANCHOR,rs_6h__chg_72h,57.2367000579834,5.750351936648579e-05
ANCHOR,green_body_pct__chg_168h,57.205862045288086,5.747253759677418e-05
ANCHOR,ret_1h__chg_12h,56.802202224731445,5.706699604239847e-05
ANCHOR,xrank_ret_3h__chg_168h,56.74831962585449,5.701286225996694e-05
ANCHOR,rs_24h__chg_72h,56.0904598236084,5.63519357243601e-05
ANCHOR,ema72_slope_24h__chg_1h,55.6973991394043,5.5957042716142696e-05
ANCHOR,rs_168h__chg_6h,55.438700675964355,5.5697138282668565e-05
ANCHOR,xrank_ret_3h,53.674800872802734,5.392501573911013e-05
ANCHOR,dist_72h_high__chg_3h,53.21131944656372,5.345937370973489e-05
ANCHOR,taker_buy_12h__chg_3h,52.88930034637451,5.3135853458823326e-05
ANCHOR,xrank_rs_24h__chg_12h,52.43959999084473,5.268405674312997e-05
ANCHOR,taker_buy_3h__chg_24h,52.09767961502075,5.234054244316034e-05
ANCHOR,range_72h__chg_24h,51.18137073516846,5.141996202247062e-05
ANCHOR,close_vs_ema12__chg_24h,51.15497016906738,5.139343838531926e-05
ANCHOR,rebound_72h_low__chg_24h,50.99644088745117,5.12341700905654e-05
ANCHOR,rebound_168h_low__chg_1h,50.689208984375,5.092550596998114e-05
ANCHOR,taker_buy_current__chg_24h,50.39169979095459,5.062660988323562e-05
ANCHOR,xrank_trade_ratio_3h__chg_3h,49.845290184020996,5.0077653088338125e-05
ANCHOR,taker_buy_3h__chg_168h,49.283859729766846,4.9513605423702794e-05
ANCHOR,taker_buy_24h__chg_6h,49.1897497177124,4.941905670067595e-05
ANCHOR,trade_ratio_12h__chg_72h,49.047529220581055,4.927617321677805e-05
ANCHOR,rs_12h__chg_6h,49.04411029815674,4.927273835642377e-05
ANCHOR,dist_168h_high__chg_3h,48.55620002746582,4.878255360308614e-05
ANCHOR,trade_ratio_24h__chg_6h,48.342820167541504,4.856817903405708e-05
ANCHOR,ret_3h__chg_6h,47.62307071685791,4.784507434013738e-05
ANCHOR,close_vs_vwap72__chg_24h,47.60351037979126,4.782542281899469e-05
ANCHOR,range_168h__chg_1h,47.56460094451904,4.778633200029885e-05
ANCHOR,dist_24h_high__chg_1h,47.21989917755127,4.74400233432237e-05
ANCHOR,close_vs_ema24__chg_6h,46.99980068206787,4.721889881849145e-05
ANCHOR,taker_buy_12h,45.8754997253418,4.608935672795581e-05
ANCHOR,dist_168h_high__chg_1h,45.66969966888428,4.588259729702879e-05
ANCHOR,xrank_rs_24h__chg_24h,45.43168926239014,4.564347736164824e-05
ANCHOR,rs_1h__chg_1h,45.386399269104004,4.559797624080447e-05
ANCHOR,xrank_ret_3h__chg_24h,45.18060111999512,4.539121872611754e-05
ANCHOR,ret_6h__chg_3h,44.95800018310547,4.516758009439236e-05
ANCHOR,rebound_72h_low__chg_12h,43.09370040893555,4.3294589547063236e-05
ANCHOR,ret_6h__chg_168h,42.42543983459473,4.262321375426705e-05
ANCHOR,rs_1h__chg_12h,41.99044990539551,4.218619604023752e-05
ANCHOR,dist_24h_high__chg_12h,41.41263961791992,4.160569218480303e-05
ANCHOR,atr72_pct__chg_6h,40.939199447631836,4.113004498687838e-05
ANCHOR,xrank_ret_6h__chg_1h,40.46366024017334,4.0652288966739015e-05
ANCHOR,ema6_slope_3h__chg_72h,40.25600051879883,4.044366120172808e-05
ANCHOR,ret_24h__chg_168h,40.09920024871826,4.0286129978612244e-05
ANCHOR,rs_1h__chg_6h,39.43680953979492,3.962065141468094e-05
ANCHOR,ret_1h__chg_72h,39.39809989929199,3.958176132213412e-05
ANCHOR,taker_buy_current__chg_1h,39.37188911437988,3.955542835087132e-05
ANCHOR,dist_168h_high__chg_72h,39.17987012863159,3.9362514233626194e-05
ANCHOR,ema24_slope_6h__chg_1h,39.00385046005249,3.9185674017283066e-05
ANCHOR,xrank_quote_volume_24h__chg_1h,37.81490993499756,3.7991191029290466e-05
ANCHOR,xrank_rs_24h__chg_168h,37.332900047302246,3.7506934164659096e-05
ANCHOR,xrank_rs_6h__chg_3h,37.01530075073242,3.7187854321086986e-05
ANCHOR,green_body_pct__chg_72h,36.654500007629395,3.6825371639565355e-05
ANCHOR,quote_volume_7d__chg_24h,34.09549903869629,3.425444142124687e-05
ANCHOR,rs_12h__chg_1h,32.34469985961914,3.249548057271962e-05
ANCHOR,xrank_rs_24h__chg_72h,32.27719974517822,3.242766579419358e-05
ANCHOR,rs_3h__chg_24h,32.17151975631714,3.232149315880462e-05
ANCHOR,taker_buy_current__chg_72h,31.793700218200684,3.194191234605499e-05
ANCHOR,close_vs_ema72__chg_24h,31.48359966278076,3.163036620038127e-05
ANCHOR,taker_buy_6h__chg_24h,30.40560007095337,3.0547341316995044e-05
ANCHOR,rs_24h__chg_3h,30.243250370025635,3.0384234793348784e-05
ANCHOR,taker_buy_24h__chg_3h,30.195700645446777,3.0336463407063037e-05
ANCHOR,taker_buy_12h__chg_6h,30.10800075531006,3.024835468790546e-05
ANCHOR,ret_72h__chg_1h,30.001209259033203,3.0141065363606344e-05
ANCHOR,close_vs_ema12__chg_168h,29.81529998779297,2.995428944241693e-05
ANCHOR,close_vs_vwap24__chg_72h,29.572800636291504,2.971065963599381e-05
ANCHOR,taker_buy_6h,29.566399574279785,2.970422873426495e-05
ANCHOR,rs_72h__chg_1h,29.229899406433105,2.936615990955991e-05
ANCHOR,ret_6h__chg_24h,29.083399772644043,2.9218977341028912e-05
ANCHOR,rs_3h__chg_168h,27.84079933166504,2.7970584291634835e-05
ANCHOR,xrank_rs_6h__chg_72h,27.75809955596924,2.7887498995862895e-05
ANCHOR,xrank_volume_ratio_3h__chg_3h,27.244980812072754,2.7371988255427697e-05
ANCHOR,close_vs_ema12__chg_6h,26.337300300598145,2.646007642582735e-05
ANCHOR,taker_buy_24h__chg_12h,24.8150897026062,2.4930769765715477e-05
ANCHOR,xrank_rs_6h__chg_12h,24.50819969177246,2.4622449131166637e-05
ANCHOR,rs_1h__chg_72h,22.74014949798584,2.2846156849180912e-05
ANCHOR,taker_buy_6h__chg_12h,22.441250324249268,2.254586430247267e-05
ANCHOR,xrank_rs_6h__chg_1h,21.116730213165283,2.1215169699501856e-05
ANCHOR,ret_24h__chg_6h,21.01945972442627,2.111744576665239e-05
ANCHOR,taker_buy_3h__chg_1h,19.76834011077881,1.9860493830913875e-05
ANCHOR,rs_3h__chg_12h,19.726210117340088,1.98181674408327e-05
ANCHOR,xrank_ret_24h,16.858179569244385,1.6936767045648828e-05
ANCHOR,green_body_pct__chg_24h,14.086700439453125,1.4152368160801972e-05
ANCHOR,rs_24h__chg_6h,12.770400047302246,1.2829931594482085e-05
ANCHOR,ret_1h__chg_24h,12.356900215148926,1.2414504157502328e-05
ANCHOR,rebound_72h_low__chg_3h,12.236599922180176,1.229364306279361e-05
ANCHOR,taker_buy_6h__chg_3h,11.187000274658203,1.1239150515228965e-05
ANCHOR,ret_72h__chg_24h,11.103899955749512,1.1155662809038947e-05
ANCHOR,xrank_rs_6h__chg_168h,9.789270401000977,9.834904869034458e-06
ANCHOR,xrank_rs_24h__chg_6h,8.649620056152344,8.68994183640615e-06
ANCHOR,xrank_rs_6h__chg_24h,7.666319847106934,7.702057794233358e-06
ANCHOR,xrank_rs_24h,0.0,0.0
ANCHOR,taker_buy_6h__chg_1h,0.0,0.0
ANCHOR,quote_volume_7d__chg_3h,0.0,0.0
ANCHOR,xrank_rs_24h__chg_1h,0.0,0.0
ANCHOR,xrank_rs_24h__chg_3h,0.0,0.0
EARLY3,ema6_slope_3h,363558.21288108826,0.20748066933879203
EARLY3,close_vs_ema12,120297.0235004425,0.06865284862509717
EARLY3,ret_12h,81069.71244430542,0.046266038298932506
EARLY3,close_vs_ema24,56556.10232448578,0.03227625604297804
EARLY3,range_24h__chg_3h,40191.9043970108,0.02293729843209471
EARLY3,ema24_slope_6h,30626.37730026245,0.017478304812107808
EARLY3,btc_atr24_pct,26951.348984718323,0.01538098639725053
EARLY3,close_vs_vwap24,26851.004932403564,0.01532372059936511
EARLY3,quote_volume_24h,23655.08856487274,0.013499828733929579
EARLY3,btc_ret_168h__chg_168h,21208.579617500305,0.012103619554877964
EARLY3,btc_atr24_pct__chg_168h,18385.459533691406,0.010492480474919838
EARLY3,btc_ret_168h,18134.599467277527,0.010349316016943614
EARLY3,btc_atr24_pct__chg_72h,16342.74020767212,0.009326711808397121
EARLY3,quote_volume_7d,16214.129585266113,0.009253314434674184
EARLY3,range_3h__chg_6h,16149.653964996338,0.009216518553366498
EARLY3,median_ret_24h__chg_24h,15867.723791122437,0.009055622556220392
EARLY3,btc_vs_ema168,15686.067739486694,0.008951952448250217
EARLY3,ret_6h,14908.382452011108,0.008508131738764167
EARLY3,rebound_12h_low__chg_6h,13472.735622406006,0.0076888160017325085
EARLY3,btc_atr24_pct__chg_12h,13312.196500778198,0.007597197209389908
EARLY3,rebound_12h_low__chg_3h,12387.380729675293,0.007069409943403259
EARLY3,btc_atr24_pct__chg_24h,12263.043071746826,0.006998451126968945
EARLY3,range_6h__chg_6h,11326.897848129272,0.006464198204843343
EARLY3,btc_vs_ema168__chg_24h,10973.698831558228,0.0062626294717724375
EARLY3,btc_vs_ema168__chg_72h,10814.411905288696,0.00617172530042277
EARLY3,rebound_24h_low,10089.754302024841,0.005758167198199933
EARLY3,volume_ratio_24h__chg_6h,9744.554712295532,0.005561163693960738
EARLY3,median_ret_24h__chg_168h,9741.252568244934,0.005559279178541758
EARLY3,btc_ret_168h__chg_72h,9574.490209579468,0.005464108819104043
EARLY3,btc_ret_24h,9301.629892349243,0.005308388939180881
EARLY3,median_ret_1h__chg_3h,9287.540981292725,0.005300348475253259
EARLY3,btc_ret_72h__chg_168h,9029.57400226593,0.005153128141399072
EARLY3,btc_ret_72h,8953.392585754395,0.005109651826660556
EARLY3,btc_atr24_pct__chg_6h,8787.370568275452,0.005014903975859632
EARLY3,median_ret_24h,8638.062175750732,0.0049296944987488505
EARLY3,range_24h__chg_6h,8311.773782730103,0.004743483510294185
EARLY3,ema6_slope_3h__chg_3h,8204.566469192505,0.004682300887036903
EARLY3,dist_168h_high__chg_6h,8149.56015586853,0.004650909087039111
EARLY3,rebound_6h_low__chg_3h,8091.108367919922,0.0046175509736533105
EARLY3,btc_ret_72h__chg_72h,8088.589870452881,0.004616113681022651
EARLY3,volume_ratio_6h__chg_24h,7953.236452102661,0.004538868230798749
EARLY3,btc_ret_72h__chg_12h,7843.381393432617,0.004476174553980153
EARLY3,atr6_pct__chg_6h,7779.596892356873,0.004439773090589296
EARLY3,btc_vs_ema168__chg_6h,7617.972359657288,0.004347534860127294
EARLY3,btc_ret_24h__chg_168h,7233.735005378723,0.004128252718709247
EARLY3,breadth_positive_6h__chg_24h,7208.465304374695,0.004113831439550793
EARLY3,ema24_slope_6h__chg_6h,7126.402331352234,0.004066998552911535
EARLY3,btc_ret_168h__chg_12h,6506.762517929077,0.0037133735248337037
EARLY3,breadth_positive_6h__chg_168h,6461.857009887695,0.0036877461987678455
EARLY3,breadth_positive_24h__chg_24h,6369.898397445679,0.003635265925224481
EARLY3,btc_vs_ema168__chg_168h,6345.135008811951,0.0036211335957466073
EARLY3,range_12h,6216.9503383636475,0.003547979310459466
EARLY3,btc_ret_6h__chg_12h,6168.213720321655,0.0035201655910208985
EARLY3,btc_ret_168h__chg_24h,6157.714232444763,0.0035141735911286428
EARLY3,range_72h__chg_3h,6109.059005737305,0.003486406321276329
EARLY3,btc_ret_24h__chg_72h,6102.845802307129,0.0034828604803057313
EARLY3,breadth_positive_24h__chg_168h,6052.177607536316,0.0034539444206686054
EARLY3,atr168_pct,5944.8118686676025,0.003392671384947581
EARLY3,atr24_pct,5907.629467010498,0.003371451593150543
EARLY3,rebound_6h_low__chg_6h,5806.383993148804,0.003313671358953996
EARLY3,btc_ret_24h__chg_12h,5773.963521003723,0.003295169174097176
EARLY3,median_ret_6h,5737.630746841431,0.0032744342600310393
EARLY3,ema24_slope_6h__chg_12h,5735.454627037048,0.0032731923604463853
EARLY3,ret_48h__chg_168h,5721.892421722412,0.0032654524845841634
EARLY3,breadth_positive_24h__chg_72h,5693.350191116333,0.003249163590809376
EARLY3,median_ret_24h__chg_72h,5648.574892044067,0.0032236105742849035
EARLY3,btc_vs_ema168__chg_12h,5576.295000076294,0.0031823608381109764
EARLY3,median_ret_24h__chg_12h,5462.901978492737,0.003117648065347404
EARLY3,volume_ratio_12h__chg_24h,5357.736999511719,0.003057630991170844
EARLY3,breadth_positive_24h__chg_12h,5334.527694702148,0.003044385568770353
EARLY3,median_ret_6h__chg_12h,5329.11710357666,0.0030412977742206478
EARLY3,breadth_positive_24h,5289.205913543701,0.0030185206779297312
EARLY3,btc_ret_24h__chg_24h,5141.506088256836,0.002934229201280393
EARLY3,btc_ret_6h__chg_168h,5056.099496841431,0.0028854881300434494
EARLY3,median_ret_6h__chg_72h,4919.10719203949,0.0028073073763497706
EARLY3,range_3h,4854.222780227661,0.0027702781999609668
EARLY3,range_6h__chg_3h,4841.350299835205,0.0027629319463123086
EARLY3,btc_atr24_pct__chg_3h,4837.98289680481,0.002761010187953054
EARLY3,breadth_positive_24h__chg_6h,4445.850814819336,0.0025372225689227804
EARLY3,range_12h__chg_3h,4289.996751785278,0.002448277513710802
EARLY3,breadth_positive_6h__chg_72h,4192.820083618164,0.0023928193245101054
EARLY3,green_body_pct__chg_3h,4167.4721755981445,0.0023783534130384478
EARLY3,btc_ret_72h__chg_24h,4051.4756212234497,0.0023121548184531922
EARLY3,range_6h,4021.596357345581,0.002295102887155581
EARLY3,breadth_positive_6h__chg_12h,3950.2245025634766,0.002254371362801363
EARLY3,atr72_pct,3854.7794103622437,0.0021999013744655703
EARLY3,ret_2h__chg_3h,3733.2666368484497,0.00213055470400512
EARLY3,dist_12h_high,3650.115489959717,0.002083100802534861
EARLY3,ema6_slope_3h__chg_6h,3644.5952682495117,0.002079950442414386
EARLY3,ret_12h__chg_3h,3604.324098587036,0.0020569679077319433
EARLY3,ret_24h,3603.3563022613525,0.002056415591700227
EARLY3,volume_ratio_24h__chg_12h,3506.203372001648,0.0020009709495925226
EARLY3,btc_ret_6h__chg_6h,3494.2264108657837,0.0019941357638504067
EARLY3,ret_3h__chg_1h,3458.6478033065796,0.001973831248510135
EARLY3,dist_12h_high__chg_12h,3399.1389865875244,0.0019398698946279508
EARLY3,median_ret_6h__chg_168h,3364.745801925659,0.0019202418936049882
EARLY3,rebound_6h_low__chg_12h,3332.8090171813965,0.0019020157464833007
EARLY3,btc_vs_ema168__chg_3h,3291.7671794891357,0.0018785933958016794
EARLY3,quote_volume_24h__chg_12h,3258.991767883301,0.0018598886489498809
EARLY3,trade_ratio_3h__chg_3h,3223.3801975250244,0.0018395653219217625
EARLY3,ema24_slope_6h__chg_3h,3204.980028152466,0.001829064446622834
EARLY3,btc_ret_6h__chg_24h,3176.0666913986206,0.001812563764613849
EARLY3,btc_ret_24h__chg_3h,3168.517292022705,0.0018082553639777914
EARLY3,btc_ret_72h__chg_3h,3068.433322906494,0.0017511379941410486
EARLY3,breadth_positive_6h,3065.174196243286,0.00174927802850808
EARLY3,ret_3h__chg_12h,3047.2555961608887,0.0017390519821502
EARLY3,btc_ret_168h__chg_6h,3030.6440773010254,0.0017295718798456328
EARLY3,median_ret_6h__chg_6h,3006.234628677368,0.001715641541981738
EARLY3,ret_6h__chg_6h,2965.5682106018066,0.0016924334412072733
EARLY3,btc_ret_6h__chg_72h,2888.10951423645,0.001648228189892401
EARLY3,breadth_positive_6h__chg_6h,2865.462694168091,0.0016353037744351291
EARLY3,btc_atr24_pct__chg_1h,2844.516101837158,0.0016233496695814721
EARLY3,btc_ret_1h__chg_1h,2807.4729146957397,0.001602209326741638
EARLY3,range_24h,2803.4602842330933,0.0015999193406411962
EARLY3,rebound_24h_low__chg_3h,2749.581588745117,0.001569171065930641
EARLY3,breadth_positive_1h__chg_6h,2743.0076208114624,0.0015654193386452706
EARLY3,dist_12h_high__chg_6h,2650.487573623657,0.0015126186573852902
EARLY3,range_3h__chg_3h,2631.2461652755737,0.0015016376916372075
EARLY3,median_ret_24h__chg_6h,2481.5440063476562,0.0014162034942092824
EARLY3,trade_ratio_3h__chg_6h,2469.9178829193115,0.00140956852961417
EARLY3,ema72_slope_24h,2463.6638145446777,0.0014059993672448851
EARLY3,ema24_slope_6h__chg_24h,2415.2272987365723,0.0013783569144980078
EARLY3,trade_ratio_3h__chg_1h,2398.423496246338,0.0013687670769848305
EARLY3,breadth_positive_6h__chg_3h,2391.904438018799,0.0013650466863662565
EARLY3,btc_ret_6h,2384.914712905884,0.001361057688748986
EARLY3,median_ret_6h__chg_3h,2364.0144062042236,0.0013491299988489787
EARLY3,median_ret_1h__chg_168h,2362.5186014175415,0.0013482763512972385
EARLY3,rebound_12h_low__chg_12h,2268.5845851898193,0.001294668725695384
EARLY3,ret_1h__chg_3h,2257.9648151397705,0.0012886080814295126
EARLY3,btc_ret_1h__chg_3h,2236.3040294647217,0.001276246390368683
EARLY3,median_ret_24h__chg_3h,2188.4014987945557,0.0012489086799984353
EARLY3,volume_ratio_6h__chg_168h,2146.2651195526123,0.0012248616804839696
EARLY3,range_168h,2107.9413928985596,0.001202990540798451
EARLY3,btc_ret_168h__chg_3h,2105.7098808288574,0.001201717029153121
EARLY3,abs_body_pct__chg_3h,1964.5298156738281,0.0011211463436952725
EARLY3,ret_3h__chg_3h,1964.3236713409424,0.0011210286982600928
EARLY3,median_ret_6h__chg_24h,1926.1547946929932,0.001099245930620027
EARLY3,median_ret_24h__chg_1h,1869.4194927215576,0.0010668674063257014
EARLY3,range_3h__chg_1h,1868.906979560852,0.0010665749178881952
EARLY3,ema72_slope_24h__chg_12h,1854.3746128082275,0.0010582813762376935
EARLY3,atr6_pct,1837.0999898910522,0.0010484228441004946
EARLY3,breadth_positive_1h,1837.0081005096436,0.0010483704033367204
EARLY3,range_3h__chg_12h,1816.6238994598389,0.0010367372520891285
EARLY3,close_vs_vwap72__chg_12h,1786.5608043670654,0.001019580409329852
EARLY3,ret_48h,1775.4990940093994,0.0010132675521649637
EARLY3,btc_ret_168h__chg_1h,1772.011796951294,0.0010112773709445614
EARLY3,median_ret_1h,1761.133207321167,0.0010050690197701128
EARLY3,breadth_positive_1h__chg_3h,1755.0711002349854,0.0010016094086506802
EARLY3,quote_volume_24h__chg_24h,1737.922010421753,0.0009918225175643708
EARLY3,quote_volume_24h__chg_6h,1727.7868089675903,0.000986038413926803
EARLY3,atr24_vs_7d,1726.5893535614014,0.0009853550327229771
EARLY3,volume_ratio_3h__chg_24h,1718.9806690216064,0.000981012798370481
EARLY3,breadth_positive_1h__chg_72h,1708.7810878753662,0.0009751919535972963
EARLY3,btc_ret_24h__chg_6h,1703.4245958328247,0.0009721350330962102
EARLY3,range_72h__chg_12h,1698.320562362671,0.0009692221893116539
EARLY3,btc_ret_72h__chg_6h,1684.4247016906738,0.0009612918981750111
EARLY3,median_ret_1h__chg_12h,1678.368896484375,0.0009578358835037123
EARLY3,breadth_positive_6h__chg_1h,1669.8914909362793,0.0009529978748573485
EARLY3,trade_ratio_current__chg_3h,1666.3249139785767,0.0009509624490349796
EARLY3,btc_ret_1h__chg_12h,1663.5296001434326,0.0009493671788279568
EARLY3,rs_6h__chg_6h,1626.0086545944214,0.0009279541818967624
EARLY3,btc_ret_6h__chg_3h,1614.4469032287598,0.0009213559540832135
EARLY3,range_168h__chg_12h,1582.5778875350952,0.0009031684823853792
EARLY3,close_vs_ema6,1582.527587890625,0.0009031397766553683
EARLY3,breadth_positive_24h__chg_3h,1581.4066009521484,0.0009025000355848201
EARLY3,rebound_6h_low,1543.6804838180542,0.0008809699483602586
EARLY3,breadth_positive_1h__chg_168h,1509.1447954177856,0.0008612606212388071
EARLY3,volume_ratio_3h__chg_168h,1504.1007022857666,0.0008583819850750277
EARLY3,atr72_pct__chg_72h,1484.454794883728,0.0008471701739451382
EARLY3,median_ret_1h__chg_1h,1481.8303050994873,0.0008456723920829384
EARLY3,rs_12h,1479.9926013946533,0.0008446236247020457
EARLY3,close_vs_vwap72__chg_168h,1472.9772033691406,0.0008406199756949814
EARLY3,dist_12h_high__chg_3h,1456.1648750305176,0.0008310252725270957
EARLY3,ret_2h__chg_1h,1437.9353170394897,0.0008206217642037508
EARLY3,btc_ret_1h__chg_24h,1404.9809074401855,0.0008018148641831352
EARLY3,close_vs_ema72__chg_12h,1371.2678966522217,0.000782575034643098
EARLY3,breadth_positive_1h__chg_12h,1342.9632987976074,0.0007664217565705118
EARLY3,breadth_positive_24h__chg_1h,1331.0914068222046,0.0007596465332194716
EARLY3,dist_6h_high,1328.7488975524902,0.0007583096760835509
EARLY3,rebound_168h_low,1317.5894031524658,0.0007519410141043568
EARLY3,close_vs_ema6__chg_3h,1304.4344863891602,0.0007444335755747272
EARLY3,btc_ret_1h__chg_6h,1298.1302919387817,0.0007408358065301472
EARLY3,close_vs_ema72,1242.3797016143799,0.0007090192517482503
EARLY3,range_12h__chg_6h,1240.8511056900024,0.0007081468904748656
EARLY3,breadth_positive_1h__chg_1h,1228.8665008544922,0.0007013073425154694
EARLY3,volume_ratio_6h__chg_12h,1199.413215637207,0.0006844985148928421
EARLY3,rs_72h__chg_168h,1171.956389427185,0.00066882905542766
EARLY3,rs_24h__chg_168h,1129.4095077514648,0.0006445477844355943
EARLY3,ret_2h__chg_12h,1121.655897140503,0.000640122841572645
EARLY3,btc_ret_1h__chg_168h,1116.119267463684,0.0006369631175160106
EARLY3,volume_ratio_12h__chg_12h,1114.064109802246,0.0006357902503599842
EARLY3,trade_ratio_6h__chg_1h,1112.6032209396362,0.0006349565291337688
EARLY3,range_72h__chg_6h,1095.9164810180664,0.0006254334985836598
EARLY3,close_vs_vwap72__chg_6h,1066.7120056152344,0.000608766665351509
EARLY3,ret_2h,1029.4916219711304,0.0005875251974437239
EARLY3,ret_48h__chg_12h,1010.3354053497314,0.0005765928501447599
EARLY3,ret_168h,1009.3850917816162,0.0005760505114264794
EARLY3,rs_24h,1009.3053894042969,0.000576005025718804
EARLY3,range_168h__chg_3h,1008.5055055618286,0.00057554853641627
EARLY3,btc_ret_24h__chg_1h,992.3665981292725,0.0005663381508497671
EARLY3,range_168h__chg_24h,987.3974084854126,0.0005635022616940553
EARLY3,taker_buy_24h__chg_72h,957.746503829956,0.0005465806537467003
EARLY3,dist_6h_high__chg_6h,953.7879867553711,0.000544321549858728
EARLY3,rs_168h,948.105712890625,0.0005410787074663613
EARLY3,atr24_vs_7d__chg_168h,946.915602684021,0.0005403995181274757
EARLY3,volume_ratio_24h__chg_24h,944.794599533081,0.000539189073313317
EARLY3,rs_168h__chg_72h,935.6114978790283,0.0005339483277867892
EARLY3,range_72h__chg_168h,931.9149951934814,0.0005318387540672683
EARLY3,atr168_pct__chg_1h,921.5711040496826,0.0005259355523734451
EARLY3,rebound_72h_low,920.1599960327148,0.0005251302408016073
EARLY3,rebound_12h_low,909.9763088226318,0.0005193184666102318
EARLY3,range24_vs_72h__chg_24h,907.2837047576904,0.0005177818123032608
EARLY3,volume_ratio_12h__chg_6h,902.9671115875244,0.0005153183563600933
EARLY3,trade_ratio_3h,901.3249053955078,0.000514381158332818
EARLY3,atr6_pct__chg_3h,901.1380777359009,0.0005142745368166677
EARLY3,dist_168h_high__chg_12h,899.4348020553589,0.0005133024867687076
EARLY3,median_ret_1h__chg_72h,898.7820930480957,0.0005129299893338753
EARLY3,ema72_slope_24h__chg_3h,894.4385929107666,0.0005104511777327716
EARLY3,atr168_pct__chg_168h,887.4299974441528,0.0005064514109085974
EARLY3,dist_6h_high__chg_12h,882.464596748352,0.0005036176840846705
EARLY3,xrank_quote_volume_24h,865.1599998474121,0.0004937420459600565
EARLY3,btc_ret_1h,851.9077072143555,0.0004861790355579797
EARLY3,breadth_positive_1h__chg_24h,846.5988998413086,0.00048314932843509107
EARLY3,btc_ret_6h__chg_1h,844.9178085327148,0.00048218993888599364
EARLY3,close_vs_vwap72,844.0009002685547,0.0004816666643906587
EARLY3,median_ret_1h__chg_24h,840.5748043060303,0.0004797114102983629
EARLY3,close_vs_vwap72__chg_24h,838.7361106872559,0.0004786620779790376
EARLY3,range24_vs_72h__chg_168h,834.4432821273804,0.0004762121843680494
EARLY3,range_24h__chg_12h,831.0791988372803,0.0004742923205662937
EARLY3,median_ret_6h__chg_1h,830.8778114318848,0.00047417738988342795
EARLY3,ema6_slope_3h__chg_1h,820.038688659668,0.0004679915622273754
EARLY3,btc_vs_ema168__chg_1h,781.1455059051514,0.0004457954370823152
EARLY3,lower_wick_share__chg_3h,780.6795244216919,0.00044552950401668186
EARLY3,rebound_24h_low__chg_12h,768.9488019943237,0.0004388348453490368
EARLY3,ema6_slope_3h__chg_12h,762.664098739624,0.0004352481998224584
EARLY3,close_vs_ema72__chg_6h,751.5211029052734,0.00042888895348380774
EARLY3,atr24_vs_7d__chg_72h,745.2971954345703,0.0004253370037762473
EARLY3,abs_body_pct__chg_12h,738.1319074630737,0.00042124781340271674
EARLY3,xrank_quote_volume_24h__chg_72h,733.9931030273438,0.0004188858205108976
EARLY3,quote_volume_24h__chg_72h,720.9193925857544,0.00041142472598172593
EARLY3,atr24_pct__chg_168h,693.907299041748,0.00039600907299911647
EARLY3,rebound_168h_low__chg_12h,692.7363052368164,0.0003953407932853578
EARLY3,atr168_pct__chg_72h,689.3584003448486,0.00039341304157155594
EARLY3,range_168h__chg_6h,686.5312042236328,0.0003917995763195036
EARLY3,volume_ratio_12h,685.4715051651001,0.0003911948119044195
EARLY3,xrank_ret_6h,684.9686708450317,0.0003909078471279466
EARLY3,range_3h__chg_24h,684.3539886474609,0.0003905570513839254
EARLY3,ema72_slope_24h__chg_24h,677.8180017471313,0.0003868269996650457
EARLY3,trade_ratio_6h,676.5708999633789,0.000386115285547034
EARLY3,trade_ratio_12h__chg_24h,668.6650066375732,0.00038160343577761137
EARLY3,ret_12h__chg_12h,666.6952037811279,0.00038047928013859567
EARLY3,trade_ratio_12h__chg_6h,665.1070880889893,0.0003795729512616294
EARLY3,range_72h__chg_72h,646.113395690918,0.00036873335564161267
EARLY3,trade_ratio_6h__chg_24h,645.9456119537354,0.00036863760238708173
EARLY3,btc_ret_72h__chg_1h,634.9282941818237,0.0003623500798263356
EARLY3,ema24_slope_6h__chg_168h,623.9001960754395,0.0003560564049880921
EARLY3,rebound_168h_low__chg_168h,619.7831974029541,0.00035370685652523406
EARLY3,trade_ratio_12h,617.8684024810791,0.00035261409361145253
EARLY3,close_vs_vwap72__chg_72h,617.3139963150024,0.0003522976970665593
EARLY3,atr168_pct__chg_6h,615.3953037261963,0.00035120270977573146
EARLY3,volume_ratio_3h__chg_1h,607.1093921661377,0.0003464739856934473
EARLY3,ema72_slope_24h__chg_6h,604.7119941711426,0.0003451058038643773
EARLY3,trade_ratio_6h__chg_6h,604.5521068572998,0.00034501455705514695
EARLY3,range24_vs_72h,592.7427034378052,0.0003382749955787295
EARLY3,trade_ratio_6h__chg_3h,590.1637945175171,0.0003368032264644937
EARLY3,green_body_pct__chg_12h,583.0888023376465,0.00033276556740182686
EARLY3,close_vs_ema6__chg_12h,581.0198059082031,0.00033158480253713414
EARLY3,trade_ratio_3h__chg_24h,566.63210105896,0.00032337381863798526
EARLY3,ret_72h__chg_72h,563.3740005493164,0.00032151443862520307
EARLY3,dist_168h_high__chg_72h,560.4641017913818,0.0003198537754339637
EARLY3,range_12h__chg_12h,530.7468948364258,0.0003028943291295273
EARLY3,dist_12h_high__chg_168h,523.0454978942871,0.0002984991843197433
EARLY3,range_72h,515.8796977996826,0.0002944097016803762
EARLY3,ret_3h__chg_6h,488.93200302124023,0.00027903080071851725
EARLY3,ret_168h__chg_72h,480.356595993042,0.0002741368631673249
EARLY3,volume_ratio_12h__chg_3h,478.81920051574707,0.0002732594800375648
EARLY3,quote_volume_7d__chg_168h,474.6574001312256,0.00027088436348444934
EARLY3,xrank_ret_6h__chg_6h,472.56039237976074,0.00026968761271258635
EARLY3,taker_buy_24h__chg_168h,472.2744970321655,0.00026952445381264067
EARLY3,trade_ratio_24h__chg_6h,470.38100242614746,0.00026844384687178054
EARLY3,trade_ratio_24h__chg_24h,465.84940242767334,0.000265857687716117
EARLY3,dist_168h_high__chg_24h,465.74369621276855,0.0002657973617615803
EARLY3,ema72_slope_24h__chg_72h,460.79029846191406,0.00026297048495221306
EARLY3,rebound_72h_low__chg_12h,459.9040002822876,0.0002624646794634981
EARLY3,range24_vs_72h__chg_3h,449.0485134124756,0.0002562695129070937
EARLY3,trade_ratio_24h__chg_12h,446.97890281677246,0.0002550883975410998
EARLY3,dist_72h_high__chg_12h,445.32769775390625,0.0002541460639078031
EARLY3,taker_buy_24h,445.2472038269043,0.00025410012646708425
EARLY3,dist_168h_high,444.11759757995605,0.00025345546640467284
EARLY3,dist_168h_high__chg_168h,443.868896484375,0.0002533135340594577
EARLY3,range_24h__chg_72h,443.38360023498535,0.00025303657816330824
EARLY3,trade_ratio_12h__chg_12h,439.70379734039307,0.0002509365349224902
EARLY3,volume_ratio_3h__chg_72h,439.2156009674072,0.00025065792394178045
EARLY3,xrank_trade_ratio_3h__chg_6h,428.31289863586426,0.0002444358117814645
EARLY3,close_vs_ema72__chg_168h,411.891809463501,0.00023506438665052328
EARLY3,atr72_pct__chg_168h,411.36440086364746,0.00023476339746795064
EARLY3,btc_ret_1h__chg_72h,404.0216999053955,0.00023057295848020318
EARLY3,xrank_quote_volume_24h__chg_168h,403.6368007659912,0.00023035329866165949
EARLY3,rebound_12h_low__chg_168h,403.22010135650635,0.00023011549060416065
EARLY3,atr24_vs_7d__chg_6h,398.99479484558105,0.00022770413145454607
EARLY3,ret_48h__chg_72h,398.87890243530273,0.00022763799229442292
EARLY3,ema24_slope_6h__chg_72h,392.9468936920166,0.0002242526275826013
EARLY3,atr24_pct__chg_24h,391.81810188293457,0.00022360843231539358
EARLY3,range_72h__chg_24h,390.77729892730713,0.00022301445180214355
EARLY3,xrank_volume_ratio_3h__chg_168h,389.8929023742676,0.00022250973156124617
EARLY3,range_168h__chg_168h,384.9427032470703,0.00021968468018877964
EARLY3,ret_12h__chg_1h,378.517297744751,0.00021601773666457872
EARLY3,rebound_24h_low__chg_168h,378.4771156311035,0.00021599480495367344
EARLY3,rs_72h,377.93799781799316,0.00021568713338759833
EARLY3,taker_buy_12h__chg_24h,375.1816997528076,0.00021411412926556253
EARLY3,ret_48h__chg_24h,365.0405960083008,0.00020832665722340954
EARLY3,range_3h__chg_168h,361.15320682525635,0.00020610814563131342
EARLY3,volume_ratio_12h__chg_72h,359.3654041290283,0.0002050878564811398
EARLY3,atr6_pct__chg_168h,358.1322021484375,0.00020438407490422188
EARLY3,range_168h__chg_72h,355.53019523620605,0.00020289912389322514
EARLY3,trade_ratio_6h__chg_12h,353.00370025634766,0.00020145726712605708
EARLY3,atr6_pct__chg_12h,346.8546943664551,0.00019794806333805088
EARLY3,dist_72h_high__chg_168h,345.10299491882324,0.00019694837811296722
EARLY3,rebound_168h_low__chg_72h,342.6588954925537,0.00019555354403433557
EARLY3,xrank_volume_ratio_3h__chg_24h,339.69880294799805,0.00019386423552557672
EARLY3,atr168_pct__chg_12h,335.5736999511719,0.0001915100619694621
EARLY3,atr24_pct__chg_72h,334.46020126342773,0.0001908745944023559
EARLY3,ret_168h__chg_12h,331.59220123291016,0.0001892378425840437
EARLY3,atr24_pct__chg_12h,331.2705020904541,0.00018905425065560518
EARLY3,range_6h__chg_12h,329.82649993896484,0.00018823016658240163
EARLY3,range24_vs_72h__chg_72h,323.70356845855713,0.00018473584331625095
EARLY3,volume_ratio_6h__chg_6h,320.47359466552734,0.0001828925150656971
EARLY3,rs_168h__chg_168h,320.1954002380371,0.00018273375103843283
EARLY3,rs_6h__chg_3h,319.73070526123047,0.0001824685521750592
EARLY3,green_body_pct,318.53119945526123,0.00018178400081937394
EARLY3,ret_1h__chg_12h,318.4000053405762,0.00018170912906083917
EARLY3,range_6h__chg_1h,318.03789710998535,0.00018150247588840583
EARLY3,trade_ratio_24h,316.4971008300781,0.0001806231519393291
EARLY3,quote_volume_7d__chg_12h,314.15760040283203,0.0001792880119332301
EARLY3,volume_ratio_12h__chg_168h,312.9587049484253,0.00017860380890181925
EARLY3,range_12h__chg_72h,310.1731014251709,0.0001770140803163001
EARLY3,dist_72h_high__chg_72h,304.6541061401367,0.00017386442010991368
EARLY3,quote_volume_7d__chg_72h,304.2197017669678,0.00017361650792717262
EARLY3,range24_vs_72h__chg_6h,303.285701751709,0.00017308347926363993
EARLY3,volume_ratio_3h__chg_3h,298.839298248291,0.00017054594127837854
EARLY3,ret_12h__chg_168h,298.47539710998535,0.00017033826490338904
EARLY3,trade_ratio_24h__chg_72h,296.5673999786377,0.0001692493814512141
EARLY3,xrank_rs_6h__chg_6h,293.9235029220581,0.00016774052396560034
EARLY3,volume_ratio_current__chg_3h,292.3619918823242,0.00016684937821720305
EARLY3,trade_ratio_6h__chg_168h,284.3186950683594,0.00016225911303400985
EARLY3,atr168_pct__chg_24h,281.3514060974121,0.00016056569756435265
EARLY3,atr24_vs_7d__chg_24h,279.3734016418457,0.00015943686131789916
EARLY3,rs_3h__chg_12h,277.3904972076416,0.0001583052286806299
EARLY3,trade_ratio_3h__chg_168h,276.208797454834,0.00015763083914139482
EARLY3,dist_24h_high__chg_168h,275.6338920593262,0.0001573027437991904
EARLY3,atr24_vs_7d__chg_12h,275.4236001968384,0.00015718273139171457
EARLY3,trade_ratio_12h__chg_3h,274.82239723205566,0.0001568396281715918
EARLY3,rs_24h__chg_24h,273.20909786224365,0.00015591892710850805
EARLY3,ret_12h__chg_6h,271.60680389404297,0.00015500450676749785
EARLY3,range_24h__chg_24h,268.5069971084595,0.00015323546411103567
EARLY3,dist_24h_high__chg_72h,268.2544994354248,0.00015309136507998214
EARLY3,dist_72h_high,267.72570037841797,0.0001527895823711718
EARLY3,ema72_slope_24h__chg_168h,267.54779624938965,0.00015268805346476527
EARLY3,range24_vs_72h__chg_12h,265.20330142974854,0.00015135006318643928
EARLY3,lower_wick_share,264.7722988128662,0.00015110409236727154
EARLY3,dist_24h_high__chg_6h,263.50049781799316,0.00015037828254553523
EARLY3,ret_168h__chg_168h,261.20600509643555,0.00014906882818913625
EARLY3,dist_6h_high__chg_168h,258.85459899902344,0.0001477268936826589
EARLY3,trade_ratio_current__chg_6h,257.15820121765137,0.00014675876881386644
EARLY3,rebound_72h_low__chg_72h,254.06469917297363,0.00014499332423830794
EARLY3,atr72_pct__chg_3h,253.7664976119995,0.0001448231422501788
EARLY3,atr168_pct__chg_3h,252.9907989501953,0.00014438045529701956
EARLY3,xrank_trade_ratio_3h__chg_24h,246.5188980102539,0.0001406869770826996
EARLY3,range_12h__chg_24h,243.05959701538086,0.00013871277306136076
EARLY3,rebound_168h_low__chg_6h,242.51270008087158,0.00013840066199355652
EARLY3,rebound_12h_low__chg_72h,242.31819915771484,0.00013828966138816853
EARLY3,xrank_quote_volume_24h__chg_6h,241.8651990890503,0.00013803113674444722
EARLY3,rs_6h,240.9882984161377,0.00013753069436104535
EARLY3,dist_72h_high__chg_6h,239.858003616333,0.00013688564134531182
EARLY3,green_body_pct__chg_1h,237.32910346984863,0.0001354424119627998
EARLY3,volume_ratio_24h__chg_168h,234.8147029876709,0.0001340074574588325
EARLY3,trade_ratio_12h__chg_168h,232.2552947998047,0.00013254681730516516
EARLY3,rs_3h__chg_3h,228.56329727172852,0.00013043981465419503
EARLY3,close_vs_ema24__chg_3h,228.4077911376953,0.0001303510681601472
EARLY3,rs_12h__chg_3h,227.78900051116943,0.00012999792775835367
EARLY3,atr6_pct__chg_72h,227.7308006286621,0.00012996471340601551
EARLY3,rs_12h__chg_12h,225.46879959106445,0.00012867380187466386
EARLY3,ret_6h__chg_3h,223.23900699615479,0.00012740127152412585
EARLY3,dist_24h_high__chg_12h,221.35730361938477,0.00012632739377284256
EARLY3,volume_ratio_6h,217.5714988708496,0.00012416685585791735
EARLY3,dist_6h_high__chg_1h,216.5758056640625,0.000123598619229832
EARLY3,ret_72h__chg_12h,213.69929695129395,0.00012195701155343139
EARLY3,rebound_12h_low__chg_24h,210.86820220947266,0.00012034132138007601
EARLY3,atr72_pct__chg_6h,210.27239799499512,0.00012000129919701202
EARLY3,median_ret_1h__chg_6h,201.46439933776855,0.00011497462288442304
EARLY3,close_vs_vwap72__chg_1h,201.02320289611816,0.00011472283450561544
EARLY3,ret_24h__chg_24h,200.31250190734863,0.00011431724136640097
EARLY3,dist_12h_high__chg_72h,192.27580165863037,0.00010973074080665515
EARLY3,trade_ratio_24h__chg_168h,191.54759788513184,0.00010931515892461435
EARLY3,ret_72h,186.94780349731445,0.00010669008160661873
EARLY3,rebound_24h_low__chg_24h,185.43549919128418,0.00010582701787007834
EARLY3,volume_ratio_24h,185.31720161437988,0.00010575950609461121
EARLY3,dist_24h_high,185.06280517578125,0.00010561432344851014
EARLY3,close_vs_ema72__chg_72h,184.89749908447266,0.00010551998417283077
EARLY3,rebound_168h_low__chg_3h,183.11670112609863,0.00010450369258796305
EARLY3,volume_ratio_3h__chg_12h,182.22839832305908,0.00010399674307170924
EARLY3,xrank_volume_ratio_3h__chg_12h,180.6135025024414,0.00010307513092294515
EARLY3,xrank_ret_3h__chg_3h,180.47974109649658,0.000102998794025431
EARLY3,rebound_6h_low__chg_72h,179.84179878234863,0.00010263472386101348
EARLY3,trade_ratio_current,178.29899978637695,0.00010175425697291125
EARLY3,rs_168h__chg_24h,178.1175022125244,0.00010165067730733893
EARLY3,atr24_vs_7d__chg_3h,177.0287036895752,0.0001010293059882141
EARLY3,ret_168h__chg_6h,175.06679916381836,9.990965788301237e-05
EARLY3,rebound_6h_low__chg_168h,174.6639986038208,9.967978182235061e-05
EARLY3,close_vs_vwap24__chg_168h,172.26519966125488,9.831080048021945e-05
EARLY3,ret_48h__chg_6h,171.76780319213867,9.802693905532918e-05
EARLY3,volume_ratio_3h,170.7775993347168,9.746183516868712e-05
EARLY3,trade_ratio_3h__chg_72h,170.3668975830078,9.722744994144137e-05
EARLY3,quote_volume_24h__chg_3h,169.5738010406494,9.677483411369049e-05
EARLY3,range_6h__chg_168h,168.60729789733887,9.622325609403038e-05
EARLY3,xrank_trade_ratio_3h,165.3123016357422,9.434281987885815e-05
EARLY3,range_3h__chg_72h,164.96689701080322,9.414569936215429e-05
EARLY3,lower_wick_share__chg_24h,164.9225025177002,9.412036366949869e-05
EARLY3,rebound_24h_low__chg_6h,164.18079948425293,9.369707783416925e-05
EARLY3,dist_24h_high__chg_3h,163.3675994873047,9.323298907562893e-05
EARLY3,trade_ratio_12h__chg_72h,163.28709983825684,9.318704836937e-05
EARLY3,close_vs_vwap24__chg_12h,162.8694019317627,9.294867047512845e-05
EARLY3,rs_6h__chg_72h,159.7887020111084,9.11905320012264e-05
EARLY3,quote_volume_24h__chg_168h,158.57609939575195,9.049850636857093e-05
EARLY3,atr24_pct__chg_1h,155.87330055236816,8.89560339577034e-05
EARLY3,atr24_pct__chg_3h,154.51749992370605,8.81822860076969e-05
EARLY3,dist_6h_high__chg_3h,152.7374038696289,8.71663949957448e-05
EARLY3,xrank_ret_24h__chg_12h,149.75779819488525,8.54659504510807e-05
EARLY3,close_vs_ema24__chg_72h,147.84980010986328,8.437706645464908e-05
EARLY3,abs_body_pct__chg_6h,147.5360050201416,8.419798532556461e-05
EARLY3,taker_buy_6h__chg_72h,147.50769996643066,8.418183178733733e-05
EARLY3,atr72_pct__chg_12h,144.78660011291504,8.262891509080331e-05
EARLY3,rs_1h__chg_3h,142.68360137939453,8.142874529848403e-05
EARLY3,xrank_quote_volume_24h__chg_12h,141.24170112609863,8.06058607670006e-05
EARLY3,taker_buy_24h__chg_24h,140.8845977783203,8.040206385361769e-05
EARLY3,range_24h__chg_168h,140.25690078735352,8.00438406387007e-05
EARLY3,xrank_trade_ratio_3h__chg_12h,140.10460090637207,7.995692393560705e-05
EARLY3,volume_ratio_24h__chg_72h,138.7929983139038,7.92083995613803e-05
EARLY3,rs_72h__chg_72h,135.514497756958,7.733737735398155e-05
EARLY3,volume_ratio_6h__chg_72h,135.4153003692627,7.728076595127776e-05
EARLY3,xrank_trade_ratio_3h__chg_168h,135.00479888916016,7.704649501793456e-05
EARLY3,rebound_72h_low__chg_168h,133.47250175476074,7.617202148437945e-05
EARLY3,dist_24h_high__chg_24h,133.15570259094238,7.59912259467567e-05
EARLY3,close_vs_vwap24__chg_3h,132.07690048217773,7.537555952613922e-05
EARLY3,range_12h__chg_168h,130.96400260925293,7.474043484074068e-05
EARLY3,trade_ratio_3h__chg_12h,130.328200340271,7.437758598831043e-05
EARLY3,range_6h__chg_24h,128.5133991241455,7.334188893155951e-05
EARLY3,xrank_quote_volume_24h__chg_24h,128.49470138549805,7.333121823511462e-05
EARLY3,upper_wick_share__chg_3h,127.83549880981445,7.295501495655625e-05
EARLY3,atr72_pct__chg_24h,126.60499954223633,7.225277580306612e-05
EARLY3,trade_ratio_current__chg_168h,124.46199798583984,7.102977662009718e-05
EARLY3,dist_72h_high__chg_1h,123.42650032043457,7.04388238067514e-05
EARLY3,close_vs_ema24__chg_12h,123.11790084838867,7.026270778805311e-05
EARLY3,range_12h__chg_1h,123.04280090332031,7.021984866310966e-05
EARLY3,taker_buy_6h__chg_12h,122.84789848327637,7.01086189256599e-05
EARLY3,range_24h__chg_1h,120.16090106964111,6.857516430370369e-05
EARLY3,taker_buy_12h__chg_6h,119.32619857788086,6.809880418982608e-05
EARLY3,rs_3h__chg_1h,118.8419017791748,6.782241867467604e-05
EARLY3,trade_ratio_current__chg_1h,118.71950340270996,6.775256659548999e-05
EARLY3,quote_volume_7d__chg_6h,118.21540260314941,6.746487904614766e-05
EARLY3,quote_volume_7d__chg_24h,117.56500244140625,6.709369925673477e-05
EARLY3,ret_2h__chg_72h,116.34250259399414,6.639602532826654e-05
EARLY3,taker_buy_12h__chg_72h,116.18790054321289,6.630779478955021e-05
EARLY3,ret_12h__chg_24h,115.98069953918457,6.618954631797042e-05
EARLY3,dist_6h_high__chg_24h,115.57979774475098,6.59607538723562e-05
EARLY3,rs_3h__chg_6h,115.32500267028809,6.581534372696339e-05
EARLY3,ret_72h__chg_168h,114.3306999206543,6.524790062511577e-05
EARLY3,rs_12h__chg_168h,113.28059959411621,6.464861415350395e-05
EARLY3,ema6_slope_3h__chg_24h,109.92390060424805,6.273296453121227e-05
EARLY3,rs_72h__chg_6h,108.48969745635986,6.191447269538357e-05
EARLY3,ret_48h__chg_3h,104.18789863586426,5.9459459806074476e-05
EARLY3,rebound_72h_low__chg_6h,103.00500297546387,5.878438776896415e-05
EARLY3,ret_72h__chg_3h,100.19249725341797,5.717930624679227e-05
EARLY3,atr72_pct__chg_1h,99.03280067443848,5.651747379765084e-05
EARLY3,rs_1h__chg_24h,97.54823017120361,5.567023758958712e-05
EARLY3,close_vs_ema12__chg_3h,96.6392993927002,5.515151580137049e-05
EARLY3,rs_24h__chg_12h,96.20500087738037,5.490366403112077e-05
EARLY3,dist_72h_high__chg_24h,94.14000129699707,5.3725180146168936e-05
EARLY3,close_vs_ema12__chg_12h,93.59960174560547,5.3416777099117475e-05
EARLY3,close_vs_ema24__chg_168h,93.4635009765625,5.333910513997019e-05
EARLY3,range_6h__chg_72h,91.42890167236328,5.217797052516899e-05
EARLY3,xrank_ret_24h,90.23290061950684,5.149541931277837e-05
EARLY3,quote_volume_7d__chg_1h,89.0482006072998,5.081931754203172e-05
EARLY3,atr6_pct__chg_1h,88.15729999542236,5.0310885470584806e-05
EARLY3,rs_168h__chg_3h,86.8612003326416,4.9571208532928904e-05
EARLY3,close_vs_ema24__chg_6h,86.60300064086914,4.9423855391192724e-05
EARLY3,xrank_volume_ratio_3h__chg_6h,85.9064998626709,4.902636623392583e-05
EARLY3,atr24_vs_7d__chg_1h,85.53639793395996,4.881515110201066e-05
EARLY3,rs_168h__chg_12h,82.82930088043213,4.727022572629171e-05
EARLY3,ret_6h__chg_12h,81.16769790649414,4.632195806242589e-05
EARLY3,ret_1h__chg_1h,80.59860229492188,4.599717833190883e-05
EARLY3,close_vs_ema6__chg_72h,79.87989807128906,4.558701779064573e-05
EARLY3,rs_6h__chg_168h,79.78619956970215,4.553354457195199e-05
EARLY3,ema6_slope_3h__chg_168h,78.17490005493164,4.461398481512372e-05
EARLY3,taker_buy_12h,78.09250068664551,4.45669599495606e-05
EARLY3,close_location__chg_24h,77.07220077514648,4.398468041064844e-05
EARLY3,rebound_72h_low__chg_1h,76.29780006408691,4.354273419082909e-05
EARLY3,lower_wick_share__chg_6h,75.35050010681152,4.3002115323653634e-05
EARLY3,ret_168h__chg_24h,74.7283992767334,4.264708580692795e-05
EARLY3,xrank_ret_24h__chg_24h,72.96539783477783,4.164095059594363e-05
EARLY3,ret_3h,71.7726993560791,4.0960284144431746e-05
EARLY3,rs_72h__chg_12h,70.16460037231445,4.004255091301758e-05
EARLY3,dist_12h_high__chg_24h,67.19820022583008,3.834964269058505e-05
EARLY3,taker_buy_24h__chg_12h,67.11870193481445,3.8304273453838896e-05
EARLY3,ret_24h__chg_12h,66.41010093688965,3.789987876783118e-05
EARLY3,abs_body_pct__chg_1h,65.8468017578125,3.7578407029407966e-05
EARLY3,rs_1h,65.59420013427734,3.743424867437644e-05
EARLY3,close_vs_ema72__chg_24h,62.550400733947754,3.569716912414783e-05
EARLY3,xrank_volume_ratio_3h__chg_1h,62.23900032043457,3.5519454623583865e-05
EARLY3,ret_72h__chg_24h,60.62720012664795,3.459960913199921e-05
EARLY3,ret_24h__chg_72h,60.37269973754883,3.4454367161920156e-05
EARLY3,ret_72h__chg_6h,59.80889892578125,3.413260914448389e-05
EARLY3,rebound_72h_low__chg_24h,59.72360038757324,3.408392973861717e-05
EARLY3,volume_ratio_current__chg_12h,59.6161994934082,3.40226366399622e-05
EARLY3,volume_ratio_24h__chg_3h,59.359901428222656,3.387636874604357e-05
EARLY3,rs_72h__chg_3h,59.09189987182617,3.3723421734162514e-05
EARLY3,trade_ratio_6h__chg_72h,55.69020080566406,3.178209081622419e-05
EARLY3,ret_168h__chg_3h,54.748600006103516,3.1244724426961345e-05
EARLY3,taker_buy_3h__chg_12h,54.664798736572266,3.119689950408037e-05
EARLY3,xrank_volume_ratio_3h__chg_72h,53.92069911956787,3.077224595171706e-05
EARLY3,volume_ratio_6h__chg_1h,53.50519943237305,3.0535122569120175e-05
EARLY3,atr24_pct__chg_6h,51.910400390625,2.9624979541348786e-05
EARLY3,xrank_rs_6h,51.75240135192871,2.9534810360342515e-05
EARLY3,trade_ratio_24h__chg_3h,51.394497871398926,2.9330556815606087e-05
EARLY3,rebound_6h_low__chg_1h,51.31019973754883,2.9282448334995446e-05
EARLY3,close_location__chg_6h,51.05990028381348,2.913960381558658e-05
EARLY3,taker_buy_6h__chg_168h,50.111900329589844,2.8598585464008873e-05
EARLY3,trade_ratio_current__chg_24h,50.03900146484375,2.8556982483480127e-05
EARLY3,rebound_6h_low__chg_24h,49.14109992980957,2.804455502375402e-05
EARLY3,close_vs_vwap24__chg_24h,49.04360008239746,2.7988912397938517e-05
EARLY3,xrank_ret_24h__chg_168h,48.43670082092285,2.7642558332673166e-05
EARLY3,rebound_72h_low__chg_3h,47.47480010986328,2.7093606895745027e-05
EARLY3,taker_buy_12h__chg_168h,47.136098861694336,2.6900311959236573e-05
EARLY3,taker_buy_6h__chg_3h,46.753299713134766,2.6681850593899637e-05
EARLY3,taker_buy_3h__chg_6h,45.400800704956055,2.5909986860515197e-05
EARLY3,lower_wick_share__chg_72h,45.37630081176758,2.5896004906436396e-05
EARLY3,atr6_pct__chg_24h,45.0580997467041,2.5714409311495787e-05
EARLY3,volume_ratio_current__chg_24h,44.77129936218262,2.555073391196189e-05
EARLY3,ret_2h__chg_6h,44.45509910583496,2.537028016753344e-05
EARLY3,ret_24h__chg_168h,43.974799156188965,2.509617563212432e-05
EARLY3,ret_1h,43.68920135498047,2.4933186540262417e-05
EARLY3,xrank_trade_ratio_3h__chg_3h,43.56209945678711,2.4860650187136447e-05
EARLY3,xrank_ret_3h__chg_6h,43.0359001159668,2.456035112203256e-05
EARLY3,rebound_24h_low__chg_72h,43.018699645996094,2.4550534908573426e-05
EARLY3,ret_2h__chg_24h,42.5791015625,2.4299658703959523e-05
EARLY3,lower_wick_share__chg_168h,42.540000915527344,2.427734418012804e-05
EARLY3,close_vs_ema24__chg_24h,42.25979995727539,2.411743503681156e-05
EARLY3,ema72_slope_24h__chg_1h,41.48449897766113,2.3674975038687404e-05
EARLY3,rebound_168h_low__chg_24h,41.11759948730469,2.34655875206997e-05
EARLY3,volume_ratio_current,40.878700256347656,2.3329249045629408e-05
EARLY3,close_vs_ema12__chg_168h,40.757301330566406,2.325996734744276e-05
EARLY3,close_location,39.52320098876953,2.255567308073341e-05
EARLY3,close_vs_vwap72__chg_3h,39.346500396728516,2.2454831026255547e-05
EARLY3,xrank_trade_ratio_3h__chg_72h,38.60659980773926,2.2032573836049064e-05
EARLY3,dist_6h_high__chg_72h,36.99769973754883,2.1114383429024694e-05
EARLY3,ret_12h__chg_72h,36.12419891357422,2.0615881320682786e-05
EARLY3,ret_3h__chg_24h,34.032501220703125,1.9422160970007477e-05
EARLY3,ret_6h__chg_168h,33.16569900512695,1.892748172057758e-05
EARLY3,close_vs_ema12__chg_6h,33.02560043334961,1.8847528237432695e-05
EARLY3,close_vs_ema24__chg_1h,32.59090042114258,1.8599447335121195e-05
EARLY3,taker_buy_3h__chg_3h,32.32339859008789,1.8446785513739838e-05
EARLY3,rs_1h__chg_72h,32.14370059967041,1.834423286052045e-05
EARLY3,xrank_ret_24h__chg_6h,32.02250003814697,1.8275064367722995e-05
EARLY3,rs_12h__chg_6h,31.823299407958984,1.8161381665421806e-05
EARLY3,dist_168h_high__chg_3h,31.12689971923828,1.776395019936287e-05
EARLY3,taker_buy_3h__chg_24h,30.839399337768555,1.7599875315426724e-05
EARLY3,ema6_slope_3h__chg_72h,30.180999755859375,1.7224130300991916e-05
EARLY3,rs_168h__chg_6h,30.177000045776367,1.722184768848096e-05
EARLY3,volume_ratio_6h__chg_3h,30.085100173950195,1.716940093788347e-05
EARLY3,rs_12h__chg_72h,28.440900802612305,1.623106541414938e-05
EARLY3,rs_24h__chg_72h,27.96489906311035,1.595941384359169e-05
EARLY3,rs_24h__chg_6h,27.65019989013672,1.5779816759175693e-05
EARLY3,ret_48h__chg_1h,27.34670066833496,1.5606611425195717e-05
EARLY3,xrank_ret_6h__chg_3h,27.14150047302246,1.5489504804128095e-05
EARLY3,green_body_pct__chg_72h,26.908300399780273,1.5356418806970413e-05
EARLY3,quote_volume_24h__chg_1h,26.479799270629883,1.5111875573071223e-05
EARLY3,upper_wick_share,25.830400466918945,1.4741267253171087e-05
EARLY3,upper_wick_share__chg_1h,25.679100036621094,1.4654920931076822e-05
EARLY3,upper_wick_share__chg_6h,25.494400024414062,1.4549513651577041e-05
EARLY3,upper_wick_share__chg_72h,24.939699172973633,1.4232948931370043e-05
EARLY3,green_body_pct__chg_6h,24.842599868774414,1.4177534893359645e-05
EARLY3,green_body_pct__chg_24h,24.166500091552734,1.3791688474966e-05
EARLY3,close_vs_ema6__chg_1h,24.036300659179688,1.3717384376147233e-05
EARLY3,xrank_ret_24h__chg_72h,23.92020034790039,1.3651126568068092e-05
EARLY3,ret_6h__chg_72h,23.920000076293945,1.365101227416554e-05
EARLY3,taker_buy_6h__chg_1h,22.92970085144043,1.30858539618556e-05
EARLY3,ema24_slope_6h__chg_1h,22.697599411010742,1.2953394948391914e-05
EARLY3,close_vs_ema6__chg_6h,22.59939956665039,1.2897352838174162e-05
EARLY3,rs_3h,22.473800659179688,1.2825674233574006e-05
EARLY3,dist_168h_high__chg_1h,21.974000930786133,1.2540441281853127e-05
EARLY3,close_location__chg_72h,21.9512996673584,1.2527485795870574e-05
EARLY3,close_vs_ema12__chg_24h,21.87070083618164,1.2481488486917062e-05
EARLY3,close_vs_vwap24__chg_6h,21.427600860595703,1.2228613771778548e-05
EARLY3,ret_6h__chg_24h,20.8572998046875,1.1903146100819466e-05
EARLY3,xrank_rs_24h,20.820199966430664,1.188197342750014e-05
EARLY3,close_vs_ema6__chg_168h,20.81839942932129,1.1880945870890535e-05
EARLY3,xrank_ret_3h__chg_1h,20.549400329589844,1.1727429566523433e-05
EARLY3,close_vs_ema72__chg_3h,20.276399612426758,1.1571629561132016e-05
EARLY3,xrank_rs_6h__chg_72h,20.162200927734375,1.1506457000870435e-05
EARLY3,volume_ratio_current__chg_1h,20.022300720214844,1.1426616723114745e-05
EARLY3,xrank_volume_ratio_3h,19.10650062561035,1.0903974654040603e-05
EARLY3,ret_1h__chg_24h,18.804500579833984,1.0731624891559731e-05
EARLY3,close_vs_ema6__chg_24h,18.669700622558594,1.0654695298522352e-05
EARLY3,xrank_ret_6h__chg_12h,18.347900390625,1.0471045678875887e-05
EARLY3,ret_1h__chg_72h,18.32430076599121,1.0457577503101889e-05
EARLY3,rs_1h__chg_1h,17.81679916381836,1.0167949134442886e-05
EARLY3,xrank_ret_6h__chg_72h,17.672000885009766,1.0085313554384792e-05
EARLY3,xrank_volume_ratio_3h__chg_3h,17.582500457763672,1.0034236153591207e-05
EARLY3,rs_72h__chg_24h,17.442800521850586,9.954510169738069e-06
EARLY3,xrank_ret_6h__chg_168h,16.72279930114746,9.543609439391776e-06
EARLY3,ret_3h__chg_72h,16.375499725341797,9.345407484667112e-06
EARLY3,taker_buy_current__chg_24h,16.221099853515625,9.257292328366693e-06
EARLY3,xrank_rs_24h__chg_168h,15.513799667358398,8.853640008468882e-06
EARLY3,taker_buy_12h__chg_12h,15.317899703979492,8.741840978533077e-06
EARLY3,rs_3h__chg_24h,14.68239974975586,8.379164655470015e-06
EARLY3,trade_ratio_current__chg_12h,14.604599952697754,8.33476473986883e-06
EARLY3,volume_ratio_current__chg_168h,14.238100051879883,8.125605265429549e-06
EARLY3,xrank_rs_6h__chg_3h,13.863300323486328,7.911709125114527e-06
EARLY3,xrank_rs_24h__chg_6h,10.427300453186035,5.950802927209207e-06
EARLY3,taker_buy_current,0.0,0.0
EARLY3,taker_buy_3h,0.0,0.0
EARLY3,taker_buy_6h,0.0,0.0
EARLY3,abs_body_pct,0.0,0.0
EARLY3,xrank_ret_3h,0.0,0.0
EARLY3,ret_1h__chg_6h,0.0,0.0
EARLY3,ret_1h__chg_168h,0.0,0.0
EARLY3,ret_2h__chg_168h,0.0,0.0
EARLY3,ret_3h__chg_168h,0.0,0.0
EARLY3,ret_6h__chg_1h,0.0,0.0
EARLY3,ret_24h__chg_1h,0.0,0.0
EARLY3,ret_24h__chg_3h,0.0,0.0
EARLY3,ret_24h__chg_6h,0.0,0.0
EARLY3,ret_72h__chg_1h,0.0,0.0
EARLY3,ret_168h__chg_1h,0.0,0.0
EARLY3,rs_1h__chg_6h,0.0,0.0
EARLY3,rs_1h__chg_12h,0.0,0.0
EARLY3,rs_1h__chg_168h,0.0,0.0
EARLY3,rs_3h__chg_72h,0.0,0.0
EARLY3,rs_3h__chg_168h,0.0,0.0
EARLY3,rs_6h__chg_1h,0.0,0.0
EARLY3,rs_6h__chg_12h,0.0,0.0
EARLY3,rs_6h__chg_24h,0.0,0.0
EARLY3,rs_12h__chg_1h,0.0,0.0
EARLY3,rs_12h__chg_24h,0.0,0.0
EARLY3,rs_24h__chg_1h,0.0,0.0
EARLY3,rs_24h__chg_3h,0.0,0.0
EARLY3,rs_72h__chg_1h,0.0,0.0
EARLY3,rs_168h__chg_1h,0.0,0.0
EARLY3,range_72h__chg_1h,0.0,0.0
EARLY3,range_168h__chg_1h,0.0,0.0
EARLY3,range24_vs_72h__chg_1h,0.0,0.0
EARLY3,dist_12h_high__chg_1h,0.0,0.0
EARLY3,dist_24h_high__chg_1h,0.0,0.0
EARLY3,dist_72h_high__chg_3h,0.0,0.0
EARLY3,rebound_12h_low__chg_1h,0.0,0.0
EARLY3,rebound_24h_low__chg_1h,0.0,0.0
EARLY3,rebound_168h_low__chg_1h,0.0,0.0
EARLY3,close_vs_ema12__chg_1h,0.0,0.0
EARLY3,close_vs_ema12__chg_72h,0.0,0.0
EARLY3,close_vs_ema72__chg_1h,0.0,0.0
EARLY3,close_vs_vwap24__chg_1h,0.0,0.0
EARLY3,close_vs_vwap24__chg_72h,0.0,0.0
EARLY3,volume_ratio_current__chg_6h,0.0,0.0
EARLY3,volume_ratio_current__chg_72h,0.0,0.0
EARLY3,volume_ratio_3h__chg_6h,0.0,0.0
EARLY3,volume_ratio_12h__chg_1h,0.0,0.0
EARLY3,volume_ratio_24h__chg_1h,0.0,0.0
EARLY3,trade_ratio_current__chg_72h,0.0,0.0
EARLY3,trade_ratio_12h__chg_1h,0.0,0.0
EARLY3,trade_ratio_24h__chg_1h,0.0,0.0
EARLY3,taker_buy_current__chg_1h,0.0,0.0
EARLY3,taker_buy_current__chg_3h,0.0,0.0
EARLY3,taker_buy_current__chg_6h,0.0,0.0
EARLY3,taker_buy_current__chg_12h,0.0,0.0
EARLY3,taker_buy_current__chg_72h,0.0,0.0
EARLY3,taker_buy_current__chg_168h,0.0,0.0
EARLY3,taker_buy_3h__chg_1h,0.0,0.0
EARLY3,taker_buy_3h__chg_72h,0.0,0.0
EARLY3,taker_buy_3h__chg_168h,0.0,0.0
EARLY3,taker_buy_6h__chg_6h,0.0,0.0
EARLY3,taker_buy_6h__chg_24h,0.0,0.0
EARLY3,taker_buy_12h__chg_1h,0.0,0.0
EARLY3,taker_buy_12h__chg_3h,0.0,0.0
EARLY3,taker_buy_24h__chg_1h,0.0,0.0
EARLY3,taker_buy_24h__chg_3h,0.0,0.0
EARLY3,taker_buy_24h__chg_6h,0.0,0.0
EARLY3,quote_volume_7d__chg_3h,0.0,0.0
EARLY3,green_body_pct__chg_168h,0.0,0.0
EARLY3,abs_body_pct__chg_24h,0.0,0.0
EARLY3,abs_body_pct__chg_72h,0.0,0.0
EARLY3,abs_body_pct__chg_168h,0.0,0.0
EARLY3,close_location__chg_1h,0.0,0.0
EARLY3,close_location__chg_3h,0.0,0.0
EARLY3,close_location__chg_12h,0.0,0.0
EARLY3,close_location__chg_168h,0.0,0.0
EARLY3,lower_wick_share__chg_1h,0.0,0.0
EARLY3,lower_wick_share__chg_12h,0.0,0.0
EARLY3,upper_wick_share__chg_12h,0.0,0.0
EARLY3,upper_wick_share__chg_24h,0.0,0.0
EARLY3,upper_wick_share__chg_168h,0.0,0.0
EARLY3,xrank_ret_3h__chg_12h,0.0,0.0
EARLY3,xrank_ret_3h__chg_24h,0.0,0.0
EARLY3,xrank_ret_3h__chg_72h,0.0,0.0
EARLY3,xrank_ret_3h__chg_168h,0.0,0.0
EARLY3,xrank_ret_6h__chg_1h,0.0,0.0
EARLY3,xrank_ret_6h__chg_24h,0.0,0.0
EARLY3,xrank_ret_24h__chg_1h,0.0,0.0
EARLY3,xrank_ret_24h__chg_3h,0.0,0.0
EARLY3,xrank_rs_6h__chg_1h,0.0,0.0
EARLY3,xrank_rs_6h__chg_12h,0.0,0.0
EARLY3,xrank_rs_6h__chg_24h,0.0,0.0
EARLY3,xrank_rs_6h__chg_168h,0.0,0.0
EARLY3,xrank_rs_24h__chg_1h,0.0,0.0
EARLY3,xrank_rs_24h__chg_3h,0.0,0.0
EARLY3,xrank_rs_24h__chg_12h,0.0,0.0
EARLY3,xrank_rs_24h__chg_24h,0.0,0.0
EARLY3,xrank_rs_24h__chg_72h,0.0,0.0
EARLY3,xrank_trade_ratio_3h__chg_1h,0.0,0.0
EARLY3,xrank_quote_volume_24h__chg_1h,0.0,0.0
EARLY3,xrank_quote_volume_24h__chg_3h,0.0,0.0
W3,close_vs_ema6,100344.63508796692,0.11461329781354909
W3,close_vs_ema12,32122.959117889404,0.03669073365809293
W3,range_24h__chg_1h,23211.050638198853,0.026511582378361452
W3,btc_ret_168h__chg_168h,14855.952105998993,0.01696841750967578
W3,btc_atr24_pct__chg_72h,12648.00855922699,0.014446511968240114
W3,btc_atr24_pct,12638.511878490448,0.014435664892095553
W3,btc_atr24_pct__chg_12h,11864.498505592346,0.013551589473994022
W3,btc_atr24_pct__chg_168h,11827.805117607117,0.013509678412169417
W3,btc_ret_72h__chg_168h,11720.13223361969,0.013386694813613539
W3,btc_ret_168h,11703.91434621811,0.013368170798283428
W3,btc_vs_ema168,11537.002779960632,0.013177524980146528
W3,btc_ret_24h,10428.967352867126,0.011911930718110489
W3,btc_ret_72h,8994.702273368835,0.010273718066721576
W3,btc_atr24_pct__chg_24h,8867.896184921265,0.010128880587696695
W3,median_ret_24h,8590.804880142212,0.009812387850358564
W3,median_ret_24h__chg_24h,8577.534831047058,0.009797230845825039
W3,btc_atr24_pct__chg_1h,8403.168533325195,0.00959807025899424
W3,breadth_positive_24h__chg_168h,8302.508781433105,0.009483097035848506
W3,btc_ret_72h__chg_72h,8196.788021087646,0.009362343146216773
W3,btc_ret_168h__chg_72h,7997.766202926636,0.009135021108558405
W3,median_ret_24h__chg_168h,7705.140225410461,0.008800784721335107
W3,btc_ret_24h__chg_24h,7628.028182983398,0.008712707611124321
W3,atr168_pct__chg_1h,7623.208852767944,0.008707202988692226
W3,btc_vs_ema168__chg_168h,7459.332703590393,0.00852002421352643
W3,ret_2h,6974.320779800415,0.007966045258739946
W3,btc_vs_ema168__chg_72h,6878.168994903564,0.00785622102002478
W3,btc_ret_24h__chg_168h,6674.132399559021,0.007623171121078155
W3,btc_ret_72h__chg_12h,6605.070524215698,0.007544288884082152
W3,median_ret_6h,6433.010858535767,0.0073477629244532595
W3,breadth_positive_24h__chg_72h,6368.59278678894,0.007274184823987588
W3,breadth_positive_6h__chg_24h,6330.137885093689,0.007230261767248931
W3,breadth_positive_24h__chg_12h,6138.437503814697,0.007011302249669951
W3,btc_vs_ema168__chg_12h,6109.184098243713,0.006977889110224794
W3,median_ret_24h__chg_72h,6099.715372562408,0.0069670739642483815
W3,breadth_positive_6h__chg_72h,5965.993589401245,0.006814337402456378
W3,breadth_positive_24h,5914.493140697479,0.006755513766697061
W3,btc_atr24_pct__chg_3h,5803.355804443359,0.006628573082652205
W3,green_body_pct,5671.913236618042,0.006478439832794513
W3,quote_volume_24h,5637.088942527771,0.006438663643601978
W3,btc_ret_24h__chg_12h,5602.904854774475,0.00639961869589034
W3,breadth_positive_24h__chg_24h,5487.059164047241,0.00626730014552542
W3,btc_ret_168h__chg_12h,5483.196496009827,0.006262888219349805
W3,breadth_positive_6h__chg_6h,5463.922479629517,0.006240873503988858
W3,btc_vs_ema168__chg_24h,5446.800108909607,0.006221316390916748
W3,breadth_positive_6h__chg_12h,5375.267184257507,0.006139611729880929
W3,median_ret_6h__chg_12h,5244.980576515198,0.00599079881366278
W3,btc_atr24_pct__chg_6h,5228.426505088806,0.005971890810093317
W3,breadth_positive_24h__chg_6h,5212.119329452515,0.0059532648100479564
W3,btc_vs_ema168__chg_6h,5047.469285964966,0.005765202095457296
W3,btc_ret_24h__chg_72h,5047.10261631012,0.005764783286635946
W3,btc_ret_168h__chg_24h,4866.054030418396,0.00555799021319122
W3,range_6h__chg_1h,4770.8216342926025,0.005449216097175004
W3,range_12h__chg_1h,4583.400543212891,0.005235144370175069
W3,breadth_positive_6h__chg_3h,4537.608187675476,0.005182840498840119
W3,median_ret_24h__chg_12h,4522.408910751343,0.005165479936901464
W3,btc_ret_6h__chg_12h,4519.966521263123,0.005162690248010328
W3,btc_ret_168h__chg_3h,4411.2286920547485,0.005038490272677987
W3,breadth_positive_1h__chg_168h,4388.707092285156,0.005012766178715545
W3,btc_ret_72h__chg_24h,4380.459197998047,0.005003345462167675
W3,breadth_positive_1h,4221.962924957275,0.004822311563061514
W3,breadth_positive_6h__chg_168h,4209.453088760376,0.004808022871091316
W3,atr6_pct,4168.563097953796,0.004761318463926953
W3,btc_ret_6h,4048.9646739959717,0.0046247135545454746
W3,ret_1h,4039.543930053711,0.004613953213146725
W3,atr168_pct,3992.9048233032227,0.0045606821854822606
W3,ret_12h,3901.942295074463,0.004456785097923801
W3,median_ret_6h__chg_168h,3892.6449298858643,0.004446165679314046
W3,ema72_slope_24h,3841.265016555786,0.004387479718644877
W3,btc_ret_72h__chg_3h,3810.32905292511,0.004352144767158497
W3,btc_ret_1h__chg_12h,3736.557476043701,0.004267883125229441
W3,median_ret_6h__chg_72h,3711.507095336914,0.00423927066635934
W3,rebound_12h_low__chg_3h,3598.4728631973267,0.004110163354344271
W3,btc_ret_6h__chg_168h,3572.967393875122,0.004081031094819509
W3,btc_vs_ema168__chg_3h,3547.217007637024,0.004051619092033971
W3,close_vs_ema24,3540.377763748169,0.004043807331136484
W3,median_ret_1h__chg_168h,3527.750783920288,0.004029384838113016
W3,breadth_positive_24h__chg_3h,3456.7107067108154,0.003948243105734708
W3,btc_ret_6h__chg_3h,3423.667483329773,0.003910501249393599
W3,breadth_positive_6h__chg_1h,3369.0835819244385,0.0038481557045409952
W3,median_ret_6h__chg_3h,3277.3592205047607,0.003743388453726489
W3,median_ret_1h,3263.954391479492,0.0037280775040193525
W3,breadth_positive_24h__chg_1h,3249.8069896698,0.0037119183902263654
W3,median_ret_6h__chg_6h,3240.707715988159,0.003701525231056006
W3,btc_ret_72h__chg_6h,3234.885579109192,0.0036948752062944895
W3,breadth_positive_1h__chg_3h,3212.481658935547,0.0036692855255626607
W3,ema24_slope_6h,3192.857766151428,0.003646871182574063
W3,btc_ret_1h__chg_1h,3177.593505859375,0.0036294363968555946
W3,breadth_positive_6h,3146.925087928772,0.003594407035149618
W3,median_ret_1h__chg_72h,3094.9528398513794,0.0035350445117649657
W3,btc_ret_24h__chg_3h,3089.896007537842,0.003529268615251549
W3,btc_ret_6h__chg_6h,3059.788282394409,0.0034948796749227746
W3,breadth_positive_1h__chg_72h,3040.6005096435547,0.0034729634667394027
W3,trade_ratio_current__chg_1h,2997.840995788574,0.003424123696765381
W3,btc_ret_6h__chg_72h,2996.3732118606567,0.0034224471990003647
W3,median_ret_6h__chg_24h,2961.5727825164795,0.003382698268038914
W3,btc_ret_1h__chg_24h,2954.216773033142,0.003374296259252954
W3,btc_ret_6h__chg_24h,2922.9675874710083,0.0033386035467514443
W3,median_ret_24h__chg_3h,2781.2132062911987,0.003176692179070511
W3,median_ret_1h__chg_12h,2757.077796936035,0.0031491247973380425
W3,btc_ret_1h__chg_168h,2699.2555990219116,0.0030830804813269702
W3,breadth_positive_1h__chg_12h,2643.451392173767,0.0030193411077856906
W3,btc_ret_1h__chg_6h,2625.0618114471436,0.0029983365917929912
W3,range_168h,2593.636155128479,0.0029624423149990217
W3,median_ret_1h__chg_6h,2560.6856021881104,0.0029248063065172043
W3,btc_ret_1h__chg_3h,2554.7586994171143,0.0029180366185133704
W3,range_3h,2504.857349395752,0.00286103946778097
W3,btc_ret_168h__chg_6h,2497.6611976623535,0.0028528200479683566
W3,trade_ratio_3h__chg_1h,2492.8914833068848,0.0028473720966012543
W3,breadth_positive_1h__chg_6h,2485.435291290283,0.0028388556596696275
W3,btc_ret_24h__chg_6h,2440.2954082489014,0.0027872970401803523
W3,median_ret_24h__chg_1h,2371.4161415100098,0.0027086233781056157
W3,btc_ret_1h__chg_72h,2338.0257139205933,0.0026704849463093103
W3,median_ret_1h__chg_1h,2140.778498649597,0.0024451898539814606
W3,btc_ret_6h__chg_1h,2127.1752939224243,0.002429652320228437
W3,btc_vs_ema168__chg_1h,2120.3346939086914,0.0024218390103697683
W3,median_ret_6h__chg_1h,2113.738983154297,0.002414305412182653
W3,rebound_12h_low__chg_6h,2104.6641273498535,0.002403940143027826
W3,breadth_positive_1h__chg_24h,2098.0181846618652,0.002396349170098556
W3,median_ret_1h__chg_3h,2086.0803003311157,0.002382713759586929
W3,median_ret_24h__chg_6h,2041.879903793335,0.002332228218357738
W3,btc_ret_168h__chg_1h,2004.5317993164062,0.002289569341603309
W3,median_ret_1h__chg_24h,1978.1397914886475,0.0022594244808401133
W3,breadth_positive_1h__chg_1h,1974.5362977981567,0.002255308582714066
W3,ret_24h,1959.3184127807617,0.0022379267666751516
W3,btc_ret_72h__chg_1h,1844.5615139007568,0.0021068518306213897
W3,btc_ret_1h,1779.3381042480469,0.0020323538759635467
W3,range_72h__chg_1h,1754.3156909942627,0.0020037733614222805
W3,atr24_pct__chg_1h,1710.0533905029297,0.001953217113709798
W3,rs_12h,1636.9929723739624,0.0018697677548670758
W3,ret_6h__chg_6h,1622.2279205322266,0.0018529031633272707
W3,volume_ratio_current,1599.0670099258423,0.0018264488507211665
W3,btc_ret_24h__chg_1h,1474.1340885162354,0.001683750896658318
W3,atr6_pct__chg_1h,1355.949296951294,0.0015487606333443882
W3,rebound_24h_low__chg_3h,1312.9348001480103,0.0014996296227219189
W3,range_6h,1272.13258934021,0.0014530254775709
W3,rs_168h,1218.4698514938354,0.0013917320825738966
W3,trade_ratio_current__chg_3h,1168.9665155410767,0.0013351895421446665
W3,atr24_pct,1146.9343976974487,0.0013100245327581533
W3,trade_ratio_current,1140.8908958435059,0.0013031216656819466
W3,ret_48h,1131.1098098754883,0.001291949742858075
W3,rebound_168h_low,1061.5972938537598,0.0012125527856258007
W3,ema72_slope_24h__chg_12h,1044.5595073699951,0.0011930922843779214
W3,close_vs_ema72,998.3476867675781,0.0011403093014853336
W3,quote_volume_7d,995.0994958877563,0.0011365992290102293
W3,range_72h__chg_12h,973.8379068374634,0.0011123143149669996
W3,ret_48h__chg_12h,956.2489109039307,0.0010922242241773522
W3,range_12h,917.1008987426758,0.001047509499043189
W3,trade_ratio_current__chg_6h,909.4599132537842,0.0010387819916417259
W3,atr6_pct__chg_24h,884.6502161026001,0.0010104444407028057
W3,ret_168h,839.5115909576416,0.0009588872579785081
W3,atr72_pct__chg_1h,833.0787982940674,0.0009515397442755911
W3,rebound_12h_low,821.0730075836182,0.000937826771330126
W3,range_24h,809.6392049789429,0.0009247671212360061
W3,rebound_12h_low__chg_12h,806.2200050354004,0.000920861722795225
W3,ret_3h,769.8596019744873,0.0008793309952083661
W3,range_24h__chg_3h,730.7725172042847,0.0008346858611311593
W3,rebound_6h_low__chg_6h,694.6724977493286,0.000793452542805385
W3,volume_ratio_12h__chg_24h,661.7930088043213,0.000755897703375177
W3,lower_wick_share,654.3279991149902,0.000747371194928021
W3,dist_12h_high__chg_12h,639.5163288116455,0.0007304533559413613
W3,close_location,616.6961641311646,0.0007043882421623802
W3,ema72_slope_24h__chg_168h,595.2825975418091,0.000679929739895622
W3,range_72h__chg_168h,591.2419023513794,0.000675314471716825
W3,dist_6h_high__chg_1h,590.9546012878418,0.0006749863174280729
W3,dist_6h_high__chg_12h,589.7786731719971,0.0006736431763699536
W3,ema72_slope_24h__chg_24h,584.7179069519043,0.0006678627865619708
W3,rs_168h__chg_72h,582.6486043930054,0.0006654992362810663
W3,trade_ratio_6h__chg_1h,575.1727981567383,0.0006569603960550539
W3,rs_24h,567.7627944946289,0.0006484967153034093
W3,trade_ratio_6h__chg_3h,566.2035980224609,0.000646715806444079
W3,range_12h__chg_12h,563.2649011611938,0.0006433592369747808
W3,atr72_pct__chg_72h,561.4892988204956,0.0006413311500751226
W3,dist_168h_high__chg_72h,550.3640422821045,0.000628623920238979
W3,close_vs_ema6__chg_1h,548.8120040893555,0.0006268511875418337
W3,ret_72h,546.2516069412231,0.0006239267107065491
W3,rebound_24h_low,536.5336046218872,0.0006128268418096978
W3,atr24_vs_7d,535.5807933807373,0.0006117385440801154
W3,rs_6h__chg_6h,526.1980895996094,0.000601021652022857
W3,taker_buy_12h__chg_24h,524.8162937164307,0.0005994433695074294
W3,trade_ratio_12h__chg_1h,517.9813003540039,0.0005916364635466404
W3,rebound_168h_low__chg_72h,499.84619522094727,0.0005709226087035498
W3,atr168_pct__chg_168h,498.68330001831055,0.0005695943537941677
W3,rebound_72h_low,498.6126956939697,0.0005695137097772204
W3,atr72_pct__chg_168h,495.6583032608032,0.000566139212879566
W3,dist_6h_high,493.4015827178955,0.0005635615944205474
W3,ret_48h__chg_3h,491.6871004104614,0.0005616033186131189
W3,close_vs_vwap72__chg_72h,488.3772020339966,0.0005578227640471295
W3,ret_48h__chg_168h,485.8740015029907,0.0005549636169916273
W3,volume_ratio_current__chg_24h,481.0796070098877,0.0005494874760560213
W3,ema6_slope_3h__chg_6h,472.60789680480957,0.0005398111177347867
W3,range_3h__chg_1h,466.13018798828125,0.0005324123009561182
W3,dist_12h_high__chg_3h,461.86551666259766,0.0005275412080043228
W3,ema24_slope_6h__chg_168h,459.476722240448,0.0005248127352137131
W3,dist_12h_high,456.88599491119385,0.0005218536153496446
W3,lower_wick_share__chg_168h,455.5170421600342,0.0005202900022155313
W3,volume_ratio_24h__chg_6h,451.8838996887207,0.0005161402393537833
W3,ema24_slope_6h__chg_3h,444.59839630126953,0.0005078187623885669
W3,atr24_pct__chg_168h,441.90016746520996,0.0005047368546723717
W3,rebound_12h_low__chg_24h,441.66190242767334,0.0005044647091642256
W3,atr168_pct__chg_12h,440.3608045578003,0.0005029785996426393
W3,trade_ratio_current__chg_24h,438.36498832702637,0.0005006989851935133
W3,rebound_72h_low__chg_168h,438.28439807891846,0.0005006069352887111
W3,ret_168h__chg_168h,430.4826965332031,0.0004916958585587234
W3,atr6_pct__chg_3h,429.829309463501,0.0004909495620901413
W3,rebound_24h_low__chg_24h,425.87080001831055,0.0004864281661874942
W3,volume_ratio_6h__chg_12h,424.69729804992676,0.00048508779626667834
W3,ret_48h__chg_24h,413.3798990249634,0.00047216110194180707
W3,atr24_vs_7d__chg_12h,412.75819969177246,0.0004714509990971156
W3,ret_12h__chg_12h,412.29050159454346,0.0004709167959356058
W3,volume_ratio_3h__chg_168h,411.24730110168457,0.0004697252559129383
W3,range_168h__chg_168h,398.85130405426025,0.0004555665906285728
W3,atr24_vs_7d__chg_168h,396.5447006225586,0.00045293199610517236
W3,atr24_vs_7d__chg_24h,395.3695011138916,0.000451589687259671
W3,atr6_pct__chg_6h,394.6705951690674,0.0004507913992881459
W3,range_168h__chg_24h,391.7809600830078,0.0004474908680101091
W3,trade_ratio_24h__chg_24h,388.6018009185791,0.00044385964332340893
W3,range24_vs_72h__chg_6h,387.2568950653076,0.00044232349647353443
W3,range24_vs_72h__chg_24h,386.9503993988037,0.00044197341817515023
W3,range_72h__chg_3h,385.98459815979004,0.00044087028331458967
W3,atr24_vs_7d__chg_6h,384.7260990142822,0.000439432829909774
W3,ema72_slope_24h__chg_72h,379.8556957244873,0.0004338698719874496
W3,close_vs_ema24__chg_24h,379.0300998687744,0.0004329268792345087
W3,ret_48h__chg_72h,373.7653045654297,0.0004269134481078656
W3,ema24_slope_6h__chg_6h,370.8333959579468,0.0004235646321587422
W3,volume_ratio_12h__chg_6h,370.1558036804199,0.00042279068858485546
W3,trade_ratio_24h__chg_3h,368.44940185546875,0.00042084164227678664
W3,atr168_pct__chg_72h,364.4365015029907,0.0004162581212665058
W3,atr6_pct__chg_12h,360.10909843444824,0.000411315376333313
W3,dist_12h_high__chg_6h,355.49565982818604,0.00040604592259061405
W3,range_12h__chg_24h,352.54090309143066,0.0004026710095866507
W3,close_vs_vwap72__chg_12h,351.2097969055176,0.0004011506246694723
W3,range_168h__chg_3h,346.78580474853516,0.0003960975560109583
W3,range_6h__chg_12h,342.48069763183594,0.00039118027743744095
W3,close_vs_vwap72,342.3646011352539,0.0003910476724174894
W3,trade_ratio_6h__chg_12h,342.09010124206543,0.00039073413958157634
W3,ret_72h__chg_72h,340.4573059082031,0.0003888691663550109
W3,ema24_slope_6h__chg_12h,337.3805980682373,0.00038535496121949817
W3,atr168_pct__chg_6h,334.0233955383301,0.0003815203760117953
W3,volume_ratio_3h__chg_1h,329.0389051437378,0.00037582710818991966
W3,dist_168h_high__chg_1h,327.41160583496094,0.00037396841250434445
W3,trade_ratio_6h,319.3595962524414,0.0003647714347937789
W3,rebound_72h_low__chg_72h,318.3876962661743,0.00036366133396503644
W3,quote_volume_24h__chg_24h,314.5321979522705,0.00035925759702300946
W3,xrank_ret_6h__chg_6h,312.96360206604004,0.00035746595218519593
W3,rebound_72h_low__chg_12h,312.237003326416,0.0003566360335984925
W3,quote_volume_24h__chg_12h,308.8008041381836,0.00035271121867876804
W3,rs_168h__chg_12h,306.73059844970703,0.0003503466368463595
W3,range24_vs_72h__chg_168h,300.799298286438,0.00034357192615616314
W3,range_24h__chg_72h,300.7800006866455,0.00034354988450390974
W3,ema24_slope_6h__chg_72h,300.0982036590576,0.000342771138278934
W3,atr24_pct__chg_24h,299.314001083374,0.0003418754247883803
W3,close_vs_ema72__chg_72h,298.316801071167,0.0003407364263568392
W3,rs_72h__chg_72h,298.1736030578613,0.0003405728660774987
W3,rs_72h__chg_168h,296.68530464172363,0.00033887293673444326
W3,trade_ratio_current__chg_72h,296.22820472717285,0.0003383508387808155
W3,range_24h__chg_12h,295.0087003707886,0.00033695792509030615
W3,volume_ratio_3h,293.4783716201782,0.0003352099888434646
W3,dist_72h_high__chg_12h,291.74970054626465,0.0003332355066756593
W3,rs_12h__chg_24h,291.41259956359863,0.00033285047109019256
W3,volume_ratio_3h__chg_6h,290.0074987411499,0.0003312455697531136
W3,quote_volume_24h__chg_1h,287.1480007171631,0.00032797946092394555
W3,trade_ratio_3h__chg_3h,287.0315055847168,0.00032784640058347803
W3,range_168h__chg_72h,284.4049024581909,0.00032484630350689193
W3,rebound_12h_low__chg_1h,284.2584924697876,0.0003246790745206184
W3,volume_ratio_current__chg_3h,282.66950607299805,0.0003228641397116247
W3,xrank_ret_6h,280.9440402984619,0.00032089331862576764
W3,ema72_slope_24h__chg_1h,276.15939712524414,0.000315428315614268
W3,rebound_24h_low__chg_168h,275.73335886001587,0.0003149416961698924
W3,volume_ratio_current__chg_1h,275.58480167388916,0.00031477201466174843
W3,dist_168h_high__chg_168h,272.11419677734375,0.0003108079016600697
W3,close_vs_vwap72__chg_168h,270.4739017486572,0.0003089343623078151
W3,trade_ratio_3h__chg_168h,270.17291259765625,0.00030859057353253995
W3,atr168_pct__chg_24h,267.5245027542114,0.00030556556889872993
W3,trade_ratio_12h__chg_6h,266.12239933013916,0.00030396409117978946
W3,range_12h__chg_72h,265.29069995880127,0.000303014127012249
W3,range_3h__chg_3h,264.9857997894287,0.0003026658710852125
W3,range24_vs_72h__chg_3h,263.63059997558594,0.0003011179665089024
W3,ema72_slope_24h__chg_6h,261.4065990447998,0.00029857772027855496
W3,close_vs_vwap24,257.3074998855591,0.00029389574328702505
W3,ema24_slope_6h__chg_24h,256.79579734802246,0.00029331127840481964
W3,abs_body_pct__chg_6h,256.52149772644043,0.00029299797431844805
W3,atr72_pct,252.58140087127686,0.00028849760921293734
W3,ret_72h__chg_168h,252.40020084381104,0.00028829064316344646
W3,atr24_pct__chg_12h,250.14810180664062,0.00028571830337241987
W3,ret_2h__chg_3h,245.2385025024414,0.0002801105758969641
W3,dist_24h_high__chg_168h,244.14309978485107,0.00027885941067236694
W3,dist_72h_high__chg_72h,242.05670166015625,0.00027647633389488255
W3,trade_ratio_12h,240.11954402923584,0.0002742637190971923
W3,trade_ratio_12h__chg_168h,237.9414529800415,0.0002717759109760357
W3,atr72_pct__chg_12h,237.18330097198486,0.0002709099523544197
W3,trade_ratio_3h__chg_6h,232.55590057373047,0.00026562455150082423
W3,ret_2h__chg_1h,232.27690505981445,0.0002653058837823451
W3,ema6_slope_3h,231.08969974517822,0.00026394986194646974
W3,atr72_pct__chg_6h,228.40480422973633,0.0002608831835033239
W3,atr24_pct__chg_72h,227.23340225219727,0.00025954521218484367
W3,taker_buy_24h__chg_12h,222.40859413146973,0.0002540343329081449
W3,xrank_quote_volume_24h,221.83038234710693,0.00025337390139247513
W3,range_24h__chg_168h,221.49440383911133,0.0002529901478937246
W3,range_72h__chg_6h,220.82179927825928,0.0002522219012727059
W3,range_6h__chg_3h,220.26109886169434,0.0002515814711812356
W3,rebound_24h_low__chg_6h,218.73719787597656,0.00024984087670539424
W3,dist_72h_high__chg_1h,217.63720512390137,0.0002485844687591616
W3,taker_buy_24h__chg_1h,217.58135890960693,0.0002485206814048593
W3,dist_72h_high__chg_168h,217.50060081481934,0.0002484284397861556
W3,ret_3h__chg_12h,217.02819728851318,0.00024788886209970297
W3,range_3h__chg_168h,216.17959785461426,0.00024691959473870654
W3,rebound_12h_low__chg_72h,215.3289976119995,0.00024594804206086164
W3,xrank_quote_volume_24h__chg_168h,213.77014780044556,0.00024416752915609497
W3,rs_72h__chg_3h,211.9239044189453,0.00024205875630207364
W3,rs_24h__chg_72h,211.30570030212402,0.00024135264568152392
W3,range_168h__chg_12h,210.18901824951172,0.0002400771752734956
W3,ret_1h__chg_1h,205.90329551696777,0.000235182037477033
W3,range_3h__chg_6h,202.00249862670898,0.00023072656065655861
W3,rebound_168h_low__chg_168h,201.8436985015869,0.00023054517969864802
W3,volume_ratio_12h__chg_12h,200.84589958190918,0.00022940549719704934
W3,ret_3h__chg_168h,199.4055004119873,0.00022776027820863086
W3,volume_ratio_6h__chg_1h,197.92090129852295,0.00022606457419639288
W3,rebound_6h_low__chg_168h,197.16051197052002,0.00022519606011561275
W3,atr24_vs_7d__chg_72h,196.69779777526855,0.00022466754954983688
W3,close_vs_vwap24__chg_3h,196.68969917297363,0.00022465829935409013
W3,range_72h__chg_24h,196.27320289611816,0.00022418257873608576
W3,range_24h__chg_6h,195.5598020553589,0.0002233677347441703
W3,close_vs_vwap24__chg_12h,195.45509910583496,0.00022324814339456578
W3,ema6_slope_3h__chg_12h,195.27788877487183,0.00022304573436272756
W3,trade_ratio_24h__chg_12h,194.43049812316895,0.00022207784766860685
W3,atr24_vs_7d__chg_1h,193.8053970336914,0.00022136385934955964
W3,green_body_pct__chg_6h,192.9602975845337,0.00022039858965912262
W3,close_vs_ema72__chg_12h,192.36089897155762,0.00021971395862052418
W3,atr168_pct__chg_3h,186.9186887741089,0.0002134978848107254
W3,dist_72h_high__chg_24h,186.90489959716797,0.00021348213486014811
W3,trade_ratio_24h__chg_6h,185.8275966644287,0.00021225164314768924
W3,taker_buy_24h,185.30970191955566,0.0002116601055475159
W3,volume_ratio_12h__chg_3h,183.6146001815796,0.00020972396616000802
W3,range24_vs_72h__chg_12h,182.72469902038574,0.00020870752410784329
W3,dist_24h_high__chg_24h,181.80280113220215,0.00020765453550392401
W3,lower_wick_share__chg_1h,180.50357055664062,0.00020617055879949172
W3,quote_volume_7d__chg_168h,180.4847011566162,0.00020614900623554383
W3,rebound_24h_low__chg_12h,180.46560096740723,0.0002061271900649814
W3,trade_ratio_6h__chg_6h,180.09039878845215,0.00020569863542387704
W3,rebound_6h_low__chg_24h,178.04030227661133,0.00020335702222400696
W3,range_24h__chg_24h,176.45070457458496,0.00020154138918426979
W3,close_vs_ema72__chg_3h,176.2366008758545,0.00020129684067438618
W3,ret_168h__chg_12h,175.60540390014648,0.00020057588965500769
W3,ema72_slope_24h__chg_3h,174.8909969329834,0.00019975989646896683
W3,atr6_pct__chg_168h,173.87430095672607,0.00019859862981419784
W3,range_6h__chg_168h,173.77640342712402,0.0001984868115918718
W3,lower_wick_share__chg_72h,173.4824981689453,0.00019815111401466626
W3,ret_2h__chg_168h,170.44540119171143,0.00019468215227062103
W3,range24_vs_72h__chg_72h,169.90999603271484,0.0001940706143355317
W3,rs_72h,169.27890014648438,0.00019334977878020753
W3,range_12h__chg_6h,167.70249938964844,0.00019154921924597481
W3,rebound_168h_low__chg_24h,167.4889039993286,0.0001913052513242133
W3,rebound_6h_low__chg_3h,167.2613983154297,0.00019104539511286605
W3,dist_6h_high__chg_72h,166.73109817504883,0.00019043968811251912
W3,trade_ratio_current__chg_168h,166.53529930114746,0.00019021604731073294
W3,trade_ratio_12h__chg_24h,165.00489807128906,0.00018846802827834309
W3,quote_volume_24h__chg_6h,164.97299766540527,0.00018843159174422515
W3,ret_48h__chg_1h,162.0611972808838,0.0001851057433383567
W3,trade_ratio_3h__chg_72h,160.98079872131348,0.00018387171581155562
W3,rebound_168h_low__chg_6h,160.14680290222168,0.0001829191286492721
W3,upper_wick_share__chg_3h,159.59199905395508,0.00018228543359787507
W3,rs_1h,159.55789756774902,0.0001822464829973672
W3,atr24_pct__chg_3h,151.50389862060547,0.00017304723304135565
W3,volume_ratio_current__chg_12h,151.39390182495117,0.00017292159507886957
W3,volume_ratio_3h__chg_24h,150.78220176696777,0.00017222291337200247
W3,trade_ratio_current__chg_12h,149.64970016479492,0.000170929373928759
W3,trade_ratio_12h__chg_3h,148.28509998321533,0.0001693707322846821
W3,rebound_6h_low__chg_12h,147.4906997680664,0.00016846337108532955
W3,close_vs_vwap72__chg_6h,145.60720252990723,0.00016631204700408804
W3,volume_ratio_current__chg_168h,143.65429973602295,0.00016408144813529797
W3,xrank_quote_volume_24h__chg_72h,143.1877703666687,0.00016354857989075565
W3,atr72_pct__chg_3h,143.13819789886475,0.00016349195838816325
W3,range_12h__chg_168h,142.85329818725586,0.00016316654691534262
W3,rebound_168h_low__chg_3h,141.89799690246582,0.0001620754050664603
W3,volume_ratio_6h,140.5166997909546,0.00016049769224631952
W3,rebound_168h_low__chg_12h,139.7544002532959,0.00015962699633062643
W3,dist_12h_high__chg_72h,138.9121971130371,0.00015866503479427358
W3,range_72h,138.54759979248047,0.00015824859298603592
W3,volume_ratio_24h__chg_3h,138.542799949646,0.0001582431106220235
W3,rs_72h__chg_6h,138.39169883728027,0.0001580705234500601
W3,ret_3h__chg_3h,138.3710994720459,0.00015804699492578668
W3,dist_24h_high,136.92379665374756,0.000156393890613886
W3,rs_3h__chg_6h,136.03279781341553,0.0001553761947963769
W3,dist_12h_high__chg_168h,135.6978988647461,0.00015499367436658365
W3,close_vs_vwap24__chg_24h,135.60490036010742,0.00015488745179375728
W3,dist_72h_high,135.4806022644043,0.00015474547893543766
W3,dist_168h_high,134.59950065612793,0.0001537390877024151
W3,volume_ratio_24h,134.59129905700684,0.00015372971986404697
W3,upper_wick_share,132.6919984817505,0.00015156034526541033
W3,ret_12h__chg_3h,132.66269779205322,0.0001515268781181984
W3,close_vs_ema6__chg_72h,132.37950134277344,0.00015120341210576445
W3,dist_168h_high__chg_6h,131.20940017700195,0.00014986692657002076
W3,range_12h__chg_3h,128.10860061645508,0.0001463252039539434
W3,atr24_vs_7d__chg_3h,126.64609909057617,0.00014465473973040635
W3,range_6h__chg_24h,126.58440017700195,0.00014458426744307326
W3,dist_12h_high__chg_24h,125.5634994506836,0.0001434181981372153
W3,volume_ratio_24h__chg_24h,125.13279914855957,0.00014292625373029758
W3,xrank_rs_24h,124.93170356750488,0.00014269656304777924
W3,rs_12h__chg_12h,123.8888988494873,0.0001415054750777772
W3,lower_wick_share__chg_3h,123.83629608154297,0.00014144539237676446
W3,ret_24h__chg_24h,122.7723970413208,0.00014023021054433628
W3,close_vs_vwap24__chg_168h,122.05716037750244,0.0001394132696816233
W3,rs_72h__chg_24h,121.20599746704102,0.00013844107432649502
W3,quote_volume_7d__chg_6h,119.20410060882568,0.00013615451460557423
W3,range_6h__chg_72h,117.70910167694092,0.00013444693195642876
W3,close_vs_vwap72__chg_24h,116.82600212097168,0.00013343825867440838
W3,trade_ratio_12h__chg_72h,116.1648998260498,0.0001326831499020592
W3,close_vs_ema12__chg_12h,114.98119926452637,0.0001313311311831609
W3,range_3h__chg_72h,114.84310150146484,0.0001311733963921451
W3,range_6h__chg_6h,114.71849822998047,0.0001310310749630955
W3,rebound_72h_low__chg_24h,114.29600143432617,0.00013054850057311296
W3,xrank_trade_ratio_3h__chg_6h,111.25035095214844,0.0001270697690450766
W3,rebound_72h_low__chg_6h,110.83370399475098,0.00012659387632027428
W3,volume_ratio_24h__chg_12h,110.7352991104126,0.00012648147859910968
W3,trade_ratio_3h__chg_12h,110.60650157928467,0.00012633436650108995
W3,range_72h__chg_72h,109.60870265960693,0.00012519468399949124
W3,ret_48h__chg_6h,107.2957124710083,0.00012255279454428247
W3,ret_2h__chg_24h,106.93530082702637,0.00012214113360146315
W3,close_location__chg_3h,106.50810241699219,0.00012165318904367192
W3,atr72_pct__chg_24h,105.6533031463623,0.00012067684025043926
W3,ret_168h__chg_24h,105.3494987487793,0.0001203298359101801
W3,xrank_rs_6h,104.73889923095703,0.00011963241123650798
W3,volume_ratio_current__chg_6h,104.52309989929199,0.00011938592598050593
W3,close_vs_ema6__chg_168h,104.35550117492676,0.00011919449529273669
W3,xrank_quote_volume_24h__chg_3h,104.12749767303467,0.00011893407047538614
W3,ret_6h__chg_3h,103.99660110473633,0.00011878456086431428
W3,trade_ratio_24h__chg_72h,103.83664035797119,0.00011860185424834625
W3,rebound_24h_low__chg_72h,103.5270004272461,0.0001182481845821598
W3,rs_3h__chg_168h,102.63689804077148,0.00011723151269117
W3,ret_12h__chg_168h,101.91020107269287,0.00011640148190826285
W3,dist_6h_high__chg_3h,100.97831153869629,0.0001153370808807874
W3,upper_wick_share__chg_168h,100.86579704284668,0.00011520856720977901
W3,rs_24h__chg_168h,100.71000003814697,0.0001150306164057081
W3,xrank_volume_ratio_3h__chg_24h,100.17060089111328,0.00011441451655119021
W3,close_location__chg_72h,96.517409324646,0.0001102418536817662
W3,ema6_slope_3h__chg_3h,96.17989921569824,0.0001098563507936646
W3,volume_ratio_6h__chg_168h,96.11100101470947,0.00010977765550495464
W3,dist_168h_high__chg_24h,96.02070140838623,0.0001096745156045215
W3,close_location__chg_1h,95.18760108947754,0.00010872295127947375
W3,ret_24h__chg_12h,95.1178970336914,0.00010864333554617994
W3,ret_168h__chg_1h,94.79479885101318,0.0001082742939108015
W3,xrank_volume_ratio_3h__chg_3h,94.77023124694824,0.00010824623287775482
W3,dist_168h_high__chg_12h,93.55709838867188,0.0001068605966905173
W3,ret_168h__chg_72h,93.33519744873047,0.00010660714219848277
W3,atr6_pct__chg_72h,93.27579879760742,0.00010653929726302687
W3,atr24_pct__chg_6h,93.18309783935547,0.00010643341454666223
W3,ret_3h__chg_72h,93.11800003051758,0.00010635906005282402
W3,taker_buy_24h__chg_6h,92.94960021972656,0.00010616671436688857
W3,quote_volume_24h__chg_168h,92.25279998779297,0.00010537083153340033
W3,volume_ratio_6h__chg_24h,91.88630104064941,0.00010495221769380151
W3,dist_24h_high__chg_6h,90.3292007446289,0.00010317370307967278
W3,quote_volume_24h__chg_72h,90.14180088043213,0.00010295965559794568
W3,range_3h__chg_12h,89.6819019317627,0.00010243436059715386
W3,close_vs_ema6__chg_12h,89.19000053405762,0.0001018725125089063
W3,rs_12h__chg_72h,88.51000022888184,0.0001010958184941033
W3,close_vs_ema12__chg_24h,87.28210067749023,9.9693315840669e-05
W3,rebound_6h_low__chg_72h,87.22700023651123,9.963038030608813e-05
W3,xrank_ret_6h__chg_168h,87.19470024108887,9.959348736217066e-05
W3,taker_buy_24h__chg_168h,86.9757308959961,9.934338132771097e-05
W3,rebound_168h_low__chg_1h,86.84389972686768,9.919280421877856e-05
W3,abs_body_pct__chg_168h,85.54910087585449,9.771388941491565e-05
W3,ret_12h__chg_72h,85.48620223999023,9.764204680890033e-05
W3,rebound_6h_low__chg_1h,85.13680076599121,9.724296164444847e-05
W3,ret_12h__chg_1h,85.08309841156006,9.71816229995243e-05
W3,dist_6h_high__chg_168h,84.8788013458252,9.694827559219179e-05
W3,ret_2h__chg_12h,84.86240100860596,9.692954318330612e-05
W3,rs_3h__chg_72h,84.16329956054688,9.613103190865715e-05
W3,ret_1h__chg_24h,84.11269950866699,9.607323670305989e-05
W3,close_vs_ema24__chg_3h,84.07360076904297,9.602857825684865e-05
W3,trade_ratio_6h__chg_168h,82.03470230102539,9.369975542420165e-05
W3,rs_3h__chg_24h,80.07680130004883,9.14634476204247e-05
W3,rs_72h__chg_1h,79.18609619140625,9.044608730224317e-05
W3,quote_volume_7d__chg_3h,79.16600036621094,9.042313391967419e-05
W3,trade_ratio_12h__chg_12h,78.30819892883301,8.94433560618854e-05
W3,close_vs_ema72__chg_24h,77.69219970703125,8.873976386485974e-05
W3,rs_12h__chg_168h,77.25470161437988,8.824005504493178e-05
W3,rs_24h__chg_6h,77.07069873809814,8.802988759114274e-05
W3,close_location__chg_24h,76.15180015563965,8.698032478392901e-05
W3,ret_6h__chg_168h,74.94719982147217,8.560443441644493e-05
W3,quote_volume_7d__chg_12h,74.22690200805664,8.478171272603199e-05
W3,rs_6h__chg_24h,74.16059875488281,8.470598137781037e-05
W3,volume_ratio_3h__chg_3h,73.75370025634766,8.424122330926378e-05
W3,ret_72h__chg_12h,73.54290008544922,8.400044807753216e-05
W3,volume_ratio_6h__chg_72h,72.94049835205078,8.331238688509405e-05
W3,volume_ratio_3h__chg_72h,72.67629909515381,8.301061940060117e-05
W3,range24_vs_72h__chg_1h,72.6640977859497,8.299668310710328e-05
W3,rs_24h__chg_3h,72.35439968109131,8.264294699462143e-05
W3,rs_24h__chg_24h,72.33430099487305,8.261999034420184e-05
W3,xrank_quote_volume_24h__chg_6h,71.96687030792236,8.220031227459307e-05
W3,ret_72h__chg_3h,71.92199802398682,8.214905930588407e-05
W3,ret_24h__chg_168h,70.86310005187988,8.09395896762934e-05
W3,rs_168h__chg_168h,70.20560264587402,8.018859839569206e-05
W3,volume_ratio_12h__chg_72h,70.05159950256348,8.00126965339433e-05
W3,rebound_6h_low,69.00790214538574,7.882058899455607e-05
W3,volume_ratio_24h__chg_168h,68.23690032958984,7.793995336664098e-05
W3,xrank_trade_ratio_3h,68.11420249938965,7.779980832608665e-05
W3,close_vs_vwap72__chg_1h,67.72720146179199,7.735777706913457e-05
W3,ret_24h__chg_72h,67.3169002532959,7.688913243694874e-05
W3,dist_24h_high__chg_72h,67.27839946746826,7.684515697151154e-05
W3,close_location__chg_168h,66.53910064697266,7.60007323960234e-05
W3,upper_wick_share__chg_6h,66.21619987487793,7.563191624233593e-05
W3,abs_body_pct__chg_24h,65.94969940185547,7.532752031668232e-05
W3,ret_12h__chg_6h,65.6068000793457,7.493586188734603e-05
W3,quote_volume_7d__chg_72h,65.59619998931885,7.492375450089698e-05
W3,rs_1h__chg_3h,65.58620071411133,7.491233336307258e-05
W3,xrank_trade_ratio_3h__chg_168h,65.33070182800293,7.462050341223464e-05
W3,rs_24h__chg_12h,64.96089935302734,7.419811629448382e-05
W3,range24_vs_72h,64.81420135498047,7.403055834458387e-05
W3,ret_2h__chg_6h,64.77680110931396,7.398783991234167e-05
W3,ret_168h__chg_6h,64.6317024230957,7.38221086909235e-05
W3,volume_ratio_6h__chg_3h,64.48830032348633,7.365831530490731e-05
W3,trade_ratio_24h__chg_168h,63.9286003112793,7.301902787186123e-05
W3,close_vs_vwap24__chg_6h,63.81500053405762,7.288927459619436e-05
W3,ret_168h__chg_3h,63.392499923706055,7.24066958490777e-05
W3,trade_ratio_24h,63.18239974975586,7.216672015145796e-05
W3,close_vs_ema6__chg_6h,63.11149978637695,7.208573845661606e-05
W3,ret_6h__chg_12h,61.05620098114014,6.973818321508339e-05
W3,upper_wick_share__chg_24h,59.798200607299805,6.830129950555454e-05
W3,close_vs_ema6__chg_3h,59.7721004486084,6.827148799387325e-05
W3,range_3h__chg_24h,58.15210151672363,6.64211307737292e-05
W3,green_body_pct__chg_72h,58.12579917907715,6.63910883339393e-05
W3,rs_3h__chg_1h,57.70170021057129,6.590668394762438e-05
W3,xrank_ret_24h,57.50559997558594,6.568269893224235e-05
W3,taker_buy_3h__chg_3h,56.82230091094971,6.490223708570499e-05
W3,ret_12h__chg_24h,56.33540058135986,6.434610120029493e-05
W3,lower_wick_share__chg_12h,56.15909957885742,6.414473080030368e-05
W3,volume_ratio_12h__chg_168h,54.71539878845215,6.249574071230028e-05
W3,ema6_slope_3h__chg_24h,54.1540002822876,6.185451326528518e-05
W3,xrank_rs_6h__chg_168h,54.01746940612793,6.169856816711111e-05
W3,taker_buy_24h__chg_72h,53.93790054321289,6.160768488497081e-05
W3,abs_body_pct,53.879600524902344,6.154109480414282e-05
W3,xrank_ret_24h__chg_72h,53.812599182128906,6.146456610037637e-05
W3,taker_buy_3h__chg_24h,53.74660110473633,6.138918332288472e-05
W3,xrank_ret_3h,53.53340148925781,6.114566745378866e-05
W3,volume_ratio_12h__chg_1h,53.07299995422363,6.0619798400575914e-05
W3,abs_body_pct__chg_72h,52.180198669433594,5.9600043837192874e-05
W3,quote_volume_24h__chg_3h,51.687899589538574,5.903774151771282e-05
W3,ema6_slope_3h__chg_72h,51.407901763916016,5.8717928962242444e-05
W3,ret_3h__chg_24h,51.25149917602539,5.853928646312923e-05
W3,xrank_quote_volume_24h__chg_12h,50.20730018615723,5.73466059606046e-05
W3,volume_ratio_24h__chg_72h,49.9114990234375,5.700874288773908e-05
W3,dist_72h_high__chg_3h,49.70269966125488,5.677025297285587e-05
W3,rs_168h__chg_24h,49.53000068664551,5.6572996796761885e-05
W3,lower_wick_share__chg_6h,49.40890026092529,5.643467630612229e-05
W3,taker_buy_6h,49.15659999847412,5.6146499812247926e-05
W3,ret_72h__chg_1h,48.556501388549805,5.5461069239537616e-05
W3,xrank_ret_3h__chg_3h,48.12541103363037,5.496867931565563e-05
W3,taker_buy_current__chg_1h,47.7774019241333,5.457118450515929e-05
W3,dist_168h_high__chg_3h,46.866498947143555,5.353075425107096e-05
W3,rebound_12h_low__chg_168h,46.649909019470215,5.328336597902156e-05
W3,ret_6h,46.4193000793457,5.301996523906384e-05
W3,dist_72h_high__chg_6h,46.197200775146484,5.276628417605483e-05
W3,dist_6h_high__chg_24h,45.42059898376465,5.187925227524466e-05
W3,ema6_slope_3h__chg_1h,44.80200004577637,5.1172690691313026e-05
W3,rs_12h__chg_3h,44.302000999450684,5.060159349660223e-05
W3,close_vs_vwap72__chg_3h,44.26679992675781,5.0561386952182914e-05
W3,trade_ratio_6h__chg_72h,44.14850044250488,5.042626568727439e-05
W3,xrank_ret_24h__chg_1h,43.756500244140625,4.997852440605187e-05
W3,rs_168h__chg_1h,43.72010040283203,4.993694863223386e-05
W3,close_vs_ema12__chg_3h,43.550201416015625,4.974289059258741e-05
W3,rs_1h__chg_168h,43.235300064086914,4.938321134915945e-05
W3,rs_3h__chg_12h,42.19550132751465,4.819555680084768e-05
W3,abs_body_pct__chg_12h,42.033498764038086,4.8010518028839385e-05
W3,rebound_72h_low__chg_3h,42.02799987792969,4.800423721999861e-05
W3,upper_wick_share__chg_12h,41.80379867553711,4.774815537608688e-05
W3,xrank_trade_ratio_3h__chg_24h,40.9483003616333,4.6771008138025874e-05
W3,green_body_pct__chg_1h,40.5629997253418,4.633091907360988e-05
W3,ret_6h__chg_1h,38.71630001068115,4.422162499741887e-05
W3,dist_24h_high__chg_3h,37.8129997253418,4.3189878511641095e-05
W3,ret_24h__chg_1h,37.60049819946289,4.294715999808986e-05
W3,taker_buy_12h__chg_72h,37.45359992980957,4.2779373298648366e-05
W3,range_168h__chg_6h,37.29610061645508,4.2599478123474294e-05
W3,ema6_slope_3h__chg_168h,37.28700065612793,4.2589084180019795e-05
W3,trade_ratio_3h,36.62730026245117,4.183557665446144e-05
W3,xrank_rs_6h__chg_3h,36.5729398727417,4.177348640390075e-05
W3,taker_buy_current__chg_24h,36.516300201416016,4.170879276570055e-05
W3,taker_buy_3h__chg_6h,36.254600524902344,4.1409880293342895e-05
W3,trade_ratio_24h__chg_1h,35.95269966125488,4.106505016301196e-05
W3,rs_1h__chg_1h,35.81660079956055,4.090959851027753e-05
W3,xrank_rs_6h__chg_6h,35.66290092468262,4.073404304069167e-05
W3,rs_6h,35.52540111541748,4.057699123044994e-05
W3,ret_1h__chg_3h,35.312500953674316,4.033381739638267e-05
W3,xrank_volume_ratio_3h__chg_6h,35.14280128479004,4.0139987016994235e-05
W3,dist_24h_high__chg_12h,34.73569869995117,3.967499584177197e-05
W3,abs_body_pct__chg_1h,33.99849987030029,3.8832969868619495e-05
W3,taker_buy_12h,32.5595006942749,3.71893499484248e-05
W3,lower_wick_share__chg_24h,31.594901084899902,3.608758758511348e-05
W3,close_vs_ema72__chg_6h,31.516799926757812,3.599838071032765e-05
W3,rebound_24h_low__chg_1h,31.507600784301758,3.598787348138591e-05
W3,rs_3h__chg_3h,31.500200271606445,3.597942064118396e-05
W3,xrank_quote_volume_24h__chg_24h,31.491300582885742,3.596925544727101e-05
W3,ret_24h__chg_3h,31.1560001373291,3.558627642911115e-05
W3,ret_72h__chg_6h,31.131898880004883,3.5558748055711214e-05
W3,rs_6h__chg_1h,31.12829875946045,3.555463601038102e-05
W3,close_vs_ema12__chg_168h,30.94300079345703,3.534298930955664e-05
W3,close_vs_vwap24__chg_1h,30.894100189208984,3.5287135207211945e-05
W3,ret_6h__chg_24h,30.57210063934326,3.491934842646143e-05
W3,taker_buy_12h__chg_168h,30.513100624084473,3.485195881152156e-05
W3,xrank_ret_3h__chg_168h,30.289400100708008,3.45964488414637e-05
W3,close_vs_ema24__chg_12h,30.023799896240234,3.4293081199463527e-05
W3,taker_buy_6h__chg_72h,29.41450023651123,3.3597141219244405e-05
W3,xrank_rs_6h__chg_12h,28.431499481201172,3.247436113019901e-05
W3,xrank_ret_24h__chg_12h,28.320199966430664,3.2347235206409336e-05
W3,close_vs_ema6__chg_24h,26.738500595092773,3.054062361287739e-05
W3,xrank_volume_ratio_3h,26.548599243164062,3.0323718940448015e-05
W3,upper_wick_share__chg_1h,25.937299728393555,2.9625494732664014e-05
W3,ret_3h__chg_6h,25.922800064086914,2.9608933265855982e-05
W3,trade_ratio_3h__chg_24h,25.536300659179688,2.9167474972041292e-05
W3,ret_24h__chg_6h,25.411699295043945,2.9025155721558743e-05
W3,dist_6h_high__chg_6h,25.18280029296875,2.8763708066972428e-05
W3,trade_ratio_6h__chg_24h,25.023399353027344,2.858164086043719e-05
W3,rebound_72h_low__chg_1h,24.201799392700195,2.7643212205491914e-05
W3,rs_6h__chg_12h,24.112499237060547,2.7541213874199454e-05
W3,volume_ratio_24h__chg_1h,23.895000457763672,2.7292787514944842e-05
W3,xrank_ret_24h__chg_6h,23.34819984436035,2.666823373094148e-05
W3,taker_buy_6h__chg_12h,22.35099983215332,2.5529235299400372e-05
W3,xrank_ret_3h__chg_1h,22.319299697875977,2.549302751482401e-05
W3,volume_ratio_12h,22.109800338745117,2.5253738065828923e-05
W3,volume_ratio_3h__chg_12h,21.731399536132812,2.4821529967761e-05
W3,green_body_pct__chg_24h,21.401100158691406,2.4444263152438637e-05
W3,upper_wick_share__chg_72h,21.36319923400879,2.4400972846342557e-05
W3,taker_buy_3h__chg_168h,21.182100296020508,2.419412226090595e-05
W3,xrank_ret_6h__chg_3h,21.113100051879883,2.411531041885815e-05
W3,dist_12h_high__chg_1h,20.643400192260742,2.357882085121642e-05
W3,taker_buy_current__chg_168h,20.42289924621582,2.332696542740566e-05
W3,xrank_volume_ratio_3h__chg_72h,20.2052001953125,2.30783103186095e-05
W3,rs_6h__chg_3h,20.19610023498535,2.3067916375155e-05
W3,ret_1h__chg_12h,20.153499603271484,2.301925807981727e-05
W3,rs_1h__chg_6h,19.916900634765625,2.2749015550000224e-05
W3,taker_buy_12h__chg_12h,19.878799438476562,2.2705496494362594e-05
W3,taker_buy_24h__chg_24h,19.795499801635742,2.261035193504831e-05
W3,xrank_trade_ratio_3h__chg_72h,19.588300704956055,2.2373689837930422e-05
W3,taker_buy_12h__chg_1h,19.38129997253418,2.213725431178702e-05
W3,rs_1h__chg_12h,19.252599716186523,2.199025332068747e-05
W3,green_body_pct__chg_3h,19.200700759887695,2.1930974510920753e-05
W3,range_168h__chg_1h,18.308300018310547,2.091167744662081e-05
W3,volume_ratio_current__chg_72h,18.290199279785156,2.089100284519905e-05
W3,taker_buy_current__chg_72h,17.860000610351562,2.0399631401418717e-05
W3,ret_1h__chg_168h,17.391700744628906,1.9864740902000753e-05
W3,rs_168h__chg_6h,17.376300811767578,1.9847151151539288e-05
W3,taker_buy_current,16.811399459838867,1.920192276611417e-05
W3,taker_buy_3h,16.621299743652344,1.8984791522710303e-05
W3,xrank_ret_24h__chg_3h,16.235200881958008,1.854379072797871e-05
W3,quote_volume_7d__chg_24h,16.181400299072266,1.8482339886850825e-05
W3,close_vs_ema24__chg_168h,16.035499572753906,1.8315692577982946e-05
W3,taker_buy_6h__chg_6h,15.99530029296875,1.8269777098576725e-05
W3,rs_6h__chg_168h,15.865699768066406,1.812174782382374e-05
W3,quote_volume_7d__chg_1h,15.66819953918457,1.7896163740217934e-05
W3,taker_buy_6h__chg_168h,15.314900398254395,1.749262667397415e-05
W3,taker_buy_6h__chg_1h,14.985799789428711,1.711672908805048e-05
W3,xrank_trade_ratio_3h__chg_12h,14.569299697875977,1.664100411291199e-05
W3,ret_72h__chg_24h,14.514699935913086,1.6578640452184978e-05
W3,xrank_ret_24h__chg_24h,14.407099723815918,1.645573985921274e-05
W3,rs_6h__chg_72h,14.30840015411377,1.634300554943699e-05
W3,taker_buy_current__chg_12h,14.287699699401855,1.631936156110924e-05
W3,taker_buy_current__chg_3h,14.228400230407715,1.6251629911140583e-05
W3,close_location__chg_12h,14.08180046081543,1.6084184157444347e-05
W3,xrank_rs_24h__chg_24h,13.809399604797363,1.5773048834583343e-05
W3,xrank_ret_3h__chg_72h,13.51140022277832,1.5432674963178455e-05
W3,ret_1h__chg_72h,12.421699523925781,1.4188022564814252e-05
W3,xrank_ret_6h__chg_1h,12.274299621582031,1.4019662902235358e-05
W3,volume_ratio_6h__chg_6h,10.533100128173828,1.2030870816680936e-05
W3,ret_6h__chg_72h,10.439299583435059,1.1923732156404849e-05
W3,xrank_volume_ratio_3h__chg_1h,8.7227201461792,9.96306101449132e-06
W3,xrank_volume_ratio_3h__chg_168h,7.860599994659424,8.97835033623158e-06
W3,rs_3h,0.0,0.0
W3,ret_1h__chg_6h,0.0,0.0
W3,ret_2h__chg_72h,0.0,0.0
W3,ret_3h__chg_1h,0.0,0.0
W3,rs_1h__chg_24h,0.0,0.0
W3,rs_1h__chg_72h,0.0,0.0
W3,rs_12h__chg_1h,0.0,0.0
W3,rs_12h__chg_6h,0.0,0.0
W3,rs_24h__chg_1h,0.0,0.0
W3,rs_72h__chg_12h,0.0,0.0
W3,rs_168h__chg_3h,0.0,0.0
W3,dist_24h_high__chg_1h,0.0,0.0
W3,close_vs_ema12__chg_1h,0.0,0.0
W3,close_vs_ema12__chg_6h,0.0,0.0
W3,close_vs_ema12__chg_72h,0.0,0.0
W3,close_vs_ema24__chg_1h,0.0,0.0
W3,close_vs_ema24__chg_6h,0.0,0.0
W3,close_vs_ema24__chg_72h,0.0,0.0
W3,close_vs_ema72__chg_1h,0.0,0.0
W3,close_vs_ema72__chg_168h,0.0,0.0
W3,ema24_slope_6h__chg_1h,0.0,0.0
W3,close_vs_vwap24__chg_72h,0.0,0.0
W3,taker_buy_current__chg_6h,0.0,0.0
W3,taker_buy_3h__chg_1h,0.0,0.0
W3,taker_buy_3h__chg_12h,0.0,0.0
W3,taker_buy_3h__chg_72h,0.0,0.0
W3,taker_buy_6h__chg_3h,0.0,0.0
W3,taker_buy_6h__chg_24h,0.0,0.0
W3,taker_buy_12h__chg_3h,0.0,0.0
W3,taker_buy_12h__chg_6h,0.0,0.0
W3,taker_buy_24h__chg_3h,0.0,0.0
W3,green_body_pct__chg_12h,0.0,0.0
W3,green_body_pct__chg_168h,0.0,0.0
W3,abs_body_pct__chg_3h,0.0,0.0
W3,close_location__chg_6h,0.0,0.0
W3,xrank_ret_3h__chg_6h,0.0,0.0
W3,xrank_ret_3h__chg_12h,0.0,0.0
W3,xrank_ret_3h__chg_24h,0.0,0.0
W3,xrank_ret_6h__chg_12h,0.0,0.0
W3,xrank_ret_6h__chg_24h,0.0,0.0
W3,xrank_ret_6h__chg_72h,0.0,0.0
W3,xrank_ret_24h__chg_168h,0.0,0.0
W3,xrank_rs_6h__chg_1h,0.0,0.0
W3,xrank_rs_6h__chg_24h,0.0,0.0
W3,xrank_rs_6h__chg_72h,0.0,0.0
W3,xrank_rs_24h__chg_1h,0.0,0.0
W3,xrank_rs_24h__chg_3h,0.0,0.0
W3,xrank_rs_24h__chg_6h,0.0,0.0
W3,xrank_rs_24h__chg_12h,0.0,0.0
W3,xrank_rs_24h__chg_72h,0.0,0.0
W3,xrank_rs_24h__chg_168h,0.0,0.0
W3,xrank_volume_ratio_3h__chg_12h,0.0,0.0
W3,xrank_trade_ratio_3h__chg_1h,0.0,0.0
W3,xrank_trade_ratio_3h__chg_3h,0.0,0.0
W3,xrank_quote_volume_24h__chg_1h,0.0,0.0
