symbol,decision_time,entry_time,exit_time,family,score,sample_type,split,w3_2_24h,end_net_24h
LSKUSDT,2021-11-01 03:00:00+00:00,2021-11-01 04:00:00+00:00,2021-11-02 04:00:00+00:00,C,0.8397107380401445,WINNER_EVENT,DISCOVERY_2021-11_2024-04,1,0.038161126606135465
JSTUSDT,2021-11-01 12:00:00+00:00,2021-11-01 13:00:00+00:00,2021-11-02 13:00:00+00:00,A,0.900744102174781,WINNER_EVENT,DISCOVERY_2021-11_2024-04,1,0.032684006675777644
NEARUSDT,2021-11-01 18:00:00+00:00,2021-11-01 19:00:00+00:00,2021-11-02 19:00:00+00:00,A,0.917688375068601,WINNER_EVENT,DISCOVERY_2021-11_2024-04,1,0.06333119313047808
QNTUSDT,2021-11-02 02:00:00+00:00,2021-11-02 03:00:00+00:00,2021-11-03 03:00:00+00:00,C,0.8511827525211847,WINNER_EVENT,DISCOVERY_2021-11_2024-04,1,0.015044827193959387
SHIBUSDT,2021-11-02 15:00:00+00:00,2021-11-02 16:00:00+00:00,2021-11-03 16:00:00+00:00,A,0.9452478146494292,WINNER_EVENT,DISCOVERY_2021-11_2024-04,1,-0.027316283132416963
CHZUSDT,2021-11-02 21:00:00+00:00,2021-11-02 22:00:00+00:00,2021-11-03 22:00:00+00:00,B,0.8866263487827184,WINNER_EVENT,DISCOVERY_2021-11_2024-04,1,-0.04511053272397492
AAVEUSDT,2021-11-03 02:00:00+00:00,2021-11-03 03:00:00+00:00,2021-11-04 03:00:00+00:00,B,0.8909304713959267,WINNER_EVENT,DISCOVERY_2021-11_2024-04,1,0.023865154677720213
RUNEUSDT,2021-11-05 00:00:00+00:00,2021-11-05 01:00:00+00:00,2021-11-06 01:00:00+00:00,C,0.8396243428249168,WINNER_EVENT,DISCOVERY_2021-11_2024-04,1,-0.004296605868291392
RAYUSDT,2021-11-05 15:00:00+00:00,2021-11-05 16:00:00+00:00,2021-11-06 16:00:00+00:00,C,0.841893732101345,WINNER_EVENT,DISCOVERY_2021-11_2024-04,1,0.05736126910181172
INJUSDT,2021-11-07 20:00:00+00:00,2021-11-07 21:00:00+00:00,2021-11-08 21:00:00+00:00,B,0.8846404165764008,WINNER_EVENT,DISCOVERY_2021-11_2024-04,1,0.03453621659818484
VETUSDT,2021-11-08 00:00:00+00:00,2021-11-08 01:00:00+00:00,2021-11-09 01:00:00+00:00,A,0.9193092494786173,WINNER_EVENT,DISCOVERY_2021-11_2024-04,1,0.12178424593881254
AUDIOUSDT,2021-11-08 00:00:00+00:00,2021-11-08 01:00:00+00:00,2021-11-09 01:00:00+00:00,B,0.9125324283941388,WINNER_EVENT,DISCOVERY_2021-11_2024-04,1,0.04112322387953449
RAYUSDT,2021-11-08 01:00:00+00:00,2021-11-08 02:00:00+00:00,2021-11-09 02:00:00+00:00,C,0.8562292982776126,SAME_TIME_CONTROL,DISCOVERY_2021-11_2024-04,0,-0.0025119919103576693
ENJUSDT,2021-11-08 01:00:00+00:00,2021-11-08 02:00:00+00:00,2021-11-09 02:00:00+00:00,A,0.8997639909489676,WINNER_EVENT,DISCOVERY_2021-11_2024-04,1,0.03497042591591315
SOLUSDT,2021-11-08 01:00:00+00:00,2021-11-08 02:00:00+00:00,2021-11-09 02:00:00+00:00,A,0.9192762374684742,WINNER_EVENT,DISCOVERY_2021-11_2024-04,1,0.02835060351331431
QNTUSDT,2021-11-08 02:00:00+00:00,2021-11-08 03:00:00+00:00,2021-11-09 03:00:00+00:00,A,0.9145791698634338,WINNER_EVENT,DISCOVERY_2021-11_2024-04,1,-0.004573044001905391
SANDUSDT,2021-11-08 06:00:00+00:00,2021-11-08 07:00:00+00:00,2021-11-09 07:00:00+00:00,A,0.9443617041327067,WINNER_EVENT,DISCOVERY_2021-11_2024-04,1,0.007698701733755087
SHIBUSDT,2021-11-08 06:00:00+00:00,2021-11-08 07:00:00+00:00,2021-11-09 07:00:00+00:00,A,0.9407408094173791,WINNER_EVENT,DISCOVERY_2021-11_2024-04,1,0.06235123130327236
MANAUSDT,2021-11-08 06:00:00+00:00,2021-11-08 07:00:00+00:00,2021-11-09 07:00:00+00:00,A,0.9208662158657028,SAME_TIME_CONTROL,DISCOVERY_2021-11_2024-04,0,-0.004708059641645668
RAYUSDT,2021-11-08 13:00:00+00:00,2021-11-08 14:00:00+00:00,2021-11-09 14:00:00+00:00,C,0.8526024766461422,SAME_TIME_CONTROL,DISCOVERY_2021-11_2024-04,0,-0.01271640117849926
ONEUSDT,2021-11-10 00:00:00+00:00,2021-11-10 01:00:00+00:00,2021-11-11 01:00:00+00:00,C,0.8422449299050451,WINNER_EVENT,DISCOVERY_2021-11_2024-04,1,-0.06563208116620256
ICPUSDT,2021-11-10 00:00:00+00:00,2021-11-10 01:00:00+00:00,2021-11-11 01:00:00+00:00,B,0.8811355941012158,WINNER_EVENT,DISCOVERY_2021-11_2024-04,1,-0.0727376554089284
ARUSDT,2021-11-11 19:00:00+00:00,2021-11-11 20:00:00+00:00,2021-11-12 20:00:00+00:00,B,0.8864453132565163,WINNER_EVENT,DISCOVERY_2021-11_2024-04,1,0.01675604710557299
TRBUSDT,2021-11-12 16:00:00+00:00,2021-11-12 17:00:00+00:00,2021-11-13 17:00:00+00:00,C,0.8415574236466442,WINNER_EVENT,DISCOVERY_2021-11_2024-04,1,0.1274422076296038
QNTUSDT,2021-11-13 00:00:00+00:00,2021-11-13 01:00:00+00:00,2021-11-14 01:00:00+00:00,A,0.9087901646834884,WINNER_EVENT,DISCOVERY_2021-11_2024-04,1,0.01953128115835634
INJUSDT,2021-11-13 09:00:00+00:00,2021-11-13 10:00:00+00:00,2021-11-14 10:00:00+00:00,A,0.9403394296304984,WINNER_EVENT,DISCOVERY_2021-11_2024-04,1,0.0089782616784424
ZECUSDT,2021-11-17 09:00:00+00:00,2021-11-17 10:00:00+00:00,2021-11-18 10:00:00+00:00,C,0.8865684257405965,WINNER_EVENT,DISCOVERY_2021-11_2024-04,1,-0.0404235056947535
LSKUSDT,2021-11-18 17:00:00+00:00,2021-11-18 18:00:00+00:00,2021-11-19 18:00:00+00:00,A,0.9006870515861369,WINNER_EVENT,DISCOVERY_2021-11_2024-04,1,0.0348163345891388
AUCTIONUSDT,2021-11-20 16:00:00+00:00,2021-11-20 17:00:00+00:00,2021-11-21 17:00:00+00:00,A,0.9369743262888395,WINNER_EVENT,DISCOVERY_2021-11_2024-04,1,0.10830978563858085
TRBUSDT,2021-11-20 16:00:00+00:00,2021-11-20 17:00:00+00:00,2021-11-21 17:00:00+00:00,A,0.9038917210184444,WINNER_EVENT,DISCOVERY_2021-11_2024-04,1,0.08715424340130085
SANDUSDT,2021-11-21 14:00:00+00:00,2021-11-21 15:00:00+00:00,2021-11-22 15:00:00+00:00,A,0.9066527292749181,WINNER_EVENT,DISCOVERY_2021-11_2024-04,1,0.05140563316514757
QNTUSDT,2021-11-22 12:00:00+00:00,2021-11-22 13:00:00+00:00,2021-11-23 13:00:00+00:00,A,0.930691193167952,WINNER_EVENT,DISCOVERY_2021-11_2024-04,1,0.12203524885873951
XLMUSDT,2021-11-23 07:00:00+00:00,2021-11-23 08:00:00+00:00,2021-11-24 08:00:00+00:00,C,0.8424636121217257,WINNER_EVENT,DISCOVERY_2021-11_2024-04,1,0.019026076636756928
HBARUSDT,2021-11-23 09:00:00+00:00,2021-11-23 10:00:00+00:00,2021-11-24 10:00:00+00:00,C,0.8533678550500701,WINNER_EVENT,DISCOVERY_2021-11_2024-04,1,0.002580582533894704
SUNUSDT,2021-11-23 09:00:00+00:00,2021-11-23 10:00:00+00:00,2021-11-24 10:00:00+00:00,C,0.8764176173842816,SAME_TIME_CONTROL,DISCOVERY_2021-11_2024-04,0,-0.03341052948951828
AVAXUSDT,2021-11-23 12:00:00+00:00,2021-11-23 13:00:00+00:00,2021-11-24 13:00:00+00:00,A,0.9064236109409736,WINNER_EVENT,DISCOVERY_2021-11_2024-04,1,-0.04715801344735593
SHIBUSDT,2021-11-23 18:00:00+00:00,2021-11-23 19:00:00+00:00,2021-11-24 19:00:00+00:00,A,0.9191342102437069,WINNER_EVENT,DISCOVERY_2021-11_2024-04,1,-0.10646735872532276
AAVEUSDT,2021-11-24 14:00:00+00:00,2021-11-24 15:00:00+00:00,2021-11-25 15:00:00+00:00,B,0.8863862624729645,WINNER_EVENT,DISCOVERY_2021-11_2024-04,1,0.02565856094347785
AVAUSDT,2021-11-24 16:00:00+00:00,2021-11-24 17:00:00+00:00,2021-11-25 17:00:00+00:00,B,0.8834643698699144,WINNER_EVENT,DISCOVERY_2021-11_2024-04,1,0.039865648480590155
CAKEUSDT,2021-11-24 16:00:00+00:00,2021-11-24 17:00:00+00:00,2021-11-25 17:00:00+00:00,B,0.9088674940795761,WINNER_EVENT,DISCOVERY_2021-11_2024-04,1,0.043998905313353376
SOLUSDT,2021-11-24 19:00:00+00:00,2021-11-24 20:00:00+00:00,2021-11-25 20:00:00+00:00,B,0.9111875706891828,WINNER_EVENT,DISCOVERY_2021-11_2024-04,1,0.03840243453093173
ENJUSDT,2021-11-27 06:00:00+00:00,2021-11-27 07:00:00+00:00,2021-11-28 07:00:00+00:00,B,0.8966482854085437,WINNER_EVENT,DISCOVERY_2021-11_2024-04,1,-0.05314885462125252
BCHUSDT,2021-11-28 18:00:00+00:00,2021-11-28 19:00:00+00:00,2021-11-29 19:00:00+00:00,B,0.8923358398427951,WINNER_EVENT,DISCOVERY_2021-11_2024-04,1,0.059294374986584186
CRVUSDT,2021-11-29 12:00:00+00:00,2021-11-29 13:00:00+00:00,2021-11-30 13:00:00+00:00,A,0.9457885372156372,WINNER_EVENT,DISCOVERY_2021-11_2024-04,1,0.02984902947665402
RUNEUSDT,2021-11-29 15:00:00+00:00,2021-11-29 16:00:00+00:00,2021-11-30 16:00:00+00:00,C,0.85030807257341,WINNER_EVENT,DISCOVERY_2021-11_2024-04,1,0.0365036894059545
ONEUSDT,2021-12-01 10:00:00+00:00,2021-12-01 11:00:00+00:00,2021-12-02 11:00:00+00:00,C,0.8403941553379671,WINNER_EVENT,DISCOVERY_2021-11_2024-04,1,-0.03728528981800483
SUPERUSDT,2021-12-02 04:00:00+00:00,2021-12-02 05:00:00+00:00,2021-12-03 05:00:00+00:00,A,0.8998995612150845,WINNER_EVENT,DISCOVERY_2021-11_2024-04,1,-0.037452884383243346
AVAUSDT,2021-12-02 10:00:00+00:00,2021-12-02 11:00:00+00:00,2021-12-03 11:00:00+00:00,B,0.9268189701575575,WINNER_EVENT,DISCOVERY_2021-11_2024-04,1,0.05204275193217378
GALAUSDT,2021-12-02 19:00:00+00:00,2021-12-02 20:00:00+00:00,2021-12-03 20:00:00+00:00,A,0.9008038017620349,WINNER_EVENT,DISCOVERY_2021-11_2024-04,1,-0.14401791924916707
RUNEUSDT,2021-12-03 01:00:00+00:00,2021-12-03 02:00:00+00:00,2021-12-04 02:00:00+00:00,B,0.901430051671097,WINNER_EVENT,DISCOVERY_2021-11_2024-04,1,-0.08468082223586904
AVAXUSDT,2021-12-03 03:00:00+00:00,2021-12-03 04:00:00+00:00,2021-12-04 04:00:00+00:00,B,0.8968061732208675,WINNER_EVENT,DISCOVERY_2021-11_2024-04,1,-0.09867947497301632
SHIBUSDT,2021-12-03 03:00:00+00:00,2021-12-03 04:00:00+00:00,2021-12-04 04:00:00+00:00,A,0.9035521044342498,WINNER_EVENT,DISCOVERY_2021-11_2024-04,1,-0.0703672236551881
NMRUSDT,2021-12-04 01:00:00+00:00,2021-12-04 02:00:00+00:00,2021-12-05 02:00:00+00:00,A,0.9393276593096446,WINNER_EVENT,DISCOVERY_2021-11_2024-04,1,-0.04846399048291716
FETUSDT,2021-12-09 23:00:00+00:00,2021-12-10 00:00:00+00:00,2021-12-11 00:00:00+00:00,B,0.8810012113147151,WINNER_EVENT,DISCOVERY_2021-11_2024-04,1,-0.04677464800527675
LSKUSDT,2021-12-10 05:00:00+00:00,2021-12-10 06:00:00+00:00,2021-12-11 06:00:00+00:00,A,0.9294826310225116,WINNER_EVENT,DISCOVERY_2021-11_2024-04,1,-0.04627510051790784
UNIUSDT,2021-12-10 06:00:00+00:00,2021-12-10 07:00:00+00:00,2021-12-11 07:00:00+00:00,A,0.9049438092905606,WINNER_EVENT,DISCOVERY_2021-11_2024-04,1,-0.025798657602196573
AVAXUSDT,2021-12-11 01:00:00+00:00,2021-12-11 02:00:00+00:00,2021-12-12 02:00:00+00:00,A,0.9199598908079265,WINNER_EVENT,DISCOVERY_2021-11_2024-04,1,0.05158548654982287
GALAUSDT,2021-12-12 16:00:00+00:00,2021-12-12 17:00:00+00:00,2021-12-13 17:00:00+00:00,A,0.9635099659955604,WINNER_EVENT,DISCOVERY_2021-11_2024-04,1,-0.09386680259603086
SANDUSDT,2021-12-14 06:00:00+00:00,2021-12-14 07:00:00+00:00,2021-12-15 07:00:00+00:00,B,0.9137266761945703,WINNER_EVENT,DISCOVERY_2021-11_2024-04,1,0.0255155821359081
MANAUSDT,2021-12-14 06:00:00+00:00,2021-12-14 07:00:00+00:00,2021-12-15 07:00:00+00:00,B,0.8948803602836637,WINNER_EVENT,DISCOVERY_2021-11_2024-04,1,0.018607709770860348
QIUSDT,2021-12-14 06:00:00+00:00,2021-12-14 07:00:00+00:00,2021-12-15 07:00:00+00:00,A,0.8993667346959096,WINNER_EVENT,DISCOVERY_2021-11_2024-04,1,0.06410404946724824
SUPERUSDT,2021-12-14 06:00:00+00:00,2021-12-14 07:00:00+00:00,2021-12-15 07:00:00+00:00,A,0.9499645507896007,WINNER_EVENT,DISCOVERY_2021-11_2024-04,1,0.20625352752005344
ALICEUSDT,2021-12-14 06:00:00+00:00,2021-12-14 07:00:00+00:00,2021-12-15 07:00:00+00:00,C,0.8576770710041598,WINNER_EVENT,DISCOVERY_2021-11_2024-04,1,0.035949982832010896
AUDIOUSDT,2021-12-14 06:00:00+00:00,2021-12-14 07:00:00+00:00,2021-12-15 07:00:00+00:00,A,0.9208591707411695,WINNER_EVENT,DISCOVERY_2021-11_2024-04,1,0.03839766633459285
STXUSDT,2021-12-14 06:00:00+00:00,2021-12-14 07:00:00+00:00,2021-12-15 07:00:00+00:00,A,0.9353859437855591,WINNER_EVENT,DISCOVERY_2021-11_2024-04,1,0.058486438598882584
AUCTIONUSDT,2021-12-14 19:00:00+00:00,2021-12-14 20:00:00+00:00,2021-12-15 20:00:00+00:00,A,0.9212292674668351,WINNER_EVENT,DISCOVERY_2021-11_2024-04,1,0.01663056748702929
QNTUSDT,2021-12-17 08:00:00+00:00,2021-12-17 09:00:00+00:00,2021-12-18 09:00:00+00:00,A,0.9211630824765108,WINNER_EVENT,DISCOVERY_2021-11_2024-04,1,0.018064067185143085
ZENUSDT,2021-12-18 23:00:00+00:00,2021-12-19 00:00:00+00:00,2021-12-20 00:00:00+00:00,B,0.887204160729267,WINNER_EVENT,DISCOVERY_2021-11_2024-04,1,0.0014268150902649879
ARUSDT,2021-12-20 13:00:00+00:00,2021-12-20 14:00:00+00:00,2021-12-21 14:00:00+00:00,A,0.905423207243979,WINNER_EVENT,DISCOVERY_2021-11_2024-04,1,0.059938333295010526
CRVUSDT,2021-12-20 13:00:00+00:00,2021-12-20 14:00:00+00:00,2021-12-21 14:00:00+00:00,C,0.8553738815356392,WINNER_EVENT,DISCOVERY_2021-11_2024-04,1,0.14040033829786558
RUNEUSDT,2021-12-23 05:00:00+00:00,2021-12-23 06:00:00+00:00,2021-12-24 06:00:00+00:00,C,0.8725189773336747,WINNER_EVENT,DISCOVERY_2021-11_2024-04,1,0.10167799194417748
GALAUSDT,2021-12-24 06:00:00+00:00,2021-12-24 07:00:00+00:00,2021-12-25 07:00:00+00:00,A,0.9173403336206303,WINNER_EVENT,DISCOVERY_2021-11_2024-04,1,-0.011616183028320126
TRBUSDT,2021-12-24 19:00:00+00:00,2021-12-24 20:00:00+00:00,2021-12-25 20:00:00+00:00,C,0.8446360177328613,SAME_TIME_CONTROL,DISCOVERY_2021-11_2024-04,0,0.0676760926611999
ALICEUSDT,2021-12-24 23:00:00+00:00,2021-12-25 00:00:00+00:00,2021-12-26 00:00:00+00:00,C,0.8406068383219307,WINNER_EVENT,DISCOVERY_2021-11_2024-04,1,0.06546207145907346
DOTUSDT,2021-12-24 23:00:00+00:00,2021-12-25 00:00:00+00:00,2021-12-26 00:00:00+00:00,C,0.859813468545494,WINNER_EVENT,DISCOVERY_2021-11_2024-04,1,0.021805601590336288
SHIBUSDT,2021-12-24 23:00:00+00:00,2021-12-25 00:00:00+00:00,2021-12-26 00:00:00+00:00,C,0.8498106564708872,WINNER_EVENT,DISCOVERY_2021-11_2024-04,1,0.038592251304817804
AVAXUSDT,2021-12-25 02:00:00+00:00,2021-12-25 03:00:00+00:00,2021-12-26 03:00:00+00:00,B,0.8804816611264772,WINNER_EVENT,DISCOVERY_2021-11_2024-04,1,0.006056876673464551
CAKEUSDT,2021-12-26 01:00:00+00:00,2021-12-26 02:00:00+00:00,2021-12-27 02:00:00+00:00,B,0.9412211261717606,WINNER_EVENT,DISCOVERY_2021-11_2024-04,1,0.05864945527224874
GTCUSDT,2021-12-27 00:00:00+00:00,2021-12-27 01:00:00+00:00,2021-12-28 01:00:00+00:00,A,0.9217853050392406,WINNER_EVENT,DISCOVERY_2021-11_2024-04,1,-0.06517929142813672
UNIUSDT,2021-12-30 00:00:00+00:00,2021-12-30 01:00:00+00:00,2021-12-31 01:00:00+00:00,C,0.8536395131651489,WINNER_EVENT,DISCOVERY_2021-11_2024-04,1,0.05620346828314271
GTCUSDT,2021-12-31 00:00:00+00:00,2021-12-31 01:00:00+00:00,2022-01-01 01:00:00+00:00,A,0.8994913111301582,WINNER_EVENT,DISCOVERY_2021-11_2024-04,1,0.048092499864083704
AUDIOUSDT,2021-12-31 00:00:00+00:00,2021-12-31 01:00:00+00:00,2022-01-01 01:00:00+00:00,B,0.8921548757646615,WINNER_EVENT,DISCOVERY_2021-11_2024-04,1,-0.01699495785694427
ENJUSDT,2021-12-31 00:00:00+00:00,2021-12-31 01:00:00+00:00,2022-01-01 01:00:00+00:00,B,0.9194327499688755,WINNER_EVENT,DISCOVERY_2021-11_2024-04,1,0.0035283886781927176
COTIUSDT,2021-12-31 01:00:00+00:00,2021-12-31 02:00:00+00:00,2022-01-01 02:00:00+00:00,B,0.8866812189562344,WINNER_EVENT,DISCOVERY_2021-11_2024-04,1,-0.01998211658674076
UNIUSDT,2021-12-31 20:00:00+00:00,2021-12-31 21:00:00+00:00,2022-01-01 21:00:00+00:00,C,0.8454940734337841,WINNER_EVENT,DISCOVERY_2021-11_2024-04,1,0.02662435496820459
QNTUSDT,2022-01-01 11:00:00+00:00,2022-01-01 12:00:00+00:00,2022-01-02 12:00:00+00:00,B,0.8814237341809554,WINNER_EVENT,DISCOVERY_2021-11_2024-04,1,0.032714649969281195
QIUSDT,2022-01-02 15:00:00+00:00,2022-01-02 16:00:00+00:00,2022-01-03 16:00:00+00:00,B,0.8947766595838235,WINNER_EVENT,DISCOVERY_2021-11_2024-04,1,-0.014517651002943444
CVXUSDT,2022-01-02 19:00:00+00:00,2022-01-02 20:00:00+00:00,2022-01-03 20:00:00+00:00,A,0.9132897100051383,WINNER_EVENT,DISCOVERY_2021-11_2024-04,1,0.003830370628999713
PHAUSDT,2022-01-02 21:00:00+00:00,2022-01-02 22:00:00+00:00,2022-01-03 22:00:00+00:00,A,0.9143683177229306,WINNER_EVENT,DISCOVERY_2021-11_2024-04,1,-0.009982728624736481
ARUSDT,2022-01-03 00:00:00+00:00,2022-01-03 01:00:00+00:00,2022-01-04 01:00:00+00:00,B,0.8798927348231012,WINNER_EVENT,DISCOVERY_2021-11_2024-04,1,0.003412845702966072
NEARUSDT,2022-01-03 03:00:00+00:00,2022-01-03 04:00:00+00:00,2022-01-04 04:00:00+00:00,C,0.8593168066036335,WINNER_EVENT,DISCOVERY_2021-11_2024-04,1,0.20063161699857823
HBARUSDT,2022-01-03 16:00:00+00:00,2022-01-03 17:00:00+00:00,2022-01-04 17:00:00+00:00,C,0.852165052808907,WINNER_EVENT,DISCOVERY_2021-11_2024-04,1,0.09892198044587186
ENJUSDT,2022-01-04 02:00:00+00:00,2022-01-04 03:00:00+00:00,2022-01-05 03:00:00+00:00,A,0.9411887011251084,WINNER_EVENT,DISCOVERY_2021-11_2024-04,1,0.006591076435962018
INJUSDT,2022-01-06 09:00:00+00:00,2022-01-06 10:00:00+00:00,2022-01-07 10:00:00+00:00,C,0.8452446001153544,WINNER_EVENT,DISCOVERY_2021-11_2024-04,1,0.01428871644060048
AXSUSDT,2022-01-06 09:00:00+00:00,2022-01-06 10:00:00+00:00,2022-01-07 10:00:00+00:00,C,0.8403155630484114,WINNER_EVENT,DISCOVERY_2021-11_2024-04,1,-0.0061555828822748015
STXUSDT,2022-01-06 12:00:00+00:00,2022-01-06 13:00:00+00:00,2022-01-07 13:00:00+00:00,A,0.9087491475141061,WINNER_EVENT,DISCOVERY_2021-11_2024-04,1,0.009823123973905723
SUNUSDT,2022-01-08 19:00:00+00:00,2022-01-08 20:00:00+00:00,2022-01-09 20:00:00+00:00,A,0.9228680338834563,WINNER_EVENT,DISCOVERY_2021-11_2024-04,1,0.042862385477604015
FETUSDT,2022-01-09 15:00:00+00:00,2022-01-09 16:00:00+00:00,2022-01-10 16:00:00+00:00,A,0.9022645057997917,WINNER_EVENT,DISCOVERY_2021-11_2024-04,1,-0.0453376400917076
QNTUSDT,2022-01-11 12:00:00+00:00,2022-01-11 13:00:00+00:00,2022-01-12 13:00:00+00:00,C,0.8531892867244398,WINNER_EVENT,DISCOVERY_2021-11_2024-04,1,0.020888509064875382
LINKUSDT,2022-01-12 07:00:00+00:00,2022-01-12 08:00:00+00:00,2022-01-13 08:00:00+00:00,A,0.9062970446578674,WINNER_EVENT,DISCOVERY_2021-11_2024-04,1,0.013550690538904453
DASHUSDT,2022-01-12 07:00:00+00:00,2022-01-12 08:00:00+00:00,2022-01-13 08:00:00+00:00,B,0.8990165468843452,WINNER_EVENT,DISCOVERY_2021-11_2024-04,1,0.021304245882279638
QNTUSDT,2022-01-12 09:00:00+00:00,2022-01-12 10:00:00+00:00,2022-01-13 10:00:00+00:00,A,0.9140095525003351,WINNER_EVENT,DISCOVERY_2021-11_2024-04,1,0.0192940212244761
NEARUSDT,2022-01-13 00:00:00+00:00,2022-01-13 01:00:00+00:00,2022-01-14 01:00:00+00:00,C,0.8411474514340717,WINNER_EVENT,DISCOVERY_2021-11_2024-04,1,0.15430210504252928
ALGOUSDT,2022-01-13 19:00:00+00:00,2022-01-13 20:00:00+00:00,2022-01-14 20:00:00+00:00,C,0.8556098100129872,WINNER_EVENT,DISCOVERY_2021-11_2024-04,1,0.01070222750995753
LTCUSDT,2022-01-16 03:00:00+00:00,2022-01-16 04:00:00+00:00,2022-01-17 04:00:00+00:00,B,0.902875725092244,WINNER_EVENT,DISCOVERY_2021-11_2024-04,1,0.010699611441822965
ONEUSDT,2022-01-16 20:00:00+00:00,2022-01-16 21:00:00+00:00,2022-01-17 21:00:00+00:00,A,0.937514703953098,WINNER_EVENT,DISCOVERY_2021-11_2024-04,1,-0.07708989216393658
MOVRUSDT,2022-01-17 17:00:00+00:00,2022-01-17 18:00:00+00:00,2022-01-18 18:00:00+00:00,B,0.8832087588494553,WINNER_EVENT,DISCOVERY_2021-11_2024-04,1,-0.07601975074965028
PEOPLEUSDT,2022-01-18 18:00:00+00:00,2022-01-18 19:00:00+00:00,2022-01-19 19:00:00+00:00,A,0.9262782448856909,WINNER_EVENT,DISCOVERY_2021-11_2024-04,1,-0.04683772244047468
ADAUSDT,2022-01-18 18:00:00+00:00,2022-01-18 19:00:00+00:00,2022-01-19 19:00:00+00:00,A,0.9225267635581375,WINNER_EVENT,DISCOVERY_2021-11_2024-04,1,-0.025987223152791228
QNTUSDT,2022-01-18 20:00:00+00:00,2022-01-18 21:00:00+00:00,2022-01-19 21:00:00+00:00,A,0.9473347476938703,WINNER_EVENT,DISCOVERY_2021-11_2024-04,1,-0.05677583068762959
STXUSDT,2022-01-20 04:00:00+00:00,2022-01-20 05:00:00+00:00,2022-01-21 05:00:00+00:00,B,0.8978202535476673,WINNER_EVENT,DISCOVERY_2021-11_2024-04,1,-0.11189524806307416
NEARUSDT,2022-01-23 22:00:00+00:00,2022-01-23 23:00:00+00:00,2022-01-24 23:00:00+00:00,C,0.8586998746470049,WINNER_EVENT,DISCOVERY_2021-11_2024-04,1,-0.04365252450985646
API3USDT,2022-01-28 13:00:00+00:00,2022-01-28 14:00:00+00:00,2022-01-29 14:00:00+00:00,A,0.9021398375881665,WINNER_EVENT,DISCOVERY_2021-11_2024-04,1,0.06329182062315519
AXSUSDT,2022-01-28 16:00:00+00:00,2022-01-28 17:00:00+00:00,2022-01-29 17:00:00+00:00,A,0.9607143493874226,WINNER_EVENT,DISCOVERY_2021-11_2024-04,1,0.05772233247683545
INJUSDT,2022-01-30 00:00:00+00:00,2022-01-30 01:00:00+00:00,2022-01-31 01:00:00+00:00,C,0.8396290686011874,WINNER_EVENT,DISCOVERY_2021-11_2024-04,1,-0.031206122418280247
ICPUSDT,2022-01-30 02:00:00+00:00,2022-01-30 03:00:00+00:00,2022-01-31 03:00:00+00:00,A,0.9450104771087896,WINNER_EVENT,DISCOVERY_2021-11_2024-04,1,-0.049919299785004645
QIUSDT,2022-01-31 05:00:00+00:00,2022-01-31 06:00:00+00:00,2022-02-01 06:00:00+00:00,A,0.9115696930591799,WINNER_EVENT,DISCOVERY_2021-11_2024-04,1,0.08128734895145517
INJUSDT,2022-01-31 05:00:00+00:00,2022-01-31 06:00:00+00:00,2022-02-01 06:00:00+00:00,A,0.9111994720034223,WINNER_EVENT,DISCOVERY_2021-11_2024-04,1,0.05750414576789775
API3USDT,2022-01-31 08:00:00+00:00,2022-01-31 09:00:00+00:00,2022-02-01 09:00:00+00:00,A,0.9193314745914588,WINNER_EVENT,DISCOVERY_2021-11_2024-04,1,0.025084965257185843
COTIUSDT,2022-01-31 09:00:00+00:00,2022-01-31 10:00:00+00:00,2022-02-01 10:00:00+00:00,A,0.9045840728016598,WINNER_EVENT,DISCOVERY_2021-11_2024-04,1,0.043845815227009144
COTIUSDT,2022-02-01 06:00:00+00:00,2022-02-01 07:00:00+00:00,2022-02-02 07:00:00+00:00,A,0.9391496084184112,WINNER_EVENT,DISCOVERY_2021-11_2024-04,1,-0.015837850291499977
MANAUSDT,2022-02-02 00:00:00+00:00,2022-02-02 01:00:00+00:00,2022-02-03 01:00:00+00:00,A,0.9263386271862384,WINNER_EVENT,DISCOVERY_2021-11_2024-04,1,-0.04822986363587378
BATUSDT,2022-02-02 01:00:00+00:00,2022-02-02 02:00:00+00:00,2022-02-03 02:00:00+00:00,C,0.8666428651460533,WINNER_EVENT,DISCOVERY_2021-11_2024-04,1,-0.029125221505107213
GLMRUSDT,2022-02-02 05:00:00+00:00,2022-02-02 06:00:00+00:00,2022-02-03 06:00:00+00:00,A,0.9274653848794369,WINNER_EVENT,DISCOVERY_2021-11_2024-04,1,-0.05361933815260911
ARUSDT,2022-02-03 10:00:00+00:00,2022-02-03 11:00:00+00:00,2022-02-04 11:00:00+00:00,C,0.8443687386988467,WINNER_EVENT,DISCOVERY_2021-11_2024-04,1,0.07159628906134174
STXUSDT,2022-02-03 10:00:00+00:00,2022-02-03 11:00:00+00:00,2022-02-04 11:00:00+00:00,A,0.9194984087226807,WINNER_EVENT,DISCOVERY_2021-11_2024-04,1,0.06381407430109909
AXSUSDT,2022-02-03 12:00:00+00:00,2022-02-03 13:00:00+00:00,2022-02-04 13:00:00+00:00,A,0.9000066944109616,WINNER_EVENT,DISCOVERY_2021-11_2024-04,1,0.04062078187147544
GLMRUSDT,2022-02-03 13:00:00+00:00,2022-02-03 14:00:00+00:00,2022-02-04 14:00:00+00:00,A,0.9293914695655123,WINNER_EVENT,DISCOVERY_2021-11_2024-04,1,0.0349191773976798
CVXUSDT,2022-02-03 13:00:00+00:00,2022-02-03 14:00:00+00:00,2022-02-04 14:00:00+00:00,B,0.906361505925143,WINNER_EVENT,DISCOVERY_2021-11_2024-04,1,0.11183619747799223
MANAUSDT,2022-02-04 13:00:00+00:00,2022-02-04 14:00:00+00:00,2022-02-05 14:00:00+00:00,C,0.8514464456578522,WINNER_EVENT,DISCOVERY_2021-11_2024-04,1,0.16676139337663876
AAVEUSDT,2022-02-05 18:00:00+00:00,2022-02-05 19:00:00+00:00,2022-02-06 19:00:00+00:00,C,0.8468428474580363,WINNER_EVENT,DISCOVERY_2021-11_2024-04,1,-0.0029955052443806363
COTIUSDT,2022-02-06 06:00:00+00:00,2022-02-06 07:00:00+00:00,2022-02-07 07:00:00+00:00,B,0.8838922867832695,WINNER_EVENT,DISCOVERY_2021-11_2024-04,1,0.0512002975862198
HBARUSDT,2022-02-06 14:00:00+00:00,2022-02-06 15:00:00+00:00,2022-02-07 15:00:00+00:00,C,0.840756590171933,WINNER_EVENT,DISCOVERY_2021-11_2024-04,1,0.062336401679637055
CVXUSDT,2022-02-06 16:00:00+00:00,2022-02-06 17:00:00+00:00,2022-02-07 17:00:00+00:00,B,0.9255208688862478,WINNER_EVENT,DISCOVERY_2021-11_2024-04,1,0.07577634484475415
ARUSDT,2022-02-06 20:00:00+00:00,2022-02-06 21:00:00+00:00,2022-02-07 21:00:00+00:00,B,0.9071014795135599,WINNER_EVENT,DISCOVERY_2021-11_2024-04,1,0.10524448082019577
GLMRUSDT,2022-02-06 20:00:00+00:00,2022-02-06 21:00:00+00:00,2022-02-07 21:00:00+00:00,A,0.9264357377020819,WINNER_EVENT,DISCOVERY_2021-11_2024-04,1,0.04082301377837605
GTCUSDT,2022-02-08 19:00:00+00:00,2022-02-08 20:00:00+00:00,2022-02-09 20:00:00+00:00,A,0.9108875172796608,WINNER_EVENT,DISCOVERY_2021-11_2024-04,1,0.1345223561012221
ZECUSDT,2022-02-10 02:00:00+00:00,2022-02-10 03:00:00+00:00,2022-02-11 03:00:00+00:00,C,0.8545692743684802,WINNER_EVENT,DISCOVERY_2021-11_2024-04,1,-0.006989914277856668
MANAUSDT,2022-02-10 02:00:00+00:00,2022-02-10 03:00:00+00:00,2022-02-11 03:00:00+00:00,B,0.8806264143174461,WINNER_EVENT,DISCOVERY_2021-11_2024-04,1,-0.00478357762211179
XRPUSDT,2022-02-11 05:00:00+00:00,2022-02-11 06:00:00+00:00,2022-02-12 06:00:00+00:00,C,0.8398090872682643,WINNER_EVENT,DISCOVERY_2021-11_2024-04,1,-0.03805034296038767
TRBUSDT,2022-02-12 06:00:00+00:00,2022-02-12 07:00:00+00:00,2022-02-13 07:00:00+00:00,B,0.8801999910411804,WINNER_EVENT,DISCOVERY_2021-11_2024-04,1,0.03162270637907838
BATUSDT,2022-02-12 07:00:00+00:00,2022-02-12 08:00:00+00:00,2022-02-13 08:00:00+00:00,A,0.945452968346889,WINNER_EVENT,DISCOVERY_2021-11_2024-04,1,0.012651144076956777
RAYUSDT,2022-02-12 07:00:00+00:00,2022-02-12 08:00:00+00:00,2022-02-13 08:00:00+00:00,A,0.9197037592151383,WINNER_EVENT,DISCOVERY_2021-11_2024-04,1,0.01779297957160031
ADAUSDT,2022-02-12 13:00:00+00:00,2022-02-12 14:00:00+00:00,2022-02-13 14:00:00+00:00,A,0.904541443038411,WINNER_EVENT,DISCOVERY_2021-11_2024-04,1,0.021929607124509864
QIUSDT,2022-02-12 14:00:00+00:00,2022-02-12 15:00:00+00:00,2022-02-13 15:00:00+00:00,A,0.9231853293504669,WINNER_EVENT,DISCOVERY_2021-11_2024-04,1,0.019481246650270956
MANAUSDT,2022-02-12 14:00:00+00:00,2022-02-12 15:00:00+00:00,2022-02-13 15:00:00+00:00,A,0.9258502891664754,WINNER_EVENT,DISCOVERY_2021-11_2024-04,1,0.01465521334075448
SUPERUSDT,2022-02-12 14:00:00+00:00,2022-02-12 15:00:00+00:00,2022-02-13 15:00:00+00:00,A,0.9336819307065234,WINNER_EVENT,DISCOVERY_2021-11_2024-04,1,0.07408383384596995
ENJUSDT,2022-02-12 14:00:00+00:00,2022-02-12 15:00:00+00:00,2022-02-13 15:00:00+00:00,A,0.9196170168176543,WINNER_EVENT,DISCOVERY_2021-11_2024-04,1,0.006515760979438401
COTIUSDT,2022-02-12 15:00:00+00:00,2022-02-12 16:00:00+00:00,2022-02-13 16:00:00+00:00,A,0.9218342279600216,WINNER_EVENT,DISCOVERY_2021-11_2024-04,1,0.01269412199783937
ICPUSDT,2022-02-14 02:00:00+00:00,2022-02-14 03:00:00+00:00,2022-02-15 03:00:00+00:00,A,0.9110096404242591,WINNER_EVENT,DISCOVERY_2021-11_2024-04,1,0.08862951841696143
GLMRUSDT,2022-02-16 02:00:00+00:00,2022-02-16 03:00:00+00:00,2022-02-17 03:00:00+00:00,A,0.9024941879521918,WINNER_EVENT,DISCOVERY_2021-11_2024-04,1,0.0050030391803870256
API3USDT,2022-02-16 03:00:00+00:00,2022-02-16 04:00:00+00:00,2022-02-17 04:00:00+00:00,A,0.9311059446240483,WINNER_EVENT,DISCOVERY_2021-11_2024-04,1,0.005401252468543394
SANDUSDT,2022-02-20 14:00:00+00:00,2022-02-20 15:00:00+00:00,2022-02-21 15:00:00+00:00,C,0.8519195171785997,WINNER_EVENT,DISCOVERY_2021-11_2024-04,1,0.0062634402214403195
FETUSDT,2022-02-20 16:00:00+00:00,2022-02-20 17:00:00+00:00,2022-02-21 17:00:00+00:00,A,0.9070225614974048,WINNER_EVENT,DISCOVERY_2021-11_2024-04,1,0.020361360429278497
ICPUSDT,2022-02-20 21:00:00+00:00,2022-02-20 22:00:00+00:00,2022-02-21 22:00:00+00:00,C,0.847278366631991,WINNER_EVENT,DISCOVERY_2021-11_2024-04,1,-0.04237934080561445
XRPUSDT,2022-02-20 21:00:00+00:00,2022-02-20 22:00:00+00:00,2022-02-21 22:00:00+00:00,C,0.8419994951897681,WINNER_EVENT,DISCOVERY_2021-11_2024-04,1,-0.07432967676635072
CVXUSDT,2022-02-20 21:00:00+00:00,2022-02-20 22:00:00+00:00,2022-02-21 22:00:00+00:00,A,0.9019883090974392,WINNER_EVENT,DISCOVERY_2021-11_2024-04,1,-0.04393211363831995
MOVRUSDT,2022-02-20 21:00:00+00:00,2022-02-20 22:00:00+00:00,2022-02-21 22:00:00+00:00,A,0.904315892116319,WINNER_EVENT,DISCOVERY_2021-11_2024-04,1,-0.04775897235585724
ADAUSDT,2022-02-22 04:00:00+00:00,2022-02-22 05:00:00+00:00,2022-02-23 05:00:00+00:00,A,0.909959904828876,WINNER_EVENT,DISCOVERY_2021-11_2024-04,1,0.11372697219042394
PHAUSDT,2022-02-24 12:00:00+00:00,2022-02-24 13:00:00+00:00,2022-02-25 13:00:00+00:00,A,0.9005335712897804,WINNER_EVENT,DISCOVERY_2021-11_2024-04,1,0.10928849610673774
AUDIOUSDT,2022-02-26 12:00:00+00:00,2022-02-26 13:00:00+00:00,2022-02-27 13:00:00+00:00,B,0.8987714716046585,WINNER_EVENT,DISCOVERY_2021-11_2024-04,1,0.018678505511176446
MOVRUSDT,2022-02-26 18:00:00+00:00,2022-02-26 19:00:00+00:00,2022-02-27 19:00:00+00:00,A,0.9129172658689005,WINNER_EVENT,DISCOVERY_2021-11_2024-04,1,-0.024338109107650663
MOVRUSDT,2022-02-28 03:00:00+00:00,2022-02-28 04:00:00+00:00,2022-03-01 04:00:00+00:00,B,0.8958640365186583,WINNER_EVENT,DISCOVERY_2021-11_2024-04,1,0.1177032146845749
DOTUSDT,2022-02-28 06:00:00+00:00,2022-02-28 07:00:00+00:00,2022-03-01 07:00:00+00:00,A,0.9603425313792365,WINNER_EVENT,DISCOVERY_2021-11_2024-04,1,0.09746870725014545
QIUSDT,2022-03-04 08:00:00+00:00,2022-03-04 09:00:00+00:00,2022-03-05 09:00:00+00:00,A,0.9224462062377419,WINNER_EVENT,DISCOVERY_2021-11_2024-04,1,-0.049974774630770935
GLMRUSDT,2022-03-05 22:00:00+00:00,2022-03-05 23:00:00+00:00,2022-03-06 23:00:00+00:00,A,0.9166592326825562,WINNER_EVENT,DISCOVERY_2021-11_2024-04,1,-0.047563017177709166
API3USDT,2022-03-08 21:00:00+00:00,2022-03-08 22:00:00+00:00,2022-03-09 22:00:00+00:00,B,0.896336817556489,WINNER_EVENT,DISCOVERY_2021-11_2024-04,1,0.04154820761377653
UNIUSDT,2022-03-11 01:00:00+00:00,2022-03-11 02:00:00+00:00,2022-03-12 02:00:00+00:00,C,0.8394985978302938,WINNER_EVENT,DISCOVERY_2021-11_2024-04,1,0.029924454488116092
ARUSDT,2022-03-11 04:00:00+00:00,2022-03-11 05:00:00+00:00,2022-03-12 05:00:00+00:00,C,0.8398395578050434,WINNER_EVENT,DISCOVERY_2021-11_2024-04,1,0.025922225651629383
GLMRUSDT,2022-03-12 19:00:00+00:00,2022-03-12 20:00:00+00:00,2022-03-13 20:00:00+00:00,C,0.8482447849013394,WINNER_EVENT,DISCOVERY_2021-11_2024-04,1,-0.03731636840729802
MOVRUSDT,2022-03-12 23:00:00+00:00,2022-03-13 00:00:00+00:00,2022-03-14 00:00:00+00:00,C,0.8444970274336719,SAME_TIME_CONTROL,DISCOVERY_2021-11_2024-04,0,-0.06698544176078669
STXUSDT,2022-03-13 01:00:00+00:00,2022-03-13 02:00:00+00:00,2022-03-14 02:00:00+00:00,A,0.9244776614357348,WINNER_EVENT,DISCOVERY_2021-11_2024-04,1,0.0008960033221911967
GLMRUSDT,2022-03-14 05:00:00+00:00,2022-03-14 06:00:00+00:00,2022-03-15 06:00:00+00:00,C,0.8519881818989166,WINNER_EVENT,DISCOVERY_2021-11_2024-04,1,0.013819812953527189
CVXUSDT,2022-03-14 18:00:00+00:00,2022-03-14 19:00:00+00:00,2022-03-15 19:00:00+00:00,C,0.8691235074485834,WINNER_EVENT,DISCOVERY_2021-11_2024-04,1,0.09430486834920626
ZECUSDT,2022-03-14 19:00:00+00:00,2022-03-14 20:00:00+00:00,2022-03-15 20:00:00+00:00,C,0.8699994362762085,WINNER_EVENT,DISCOVERY_2021-11_2024-04,1,-0.028007464694695727
HBARUSDT,2022-03-16 16:00:00+00:00,2022-03-16 17:00:00+00:00,2022-03-17 17:00:00+00:00,B,0.9184307068389256,WINNER_EVENT,DISCOVERY_2021-11_2024-04,1,0.0457379120145498
ZECUSDT,2022-03-17 20:00:00+00:00,2022-03-17 21:00:00+00:00,2022-03-18 21:00:00+00:00,B,0.8848345523996719,WINNER_EVENT,DISCOVERY_2021-11_2024-04,1,0.10435356552338448
MOVRUSDT,2022-03-17 22:00:00+00:00,2022-03-17 23:00:00+00:00,2022-03-18 23:00:00+00:00,B,0.9198402144314122,WINNER_EVENT,DISCOVERY_2021-11_2024-04,1,0.05073527591011384
PEOPLEUSDT,2022-03-18 10:00:00+00:00,2022-03-18 11:00:00+00:00,2022-03-19 11:00:00+00:00,C,0.8509512312197457,WINNER_EVENT,DISCOVERY_2021-11_2024-04,1,0.13159124715602255
API3USDT,2022-03-19 18:00:00+00:00,2022-03-19 19:00:00+00:00,2022-03-20 19:00:00+00:00,A,0.9261604340143021,WINNER_EVENT,DISCOVERY_2021-11_2024-04,1,-0.05747553468158728
ALPINEUSDT,2022-03-20 01:00:00+00:00,2022-03-20 02:00:00+00:00,2022-03-21 02:00:00+00:00,A,0.9108391063923521,WINNER_EVENT,DISCOVERY_2021-11_2024-04,1,0.0024603631034834095
CVXUSDT,2022-03-20 14:00:00+00:00,2022-03-20 15:00:00+00:00,2022-03-21 15:00:00+00:00,A,0.9144773411704258,WINNER_EVENT,DISCOVERY_2021-11_2024-04,1,0.1532473909200618
AVAXUSDT,2022-03-21 00:00:00+00:00,2022-03-21 01:00:00+00:00,2022-03-22 01:00:00+00:00,A,0.9057458493056678,WINNER_EVENT,DISCOVERY_2021-11_2024-04,1,0.022883833898855288
ICPUSDT,2022-03-21 02:00:00+00:00,2022-03-21 03:00:00+00:00,2022-03-22 03:00:00+00:00,B,0.8955828436556318,WINNER_EVENT,DISCOVERY_2021-11_2024-04,1,0.03940444289224976
ZECUSDT,2022-03-23 00:00:00+00:00,2022-03-23 01:00:00+00:00,2022-03-24 01:00:00+00:00,A,0.9238391858829287,WINNER_EVENT,DISCOVERY_2021-11_2024-04,1,0.03787477138821105
GLMRUSDT,2022-03-23 00:00:00+00:00,2022-03-23 01:00:00+00:00,2022-03-24 01:00:00+00:00,A,0.9399547859674586,WINNER_EVENT,DISCOVERY_2021-11_2024-04,1,0.03924857683945526
AVAXUSDT,2022-03-23 00:00:00+00:00,2022-03-23 01:00:00+00:00,2022-03-24 01:00:00+00:00,C,0.8429940531135296,WINNER_EVENT,DISCOVERY_2021-11_2024-04,1,0.01744177221944221
ALPINEUSDT,2022-03-23 13:00:00+00:00,2022-03-23 14:00:00+00:00,2022-03-24 14:00:00+00:00,A,0.9301971332353958,WINNER_EVENT,DISCOVERY_2021-11_2024-04,1,0.005210739373245898
RUNEUSDT,2022-03-24 03:00:00+00:00,2022-03-24 04:00:00+00:00,2022-03-25 04:00:00+00:00,A,0.9385708482602548,WINNER_EVENT,DISCOVERY_2021-11_2024-04,1,0.01515861203217339
ALPINEUSDT,2022-03-24 23:00:00+00:00,2022-03-25 00:00:00+00:00,2022-03-26 00:00:00+00:00,A,0.9574861798686021,WINNER_EVENT,DISCOVERY_2021-11_2024-04,1,0.0790472289562969
APEUSDT,2022-03-25 02:00:00+00:00,2022-03-25 03:00:00+00:00,2022-03-26 03:00:00+00:00,A,0.9389007465877389,WINNER_EVENT,DISCOVERY_2021-11_2024-04,1,0.006733757938084395
MOVRUSDT,2022-03-25 23:00:00+00:00,2022-03-26 00:00:00+00:00,2022-03-27 00:00:00+00:00,A,0.9259895815866422,WINNER_EVENT,DISCOVERY_2021-11_2024-04,1,0.05504927698454232
GLMRUSDT,2022-03-26 03:00:00+00:00,2022-03-26 04:00:00+00:00,2022-03-27 04:00:00+00:00,A,0.9118202346937407,WINNER_EVENT,DISCOVERY_2021-11_2024-04,1,0.026753199666816663
AXSUSDT,2022-03-27 01:00:00+00:00,2022-03-27 02:00:00+00:00,2022-03-28 02:00:00+00:00,A,0.9434144427653073,WINNER_EVENT,DISCOVERY_2021-11_2024-04,1,0.019687907447417885
SOLUSDT,2022-03-27 11:00:00+00:00,2022-03-27 12:00:00+00:00,2022-03-28 12:00:00+00:00,B,0.9054832544613014,WINNER_EVENT,DISCOVERY_2021-11_2024-04,1,0.09216994817162805
ETCUSDT,2022-03-27 17:00:00+00:00,2022-03-27 18:00:00+00:00,2022-03-28 18:00:00+00:00,A,0.9639472095766884,WINNER_EVENT,DISCOVERY_2021-11_2024-04,1,0.047086375771225875
ALPINEUSDT,2022-03-27 18:00:00+00:00,2022-03-27 19:00:00+00:00,2022-03-28 19:00:00+00:00,A,0.953009292730774,WINNER_EVENT,DISCOVERY_2021-11_2024-04,1,0.013238119395446946
AVAUSDT,2022-03-28 21:00:00+00:00,2022-03-28 22:00:00+00:00,2022-03-29 22:00:00+00:00,C,0.8444391061738268,WINNER_EVENT,DISCOVERY_2021-11_2024-04,1,0.07676485433606883
ALPINEUSDT,2022-03-29 00:00:00+00:00,2022-03-29 01:00:00+00:00,2022-03-30 01:00:00+00:00,A,0.9221618444069313,WINNER_EVENT,DISCOVERY_2021-11_2024-04,1,-0.01050387691010346
GLMRUSDT,2022-03-30 21:00:00+00:00,2022-03-30 22:00:00+00:00,2022-03-31 22:00:00+00:00,B,0.8885014908984733,WINNER_EVENT,DISCOVERY_2021-11_2024-04,1,-0.03976826506560649
GLMRUSDT,2022-04-01 03:00:00+00:00,2022-04-01 04:00:00+00:00,2022-04-02 04:00:00+00:00,A,0.9214659992329154,WINNER_EVENT,DISCOVERY_2021-11_2024-04,1,0.37669957381544816
AVAXUSDT,2022-04-03 17:00:00+00:00,2022-04-03 18:00:00+00:00,2022-04-04 18:00:00+00:00,C,0.8393290034341866,WINNER_EVENT,DISCOVERY_2021-11_2024-04,1,-0.051405807350228594
CAKEUSDT,2022-04-06 17:00:00+00:00,2022-04-06 18:00:00+00:00,2022-04-07 18:00:00+00:00,A,0.9249043178857395,WINNER_EVENT,DISCOVERY_2021-11_2024-04,1,0.04786000279178948
NEARUSDT,2022-04-07 16:00:00+00:00,2022-04-07 17:00:00+00:00,2022-04-08 17:00:00+00:00,A,0.9470127332614641,WINNER_EVENT,DISCOVERY_2021-11_2024-04,1,0.23580152546175293
AAVEUSDT,2022-04-09 10:00:00+00:00,2022-04-09 11:00:00+00:00,2022-04-10 11:00:00+00:00,A,0.9300741121440144,WINNER_EVENT,DISCOVERY_2021-11_2024-04,1,-0.007441456168597371
QNTUSDT,2022-04-09 10:00:00+00:00,2022-04-09 11:00:00+00:00,2022-04-10 11:00:00+00:00,A,0.9446717297506875,WINNER_EVENT,DISCOVERY_2021-11_2024-04,1,0.023613455416319873
NEARUSDT,2022-04-10 13:00:00+00:00,2022-04-10 14:00:00+00:00,2022-04-11 14:00:00+00:00,B,0.8979408292286689,WINNER_EVENT,DISCOVERY_2021-11_2024-04,1,-0.04729865716257042
ATOMUSDT,2022-04-10 13:00:00+00:00,2022-04-10 14:00:00+00:00,2022-04-11 14:00:00+00:00,C,0.8533700893076142,WINNER_EVENT,DISCOVERY_2021-11_2024-04,1,-0.05111638583590372
DOTUSDT,2022-04-11 20:00:00+00:00,2022-04-11 21:00:00+00:00,2022-04-12 21:00:00+00:00,C,0.8458289884803791,WINNER_EVENT,DISCOVERY_2021-11_2024-04,1,0.0021972264991383383
AAVEUSDT,2022-04-11 21:00:00+00:00,2022-04-11 22:00:00+00:00,2022-04-12 22:00:00+00:00,B,0.8782020096716273,WINNER_EVENT,DISCOVERY_2021-11_2024-04,1,0.033719580911699465
TRBUSDT,2022-04-11 21:00:00+00:00,2022-04-11 22:00:00+00:00,2022-04-12 22:00:00+00:00,A,0.9095638147241629,WINNER_EVENT,DISCOVERY_2021-11_2024-04,1,0.056550746292292065
ALPINEUSDT,2022-04-12 02:00:00+00:00,2022-04-12 03:00:00+00:00,2022-04-13 03:00:00+00:00,B,0.8821306365696059,WINNER_EVENT,DISCOVERY_2021-11_2024-04,1,0.17411277556425175
COTIUSDT,2022-04-12 02:00:00+00:00,2022-04-12 03:00:00+00:00,2022-04-13 03:00:00+00:00,B,0.9051467787311404,WINNER_EVENT,DISCOVERY_2021-11_2024-04,1,0.038040379042075134
CAKEUSDT,2022-04-14 22:00:00+00:00,2022-04-14 23:00:00+00:00,2022-04-15 23:00:00+00:00,C,0.8798698582022219,WINNER_EVENT,DISCOVERY_2021-11_2024-04,1,0.024699064054386488
PEOPLEUSDT,2022-04-20 18:00:00+00:00,2022-04-20 19:00:00+00:00,2022-04-21 19:00:00+00:00,C,0.8397908990652478,WINNER_EVENT,DISCOVERY_2021-11_2024-04,1,-0.0296839620829632
UNIUSDT,2022-04-26 23:00:00+00:00,2022-04-27 00:00:00+00:00,2022-04-28 00:00:00+00:00,C,0.8441763086248945,WINNER_EVENT,DISCOVERY_2021-11_2024-04,1,0.02438788911844525
IOTAUSDT,2022-04-27 00:00:00+00:00,2022-04-27 01:00:00+00:00,2022-04-28 01:00:00+00:00,A,0.9073554634090669,WINNER_EVENT,DISCOVERY_2021-11_2024-04,1,0.03219880369807715
CVXUSDT,2022-04-28 14:00:00+00:00,2022-04-28 15:00:00+00:00,2022-04-29 15:00:00+00:00,A,0.9106582284204745,WINNER_EVENT,DISCOVERY_2021-11_2024-04,1,-0.018339793639643664
ARUSDT,2022-04-29 12:00:00+00:00,2022-04-29 13:00:00+00:00,2022-04-30 13:00:00+00:00,A,0.9053517673368187,WINNER_EVENT,DISCOVERY_2021-11_2024-04,1,0.01035181659210438
COTIUSDT,2022-04-29 20:00:00+00:00,2022-04-29 21:00:00+00:00,2022-04-30 21:00:00+00:00,A,0.9196895371292741,WINNER_EVENT,DISCOVERY_2021-11_2024-04,1,-0.04715071185660724
AUDIOUSDT,2022-04-29 21:00:00+00:00,2022-04-29 22:00:00+00:00,2022-04-30 22:00:00+00:00,A,0.9176095265186129,WINNER_EVENT,DISCOVERY_2021-11_2024-04,1,-0.09457838158936438
IOTAUSDT,2022-05-03 20:00:00+00:00,2022-05-03 21:00:00+00:00,2022-05-04 21:00:00+00:00,B,0.8845951209043454,WINNER_EVENT,DISCOVERY_2021-11_2024-04,1,0.11061011142089994
AVAUSDT,2022-05-03 20:00:00+00:00,2022-05-03 21:00:00+00:00,2022-05-04 21:00:00+00:00,A,0.9227328793591786,WINNER_EVENT,DISCOVERY_2021-11_2024-04,1,0.05381614734602769
AXSUSDT,2022-05-04 04:00:00+00:00,2022-05-04 05:00:00+00:00,2022-05-05 05:00:00+00:00,A,0.9054151636867562,WINNER_EVENT,DISCOVERY_2021-11_2024-04,1,0.17554111425188546
ZENUSDT,2022-05-08 23:00:00+00:00,2022-05-09 00:00:00+00:00,2022-05-10 00:00:00+00:00,C,0.8559444158422109,WINNER_EVENT,DISCOVERY_2021-11_2024-04,1,-0.21307744621741043
FETUSDT,2022-05-11 23:00:00+00:00,2022-05-12 00:00:00+00:00,2022-05-13 00:00:00+00:00,C,0.8745530184879189,WINNER_EVENT,DISCOVERY_2021-11_2024-04,1,0.06447096432554833
SUNUSDT,2022-05-12 12:00:00+00:00,2022-05-12 13:00:00+00:00,2022-05-13 13:00:00+00:00,A,0.9036662226383566,WINNER_EVENT,DISCOVERY_2021-11_2024-04,1,0.09424320473795755
XLMUSDT,2022-05-14 14:00:00+00:00,2022-05-14 15:00:00+00:00,2022-05-15 15:00:00+00:00,A,0.9335345218620018,WINNER_EVENT,DISCOVERY_2021-11_2024-04,1,0.0674450297111795
MOVRUSDT,2022-05-14 14:00:00+00:00,2022-05-14 15:00:00+00:00,2022-05-15 15:00:00+00:00,A,0.9285541444160462,WINNER_EVENT,DISCOVERY_2021-11_2024-04,1,0.06960190942229061
BCHUSDT,2022-05-14 14:00:00+00:00,2022-05-14 15:00:00+00:00,2022-05-15 15:00:00+00:00,A,0.9243308967139774,WINNER_EVENT,DISCOVERY_2021-11_2024-04,1,0.08211463455183088
TRXUSDT,2022-05-15 08:00:00+00:00,2022-05-15 09:00:00+00:00,2022-05-16 09:00:00+00:00,C,0.8754837832506766,WINNER_EVENT,DISCOVERY_2021-11_2024-04,1,0.005295894843315496
SUNUSDT,2022-05-16 19:00:00+00:00,2022-05-16 20:00:00+00:00,2022-05-17 20:00:00+00:00,A,0.9341098412785321,WINNER_EVENT,DISCOVERY_2021-11_2024-04,1,0.033887898029815844
TRXUSDT,2022-05-20 19:00:00+00:00,2022-05-20 20:00:00+00:00,2022-05-21 20:00:00+00:00,C,0.8486379235888677,WINNER_EVENT,DISCOVERY_2021-11_2024-04,1,0.044965971089116596
GLMRUSDT,2022-05-21 11:00:00+00:00,2022-05-21 12:00:00+00:00,2022-05-22 12:00:00+00:00,A,0.8992212748404668,WINNER_EVENT,DISCOVERY_2021-11_2024-04,1,0.09862483645126585
ATOMUSDT,2022-05-21 11:00:00+00:00,2022-05-21 12:00:00+00:00,2022-05-22 12:00:00+00:00,A,0.9056930758226691,WINNER_EVENT,DISCOVERY_2021-11_2024-04,1,0.029933083573236097
MOVRUSDT,2022-05-24 14:00:00+00:00,2022-05-24 15:00:00+00:00,2022-05-25 15:00:00+00:00,A,0.9164703485248584,WINNER_EVENT,DISCOVERY_2021-11_2024-04,1,0.07503093347562428
QNTUSDT,2022-05-24 14:00:00+00:00,2022-05-24 15:00:00+00:00,2022-05-25 15:00:00+00:00,A,0.9363799264502206,WINNER_EVENT,DISCOVERY_2021-11_2024-04,1,0.01670215194683977
SUPERUSDT,2022-05-26 13:00:00+00:00,2022-05-26 14:00:00+00:00,2022-05-27 14:00:00+00:00,B,0.8921327499540016,WINNER_EVENT,DISCOVERY_2021-11_2024-04,1,-0.01651068609091144
GTCUSDT,2022-05-26 13:00:00+00:00,2022-05-26 14:00:00+00:00,2022-05-27 14:00:00+00:00,C,0.8436653600152115,WINNER_EVENT,DISCOVERY_2021-11_2024-04,1,-4.329227344601616e-05
APEUSDT,2022-05-26 13:00:00+00:00,2022-05-26 14:00:00+00:00,2022-05-27 14:00:00+00:00,A,0.9181323517029744,WINNER_EVENT,DISCOVERY_2021-11_2024-04,1,-0.031125821631580952
LTCUSDT,2022-05-26 13:00:00+00:00,2022-05-26 14:00:00+00:00,2022-05-27 14:00:00+00:00,C,0.856093223075456,WINNER_EVENT,DISCOVERY_2021-11_2024-04,1,0.014467949281593562
FETUSDT,2022-05-26 13:00:00+00:00,2022-05-26 14:00:00+00:00,2022-05-27 14:00:00+00:00,B,0.8809223031039515,WINNER_EVENT,DISCOVERY_2021-11_2024-04,1,-0.0029955052443807473
TRXUSDT,2022-05-29 19:00:00+00:00,2022-05-29 20:00:00+00:00,2022-05-30 20:00:00+00:00,A,0.9141821086489843,WINNER_EVENT,DISCOVERY_2021-11_2024-04,1,0.03772420436116852
AVAXUSDT,2022-06-02 03:00:00+00:00,2022-06-02 04:00:00+00:00,2022-06-03 04:00:00+00:00,B,0.883299466199016,WINNER_EVENT,DISCOVERY_2021-11_2024-04,1,0.053290525312938763
TRXUSDT,2022-06-04 03:00:00+00:00,2022-06-04 04:00:00+00:00,2022-06-05 04:00:00+00:00,A,0.9050525234927613,WINNER_EVENT,DISCOVERY_2021-11_2024-04,1,0.030091498989147647
XLMUSDT,2022-06-04 16:00:00+00:00,2022-06-04 17:00:00+00:00,2022-06-05 17:00:00+00:00,B,0.897099504700979,WINNER_EVENT,DISCOVERY_2021-11_2024-04,1,0.02242387280887881
AUDIOUSDT,2022-06-05 12:00:00+00:00,2022-06-05 13:00:00+00:00,2022-06-06 13:00:00+00:00,A,0.8992825526148639,WINNER_EVENT,DISCOVERY_2021-11_2024-04,1,0.070017450179642
RAYUSDT,2022-06-07 11:00:00+00:00,2022-06-07 12:00:00+00:00,2022-06-08 12:00:00+00:00,C,0.8607007533503775,WINNER_EVENT,DISCOVERY_2021-11_2024-04,1,0.07667112888415306
ATOMUSDT,2022-06-07 11:00:00+00:00,2022-06-07 12:00:00+00:00,2022-06-08 12:00:00+00:00,C,0.8521385266716052,WINNER_EVENT,DISCOVERY_2021-11_2024-04,1,0.022332553513845443
GLMRUSDT,2022-06-07 12:00:00+00:00,2022-06-07 13:00:00+00:00,2022-06-08 13:00:00+00:00,A,0.920716721162036,WINNER_EVENT,DISCOVERY_2021-11_2024-04,1,0.0352916690691214
CVXUSDT,2022-06-07 13:00:00+00:00,2022-06-07 14:00:00+00:00,2022-06-08 14:00:00+00:00,A,0.9468785182522733,WINNER_EVENT,DISCOVERY_2021-11_2024-04,1,0.024920620608776867
IOTAUSDT,2022-06-09 00:00:00+00:00,2022-06-09 01:00:00+00:00,2022-06-10 01:00:00+00:00,A,0.9025719580057353,WINNER_EVENT,DISCOVERY_2021-11_2024-04,1,-0.010260183871279582
API3USDT,2022-06-09 01:00:00+00:00,2022-06-09 02:00:00+00:00,2022-06-10 02:00:00+00:00,A,0.9014257332664086,WINNER_EVENT,DISCOVERY_2021-11_2024-04,1,0.1040035556711123
MOVRUSDT,2022-06-17 05:00:00+00:00,2022-06-17 06:00:00+00:00,2022-06-18 06:00:00+00:00,A,0.9376264114512337,WINNER_EVENT,DISCOVERY_2021-11_2024-04,1,-0.0029955052443806363
INJUSDT,2022-06-22 21:00:00+00:00,2022-06-22 22:00:00+00:00,2022-06-23 22:00:00+00:00,C,0.8486799798165369,WINNER_EVENT,DISCOVERY_2021-11_2024-04,1,0.030594232710632552
BATUSDT,2022-06-23 15:00:00+00:00,2022-06-23 16:00:00+00:00,2022-06-24 16:00:00+00:00,B,0.894164622274053,WINNER_EVENT,DISCOVERY_2021-11_2024-04,1,0.14168359412845644
ALICEUSDT,2022-06-24 15:00:00+00:00,2022-06-24 16:00:00+00:00,2022-06-25 16:00:00+00:00,A,0.9033756328800852,WINNER_EVENT,DISCOVERY_2021-11_2024-04,1,-0.011029693421613085
ATOMUSDT,2022-06-24 16:00:00+00:00,2022-06-24 17:00:00+00:00,2022-06-25 17:00:00+00:00,A,0.9244279794350571,WINNER_EVENT,DISCOVERY_2021-11_2024-04,1,0.0007108311673500456
SUNUSDT,2022-06-25 15:00:00+00:00,2022-06-25 16:00:00+00:00,2022-06-26 16:00:00+00:00,C,0.8516629328689778,WINNER_EVENT,DISCOVERY_2021-11_2024-04,1,0.013566031213353869
TRBUSDT,2022-06-25 15:00:00+00:00,2022-06-25 16:00:00+00:00,2022-06-26 16:00:00+00:00,C,0.8393200341636157,WINNER_EVENT,DISCOVERY_2021-11_2024-04,1,0.03000638569700742
ICPUSDT,2022-06-28 02:00:00+00:00,2022-06-28 03:00:00+00:00,2022-06-29 03:00:00+00:00,A,0.9328398375299041,WINNER_EVENT,DISCOVERY_2021-11_2024-04,1,-0.008336600751999823
SUPERUSDT,2022-06-29 11:00:00+00:00,2022-06-29 12:00:00+00:00,2022-06-30 12:00:00+00:00,A,0.9105845262667709,WINNER_EVENT,DISCOVERY_2021-11_2024-04,1,-0.0873271107296385
SUNUSDT,2022-06-30 14:00:00+00:00,2022-06-30 15:00:00+00:00,2022-07-01 15:00:00+00:00,A,0.9426216101816776,WINNER_EVENT,DISCOVERY_2021-11_2024-04,1,0.034345487068563774
LDOUSDT,2022-06-30 15:00:00+00:00,2022-06-30 16:00:00+00:00,2022-07-01 16:00:00+00:00,A,0.9189128465342384,WINNER_EVENT,DISCOVERY_2021-11_2024-04,1,0.01966368781824701
AXSUSDT,2022-07-02 08:00:00+00:00,2022-07-02 09:00:00+00:00,2022-07-03 09:00:00+00:00,B,0.8832143428790404,WINNER_EVENT,DISCOVERY_2021-11_2024-04,1,0.007282891608770159
CVXUSDT,2022-07-02 17:00:00+00:00,2022-07-02 18:00:00+00:00,2022-07-03 18:00:00+00:00,A,0.9232346395640261,WINNER_EVENT,DISCOVERY_2021-11_2024-04,1,0.03243105040683436
ONEUSDT,2022-07-05 12:00:00+00:00,2022-07-05 13:00:00+00:00,2022-07-06 13:00:00+00:00,C,0.8416991986787058,WINNER_EVENT,DISCOVERY_2021-11_2024-04,1,0.03623846792887275
SUNUSDT,2022-07-07 02:00:00+00:00,2022-07-07 03:00:00+00:00,2022-07-08 03:00:00+00:00,C,0.8474464263622377,WINNER_EVENT,DISCOVERY_2021-11_2024-04,1,0.048132930384112704
NMRUSDT,2022-07-07 06:00:00+00:00,2022-07-07 07:00:00+00:00,2022-07-08 07:00:00+00:00,A,0.9185867189386142,WINNER_EVENT,DISCOVERY_2021-11_2024-04,1,0.04612697898627949
QIUSDT,2022-07-08 06:00:00+00:00,2022-07-08 07:00:00+00:00,2022-07-09 07:00:00+00:00,B,0.8858662362018337,WINNER_EVENT,DISCOVERY_2021-11_2024-04,1,0.0224058831570364
ALICEUSDT,2022-07-08 09:00:00+00:00,2022-07-08 10:00:00+00:00,2022-07-09 10:00:00+00:00,C,0.8611998063829271,WINNER_EVENT,DISCOVERY_2021-11_2024-04,1,0.036557928786459026
CVXUSDT,2022-07-08 13:00:00+00:00,2022-07-08 14:00:00+00:00,2022-07-09 14:00:00+00:00,B,0.8883110710966602,WINNER_EVENT,DISCOVERY_2021-11_2024-04,1,0.11628896109245246
CVXUSDT,2022-07-11 07:00:00+00:00,2022-07-11 08:00:00+00:00,2022-07-12 08:00:00+00:00,A,0.9082830682243926,WINNER_EVENT,DISCOVERY_2021-11_2024-04,1,-0.08695377848695918
CVXUSDT,2022-07-12 07:00:00+00:00,2022-07-12 08:00:00+00:00,2022-07-13 08:00:00+00:00,C,0.8496383999960749,WINNER_EVENT,DISCOVERY_2021-11_2024-04,1,0.042843781870820274
AAVEUSDT,2022-07-12 08:00:00+00:00,2022-07-12 09:00:00+00:00,2022-07-13 09:00:00+00:00,A,0.9248179210481228,WINNER_EVENT,DISCOVERY_2021-11_2024-04,1,0.08519529714029916
API3USDT,2022-07-12 08:00:00+00:00,2022-07-12 09:00:00+00:00,2022-07-13 09:00:00+00:00,A,0.9016709572775314,WINNER_EVENT,DISCOVERY_2021-11_2024-04,1,0.021944106899011828
BATUSDT,2022-07-14 13:00:00+00:00,2022-07-14 14:00:00+00:00,2022-07-15 14:00:00+00:00,A,0.900522836293434,WINNER_EVENT,DISCOVERY_2021-11_2024-04,1,0.08837119380292702
TRBUSDT,2022-07-15 17:00:00+00:00,2022-07-15 18:00:00+00:00,2022-07-16 18:00:00+00:00,A,0.9107641476086966,WINNER_EVENT,DISCOVERY_2021-11_2024-04,1,0.039391007471662576
CVXUSDT,2022-07-16 08:00:00+00:00,2022-07-16 09:00:00+00:00,2022-07-17 09:00:00+00:00,A,0.9466467655649026,WINNER_EVENT,DISCOVERY_2021-11_2024-04,1,0.05312726432795567
MOVRUSDT,2022-07-17 15:00:00+00:00,2022-07-17 16:00:00+00:00,2022-07-18 16:00:00+00:00,C,0.8417351893352877,WINNER_EVENT,DISCOVERY_2021-11_2024-04,1,0.09519433136033961
CRVUSDT,2022-07-17 23:00:00+00:00,2022-07-18 00:00:00+00:00,2022-07-19 00:00:00+00:00,C,0.8506770996415648,WINNER_EVENT,DISCOVERY_2021-11_2024-04,1,0.2390945574302925
RAYUSDT,2022-07-18 00:00:00+00:00,2022-07-18 01:00:00+00:00,2022-07-19 01:00:00+00:00,A,0.9223880862334319,WINNER_EVENT,DISCOVERY_2021-11_2024-04,1,0.03665808261521786
QIUSDT,2022-07-18 00:00:00+00:00,2022-07-18 01:00:00+00:00,2022-07-19 01:00:00+00:00,A,0.944852182764433,WINNER_EVENT,DISCOVERY_2021-11_2024-04,1,0.08764126700613017
UNIUSDT,2022-07-20 00:00:00+00:00,2022-07-20 01:00:00+00:00,2022-07-21 01:00:00+00:00,B,0.9089952543302403,WINNER_EVENT,DISCOVERY_2021-11_2024-04,1,-0.04712295176191861
CRVUSDT,2022-07-20 00:00:00+00:00,2022-07-20 01:00:00+00:00,2022-07-21 01:00:00+00:00,B,0.8892002019442714,WINNER_EVENT,DISCOVERY_2021-11_2024-04,1,-0.053937340742843065
CVXUSDT,2022-07-21 11:00:00+00:00,2022-07-21 12:00:00+00:00,2022-07-22 12:00:00+00:00,A,0.924062730466571,WINNER_EVENT,DISCOVERY_2021-11_2024-04,1,0.18168839537605241
CVXUSDT,2022-07-23 17:00:00+00:00,2022-07-23 18:00:00+00:00,2022-07-24 18:00:00+00:00,B,0.8930067992258666,WINNER_EVENT,DISCOVERY_2021-11_2024-04,1,0.05187319849384808
AUDIOUSDT,2022-07-23 17:00:00+00:00,2022-07-23 18:00:00+00:00,2022-07-24 18:00:00+00:00,B,0.8978539766242508,WINNER_EVENT,DISCOVERY_2021-11_2024-04,1,-0.028487097439836684
SOLUSDT,2022-07-23 17:00:00+00:00,2022-07-23 18:00:00+00:00,2022-07-24 18:00:00+00:00,B,0.9072647051695065,WINNER_EVENT,DISCOVERY_2021-11_2024-04,1,0.04303965127367215
GLMRUSDT,2022-07-23 17:00:00+00:00,2022-07-23 18:00:00+00:00,2022-07-24 18:00:00+00:00,B,0.8870011617603482,WINNER_EVENT,DISCOVERY_2021-11_2024-04,1,0.06901199781956913
BCHUSDT,2022-07-23 17:00:00+00:00,2022-07-23 18:00:00+00:00,2022-07-24 18:00:00+00:00,B,0.886260165682078,WINNER_EVENT,DISCOVERY_2021-11_2024-04,1,0.09243565546270638
MOVRUSDT,2022-07-26 06:00:00+00:00,2022-07-26 07:00:00+00:00,2022-07-27 07:00:00+00:00,A,0.9375179585471516,WINNER_EVENT,DISCOVERY_2021-11_2024-04,1,0.021929607124509642
NEARUSDT,2022-07-26 12:00:00+00:00,2022-07-26 13:00:00+00:00,2022-07-27 13:00:00+00:00,C,0.8561622247098424,WINNER_EVENT,DISCOVERY_2021-11_2024-04,1,0.03501184842309879
ADAUSDT,2022-07-26 13:00:00+00:00,2022-07-26 14:00:00+00:00,2022-07-27 14:00:00+00:00,B,0.888596834982797,WINNER_EVENT,DISCOVERY_2021-11_2024-04,1,0.039038939857305444
FETUSDT,2022-07-26 13:00:00+00:00,2022-07-26 14:00:00+00:00,2022-07-27 14:00:00+00:00,C,0.840713423515459,WINNER_EVENT,DISCOVERY_2021-11_2024-04,1,0.03175264068544004
AVAXUSDT,2022-07-26 15:00:00+00:00,2022-07-26 16:00:00+00:00,2022-07-27 16:00:00+00:00,C,0.844296348740712,WINNER_EVENT,DISCOVERY_2021-11_2024-04,1,0.06621305626280027
SANDUSDT,2022-07-26 15:00:00+00:00,2022-07-26 16:00:00+00:00,2022-07-27 16:00:00+00:00,C,0.8474469073174123,WINNER_EVENT,DISCOVERY_2021-11_2024-04,1,0.05321309973002353
AUCTIONUSDT,2022-07-27 15:00:00+00:00,2022-07-27 16:00:00+00:00,2022-07-28 16:00:00+00:00,B,0.895400537504167,WINNER_EVENT,DISCOVERY_2021-11_2024-04,1,0.46840530199592023
TRBUSDT,2022-07-27 15:00:00+00:00,2022-07-27 16:00:00+00:00,2022-07-28 16:00:00+00:00,A,0.953326209503435,WINNER_EVENT,DISCOVERY_2021-11_2024-04,1,0.07017913657254549
NMRUSDT,2022-07-27 16:00:00+00:00,2022-07-27 17:00:00+00:00,2022-07-28 17:00:00+00:00,B,0.8960036578892102,WINNER_EVENT,DISCOVERY_2021-11_2024-04,1,0.07987892379072115
CRVUSDT,2022-07-30 10:00:00+00:00,2022-07-30 11:00:00+00:00,2022-07-31 11:00:00+00:00,C,0.8605222768255456,WINNER_EVENT,DISCOVERY_2021-11_2024-04,1,0.010681812734216312
MOVRUSDT,2022-08-02 05:00:00+00:00,2022-08-02 06:00:00+00:00,2022-08-03 06:00:00+00:00,A,0.9096110122700923,WINNER_EVENT,DISCOVERY_2021-11_2024-04,1,0.02678699033153409
STXUSDT,2022-08-04 00:00:00+00:00,2022-08-04 01:00:00+00:00,2022-08-05 01:00:00+00:00,C,0.8467741310736562,WINNER_EVENT,DISCOVERY_2021-11_2024-04,1,0.0077712819560040725
UNIUSDT,2022-08-04 00:00:00+00:00,2022-08-04 01:00:00+00:00,2022-08-05 01:00:00+00:00,A,0.9577849991179531,WINNER_EVENT,DISCOVERY_2021-11_2024-04,1,0.0004188937102618251
NMRUSDT,2022-08-04 11:00:00+00:00,2022-08-04 12:00:00+00:00,2022-08-05 12:00:00+00:00,A,0.9066814004332803,WINNER_EVENT,DISCOVERY_2021-11_2024-04,1,0.04080182942158661
QNTUSDT,2022-08-04 11:00:00+00:00,2022-08-04 12:00:00+00:00,2022-08-05 12:00:00+00:00,C,0.8459041199711912,WINNER_EVENT,DISCOVERY_2021-11_2024-04,1,0.0277703036583965
CVXUSDT,2022-08-07 01:00:00+00:00,2022-08-07 02:00:00+00:00,2022-08-08 02:00:00+00:00,A,0.9403457270633073,WINNER_EVENT,DISCOVERY_2021-11_2024-04,1,0.0042501669558780986
PEOPLEUSDT,2022-08-07 01:00:00+00:00,2022-08-07 02:00:00+00:00,2022-08-08 02:00:00+00:00,A,0.9111198130501112,WINNER_EVENT,DISCOVERY_2021-11_2024-04,1,0.008716735516331786
OPUSDT,2022-08-08 00:00:00+00:00,2022-08-08 01:00:00+00:00,2022-08-09 01:00:00+00:00,A,0.9072351056423532,WINNER_EVENT,DISCOVERY_2021-11_2024-04,1,0.010283723508357934
AVAXUSDT,2022-08-09 01:00:00+00:00,2022-08-09 02:00:00+00:00,2022-08-10 02:00:00+00:00,C,0.8493067918850268,WINNER_EVENT,DISCOVERY_2021-11_2024-04,1,-0.017346055726649268
OPUSDT,2022-08-09 23:00:00+00:00,2022-08-10 00:00:00+00:00,2022-08-11 00:00:00+00:00,A,0.923302887321924,WINNER_EVENT,DISCOVERY_2021-11_2024-04,1,-0.0319925419111593
CRVUSDT,2022-08-10 00:00:00+00:00,2022-08-10 01:00:00+00:00,2022-08-11 01:00:00+00:00,C,0.8542966382283833,WINNER_EVENT,DISCOVERY_2021-11_2024-04,1,0.1038264049080071
LINKUSDT,2022-08-11 15:00:00+00:00,2022-08-11 16:00:00+00:00,2022-08-12 16:00:00+00:00,B,0.8860476979572383,WINNER_EVENT,DISCOVERY_2021-11_2024-04,1,0.044363051936271214
AAVEUSDT,2022-08-11 15:00:00+00:00,2022-08-11 16:00:00+00:00,2022-08-12 16:00:00+00:00,C,0.8571235749828006,WINNER_EVENT,DISCOVERY_2021-11_2024-04,1,0.04185568102391346
FILUSDT,2022-08-13 19:00:00+00:00,2022-08-13 20:00:00+00:00,2022-08-14 20:00:00+00:00,C,0.8489063854704069,WINNER_EVENT,DISCOVERY_2021-11_2024-04,1,-0.0256006190872885
APEUSDT,2022-08-13 23:00:00+00:00,2022-08-14 00:00:00+00:00,2022-08-15 00:00:00+00:00,A,0.9174678677938838,WINNER_EVENT,DISCOVERY_2021-11_2024-04,1,-0.045438447433751805
INJUSDT,2022-08-14 00:00:00+00:00,2022-08-14 01:00:00+00:00,2022-08-15 01:00:00+00:00,A,0.9446960973544206,WINNER_EVENT,DISCOVERY_2021-11_2024-04,1,-0.020001978502472095
RUNEUSDT,2022-08-17 22:00:00+00:00,2022-08-17 23:00:00+00:00,2022-08-18 23:00:00+00:00,B,0.881674553135733,WINNER_EVENT,DISCOVERY_2021-11_2024-04,1,0.004642835642860055
TRBUSDT,2022-08-18 07:00:00+00:00,2022-08-18 08:00:00+00:00,2022-08-19 08:00:00+00:00,A,0.940079633676544,WINNER_EVENT,DISCOVERY_2021-11_2024-04,1,0.029148931425858615
INJUSDT,2022-08-18 08:00:00+00:00,2022-08-18 09:00:00+00:00,2022-08-19 09:00:00+00:00,A,0.8994737250303818,WINNER_EVENT,DISCOVERY_2021-11_2024-04,1,-0.13350467730466553
QNTUSDT,2022-08-22 13:00:00+00:00,2022-08-22 14:00:00+00:00,2022-08-23 14:00:00+00:00,A,0.9341973842695677,WINNER_EVENT,DISCOVERY_2021-11_2024-04,1,0.030017888621699518
ALPINEUSDT,2022-08-23 13:00:00+00:00,2022-08-23 14:00:00+00:00,2022-08-24 14:00:00+00:00,A,0.9408342186216011,WINNER_EVENT,DISCOVERY_2021-11_2024-04,1,-0.021313478194727398
CHZUSDT,2022-08-24 13:00:00+00:00,2022-08-24 14:00:00+00:00,2022-08-25 14:00:00+00:00,C,0.8628925471995933,WINNER_EVENT,DISCOVERY_2021-11_2024-04,1,-0.04072906475994231
CRVUSDT,2022-08-25 22:00:00+00:00,2022-08-25 23:00:00+00:00,2022-08-26 23:00:00+00:00,A,0.9144028652127691,WINNER_EVENT,DISCOVERY_2021-11_2024-04,1,-0.0869984371429392
CHZUSDT,2022-08-25 22:00:00+00:00,2022-08-25 23:00:00+00:00,2022-08-26 23:00:00+00:00,A,0.9316397233881893,WINNER_EVENT,DISCOVERY_2021-11_2024-04,1,-0.07158439359762236
LDOUSDT,2022-08-26 00:00:00+00:00,2022-08-26 01:00:00+00:00,2022-08-27 01:00:00+00:00,A,0.9068894763170103,WINNER_EVENT,DISCOVERY_2021-11_2024-04,1,-0.09386432248273213
AUCTIONUSDT,2022-08-27 16:00:00+00:00,2022-08-27 17:00:00+00:00,2022-08-28 17:00:00+00:00,B,0.9075059674211634,WINNER_EVENT,DISCOVERY_2021-11_2024-04,1,0.046854719493400365
QNTUSDT,2022-08-27 19:00:00+00:00,2022-08-27 20:00:00+00:00,2022-08-28 20:00:00+00:00,A,0.9230681117640928,WINNER_EVENT,DISCOVERY_2021-11_2024-04,1,0.03087301262417541
UNIUSDT,2022-08-28 12:00:00+00:00,2022-08-28 13:00:00+00:00,2022-08-29 13:00:00+00:00,C,0.8458047610873786,WINNER_EVENT,DISCOVERY_2021-11_2024-04,1,0.025780515826664407
TRBUSDT,2022-08-29 21:00:00+00:00,2022-08-29 22:00:00+00:00,2022-08-30 22:00:00+00:00,A,0.9124765513454469,WINNER_EVENT,DISCOVERY_2021-11_2024-04,1,-0.3571039982093074
GTCUSDT,2022-09-02 11:00:00+00:00,2022-09-02 12:00:00+00:00,2022-09-03 12:00:00+00:00,A,0.9060774518265672,WINNER_EVENT,DISCOVERY_2021-11_2024-04,1,0.03310135776464529
TRBUSDT,2022-09-04 06:00:00+00:00,2022-09-04 07:00:00+00:00,2022-09-05 07:00:00+00:00,B,0.9148461606325888,WINNER_EVENT,DISCOVERY_2021-11_2024-04,1,0.016790692005455243
COTIUSDT,2022-09-04 07:00:00+00:00,2022-09-04 08:00:00+00:00,2022-09-05 08:00:00+00:00,C,0.8552188293735111,WINNER_EVENT,DISCOVERY_2021-11_2024-04,1,0.004460724951441231
ALPINEUSDT,2022-09-04 10:00:00+00:00,2022-09-04 11:00:00+00:00,2022-09-05 11:00:00+00:00,B,0.8838365926742316,WINNER_EVENT,DISCOVERY_2021-11_2024-04,1,0.06879838509872394
CHZUSDT,2022-09-05 17:00:00+00:00,2022-09-05 18:00:00+00:00,2022-09-06 18:00:00+00:00,A,0.9349932443334059,WINNER_EVENT,DISCOVERY_2021-11_2024-04,1,-0.06653976405044537
TRBUSDT,2022-09-05 17:00:00+00:00,2022-09-05 18:00:00+00:00,2022-09-06 18:00:00+00:00,C,0.8455851526718335,WINNER_EVENT,DISCOVERY_2021-11_2024-04,1,-0.12320954277575502
ALPINEUSDT,2022-09-08 17:00:00+00:00,2022-09-08 18:00:00+00:00,2022-09-09 18:00:00+00:00,A,0.944364369680377,WINNER_EVENT,DISCOVERY_2021-11_2024-04,1,0.008923676479139164
TRBUSDT,2022-09-08 23:00:00+00:00,2022-09-09 00:00:00+00:00,2022-09-10 00:00:00+00:00,A,0.9164835987413653,WINNER_EVENT,DISCOVERY_2021-11_2024-04,1,0.08160261341810116
QNTUSDT,2022-09-10 13:00:00+00:00,2022-09-10 14:00:00+00:00,2022-09-11 14:00:00+00:00,A,0.9132568510310398,WINNER_EVENT,DISCOVERY_2021-11_2024-04,1,0.027605622812474806
LDOUSDT,2022-09-10 16:00:00+00:00,2022-09-10 17:00:00+00:00,2022-09-11 17:00:00+00:00,A,0.9450546065414935,WINNER_EVENT,DISCOVERY_2021-11_2024-04,1,0.04640107740781896
LTCUSDT,2022-09-12 03:00:00+00:00,2022-09-12 04:00:00+00:00,2022-09-13 04:00:00+00:00,C,0.8397420936871597,WINNER_EVENT,DISCOVERY_2021-11_2024-04,1,0.018192893408580657
ZENUSDT,2022-09-13 01:00:00+00:00,2022-09-13 02:00:00+00:00,2022-09-14 02:00:00+00:00,B,0.8868092295044394,WINNER_EVENT,DISCOVERY_2021-11_2024-04,1,-0.06429189199849006
GLMRUSDT,2022-09-13 04:00:00+00:00,2022-09-13 05:00:00+00:00,2022-09-14 05:00:00+00:00,A,0.9192269139899885,WINNER_EVENT,DISCOVERY_2021-11_2024-04,1,-0.07086585126523992
GLMRUSDT,2022-09-14 07:00:00+00:00,2022-09-14 08:00:00+00:00,2022-09-15 08:00:00+00:00,A,0.9184099784794304,WINNER_EVENT,DISCOVERY_2021-11_2024-04,1,0.013421034629105488
LDOUSDT,2022-09-14 16:00:00+00:00,2022-09-14 17:00:00+00:00,2022-09-15 17:00:00+00:00,A,0.9061443512031317,WINNER_EVENT,DISCOVERY_2021-11_2024-04,1,0.07494230853687656
APEUSDT,2022-09-16 08:00:00+00:00,2022-09-16 09:00:00+00:00,2022-09-17 09:00:00+00:00,C,0.8656117480644634,WINNER_EVENT,DISCOVERY_2021-11_2024-04,1,0.00990864798712665
OPUSDT,2022-09-16 08:00:00+00:00,2022-09-16 09:00:00+00:00,2022-09-17 09:00:00+00:00,B,0.8810974532897062,WINNER_EVENT,DISCOVERY_2021-11_2024-04,1,0.03327611350139281
API3USDT,2022-09-16 08:00:00+00:00,2022-09-16 09:00:00+00:00,2022-09-17 09:00:00+00:00,B,0.9031179353807028,WINNER_EVENT,DISCOVERY_2021-11_2024-04,1,0.025172164449766
ZECUSDT,2022-09-16 16:00:00+00:00,2022-09-16 17:00:00+00:00,2022-09-17 17:00:00+00:00,A,0.9131569346326209,WINNER_EVENT,DISCOVERY_2021-11_2024-04,1,0.034061298985474275
OPUSDT,2022-09-19 08:00:00+00:00,2022-09-19 09:00:00+00:00,2022-09-20 09:00:00+00:00,B,0.8816833350759149,WINNER_EVENT,DISCOVERY_2021-11_2024-04,1,0.019308845868720503
APEUSDT,2022-09-22 04:00:00+00:00,2022-09-22 05:00:00+00:00,2022-09-23 05:00:00+00:00,A,0.9330870529683356,WINNER_EVENT,DISCOVERY_2021-11_2024-04,1,0.054934959641331105
ALGOUSDT,2022-09-24 14:00:00+00:00,2022-09-24 15:00:00+00:00,2022-09-25 15:00:00+00:00,B,0.887048372666324,WINNER_EVENT,DISCOVERY_2021-11_2024-04,1,0.03554641347905796
CHZUSDT,2022-09-26 06:00:00+00:00,2022-09-26 07:00:00+00:00,2022-09-27 07:00:00+00:00,C,0.8559706362684045,WINNER_EVENT,DISCOVERY_2021-11_2024-04,1,0.053500061315354897
APEUSDT,2022-09-26 11:00:00+00:00,2022-09-26 12:00:00+00:00,2022-09-27 12:00:00+00:00,A,0.9045318041955897,WINNER_EVENT,DISCOVERY_2021-11_2024-04,1,0.04529718797543314
XLMUSDT,2022-09-26 11:00:00+00:00,2022-09-26 12:00:00+00:00,2022-09-27 12:00:00+00:00,A,0.9049608381833398,WINNER_EVENT,DISCOVERY_2021-11_2024-04,1,0.012043604259475149
QIUSDT,2022-09-28 03:00:00+00:00,2022-09-28 04:00:00+00:00,2022-09-29 04:00:00+00:00,C,0.8429524669626337,WINNER_EVENT,DISCOVERY_2021-11_2024-04,1,0.017821072118648695
ATOMUSDT,2022-09-28 06:00:00+00:00,2022-09-28 07:00:00+00:00,2022-09-29 07:00:00+00:00,B,0.8892721922000815,WINNER_EVENT,DISCOVERY_2021-11_2024-04,1,0.013121808254768608
ARUSDT,2022-09-28 06:00:00+00:00,2022-09-28 07:00:00+00:00,2022-09-29 07:00:00+00:00,B,0.8797447191453949,WINNER_EVENT,DISCOVERY_2021-11_2024-04,1,0.015670878468004412
ALPINEUSDT,2022-10-02 14:00:00+00:00,2022-10-02 15:00:00+00:00,2022-10-03 15:00:00+00:00,B,0.886898481103778,WINNER_EVENT,DISCOVERY_2021-11_2024-04,1,-0.002800429454373643
CHZUSDT,2022-10-03 04:00:00+00:00,2022-10-03 05:00:00+00:00,2022-10-04 05:00:00+00:00,C,0.8479686415949603,WINNER_EVENT,DISCOVERY_2021-11_2024-04,1,0.03680885671354317
CHZUSDT,2022-10-04 08:00:00+00:00,2022-10-04 09:00:00+00:00,2022-10-05 09:00:00+00:00,B,0.8965817285888771,WINNER_EVENT,DISCOVERY_2021-11_2024-04,1,0.013280221115902435
LDOUSDT,2022-10-05 11:00:00+00:00,2022-10-05 12:00:00+00:00,2022-10-06 12:00:00+00:00,B,0.8970995746241722,WINNER_EVENT,DISCOVERY_2021-11_2024-04,1,0.026598955351927467
SUNUSDT,2022-10-07 01:00:00+00:00,2022-10-07 02:00:00+00:00,2022-10-08 02:00:00+00:00,B,0.881381680630961,SAME_TIME_CONTROL,DISCOVERY_2021-11_2024-04,0,-0.027879144880544215
XRPUSDT,2022-10-07 01:00:00+00:00,2022-10-07 02:00:00+00:00,2022-10-08 02:00:00+00:00,C,0.8668130502780885,WINNER_EVENT,DISCOVERY_2021-11_2024-04,1,0.06241555919388775
QNTUSDT,2022-10-10 06:00:00+00:00,2022-10-10 07:00:00+00:00,2022-10-11 07:00:00+00:00,A,0.9113067766842814,WINNER_EVENT,DISCOVERY_2021-11_2024-04,1,0.012935325563964817
XRPUSDT,2022-10-11 09:00:00+00:00,2022-10-11 10:00:00+00:00,2022-10-12 10:00:00+00:00,C,0.8405018063233692,WINNER_EVENT,DISCOVERY_2021-11_2024-04,1,0.012358986454249044
CVXUSDT,2022-10-13 13:00:00+00:00,2022-10-13 14:00:00+00:00,2022-10-14 14:00:00+00:00,C,0.8496469187625879,WINNER_EVENT,DISCOVERY_2021-11_2024-04,1,0.04979046071620852
INJUSDT,2022-10-15 04:00:00+00:00,2022-10-15 05:00:00+00:00,2022-10-16 05:00:00+00:00,A,0.9005118809148699,WINNER_EVENT,DISCOVERY_2021-11_2024-04,1,0.03672349599010993
JSTUSDT,2022-10-16 09:00:00+00:00,2022-10-16 10:00:00+00:00,2022-10-17 10:00:00+00:00,B,0.8994298160126459,WINNER_EVENT,DISCOVERY_2021-11_2024-04,1,0.028149016115604386
QIUSDT,2022-10-17 08:00:00+00:00,2022-10-17 09:00:00+00:00,2022-10-18 09:00:00+00:00,A,0.9214909202679618,WINNER_EVENT,DISCOVERY_2021-11_2024-04,1,0.029359207926775488
QNTUSDT,2022-10-20 19:00:00+00:00,2022-10-20 20:00:00+00:00,2022-10-21 20:00:00+00:00,A,0.9276737297905963,WINNER_EVENT,DISCOVERY_2021-11_2024-04,1,0.20338878979258612
PHAUSDT,2022-10-22 20:00:00+00:00,2022-10-22 21:00:00+00:00,2022-10-23 21:00:00+00:00,A,0.9107738352117233,WINNER_EVENT,DISCOVERY_2021-11_2024-04,1,0.015725330237309043
JSTUSDT,2022-10-23 07:00:00+00:00,2022-10-23 08:00:00+00:00,2022-10-24 08:00:00+00:00,C,0.8616670845454948,WINNER_EVENT,DISCOVERY_2021-11_2024-04,1,0.011613924450036839
CRVUSDT,2022-10-23 07:00:00+00:00,2022-10-23 08:00:00+00:00,2022-10-24 08:00:00+00:00,B,0.9135420733121743,WINNER_EVENT,DISCOVERY_2021-11_2024-04,1,0.038594485266862044
CHZUSDT,2022-10-23 09:00:00+00:00,2022-10-23 10:00:00+00:00,2022-10-24 10:00:00+00:00,C,0.8608164178858125,WINNER_EVENT,DISCOVERY_2021-11_2024-04,1,0.007528431089151022
LDOUSDT,2022-10-23 12:00:00+00:00,2022-10-23 13:00:00+00:00,2022-10-24 13:00:00+00:00,A,0.9424506423462939,WINNER_EVENT,DISCOVERY_2021-11_2024-04,1,0.07486317333708792
AXSUSDT,2022-10-24 21:00:00+00:00,2022-10-24 22:00:00+00:00,2022-10-25 22:00:00+00:00,C,0.8890664575927019,WINNER_EVENT,DISCOVERY_2021-11_2024-04,1,0.08720393638007251
PHAUSDT,2022-10-25 01:00:00+00:00,2022-10-25 02:00:00+00:00,2022-10-26 02:00:00+00:00,A,0.9304013541160951,SAME_TIME_CONTROL,DISCOVERY_2021-11_2024-04,0,-0.032489563198059845
PHAUSDT,2022-10-25 03:00:00+00:00,2022-10-25 04:00:00+00:00,2022-10-26 04:00:00+00:00,A,0.9146171253746453,WINNER_EVENT,DISCOVERY_2021-11_2024-04,1,-0.02211759464832419
PHAUSDT,2022-10-26 20:00:00+00:00,2022-10-26 21:00:00+00:00,2022-10-27 21:00:00+00:00,A,0.9019708571197675,WINNER_EVENT,DISCOVERY_2021-11_2024-04,1,0.026993846754511663
OPUSDT,2022-10-29 04:00:00+00:00,2022-10-29 05:00:00+00:00,2022-10-30 05:00:00+00:00,B,0.8805963808379906,WINNER_EVENT,DISCOVERY_2021-11_2024-04,1,-0.03838164525345322
PHAUSDT,2022-10-29 15:00:00+00:00,2022-10-29 16:00:00+00:00,2022-10-30 16:00:00+00:00,A,0.9519490653385279,WINNER_EVENT,DISCOVERY_2021-11_2024-04,1,-0.06922164921969354
QNTUSDT,2022-10-29 17:00:00+00:00,2022-10-29 18:00:00+00:00,2022-10-30 18:00:00+00:00,B,0.8927484431944268,WINNER_EVENT,DISCOVERY_2021-11_2024-04,1,0.06484063079080205
CHZUSDT,2022-10-29 19:00:00+00:00,2022-10-29 20:00:00+00:00,2022-10-30 20:00:00+00:00,C,0.8399157550103467,WINNER_EVENT,DISCOVERY_2021-11_2024-04,1,0.12315608388796306
JSTUSDT,2022-10-30 00:00:00+00:00,2022-10-30 01:00:00+00:00,2022-10-31 01:00:00+00:00,C,0.8665317838837681,WINNER_EVENT,DISCOVERY_2021-11_2024-04,1,-0.029524085603321093
PHAUSDT,2022-10-30 06:00:00+00:00,2022-10-30 07:00:00+00:00,2022-10-31 07:00:00+00:00,A,0.9083132828745959,WINNER_EVENT,DISCOVERY_2021-11_2024-04,1,0.02114054397689169
UNIUSDT,2022-10-31 00:00:00+00:00,2022-10-31 01:00:00+00:00,2022-11-01 01:00:00+00:00,C,0.8780100583716698,WINNER_EVENT,DISCOVERY_2021-11_2024-04,1,0.017500916086865548
LDOUSDT,2022-10-31 00:00:00+00:00,2022-10-31 01:00:00+00:00,2022-11-01 01:00:00+00:00,A,0.9240988542986356,WINNER_EVENT,DISCOVERY_2021-11_2024-04,1,-0.0016819288349529948
ETCUSDT,2022-10-31 01:00:00+00:00,2022-10-31 02:00:00+00:00,2022-11-01 02:00:00+00:00,B,0.9066060907489851,WINNER_EVENT,DISCOVERY_2021-11_2024-04,1,0.013178860519125868
AUDIOUSDT,2022-10-31 01:00:00+00:00,2022-10-31 02:00:00+00:00,2022-11-01 02:00:00+00:00,B,0.9031973565565181,WINNER_EVENT,DISCOVERY_2021-11_2024-04,1,0.03261179813974868
INJUSDT,2022-11-01 04:00:00+00:00,2022-11-01 05:00:00+00:00,2022-11-02 05:00:00+00:00,A,0.9447004476725528,WINNER_EVENT,DISCOVERY_2021-11_2024-04,1,0.06999868617350113
ALGOUSDT,2022-11-01 04:00:00+00:00,2022-11-01 05:00:00+00:00,2022-11-02 05:00:00+00:00,A,0.9316846129911579,WINNER_EVENT,DISCOVERY_2021-11_2024-04,1,0.013391246832052506
LDOUSDT,2022-11-01 13:00:00+00:00,2022-11-01 14:00:00+00:00,2022-11-02 14:00:00+00:00,C,0.8461633230446233,WINNER_EVENT,DISCOVERY_2021-11_2024-04,1,-0.01512123558600309
QNTUSDT,2022-11-02 06:00:00+00:00,2022-11-02 07:00:00+00:00,2022-11-03 07:00:00+00:00,A,0.9274332939712441,WINNER_EVENT,DISCOVERY_2021-11_2024-04,1,0.006457761140786555
UNIUSDT,2022-11-03 23:00:00+00:00,2022-11-04 00:00:00+00:00,2022-11-05 00:00:00+00:00,A,0.9012203697393801,WINNER_EVENT,DISCOVERY_2021-11_2024-04,1,0.0877722450007119
ICPUSDT,2022-11-05 14:00:00+00:00,2022-11-05 15:00:00+00:00,2022-11-06 15:00:00+00:00,C,0.8564535892417663,WINNER_EVENT,DISCOVERY_2021-11_2024-04,1,-0.0011860597003596762
FETUSDT,2022-11-05 21:00:00+00:00,2022-11-05 22:00:00+00:00,2022-11-06 22:00:00+00:00,B,0.9054628170996522,WINNER_EVENT,DISCOVERY_2021-11_2024-04,1,0.009299393233547448
PEOPLEUSDT,2022-11-06 11:00:00+00:00,2022-11-06 12:00:00+00:00,2022-11-07 12:00:00+00:00,A,0.9206886897963786,WINNER_EVENT,DISCOVERY_2021-11_2024-04,1,-0.0509600990060356
ALPINEUSDT,2022-11-07 00:00:00+00:00,2022-11-07 01:00:00+00:00,2022-11-08 01:00:00+00:00,A,0.9069214869337212,WINNER_EVENT,DISCOVERY_2021-11_2024-04,1,0.04100566522505167
INJUSDT,2022-11-07 01:00:00+00:00,2022-11-07 02:00:00+00:00,2022-11-08 02:00:00+00:00,A,0.9109889040080543,WINNER_EVENT,DISCOVERY_2021-11_2024-04,1,0.07939501319390652
GLMRUSDT,2022-11-08 14:00:00+00:00,2022-11-08 15:00:00+00:00,2022-11-09 15:00:00+00:00,B,0.8978464324263792,WINNER_EVENT,DISCOVERY_2021-11_2024-04,1,-0.13094982802409205
TRBUSDT,2022-11-08 14:00:00+00:00,2022-11-08 15:00:00+00:00,2022-11-09 15:00:00+00:00,B,0.8985840552914797,WINNER_EVENT,DISCOVERY_2021-11_2024-04,1,-0.20468991927139701
LINKUSDT,2022-11-12 21:00:00+00:00,2022-11-12 22:00:00+00:00,2022-11-13 22:00:00+00:00,A,0.918704650130454,WINNER_EVENT,DISCOVERY_2021-11_2024-04,1,-0.042493446889651176
APEUSDT,2022-11-12 21:00:00+00:00,2022-11-12 22:00:00+00:00,2022-11-13 22:00:00+00:00,A,0.903806517730677,WINNER_EVENT,DISCOVERY_2021-11_2024-04,1,-0.004377833833296485
ARUSDT,2022-11-13 00:00:00+00:00,2022-11-13 01:00:00+00:00,2022-11-14 01:00:00+00:00,A,0.9573359927400498,WINNER_EVENT,DISCOVERY_2021-11_2024-04,1,-0.0075428461554665205
SOLUSDT,2022-11-13 01:00:00+00:00,2022-11-13 02:00:00+00:00,2022-11-14 02:00:00+00:00,B,0.9214614368569473,WINNER_EVENT,DISCOVERY_2021-11_2024-04,1,-0.12095096659574966
APTUSDT,2022-11-13 01:00:00+00:00,2022-11-13 02:00:00+00:00,2022-11-14 02:00:00+00:00,A,0.9387646149441619,WINNER_EVENT,DISCOVERY_2021-11_2024-04,1,-0.1245015462860668
RAYUSDT,2022-11-13 15:00:00+00:00,2022-11-13 16:00:00+00:00,2022-11-14 16:00:00+00:00,A,0.9134850572553469,WINNER_EVENT,DISCOVERY_2021-11_2024-04,1,0.0651675367658735
TRBUSDT,2022-11-15 21:00:00+00:00,2022-11-15 22:00:00+00:00,2022-11-16 22:00:00+00:00,A,0.907635356337901,WINNER_EVENT,DISCOVERY_2021-11_2024-04,1,-0.037139494790805916
BNBUSDT,2022-11-17 09:00:00+00:00,2022-11-17 10:00:00+00:00,2022-11-18 10:00:00+00:00,C,0.8508141811754357,WINNER_EVENT,DISCOVERY_2021-11_2024-04,1,0.024479514807397518
CAKEUSDT,2022-11-17 09:00:00+00:00,2022-11-17 10:00:00+00:00,2022-11-18 10:00:00+00:00,C,0.853770666782632,WINNER_EVENT,DISCOVERY_2021-11_2024-04,1,0.015373869959394604
UNIUSDT,2022-11-17 10:00:00+00:00,2022-11-17 11:00:00+00:00,2022-11-18 11:00:00+00:00,A,0.9123079768349648,WINNER_EVENT,DISCOVERY_2021-11_2024-04,1,0.03688467454584421
RAYUSDT,2022-11-17 18:00:00+00:00,2022-11-17 19:00:00+00:00,2022-11-18 19:00:00+00:00,A,0.9475673535163133,WINNER_EVENT,DISCOVERY_2021-11_2024-04,1,-0.024996142642109476
GALAUSDT,2022-11-19 05:00:00+00:00,2022-11-19 06:00:00+00:00,2022-11-20 06:00:00+00:00,C,0.844328179358448,WINNER_EVENT,DISCOVERY_2021-11_2024-04,1,0.0281956968261865
AVAXUSDT,2022-11-19 05:00:00+00:00,2022-11-19 06:00:00+00:00,2022-11-20 06:00:00+00:00,B,0.8898064823432948,WINNER_EVENT,DISCOVERY_2021-11_2024-04,1,0.02860527113456146
INJUSDT,2022-11-19 06:00:00+00:00,2022-11-19 07:00:00+00:00,2022-11-20 07:00:00+00:00,B,0.9178879213438896,WINNER_EVENT,DISCOVERY_2021-11_2024-04,1,0.019515588517184268
ALPINEUSDT,2022-11-19 14:00:00+00:00,2022-11-19 15:00:00+00:00,2022-11-20 15:00:00+00:00,C,0.8455267960972468,SAME_TIME_CONTROL,DISCOVERY_2021-11_2024-04,0,-0.028863522821883092
PHAUSDT,2022-11-21 09:00:00+00:00,2022-11-21 10:00:00+00:00,2022-11-22 10:00:00+00:00,A,0.9529600565887211,WINNER_EVENT,DISCOVERY_2021-11_2024-04,1,-0.04533677111323253
SOLUSDT,2022-11-22 11:00:00+00:00,2022-11-22 12:00:00+00:00,2022-11-23 12:00:00+00:00,B,0.8832544843599465,WINNER_EVENT,DISCOVERY_2021-11_2024-04,1,0.2058059800580201
ARUSDT,2022-11-25 00:00:00+00:00,2022-11-25 01:00:00+00:00,2022-11-26 01:00:00+00:00,C,0.8436525126614368,WINNER_EVENT,DISCOVERY_2021-11_2024-04,1,0.044958849648786714
COTIUSDT,2022-11-25 02:00:00+00:00,2022-11-25 03:00:00+00:00,2022-11-26 03:00:00+00:00,C,0.8426285853835078,WINNER_EVENT,DISCOVERY_2021-11_2024-04,1,0.0301459184040056
APEUSDT,2022-11-25 02:00:00+00:00,2022-11-25 03:00:00+00:00,2022-11-26 03:00:00+00:00,C,0.8461277350881014,WINNER_EVENT,DISCOVERY_2021-11_2024-04,1,0.02368227526245925
AVAXUSDT,2022-11-25 02:00:00+00:00,2022-11-25 03:00:00+00:00,2022-11-26 03:00:00+00:00,B,0.8796073314027044,WINNER_EVENT,DISCOVERY_2021-11_2024-04,1,0.03261179813974868
FETUSDT,2022-11-25 06:00:00+00:00,2022-11-25 07:00:00+00:00,2022-11-26 07:00:00+00:00,A,0.9076933959708785,WINNER_EVENT,DISCOVERY_2021-11_2024-04,1,0.042019747863314416
INJUSDT,2022-11-25 13:00:00+00:00,2022-11-25 14:00:00+00:00,2022-11-26 14:00:00+00:00,A,0.9239706302089351,WINNER_EVENT,DISCOVERY_2021-11_2024-04,1,0.03675847144524225
QIUSDT,2022-11-25 21:00:00+00:00,2022-11-25 22:00:00+00:00,2022-11-26 22:00:00+00:00,B,0.8980818520790762,WINNER_EVENT,DISCOVERY_2021-11_2024-04,1,-0.022957775439710115
GLMRUSDT,2022-11-28 11:00:00+00:00,2022-11-28 12:00:00+00:00,2022-11-29 12:00:00+00:00,B,0.8900132112331176,WINNER_EVENT,DISCOVERY_2021-11_2024-04,1,0.032265484844235415
QNTUSDT,2022-11-28 14:00:00+00:00,2022-11-28 15:00:00+00:00,2022-11-29 15:00:00+00:00,A,0.9419355432286031,WINNER_EVENT,DISCOVERY_2021-11_2024-04,1,0.007792640776419502
AXSUSDT,2022-12-01 19:00:00+00:00,2022-12-01 20:00:00+00:00,2022-12-02 20:00:00+00:00,B,0.8817117088662584,WINNER_EVENT,DISCOVERY_2021-11_2024-04,1,0.020428976277043542
APEUSDT,2022-12-02 02:00:00+00:00,2022-12-02 03:00:00+00:00,2022-12-03 03:00:00+00:00,A,0.9100876945871391,WINNER_EVENT,DISCOVERY_2021-11_2024-04,1,0.023781929686474523
APTUSDT,2022-12-02 02:00:00+00:00,2022-12-02 03:00:00+00:00,2022-12-03 03:00:00+00:00,A,0.8994913118340794,WINNER_EVENT,DISCOVERY_2021-11_2024-04,1,0.09523185966126269
CHZUSDT,2022-12-02 02:00:00+00:00,2022-12-02 03:00:00+00:00,2022-12-03 03:00:00+00:00,B,0.8854024737602563,WINNER_EVENT,DISCOVERY_2021-11_2024-04,1,0.057735733014844914
LDOUSDT,2022-12-02 03:00:00+00:00,2022-12-02 04:00:00+00:00,2022-12-03 04:00:00+00:00,B,0.8786577259285656,WINNER_EVENT,DISCOVERY_2021-11_2024-04,1,0.02355466036435483
ICPUSDT,2022-12-03 17:00:00+00:00,2022-12-03 18:00:00+00:00,2022-12-04 18:00:00+00:00,B,0.88922576335435,WINNER_EVENT,DISCOVERY_2021-11_2024-04,1,0.023673829222452092
DASHUSDT,2022-12-04 06:00:00+00:00,2022-12-04 07:00:00+00:00,2022-12-05 07:00:00+00:00,A,0.902791127476596,WINNER_EVENT,DISCOVERY_2021-11_2024-04,1,0.04993491406229755
OPUSDT,2022-12-04 11:00:00+00:00,2022-12-04 12:00:00+00:00,2022-12-05 12:00:00+00:00,A,0.9177654992114935,WINNER_EVENT,DISCOVERY_2021-11_2024-04,1,0.063406361203594
APEUSDT,2022-12-05 18:00:00+00:00,2022-12-05 19:00:00+00:00,2022-12-06 19:00:00+00:00,B,0.8996364160975413,WINNER_EVENT,DISCOVERY_2021-11_2024-04,1,0.04259921250358967
AXSUSDT,2022-12-08 03:00:00+00:00,2022-12-08 04:00:00+00:00,2022-12-09 04:00:00+00:00,A,0.9155308818018543,WINNER_EVENT,DISCOVERY_2021-11_2024-04,1,-0.004215828983371583
AXSUSDT,2022-12-09 13:00:00+00:00,2022-12-09 14:00:00+00:00,2022-12-10 14:00:00+00:00,C,0.8417470546711677,WINNER_EVENT,DISCOVERY_2021-11_2024-04,1,0.053226552730560206
FETUSDT,2022-12-10 22:00:00+00:00,2022-12-10 23:00:00+00:00,2022-12-11 23:00:00+00:00,A,0.9005565397488844,WINNER_EVENT,DISCOVERY_2021-11_2024-04,1,0.07386137229566714
NMRUSDT,2022-12-10 23:00:00+00:00,2022-12-11 00:00:00+00:00,2022-12-12 00:00:00+00:00,B,0.8934181827288269,WINNER_EVENT,DISCOVERY_2021-11_2024-04,1,0.021700289034774833
STXUSDT,2022-12-14 06:00:00+00:00,2022-12-14 07:00:00+00:00,2022-12-15 07:00:00+00:00,A,0.9121130807851818,WINNER_EVENT,DISCOVERY_2021-11_2024-04,1,-0.05936325053091707
FETUSDT,2022-12-16 18:00:00+00:00,2022-12-16 19:00:00+00:00,2022-12-17 19:00:00+00:00,A,0.9017897787202157,WINNER_EVENT,DISCOVERY_2021-11_2024-04,1,-0.06403659676003082
DASHUSDT,2022-12-17 06:00:00+00:00,2022-12-17 07:00:00+00:00,2022-12-18 07:00:00+00:00,A,0.9132700550895214,WINNER_EVENT,DISCOVERY_2021-11_2024-04,1,0.018709616531399575
LDOUSDT,2022-12-17 18:00:00+00:00,2022-12-17 19:00:00+00:00,2022-12-18 19:00:00+00:00,A,0.9050379941430974,WINNER_EVENT,DISCOVERY_2021-11_2024-04,1,0.016573797855161443
ZENUSDT,2022-12-18 17:00:00+00:00,2022-12-18 18:00:00+00:00,2022-12-19 18:00:00+00:00,B,0.8889154902001029,WINNER_EVENT,DISCOVERY_2021-11_2024-04,1,-0.0041534663300430985
FETUSDT,2022-12-23 21:00:00+00:00,2022-12-23 22:00:00+00:00,2022-12-24 22:00:00+00:00,A,0.9124015596661931,WINNER_EVENT,DISCOVERY_2021-11_2024-04,1,0.03237494246313588
RAYUSDT,2023-01-02 09:00:00+00:00,2023-01-02 10:00:00+00:00,2023-01-03 10:00:00+00:00,B,0.9123768864486342,WINNER_EVENT,DISCOVERY_2021-11_2024-04,1,0.06547431990351749
SOLUSDT,2023-01-04 20:00:00+00:00,2023-01-04 21:00:00+00:00,2023-01-05 21:00:00+00:00,B,0.893268460695982,WINNER_EVENT,DISCOVERY_2021-11_2024-04,1,0.05456826466067821
RAYUSDT,2023-01-05 10:00:00+00:00,2023-01-05 11:00:00+00:00,2023-01-06 11:00:00+00:00,A,0.9442420286003693,WINNER_EVENT,DISCOVERY_2021-11_2024-04,1,0.02194645980359633
SOLUSDT,2023-01-07 22:00:00+00:00,2023-01-07 23:00:00+00:00,2023-01-08 23:00:00+00:00,A,0.913015702953131,WINNER_EVENT,DISCOVERY_2021-11_2024-04,1,0.04823095269168287
AXSUSDT,2023-01-11 13:00:00+00:00,2023-01-11 14:00:00+00:00,2023-01-12 14:00:00+00:00,C,0.8417875296165254,WINNER_EVENT,DISCOVERY_2021-11_2024-04,1,0.08952430244069753
GALAUSDT,2023-01-11 14:00:00+00:00,2023-01-11 15:00:00+00:00,2023-01-12 15:00:00+00:00,B,0.8836685904611262,SAME_TIME_CONTROL,DISCOVERY_2021-11_2024-04,0,0.05796480134337667
COTIUSDT,2023-01-11 16:00:00+00:00,2023-01-11 17:00:00+00:00,2023-01-12 17:00:00+00:00,C,0.8403311105907191,WINNER_EVENT,DISCOVERY_2021-11_2024-04,1,0.059517638317466925
ETCUSDT,2023-01-12 14:00:00+00:00,2023-01-12 15:00:00+00:00,2023-01-13 15:00:00+00:00,B,0.882844561896646,WINNER_EVENT,DISCOVERY_2021-11_2024-04,1,0.039398382726718584
ADAUSDT,2023-01-15 02:00:00+00:00,2023-01-15 03:00:00+00:00,2023-01-16 03:00:00+00:00,C,0.8426604071034876,WINNER_EVENT,DISCOVERY_2021-11_2024-04,1,0.038836851178931875
ATOMUSDT,2023-01-16 15:00:00+00:00,2023-01-16 16:00:00+00:00,2023-01-17 16:00:00+00:00,A,0.9189231128290026,WINNER_EVENT,DISCOVERY_2021-11_2024-04,1,0.009892223641440268
DASHUSDT,2023-01-16 15:00:00+00:00,2023-01-16 16:00:00+00:00,2023-01-17 16:00:00+00:00,A,0.9124993503334701,WINNER_EVENT,DISCOVERY_2021-11_2024-04,1,0.004522156525734955
APEUSDT,2023-01-16 15:00:00+00:00,2023-01-16 16:00:00+00:00,2023-01-17 16:00:00+00:00,A,0.8994700589262071,WINNER_EVENT,DISCOVERY_2021-11_2024-04,1,0.013055718535055494
NEARUSDT,2023-01-16 15:00:00+00:00,2023-01-16 16:00:00+00:00,2023-01-17 16:00:00+00:00,A,0.9325632100922236,WINNER_EVENT,DISCOVERY_2021-11_2024-04,1,0.035763920078671685
ZECUSDT,2023-01-16 16:00:00+00:00,2023-01-16 17:00:00+00:00,2023-01-17 17:00:00+00:00,C,0.8525960006644726,WINNER_EVENT,DISCOVERY_2021-11_2024-04,1,0.020518751707403027
GTCUSDT,2023-01-17 03:00:00+00:00,2023-01-17 04:00:00+00:00,2023-01-18 04:00:00+00:00,A,0.9054652827200634,WINNER_EVENT,DISCOVERY_2021-11_2024-04,1,-0.008653160006550031
APTUSDT,2023-01-17 23:00:00+00:00,2023-01-18 00:00:00+00:00,2023-01-19 00:00:00+00:00,B,0.8785189904778606,WINNER_EVENT,DISCOVERY_2021-11_2024-04,1,-0.0016984311812664465
RAYUSDT,2023-01-18 07:00:00+00:00,2023-01-18 08:00:00+00:00,2023-01-19 08:00:00+00:00,A,0.9325531674905091,WINNER_EVENT,DISCOVERY_2021-11_2024-04,1,-0.08227846207402789
NMRUSDT,2023-01-18 11:00:00+00:00,2023-01-18 12:00:00+00:00,2023-01-19 12:00:00+00:00,A,0.9438731424771749,WINNER_EVENT,DISCOVERY_2021-11_2024-04,1,-0.017997453754809767
ONEUSDT,2023-01-19 11:00:00+00:00,2023-01-19 12:00:00+00:00,2023-01-20 12:00:00+00:00,B,0.8975597060713612,WINNER_EVENT,DISCOVERY_2021-11_2024-04,1,0.003403753386913566
PHAUSDT,2023-01-19 13:00:00+00:00,2023-01-19 14:00:00+00:00,2023-01-20 14:00:00+00:00,A,0.9066725944184102,WINNER_EVENT,DISCOVERY_2021-11_2024-04,1,0.022345355623117014
SHIBUSDT,2023-01-21 23:00:00+00:00,2023-01-22 00:00:00+00:00,2023-01-23 00:00:00+00:00,B,0.8834623882193648,WINNER_EVENT,DISCOVERY_2021-11_2024-04,1,0.008773519145651942
ARUSDT,2023-01-21 23:00:00+00:00,2023-01-22 00:00:00+00:00,2023-01-23 00:00:00+00:00,B,0.8843459817856841,WINNER_EVENT,DISCOVERY_2021-11_2024-04,1,0.05004816494348607
AVAXUSDT,2023-01-21 23:00:00+00:00,2023-01-22 00:00:00+00:00,2023-01-23 00:00:00+00:00,C,0.848553953187381,WINNER_EVENT,DISCOVERY_2021-11_2024-04,1,0.02478114635817663
AUDIOUSDT,2023-01-21 23:00:00+00:00,2023-01-22 00:00:00+00:00,2023-01-23 00:00:00+00:00,C,0.8640938445441834,WINNER_EVENT,DISCOVERY_2021-11_2024-04,1,0.028228177636734797
ALICEUSDT,2023-01-24 00:00:00+00:00,2023-01-24 01:00:00+00:00,2023-01-25 01:00:00+00:00,A,0.9211483915466715,WINNER_EVENT,DISCOVERY_2021-11_2024-04,1,-0.06747838301464448
CRVUSDT,2023-01-24 16:00:00+00:00,2023-01-24 17:00:00+00:00,2023-01-25 17:00:00+00:00,C,0.8704630245549734,WINNER_EVENT,DISCOVERY_2021-11_2024-04,1,-0.055269334807354076
LDOUSDT,2023-01-25 05:00:00+00:00,2023-01-25 06:00:00+00:00,2023-01-26 06:00:00+00:00,A,0.9425431608934787,WINNER_EVENT,DISCOVERY_2021-11_2024-04,1,0.10481245330941369
ONEUSDT,2023-01-25 18:00:00+00:00,2023-01-25 19:00:00+00:00,2023-01-26 19:00:00+00:00,A,0.9276366898120523,WINNER_EVENT,DISCOVERY_2021-11_2024-04,1,0.064479081569075
AXSUSDT,2023-01-27 10:00:00+00:00,2023-01-27 11:00:00+00:00,2023-01-28 11:00:00+00:00,A,0.9198118316757482,WINNER_EVENT,DISCOVERY_2021-11_2024-04,1,0.0452466477276654
ICPUSDT,2023-01-28 07:00:00+00:00,2023-01-28 08:00:00+00:00,2023-01-29 08:00:00+00:00,C,0.8610517688088144,WINNER_EVENT,DISCOVERY_2021-11_2024-04,1,0.028097516286980984
APEUSDT,2023-01-28 17:00:00+00:00,2023-01-28 18:00:00+00:00,2023-01-29 18:00:00+00:00,A,0.9207340285895849,WINNER_EVENT,DISCOVERY_2021-11_2024-04,1,0.04052585057467528
GLMRUSDT,2023-01-28 19:00:00+00:00,2023-01-28 20:00:00+00:00,2023-01-29 20:00:00+00:00,A,0.9584532798560688,WINNER_EVENT,DISCOVERY_2021-11_2024-04,1,0.032357735218305095
ALICEUSDT,2023-01-31 03:00:00+00:00,2023-01-31 04:00:00+00:00,2023-02-01 04:00:00+00:00,A,0.918005302775615,WINNER_EVENT,DISCOVERY_2021-11_2024-04,1,0.02425746499950865
AXSUSDT,2023-01-31 03:00:00+00:00,2023-01-31 04:00:00+00:00,2023-02-01 04:00:00+00:00,A,0.9011335411453825,WINNER_EVENT,DISCOVERY_2021-11_2024-04,1,0.02230442084434281
GTCUSDT,2023-02-01 16:00:00+00:00,2023-02-01 17:00:00+00:00,2023-02-02 17:00:00+00:00,A,0.9318649515813536,WINNER_EVENT,DISCOVERY_2021-11_2024-04,1,0.12794622948919132
LDOUSDT,2023-02-01 16:00:00+00:00,2023-02-01 17:00:00+00:00,2023-02-02 17:00:00+00:00,A,0.9085135818226616,WINNER_EVENT,DISCOVERY_2021-11_2024-04,1,0.16492104124077644
DASHUSDT,2023-02-02 14:00:00+00:00,2023-02-02 15:00:00+00:00,2023-02-03 15:00:00+00:00,C,0.8613696456887696,WINNER_EVENT,DISCOVERY_2021-11_2024-04,1,0.012485931009588613
INJUSDT,2023-02-02 16:00:00+00:00,2023-02-02 17:00:00+00:00,2023-02-03 17:00:00+00:00,A,0.9004062989007379,WINNER_EVENT,DISCOVERY_2021-11_2024-04,1,0.044585674781197904
PHAUSDT,2023-02-03 08:00:00+00:00,2023-02-03 09:00:00+00:00,2023-02-04 09:00:00+00:00,A,0.938462741829966,WINNER_EVENT,DISCOVERY_2021-11_2024-04,1,0.04113105674287887
APTUSDT,2023-02-06 05:00:00+00:00,2023-02-06 06:00:00+00:00,2023-02-07 06:00:00+00:00,B,0.8905094561542739,WINNER_EVENT,DISCOVERY_2021-11_2024-04,1,0.04274726772662052
GLMRUSDT,2023-02-06 11:00:00+00:00,2023-02-06 12:00:00+00:00,2023-02-07 12:00:00+00:00,A,0.9514925113715051,WINNER_EVENT,DISCOVERY_2021-11_2024-04,1,0.027583405781884007
SHIBUSDT,2023-02-07 08:00:00+00:00,2023-02-07 09:00:00+00:00,2023-02-08 09:00:00+00:00,A,0.9219457447328416,WINNER_EVENT,DISCOVERY_2021-11_2024-04,1,0.02081140381997204
APTUSDT,2023-02-09 04:00:00+00:00,2023-02-09 05:00:00+00:00,2023-02-10 05:00:00+00:00,C,0.8471774672970397,WINNER_EVENT,DISCOVERY_2021-11_2024-04,1,-0.0892018938993171
ALICEUSDT,2023-02-10 05:00:00+00:00,2023-02-10 06:00:00+00:00,2023-02-11 06:00:00+00:00,A,0.9137386579142944,WINNER_EVENT,DISCOVERY_2021-11_2024-04,1,0.016753083187153406
COTIUSDT,2023-02-10 05:00:00+00:00,2023-02-10 06:00:00+00:00,2023-02-11 06:00:00+00:00,A,0.9307680523962136,WINNER_EVENT,DISCOVERY_2021-11_2024-04,1,0.037504079966719894
AUDIOUSDT,2023-02-10 09:00:00+00:00,2023-02-10 10:00:00+00:00,2023-02-11 10:00:00+00:00,A,0.941750571894185,WINNER_EVENT,DISCOVERY_2021-11_2024-04,1,0.08886511540029907
SOLUSDT,2023-02-10 22:00:00+00:00,2023-02-10 23:00:00+00:00,2023-02-11 23:00:00+00:00,B,0.9060317621413442,WINNER_EVENT,DISCOVERY_2021-11_2024-04,1,0.035887670051088616
NMRUSDT,2023-02-12 03:00:00+00:00,2023-02-12 04:00:00+00:00,2023-02-13 04:00:00+00:00,B,0.8880129750211833,WINNER_EVENT,DISCOVERY_2021-11_2024-04,1,-0.008734411284313626
NMRUSDT,2023-02-13 17:00:00+00:00,2023-02-13 18:00:00+00:00,2023-02-14 18:00:00+00:00,B,0.9004674996878723,WINNER_EVENT,DISCOVERY_2021-11_2024-04,1,0.15985046020399563
SHIBUSDT,2023-02-14 14:00:00+00:00,2023-02-14 15:00:00+00:00,2023-02-15 15:00:00+00:00,B,0.8782571414137692,WINNER_EVENT,DISCOVERY_2021-11_2024-04,1,0.040386810587548894
INJUSDT,2023-02-16 08:00:00+00:00,2023-02-16 09:00:00+00:00,2023-02-17 09:00:00+00:00,B,0.8825101897208429,WINNER_EVENT,DISCOVERY_2021-11_2024-04,1,-0.009073189681003901
ICPUSDT,2023-02-18 13:00:00+00:00,2023-02-18 14:00:00+00:00,2023-02-19 14:00:00+00:00,B,0.8834274148847008,WINNER_EVENT,DISCOVERY_2021-11_2024-04,1,0.12537057135949858
ZENUSDT,2023-02-18 16:00:00+00:00,2023-02-18 17:00:00+00:00,2023-02-19 17:00:00+00:00,A,0.9383634835735675,WINNER_EVENT,DISCOVERY_2021-11_2024-04,1,-0.015016659664945697
ARUSDT,2023-02-18 18:00:00+00:00,2023-02-18 19:00:00+00:00,2023-02-19 19:00:00+00:00,A,0.9187653948561447,WINNER_EVENT,DISCOVERY_2021-11_2024-04,1,0.023494952345744613
CVXUSDT,2023-02-18 19:00:00+00:00,2023-02-18 20:00:00+00:00,2023-02-19 20:00:00+00:00,B,0.8830675797822056,SAME_TIME_CONTROL,DISCOVERY_2021-11_2024-04,0,-0.020033116384543748
COTIUSDT,2023-02-18 20:00:00+00:00,2023-02-18 21:00:00+00:00,2023-02-19 21:00:00+00:00,B,0.8941804922166143,WINNER_EVENT,DISCOVERY_2021-11_2024-04,1,-0.031012104418714936
ONEUSDT,2023-02-19 01:00:00+00:00,2023-02-19 02:00:00+00:00,2023-02-20 02:00:00+00:00,B,0.8894532159427465,WINNER_EVENT,DISCOVERY_2021-11_2024-04,1,0.01766174191044656
MOVRUSDT,2023-02-20 01:00:00+00:00,2023-02-20 02:00:00+00:00,2023-02-21 02:00:00+00:00,B,0.880772482922597,WINNER_EVENT,DISCOVERY_2021-11_2024-04,1,0.07312588076116944
CRVUSDT,2023-02-20 01:00:00+00:00,2023-02-20 02:00:00+00:00,2023-02-21 02:00:00+00:00,C,0.8655380706791505,WINNER_EVENT,DISCOVERY_2021-11_2024-04,1,0.0652117279272455
PHAUSDT,2023-02-20 01:00:00+00:00,2023-02-20 02:00:00+00:00,2023-02-21 02:00:00+00:00,C,0.8707334256429831,WINNER_EVENT,DISCOVERY_2021-11_2024-04,1,0.03845662547710016
AAVEUSDT,2023-02-20 01:00:00+00:00,2023-02-20 02:00:00+00:00,2023-02-21 02:00:00+00:00,C,0.8475039603297239,WINNER_EVENT,DISCOVERY_2021-11_2024-04,1,0.034265138387482796
CRVUSDT,2023-02-22 15:00:00+00:00,2023-02-22 16:00:00+00:00,2023-02-23 16:00:00+00:00,B,0.8911194343373782,WINNER_EVENT,DISCOVERY_2021-11_2024-04,1,0.007159170165167206
ONEUSDT,2023-02-22 15:00:00+00:00,2023-02-22 16:00:00+00:00,2023-02-23 16:00:00+00:00,C,0.8446911363825873,WINNER_EVENT,DISCOVERY_2021-11_2024-04,1,0.01994811283576947
ALPINEUSDT,2023-02-25 04:00:00+00:00,2023-02-25 05:00:00+00:00,2023-02-26 05:00:00+00:00,A,0.9144422248243296,WINNER_EVENT,DISCOVERY_2021-11_2024-04,1,0.03511234127920626
LDOUSDT,2023-02-25 04:00:00+00:00,2023-02-25 05:00:00+00:00,2023-02-26 05:00:00+00:00,A,0.9061784916288911,WINNER_EVENT,DISCOVERY_2021-11_2024-04,1,0.08993628986311553
APEUSDT,2023-02-25 18:00:00+00:00,2023-02-25 19:00:00+00:00,2023-02-26 19:00:00+00:00,B,0.9030595282907544,WINNER_EVENT,DISCOVERY_2021-11_2024-04,1,0.06251442302591337
HBARUSDT,2023-02-25 19:00:00+00:00,2023-02-25 20:00:00+00:00,2023-02-26 20:00:00+00:00,B,0.8848206498887005,WINNER_EVENT,DISCOVERY_2021-11_2024-04,1,0.02148755192560725
FETUSDT,2023-02-25 19:00:00+00:00,2023-02-25 20:00:00+00:00,2023-02-26 20:00:00+00:00,C,0.8429154667626716,WINNER_EVENT,DISCOVERY_2021-11_2024-04,1,0.053351642814889244
AVAXUSDT,2023-02-25 20:00:00+00:00,2023-02-25 21:00:00+00:00,2023-02-26 21:00:00+00:00,B,0.8839014228591562,WINNER_EVENT,DISCOVERY_2021-11_2024-04,1,0.04727837579428806
ATOMUSDT,2023-02-25 20:00:00+00:00,2023-02-25 21:00:00+00:00,2023-02-26 21:00:00+00:00,B,0.8823535128241305,WINNER_EVENT,DISCOVERY_2021-11_2024-04,1,0.031945502262912706
UNIUSDT,2023-02-25 20:00:00+00:00,2023-02-25 21:00:00+00:00,2023-02-26 21:00:00+00:00,B,0.896047038314727,WINNER_EVENT,DISCOVERY_2021-11_2024-04,1,0.04371696280143422
CRVUSDT,2023-02-25 20:00:00+00:00,2023-02-25 21:00:00+00:00,2023-02-26 21:00:00+00:00,B,0.8908346948133715,WINNER_EVENT,DISCOVERY_2021-11_2024-04,1,0.060289899729701446
LDOUSDT,2023-02-28 13:00:00+00:00,2023-02-28 14:00:00+00:00,2023-03-01 14:00:00+00:00,A,0.9136492954425826,WINNER_EVENT,DISCOVERY_2021-11_2024-04,1,-0.001684519715444921
HBARUSDT,2023-02-28 20:00:00+00:00,2023-02-28 21:00:00+00:00,2023-03-01 21:00:00+00:00,B,0.879562932276815,WINNER_EVENT,DISCOVERY_2021-11_2024-04,1,0.004208284457610789
ARUSDT,2023-03-02 14:00:00+00:00,2023-03-02 15:00:00+00:00,2023-03-03 15:00:00+00:00,B,0.8794831591746288,WINNER_EVENT,DISCOVERY_2021-11_2024-04,1,-0.02190602253163154
STXUSDT,2023-03-03 11:00:00+00:00,2023-03-03 12:00:00+00:00,2023-03-04 12:00:00+00:00,A,0.9480357130218793,WINNER_EVENT,DISCOVERY_2021-11_2024-04,1,-0.07603568387852455
ALPINEUSDT,2023-03-03 18:00:00+00:00,2023-03-03 19:00:00+00:00,2023-03-04 19:00:00+00:00,C,0.8680068308241823,WINNER_EVENT,DISCOVERY_2021-11_2024-04,1,0.008598410232236953
STXUSDT,2023-03-05 00:00:00+00:00,2023-03-05 01:00:00+00:00,2023-03-06 01:00:00+00:00,C,0.8620879453352912,WINNER_EVENT,DISCOVERY_2021-11_2024-04,1,0.047577186518585446
ALPINEUSDT,2023-03-06 02:00:00+00:00,2023-03-06 03:00:00+00:00,2023-03-07 03:00:00+00:00,C,0.8465323116241142,SAME_TIME_CONTROL,DISCOVERY_2021-11_2024-04,0,-0.00467242411935187
ICPUSDT,2023-03-07 09:00:00+00:00,2023-03-07 10:00:00+00:00,2023-03-08 10:00:00+00:00,C,0.8502418610911091,WINNER_EVENT,DISCOVERY_2021-11_2024-04,1,0.0027212636475666407
OPUSDT,2023-03-07 21:00:00+00:00,2023-03-07 22:00:00+00:00,2023-03-08 22:00:00+00:00,A,0.9117781236046429,WINNER_EVENT,DISCOVERY_2021-11_2024-04,1,-0.04391574102742446
RAYUSDT,2023-03-08 06:00:00+00:00,2023-03-08 07:00:00+00:00,2023-03-09 07:00:00+00:00,A,0.946139445927004,WINNER_EVENT,DISCOVERY_2021-11_2024-04,1,0.10077265615816078
STXUSDT,2023-03-08 19:00:00+00:00,2023-03-08 20:00:00+00:00,2023-03-09 20:00:00+00:00,A,0.915815200913815,WINNER_EVENT,DISCOVERY_2021-11_2024-04,1,-0.044674099988937455
SHIBUSDT,2023-03-10 10:00:00+00:00,2023-03-10 11:00:00+00:00,2023-03-11 11:00:00+00:00,B,0.8956585415698587,WINNER_EVENT,DISCOVERY_2021-11_2024-04,1,0.0265982822151003
JSTUSDT,2023-03-10 10:00:00+00:00,2023-03-10 11:00:00+00:00,2023-03-11 11:00:00+00:00,B,0.8883722798932286,WINNER_EVENT,DISCOVERY_2021-11_2024-04,1,0.015247943881980142
SANDUSDT,2023-03-10 10:00:00+00:00,2023-03-10 11:00:00+00:00,2023-03-11 11:00:00+00:00,B,0.8925997740549888,WINNER_EVENT,DISCOVERY_2021-11_2024-04,1,0.01407581753533571
AXSUSDT,2023-03-10 10:00:00+00:00,2023-03-10 11:00:00+00:00,2023-03-11 11:00:00+00:00,B,0.8997572585928809,WINNER_EVENT,DISCOVERY_2021-11_2024-04,1,0.02135661603556982
RAYUSDT,2023-03-11 14:00:00+00:00,2023-03-11 15:00:00+00:00,2023-03-12 15:00:00+00:00,A,0.9054049274044802,WINNER_EVENT,DISCOVERY_2021-11_2024-04,1,0.0051206410282658155
HBARUSDT,2023-03-11 16:00:00+00:00,2023-03-11 17:00:00+00:00,2023-03-12 17:00:00+00:00,A,0.938086531003124,WINNER_EVENT,DISCOVERY_2021-11_2024-04,1,0.004138695075874166
SYNUSDT,2023-03-12 16:00:00+00:00,2023-03-12 17:00:00+00:00,2023-03-13 17:00:00+00:00,B,0.887715016710778,WINNER_EVENT,DISCOVERY_2021-11_2024-04,1,0.26278208509731393
GTCUSDT,2023-03-14 08:00:00+00:00,2023-03-14 09:00:00+00:00,2023-03-15 09:00:00+00:00,B,0.8786102192543063,WINNER_EVENT,DISCOVERY_2021-11_2024-04,1,0.06635617483077261
MOVRUSDT,2023-03-16 04:00:00+00:00,2023-03-16 05:00:00+00:00,2023-03-17 05:00:00+00:00,C,0.8455330224707106,WINNER_EVENT,DISCOVERY_2021-11_2024-04,1,0.11762022513789527
GALAUSDT,2023-03-19 13:00:00+00:00,2023-03-19 14:00:00+00:00,2023-03-20 14:00:00+00:00,A,0.9356840726024648,WINNER_EVENT,DISCOVERY_2021-11_2024-04,1,-0.02750143719827025
CRVUSDT,2023-03-20 04:00:00+00:00,2023-03-20 05:00:00+00:00,2023-03-21 05:00:00+00:00,A,0.8999068550616404,WINNER_EVENT,DISCOVERY_2021-11_2024-04,1,-0.011167673234180886
SYNUSDT,2023-03-20 06:00:00+00:00,2023-03-20 07:00:00+00:00,2023-03-21 07:00:00+00:00,C,0.8648399318973485,WINNER_EVENT,DISCOVERY_2021-11_2024-04,1,-0.06526001910160106
LTCUSDT,2023-03-20 23:00:00+00:00,2023-03-21 00:00:00+00:00,2023-03-22 00:00:00+00:00,C,0.8580509671420243,WINNER_EVENT,DISCOVERY_2021-11_2024-04,1,0.05372796934192059
ARUSDT,2023-03-21 02:00:00+00:00,2023-03-21 03:00:00+00:00,2023-03-22 03:00:00+00:00,C,0.8397755444782633,WINNER_EVENT,DISCOVERY_2021-11_2024-04,1,0.03983523677376044
RAYUSDT,2023-03-21 08:00:00+00:00,2023-03-21 09:00:00+00:00,2023-03-22 09:00:00+00:00,C,0.8468572110840614,WINNER_EVENT,DISCOVERY_2021-11_2024-04,1,0.01795165989795966
SOLUSDT,2023-03-21 08:00:00+00:00,2023-03-21 09:00:00+00:00,2023-03-22 09:00:00+00:00,A,0.9406609718115527,WINNER_EVENT,DISCOVERY_2021-11_2024-04,1,0.01862849625701002
FETUSDT,2023-03-22 00:00:00+00:00,2023-03-22 01:00:00+00:00,2023-03-23 01:00:00+00:00,C,0.8672868019114172,WINNER_EVENT,DISCOVERY_2021-11_2024-04,1,-0.019543297688457417
SYNUSDT,2023-03-22 00:00:00+00:00,2023-03-22 01:00:00+00:00,2023-03-23 01:00:00+00:00,C,0.8523540993855315,WINNER_EVENT,DISCOVERY_2021-11_2024-04,1,-0.013375452177988523
GTCUSDT,2023-03-24 06:00:00+00:00,2023-03-24 07:00:00+00:00,2023-03-25 07:00:00+00:00,A,0.9022676919667474,WINNER_EVENT,DISCOVERY_2021-11_2024-04,1,-0.04204971102724364
TRBUSDT,2023-03-25 09:00:00+00:00,2023-03-25 10:00:00+00:00,2023-03-26 10:00:00+00:00,A,0.8991768854801461,SAME_TIME_CONTROL,DISCOVERY_2021-11_2024-04,0,0.01501396901059815
BATUSDT,2023-03-25 09:00:00+00:00,2023-03-25 10:00:00+00:00,2023-03-26 10:00:00+00:00,A,0.9247132065342534,WINNER_EVENT,DISCOVERY_2021-11_2024-04,1,0.06400862498589932
IOTAUSDT,2023-03-25 09:00:00+00:00,2023-03-25 10:00:00+00:00,2023-03-26 10:00:00+00:00,A,0.9394225453526647,WINNER_EVENT,DISCOVERY_2021-11_2024-04,1,0.033803381127012866
SYNUSDT,2023-03-25 12:00:00+00:00,2023-03-25 13:00:00+00:00,2023-03-26 13:00:00+00:00,B,0.9097592484007924,WINNER_EVENT,DISCOVERY_2021-11_2024-04,1,0.056933069093374034
STXUSDT,2023-03-28 03:00:00+00:00,2023-03-28 04:00:00+00:00,2023-03-29 04:00:00+00:00,A,0.9095839909170386,WINNER_EVENT,DISCOVERY_2021-11_2024-04,1,0.07870172116441232
AUDIOUSDT,2023-03-29 16:00:00+00:00,2023-03-29 17:00:00+00:00,2023-03-30 17:00:00+00:00,C,0.8400563504249529,WINNER_EVENT,DISCOVERY_2021-11_2024-04,1,-0.024738128767014644
XRPUSDT,2023-03-30 01:00:00+00:00,2023-03-30 02:00:00+00:00,2023-03-31 02:00:00+00:00,A,0.9018399803624266,WINNER_EVENT,DISCOVERY_2021-11_2024-04,1,0.0030286910985539706
GTCUSDT,2023-03-31 03:00:00+00:00,2023-03-31 04:00:00+00:00,2023-04-01 04:00:00+00:00,A,0.9187961603175961,WINNER_EVENT,DISCOVERY_2021-11_2024-04,1,0.030494183180780565
ALGOUSDT,2023-03-31 06:00:00+00:00,2023-03-31 07:00:00+00:00,2023-04-01 07:00:00+00:00,B,0.8818708484870267,WINNER_EVENT,DISCOVERY_2021-11_2024-04,1,0.013741866037814354
XRPUSDT,2023-04-01 08:00:00+00:00,2023-04-01 09:00:00+00:00,2023-04-02 09:00:00+00:00,A,0.9106160396847452,WINNER_EVENT,DISCOVERY_2021-11_2024-04,1,0.020463424043986933
STXUSDT,2023-04-02 00:00:00+00:00,2023-04-02 01:00:00+00:00,2023-04-03 01:00:00+00:00,B,0.8786686648043455,WINNER_EVENT,DISCOVERY_2021-11_2024-04,1,0.03506593049094642
ARBUSDT,2023-04-02 04:00:00+00:00,2023-04-02 05:00:00+00:00,2023-04-03 05:00:00+00:00,B,0.8982758328938765,WINNER_EVENT,DISCOVERY_2021-11_2024-04,1,-0.04784706749839551
SYNUSDT,2023-04-08 18:00:00+00:00,2023-04-08 19:00:00+00:00,2023-04-09 19:00:00+00:00,C,0.8647588922270523,SAME_TIME_CONTROL,DISCOVERY_2021-11_2024-04,0,-0.019085019793226632
STXUSDT,2023-04-09 05:00:00+00:00,2023-04-09 06:00:00+00:00,2023-04-10 06:00:00+00:00,B,0.9168516715180111,WINNER_EVENT,DISCOVERY_2021-11_2024-04,1,0.07024713846057473
LDOUSDT,2023-04-09 07:00:00+00:00,2023-04-09 08:00:00+00:00,2023-04-10 08:00:00+00:00,B,0.8883175480864658,WINNER_EVENT,DISCOVERY_2021-11_2024-04,1,0.028696218386167427
BATUSDT,2023-04-09 08:00:00+00:00,2023-04-09 09:00:00+00:00,2023-04-10 09:00:00+00:00,C,0.8747727233204758,WINNER_EVENT,DISCOVERY_2021-11_2024-04,1,0.007748876155809992
SYNUSDT,2023-04-09 08:00:00+00:00,2023-04-09 09:00:00+00:00,2023-04-10 09:00:00+00:00,A,0.9205437221640358,WINNER_EVENT,DISCOVERY_2021-11_2024-04,1,0.11743195804040663
STXUSDT,2023-04-13 00:00:00+00:00,2023-04-13 01:00:00+00:00,2023-04-14 01:00:00+00:00,B,0.9097297835092205,WINNER_EVENT,DISCOVERY_2021-11_2024-04,1,0.030602338087257097
LDOUSDT,2023-04-15 20:00:00+00:00,2023-04-15 21:00:00+00:00,2023-04-16 21:00:00+00:00,B,0.8802039076436136,WINNER_EVENT,DISCOVERY_2021-11_2024-04,1,0.048786589968655925
FETUSDT,2023-04-16 11:00:00+00:00,2023-04-16 12:00:00+00:00,2023-04-17 12:00:00+00:00,A,0.9070418898911966,WINNER_EVENT,DISCOVERY_2021-11_2024-04,1,0.03568897250627834
SANDUSDT,2023-04-16 11:00:00+00:00,2023-04-16 12:00:00+00:00,2023-04-17 12:00:00+00:00,C,0.9052357920686658,WINNER_EVENT,DISCOVERY_2021-11_2024-04,1,0.00674865241204925
ALPINEUSDT,2023-04-17 06:00:00+00:00,2023-04-17 07:00:00+00:00,2023-04-18 07:00:00+00:00,A,0.9039648629491835,WINNER_EVENT,DISCOVERY_2021-11_2024-04,1,0.015203895468972606
LDOUSDT,2023-04-18 01:00:00+00:00,2023-04-18 02:00:00+00:00,2023-04-19 02:00:00+00:00,B,0.8778976229188673,WINNER_EVENT,DISCOVERY_2021-11_2024-04,1,0.02139107024903031
PHAUSDT,2023-04-20 03:00:00+00:00,2023-04-20 04:00:00+00:00,2023-04-21 04:00:00+00:00,A,0.9011034422650134,WINNER_EVENT,DISCOVERY_2021-11_2024-04,1,0.0016540826725341962
ICPUSDT,2023-04-25 06:00:00+00:00,2023-04-25 07:00:00+00:00,2023-04-26 07:00:00+00:00,B,0.8986566358138065,WINNER_EVENT,DISCOVERY_2021-11_2024-04,1,0.0478097046416337
CAKEUSDT,2023-04-25 09:00:00+00:00,2023-04-25 10:00:00+00:00,2023-04-26 10:00:00+00:00,B,0.890138231253008,WINNER_EVENT,DISCOVERY_2021-11_2024-04,1,0.03970028909121859
CAKEUSDT,2023-04-27 09:00:00+00:00,2023-04-27 10:00:00+00:00,2023-04-28 10:00:00+00:00,C,0.8658410815214629,WINNER_EVENT,DISCOVERY_2021-11_2024-04,1,0.018258466543045193
STXUSDT,2023-04-27 14:00:00+00:00,2023-04-27 15:00:00+00:00,2023-04-28 15:00:00+00:00,A,0.9331841757921072,WINNER_EVENT,DISCOVERY_2021-11_2024-04,1,-0.01854145638380167
STXUSDT,2023-04-28 18:00:00+00:00,2023-04-28 19:00:00+00:00,2023-04-29 19:00:00+00:00,A,0.9307869670830917,WINNER_EVENT,DISCOVERY_2021-11_2024-04,1,0.01296673730412956
ARBUSDT,2023-04-29 17:00:00+00:00,2023-04-29 18:00:00+00:00,2023-04-30 18:00:00+00:00,C,0.8437462333601491,WINNER_EVENT,DISCOVERY_2021-11_2024-04,1,0.03526842957694343
INJUSDT,2023-04-30 03:00:00+00:00,2023-04-30 04:00:00+00:00,2023-05-01 04:00:00+00:00,C,0.8555228815683759,WINNER_EVENT,DISCOVERY_2021-11_2024-04,1,-0.03470636384319625
STXUSDT,2023-05-05 00:00:00+00:00,2023-05-05 01:00:00+00:00,2023-05-06 01:00:00+00:00,A,0.9323369588158098,WINNER_EVENT,DISCOVERY_2021-11_2024-04,1,-0.012848128517314095
SYNUSDT,2023-05-06 22:00:00+00:00,2023-05-06 23:00:00+00:00,2023-05-07 23:00:00+00:00,C,0.8547459575060986,WINNER_EVENT,DISCOVERY_2021-11_2024-04,1,0.009698158403213641
DASHUSDT,2023-05-09 06:00:00+00:00,2023-05-09 07:00:00+00:00,2023-05-10 07:00:00+00:00,A,0.9053359788584445,WINNER_EVENT,DISCOVERY_2021-11_2024-04,1,0.03554207497684647
LDOUSDT,2023-05-12 01:00:00+00:00,2023-05-12 02:00:00+00:00,2023-05-13 02:00:00+00:00,B,0.8953426385709441,WINNER_EVENT,DISCOVERY_2021-11_2024-04,1,0.17624125785775324
APTUSDT,2023-05-12 02:00:00+00:00,2023-05-12 03:00:00+00:00,2023-05-13 03:00:00+00:00,B,0.8879935260567827,WINNER_EVENT,DISCOVERY_2021-11_2024-04,1,0.04334417620679898
SYNUSDT,2023-05-12 09:00:00+00:00,2023-05-12 10:00:00+00:00,2023-05-13 10:00:00+00:00,A,0.9353505742427496,WINNER_EVENT,DISCOVERY_2021-11_2024-04,1,0.05581086156493398
PEPEUSDT,2023-05-12 22:00:00+00:00,2023-05-12 23:00:00+00:00,2023-05-13 23:00:00+00:00,B,0.8916691526939048,WINNER_EVENT,DISCOVERY_2021-11_2024-04,1,0.2315937876392944
STXUSDT,2023-05-13 17:00:00+00:00,2023-05-13 18:00:00+00:00,2023-05-14 18:00:00+00:00,B,0.8879733090050946,WINNER_EVENT,DISCOVERY_2021-11_2024-04,1,0.01599812252138677
SUIUSDT,2023-05-14 01:00:00+00:00,2023-05-14 02:00:00+00:00,2023-05-15 02:00:00+00:00,B,0.8926314360394733,WINNER_EVENT,DISCOVERY_2021-11_2024-04,1,0.08709246493847456
OPUSDT,2023-05-14 01:00:00+00:00,2023-05-14 02:00:00+00:00,2023-05-15 02:00:00+00:00,C,0.8456784521045742,WINNER_EVENT,DISCOVERY_2021-11_2024-04,1,0.025508041529241687
INJUSDT,2023-05-16 12:00:00+00:00,2023-05-16 13:00:00+00:00,2023-05-17 13:00:00+00:00,A,0.9198565385333077,WINNER_EVENT,DISCOVERY_2021-11_2024-04,1,-0.002504208679947939
OPUSDT,2023-05-20 00:00:00+00:00,2023-05-20 01:00:00+00:00,2023-05-21 01:00:00+00:00,B,0.8871417551621117,WINNER_EVENT,DISCOVERY_2021-11_2024-04,1,0.03793543908688579
SYNUSDT,2023-05-25 14:00:00+00:00,2023-05-25 15:00:00+00:00,2023-05-26 15:00:00+00:00,A,0.9476179340803298,WINNER_EVENT,DISCOVERY_2021-11_2024-04,1,0.028722025391675787
LDOUSDT,2023-05-26 03:00:00+00:00,2023-05-26 04:00:00+00:00,2023-05-27 04:00:00+00:00,B,0.894318988274871,WINNER_EVENT,DISCOVERY_2021-11_2024-04,1,0.015844722695332436
PEPEUSDT,2023-05-31 16:00:00+00:00,2023-05-31 17:00:00+00:00,2023-06-01 17:00:00+00:00,A,0.9062783584862956,WINNER_EVENT,DISCOVERY_2021-11_2024-04,1,0.08008820265192118
SYNUSDT,2023-05-31 20:00:00+00:00,2023-05-31 21:00:00+00:00,2023-06-01 21:00:00+00:00,C,0.8652827905633679,WINNER_EVENT,DISCOVERY_2021-11_2024-04,1,0.07993431802709194
RAYUSDT,2023-06-02 04:00:00+00:00,2023-06-02 05:00:00+00:00,2023-06-03 05:00:00+00:00,A,0.9124630381235367,WINNER_EVENT,DISCOVERY_2021-11_2024-04,1,0.02586888686767108
SUIUSDT,2023-06-03 05:00:00+00:00,2023-06-03 06:00:00+00:00,2023-06-04 06:00:00+00:00,A,0.899980412254683,WINNER_EVENT,DISCOVERY_2021-11_2024-04,1,0.02928554162147612
FETUSDT,2023-06-03 18:00:00+00:00,2023-06-03 19:00:00+00:00,2023-06-04 19:00:00+00:00,A,0.9117624184426674,WINNER_EVENT,DISCOVERY_2021-11_2024-04,1,0.008477078028605423
INJUSDT,2023-06-04 01:00:00+00:00,2023-06-04 02:00:00+00:00,2023-06-05 02:00:00+00:00,B,0.8982307948378522,WINNER_EVENT,DISCOVERY_2021-11_2024-04,1,-0.01161922085871403
SANDUSDT,2023-06-06 12:00:00+00:00,2023-06-06 13:00:00+00:00,2023-06-07 13:00:00+00:00,A,0.9120893639494992,WINNER_EVENT,DISCOVERY_2021-11_2024-04,1,0.010724740096293095
INJUSDT,2023-06-08 02:00:00+00:00,2023-06-08 03:00:00+00:00,2023-06-09 03:00:00+00:00,A,0.9070758975023746,WINNER_EVENT,DISCOVERY_2021-11_2024-04,1,0.023093223729302004
FETUSDT,2023-06-08 03:00:00+00:00,2023-06-08 04:00:00+00:00,2023-06-09 04:00:00+00:00,C,0.8421223706367102,WINNER_EVENT,DISCOVERY_2021-11_2024-04,1,0.0032329922685951917
RAYUSDT,2023-06-08 03:00:00+00:00,2023-06-08 04:00:00+00:00,2023-06-09 04:00:00+00:00,B,0.9178372486401658,WINNER_EVENT,DISCOVERY_2021-11_2024-04,1,0.04208182563552798
ALGOUSDT,2023-06-08 03:00:00+00:00,2023-06-08 04:00:00+00:00,2023-06-09 04:00:00+00:00,C,0.8705862862895567,WINNER_EVENT,DISCOVERY_2021-11_2024-04,1,0.014279325110295948
ARBUSDT,2023-06-08 03:00:00+00:00,2023-06-08 04:00:00+00:00,2023-06-09 04:00:00+00:00,C,0.8467630100088401,WINNER_EVENT,DISCOVERY_2021-11_2024-04,1,0.020922531877282102
LDOUSDT,2023-06-08 10:00:00+00:00,2023-06-08 11:00:00+00:00,2023-06-09 11:00:00+00:00,A,0.9181098922202903,WINNER_EVENT,DISCOVERY_2021-11_2024-04,1,0.018051859032240936
SANDUSDT,2023-06-10 12:00:00+00:00,2023-06-10 13:00:00+00:00,2023-06-11 13:00:00+00:00,A,0.9006409868832783,WINNER_EVENT,DISCOVERY_2021-11_2024-04,1,0.03285245306935214
INJUSDT,2023-06-10 16:00:00+00:00,2023-06-10 17:00:00+00:00,2023-06-11 17:00:00+00:00,C,0.8536722748394362,WINNER_EVENT,DISCOVERY_2021-11_2024-04,1,0.020467737140013487
MOVRUSDT,2023-06-11 05:00:00+00:00,2023-06-11 06:00:00+00:00,2023-06-12 06:00:00+00:00,A,0.9216442691722324,WINNER_EVENT,DISCOVERY_2021-11_2024-04,1,-0.009292375737574243
GTCUSDT,2023-06-11 06:00:00+00:00,2023-06-11 07:00:00+00:00,2023-06-12 07:00:00+00:00,A,0.9181883248475761,WINNER_EVENT,DISCOVERY_2021-11_2024-04,1,0.029091995736259868
FETUSDT,2023-06-11 15:00:00+00:00,2023-06-11 16:00:00+00:00,2023-06-12 16:00:00+00:00,B,0.8820883251505194,WINNER_EVENT,DISCOVERY_2021-11_2024-04,1,0.028074195204319752
AXSUSDT,2023-06-11 15:00:00+00:00,2023-06-11 16:00:00+00:00,2023-06-12 16:00:00+00:00,A,0.9012695311161418,WINNER_EVENT,DISCOVERY_2021-11_2024-04,1,0.0031715328675099297
CAKEUSDT,2023-06-12 05:00:00+00:00,2023-06-12 06:00:00+00:00,2023-06-13 06:00:00+00:00,C,0.8392734391208632,WINNER_EVENT,DISCOVERY_2021-11_2024-04,1,0.035495962759053645
APEUSDT,2023-06-12 17:00:00+00:00,2023-06-12 18:00:00+00:00,2023-06-13 18:00:00+00:00,C,0.8966387958634783,WINNER_EVENT,DISCOVERY_2021-11_2024-04,1,-0.00030936830296435236
RUNEUSDT,2023-06-12 19:00:00+00:00,2023-06-12 20:00:00+00:00,2023-06-13 20:00:00+00:00,C,0.860868855608276,WINNER_EVENT,DISCOVERY_2021-11_2024-04,1,0.005312865545249457
QNTUSDT,2023-06-13 00:00:00+00:00,2023-06-13 01:00:00+00:00,2023-06-14 01:00:00+00:00,A,0.9337857908892531,WINNER_EVENT,DISCOVERY_2021-11_2024-04,1,0.019295245654626925
LDOUSDT,2023-06-15 09:00:00+00:00,2023-06-15 10:00:00+00:00,2023-06-16 10:00:00+00:00,C,0.8439195345770959,WINNER_EVENT,DISCOVERY_2021-11_2024-04,1,0.04880485053448713
SYNUSDT,2023-06-15 09:00:00+00:00,2023-06-15 10:00:00+00:00,2023-06-16 10:00:00+00:00,B,0.8838908506739204,WINNER_EVENT,DISCOVERY_2021-11_2024-04,1,0.05572982125652026
XRPUSDT,2023-06-16 11:00:00+00:00,2023-06-16 12:00:00+00:00,2023-06-17 12:00:00+00:00,B,0.8852266853189296,WINNER_EVENT,DISCOVERY_2021-11_2024-04,1,0.03103489228670364
SUIUSDT,2023-06-20 13:00:00+00:00,2023-06-20 14:00:00+00:00,2023-06-21 14:00:00+00:00,C,0.8589463889205879,WINNER_EVENT,DISCOVERY_2021-11_2024-04,1,0.02908501544227393
ZENUSDT,2023-06-22 21:00:00+00:00,2023-06-22 22:00:00+00:00,2023-06-23 22:00:00+00:00,C,0.849688522698331,WINNER_EVENT,DISCOVERY_2021-11_2024-04,1,0.03277147214595533
LDOUSDT,2023-06-23 13:00:00+00:00,2023-06-23 14:00:00+00:00,2023-06-24 14:00:00+00:00,B,0.891027105484701,WINNER_EVENT,DISCOVERY_2021-11_2024-04,1,0.008765405685712269
LDOUSDT,2023-06-24 16:00:00+00:00,2023-06-24 17:00:00+00:00,2023-06-25 17:00:00+00:00,B,0.8913215170748148,WINNER_EVENT,DISCOVERY_2021-11_2024-04,1,0.06325245953619607
AAVEUSDT,2023-06-26 05:00:00+00:00,2023-06-26 06:00:00+00:00,2023-06-27 06:00:00+00:00,A,0.9003038110593095,WINNER_EVENT,DISCOVERY_2021-11_2024-04,1,-0.01010592489690132
STXUSDT,2023-06-27 08:00:00+00:00,2023-06-27 09:00:00+00:00,2023-06-28 09:00:00+00:00,B,0.8816489700539684,WINNER_EVENT,DISCOVERY_2021-11_2024-04,1,-0.04399907038080897
PEPEUSDT,2023-06-28 13:00:00+00:00,2023-06-28 14:00:00+00:00,2023-06-29 14:00:00+00:00,A,0.928404674851089,WINNER_EVENT,DISCOVERY_2021-11_2024-04,1,0.04353137117754824
SYNUSDT,2023-06-29 03:00:00+00:00,2023-06-29 04:00:00+00:00,2023-06-30 04:00:00+00:00,A,0.9136879102930812,WINNER_EVENT,DISCOVERY_2021-11_2024-04,1,0.09145247975905146
ZENUSDT,2023-07-01 15:00:00+00:00,2023-07-01 16:00:00+00:00,2023-07-02 16:00:00+00:00,A,0.9151793194456372,WINNER_EVENT,DISCOVERY_2021-11_2024-04,1,0.030444397064192552
AVAXUSDT,2023-07-02 02:00:00+00:00,2023-07-02 03:00:00+00:00,2023-07-03 03:00:00+00:00,A,0.9168994639569431,WINNER_EVENT,DISCOVERY_2021-11_2024-04,1,0.03436297699470581
ZECUSDT,2023-07-02 03:00:00+00:00,2023-07-02 04:00:00+00:00,2023-07-03 04:00:00+00:00,C,0.8433460709164771,WINNER_EVENT,DISCOVERY_2021-11_2024-04,1,0.032861407398460774
ETCUSDT,2023-07-02 03:00:00+00:00,2023-07-02 04:00:00+00:00,2023-07-03 04:00:00+00:00,B,0.8820832575198853,WINNER_EVENT,DISCOVERY_2021-11_2024-04,1,0.02609215104124618
APEUSDT,2023-07-02 03:00:00+00:00,2023-07-02 04:00:00+00:00,2023-07-03 04:00:00+00:00,C,0.8470050712371051,WINNER_EVENT,DISCOVERY_2021-11_2024-04,1,0.015764102045651596
DASHUSDT,2023-07-02 03:00:00+00:00,2023-07-02 04:00:00+00:00,2023-07-03 04:00:00+00:00,C,0.8461637315341352,WINNER_EVENT,DISCOVERY_2021-11_2024-04,1,0.032920420487606794
TRBUSDT,2023-07-02 03:00:00+00:00,2023-07-02 04:00:00+00:00,2023-07-03 04:00:00+00:00,C,0.8515945132780895,WINNER_EVENT,DISCOVERY_2021-11_2024-04,1,0.05925920225666914
MOVRUSDT,2023-07-03 19:00:00+00:00,2023-07-03 20:00:00+00:00,2023-07-04 20:00:00+00:00,B,0.8868313569591515,WINNER_EVENT,DISCOVERY_2021-11_2024-04,1,-0.0345673142449755
BCHUSDT,2023-07-03 21:00:00+00:00,2023-07-03 22:00:00+00:00,2023-07-04 22:00:00+00:00,C,0.868011561076938,WINNER_EVENT,DISCOVERY_2021-11_2024-04,1,-0.01854608935258617
SUIUSDT,2023-07-05 16:00:00+00:00,2023-07-05 17:00:00+00:00,2023-07-06 17:00:00+00:00,A,0.9235050933313076,WINNER_EVENT,DISCOVERY_2021-11_2024-04,1,-0.011251638156020372
APTUSDT,2023-07-08 19:00:00+00:00,2023-07-08 20:00:00+00:00,2023-07-09 20:00:00+00:00,B,0.8782152310432002,WINNER_EVENT,DISCOVERY_2021-11_2024-04,1,0.01894290656523845
ZECUSDT,2023-07-08 19:00:00+00:00,2023-07-08 20:00:00+00:00,2023-07-09 20:00:00+00:00,B,0.8879443304619326,WINNER_EVENT,DISCOVERY_2021-11_2024-04,1,0.0219563412457493
PEPEUSDT,2023-07-10 06:00:00+00:00,2023-07-10 07:00:00+00:00,2023-07-11 07:00:00+00:00,A,0.9213893112987653,WINNER_EVENT,DISCOVERY_2021-11_2024-04,1,0.052011639293860545
SOLUSDT,2023-07-10 07:00:00+00:00,2023-07-10 08:00:00+00:00,2023-07-11 08:00:00+00:00,A,0.9224668305389088,WINNER_EVENT,DISCOVERY_2021-11_2024-04,1,0.06337527154108735
APEUSDT,2023-07-10 08:00:00+00:00,2023-07-10 09:00:00+00:00,2023-07-11 09:00:00+00:00,C,0.8468289071438945,WINNER_EVENT,DISCOVERY_2021-11_2024-04,1,0.014449430241799455
PENDLEUSDT,2023-07-10 17:00:00+00:00,2023-07-10 18:00:00+00:00,2023-07-11 18:00:00+00:00,A,0.9126938656170795,WINNER_EVENT,DISCOVERY_2021-11_2024-04,1,-0.03961006237188236
PENDLEUSDT,2023-07-11 12:00:00+00:00,2023-07-11 13:00:00+00:00,2023-07-12 13:00:00+00:00,B,0.9009185381701719,WINNER_EVENT,DISCOVERY_2021-11_2024-04,1,0.04381898964286868
BCHUSDT,2023-07-15 13:00:00+00:00,2023-07-15 14:00:00+00:00,2023-07-16 14:00:00+00:00,A,0.9061542630927951,WINNER_EVENT,DISCOVERY_2021-11_2024-04,1,0.008157561416888726
OPUSDT,2023-07-16 02:00:00+00:00,2023-07-16 03:00:00+00:00,2023-07-17 03:00:00+00:00,C,0.8463587626187821,WINNER_EVENT,DISCOVERY_2021-11_2024-04,1,0.05593730564173027
GTCUSDT,2023-07-16 08:00:00+00:00,2023-07-16 09:00:00+00:00,2023-07-17 09:00:00+00:00,B,0.8783328093998268,WINNER_EVENT,DISCOVERY_2021-11_2024-04,1,0.04753493698494915
APEUSDT,2023-07-16 19:00:00+00:00,2023-07-16 20:00:00+00:00,2023-07-17 20:00:00+00:00,A,0.9182960006121111,WINNER_EVENT,DISCOVERY_2021-11_2024-04,1,-0.007561938044788108
PENDLEUSDT,2023-07-19 21:00:00+00:00,2023-07-19 22:00:00+00:00,2023-07-20 22:00:00+00:00,A,0.9199049638062111,WINNER_EVENT,DISCOVERY_2021-11_2024-04,1,0.007978202402570966
XRPUSDT,2023-07-21 09:00:00+00:00,2023-07-21 10:00:00+00:00,2023-07-22 10:00:00+00:00,A,0.907902948174545,WINNER_EVENT,DISCOVERY_2021-11_2024-04,1,0.005747858780308812
RAYUSDT,2023-07-22 03:00:00+00:00,2023-07-22 04:00:00+00:00,2023-07-23 04:00:00+00:00,A,0.9558010792794711,WINNER_EVENT,DISCOVERY_2021-11_2024-04,1,0.022912317648014602
PEPEUSDT,2023-07-22 23:00:00+00:00,2023-07-23 00:00:00+00:00,2023-07-24 00:00:00+00:00,C,0.8476824115202997,SAME_TIME_CONTROL,DISCOVERY_2021-11_2024-04,0,0.010387105423480092
UNIUSDT,2023-07-22 23:00:00+00:00,2023-07-23 00:00:00+00:00,2023-07-24 00:00:00+00:00,B,0.8817603775363632,WINNER_EVENT,DISCOVERY_2021-11_2024-04,1,0.021630106441839603
XLMUSDT,2023-07-23 00:00:00+00:00,2023-07-23 01:00:00+00:00,2023-07-24 01:00:00+00:00,A,0.9107092637596942,WINNER_EVENT,DISCOVERY_2021-11_2024-04,1,0.00873395939980326
PEPEUSDT,2023-07-23 00:00:00+00:00,2023-07-23 01:00:00+00:00,2023-07-24 01:00:00+00:00,C,0.8568945853755942,WINNER_EVENT,DISCOVERY_2021-11_2024-04,1,0.017214045324990046
XRPUSDT,2023-07-23 00:00:00+00:00,2023-07-23 01:00:00+00:00,2023-07-24 01:00:00+00:00,A,0.9011052678432838,WINNER_EVENT,DISCOVERY_2021-11_2024-04,1,0.020755848370296315
PENDLEUSDT,2023-07-24 15:00:00+00:00,2023-07-24 16:00:00+00:00,2023-07-25 16:00:00+00:00,A,0.923747325050348,WINNER_EVENT,DISCOVERY_2021-11_2024-04,1,0.07310031821047813
XLMUSDT,2023-07-25 00:00:00+00:00,2023-07-25 01:00:00+00:00,2023-07-26 01:00:00+00:00,A,0.9207884045874013,WINNER_EVENT,DISCOVERY_2021-11_2024-04,1,0.008799259133382531
XRPUSDT,2023-07-25 07:00:00+00:00,2023-07-25 08:00:00+00:00,2023-07-26 08:00:00+00:00,A,0.9036543942831345,WINNER_EVENT,DISCOVERY_2021-11_2024-04,1,0.02675925988872585
XLMUSDT,2023-07-26 07:00:00+00:00,2023-07-26 08:00:00+00:00,2023-07-27 08:00:00+00:00,A,0.9383690480020862,WINNER_EVENT,DISCOVERY_2021-11_2024-04,1,0.131926755441921
PEPEUSDT,2023-07-26 09:00:00+00:00,2023-07-26 10:00:00+00:00,2023-07-27 10:00:00+00:00,B,0.9219100183378311,WINNER_EVENT,DISCOVERY_2021-11_2024-04,1,0.1417309536717577
DOGEUSDT,2023-07-27 00:00:00+00:00,2023-07-27 01:00:00+00:00,2023-07-28 01:00:00+00:00,A,0.9164738119734476,WINNER_EVENT,DISCOVERY_2021-11_2024-04,1,0.004365797372338331
PEPEUSDT,2023-07-28 05:00:00+00:00,2023-07-28 06:00:00+00:00,2023-07-29 06:00:00+00:00,C,0.8522894420372541,WINNER_EVENT,DISCOVERY_2021-11_2024-04,1,0.01983665875765661
XLMUSDT,2023-07-30 01:00:00+00:00,2023-07-30 02:00:00+00:00,2023-07-31 02:00:00+00:00,A,0.9050054366454722,WINNER_EVENT,DISCOVERY_2021-11_2024-04,1,-0.008718107573972622
CRVUSDT,2023-08-02 14:00:00+00:00,2023-08-02 15:00:00+00:00,2023-08-03 15:00:00+00:00,A,0.904895010540515,WINNER_EVENT,DISCOVERY_2021-11_2024-04,1,0.06991158760794991
WLDUSDT,2023-08-03 17:00:00+00:00,2023-08-03 18:00:00+00:00,2023-08-04 18:00:00+00:00,A,0.9004990369413745,WINNER_EVENT,DISCOVERY_2021-11_2024-04,1,-0.023629239834214943
PEPEUSDT,2023-08-05 02:00:00+00:00,2023-08-05 03:00:00+00:00,2023-08-06 03:00:00+00:00,A,0.9191691342515498,WINNER_EVENT,DISCOVERY_2021-11_2024-04,1,0.03229668926024298
AUCTIONUSDT,2023-08-06 18:00:00+00:00,2023-08-06 19:00:00+00:00,2023-08-07 19:00:00+00:00,B,0.8927787720905234,WINNER_EVENT,DISCOVERY_2021-11_2024-04,1,-0.05293821648445807
WLDUSDT,2023-08-08 02:00:00+00:00,2023-08-08 03:00:00+00:00,2023-08-09 03:00:00+00:00,C,0.8422429329848647,WINNER_EVENT,DISCOVERY_2021-11_2024-04,1,0.0042743191965457505
AUDIOUSDT,2023-08-08 23:00:00+00:00,2023-08-09 00:00:00+00:00,2023-08-10 00:00:00+00:00,A,0.9542662801187614,WINNER_EVENT,DISCOVERY_2021-11_2024-04,1,0.014296713634849745
OPUSDT,2023-08-09 19:00:00+00:00,2023-08-09 20:00:00+00:00,2023-08-10 20:00:00+00:00,C,0.8881198038544731,WINNER_EVENT,DISCOVERY_2021-11_2024-04,1,0.02497004809840586
AUDIOUSDT,2023-08-10 07:00:00+00:00,2023-08-10 08:00:00+00:00,2023-08-11 08:00:00+00:00,A,0.9006932595431817,WINNER_EVENT,DISCOVERY_2021-11_2024-04,1,0.011516150474434328
WLDUSDT,2023-08-11 01:00:00+00:00,2023-08-11 02:00:00+00:00,2023-08-12 02:00:00+00:00,A,0.9378623678615469,WINNER_EVENT,DISCOVERY_2021-11_2024-04,1,0.036549144187032034
MOVRUSDT,2023-08-14 03:00:00+00:00,2023-08-14 04:00:00+00:00,2023-08-15 04:00:00+00:00,A,0.9003885491799062,WINNER_EVENT,DISCOVERY_2021-11_2024-04,1,0.012402247570378
RUNEUSDT,2023-08-18 09:00:00+00:00,2023-08-18 10:00:00+00:00,2023-08-19 10:00:00+00:00,A,0.900095073300089,WINNER_EVENT,DISCOVERY_2021-11_2024-04,1,0.07113894989033187
MOVRUSDT,2023-08-18 13:00:00+00:00,2023-08-18 14:00:00+00:00,2023-08-19 14:00:00+00:00,C,0.8565594450103486,WINNER_EVENT,DISCOVERY_2021-11_2024-04,1,0.05065496084112353
RUNEUSDT,2023-08-21 09:00:00+00:00,2023-08-21 10:00:00+00:00,2023-08-22 10:00:00+00:00,A,0.9046197695026317,WINNER_EVENT,DISCOVERY_2021-11_2024-04,1,0.03796053469959637
RUNEUSDT,2023-08-25 02:00:00+00:00,2023-08-25 03:00:00+00:00,2023-08-26 03:00:00+00:00,A,0.9279959852269438,WINNER_EVENT,DISCOVERY_2021-11_2024-04,1,-0.0036732785242962196
CRVUSDT,2023-08-25 03:00:00+00:00,2023-08-25 04:00:00+00:00,2023-08-26 04:00:00+00:00,B,0.8849456750557932,WINNER_EVENT,DISCOVERY_2021-11_2024-04,1,0.025133148212674428
API3USDT,2023-08-25 03:00:00+00:00,2023-08-25 04:00:00+00:00,2023-08-26 04:00:00+00:00,B,0.8952614604391229,WINNER_EVENT,DISCOVERY_2021-11_2024-04,1,0.0403029756707205
AVAUSDT,2023-08-25 22:00:00+00:00,2023-08-25 23:00:00+00:00,2023-08-26 23:00:00+00:00,A,0.9592839016022886,WINNER_EVENT,DISCOVERY_2021-11_2024-04,1,0.03633406062369127
PEPEUSDT,2023-08-26 14:00:00+00:00,2023-08-26 15:00:00+00:00,2023-08-27 15:00:00+00:00,A,0.9380708894553224,WINNER_EVENT,DISCOVERY_2021-11_2024-04,1,0.042843781870820274
HBARUSDT,2023-08-26 15:00:00+00:00,2023-08-26 16:00:00+00:00,2023-08-27 16:00:00+00:00,B,0.9225004126199553,WINNER_EVENT,DISCOVERY_2021-11_2024-04,1,0.018030951587020727
WLDUSDT,2023-08-26 15:00:00+00:00,2023-08-26 16:00:00+00:00,2023-08-27 16:00:00+00:00,A,0.9337414260340111,WINNER_EVENT,DISCOVERY_2021-11_2024-04,1,0.03810977303576202
RUNEUSDT,2023-08-26 18:00:00+00:00,2023-08-26 19:00:00+00:00,2023-08-27 19:00:00+00:00,B,0.8961607409385144,WINNER_EVENT,DISCOVERY_2021-11_2024-04,1,0.06371315913199527
SEIUSDT,2023-08-27 01:00:00+00:00,2023-08-27 02:00:00+00:00,2023-08-28 02:00:00+00:00,A,0.9190692922256803,WINNER_EVENT,DISCOVERY_2021-11_2024-04,1,-0.020689257851926435
FETUSDT,2023-08-28 07:00:00+00:00,2023-08-28 08:00:00+00:00,2023-08-29 08:00:00+00:00,A,0.9000154415321429,WINNER_EVENT,DISCOVERY_2021-11_2024-04,1,-0.009804316428077331
HBARUSDT,2023-08-29 09:00:00+00:00,2023-08-29 10:00:00+00:00,2023-08-30 10:00:00+00:00,A,0.9026913081855799,WINNER_EVENT,DISCOVERY_2021-11_2024-04,1,0.03462730587847296
PEPEUSDT,2023-08-29 11:00:00+00:00,2023-08-29 12:00:00+00:00,2023-08-30 12:00:00+00:00,A,0.9092163896798051,WINNER_EVENT,DISCOVERY_2021-11_2024-04,1,0.06995604315237203
WLDUSDT,2023-08-29 11:00:00+00:00,2023-08-29 12:00:00+00:00,2023-08-30 12:00:00+00:00,B,0.8906793097357942,WINNER_EVENT,DISCOVERY_2021-11_2024-04,1,0.1440158813817829
WLDUSDT,2023-08-31 01:00:00+00:00,2023-08-31 02:00:00+00:00,2023-09-01 02:00:00+00:00,C,0.8415289219357828,WINNER_EVENT,DISCOVERY_2021-11_2024-04,1,-0.06868637687548473
WLDUSDT,2023-09-01 06:00:00+00:00,2023-09-01 07:00:00+00:00,2023-09-02 07:00:00+00:00,B,0.9094543786227964,WINNER_EVENT,DISCOVERY_2021-11_2024-04,1,0.0530973066202729
PEPEUSDT,2023-09-02 18:00:00+00:00,2023-09-02 19:00:00+00:00,2023-09-03 19:00:00+00:00,A,0.9079164736266818,WINNER_EVENT,DISCOVERY_2021-11_2024-04,1,0.02324145514392506
API3USDT,2023-09-02 19:00:00+00:00,2023-09-02 20:00:00+00:00,2023-09-03 20:00:00+00:00,A,0.9284355145626215,WINNER_EVENT,DISCOVERY_2021-11_2024-04,1,0.04031328728799011
WLDUSDT,2023-09-05 00:00:00+00:00,2023-09-05 01:00:00+00:00,2023-09-06 01:00:00+00:00,B,0.8921547582727289,WINNER_EVENT,DISCOVERY_2021-11_2024-04,1,0.03389463185465891
GALAUSDT,2023-09-05 00:00:00+00:00,2023-09-05 01:00:00+00:00,2023-09-06 01:00:00+00:00,A,0.9010708093814729,WINNER_EVENT,DISCOVERY_2021-11_2024-04,1,0.04775407921805108
API3USDT,2023-09-05 16:00:00+00:00,2023-09-05 17:00:00+00:00,2023-09-06 17:00:00+00:00,A,0.9228163909459766,WINNER_EVENT,DISCOVERY_2021-11_2024-04,1,0.05527099120237633
FETUSDT,2023-09-06 00:00:00+00:00,2023-09-06 01:00:00+00:00,2023-09-07 01:00:00+00:00,A,0.9309031675089877,WINNER_EVENT,DISCOVERY_2021-11_2024-04,1,0.0243417147731122
GTCUSDT,2023-09-06 01:00:00+00:00,2023-09-06 02:00:00+00:00,2023-09-07 02:00:00+00:00,A,0.935240591108068,WINNER_EVENT,DISCOVERY_2021-11_2024-04,1,0.02772729727790968
FETUSDT,2023-09-07 10:00:00+00:00,2023-09-07 11:00:00+00:00,2023-09-08 11:00:00+00:00,C,0.8502548931786235,WINNER_EVENT,DISCOVERY_2021-11_2024-04,1,0.008422133141368748
WLDUSDT,2023-09-07 18:00:00+00:00,2023-09-07 19:00:00+00:00,2023-09-08 19:00:00+00:00,A,0.9023856585680744,WINNER_EVENT,DISCOVERY_2021-11_2024-04,1,-0.0701254836942603
NMRUSDT,2023-09-09 09:00:00+00:00,2023-09-09 10:00:00+00:00,2023-09-10 10:00:00+00:00,A,0.9403775306636141,WINNER_EVENT,DISCOVERY_2021-11_2024-04,1,-0.005985023969285019
API3USDT,2023-09-09 13:00:00+00:00,2023-09-09 14:00:00+00:00,2023-09-10 14:00:00+00:00,C,0.842813937832087,WINNER_EVENT,DISCOVERY_2021-11_2024-04,1,0.0008502208684666446
ENJUSDT,2023-09-12 00:00:00+00:00,2023-09-12 01:00:00+00:00,2023-09-13 01:00:00+00:00,A,0.9294524901197216,WINNER_EVENT,DISCOVERY_2021-11_2024-04,1,-0.049584500326419034
WLDUSDT,2023-09-12 02:00:00+00:00,2023-09-12 03:00:00+00:00,2023-09-13 03:00:00+00:00,A,0.9655861838615583,WINNER_EVENT,DISCOVERY_2021-11_2024-04,1,0.05715098268054941
ENJUSDT,2023-09-13 02:00:00+00:00,2023-09-13 03:00:00+00:00,2023-09-14 03:00:00+00:00,B,0.881823592253506,WINNER_EVENT,DISCOVERY_2021-11_2024-04,1,0.017053945290010253
NMRUSDT,2023-09-14 08:00:00+00:00,2023-09-14 09:00:00+00:00,2023-09-15 09:00:00+00:00,B,0.9097113364519545,WINNER_EVENT,DISCOVERY_2021-11_2024-04,1,0.11337670813355194
APEUSDT,2023-09-15 01:00:00+00:00,2023-09-15 02:00:00+00:00,2023-09-16 02:00:00+00:00,C,0.8402945242040673,WINNER_EVENT,DISCOVERY_2021-11_2024-04,1,0.026220743686186987
GTCUSDT,2023-09-17 18:00:00+00:00,2023-09-17 19:00:00+00:00,2023-09-18 19:00:00+00:00,B,0.8889641341981572,WINNER_EVENT,DISCOVERY_2021-11_2024-04,1,0.017514301504877983
SEIUSDT,2023-09-18 00:00:00+00:00,2023-09-18 01:00:00+00:00,2023-09-19 01:00:00+00:00,A,0.9036910585760527,WINNER_EVENT,DISCOVERY_2021-11_2024-04,1,0.013607400580026185
ARUSDT,2023-09-19 05:00:00+00:00,2023-09-19 06:00:00+00:00,2023-09-20 06:00:00+00:00,A,0.9350191467029559,WINNER_EVENT,DISCOVERY_2021-11_2024-04,1,0.03219288868817083
STXUSDT,2023-09-20 05:00:00+00:00,2023-09-20 06:00:00+00:00,2023-09-21 06:00:00+00:00,C,0.8611637684029602,WINNER_EVENT,DISCOVERY_2021-11_2024-04,1,0.008355197966457562
RUNEUSDT,2023-09-21 02:00:00+00:00,2023-09-21 03:00:00+00:00,2023-09-22 03:00:00+00:00,C,0.8497847383574973,WINNER_EVENT,DISCOVERY_2021-11_2024-04,1,0.001523495298421107
PEPEUSDT,2023-09-21 14:00:00+00:00,2023-09-21 15:00:00+00:00,2023-09-22 15:00:00+00:00,A,0.9325058192502019,WINNER_EVENT,DISCOVERY_2021-11_2024-04,1,0.07872617465362097
WLDUSDT,2023-09-23 22:00:00+00:00,2023-09-23 23:00:00+00:00,2023-09-24 23:00:00+00:00,A,0.9411193110647181,WINNER_EVENT,DISCOVERY_2021-11_2024-04,1,0.09398161416555961
AUCTIONUSDT,2023-09-23 22:00:00+00:00,2023-09-23 23:00:00+00:00,2023-09-24 23:00:00+00:00,A,0.9191740833171822,WINNER_EVENT,DISCOVERY_2021-11_2024-04,1,-0.05275687040152388
TRBUSDT,2023-09-25 16:00:00+00:00,2023-09-25 17:00:00+00:00,2023-09-26 17:00:00+00:00,A,0.9086365499755101,WINNER_EVENT,DISCOVERY_2021-11_2024-04,1,0.27636260667175594
ARKUSDT,2023-09-29 12:00:00+00:00,2023-09-29 13:00:00+00:00,2023-09-30 13:00:00+00:00,A,0.9761435506409804,WINNER_EVENT,DISCOVERY_2021-11_2024-04,1,-0.004560661437089775
ARKUSDT,2023-09-30 11:00:00+00:00,2023-09-30 12:00:00+00:00,2023-10-01 12:00:00+00:00,A,0.9136671970195079,WINNER_EVENT,DISCOVERY_2021-11_2024-04,1,0.017738396904429132
WLDUSDT,2023-09-30 21:00:00+00:00,2023-09-30 22:00:00+00:00,2023-10-01 22:00:00+00:00,C,0.8455264086518836,WINNER_EVENT,DISCOVERY_2021-11_2024-04,1,0.03265423831064762
AUCTIONUSDT,2023-10-05 17:00:00+00:00,2023-10-05 18:00:00+00:00,2023-10-06 18:00:00+00:00,A,0.938270076874182,WINNER_EVENT,DISCOVERY_2021-11_2024-04,1,0.031649438588826406
RUNEUSDT,2023-10-06 14:00:00+00:00,2023-10-06 15:00:00+00:00,2023-10-07 15:00:00+00:00,A,0.9482477714832375,WINNER_EVENT,DISCOVERY_2021-11_2024-04,1,-0.0024344447521150725
ARKUSDT,2023-10-08 14:00:00+00:00,2023-10-08 15:00:00+00:00,2023-10-09 15:00:00+00:00,A,0.9204724659604268,SAME_TIME_CONTROL,DISCOVERY_2021-11_2024-04,0,-0.0077264941817397625
ARKUSDT,2023-10-08 16:00:00+00:00,2023-10-08 17:00:00+00:00,2023-10-09 17:00:00+00:00,A,0.901439758356158,WINNER_EVENT,DISCOVERY_2021-11_2024-04,1,-0.001135036562481373
TRBUSDT,2023-10-10 16:00:00+00:00,2023-10-10 17:00:00+00:00,2023-10-11 17:00:00+00:00,A,0.92688916563698,WINNER_EVENT,DISCOVERY_2021-11_2024-04,1,0.006165006139057683
SUPERUSDT,2023-10-11 09:00:00+00:00,2023-10-11 10:00:00+00:00,2023-10-12 10:00:00+00:00,A,0.9040356421129362,WINNER_EVENT,DISCOVERY_2021-11_2024-04,1,-0.025007292790933056
PEPEUSDT,2023-10-12 16:00:00+00:00,2023-10-12 17:00:00+00:00,2023-10-13 17:00:00+00:00,C,0.8398783390639616,WINNER_EVENT,DISCOVERY_2021-11_2024-04,1,0.07872617465362097
WLDUSDT,2023-10-13 03:00:00+00:00,2023-10-13 04:00:00+00:00,2023-10-14 04:00:00+00:00,A,0.900060727942292,WINNER_EVENT,DISCOVERY_2021-11_2024-04,1,0.016458240994753348
SANDUSDT,2023-10-15 13:00:00+00:00,2023-10-15 14:00:00+00:00,2023-10-16 14:00:00+00:00,C,0.8875253143738863,WINNER_EVENT,DISCOVERY_2021-11_2024-04,1,0.013263763060100464
CRVUSDT,2023-10-15 13:00:00+00:00,2023-10-15 14:00:00+00:00,2023-10-16 14:00:00+00:00,C,0.8797526349904184,WINNER_EVENT,DISCOVERY_2021-11_2024-04,1,0.0038504857930807823
FETUSDT,2023-10-15 13:00:00+00:00,2023-10-15 14:00:00+00:00,2023-10-16 14:00:00+00:00,B,0.9041661803969758,WINNER_EVENT,DISCOVERY_2021-11_2024-04,1,0.0017140105551263218
ARKUSDT,2023-10-18 16:00:00+00:00,2023-10-18 17:00:00+00:00,2023-10-19 17:00:00+00:00,C,0.8542545418635183,WINNER_EVENT,DISCOVERY_2021-11_2024-04,1,-0.04244611176361812
AUCTIONUSDT,2023-10-18 19:00:00+00:00,2023-10-18 20:00:00+00:00,2023-10-19 20:00:00+00:00,A,0.9486479899624024,WINNER_EVENT,DISCOVERY_2021-11_2024-04,1,0.013289504651809114
SOLUSDT,2023-10-18 21:00:00+00:00,2023-10-18 22:00:00+00:00,2023-10-19 22:00:00+00:00,C,0.882128550063171,WINNER_EVENT,DISCOVERY_2021-11_2024-04,1,0.053830782419274525
ICPUSDT,2023-10-19 08:00:00+00:00,2023-10-19 09:00:00+00:00,2023-10-20 09:00:00+00:00,C,0.8966075858012291,WINNER_EVENT,DISCOVERY_2021-11_2024-04,1,0.039267368865754326
APEUSDT,2023-10-19 21:00:00+00:00,2023-10-19 22:00:00+00:00,2023-10-20 22:00:00+00:00,B,0.8851288909236733,WINNER_EVENT,DISCOVERY_2021-11_2024-04,1,0.05170060274510013
LSKUSDT,2023-10-21 14:00:00+00:00,2023-10-21 15:00:00+00:00,2023-10-22 15:00:00+00:00,A,0.9445155462242008,WINNER_EVENT,DISCOVERY_2021-11_2024-04,1,0.025023356434934252
PENDLEUSDT,2023-10-22 02:00:00+00:00,2023-10-22 03:00:00+00:00,2023-10-23 03:00:00+00:00,B,0.9334794844831498,WINNER_EVENT,DISCOVERY_2021-11_2024-04,1,0.07942754251235584
ZENUSDT,2023-10-22 15:00:00+00:00,2023-10-22 16:00:00+00:00,2023-10-23 16:00:00+00:00,C,0.8697966076789894,WINNER_EVENT,DISCOVERY_2021-11_2024-04,1,0.02199207607781517
APTUSDT,2023-10-23 13:00:00+00:00,2023-10-23 14:00:00+00:00,2023-10-24 14:00:00+00:00,B,0.8977642361167464,WINNER_EVENT,DISCOVERY_2021-11_2024-04,1,0.0812263356368017
BCHUSDT,2023-10-27 17:00:00+00:00,2023-10-27 18:00:00+00:00,2023-10-28 18:00:00+00:00,B,0.887799423763342,WINNER_EVENT,DISCOVERY_2021-11_2024-04,1,0.03833547634870338
RUNEUSDT,2023-10-29 02:00:00+00:00,2023-10-29 03:00:00+00:00,2023-10-30 03:00:00+00:00,A,0.9149439915286334,WINNER_EVENT,DISCOVERY_2021-11_2024-04,1,0.007756098597861749
WLDUSDT,2023-10-29 18:00:00+00:00,2023-10-29 19:00:00+00:00,2023-10-30 19:00:00+00:00,A,0.9644635202881797,WINNER_EVENT,DISCOVERY_2021-11_2024-04,1,0.05141653719266803
PEPEUSDT,2023-10-29 19:00:00+00:00,2023-10-29 20:00:00+00:00,2023-10-30 20:00:00+00:00,A,0.9169922106741998,WINNER_EVENT,DISCOVERY_2021-11_2024-04,1,0.041119737886399
FETUSDT,2023-10-30 05:00:00+00:00,2023-10-30 06:00:00+00:00,2023-10-31 06:00:00+00:00,B,0.8841236874185031,WINNER_EVENT,DISCOVERY_2021-11_2024-04,1,0.03060826742008449
SEIUSDT,2023-11-01 14:00:00+00:00,2023-11-01 15:00:00+00:00,2023-11-02 15:00:00+00:00,A,0.9021013866508684,WINNER_EVENT,DISCOVERY_2021-11_2024-04,1,0.04662068087960791
APTUSDT,2023-11-01 15:00:00+00:00,2023-11-01 16:00:00+00:00,2023-11-02 16:00:00+00:00,A,0.9070145354471862,WINNER_EVENT,DISCOVERY_2021-11_2024-04,1,-0.00670791399756665
APTUSDT,2023-11-03 01:00:00+00:00,2023-11-03 02:00:00+00:00,2023-11-04 02:00:00+00:00,A,0.9004721409117988,WINNER_EVENT,DISCOVERY_2021-11_2024-04,1,0.04839744000839441
ARKUSDT,2023-11-06 14:00:00+00:00,2023-11-06 15:00:00+00:00,2023-11-07 15:00:00+00:00,A,0.962625058261515,WINNER_EVENT,DISCOVERY_2021-11_2024-04,1,0.003229215908425287
INJUSDT,2023-11-09 00:00:00+00:00,2023-11-09 01:00:00+00:00,2023-11-10 01:00:00+00:00,A,0.9618525759859031,WINNER_EVENT,DISCOVERY_2021-11_2024-04,1,-0.029738995029730098
AVAUSDT,2023-11-09 20:00:00+00:00,2023-11-09 21:00:00+00:00,2023-11-10 21:00:00+00:00,C,0.8533565296926316,WINNER_EVENT,DISCOVERY_2021-11_2024-04,1,0.03862517575111002
SOLUSDT,2023-11-12 19:00:00+00:00,2023-11-12 20:00:00+00:00,2023-11-13 20:00:00+00:00,A,0.90254809562106,WINNER_EVENT,DISCOVERY_2021-11_2024-04,1,-0.02755577305521162
QNTUSDT,2023-11-17 16:00:00+00:00,2023-11-17 17:00:00+00:00,2023-11-18 17:00:00+00:00,A,0.9023824289921567,WINNER_EVENT,DISCOVERY_2021-11_2024-04,1,0.03006578370088353
PENDLEUSDT,2023-11-19 22:00:00+00:00,2023-11-19 23:00:00+00:00,2023-11-20 23:00:00+00:00,A,0.9229605510937767,WINNER_EVENT,DISCOVERY_2021-11_2024-04,1,-0.017205439251230636
AVAXUSDT,2023-11-21 00:00:00+00:00,2023-11-21 01:00:00+00:00,2023-11-22 01:00:00+00:00,A,0.9530795477684855,WINNER_EVENT,DISCOVERY_2021-11_2024-04,1,-0.06479529959242869
BEAMXUSDT,2023-11-21 08:00:00+00:00,2023-11-21 09:00:00+00:00,2023-11-22 09:00:00+00:00,A,0.9790816062090033,WINNER_EVENT,DISCOVERY_2021-11_2024-04,1,0.030416332922146294
FETUSDT,2023-11-23 12:00:00+00:00,2023-11-23 13:00:00+00:00,2023-11-24 13:00:00+00:00,C,0.862132386689717,WINNER_EVENT,DISCOVERY_2021-11_2024-04,1,0.1068283744856231
WLDUSDT,2023-11-23 15:00:00+00:00,2023-11-23 16:00:00+00:00,2023-11-24 16:00:00+00:00,B,0.8825013968745069,WINNER_EVENT,DISCOVERY_2021-11_2024-04,1,0.06149378937111871
RUNEUSDT,2023-11-23 23:00:00+00:00,2023-11-24 00:00:00+00:00,2023-11-25 00:00:00+00:00,A,0.9555232195357934,WINNER_EVENT,DISCOVERY_2021-11_2024-04,1,-0.009738178668975306
TIAUSDT,2023-11-23 23:00:00+00:00,2023-11-24 00:00:00+00:00,2023-11-25 00:00:00+00:00,A,0.9702979643227767,WINNER_EVENT,DISCOVERY_2021-11_2024-04,1,-0.024535834887199015
TRBUSDT,2023-11-24 22:00:00+00:00,2023-11-24 23:00:00+00:00,2023-11-25 23:00:00+00:00,C,0.8711026663071282,WINNER_EVENT,DISCOVERY_2021-11_2024-04,1,0.009693215641031427
SEIUSDT,2023-11-26 01:00:00+00:00,2023-11-26 02:00:00+00:00,2023-11-27 02:00:00+00:00,B,0.8818052091579692,WINNER_EVENT,DISCOVERY_2021-11_2024-04,1,-0.017822521164585825
LSKUSDT,2023-11-26 01:00:00+00:00,2023-11-26 02:00:00+00:00,2023-11-27 02:00:00+00:00,C,0.8402025965517068,WINNER_EVENT,DISCOVERY_2021-11_2024-04,1,-0.04962958645069182
MOVRUSDT,2023-11-29 11:00:00+00:00,2023-11-29 12:00:00+00:00,2023-11-30 12:00:00+00:00,A,0.9015765309873259,WINNER_EVENT,DISCOVERY_2021-11_2024-04,1,0.041081281261004854
WLDUSDT,2023-11-29 21:00:00+00:00,2023-11-29 22:00:00+00:00,2023-11-30 22:00:00+00:00,A,0.9512837251254003,WINNER_EVENT,DISCOVERY_2021-11_2024-04,1,0.03182322072238297
STXUSDT,2023-11-30 14:00:00+00:00,2023-11-30 15:00:00+00:00,2023-12-01 15:00:00+00:00,C,0.8525581715602559,WINNER_EVENT,DISCOVERY_2021-11_2024-04,1,0.036296746045068495
AUCTIONUSDT,2023-12-02 02:00:00+00:00,2023-12-02 03:00:00+00:00,2023-12-03 03:00:00+00:00,A,0.931720756951912,WINNER_EVENT,DISCOVERY_2021-11_2024-04,1,0.17515775693326296
AUDIOUSDT,2023-12-05 17:00:00+00:00,2023-12-05 18:00:00+00:00,2023-12-06 18:00:00+00:00,B,0.9054078317255523,WINNER_EVENT,DISCOVERY_2021-11_2024-04,1,-0.01600186167619011
ALPINEUSDT,2023-12-06 13:00:00+00:00,2023-12-06 14:00:00+00:00,2023-12-07 14:00:00+00:00,A,0.9074215121158945,WINNER_EVENT,DISCOVERY_2021-11_2024-04,1,0.02533467712025983
RUNEUSDT,2023-12-07 09:00:00+00:00,2023-12-07 10:00:00+00:00,2023-12-08 10:00:00+00:00,C,0.8746041389322102,WINNER_EVENT,DISCOVERY_2021-11_2024-04,1,0.03417770249507357
LINKUSDT,2023-12-07 12:00:00+00:00,2023-12-07 13:00:00+00:00,2023-12-08 13:00:00+00:00,B,0.8779542690005833,WINNER_EVENT,DISCOVERY_2021-11_2024-04,1,0.09763000680891976
PENDLEUSDT,2023-12-08 09:00:00+00:00,2023-12-08 10:00:00+00:00,2023-12-09 10:00:00+00:00,A,0.9087897589579784,WINNER_EVENT,DISCOVERY_2021-11_2024-04,1,0.009421987458481773
DOGEUSDT,2023-12-09 23:00:00+00:00,2023-12-10 00:00:00+00:00,2023-12-11 00:00:00+00:00,C,0.840222670696337,WINNER_EVENT,DISCOVERY_2021-11_2024-04,1,0.03143284415810865
PENDLEUSDT,2023-12-09 23:00:00+00:00,2023-12-10 00:00:00+00:00,2023-12-11 00:00:00+00:00,C,0.8550522499805986,WINNER_EVENT,DISCOVERY_2021-11_2024-04,1,0.02257290170838533
SEIUSDT,2023-12-10 00:00:00+00:00,2023-12-10 01:00:00+00:00,2023-12-11 01:00:00+00:00,A,0.9469056180908858,WINNER_EVENT,DISCOVERY_2021-11_2024-04,1,-0.01766286672890338
STXUSDT,2023-12-10 00:00:00+00:00,2023-12-10 01:00:00+00:00,2023-12-11 01:00:00+00:00,B,0.8779441700481518,WINNER_EVENT,DISCOVERY_2021-11_2024-04,1,-0.014509892074705877
GTCUSDT,2023-12-10 17:00:00+00:00,2023-12-10 18:00:00+00:00,2023-12-11 18:00:00+00:00,B,0.8816155958345712,WINNER_EVENT,DISCOVERY_2021-11_2024-04,1,-0.09564127670931022
MOVRUSDT,2023-12-15 12:00:00+00:00,2023-12-15 13:00:00+00:00,2023-12-16 13:00:00+00:00,A,0.9003589751465239,WINNER_EVENT,DISCOVERY_2021-11_2024-04,1,0.02974195577744565
LDOUSDT,2023-12-15 14:00:00+00:00,2023-12-15 15:00:00+00:00,2023-12-16 15:00:00+00:00,C,0.839607533425187,SAME_TIME_CONTROL,DISCOVERY_2021-11_2024-04,0,-0.013399817122501823
HBARUSDT,2023-12-15 22:00:00+00:00,2023-12-15 23:00:00+00:00,2023-12-16 23:00:00+00:00,A,0.9044836832271044,SAME_TIME_CONTROL,DISCOVERY_2021-11_2024-04,0,-0.00915746133063311
IOTAUSDT,2023-12-16 00:00:00+00:00,2023-12-16 01:00:00+00:00,2023-12-17 01:00:00+00:00,A,0.9080776685446654,WINNER_EVENT,DISCOVERY_2021-11_2024-04,1,0.014145975542646072
AAVEUSDT,2023-12-16 00:00:00+00:00,2023-12-16 01:00:00+00:00,2023-12-17 01:00:00+00:00,A,0.8997540673544594,SAME_TIME_CONTROL,DISCOVERY_2021-11_2024-04,0,-0.024850217354246196
API3USDT,2023-12-16 06:00:00+00:00,2023-12-16 07:00:00+00:00,2023-12-17 07:00:00+00:00,A,0.9166576806625687,WINNER_EVENT,DISCOVERY_2021-11_2024-04,1,-0.005941736020845134
JTOUSDT,2023-12-17 13:00:00+00:00,2023-12-17 14:00:00+00:00,2023-12-18 14:00:00+00:00,B,0.8850299032031375,WINNER_EVENT,DISCOVERY_2021-11_2024-04,1,-0.11795239760492393
SUPERUSDT,2023-12-17 13:00:00+00:00,2023-12-17 14:00:00+00:00,2023-12-18 14:00:00+00:00,A,0.9034962631044943,WINNER_EVENT,DISCOVERY_2021-11_2024-04,1,-0.02075159597912002
IOTAUSDT,2023-12-17 13:00:00+00:00,2023-12-17 14:00:00+00:00,2023-12-18 14:00:00+00:00,C,0.8414617376588345,WINNER_EVENT,DISCOVERY_2021-11_2024-04,1,-0.07039458651516683
CRVUSDT,2023-12-19 18:00:00+00:00,2023-12-19 19:00:00+00:00,2023-12-20 19:00:00+00:00,C,0.8468042513491512,WINNER_EVENT,DISCOVERY_2021-11_2024-04,1,0.019816870090641148
TIAUSDT,2023-12-19 20:00:00+00:00,2023-12-19 21:00:00+00:00,2023-12-20 21:00:00+00:00,A,0.9145318979362459,WINNER_EVENT,DISCOVERY_2021-11_2024-04,1,0.11923970115488669
STXUSDT,2023-12-22 08:00:00+00:00,2023-12-22 09:00:00+00:00,2023-12-23 09:00:00+00:00,A,0.9392628655582025,WINNER_EVENT,DISCOVERY_2021-11_2024-04,1,0.07287678057290226
BONKUSDT,2023-12-22 09:00:00+00:00,2023-12-22 10:00:00+00:00,2023-12-23 10:00:00+00:00,A,0.929733722249386,WINNER_EVENT,DISCOVERY_2021-11_2024-04,1,-0.03252075733656179
TIAUSDT,2023-12-22 09:00:00+00:00,2023-12-22 10:00:00+00:00,2023-12-23 10:00:00+00:00,A,0.9063211283702136,SAME_TIME_CONTROL,DISCOVERY_2021-11_2024-04,0,0.005078601572068964
SEIUSDT,2023-12-22 12:00:00+00:00,2023-12-22 13:00:00+00:00,2023-12-23 13:00:00+00:00,C,0.8561209299621694,WINNER_EVENT,DISCOVERY_2021-11_2024-04,1,0.07195829328736636
AUCTIONUSDT,2023-12-22 14:00:00+00:00,2023-12-22 15:00:00+00:00,2023-12-23 15:00:00+00:00,A,0.8997028412267695,WINNER_EVENT,DISCOVERY_2021-11_2024-04,1,0.11971687129839315
ARUSDT,2023-12-22 14:00:00+00:00,2023-12-22 15:00:00+00:00,2023-12-23 15:00:00+00:00,A,0.9600544890012209,WINNER_EVENT,DISCOVERY_2021-11_2024-04,1,0.02611560098329746
QIUSDT,2023-12-23 00:00:00+00:00,2023-12-23 01:00:00+00:00,2023-12-24 01:00:00+00:00,A,0.9183479651962194,WINNER_EVENT,DISCOVERY_2021-11_2024-04,1,0.07953797942081975
BONKUSDT,2023-12-23 03:00:00+00:00,2023-12-23 04:00:00+00:00,2023-12-24 04:00:00+00:00,C,0.8400272463611501,WINNER_EVENT,DISCOVERY_2021-11_2024-04,1,0.07028099437017477
BONKUSDT,2023-12-25 00:00:00+00:00,2023-12-25 01:00:00+00:00,2023-12-26 01:00:00+00:00,C,0.866517313651019,WINNER_EVENT,DISCOVERY_2021-11_2024-04,1,0.031614953140193025
ICPUSDT,2023-12-25 08:00:00+00:00,2023-12-25 09:00:00+00:00,2023-12-26 09:00:00+00:00,A,0.925223454236952,WINNER_EVENT,DISCOVERY_2021-11_2024-04,1,-0.008937002712329556
AVAXUSDT,2023-12-25 08:00:00+00:00,2023-12-25 09:00:00+00:00,2023-12-26 09:00:00+00:00,A,0.9065845439049173,WINNER_EVENT,DISCOVERY_2021-11_2024-04,1,-0.007513652501581314
RUNEUSDT,2023-12-25 17:00:00+00:00,2023-12-25 18:00:00+00:00,2023-12-26 18:00:00+00:00,A,0.9231913722580386,WINNER_EVENT,DISCOVERY_2021-11_2024-04,1,-0.0481120457161297
ARUSDT,2023-12-29 00:00:00+00:00,2023-12-29 01:00:00+00:00,2023-12-30 01:00:00+00:00,C,0.8414563470972978,WINNER_EVENT,DISCOVERY_2021-11_2024-04,1,0.018499306468822585
ENJUSDT,2023-12-29 22:00:00+00:00,2023-12-29 23:00:00+00:00,2023-12-30 23:00:00+00:00,C,0.8547363401136583,SAME_TIME_CONTROL,DISCOVERY_2021-11_2024-04,0,-0.008934876726813368
RUNEUSDT,2023-12-30 19:00:00+00:00,2023-12-30 20:00:00+00:00,2023-12-31 20:00:00+00:00,C,0.8787382556560192,WINNER_EVENT,DISCOVERY_2021-11_2024-04,1,0.014615957862195605
QIUSDT,2023-12-31 03:00:00+00:00,2023-12-31 04:00:00+00:00,2024-01-01 04:00:00+00:00,A,0.9026679370180832,WINNER_EVENT,DISCOVERY_2021-11_2024-04,1,-0.048702008530406515
MOVRUSDT,2024-01-02 21:00:00+00:00,2024-01-02 22:00:00+00:00,2024-01-03 22:00:00+00:00,A,0.9197539120327077,WINNER_EVENT,DISCOVERY_2021-11_2024-04,1,0.039816494318683615
ZECUSDT,2024-01-04 10:00:00+00:00,2024-01-04 11:00:00+00:00,2024-01-05 11:00:00+00:00,A,0.9228484129083436,WINNER_EVENT,DISCOVERY_2021-11_2024-04,1,-0.04205341328635326
RAYUSDT,2024-01-05 08:00:00+00:00,2024-01-05 09:00:00+00:00,2024-01-06 09:00:00+00:00,A,0.9461479017567226,WINNER_EVENT,DISCOVERY_2021-11_2024-04,1,-0.08594319278246532
SUPERUSDT,2024-01-05 15:00:00+00:00,2024-01-05 16:00:00+00:00,2024-01-06 16:00:00+00:00,A,0.9446271947921615,WINNER_EVENT,DISCOVERY_2021-11_2024-04,1,-0.0019333555695700833
PHAUSDT,2024-01-08 03:00:00+00:00,2024-01-08 04:00:00+00:00,2024-01-09 04:00:00+00:00,A,0.9008487521791719,SAME_TIME_CONTROL,DISCOVERY_2021-11_2024-04,0,0.038068856129653605
NMRUSDT,2024-01-09 14:00:00+00:00,2024-01-09 15:00:00+00:00,2024-01-10 15:00:00+00:00,C,0.8471595055340759,WINNER_EVENT,DISCOVERY_2021-11_2024-04,1,-0.0017993390839060597
RUNEUSDT,2024-01-09 21:00:00+00:00,2024-01-09 22:00:00+00:00,2024-01-10 22:00:00+00:00,A,0.91067824305245,WINNER_EVENT,DISCOVERY_2021-11_2024-04,1,0.05380406027471363
RUNEUSDT,2024-01-12 02:00:00+00:00,2024-01-12 03:00:00+00:00,2024-01-13 03:00:00+00:00,A,0.9517552226699831,WINNER_EVENT,DISCOVERY_2021-11_2024-04,1,-0.07558694727307036
ICPUSDT,2024-01-12 07:00:00+00:00,2024-01-12 08:00:00+00:00,2024-01-13 08:00:00+00:00,C,0.8489362036578733,WINNER_EVENT,DISCOVERY_2021-11_2024-04,1,0.026775277000545827
AUCTIONUSDT,2024-01-12 10:00:00+00:00,2024-01-12 11:00:00+00:00,2024-01-13 11:00:00+00:00,A,0.9508650488366216,WINNER_EVENT,DISCOVERY_2021-11_2024-04,1,-0.07604603810300137
ALPINEUSDT,2024-01-15 12:00:00+00:00,2024-01-15 13:00:00+00:00,2024-01-16 13:00:00+00:00,C,0.8478679420957113,WINNER_EVENT,DISCOVERY_2021-11_2024-04,1,0.12895321031353602
ACEUSDT,2024-01-16 05:00:00+00:00,2024-01-16 06:00:00+00:00,2024-01-17 06:00:00+00:00,A,0.9290028983956374,WINNER_EVENT,DISCOVERY_2021-11_2024-04,1,-0.051462018354104466
PEOPLEUSDT,2024-01-16 11:00:00+00:00,2024-01-16 12:00:00+00:00,2024-01-17 12:00:00+00:00,A,0.9269224478327794,WINNER_EVENT,DISCOVERY_2021-11_2024-04,1,0.0077971121652034014
SUPERUSDT,2024-01-17 14:00:00+00:00,2024-01-17 15:00:00+00:00,2024-01-18 15:00:00+00:00,A,0.907250675856676,WINNER_EVENT,DISCOVERY_2021-11_2024-04,1,0.07763727457675662
BEAMXUSDT,2024-01-18 00:00:00+00:00,2024-01-18 01:00:00+00:00,2024-01-19 01:00:00+00:00,A,0.936336553537533,WINNER_EVENT,DISCOVERY_2021-11_2024-04,1,-0.08920652353752478
STXUSDT,2024-01-18 01:00:00+00:00,2024-01-18 02:00:00+00:00,2024-01-19 02:00:00+00:00,B,0.8918414168225604,WINNER_EVENT,DISCOVERY_2021-11_2024-04,1,-0.0494808884372393
WLDUSDT,2024-01-18 03:00:00+00:00,2024-01-18 04:00:00+00:00,2024-01-19 04:00:00+00:00,B,0.8997111371129678,WINNER_EVENT,DISCOVERY_2021-11_2024-04,1,-0.06507594917584536
COTIUSDT,2024-01-18 10:00:00+00:00,2024-01-18 11:00:00+00:00,2024-01-19 11:00:00+00:00,B,0.8840853154671788,WINNER_EVENT,DISCOVERY_2021-11_2024-04,1,-0.03653126652327243
TRBUSDT,2024-01-19 03:00:00+00:00,2024-01-19 04:00:00+00:00,2024-01-20 04:00:00+00:00,A,0.9007703044056339,WINNER_EVENT,DISCOVERY_2021-11_2024-04,1,-0.04939232996066545
SEIUSDT,2024-01-20 09:00:00+00:00,2024-01-20 10:00:00+00:00,2024-01-21 10:00:00+00:00,B,0.8780487947397405,WINNER_EVENT,DISCOVERY_2021-11_2024-04,1,0.028326384331338383
ARUSDT,2024-01-21 06:00:00+00:00,2024-01-21 07:00:00+00:00,2024-01-22 07:00:00+00:00,C,0.8454381629405555,WINNER_EVENT,DISCOVERY_2021-11_2024-04,1,-0.04023151029400307
ALPINEUSDT,2024-01-24 17:00:00+00:00,2024-01-24 18:00:00+00:00,2024-01-25 18:00:00+00:00,B,0.885500068895935,WINNER_EVENT,DISCOVERY_2021-11_2024-04,1,0.025560672877015023
SUPERUSDT,2024-01-25 14:00:00+00:00,2024-01-25 15:00:00+00:00,2024-01-26 15:00:00+00:00,A,0.9405401068978408,WINNER_EVENT,DISCOVERY_2021-11_2024-04,1,0.053930292827400805
SYNUSDT,2024-01-28 01:00:00+00:00,2024-01-28 02:00:00+00:00,2024-01-29 02:00:00+00:00,A,0.9471378717110664,WINNER_EVENT,DISCOVERY_2021-11_2024-04,1,-0.04121361401158308
STXUSDT,2024-01-29 00:00:00+00:00,2024-01-29 01:00:00+00:00,2024-01-30 01:00:00+00:00,B,0.8812594028562379,WINNER_EVENT,DISCOVERY_2021-11_2024-04,1,0.04326888784605187
LSKUSDT,2024-01-30 21:00:00+00:00,2024-01-30 22:00:00+00:00,2024-01-31 22:00:00+00:00,A,0.9060992001354846,WINNER_EVENT,DISCOVERY_2021-11_2024-04,1,-0.0366345657278796
SEIUSDT,2024-01-31 01:00:00+00:00,2024-01-31 02:00:00+00:00,2024-02-01 02:00:00+00:00,C,0.8506640852509719,WINNER_EVENT,DISCOVERY_2021-11_2024-04,1,-0.10174724802078061
SUIUSDT,2024-02-01 09:00:00+00:00,2024-02-01 10:00:00+00:00,2024-02-02 10:00:00+00:00,A,0.9312269114257572,WINNER_EVENT,DISCOVERY_2021-11_2024-04,1,0.016217387008473194
RAYUSDT,2024-02-01 11:00:00+00:00,2024-02-01 12:00:00+00:00,2024-02-02 12:00:00+00:00,A,0.9151691937375958,WINNER_EVENT,DISCOVERY_2021-11_2024-04,1,0.05221022560945343
LINKUSDT,2024-02-03 03:00:00+00:00,2024-02-03 04:00:00+00:00,2024-02-04 04:00:00+00:00,C,0.8678248419164424,WINNER_EVENT,DISCOVERY_2021-11_2024-04,1,0.017997057298547947
LSKUSDT,2024-02-03 10:00:00+00:00,2024-02-03 11:00:00+00:00,2024-02-04 11:00:00+00:00,A,0.9086748877069152,WINNER_EVENT,DISCOVERY_2021-11_2024-04,1,0.024719871394205395
BEAMXUSDT,2024-02-04 00:00:00+00:00,2024-02-04 01:00:00+00:00,2024-02-05 01:00:00+00:00,A,0.9008128243608576,WINNER_EVENT,DISCOVERY_2021-11_2024-04,1,-0.010676587638491775
ACEUSDT,2024-02-04 00:00:00+00:00,2024-02-04 01:00:00+00:00,2024-02-05 01:00:00+00:00,B,0.8786446266157256,SAME_TIME_CONTROL,DISCOVERY_2021-11_2024-04,0,-0.05345873738612961
TIAUSDT,2024-02-04 06:00:00+00:00,2024-02-04 07:00:00+00:00,2024-02-05 07:00:00+00:00,A,0.9140148766061904,WINNER_EVENT,DISCOVERY_2021-11_2024-04,1,0.05446281637918271
AIUSDT,2024-02-05 01:00:00+00:00,2024-02-05 02:00:00+00:00,2024-02-06 02:00:00+00:00,A,0.9177472484507351,WINNER_EVENT,DISCOVERY_2021-11_2024-04,1,0.006773000015704467
JTOUSDT,2024-02-05 01:00:00+00:00,2024-02-05 02:00:00+00:00,2024-02-06 02:00:00+00:00,A,0.9241748596832541,WINNER_EVENT,DISCOVERY_2021-11_2024-04,1,0.0062261256359941175
LSKUSDT,2024-02-05 02:00:00+00:00,2024-02-05 03:00:00+00:00,2024-02-06 03:00:00+00:00,C,0.8429107797559222,WINNER_EVENT,DISCOVERY_2021-11_2024-04,1,0.16429719778835317
AUCTIONUSDT,2024-02-06 04:00:00+00:00,2024-02-06 05:00:00+00:00,2024-02-07 05:00:00+00:00,A,0.9237547863569249,WINNER_EVENT,DISCOVERY_2021-11_2024-04,1,-0.02218313891703594
JTOUSDT,2024-02-06 12:00:00+00:00,2024-02-06 13:00:00+00:00,2024-02-07 13:00:00+00:00,A,0.9113499115974233,WINNER_EVENT,DISCOVERY_2021-11_2024-04,1,0.04754708372586958
SYNUSDT,2024-02-07 06:00:00+00:00,2024-02-07 07:00:00+00:00,2024-02-08 07:00:00+00:00,A,0.9048444971796009,WINNER_EVENT,DISCOVERY_2021-11_2024-04,1,0.09150521378680687
AUCTIONUSDT,2024-02-07 07:00:00+00:00,2024-02-07 08:00:00+00:00,2024-02-08 08:00:00+00:00,A,0.9160423864708951,WINNER_EVENT,DISCOVERY_2021-11_2024-04,1,0.013458007046281972
NMRUSDT,2024-02-08 03:00:00+00:00,2024-02-08 04:00:00+00:00,2024-02-09 04:00:00+00:00,A,0.9022878058887579,WINNER_EVENT,DISCOVERY_2021-11_2024-04,1,0.05208993921491345
COTIUSDT,2024-02-10 15:00:00+00:00,2024-02-10 16:00:00+00:00,2024-02-11 16:00:00+00:00,C,0.8736400331290042,WINNER_EVENT,DISCOVERY_2021-11_2024-04,1,0.007021208483041885
COTIUSDT,2024-02-11 08:00:00+00:00,2024-02-11 09:00:00+00:00,2024-02-12 09:00:00+00:00,A,0.9019608760718184,WINNER_EVENT,DISCOVERY_2021-11_2024-04,1,-0.029913228279507598
NMRUSDT,2024-02-11 14:00:00+00:00,2024-02-11 15:00:00+00:00,2024-02-12 15:00:00+00:00,A,0.9259015268952016,WINNER_EVENT,DISCOVERY_2021-11_2024-04,1,0.03209575026461642
PEPEUSDT,2024-02-11 15:00:00+00:00,2024-02-11 16:00:00+00:00,2024-02-12 16:00:00+00:00,C,0.8805623055181939,WINNER_EVENT,DISCOVERY_2021-11_2024-04,1,0.0372875046447354
PENDLEUSDT,2024-02-12 05:00:00+00:00,2024-02-12 06:00:00+00:00,2024-02-13 06:00:00+00:00,A,0.9218924059145763,WINNER_EVENT,DISCOVERY_2021-11_2024-04,1,0.027893931944496853
BONKUSDT,2024-02-12 10:00:00+00:00,2024-02-12 11:00:00+00:00,2024-02-13 11:00:00+00:00,A,0.9349547007971396,WINNER_EVENT,DISCOVERY_2021-11_2024-04,1,0.06246438582543301
AXSUSDT,2024-02-13 14:00:00+00:00,2024-02-13 15:00:00+00:00,2024-02-14 15:00:00+00:00,C,0.855337971494839,WINNER_EVENT,DISCOVERY_2021-11_2024-04,1,0.04359348983765776
SYNUSDT,2024-02-14 03:00:00+00:00,2024-02-14 04:00:00+00:00,2024-02-15 04:00:00+00:00,A,0.9283664702389187,WINNER_EVENT,DISCOVERY_2021-11_2024-04,1,0.04580698246904458
PEOPLEUSDT,2024-02-14 16:00:00+00:00,2024-02-14 17:00:00+00:00,2024-02-15 17:00:00+00:00,B,0.8801934989644692,WINNER_EVENT,DISCOVERY_2021-11_2024-04,1,0.0051460762030963725
AIUSDT,2024-02-15 16:00:00+00:00,2024-02-15 17:00:00+00:00,2024-02-16 17:00:00+00:00,A,0.9217074932022065,WINNER_EVENT,DISCOVERY_2021-11_2024-04,1,-0.045826556557769904
TIAUSDT,2024-02-15 19:00:00+00:00,2024-02-15 20:00:00+00:00,2024-02-16 20:00:00+00:00,A,0.9210773505810974,WINNER_EVENT,DISCOVERY_2021-11_2024-04,1,-0.01125076718221063
FETUSDT,2024-02-15 21:00:00+00:00,2024-02-15 22:00:00+00:00,2024-02-16 22:00:00+00:00,C,0.850596751926125,WINNER_EVENT,DISCOVERY_2021-11_2024-04,1,0.08738801306317634
API3USDT,2024-02-16 06:00:00+00:00,2024-02-16 07:00:00+00:00,2024-02-17 07:00:00+00:00,B,0.894118815605125,WINNER_EVENT,DISCOVERY_2021-11_2024-04,1,-0.04826193266048073
SOLUSDT,2024-02-16 14:00:00+00:00,2024-02-16 15:00:00+00:00,2024-02-17 15:00:00+00:00,C,0.8427476784117676,SAME_TIME_CONTROL,DISCOVERY_2021-11_2024-04,0,-0.02824762346067644
NMRUSDT,2024-02-17 01:00:00+00:00,2024-02-17 02:00:00+00:00,2024-02-18 02:00:00+00:00,B,0.8909001980170375,WINNER_EVENT,DISCOVERY_2021-11_2024-04,1,0.15908436983888574
SEIUSDT,2024-02-18 02:00:00+00:00,2024-02-18 03:00:00+00:00,2024-02-19 03:00:00+00:00,A,0.9008617495015795,WINNER_EVENT,DISCOVERY_2021-11_2024-04,1,0.06560162157990801
RUNEUSDT,2024-02-18 04:00:00+00:00,2024-02-18 05:00:00+00:00,2024-02-19 05:00:00+00:00,A,0.9387769034780366,WINNER_EVENT,DISCOVERY_2021-11_2024-04,1,0.029592426504262193
AUDIOUSDT,2024-02-18 16:00:00+00:00,2024-02-18 17:00:00+00:00,2024-02-19 17:00:00+00:00,B,0.8883165664730419,WINNER_EVENT,DISCOVERY_2021-11_2024-04,1,0.016709798058190506
BONKUSDT,2024-02-20 01:00:00+00:00,2024-02-20 02:00:00+00:00,2024-02-21 02:00:00+00:00,C,0.8459112423607007,WINNER_EVENT,DISCOVERY_2021-11_2024-04,1,-0.05257031437587567
TIAUSDT,2024-02-20 01:00:00+00:00,2024-02-20 02:00:00+00:00,2024-02-21 02:00:00+00:00,C,0.855058137556229,SAME_TIME_CONTROL,DISCOVERY_2021-11_2024-04,0,-0.039735957077670636
GTCUSDT,2024-02-20 02:00:00+00:00,2024-02-20 03:00:00+00:00,2024-02-21 03:00:00+00:00,A,0.9366287927508552,WINNER_EVENT,DISCOVERY_2021-11_2024-04,1,-0.031352452735813996
STXUSDT,2024-02-21 20:00:00+00:00,2024-02-21 21:00:00+00:00,2024-02-22 21:00:00+00:00,A,0.9240846731242854,WINNER_EVENT,DISCOVERY_2021-11_2024-04,1,0.022596678895273392
SYNUSDT,2024-02-23 16:00:00+00:00,2024-02-23 17:00:00+00:00,2024-02-24 17:00:00+00:00,A,0.901186070983797,SAME_TIME_CONTROL,DISCOVERY_2021-11_2024-04,0,0.05231147800073965
AUCTIONUSDT,2024-02-23 16:00:00+00:00,2024-02-23 17:00:00+00:00,2024-02-24 17:00:00+00:00,A,0.9011718926126144,SAME_TIME_CONTROL,DISCOVERY_2021-11_2024-04,0,-0.0026330899427611243
FETUSDT,2024-02-24 08:00:00+00:00,2024-02-24 09:00:00+00:00,2024-02-25 09:00:00+00:00,A,0.907453282602037,WINNER_EVENT,DISCOVERY_2021-11_2024-04,1,0.10878585127415552
ACEUSDT,2024-02-25 00:00:00+00:00,2024-02-25 01:00:00+00:00,2024-02-26 01:00:00+00:00,A,0.9059969247005427,WINNER_EVENT,DISCOVERY_2021-11_2024-04,1,0.078873557671292
AXSUSDT,2024-02-25 04:00:00+00:00,2024-02-25 05:00:00+00:00,2024-02-26 05:00:00+00:00,B,0.8828763311504139,WINNER_EVENT,DISCOVERY_2021-11_2024-04,1,0.028160885216732323
BEAMXUSDT,2024-02-25 10:00:00+00:00,2024-02-25 11:00:00+00:00,2024-02-26 11:00:00+00:00,A,0.9353944138653271,WINNER_EVENT,DISCOVERY_2021-11_2024-04,1,0.019542144253926308
NEARUSDT,2024-02-25 11:00:00+00:00,2024-02-25 12:00:00+00:00,2024-02-26 12:00:00+00:00,A,0.9334941746410008,WINNER_EVENT,DISCOVERY_2021-11_2024-04,1,0.008324902644166743
BONKUSDT,2024-02-25 13:00:00+00:00,2024-02-25 14:00:00+00:00,2024-02-26 14:00:00+00:00,C,0.8663607160834748,WINNER_EVENT,DISCOVERY_2021-11_2024-04,1,0.020351521085542723
TIAUSDT,2024-02-26 02:00:00+00:00,2024-02-26 03:00:00+00:00,2024-02-27 03:00:00+00:00,A,0.930809112524248,WINNER_EVENT,DISCOVERY_2021-11_2024-04,1,0.03646668961855526
HBARUSDT,2024-02-27 15:00:00+00:00,2024-02-27 16:00:00+00:00,2024-02-28 16:00:00+00:00,C,0.8455634511989046,WINNER_EVENT,DISCOVERY_2021-11_2024-04,1,0.053212696400806836
SUIUSDT,2024-02-27 16:00:00+00:00,2024-02-27 17:00:00+00:00,2024-02-28 17:00:00+00:00,A,0.9093873346418613,WINNER_EVENT,DISCOVERY_2021-11_2024-04,1,0.05483987420457659
CVXUSDT,2024-02-27 23:00:00+00:00,2024-02-28 00:00:00+00:00,2024-02-29 00:00:00+00:00,A,0.9277654252629906,WINNER_EVENT,DISCOVERY_2021-11_2024-04,1,-0.006561896521328436
BEAMXUSDT,2024-02-28 01:00:00+00:00,2024-02-28 02:00:00+00:00,2024-02-29 02:00:00+00:00,A,0.9113396913158096,WINNER_EVENT,DISCOVERY_2021-11_2024-04,1,-0.015016552078075174
AUDIOUSDT,2024-02-28 09:00:00+00:00,2024-02-28 10:00:00+00:00,2024-02-29 10:00:00+00:00,A,0.935461191591561,WINNER_EVENT,DISCOVERY_2021-11_2024-04,1,0.06594235201381449
FILUSDT,2024-03-01 15:00:00+00:00,2024-03-01 16:00:00+00:00,2024-03-02 16:00:00+00:00,C,0.8643171555609018,WINNER_EVENT,DISCOVERY_2021-11_2024-04,1,0.08598486836442598
LDOUSDT,2024-03-01 19:00:00+00:00,2024-03-01 20:00:00+00:00,2024-03-02 20:00:00+00:00,A,0.9131864684030692,WINNER_EVENT,DISCOVERY_2021-11_2024-04,1,0.019711854945923424
JTOUSDT,2024-03-02 01:00:00+00:00,2024-03-02 02:00:00+00:00,2024-03-03 02:00:00+00:00,B,0.8819272059671901,WINNER_EVENT,DISCOVERY_2021-11_2024-04,1,0.04587885204463027
ARUSDT,2024-03-02 08:00:00+00:00,2024-03-02 09:00:00+00:00,2024-03-03 09:00:00+00:00,A,0.9001995572269865,WINNER_EVENT,DISCOVERY_2021-11_2024-04,1,0.26034274648302747
SYNUSDT,2024-03-02 08:00:00+00:00,2024-03-02 09:00:00+00:00,2024-03-03 09:00:00+00:00,A,0.9442293228573602,WINNER_EVENT,DISCOVERY_2021-11_2024-04,1,0.01667366960097505
CVXUSDT,2024-03-02 10:00:00+00:00,2024-03-02 11:00:00+00:00,2024-03-03 11:00:00+00:00,C,0.847416518799832,WINNER_EVENT,DISCOVERY_2021-11_2024-04,1,-0.0021849324844167572
MOVRUSDT,2024-03-02 14:00:00+00:00,2024-03-02 15:00:00+00:00,2024-03-03 15:00:00+00:00,A,0.9022322415703677,WINNER_EVENT,DISCOVERY_2021-11_2024-04,1,0.03977769850878543
WLDUSDT,2024-03-02 14:00:00+00:00,2024-03-02 15:00:00+00:00,2024-03-03 15:00:00+00:00,B,0.8966198339293644,WINNER_EVENT,DISCOVERY_2021-11_2024-04,1,0.05778304394217004
BEAMXUSDT,2024-03-02 22:00:00+00:00,2024-03-02 23:00:00+00:00,2024-03-03 23:00:00+00:00,A,0.9290049612317102,WINNER_EVENT,DISCOVERY_2021-11_2024-04,1,-0.03038432484624687
CVXUSDT,2024-03-03 18:00:00+00:00,2024-03-03 19:00:00+00:00,2024-03-04 19:00:00+00:00,A,0.9034231857630037,WINNER_EVENT,DISCOVERY_2021-11_2024-04,1,0.07437963662924463
NMRUSDT,2024-03-04 01:00:00+00:00,2024-03-04 02:00:00+00:00,2024-03-05 02:00:00+00:00,A,0.9016975616714024,WINNER_EVENT,DISCOVERY_2021-11_2024-04,1,0.016781713438052792
AIUSDT,2024-03-04 01:00:00+00:00,2024-03-04 02:00:00+00:00,2024-03-05 02:00:00+00:00,A,0.9221414648862252,WINNER_EVENT,DISCOVERY_2021-11_2024-04,1,-0.04091551235913515
ONEUSDT,2024-03-04 11:00:00+00:00,2024-03-04 12:00:00+00:00,2024-03-05 12:00:00+00:00,A,0.9126413513880197,WINNER_EVENT,DISCOVERY_2021-11_2024-04,1,0.1156486851243026
SEIUSDT,2024-03-04 13:00:00+00:00,2024-03-04 14:00:00+00:00,2024-03-05 14:00:00+00:00,C,0.8393233336866838,WINNER_EVENT,DISCOVERY_2021-11_2024-04,1,0.0026027844147884505
FILUSDT,2024-03-04 13:00:00+00:00,2024-03-04 14:00:00+00:00,2024-03-05 14:00:00+00:00,B,0.9046575438897876,WINNER_EVENT,DISCOVERY_2021-11_2024-04,1,0.03069805056372865
INJUSDT,2024-03-04 15:00:00+00:00,2024-03-04 16:00:00+00:00,2024-03-05 16:00:00+00:00,B,0.8914545998299608,WINNER_EVENT,DISCOVERY_2021-11_2024-04,1,0.07763515350992489
PHAUSDT,2024-03-05 02:00:00+00:00,2024-03-05 03:00:00+00:00,2024-03-06 03:00:00+00:00,C,0.8431126180005433,WINNER_EVENT,DISCOVERY_2021-11_2024-04,1,-0.08232431609380908
WLDUSDT,2024-03-05 03:00:00+00:00,2024-03-05 04:00:00+00:00,2024-03-06 04:00:00+00:00,A,0.9506241180700594,WINNER_EVENT,DISCOVERY_2021-11_2024-04,1,-0.10787754419387097
UNIUSDT,2024-03-07 13:00:00+00:00,2024-03-07 14:00:00+00:00,2024-03-08 14:00:00+00:00,A,0.9656740421039496,WINNER_EVENT,DISCOVERY_2021-11_2024-04,1,0.010502276540527822
SUNUSDT,2024-03-08 14:00:00+00:00,2024-03-08 15:00:00+00:00,2024-03-09 15:00:00+00:00,A,0.9289351867376998,WINNER_EVENT,DISCOVERY_2021-11_2024-04,1,0.09932079793711579
INJUSDT,2024-03-08 18:00:00+00:00,2024-03-08 19:00:00+00:00,2024-03-09 19:00:00+00:00,B,0.905730213156364,WINNER_EVENT,DISCOVERY_2021-11_2024-04,1,-0.012637715058264831
RUNEUSDT,2024-03-08 21:00:00+00:00,2024-03-08 22:00:00+00:00,2024-03-09 22:00:00+00:00,B,0.8930602346079364,WINNER_EVENT,DISCOVERY_2021-11_2024-04,1,0.06679480938851268
SUPERUSDT,2024-03-09 00:00:00+00:00,2024-03-09 01:00:00+00:00,2024-03-10 01:00:00+00:00,A,0.9488167913066926,WINNER_EVENT,DISCOVERY_2021-11_2024-04,1,-0.01481635799385439
UNIUSDT,2024-03-09 10:00:00+00:00,2024-03-09 11:00:00+00:00,2024-03-10 11:00:00+00:00,B,0.8818001487358205,WINNER_EVENT,DISCOVERY_2021-11_2024-04,1,-0.001081596864828338
DASHUSDT,2024-03-10 05:00:00+00:00,2024-03-10 06:00:00+00:00,2024-03-11 06:00:00+00:00,B,0.8790439491176906,WINNER_EVENT,DISCOVERY_2021-11_2024-04,1,-0.010751374588778395
ARUSDT,2024-03-10 15:00:00+00:00,2024-03-10 16:00:00+00:00,2024-03-11 16:00:00+00:00,C,0.8607941944167173,WINNER_EVENT,DISCOVERY_2021-11_2024-04,1,0.002753799852618144
SYNUSDT,2024-03-11 01:00:00+00:00,2024-03-11 02:00:00+00:00,2024-03-12 02:00:00+00:00,C,0.8416073400483828,WINNER_EVENT,DISCOVERY_2021-11_2024-04,1,0.12549842263071787
COTIUSDT,2024-03-11 06:00:00+00:00,2024-03-11 07:00:00+00:00,2024-03-12 07:00:00+00:00,A,0.9323477631316427,WINNER_EVENT,DISCOVERY_2021-11_2024-04,1,-0.052357104213094696
BCHUSDT,2024-03-12 17:00:00+00:00,2024-03-12 18:00:00+00:00,2024-03-13 18:00:00+00:00,A,0.9223698903913458,WINNER_EVENT,DISCOVERY_2021-11_2024-04,1,0.020759496871759486
DOGEUSDT,2024-03-12 17:00:00+00:00,2024-03-12 18:00:00+00:00,2024-03-13 18:00:00+00:00,A,0.9307526918274229,WINNER_EVENT,DISCOVERY_2021-11_2024-04,1,0.01134641495820854
WLDUSDT,2024-03-13 14:00:00+00:00,2024-03-13 15:00:00+00:00,2024-03-14 15:00:00+00:00,C,0.8611212209793002,WINNER_EVENT,DISCOVERY_2021-11_2024-04,1,0.026474696727130764
ARUSDT,2024-03-13 20:00:00+00:00,2024-03-13 21:00:00+00:00,2024-03-14 21:00:00+00:00,C,0.8721211799954759,WINNER_EVENT,DISCOVERY_2021-11_2024-04,1,0.04348026748281564
FILUSDT,2024-03-13 21:00:00+00:00,2024-03-13 22:00:00+00:00,2024-03-14 22:00:00+00:00,A,0.9536161936629577,WINNER_EVENT,DISCOVERY_2021-11_2024-04,1,0.005714883486683142
GLMRUSDT,2024-03-14 03:00:00+00:00,2024-03-14 04:00:00+00:00,2024-03-15 04:00:00+00:00,B,0.9058142691802188,WINNER_EVENT,DISCOVERY_2021-11_2024-04,1,-0.09346695734486787
SYNUSDT,2024-03-15 16:00:00+00:00,2024-03-15 17:00:00+00:00,2024-03-16 17:00:00+00:00,C,0.8887071271852224,WINNER_EVENT,DISCOVERY_2021-11_2024-04,1,-0.033319825930567926
DOTUSDT,2024-03-17 00:00:00+00:00,2024-03-17 01:00:00+00:00,2024-03-18 01:00:00+00:00,C,0.8534809190203299,WINNER_EVENT,DISCOVERY_2021-11_2024-04,1,0.027454569060183287
SEIUSDT,2024-03-17 13:00:00+00:00,2024-03-17 14:00:00+00:00,2024-03-18 14:00:00+00:00,A,0.9724690096385951,WINNER_EVENT,DISCOVERY_2021-11_2024-04,1,-0.017123335653729366
NMRUSDT,2024-03-18 17:00:00+00:00,2024-03-18 18:00:00+00:00,2024-03-19 18:00:00+00:00,A,0.9046105193592602,WINNER_EVENT,DISCOVERY_2021-11_2024-04,1,-0.008872336925816904
FETUSDT,2024-03-22 00:00:00+00:00,2024-03-22 01:00:00+00:00,2024-03-23 01:00:00+00:00,A,0.902059887176631,WINNER_EVENT,DISCOVERY_2021-11_2024-04,1,-0.033061985785864945
SOLUSDT,2024-03-22 01:00:00+00:00,2024-03-22 02:00:00+00:00,2024-03-23 02:00:00+00:00,C,0.8426893887382202,WINNER_EVENT,DISCOVERY_2021-11_2024-04,1,0.010147787802778918
QIUSDT,2024-03-24 04:00:00+00:00,2024-03-24 05:00:00+00:00,2024-03-25 05:00:00+00:00,A,0.9098928762223526,WINNER_EVENT,DISCOVERY_2021-11_2024-04,1,0.04644580638966023
SUIUSDT,2024-03-24 05:00:00+00:00,2024-03-24 06:00:00+00:00,2024-03-25 06:00:00+00:00,A,0.9330685566398447,WINNER_EVENT,DISCOVERY_2021-11_2024-04,1,0.04154799396974229
TIAUSDT,2024-03-24 05:00:00+00:00,2024-03-24 06:00:00+00:00,2024-03-25 06:00:00+00:00,C,0.8676904128077904,WINNER_EVENT,DISCOVERY_2021-11_2024-04,1,0.036102710236231905
STXUSDT,2024-03-26 19:00:00+00:00,2024-03-26 20:00:00+00:00,2024-03-27 20:00:00+00:00,C,0.8435359922521091,WINNER_EVENT,DISCOVERY_2021-11_2024-04,1,-0.034644594650172666
RAYUSDT,2024-03-27 03:00:00+00:00,2024-03-27 04:00:00+00:00,2024-03-28 04:00:00+00:00,A,0.9217758194413181,WINNER_EVENT,DISCOVERY_2021-11_2024-04,1,-0.024848727694134154
ETCUSDT,2024-03-27 07:00:00+00:00,2024-03-27 08:00:00+00:00,2024-03-28 08:00:00+00:00,C,0.8418277855882045,SAME_TIME_CONTROL,DISCOVERY_2021-11_2024-04,0,0.019678001901040965
ARKUSDT,2024-03-28 03:00:00+00:00,2024-03-28 04:00:00+00:00,2024-03-29 04:00:00+00:00,A,0.9233352197705726,WINNER_EVENT,DISCOVERY_2021-11_2024-04,1,0.012299180192080206
MEMEUSDT,2024-03-28 03:00:00+00:00,2024-03-28 04:00:00+00:00,2024-03-29 04:00:00+00:00,B,0.8853362107487898,WINNER_EVENT,DISCOVERY_2021-11_2024-04,1,0.05074413263228217
PEPEUSDT,2024-03-28 03:00:00+00:00,2024-03-28 04:00:00+00:00,2024-03-29 04:00:00+00:00,C,0.840005881552811,WINNER_EVENT,DISCOVERY_2021-11_2024-04,1,0.051580174708864224
LSKUSDT,2024-03-28 03:00:00+00:00,2024-03-28 04:00:00+00:00,2024-03-29 04:00:00+00:00,A,0.9333512101295715,WINNER_EVENT,DISCOVERY_2021-11_2024-04,1,0.025168463534026575
SUIUSDT,2024-03-28 08:00:00+00:00,2024-03-28 09:00:00+00:00,2024-03-29 09:00:00+00:00,C,0.8505782299480176,WINNER_EVENT,DISCOVERY_2021-11_2024-04,1,0.06769980969680245
ATOMUSDT,2024-03-29 00:00:00+00:00,2024-03-29 01:00:00+00:00,2024-03-30 01:00:00+00:00,C,0.8591890804981845,WINNER_EVENT,DISCOVERY_2021-11_2024-04,1,0.018408557163516193
PHAUSDT,2024-03-29 00:00:00+00:00,2024-03-29 01:00:00+00:00,2024-03-30 01:00:00+00:00,B,0.8839084960939221,WINNER_EVENT,DISCOVERY_2021-11_2024-04,1,0.01474747516209951
ZECUSDT,2024-03-29 01:00:00+00:00,2024-03-29 02:00:00+00:00,2024-03-30 02:00:00+00:00,B,0.9086692431370714,WINNER_EVENT,DISCOVERY_2021-11_2024-04,1,0.0009297093019013936
IOTAUSDT,2024-03-29 04:00:00+00:00,2024-03-29 05:00:00+00:00,2024-03-30 05:00:00+00:00,C,0.8554273582627939,WINNER_EVENT,DISCOVERY_2021-11_2024-04,1,0.025316995620890514
WLDUSDT,2024-03-29 15:00:00+00:00,2024-03-29 16:00:00+00:00,2024-03-30 16:00:00+00:00,B,0.879771501116199,WINNER_EVENT,DISCOVERY_2021-11_2024-04,1,0.007355301523568114
FETUSDT,2024-03-30 05:00:00+00:00,2024-03-30 06:00:00+00:00,2024-03-31 06:00:00+00:00,A,0.9174647846476323,WINNER_EVENT,DISCOVERY_2021-11_2024-04,1,0.08025185700259985
PHAUSDT,2024-03-30 14:00:00+00:00,2024-03-30 15:00:00+00:00,2024-03-31 15:00:00+00:00,C,0.8439259331688136,WINNER_EVENT,DISCOVERY_2021-11_2024-04,1,0.11765107729009894
DOGEUSDT,2024-03-30 16:00:00+00:00,2024-03-30 17:00:00+00:00,2024-03-31 17:00:00+00:00,A,0.9378097429510843,WINNER_EVENT,DISCOVERY_2021-11_2024-04,1,0.05141724877674059
ARUSDT,2024-03-30 16:00:00+00:00,2024-03-30 17:00:00+00:00,2024-03-31 17:00:00+00:00,A,0.9209135888251883,WINNER_EVENT,DISCOVERY_2021-11_2024-04,1,0.0188774856441154
FILUSDT,2024-03-30 20:00:00+00:00,2024-03-30 21:00:00+00:00,2024-03-31 21:00:00+00:00,B,0.8902271904055065,WINNER_EVENT,DISCOVERY_2021-11_2024-04,1,0.03468473621443291
VETUSDT,2024-03-30 20:00:00+00:00,2024-03-30 21:00:00+00:00,2024-03-31 21:00:00+00:00,B,0.8941699283494381,WINNER_EVENT,DISCOVERY_2021-11_2024-04,1,0.01554930820988698
INJUSDT,2024-03-30 20:00:00+00:00,2024-03-30 21:00:00+00:00,2024-03-31 21:00:00+00:00,C,0.8463424256991083,WINNER_EVENT,DISCOVERY_2021-11_2024-04,1,0.01158138805825315
ALICEUSDT,2024-03-30 21:00:00+00:00,2024-03-30 22:00:00+00:00,2024-03-31 22:00:00+00:00,C,0.8563680049704829,WINNER_EVENT,DISCOVERY_2021-11_2024-04,1,0.03541237256321961
AUDIOUSDT,2024-03-30 21:00:00+00:00,2024-03-30 22:00:00+00:00,2024-03-31 22:00:00+00:00,C,0.8453865925463852,SAME_TIME_CONTROL,DISCOVERY_2021-11_2024-04,0,0.009739342083590286
LSKUSDT,2024-03-30 22:00:00+00:00,2024-03-30 23:00:00+00:00,2024-03-31 23:00:00+00:00,C,0.8413265446721505,WINNER_EVENT,DISCOVERY_2021-11_2024-04,1,0.022674023456845438
CHZUSDT,2024-03-30 22:00:00+00:00,2024-03-30 23:00:00+00:00,2024-03-31 23:00:00+00:00,C,0.8517030213166058,WINNER_EVENT,DISCOVERY_2021-11_2024-04,1,0.02374249878594914
STXUSDT,2024-03-31 03:00:00+00:00,2024-03-31 04:00:00+00:00,2024-04-01 04:00:00+00:00,B,0.9054868007437217,WINNER_EVENT,DISCOVERY_2021-11_2024-04,1,0.010090161236349982
OPUSDT,2024-03-31 03:00:00+00:00,2024-03-31 04:00:00+00:00,2024-04-01 04:00:00+00:00,B,0.8781374884349467,WINNER_EVENT,DISCOVERY_2021-11_2024-04,1,-0.00244573711934315
ALPINEUSDT,2024-03-31 03:00:00+00:00,2024-03-31 04:00:00+00:00,2024-04-01 04:00:00+00:00,C,0.8947406853617627,WINNER_EVENT,DISCOVERY_2021-11_2024-04,1,0.022751531767583932
LTCUSDT,2024-04-03 18:00:00+00:00,2024-04-03 19:00:00+00:00,2024-04-04 19:00:00+00:00,A,0.9262120355058817,WINNER_EVENT,DISCOVERY_2021-11_2024-04,1,0.01596399133312132
LDOUSDT,2024-04-06 12:00:00+00:00,2024-04-06 13:00:00+00:00,2024-04-07 13:00:00+00:00,B,0.904823919002618,WINNER_EVENT,DISCOVERY_2021-11_2024-04,1,0.03848051375298067
LSKUSDT,2024-04-08 00:00:00+00:00,2024-04-08 01:00:00+00:00,2024-04-09 01:00:00+00:00,A,0.899339064457209,WINNER_EVENT,DISCOVERY_2021-11_2024-04,1,0.043278964976344314
JTOUSDT,2024-04-08 03:00:00+00:00,2024-04-08 04:00:00+00:00,2024-04-09 04:00:00+00:00,A,0.9258371289820151,WINNER_EVENT,DISCOVERY_2021-11_2024-04,1,0.08126289947076737
ZENUSDT,2024-04-08 06:00:00+00:00,2024-04-08 07:00:00+00:00,2024-04-09 07:00:00+00:00,C,0.867906825310902,WINNER_EVENT,DISCOVERY_2021-11_2024-04,1,0.012072572762001466
SYNUSDT,2024-04-11 21:00:00+00:00,2024-04-11 22:00:00+00:00,2024-04-12 22:00:00+00:00,C,0.8528815548997717,WINNER_EVENT,DISCOVERY_2021-11_2024-04,1,-0.14408104695508162
BCHUSDT,2024-04-14 03:00:00+00:00,2024-04-14 04:00:00+00:00,2024-04-15 04:00:00+00:00,A,0.9635843068474913,WINNER_EVENT,DISCOVERY_2021-11_2024-04,1,0.13069911605625406
ARUSDT,2024-04-14 03:00:00+00:00,2024-04-14 04:00:00+00:00,2024-04-15 04:00:00+00:00,A,0.9045763644301319,WINNER_EVENT,DISCOVERY_2021-11_2024-04,1,0.12393506616226091
AUDIOUSDT,2024-04-14 20:00:00+00:00,2024-04-14 21:00:00+00:00,2024-04-15 21:00:00+00:00,C,0.8519165698559936,WINNER_EVENT,DISCOVERY_2021-11_2024-04,1,-0.020320134917824695
PENDLEUSDT,2024-04-21 13:00:00+00:00,2024-04-21 14:00:00+00:00,2024-04-22 14:00:00+00:00,B,0.8841091031291656,WINNER_EVENT,DISCOVERY_2021-11_2024-04,1,0.11660431929240866
ARKUSDT,2024-04-21 16:00:00+00:00,2024-04-21 17:00:00+00:00,2024-04-22 17:00:00+00:00,C,0.84386172887805,WINNER_EVENT,DISCOVERY_2021-11_2024-04,1,0.07852139545056991
JTOUSDT,2024-04-22 21:00:00+00:00,2024-04-22 22:00:00+00:00,2024-04-23 22:00:00+00:00,A,0.9183859751283224,WINNER_EVENT,DISCOVERY_2021-11_2024-04,1,-0.07175443591718189
ACEUSDT,2024-04-27 15:00:00+00:00,2024-04-27 16:00:00+00:00,2024-04-28 16:00:00+00:00,A,0.9427041942959223,WINNER_EVENT,DISCOVERY_2021-11_2024-04,1,0.015906810455447173
TIAUSDT,2024-04-29 16:00:00+00:00,2024-04-29 17:00:00+00:00,2024-04-30 17:00:00+00:00,A,0.8996760499059575,WINNER_EVENT,DISCOVERY_2021-11_2024-04,1,-0.02945528482919013
TRBUSDT,2024-05-01 13:00:00+00:00,2024-05-01 14:00:00+00:00,2024-05-02 14:00:00+00:00,A,0.9052394006954035,WINNER_EVENT,VALIDATION_2024-05_2025-12,1,0.18310903581504245
INJUSDT,2024-05-05 01:00:00+00:00,2024-05-05 02:00:00+00:00,2024-05-06 02:00:00+00:00,B,0.8828808342736142,SAME_TIME_CONTROL,VALIDATION_2024-05_2025-12,0,-0.0025824959259235225
ONEUSDT,2024-05-05 01:00:00+00:00,2024-05-05 02:00:00+00:00,2024-05-06 02:00:00+00:00,B,0.8882260326956056,WINNER_EVENT,VALIDATION_2024-05_2025-12,1,0.03745819536460426
PHAUSDT,2024-05-05 03:00:00+00:00,2024-05-05 04:00:00+00:00,2024-05-06 04:00:00+00:00,A,0.9313690005588778,WINNER_EVENT,VALIDATION_2024-05_2025-12,1,0.07560204131842752
JTOUSDT,2024-05-05 06:00:00+00:00,2024-05-05 07:00:00+00:00,2024-05-06 07:00:00+00:00,A,0.9183376655873501,WINNER_EVENT,VALIDATION_2024-05_2025-12,1,0.0317260443242231
APEUSDT,2024-05-08 07:00:00+00:00,2024-05-08 08:00:00+00:00,2024-05-09 08:00:00+00:00,C,0.8415714421950548,WINNER_EVENT,VALIDATION_2024-05_2025-12,1,0.02197121833046789
GLMRUSDT,2024-05-08 07:00:00+00:00,2024-05-08 08:00:00+00:00,2024-05-09 08:00:00+00:00,C,0.8525645334260251,WINNER_EVENT,VALIDATION_2024-05_2025-12,1,0.01750299198916272
BONKUSDT,2024-05-08 09:00:00+00:00,2024-05-08 10:00:00+00:00,2024-05-09 10:00:00+00:00,A,0.9427492550586924,WINNER_EVENT,VALIDATION_2024-05_2025-12,1,0.001685267031467319
JTOUSDT,2024-05-08 09:00:00+00:00,2024-05-08 10:00:00+00:00,2024-05-09 10:00:00+00:00,A,0.9151298953088207,WINNER_EVENT,VALIDATION_2024-05_2025-12,1,0.02842947478967317
SUIUSDT,2024-05-09 03:00:00+00:00,2024-05-09 04:00:00+00:00,2024-05-10 04:00:00+00:00,A,0.9293056198990818,WINNER_EVENT,VALIDATION_2024-05_2025-12,1,0.05546209756175147
ICPUSDT,2024-05-09 04:00:00+00:00,2024-05-09 05:00:00+00:00,2024-05-10 05:00:00+00:00,A,0.9010857881556608,WINNER_EVENT,VALIDATION_2024-05_2025-12,1,0.03360328840038207
JTOUSDT,2024-05-11 01:00:00+00:00,2024-05-11 02:00:00+00:00,2024-05-12 02:00:00+00:00,A,0.938436649586842,WINNER_EVENT,VALIDATION_2024-05_2025-12,1,0.04950550583722668
RUNEUSDT,2024-05-11 08:00:00+00:00,2024-05-11 09:00:00+00:00,2024-05-12 09:00:00+00:00,A,0.8996962280958065,WINNER_EVENT,VALIDATION_2024-05_2025-12,1,0.0099391664571713
ARUSDT,2024-05-11 16:00:00+00:00,2024-05-11 17:00:00+00:00,2024-05-12 17:00:00+00:00,A,0.9263401037511066,WINNER_EVENT,VALIDATION_2024-05_2025-12,1,0.07446770430436911
JTOUSDT,2024-05-13 06:00:00+00:00,2024-05-13 07:00:00+00:00,2024-05-14 07:00:00+00:00,A,0.9347656476356058,WINNER_EVENT,VALIDATION_2024-05_2025-12,1,0.046058890205516345
QIUSDT,2024-05-13 12:00:00+00:00,2024-05-13 13:00:00+00:00,2024-05-14 13:00:00+00:00,A,0.9467190170107672,WINNER_EVENT,VALIDATION_2024-05_2025-12,1,0.017589967024569386
LDOUSDT,2024-05-14 00:00:00+00:00,2024-05-14 01:00:00+00:00,2024-05-15 01:00:00+00:00,C,0.8535602341997967,WINNER_EVENT,VALIDATION_2024-05_2025-12,1,-0.023690348236865888
ACEUSDT,2024-05-15 11:00:00+00:00,2024-05-15 12:00:00+00:00,2024-05-16 12:00:00+00:00,B,0.9094160770940449,WINNER_EVENT,VALIDATION_2024-05_2025-12,1,0.10508086275080863
SYNUSDT,2024-05-16 19:00:00+00:00,2024-05-16 20:00:00+00:00,2024-05-17 20:00:00+00:00,A,0.9265450317990578,WINNER_EVENT,VALIDATION_2024-05_2025-12,1,0.059126327421699765
STXUSDT,2024-05-17 01:00:00+00:00,2024-05-17 02:00:00+00:00,2024-05-18 02:00:00+00:00,B,0.904646542002261,WINNER_EVENT,VALIDATION_2024-05_2025-12,1,0.09811920821732256
GLMRUSDT,2024-05-18 13:00:00+00:00,2024-05-18 14:00:00+00:00,2024-05-19 14:00:00+00:00,B,0.8912087975642279,WINNER_EVENT,VALIDATION_2024-05_2025-12,1,0.0014454947322593004
PEPEUSDT,2024-05-18 14:00:00+00:00,2024-05-18 15:00:00+00:00,2024-05-19 15:00:00+00:00,B,0.8865608083494947,WINNER_EVENT,VALIDATION_2024-05_2025-12,1,-0.02558136758512286
MEMEUSDT,2024-05-18 14:00:00+00:00,2024-05-18 15:00:00+00:00,2024-05-19 15:00:00+00:00,A,0.9417509250880828,WINNER_EVENT,VALIDATION_2024-05_2025-12,1,-0.010208560270747569
NEARUSDT,2024-05-19 11:00:00+00:00,2024-05-19 12:00:00+00:00,2024-05-20 12:00:00+00:00,C,0.8439868204201364,WINNER_EVENT,VALIDATION_2024-05_2025-12,1,0.01125842300367097
ARUSDT,2024-05-19 11:00:00+00:00,2024-05-19 12:00:00+00:00,2024-05-20 12:00:00+00:00,C,0.8473814169927405,WINNER_EVENT,VALIDATION_2024-05_2025-12,1,0.021276462694191256
LSKUSDT,2024-05-20 00:00:00+00:00,2024-05-20 01:00:00+00:00,2024-05-21 01:00:00+00:00,A,0.9279546873112563,WINNER_EVENT,VALIDATION_2024-05_2025-12,1,0.049841138486907965
TIAUSDT,2024-05-20 01:00:00+00:00,2024-05-20 02:00:00+00:00,2024-05-21 02:00:00+00:00,A,0.9165382264040237,WINNER_EVENT,VALIDATION_2024-05_2025-12,1,0.11544908871159265
GALAUSDT,2024-05-21 12:00:00+00:00,2024-05-21 13:00:00+00:00,2024-05-22 13:00:00+00:00,A,0.9350057671895208,WINNER_EVENT,VALIDATION_2024-05_2025-12,1,0.11333393101425804
AUCTIONUSDT,2024-05-24 07:00:00+00:00,2024-05-24 08:00:00+00:00,2024-05-25 08:00:00+00:00,A,0.9205346461443837,WINNER_EVENT,VALIDATION_2024-05_2025-12,1,0.07770530471990456
APEUSDT,2024-05-26 13:00:00+00:00,2024-05-26 14:00:00+00:00,2024-05-27 14:00:00+00:00,B,0.8930633426608774,SAME_TIME_CONTROL,VALIDATION_2024-05_2025-12,0,0.02422380623490694
JTOUSDT,2024-05-26 13:00:00+00:00,2024-05-26 14:00:00+00:00,2024-05-27 14:00:00+00:00,A,0.9010549242397394,WINNER_EVENT,VALIDATION_2024-05_2025-12,1,0.015694842027199396
ZENUSDT,2024-05-26 13:00:00+00:00,2024-05-26 14:00:00+00:00,2024-05-27 14:00:00+00:00,B,0.9041860411623562,WINNER_EVENT,VALIDATION_2024-05_2025-12,1,0.03539183359113007
ALGOUSDT,2024-05-26 15:00:00+00:00,2024-05-26 16:00:00+00:00,2024-05-27 16:00:00+00:00,C,0.8493469361507963,WINNER_EVENT,VALIDATION_2024-05_2025-12,1,0.04297131565850165
ARUSDT,2024-05-26 16:00:00+00:00,2024-05-26 17:00:00+00:00,2024-05-27 17:00:00+00:00,A,0.9179691548260901,WINNER_EVENT,VALIDATION_2024-05_2025-12,1,0.05460321072645402
CRVUSDT,2024-05-26 17:00:00+00:00,2024-05-26 18:00:00+00:00,2024-05-27 18:00:00+00:00,C,0.8419714649230692,SAME_TIME_CONTROL,VALIDATION_2024-05_2025-12,0,0.014456179692651228
AIUSDT,2024-05-26 17:00:00+00:00,2024-05-26 18:00:00+00:00,2024-05-27 18:00:00+00:00,C,0.8741338406486832,WINNER_EVENT,VALIDATION_2024-05_2025-12,1,0.03854634870377027
PEPEUSDT,2024-05-27 21:00:00+00:00,2024-05-27 22:00:00+00:00,2024-05-28 22:00:00+00:00,A,0.9140536183945369,WINNER_EVENT,VALIDATION_2024-05_2025-12,1,-0.019965794516816793
LDOUSDT,2024-05-29 01:00:00+00:00,2024-05-29 02:00:00+00:00,2024-05-30 02:00:00+00:00,A,0.9058290543111275,WINNER_EVENT,VALIDATION_2024-05_2025-12,1,0.0077203642177388065
CHZUSDT,2024-05-31 13:00:00+00:00,2024-05-31 14:00:00+00:00,2024-06-01 14:00:00+00:00,A,0.9205871573527871,WINNER_EVENT,VALIDATION_2024-05_2025-12,1,0.0593260287022761
ARUSDT,2024-06-01 16:00:00+00:00,2024-06-01 17:00:00+00:00,2024-06-02 17:00:00+00:00,B,0.8997545489819612,WINNER_EVENT,VALIDATION_2024-05_2025-12,1,-0.0010527931063244456
GLMRUSDT,2024-06-02 06:00:00+00:00,2024-06-02 07:00:00+00:00,2024-06-03 07:00:00+00:00,B,0.9223842689928821,WINNER_EVENT,VALIDATION_2024-05_2025-12,1,0.02545208859725334
BONKUSDT,2024-06-02 07:00:00+00:00,2024-06-02 08:00:00+00:00,2024-06-03 08:00:00+00:00,C,0.8397925674590595,WINNER_EVENT,VALIDATION_2024-05_2025-12,1,0.03878958297958368
BEAMXUSDT,2024-06-03 03:00:00+00:00,2024-06-03 04:00:00+00:00,2024-06-04 04:00:00+00:00,A,0.9059921474338137,WINNER_EVENT,VALIDATION_2024-05_2025-12,1,0.014875330038974788
ARUSDT,2024-06-03 08:00:00+00:00,2024-06-03 09:00:00+00:00,2024-06-04 09:00:00+00:00,A,0.9247852308501318,WINNER_EVENT,VALIDATION_2024-05_2025-12,1,0.02957942340002928
BONKUSDT,2024-06-03 20:00:00+00:00,2024-06-03 21:00:00+00:00,2024-06-04 21:00:00+00:00,A,0.9281296081175467,WINNER_EVENT,VALIDATION_2024-05_2025-12,1,0.024093623751165527
AUCTIONUSDT,2024-06-04 00:00:00+00:00,2024-06-04 01:00:00+00:00,2024-06-05 01:00:00+00:00,A,0.913008044674284,WINNER_EVENT,VALIDATION_2024-05_2025-12,1,0.028281180160597774
PEPEUSDT,2024-06-04 07:00:00+00:00,2024-06-04 08:00:00+00:00,2024-06-05 08:00:00+00:00,A,0.9450744596062453,WINNER_EVENT,VALIDATION_2024-05_2025-12,1,0.04558734089837202
SUPERUSDT,2024-06-04 11:00:00+00:00,2024-06-04 12:00:00+00:00,2024-06-05 12:00:00+00:00,C,0.8493081146769804,WINNER_EVENT,VALIDATION_2024-05_2025-12,1,0.055094748807675176
SYNUSDT,2024-06-04 16:00:00+00:00,2024-06-04 17:00:00+00:00,2024-06-05 17:00:00+00:00,A,0.9463831430598016,WINNER_EVENT,VALIDATION_2024-05_2025-12,1,0.01212311819415235
PEOPLEUSDT,2024-06-05 02:00:00+00:00,2024-06-05 03:00:00+00:00,2024-06-06 03:00:00+00:00,A,0.9023459759602911,WINNER_EVENT,VALIDATION_2024-05_2025-12,1,0.20468548549436627
JTOUSDT,2024-06-06 06:00:00+00:00,2024-06-06 07:00:00+00:00,2024-06-07 07:00:00+00:00,A,0.9014103787148525,WINNER_EVENT,VALIDATION_2024-05_2025-12,1,0.010898091393796827
STXUSDT,2024-06-06 13:00:00+00:00,2024-06-06 14:00:00+00:00,2024-06-07 14:00:00+00:00,B,0.8915882204383645,WINNER_EVENT,VALIDATION_2024-05_2025-12,1,0.07688843169708348
SYNUSDT,2024-06-07 01:00:00+00:00,2024-06-07 02:00:00+00:00,2024-06-08 02:00:00+00:00,A,0.9154608239763906,WINNER_EVENT,VALIDATION_2024-05_2025-12,1,-0.06804191772562473
ALICEUSDT,2024-06-07 05:00:00+00:00,2024-06-07 06:00:00+00:00,2024-06-08 06:00:00+00:00,A,0.9293356855568227,WINNER_EVENT,VALIDATION_2024-05_2025-12,1,-0.10195006607049939
JTOUSDT,2024-06-07 12:00:00+00:00,2024-06-07 13:00:00+00:00,2024-06-08 13:00:00+00:00,C,0.8415746925888075,WINNER_EVENT,VALIDATION_2024-05_2025-12,1,-0.10884475743330457
ZECUSDT,2024-06-08 22:00:00+00:00,2024-06-08 23:00:00+00:00,2024-06-09 23:00:00+00:00,A,0.9098571798240209,SAME_TIME_CONTROL,VALIDATION_2024-05_2025-12,0,0.02340088111850669
ARUSDT,2024-06-08 22:00:00+00:00,2024-06-08 23:00:00+00:00,2024-06-09 23:00:00+00:00,A,0.920846278997347,WINNER_EVENT,VALIDATION_2024-05_2025-12,1,0.0276216825210851
PHAUSDT,2024-06-09 00:00:00+00:00,2024-06-09 01:00:00+00:00,2024-06-10 01:00:00+00:00,A,0.9156517678122252,WINNER_EVENT,VALIDATION_2024-05_2025-12,1,0.0345232029146576
GTCUSDT,2024-06-09 02:00:00+00:00,2024-06-09 03:00:00+00:00,2024-06-10 03:00:00+00:00,C,0.8456807944627762,WINNER_EVENT,VALIDATION_2024-05_2025-12,1,0.015536176814274105
PEOPLEUSDT,2024-06-09 18:00:00+00:00,2024-06-09 19:00:00+00:00,2024-06-10 19:00:00+00:00,A,0.9578855729358882,WINNER_EVENT,VALIDATION_2024-05_2025-12,1,0.0316359447009229
CRVUSDT,2024-06-11 23:00:00+00:00,2024-06-12 00:00:00+00:00,2024-06-13 00:00:00+00:00,A,0.9277207512989567,WINNER_EVENT,VALIDATION_2024-05_2025-12,1,0.02398894689287978
WLDUSDT,2024-06-12 01:00:00+00:00,2024-06-12 02:00:00+00:00,2024-06-13 02:00:00+00:00,B,0.8780528274230209,WINNER_EVENT,VALIDATION_2024-05_2025-12,1,0.03143033110002702
PHAUSDT,2024-06-13 03:00:00+00:00,2024-06-13 04:00:00+00:00,2024-06-14 04:00:00+00:00,A,0.8992343803621303,WINNER_EVENT,VALIDATION_2024-05_2025-12,1,0.014929560067406866
AUCTIONUSDT,2024-06-15 01:00:00+00:00,2024-06-15 02:00:00+00:00,2024-06-16 02:00:00+00:00,C,0.8513688718854707,WINNER_EVENT,VALIDATION_2024-05_2025-12,1,0.09976706110731781
AVAUSDT,2024-06-15 01:00:00+00:00,2024-06-15 02:00:00+00:00,2024-06-16 02:00:00+00:00,B,0.8792916298252748,WINNER_EVENT,VALIDATION_2024-05_2025-12,1,0.050809302630975495
JTOUSDT,2024-06-16 02:00:00+00:00,2024-06-16 03:00:00+00:00,2024-06-17 03:00:00+00:00,B,0.8890512316626311,WINNER_EVENT,VALIDATION_2024-05_2025-12,1,0.00733799380776845
RAYUSDT,2024-06-17 17:00:00+00:00,2024-06-17 18:00:00+00:00,2024-06-18 18:00:00+00:00,A,0.9469399064205373,WINNER_EVENT,VALIDATION_2024-05_2025-12,1,-0.10605293631071155
FILUSDT,2024-06-18 17:00:00+00:00,2024-06-18 18:00:00+00:00,2024-06-19 18:00:00+00:00,C,0.8463301866907175,WINNER_EVENT,VALIDATION_2024-05_2025-12,1,0.05967334871168695
APEUSDT,2024-06-18 18:00:00+00:00,2024-06-18 19:00:00+00:00,2024-06-19 19:00:00+00:00,C,0.8432190236899658,WINNER_EVENT,VALIDATION_2024-05_2025-12,1,0.05270942091642383
ZECUSDT,2024-06-19 14:00:00+00:00,2024-06-19 15:00:00+00:00,2024-06-20 15:00:00+00:00,C,0.8413891032234311,SAME_TIME_CONTROL,VALIDATION_2024-05_2025-12,0,-0.0015140721169578653
ZECUSDT,2024-06-19 15:00:00+00:00,2024-06-19 16:00:00+00:00,2024-06-20 16:00:00+00:00,B,0.911123086943907,WINNER_EVENT,VALIDATION_2024-05_2025-12,1,-0.003993507741633429
ARUSDT,2024-06-21 06:00:00+00:00,2024-06-21 07:00:00+00:00,2024-06-22 07:00:00+00:00,C,0.8496691013478767,WINNER_EVENT,VALIDATION_2024-05_2025-12,1,0.0954653294064407
PEOPLEUSDT,2024-06-21 09:00:00+00:00,2024-06-21 10:00:00+00:00,2024-06-22 10:00:00+00:00,A,0.9596214975083542,WINNER_EVENT,VALIDATION_2024-05_2025-12,1,0.023312029777991183
ARKUSDT,2024-06-22 00:00:00+00:00,2024-06-22 01:00:00+00:00,2024-06-23 01:00:00+00:00,B,0.8813005638611,WINNER_EVENT,VALIDATION_2024-05_2025-12,1,0.05442360178342964
SYNUSDT,2024-06-22 10:00:00+00:00,2024-06-22 11:00:00+00:00,2024-06-23 11:00:00+00:00,A,0.9294461890649038,WINNER_EVENT,VALIDATION_2024-05_2025-12,1,0.03318056003564984
NEARUSDT,2024-06-22 12:00:00+00:00,2024-06-22 13:00:00+00:00,2024-06-23 13:00:00+00:00,C,0.8440167782704793,WINNER_EVENT,VALIDATION_2024-05_2025-12,1,0.03880199088191261
FETUSDT,2024-06-22 12:00:00+00:00,2024-06-22 13:00:00+00:00,2024-06-23 13:00:00+00:00,A,0.9081968018407411,WINNER_EVENT,VALIDATION_2024-05_2025-12,1,0.01648773622995403
LDOUSDT,2024-06-22 16:00:00+00:00,2024-06-22 17:00:00+00:00,2024-06-23 17:00:00+00:00,C,0.8622539113054886,WINNER_EVENT,VALIDATION_2024-05_2025-12,1,-0.025099992887923195
CVXUSDT,2024-06-23 05:00:00+00:00,2024-06-23 06:00:00+00:00,2024-06-24 06:00:00+00:00,A,0.9094482275804484,WINNER_EVENT,VALIDATION_2024-05_2025-12,1,-0.05223407078292486
UNIUSDT,2024-06-24 15:00:00+00:00,2024-06-24 16:00:00+00:00,2024-06-25 16:00:00+00:00,C,0.8526654129397205,WINNER_EVENT,VALIDATION_2024-05_2025-12,1,0.06391527626196636
PENDLEUSDT,2024-06-25 16:00:00+00:00,2024-06-25 17:00:00+00:00,2024-06-26 17:00:00+00:00,A,0.9095490817575843,WINNER_EVENT,VALIDATION_2024-05_2025-12,1,-0.03345062646681929
FETUSDT,2024-06-25 17:00:00+00:00,2024-06-25 18:00:00+00:00,2024-06-26 18:00:00+00:00,A,0.952560406678268,WINNER_EVENT,VALIDATION_2024-05_2025-12,1,0.12713055428551412
ARKUSDT,2024-06-26 17:00:00+00:00,2024-06-26 18:00:00+00:00,2024-06-27 18:00:00+00:00,B,0.9049819854078067,WINNER_EVENT,VALIDATION_2024-05_2025-12,1,0.0056444424866830545
NEARUSDT,2024-06-27 03:00:00+00:00,2024-06-27 04:00:00+00:00,2024-06-28 04:00:00+00:00,C,0.8425685463782326,WINNER_EVENT,VALIDATION_2024-05_2025-12,1,0.0008846445698074135
PENDLEUSDT,2024-06-27 08:00:00+00:00,2024-06-27 09:00:00+00:00,2024-06-28 09:00:00+00:00,A,0.9133933200200085,WINNER_EVENT,VALIDATION_2024-05_2025-12,1,-0.030033556211582102
CRVUSDT,2024-06-27 14:00:00+00:00,2024-06-27 15:00:00+00:00,2024-06-28 15:00:00+00:00,A,0.9496336652270013,WINNER_EVENT,VALIDATION_2024-05_2025-12,1,0.023424418605489272
LDOUSDT,2024-06-27 15:00:00+00:00,2024-06-27 16:00:00+00:00,2024-06-28 16:00:00+00:00,A,0.9134331697049174,WINNER_EVENT,VALIDATION_2024-05_2025-12,1,-0.0021382356874113384
CRVUSDT,2024-06-29 04:00:00+00:00,2024-06-29 05:00:00+00:00,2024-06-30 05:00:00+00:00,A,0.9209526088453049,WINNER_EVENT,VALIDATION_2024-05_2025-12,1,0.0057310111210953085
APEUSDT,2024-06-29 18:00:00+00:00,2024-06-29 19:00:00+00:00,2024-06-30 19:00:00+00:00,C,0.8687173386324812,WINNER_EVENT,VALIDATION_2024-05_2025-12,1,0.024262241194784595
INJUSDT,2024-06-30 01:00:00+00:00,2024-06-30 02:00:00+00:00,2024-07-01 02:00:00+00:00,C,0.8406770343908687,WINNER_EVENT,VALIDATION_2024-05_2025-12,1,0.07026109741687447
MEMEUSDT,2024-06-30 01:00:00+00:00,2024-06-30 02:00:00+00:00,2024-07-01 02:00:00+00:00,B,0.8856053869514552,WINNER_EVENT,VALIDATION_2024-05_2025-12,1,0.05766295406044142
BONKUSDT,2024-06-30 02:00:00+00:00,2024-06-30 03:00:00+00:00,2024-07-01 03:00:00+00:00,C,0.8428290602245695,WINNER_EVENT,VALIDATION_2024-05_2025-12,1,0.05817601595399524
PENDLEUSDT,2024-06-30 04:00:00+00:00,2024-06-30 05:00:00+00:00,2024-07-01 05:00:00+00:00,B,0.8845165871710707,WINNER_EVENT,VALIDATION_2024-05_2025-12,1,0.048017823386176994
PEPEUSDT,2024-06-30 04:00:00+00:00,2024-06-30 05:00:00+00:00,2024-07-01 05:00:00+00:00,A,0.904910296978655,WINNER_EVENT,VALIDATION_2024-05_2025-12,1,0.08938748004948849
PEOPLEUSDT,2024-06-30 04:00:00+00:00,2024-06-30 05:00:00+00:00,2024-07-01 05:00:00+00:00,A,0.9436041584313338,WINNER_EVENT,VALIDATION_2024-05_2025-12,1,0.1088923199125782
WLDUSDT,2024-07-01 14:00:00+00:00,2024-07-01 15:00:00+00:00,2024-07-02 15:00:00+00:00,B,0.8984538871395519,WINNER_EVENT,VALIDATION_2024-05_2025-12,1,0.015907137292873186
AIUSDT,2024-07-01 14:00:00+00:00,2024-07-01 15:00:00+00:00,2024-07-02 15:00:00+00:00,B,0.9196975140601269,WINNER_EVENT,VALIDATION_2024-05_2025-12,1,0.02139604202792822
TIAUSDT,2024-07-01 14:00:00+00:00,2024-07-01 15:00:00+00:00,2024-07-02 15:00:00+00:00,B,0.8929646610485988,WINNER_EVENT,VALIDATION_2024-05_2025-12,1,0.028669315522555028
CVXUSDT,2024-07-01 14:00:00+00:00,2024-07-01 15:00:00+00:00,2024-07-02 15:00:00+00:00,B,0.8817491361681962,WINNER_EVENT,VALIDATION_2024-05_2025-12,1,-0.06657915220678168
FETUSDT,2024-07-02 00:00:00+00:00,2024-07-02 01:00:00+00:00,2024-07-03 01:00:00+00:00,A,0.9022701316130625,WINNER_EVENT,VALIDATION_2024-05_2025-12,1,0.025133148212674428
LDOUSDT,2024-07-09 00:00:00+00:00,2024-07-09 01:00:00+00:00,2024-07-10 01:00:00+00:00,C,0.8646721114122115,WINNER_EVENT,VALIDATION_2024-05_2025-12,1,0.008650231878008174
NEARUSDT,2024-07-09 14:00:00+00:00,2024-07-09 15:00:00+00:00,2024-07-10 15:00:00+00:00,C,0.8639716746638499,WINNER_EVENT,VALIDATION_2024-05_2025-12,1,0.041727396876510614
PEPEUSDT,2024-07-10 00:00:00+00:00,2024-07-10 01:00:00+00:00,2024-07-11 01:00:00+00:00,C,0.8433492711413472,WINNER_EVENT,VALIDATION_2024-05_2025-12,1,0.03647865461585331
LDOUSDT,2024-07-10 02:00:00+00:00,2024-07-10 03:00:00+00:00,2024-07-11 03:00:00+00:00,A,0.9386875534299853,WINNER_EVENT,VALIDATION_2024-05_2025-12,1,0.06872678828632184
SEIUSDT,2024-07-11 04:00:00+00:00,2024-07-11 05:00:00+00:00,2024-07-12 05:00:00+00:00,A,0.9252897284778209,WINNER_EVENT,VALIDATION_2024-05_2025-12,1,0.003871776810917771
PEPEUSDT,2024-07-12 10:00:00+00:00,2024-07-12 11:00:00+00:00,2024-07-13 11:00:00+00:00,A,0.9339778205814999,WINNER_EVENT,VALIDATION_2024-05_2025-12,1,0.03252722022197152
WLDUSDT,2024-07-12 10:00:00+00:00,2024-07-12 11:00:00+00:00,2024-07-13 11:00:00+00:00,A,0.9087480156960817,WINNER_EVENT,VALIDATION_2024-05_2025-12,1,0.041048870025947926
SEIUSDT,2024-07-12 20:00:00+00:00,2024-07-12 21:00:00+00:00,2024-07-13 21:00:00+00:00,A,0.9187028103181581,WINNER_EVENT,VALIDATION_2024-05_2025-12,1,0.015797559655140514
ZENUSDT,2024-07-12 21:00:00+00:00,2024-07-12 22:00:00+00:00,2024-07-13 22:00:00+00:00,A,0.8992072923173442,WINNER_EVENT,VALIDATION_2024-05_2025-12,1,0.2863086891875968
TIAUSDT,2024-07-13 13:00:00+00:00,2024-07-13 14:00:00+00:00,2024-07-14 14:00:00+00:00,C,0.8467591405511208,WINNER_EVENT,VALIDATION_2024-05_2025-12,1,0.009069635002866283
BONKUSDT,2024-07-13 15:00:00+00:00,2024-07-13 16:00:00+00:00,2024-07-14 16:00:00+00:00,A,0.92548551854195,WINNER_EVENT,VALIDATION_2024-05_2025-12,1,0.04426857187730793
PEOPLEUSDT,2024-07-13 21:00:00+00:00,2024-07-13 22:00:00+00:00,2024-07-14 22:00:00+00:00,A,0.9483198699630792,WINNER_EVENT,VALIDATION_2024-05_2025-12,1,0.21408696686808848
GALAUSDT,2024-07-14 12:00:00+00:00,2024-07-14 13:00:00+00:00,2024-07-15 13:00:00+00:00,C,0.8519470767939704,WINNER_EVENT,VALIDATION_2024-05_2025-12,1,0.06455853762457497
ACEUSDT,2024-07-14 12:00:00+00:00,2024-07-14 13:00:00+00:00,2024-07-15 13:00:00+00:00,B,0.8838952797695386,WINNER_EVENT,VALIDATION_2024-05_2025-12,1,0.07680981507991347
XRPUSDT,2024-07-14 23:00:00+00:00,2024-07-15 00:00:00+00:00,2024-07-16 00:00:00+00:00,C,0.8454684769714661,WINNER_EVENT,VALIDATION_2024-05_2025-12,1,0.028992919467279332
ZENUSDT,2024-07-15 01:00:00+00:00,2024-07-15 02:00:00+00:00,2024-07-16 02:00:00+00:00,A,0.9008661970545049,WINNER_EVENT,VALIDATION_2024-05_2025-12,1,0.052491494022054
ZECUSDT,2024-07-16 00:00:00+00:00,2024-07-16 01:00:00+00:00,2024-07-17 01:00:00+00:00,B,0.885895065969286,WINNER_EVENT,VALIDATION_2024-05_2025-12,1,0.07183328099531905
SYNUSDT,2024-07-16 12:00:00+00:00,2024-07-16 13:00:00+00:00,2024-07-17 13:00:00+00:00,A,0.9061993470492613,WINNER_EVENT,VALIDATION_2024-05_2025-12,1,0.022497304140217445
GLMRUSDT,2024-07-18 10:00:00+00:00,2024-07-18 11:00:00+00:00,2024-07-19 11:00:00+00:00,B,0.9198636559895524,WINNER_EVENT,VALIDATION_2024-05_2025-12,1,0.004928326644747738
SHIBUSDT,2024-07-18 12:00:00+00:00,2024-07-18 13:00:00+00:00,2024-07-19 13:00:00+00:00,A,0.9176253972443219,WINNER_EVENT,VALIDATION_2024-05_2025-12,1,0.025997503801925115
PHAUSDT,2024-07-18 20:00:00+00:00,2024-07-18 21:00:00+00:00,2024-07-19 21:00:00+00:00,A,0.9069903342924773,WINNER_EVENT,VALIDATION_2024-05_2025-12,1,0.048452732952547484
XRPUSDT,2024-07-19 02:00:00+00:00,2024-07-19 03:00:00+00:00,2024-07-20 03:00:00+00:00,A,0.9087147780435759,WINNER_EVENT,VALIDATION_2024-05_2025-12,1,0.04847335138017983
ARUSDT,2024-07-20 12:00:00+00:00,2024-07-20 13:00:00+00:00,2024-07-21 13:00:00+00:00,A,0.9098608907817473,WINNER_EVENT,VALIDATION_2024-05_2025-12,1,0.0408305186129434
OPUSDT,2024-07-21 00:00:00+00:00,2024-07-21 01:00:00+00:00,2024-07-22 01:00:00+00:00,B,0.9241538935842076,WINNER_EVENT,VALIDATION_2024-05_2025-12,1,0.0316008652360984
BONKUSDT,2024-07-21 04:00:00+00:00,2024-07-21 05:00:00+00:00,2024-07-22 05:00:00+00:00,B,0.881210809763335,WINNER_EVENT,VALIDATION_2024-05_2025-12,1,0.05700939490294865
ALGOUSDT,2024-07-21 18:00:00+00:00,2024-07-21 19:00:00+00:00,2024-07-22 19:00:00+00:00,C,0.8495384340230328,WINNER_EVENT,VALIDATION_2024-05_2025-12,1,-0.008188236987899278
AXSUSDT,2024-07-21 18:00:00+00:00,2024-07-21 19:00:00+00:00,2024-07-22 19:00:00+00:00,C,0.8484275628781123,WINNER_EVENT,VALIDATION_2024-05_2025-12,1,0.0023214224102630077
VETUSDT,2024-07-21 18:00:00+00:00,2024-07-21 19:00:00+00:00,2024-07-22 19:00:00+00:00,B,0.8884292245205767,WINNER_EVENT,VALIDATION_2024-05_2025-12,1,0.0054251408261905
PENDLEUSDT,2024-07-21 18:00:00+00:00,2024-07-21 19:00:00+00:00,2024-07-22 19:00:00+00:00,C,0.840939617306686,WINNER_EVENT,VALIDATION_2024-05_2025-12,1,-0.05083157948770578
HBARUSDT,2024-07-21 18:00:00+00:00,2024-07-21 19:00:00+00:00,2024-07-22 19:00:00+00:00,C,0.8419679612989992,WINNER_EVENT,VALIDATION_2024-05_2025-12,1,-0.004386027552268468
WLDUSDT,2024-07-22 23:00:00+00:00,2024-07-23 00:00:00+00:00,2024-07-24 00:00:00+00:00,A,0.9169548774147992,WINNER_EVENT,VALIDATION_2024-05_2025-12,1,-0.04340273586883736
BONKUSDT,2024-07-23 13:00:00+00:00,2024-07-23 14:00:00+00:00,2024-07-24 14:00:00+00:00,C,0.8417188151343238,WINNER_EVENT,VALIDATION_2024-05_2025-12,1,0.017300657684573117
AVAXUSDT,2024-07-24 01:00:00+00:00,2024-07-24 02:00:00+00:00,2024-07-25 02:00:00+00:00,A,0.9135212765822172,WINNER_EVENT,VALIDATION_2024-05_2025-12,1,-0.03929421257771626
RUNEUSDT,2024-07-25 10:00:00+00:00,2024-07-25 11:00:00+00:00,2024-07-26 11:00:00+00:00,C,0.839583256522525,WINNER_EVENT,VALIDATION_2024-05_2025-12,1,0.11762684394527922
BONKUSDT,2024-07-25 13:00:00+00:00,2024-07-25 14:00:00+00:00,2024-07-26 14:00:00+00:00,A,0.8994427265872442,WINNER_EVENT,VALIDATION_2024-05_2025-12,1,0.07608378864705179
AVAXUSDT,2024-07-25 18:00:00+00:00,2024-07-25 19:00:00+00:00,2024-07-26 19:00:00+00:00,C,0.8467583723713832,WINNER_EVENT,VALIDATION_2024-05_2025-12,1,0.07095399982597228
XRPUSDT,2024-07-26 14:00:00+00:00,2024-07-26 15:00:00+00:00,2024-07-27 15:00:00+00:00,B,0.8806233357315381,WINNER_EVENT,VALIDATION_2024-05_2025-12,1,0.01970218457846218
CVXUSDT,2024-07-26 16:00:00+00:00,2024-07-26 17:00:00+00:00,2024-07-27 17:00:00+00:00,A,0.9356492698660172,WINNER_EVENT,VALIDATION_2024-05_2025-12,1,0.13780983715582473
RAYUSDT,2024-07-27 19:00:00+00:00,2024-07-27 20:00:00+00:00,2024-07-28 20:00:00+00:00,A,0.9107597592568689,WINNER_EVENT,VALIDATION_2024-05_2025-12,1,0.05650103327548073
ZENUSDT,2024-07-28 05:00:00+00:00,2024-07-28 06:00:00+00:00,2024-07-29 06:00:00+00:00,B,0.8854399899901335,WINNER_EVENT,VALIDATION_2024-05_2025-12,1,0.031025501211735307
GTCUSDT,2024-07-28 21:00:00+00:00,2024-07-28 22:00:00+00:00,2024-07-29 22:00:00+00:00,B,0.883914732642786,WINNER_EVENT,VALIDATION_2024-05_2025-12,1,0.024957891804842314
MOVRUSDT,2024-07-28 22:00:00+00:00,2024-07-28 23:00:00+00:00,2024-07-29 23:00:00+00:00,C,0.873453600647066,WINNER_EVENT,VALIDATION_2024-05_2025-12,1,0.01952529429784522
ZENUSDT,2024-07-29 08:00:00+00:00,2024-07-29 09:00:00+00:00,2024-07-30 09:00:00+00:00,C,0.8406589020196521,WINNER_EVENT,VALIDATION_2024-05_2025-12,1,-0.006729604475674944
CVXUSDT,2024-07-29 17:00:00+00:00,2024-07-29 18:00:00+00:00,2024-07-30 18:00:00+00:00,A,0.9028010307074075,WINNER_EVENT,VALIDATION_2024-05_2025-12,1,0.1242122656241118
AIUSDT,2024-07-29 22:00:00+00:00,2024-07-29 23:00:00+00:00,2024-07-30 23:00:00+00:00,C,0.8549749253431773,WINNER_EVENT,VALIDATION_2024-05_2025-12,1,-0.01673375615636752
PENDLEUSDT,2024-07-31 10:00:00+00:00,2024-07-31 11:00:00+00:00,2024-08-01 11:00:00+00:00,A,0.9388104203602827,WINNER_EVENT,VALIDATION_2024-05_2025-12,1,-0.052733958177816787
RAYUSDT,2024-08-01 03:00:00+00:00,2024-08-01 04:00:00+00:00,2024-08-02 04:00:00+00:00,C,0.8600332182826482,WINNER_EVENT,VALIDATION_2024-05_2025-12,1,-0.03140151840649785
AUCTIONUSDT,2024-08-03 04:00:00+00:00,2024-08-03 05:00:00+00:00,2024-08-04 05:00:00+00:00,A,0.920447313767371,WINNER_EVENT,VALIDATION_2024-05_2025-12,1,-0.07876532118527635
PHAUSDT,2024-08-06 13:00:00+00:00,2024-08-06 14:00:00+00:00,2024-08-07 14:00:00+00:00,B,0.8781260292934944,WINNER_EVENT,VALIDATION_2024-05_2025-12,1,0.01724283385856462
ENJUSDT,2024-08-06 13:00:00+00:00,2024-08-06 14:00:00+00:00,2024-08-07 14:00:00+00:00,B,0.904853696578845,WINNER_EVENT,VALIDATION_2024-05_2025-12,1,-0.0037384296070896994
TIAUSDT,2024-08-07 20:00:00+00:00,2024-08-07 21:00:00+00:00,2024-08-08 21:00:00+00:00,C,0.8434424086410113,WINNER_EVENT,VALIDATION_2024-05_2025-12,1,0.061902183624310325
LDOUSDT,2024-08-07 22:00:00+00:00,2024-08-07 23:00:00+00:00,2024-08-08 23:00:00+00:00,C,0.8443797118457742,WINNER_EVENT,VALIDATION_2024-05_2025-12,1,0.15905477933433287
LINKUSDT,2024-08-07 23:00:00+00:00,2024-08-08 00:00:00+00:00,2024-08-09 00:00:00+00:00,C,0.8590334359650008,WINNER_EVENT,VALIDATION_2024-05_2025-12,1,0.1293781157663758
BEAMXUSDT,2024-08-07 23:00:00+00:00,2024-08-08 00:00:00+00:00,2024-08-09 00:00:00+00:00,C,0.8394354308302312,WINNER_EVENT,VALIDATION_2024-05_2025-12,1,0.12659779996648846
AUCTIONUSDT,2024-08-08 00:00:00+00:00,2024-08-08 01:00:00+00:00,2024-08-09 01:00:00+00:00,B,0.9071921312756129,WINNER_EVENT,VALIDATION_2024-05_2025-12,1,0.16996966846701111
FETUSDT,2024-08-08 00:00:00+00:00,2024-08-08 01:00:00+00:00,2024-08-09 01:00:00+00:00,B,0.8850680686196667,WINNER_EVENT,VALIDATION_2024-05_2025-12,1,0.09521316693229509
BONKUSDT,2024-08-08 00:00:00+00:00,2024-08-08 01:00:00+00:00,2024-08-09 01:00:00+00:00,A,0.9347261276825294,WINNER_EVENT,VALIDATION_2024-05_2025-12,1,0.12778522242669643
SEIUSDT,2024-08-08 00:00:00+00:00,2024-08-08 01:00:00+00:00,2024-08-09 01:00:00+00:00,B,0.8787906688545789,WINNER_EVENT,VALIDATION_2024-05_2025-12,1,0.2699535181500907
PEOPLEUSDT,2024-08-08 00:00:00+00:00,2024-08-08 01:00:00+00:00,2024-08-09 01:00:00+00:00,B,0.8800209008018645,WINNER_EVENT,VALIDATION_2024-05_2025-12,1,0.18046708148465784
AUDIOUSDT,2024-08-09 13:00:00+00:00,2024-08-09 14:00:00+00:00,2024-08-10 14:00:00+00:00,C,0.8417015058209248,WINNER_EVENT,VALIDATION_2024-05_2025-12,1,0.018953789305700797
XRPUSDT,2024-08-09 13:00:00+00:00,2024-08-09 14:00:00+00:00,2024-08-10 14:00:00+00:00,A,0.9092597300276254,WINNER_EVENT,VALIDATION_2024-05_2025-12,1,0.02959087253970427
SOLUSDT,2024-08-09 15:00:00+00:00,2024-08-09 16:00:00+00:00,2024-08-10 16:00:00+00:00,B,0.8847561726556398,WINNER_EVENT,VALIDATION_2024-05_2025-12,1,0.015741212364843493
ICPUSDT,2024-08-09 18:00:00+00:00,2024-08-09 19:00:00+00:00,2024-08-10 19:00:00+00:00,B,0.879901277309804,WINNER_EVENT,VALIDATION_2024-05_2025-12,1,0.0028684248984851557
ICPUSDT,2024-08-10 13:00:00+00:00,2024-08-10 14:00:00+00:00,2024-08-11 14:00:00+00:00,B,0.8937180581474605,WINNER_EVENT,VALIDATION_2024-05_2025-12,1,-0.015411501443080788
JTOUSDT,2024-08-10 13:00:00+00:00,2024-08-10 14:00:00+00:00,2024-08-11 14:00:00+00:00,C,0.8489061253791539,SAME_TIME_CONTROL,VALIDATION_2024-05_2025-12,0,0.0025764274759374484
JTOUSDT,2024-08-10 15:00:00+00:00,2024-08-10 16:00:00+00:00,2024-08-11 16:00:00+00:00,A,0.9296283567514377,WINNER_EVENT,VALIDATION_2024-05_2025-12,1,-0.04037850092325623
GLMRUSDT,2024-08-10 16:00:00+00:00,2024-08-10 17:00:00+00:00,2024-08-11 17:00:00+00:00,B,0.9028284685898575,WINNER_EVENT,VALIDATION_2024-05_2025-12,1,-0.02250874306222772
TIAUSDT,2024-08-11 22:00:00+00:00,2024-08-11 23:00:00+00:00,2024-08-12 23:00:00+00:00,C,0.8427014564720987,WINNER_EVENT,VALIDATION_2024-05_2025-12,1,0.13309182808605802
SUPERUSDT,2024-08-12 00:00:00+00:00,2024-08-12 01:00:00+00:00,2024-08-13 01:00:00+00:00,A,0.8998856383674338,WINNER_EVENT,VALIDATION_2024-05_2025-12,1,0.010413860915545747
SYNUSDT,2024-08-13 09:00:00+00:00,2024-08-13 10:00:00+00:00,2024-08-14 10:00:00+00:00,C,0.8543375969545881,WINNER_EVENT,VALIDATION_2024-05_2025-12,1,0.03313831958729585
ALPINEUSDT,2024-08-13 14:00:00+00:00,2024-08-13 15:00:00+00:00,2024-08-14 15:00:00+00:00,B,0.891320827905082,WINNER_EVENT,VALIDATION_2024-05_2025-12,1,-0.0177981920660798
INJUSDT,2024-08-15 02:00:00+00:00,2024-08-15 03:00:00+00:00,2024-08-16 03:00:00+00:00,A,0.9171490719799583,WINNER_EVENT,VALIDATION_2024-05_2025-12,1,0.00356373485269601
TIAUSDT,2024-08-17 13:00:00+00:00,2024-08-17 14:00:00+00:00,2024-08-18 14:00:00+00:00,B,0.8979409215236633,WINNER_EVENT,VALIDATION_2024-05_2025-12,1,0.01753686454860648
CRVUSDT,2024-08-17 15:00:00+00:00,2024-08-17 16:00:00+00:00,2024-08-18 16:00:00+00:00,A,0.9151003646085888,WINNER_EVENT,VALIDATION_2024-05_2025-12,1,0.042148243554765985
TRBUSDT,2024-08-17 18:00:00+00:00,2024-08-17 19:00:00+00:00,2024-08-18 19:00:00+00:00,A,0.9283628899977977,WINNER_EVENT,VALIDATION_2024-05_2025-12,1,0.03046854961428358
RAYUSDT,2024-08-18 04:00:00+00:00,2024-08-18 05:00:00+00:00,2024-08-19 05:00:00+00:00,B,0.8778441136992277,WINNER_EVENT,VALIDATION_2024-05_2025-12,1,0.0053277284625834476
SUPERUSDT,2024-08-18 08:00:00+00:00,2024-08-18 09:00:00+00:00,2024-08-19 09:00:00+00:00,A,0.9369235735593496,WINNER_EVENT,VALIDATION_2024-05_2025-12,1,-0.01897135516966153
BONKUSDT,2024-08-19 10:00:00+00:00,2024-08-19 11:00:00+00:00,2024-08-20 11:00:00+00:00,A,0.9140508876596932,WINNER_EVENT,VALIDATION_2024-05_2025-12,1,0.09198505153245518
LDOUSDT,2024-08-19 16:00:00+00:00,2024-08-19 17:00:00+00:00,2024-08-20 17:00:00+00:00,C,0.8691375359198074,WINNER_EVENT,VALIDATION_2024-05_2025-12,1,0.012461928782838028
SYNUSDT,2024-08-19 16:00:00+00:00,2024-08-19 17:00:00+00:00,2024-08-20 17:00:00+00:00,A,0.936997545240035,SAME_TIME_CONTROL,VALIDATION_2024-05_2025-12,0,-0.02110026908007112
WLDUSDT,2024-08-19 16:00:00+00:00,2024-08-19 17:00:00+00:00,2024-08-20 17:00:00+00:00,A,0.9367175348750194,WINNER_EVENT,VALIDATION_2024-05_2025-12,1,0.051815458628753586
CRVUSDT,2024-08-19 16:00:00+00:00,2024-08-19 17:00:00+00:00,2024-08-20 17:00:00+00:00,A,0.9059464539311349,WINNER_EVENT,VALIDATION_2024-05_2025-12,1,0.0529778672070238
SYNUSDT,2024-08-19 18:00:00+00:00,2024-08-19 19:00:00+00:00,2024-08-20 19:00:00+00:00,A,0.940022558037182,WINNER_EVENT,VALIDATION_2024-05_2025-12,1,0.0086958698519779
RUNEUSDT,2024-08-21 14:00:00+00:00,2024-08-21 15:00:00+00:00,2024-08-22 15:00:00+00:00,B,0.8804979394764226,WINNER_EVENT,VALIDATION_2024-05_2025-12,1,0.024233609108188947
SUIUSDT,2024-08-21 14:00:00+00:00,2024-08-21 15:00:00+00:00,2024-08-22 15:00:00+00:00,B,0.8891544126633397,WINNER_EVENT,VALIDATION_2024-05_2025-12,1,-1.581458462085461e-05
JTOUSDT,2024-08-21 14:00:00+00:00,2024-08-21 15:00:00+00:00,2024-08-22 15:00:00+00:00,B,0.8864720271373399,WINNER_EVENT,VALIDATION_2024-05_2025-12,1,0.06887646712481565
TRXUSDT,2024-08-22 03:00:00+00:00,2024-08-22 04:00:00+00:00,2024-08-23 04:00:00+00:00,B,0.8990814893128349,WINNER_EVENT,VALIDATION_2024-05_2025-12,1,0.03301669724177558
AUCTIONUSDT,2024-08-22 23:00:00+00:00,2024-08-23 00:00:00+00:00,2024-08-24 00:00:00+00:00,A,0.9435361358358265,SAME_TIME_CONTROL,VALIDATION_2024-05_2025-12,0,0.016730417489619898
AAVEUSDT,2024-08-23 02:00:00+00:00,2024-08-23 03:00:00+00:00,2024-08-24 03:00:00+00:00,B,0.9116720413747421,WINNER_EVENT,VALIDATION_2024-05_2025-12,1,0.04439915369931002
NMRUSDT,2024-08-23 13:00:00+00:00,2024-08-23 14:00:00+00:00,2024-08-24 14:00:00+00:00,A,0.8998861826348422,WINNER_EVENT,VALIDATION_2024-05_2025-12,1,0.10397415305482927
CRVUSDT,2024-08-25 17:00:00+00:00,2024-08-25 18:00:00+00:00,2024-08-26 18:00:00+00:00,A,0.9465136192771528,WINNER_EVENT,VALIDATION_2024-05_2025-12,1,-0.045369709635937006
ZECUSDT,2024-08-26 07:00:00+00:00,2024-08-26 08:00:00+00:00,2024-08-27 08:00:00+00:00,B,0.8803903645590421,WINNER_EVENT,VALIDATION_2024-05_2025-12,1,-0.0714571567153921
PENDLEUSDT,2024-08-30 02:00:00+00:00,2024-08-30 03:00:00+00:00,2024-08-31 03:00:00+00:00,C,0.8487472974254157,WINNER_EVENT,VALIDATION_2024-05_2025-12,1,-0.005481025954273133
RUNEUSDT,2024-09-04 11:00:00+00:00,2024-09-04 12:00:00+00:00,2024-09-05 12:00:00+00:00,A,0.9538865121293564,WINNER_EVENT,VALIDATION_2024-05_2025-12,1,-0.006568998057124853
JTOUSDT,2024-09-06 00:00:00+00:00,2024-09-06 01:00:00+00:00,2024-09-07 01:00:00+00:00,C,0.8415305032887518,WINNER_EVENT,VALIDATION_2024-05_2025-12,1,-0.015686499322226988
ARUSDT,2024-09-07 22:00:00+00:00,2024-09-07 23:00:00+00:00,2024-09-08 23:00:00+00:00,B,0.9054482642964602,WINNER_EVENT,VALIDATION_2024-05_2025-12,1,0.04719102095764072
AAVEUSDT,2024-09-08 06:00:00+00:00,2024-09-08 07:00:00+00:00,2024-09-09 07:00:00+00:00,A,0.9140683748055725,WINNER_EVENT,VALIDATION_2024-05_2025-12,1,0.046926722706791546
SUNUSDT,2024-09-11 04:00:00+00:00,2024-09-11 05:00:00+00:00,2024-09-12 05:00:00+00:00,C,0.8446847566997651,SAME_TIME_CONTROL,VALIDATION_2024-05_2025-12,0,-0.03999371891695258
JTOUSDT,2024-09-11 14:00:00+00:00,2024-09-11 15:00:00+00:00,2024-09-12 15:00:00+00:00,A,0.9265024832232773,WINNER_EVENT,VALIDATION_2024-05_2025-12,1,0.04440395209678338
PHAUSDT,2024-09-11 14:00:00+00:00,2024-09-11 15:00:00+00:00,2024-09-12 15:00:00+00:00,A,0.915300235142293,WINNER_EVENT,VALIDATION_2024-05_2025-12,1,-0.02359090325811164
GTCUSDT,2024-09-12 15:00:00+00:00,2024-09-12 16:00:00+00:00,2024-09-13 16:00:00+00:00,C,0.8407771378064578,WINNER_EVENT,VALIDATION_2024-05_2025-12,1,0.034351568663403276
ALICEUSDT,2024-09-12 15:00:00+00:00,2024-09-12 16:00:00+00:00,2024-09-13 16:00:00+00:00,C,0.8438914683575871,WINNER_EVENT,VALIDATION_2024-05_2025-12,1,0.029559743563966068
AAVEUSDT,2024-09-12 15:00:00+00:00,2024-09-12 16:00:00+00:00,2024-09-13 16:00:00+00:00,C,0.8419547475559496,WINNER_EVENT,VALIDATION_2024-05_2025-12,1,-0.018785795936537064
FETUSDT,2024-09-13 08:00:00+00:00,2024-09-13 09:00:00+00:00,2024-09-14 09:00:00+00:00,A,0.9044534818037713,WINNER_EVENT,VALIDATION_2024-05_2025-12,1,0.014416114633659882
SUPERUSDT,2024-09-14 07:00:00+00:00,2024-09-14 08:00:00+00:00,2024-09-15 08:00:00+00:00,C,0.8426980989789884,WINNER_EVENT,VALIDATION_2024-05_2025-12,1,0.20107048760958857
SEIUSDT,2024-09-16 15:00:00+00:00,2024-09-16 16:00:00+00:00,2024-09-17 16:00:00+00:00,A,0.913841568772521,SAME_TIME_CONTROL,VALIDATION_2024-05_2025-12,0,0.02648485566217995
PEOPLEUSDT,2024-09-16 19:00:00+00:00,2024-09-16 20:00:00+00:00,2024-09-17 20:00:00+00:00,A,0.9168903633542133,WINNER_EVENT,VALIDATION_2024-05_2025-12,1,0.05734036185067781
SYNUSDT,2024-09-19 21:00:00+00:00,2024-09-19 22:00:00+00:00,2024-09-20 22:00:00+00:00,B,0.878873254455009,WINNER_EVENT,VALIDATION_2024-05_2025-12,1,0.031279235872109235
PENDLEUSDT,2024-09-20 00:00:00+00:00,2024-09-20 01:00:00+00:00,2024-09-21 01:00:00+00:00,C,0.8400949052909314,WINNER_EVENT,VALIDATION_2024-05_2025-12,1,0.05883652425233277
ZENUSDT,2024-09-20 01:00:00+00:00,2024-09-20 02:00:00+00:00,2024-09-21 02:00:00+00:00,B,0.8872551480142308,WINNER_EVENT,VALIDATION_2024-05_2025-12,1,-0.006638639817178271
SUIUSDT,2024-09-22 04:00:00+00:00,2024-09-22 05:00:00+00:00,2024-09-23 05:00:00+00:00,A,0.9366981887516816,WINNER_EVENT,VALIDATION_2024-05_2025-12,1,0.118022974142588
CVXUSDT,2024-09-23 00:00:00+00:00,2024-09-23 01:00:00+00:00,2024-09-24 01:00:00+00:00,A,0.9595529698725899,WINNER_EVENT,VALIDATION_2024-05_2025-12,1,0.004448298729529787
PENDLEUSDT,2024-09-23 00:00:00+00:00,2024-09-23 01:00:00+00:00,2024-09-24 01:00:00+00:00,A,0.9084259504801867,WINNER_EVENT,VALIDATION_2024-05_2025-12,1,-0.03674179974083769
OPUSDT,2024-09-24 01:00:00+00:00,2024-09-24 02:00:00+00:00,2024-09-25 02:00:00+00:00,C,0.8423206920608226,WINNER_EVENT,VALIDATION_2024-05_2025-12,1,0.05480185677043803
LSKUSDT,2024-09-24 03:00:00+00:00,2024-09-24 04:00:00+00:00,2024-09-25 04:00:00+00:00,B,0.899038866877059,WINNER_EVENT,VALIDATION_2024-05_2025-12,1,0.026782283868895584
AAVEUSDT,2024-09-24 13:00:00+00:00,2024-09-24 14:00:00+00:00,2024-09-25 14:00:00+00:00,B,0.8934601893394333,WINNER_EVENT,VALIDATION_2024-05_2025-12,1,0.004834530659578062
ARKUSDT,2024-09-26 14:00:00+00:00,2024-09-26 15:00:00+00:00,2024-09-27 15:00:00+00:00,A,0.9271884060793041,WINNER_EVENT,VALIDATION_2024-05_2025-12,1,0.01688155981031425
NEARUSDT,2024-09-27 19:00:00+00:00,2024-09-27 20:00:00+00:00,2024-09-28 20:00:00+00:00,A,0.9112946591084982,WINNER_EVENT,VALIDATION_2024-05_2025-12,1,0.01887187958483194
AAVEUSDT,2024-09-29 07:00:00+00:00,2024-09-29 08:00:00+00:00,2024-09-30 08:00:00+00:00,C,0.8435196150393681,SAME_TIME_CONTROL,VALIDATION_2024-05_2025-12,0,-0.0006143745297357839
JTOUSDT,2024-09-29 12:00:00+00:00,2024-09-29 13:00:00+00:00,2024-09-30 13:00:00+00:00,C,0.8429473985734336,WINNER_EVENT,VALIDATION_2024-05_2025-12,1,-0.008028763105999204
WLDUSDT,2024-09-30 10:00:00+00:00,2024-09-30 11:00:00+00:00,2024-10-01 11:00:00+00:00,A,0.9168841075259583,WINNER_EVENT,VALIDATION_2024-05_2025-12,1,-0.00970760179115604
AUCTIONUSDT,2024-10-02 19:00:00+00:00,2024-10-02 20:00:00+00:00,2024-10-03 20:00:00+00:00,A,0.9220357462507363,WINNER_EVENT,VALIDATION_2024-05_2025-12,1,0.013438634779063596
ARKUSDT,2024-10-03 01:00:00+00:00,2024-10-03 02:00:00+00:00,2024-10-04 02:00:00+00:00,B,0.9162196385806505,WINNER_EVENT,VALIDATION_2024-05_2025-12,1,-0.01053674946658012
QNTUSDT,2024-10-05 19:00:00+00:00,2024-10-05 20:00:00+00:00,2024-10-06 20:00:00+00:00,C,0.8403119033554289,SAME_TIME_CONTROL,VALIDATION_2024-05_2025-12,0,-0.007336598835479102
BONKUSDT,2024-10-05 19:00:00+00:00,2024-10-05 20:00:00+00:00,2024-10-06 20:00:00+00:00,B,0.891513831939249,WINNER_EVENT,VALIDATION_2024-05_2025-12,1,0.05662927336355339
FILUSDT,2024-10-05 19:00:00+00:00,2024-10-05 20:00:00+00:00,2024-10-06 20:00:00+00:00,B,0.8778669711052389,WINNER_EVENT,VALIDATION_2024-05_2025-12,1,0.01642305753605733
PENDLEUSDT,2024-10-08 10:00:00+00:00,2024-10-08 11:00:00+00:00,2024-10-09 11:00:00+00:00,C,0.8734002252831128,WINNER_EVENT,VALIDATION_2024-05_2025-12,1,0.040783050719797265
ALPINEUSDT,2024-10-09 05:00:00+00:00,2024-10-09 06:00:00+00:00,2024-10-10 06:00:00+00:00,A,0.9203273629632551,WINNER_EVENT,VALIDATION_2024-05_2025-12,1,0.10209983854574078
RUNEUSDT,2024-10-09 07:00:00+00:00,2024-10-09 08:00:00+00:00,2024-10-10 08:00:00+00:00,C,0.8620935884337211,WINNER_EVENT,VALIDATION_2024-05_2025-12,1,-0.039913958815182116
ARKUSDT,2024-10-10 00:00:00+00:00,2024-10-10 01:00:00+00:00,2024-10-11 01:00:00+00:00,A,0.9231933484587361,WINNER_EVENT,VALIDATION_2024-05_2025-12,1,0.08670865604495015
ALPINEUSDT,2024-10-12 11:00:00+00:00,2024-10-12 12:00:00+00:00,2024-10-13 12:00:00+00:00,A,0.9115388506369551,WINNER_EVENT,VALIDATION_2024-05_2025-12,1,0.08841849526421508
SUIUSDT,2024-10-15 00:00:00+00:00,2024-10-15 01:00:00+00:00,2024-10-16 01:00:00+00:00,C,0.8716582029296391,WINNER_EVENT,VALIDATION_2024-05_2025-12,1,-0.07940359135185437
ALPINEUSDT,2024-10-16 09:00:00+00:00,2024-10-16 10:00:00+00:00,2024-10-17 10:00:00+00:00,A,0.9362149170365478,WINNER_EVENT,VALIDATION_2024-05_2025-12,1,0.04734504957278829
LDOUSDT,2024-10-16 15:00:00+00:00,2024-10-16 16:00:00+00:00,2024-10-17 16:00:00+00:00,C,0.8581142498985762,WINNER_EVENT,VALIDATION_2024-05_2025-12,1,0.0006266727565482633
AIUSDT,2024-10-16 16:00:00+00:00,2024-10-16 17:00:00+00:00,2024-10-17 17:00:00+00:00,A,0.9153393557545872,WINNER_EVENT,VALIDATION_2024-05_2025-12,1,-0.024237525407558747
INJUSDT,2024-10-17 05:00:00+00:00,2024-10-17 06:00:00+00:00,2024-10-18 06:00:00+00:00,C,0.8396832324088613,WINNER_EVENT,VALIDATION_2024-05_2025-12,1,0.04111115932672371
ARKUSDT,2024-10-17 15:00:00+00:00,2024-10-17 16:00:00+00:00,2024-10-18 16:00:00+00:00,A,0.9510344411778255,WINNER_EVENT,VALIDATION_2024-05_2025-12,1,0.013065502200465762
PEPEUSDT,2024-10-17 17:00:00+00:00,2024-10-17 18:00:00+00:00,2024-10-18 18:00:00+00:00,B,0.8803883174302642,SAME_TIME_CONTROL,VALIDATION_2024-05_2025-12,0,0.07502212290214638
JTOUSDT,2024-10-17 17:00:00+00:00,2024-10-17 18:00:00+00:00,2024-10-18 18:00:00+00:00,B,0.8937460826070397,WINNER_EVENT,VALIDATION_2024-05_2025-12,1,0.05072958197897903
RUNEUSDT,2024-10-17 19:00:00+00:00,2024-10-17 20:00:00+00:00,2024-10-18 20:00:00+00:00,A,0.9139057277679897,WINNER_EVENT,VALIDATION_2024-05_2025-12,1,0.05046373847608532
NEARUSDT,2024-10-19 16:00:00+00:00,2024-10-19 17:00:00+00:00,2024-10-20 17:00:00+00:00,C,0.8611869123312726,WINNER_EVENT,VALIDATION_2024-05_2025-12,1,0.019336393633335947
TIAUSDT,2024-10-19 19:00:00+00:00,2024-10-19 20:00:00+00:00,2024-10-20 20:00:00+00:00,B,0.8950334805535219,WINNER_EVENT,VALIDATION_2024-05_2025-12,1,0.025816697151942902
BEAMXUSDT,2024-10-20 00:00:00+00:00,2024-10-20 01:00:00+00:00,2024-10-21 01:00:00+00:00,B,0.878244493984098,WINNER_EVENT,VALIDATION_2024-05_2025-12,1,0.07280692587168813
SHIBUSDT,2024-10-20 03:00:00+00:00,2024-10-20 04:00:00+00:00,2024-10-21 04:00:00+00:00,B,0.9061339695024854,WINNER_EVENT,VALIDATION_2024-05_2025-12,1,0.01516097725250809
BONKUSDT,2024-10-20 04:00:00+00:00,2024-10-20 05:00:00+00:00,2024-10-21 05:00:00+00:00,B,0.878156398081148,WINNER_EVENT,VALIDATION_2024-05_2025-12,1,0.054432644518502604
PEPEUSDT,2024-10-20 12:00:00+00:00,2024-10-20 13:00:00+00:00,2024-10-21 13:00:00+00:00,A,0.9153861809725748,WINNER_EVENT,VALIDATION_2024-05_2025-12,1,0.017632173957459862
INJUSDT,2024-10-20 12:00:00+00:00,2024-10-20 13:00:00+00:00,2024-10-21 13:00:00+00:00,B,0.8863973801859927,WINNER_EVENT,VALIDATION_2024-05_2025-12,1,-0.000695079552743505
PEOPLEUSDT,2024-10-20 12:00:00+00:00,2024-10-20 13:00:00+00:00,2024-10-21 13:00:00+00:00,A,0.9127870205995345,WINNER_EVENT,VALIDATION_2024-05_2025-12,1,-0.007823029731757858
ONEUSDT,2024-10-21 23:00:00+00:00,2024-10-22 00:00:00+00:00,2024-10-23 00:00:00+00:00,C,0.8577856662407628,SAME_TIME_CONTROL,VALIDATION_2024-05_2025-12,0,-0.022668603097204643
ARKUSDT,2024-10-22 00:00:00+00:00,2024-10-22 01:00:00+00:00,2024-10-23 01:00:00+00:00,A,0.9135051506484161,WINNER_EVENT,VALIDATION_2024-05_2025-12,1,0.00724648212647061
SUIUSDT,2024-10-22 13:00:00+00:00,2024-10-22 14:00:00+00:00,2024-10-23 14:00:00+00:00,A,0.9116774188307127,WINNER_EVENT,VALIDATION_2024-05_2025-12,1,0.0077917392494653015
BEAMXUSDT,2024-10-23 12:00:00+00:00,2024-10-23 13:00:00+00:00,2024-10-24 13:00:00+00:00,A,0.9111041908321745,WINNER_EVENT,VALIDATION_2024-05_2025-12,1,0.06595211623707287
COTIUSDT,2024-10-23 17:00:00+00:00,2024-10-23 18:00:00+00:00,2024-10-24 18:00:00+00:00,A,0.918443167345345,WINNER_EVENT,VALIDATION_2024-05_2025-12,1,0.04164336644070388
PEPEUSDT,2024-10-23 18:00:00+00:00,2024-10-23 19:00:00+00:00,2024-10-24 19:00:00+00:00,A,0.91042433314789,WINNER_EVENT,VALIDATION_2024-05_2025-12,1,0.029266644377147877
API3USDT,2024-10-23 22:00:00+00:00,2024-10-23 23:00:00+00:00,2024-10-24 23:00:00+00:00,A,0.9433365991794541,WINNER_EVENT,VALIDATION_2024-05_2025-12,1,-0.009180396651053191
PEOPLEUSDT,2024-10-26 22:00:00+00:00,2024-10-26 23:00:00+00:00,2024-10-27 23:00:00+00:00,A,0.9323556254394924,WINNER_EVENT,VALIDATION_2024-05_2025-12,1,0.00800744131106823
ZECUSDT,2024-10-27 07:00:00+00:00,2024-10-27 08:00:00+00:00,2024-10-28 08:00:00+00:00,A,0.9345048061544112,WINNER_EVENT,VALIDATION_2024-05_2025-12,1,0.1273728263559204
SUIUSDT,2024-10-27 19:00:00+00:00,2024-10-27 20:00:00+00:00,2024-10-28 20:00:00+00:00,A,0.9169470541122204,WINNER_EVENT,VALIDATION_2024-05_2025-12,1,-0.03834457677479741
TIAUSDT,2024-10-29 14:00:00+00:00,2024-10-29 15:00:00+00:00,2024-10-30 15:00:00+00:00,A,0.9111226630407141,WINNER_EVENT,VALIDATION_2024-05_2025-12,1,-0.02278615553525587
TIAUSDT,2024-10-30 13:00:00+00:00,2024-10-30 14:00:00+00:00,2024-10-31 14:00:00+00:00,A,0.9023680074650482,WINNER_EVENT,VALIDATION_2024-05_2025-12,1,-0.03877073316774193
DOGEUSDT,2024-10-31 20:00:00+00:00,2024-10-31 21:00:00+00:00,2024-11-01 21:00:00+00:00,A,0.9132741408336746,WINNER_EVENT,VALIDATION_2024-05_2025-12,1,0.014140805916827759
DOGEUSDT,2024-11-07 13:00:00+00:00,2024-11-07 14:00:00+00:00,2024-11-08 14:00:00+00:00,C,0.842502285815072,WINNER_EVENT,VALIDATION_2024-05_2025-12,1,0.07048825056477193
UNIUSDT,2024-11-08 07:00:00+00:00,2024-11-08 08:00:00+00:00,2024-11-09 08:00:00+00:00,B,0.8801264785240458,WINNER_EVENT,VALIDATION_2024-05_2025-12,1,0.03145870661237593
ARKUSDT,2024-11-08 08:00:00+00:00,2024-11-08 09:00:00+00:00,2024-11-09 09:00:00+00:00,B,0.8838265790752823,SAME_TIME_CONTROL,VALIDATION_2024-05_2025-12,0,-0.01541923726625738
CVXUSDT,2024-11-11 14:00:00+00:00,2024-11-11 15:00:00+00:00,2024-11-12 15:00:00+00:00,C,0.85122541804983,WINNER_EVENT,VALIDATION_2024-05_2025-12,1,0.03007097548620763
ZECUSDT,2024-11-12 03:00:00+00:00,2024-11-12 04:00:00+00:00,2024-11-13 04:00:00+00:00,A,0.9249353472946823,WINNER_EVENT,VALIDATION_2024-05_2025-12,1,-0.07764759597484594
BEAMXUSDT,2024-11-15 00:00:00+00:00,2024-11-15 01:00:00+00:00,2024-11-16 01:00:00+00:00,C,0.8440761031105205,SAME_TIME_CONTROL,VALIDATION_2024-05_2025-12,0,0.05600779565921443
JTOUSDT,2024-11-16 09:00:00+00:00,2024-11-16 10:00:00+00:00,2024-11-17 10:00:00+00:00,B,0.8928020244865073,WINNER_EVENT,VALIDATION_2024-05_2025-12,1,0.06967991397040607
RAYUSDT,2024-11-16 15:00:00+00:00,2024-11-16 16:00:00+00:00,2024-11-17 16:00:00+00:00,C,0.8565669067430569,WINNER_EVENT,VALIDATION_2024-05_2025-12,1,0.20459819760116127
MEMEUSDT,2024-11-16 15:00:00+00:00,2024-11-16 16:00:00+00:00,2024-11-17 16:00:00+00:00,B,0.9023346104864507,WINNER_EVENT,VALIDATION_2024-05_2025-12,1,0.039141504204460054
SOLUSDT,2024-11-16 15:00:00+00:00,2024-11-16 16:00:00+00:00,2024-11-17 16:00:00+00:00,C,0.8710848629887569,WINNER_EVENT,VALIDATION_2024-05_2025-12,1,0.0847750155467828
SUNUSDT,2024-11-17 02:00:00+00:00,2024-11-17 03:00:00+00:00,2024-11-18 03:00:00+00:00,C,0.8608385160186639,WINNER_EVENT,VALIDATION_2024-05_2025-12,1,0.035262179945039884
PHAUSDT,2024-11-19 14:00:00+00:00,2024-11-19 15:00:00+00:00,2024-11-20 15:00:00+00:00,A,0.9330876466499183,WINNER_EVENT,VALIDATION_2024-05_2025-12,1,0.004993312822571427
IOTAUSDT,2024-11-20 03:00:00+00:00,2024-11-20 04:00:00+00:00,2024-11-21 04:00:00+00:00,B,0.8803171583632432,WINNER_EVENT,VALIDATION_2024-05_2025-12,1,-0.03407858655146756
BATUSDT,2024-11-20 03:00:00+00:00,2024-11-20 04:00:00+00:00,2024-11-21 04:00:00+00:00,A,0.903323157758355,WINNER_EVENT,VALIDATION_2024-05_2025-12,1,-0.03052905960536445
ZECUSDT,2024-11-20 07:00:00+00:00,2024-11-20 08:00:00+00:00,2024-11-21 08:00:00+00:00,B,0.8826707970603145,WINNER_EVENT,VALIDATION_2024-05_2025-12,1,0.047650586651768245
LDOUSDT,2024-11-20 11:00:00+00:00,2024-11-20 12:00:00+00:00,2024-11-21 12:00:00+00:00,B,0.8866065535843081,WINNER_EVENT,VALIDATION_2024-05_2025-12,1,-0.022135207586984063
GTCUSDT,2024-11-20 12:00:00+00:00,2024-11-20 13:00:00+00:00,2024-11-21 13:00:00+00:00,C,0.849551942399942,WINNER_EVENT,VALIDATION_2024-05_2025-12,1,0.01380794129644447
PEOPLEUSDT,2024-11-20 19:00:00+00:00,2024-11-20 20:00:00+00:00,2024-11-21 20:00:00+00:00,C,0.8418034313061512,WINNER_EVENT,VALIDATION_2024-05_2025-12,1,0.06511406924289642
WLDUSDT,2024-11-22 17:00:00+00:00,2024-11-22 18:00:00+00:00,2024-11-23 18:00:00+00:00,A,0.9008521760576182,WINNER_EVENT,VALIDATION_2024-05_2025-12,1,0.08337749709588271
PEPEUSDT,2024-11-22 18:00:00+00:00,2024-11-22 19:00:00+00:00,2024-11-23 19:00:00+00:00,C,0.8631294479549262,WINNER_EVENT,VALIDATION_2024-05_2025-12,1,0.03971890103295195
BONKUSDT,2024-11-22 19:00:00+00:00,2024-11-22 20:00:00+00:00,2024-11-23 20:00:00+00:00,A,0.9565352359933444,WINNER_EVENT,VALIDATION_2024-05_2025-12,1,-0.0015439595989377164
RAYUSDT,2024-11-26 03:00:00+00:00,2024-11-26 04:00:00+00:00,2024-11-27 04:00:00+00:00,C,0.8503141586307043,WINNER_EVENT,VALIDATION_2024-05_2025-12,1,-0.002082998842444339
ALPINEUSDT,2024-11-27 00:00:00+00:00,2024-11-27 01:00:00+00:00,2024-11-28 01:00:00+00:00,C,0.8526588176834737,WINNER_EVENT,VALIDATION_2024-05_2025-12,1,0.026673140620319558
ONEUSDT,2024-11-28 13:00:00+00:00,2024-11-28 14:00:00+00:00,2024-11-29 14:00:00+00:00,A,0.938322364333056,WINNER_EVENT,VALIDATION_2024-05_2025-12,1,0.09330850804809843
ARBUSDT,2024-11-28 14:00:00+00:00,2024-11-28 15:00:00+00:00,2024-11-29 15:00:00+00:00,C,0.8442281486717897,WINNER_EVENT,VALIDATION_2024-05_2025-12,1,0.03515940886440361
JSTUSDT,2024-11-29 03:00:00+00:00,2024-11-29 04:00:00+00:00,2024-11-30 04:00:00+00:00,A,0.909328427808343,WINNER_EVENT,VALIDATION_2024-05_2025-12,1,0.009198647044574182
ZECUSDT,2024-11-29 05:00:00+00:00,2024-11-29 06:00:00+00:00,2024-11-30 06:00:00+00:00,A,0.9095074357653871,WINNER_EVENT,VALIDATION_2024-05_2025-12,1,0.013535519908162819
AAVEUSDT,2024-11-29 06:00:00+00:00,2024-11-29 07:00:00+00:00,2024-11-30 07:00:00+00:00,C,0.873867422545811,WINNER_EVENT,VALIDATION_2024-05_2025-12,1,0.02627602408811014
ZENUSDT,2024-11-29 13:00:00+00:00,2024-11-29 14:00:00+00:00,2024-11-30 14:00:00+00:00,A,0.9354560469599208,WINNER_EVENT,VALIDATION_2024-05_2025-12,1,0.08528458353932145
TIAUSDT,2024-11-29 16:00:00+00:00,2024-11-29 17:00:00+00:00,2024-11-30 17:00:00+00:00,A,0.9286961823931773,WINNER_EVENT,VALIDATION_2024-05_2025-12,1,0.03865056810655032
JTOUSDT,2024-12-06 16:00:00+00:00,2024-12-06 17:00:00+00:00,2024-12-07 17:00:00+00:00,A,0.9393987421017199,WINNER_EVENT,VALIDATION_2024-05_2025-12,1,0.02980807346383285
CAKEUSDT,2024-12-08 09:00:00+00:00,2024-12-08 10:00:00+00:00,2024-12-09 10:00:00+00:00,A,0.9125994495754836,WINNER_EVENT,VALIDATION_2024-05_2025-12,1,-0.024636693166890322
SUIUSDT,2024-12-14 18:00:00+00:00,2024-12-14 19:00:00+00:00,2024-12-15 19:00:00+00:00,A,0.9009287882620213,WINNER_EVENT,VALIDATION_2024-05_2025-12,1,0.047431611134341356
CVXUSDT,2024-12-15 00:00:00+00:00,2024-12-15 01:00:00+00:00,2024-12-16 01:00:00+00:00,A,0.9115354418665519,WINNER_EVENT,VALIDATION_2024-05_2025-12,1,0.04696480152526572
GTCUSDT,2024-12-16 12:00:00+00:00,2024-12-16 13:00:00+00:00,2024-12-17 13:00:00+00:00,A,0.9315762579913353,WINNER_EVENT,VALIDATION_2024-05_2025-12,1,0.07639126951367814
AAVEUSDT,2024-12-17 19:00:00+00:00,2024-12-17 20:00:00+00:00,2024-12-18 20:00:00+00:00,A,0.9026629353260872,WINNER_EVENT,VALIDATION_2024-05_2025-12,1,-0.01430535342659589
BEAMXUSDT,2024-12-21 19:00:00+00:00,2024-12-21 20:00:00+00:00,2024-12-22 20:00:00+00:00,A,0.9407458040241155,WINNER_EVENT,VALIDATION_2024-05_2025-12,1,0.013249736617874763
NEARUSDT,2024-12-22 04:00:00+00:00,2024-12-22 05:00:00+00:00,2024-12-23 05:00:00+00:00,C,0.8514566232359576,WINNER_EVENT,VALIDATION_2024-05_2025-12,1,0.0526996506934716
GTCUSDT,2024-12-22 05:00:00+00:00,2024-12-22 06:00:00+00:00,2024-12-23 06:00:00+00:00,C,0.8501692546481346,WINNER_EVENT,VALIDATION_2024-05_2025-12,1,0.018277705881272643
QNTUSDT,2024-12-22 05:00:00+00:00,2024-12-22 06:00:00+00:00,2024-12-23 06:00:00+00:00,A,0.9247903985154695,WINNER_EVENT,VALIDATION_2024-05_2025-12,1,0.008312674280257948
XRPUSDT,2024-12-23 01:00:00+00:00,2024-12-23 02:00:00+00:00,2024-12-24 02:00:00+00:00,A,0.9487686061877261,WINNER_EVENT,VALIDATION_2024-05_2025-12,1,0.03458970580228016
JSTUSDT,2024-12-25 07:00:00+00:00,2024-12-25 08:00:00+00:00,2024-12-26 08:00:00+00:00,C,0.8417940455756213,WINNER_EVENT,VALIDATION_2024-05_2025-12,1,-0.03471036672865424
LINKUSDT,2024-12-27 22:00:00+00:00,2024-12-27 23:00:00+00:00,2024-12-28 23:00:00+00:00,A,0.9323368431580144,WINNER_EVENT,VALIDATION_2024-05_2025-12,1,0.03474158077207057
RAYUSDT,2024-12-28 07:00:00+00:00,2024-12-28 08:00:00+00:00,2024-12-29 08:00:00+00:00,A,0.9271764206045754,WINNER_EVENT,VALIDATION_2024-05_2025-12,1,0.09953182959506712
ZECUSDT,2024-12-28 08:00:00+00:00,2024-12-28 09:00:00+00:00,2024-12-29 09:00:00+00:00,A,0.9134946112666873,WINNER_EVENT,VALIDATION_2024-05_2025-12,1,0.024141700568004243
PENDLEUSDT,2024-12-29 20:00:00+00:00,2024-12-29 21:00:00+00:00,2024-12-30 21:00:00+00:00,C,0.8567088809206752,WINNER_EVENT,VALIDATION_2024-05_2025-12,1,-0.01041029839759744
AVAUSDT,2024-12-31 06:00:00+00:00,2024-12-31 07:00:00+00:00,2025-01-01 07:00:00+00:00,A,0.9158040306669888,WINNER_EVENT,VALIDATION_2024-05_2025-12,1,0.01104996834228511
JTOUSDT,2025-01-01 09:00:00+00:00,2025-01-01 10:00:00+00:00,2025-01-02 10:00:00+00:00,C,0.8478036663195425,WINNER_EVENT,VALIDATION_2024-05_2025-12,1,0.035179523272107716
PEOPLEUSDT,2025-01-01 14:00:00+00:00,2025-01-01 15:00:00+00:00,2025-01-02 15:00:00+00:00,B,0.9137984877947949,WINNER_EVENT,VALIDATION_2024-05_2025-12,1,0.0672224185397623
SYNUSDT,2025-01-03 02:00:00+00:00,2025-01-03 03:00:00+00:00,2025-01-04 03:00:00+00:00,A,0.9119583481359865,WINNER_EVENT,VALIDATION_2024-05_2025-12,1,0.06646268745560269
SUPERUSDT,2025-01-03 02:00:00+00:00,2025-01-03 03:00:00+00:00,2025-01-04 03:00:00+00:00,A,0.903423898554058,WINNER_EVENT,VALIDATION_2024-05_2025-12,1,0.10092543515276997
JTOUSDT,2025-01-03 04:00:00+00:00,2025-01-03 05:00:00+00:00,2025-01-04 05:00:00+00:00,C,0.8517589425444204,WINNER_EVENT,VALIDATION_2024-05_2025-12,1,0.04257806887826776
WLDUSDT,2025-01-03 05:00:00+00:00,2025-01-03 06:00:00+00:00,2025-01-04 06:00:00+00:00,B,0.8896982374518333,WINNER_EVENT,VALIDATION_2024-05_2025-12,1,0.058290294433247514
AUCTIONUSDT,2025-01-03 05:00:00+00:00,2025-01-03 06:00:00+00:00,2025-01-04 06:00:00+00:00,C,0.8502792085366473,WINNER_EVENT,VALIDATION_2024-05_2025-12,1,0.06576342542842073
PHAUSDT,2025-01-03 12:00:00+00:00,2025-01-03 13:00:00+00:00,2025-01-04 13:00:00+00:00,C,0.8737605426417591,WINNER_EVENT,VALIDATION_2024-05_2025-12,1,0.1654595720923009
PEPEUSDT,2025-01-04 15:00:00+00:00,2025-01-04 16:00:00+00:00,2025-01-05 16:00:00+00:00,A,0.912325396086245,WINNER_EVENT,VALIDATION_2024-05_2025-12,1,-0.003959726225769122
BONKUSDT,2025-01-05 17:00:00+00:00,2025-01-05 18:00:00+00:00,2025-01-06 18:00:00+00:00,A,0.9026884164474238,WINNER_EVENT,VALIDATION_2024-05_2025-12,1,0.035453199685382186
COTIUSDT,2025-01-06 00:00:00+00:00,2025-01-06 01:00:00+00:00,2025-01-07 01:00:00+00:00,C,0.8531565364923328,WINNER_EVENT,VALIDATION_2024-05_2025-12,1,0.010676418512852726
JTOUSDT,2025-01-08 06:00:00+00:00,2025-01-08 07:00:00+00:00,2025-01-09 07:00:00+00:00,C,0.842370509378289,WINNER_EVENT,VALIDATION_2024-05_2025-12,1,0.02171777897406635
AVAUSDT,2025-01-11 13:00:00+00:00,2025-01-11 14:00:00+00:00,2025-01-12 14:00:00+00:00,B,0.9173353062034398,WINNER_EVENT,VALIDATION_2024-05_2025-12,1,-0.005707704631637389
API3USDT,2025-01-11 17:00:00+00:00,2025-01-11 18:00:00+00:00,2025-01-12 18:00:00+00:00,C,0.8450032697744554,WINNER_EVENT,VALIDATION_2024-05_2025-12,1,0.012141899092833697
PHAUSDT,2025-01-11 18:00:00+00:00,2025-01-11 19:00:00+00:00,2025-01-12 19:00:00+00:00,A,0.9039435397268655,WINNER_EVENT,VALIDATION_2024-05_2025-12,1,-0.04542801654117967
LDOUSDT,2025-01-11 19:00:00+00:00,2025-01-11 20:00:00+00:00,2025-01-12 20:00:00+00:00,B,0.8870019828071619,WINNER_EVENT,VALIDATION_2024-05_2025-12,1,-0.0017310734184381449
WLDUSDT,2025-01-13 17:00:00+00:00,2025-01-13 18:00:00+00:00,2025-01-14 18:00:00+00:00,C,0.9085365382884416,WINNER_EVENT,VALIDATION_2024-05_2025-12,1,0.0704623806479181
NMRUSDT,2025-01-13 17:00:00+00:00,2025-01-13 18:00:00+00:00,2025-01-14 18:00:00+00:00,C,0.9005137493824127,SAME_TIME_CONTROL,VALIDATION_2024-05_2025-12,0,0.025749692631729992
APEUSDT,2025-01-13 17:00:00+00:00,2025-01-13 18:00:00+00:00,2025-01-14 18:00:00+00:00,C,0.8551617970682348,SAME_TIME_CONTROL,VALIDATION_2024-05_2025-12,0,0.06931023441613937
NMRUSDT,2025-01-13 18:00:00+00:00,2025-01-13 19:00:00+00:00,2025-01-14 19:00:00+00:00,C,0.8964314471211254,SAME_TIME_CONTROL,VALIDATION_2024-05_2025-12,0,0.031200533066597202
MEMEUSDT,2025-01-13 18:00:00+00:00,2025-01-13 19:00:00+00:00,2025-01-14 19:00:00+00:00,C,0.8547801285802444,SAME_TIME_CONTROL,VALIDATION_2024-05_2025-12,0,0.08938637934789706
PEPEUSDT,2025-01-13 18:00:00+00:00,2025-01-13 19:00:00+00:00,2025-01-14 19:00:00+00:00,C,0.8684893226975058,WINNER_EVENT,VALIDATION_2024-05_2025-12,1,0.08752775821182768
AVAUSDT,2025-01-18 15:00:00+00:00,2025-01-18 16:00:00+00:00,2025-01-19 16:00:00+00:00,A,0.9084715802533594,WINNER_EVENT,VALIDATION_2024-05_2025-12,1,-0.033968118333524866
ONEUSDT,2025-01-18 15:00:00+00:00,2025-01-18 16:00:00+00:00,2025-01-19 16:00:00+00:00,A,0.9240216911688279,SAME_TIME_CONTROL,VALIDATION_2024-05_2025-12,0,-0.03157082056325
ZENUSDT,2025-01-18 18:00:00+00:00,2025-01-18 19:00:00+00:00,2025-01-19 19:00:00+00:00,A,0.9152378968920815,WINNER_EVENT,VALIDATION_2024-05_2025-12,1,0.03304080179497926
SUPERUSDT,2025-01-18 21:00:00+00:00,2025-01-18 22:00:00+00:00,2025-01-19 22:00:00+00:00,C,0.8402683723152907,WINNER_EVENT,VALIDATION_2024-05_2025-12,1,-0.0822254551185595
PEPEUSDT,2025-01-21 08:00:00+00:00,2025-01-21 09:00:00+00:00,2025-01-22 09:00:00+00:00,A,0.933313978455756,WINNER_EVENT,VALIDATION_2024-05_2025-12,1,0.051095160579601284
ADAUSDT,2025-01-21 08:00:00+00:00,2025-01-21 09:00:00+00:00,2025-01-22 09:00:00+00:00,A,0.9248912839255682,WINNER_EVENT,VALIDATION_2024-05_2025-12,1,0.03341050134554813
BTCUSDT,2025-01-22 16:00:00+00:00,2025-01-22 17:00:00+00:00,2025-01-23 17:00:00+00:00,A,0.9093226276211059,SAME_TIME_CONTROL,VALIDATION_2024-05_2025-12,0,0.010795900038427453
ICPUSDT,2025-01-22 21:00:00+00:00,2025-01-22 22:00:00+00:00,2025-01-23 22:00:00+00:00,A,0.9130039847537906,WINNER_EVENT,VALIDATION_2024-05_2025-12,1,-0.009012760507363105
ATOMUSDT,2025-01-26 01:00:00+00:00,2025-01-26 02:00:00+00:00,2025-01-27 02:00:00+00:00,A,0.9137469842249217,WINNER_EVENT,VALIDATION_2024-05_2025-12,1,-0.034618126662296134
PEOPLEUSDT,2025-01-28 22:00:00+00:00,2025-01-28 23:00:00+00:00,2025-01-29 23:00:00+00:00,A,0.9023470525057092,WINNER_EVENT,VALIDATION_2024-05_2025-12,1,0.09533918464932434
MEMEUSDT,2025-01-28 22:00:00+00:00,2025-01-28 23:00:00+00:00,2025-01-29 23:00:00+00:00,A,0.9091966357157035,WINNER_EVENT,VALIDATION_2024-05_2025-12,1,0.07792522710178762
PEPEUSDT,2025-01-28 22:00:00+00:00,2025-01-28 23:00:00+00:00,2025-01-29 23:00:00+00:00,C,0.8568969778863881,WINNER_EVENT,VALIDATION_2024-05_2025-12,1,0.09903964686417366
AXSUSDT,2025-01-28 23:00:00+00:00,2025-01-29 00:00:00+00:00,2025-01-30 00:00:00+00:00,C,0.843403421294426,WINNER_EVENT,VALIDATION_2024-05_2025-12,1,0.019758119859190737
PHAUSDT,2025-01-29 00:00:00+00:00,2025-01-29 01:00:00+00:00,2025-01-30 01:00:00+00:00,A,0.9129956114540837,WINNER_EVENT,VALIDATION_2024-05_2025-12,1,0.055715773618000286
ZENUSDT,2025-01-29 00:00:00+00:00,2025-01-29 01:00:00+00:00,2025-01-30 01:00:00+00:00,A,0.9110541069947703,WINNER_EVENT,VALIDATION_2024-05_2025-12,1,0.056708833685752635
OPUSDT,2025-01-31 03:00:00+00:00,2025-01-31 04:00:00+00:00,2025-02-01 04:00:00+00:00,C,0.8466924868765737,WINNER_EVENT,VALIDATION_2024-05_2025-12,1,0.021234768395141268
GTCUSDT,2025-02-02 04:00:00+00:00,2025-02-02 05:00:00+00:00,2025-02-03 05:00:00+00:00,A,0.9019763871676237,WINNER_EVENT,VALIDATION_2024-05_2025-12,1,-0.2942097998585981
MANAUSDT,2025-02-02 04:00:00+00:00,2025-02-02 05:00:00+00:00,2025-02-03 05:00:00+00:00,A,0.919097526137646,WINNER_EVENT,VALIDATION_2024-05_2025-12,1,-0.2737899421365476
CHZUSDT,2025-02-02 04:00:00+00:00,2025-02-02 05:00:00+00:00,2025-02-03 05:00:00+00:00,A,0.9362478140127451,WINNER_EVENT,VALIDATION_2024-05_2025-12,1,-0.23150830937989164
PEPEUSDT,2025-02-06 23:00:00+00:00,2025-02-07 00:00:00+00:00,2025-02-08 00:00:00+00:00,C,0.8418439803134035,WINNER_EVENT,VALIDATION_2024-05_2025-12,1,-0.03330617392316193
SYNUSDT,2025-02-06 23:00:00+00:00,2025-02-07 00:00:00+00:00,2025-02-08 00:00:00+00:00,B,0.8783968372280467,WINNER_EVENT,VALIDATION_2024-05_2025-12,1,-0.04363852321811257
RAYUSDT,2025-02-08 02:00:00+00:00,2025-02-08 03:00:00+00:00,2025-02-09 03:00:00+00:00,A,0.9384531321009529,WINNER_EVENT,VALIDATION_2024-05_2025-12,1,0.025077667633863543
PHAUSDT,2025-02-12 14:00:00+00:00,2025-02-12 15:00:00+00:00,2025-02-13 15:00:00+00:00,B,0.8859040051356963,SAME_TIME_CONTROL,VALIDATION_2024-05_2025-12,0,0.05312107044542924
ZECUSDT,2025-02-13 17:00:00+00:00,2025-02-13 18:00:00+00:00,2025-02-14 18:00:00+00:00,B,0.8862074199097716,WINNER_EVENT,VALIDATION_2024-05_2025-12,1,0.07103319051025903
COTIUSDT,2025-02-13 23:00:00+00:00,2025-02-14 00:00:00+00:00,2025-02-15 00:00:00+00:00,B,0.8967363718521865,WINNER_EVENT,VALIDATION_2024-05_2025-12,1,0.08455619909073286
ATOMUSDT,2025-02-14 12:00:00+00:00,2025-02-14 13:00:00+00:00,2025-02-15 13:00:00+00:00,B,0.8809181922465336,WINNER_EVENT,VALIDATION_2024-05_2025-12,1,0.011943191002984133
TRBUSDT,2025-02-15 20:00:00+00:00,2025-02-15 21:00:00+00:00,2025-02-16 21:00:00+00:00,C,0.867453081533631,WINNER_EVENT,VALIDATION_2024-05_2025-12,1,-0.007687940574072072
LDOUSDT,2025-02-16 02:00:00+00:00,2025-02-16 03:00:00+00:00,2025-02-17 03:00:00+00:00,B,0.8922536944920921,WINNER_EVENT,VALIDATION_2024-05_2025-12,1,0.047728296071620324
APTUSDT,2025-02-16 07:00:00+00:00,2025-02-16 08:00:00+00:00,2025-02-17 08:00:00+00:00,B,0.8836581952341265,SAME_TIME_CONTROL,VALIDATION_2024-05_2025-12,0,-0.01313453400460729
PENDLEUSDT,2025-02-16 10:00:00+00:00,2025-02-16 11:00:00+00:00,2025-02-17 11:00:00+00:00,B,0.8873656560590447,WINNER_EVENT,VALIDATION_2024-05_2025-12,1,0.011122372053206542
BONKUSDT,2025-02-16 13:00:00+00:00,2025-02-16 14:00:00+00:00,2025-02-17 14:00:00+00:00,C,0.844864753109468,SAME_TIME_CONTROL,VALIDATION_2024-05_2025-12,0,-0.013238702108308353
RUNEUSDT,2025-02-17 00:00:00+00:00,2025-02-17 01:00:00+00:00,2025-02-18 01:00:00+00:00,A,0.9592720773170023,WINNER_EVENT,VALIDATION_2024-05_2025-12,1,-0.02475712315739742
ENJUSDT,2025-02-17 05:00:00+00:00,2025-02-17 06:00:00+00:00,2025-02-18 06:00:00+00:00,B,0.897277016166956,WINNER_EVENT,VALIDATION_2024-05_2025-12,1,-0.026989804288291785
AVAUSDT,2025-02-17 05:00:00+00:00,2025-02-17 06:00:00+00:00,2025-02-18 06:00:00+00:00,B,0.8878975006866966,WINNER_EVENT,VALIDATION_2024-05_2025-12,1,-0.037799473125331495
SUPERUSDT,2025-02-17 07:00:00+00:00,2025-02-17 08:00:00+00:00,2025-02-18 08:00:00+00:00,B,0.8903533336031545,WINNER_EVENT,VALIDATION_2024-05_2025-12,1,-0.055325661854480845
ZENUSDT,2025-02-18 17:00:00+00:00,2025-02-18 18:00:00+00:00,2025-02-19 18:00:00+00:00,A,0.9010800135594664,WINNER_EVENT,VALIDATION_2024-05_2025-12,1,0.01065170456976472
ZECUSDT,2025-02-20 19:00:00+00:00,2025-02-20 20:00:00+00:00,2025-02-21 20:00:00+00:00,A,0.9120348449389354,WINNER_EVENT,VALIDATION_2024-05_2025-12,1,-0.061226662962094114
CAKEUSDT,2025-02-22 14:00:00+00:00,2025-02-22 15:00:00+00:00,2025-02-23 15:00:00+00:00,A,0.9476505015162169,WINNER_EVENT,VALIDATION_2024-05_2025-12,1,0.05472804149327959
SUNUSDT,2025-02-25 16:00:00+00:00,2025-02-25 17:00:00+00:00,2025-02-26 17:00:00+00:00,C,0.8583819397742415,WINNER_EVENT,VALIDATION_2024-05_2025-12,1,0.009291521979720718
QNTUSDT,2025-02-28 05:00:00+00:00,2025-02-28 06:00:00+00:00,2025-03-01 06:00:00+00:00,A,0.9036326278782119,WINNER_EVENT,VALIDATION_2024-05_2025-12,1,0.06118458431813445
OPUSDT,2025-02-28 11:00:00+00:00,2025-02-28 12:00:00+00:00,2025-03-01 12:00:00+00:00,A,0.920916557590177,WINNER_EVENT,VALIDATION_2024-05_2025-12,1,0.0037802534578419422
ZENUSDT,2025-03-01 14:00:00+00:00,2025-03-01 15:00:00+00:00,2025-03-02 15:00:00+00:00,C,0.8603809103069574,WINNER_EVENT,VALIDATION_2024-05_2025-12,1,0.019142580285482547
PEOPLEUSDT,2025-03-01 15:00:00+00:00,2025-03-01 16:00:00+00:00,2025-03-02 16:00:00+00:00,A,0.9318454832468006,WINNER_EVENT,VALIDATION_2024-05_2025-12,1,0.04958588900028338
LTCUSDT,2025-03-02 13:00:00+00:00,2025-03-02 14:00:00+00:00,2025-03-03 14:00:00+00:00,B,0.8873975513976123,WINNER_EVENT,VALIDATION_2024-05_2025-12,1,-0.004250862200758765
QIUSDT,2025-03-04 13:00:00+00:00,2025-03-04 14:00:00+00:00,2025-03-05 14:00:00+00:00,C,0.8605436350908541,WINNER_EVENT,VALIDATION_2024-05_2025-12,1,0.07420038083249803
AUCTIONUSDT,2025-03-06 00:00:00+00:00,2025-03-06 01:00:00+00:00,2025-03-07 01:00:00+00:00,C,0.8524200762213674,WINNER_EVENT,VALIDATION_2024-05_2025-12,1,0.06809525003384609
JTOUSDT,2025-03-08 14:00:00+00:00,2025-03-08 15:00:00+00:00,2025-03-09 15:00:00+00:00,A,0.9268008531954622,WINNER_EVENT,VALIDATION_2024-05_2025-12,1,-0.008170269057991009
ARUSDT,2025-03-09 18:00:00+00:00,2025-03-09 19:00:00+00:00,2025-03-10 19:00:00+00:00,C,0.8414182370234972,WINNER_EVENT,VALIDATION_2024-05_2025-12,1,-0.13603378162464386
QNTUSDT,2025-03-10 00:00:00+00:00,2025-03-10 01:00:00+00:00,2025-03-11 01:00:00+00:00,A,0.9085111963759906,WINNER_EVENT,VALIDATION_2024-05_2025-12,1,-0.0968778913553211
SYNUSDT,2025-03-10 07:00:00+00:00,2025-03-10 08:00:00+00:00,2025-03-11 08:00:00+00:00,A,0.905980760742524,WINNER_EVENT,VALIDATION_2024-05_2025-12,1,-0.047645624616287297
SEIUSDT,2025-03-12 06:00:00+00:00,2025-03-12 07:00:00+00:00,2025-03-13 07:00:00+00:00,C,0.8450031943283652,WINNER_EVENT,VALIDATION_2024-05_2025-12,1,0.018064067185143307
RUNEUSDT,2025-03-15 05:00:00+00:00,2025-03-15 06:00:00+00:00,2025-03-16 06:00:00+00:00,B,0.8923449543863694,WINNER_EVENT,VALIDATION_2024-05_2025-12,1,0.017649971782482954
ZENUSDT,2025-03-15 08:00:00+00:00,2025-03-15 09:00:00+00:00,2025-03-16 09:00:00+00:00,A,0.9158096479678645,WINNER_EVENT,VALIDATION_2024-05_2025-12,1,0.01894078726949444
ENJUSDT,2025-03-15 10:00:00+00:00,2025-03-15 11:00:00+00:00,2025-03-16 11:00:00+00:00,C,0.8686423364174826,WINNER_EVENT,VALIDATION_2024-05_2025-12,1,0.003629109338713077
ZECUSDT,2025-03-18 12:00:00+00:00,2025-03-18 13:00:00+00:00,2025-03-19 13:00:00+00:00,B,0.8815571498312496,WINNER_EVENT,VALIDATION_2024-05_2025-12,1,0.016517732573466448
RAYUSDT,2025-03-18 13:00:00+00:00,2025-03-18 14:00:00+00:00,2025-03-19 14:00:00+00:00,B,0.8807551177678579,WINNER_EVENT,VALIDATION_2024-05_2025-12,1,0.14505591408963037
NMRUSDT,2025-03-20 06:00:00+00:00,2025-03-20 07:00:00+00:00,2025-03-21 07:00:00+00:00,A,0.928165114822055,WINNER_EVENT,VALIDATION_2024-05_2025-12,1,-0.0029955052443806363
ZECUSDT,2025-03-21 13:00:00+00:00,2025-03-21 14:00:00+00:00,2025-03-22 14:00:00+00:00,A,0.9294052873373841,WINNER_EVENT,VALIDATION_2024-05_2025-12,1,0.011573806535509101
NMRUSDT,2025-03-21 17:00:00+00:00,2025-03-21 18:00:00+00:00,2025-03-22 18:00:00+00:00,A,0.9157667770121106,WINNER_EVENT,VALIDATION_2024-05_2025-12,1,0.007610925550891823
WLDUSDT,2025-03-21 22:00:00+00:00,2025-03-21 23:00:00+00:00,2025-03-22 23:00:00+00:00,C,0.8615223062694862,WINNER_EVENT,VALIDATION_2024-05_2025-12,1,0.009192813762411545
ZECUSDT,2025-03-22 04:00:00+00:00,2025-03-22 05:00:00+00:00,2025-03-23 05:00:00+00:00,A,0.9476646396136258,WINNER_EVENT,VALIDATION_2024-05_2025-12,1,0.033012940722604966
PEPEUSDT,2025-03-22 23:00:00+00:00,2025-03-23 00:00:00+00:00,2025-03-24 00:00:00+00:00,C,0.8474991304926744,WINNER_EVENT,VALIDATION_2024-05_2025-12,1,0.036489821280594414
AUCTIONUSDT,2025-03-23 06:00:00+00:00,2025-03-23 07:00:00+00:00,2025-03-24 07:00:00+00:00,A,0.9062133077503659,WINNER_EVENT,VALIDATION_2024-05_2025-12,1,-0.13138492633916887
CAKEUSDT,2025-03-24 08:00:00+00:00,2025-03-24 09:00:00+00:00,2025-03-25 09:00:00+00:00,A,0.9502392643835881,WINNER_EVENT,VALIDATION_2024-05_2025-12,1,0.025027978179074983
AUCTIONUSDT,2025-03-25 15:00:00+00:00,2025-03-25 16:00:00+00:00,2025-03-26 16:00:00+00:00,A,0.9033979938637263,WINNER_EVENT,VALIDATION_2024-05_2025-12,1,-0.02130356259823496
API3USDT,2025-03-26 01:00:00+00:00,2025-03-26 02:00:00+00:00,2025-03-27 02:00:00+00:00,A,0.9533749078111946,WINNER_EVENT,VALIDATION_2024-05_2025-12,1,-0.02549036894555501
CAKEUSDT,2025-03-26 22:00:00+00:00,2025-03-26 23:00:00+00:00,2025-03-27 23:00:00+00:00,B,0.8842594745999768,WINNER_EVENT,VALIDATION_2024-05_2025-12,1,0.04014199607396396
API3USDT,2025-03-27 14:00:00+00:00,2025-03-27 15:00:00+00:00,2025-03-28 15:00:00+00:00,A,0.9284154835401146,WINNER_EVENT,VALIDATION_2024-05_2025-12,1,0.05380142039901559
AVAUSDT,2025-03-28 18:00:00+00:00,2025-03-28 19:00:00+00:00,2025-03-29 19:00:00+00:00,B,0.8921350416770535,WINNER_EVENT,VALIDATION_2024-05_2025-12,1,-0.05117721521109231
ONEUSDT,2025-03-29 17:00:00+00:00,2025-03-29 18:00:00+00:00,2025-03-30 18:00:00+00:00,A,0.9435699231617389,WINNER_EVENT,VALIDATION_2024-05_2025-12,1,0.0025639993732156086
ARUSDT,2025-03-29 19:00:00+00:00,2025-03-29 20:00:00+00:00,2025-03-30 20:00:00+00:00,B,0.9143484235432511,WINNER_EVENT,VALIDATION_2024-05_2025-12,1,0.048297330498673796
API3USDT,2025-03-29 21:00:00+00:00,2025-03-29 22:00:00+00:00,2025-03-30 22:00:00+00:00,A,0.9234639323603306,WINNER_EVENT,VALIDATION_2024-05_2025-12,1,0.02937477055937343
AAVEUSDT,2025-03-31 08:00:00+00:00,2025-03-31 09:00:00+00:00,2025-04-01 09:00:00+00:00,C,0.8560638056778535,WINNER_EVENT,VALIDATION_2024-05_2025-12,1,0.09765484410219627
PHAUSDT,2025-03-31 09:00:00+00:00,2025-03-31 10:00:00+00:00,2025-04-01 10:00:00+00:00,B,0.8909248083815192,WINNER_EVENT,VALIDATION_2024-05_2025-12,1,0.04335386295889765
SUIUSDT,2025-03-31 11:00:00+00:00,2025-03-31 12:00:00+00:00,2025-04-01 12:00:00+00:00,A,0.9611289291906105,WINNER_EVENT,VALIDATION_2024-05_2025-12,1,0.07488841620537201
TIAUSDT,2025-03-31 23:00:00+00:00,2025-04-01 00:00:00+00:00,2025-04-02 00:00:00+00:00,A,0.9068807126502602,WINNER_EVENT,VALIDATION_2024-05_2025-12,1,0.024020940418275405
API3USDT,2025-04-04 00:00:00+00:00,2025-04-04 01:00:00+00:00,2025-04-05 01:00:00+00:00,A,0.9282858036850935,WINNER_EVENT,VALIDATION_2024-05_2025-12,1,0.02013684962233908
SUIUSDT,2025-04-04 03:00:00+00:00,2025-04-04 04:00:00+00:00,2025-04-05 04:00:00+00:00,A,0.9339798383554164,WINNER_EVENT,VALIDATION_2024-05_2025-12,1,0.022106786322729555
CRVUSDT,2025-04-05 07:00:00+00:00,2025-04-05 08:00:00+00:00,2025-04-06 08:00:00+00:00,A,0.956602099022343,WINNER_EVENT,VALIDATION_2024-05_2025-12,1,-0.02193900245989433
ZECUSDT,2025-04-05 14:00:00+00:00,2025-04-05 15:00:00+00:00,2025-04-06 15:00:00+00:00,A,0.9171323616505063,WINNER_EVENT,VALIDATION_2024-05_2025-12,1,0.027486504470821016
CVXUSDT,2025-04-06 21:00:00+00:00,2025-04-06 22:00:00+00:00,2025-04-07 22:00:00+00:00,C,0.8490230404073976,WINNER_EVENT,VALIDATION_2024-05_2025-12,1,0.05061984220773419
QNTUSDT,2025-04-08 05:00:00+00:00,2025-04-08 06:00:00+00:00,2025-04-09 06:00:00+00:00,A,0.9000758920956751,WINNER_EVENT,VALIDATION_2024-05_2025-12,1,-0.0029955052443806363
ETHUSDT,2025-04-09 01:00:00+00:00,2025-04-09 02:00:00+00:00,2025-04-10 02:00:00+00:00,A,0.9437176959384955,SAME_TIME_CONTROL,VALIDATION_2024-05_2025-12,0,0.13776362749856608
GALAUSDT,2025-04-09 01:00:00+00:00,2025-04-09 02:00:00+00:00,2025-04-10 02:00:00+00:00,A,0.9025922913216767,WINNER_EVENT,VALIDATION_2024-05_2025-12,1,0.11718267334630461
XRPUSDT,2025-04-09 01:00:00+00:00,2025-04-09 02:00:00+00:00,2025-04-10 02:00:00+00:00,A,0.9053020272378834,SAME_TIME_CONTROL,VALIDATION_2024-05_2025-12,0,0.13009526836870733
ZENUSDT,2025-04-09 01:00:00+00:00,2025-04-09 02:00:00+00:00,2025-04-10 02:00:00+00:00,A,0.9056845563491074,WINNER_EVENT,VALIDATION_2024-05_2025-12,1,0.11709187087464357
TIAUSDT,2025-04-09 01:00:00+00:00,2025-04-09 02:00:00+00:00,2025-04-10 02:00:00+00:00,A,0.9265538009242571,SAME_TIME_CONTROL,VALIDATION_2024-05_2025-12,0,0.09179316755001676
DOGEUSDT,2025-04-09 01:00:00+00:00,2025-04-09 02:00:00+00:00,2025-04-10 02:00:00+00:00,A,0.9059114494960346,SAME_TIME_CONTROL,VALIDATION_2024-05_2025-12,0,0.11351822918063315
ADAUSDT,2025-04-09 01:00:00+00:00,2025-04-09 02:00:00+00:00,2025-04-10 02:00:00+00:00,A,0.9029644801810828,WINNER_EVENT,VALIDATION_2024-05_2025-12,1,0.11588363299917459
API3USDT,2025-04-12 04:00:00+00:00,2025-04-12 05:00:00+00:00,2025-04-13 05:00:00+00:00,A,0.9430650185152347,WINNER_EVENT,VALIDATION_2024-05_2025-12,1,0.33928096660192164
CVXUSDT,2025-04-12 08:00:00+00:00,2025-04-12 09:00:00+00:00,2025-04-13 09:00:00+00:00,A,0.9250505631497444,WINNER_EVENT,VALIDATION_2024-05_2025-12,1,0.01026631226305752
BEAMXUSDT,2025-04-12 10:00:00+00:00,2025-04-12 11:00:00+00:00,2025-04-13 11:00:00+00:00,B,0.8839446105844373,WINNER_EVENT,VALIDATION_2024-05_2025-12,1,0.005070874163027428
PHAUSDT,2025-04-13 05:00:00+00:00,2025-04-13 06:00:00+00:00,2025-04-14 06:00:00+00:00,C,0.852643919923971,WINNER_EVENT,VALIDATION_2024-05_2025-12,1,-0.022333954496105757
INJUSDT,2025-04-13 05:00:00+00:00,2025-04-13 06:00:00+00:00,2025-04-14 06:00:00+00:00,C,0.8457013083332793,WINNER_EVENT,VALIDATION_2024-05_2025-12,1,-0.009074800944109729
BCHUSDT,2025-04-14 16:00:00+00:00,2025-04-14 17:00:00+00:00,2025-04-15 17:00:00+00:00,A,0.9244213311750135,WINNER_EVENT,VALIDATION_2024-05_2025-12,1,-0.01215914949764918
AUCTIONUSDT,2025-04-15 00:00:00+00:00,2025-04-15 01:00:00+00:00,2025-04-16 01:00:00+00:00,A,0.9332426601902933,WINNER_EVENT,VALIDATION_2024-05_2025-12,1,-0.012188337970543084
CRVUSDT,2025-04-15 00:00:00+00:00,2025-04-15 01:00:00+00:00,2025-04-16 01:00:00+00:00,A,0.9245318871144957,WINNER_EVENT,VALIDATION_2024-05_2025-12,1,0.0113835343845885
ZECUSDT,2025-04-15 02:00:00+00:00,2025-04-15 03:00:00+00:00,2025-04-16 03:00:00+00:00,B,0.8798066799652535,WINNER_EVENT,VALIDATION_2024-05_2025-12,1,0.04257622273030903
SUPERUSDT,2025-04-15 06:00:00+00:00,2025-04-15 07:00:00+00:00,2025-04-16 07:00:00+00:00,B,0.8825273669133611,WINNER_EVENT,VALIDATION_2024-05_2025-12,1,-0.045879398040773345
BONKUSDT,2025-04-16 07:00:00+00:00,2025-04-16 08:00:00+00:00,2025-04-17 08:00:00+00:00,A,0.9023030928046937,SAME_TIME_CONTROL,VALIDATION_2024-05_2025-12,0,0.039941811497894
ARKUSDT,2025-04-16 23:00:00+00:00,2025-04-17 00:00:00+00:00,2025-04-18 00:00:00+00:00,A,0.925993524092058,WINNER_EVENT,VALIDATION_2024-05_2025-12,1,0.17874500986931552
ALICEUSDT,2025-04-18 00:00:00+00:00,2025-04-18 01:00:00+00:00,2025-04-19 01:00:00+00:00,B,0.8883707363889939,WINNER_EVENT,VALIDATION_2024-05_2025-12,1,0.02632815636607866
ZECUSDT,2025-04-18 06:00:00+00:00,2025-04-18 07:00:00+00:00,2025-04-19 07:00:00+00:00,A,0.9187644456225743,WINNER_EVENT,VALIDATION_2024-05_2025-12,1,0.0330010134466967
RAYUSDT,2025-04-18 14:00:00+00:00,2025-04-18 15:00:00+00:00,2025-04-19 15:00:00+00:00,B,0.8917742399304311,WINNER_EVENT,VALIDATION_2024-05_2025-12,1,0.053828585130291984
MEMEUSDT,2025-04-21 23:00:00+00:00,2025-04-22 00:00:00+00:00,2025-04-23 00:00:00+00:00,A,0.9080144698072711,SAME_TIME_CONTROL,VALIDATION_2024-05_2025-12,0,0.06337240449096626
TRBUSDT,2025-04-22 05:00:00+00:00,2025-04-22 06:00:00+00:00,2025-04-23 06:00:00+00:00,A,0.9165132856011436,WINNER_EVENT,VALIDATION_2024-05_2025-12,1,0.1004378783769122
AVAUSDT,2025-04-22 05:00:00+00:00,2025-04-22 06:00:00+00:00,2025-04-23 06:00:00+00:00,A,0.9248245474015564,WINNER_EVENT,VALIDATION_2024-05_2025-12,1,0.06149696339159538
AUCTIONUSDT,2025-04-22 06:00:00+00:00,2025-04-22 07:00:00+00:00,2025-04-23 07:00:00+00:00,C,0.8741185825742518,WINNER_EVENT,VALIDATION_2024-05_2025-12,1,0.08152720944319691
AXSUSDT,2025-04-24 03:00:00+00:00,2025-04-24 04:00:00+00:00,2025-04-25 04:00:00+00:00,C,0.8502549109190694,WINNER_EVENT,VALIDATION_2024-05_2025-12,1,0.041676793909638965
SANDUSDT,2025-04-24 05:00:00+00:00,2025-04-24 06:00:00+00:00,2025-04-25 06:00:00+00:00,A,0.9391035507877505,WINNER_EVENT,VALIDATION_2024-05_2025-12,1,0.06457416047855569
SUPERUSDT,2025-04-26 13:00:00+00:00,2025-04-26 14:00:00+00:00,2025-04-27 14:00:00+00:00,C,0.8481372835343287,WINNER_EVENT,VALIDATION_2024-05_2025-12,1,0.012948375320226635
ARKUSDT,2025-04-27 12:00:00+00:00,2025-04-27 13:00:00+00:00,2025-04-28 13:00:00+00:00,C,0.842784779442881,WINNER_EVENT,VALIDATION_2024-05_2025-12,1,0.02199151189670623
JSTUSDT,2025-04-30 00:00:00+00:00,2025-04-30 01:00:00+00:00,2025-05-01 01:00:00+00:00,A,0.9458843630058883,WINNER_EVENT,VALIDATION_2024-05_2025-12,1,0.04651652258201788
ARKUSDT,2025-04-30 05:00:00+00:00,2025-04-30 06:00:00+00:00,2025-05-01 06:00:00+00:00,A,0.9151095678968117,WINNER_EVENT,VALIDATION_2024-05_2025-12,1,0.007496824564787508
ZENUSDT,2025-04-30 07:00:00+00:00,2025-04-30 08:00:00+00:00,2025-05-01 08:00:00+00:00,B,0.8836911897465074,WINNER_EVENT,VALIDATION_2024-05_2025-12,1,0.021293467365675056
PEOPLEUSDT,2025-05-02 10:00:00+00:00,2025-05-02 11:00:00+00:00,2025-05-03 11:00:00+00:00,B,0.8848352329539109,WINNER_EVENT,VALIDATION_2024-05_2025-12,1,-0.04784120937615233
CVXUSDT,2025-05-03 17:00:00+00:00,2025-05-03 18:00:00+00:00,2025-05-04 18:00:00+00:00,A,0.9303427339742376,WINNER_EVENT,VALIDATION_2024-05_2025-12,1,-0.005637451570331353
TRBUSDT,2025-05-03 17:00:00+00:00,2025-05-03 18:00:00+00:00,2025-05-04 18:00:00+00:00,A,0.912827472210705,WINNER_EVENT,VALIDATION_2024-05_2025-12,1,-0.029694709473213288
MEMEUSDT,2025-05-04 00:00:00+00:00,2025-05-04 01:00:00+00:00,2025-05-05 01:00:00+00:00,C,0.8407790931452762,WINNER_EVENT,VALIDATION_2024-05_2025-12,1,0.009618152042986106
ACEUSDT,2025-05-04 03:00:00+00:00,2025-05-04 04:00:00+00:00,2025-05-05 04:00:00+00:00,C,0.8736572780838289,WINNER_EVENT,VALIDATION_2024-05_2025-12,1,0.032855683779365874
SUIUSDT,2025-05-04 04:00:00+00:00,2025-05-04 05:00:00+00:00,2025-05-05 05:00:00+00:00,A,0.9242237876609996,WINNER_EVENT,VALIDATION_2024-05_2025-12,1,0.03587119633228997
APEUSDT,2025-05-04 19:00:00+00:00,2025-05-04 20:00:00+00:00,2025-05-05 20:00:00+00:00,A,0.9145476425818349,WINNER_EVENT,VALIDATION_2024-05_2025-12,1,0.00587684435712843
ARUSDT,2025-05-05 12:00:00+00:00,2025-05-05 13:00:00+00:00,2025-05-06 13:00:00+00:00,B,0.8872544059306793,SAME_TIME_CONTROL,VALIDATION_2024-05_2025-12,0,-0.031645059691381316
AVAUSDT,2025-05-06 00:00:00+00:00,2025-05-06 01:00:00+00:00,2025-05-07 01:00:00+00:00,B,0.883340573612255,WINNER_EVENT,VALIDATION_2024-05_2025-12,1,-0.024208366834925665
ACEUSDT,2025-05-06 21:00:00+00:00,2025-05-06 22:00:00+00:00,2025-05-07 22:00:00+00:00,B,0.8932284360642393,WINNER_EVENT,VALIDATION_2024-05_2025-12,1,0.030108159620552133
DOGEUSDT,2025-05-11 15:00:00+00:00,2025-05-11 16:00:00+00:00,2025-05-12 16:00:00+00:00,B,0.9070422956868581,SAME_TIME_CONTROL,VALIDATION_2024-05_2025-12,0,0.020860901605850968
DOGEUSDT,2025-05-11 16:00:00+00:00,2025-05-11 17:00:00+00:00,2025-05-12 17:00:00+00:00,A,0.9127382688750109,WINNER_EVENT,VALIDATION_2024-05_2025-12,1,0.038412218254028296
ALPINEUSDT,2025-05-15 23:00:00+00:00,2025-05-16 00:00:00+00:00,2025-05-17 00:00:00+00:00,A,0.9035572967201547,WINNER_EVENT,VALIDATION_2024-05_2025-12,1,0.035231610098581
ALICEUSDT,2025-05-17 08:00:00+00:00,2025-05-17 09:00:00+00:00,2025-05-18 09:00:00+00:00,C,0.8464464805937746,WINNER_EVENT,VALIDATION_2024-05_2025-12,1,0.05705994663011538
AIUSDT,2025-05-17 08:00:00+00:00,2025-05-17 09:00:00+00:00,2025-05-18 09:00:00+00:00,C,0.8453737679722806,WINNER_EVENT,VALIDATION_2024-05_2025-12,1,0.09787103135955033
RUNEUSDT,2025-05-17 09:00:00+00:00,2025-05-17 10:00:00+00:00,2025-05-18 10:00:00+00:00,A,0.9162983225760946,WINNER_EVENT,VALIDATION_2024-05_2025-12,1,0.07488618158506832
NEARUSDT,2025-05-17 13:00:00+00:00,2025-05-17 14:00:00+00:00,2025-05-18 14:00:00+00:00,C,0.8751573872476401,WINNER_EVENT,VALIDATION_2024-05_2025-12,1,0.044463243483295
GLMRUSDT,2025-05-17 13:00:00+00:00,2025-05-17 14:00:00+00:00,2025-05-18 14:00:00+00:00,B,0.901381560603466,WINNER_EVENT,VALIDATION_2024-05_2025-12,1,0.050237215276497826
PEPEUSDT,2025-05-17 18:00:00+00:00,2025-05-17 19:00:00+00:00,2025-05-18 19:00:00+00:00,C,0.8394750639161048,WINNER_EVENT,VALIDATION_2024-05_2025-12,1,0.0986890327779586
BONKUSDT,2025-05-17 18:00:00+00:00,2025-05-17 19:00:00+00:00,2025-05-18 19:00:00+00:00,A,0.8994480013108028,WINNER_EVENT,VALIDATION_2024-05_2025-12,1,0.06666419744596808
TRBUSDT,2025-05-19 12:00:00+00:00,2025-05-19 13:00:00+00:00,2025-05-20 13:00:00+00:00,A,0.9090098998393102,WINNER_EVENT,VALIDATION_2024-05_2025-12,1,0.01141982537918751
WLDUSDT,2025-05-20 18:00:00+00:00,2025-05-20 19:00:00+00:00,2025-05-21 19:00:00+00:00,C,0.8697430830817218,WINNER_EVENT,VALIDATION_2024-05_2025-12,1,0.08133758171803085
AAVEUSDT,2025-05-21 18:00:00+00:00,2025-05-21 19:00:00+00:00,2025-05-22 19:00:00+00:00,A,0.9010552576323473,WINNER_EVENT,VALIDATION_2024-05_2025-12,1,0.048922071716143156
NMRUSDT,2025-05-24 00:00:00+00:00,2025-05-24 01:00:00+00:00,2025-05-25 01:00:00+00:00,C,0.8434042645073283,WINNER_EVENT,VALIDATION_2024-05_2025-12,1,-0.031645059691381094
BONKUSDT,2025-05-25 08:00:00+00:00,2025-05-25 09:00:00+00:00,2025-05-26 09:00:00+00:00,B,0.8804101269916845,SAME_TIME_CONTROL,VALIDATION_2024-05_2025-12,0,0.05394763724166185
RAYUSDT,2025-05-25 15:00:00+00:00,2025-05-25 16:00:00+00:00,2025-05-26 16:00:00+00:00,A,0.9154938950179622,WINNER_EVENT,VALIDATION_2024-05_2025-12,1,0.11162609993500694
ACEUSDT,2025-05-25 15:00:00+00:00,2025-05-25 16:00:00+00:00,2025-05-26 16:00:00+00:00,C,0.8408357945053792,WINNER_EVENT,VALIDATION_2024-05_2025-12,1,0.07567312638690016
BONKUSDT,2025-05-25 15:00:00+00:00,2025-05-25 16:00:00+00:00,2025-05-26 16:00:00+00:00,B,0.8932185351626598,WINNER_EVENT,VALIDATION_2024-05_2025-12,1,0.05182437190816391
WLDUSDT,2025-05-25 16:00:00+00:00,2025-05-25 17:00:00+00:00,2025-05-26 17:00:00+00:00,A,0.9190064558635765,WINNER_EVENT,VALIDATION_2024-05_2025-12,1,0.01876004806480913
ARBUSDT,2025-05-27 01:00:00+00:00,2025-05-27 02:00:00+00:00,2025-05-28 02:00:00+00:00,B,0.8933304362531737,WINNER_EVENT,VALIDATION_2024-05_2025-12,1,0.038567996360856505
AVAUSDT,2025-05-27 01:00:00+00:00,2025-05-27 02:00:00+00:00,2025-05-28 02:00:00+00:00,B,0.8893907065412252,WINNER_EVENT,VALIDATION_2024-05_2025-12,1,0.039277894430673976
UNIUSDT,2025-05-27 22:00:00+00:00,2025-05-27 23:00:00+00:00,2025-05-28 23:00:00+00:00,C,0.8422677154554338,WINNER_EVENT,VALIDATION_2024-05_2025-12,1,0.04532026111552079
RAYUSDT,2025-06-02 09:00:00+00:00,2025-06-02 10:00:00+00:00,2025-06-03 10:00:00+00:00,A,0.9108151781077286,WINNER_EVENT,VALIDATION_2024-05_2025-12,1,0.0563550835226565
ZENUSDT,2025-06-04 14:00:00+00:00,2025-06-04 15:00:00+00:00,2025-06-05 15:00:00+00:00,A,0.9345573876530576,WINNER_EVENT,VALIDATION_2024-05_2025-12,1,-0.004808240689391008
ZECUSDT,2025-06-06 02:00:00+00:00,2025-06-06 03:00:00+00:00,2025-06-07 03:00:00+00:00,A,0.9434159621212073,WINNER_EVENT,VALIDATION_2024-05_2025-12,1,0.017624843581055538
ZECUSDT,2025-06-08 20:00:00+00:00,2025-06-08 21:00:00+00:00,2025-06-09 21:00:00+00:00,A,0.9029327466765698,WINNER_EVENT,VALIDATION_2024-05_2025-12,1,0.015016483164261185
STXUSDT,2025-06-08 23:00:00+00:00,2025-06-09 00:00:00+00:00,2025-06-10 00:00:00+00:00,C,0.8509474769305813,WINNER_EVENT,VALIDATION_2024-05_2025-12,1,0.07867565120391573
TRBUSDT,2025-06-10 14:00:00+00:00,2025-06-10 15:00:00+00:00,2025-06-11 15:00:00+00:00,C,0.8711078663315108,WINNER_EVENT,VALIDATION_2024-05_2025-12,1,-0.0014978590076232257
RUNEUSDT,2025-06-13 11:00:00+00:00,2025-06-13 12:00:00+00:00,2025-06-14 12:00:00+00:00,A,0.9052047732251518,WINNER_EVENT,VALIDATION_2024-05_2025-12,1,0.008472070135082
APEUSDT,2025-06-15 13:00:00+00:00,2025-06-15 14:00:00+00:00,2025-06-16 14:00:00+00:00,A,0.9403168610532796,WINNER_EVENT,VALIDATION_2024-05_2025-12,1,0.008299862898621058
UNIUSDT,2025-06-15 19:00:00+00:00,2025-06-15 20:00:00+00:00,2025-06-16 20:00:00+00:00,B,0.8994975996075265,WINNER_EVENT,VALIDATION_2024-05_2025-12,1,0.10762599544744011
QNTUSDT,2025-06-22 20:00:00+00:00,2025-06-22 21:00:00+00:00,2025-06-23 21:00:00+00:00,A,0.904802945668804,WINNER_EVENT,VALIDATION_2024-05_2025-12,1,0.10876174277241213
FETUSDT,2025-06-24 19:00:00+00:00,2025-06-24 20:00:00+00:00,2025-06-25 20:00:00+00:00,A,0.9208519513806177,WINNER_EVENT,VALIDATION_2024-05_2025-12,1,-0.004499282762865708
ARUSDT,2025-06-24 19:00:00+00:00,2025-06-24 20:00:00+00:00,2025-06-25 20:00:00+00:00,A,0.9376033289755974,WINNER_EVENT,VALIDATION_2024-05_2025-12,1,-0.025017692879545028
COTIUSDT,2025-06-25 05:00:00+00:00,2025-06-25 06:00:00+00:00,2025-06-26 06:00:00+00:00,A,0.9028693641371943,WINNER_EVENT,VALIDATION_2024-05_2025-12,1,0.003008134828414999
ARBUSDT,2025-06-25 05:00:00+00:00,2025-06-25 06:00:00+00:00,2025-06-26 06:00:00+00:00,B,0.885240763781746,WINNER_EVENT,VALIDATION_2024-05_2025-12,1,-0.01784244818991587
SUPERUSDT,2025-06-25 09:00:00+00:00,2025-06-25 10:00:00+00:00,2025-06-26 10:00:00+00:00,A,0.9167021110465341,WINNER_EVENT,VALIDATION_2024-05_2025-12,1,0.0026949686219430724
MEMEUSDT,2025-06-25 10:00:00+00:00,2025-06-25 11:00:00+00:00,2025-06-26 11:00:00+00:00,A,0.9108537751109678,WINNER_EVENT,VALIDATION_2024-05_2025-12,1,-0.012269965660711923
PEOPLEUSDT,2025-06-25 15:00:00+00:00,2025-06-25 16:00:00+00:00,2025-06-26 16:00:00+00:00,C,0.839763996598862,WINNER_EVENT,VALIDATION_2024-05_2025-12,1,-0.05181196956133205
CRVUSDT,2025-06-25 22:00:00+00:00,2025-06-25 23:00:00+00:00,2025-06-26 23:00:00+00:00,A,0.925390723754418,WINNER_EVENT,VALIDATION_2024-05_2025-12,1,-0.03281138343985068
STXUSDT,2025-06-26 00:00:00+00:00,2025-06-26 01:00:00+00:00,2025-06-27 01:00:00+00:00,A,0.8995830871939894,WINNER_EVENT,VALIDATION_2024-05_2025-12,1,-0.013601936039653095
APEUSDT,2025-06-26 14:00:00+00:00,2025-06-26 15:00:00+00:00,2025-06-27 15:00:00+00:00,A,0.9047310996651541,WINNER_EVENT,VALIDATION_2024-05_2025-12,1,0.011771159897556505
TIAUSDT,2025-06-26 22:00:00+00:00,2025-06-26 23:00:00+00:00,2025-06-27 23:00:00+00:00,A,0.905273283899562,WINNER_EVENT,VALIDATION_2024-05_2025-12,1,0.006074514651926544
ZECUSDT,2025-06-28 01:00:00+00:00,2025-06-28 02:00:00+00:00,2025-06-29 02:00:00+00:00,B,0.8836686976995736,WINNER_EVENT,VALIDATION_2024-05_2025-12,1,0.018547147870233482
TRBUSDT,2025-06-28 04:00:00+00:00,2025-06-28 05:00:00+00:00,2025-06-29 05:00:00+00:00,C,0.8654864590986185,WINNER_EVENT,VALIDATION_2024-05_2025-12,1,0.025546856992103795
SEIUSDT,2025-06-29 21:00:00+00:00,2025-06-29 22:00:00+00:00,2025-06-30 22:00:00+00:00,A,0.969343800266088,WINNER_EVENT,VALIDATION_2024-05_2025-12,1,-0.051145333934030535
SEIUSDT,2025-06-30 22:00:00+00:00,2025-06-30 23:00:00+00:00,2025-07-01 23:00:00+00:00,A,0.9038698506529156,WINNER_EVENT,VALIDATION_2024-05_2025-12,1,0.005941429990072855
TRBUSDT,2025-07-01 17:00:00+00:00,2025-07-01 18:00:00+00:00,2025-07-02 18:00:00+00:00,A,0.9218683695872258,WINNER_EVENT,VALIDATION_2024-05_2025-12,1,0.08023370826995269
SYNUSDT,2025-07-01 17:00:00+00:00,2025-07-01 18:00:00+00:00,2025-07-02 18:00:00+00:00,C,0.8470241651495934,SAME_TIME_CONTROL,VALIDATION_2024-05_2025-12,0,0.07195016292631484
SEIUSDT,2025-07-02 03:00:00+00:00,2025-07-02 04:00:00+00:00,2025-07-03 04:00:00+00:00,A,0.9572589649196456,WINNER_EVENT,VALIDATION_2024-05_2025-12,1,0.058191141082865494
ARUSDT,2025-07-04 19:00:00+00:00,2025-07-04 20:00:00+00:00,2025-07-05 20:00:00+00:00,C,0.8510303406688972,SAME_TIME_CONTROL,VALIDATION_2024-05_2025-12,0,0.0030347638771253127
PEOPLEUSDT,2025-07-08 04:00:00+00:00,2025-07-08 05:00:00+00:00,2025-07-09 05:00:00+00:00,C,0.8470283644612869,WINNER_EVENT,VALIDATION_2024-05_2025-12,1,0.034735169442472014
ZECUSDT,2025-07-09 14:00:00+00:00,2025-07-09 15:00:00+00:00,2025-07-10 15:00:00+00:00,A,0.9193745256411644,WINNER_EVENT,VALIDATION_2024-05_2025-12,1,0.02950999025452905
BONKUSDT,2025-07-09 15:00:00+00:00,2025-07-09 16:00:00+00:00,2025-07-10 16:00:00+00:00,A,0.9362588437422584,WINNER_EVENT,VALIDATION_2024-05_2025-12,1,0.12663509924442717
CAKEUSDT,2025-07-12 19:00:00+00:00,2025-07-12 20:00:00+00:00,2025-07-13 20:00:00+00:00,C,0.8630238181290883,WINNER_EVENT,VALIDATION_2024-05_2025-12,1,0.039751764127990974
ARKUSDT,2025-07-14 01:00:00+00:00,2025-07-14 02:00:00+00:00,2025-07-15 02:00:00+00:00,A,0.9393220619510269,WINNER_EVENT,VALIDATION_2024-05_2025-12,1,0.016930998398248187
SEIUSDT,2025-07-17 19:00:00+00:00,2025-07-17 20:00:00+00:00,2025-07-18 20:00:00+00:00,A,0.9041565733716379,WINNER_EVENT,VALIDATION_2024-05_2025-12,1,0.02141381494200001
QNTUSDT,2025-07-19 06:00:00+00:00,2025-07-19 07:00:00+00:00,2025-07-20 07:00:00+00:00,B,0.886968295735397,WINNER_EVENT,VALIDATION_2024-05_2025-12,1,0.021295248228063945
API3USDT,2025-07-23 21:00:00+00:00,2025-07-23 22:00:00+00:00,2025-07-24 22:00:00+00:00,A,0.9127075370288957,SAME_TIME_CONTROL,VALIDATION_2024-05_2025-12,0,-0.014786622790767812
ZENUSDT,2025-07-23 21:00:00+00:00,2025-07-23 22:00:00+00:00,2025-07-24 22:00:00+00:00,C,0.8478764613856385,WINNER_EVENT,VALIDATION_2024-05_2025-12,1,-0.012142335471496346
ACEUSDT,2025-07-23 21:00:00+00:00,2025-07-23 22:00:00+00:00,2025-07-24 22:00:00+00:00,C,0.840937902411924,SAME_TIME_CONTROL,VALIDATION_2024-05_2025-12,0,-0.018682638903122828
MOVRUSDT,2025-07-24 09:00:00+00:00,2025-07-24 10:00:00+00:00,2025-07-25 10:00:00+00:00,C,0.8452400749311911,WINNER_EVENT,VALIDATION_2024-05_2025-12,1,0.03023226867463502
PEPEUSDT,2025-07-26 23:00:00+00:00,2025-07-27 00:00:00+00:00,2025-07-28 00:00:00+00:00,C,0.866080414176761,WINNER_EVENT,VALIDATION_2024-05_2025-12,1,0.028361894187449277
PENDLEUSDT,2025-07-27 06:00:00+00:00,2025-07-27 07:00:00+00:00,2025-07-28 07:00:00+00:00,C,0.8575979609375184,WINNER_EVENT,VALIDATION_2024-05_2025-12,1,0.036270855572160254
LTCUSDT,2025-07-27 08:00:00+00:00,2025-07-27 09:00:00+00:00,2025-07-28 09:00:00+00:00,C,0.8532127492682556,SAME_TIME_CONTROL,VALIDATION_2024-05_2025-12,0,0.009356762832237742
OPUSDT,2025-07-29 00:00:00+00:00,2025-07-29 01:00:00+00:00,2025-07-30 01:00:00+00:00,A,0.9127590888313984,SAME_TIME_CONTROL,VALIDATION_2024-05_2025-12,0,-0.03001459724317801
BONKUSDT,2025-07-29 20:00:00+00:00,2025-07-29 21:00:00+00:00,2025-07-30 21:00:00+00:00,B,0.885602798260779,SAME_TIME_CONTROL,VALIDATION_2024-05_2025-12,0,-0.0075432450450202415
SOLUSDT,2025-07-30 19:00:00+00:00,2025-07-30 20:00:00+00:00,2025-07-31 20:00:00+00:00,B,0.8832920404503913,WINNER_EVENT,VALIDATION_2024-05_2025-12,1,-0.007524256072250934
CRVUSDT,2025-08-04 12:00:00+00:00,2025-08-04 13:00:00+00:00,2025-08-05 13:00:00+00:00,B,0.8811401758577401,WINNER_EVENT,VALIDATION_2024-05_2025-12,1,0.011018614159814977
ALICEUSDT,2025-08-06 03:00:00+00:00,2025-08-06 04:00:00+00:00,2025-08-07 04:00:00+00:00,B,0.881801104755418,WINNER_EVENT,VALIDATION_2024-05_2025-12,1,0.011449958323315634
AUDIOUSDT,2025-08-06 11:00:00+00:00,2025-08-06 12:00:00+00:00,2025-08-07 12:00:00+00:00,A,0.8993376356135426,WINNER_EVENT,VALIDATION_2024-05_2025-12,1,0.03161126234217804
ALICEUSDT,2025-08-10 08:00:00+00:00,2025-08-10 09:00:00+00:00,2025-08-11 09:00:00+00:00,A,0.900175803667144,WINNER_EVENT,VALIDATION_2024-05_2025-12,1,0.008639849909587216
CVXUSDT,2025-08-10 21:00:00+00:00,2025-08-10 22:00:00+00:00,2025-08-11 22:00:00+00:00,A,0.917427736176701,WINNER_EVENT,VALIDATION_2024-05_2025-12,1,-0.03767783914823564
AIUSDT,2025-08-12 06:00:00+00:00,2025-08-12 07:00:00+00:00,2025-08-13 07:00:00+00:00,A,0.911454738344909,WINNER_EVENT,VALIDATION_2024-05_2025-12,1,0.06770263781645292
RAYUSDT,2025-08-18 07:00:00+00:00,2025-08-18 08:00:00+00:00,2025-08-19 08:00:00+00:00,A,0.9109886494791145,WINNER_EVENT,VALIDATION_2024-05_2025-12,1,-0.027875653489935814
ADAUSDT,2025-08-18 11:00:00+00:00,2025-08-18 12:00:00+00:00,2025-08-19 12:00:00+00:00,A,0.9528733389718359,WINNER_EVENT,VALIDATION_2024-05_2025-12,1,0.03500890148839053
ALPINEUSDT,2025-08-19 07:00:00+00:00,2025-08-19 08:00:00+00:00,2025-08-20 08:00:00+00:00,A,0.9090871176873817,WINNER_EVENT,VALIDATION_2024-05_2025-12,1,0.014650592007931174
SEIUSDT,2025-08-20 13:00:00+00:00,2025-08-20 14:00:00+00:00,2025-08-21 14:00:00+00:00,B,0.883021649317788,WINNER_EVENT,VALIDATION_2024-05_2025-12,1,0.006913038397810212
SUPERUSDT,2025-08-22 11:00:00+00:00,2025-08-22 12:00:00+00:00,2025-08-23 12:00:00+00:00,B,0.8786129194734514,SAME_TIME_CONTROL,VALIDATION_2024-05_2025-12,0,0.06564062168797569
ZECUSDT,2025-08-23 07:00:00+00:00,2025-08-23 08:00:00+00:00,2025-08-24 08:00:00+00:00,C,0.843056606801924,WINNER_EVENT,VALIDATION_2024-05_2025-12,1,-0.010448003219661994
GALAUSDT,2025-08-24 06:00:00+00:00,2025-08-24 07:00:00+00:00,2025-08-25 07:00:00+00:00,C,0.8431785955155464,SAME_TIME_CONTROL,VALIDATION_2024-05_2025-12,0,-0.01818688298614224
BEAMXUSDT,2025-08-24 07:00:00+00:00,2025-08-24 08:00:00+00:00,2025-08-25 08:00:00+00:00,A,0.91145650902096,WINNER_EVENT,VALIDATION_2024-05_2025-12,1,-0.047422966347514306
PHAUSDT,2025-08-24 12:00:00+00:00,2025-08-24 13:00:00+00:00,2025-08-25 13:00:00+00:00,A,0.9113937658459772,WINNER_EVENT,VALIDATION_2024-05_2025-12,1,-0.062077253081750605
API3USDT,2025-08-26 04:00:00+00:00,2025-08-26 05:00:00+00:00,2025-08-27 05:00:00+00:00,A,0.9577071967533407,WINNER_EVENT,VALIDATION_2024-05_2025-12,1,-0.005286341109566717
ZECUSDT,2025-08-27 13:00:00+00:00,2025-08-27 14:00:00+00:00,2025-08-28 14:00:00+00:00,B,0.8884946330429363,WINNER_EVENT,VALIDATION_2024-05_2025-12,1,0.008862302733207539
LINKUSDT,2025-08-27 22:00:00+00:00,2025-08-27 23:00:00+00:00,2025-08-28 23:00:00+00:00,C,0.84875159480656,WINNER_EVENT,VALIDATION_2024-05_2025-12,1,0.055971623010880434
ZENUSDT,2025-08-28 13:00:00+00:00,2025-08-28 14:00:00+00:00,2025-08-29 14:00:00+00:00,A,0.9169660027956339,WINNER_EVENT,VALIDATION_2024-05_2025-12,1,-0.018023050650194272
JSTUSDT,2025-08-29 10:00:00+00:00,2025-08-29 11:00:00+00:00,2025-08-30 11:00:00+00:00,A,0.9227477719107252,WINNER_EVENT,VALIDATION_2024-05_2025-12,1,0.05899881172083221
ALPINEUSDT,2025-08-30 22:00:00+00:00,2025-08-30 23:00:00+00:00,2025-08-31 23:00:00+00:00,C,0.8836792879308484,WINNER_EVENT,VALIDATION_2024-05_2025-12,1,0.08008820265192096
BONKUSDT,2025-09-01 22:00:00+00:00,2025-09-01 23:00:00+00:00,2025-09-02 23:00:00+00:00,A,0.9099089334356311,WINNER_EVENT,VALIDATION_2024-05_2025-12,1,0.023910163279758923
CVXUSDT,2025-09-04 17:00:00+00:00,2025-09-04 18:00:00+00:00,2025-09-05 18:00:00+00:00,B,0.8985041518940582,WINNER_EVENT,VALIDATION_2024-05_2025-12,1,-0.0029955052443806363
NMRUSDT,2025-09-08 19:00:00+00:00,2025-09-08 20:00:00+00:00,2025-09-09 20:00:00+00:00,A,0.9172109704458843,SAME_TIME_CONTROL,VALIDATION_2024-05_2025-12,0,-0.0777283804901171
NMRUSDT,2025-09-08 20:00:00+00:00,2025-09-08 21:00:00+00:00,2025-09-09 21:00:00+00:00,A,0.9158968062630451,SAME_TIME_CONTROL,VALIDATION_2024-05_2025-12,0,-0.07303065821693422
NMRUSDT,2025-09-09 22:00:00+00:00,2025-09-09 23:00:00+00:00,2025-09-10 23:00:00+00:00,A,0.9414714194683854,WINNER_EVENT,VALIDATION_2024-05_2025-12,1,-0.030041249861672226
AIUSDT,2025-09-10 16:00:00+00:00,2025-09-10 17:00:00+00:00,2025-09-11 17:00:00+00:00,C,0.8452531170820012,WINNER_EVENT,VALIDATION_2024-05_2025-12,1,0.02042168217692586
WLDUSDT,2025-09-11 14:00:00+00:00,2025-09-11 15:00:00+00:00,2025-09-12 15:00:00+00:00,C,0.8506830878376103,SAME_TIME_CONTROL,VALIDATION_2024-05_2025-12,0,-0.014703221808260003
GTCUSDT,2025-09-11 16:00:00+00:00,2025-09-11 17:00:00+00:00,2025-09-12 17:00:00+00:00,A,0.904693433130767,WINNER_EVENT,VALIDATION_2024-05_2025-12,1,0.037580259077068856
AVAXUSDT,2025-09-12 04:00:00+00:00,2025-09-12 05:00:00+00:00,2025-09-13 05:00:00+00:00,A,0.9051526523829049,WINNER_EVENT,VALIDATION_2024-05_2025-12,1,0.07388531804557252
NMRUSDT,2025-09-12 16:00:00+00:00,2025-09-12 17:00:00+00:00,2025-09-13 17:00:00+00:00,A,0.9706146717038611,WINNER_EVENT,VALIDATION_2024-05_2025-12,1,0.009320103337665309
ZECUSDT,2025-09-15 00:00:00+00:00,2025-09-15 01:00:00+00:00,2025-09-16 01:00:00+00:00,C,0.8420416370712825,WINNER_EVENT,VALIDATION_2024-05_2025-12,1,-0.013310712909977873
AVAXUSDT,2025-09-17 03:00:00+00:00,2025-09-17 04:00:00+00:00,2025-09-18 04:00:00+00:00,C,0.8555079208016354,WINNER_EVENT,VALIDATION_2024-05_2025-12,1,0.10401809967723508
MEMEUSDT,2025-09-22 17:00:00+00:00,2025-09-22 18:00:00+00:00,2025-09-23 18:00:00+00:00,A,0.9273925839689457,WINNER_EVENT,VALIDATION_2024-05_2025-12,1,0.05890277824377299
PEOPLEUSDT,2025-09-23 02:00:00+00:00,2025-09-23 03:00:00+00:00,2025-09-24 03:00:00+00:00,A,0.9143738601794645,WINNER_EVENT,VALIDATION_2024-05_2025-12,1,0.02272206720582437
NMRUSDT,2025-09-23 02:00:00+00:00,2025-09-23 03:00:00+00:00,2025-09-24 03:00:00+00:00,A,0.9325490949632845,WINNER_EVENT,VALIDATION_2024-05_2025-12,1,0.16166024056550476
SUNUSDT,2025-09-24 10:00:00+00:00,2025-09-24 11:00:00+00:00,2025-09-25 11:00:00+00:00,A,0.9389364804451931,WINNER_EVENT,VALIDATION_2024-05_2025-12,1,-0.05456470324898155
SOLUSDT,2025-09-25 23:00:00+00:00,2025-09-26 00:00:00+00:00,2025-09-27 00:00:00+00:00,C,0.8953540735102928,WINNER_EVENT,VALIDATION_2024-05_2025-12,1,0.061357402526905025
AVAXUSDT,2025-09-26 14:00:00+00:00,2025-09-26 15:00:00+00:00,2025-09-27 15:00:00+00:00,A,0.9124298925835328,WINNER_EVENT,VALIDATION_2024-05_2025-12,1,0.05534962345129246
NMRUSDT,2025-09-27 15:00:00+00:00,2025-09-27 16:00:00+00:00,2025-09-28 16:00:00+00:00,A,0.9472743025736591,WINNER_EVENT,VALIDATION_2024-05_2025-12,1,0.026914629598288053
BONKUSDT,2025-09-28 08:00:00+00:00,2025-09-28 09:00:00+00:00,2025-09-29 09:00:00+00:00,B,0.8935476160352276,WINNER_EVENT,VALIDATION_2024-05_2025-12,1,0.014533076709234205
CHZUSDT,2025-10-03 06:00:00+00:00,2025-10-03 07:00:00+00:00,2025-10-04 07:00:00+00:00,C,0.8699797462382864,WINNER_EVENT,VALIDATION_2024-05_2025-12,1,0.016465879329040867
BONKUSDT,2025-10-03 07:00:00+00:00,2025-10-03 08:00:00+00:00,2025-10-04 08:00:00+00:00,C,0.8651975152401891,WINNER_EVENT,VALIDATION_2024-05_2025-12,1,0.06090863863579932
ALPINEUSDT,2025-10-04 16:00:00+00:00,2025-10-04 17:00:00+00:00,2025-10-05 17:00:00+00:00,B,0.9036600545624071,WINNER_EVENT,VALIDATION_2024-05_2025-12,1,0.02431968639275972
INJUSDT,2025-10-04 18:00:00+00:00,2025-10-04 19:00:00+00:00,2025-10-05 19:00:00+00:00,C,0.8735018238346803,WINNER_EVENT,VALIDATION_2024-05_2025-12,1,0.020283987789365687
CAKEUSDT,2025-10-05 19:00:00+00:00,2025-10-05 20:00:00+00:00,2025-10-06 20:00:00+00:00,B,0.8811493982847893,WINNER_EVENT,VALIDATION_2024-05_2025-12,1,0.2012932850072422
AIUSDT,2025-10-07 08:00:00+00:00,2025-10-07 09:00:00+00:00,2025-10-08 09:00:00+00:00,C,0.8564942293112262,WINNER_EVENT,VALIDATION_2024-05_2025-12,1,0.07045929610764756
DASHUSDT,2025-10-08 05:00:00+00:00,2025-10-08 06:00:00+00:00,2025-10-09 06:00:00+00:00,A,0.900090823408363,WINNER_EVENT,VALIDATION_2024-05_2025-12,1,0.09445084711260332
ALPINEUSDT,2025-10-08 12:00:00+00:00,2025-10-08 13:00:00+00:00,2025-10-09 13:00:00+00:00,A,0.9143053879945724,WINNER_EVENT,VALIDATION_2024-05_2025-12,1,-0.031986416084792135
APTUSDT,2025-10-09 13:00:00+00:00,2025-10-09 14:00:00+00:00,2025-10-10 14:00:00+00:00,B,0.8785554155802858,WINNER_EVENT,VALIDATION_2024-05_2025-12,1,0.03594515388122632
MEMEUSDT,2025-10-09 14:00:00+00:00,2025-10-09 15:00:00+00:00,2025-10-10 15:00:00+00:00,A,0.9060450963870059,WINNER_EVENT,VALIDATION_2024-05_2025-12,1,0.04322610694749596
PEOPLEUSDT,2025-10-09 14:00:00+00:00,2025-10-09 15:00:00+00:00,2025-10-10 15:00:00+00:00,C,0.8399657550319136,WINNER_EVENT,VALIDATION_2024-05_2025-12,1,0.0030763857102822367
FETUSDT,2025-10-09 15:00:00+00:00,2025-10-09 16:00:00+00:00,2025-10-10 16:00:00+00:00,C,0.8695689584122878,SAME_TIME_CONTROL,VALIDATION_2024-05_2025-12,0,-0.06234101088459598
CAKEUSDT,2025-10-11 14:00:00+00:00,2025-10-11 15:00:00+00:00,2025-10-12 15:00:00+00:00,A,0.9330028450825663,WINNER_EVENT,VALIDATION_2024-05_2025-12,1,0.16607439816032055
ALPINEUSDT,2025-10-12 02:00:00+00:00,2025-10-12 03:00:00+00:00,2025-10-13 03:00:00+00:00,A,0.9407051042872161,WINNER_EVENT,VALIDATION_2024-05_2025-12,1,0.1263088319594199
PHAUSDT,2025-10-12 02:00:00+00:00,2025-10-12 03:00:00+00:00,2025-10-13 03:00:00+00:00,A,0.9524608618832825,WINNER_EVENT,VALIDATION_2024-05_2025-12,1,0.12839268398697978
GLMRUSDT,2025-10-14 08:00:00+00:00,2025-10-14 09:00:00+00:00,2025-10-15 09:00:00+00:00,A,0.9000069010315784,WINNER_EVENT,VALIDATION_2024-05_2025-12,1,0.050456950185407745
FETUSDT,2025-10-15 22:00:00+00:00,2025-10-15 23:00:00+00:00,2025-10-16 23:00:00+00:00,C,0.8397480042867003,WINNER_EVENT,VALIDATION_2024-05_2025-12,1,-0.06420597890783697
ZENUSDT,2025-10-16 23:00:00+00:00,2025-10-17 00:00:00+00:00,2025-10-18 00:00:00+00:00,A,0.9030736391235809,WINNER_EVENT,VALIDATION_2024-05_2025-12,1,0.005551773867651821
UNIUSDT,2025-10-18 12:00:00+00:00,2025-10-18 13:00:00+00:00,2025-10-19 13:00:00+00:00,C,0.8440472310394046,WINNER_EVENT,VALIDATION_2024-05_2025-12,1,0.026244613170607556
ZENUSDT,2025-10-21 09:00:00+00:00,2025-10-21 10:00:00+00:00,2025-10-22 10:00:00+00:00,A,0.9048357081858585,WINNER_EVENT,VALIDATION_2024-05_2025-12,1,0.011016356311133624
BATUSDT,2025-10-21 09:00:00+00:00,2025-10-21 10:00:00+00:00,2025-10-22 10:00:00+00:00,A,0.9206343881722248,WINNER_EVENT,VALIDATION_2024-05_2025-12,1,-0.01274195516436094
FETUSDT,2025-10-22 09:00:00+00:00,2025-10-22 10:00:00+00:00,2025-10-23 10:00:00+00:00,C,0.8536904955799998,WINNER_EVENT,VALIDATION_2024-05_2025-12,1,0.042512656367161394
AUCTIONUSDT,2025-10-23 13:00:00+00:00,2025-10-23 14:00:00+00:00,2025-10-24 14:00:00+00:00,A,0.9035964241947259,WINNER_EVENT,VALIDATION_2024-05_2025-12,1,-0.012059182469431828
BATUSDT,2025-10-25 07:00:00+00:00,2025-10-25 08:00:00+00:00,2025-10-26 08:00:00+00:00,A,0.9072460270268505,SAME_TIME_CONTROL,VALIDATION_2024-05_2025-12,0,-0.0017906659757938037
SUPERUSDT,2025-10-26 09:00:00+00:00,2025-10-26 10:00:00+00:00,2025-10-27 10:00:00+00:00,B,0.8801688773968083,WINNER_EVENT,VALIDATION_2024-05_2025-12,1,0.004668055216175748
ALICEUSDT,2025-10-26 21:00:00+00:00,2025-10-26 22:00:00+00:00,2025-10-27 22:00:00+00:00,A,0.9119809692137155,WINNER_EVENT,VALIDATION_2024-05_2025-12,1,-0.0383035875916683
JTOUSDT,2025-10-31 06:00:00+00:00,2025-10-31 07:00:00+00:00,2025-11-01 07:00:00+00:00,A,0.9428086455682992,WINNER_EVENT,VALIDATION_2024-05_2025-12,1,0.028230586313960915
FETUSDT,2025-11-02 21:00:00+00:00,2025-11-02 22:00:00+00:00,2025-11-03 22:00:00+00:00,A,0.9543424844320894,WINNER_EVENT,VALIDATION_2024-05_2025-12,1,-0.1292463899399806
QNTUSDT,2025-11-06 19:00:00+00:00,2025-11-06 20:00:00+00:00,2025-11-07 20:00:00+00:00,A,0.9052588045105565,WINNER_EVENT,VALIDATION_2024-05_2025-12,1,0.09133055256528189
HBARUSDT,2025-11-06 19:00:00+00:00,2025-11-06 20:00:00+00:00,2025-11-07 20:00:00+00:00,A,0.9072912291182585,WINNER_EVENT,VALIDATION_2024-05_2025-12,1,0.08544401192126916
XRPUSDT,2025-11-07 10:00:00+00:00,2025-11-07 11:00:00+00:00,2025-11-08 11:00:00+00:00,C,0.8575216325011641,WINNER_EVENT,VALIDATION_2024-05_2025-12,1,0.05550150904745954
FILUSDT,2025-11-10 16:00:00+00:00,2025-11-10 17:00:00+00:00,2025-11-11 17:00:00+00:00,C,0.846048928792731,WINNER_EVENT,VALIDATION_2024-05_2025-12,1,-0.0371120036559055
MOVRUSDT,2025-11-12 17:00:00+00:00,2025-11-12 18:00:00+00:00,2025-11-13 18:00:00+00:00,A,0.9284597823606574,WINNER_EVENT,VALIDATION_2024-05_2025-12,1,0.02719996292132154
LSKUSDT,2025-11-13 01:00:00+00:00,2025-11-13 02:00:00+00:00,2025-11-14 02:00:00+00:00,A,0.9437082405645744,WINNER_EVENT,VALIDATION_2024-05_2025-12,1,0.05542272687020677
PENDLEUSDT,2025-11-14 15:00:00+00:00,2025-11-14 16:00:00+00:00,2025-11-15 16:00:00+00:00,A,0.9673044560669931,WINNER_EVENT,VALIDATION_2024-05_2025-12,1,-0.011783557203443151
LTCUSDT,2025-11-16 17:00:00+00:00,2025-11-16 18:00:00+00:00,2025-11-17 18:00:00+00:00,A,0.9054158170152744,SAME_TIME_CONTROL,VALIDATION_2024-05_2025-12,0,-0.023955436574354394
SUPERUSDT,2025-11-18 06:00:00+00:00,2025-11-18 07:00:00+00:00,2025-11-19 07:00:00+00:00,B,0.9035808406776412,WINNER_EVENT,VALIDATION_2024-05_2025-12,1,0.015848975315835512
QNTUSDT,2025-11-18 06:00:00+00:00,2025-11-18 07:00:00+00:00,2025-11-19 07:00:00+00:00,B,0.8868489718117817,WINNER_EVENT,VALIDATION_2024-05_2025-12,1,0.03016806787857118
RUNEUSDT,2025-11-18 07:00:00+00:00,2025-11-18 08:00:00+00:00,2025-11-19 08:00:00+00:00,B,0.9184402914656867,WINNER_EVENT,VALIDATION_2024-05_2025-12,1,0.035961255042741946
FILUSDT,2025-11-22 19:00:00+00:00,2025-11-22 20:00:00+00:00,2025-11-23 20:00:00+00:00,A,0.9405885048312626,WINNER_EVENT,VALIDATION_2024-05_2025-12,1,0.028396323935582002
UNIUSDT,2025-11-22 20:00:00+00:00,2025-11-22 21:00:00+00:00,2025-11-23 21:00:00+00:00,B,0.8902980210402255,WINNER_EVENT,VALIDATION_2024-05_2025-12,1,0.042147435184715754
NEARUSDT,2025-11-23 17:00:00+00:00,2025-11-23 18:00:00+00:00,2025-11-24 18:00:00+00:00,B,0.8864152442212646,WINNER_EVENT,VALIDATION_2024-05_2025-12,1,0.08200762824688512
DASHUSDT,2025-11-24 00:00:00+00:00,2025-11-24 01:00:00+00:00,2025-11-25 01:00:00+00:00,A,0.909028105047637,WINNER_EVENT,VALIDATION_2024-05_2025-12,1,0.01785029889975287
MEMEUSDT,2025-11-24 00:00:00+00:00,2025-11-24 01:00:00+00:00,2025-11-25 01:00:00+00:00,B,0.8838430284679141,WINNER_EVENT,VALIDATION_2024-05_2025-12,1,0.05886536993384883
HBARUSDT,2025-11-24 14:00:00+00:00,2025-11-24 15:00:00+00:00,2025-11-25 15:00:00+00:00,A,0.9138196671258081,WINNER_EVENT,VALIDATION_2024-05_2025-12,1,-0.004541575511852303
UNIUSDT,2025-11-25 14:00:00+00:00,2025-11-25 15:00:00+00:00,2025-11-26 15:00:00+00:00,C,0.8408014999404335,WINNER_EVENT,VALIDATION_2024-05_2025-12,1,0.012389334325817014
DOTUSDT,2025-11-25 14:00:00+00:00,2025-11-25 15:00:00+00:00,2025-11-26 15:00:00+00:00,B,0.8877817089062404,WINNER_EVENT,VALIDATION_2024-05_2025-12,1,0.023681712529125543
FETUSDT,2025-11-26 15:00:00+00:00,2025-11-26 16:00:00+00:00,2025-11-27 16:00:00+00:00,B,0.9023915672235827,WINNER_EVENT,VALIDATION_2024-05_2025-12,1,0.056714771825301824
LSKUSDT,2025-11-27 08:00:00+00:00,2025-11-27 09:00:00+00:00,2025-11-28 09:00:00+00:00,B,0.895935804352223,WINNER_EVENT,VALIDATION_2024-05_2025-12,1,0.014194227423819594
ICPUSDT,2025-11-27 10:00:00+00:00,2025-11-27 11:00:00+00:00,2025-11-28 11:00:00+00:00,A,0.9049546090209061,WINNER_EVENT,VALIDATION_2024-05_2025-12,1,0.017698435343578955
XLMUSDT,2025-11-27 11:00:00+00:00,2025-11-27 12:00:00+00:00,2025-11-28 12:00:00+00:00,B,0.9067689594320303,WINNER_EVENT,VALIDATION_2024-05_2025-12,1,0.008016773198679328
HBARUSDT,2025-11-27 11:00:00+00:00,2025-11-27 12:00:00+00:00,2025-11-28 12:00:00+00:00,B,0.9053010823267404,WINNER_EVENT,VALIDATION_2024-05_2025-12,1,0.002059536387131189
ALICEUSDT,2025-11-28 05:00:00+00:00,2025-11-28 06:00:00+00:00,2025-11-29 06:00:00+00:00,A,0.9232949787446235,WINNER_EVENT,VALIDATION_2024-05_2025-12,1,-0.010426594646285814
COTIUSDT,2025-11-29 23:00:00+00:00,2025-11-30 00:00:00+00:00,2025-12-01 00:00:00+00:00,B,0.9053928279543473,WINNER_EVENT,VALIDATION_2024-05_2025-12,1,-0.018436616743587764
ZECUSDT,2025-12-01 13:00:00+00:00,2025-12-01 14:00:00+00:00,2025-12-02 14:00:00+00:00,B,0.8918550323911734,WINNER_EVENT,VALIDATION_2024-05_2025-12,1,-0.027017947288002442
ZENUSDT,2025-12-03 03:00:00+00:00,2025-12-03 04:00:00+00:00,2025-12-04 04:00:00+00:00,A,0.921996802345754,WINNER_EVENT,VALIDATION_2024-05_2025-12,1,0.022872484481100352
ZECUSDT,2025-12-06 15:00:00+00:00,2025-12-06 16:00:00+00:00,2025-12-07 16:00:00+00:00,A,0.9284156428243043,WINNER_EVENT,VALIDATION_2024-05_2025-12,1,0.031085478482934414
MOVRUSDT,2025-12-10 09:00:00+00:00,2025-12-10 10:00:00+00:00,2025-12-11 10:00:00+00:00,B,0.9048329619838639,WINNER_EVENT,VALIDATION_2024-05_2025-12,1,-0.04578539772316259
PEOPLEUSDT,2025-12-10 10:00:00+00:00,2025-12-10 11:00:00+00:00,2025-12-11 11:00:00+00:00,C,0.8412025393699782,WINNER_EVENT,VALIDATION_2024-05_2025-12,1,-0.0707530922666072
PENDLEUSDT,2025-12-11 14:00:00+00:00,2025-12-11 15:00:00+00:00,2025-12-12 15:00:00+00:00,C,0.8409998625540747,WINNER_EVENT,VALIDATION_2024-05_2025-12,1,0.012596611519000156
QNTUSDT,2025-12-11 20:00:00+00:00,2025-12-11 21:00:00+00:00,2025-12-12 21:00:00+00:00,A,0.956237976487737,WINNER_EVENT,VALIDATION_2024-05_2025-12,1,0.012194827080026505
BATUSDT,2025-12-14 23:00:00+00:00,2025-12-15 00:00:00+00:00,2025-12-16 00:00:00+00:00,A,0.913434481319376,WINNER_EVENT,VALIDATION_2024-05_2025-12,1,-0.08597850561595943
BATUSDT,2025-12-16 03:00:00+00:00,2025-12-16 04:00:00+00:00,2025-12-17 04:00:00+00:00,A,0.9230511988366086,WINNER_EVENT,VALIDATION_2024-05_2025-12,1,0.023265285262352275
TIAUSDT,2025-12-16 07:00:00+00:00,2025-12-16 08:00:00+00:00,2025-12-17 08:00:00+00:00,C,0.8778944165640948,WINNER_EVENT,VALIDATION_2024-05_2025-12,1,0.029361638601643536
WLDUSDT,2025-12-16 07:00:00+00:00,2025-12-16 08:00:00+00:00,2025-12-17 08:00:00+00:00,B,0.8806699389974905,WINNER_EVENT,VALIDATION_2024-05_2025-12,1,-0.012600558180369426
ARUSDT,2025-12-18 05:00:00+00:00,2025-12-18 06:00:00+00:00,2025-12-19 06:00:00+00:00,C,0.8396375418698907,WINNER_EVENT,VALIDATION_2024-05_2025-12,1,0.021470862725082362
API3USDT,2025-12-18 09:00:00+00:00,2025-12-18 10:00:00+00:00,2025-12-19 10:00:00+00:00,A,0.9089929497169204,WINNER_EVENT,VALIDATION_2024-05_2025-12,1,0.00587238733921458
AAVEUSDT,2025-12-21 22:00:00+00:00,2025-12-21 23:00:00+00:00,2025-12-22 23:00:00+00:00,A,0.9467086330729259,WINNER_EVENT,VALIDATION_2024-05_2025-12,1,-0.0590217808312512
AAVEUSDT,2025-12-22 20:00:00+00:00,2025-12-22 21:00:00+00:00,2025-12-23 21:00:00+00:00,A,0.908642739569889,WINNER_EVENT,VALIDATION_2024-05_2025-12,1,0.005835181876190587
UNIUSDT,2025-12-23 09:00:00+00:00,2025-12-23 10:00:00+00:00,2025-12-24 10:00:00+00:00,A,0.9228976677178469,SAME_TIME_CONTROL,VALIDATION_2024-05_2025-12,0,-0.042572541776064954
ACEUSDT,2025-12-26 00:00:00+00:00,2025-12-26 01:00:00+00:00,2025-12-27 01:00:00+00:00,A,0.9001475507490824,WINNER_EVENT,VALIDATION_2024-05_2025-12,1,0.06498207394350253
APTUSDT,2025-12-28 12:00:00+00:00,2025-12-28 13:00:00+00:00,2025-12-29 13:00:00+00:00,C,0.8472384303760865,WINNER_EVENT,VALIDATION_2024-05_2025-12,1,-0.008788674882704961
FILUSDT,2025-12-30 00:00:00+00:00,2025-12-30 01:00:00+00:00,2025-12-31 01:00:00+00:00,C,0.8517709298305739,WINNER_EVENT,VALIDATION_2024-05_2025-12,1,0.0147255947396836
CHZUSDT,2026-01-01 14:00:00+00:00,2026-01-01 15:00:00+00:00,2026-01-02 15:00:00+00:00,B,0.8802062739561978,WINNER_EVENT,CONFIRMATION_2026,1,0.050838430757542685
QIUSDT,2026-01-02 11:00:00+00:00,2026-01-02 12:00:00+00:00,2026-01-03 12:00:00+00:00,A,0.9066855939418477,WINNER_EVENT,CONFIRMATION_2026,1,0.059123154865003524
ZECUSDT,2026-01-02 13:00:00+00:00,2026-01-02 14:00:00+00:00,2026-01-03 14:00:00+00:00,A,0.9079138449648255,WINNER_EVENT,CONFIRMATION_2026,1,0.04385451248835204
PEOPLEUSDT,2026-01-03 11:00:00+00:00,2026-01-03 12:00:00+00:00,2026-01-04 12:00:00+00:00,A,0.9147988383208164,WINNER_EVENT,CONFIRMATION_2026,1,0.09144730334086848
CHZUSDT,2026-01-04 09:00:00+00:00,2026-01-04 10:00:00+00:00,2026-01-05 10:00:00+00:00,B,0.8780579648038027,WINNER_EVENT,CONFIRMATION_2026,1,-0.006516156737668921
ZECUSDT,2026-01-05 06:00:00+00:00,2026-01-05 07:00:00+00:00,2026-01-06 07:00:00+00:00,B,0.9014731629042105,WINNER_EVENT,CONFIRMATION_2026,1,0.02458168800783822
PEOPLEUSDT,2026-01-05 06:00:00+00:00,2026-01-05 07:00:00+00:00,2026-01-06 07:00:00+00:00,A,0.906680021045573,WINNER_EVENT,CONFIRMATION_2026,1,0.04676424721619932
PENDLEUSDT,2026-01-09 03:00:00+00:00,2026-01-09 04:00:00+00:00,2026-01-10 04:00:00+00:00,A,0.9293101439138347,SAME_TIME_CONTROL,CONFIRMATION_2026,0,-0.00730532294505315
BONKUSDT,2026-01-10 05:00:00+00:00,2026-01-10 06:00:00+00:00,2026-01-11 06:00:00+00:00,A,0.9099587054684681,WINNER_EVENT,CONFIRMATION_2026,1,0.003695800089549728
ZECUSDT,2026-01-10 17:00:00+00:00,2026-01-10 18:00:00+00:00,2026-01-11 18:00:00+00:00,B,0.8845407130531323,WINNER_EVENT,CONFIRMATION_2026,1,0.05519341115251719
STXUSDT,2026-01-12 00:00:00+00:00,2026-01-12 01:00:00+00:00,2026-01-13 01:00:00+00:00,A,0.911974245226425,WINNER_EVENT,CONFIRMATION_2026,1,0.0017761195643408723
ACEUSDT,2026-01-14 18:00:00+00:00,2026-01-14 19:00:00+00:00,2026-01-15 19:00:00+00:00,C,0.84215297307566,WINNER_EVENT,CONFIRMATION_2026,1,-0.09014624779294877
DASHUSDT,2026-01-17 08:00:00+00:00,2026-01-17 09:00:00+00:00,2026-01-18 09:00:00+00:00,A,0.9138377968818087,WINNER_EVENT,CONFIRMATION_2026,1,0.05327830015804147
ICPUSDT,2026-01-17 08:00:00+00:00,2026-01-17 09:00:00+00:00,2026-01-18 09:00:00+00:00,A,0.9632529703370064,WINNER_EVENT,CONFIRMATION_2026,1,0.0007762645970654791
ZENUSDT,2026-01-17 13:00:00+00:00,2026-01-17 14:00:00+00:00,2026-01-18 14:00:00+00:00,A,0.9504223068439419,WINNER_EVENT,CONFIRMATION_2026,1,0.09849649873623023
GLMRUSDT,2026-01-17 13:00:00+00:00,2026-01-17 14:00:00+00:00,2026-01-18 14:00:00+00:00,A,0.9329256972911252,WINNER_EVENT,CONFIRMATION_2026,1,-0.025484328434357106
FILUSDT,2026-01-18 14:00:00+00:00,2026-01-18 15:00:00+00:00,2026-01-19 15:00:00+00:00,B,0.8841985718131464,WINNER_EVENT,CONFIRMATION_2026,1,-0.09549426552654539
CHZUSDT,2026-01-20 09:00:00+00:00,2026-01-20 10:00:00+00:00,2026-01-21 10:00:00+00:00,B,0.9009737972197764,WINNER_EVENT,CONFIRMATION_2026,1,-0.024263939451368066
DASHUSDT,2026-01-21 03:00:00+00:00,2026-01-21 04:00:00+00:00,2026-01-22 04:00:00+00:00,A,0.9123384377398119,WINNER_EVENT,CONFIRMATION_2026,1,-0.03500207008404732
PHAUSDT,2026-01-22 20:00:00+00:00,2026-01-22 21:00:00+00:00,2026-01-23 21:00:00+00:00,A,0.9025207957617368,WINNER_EVENT,CONFIRMATION_2026,1,-0.0519883551095216
DASHUSDT,2026-01-22 23:00:00+00:00,2026-01-23 00:00:00+00:00,2026-01-24 00:00:00+00:00,A,0.9461306397171246,WINNER_EVENT,CONFIRMATION_2026,1,0.0735627497296849
WLDUSDT,2026-01-23 14:00:00+00:00,2026-01-23 15:00:00+00:00,2026-01-24 15:00:00+00:00,C,0.8567646637343688,WINNER_EVENT,CONFIRMATION_2026,1,0.02727572209584639
AXSUSDT,2026-01-24 19:00:00+00:00,2026-01-24 20:00:00+00:00,2026-01-25 20:00:00+00:00,A,0.928695043715138,WINNER_EVENT,CONFIRMATION_2026,1,-0.19383606627282934
ZECUSDT,2026-01-25 20:00:00+00:00,2026-01-25 21:00:00+00:00,2026-01-26 21:00:00+00:00,A,0.9166312306399327,WINNER_EVENT,CONFIRMATION_2026,1,0.10798852279284343
PHAUSDT,2026-01-26 08:00:00+00:00,2026-01-26 09:00:00+00:00,2026-01-27 09:00:00+00:00,A,0.9531157349771497,WINNER_EVENT,CONFIRMATION_2026,1,-0.008108348807229881
MANAUSDT,2026-01-27 13:00:00+00:00,2026-01-27 14:00:00+00:00,2026-01-28 14:00:00+00:00,B,0.9060872995643535,SAME_TIME_CONTROL,CONFIRMATION_2026,0,-0.01164630346351836
SANDUSDT,2026-01-27 13:00:00+00:00,2026-01-27 14:00:00+00:00,2026-01-28 14:00:00+00:00,A,0.903797151627726,SAME_TIME_CONTROL,CONFIRMATION_2026,0,-0.02574383754014198
SANDUSDT,2026-01-27 14:00:00+00:00,2026-01-27 15:00:00+00:00,2026-01-28 15:00:00+00:00,C,0.8419426370782589,WINNER_EVENT,CONFIRMATION_2026,1,-0.019612246823640822
JTOUSDT,2026-01-29 09:00:00+00:00,2026-01-29 10:00:00+00:00,2026-01-30 10:00:00+00:00,A,0.9060251203493742,WINNER_EVENT,CONFIRMATION_2026,1,-0.09697328542408357
MEMEUSDT,2026-01-30 10:00:00+00:00,2026-01-30 11:00:00+00:00,2026-01-31 11:00:00+00:00,A,0.9093381859292092,WINNER_EVENT,CONFIRMATION_2026,1,-0.031816834321898635
DASHUSDT,2026-01-30 15:00:00+00:00,2026-01-30 16:00:00+00:00,2026-01-31 16:00:00+00:00,A,0.9661911940302348,WINNER_EVENT,CONFIRMATION_2026,1,-0.09907303134008383
FETUSDT,2026-01-30 16:00:00+00:00,2026-01-30 17:00:00+00:00,2026-01-31 17:00:00+00:00,C,0.8453753108349902,WINNER_EVENT,CONFIRMATION_2026,1,-0.08871743542366206
NMRUSDT,2026-02-09 19:00:00+00:00,2026-02-09 20:00:00+00:00,2026-02-10 20:00:00+00:00,C,0.8605083055880013,WINNER_EVENT,CONFIRMATION_2026,1,0.020391019941245148
ZECUSDT,2026-02-15 16:00:00+00:00,2026-02-15 17:00:00+00:00,2026-02-16 17:00:00+00:00,A,0.9068865659040694,WINNER_EVENT,CONFIRMATION_2026,1,-0.014646985168698556
AXSUSDT,2026-02-16 03:00:00+00:00,2026-02-16 04:00:00+00:00,2026-02-17 04:00:00+00:00,A,0.9235229665920967,WINNER_EVENT,CONFIRMATION_2026,1,0.02039462952994464
APEUSDT,2026-02-19 07:00:00+00:00,2026-02-19 08:00:00+00:00,2026-02-20 08:00:00+00:00,A,0.9291061307574778,WINNER_EVENT,CONFIRMATION_2026,1,-0.0039135572653341555
SUIUSDT,2026-02-19 08:00:00+00:00,2026-02-19 09:00:00+00:00,2026-02-20 09:00:00+00:00,A,0.9144471688674675,WINNER_EVENT,CONFIRMATION_2026,1,0.03668299377733586
AXSUSDT,2026-02-19 09:00:00+00:00,2026-02-19 10:00:00+00:00,2026-02-20 10:00:00+00:00,B,0.9011623022133751,WINNER_EVENT,CONFIRMATION_2026,1,0.06663915544109789
ZECUSDT,2026-02-19 10:00:00+00:00,2026-02-19 11:00:00+00:00,2026-02-20 11:00:00+00:00,A,0.9046293661955064,WINNER_EVENT,CONFIRMATION_2026,1,0.01612374201874256
OPUSDT,2026-02-20 03:00:00+00:00,2026-02-20 04:00:00+00:00,2026-02-21 04:00:00+00:00,A,0.9337268509623171,WINNER_EVENT,CONFIRMATION_2026,1,0.010862472288901914
ARBUSDT,2026-02-20 11:00:00+00:00,2026-02-20 12:00:00+00:00,2026-02-21 12:00:00+00:00,A,0.9076188909967644,WINNER_EVENT,CONFIRMATION_2026,1,0.09447996076785836
AAVEUSDT,2026-02-26 17:00:00+00:00,2026-02-26 18:00:00+00:00,2026-02-27 18:00:00+00:00,A,0.9173413810615274,WINNER_EVENT,CONFIRMATION_2026,1,0.012403278577842514
JSTUSDT,2026-02-27 09:00:00+00:00,2026-02-27 10:00:00+00:00,2026-02-28 10:00:00+00:00,C,0.874554364067209,WINNER_EVENT,CONFIRMATION_2026,1,0.031680991360987676
JSTUSDT,2026-03-04 19:00:00+00:00,2026-03-04 20:00:00+00:00,2026-03-05 20:00:00+00:00,B,0.8923651252747966,WINNER_EVENT,CONFIRMATION_2026,1,0.052585125621425144
NEARUSDT,2026-03-05 01:00:00+00:00,2026-03-05 02:00:00+00:00,2026-03-06 02:00:00+00:00,B,0.8906515290223427,WINNER_EVENT,CONFIRMATION_2026,1,0.03218348254170378
PEPEUSDT,2026-03-05 16:00:00+00:00,2026-03-05 17:00:00+00:00,2026-03-06 17:00:00+00:00,B,0.8811762695701776,SAME_TIME_CONTROL,CONFIRMATION_2026,0,-0.023283387405105382
CHZUSDT,2026-03-07 14:00:00+00:00,2026-03-07 15:00:00+00:00,2026-03-08 15:00:00+00:00,A,0.9019897255422262,WINNER_EVENT,CONFIRMATION_2026,1,0.06902021314530904
ZECUSDT,2026-03-07 22:00:00+00:00,2026-03-07 23:00:00+00:00,2026-03-08 23:00:00+00:00,C,0.8456235028596568,WINNER_EVENT,CONFIRMATION_2026,1,0.019867112575132184
LDOUSDT,2026-03-08 04:00:00+00:00,2026-03-08 05:00:00+00:00,2026-03-09 05:00:00+00:00,B,0.8783727857975386,WINNER_EVENT,CONFIRMATION_2026,1,0.04439343352624414
ZENUSDT,2026-03-08 22:00:00+00:00,2026-03-08 23:00:00+00:00,2026-03-09 23:00:00+00:00,C,0.8410665091915751,WINNER_EVENT,CONFIRMATION_2026,1,0.04666150156806004
FILUSDT,2026-03-10 22:00:00+00:00,2026-03-10 23:00:00+00:00,2026-03-11 23:00:00+00:00,B,0.8808465157808067,WINNER_EVENT,CONFIRMATION_2026,1,0.022509260900530625
PHAUSDT,2026-03-11 03:00:00+00:00,2026-03-11 04:00:00+00:00,2026-03-12 04:00:00+00:00,A,0.9016471768965533,WINNER_EVENT,CONFIRMATION_2026,1,0.019811787119309976
CVXUSDT,2026-03-11 09:00:00+00:00,2026-03-11 10:00:00+00:00,2026-03-12 10:00:00+00:00,A,0.9127280390929497,WINNER_EVENT,CONFIRMATION_2026,1,-0.03508300622502103
ZECUSDT,2026-03-11 11:00:00+00:00,2026-03-11 12:00:00+00:00,2026-03-12 12:00:00+00:00,B,0.8811621692315305,WINNER_EVENT,CONFIRMATION_2026,1,0.0024661018102039023
ACEUSDT,2026-03-12 03:00:00+00:00,2026-03-12 04:00:00+00:00,2026-03-13 04:00:00+00:00,A,0.9138497928305663,WINNER_EVENT,CONFIRMATION_2026,1,0.02413386876257495
CHZUSDT,2026-03-12 12:00:00+00:00,2026-03-12 13:00:00+00:00,2026-03-13 13:00:00+00:00,B,0.9178605363669098,WINNER_EVENT,CONFIRMATION_2026,1,0.016469947581818856
GALAUSDT,2026-03-12 12:00:00+00:00,2026-03-12 13:00:00+00:00,2026-03-13 13:00:00+00:00,C,0.8725508393287931,WINNER_EVENT,CONFIRMATION_2026,1,0.05969040610252985
PHAUSDT,2026-03-12 17:00:00+00:00,2026-03-12 18:00:00+00:00,2026-03-13 18:00:00+00:00,B,0.9375265354713853,WINNER_EVENT,CONFIRMATION_2026,1,0.21374460231118864
CVXUSDT,2026-03-12 20:00:00+00:00,2026-03-12 21:00:00+00:00,2026-03-13 21:00:00+00:00,B,0.9142358558596579,WINNER_EVENT,CONFIRMATION_2026,1,0.004925086570956916
ARUSDT,2026-03-15 04:00:00+00:00,2026-03-15 05:00:00+00:00,2026-03-16 05:00:00+00:00,A,0.9336683079941405,WINNER_EVENT,CONFIRMATION_2026,1,0.06901037493241402
PEPEUSDT,2026-03-17 12:00:00+00:00,2026-03-17 13:00:00+00:00,2026-03-18 13:00:00+00:00,A,0.9135073938422499,WINNER_EVENT,CONFIRMATION_2026,1,-0.035773735208949
ZECUSDT,2026-03-18 17:00:00+00:00,2026-03-18 18:00:00+00:00,2026-03-19 18:00:00+00:00,A,0.9156880561044574,WINNER_EVENT,CONFIRMATION_2026,1,-0.05425589728900193
ZECUSDT,2026-03-19 16:00:00+00:00,2026-03-19 17:00:00+00:00,2026-03-20 17:00:00+00:00,B,0.881910834877473,WINNER_EVENT,CONFIRMATION_2026,1,0.011584733905015687
ENJUSDT,2026-03-21 02:00:00+00:00,2026-03-21 03:00:00+00:00,2026-03-22 03:00:00+00:00,A,0.9607508582202448,WINNER_EVENT,CONFIRMATION_2026,1,-0.05027090889070962
WLDUSDT,2026-03-21 09:00:00+00:00,2026-03-21 10:00:00+00:00,2026-03-22 10:00:00+00:00,B,0.8866618860035593,WINNER_EVENT,CONFIRMATION_2026,1,-0.005206858686487403
FILUSDT,2026-03-22 21:00:00+00:00,2026-03-22 22:00:00+00:00,2026-03-23 22:00:00+00:00,C,0.8546424126649167,WINNER_EVENT,CONFIRMATION_2026,1,0.09424465111838831
PHAUSDT,2026-03-23 03:00:00+00:00,2026-03-23 04:00:00+00:00,2026-03-24 04:00:00+00:00,A,0.9178003407283272,WINNER_EVENT,CONFIRMATION_2026,1,0.05468244073321715
JSTUSDT,2026-03-24 10:00:00+00:00,2026-03-24 11:00:00+00:00,2026-03-25 11:00:00+00:00,B,0.8809703868702181,WINNER_EVENT,CONFIRMATION_2026,1,-0.017873645915653213
SUNUSDT,2026-03-25 00:00:00+00:00,2026-03-25 01:00:00+00:00,2026-03-26 01:00:00+00:00,A,0.9142411947874151,WINNER_EVENT,CONFIRMATION_2026,1,0.018426774840380133
JSTUSDT,2026-03-25 11:00:00+00:00,2026-03-25 12:00:00+00:00,2026-03-26 12:00:00+00:00,A,0.8991872624505289,WINNER_EVENT,CONFIRMATION_2026,1,0.043892877025583754
ENJUSDT,2026-03-27 22:00:00+00:00,2026-03-27 23:00:00+00:00,2026-03-28 23:00:00+00:00,A,0.9068729609195092,WINNER_EVENT,CONFIRMATION_2026,1,-0.022602279969171635
CRVUSDT,2026-03-27 23:00:00+00:00,2026-03-28 00:00:00+00:00,2026-03-29 00:00:00+00:00,B,0.9101063707890796,WINNER_EVENT,CONFIRMATION_2026,1,0.0051687897512096015
ALICEUSDT,2026-03-28 06:00:00+00:00,2026-03-28 07:00:00+00:00,2026-03-29 07:00:00+00:00,A,0.9420533668644603,WINNER_EVENT,CONFIRMATION_2026,1,0.016887775277811157
JSTUSDT,2026-03-30 00:00:00+00:00,2026-03-30 01:00:00+00:00,2026-03-31 01:00:00+00:00,A,0.9440348266326478,WINNER_EVENT,CONFIRMATION_2026,1,0.0360925811648638
ZENUSDT,2026-04-02 18:00:00+00:00,2026-04-02 19:00:00+00:00,2026-04-03 19:00:00+00:00,B,0.904166706976752,WINNER_EVENT,CONFIRMATION_2026,1,0.015077683803978115
MOVRUSDT,2026-04-02 21:00:00+00:00,2026-04-02 22:00:00+00:00,2026-04-03 22:00:00+00:00,A,0.9161715561715176,WINNER_EVENT,CONFIRMATION_2026,1,0.029057092725766287
ENJUSDT,2026-04-02 21:00:00+00:00,2026-04-02 22:00:00+00:00,2026-04-03 22:00:00+00:00,A,0.8999645326744994,WINNER_EVENT,CONFIRMATION_2026,1,0.004504528567722987
CHZUSDT,2026-04-02 21:00:00+00:00,2026-04-02 22:00:00+00:00,2026-04-03 22:00:00+00:00,C,0.8628737548641281,WINNER_EVENT,CONFIRMATION_2026,1,0.02102558750491279
QNTUSDT,2026-04-04 10:00:00+00:00,2026-04-04 11:00:00+00:00,2026-04-05 11:00:00+00:00,B,0.881560643243335,WINNER_EVENT,CONFIRMATION_2026,1,0.002139513839478635
SYNUSDT,2026-04-04 19:00:00+00:00,2026-04-04 20:00:00+00:00,2026-04-05 20:00:00+00:00,A,0.9376233046064173,WINNER_EVENT,CONFIRMATION_2026,1,-0.028211572232363258
WLDUSDT,2026-04-05 20:00:00+00:00,2026-04-05 21:00:00+00:00,2026-04-06 21:00:00+00:00,C,0.8403825181376803,WINNER_EVENT,CONFIRMATION_2026,1,0.03190786462968376
ETCUSDT,2026-04-07 04:00:00+00:00,2026-04-07 05:00:00+00:00,2026-04-08 05:00:00+00:00,C,0.8433336115774018,WINNER_EVENT,CONFIRMATION_2026,1,0.0562923834000677
AAVEUSDT,2026-04-07 11:00:00+00:00,2026-04-07 12:00:00+00:00,2026-04-08 12:00:00+00:00,A,0.9048347008509631,WINNER_EVENT,CONFIRMATION_2026,1,0.10313760383478221
JSTUSDT,2026-04-07 19:00:00+00:00,2026-04-07 20:00:00+00:00,2026-04-08 20:00:00+00:00,B,0.9015749800410708,WINNER_EVENT,CONFIRMATION_2026,1,0.04005551739404711
ALGOUSDT,2026-04-09 03:00:00+00:00,2026-04-09 04:00:00+00:00,2026-04-10 04:00:00+00:00,B,0.8889642542080698,WINNER_EVENT,CONFIRMATION_2026,1,0.0015199136630270615
FETUSDT,2026-04-09 03:00:00+00:00,2026-04-09 04:00:00+00:00,2026-04-10 04:00:00+00:00,A,0.9406754036853383,WINNER_EVENT,CONFIRMATION_2026,1,0.013195166037975659
ZECUSDT,2026-04-09 11:00:00+00:00,2026-04-09 12:00:00+00:00,2026-04-10 12:00:00+00:00,A,0.9180952696976954,WINNER_EVENT,CONFIRMATION_2026,1,0.20889676134910284
ALGOUSDT,2026-04-10 09:00:00+00:00,2026-04-10 10:00:00+00:00,2026-04-11 10:00:00+00:00,A,0.9229758026169811,WINNER_EVENT,CONFIRMATION_2026,1,-0.02577897176073385
GALAUSDT,2026-04-11 12:00:00+00:00,2026-04-11 13:00:00+00:00,2026-04-12 13:00:00+00:00,B,0.9020217659066851,WINNER_EVENT,CONFIRMATION_2026,1,-0.016333358017031063
PHAUSDT,2026-04-13 04:00:00+00:00,2026-04-13 05:00:00+00:00,2026-04-14 05:00:00+00:00,A,0.9175388758242636,WINNER_EVENT,CONFIRMATION_2026,1,0.02013088767520843
PHAUSDT,2026-04-14 18:00:00+00:00,2026-04-14 19:00:00+00:00,2026-04-15 19:00:00+00:00,B,0.8923906605280694,SAME_TIME_CONTROL,CONFIRMATION_2026,0,0.03483122355393564
WLDUSDT,2026-04-14 21:00:00+00:00,2026-04-14 22:00:00+00:00,2026-04-15 22:00:00+00:00,A,0.9038695553489184,WINNER_EVENT,CONFIRMATION_2026,1,0.030789804642288754
PHAUSDT,2026-04-14 21:00:00+00:00,2026-04-14 22:00:00+00:00,2026-04-15 22:00:00+00:00,A,0.944787749435133,WINNER_EVENT,CONFIRMATION_2026,1,0.043825147824253285
JSTUSDT,2026-04-15 23:00:00+00:00,2026-04-16 00:00:00+00:00,2026-04-17 00:00:00+00:00,A,0.9594449424626246,WINNER_EVENT,CONFIRMATION_2026,1,-0.01813374537125001
ZECUSDT,2026-04-16 02:00:00+00:00,2026-04-16 03:00:00+00:00,2026-04-17 03:00:00+00:00,A,0.9523831397553185,SAME_TIME_CONTROL,CONFIRMATION_2026,0,-0.01541465326926017
DASHUSDT,2026-04-16 14:00:00+00:00,2026-04-16 15:00:00+00:00,2026-04-17 15:00:00+00:00,C,0.8670037096864754,WINNER_EVENT,CONFIRMATION_2026,1,0.02173259751461698
ZENUSDT,2026-04-17 07:00:00+00:00,2026-04-17 08:00:00+00:00,2026-04-18 08:00:00+00:00,A,0.9272117218263259,WINNER_EVENT,CONFIRMATION_2026,1,0.032433669487318184
WLDUSDT,2026-04-17 11:00:00+00:00,2026-04-17 12:00:00+00:00,2026-04-18 12:00:00+00:00,A,0.9652965363918393,WINNER_EVENT,CONFIRMATION_2026,1,-0.10217566535542555
TIAUSDT,2026-04-19 01:00:00+00:00,2026-04-19 02:00:00+00:00,2026-04-20 02:00:00+00:00,B,0.9118617421167953,WINNER_EVENT,CONFIRMATION_2026,1,-0.015422463371690176
JSTUSDT,2026-04-19 02:00:00+00:00,2026-04-19 03:00:00+00:00,2026-04-20 03:00:00+00:00,B,0.8886930556748437,WINNER_EVENT,CONFIRMATION_2026,1,0.08772185690439693
AIUSDT,2026-04-19 05:00:00+00:00,2026-04-19 06:00:00+00:00,2026-04-20 06:00:00+00:00,A,0.9173387383070315,WINNER_EVENT,CONFIRMATION_2026,1,0.006322293772027088
PEPEUSDT,2026-04-19 10:00:00+00:00,2026-04-19 11:00:00+00:00,2026-04-20 11:00:00+00:00,B,0.8977952997656884,WINNER_EVENT,CONFIRMATION_2026,1,0.010441213013781425
AAVEUSDT,2026-04-19 11:00:00+00:00,2026-04-19 12:00:00+00:00,2026-04-20 12:00:00+00:00,A,0.9104708067049526,WINNER_EVENT,CONFIRMATION_2026,1,-0.009675052106554394
AAVEUSDT,2026-04-20 15:00:00+00:00,2026-04-20 16:00:00+00:00,2026-04-21 16:00:00+00:00,A,0.9570602384195107,WINNER_EVENT,CONFIRMATION_2026,1,0.054266818712121134
LDOUSDT,2026-04-20 15:00:00+00:00,2026-04-20 16:00:00+00:00,2026-04-21 16:00:00+00:00,A,0.9477766715127317,SAME_TIME_CONTROL,CONFIRMATION_2026,0,0.11586946129497311
GALAUSDT,2026-04-21 17:00:00+00:00,2026-04-21 18:00:00+00:00,2026-04-22 18:00:00+00:00,C,0.8512853437386206,WINNER_EVENT,CONFIRMATION_2026,1,0.044181363592636025
QIUSDT,2026-04-22 01:00:00+00:00,2026-04-22 02:00:00+00:00,2026-04-23 02:00:00+00:00,A,0.9080453856052253,WINNER_EVENT,CONFIRMATION_2026,1,-0.008965592039324455
TIAUSDT,2026-04-23 04:00:00+00:00,2026-04-23 05:00:00+00:00,2026-04-24 05:00:00+00:00,A,0.9024369969001782,WINNER_EVENT,CONFIRMATION_2026,1,0.008010205283632166
TRBUSDT,2026-04-23 05:00:00+00:00,2026-04-23 06:00:00+00:00,2026-04-24 06:00:00+00:00,A,0.9446312007254568,WINNER_EVENT,CONFIRMATION_2026,1,0.033972077145434376
JSTUSDT,2026-04-23 15:00:00+00:00,2026-04-23 16:00:00+00:00,2026-04-24 16:00:00+00:00,B,0.8777651593803713,WINNER_EVENT,CONFIRMATION_2026,1,0.00882084432309349
AIUSDT,2026-04-24 11:00:00+00:00,2026-04-24 12:00:00+00:00,2026-04-25 12:00:00+00:00,A,0.9340515561954335,SAME_TIME_CONTROL,CONFIRMATION_2026,0,0.017994063066264054
AIUSDT,2026-04-24 12:00:00+00:00,2026-04-24 13:00:00+00:00,2026-04-25 13:00:00+00:00,C,0.8558118158133626,WINNER_EVENT,CONFIRMATION_2026,1,0.034526169289433195
JSTUSDT,2026-04-25 02:00:00+00:00,2026-04-25 03:00:00+00:00,2026-04-26 03:00:00+00:00,A,0.9367309086527098,WINNER_EVENT,CONFIRMATION_2026,1,0.041240189062182964
DASHUSDT,2026-04-25 18:00:00+00:00,2026-04-25 19:00:00+00:00,2026-04-26 19:00:00+00:00,C,0.8461948658271274,WINNER_EVENT,CONFIRMATION_2026,1,0.02010004961599221
GTCUSDT,2026-04-25 23:00:00+00:00,2026-04-26 00:00:00+00:00,2026-04-27 00:00:00+00:00,A,0.9253466094504513,HARD_NEGATIVE,CONFIRMATION_2026,0,-0.044974641865669795
RAYUSDT,2026-04-27 00:00:00+00:00,2026-04-27 01:00:00+00:00,2026-04-28 01:00:00+00:00,A,0.9106821506740669,WINNER_EVENT,CONFIRMATION_2026,1,0.017462863321056288
CHZUSDT,2026-04-28 17:00:00+00:00,2026-04-28 18:00:00+00:00,2026-04-29 18:00:00+00:00,A,0.9095952208489418,WINNER_EVENT,CONFIRMATION_2026,1,-0.0727682669812395
INJUSDT,2026-04-28 17:00:00+00:00,2026-04-28 18:00:00+00:00,2026-04-29 18:00:00+00:00,C,0.8445357952874011,WINNER_EVENT,CONFIRMATION_2026,1,-0.004998096768997318
CHZUSDT,2026-04-30 04:00:00+00:00,2026-04-30 05:00:00+00:00,2026-05-01 05:00:00+00:00,A,0.9148756357985467,WINNER_EVENT,CONFIRMATION_2026,1,0.03649719895744896
AXSUSDT,2026-04-30 13:00:00+00:00,2026-04-30 14:00:00+00:00,2026-05-01 14:00:00+00:00,A,0.91127537013172,WINNER_EVENT,CONFIRMATION_2026,1,0.03469702939797403
ENJUSDT,2026-05-03 03:00:00+00:00,2026-05-03 04:00:00+00:00,2026-05-04 04:00:00+00:00,A,0.9290765471297904,WINNER_EVENT,CONFIRMATION_2026,1,0.025742133920366284
CHZUSDT,2026-05-03 06:00:00+00:00,2026-05-03 07:00:00+00:00,2026-05-04 07:00:00+00:00,C,0.848200231739219,WINNER_EVENT,CONFIRMATION_2026,1,0.03429452892894069
RAYUSDT,2026-05-04 00:00:00+00:00,2026-05-04 01:00:00+00:00,2026-05-05 01:00:00+00:00,A,0.9013600139423072,SAME_TIME_CONTROL,CONFIRMATION_2026,0,-0.03776029460074093
JTOUSDT,2026-05-05 14:00:00+00:00,2026-05-05 15:00:00+00:00,2026-05-06 15:00:00+00:00,B,0.8820846845122934,WINNER_EVENT,CONFIRMATION_2026,1,0.2666311302354425
ENJUSDT,2026-05-05 21:00:00+00:00,2026-05-05 22:00:00+00:00,2026-05-06 22:00:00+00:00,A,0.9046502477590711,WINNER_EVENT,CONFIRMATION_2026,1,0.03825148662950828
ZENUSDT,2026-05-06 23:00:00+00:00,2026-05-07 00:00:00+00:00,2026-05-08 00:00:00+00:00,A,0.9227383619714221,SAME_TIME_CONTROL,CONFIRMATION_2026,0,-0.03157466766571293
DASHUSDT,2026-05-07 02:00:00+00:00,2026-05-07 03:00:00+00:00,2026-05-08 03:00:00+00:00,A,0.9283375322193657,WINNER_EVENT,CONFIRMATION_2026,1,0.0011406256109864898
ARUSDT,2026-05-09 13:00:00+00:00,2026-05-09 14:00:00+00:00,2026-05-10 14:00:00+00:00,A,0.9121552829124676,WINNER_EVENT,CONFIRMATION_2026,1,0.013215949954897832
APTUSDT,2026-05-10 00:00:00+00:00,2026-05-10 01:00:00+00:00,2026-05-11 01:00:00+00:00,C,0.8502541371539751,WINNER_EVENT,CONFIRMATION_2026,1,0.040869037146334275
STXUSDT,2026-05-10 00:00:00+00:00,2026-05-10 01:00:00+00:00,2026-05-11 01:00:00+00:00,C,0.8405560013781684,SAME_TIME_CONTROL,CONFIRMATION_2026,0,0.008394492791669705
INJUSDT,2026-05-10 01:00:00+00:00,2026-05-10 02:00:00+00:00,2026-05-11 02:00:00+00:00,B,0.9017662763617135,WINNER_EVENT,CONFIRMATION_2026,1,0.03369812264977279
ALGOUSDT,2026-05-10 02:00:00+00:00,2026-05-10 03:00:00+00:00,2026-05-11 03:00:00+00:00,A,0.9296994066530238,WINNER_EVENT,CONFIRMATION_2026,1,-0.01009442965324181
PENDLEUSDT,2026-05-10 14:00:00+00:00,2026-05-10 15:00:00+00:00,2026-05-11 15:00:00+00:00,A,0.902524073832531,WINNER_EVENT,CONFIRMATION_2026,1,-0.020771948095346993
ZECUSDT,2026-05-13 21:00:00+00:00,2026-05-13 22:00:00+00:00,2026-05-14 22:00:00+00:00,A,0.8998032073355496,WINNER_EVENT,CONFIRMATION_2026,1,0.06395349386625737
LDOUSDT,2026-05-14 03:00:00+00:00,2026-05-14 04:00:00+00:00,2026-05-15 04:00:00+00:00,C,0.8398010669687117,WINNER_EVENT,CONFIRMATION_2026,1,0.015103234597276138
MOVRUSDT,2026-05-16 10:00:00+00:00,2026-05-16 11:00:00+00:00,2026-05-17 11:00:00+00:00,C,0.8620022381608294,WINNER_EVENT,CONFIRMATION_2026,1,0.04044988379034331
PENDLEUSDT,2026-05-18 17:00:00+00:00,2026-05-18 18:00:00+00:00,2026-05-19 18:00:00+00:00,A,0.9319326689880623,WINNER_EVENT,CONFIRMATION_2026,1,0.012466368022937768
SUIUSDT,2026-05-20 00:00:00+00:00,2026-05-20 01:00:00+00:00,2026-05-21 01:00:00+00:00,A,0.9044786153683652,WINNER_EVENT,CONFIRMATION_2026,1,0.0808907887019239
CHZUSDT,2026-05-20 04:00:00+00:00,2026-05-20 05:00:00+00:00,2026-05-21 05:00:00+00:00,A,0.9061922869293264,SAME_TIME_CONTROL,CONFIRMATION_2026,0,-0.022883712858759897
AIUSDT,2026-05-22 08:00:00+00:00,2026-05-22 09:00:00+00:00,2026-05-23 09:00:00+00:00,A,0.945609971581199,WINNER_EVENT,CONFIRMATION_2026,1,0.05501202899594637
ZECUSDT,2026-05-26 09:00:00+00:00,2026-05-26 10:00:00+00:00,2026-05-27 10:00:00+00:00,A,0.9347188910566279,WINNER_EVENT,CONFIRMATION_2026,1,-0.06808845188294632
WLDUSDT,2026-05-28 13:00:00+00:00,2026-05-28 14:00:00+00:00,2026-05-29 14:00:00+00:00,A,0.9226714707674613,SAME_TIME_CONTROL,CONFIRMATION_2026,0,0.016985925542013947
NEARUSDT,2026-05-28 14:00:00+00:00,2026-05-28 15:00:00+00:00,2026-05-29 15:00:00+00:00,A,0.9254656362112805,WINNER_EVENT,CONFIRMATION_2026,1,0.061243356411619265
OPUSDT,2026-05-28 15:00:00+00:00,2026-05-28 16:00:00+00:00,2026-05-29 16:00:00+00:00,A,0.9124743977437356,WINNER_EVENT,CONFIRMATION_2026,1,0.04031485508383925
PHAUSDT,2026-05-28 15:00:00+00:00,2026-05-28 16:00:00+00:00,2026-05-29 16:00:00+00:00,C,0.8505634880143366,WINNER_EVENT,CONFIRMATION_2026,1,0.06910706420178636
NEARUSDT,2026-05-30 04:00:00+00:00,2026-05-30 05:00:00+00:00,2026-05-31 05:00:00+00:00,A,0.9230605302879619,WINNER_EVENT,CONFIRMATION_2026,1,0.005204964625903807
AIUSDT,2026-05-30 18:00:00+00:00,2026-05-30 19:00:00+00:00,2026-05-31 19:00:00+00:00,A,0.9296356507599529,WINNER_EVENT,CONFIRMATION_2026,1,0.09786876270754963
NEARUSDT,2026-05-30 23:00:00+00:00,2026-05-31 00:00:00+00:00,2026-06-01 00:00:00+00:00,A,0.9046134517077505,WINNER_EVENT,CONFIRMATION_2026,1,0.0275657164962404
JTOUSDT,2026-05-31 01:00:00+00:00,2026-05-31 02:00:00+00:00,2026-06-01 02:00:00+00:00,B,0.8983654496401101,WINNER_EVENT,CONFIRMATION_2026,1,0.046212871106218856
PHAUSDT,2026-05-31 18:00:00+00:00,2026-05-31 19:00:00+00:00,2026-06-01 19:00:00+00:00,B,0.8914069539707786,WINNER_EVENT,CONFIRMATION_2026,1,-0.023712481758783044
ZECUSDT,2026-06-01 14:00:00+00:00,2026-06-01 15:00:00+00:00,2026-06-02 15:00:00+00:00,B,0.882888694438657,WINNER_EVENT,CONFIRMATION_2026,1,0.06085344912057189
ONEUSDT,2026-06-02 04:00:00+00:00,2026-06-02 05:00:00+00:00,2026-06-03 05:00:00+00:00,B,0.8811897119700141,SAME_COIN_RANDOM,CONFIRMATION_2026,0,-0.07015124841444831
JSTUSDT,2026-06-04 02:00:00+00:00,2026-06-04 03:00:00+00:00,2026-06-05 03:00:00+00:00,A,0.9122197258024046,WINNER_EVENT,CONFIRMATION_2026,1,0.0991407131245321
TRBUSDT,2026-06-04 11:00:00+00:00,2026-06-04 12:00:00+00:00,2026-06-05 12:00:00+00:00,A,0.9329635931649476,WINNER_EVENT,CONFIRMATION_2026,1,-0.049584500326419034
ARBUSDT,2026-06-05 12:00:00+00:00,2026-06-05 13:00:00+00:00,2026-06-06 13:00:00+00:00,B,0.883130510636581,WINNER_EVENT,CONFIRMATION_2026,1,-0.020143002697179946
AVAXUSDT,2026-06-05 19:00:00+00:00,2026-06-05 20:00:00+00:00,2026-06-06 20:00:00+00:00,C,0.8699812636182007,WINNER_EVENT,CONFIRMATION_2026,1,-0.016245229006251694
JSTUSDT,2026-06-07 15:00:00+00:00,2026-06-07 16:00:00+00:00,2026-06-08 16:00:00+00:00,C,0.8710410075351473,WINNER_EVENT,CONFIRMATION_2026,1,0.03191452115738547
BCHUSDT,2026-06-10 10:00:00+00:00,2026-06-10 11:00:00+00:00,2026-06-11 11:00:00+00:00,A,0.9534443939468458,WINNER_EVENT,CONFIRMATION_2026,1,0.022451265933659537
ARUSDT,2026-06-10 18:00:00+00:00,2026-06-10 19:00:00+00:00,2026-06-11 19:00:00+00:00,B,0.9002522004979547,SAME_TIME_CONTROL,CONFIRMATION_2026,0,0.04874094421320829
JSTUSDT,2026-06-11 20:00:00+00:00,2026-06-11 21:00:00+00:00,2026-06-12 21:00:00+00:00,C,0.8479355511600408,WINNER_EVENT,CONFIRMATION_2026,1,0.03187913757628924
PHAUSDT,2026-06-12 13:00:00+00:00,2026-06-12 14:00:00+00:00,2026-06-13 14:00:00+00:00,C,0.8568893432134413,WINNER_EVENT,CONFIRMATION_2026,1,0.11192401595798063
ZECUSDT,2026-06-12 21:00:00+00:00,2026-06-12 22:00:00+00:00,2026-06-13 22:00:00+00:00,A,0.9163825120475994,WINNER_EVENT,CONFIRMATION_2026,1,0.04504670564159774
XLMUSDT,2026-06-13 02:00:00+00:00,2026-06-13 03:00:00+00:00,2026-06-14 03:00:00+00:00,C,0.8586300514236229,WINNER_EVENT,CONFIRMATION_2026,1,0.004537178472067582
LDOUSDT,2026-06-13 03:00:00+00:00,2026-06-13 04:00:00+00:00,2026-06-14 04:00:00+00:00,B,0.8863115594592695,WINNER_EVENT,CONFIRMATION_2026,1,0.020926429227309695
CHZUSDT,2026-06-13 13:00:00+00:00,2026-06-13 14:00:00+00:00,2026-06-14 14:00:00+00:00,A,0.9178971867872919,WINNER_EVENT,CONFIRMATION_2026,1,-0.004170294515498663
ATOMUSDT,2026-06-13 22:00:00+00:00,2026-06-13 23:00:00+00:00,2026-06-14 23:00:00+00:00,B,0.9256849643086844,WINNER_EVENT,CONFIRMATION_2026,1,0.023659627777363523
ARBUSDT,2026-06-14 04:00:00+00:00,2026-06-14 05:00:00+00:00,2026-06-15 05:00:00+00:00,C,0.8512895464773553,SAME_TIME_CONTROL,CONFIRMATION_2026,0,0.022048866035365933
SEIUSDT,2026-06-14 05:00:00+00:00,2026-06-14 06:00:00+00:00,2026-06-15 06:00:00+00:00,B,0.9187437857898655,WINNER_EVENT,CONFIRMATION_2026,1,0.022847210810517105
ARBUSDT,2026-06-14 12:00:00+00:00,2026-06-14 13:00:00+00:00,2026-06-15 13:00:00+00:00,C,0.8491417814630311,WINNER_EVENT,CONFIRMATION_2026,1,0.0631507519468848
APTUSDT,2026-06-14 13:00:00+00:00,2026-06-14 14:00:00+00:00,2026-06-15 14:00:00+00:00,B,0.9019413803979658,WINNER_EVENT,CONFIRMATION_2026,1,0.07907498670196578
INJUSDT,2026-06-14 17:00:00+00:00,2026-06-14 18:00:00+00:00,2026-06-15 18:00:00+00:00,B,0.8811186678555037,WINNER_EVENT,CONFIRMATION_2026,1,0.14078198080698345
BCHUSDT,2026-06-14 18:00:00+00:00,2026-06-14 19:00:00+00:00,2026-06-15 19:00:00+00:00,A,0.9114119462231473,WINNER_EVENT,CONFIRMATION_2026,1,0.12144189520825832
OPUSDT,2026-06-16 06:00:00+00:00,2026-06-16 07:00:00+00:00,2026-06-17 07:00:00+00:00,A,0.9187685824273651,WINNER_EVENT,CONFIRMATION_2026,1,0.01380794129644447
ENJUSDT,2026-06-20 03:00:00+00:00,2026-06-20 04:00:00+00:00,2026-06-21 04:00:00+00:00,A,0.9117315663549805,WINNER_EVENT,CONFIRMATION_2026,1,0.01770254128417159
ALICEUSDT,2026-06-25 08:00:00+00:00,2026-06-25 09:00:00+00:00,2026-06-26 09:00:00+00:00,A,0.9033340582088334,WINNER_EVENT,CONFIRMATION_2026,1,-0.027837809930982393
SANDUSDT,2026-06-26 02:00:00+00:00,2026-06-26 03:00:00+00:00,2026-06-27 03:00:00+00:00,C,0.8399656794062947,WINNER_EVENT,CONFIRMATION_2026,1,0.04599788442739183
MEMEUSDT,2026-06-27 07:00:00+00:00,2026-06-27 08:00:00+00:00,2026-06-28 08:00:00+00:00,A,0.9325122835551188,WINNER_EVENT,CONFIRMATION_2026,1,0.14994304832007344
QIUSDT,2026-06-27 23:00:00+00:00,2026-06-28 00:00:00+00:00,2026-06-29 00:00:00+00:00,C,0.8394143492524305,WINNER_EVENT,CONFIRMATION_2026,1,0.02469906405438671
WLDUSDT,2026-06-28 01:00:00+00:00,2026-06-28 02:00:00+00:00,2026-06-29 02:00:00+00:00,C,0.8850850803462815,WINNER_EVENT,CONFIRMATION_2026,1,-0.007974869349857028
AAVEUSDT,2026-06-28 10:00:00+00:00,2026-06-28 11:00:00+00:00,2026-06-29 11:00:00+00:00,A,0.9205783073376981,WINNER_EVENT,CONFIRMATION_2026,1,0.034312337968746665
NEARUSDT,2026-06-28 17:00:00+00:00,2026-06-28 18:00:00+00:00,2026-06-29 18:00:00+00:00,A,0.9382404024428836,WINNER_EVENT,CONFIRMATION_2026,1,0.04189980973088625
ALGOUSDT,2026-06-29 16:00:00+00:00,2026-06-29 17:00:00+00:00,2026-06-30 17:00:00+00:00,A,0.9109648172058153,WINNER_EVENT,CONFIRMATION_2026,1,-0.030005049860846067
PHAUSDT,2026-06-29 16:00:00+00:00,2026-06-29 17:00:00+00:00,2026-06-30 17:00:00+00:00,B,0.8875689347614952,WINNER_EVENT,CONFIRMATION_2026,1,-0.07081894026176971
JTOUSDT,2026-06-29 22:00:00+00:00,2026-06-29 23:00:00+00:00,2026-06-30 23:00:00+00:00,C,0.8590641390497507,WINNER_EVENT,CONFIRMATION_2026,1,-0.032150870354752614
UNIUSDT,2026-06-30 08:00:00+00:00,2026-06-30 09:00:00+00:00,2026-07-01 09:00:00+00:00,C,0.865461365270967,SAME_TIME_CONTROL,CONFIRMATION_2026,0,-0.02622257783664017
AAVEUSDT,2026-06-30 14:00:00+00:00,2026-06-30 15:00:00+00:00,2026-07-01 15:00:00+00:00,C,0.8439288352441761,WINNER_EVENT,CONFIRMATION_2026,1,0.013642717608516097
LDOUSDT,2026-06-30 19:00:00+00:00,2026-06-30 20:00:00+00:00,2026-07-01 20:00:00+00:00,C,0.8466324572123397,WINNER_EVENT,CONFIRMATION_2026,1,0.04224671552604242
TIAUSDT,2026-07-01 00:00:00+00:00,2026-07-01 01:00:00+00:00,2026-07-02 01:00:00+00:00,B,0.8780607559923677,WINNER_EVENT,CONFIRMATION_2026,1,0.010018741849478152
APEUSDT,2026-07-01 19:00:00+00:00,2026-07-01 20:00:00+00:00,2026-07-02 20:00:00+00:00,A,0.9313113990802135,WINNER_EVENT,CONFIRMATION_2026,1,0.023639271871834122
ARUSDT,2026-07-01 19:00:00+00:00,2026-07-01 20:00:00+00:00,2026-07-02 20:00:00+00:00,A,0.9098640521920799,WINNER_EVENT,CONFIRMATION_2026,1,0.026781148049041636
AAVEUSDT,2026-07-01 23:00:00+00:00,2026-07-02 00:00:00+00:00,2026-07-03 00:00:00+00:00,C,0.8772228712258481,WINNER_EVENT,CONFIRMATION_2026,1,0.0331851433276209
JTOUSDT,2026-07-02 23:00:00+00:00,2026-07-03 00:00:00+00:00,2026-07-04 00:00:00+00:00,A,0.9391970513993764,WINNER_EVENT,CONFIRMATION_2026,1,0.02859970761759345
MANAUSDT,2026-07-03 06:00:00+00:00,2026-07-03 07:00:00+00:00,2026-07-04 07:00:00+00:00,C,0.8399228514169406,WINNER_EVENT,CONFIRMATION_2026,1,0.023088914676551164
PEPEUSDT,2026-07-05 05:00:00+00:00,2026-07-05 06:00:00+00:00,2026-07-06 06:00:00+00:00,B,0.8807967937729055,WINNER_EVENT,CONFIRMATION_2026,1,0.004472693218208201
TRBUSDT,2026-07-05 05:00:00+00:00,2026-07-05 06:00:00+00:00,2026-07-06 06:00:00+00:00,B,0.8883484757570727,WINNER_EVENT,CONFIRMATION_2026,1,0.16443554108656921
BONKUSDT,2026-07-05 17:00:00+00:00,2026-07-05 18:00:00+00:00,2026-07-06 18:00:00+00:00,C,0.8740437132355928,WINNER_EVENT,CONFIRMATION_2026,1,-0.09914268922500635
JTOUSDT,2026-07-05 17:00:00+00:00,2026-07-05 18:00:00+00:00,2026-07-06 18:00:00+00:00,A,0.9021878098778165,WINNER_EVENT,CONFIRMATION_2026,1,0.0357870035391199
WLDUSDT,2026-07-07 13:00:00+00:00,2026-07-07 14:00:00+00:00,2026-07-08 14:00:00+00:00,B,0.8930536375186736,WINNER_EVENT,CONFIRMATION_2026,1,-0.02523160134110869
BONKUSDT,2026-07-08 09:00:00+00:00,2026-07-08 10:00:00+00:00,2026-07-09 10:00:00+00:00,A,0.9098337347244949,WINNER_EVENT,CONFIRMATION_2026,1,0.017248240842027807
ZECUSDT,2026-07-08 15:00:00+00:00,2026-07-08 16:00:00+00:00,2026-07-09 16:00:00+00:00,C,0.8698107057100802,WINNER_EVENT,CONFIRMATION_2026,1,0.023276109694695624
LDOUSDT,2026-07-09 19:00:00+00:00,2026-07-09 20:00:00+00:00,2026-07-10 20:00:00+00:00,B,0.8900366077286309,WINNER_EVENT,CONFIRMATION_2026,1,0.004699495889639138
PENDLEUSDT,2026-07-10 15:00:00+00:00,2026-07-10 16:00:00+00:00,2026-07-11 16:00:00+00:00,A,0.9206835138624092,WINNER_EVENT,CONFIRMATION_2026,1,0.04226237569245672
TIAUSDT,2026-07-10 18:00:00+00:00,2026-07-10 19:00:00+00:00,2026-07-11 19:00:00+00:00,A,0.9103771587538609,WINNER_EVENT,CONFIRMATION_2026,1,0.05123064359762752
APEUSDT,2026-07-11 13:00:00+00:00,2026-07-11 14:00:00+00:00,2026-07-12 14:00:00+00:00,A,0.9072371937427631,WINNER_EVENT,CONFIRMATION_2026,1,-0.00943610275572182
IOTAUSDT,2026-07-12 07:00:00+00:00,2026-07-12 08:00:00+00:00,2026-07-13 08:00:00+00:00,A,0.9000672770525283,WINNER_EVENT,CONFIRMATION_2026,1,-0.016079553731987106
PENDLEUSDT,2026-07-13 16:00:00+00:00,2026-07-13 17:00:00+00:00,2026-07-14 17:00:00+00:00,A,0.9064253297655471,WINNER_EVENT,CONFIRMATION_2026,1,0.03471786972918123
ZECUSDT,2026-07-13 20:00:00+00:00,2026-07-13 21:00:00+00:00,2026-07-14 21:00:00+00:00,C,0.842911987835155,WINNER_EVENT,CONFIRMATION_2026,1,0.08291185080905605
SYNUSDT,2026-07-16 01:00:00+00:00,2026-07-16 02:00:00+00:00,2026-07-17 02:00:00+00:00,A,0.9744089512099121,WINNER_EVENT,CONFIRMATION_2026,1,-0.09189592658559076
ZECUSDT,2026-07-16 23:00:00+00:00,2026-07-17 00:00:00+00:00,2026-07-18 00:00:00+00:00,A,0.9152217693744119,WINNER_EVENT,CONFIRMATION_2026,1,0.042157614785411024
BONKUSDT,2026-07-17 14:00:00+00:00,2026-07-17 15:00:00+00:00,2026-07-18 15:00:00+00:00,A,0.9346238837376425,SAME_TIME_CONTROL,CONFIRMATION_2026,0,-0.11272870435270355
JTOUSDT,2026-07-18 15:00:00+00:00,2026-07-18 16:00:00+00:00,2026-07-19 16:00:00+00:00,B,0.8927441101921287,WINNER_EVENT,CONFIRMATION_2026,1,0.0412012215272024
BONKUSDT,2026-07-18 15:00:00+00:00,2026-07-18 16:00:00+00:00,2026-07-19 16:00:00+00:00,C,0.8500111650420815,WINNER_EVENT,CONFIRMATION_2026,1,0.04776108721590533
WLDUSDT,2026-07-19 17:00:00+00:00,2026-07-19 18:00:00+00:00,2026-07-20 18:00:00+00:00,C,0.8552571716372306,WINNER_EVENT,CONFIRMATION_2026,1,0.04060608408058641
BONKUSDT,2026-07-20 01:00:00+00:00,2026-07-20 02:00:00+00:00,2026-07-21 02:00:00+00:00,B,0.8821919072233481,WINNER_EVENT,CONFIRMATION_2026,1,0.152899743026498
BONKUSDT,2026-07-21 22:00:00+00:00,2026-07-21 23:00:00+00:00,2026-07-22 23:00:00+00:00,C,0.8433124736478906,WINNER_EVENT,CONFIRMATION_2026,1,-0.009642201876084888
ONEUSDT,2026-07-23 01:00:00+00:00,2026-07-23 02:00:00+00:00,2026-07-24 02:00:00+00:00,A,0.9140624047674746,WINNER_EVENT,CONFIRMATION_2026,1,-0.026362798090215467
BONKUSDT,2026-07-23 03:00:00+00:00,2026-07-23 04:00:00+00:00,2026-07-24 04:00:00+00:00,C,0.8460085927803828,WINNER_EVENT,CONFIRMATION_2026,1,0.017632173957459862
GLMRUSDT,2026-07-24 04:00:00+00:00,2026-07-24 05:00:00+00:00,2026-07-25 05:00:00+00:00,A,0.9272738889899934,WINNER_EVENT,CONFIRMATION_2026,1,0.04238243197959379
JTOUSDT,2026-07-24 15:00:00+00:00,2026-07-24 16:00:00+00:00,2026-07-25 16:00:00+00:00,A,0.9333685156359541,WINNER_EVENT,CONFIRMATION_2026,1,0.012231103363799622
JTOUSDT,2026-07-26 05:00:00+00:00,2026-07-26 06:00:00+00:00,2026-07-27 06:00:00+00:00,A,0.9452008930353377,WINNER_EVENT,CONFIRMATION_2026,1,0.05560112884670154
SYNUSDT,2026-07-26 13:00:00+00:00,2026-07-26 14:00:00+00:00,2026-07-27 14:00:00+00:00,A,0.9084118291205379,WINNER_EVENT,CONFIRMATION_2026,1,-0.04064481308175505
ACEUSDT,2026-07-27 06:00:00+00:00,2026-07-27 07:00:00+00:00,2026-07-28 07:00:00+00:00,B,0.916258666448665,WINNER_EVENT,CONFIRMATION_2026,1,0.0007762645970654791
API3USDT,2026-07-28 14:00:00+00:00,2026-07-28 15:00:00+00:00,2026-07-29 15:00:00+00:00,A,0.9545959679620866,SAME_COIN_RANDOM,CONFIRMATION_2026,0,-0.06430324131302256
PEOPLEUSDT,2026-07-29 00:00:00+00:00,2026-07-29 01:00:00+00:00,2026-07-30 01:00:00+00:00,C,0.8394462815344494,WINNER_EVENT,CONFIRMATION_2026,1,0.021210977177607004
ACEUSDT,2026-07-30 19:00:00+00:00,2026-07-30 20:00:00+00:00,2026-07-31 20:00:00+00:00,A,0.9453967203643188,WINNER_EVENT,CONFIRMATION_2026,1,0.03782672603695181
APEUSDT,2026-07-31 03:00:00+00:00,2026-07-31 04:00:00+00:00,2026-08-01 04:00:00+00:00,A,0.9318243036671852,WINNER_EVENT,CONFIRMATION_2026,1,0.041970482855017366
WLDUSDT,2026-07-31 19:00:00+00:00,2026-07-31 20:00:00+00:00,2026-08-01 20:00:00+00:00,B,0.8945693868135621,WINNER_EVENT,CONFIRMATION_2026,1,0.0006601779030566135
SYNUSDT,2026-08-01 23:00:00+00:00,2026-08-02 00:00:00+00:00,2026-08-03 00:00:00+00:00,B,0.8857162572098476,WINNER_EVENT,CONFIRMATION_2026,1,0.012893012600330378
PEOPLEUSDT,2026-08-03 02:00:00+00:00,2026-08-03 03:00:00+00:00,2026-08-04 03:00:00+00:00,B,0.911314139564867,WINNER_EVENT,CONFIRMATION_2026,1,0.010065689010059886
UNIUSDT,2026-08-04 03:00:00+00:00,2026-08-04 04:00:00+00:00,2026-08-05 04:00:00+00:00,A,0.9375587354462103,WINNER_EVENT,CONFIRMATION_2026,1,0.02125172749941462
ADAUSDT,2026-08-06 03:00:00+00:00,2026-08-06 04:00:00+00:00,2026-08-07 04:00:00+00:00,B,0.8831528875126742,WINNER_EVENT,CONFIRMATION_2026,1,0.06368483817159176
SYNUSDT,2026-08-09 01:00:00+00:00,2026-08-09 02:00:00+00:00,2026-08-10 02:00:00+00:00,B,0.8905266953915201,WINNER_EVENT,CONFIRMATION_2026,1,0.020275979814806444
COTIUSDT,2026-08-10 04:00:00+00:00,2026-08-10 05:00:00+00:00,2026-08-11 05:00:00+00:00,A,0.9084717425664147,WINNER_EVENT,CONFIRMATION_2026,1,-0.00033446121923219607
SYNUSDT,2026-08-11 01:00:00+00:00,2026-08-11 02:00:00+00:00,2026-08-12 02:00:00+00:00,A,0.9284404910982895,WINNER_EVENT,CONFIRMATION_2026,1,0.032540497972780136
MOVRUSDT,2026-08-12 03:00:00+00:00,2026-08-12 04:00:00+00:00,2026-08-13 04:00:00+00:00,A,0.949714452003352,WINNER_EVENT,CONFIRMATION_2026,1,-0.08392484416479173
SYNUSDT,2026-08-12 10:00:00+00:00,2026-08-12 11:00:00+00:00,2026-08-13 11:00:00+00:00,A,0.9263223990570398,WINNER_EVENT,CONFIRMATION_2026,1,0.00947195939070844
GLMRUSDT,2026-08-12 22:00:00+00:00,2026-08-12 23:00:00+00:00,2026-08-13 23:00:00+00:00,A,0.9189768181394848,WINNER_EVENT,CONFIRMATION_2026,1,0.025408403111895073
MOVRUSDT,2026-08-13 05:00:00+00:00,2026-08-13 06:00:00+00:00,2026-08-14 06:00:00+00:00,A,0.9644801129519112,WINNER_EVENT,CONFIRMATION_2026,1,-0.03180342406269632
GALAUSDT,2026-08-19 09:00:00+00:00,2026-08-19 10:00:00+00:00,2026-08-20 10:00:00+00:00,A,0.9067069132054583,WINNER_EVENT,CONFIRMATION_2026,1,0.08183996757744572
ALPINEUSDT,2026-08-19 14:00:00+00:00,2026-08-19 15:00:00+00:00,2026-08-20 15:00:00+00:00,A,0.9059794713117807,WINNER_EVENT,CONFIRMATION_2026,1,5.343816465797069e-05
SYNUSDT,2026-08-21 03:00:00+00:00,2026-08-21 04:00:00+00:00,2026-08-22 04:00:00+00:00,A,0.9020743834364906,WINNER_EVENT,CONFIRMATION_2026,1,0.11272033050429942
MEMEUSDT,2026-08-22 21:00:00+00:00,2026-08-22 22:00:00+00:00,2026-08-23 22:00:00+00:00,C,0.8452116746307238,SAME_TIME_CONTROL,CONFIRMATION_2026,0,0.048415407929021326
JTOUSDT,2026-08-22 21:00:00+00:00,2026-08-22 22:00:00+00:00,2026-08-23 22:00:00+00:00,C,0.8526235697842303,WINNER_EVENT,CONFIRMATION_2026,1,0.03059606059568387
AAVEUSDT,2026-08-24 22:00:00+00:00,2026-08-24 23:00:00+00:00,2026-08-25 23:00:00+00:00,B,0.9052948867396441,WINNER_EVENT,CONFIRMATION_2026,1,-0.03300236269864043
RAYUSDT,2026-08-26 09:00:00+00:00,2026-08-26 10:00:00+00:00,2026-08-27 10:00:00+00:00,B,0.9199108249491296,SAME_TIME_CONTROL,CONFIRMATION_2026,0,0.0664566868742511
DOTUSDT,2026-08-26 09:00:00+00:00,2026-08-26 10:00:00+00:00,2026-08-27 10:00:00+00:00,C,0.8402893727581117,WINNER_EVENT,CONFIRMATION_2026,1,0.04312925785819255
OPUSDT,2026-08-27 02:00:00+00:00,2026-08-27 03:00:00+00:00,2026-08-28 03:00:00+00:00,B,0.9286578759252829,WINNER_EVENT,CONFIRMATION_2026,1,-0.03505685310477924
STXUSDT,2026-08-27 04:00:00+00:00,2026-08-27 05:00:00+00:00,2026-08-28 05:00:00+00:00,C,0.8431247957011296,WINNER_EVENT,CONFIRMATION_2026,1,0.01848324415301783
RUNEUSDT,2026-08-27 23:00:00+00:00,2026-08-28 00:00:00+00:00,2026-08-29 00:00:00+00:00,B,0.8812234746508041,WINNER_EVENT,CONFIRMATION_2026,1,-0.06198985404648838
FETUSDT,2026-08-29 03:00:00+00:00,2026-08-29 04:00:00+00:00,2026-08-30 04:00:00+00:00,B,0.8835278882032258,WINNER_EVENT,CONFIRMATION_2026,1,0.017944291054687422
CRVUSDT,2026-08-30 01:00:00+00:00,2026-08-30 02:00:00+00:00,2026-08-31 02:00:00+00:00,A,0.9386321562447764,WINNER_EVENT,CONFIRMATION_2026,1,-0.0009840637620223136
API3USDT,2026-08-31 09:00:00+00:00,2026-08-31 10:00:00+00:00,2026-09-01 10:00:00+00:00,C,0.8930765603763039,WINNER_EVENT,CONFIRMATION_2026,1,
CVXUSDT,2026-08-31 18:00:00+00:00,2026-08-31 19:00:00+00:00,2026-09-01 19:00:00+00:00,B,0.8947373064099741,WINNER_EVENT,CONFIRMATION_2026,1,
