signal_id,symbol,original_stage,checkpoint_h,split,year,variant,pnl_usdt,exit_reason,duration_hours
EB1:ADAUSDT:2023-12-21T22:00:00+00:00,ADAUSDT,PRE_BREAKOUT,0,VALIDATION_2023_2024,2023,FULL_TRAIL_7,-21.718360499999942,INITIAL_STOP,71.0
EB1:ADAUSDT:2023-12-21T22:00:00+00:00,ADAUSDT,PRE_BREAKOUT,0,VALIDATION_2023_2024,2023,HALF20_RUNNER_7,-21.718360499999942,INITIAL_STOP,71.0
EB1:ADAUSDT:2023-12-21T22:00:00+00:00,ADAUSDT,PRE_BREAKOUT,0,VALIDATION_2023_2024,2023,LADDER10_20_RUNNER_7,-21.718360499999942,INITIAL_STOP,71.0
EB1:ADAUSDT:2023-12-21T22:00:00+00:00,ADAUSDT,PRE_BREAKOUT,0,VALIDATION_2023_2024,2023,FIXED10_5,-15.727357499999984,STOP,28.0
EB1:ADAUSDT:2023-12-21T22:00:00+00:00,ADAUSDT,PRE_BREAKOUT,0,VALIDATION_2023_2024,2023,FIXED20_7,-21.718360499999942,STOP,71.0
EB1:DOGEUSDT:2023-12-05T19:00:00+00:00,DOGEUSDT,BREAKOUT_ATTEMPT,0,VALIDATION_2023_2024,2023,FULL_TRAIL_7,-0.7498499999999773,RUNNER_STOP,27.0
EB1:DOGEUSDT:2023-12-05T19:00:00+00:00,DOGEUSDT,BREAKOUT_ATTEMPT,0,VALIDATION_2023_2024,2023,HALF20_RUNNER_7,-21.7183605,INITIAL_STOP,302.0
EB1:DOGEUSDT:2023-12-05T19:00:00+00:00,DOGEUSDT,BREAKOUT_ATTEMPT,0,VALIDATION_2023_2024,2023,LADDER10_20_RUNNER_7,6.738903750000026,RUNNER_STOP,27.0
EB1:DOGEUSDT:2023-12-05T19:00:00+00:00,DOGEUSDT,BREAKOUT_ATTEMPT,0,VALIDATION_2023_2024,2023,FIXED10_5,29.205165000000036,TARGET10,10.0
EB1:DOGEUSDT:2023-12-05T19:00:00+00:00,DOGEUSDT,BREAKOUT_ATTEMPT,0,VALIDATION_2023_2024,2023,FIXED20_7,-21.7183605,STOP,302.0
EB1:DOGEUSDT:2024-10-27T23:00:00+00:00,DOGEUSDT,PRE_BREAKOUT,0,VALIDATION_2023_2024,2024,FULL_TRAIL_7,-0.7498499999999204,RUNNER_STOP,158.0
EB1:DOGEUSDT:2024-10-27T23:00:00+00:00,DOGEUSDT,PRE_BREAKOUT,0,VALIDATION_2023_2024,2024,HALF20_RUNNER_7,29.205165000000065,RUNNER_STOP,158.0
EB1:DOGEUSDT:2024-10-27T23:00:00+00:00,DOGEUSDT,PRE_BREAKOUT,0,VALIDATION_2023_2024,2024,LADDER10_20_RUNNER_7,21.716411250000075,RUNNER_STOP,158.0
EB1:DOGEUSDT:2024-10-27T23:00:00+00:00,DOGEUSDT,PRE_BREAKOUT,0,VALIDATION_2023_2024,2024,FIXED10_5,29.205165000000093,TARGET10,19.0
EB1:DOGEUSDT:2024-10-27T23:00:00+00:00,DOGEUSDT,PRE_BREAKOUT,0,VALIDATION_2023_2024,2024,FIXED20_7,59.160180000000054,TARGET20,40.0
EB1:SOLUSDT:2023-04-16T20:00:00+00:00,SOLUSDT,BREAKOUT_ATTEMPT,0,VALIDATION_2023_2024,2023,FULL_TRAIL_7,-21.718360499999942,INITIAL_STOP,59.0
EB1:SOLUSDT:2023-04-16T20:00:00+00:00,SOLUSDT,BREAKOUT_ATTEMPT,0,VALIDATION_2023_2024,2023,HALF20_RUNNER_7,-21.718360499999942,INITIAL_STOP,59.0
EB1:SOLUSDT:2023-04-16T20:00:00+00:00,SOLUSDT,BREAKOUT_ATTEMPT,0,VALIDATION_2023_2024,2023,LADDER10_20_RUNNER_7,-21.718360499999942,INITIAL_STOP,59.0
EB1:SOLUSDT:2023-04-16T20:00:00+00:00,SOLUSDT,BREAKOUT_ATTEMPT,0,VALIDATION_2023_2024,2023,FIXED10_5,-15.727357499999984,STOP,28.0
EB1:SOLUSDT:2023-04-16T20:00:00+00:00,SOLUSDT,BREAKOUT_ATTEMPT,0,VALIDATION_2023_2024,2023,FIXED20_7,-21.718360499999942,STOP,59.0
EB1:SOLUSDT:2023-07-11T15:00:00+00:00,SOLUSDT,PRE_BREAKOUT,0,VALIDATION_2023_2024,2023,FULL_TRAIL_7,53.228399869455565,RUNNER_STOP,74.0
EB1:SOLUSDT:2023-07-11T15:00:00+00:00,SOLUSDT,PRE_BREAKOUT,0,VALIDATION_2023_2024,2023,HALF20_RUNNER_7,56.19428993472778,RUNNER_STOP,74.0
EB1:SOLUSDT:2023-07-11T15:00:00+00:00,SOLUSDT,PRE_BREAKOUT,0,VALIDATION_2023_2024,2023,LADDER10_20_RUNNER_7,48.70553618472779,RUNNER_STOP,74.0
EB1:SOLUSDT:2023-07-11T15:00:00+00:00,SOLUSDT,PRE_BREAKOUT,0,VALIDATION_2023_2024,2023,FIXED10_5,29.205165000000036,TARGET10,47.0
EB1:SOLUSDT:2023-07-11T15:00:00+00:00,SOLUSDT,PRE_BREAKOUT,0,VALIDATION_2023_2024,2023,FIXED20_7,59.16018,TARGET20,50.0
EB1:SOLUSDT:2023-12-07T12:00:00+00:00,SOLUSDT,PRE_BREAKOUT,0,VALIDATION_2023_2024,2023,FULL_TRAIL_7,-0.7498499999999773,RUNNER_STOP,85.0
EB1:SOLUSDT:2023-12-07T12:00:00+00:00,SOLUSDT,PRE_BREAKOUT,0,VALIDATION_2023_2024,2023,HALF20_RUNNER_7,29.205165000000008,RUNNER_STOP,85.0
EB1:SOLUSDT:2023-12-07T12:00:00+00:00,SOLUSDT,PRE_BREAKOUT,0,VALIDATION_2023_2024,2023,LADDER10_20_RUNNER_7,21.716411250000018,RUNNER_STOP,85.0
EB1:SOLUSDT:2023-12-07T12:00:00+00:00,SOLUSDT,PRE_BREAKOUT,0,VALIDATION_2023_2024,2023,FIXED10_5,29.205165000000036,TARGET10,14.0
EB1:SOLUSDT:2023-12-07T12:00:00+00:00,SOLUSDT,PRE_BREAKOUT,0,VALIDATION_2023_2024,2023,FIXED20_7,59.16018,TARGET20,42.0
EB1:SOLUSDT:2023-12-20T13:00:00+00:00,SOLUSDT,BREAKOUT_ATTEMPT,0,VALIDATION_2023_2024,2023,FULL_TRAIL_7,-0.7498499999999773,RUNNER_STOP,6.0
EB1:SOLUSDT:2023-12-20T13:00:00+00:00,SOLUSDT,BREAKOUT_ATTEMPT,0,VALIDATION_2023_2024,2023,HALF20_RUNNER_7,64.75877576099721,RUNNER_STOP,192.0
EB1:SOLUSDT:2023-12-20T13:00:00+00:00,SOLUSDT,BREAKOUT_ATTEMPT,0,VALIDATION_2023_2024,2023,LADDER10_20_RUNNER_7,57.2700220109972,RUNNER_STOP,192.0
EB1:SOLUSDT:2023-12-20T13:00:00+00:00,SOLUSDT,BREAKOUT_ATTEMPT,0,VALIDATION_2023_2024,2023,FIXED10_5,29.20516499999998,TARGET10,18.0
EB1:SOLUSDT:2023-12-20T13:00:00+00:00,SOLUSDT,BREAKOUT_ATTEMPT,0,VALIDATION_2023_2024,2023,FIXED20_7,59.16018,TARGET20,27.0
EB1:SOLUSDT:2024-01-02T06:00:00+00:00,SOLUSDT,PRE_BREAKOUT,0,VALIDATION_2023_2024,2024,FULL_TRAIL_7,-21.7183605,INITIAL_STOP,28.0
EB1:SOLUSDT:2024-01-02T06:00:00+00:00,SOLUSDT,PRE_BREAKOUT,0,VALIDATION_2023_2024,2024,HALF20_RUNNER_7,-21.7183605,INITIAL_STOP,28.0
EB1:SOLUSDT:2024-01-02T06:00:00+00:00,SOLUSDT,PRE_BREAKOUT,0,VALIDATION_2023_2024,2024,LADDER10_20_RUNNER_7,-21.7183605,INITIAL_STOP,28.0
EB1:SOLUSDT:2024-01-02T06:00:00+00:00,SOLUSDT,PRE_BREAKOUT,0,VALIDATION_2023_2024,2024,FIXED10_5,-15.727357500000041,STOP,10.0
EB1:SOLUSDT:2024-01-02T06:00:00+00:00,SOLUSDT,PRE_BREAKOUT,0,VALIDATION_2023_2024,2024,FIXED20_7,-21.7183605,STOP,28.0
EB1:SOLUSDT:2024-03-12T18:00:00+00:00,SOLUSDT,PRE_BREAKOUT,0,VALIDATION_2023_2024,2024,FULL_TRAIL_7,47.957102677378515,RUNNER_STOP,158.0
EB1:SOLUSDT:2024-03-12T18:00:00+00:00,SOLUSDT,PRE_BREAKOUT,0,VALIDATION_2023_2024,2024,HALF20_RUNNER_7,53.558641338689256,RUNNER_STOP,158.0
EB1:SOLUSDT:2024-03-12T18:00:00+00:00,SOLUSDT,PRE_BREAKOUT,0,VALIDATION_2023_2024,2024,LADDER10_20_RUNNER_7,46.06988758868926,RUNNER_STOP,158.0
EB1:SOLUSDT:2024-03-12T18:00:00+00:00,SOLUSDT,PRE_BREAKOUT,0,VALIDATION_2023_2024,2024,FIXED10_5,29.205165000000036,TARGET10,26.0
EB1:SOLUSDT:2024-03-12T18:00:00+00:00,SOLUSDT,PRE_BREAKOUT,0,VALIDATION_2023_2024,2024,FIXED20_7,59.16018,TARGET20,53.0
EB1:SOLUSDT:2024-11-11T10:00:00+00:00,SOLUSDT,BREAKOUT_ATTEMPT,0,VALIDATION_2023_2024,2024,FULL_TRAIL_7,-21.718360499999942,INITIAL_STOP,41.0
EB1:SOLUSDT:2024-11-11T10:00:00+00:00,SOLUSDT,BREAKOUT_ATTEMPT,0,VALIDATION_2023_2024,2024,HALF20_RUNNER_7,-21.718360499999942,INITIAL_STOP,41.0
EB1:SOLUSDT:2024-11-11T10:00:00+00:00,SOLUSDT,BREAKOUT_ATTEMPT,0,VALIDATION_2023_2024,2024,LADDER10_20_RUNNER_7,-21.718360499999942,INITIAL_STOP,41.0
EB1:SOLUSDT:2024-11-11T10:00:00+00:00,SOLUSDT,BREAKOUT_ATTEMPT,0,VALIDATION_2023_2024,2024,FIXED10_5,-15.727357499999984,STOP,26.0
EB1:SOLUSDT:2024-11-11T10:00:00+00:00,SOLUSDT,BREAKOUT_ATTEMPT,0,VALIDATION_2023_2024,2024,FIXED20_7,-21.718360499999942,STOP,41.0
EB1:LINKUSDT:2023-01-22T16:00:00+00:00,LINKUSDT,PRE_BREAKOUT,0,VALIDATION_2023_2024,2023,FULL_TRAIL_7,-21.7183605,INITIAL_STOP,53.0
EB1:LINKUSDT:2023-01-22T16:00:00+00:00,LINKUSDT,PRE_BREAKOUT,0,VALIDATION_2023_2024,2023,HALF20_RUNNER_7,-21.7183605,INITIAL_STOP,53.0
EB1:LINKUSDT:2023-01-22T16:00:00+00:00,LINKUSDT,PRE_BREAKOUT,0,VALIDATION_2023_2024,2023,LADDER10_20_RUNNER_7,-21.7183605,INITIAL_STOP,53.0
EB1:LINKUSDT:2023-01-22T16:00:00+00:00,LINKUSDT,PRE_BREAKOUT,0,VALIDATION_2023_2024,2023,FIXED10_5,-15.727357499999984,STOP,52.0
EB1:LINKUSDT:2023-01-22T16:00:00+00:00,LINKUSDT,PRE_BREAKOUT,0,VALIDATION_2023_2024,2023,FIXED20_7,-21.7183605,STOP,53.0
EB1:LINKUSDT:2023-01-26T20:00:00+00:00,LINKUSDT,BREAKOUT_ATTEMPT,0,VALIDATION_2023_2024,2023,FULL_TRAIL_7,-21.718360499999942,INITIAL_STOP,138.0
EB1:LINKUSDT:2023-01-26T20:00:00+00:00,LINKUSDT,BREAKOUT_ATTEMPT,0,VALIDATION_2023_2024,2023,HALF20_RUNNER_7,-21.718360499999942,INITIAL_STOP,138.0
EB1:LINKUSDT:2023-01-26T20:00:00+00:00,LINKUSDT,BREAKOUT_ATTEMPT,0,VALIDATION_2023_2024,2023,LADDER10_20_RUNNER_7,-21.718360499999942,INITIAL_STOP,138.0
EB1:LINKUSDT:2023-01-26T20:00:00+00:00,LINKUSDT,BREAKOUT_ATTEMPT,0,VALIDATION_2023_2024,2023,FIXED10_5,-15.727357499999984,STOP,94.0
EB1:LINKUSDT:2023-01-26T20:00:00+00:00,LINKUSDT,BREAKOUT_ATTEMPT,0,VALIDATION_2023_2024,2023,FIXED20_7,-21.718360499999942,STOP,138.0
EB1:LINKUSDT:2023-09-30T11:00:00+00:00,LINKUSDT,BREAKOUT_ATTEMPT,0,VALIDATION_2023_2024,2023,FULL_TRAIL_7,-21.718360499999942,INITIAL_STOP,51.0
EB1:LINKUSDT:2023-09-30T11:00:00+00:00,LINKUSDT,BREAKOUT_ATTEMPT,0,VALIDATION_2023_2024,2023,HALF20_RUNNER_7,-21.718360499999942,INITIAL_STOP,51.0
EB1:LINKUSDT:2023-09-30T11:00:00+00:00,LINKUSDT,BREAKOUT_ATTEMPT,0,VALIDATION_2023_2024,2023,LADDER10_20_RUNNER_7,-21.718360499999942,INITIAL_STOP,51.0
EB1:LINKUSDT:2023-09-30T11:00:00+00:00,LINKUSDT,BREAKOUT_ATTEMPT,0,VALIDATION_2023_2024,2023,FIXED10_5,-15.727357499999984,STOP,29.0
EB1:LINKUSDT:2023-09-30T11:00:00+00:00,LINKUSDT,BREAKOUT_ATTEMPT,0,VALIDATION_2023_2024,2023,FIXED20_7,-21.718360499999942,STOP,51.0
EB1:LINKUSDT:2023-11-05T02:00:00+00:00,LINKUSDT,BREAKOUT_ATTEMPT,0,VALIDATION_2023_2024,2023,FULL_TRAIL_7,38.29563477863113,RUNNER_STOP,109.0
EB1:LINKUSDT:2023-11-05T02:00:00+00:00,LINKUSDT,BREAKOUT_ATTEMPT,0,VALIDATION_2023_2024,2023,HALF20_RUNNER_7,48.72790738931559,RUNNER_STOP,109.0
EB1:LINKUSDT:2023-11-05T02:00:00+00:00,LINKUSDT,BREAKOUT_ATTEMPT,0,VALIDATION_2023_2024,2023,LADDER10_20_RUNNER_7,41.23915363931559,RUNNER_STOP,109.0
EB1:LINKUSDT:2023-11-05T02:00:00+00:00,LINKUSDT,BREAKOUT_ATTEMPT,0,VALIDATION_2023_2024,2023,FIXED10_5,29.205165000000036,TARGET10,52.0
EB1:LINKUSDT:2023-11-05T02:00:00+00:00,LINKUSDT,BREAKOUT_ATTEMPT,0,VALIDATION_2023_2024,2023,FIXED20_7,59.160180000000054,TARGET20,88.0
EB1:LINKUSDT:2024-11-22T16:00:00+00:00,LINKUSDT,PRE_BREAKOUT,0,VALIDATION_2023_2024,2024,FULL_TRAIL_7,87.85082214821163,RUNNER_STOP,412.0
EB1:LINKUSDT:2024-11-22T16:00:00+00:00,LINKUSDT,PRE_BREAKOUT,0,VALIDATION_2023_2024,2024,HALF20_RUNNER_7,73.50550107410581,RUNNER_STOP,412.0
EB1:LINKUSDT:2024-11-22T16:00:00+00:00,LINKUSDT,PRE_BREAKOUT,0,VALIDATION_2023_2024,2024,LADDER10_20_RUNNER_7,66.01674732410582,RUNNER_STOP,412.0
EB1:LINKUSDT:2024-11-22T16:00:00+00:00,LINKUSDT,PRE_BREAKOUT,0,VALIDATION_2023_2024,2024,FIXED10_5,29.205165000000036,TARGET10,19.0
EB1:LINKUSDT:2024-11-22T16:00:00+00:00,LINKUSDT,PRE_BREAKOUT,0,VALIDATION_2023_2024,2024,FIXED20_7,59.16018,TARGET20,65.0
EB1:LINKUSDT:2024-11-30T16:00:00+00:00,LINKUSDT,PRE_BREAKOUT,0,VALIDATION_2023_2024,2024,FULL_TRAIL_7,-0.7498499999999204,RUNNER_STOP,35.0
EB1:LINKUSDT:2024-11-30T16:00:00+00:00,LINKUSDT,PRE_BREAKOUT,0,VALIDATION_2023_2024,2024,HALF20_RUNNER_7,56.87855365886702,RUNNER_STOP,220.0
EB1:LINKUSDT:2024-11-30T16:00:00+00:00,LINKUSDT,PRE_BREAKOUT,0,VALIDATION_2023_2024,2024,LADDER10_20_RUNNER_7,49.38979990886703,RUNNER_STOP,220.0
EB1:LINKUSDT:2024-11-30T16:00:00+00:00,LINKUSDT,PRE_BREAKOUT,0,VALIDATION_2023_2024,2024,FIXED10_5,29.205165000000093,TARGET10,40.0
EB1:LINKUSDT:2024-11-30T16:00:00+00:00,LINKUSDT,PRE_BREAKOUT,0,VALIDATION_2023_2024,2024,FIXED20_7,59.160180000000054,TARGET20,48.0
EB1:AVAXUSDT:2023-01-27T19:00:00+00:00,AVAXUSDT,BREAKOUT_ATTEMPT,0,VALIDATION_2023_2024,2023,FULL_TRAIL_7,-0.7498499999999773,RUNNER_STOP,106.0
EB1:AVAXUSDT:2023-01-27T19:00:00+00:00,AVAXUSDT,BREAKOUT_ATTEMPT,0,VALIDATION_2023_2024,2023,HALF20_RUNNER_7,-21.7183605,INITIAL_STOP,314.0
EB1:AVAXUSDT:2023-01-27T19:00:00+00:00,AVAXUSDT,BREAKOUT_ATTEMPT,0,VALIDATION_2023_2024,2023,LADDER10_20_RUNNER_7,6.738903750000069,RUNNER_STOP,106.0
EB1:AVAXUSDT:2023-01-27T19:00:00+00:00,AVAXUSDT,BREAKOUT_ATTEMPT,0,VALIDATION_2023_2024,2023,FIXED10_5,29.205165000000093,TARGET10,3.0
EB1:AVAXUSDT:2023-01-27T19:00:00+00:00,AVAXUSDT,BREAKOUT_ATTEMPT,0,VALIDATION_2023_2024,2023,FIXED20_7,-21.7183605,STOP,314.0
EB1:AVAXUSDT:2023-10-29T17:00:00+00:00,AVAXUSDT,PRE_BREAKOUT,0,VALIDATION_2023_2024,2023,FULL_TRAIL_7,570.6143939998096,RUNNER_STOP,4009.0
EB1:AVAXUSDT:2023-10-29T17:00:00+00:00,AVAXUSDT,PRE_BREAKOUT,0,VALIDATION_2023_2024,2023,HALF20_RUNNER_7,314.8872869999048,RUNNER_STOP,4009.0
EB1:AVAXUSDT:2023-10-29T17:00:00+00:00,AVAXUSDT,PRE_BREAKOUT,0,VALIDATION_2023_2024,2023,LADDER10_20_RUNNER_7,307.3985332499048,RUNNER_STOP,4009.0
EB1:AVAXUSDT:2023-10-29T17:00:00+00:00,AVAXUSDT,PRE_BREAKOUT,0,VALIDATION_2023_2024,2023,FIXED10_5,29.205165000000036,TARGET10,81.0
EB1:AVAXUSDT:2023-10-29T17:00:00+00:00,AVAXUSDT,PRE_BREAKOUT,0,VALIDATION_2023_2024,2023,FIXED20_7,59.160180000000054,TARGET20,256.0
EB1:AVAXUSDT:2024-11-22T11:00:00+00:00,AVAXUSDT,BREAKOUT_ATTEMPT,0,VALIDATION_2023_2024,2024,FULL_TRAIL_7,54.7954558052863,RUNNER_STOP,417.0
EB1:AVAXUSDT:2024-11-22T11:00:00+00:00,AVAXUSDT,BREAKOUT_ATTEMPT,0,VALIDATION_2023_2024,2024,HALF20_RUNNER_7,56.977817902643146,RUNNER_STOP,417.0
EB1:AVAXUSDT:2024-11-22T11:00:00+00:00,AVAXUSDT,BREAKOUT_ATTEMPT,0,VALIDATION_2023_2024,2024,LADDER10_20_RUNNER_7,49.48906415264315,RUNNER_STOP,417.0
EB1:AVAXUSDT:2024-11-22T11:00:00+00:00,AVAXUSDT,BREAKOUT_ATTEMPT,0,VALIDATION_2023_2024,2024,FIXED10_5,29.205165000000036,TARGET10,10.0
EB1:AVAXUSDT:2024-11-22T11:00:00+00:00,AVAXUSDT,BREAKOUT_ATTEMPT,0,VALIDATION_2023_2024,2024,FIXED20_7,59.16018,TARGET20,68.0
EB1:AVAXUSDT:2024-12-08T22:00:00+00:00,AVAXUSDT,PRE_BREAKOUT,0,VALIDATION_2023_2024,2024,FULL_TRAIL_7,-21.718360499999942,INITIAL_STOP,9.0
EB1:AVAXUSDT:2024-12-08T22:00:00+00:00,AVAXUSDT,PRE_BREAKOUT,0,VALIDATION_2023_2024,2024,HALF20_RUNNER_7,-21.718360499999942,INITIAL_STOP,9.0
EB1:AVAXUSDT:2024-12-08T22:00:00+00:00,AVAXUSDT,PRE_BREAKOUT,0,VALIDATION_2023_2024,2024,LADDER10_20_RUNNER_7,-21.718360499999942,INITIAL_STOP,9.0
EB1:AVAXUSDT:2024-12-08T22:00:00+00:00,AVAXUSDT,PRE_BREAKOUT,0,VALIDATION_2023_2024,2024,FIXED10_5,-15.727357499999984,STOP,4.0
EB1:AVAXUSDT:2024-12-08T22:00:00+00:00,AVAXUSDT,PRE_BREAKOUT,0,VALIDATION_2023_2024,2024,FIXED20_7,-21.718360499999942,STOP,9.0
EB1:LTCUSDT:2023-02-01T01:00:00+00:00,LTCUSDT,PRE_BREAKOUT,0,VALIDATION_2023_2024,2023,FULL_TRAIL_7,-0.7498499999999773,RUNNER_STOP,106.0
EB1:LTCUSDT:2023-02-01T01:00:00+00:00,LTCUSDT,PRE_BREAKOUT,0,VALIDATION_2023_2024,2023,HALF20_RUNNER_7,-21.7183605,INITIAL_STOP,210.0
EB1:LTCUSDT:2023-02-01T01:00:00+00:00,LTCUSDT,PRE_BREAKOUT,0,VALIDATION_2023_2024,2023,LADDER10_20_RUNNER_7,-21.7183605,INITIAL_STOP,210.0
EB1:LTCUSDT:2023-02-01T01:00:00+00:00,LTCUSDT,PRE_BREAKOUT,0,VALIDATION_2023_2024,2023,FIXED10_5,-15.727357500000041,STOP,209.0
EB1:LTCUSDT:2023-02-01T01:00:00+00:00,LTCUSDT,PRE_BREAKOUT,0,VALIDATION_2023_2024,2023,FIXED20_7,-21.7183605,STOP,210.0
EB1:DOTUSDT:2023-11-16T08:00:00+00:00,DOTUSDT,PRE_BREAKOUT,0,VALIDATION_2023_2024,2023,FULL_TRAIL_7,-21.7183605,INITIAL_STOP,10.0
EB1:DOTUSDT:2023-11-16T08:00:00+00:00,DOTUSDT,PRE_BREAKOUT,0,VALIDATION_2023_2024,2023,HALF20_RUNNER_7,-21.7183605,INITIAL_STOP,10.0
EB1:DOTUSDT:2023-11-16T08:00:00+00:00,DOTUSDT,PRE_BREAKOUT,0,VALIDATION_2023_2024,2023,LADDER10_20_RUNNER_7,-21.7183605,INITIAL_STOP,10.0
EB1:DOTUSDT:2023-11-16T08:00:00+00:00,DOTUSDT,PRE_BREAKOUT,0,VALIDATION_2023_2024,2023,FIXED10_5,-15.727357499999984,STOP,6.0
EB1:DOTUSDT:2023-11-16T08:00:00+00:00,DOTUSDT,PRE_BREAKOUT,0,VALIDATION_2023_2024,2023,FIXED20_7,-21.7183605,STOP,10.0
EB1:BCHUSDT:2023-09-18T10:00:00+00:00,BCHUSDT,PRE_BREAKOUT,0,VALIDATION_2023_2024,2023,FULL_TRAIL_7,-21.7183605,INITIAL_STOP,77.0
EB1:BCHUSDT:2023-09-18T10:00:00+00:00,BCHUSDT,PRE_BREAKOUT,0,VALIDATION_2023_2024,2023,HALF20_RUNNER_7,-21.7183605,INITIAL_STOP,77.0
EB1:BCHUSDT:2023-09-18T10:00:00+00:00,BCHUSDT,PRE_BREAKOUT,0,VALIDATION_2023_2024,2023,LADDER10_20_RUNNER_7,-21.7183605,INITIAL_STOP,77.0
EB1:BCHUSDT:2023-09-18T10:00:00+00:00,BCHUSDT,PRE_BREAKOUT,0,VALIDATION_2023_2024,2023,FIXED10_5,-15.727357499999984,STOP,70.0
EB1:BCHUSDT:2023-09-18T10:00:00+00:00,BCHUSDT,PRE_BREAKOUT,0,VALIDATION_2023_2024,2023,FIXED20_7,-21.7183605,STOP,77.0
EB1:BCHUSDT:2024-03-13T04:00:00+00:00,BCHUSDT,PRE_BREAKOUT,0,VALIDATION_2023_2024,2024,FULL_TRAIL_7,-21.718360499999942,INITIAL_STOP,38.0
EB1:BCHUSDT:2024-03-13T04:00:00+00:00,BCHUSDT,PRE_BREAKOUT,0,VALIDATION_2023_2024,2024,HALF20_RUNNER_7,-21.718360499999942,INITIAL_STOP,38.0
EB1:BCHUSDT:2024-03-13T04:00:00+00:00,BCHUSDT,PRE_BREAKOUT,0,VALIDATION_2023_2024,2024,LADDER10_20_RUNNER_7,-21.718360499999942,INITIAL_STOP,38.0
EB1:BCHUSDT:2024-03-13T04:00:00+00:00,BCHUSDT,PRE_BREAKOUT,0,VALIDATION_2023_2024,2024,FIXED10_5,-15.727357499999984,STOP,8.0
EB1:BCHUSDT:2024-03-13T04:00:00+00:00,BCHUSDT,PRE_BREAKOUT,0,VALIDATION_2023_2024,2024,FIXED20_7,-21.718360499999942,STOP,38.0
EB1:ATOMUSDT:2023-01-20T20:00:00+00:00,ATOMUSDT,PRE_BREAKOUT,0,VALIDATION_2023_2024,2023,FULL_TRAIL_7,-21.718360499999942,INITIAL_STOP,99.0
EB1:ATOMUSDT:2023-01-20T20:00:00+00:00,ATOMUSDT,PRE_BREAKOUT,0,VALIDATION_2023_2024,2023,HALF20_RUNNER_7,-21.718360499999942,INITIAL_STOP,99.0
EB1:ATOMUSDT:2023-01-20T20:00:00+00:00,ATOMUSDT,PRE_BREAKOUT,0,VALIDATION_2023_2024,2023,LADDER10_20_RUNNER_7,-21.718360499999942,INITIAL_STOP,99.0
EB1:ATOMUSDT:2023-01-20T20:00:00+00:00,ATOMUSDT,PRE_BREAKOUT,0,VALIDATION_2023_2024,2023,FIXED10_5,-15.727357499999984,STOP,97.0
EB1:ATOMUSDT:2023-01-20T20:00:00+00:00,ATOMUSDT,PRE_BREAKOUT,0,VALIDATION_2023_2024,2023,FIXED20_7,-21.718360499999942,STOP,99.0
EB1:ATOMUSDT:2023-01-26T14:00:00+00:00,ATOMUSDT,PRE_BREAKOUT,0,VALIDATION_2023_2024,2023,FULL_TRAIL_7,-0.7498500000000341,RUNNER_STOP,343.0
EB1:ATOMUSDT:2023-01-26T14:00:00+00:00,ATOMUSDT,PRE_BREAKOUT,0,VALIDATION_2023_2024,2023,HALF20_RUNNER_7,-21.7183605,INITIAL_STOP,786.0
EB1:ATOMUSDT:2023-01-26T14:00:00+00:00,ATOMUSDT,PRE_BREAKOUT,0,VALIDATION_2023_2024,2023,LADDER10_20_RUNNER_7,6.738903749999969,RUNNER_STOP,343.0
EB1:ATOMUSDT:2023-01-26T14:00:00+00:00,ATOMUSDT,PRE_BREAKOUT,0,VALIDATION_2023_2024,2023,FIXED10_5,-15.727357499999984,STOP,10.0
EB1:ATOMUSDT:2023-01-26T14:00:00+00:00,ATOMUSDT,PRE_BREAKOUT,0,VALIDATION_2023_2024,2023,FIXED20_7,-21.7183605,STOP,786.0
EB1:ATOMUSDT:2023-01-29T15:00:00+00:00,ATOMUSDT,PRE_BREAKOUT,0,VALIDATION_2023_2024,2023,FULL_TRAIL_7,-0.7498499999999773,RUNNER_STOP,267.0
EB1:ATOMUSDT:2023-01-29T15:00:00+00:00,ATOMUSDT,PRE_BREAKOUT,0,VALIDATION_2023_2024,2023,HALF20_RUNNER_7,-21.718360499999942,INITIAL_STOP,360.0
EB1:ATOMUSDT:2023-01-29T15:00:00+00:00,ATOMUSDT,PRE_BREAKOUT,0,VALIDATION_2023_2024,2023,LADDER10_20_RUNNER_7,6.738903750000026,RUNNER_STOP,267.0
EB1:ATOMUSDT:2023-01-29T15:00:00+00:00,ATOMUSDT,PRE_BREAKOUT,0,VALIDATION_2023_2024,2023,FIXED10_5,-15.727357499999984,STOP,27.0
EB1:ATOMUSDT:2023-01-29T15:00:00+00:00,ATOMUSDT,PRE_BREAKOUT,0,VALIDATION_2023_2024,2023,FIXED20_7,-21.718360499999942,STOP,360.0
EB1:ATOMUSDT:2023-02-01T17:00:00+00:00,ATOMUSDT,PRE_BREAKOUT,0,VALIDATION_2023_2024,2023,FULL_TRAIL_7,-0.7498499999999773,RUNNER_STOP,27.0
EB1:ATOMUSDT:2023-02-01T17:00:00+00:00,ATOMUSDT,PRE_BREAKOUT,0,VALIDATION_2023_2024,2023,HALF20_RUNNER_7,-21.718360499999942,INITIAL_STOP,196.0
EB1:ATOMUSDT:2023-02-01T17:00:00+00:00,ATOMUSDT,PRE_BREAKOUT,0,VALIDATION_2023_2024,2023,LADDER10_20_RUNNER_7,-21.718360499999942,INITIAL_STOP,196.0
EB1:ATOMUSDT:2023-02-01T17:00:00+00:00,ATOMUSDT,PRE_BREAKOUT,0,VALIDATION_2023_2024,2023,FIXED10_5,-15.727357499999927,STOP,196.0
EB1:ATOMUSDT:2023-02-01T17:00:00+00:00,ATOMUSDT,PRE_BREAKOUT,0,VALIDATION_2023_2024,2023,FIXED20_7,-21.718360499999942,STOP,196.0
EB1:ATOMUSDT:2023-11-05T08:00:00+00:00,ATOMUSDT,PRE_BREAKOUT,0,VALIDATION_2023_2024,2023,FULL_TRAIL_7,-0.7498499999999204,RUNNER_STOP,103.0
EB1:ATOMUSDT:2023-11-05T08:00:00+00:00,ATOMUSDT,PRE_BREAKOUT,0,VALIDATION_2023_2024,2023,HALF20_RUNNER_7,29.205165000000065,RUNNER_STOP,393.0
EB1:ATOMUSDT:2023-11-05T08:00:00+00:00,ATOMUSDT,PRE_BREAKOUT,0,VALIDATION_2023_2024,2023,LADDER10_20_RUNNER_7,21.71641125000006,RUNNER_STOP,393.0
EB1:ATOMUSDT:2023-11-05T08:00:00+00:00,ATOMUSDT,PRE_BREAKOUT,0,VALIDATION_2023_2024,2023,FIXED10_5,29.205165000000036,TARGET10,111.0
EB1:ATOMUSDT:2023-11-05T08:00:00+00:00,ATOMUSDT,PRE_BREAKOUT,0,VALIDATION_2023_2024,2023,FIXED20_7,59.160180000000054,TARGET20,192.0
EB1:FETUSDT:2023-12-01T20:00:00+00:00,FETUSDT,PRE_BREAKOUT,0,VALIDATION_2023_2024,2023,FULL_TRAIL_7,-0.7498499999999773,RUNNER_STOP,50.0
EB1:FETUSDT:2023-12-01T20:00:00+00:00,FETUSDT,PRE_BREAKOUT,0,VALIDATION_2023_2024,2023,HALF20_RUNNER_7,-21.718360499999942,INITIAL_STOP,62.0
EB1:FETUSDT:2023-12-01T20:00:00+00:00,FETUSDT,PRE_BREAKOUT,0,VALIDATION_2023_2024,2023,LADDER10_20_RUNNER_7,-21.718360499999942,INITIAL_STOP,62.0
EB1:FETUSDT:2023-12-01T20:00:00+00:00,FETUSDT,PRE_BREAKOUT,0,VALIDATION_2023_2024,2023,FIXED10_5,-15.727357499999984,STOP,62.0
EB1:FETUSDT:2023-12-01T20:00:00+00:00,FETUSDT,PRE_BREAKOUT,0,VALIDATION_2023_2024,2023,FIXED20_7,-21.718360499999942,STOP,62.0
EB1:FETUSDT:2024-09-18T23:00:00+00:00,FETUSDT,BREAKOUT_ATTEMPT,0,VALIDATION_2023_2024,2024,FULL_TRAIL_7,-0.7498499999999773,RUNNER_STOP,305.0
EB1:FETUSDT:2024-09-18T23:00:00+00:00,FETUSDT,BREAKOUT_ATTEMPT,0,VALIDATION_2023_2024,2024,HALF20_RUNNER_7,-21.7183605,INITIAL_STOP,345.0
EB1:FETUSDT:2024-09-18T23:00:00+00:00,FETUSDT,BREAKOUT_ATTEMPT,0,VALIDATION_2023_2024,2024,LADDER10_20_RUNNER_7,6.738903750000026,RUNNER_STOP,305.0
EB1:FETUSDT:2024-09-18T23:00:00+00:00,FETUSDT,BREAKOUT_ATTEMPT,0,VALIDATION_2023_2024,2024,FIXED10_5,29.205165000000036,TARGET10,31.0
EB1:FETUSDT:2024-09-18T23:00:00+00:00,FETUSDT,BREAKOUT_ATTEMPT,0,VALIDATION_2023_2024,2024,FIXED20_7,-21.7183605,STOP,345.0
EB1:FETUSDT:2024-09-24T12:00:00+00:00,FETUSDT,PRE_BREAKOUT,0,VALIDATION_2023_2024,2024,FULL_TRAIL_7,-21.7183605,INITIAL_STOP,92.0
EB1:FETUSDT:2024-09-24T12:00:00+00:00,FETUSDT,PRE_BREAKOUT,0,VALIDATION_2023_2024,2024,HALF20_RUNNER_7,-21.7183605,INITIAL_STOP,92.0
EB1:FETUSDT:2024-09-24T12:00:00+00:00,FETUSDT,PRE_BREAKOUT,0,VALIDATION_2023_2024,2024,LADDER10_20_RUNNER_7,-21.7183605,INITIAL_STOP,92.0
EB1:FETUSDT:2024-09-24T12:00:00+00:00,FETUSDT,PRE_BREAKOUT,0,VALIDATION_2023_2024,2024,FIXED10_5,-15.727357500000041,STOP,35.0
EB1:FETUSDT:2024-09-24T12:00:00+00:00,FETUSDT,PRE_BREAKOUT,0,VALIDATION_2023_2024,2024,FIXED20_7,-21.7183605,STOP,92.0
EB1:INJUSDT:2023-11-29T09:00:00+00:00,INJUSDT,PRE_BREAKOUT,0,VALIDATION_2023_2024,2023,FULL_TRAIL_7,-0.7498499999999773,RUNNER_STOP,121.0
EB1:INJUSDT:2023-11-29T09:00:00+00:00,INJUSDT,PRE_BREAKOUT,0,VALIDATION_2023_2024,2023,HALF20_RUNNER_7,-21.718360499999942,INITIAL_STOP,121.0
EB1:INJUSDT:2023-11-29T09:00:00+00:00,INJUSDT,PRE_BREAKOUT,0,VALIDATION_2023_2024,2023,LADDER10_20_RUNNER_7,6.73890375000004,RUNNER_STOP,121.0
EB1:INJUSDT:2023-11-29T09:00:00+00:00,INJUSDT,PRE_BREAKOUT,0,VALIDATION_2023_2024,2023,FIXED10_5,29.205165000000093,TARGET10,47.0
EB1:INJUSDT:2023-11-29T09:00:00+00:00,INJUSDT,PRE_BREAKOUT,0,VALIDATION_2023_2024,2023,FIXED20_7,-21.718360499999942,STOP,121.0
EB1:INJUSDT:2024-07-21T20:00:00+00:00,INJUSDT,PRE_BREAKOUT,0,VALIDATION_2023_2024,2024,FULL_TRAIL_7,-21.718360499999942,INITIAL_STOP,17.0
EB1:INJUSDT:2024-07-21T20:00:00+00:00,INJUSDT,PRE_BREAKOUT,0,VALIDATION_2023_2024,2024,HALF20_RUNNER_7,-21.718360499999942,INITIAL_STOP,17.0
EB1:INJUSDT:2024-07-21T20:00:00+00:00,INJUSDT,PRE_BREAKOUT,0,VALIDATION_2023_2024,2024,LADDER10_20_RUNNER_7,-21.718360499999942,INITIAL_STOP,17.0
EB1:INJUSDT:2024-07-21T20:00:00+00:00,INJUSDT,PRE_BREAKOUT,0,VALIDATION_2023_2024,2024,FIXED10_5,-15.727357499999984,STOP,8.0
EB1:INJUSDT:2024-07-21T20:00:00+00:00,INJUSDT,PRE_BREAKOUT,0,VALIDATION_2023_2024,2024,FIXED20_7,-21.718360499999942,STOP,17.0
EB1:RUNEUSDT:2023-01-24T09:00:00+00:00,RUNEUSDT,PRE_BREAKOUT,0,VALIDATION_2023_2024,2023,FULL_TRAIL_7,-21.7183605,INITIAL_STOP,12.0
EB1:RUNEUSDT:2023-01-24T09:00:00+00:00,RUNEUSDT,PRE_BREAKOUT,0,VALIDATION_2023_2024,2023,HALF20_RUNNER_7,-21.7183605,INITIAL_STOP,12.0
EB1:RUNEUSDT:2023-01-24T09:00:00+00:00,RUNEUSDT,PRE_BREAKOUT,0,VALIDATION_2023_2024,2023,LADDER10_20_RUNNER_7,-21.7183605,INITIAL_STOP,12.0
EB1:RUNEUSDT:2023-01-24T09:00:00+00:00,RUNEUSDT,PRE_BREAKOUT,0,VALIDATION_2023_2024,2023,FIXED10_5,-15.727357500000041,STOP,12.0
EB1:RUNEUSDT:2023-01-24T09:00:00+00:00,RUNEUSDT,PRE_BREAKOUT,0,VALIDATION_2023_2024,2023,FIXED20_7,-21.7183605,STOP,12.0
EB1:OPUSDT:2024-02-19T07:00:00+00:00,OPUSDT,PRE_BREAKOUT,0,VALIDATION_2023_2024,2024,FULL_TRAIL_7,-0.7498499999999773,RUNNER_STOP,31.0
EB1:OPUSDT:2024-02-19T07:00:00+00:00,OPUSDT,PRE_BREAKOUT,0,VALIDATION_2023_2024,2024,HALF20_RUNNER_7,-21.7183605,INITIAL_STOP,51.0
EB1:OPUSDT:2024-02-19T07:00:00+00:00,OPUSDT,PRE_BREAKOUT,0,VALIDATION_2023_2024,2024,LADDER10_20_RUNNER_7,-21.7183605,INITIAL_STOP,51.0
EB1:OPUSDT:2024-02-19T07:00:00+00:00,OPUSDT,PRE_BREAKOUT,0,VALIDATION_2023_2024,2024,FIXED10_5,-15.727357499999984,STOP,25.0
EB1:OPUSDT:2024-02-19T07:00:00+00:00,OPUSDT,PRE_BREAKOUT,0,VALIDATION_2023_2024,2024,FIXED20_7,-21.7183605,STOP,51.0
EB1:AAVEUSDT:2023-01-22T16:00:00+00:00,AAVEUSDT,PRE_BREAKOUT,0,VALIDATION_2023_2024,2023,FULL_TRAIL_7,-21.718360499999942,INITIAL_STOP,52.0
EB1:AAVEUSDT:2023-01-22T16:00:00+00:00,AAVEUSDT,PRE_BREAKOUT,0,VALIDATION_2023_2024,2023,HALF20_RUNNER_7,-21.718360499999942,INITIAL_STOP,52.0
EB1:AAVEUSDT:2023-01-22T16:00:00+00:00,AAVEUSDT,PRE_BREAKOUT,0,VALIDATION_2023_2024,2023,LADDER10_20_RUNNER_7,-21.718360499999942,INITIAL_STOP,52.0
EB1:AAVEUSDT:2023-01-22T16:00:00+00:00,AAVEUSDT,PRE_BREAKOUT,0,VALIDATION_2023_2024,2023,FIXED10_5,-15.727357499999984,STOP,47.0
EB1:AAVEUSDT:2023-01-22T16:00:00+00:00,AAVEUSDT,PRE_BREAKOUT,0,VALIDATION_2023_2024,2023,FIXED20_7,-21.718360499999942,STOP,52.0
EB1:AAVEUSDT:2023-01-26T17:00:00+00:00,AAVEUSDT,PRE_BREAKOUT,0,VALIDATION_2023_2024,2023,FULL_TRAIL_7,-21.718360499999886,INITIAL_STOP,87.0
EB1:AAVEUSDT:2023-01-26T17:00:00+00:00,AAVEUSDT,PRE_BREAKOUT,0,VALIDATION_2023_2024,2023,HALF20_RUNNER_7,-21.718360499999886,INITIAL_STOP,87.0
EB1:AAVEUSDT:2023-01-26T17:00:00+00:00,AAVEUSDT,PRE_BREAKOUT,0,VALIDATION_2023_2024,2023,LADDER10_20_RUNNER_7,-21.718360499999886,INITIAL_STOP,87.0
EB1:AAVEUSDT:2023-01-26T17:00:00+00:00,AAVEUSDT,PRE_BREAKOUT,0,VALIDATION_2023_2024,2023,FIXED10_5,-15.727357499999984,STOP,47.0
EB1:AAVEUSDT:2023-01-26T17:00:00+00:00,AAVEUSDT,PRE_BREAKOUT,0,VALIDATION_2023_2024,2023,FIXED20_7,-21.718360499999886,STOP,87.0
EB1:AAVEUSDT:2023-02-19T14:00:00+00:00,AAVEUSDT,BREAKOUT_ATTEMPT,0,VALIDATION_2023_2024,2023,FULL_TRAIL_7,-21.7183605,INITIAL_STOP,10.0
EB1:AAVEUSDT:2023-02-19T14:00:00+00:00,AAVEUSDT,BREAKOUT_ATTEMPT,0,VALIDATION_2023_2024,2023,HALF20_RUNNER_7,-21.7183605,INITIAL_STOP,10.0
EB1:AAVEUSDT:2023-02-19T14:00:00+00:00,AAVEUSDT,BREAKOUT_ATTEMPT,0,VALIDATION_2023_2024,2023,LADDER10_20_RUNNER_7,-21.7183605,INITIAL_STOP,10.0
EB1:AAVEUSDT:2023-02-19T14:00:00+00:00,AAVEUSDT,BREAKOUT_ATTEMPT,0,VALIDATION_2023_2024,2023,FIXED10_5,-15.727357500000041,STOP,5.0
EB1:AAVEUSDT:2023-02-19T14:00:00+00:00,AAVEUSDT,BREAKOUT_ATTEMPT,0,VALIDATION_2023_2024,2023,FIXED20_7,-21.7183605,STOP,10.0
EB1:ZECUSDT:2023-01-20T17:00:00+00:00,ZECUSDT,PRE_BREAKOUT,0,VALIDATION_2023_2024,2023,FULL_TRAIL_7,-21.718360499999942,INITIAL_STOP,100.0
EB1:ZECUSDT:2023-01-20T17:00:00+00:00,ZECUSDT,PRE_BREAKOUT,0,VALIDATION_2023_2024,2023,HALF20_RUNNER_7,-21.718360499999942,INITIAL_STOP,100.0
EB1:ZECUSDT:2023-01-20T17:00:00+00:00,ZECUSDT,PRE_BREAKOUT,0,VALIDATION_2023_2024,2023,LADDER10_20_RUNNER_7,-21.718360499999942,INITIAL_STOP,100.0
EB1:ZECUSDT:2023-01-20T17:00:00+00:00,ZECUSDT,PRE_BREAKOUT,0,VALIDATION_2023_2024,2023,FIXED10_5,-15.727357499999984,STOP,99.0
EB1:ZECUSDT:2023-01-20T17:00:00+00:00,ZECUSDT,PRE_BREAKOUT,0,VALIDATION_2023_2024,2023,FIXED20_7,-21.718360499999942,STOP,100.0
EB1:CRVUSDT:2024-08-01T08:00:00+00:00,CRVUSDT,PRE_BREAKOUT,0,VALIDATION_2023_2024,2024,FULL_TRAIL_7,-0.7498500000000341,RUNNER_STOP,6.0
EB1:CRVUSDT:2024-08-01T08:00:00+00:00,CRVUSDT,PRE_BREAKOUT,0,VALIDATION_2023_2024,2024,HALF20_RUNNER_7,-21.7183605,INITIAL_STOP,56.0
EB1:CRVUSDT:2024-08-01T08:00:00+00:00,CRVUSDT,PRE_BREAKOUT,0,VALIDATION_2023_2024,2024,LADDER10_20_RUNNER_7,-21.7183605,INITIAL_STOP,56.0
EB1:CRVUSDT:2024-08-01T08:00:00+00:00,CRVUSDT,PRE_BREAKOUT,0,VALIDATION_2023_2024,2024,FIXED10_5,-15.727357499999984,STOP,56.0
EB1:CRVUSDT:2024-08-01T08:00:00+00:00,CRVUSDT,PRE_BREAKOUT,0,VALIDATION_2023_2024,2024,FIXED20_7,-21.7183605,STOP,56.0
EB1:SUIUSDT:2023-11-04T17:00:00+00:00,SUIUSDT,PRE_BREAKOUT,0,VALIDATION_2023_2024,2023,FULL_TRAIL_7,46.184770887404405,RUNNER_STOP,240.0
EB1:SUIUSDT:2023-11-04T17:00:00+00:00,SUIUSDT,PRE_BREAKOUT,0,VALIDATION_2023_2024,2023,HALF20_RUNNER_7,52.6724754437022,RUNNER_STOP,240.0
EB1:SUIUSDT:2023-11-04T17:00:00+00:00,SUIUSDT,PRE_BREAKOUT,0,VALIDATION_2023_2024,2023,LADDER10_20_RUNNER_7,45.183721693702196,RUNNER_STOP,240.0
EB1:SUIUSDT:2023-11-04T17:00:00+00:00,SUIUSDT,PRE_BREAKOUT,0,VALIDATION_2023_2024,2023,FIXED10_5,29.20516499999998,TARGET10,7.0
EB1:SUIUSDT:2023-11-04T17:00:00+00:00,SUIUSDT,PRE_BREAKOUT,0,VALIDATION_2023_2024,2023,FIXED20_7,59.16018,TARGET20,90.0
EB1:SUIUSDT:2023-11-23T13:00:00+00:00,SUIUSDT,PRE_BREAKOUT,0,VALIDATION_2023_2024,2023,FULL_TRAIL_7,-0.7498499999999773,RUNNER_STOP,96.0
EB1:SUIUSDT:2023-11-23T13:00:00+00:00,SUIUSDT,PRE_BREAKOUT,0,VALIDATION_2023_2024,2023,HALF20_RUNNER_7,29.205165000000036,RUNNER_STOP,595.0
EB1:SUIUSDT:2023-11-23T13:00:00+00:00,SUIUSDT,PRE_BREAKOUT,0,VALIDATION_2023_2024,2023,LADDER10_20_RUNNER_7,6.73890375000004,RUNNER_STOP,96.0
EB1:SUIUSDT:2023-11-23T13:00:00+00:00,SUIUSDT,PRE_BREAKOUT,0,VALIDATION_2023_2024,2023,FIXED10_5,29.205165000000093,TARGET10,19.0
EB1:SUIUSDT:2023-11-23T13:00:00+00:00,SUIUSDT,PRE_BREAKOUT,0,VALIDATION_2023_2024,2023,FIXED20_7,59.160180000000054,TARGET20,357.0
EB1:SUIUSDT:2024-09-29T13:00:00+00:00,SUIUSDT,PRE_BREAKOUT,0,VALIDATION_2023_2024,2024,FULL_TRAIL_7,-0.7498499999999773,RUNNER_STOP,9.0
EB1:SUIUSDT:2024-09-29T13:00:00+00:00,SUIUSDT,PRE_BREAKOUT,0,VALIDATION_2023_2024,2024,HALF20_RUNNER_7,-21.7183605,INITIAL_STOP,97.0
EB1:SUIUSDT:2024-09-29T13:00:00+00:00,SUIUSDT,PRE_BREAKOUT,0,VALIDATION_2023_2024,2024,LADDER10_20_RUNNER_7,6.738903749999998,RUNNER_STOP,48.0
EB1:SUIUSDT:2024-09-29T13:00:00+00:00,SUIUSDT,PRE_BREAKOUT,0,VALIDATION_2023_2024,2024,FIXED10_5,29.205165000000036,TARGET10,38.0
EB1:SUIUSDT:2024-09-29T13:00:00+00:00,SUIUSDT,PRE_BREAKOUT,0,VALIDATION_2023_2024,2024,FIXED20_7,-21.7183605,STOP,97.0
EB1:UNIUSDT:2024-11-23T00:00:00+00:00,UNIUSDT,PRE_BREAKOUT,0,VALIDATION_2023_2024,2024,FULL_TRAIL_7,114.19959290460888,RUNNER_STOP,640.0
EB1:UNIUSDT:2024-11-23T00:00:00+00:00,UNIUSDT,PRE_BREAKOUT,0,VALIDATION_2023_2024,2024,HALF20_RUNNER_7,86.67988645230443,RUNNER_STOP,640.0
EB1:UNIUSDT:2024-11-23T00:00:00+00:00,UNIUSDT,PRE_BREAKOUT,0,VALIDATION_2023_2024,2024,LADDER10_20_RUNNER_7,79.19113270230444,RUNNER_STOP,640.0
EB1:UNIUSDT:2024-11-23T00:00:00+00:00,UNIUSDT,PRE_BREAKOUT,0,VALIDATION_2023_2024,2024,FIXED10_5,29.205165000000036,TARGET10,14.0
EB1:UNIUSDT:2024-11-23T00:00:00+00:00,UNIUSDT,PRE_BREAKOUT,0,VALIDATION_2023_2024,2024,FIXED20_7,59.16018,TARGET20,56.0
EB1:CVXUSDT:2023-01-22T16:00:00+00:00,CVXUSDT,PRE_BREAKOUT,0,VALIDATION_2023_2024,2023,FULL_TRAIL_7,-21.718360499999942,INITIAL_STOP,53.0
EB1:CVXUSDT:2023-01-22T16:00:00+00:00,CVXUSDT,PRE_BREAKOUT,0,VALIDATION_2023_2024,2023,HALF20_RUNNER_7,-21.718360499999942,INITIAL_STOP,53.0
EB1:CVXUSDT:2023-01-22T16:00:00+00:00,CVXUSDT,PRE_BREAKOUT,0,VALIDATION_2023_2024,2023,LADDER10_20_RUNNER_7,-21.718360499999942,INITIAL_STOP,53.0
EB1:CVXUSDT:2023-01-22T16:00:00+00:00,CVXUSDT,PRE_BREAKOUT,0,VALIDATION_2023_2024,2023,FIXED10_5,-15.727357499999984,STOP,53.0
EB1:CVXUSDT:2023-01-22T16:00:00+00:00,CVXUSDT,PRE_BREAKOUT,0,VALIDATION_2023_2024,2023,FIXED20_7,-21.718360499999942,STOP,53.0
EB1:CVXUSDT:2024-03-05T13:00:00+00:00,CVXUSDT,PRE_BREAKOUT,0,VALIDATION_2023_2024,2024,FULL_TRAIL_7,-21.7183605,INITIAL_STOP,5.0
EB1:CVXUSDT:2024-03-05T13:00:00+00:00,CVXUSDT,PRE_BREAKOUT,0,VALIDATION_2023_2024,2024,HALF20_RUNNER_7,-21.7183605,INITIAL_STOP,5.0
EB1:CVXUSDT:2024-03-05T13:00:00+00:00,CVXUSDT,PRE_BREAKOUT,0,VALIDATION_2023_2024,2024,LADDER10_20_RUNNER_7,-21.7183605,INITIAL_STOP,5.0
EB1:CVXUSDT:2024-03-05T13:00:00+00:00,CVXUSDT,PRE_BREAKOUT,0,VALIDATION_2023_2024,2024,FIXED10_5,-15.727357500000041,STOP,2.0
EB1:CVXUSDT:2024-03-05T13:00:00+00:00,CVXUSDT,PRE_BREAKOUT,0,VALIDATION_2023_2024,2024,FIXED20_7,-21.7183605,STOP,5.0
EB1:COTIUSDT:2023-01-20T19:00:00+00:00,COTIUSDT,PRE_BREAKOUT,0,VALIDATION_2023_2024,2023,FULL_TRAIL_7,84.07348253245716,RUNNER_STOP,239.0
EB1:COTIUSDT:2023-01-20T19:00:00+00:00,COTIUSDT,PRE_BREAKOUT,0,VALIDATION_2023_2024,2023,HALF20_RUNNER_7,71.61683126622857,RUNNER_STOP,239.0
EB1:COTIUSDT:2023-01-20T19:00:00+00:00,COTIUSDT,PRE_BREAKOUT,0,VALIDATION_2023_2024,2023,LADDER10_20_RUNNER_7,64.12807751622859,RUNNER_STOP,239.0
EB1:COTIUSDT:2023-01-20T19:00:00+00:00,COTIUSDT,PRE_BREAKOUT,0,VALIDATION_2023_2024,2023,FIXED10_5,29.205165000000036,TARGET10,37.0
EB1:COTIUSDT:2023-01-20T19:00:00+00:00,COTIUSDT,PRE_BREAKOUT,0,VALIDATION_2023_2024,2023,FIXED20_7,59.16018,TARGET20,57.0
EB1:COTIUSDT:2023-11-29T13:00:00+00:00,COTIUSDT,PRE_BREAKOUT,0,VALIDATION_2023_2024,2023,FULL_TRAIL_7,-0.7498499999999204,RUNNER_STOP,7.0
EB1:COTIUSDT:2023-11-29T13:00:00+00:00,COTIUSDT,PRE_BREAKOUT,0,VALIDATION_2023_2024,2023,HALF20_RUNNER_7,-21.718360499999942,INITIAL_STOP,96.0
EB1:COTIUSDT:2023-11-29T13:00:00+00:00,COTIUSDT,PRE_BREAKOUT,0,VALIDATION_2023_2024,2023,LADDER10_20_RUNNER_7,-21.718360499999942,INITIAL_STOP,96.0
EB1:COTIUSDT:2023-11-29T13:00:00+00:00,COTIUSDT,PRE_BREAKOUT,0,VALIDATION_2023_2024,2023,FIXED10_5,-15.727357499999984,STOP,19.0
EB1:COTIUSDT:2023-11-29T13:00:00+00:00,COTIUSDT,PRE_BREAKOUT,0,VALIDATION_2023_2024,2023,FIXED20_7,-21.718360499999942,STOP,96.0
EB1:AUCTIONUSDT:2024-02-15T02:00:00+00:00,AUCTIONUSDT,BREAKOUT_ATTEMPT,0,VALIDATION_2023_2024,2024,FULL_TRAIL_7,-0.7498499999999773,RUNNER_STOP,59.0
EB1:AUCTIONUSDT:2024-02-15T02:00:00+00:00,AUCTIONUSDT,BREAKOUT_ATTEMPT,0,VALIDATION_2023_2024,2024,HALF20_RUNNER_7,-21.718360499999942,INITIAL_STOP,205.0
EB1:AUCTIONUSDT:2024-02-15T02:00:00+00:00,AUCTIONUSDT,BREAKOUT_ATTEMPT,0,VALIDATION_2023_2024,2024,LADDER10_20_RUNNER_7,6.738903750000012,RUNNER_STOP,59.0
EB1:AUCTIONUSDT:2024-02-15T02:00:00+00:00,AUCTIONUSDT,BREAKOUT_ATTEMPT,0,VALIDATION_2023_2024,2024,FIXED10_5,29.20516499999998,TARGET10,1.0
EB1:AUCTIONUSDT:2024-02-15T02:00:00+00:00,AUCTIONUSDT,BREAKOUT_ATTEMPT,0,VALIDATION_2023_2024,2024,FIXED20_7,-21.718360499999942,STOP,205.0
EB1:AUCTIONUSDT:2024-06-17T03:00:00+00:00,AUCTIONUSDT,PRE_BREAKOUT,0,VALIDATION_2023_2024,2024,FULL_TRAIL_7,-21.7183605,INITIAL_STOP,6.0
EB1:AUCTIONUSDT:2024-06-17T03:00:00+00:00,AUCTIONUSDT,PRE_BREAKOUT,0,VALIDATION_2023_2024,2024,HALF20_RUNNER_7,-21.7183605,INITIAL_STOP,6.0
EB1:AUCTIONUSDT:2024-06-17T03:00:00+00:00,AUCTIONUSDT,PRE_BREAKOUT,0,VALIDATION_2023_2024,2024,LADDER10_20_RUNNER_7,-21.7183605,INITIAL_STOP,6.0
EB1:AUCTIONUSDT:2024-06-17T03:00:00+00:00,AUCTIONUSDT,PRE_BREAKOUT,0,VALIDATION_2023_2024,2024,FIXED10_5,-15.727357500000041,STOP,5.0
EB1:AUCTIONUSDT:2024-06-17T03:00:00+00:00,AUCTIONUSDT,PRE_BREAKOUT,0,VALIDATION_2023_2024,2024,FIXED20_7,-21.7183605,STOP,6.0
EB1:AUCTIONUSDT:2024-11-19T01:00:00+00:00,AUCTIONUSDT,PRE_BREAKOUT,0,VALIDATION_2023_2024,2024,FULL_TRAIL_7,-0.7498499999999773,RUNNER_STOP,11.0
EB1:AUCTIONUSDT:2024-11-19T01:00:00+00:00,AUCTIONUSDT,PRE_BREAKOUT,0,VALIDATION_2023_2024,2024,HALF20_RUNNER_7,-21.7183605,INITIAL_STOP,25.0
EB1:AUCTIONUSDT:2024-11-19T01:00:00+00:00,AUCTIONUSDT,PRE_BREAKOUT,0,VALIDATION_2023_2024,2024,LADDER10_20_RUNNER_7,6.7389037499999835,RUNNER_STOP,11.0
EB1:AUCTIONUSDT:2024-11-19T01:00:00+00:00,AUCTIONUSDT,PRE_BREAKOUT,0,VALIDATION_2023_2024,2024,FIXED10_5,29.20516499999998,TARGET10,2.0
EB1:AUCTIONUSDT:2024-11-19T01:00:00+00:00,AUCTIONUSDT,PRE_BREAKOUT,0,VALIDATION_2023_2024,2024,FIXED20_7,-21.7183605,STOP,25.0
EB1:SANDUSDT:2023-11-25T03:00:00+00:00,SANDUSDT,PRE_BREAKOUT,0,VALIDATION_2023_2024,2023,FULL_TRAIL_7,-0.7498499999999773,RUNNER_STOP,47.0
EB1:SANDUSDT:2023-11-25T03:00:00+00:00,SANDUSDT,PRE_BREAKOUT,0,VALIDATION_2023_2024,2023,HALF20_RUNNER_7,54.28945438537173,RUNNER_STOP,382.0
EB1:SANDUSDT:2023-11-25T03:00:00+00:00,SANDUSDT,PRE_BREAKOUT,0,VALIDATION_2023_2024,2023,LADDER10_20_RUNNER_7,46.80070063537173,RUNNER_STOP,382.0
EB1:SANDUSDT:2023-11-25T03:00:00+00:00,SANDUSDT,PRE_BREAKOUT,0,VALIDATION_2023_2024,2023,FIXED10_5,-15.727357499999984,STOP,58.0
EB1:SANDUSDT:2023-11-25T03:00:00+00:00,SANDUSDT,PRE_BREAKOUT,0,VALIDATION_2023_2024,2023,FIXED20_7,59.16018,TARGET20,332.0
EB1:GALAUSDT:2024-02-24T05:00:00+00:00,GALAUSDT,PRE_BREAKOUT,0,VALIDATION_2023_2024,2024,FULL_TRAIL_7,51.42609306229873,RUNNER_STOP,107.0
EB1:GALAUSDT:2024-02-24T05:00:00+00:00,GALAUSDT,PRE_BREAKOUT,0,VALIDATION_2023_2024,2024,HALF20_RUNNER_7,55.29313653114936,RUNNER_STOP,107.0
EB1:GALAUSDT:2024-02-24T05:00:00+00:00,GALAUSDT,PRE_BREAKOUT,0,VALIDATION_2023_2024,2024,LADDER10_20_RUNNER_7,47.804382781149386,RUNNER_STOP,107.0
EB1:GALAUSDT:2024-02-24T05:00:00+00:00,GALAUSDT,PRE_BREAKOUT,0,VALIDATION_2023_2024,2024,FIXED10_5,29.205165000000093,TARGET10,47.0
EB1:GALAUSDT:2024-02-24T05:00:00+00:00,GALAUSDT,PRE_BREAKOUT,0,VALIDATION_2023_2024,2024,FIXED20_7,59.16018,TARGET20,83.0
EB1:GALAUSDT:2024-10-19T14:00:00+00:00,GALAUSDT,PRE_BREAKOUT,0,VALIDATION_2023_2024,2024,FULL_TRAIL_7,-0.7498499999999773,RUNNER_STOP,65.0
EB1:GALAUSDT:2024-10-19T14:00:00+00:00,GALAUSDT,PRE_BREAKOUT,0,VALIDATION_2023_2024,2024,HALF20_RUNNER_7,-21.718360499999942,INITIAL_STOP,147.0
EB1:GALAUSDT:2024-10-19T14:00:00+00:00,GALAUSDT,PRE_BREAKOUT,0,VALIDATION_2023_2024,2024,LADDER10_20_RUNNER_7,-21.718360499999942,INITIAL_STOP,147.0
EB1:GALAUSDT:2024-10-19T14:00:00+00:00,GALAUSDT,PRE_BREAKOUT,0,VALIDATION_2023_2024,2024,FIXED10_5,-15.727357499999984,STOP,99.0
EB1:GALAUSDT:2024-10-19T14:00:00+00:00,GALAUSDT,PRE_BREAKOUT,0,VALIDATION_2023_2024,2024,FIXED20_7,-21.718360499999942,STOP,147.0
EB1:ETCUSDT:2023-06-30T06:00:00+00:00,ETCUSDT,PRE_BREAKOUT,0,VALIDATION_2023_2024,2023,FULL_TRAIL_7,-0.7498499999999773,RUNNER_STOP,6.0
EB1:ETCUSDT:2023-06-30T06:00:00+00:00,ETCUSDT,PRE_BREAKOUT,0,VALIDATION_2023_2024,2023,HALF20_RUNNER_7,-21.718360499999942,INITIAL_STOP,6.0
EB1:ETCUSDT:2023-06-30T06:00:00+00:00,ETCUSDT,PRE_BREAKOUT,0,VALIDATION_2023_2024,2023,LADDER10_20_RUNNER_7,-21.718360499999942,INITIAL_STOP,6.0
EB1:ETCUSDT:2023-06-30T06:00:00+00:00,ETCUSDT,PRE_BREAKOUT,0,VALIDATION_2023_2024,2023,FIXED10_5,-15.727357499999984,STOP,6.0
EB1:ETCUSDT:2023-06-30T06:00:00+00:00,ETCUSDT,PRE_BREAKOUT,0,VALIDATION_2023_2024,2023,FIXED20_7,-21.718360499999942,STOP,6.0
EB1:ETCUSDT:2023-12-07T15:00:00+00:00,ETCUSDT,PRE_BREAKOUT,0,VALIDATION_2023_2024,2023,FULL_TRAIL_7,-0.7498499999999773,RUNNER_STOP,55.0
EB1:ETCUSDT:2023-12-07T15:00:00+00:00,ETCUSDT,PRE_BREAKOUT,0,VALIDATION_2023_2024,2023,HALF20_RUNNER_7,-21.7183605,INITIAL_STOP,82.0
EB1:ETCUSDT:2023-12-07T15:00:00+00:00,ETCUSDT,PRE_BREAKOUT,0,VALIDATION_2023_2024,2023,LADDER10_20_RUNNER_7,-21.7183605,INITIAL_STOP,82.0
EB1:ETCUSDT:2023-12-07T15:00:00+00:00,ETCUSDT,PRE_BREAKOUT,0,VALIDATION_2023_2024,2023,FIXED10_5,-15.727357500000041,STOP,82.0
EB1:ETCUSDT:2023-12-07T15:00:00+00:00,ETCUSDT,PRE_BREAKOUT,0,VALIDATION_2023_2024,2023,FIXED20_7,-21.7183605,STOP,82.0
EB1:ETCUSDT:2024-11-16T09:00:00+00:00,ETCUSDT,BREAKOUT_ATTEMPT,0,VALIDATION_2023_2024,2024,FULL_TRAIL_7,35.81761770613473,RUNNER_STOP,241.0
EB1:ETCUSDT:2024-11-16T09:00:00+00:00,ETCUSDT,BREAKOUT_ATTEMPT,0,VALIDATION_2023_2024,2024,HALF20_RUNNER_7,47.48889885306736,RUNNER_STOP,241.0
EB1:ETCUSDT:2024-11-16T09:00:00+00:00,ETCUSDT,BREAKOUT_ATTEMPT,0,VALIDATION_2023_2024,2024,LADDER10_20_RUNNER_7,40.00014510306737,RUNNER_STOP,241.0
EB1:ETCUSDT:2024-11-16T09:00:00+00:00,ETCUSDT,BREAKOUT_ATTEMPT,0,VALIDATION_2023_2024,2024,FIXED10_5,29.205165000000036,TARGET10,5.0
EB1:ETCUSDT:2024-11-16T09:00:00+00:00,ETCUSDT,BREAKOUT_ATTEMPT,0,VALIDATION_2023_2024,2024,FIXED20_7,59.16018,TARGET20,14.0
EB1:MANAUSDT:2023-11-02T00:00:00+00:00,MANAUSDT,BREAKOUT_ATTEMPT,0,VALIDATION_2023_2024,2023,FULL_TRAIL_7,-0.7498499999999773,RUNNER_STOP,15.0
EB1:MANAUSDT:2023-11-02T00:00:00+00:00,MANAUSDT,BREAKOUT_ATTEMPT,0,VALIDATION_2023_2024,2023,HALF20_RUNNER_7,29.205165000000008,RUNNER_STOP,472.0
EB1:MANAUSDT:2023-11-02T00:00:00+00:00,MANAUSDT,BREAKOUT_ATTEMPT,0,VALIDATION_2023_2024,2023,LADDER10_20_RUNNER_7,6.738903750000026,RUNNER_STOP,183.0
EB1:MANAUSDT:2023-11-02T00:00:00+00:00,MANAUSDT,BREAKOUT_ATTEMPT,0,VALIDATION_2023_2024,2023,FIXED10_5,29.205165000000036,TARGET10,120.0
EB1:MANAUSDT:2023-11-02T00:00:00+00:00,MANAUSDT,BREAKOUT_ATTEMPT,0,VALIDATION_2023_2024,2023,FIXED20_7,59.16018,TARGET20,231.0
EB1:MANAUSDT:2024-11-22T22:00:00+00:00,MANAUSDT,PRE_BREAKOUT,0,VALIDATION_2023_2024,2024,FULL_TRAIL_7,74.82545300876906,RUNNER_STOP,40.0
EB1:MANAUSDT:2024-11-22T22:00:00+00:00,MANAUSDT,PRE_BREAKOUT,0,VALIDATION_2023_2024,2024,HALF20_RUNNER_7,66.99281650438452,RUNNER_STOP,40.0
EB1:MANAUSDT:2024-11-22T22:00:00+00:00,MANAUSDT,PRE_BREAKOUT,0,VALIDATION_2023_2024,2024,LADDER10_20_RUNNER_7,59.504062754384535,RUNNER_STOP,40.0
EB1:MANAUSDT:2024-11-22T22:00:00+00:00,MANAUSDT,PRE_BREAKOUT,0,VALIDATION_2023_2024,2024,FIXED10_5,29.205165000000036,TARGET10,8.0
EB1:MANAUSDT:2024-11-22T22:00:00+00:00,MANAUSDT,PRE_BREAKOUT,0,VALIDATION_2023_2024,2024,FIXED20_7,59.16018,TARGET20,17.0
EB1:FILUSDT:2023-11-09T00:00:00+00:00,FILUSDT,BREAKOUT_ATTEMPT,0,VALIDATION_2023_2024,2023,FULL_TRAIL_7,-21.718360499999942,INITIAL_STOP,15.0
EB1:FILUSDT:2023-11-09T00:00:00+00:00,FILUSDT,BREAKOUT_ATTEMPT,0,VALIDATION_2023_2024,2023,HALF20_RUNNER_7,-21.718360499999942,INITIAL_STOP,15.0
EB1:FILUSDT:2023-11-09T00:00:00+00:00,FILUSDT,BREAKOUT_ATTEMPT,0,VALIDATION_2023_2024,2023,LADDER10_20_RUNNER_7,-21.718360499999942,INITIAL_STOP,15.0
EB1:FILUSDT:2023-11-09T00:00:00+00:00,FILUSDT,BREAKOUT_ATTEMPT,0,VALIDATION_2023_2024,2023,FIXED10_5,-15.727357499999984,STOP,15.0
EB1:FILUSDT:2023-11-09T00:00:00+00:00,FILUSDT,BREAKOUT_ATTEMPT,0,VALIDATION_2023_2024,2023,FIXED20_7,-21.718360499999942,STOP,15.0
EB1:FILUSDT:2023-12-27T19:00:00+00:00,FILUSDT,BREAKOUT_ATTEMPT,0,VALIDATION_2023_2024,2023,FULL_TRAIL_7,-21.7183605,INITIAL_STOP,50.0
EB1:FILUSDT:2023-12-27T19:00:00+00:00,FILUSDT,BREAKOUT_ATTEMPT,0,VALIDATION_2023_2024,2023,HALF20_RUNNER_7,-21.7183605,INITIAL_STOP,50.0
EB1:FILUSDT:2023-12-27T19:00:00+00:00,FILUSDT,BREAKOUT_ATTEMPT,0,VALIDATION_2023_2024,2023,LADDER10_20_RUNNER_7,-21.7183605,INITIAL_STOP,50.0
EB1:FILUSDT:2023-12-27T19:00:00+00:00,FILUSDT,BREAKOUT_ATTEMPT,0,VALIDATION_2023_2024,2023,FIXED10_5,-15.727357499999984,STOP,45.0
EB1:FILUSDT:2023-12-27T19:00:00+00:00,FILUSDT,BREAKOUT_ATTEMPT,0,VALIDATION_2023_2024,2023,FIXED20_7,-21.7183605,STOP,50.0
EB1:FILUSDT:2024-11-22T19:00:00+00:00,FILUSDT,PRE_BREAKOUT,0,VALIDATION_2023_2024,2024,FULL_TRAIL_7,92.85504357779116,RUNNER_STOP,409.0
EB1:FILUSDT:2024-11-22T19:00:00+00:00,FILUSDT,PRE_BREAKOUT,0,VALIDATION_2023_2024,2024,HALF20_RUNNER_7,76.00761178889557,RUNNER_STOP,409.0
EB1:FILUSDT:2024-11-22T19:00:00+00:00,FILUSDT,PRE_BREAKOUT,0,VALIDATION_2023_2024,2024,LADDER10_20_RUNNER_7,68.51885803889559,RUNNER_STOP,409.0
EB1:FILUSDT:2024-11-22T19:00:00+00:00,FILUSDT,PRE_BREAKOUT,0,VALIDATION_2023_2024,2024,FIXED10_5,29.205165000000036,TARGET10,12.0
EB1:FILUSDT:2024-11-22T19:00:00+00:00,FILUSDT,PRE_BREAKOUT,0,VALIDATION_2023_2024,2024,FIXED20_7,59.16018,TARGET20,30.0
EB1:VETUSDT:2024-02-26T04:00:00+00:00,VETUSDT,BREAKOUT_ATTEMPT,0,VALIDATION_2023_2024,2024,FULL_TRAIL_7,-0.7498499999999773,RUNNER_STOP,29.0
EB1:VETUSDT:2024-02-26T04:00:00+00:00,VETUSDT,BREAKOUT_ATTEMPT,0,VALIDATION_2023_2024,2024,HALF20_RUNNER_7,-21.7183605,INITIAL_STOP,60.0
EB1:VETUSDT:2024-02-26T04:00:00+00:00,VETUSDT,BREAKOUT_ATTEMPT,0,VALIDATION_2023_2024,2024,LADDER10_20_RUNNER_7,6.738903749999998,RUNNER_STOP,60.0
EB1:VETUSDT:2024-02-26T04:00:00+00:00,VETUSDT,BREAKOUT_ATTEMPT,0,VALIDATION_2023_2024,2024,FIXED10_5,29.205165000000036,TARGET10,51.0
EB1:VETUSDT:2024-02-26T04:00:00+00:00,VETUSDT,BREAKOUT_ATTEMPT,0,VALIDATION_2023_2024,2024,FIXED20_7,-21.7183605,STOP,60.0
EB1:ALGOUSDT:2023-11-20T11:00:00+00:00,ALGOUSDT,PRE_BREAKOUT,0,VALIDATION_2023_2024,2023,FULL_TRAIL_7,-21.7183605,INITIAL_STOP,25.0
EB1:ALGOUSDT:2023-11-20T11:00:00+00:00,ALGOUSDT,PRE_BREAKOUT,0,VALIDATION_2023_2024,2023,HALF20_RUNNER_7,-21.7183605,INITIAL_STOP,25.0
EB1:ALGOUSDT:2023-11-20T11:00:00+00:00,ALGOUSDT,PRE_BREAKOUT,0,VALIDATION_2023_2024,2023,LADDER10_20_RUNNER_7,-21.7183605,INITIAL_STOP,25.0
EB1:ALGOUSDT:2023-11-20T11:00:00+00:00,ALGOUSDT,PRE_BREAKOUT,0,VALIDATION_2023_2024,2023,FIXED10_5,-15.727357499999984,STOP,19.0
EB1:ALGOUSDT:2023-11-20T11:00:00+00:00,ALGOUSDT,PRE_BREAKOUT,0,VALIDATION_2023_2024,2023,FIXED20_7,-21.7183605,STOP,25.0
EB1:ALGOUSDT:2023-12-07T05:00:00+00:00,ALGOUSDT,BREAKOUT_ATTEMPT,0,VALIDATION_2023_2024,2023,FULL_TRAIL_7,43.952849470018734,RUNNER_STOP,92.0
EB1:ALGOUSDT:2023-12-07T05:00:00+00:00,ALGOUSDT,BREAKOUT_ATTEMPT,0,VALIDATION_2023_2024,2023,HALF20_RUNNER_7,51.55651473500936,RUNNER_STOP,92.0
EB1:ALGOUSDT:2023-12-07T05:00:00+00:00,ALGOUSDT,BREAKOUT_ATTEMPT,0,VALIDATION_2023_2024,2023,LADDER10_20_RUNNER_7,44.067760985009386,RUNNER_STOP,92.0
EB1:ALGOUSDT:2023-12-07T05:00:00+00:00,ALGOUSDT,BREAKOUT_ATTEMPT,0,VALIDATION_2023_2024,2023,FIXED10_5,29.205165000000093,TARGET10,31.0
EB1:ALGOUSDT:2023-12-07T05:00:00+00:00,ALGOUSDT,BREAKOUT_ATTEMPT,0,VALIDATION_2023_2024,2023,FIXED20_7,59.16018,TARGET20,46.0
EB1:LSKUSDT:2023-01-27T04:00:00+00:00,LSKUSDT,PRE_BREAKOUT,0,VALIDATION_2023_2024,2023,FULL_TRAIL_7,-0.7498499999999773,RUNNER_STOP,4.0
EB1:LSKUSDT:2023-01-27T04:00:00+00:00,LSKUSDT,PRE_BREAKOUT,0,VALIDATION_2023_2024,2023,HALF20_RUNNER_7,-21.718360499999942,INITIAL_STOP,76.0
EB1:LSKUSDT:2023-01-27T04:00:00+00:00,LSKUSDT,PRE_BREAKOUT,0,VALIDATION_2023_2024,2023,LADDER10_20_RUNNER_7,-21.718360499999942,INITIAL_STOP,76.0
EB1:LSKUSDT:2023-01-27T04:00:00+00:00,LSKUSDT,PRE_BREAKOUT,0,VALIDATION_2023_2024,2023,FIXED10_5,-15.727357499999984,STOP,76.0
EB1:LSKUSDT:2023-01-27T04:00:00+00:00,LSKUSDT,PRE_BREAKOUT,0,VALIDATION_2023_2024,2023,FIXED20_7,-21.718360499999942,STOP,76.0
EB1:LSKUSDT:2023-10-17T10:00:00+00:00,LSKUSDT,PRE_BREAKOUT,0,VALIDATION_2023_2024,2023,FULL_TRAIL_7,-21.718360499999942,INITIAL_STOP,33.0
EB1:LSKUSDT:2023-10-17T10:00:00+00:00,LSKUSDT,PRE_BREAKOUT,0,VALIDATION_2023_2024,2023,HALF20_RUNNER_7,-21.718360499999942,INITIAL_STOP,33.0
EB1:LSKUSDT:2023-10-17T10:00:00+00:00,LSKUSDT,PRE_BREAKOUT,0,VALIDATION_2023_2024,2023,LADDER10_20_RUNNER_7,-21.718360499999942,INITIAL_STOP,33.0
EB1:LSKUSDT:2023-10-17T10:00:00+00:00,LSKUSDT,PRE_BREAKOUT,0,VALIDATION_2023_2024,2023,FIXED10_5,-15.727357499999927,STOP,30.0
EB1:LSKUSDT:2023-10-17T10:00:00+00:00,LSKUSDT,PRE_BREAKOUT,0,VALIDATION_2023_2024,2023,FIXED20_7,-21.718360499999942,STOP,33.0
EB1:LSKUSDT:2024-11-23T17:00:00+00:00,LSKUSDT,PRE_BREAKOUT,0,VALIDATION_2023_2024,2024,FULL_TRAIL_7,-0.7498499999999773,RUNNER_STOP,17.0
EB1:LSKUSDT:2024-11-23T17:00:00+00:00,LSKUSDT,PRE_BREAKOUT,0,VALIDATION_2023_2024,2024,HALF20_RUNNER_7,50.078819993866674,RUNNER_STOP,386.0
EB1:LSKUSDT:2024-11-23T17:00:00+00:00,LSKUSDT,PRE_BREAKOUT,0,VALIDATION_2023_2024,2024,LADDER10_20_RUNNER_7,42.59006624386669,RUNNER_STOP,386.0
EB1:LSKUSDT:2024-11-23T17:00:00+00:00,LSKUSDT,PRE_BREAKOUT,0,VALIDATION_2023_2024,2024,FIXED10_5,-15.727357499999984,STOP,18.0
EB1:LSKUSDT:2024-11-23T17:00:00+00:00,LSKUSDT,PRE_BREAKOUT,0,VALIDATION_2023_2024,2024,FIXED20_7,59.16018,TARGET20,170.0
EB1:CELRUSDT:2024-02-14T09:00:00+00:00,CELRUSDT,BREAKOUT_ATTEMPT,0,VALIDATION_2023_2024,2024,FULL_TRAIL_7,115.02388654435086,RUNNER_STOP,807.0
EB1:CELRUSDT:2024-02-14T09:00:00+00:00,CELRUSDT,BREAKOUT_ATTEMPT,0,VALIDATION_2023_2024,2024,HALF20_RUNNER_7,87.09203327217543,RUNNER_STOP,807.0
EB1:CELRUSDT:2024-02-14T09:00:00+00:00,CELRUSDT,BREAKOUT_ATTEMPT,0,VALIDATION_2023_2024,2024,LADDER10_20_RUNNER_7,79.60327952217543,RUNNER_STOP,807.0
EB1:CELRUSDT:2024-02-14T09:00:00+00:00,CELRUSDT,BREAKOUT_ATTEMPT,0,VALIDATION_2023_2024,2024,FIXED10_5,29.205165000000036,TARGET10,85.0
EB1:CELRUSDT:2024-02-14T09:00:00+00:00,CELRUSDT,BREAKOUT_ATTEMPT,0,VALIDATION_2023_2024,2024,FIXED20_7,59.16018,TARGET20,254.0
EB1:CELRUSDT:2024-02-24T12:00:00+00:00,CELRUSDT,BREAKOUT_ATTEMPT,0,VALIDATION_2023_2024,2024,FULL_TRAIL_7,37.29806990664194,RUNNER_STOP,100.0
EB1:CELRUSDT:2024-02-24T12:00:00+00:00,CELRUSDT,BREAKOUT_ATTEMPT,0,VALIDATION_2023_2024,2024,HALF20_RUNNER_7,48.22912495332096,RUNNER_STOP,100.0
EB1:CELRUSDT:2024-02-24T12:00:00+00:00,CELRUSDT,BREAKOUT_ATTEMPT,0,VALIDATION_2023_2024,2024,LADDER10_20_RUNNER_7,40.740371203320976,RUNNER_STOP,100.0
EB1:CELRUSDT:2024-02-24T12:00:00+00:00,CELRUSDT,BREAKOUT_ATTEMPT,0,VALIDATION_2023_2024,2024,FIXED10_5,29.205165000000036,TARGET10,22.0
EB1:CELRUSDT:2024-02-24T12:00:00+00:00,CELRUSDT,BREAKOUT_ATTEMPT,0,VALIDATION_2023_2024,2024,FIXED20_7,59.16018,TARGET20,86.0
EB1:CELRUSDT:2024-11-22T21:00:00+00:00,CELRUSDT,BREAKOUT_ATTEMPT,0,VALIDATION_2023_2024,2024,FULL_TRAIL_7,58.06553548421874,RUNNER_STOP,36.0
EB1:CELRUSDT:2024-11-22T21:00:00+00:00,CELRUSDT,BREAKOUT_ATTEMPT,0,VALIDATION_2023_2024,2024,HALF20_RUNNER_7,58.61285774210937,RUNNER_STOP,36.0
EB1:CELRUSDT:2024-11-22T21:00:00+00:00,CELRUSDT,BREAKOUT_ATTEMPT,0,VALIDATION_2023_2024,2024,LADDER10_20_RUNNER_7,51.124103992109376,RUNNER_STOP,36.0
EB1:CELRUSDT:2024-11-22T21:00:00+00:00,CELRUSDT,BREAKOUT_ATTEMPT,0,VALIDATION_2023_2024,2024,FIXED10_5,29.205165000000036,TARGET10,19.0
EB1:CELRUSDT:2024-11-22T21:00:00+00:00,CELRUSDT,BREAKOUT_ATTEMPT,0,VALIDATION_2023_2024,2024,FIXED20_7,59.16018,TARGET20,29.0
EB1:ICPUSDT:2023-01-20T19:00:00+00:00,ICPUSDT,PRE_BREAKOUT,0,VALIDATION_2023_2024,2023,FULL_TRAIL_7,-0.7498499999999773,RUNNER_STOP,29.0
EB1:ICPUSDT:2023-01-20T19:00:00+00:00,ICPUSDT,PRE_BREAKOUT,0,VALIDATION_2023_2024,2023,HALF20_RUNNER_7,-21.718360499999942,INITIAL_STOP,482.0
EB1:ICPUSDT:2023-01-20T19:00:00+00:00,ICPUSDT,PRE_BREAKOUT,0,VALIDATION_2023_2024,2023,LADDER10_20_RUNNER_7,6.73890375000004,RUNNER_STOP,479.0
EB1:ICPUSDT:2023-01-20T19:00:00+00:00,ICPUSDT,PRE_BREAKOUT,0,VALIDATION_2023_2024,2023,FIXED10_5,29.205165000000093,TARGET10,45.0
EB1:ICPUSDT:2023-01-20T19:00:00+00:00,ICPUSDT,PRE_BREAKOUT,0,VALIDATION_2023_2024,2023,FIXED20_7,-21.718360499999942,STOP,482.0
EB1:ICPUSDT:2023-02-01T20:00:00+00:00,ICPUSDT,PRE_BREAKOUT,0,VALIDATION_2023_2024,2023,FULL_TRAIL_7,-21.7183605,INITIAL_STOP,87.0
EB1:ICPUSDT:2023-02-01T20:00:00+00:00,ICPUSDT,PRE_BREAKOUT,0,VALIDATION_2023_2024,2023,HALF20_RUNNER_7,-21.7183605,INITIAL_STOP,87.0
EB1:ICPUSDT:2023-02-01T20:00:00+00:00,ICPUSDT,PRE_BREAKOUT,0,VALIDATION_2023_2024,2023,LADDER10_20_RUNNER_7,-21.7183605,INITIAL_STOP,87.0
EB1:ICPUSDT:2023-02-01T20:00:00+00:00,ICPUSDT,PRE_BREAKOUT,0,VALIDATION_2023_2024,2023,FIXED10_5,-15.727357499999984,STOP,24.0
EB1:ICPUSDT:2023-02-01T20:00:00+00:00,ICPUSDT,PRE_BREAKOUT,0,VALIDATION_2023_2024,2023,FIXED20_7,-21.7183605,STOP,87.0
EB1:ICPUSDT:2023-10-28T22:00:00+00:00,ICPUSDT,PRE_BREAKOUT,0,VALIDATION_2023_2024,2023,FULL_TRAIL_7,40.190710393456904,RUNNER_STOP,403.0
EB1:ICPUSDT:2023-10-28T22:00:00+00:00,ICPUSDT,PRE_BREAKOUT,0,VALIDATION_2023_2024,2023,HALF20_RUNNER_7,49.67544519672845,RUNNER_STOP,403.0
EB1:ICPUSDT:2023-10-28T22:00:00+00:00,ICPUSDT,PRE_BREAKOUT,0,VALIDATION_2023_2024,2023,LADDER10_20_RUNNER_7,42.18669144672846,RUNNER_STOP,403.0
EB1:ICPUSDT:2023-10-28T22:00:00+00:00,ICPUSDT,PRE_BREAKOUT,0,VALIDATION_2023_2024,2023,FIXED10_5,29.205165000000036,TARGET10,19.0
EB1:ICPUSDT:2023-10-28T22:00:00+00:00,ICPUSDT,PRE_BREAKOUT,0,VALIDATION_2023_2024,2023,FIXED20_7,59.16018,TARGET20,313.0
EB1:ICPUSDT:2024-11-30T12:00:00+00:00,ICPUSDT,PRE_BREAKOUT,0,VALIDATION_2023_2024,2024,FULL_TRAIL_7,-0.7498499999999773,RUNNER_STOP,31.0
EB1:ICPUSDT:2024-11-30T12:00:00+00:00,ICPUSDT,PRE_BREAKOUT,0,VALIDATION_2023_2024,2024,HALF20_RUNNER_7,29.205165000000008,RUNNER_STOP,223.0
EB1:ICPUSDT:2024-11-30T12:00:00+00:00,ICPUSDT,PRE_BREAKOUT,0,VALIDATION_2023_2024,2024,LADDER10_20_RUNNER_7,6.738903750000026,RUNNER_STOP,43.0
EB1:ICPUSDT:2024-11-30T12:00:00+00:00,ICPUSDT,PRE_BREAKOUT,0,VALIDATION_2023_2024,2024,FIXED10_5,29.205165000000036,TARGET10,39.0
EB1:ICPUSDT:2024-11-30T12:00:00+00:00,ICPUSDT,PRE_BREAKOUT,0,VALIDATION_2023_2024,2024,FIXED20_7,59.16018,TARGET20,94.0
EB1:DOGEUSDT:2025-05-22T01:00:00+00:00,DOGEUSDT,BREAKOUT_ATTEMPT,0,HOLDOUT_2025_2026,2025,FULL_TRAIL_7,-0.7498499999999773,RUNNER_STOP,33.0
EB1:DOGEUSDT:2025-05-22T01:00:00+00:00,DOGEUSDT,BREAKOUT_ATTEMPT,0,HOLDOUT_2025_2026,2025,HALF20_RUNNER_7,-21.7183605,INITIAL_STOP,45.0
EB1:DOGEUSDT:2025-05-22T01:00:00+00:00,DOGEUSDT,BREAKOUT_ATTEMPT,0,HOLDOUT_2025_2026,2025,LADDER10_20_RUNNER_7,-21.7183605,INITIAL_STOP,45.0
EB1:DOGEUSDT:2025-05-22T01:00:00+00:00,DOGEUSDT,BREAKOUT_ATTEMPT,0,HOLDOUT_2025_2026,2025,FIXED10_5,-15.727357499999984,STOP,34.0
EB1:DOGEUSDT:2025-05-22T01:00:00+00:00,DOGEUSDT,BREAKOUT_ATTEMPT,0,HOLDOUT_2025_2026,2025,FIXED20_7,-21.7183605,STOP,45.0
EB1:LINKUSDT:2025-07-14T03:00:00+00:00,LINKUSDT,BREAKOUT_ATTEMPT,0,HOLDOUT_2025_2026,2025,FULL_TRAIL_7,-0.7498499999999773,RUNNER_STOP,448.0
EB1:LINKUSDT:2025-07-14T03:00:00+00:00,LINKUSDT,BREAKOUT_ATTEMPT,0,HOLDOUT_2025_2026,2025,HALF20_RUNNER_7,29.205165000000008,RUNNER_STOP,448.0
EB1:LINKUSDT:2025-07-14T03:00:00+00:00,LINKUSDT,BREAKOUT_ATTEMPT,0,HOLDOUT_2025_2026,2025,LADDER10_20_RUNNER_7,21.716411250000032,RUNNER_STOP,448.0
EB1:LINKUSDT:2025-07-14T03:00:00+00:00,LINKUSDT,BREAKOUT_ATTEMPT,0,HOLDOUT_2025_2026,2025,FIXED10_5,-15.727357500000041,STOP,23.0
EB1:LINKUSDT:2025-07-14T03:00:00+00:00,LINKUSDT,BREAKOUT_ATTEMPT,0,HOLDOUT_2025_2026,2025,FIXED20_7,59.16018,TARGET20,149.0
EB1:LINKUSDT:2025-08-17T04:00:00+00:00,LINKUSDT,PRE_BREAKOUT,0,HOLDOUT_2025_2026,2025,FULL_TRAIL_7,-0.7498499999999773,RUNNER_STOP,46.0
EB1:LINKUSDT:2025-08-17T04:00:00+00:00,LINKUSDT,PRE_BREAKOUT,0,HOLDOUT_2025_2026,2025,HALF20_RUNNER_7,-21.718360499999942,INITIAL_STOP,375.0
EB1:LINKUSDT:2025-08-17T04:00:00+00:00,LINKUSDT,PRE_BREAKOUT,0,HOLDOUT_2025_2026,2025,LADDER10_20_RUNNER_7,6.738903749999998,RUNNER_STOP,46.0
EB1:LINKUSDT:2025-08-17T04:00:00+00:00,LINKUSDT,PRE_BREAKOUT,0,HOLDOUT_2025_2026,2025,FIXED10_5,29.205165000000036,TARGET10,41.0
EB1:LINKUSDT:2025-08-17T04:00:00+00:00,LINKUSDT,PRE_BREAKOUT,0,HOLDOUT_2025_2026,2025,FIXED20_7,-21.718360499999942,STOP,375.0
EB1:AVAXUSDT:2025-07-26T18:00:00+00:00,AVAXUSDT,PRE_BREAKOUT,0,HOLDOUT_2025_2026,2025,FULL_TRAIL_7,-0.7498499999999773,RUNNER_STOP,47.0
EB1:AVAXUSDT:2025-07-26T18:00:00+00:00,AVAXUSDT,PRE_BREAKOUT,0,HOLDOUT_2025_2026,2025,HALF20_RUNNER_7,-21.718360499999942,INITIAL_STOP,86.0
EB1:AVAXUSDT:2025-07-26T18:00:00+00:00,AVAXUSDT,PRE_BREAKOUT,0,HOLDOUT_2025_2026,2025,LADDER10_20_RUNNER_7,-21.718360499999942,INITIAL_STOP,86.0
EB1:AVAXUSDT:2025-07-26T18:00:00+00:00,AVAXUSDT,PRE_BREAKOUT,0,HOLDOUT_2025_2026,2025,FIXED10_5,-15.727357499999984,STOP,67.0
EB1:AVAXUSDT:2025-07-26T18:00:00+00:00,AVAXUSDT,PRE_BREAKOUT,0,HOLDOUT_2025_2026,2025,FIXED20_7,-21.718360499999942,STOP,86.0
EB1:LTCUSDT:2025-01-25T16:00:00+00:00,LTCUSDT,PRE_BREAKOUT,0,HOLDOUT_2025_2026,2025,FULL_TRAIL_7,-21.718360499999942,INITIAL_STOP,29.0
EB1:LTCUSDT:2025-01-25T16:00:00+00:00,LTCUSDT,PRE_BREAKOUT,0,HOLDOUT_2025_2026,2025,HALF20_RUNNER_7,-21.718360499999942,INITIAL_STOP,29.0
EB1:LTCUSDT:2025-01-25T16:00:00+00:00,LTCUSDT,PRE_BREAKOUT,0,HOLDOUT_2025_2026,2025,LADDER10_20_RUNNER_7,-21.718360499999942,INITIAL_STOP,29.0
EB1:LTCUSDT:2025-01-25T16:00:00+00:00,LTCUSDT,PRE_BREAKOUT,0,HOLDOUT_2025_2026,2025,FIXED10_5,-15.727357499999984,STOP,16.0
EB1:LTCUSDT:2025-01-25T16:00:00+00:00,LTCUSDT,PRE_BREAKOUT,0,HOLDOUT_2025_2026,2025,FIXED20_7,-21.718360499999942,STOP,29.0
EB1:LTCUSDT:2025-02-19T01:00:00+00:00,LTCUSDT,PRE_BREAKOUT,0,HOLDOUT_2025_2026,2025,FULL_TRAIL_7,-0.7498499999999773,RUNNER_STOP,23.0
EB1:LTCUSDT:2025-02-19T01:00:00+00:00,LTCUSDT,PRE_BREAKOUT,0,HOLDOUT_2025_2026,2025,HALF20_RUNNER_7,-21.718360499999942,INITIAL_STOP,65.0
EB1:LTCUSDT:2025-02-19T01:00:00+00:00,LTCUSDT,PRE_BREAKOUT,0,HOLDOUT_2025_2026,2025,LADDER10_20_RUNNER_7,-21.718360499999942,INITIAL_STOP,65.0
EB1:LTCUSDT:2025-02-19T01:00:00+00:00,LTCUSDT,PRE_BREAKOUT,0,HOLDOUT_2025_2026,2025,FIXED10_5,-15.727357499999984,STOP,39.0
EB1:LTCUSDT:2025-02-19T01:00:00+00:00,LTCUSDT,PRE_BREAKOUT,0,HOLDOUT_2025_2026,2025,FIXED20_7,-21.718360499999942,STOP,65.0
EB1:BCHUSDT:2025-06-15T15:00:00+00:00,BCHUSDT,PRE_BREAKOUT,0,HOLDOUT_2025_2026,2025,FULL_TRAIL_7,-0.7498499999999773,RUNNER_STOP,48.0
EB1:BCHUSDT:2025-06-15T15:00:00+00:00,BCHUSDT,PRE_BREAKOUT,0,HOLDOUT_2025_2026,2025,HALF20_RUNNER_7,48.70872137297137,RUNNER_STOP,1159.0
EB1:BCHUSDT:2025-06-15T15:00:00+00:00,BCHUSDT,PRE_BREAKOUT,0,HOLDOUT_2025_2026,2025,LADDER10_20_RUNNER_7,6.738903749999998,RUNNER_STOP,151.0
EB1:BCHUSDT:2025-06-15T15:00:00+00:00,BCHUSDT,PRE_BREAKOUT,0,HOLDOUT_2025_2026,2025,FIXED10_5,29.205165000000036,TARGET10,103.0
EB1:BCHUSDT:2025-06-15T15:00:00+00:00,BCHUSDT,PRE_BREAKOUT,0,HOLDOUT_2025_2026,2025,FIXED20_7,59.16018,TARGET20,838.0
EB1:ATOMUSDT:2026-05-26T02:00:00+00:00,ATOMUSDT,PRE_BREAKOUT,0,HOLDOUT_2025_2026,2026,FULL_TRAIL_7,-0.7498499999999773,RUNNER_STOP,15.0
EB1:ATOMUSDT:2026-05-26T02:00:00+00:00,ATOMUSDT,PRE_BREAKOUT,0,HOLDOUT_2025_2026,2026,HALF20_RUNNER_7,-21.718360499999942,INITIAL_STOP,56.0
EB1:ATOMUSDT:2026-05-26T02:00:00+00:00,ATOMUSDT,PRE_BREAKOUT,0,HOLDOUT_2025_2026,2026,LADDER10_20_RUNNER_7,-21.718360499999942,INITIAL_STOP,56.0
EB1:ATOMUSDT:2026-05-26T02:00:00+00:00,ATOMUSDT,PRE_BREAKOUT,0,HOLDOUT_2025_2026,2026,FIXED10_5,-15.727357500000041,STOP,51.0
EB1:ATOMUSDT:2026-05-26T02:00:00+00:00,ATOMUSDT,PRE_BREAKOUT,0,HOLDOUT_2025_2026,2026,FIXED20_7,-21.718360499999942,STOP,56.0
EB1:NEARUSDT:2025-04-28T20:00:00+00:00,NEARUSDT,PRE_BREAKOUT,0,HOLDOUT_2025_2026,2025,FULL_TRAIL_7,-21.718360499999942,INITIAL_STOP,40.0
EB1:NEARUSDT:2025-04-28T20:00:00+00:00,NEARUSDT,PRE_BREAKOUT,0,HOLDOUT_2025_2026,2025,HALF20_RUNNER_7,-21.718360499999942,INITIAL_STOP,40.0
EB1:NEARUSDT:2025-04-28T20:00:00+00:00,NEARUSDT,PRE_BREAKOUT,0,HOLDOUT_2025_2026,2025,LADDER10_20_RUNNER_7,-21.718360499999942,INITIAL_STOP,40.0
EB1:NEARUSDT:2025-04-28T20:00:00+00:00,NEARUSDT,PRE_BREAKOUT,0,HOLDOUT_2025_2026,2025,FIXED10_5,-15.727357500000041,STOP,26.0
EB1:NEARUSDT:2025-04-28T20:00:00+00:00,NEARUSDT,PRE_BREAKOUT,0,HOLDOUT_2025_2026,2025,FIXED20_7,-21.718360499999942,STOP,40.0
EB1:NEARUSDT:2025-08-13T15:00:00+00:00,NEARUSDT,PRE_BREAKOUT,0,HOLDOUT_2025_2026,2025,FULL_TRAIL_7,-0.7498499999999773,RUNNER_STOP,20.0
EB1:NEARUSDT:2025-08-13T15:00:00+00:00,NEARUSDT,PRE_BREAKOUT,0,HOLDOUT_2025_2026,2025,HALF20_RUNNER_7,-21.7183605,INITIAL_STOP,29.0
EB1:NEARUSDT:2025-08-13T15:00:00+00:00,NEARUSDT,PRE_BREAKOUT,0,HOLDOUT_2025_2026,2025,LADDER10_20_RUNNER_7,-21.7183605,INITIAL_STOP,29.0
EB1:NEARUSDT:2025-08-13T15:00:00+00:00,NEARUSDT,PRE_BREAKOUT,0,HOLDOUT_2025_2026,2025,FIXED10_5,-15.727357499999984,STOP,20.0
EB1:NEARUSDT:2025-08-13T15:00:00+00:00,NEARUSDT,PRE_BREAKOUT,0,HOLDOUT_2025_2026,2025,FIXED20_7,-21.7183605,STOP,29.0
EB1:FETUSDT:2026-05-25T15:00:00+00:00,FETUSDT,BREAKOUT_ATTEMPT,0,HOLDOUT_2025_2026,2026,FULL_TRAIL_7,-0.7498499999999773,RUNNER_STOP,59.0
EB1:FETUSDT:2026-05-25T15:00:00+00:00,FETUSDT,BREAKOUT_ATTEMPT,0,HOLDOUT_2025_2026,2026,HALF20_RUNNER_7,29.205165000000036,RUNNER_STOP,233.0
EB1:FETUSDT:2026-05-25T15:00:00+00:00,FETUSDT,BREAKOUT_ATTEMPT,0,HOLDOUT_2025_2026,2026,LADDER10_20_RUNNER_7,6.738903750000026,RUNNER_STOP,59.0
EB1:FETUSDT:2026-05-25T15:00:00+00:00,FETUSDT,BREAKOUT_ATTEMPT,0,HOLDOUT_2025_2026,2026,FIXED10_5,29.205165000000036,TARGET10,18.0
EB1:FETUSDT:2026-05-25T15:00:00+00:00,FETUSDT,BREAKOUT_ATTEMPT,0,HOLDOUT_2025_2026,2026,FIXED20_7,59.160180000000054,TARGET20,116.0
EB1:INJUSDT:2025-05-08T07:00:00+00:00,INJUSDT,PRE_BREAKOUT,0,HOLDOUT_2025_2026,2025,FULL_TRAIL_7,47.63390781685064,RUNNER_STOP,208.0
EB1:INJUSDT:2025-05-08T07:00:00+00:00,INJUSDT,PRE_BREAKOUT,0,HOLDOUT_2025_2026,2025,HALF20_RUNNER_7,53.39704390842532,RUNNER_STOP,208.0
EB1:INJUSDT:2025-05-08T07:00:00+00:00,INJUSDT,PRE_BREAKOUT,0,HOLDOUT_2025_2026,2025,LADDER10_20_RUNNER_7,45.908290158425324,RUNNER_STOP,208.0
EB1:INJUSDT:2025-05-08T07:00:00+00:00,INJUSDT,PRE_BREAKOUT,0,HOLDOUT_2025_2026,2025,FIXED10_5,29.205165000000036,TARGET10,13.0
EB1:INJUSDT:2025-05-08T07:00:00+00:00,INJUSDT,PRE_BREAKOUT,0,HOLDOUT_2025_2026,2025,FIXED20_7,59.16018,TARGET20,46.0
EB1:RUNEUSDT:2026-06-16T05:00:00+00:00,RUNEUSDT,BREAKOUT_ATTEMPT,0,HOLDOUT_2025_2026,2026,FULL_TRAIL_7,-21.7183605,INITIAL_STOP,85.0
EB1:RUNEUSDT:2026-06-16T05:00:00+00:00,RUNEUSDT,BREAKOUT_ATTEMPT,0,HOLDOUT_2025_2026,2026,HALF20_RUNNER_7,-21.7183605,INITIAL_STOP,85.0
EB1:RUNEUSDT:2026-06-16T05:00:00+00:00,RUNEUSDT,BREAKOUT_ATTEMPT,0,HOLDOUT_2025_2026,2026,LADDER10_20_RUNNER_7,-21.7183605,INITIAL_STOP,85.0
EB1:RUNEUSDT:2026-06-16T05:00:00+00:00,RUNEUSDT,BREAKOUT_ATTEMPT,0,HOLDOUT_2025_2026,2026,FIXED10_5,-15.727357499999984,STOP,74.0
EB1:RUNEUSDT:2026-06-16T05:00:00+00:00,RUNEUSDT,BREAKOUT_ATTEMPT,0,HOLDOUT_2025_2026,2026,FIXED20_7,-21.7183605,STOP,85.0
EB1:APTUSDT:2025-07-20T16:00:00+00:00,APTUSDT,PRE_BREAKOUT,0,HOLDOUT_2025_2026,2025,FULL_TRAIL_7,-21.718360499999942,INITIAL_STOP,67.0
EB1:APTUSDT:2025-07-20T16:00:00+00:00,APTUSDT,PRE_BREAKOUT,0,HOLDOUT_2025_2026,2025,HALF20_RUNNER_7,-21.718360499999942,INITIAL_STOP,67.0
EB1:APTUSDT:2025-07-20T16:00:00+00:00,APTUSDT,PRE_BREAKOUT,0,HOLDOUT_2025_2026,2025,LADDER10_20_RUNNER_7,-21.718360499999942,INITIAL_STOP,67.0
EB1:APTUSDT:2025-07-20T16:00:00+00:00,APTUSDT,PRE_BREAKOUT,0,HOLDOUT_2025_2026,2025,FIXED10_5,-15.727357499999984,STOP,5.0
EB1:APTUSDT:2025-07-20T16:00:00+00:00,APTUSDT,PRE_BREAKOUT,0,HOLDOUT_2025_2026,2025,FIXED20_7,-21.718360499999942,STOP,67.0
EB1:OPUSDT:2025-07-15T17:00:00+00:00,OPUSDT,PRE_BREAKOUT,0,HOLDOUT_2025_2026,2025,FULL_TRAIL_7,-0.7498499999999773,RUNNER_STOP,31.0
EB1:OPUSDT:2025-07-15T17:00:00+00:00,OPUSDT,PRE_BREAKOUT,0,HOLDOUT_2025_2026,2025,HALF20_RUNNER_7,29.205165000000036,RUNNER_STOP,353.0
EB1:OPUSDT:2025-07-15T17:00:00+00:00,OPUSDT,PRE_BREAKOUT,0,HOLDOUT_2025_2026,2025,LADDER10_20_RUNNER_7,6.738903750000026,RUNNER_STOP,191.0
EB1:OPUSDT:2025-07-15T17:00:00+00:00,OPUSDT,PRE_BREAKOUT,0,HOLDOUT_2025_2026,2025,FIXED10_5,29.205165000000036,TARGET10,58.0
EB1:OPUSDT:2025-07-15T17:00:00+00:00,OPUSDT,PRE_BREAKOUT,0,HOLDOUT_2025_2026,2025,FIXED20_7,59.160180000000054,TARGET20,298.0
EB1:OPUSDT:2025-08-13T08:00:00+00:00,OPUSDT,PRE_BREAKOUT,0,HOLDOUT_2025_2026,2025,FULL_TRAIL_7,-0.7498499999999204,RUNNER_STOP,27.0
EB1:OPUSDT:2025-08-13T08:00:00+00:00,OPUSDT,PRE_BREAKOUT,0,HOLDOUT_2025_2026,2025,HALF20_RUNNER_7,-21.718360499999942,INITIAL_STOP,33.0
EB1:OPUSDT:2025-08-13T08:00:00+00:00,OPUSDT,PRE_BREAKOUT,0,HOLDOUT_2025_2026,2025,LADDER10_20_RUNNER_7,6.738903750000069,RUNNER_STOP,27.0
EB1:OPUSDT:2025-08-13T08:00:00+00:00,OPUSDT,PRE_BREAKOUT,0,HOLDOUT_2025_2026,2025,FIXED10_5,29.205165000000093,TARGET10,13.0
EB1:OPUSDT:2025-08-13T08:00:00+00:00,OPUSDT,PRE_BREAKOUT,0,HOLDOUT_2025_2026,2025,FIXED20_7,-21.718360499999942,STOP,33.0
EB1:ARBUSDT:2026-01-06T14:00:00+00:00,ARBUSDT,PRE_BREAKOUT,0,HOLDOUT_2025_2026,2026,FULL_TRAIL_7,-21.718360499999942,INITIAL_STOP,39.0
EB1:ARBUSDT:2026-01-06T14:00:00+00:00,ARBUSDT,PRE_BREAKOUT,0,HOLDOUT_2025_2026,2026,HALF20_RUNNER_7,-21.718360499999942,INITIAL_STOP,39.0
EB1:ARBUSDT:2026-01-06T14:00:00+00:00,ARBUSDT,PRE_BREAKOUT,0,HOLDOUT_2025_2026,2026,LADDER10_20_RUNNER_7,-21.718360499999942,INITIAL_STOP,39.0
EB1:ARBUSDT:2026-01-06T14:00:00+00:00,ARBUSDT,PRE_BREAKOUT,0,HOLDOUT_2025_2026,2026,FIXED10_5,-15.727357499999984,STOP,2.0
EB1:ARBUSDT:2026-01-06T14:00:00+00:00,ARBUSDT,PRE_BREAKOUT,0,HOLDOUT_2025_2026,2026,FIXED20_7,-21.718360499999942,STOP,39.0
EB1:AAVEUSDT:2025-05-18T16:00:00+00:00,AAVEUSDT,PRE_BREAKOUT,0,HOLDOUT_2025_2026,2025,FULL_TRAIL_7,-21.7183605,INITIAL_STOP,2.0
EB1:AAVEUSDT:2025-05-18T16:00:00+00:00,AAVEUSDT,PRE_BREAKOUT,0,HOLDOUT_2025_2026,2025,HALF20_RUNNER_7,-21.7183605,INITIAL_STOP,2.0
EB1:AAVEUSDT:2025-05-18T16:00:00+00:00,AAVEUSDT,PRE_BREAKOUT,0,HOLDOUT_2025_2026,2025,LADDER10_20_RUNNER_7,-21.7183605,INITIAL_STOP,2.0
EB1:AAVEUSDT:2025-05-18T16:00:00+00:00,AAVEUSDT,PRE_BREAKOUT,0,HOLDOUT_2025_2026,2025,FIXED10_5,-15.727357500000041,STOP,1.0
EB1:AAVEUSDT:2025-05-18T16:00:00+00:00,AAVEUSDT,PRE_BREAKOUT,0,HOLDOUT_2025_2026,2025,FIXED20_7,-21.7183605,STOP,2.0
EB1:AAVEUSDT:2025-07-14T03:00:00+00:00,AAVEUSDT,BREAKOUT_ATTEMPT,0,HOLDOUT_2025_2026,2025,FULL_TRAIL_7,-21.7183605,INITIAL_STOP,207.0
EB1:AAVEUSDT:2025-07-14T03:00:00+00:00,AAVEUSDT,BREAKOUT_ATTEMPT,0,HOLDOUT_2025_2026,2025,HALF20_RUNNER_7,-21.7183605,INITIAL_STOP,207.0
EB1:AAVEUSDT:2025-07-14T03:00:00+00:00,AAVEUSDT,BREAKOUT_ATTEMPT,0,HOLDOUT_2025_2026,2025,LADDER10_20_RUNNER_7,-21.7183605,INITIAL_STOP,207.0
EB1:AAVEUSDT:2025-07-14T03:00:00+00:00,AAVEUSDT,BREAKOUT_ATTEMPT,0,HOLDOUT_2025_2026,2025,FIXED10_5,-15.727357499999984,STOP,22.0
EB1:AAVEUSDT:2025-07-14T03:00:00+00:00,AAVEUSDT,BREAKOUT_ATTEMPT,0,HOLDOUT_2025_2026,2025,FIXED20_7,-21.7183605,STOP,207.0
EB1:ZECUSDT:2025-09-03T11:00:00+00:00,ZECUSDT,PRE_BREAKOUT,0,HOLDOUT_2025_2026,2025,FULL_TRAIL_7,36.519953171293146,RUNNER_STOP,450.0
EB1:ZECUSDT:2025-09-03T11:00:00+00:00,ZECUSDT,PRE_BREAKOUT,0,HOLDOUT_2025_2026,2025,HALF20_RUNNER_7,47.84006658564657,RUNNER_STOP,450.0
EB1:ZECUSDT:2025-09-03T11:00:00+00:00,ZECUSDT,PRE_BREAKOUT,0,HOLDOUT_2025_2026,2025,LADDER10_20_RUNNER_7,40.351312835646596,RUNNER_STOP,450.0
EB1:ZECUSDT:2025-09-03T11:00:00+00:00,ZECUSDT,PRE_BREAKOUT,0,HOLDOUT_2025_2026,2025,FIXED10_5,-15.727357499999984,STOP,17.0
EB1:ZECUSDT:2025-09-03T11:00:00+00:00,ZECUSDT,PRE_BREAKOUT,0,HOLDOUT_2025_2026,2025,FIXED20_7,59.16018,TARGET20,110.0
EB1:CRVUSDT:2025-04-30T17:00:00+00:00,CRVUSDT,PRE_BREAKOUT,0,HOLDOUT_2025_2026,2025,FULL_TRAIL_7,-0.7498499999999773,RUNNER_STOP,78.0
EB1:CRVUSDT:2025-04-30T17:00:00+00:00,CRVUSDT,PRE_BREAKOUT,0,HOLDOUT_2025_2026,2025,HALF20_RUNNER_7,-21.7183605,INITIAL_STOP,137.0
EB1:CRVUSDT:2025-04-30T17:00:00+00:00,CRVUSDT,PRE_BREAKOUT,0,HOLDOUT_2025_2026,2025,LADDER10_20_RUNNER_7,-21.7183605,INITIAL_STOP,137.0
EB1:CRVUSDT:2025-04-30T17:00:00+00:00,CRVUSDT,PRE_BREAKOUT,0,HOLDOUT_2025_2026,2025,FIXED10_5,-15.727357500000041,STOP,134.0
EB1:CRVUSDT:2025-04-30T17:00:00+00:00,CRVUSDT,PRE_BREAKOUT,0,HOLDOUT_2025_2026,2025,FIXED20_7,-21.7183605,STOP,137.0
EB1:CRVUSDT:2026-01-16T02:00:00+00:00,CRVUSDT,PRE_BREAKOUT,0,HOLDOUT_2025_2026,2026,FULL_TRAIL_7,-0.7498499999999773,RUNNER_STOP,41.0
EB1:CRVUSDT:2026-01-16T02:00:00+00:00,CRVUSDT,PRE_BREAKOUT,0,HOLDOUT_2025_2026,2026,HALF20_RUNNER_7,-21.7183605,INITIAL_STOP,69.0
EB1:CRVUSDT:2026-01-16T02:00:00+00:00,CRVUSDT,PRE_BREAKOUT,0,HOLDOUT_2025_2026,2026,LADDER10_20_RUNNER_7,-21.7183605,INITIAL_STOP,69.0
EB1:CRVUSDT:2026-01-16T02:00:00+00:00,CRVUSDT,PRE_BREAKOUT,0,HOLDOUT_2025_2026,2026,FIXED10_5,-15.727357500000041,STOP,68.0
EB1:CRVUSDT:2026-01-16T02:00:00+00:00,CRVUSDT,PRE_BREAKOUT,0,HOLDOUT_2025_2026,2026,FIXED20_7,-21.7183605,STOP,69.0
EB1:CRVUSDT:2026-05-11T13:00:00+00:00,CRVUSDT,PRE_BREAKOUT,0,HOLDOUT_2025_2026,2026,FULL_TRAIL_7,-0.7498499999999773,RUNNER_STOP,55.0
EB1:CRVUSDT:2026-05-11T13:00:00+00:00,CRVUSDT,PRE_BREAKOUT,0,HOLDOUT_2025_2026,2026,HALF20_RUNNER_7,-21.718360499999942,INITIAL_STOP,112.0
EB1:CRVUSDT:2026-05-11T13:00:00+00:00,CRVUSDT,PRE_BREAKOUT,0,HOLDOUT_2025_2026,2026,LADDER10_20_RUNNER_7,6.73890375000004,RUNNER_STOP,55.0
EB1:CRVUSDT:2026-05-11T13:00:00+00:00,CRVUSDT,PRE_BREAKOUT,0,HOLDOUT_2025_2026,2026,FIXED10_5,29.205165000000093,TARGET10,7.0
EB1:CRVUSDT:2026-05-11T13:00:00+00:00,CRVUSDT,PRE_BREAKOUT,0,HOLDOUT_2025_2026,2026,FIXED20_7,-21.718360499999942,STOP,112.0
EB1:UNIUSDT:2026-07-14T14:00:00+00:00,UNIUSDT,PRE_BREAKOUT,0,HOLDOUT_2025_2026,2026,FULL_TRAIL_7,-21.7183605,INITIAL_STOP,70.0
EB1:UNIUSDT:2026-07-14T14:00:00+00:00,UNIUSDT,PRE_BREAKOUT,0,HOLDOUT_2025_2026,2026,HALF20_RUNNER_7,-21.7183605,INITIAL_STOP,70.0
EB1:UNIUSDT:2026-07-14T14:00:00+00:00,UNIUSDT,PRE_BREAKOUT,0,HOLDOUT_2025_2026,2026,LADDER10_20_RUNNER_7,-21.7183605,INITIAL_STOP,70.0
EB1:UNIUSDT:2026-07-14T14:00:00+00:00,UNIUSDT,PRE_BREAKOUT,0,HOLDOUT_2025_2026,2026,FIXED10_5,-15.727357500000041,STOP,57.0
EB1:UNIUSDT:2026-07-14T14:00:00+00:00,UNIUSDT,PRE_BREAKOUT,0,HOLDOUT_2025_2026,2026,FIXED20_7,-21.7183605,STOP,70.0
EB1:PEOPLEUSDT:2026-04-14T19:00:00+00:00,PEOPLEUSDT,PRE_BREAKOUT,0,HOLDOUT_2025_2026,2026,FULL_TRAIL_7,-0.7498499999999773,RUNNER_STOP,129.0
EB1:PEOPLEUSDT:2026-04-14T19:00:00+00:00,PEOPLEUSDT,PRE_BREAKOUT,0,HOLDOUT_2025_2026,2026,HALF20_RUNNER_7,29.205165000000008,RUNNER_STOP,129.0
EB1:PEOPLEUSDT:2026-04-14T19:00:00+00:00,PEOPLEUSDT,PRE_BREAKOUT,0,HOLDOUT_2025_2026,2026,LADDER10_20_RUNNER_7,21.716411250000032,RUNNER_STOP,129.0
EB1:PEOPLEUSDT:2026-04-14T19:00:00+00:00,PEOPLEUSDT,PRE_BREAKOUT,0,HOLDOUT_2025_2026,2026,FIXED10_5,29.205165000000093,TARGET10,30.0
EB1:PEOPLEUSDT:2026-04-14T19:00:00+00:00,PEOPLEUSDT,PRE_BREAKOUT,0,HOLDOUT_2025_2026,2026,FIXED20_7,59.16018,TARGET20,44.0
EB1:WLDUSDT:2025-07-16T18:00:00+00:00,WLDUSDT,PRE_BREAKOUT,0,HOLDOUT_2025_2026,2025,FULL_TRAIL_7,-0.7498499999999773,RUNNER_STOP,48.0
EB1:WLDUSDT:2025-07-16T18:00:00+00:00,WLDUSDT,PRE_BREAKOUT,0,HOLDOUT_2025_2026,2025,HALF20_RUNNER_7,29.205165000000008,RUNNER_STOP,178.0
EB1:WLDUSDT:2025-07-16T18:00:00+00:00,WLDUSDT,PRE_BREAKOUT,0,HOLDOUT_2025_2026,2025,LADDER10_20_RUNNER_7,21.716411250000032,RUNNER_STOP,178.0
EB1:WLDUSDT:2025-07-16T18:00:00+00:00,WLDUSDT,PRE_BREAKOUT,0,HOLDOUT_2025_2026,2025,FIXED10_5,-15.727357499999984,STOP,25.0
EB1:WLDUSDT:2025-07-16T18:00:00+00:00,WLDUSDT,PRE_BREAKOUT,0,HOLDOUT_2025_2026,2025,FIXED20_7,59.16018,TARGET20,146.0
EB1:GALAUSDT:2025-07-16T15:00:00+00:00,GALAUSDT,PRE_BREAKOUT,0,HOLDOUT_2025_2026,2025,FULL_TRAIL_7,-0.7498499999999773,RUNNER_STOP,9.0
EB1:GALAUSDT:2025-07-16T15:00:00+00:00,GALAUSDT,PRE_BREAKOUT,0,HOLDOUT_2025_2026,2025,HALF20_RUNNER_7,-21.718360499999942,INITIAL_STOP,182.0
EB1:GALAUSDT:2025-07-16T15:00:00+00:00,GALAUSDT,PRE_BREAKOUT,0,HOLDOUT_2025_2026,2025,LADDER10_20_RUNNER_7,6.738903749999998,RUNNER_STOP,169.0
EB1:GALAUSDT:2025-07-16T15:00:00+00:00,GALAUSDT,PRE_BREAKOUT,0,HOLDOUT_2025_2026,2025,FIXED10_5,29.205165000000036,TARGET10,36.0
EB1:GALAUSDT:2025-07-16T15:00:00+00:00,GALAUSDT,PRE_BREAKOUT,0,HOLDOUT_2025_2026,2025,FIXED20_7,-21.718360499999942,STOP,182.0
EB1:GALAUSDT:2025-09-17T22:00:00+00:00,GALAUSDT,PRE_BREAKOUT,0,HOLDOUT_2025_2026,2025,FULL_TRAIL_7,-21.7183605,INITIAL_STOP,97.0
EB1:GALAUSDT:2025-09-17T22:00:00+00:00,GALAUSDT,PRE_BREAKOUT,0,HOLDOUT_2025_2026,2025,HALF20_RUNNER_7,-21.7183605,INITIAL_STOP,97.0
EB1:GALAUSDT:2025-09-17T22:00:00+00:00,GALAUSDT,PRE_BREAKOUT,0,HOLDOUT_2025_2026,2025,LADDER10_20_RUNNER_7,-21.7183605,INITIAL_STOP,97.0
EB1:GALAUSDT:2025-09-17T22:00:00+00:00,GALAUSDT,PRE_BREAKOUT,0,HOLDOUT_2025_2026,2025,FIXED10_5,-15.727357499999984,STOP,46.0
EB1:GALAUSDT:2025-09-17T22:00:00+00:00,GALAUSDT,PRE_BREAKOUT,0,HOLDOUT_2025_2026,2025,FIXED20_7,-21.7183605,STOP,97.0
EB1:ETCUSDT:2025-08-12T17:00:00+00:00,ETCUSDT,PRE_BREAKOUT,0,HOLDOUT_2025_2026,2025,FULL_TRAIL_7,-21.718360499999942,INITIAL_STOP,43.0
EB1:ETCUSDT:2025-08-12T17:00:00+00:00,ETCUSDT,PRE_BREAKOUT,0,HOLDOUT_2025_2026,2025,HALF20_RUNNER_7,-21.718360499999942,INITIAL_STOP,43.0
EB1:ETCUSDT:2025-08-12T17:00:00+00:00,ETCUSDT,PRE_BREAKOUT,0,HOLDOUT_2025_2026,2025,LADDER10_20_RUNNER_7,-21.718360499999942,INITIAL_STOP,43.0
EB1:ETCUSDT:2025-08-12T17:00:00+00:00,ETCUSDT,PRE_BREAKOUT,0,HOLDOUT_2025_2026,2025,FIXED10_5,-15.727357499999984,STOP,42.0
EB1:ETCUSDT:2025-08-12T17:00:00+00:00,ETCUSDT,PRE_BREAKOUT,0,HOLDOUT_2025_2026,2025,FIXED20_7,-21.718360499999942,STOP,43.0
EB1:MANAUSDT:2025-07-16T21:00:00+00:00,MANAUSDT,PRE_BREAKOUT,0,HOLDOUT_2025_2026,2025,FULL_TRAIL_7,-0.7498499999999773,RUNNER_STOP,46.0
EB1:MANAUSDT:2025-07-16T21:00:00+00:00,MANAUSDT,PRE_BREAKOUT,0,HOLDOUT_2025_2026,2025,HALF20_RUNNER_7,-21.718360499999942,INITIAL_STOP,175.0
EB1:MANAUSDT:2025-07-16T21:00:00+00:00,MANAUSDT,PRE_BREAKOUT,0,HOLDOUT_2025_2026,2025,LADDER10_20_RUNNER_7,6.738903750000026,RUNNER_STOP,159.0
EB1:MANAUSDT:2025-07-16T21:00:00+00:00,MANAUSDT,PRE_BREAKOUT,0,HOLDOUT_2025_2026,2025,FIXED10_5,-15.727357499999984,STOP,3.0
EB1:MANAUSDT:2025-07-16T21:00:00+00:00,MANAUSDT,PRE_BREAKOUT,0,HOLDOUT_2025_2026,2025,FIXED20_7,-21.718360499999942,STOP,175.0
EB1:ONEUSDT:2025-02-20T13:00:00+00:00,ONEUSDT,PRE_BREAKOUT,0,HOLDOUT_2025_2026,2025,FULL_TRAIL_7,-0.7498499999999773,RUNNER_STOP,28.0
EB1:ONEUSDT:2025-02-20T13:00:00+00:00,ONEUSDT,PRE_BREAKOUT,0,HOLDOUT_2025_2026,2025,HALF20_RUNNER_7,-21.7183605,INITIAL_STOP,90.0
EB1:ONEUSDT:2025-02-20T13:00:00+00:00,ONEUSDT,PRE_BREAKOUT,0,HOLDOUT_2025_2026,2025,LADDER10_20_RUNNER_7,-21.7183605,INITIAL_STOP,90.0
EB1:ONEUSDT:2025-02-20T13:00:00+00:00,ONEUSDT,PRE_BREAKOUT,0,HOLDOUT_2025_2026,2025,FIXED10_5,-15.727357499999984,STOP,86.0
EB1:ONEUSDT:2025-02-20T13:00:00+00:00,ONEUSDT,PRE_BREAKOUT,0,HOLDOUT_2025_2026,2025,FIXED20_7,-21.7183605,STOP,90.0
EB1:ONEUSDT:2026-01-17T13:00:00+00:00,ONEUSDT,PRE_BREAKOUT,0,HOLDOUT_2025_2026,2026,FULL_TRAIL_7,-0.7498500000000341,RUNNER_STOP,5.0
EB1:ONEUSDT:2026-01-17T13:00:00+00:00,ONEUSDT,PRE_BREAKOUT,0,HOLDOUT_2025_2026,2026,HALF20_RUNNER_7,-21.7183605,INITIAL_STOP,33.0
EB1:ONEUSDT:2026-01-17T13:00:00+00:00,ONEUSDT,PRE_BREAKOUT,0,HOLDOUT_2025_2026,2026,LADDER10_20_RUNNER_7,-21.7183605,INITIAL_STOP,33.0
EB1:ONEUSDT:2026-01-17T13:00:00+00:00,ONEUSDT,PRE_BREAKOUT,0,HOLDOUT_2025_2026,2026,FIXED10_5,-15.727357499999984,STOP,25.0
EB1:ONEUSDT:2026-01-17T13:00:00+00:00,ONEUSDT,PRE_BREAKOUT,0,HOLDOUT_2025_2026,2026,FIXED20_7,-21.7183605,STOP,33.0
EB1:ONEUSDT:2026-04-29T17:00:00+00:00,ONEUSDT,PRE_BREAKOUT,0,HOLDOUT_2025_2026,2026,FULL_TRAIL_7,-21.718360499999942,INITIAL_STOP,94.0
EB1:ONEUSDT:2026-04-29T17:00:00+00:00,ONEUSDT,PRE_BREAKOUT,0,HOLDOUT_2025_2026,2026,HALF20_RUNNER_7,-21.718360499999942,INITIAL_STOP,94.0
EB1:ONEUSDT:2026-04-29T17:00:00+00:00,ONEUSDT,PRE_BREAKOUT,0,HOLDOUT_2025_2026,2026,LADDER10_20_RUNNER_7,-21.718360499999942,INITIAL_STOP,94.0
EB1:ONEUSDT:2026-04-29T17:00:00+00:00,ONEUSDT,PRE_BREAKOUT,0,HOLDOUT_2025_2026,2026,FIXED10_5,-15.727357499999984,STOP,1.0
EB1:ONEUSDT:2026-04-29T17:00:00+00:00,ONEUSDT,PRE_BREAKOUT,0,HOLDOUT_2025_2026,2026,FIXED20_7,-21.718360499999942,STOP,94.0
EB1:GUSDT:2025-05-13T19:00:00+00:00,GUSDT,PRE_BREAKOUT,0,HOLDOUT_2025_2026,2025,FULL_TRAIL_7,-21.718360499999942,INITIAL_STOP,33.0
EB1:GUSDT:2025-05-13T19:00:00+00:00,GUSDT,PRE_BREAKOUT,0,HOLDOUT_2025_2026,2025,HALF20_RUNNER_7,-21.718360499999942,INITIAL_STOP,33.0
EB1:GUSDT:2025-05-13T19:00:00+00:00,GUSDT,PRE_BREAKOUT,0,HOLDOUT_2025_2026,2025,LADDER10_20_RUNNER_7,-21.718360499999942,INITIAL_STOP,33.0
EB1:GUSDT:2025-05-13T19:00:00+00:00,GUSDT,PRE_BREAKOUT,0,HOLDOUT_2025_2026,2025,FIXED10_5,-15.727357499999984,STOP,29.0
EB1:GUSDT:2025-05-13T19:00:00+00:00,GUSDT,PRE_BREAKOUT,0,HOLDOUT_2025_2026,2025,FIXED20_7,-21.718360499999942,STOP,33.0
EB1:ADAUSDT:2023-01-20T21:00:00+00:00,ADAUSDT,PRE_BREAKOUT,4,VALIDATION_2023_2024,2023,FULL_TRAIL_7,-0.7498499999999204,RUNNER_STOP,91.0
EB1:ADAUSDT:2023-01-20T21:00:00+00:00,ADAUSDT,PRE_BREAKOUT,4,VALIDATION_2023_2024,2023,HALF20_RUNNER_7,-21.718360499999942,INITIAL_STOP,982.0
EB1:ADAUSDT:2023-01-20T21:00:00+00:00,ADAUSDT,PRE_BREAKOUT,4,VALIDATION_2023_2024,2023,LADDER10_20_RUNNER_7,6.738903750000026,RUNNER_STOP,475.0
EB1:ADAUSDT:2023-01-20T21:00:00+00:00,ADAUSDT,PRE_BREAKOUT,4,VALIDATION_2023_2024,2023,FIXED10_5,29.205165000000036,TARGET10,165.0
EB1:ADAUSDT:2023-01-20T21:00:00+00:00,ADAUSDT,PRE_BREAKOUT,4,VALIDATION_2023_2024,2023,FIXED20_7,-21.718360499999942,STOP,982.0
EB1:ADAUSDT:2023-01-26T20:00:00+00:00,ADAUSDT,PRE_BREAKOUT,4,VALIDATION_2023_2024,2023,FULL_TRAIL_7,-0.7498500000000341,RUNNER_STOP,89.0
EB1:ADAUSDT:2023-01-26T20:00:00+00:00,ADAUSDT,PRE_BREAKOUT,4,VALIDATION_2023_2024,2023,HALF20_RUNNER_7,-21.7183605,INITIAL_STOP,830.0
EB1:ADAUSDT:2023-01-26T20:00:00+00:00,ADAUSDT,PRE_BREAKOUT,4,VALIDATION_2023_2024,2023,LADDER10_20_RUNNER_7,6.738903749999969,RUNNER_STOP,329.0
EB1:ADAUSDT:2023-01-26T20:00:00+00:00,ADAUSDT,PRE_BREAKOUT,4,VALIDATION_2023_2024,2023,FIXED10_5,29.205165000000036,TARGET10,143.0
EB1:ADAUSDT:2023-01-26T20:00:00+00:00,ADAUSDT,PRE_BREAKOUT,4,VALIDATION_2023_2024,2023,FIXED20_7,-21.7183605,STOP,830.0
EB1:ADAUSDT:2023-11-02T22:00:00+00:00,ADAUSDT,PRE_BREAKOUT,4,VALIDATION_2023_2024,2023,FULL_TRAIL_7,136.81606452222056,RUNNER_STOP,1949.0
EB1:ADAUSDT:2023-11-02T22:00:00+00:00,ADAUSDT,PRE_BREAKOUT,4,VALIDATION_2023_2024,2023,HALF20_RUNNER_7,97.98812226111028,RUNNER_STOP,1949.0
EB1:ADAUSDT:2023-11-02T22:00:00+00:00,ADAUSDT,PRE_BREAKOUT,4,VALIDATION_2023_2024,2023,LADDER10_20_RUNNER_7,90.49936851111029,RUNNER_STOP,1949.0
EB1:ADAUSDT:2023-11-02T22:00:00+00:00,ADAUSDT,PRE_BREAKOUT,4,VALIDATION_2023_2024,2023,FIXED10_5,29.205165000000036,TARGET10,60.0
EB1:ADAUSDT:2023-11-02T22:00:00+00:00,ADAUSDT,PRE_BREAKOUT,4,VALIDATION_2023_2024,2023,FIXED20_7,59.16018,TARGET20,154.0
EB1:ADAUSDT:2023-12-21T22:00:00+00:00,ADAUSDT,PRE_BREAKOUT,4,VALIDATION_2023_2024,2023,FULL_TRAIL_7,-21.7183605,INITIAL_STOP,109.0
EB1:ADAUSDT:2023-12-21T22:00:00+00:00,ADAUSDT,PRE_BREAKOUT,4,VALIDATION_2023_2024,2023,HALF20_RUNNER_7,-21.7183605,INITIAL_STOP,109.0
EB1:ADAUSDT:2023-12-21T22:00:00+00:00,ADAUSDT,PRE_BREAKOUT,4,VALIDATION_2023_2024,2023,LADDER10_20_RUNNER_7,-21.7183605,INITIAL_STOP,109.0
EB1:ADAUSDT:2023-12-21T22:00:00+00:00,ADAUSDT,PRE_BREAKOUT,4,VALIDATION_2023_2024,2023,FIXED10_5,-15.727357499999984,STOP,24.0
EB1:ADAUSDT:2023-12-21T22:00:00+00:00,ADAUSDT,PRE_BREAKOUT,4,VALIDATION_2023_2024,2023,FIXED20_7,-21.7183605,STOP,109.0
EB1:ADAUSDT:2024-03-14T07:00:00+00:00,ADAUSDT,PRE_BREAKOUT,4,VALIDATION_2023_2024,2024,FULL_TRAIL_7,-21.718360499999942,INITIAL_STOP,5.0
EB1:ADAUSDT:2024-03-14T07:00:00+00:00,ADAUSDT,PRE_BREAKOUT,4,VALIDATION_2023_2024,2024,HALF20_RUNNER_7,-21.718360499999942,INITIAL_STOP,5.0
EB1:ADAUSDT:2024-03-14T07:00:00+00:00,ADAUSDT,PRE_BREAKOUT,4,VALIDATION_2023_2024,2024,LADDER10_20_RUNNER_7,-21.718360499999942,INITIAL_STOP,5.0
EB1:ADAUSDT:2024-03-14T07:00:00+00:00,ADAUSDT,PRE_BREAKOUT,4,VALIDATION_2023_2024,2024,FIXED10_5,-15.727357499999927,STOP,2.0
EB1:ADAUSDT:2024-03-14T07:00:00+00:00,ADAUSDT,PRE_BREAKOUT,4,VALIDATION_2023_2024,2024,FIXED20_7,-21.718360499999942,STOP,5.0
EB1:DOGEUSDT:2023-04-20T09:00:00+00:00,DOGEUSDT,PRE_BREAKOUT,4,VALIDATION_2023_2024,2023,FULL_TRAIL_7,-21.718360499999942,INITIAL_STOP,26.0
EB1:DOGEUSDT:2023-04-20T09:00:00+00:00,DOGEUSDT,PRE_BREAKOUT,4,VALIDATION_2023_2024,2023,HALF20_RUNNER_7,-21.718360499999942,INITIAL_STOP,26.0
EB1:DOGEUSDT:2023-04-20T09:00:00+00:00,DOGEUSDT,PRE_BREAKOUT,4,VALIDATION_2023_2024,2023,LADDER10_20_RUNNER_7,-21.718360499999942,INITIAL_STOP,26.0
EB1:DOGEUSDT:2023-04-20T09:00:00+00:00,DOGEUSDT,PRE_BREAKOUT,4,VALIDATION_2023_2024,2023,FIXED10_5,-15.727357499999984,STOP,2.0
EB1:DOGEUSDT:2023-04-20T09:00:00+00:00,DOGEUSDT,PRE_BREAKOUT,4,VALIDATION_2023_2024,2023,FIXED20_7,-21.718360499999942,STOP,26.0
EB1:DOGEUSDT:2023-11-11T01:00:00+00:00,DOGEUSDT,PRE_BREAKOUT,4,VALIDATION_2023_2024,2023,FULL_TRAIL_7,-21.7183605,INITIAL_STOP,62.0
EB1:DOGEUSDT:2023-11-11T01:00:00+00:00,DOGEUSDT,PRE_BREAKOUT,4,VALIDATION_2023_2024,2023,HALF20_RUNNER_7,-21.7183605,INITIAL_STOP,62.0
EB1:DOGEUSDT:2023-11-11T01:00:00+00:00,DOGEUSDT,PRE_BREAKOUT,4,VALIDATION_2023_2024,2023,LADDER10_20_RUNNER_7,-21.7183605,INITIAL_STOP,62.0
EB1:DOGEUSDT:2023-11-11T01:00:00+00:00,DOGEUSDT,PRE_BREAKOUT,4,VALIDATION_2023_2024,2023,FIXED10_5,-15.727357500000041,STOP,17.0
EB1:DOGEUSDT:2023-11-11T01:00:00+00:00,DOGEUSDT,PRE_BREAKOUT,4,VALIDATION_2023_2024,2023,FIXED20_7,-21.7183605,STOP,62.0
EB1:DOGEUSDT:2024-10-27T23:00:00+00:00,DOGEUSDT,PRE_BREAKOUT,4,VALIDATION_2023_2024,2024,FULL_TRAIL_7,-0.7498499999999773,RUNNER_STOP,153.0
EB1:DOGEUSDT:2024-10-27T23:00:00+00:00,DOGEUSDT,PRE_BREAKOUT,4,VALIDATION_2023_2024,2024,HALF20_RUNNER_7,29.205165000000008,RUNNER_STOP,153.0
EB1:DOGEUSDT:2024-10-27T23:00:00+00:00,DOGEUSDT,PRE_BREAKOUT,4,VALIDATION_2023_2024,2024,LADDER10_20_RUNNER_7,21.716411250000018,RUNNER_STOP,153.0
EB1:DOGEUSDT:2024-10-27T23:00:00+00:00,DOGEUSDT,PRE_BREAKOUT,4,VALIDATION_2023_2024,2024,FIXED10_5,29.205165000000036,TARGET10,14.0
EB1:DOGEUSDT:2024-10-27T23:00:00+00:00,DOGEUSDT,PRE_BREAKOUT,4,VALIDATION_2023_2024,2024,FIXED20_7,59.16018,TARGET20,35.0
EB1:DOGEUSDT:2024-11-22T23:00:00+00:00,DOGEUSDT,PRE_BREAKOUT,4,VALIDATION_2023_2024,2024,FULL_TRAIL_7,-0.7498499999999773,RUNNER_STOP,10.0
EB1:DOGEUSDT:2024-11-22T23:00:00+00:00,DOGEUSDT,PRE_BREAKOUT,4,VALIDATION_2023_2024,2024,HALF20_RUNNER_7,-21.718360499999942,INITIAL_STOP,11.0
EB1:DOGEUSDT:2024-11-22T23:00:00+00:00,DOGEUSDT,PRE_BREAKOUT,4,VALIDATION_2023_2024,2024,LADDER10_20_RUNNER_7,-21.718360499999942,INITIAL_STOP,11.0
EB1:DOGEUSDT:2024-11-22T23:00:00+00:00,DOGEUSDT,PRE_BREAKOUT,4,VALIDATION_2023_2024,2024,FIXED10_5,-15.727357499999984,STOP,11.0
EB1:DOGEUSDT:2024-11-22T23:00:00+00:00,DOGEUSDT,PRE_BREAKOUT,4,VALIDATION_2023_2024,2024,FIXED20_7,-21.718360499999942,STOP,11.0
EB1:SOLUSDT:2023-01-29T16:00:00+00:00,SOLUSDT,PRE_BREAKOUT,4,VALIDATION_2023_2024,2023,FULL_TRAIL_7,-21.7183605,INITIAL_STOP,11.0
EB1:SOLUSDT:2023-01-29T16:00:00+00:00,SOLUSDT,PRE_BREAKOUT,4,VALIDATION_2023_2024,2023,HALF20_RUNNER_7,-21.7183605,INITIAL_STOP,11.0
EB1:SOLUSDT:2023-01-29T16:00:00+00:00,SOLUSDT,PRE_BREAKOUT,4,VALIDATION_2023_2024,2023,LADDER10_20_RUNNER_7,-21.7183605,INITIAL_STOP,11.0
EB1:SOLUSDT:2023-01-29T16:00:00+00:00,SOLUSDT,PRE_BREAKOUT,4,VALIDATION_2023_2024,2023,FIXED10_5,-15.727357499999984,STOP,11.0
EB1:SOLUSDT:2023-01-29T16:00:00+00:00,SOLUSDT,PRE_BREAKOUT,4,VALIDATION_2023_2024,2023,FIXED20_7,-21.7183605,STOP,11.0
EB1:SOLUSDT:2023-04-16T20:00:00+00:00,SOLUSDT,BREAKOUT_ATTEMPT,4,VALIDATION_2023_2024,2023,FULL_TRAIL_7,-21.718360499999942,INITIAL_STOP,54.0
EB1:SOLUSDT:2023-04-16T20:00:00+00:00,SOLUSDT,BREAKOUT_ATTEMPT,4,VALIDATION_2023_2024,2023,HALF20_RUNNER_7,-21.718360499999942,INITIAL_STOP,54.0
EB1:SOLUSDT:2023-04-16T20:00:00+00:00,SOLUSDT,BREAKOUT_ATTEMPT,4,VALIDATION_2023_2024,2023,LADDER10_20_RUNNER_7,-21.718360499999942,INITIAL_STOP,54.0
EB1:SOLUSDT:2023-04-16T20:00:00+00:00,SOLUSDT,BREAKOUT_ATTEMPT,4,VALIDATION_2023_2024,2023,FIXED10_5,-15.727357499999984,STOP,23.0
EB1:SOLUSDT:2023-04-16T20:00:00+00:00,SOLUSDT,BREAKOUT_ATTEMPT,4,VALIDATION_2023_2024,2023,FIXED20_7,-21.718360499999942,STOP,54.0
EB1:SOLUSDT:2023-07-11T15:00:00+00:00,SOLUSDT,PRE_BREAKOUT,4,VALIDATION_2023_2024,2023,FULL_TRAIL_7,54.33438911407941,RUNNER_STOP,69.0
EB1:SOLUSDT:2023-07-11T15:00:00+00:00,SOLUSDT,PRE_BREAKOUT,4,VALIDATION_2023_2024,2023,HALF20_RUNNER_7,56.7472845570397,RUNNER_STOP,69.0
EB1:SOLUSDT:2023-07-11T15:00:00+00:00,SOLUSDT,PRE_BREAKOUT,4,VALIDATION_2023_2024,2023,LADDER10_20_RUNNER_7,49.258530807039705,RUNNER_STOP,69.0
EB1:SOLUSDT:2023-07-11T15:00:00+00:00,SOLUSDT,PRE_BREAKOUT,4,VALIDATION_2023_2024,2023,FIXED10_5,29.205165000000036,TARGET10,42.0
EB1:SOLUSDT:2023-07-11T15:00:00+00:00,SOLUSDT,PRE_BREAKOUT,4,VALIDATION_2023_2024,2023,FIXED20_7,59.16018,TARGET20,45.0
EB1:SOLUSDT:2023-11-29T11:00:00+00:00,SOLUSDT,PRE_BREAKOUT,4,VALIDATION_2023_2024,2023,FULL_TRAIL_7,-0.7498499999999773,RUNNER_STOP,134.0
EB1:SOLUSDT:2023-11-29T11:00:00+00:00,SOLUSDT,PRE_BREAKOUT,4,VALIDATION_2023_2024,2023,HALF20_RUNNER_7,47.76983418621147,RUNNER_STOP,273.0
EB1:SOLUSDT:2023-11-29T11:00:00+00:00,SOLUSDT,PRE_BREAKOUT,4,VALIDATION_2023_2024,2023,LADDER10_20_RUNNER_7,6.738903750000026,RUNNER_STOP,134.0
EB1:SOLUSDT:2023-11-29T11:00:00+00:00,SOLUSDT,PRE_BREAKOUT,4,VALIDATION_2023_2024,2023,FIXED10_5,29.205165000000036,TARGET10,79.0
EB1:SOLUSDT:2023-11-29T11:00:00+00:00,SOLUSDT,PRE_BREAKOUT,4,VALIDATION_2023_2024,2023,FIXED20_7,59.16018,TARGET20,202.0
EB1:SOLUSDT:2023-12-07T12:00:00+00:00,SOLUSDT,PRE_BREAKOUT,4,VALIDATION_2023_2024,2023,FULL_TRAIL_7,-0.7498499999999773,RUNNER_STOP,80.0
EB1:SOLUSDT:2023-12-07T12:00:00+00:00,SOLUSDT,PRE_BREAKOUT,4,VALIDATION_2023_2024,2023,HALF20_RUNNER_7,83.35072991583723,RUNNER_STOP,642.0
EB1:SOLUSDT:2023-12-07T12:00:00+00:00,SOLUSDT,PRE_BREAKOUT,4,VALIDATION_2023_2024,2023,LADDER10_20_RUNNER_7,6.738903750000026,RUNNER_STOP,80.0
EB1:SOLUSDT:2023-12-07T12:00:00+00:00,SOLUSDT,PRE_BREAKOUT,4,VALIDATION_2023_2024,2023,FIXED10_5,29.205165000000036,TARGET10,17.0
EB1:SOLUSDT:2023-12-07T12:00:00+00:00,SOLUSDT,PRE_BREAKOUT,4,VALIDATION_2023_2024,2023,FIXED20_7,59.16018,TARGET20,309.0
EB1:SOLUSDT:2023-12-20T13:00:00+00:00,SOLUSDT,BREAKOUT_ATTEMPT,4,VALIDATION_2023_2024,2023,FULL_TRAIL_7,61.95205759659015,RUNNER_STOP,186.0
EB1:SOLUSDT:2023-12-20T13:00:00+00:00,SOLUSDT,BREAKOUT_ATTEMPT,4,VALIDATION_2023_2024,2023,HALF20_RUNNER_7,60.556118798295074,RUNNER_STOP,186.0
EB1:SOLUSDT:2023-12-20T13:00:00+00:00,SOLUSDT,BREAKOUT_ATTEMPT,4,VALIDATION_2023_2024,2023,LADDER10_20_RUNNER_7,53.06736504829508,RUNNER_STOP,186.0
EB1:SOLUSDT:2023-12-20T13:00:00+00:00,SOLUSDT,BREAKOUT_ATTEMPT,4,VALIDATION_2023_2024,2023,FIXED10_5,29.205165000000036,TARGET10,22.0
EB1:SOLUSDT:2023-12-20T13:00:00+00:00,SOLUSDT,BREAKOUT_ATTEMPT,4,VALIDATION_2023_2024,2023,FIXED20_7,59.16018,TARGET20,71.0
EB1:SOLUSDT:2024-01-02T06:00:00+00:00,SOLUSDT,PRE_BREAKOUT,4,VALIDATION_2023_2024,2024,FULL_TRAIL_7,-21.7183605,INITIAL_STOP,23.0
EB1:SOLUSDT:2024-01-02T06:00:00+00:00,SOLUSDT,PRE_BREAKOUT,4,VALIDATION_2023_2024,2024,HALF20_RUNNER_7,-21.7183605,INITIAL_STOP,23.0
EB1:SOLUSDT:2024-01-02T06:00:00+00:00,SOLUSDT,PRE_BREAKOUT,4,VALIDATION_2023_2024,2024,LADDER10_20_RUNNER_7,-21.7183605,INITIAL_STOP,23.0
EB1:SOLUSDT:2024-01-02T06:00:00+00:00,SOLUSDT,PRE_BREAKOUT,4,VALIDATION_2023_2024,2024,FIXED10_5,-15.727357499999984,STOP,3.0
EB1:SOLUSDT:2024-01-02T06:00:00+00:00,SOLUSDT,PRE_BREAKOUT,4,VALIDATION_2023_2024,2024,FIXED20_7,-21.7183605,STOP,23.0
EB1:SOLUSDT:2024-03-12T18:00:00+00:00,SOLUSDT,PRE_BREAKOUT,4,VALIDATION_2023_2024,2024,FULL_TRAIL_7,46.06053229771783,RUNNER_STOP,153.0
EB1:SOLUSDT:2024-03-12T18:00:00+00:00,SOLUSDT,PRE_BREAKOUT,4,VALIDATION_2023_2024,2024,HALF20_RUNNER_7,52.61035614885891,RUNNER_STOP,153.0
EB1:SOLUSDT:2024-03-12T18:00:00+00:00,SOLUSDT,PRE_BREAKOUT,4,VALIDATION_2023_2024,2024,LADDER10_20_RUNNER_7,45.12160239885893,RUNNER_STOP,153.0
EB1:SOLUSDT:2024-03-12T18:00:00+00:00,SOLUSDT,PRE_BREAKOUT,4,VALIDATION_2023_2024,2024,FIXED10_5,29.205165000000093,TARGET10,21.0
EB1:SOLUSDT:2024-03-12T18:00:00+00:00,SOLUSDT,PRE_BREAKOUT,4,VALIDATION_2023_2024,2024,FIXED20_7,59.16018,TARGET20,49.0
EB1:SOLUSDT:2024-11-11T10:00:00+00:00,SOLUSDT,BREAKOUT_ATTEMPT,4,VALIDATION_2023_2024,2024,FULL_TRAIL_7,-21.7183605,INITIAL_STOP,35.0
EB1:SOLUSDT:2024-11-11T10:00:00+00:00,SOLUSDT,BREAKOUT_ATTEMPT,4,VALIDATION_2023_2024,2024,HALF20_RUNNER_7,-21.7183605,INITIAL_STOP,35.0
EB1:SOLUSDT:2024-11-11T10:00:00+00:00,SOLUSDT,BREAKOUT_ATTEMPT,4,VALIDATION_2023_2024,2024,LADDER10_20_RUNNER_7,-21.7183605,INITIAL_STOP,35.0
EB1:SOLUSDT:2024-11-11T10:00:00+00:00,SOLUSDT,BREAKOUT_ATTEMPT,4,VALIDATION_2023_2024,2024,FIXED10_5,-15.727357500000041,STOP,20.0
EB1:SOLUSDT:2024-11-11T10:00:00+00:00,SOLUSDT,BREAKOUT_ATTEMPT,4,VALIDATION_2023_2024,2024,FIXED20_7,-21.7183605,STOP,35.0
EB1:SOLUSDT:2024-12-06T04:00:00+00:00,SOLUSDT,PRE_BREAKOUT,4,VALIDATION_2023_2024,2024,FULL_TRAIL_7,-21.7183605,INITIAL_STOP,82.0
EB1:SOLUSDT:2024-12-06T04:00:00+00:00,SOLUSDT,PRE_BREAKOUT,4,VALIDATION_2023_2024,2024,HALF20_RUNNER_7,-21.7183605,INITIAL_STOP,82.0
EB1:SOLUSDT:2024-12-06T04:00:00+00:00,SOLUSDT,PRE_BREAKOUT,4,VALIDATION_2023_2024,2024,LADDER10_20_RUNNER_7,-21.7183605,INITIAL_STOP,82.0
EB1:SOLUSDT:2024-12-06T04:00:00+00:00,SOLUSDT,PRE_BREAKOUT,4,VALIDATION_2023_2024,2024,FIXED10_5,-15.727357499999984,STOP,77.0
EB1:SOLUSDT:2024-12-06T04:00:00+00:00,SOLUSDT,PRE_BREAKOUT,4,VALIDATION_2023_2024,2024,FIXED20_7,-21.7183605,STOP,82.0
EB1:LINKUSDT:2023-01-17T20:00:00+00:00,LINKUSDT,PRE_BREAKOUT,4,VALIDATION_2023_2024,2023,FULL_TRAIL_7,-21.718360499999942,INITIAL_STOP,13.0
EB1:LINKUSDT:2023-01-17T20:00:00+00:00,LINKUSDT,PRE_BREAKOUT,4,VALIDATION_2023_2024,2023,HALF20_RUNNER_7,-21.718360499999942,INITIAL_STOP,13.0
EB1:LINKUSDT:2023-01-17T20:00:00+00:00,LINKUSDT,PRE_BREAKOUT,4,VALIDATION_2023_2024,2023,LADDER10_20_RUNNER_7,-21.718360499999942,INITIAL_STOP,13.0
EB1:LINKUSDT:2023-01-17T20:00:00+00:00,LINKUSDT,PRE_BREAKOUT,4,VALIDATION_2023_2024,2023,FIXED10_5,-15.727357499999984,STOP,13.0
EB1:LINKUSDT:2023-01-17T20:00:00+00:00,LINKUSDT,PRE_BREAKOUT,4,VALIDATION_2023_2024,2023,FIXED20_7,-21.718360499999942,STOP,13.0
EB1:LINKUSDT:2023-01-22T16:00:00+00:00,LINKUSDT,PRE_BREAKOUT,4,VALIDATION_2023_2024,2023,FULL_TRAIL_7,-0.7498499999999773,RUNNER_STOP,99.0
EB1:LINKUSDT:2023-01-22T16:00:00+00:00,LINKUSDT,PRE_BREAKOUT,4,VALIDATION_2023_2024,2023,HALF20_RUNNER_7,-21.7183605,INITIAL_STOP,515.0
EB1:LINKUSDT:2023-01-22T16:00:00+00:00,LINKUSDT,PRE_BREAKOUT,4,VALIDATION_2023_2024,2023,LADDER10_20_RUNNER_7,6.738903749999998,RUNNER_STOP,432.0
EB1:LINKUSDT:2023-01-22T16:00:00+00:00,LINKUSDT,PRE_BREAKOUT,4,VALIDATION_2023_2024,2023,FIXED10_5,-15.727357499999984,STOP,48.0
EB1:LINKUSDT:2023-01-22T16:00:00+00:00,LINKUSDT,PRE_BREAKOUT,4,VALIDATION_2023_2024,2023,FIXED20_7,-21.7183605,STOP,515.0
EB1:LINKUSDT:2023-01-26T20:00:00+00:00,LINKUSDT,BREAKOUT_ATTEMPT,4,VALIDATION_2023_2024,2023,FULL_TRAIL_7,-0.7498500000000341,RUNNER_STOP,79.0
EB1:LINKUSDT:2023-01-26T20:00:00+00:00,LINKUSDT,BREAKOUT_ATTEMPT,4,VALIDATION_2023_2024,2023,HALF20_RUNNER_7,-21.7183605,INITIAL_STOP,415.0
EB1:LINKUSDT:2023-01-26T20:00:00+00:00,LINKUSDT,BREAKOUT_ATTEMPT,4,VALIDATION_2023_2024,2023,LADDER10_20_RUNNER_7,6.738903749999998,RUNNER_STOP,331.0
EB1:LINKUSDT:2023-01-26T20:00:00+00:00,LINKUSDT,BREAKOUT_ATTEMPT,4,VALIDATION_2023_2024,2023,FIXED10_5,29.205165000000036,TARGET10,318.0
EB1:LINKUSDT:2023-01-26T20:00:00+00:00,LINKUSDT,BREAKOUT_ATTEMPT,4,VALIDATION_2023_2024,2023,FIXED20_7,-21.7183605,STOP,415.0
EB1:LINKUSDT:2023-11-05T02:00:00+00:00,LINKUSDT,BREAKOUT_ATTEMPT,4,VALIDATION_2023_2024,2023,FULL_TRAIL_7,36.15038435809961,RUNNER_STOP,104.0
EB1:LINKUSDT:2023-11-05T02:00:00+00:00,LINKUSDT,BREAKOUT_ATTEMPT,4,VALIDATION_2023_2024,2023,HALF20_RUNNER_7,47.6552821790498,RUNNER_STOP,104.0
EB1:LINKUSDT:2023-11-05T02:00:00+00:00,LINKUSDT,BREAKOUT_ATTEMPT,4,VALIDATION_2023_2024,2023,LADDER10_20_RUNNER_7,40.166528429049805,RUNNER_STOP,104.0
EB1:LINKUSDT:2023-11-05T02:00:00+00:00,LINKUSDT,BREAKOUT_ATTEMPT,4,VALIDATION_2023_2024,2023,FIXED10_5,29.205165000000036,TARGET10,68.0
EB1:LINKUSDT:2023-11-05T02:00:00+00:00,LINKUSDT,BREAKOUT_ATTEMPT,4,VALIDATION_2023_2024,2023,FIXED20_7,59.16018,TARGET20,83.0
EB1:LINKUSDT:2023-12-22T07:00:00+00:00,LINKUSDT,PRE_BREAKOUT,4,VALIDATION_2023_2024,2023,FULL_TRAIL_7,-0.7498499999999773,RUNNER_STOP,57.0
EB1:LINKUSDT:2023-12-22T07:00:00+00:00,LINKUSDT,PRE_BREAKOUT,4,VALIDATION_2023_2024,2023,HALF20_RUNNER_7,-21.7183605,INITIAL_STOP,287.0
EB1:LINKUSDT:2023-12-22T07:00:00+00:00,LINKUSDT,PRE_BREAKOUT,4,VALIDATION_2023_2024,2023,LADDER10_20_RUNNER_7,6.73890375000004,RUNNER_STOP,177.0
EB1:LINKUSDT:2023-12-22T07:00:00+00:00,LINKUSDT,PRE_BREAKOUT,4,VALIDATION_2023_2024,2023,FIXED10_5,-15.727357499999984,STOP,100.0
EB1:LINKUSDT:2023-12-22T07:00:00+00:00,LINKUSDT,PRE_BREAKOUT,4,VALIDATION_2023_2024,2023,FIXED20_7,-21.7183605,STOP,287.0
EB1:LINKUSDT:2024-01-19T22:00:00+00:00,LINKUSDT,PRE_BREAKOUT,4,VALIDATION_2023_2024,2024,FULL_TRAIL_7,-21.718360499999942,INITIAL_STOP,58.0
EB1:LINKUSDT:2024-01-19T22:00:00+00:00,LINKUSDT,PRE_BREAKOUT,4,VALIDATION_2023_2024,2024,HALF20_RUNNER_7,-21.718360499999942,INITIAL_STOP,58.0
EB1:LINKUSDT:2024-01-19T22:00:00+00:00,LINKUSDT,PRE_BREAKOUT,4,VALIDATION_2023_2024,2024,LADDER10_20_RUNNER_7,-21.718360499999942,INITIAL_STOP,58.0
EB1:LINKUSDT:2024-01-19T22:00:00+00:00,LINKUSDT,PRE_BREAKOUT,4,VALIDATION_2023_2024,2024,FIXED10_5,-15.727357499999984,STOP,53.0
EB1:LINKUSDT:2024-01-19T22:00:00+00:00,LINKUSDT,PRE_BREAKOUT,4,VALIDATION_2023_2024,2024,FIXED20_7,-21.718360499999942,STOP,58.0
EB1:LINKUSDT:2024-11-22T16:00:00+00:00,LINKUSDT,PRE_BREAKOUT,4,VALIDATION_2023_2024,2024,FULL_TRAIL_7,87.71857549075725,RUNNER_STOP,407.0
EB1:LINKUSDT:2024-11-22T16:00:00+00:00,LINKUSDT,PRE_BREAKOUT,4,VALIDATION_2023_2024,2024,HALF20_RUNNER_7,73.4393777453786,RUNNER_STOP,407.0
EB1:LINKUSDT:2024-11-22T16:00:00+00:00,LINKUSDT,PRE_BREAKOUT,4,VALIDATION_2023_2024,2024,LADDER10_20_RUNNER_7,65.9506239953786,RUNNER_STOP,407.0
EB1:LINKUSDT:2024-11-22T16:00:00+00:00,LINKUSDT,PRE_BREAKOUT,4,VALIDATION_2023_2024,2024,FIXED10_5,29.205165000000036,TARGET10,14.0
EB1:LINKUSDT:2024-11-22T16:00:00+00:00,LINKUSDT,PRE_BREAKOUT,4,VALIDATION_2023_2024,2024,FIXED20_7,59.16017999999994,TARGET20,60.0
EB1:LINKUSDT:2024-11-30T16:00:00+00:00,LINKUSDT,PRE_BREAKOUT,4,VALIDATION_2023_2024,2024,FULL_TRAIL_7,50.22231327441906,RUNNER_STOP,214.0
EB1:LINKUSDT:2024-11-30T16:00:00+00:00,LINKUSDT,PRE_BREAKOUT,4,VALIDATION_2023_2024,2024,HALF20_RUNNER_7,54.691246637209524,RUNNER_STOP,214.0
EB1:LINKUSDT:2024-11-30T16:00:00+00:00,LINKUSDT,PRE_BREAKOUT,4,VALIDATION_2023_2024,2024,LADDER10_20_RUNNER_7,47.202492887209544,RUNNER_STOP,214.0
EB1:LINKUSDT:2024-11-30T16:00:00+00:00,LINKUSDT,PRE_BREAKOUT,4,VALIDATION_2023_2024,2024,FIXED10_5,29.205165000000093,TARGET10,39.0
EB1:LINKUSDT:2024-11-30T16:00:00+00:00,LINKUSDT,PRE_BREAKOUT,4,VALIDATION_2023_2024,2024,FIXED20_7,59.16018,TARGET20,44.0
EB1:AVAXUSDT:2023-01-22T12:00:00+00:00,AVAXUSDT,PRE_BREAKOUT,4,VALIDATION_2023_2024,2023,FULL_TRAIL_7,-21.7183605,INITIAL_STOP,52.0
EB1:AVAXUSDT:2023-01-22T12:00:00+00:00,AVAXUSDT,PRE_BREAKOUT,4,VALIDATION_2023_2024,2023,HALF20_RUNNER_7,-21.7183605,INITIAL_STOP,52.0
EB1:AVAXUSDT:2023-01-22T12:00:00+00:00,AVAXUSDT,PRE_BREAKOUT,4,VALIDATION_2023_2024,2023,LADDER10_20_RUNNER_7,-21.7183605,INITIAL_STOP,52.0
EB1:AVAXUSDT:2023-01-22T12:00:00+00:00,AVAXUSDT,PRE_BREAKOUT,4,VALIDATION_2023_2024,2023,FIXED10_5,-15.727357499999984,STOP,2.0
EB1:AVAXUSDT:2023-01-22T12:00:00+00:00,AVAXUSDT,PRE_BREAKOUT,4,VALIDATION_2023_2024,2023,FIXED20_7,-21.7183605,STOP,52.0
EB1:AVAXUSDT:2023-01-27T19:00:00+00:00,AVAXUSDT,BREAKOUT_ATTEMPT,4,VALIDATION_2023_2024,2023,FULL_TRAIL_7,-21.7183605,INITIAL_STOP,56.0
EB1:AVAXUSDT:2023-01-27T19:00:00+00:00,AVAXUSDT,BREAKOUT_ATTEMPT,4,VALIDATION_2023_2024,2023,HALF20_RUNNER_7,-21.7183605,INITIAL_STOP,56.0
EB1:AVAXUSDT:2023-01-27T19:00:00+00:00,AVAXUSDT,BREAKOUT_ATTEMPT,4,VALIDATION_2023_2024,2023,LADDER10_20_RUNNER_7,-21.7183605,INITIAL_STOP,56.0
EB1:AVAXUSDT:2023-01-27T19:00:00+00:00,AVAXUSDT,BREAKOUT_ATTEMPT,4,VALIDATION_2023_2024,2023,FIXED10_5,-15.727357500000041,STOP,7.0
EB1:AVAXUSDT:2023-01-27T19:00:00+00:00,AVAXUSDT,BREAKOUT_ATTEMPT,4,VALIDATION_2023_2024,2023,FIXED20_7,-21.7183605,STOP,56.0
EB1:AVAXUSDT:2024-02-02T11:00:00+00:00,AVAXUSDT,PRE_BREAKOUT,4,VALIDATION_2023_2024,2024,FULL_TRAIL_7,-21.7183605,INITIAL_STOP,89.0
EB1:AVAXUSDT:2024-02-02T11:00:00+00:00,AVAXUSDT,PRE_BREAKOUT,4,VALIDATION_2023_2024,2024,HALF20_RUNNER_7,-21.7183605,INITIAL_STOP,89.0
EB1:AVAXUSDT:2024-02-02T11:00:00+00:00,AVAXUSDT,PRE_BREAKOUT,4,VALIDATION_2023_2024,2024,LADDER10_20_RUNNER_7,-21.7183605,INITIAL_STOP,89.0
EB1:AVAXUSDT:2024-02-02T11:00:00+00:00,AVAXUSDT,PRE_BREAKOUT,4,VALIDATION_2023_2024,2024,FIXED10_5,-15.727357499999984,STOP,56.0
EB1:AVAXUSDT:2024-02-02T11:00:00+00:00,AVAXUSDT,PRE_BREAKOUT,4,VALIDATION_2023_2024,2024,FIXED20_7,-21.7183605,STOP,89.0
EB1:AVAXUSDT:2024-02-15T17:00:00+00:00,AVAXUSDT,PRE_BREAKOUT,4,VALIDATION_2023_2024,2024,FULL_TRAIL_7,-21.7183605,INITIAL_STOP,39.0
EB1:AVAXUSDT:2024-02-15T17:00:00+00:00,AVAXUSDT,PRE_BREAKOUT,4,VALIDATION_2023_2024,2024,HALF20_RUNNER_7,-21.7183605,INITIAL_STOP,39.0
EB1:AVAXUSDT:2024-02-15T17:00:00+00:00,AVAXUSDT,PRE_BREAKOUT,4,VALIDATION_2023_2024,2024,LADDER10_20_RUNNER_7,-21.7183605,INITIAL_STOP,39.0
EB1:AVAXUSDT:2024-02-15T17:00:00+00:00,AVAXUSDT,PRE_BREAKOUT,4,VALIDATION_2023_2024,2024,FIXED10_5,-15.727357500000041,STOP,35.0
EB1:AVAXUSDT:2024-02-15T17:00:00+00:00,AVAXUSDT,PRE_BREAKOUT,4,VALIDATION_2023_2024,2024,FIXED20_7,-21.7183605,STOP,39.0
EB1:AVAXUSDT:2024-07-21T12:00:00+00:00,AVAXUSDT,PRE_BREAKOUT,4,VALIDATION_2023_2024,2024,FULL_TRAIL_7,-0.7498499999999773,RUNNER_STOP,35.0
EB1:AVAXUSDT:2024-07-21T12:00:00+00:00,AVAXUSDT,PRE_BREAKOUT,4,VALIDATION_2023_2024,2024,HALF20_RUNNER_7,-21.7183605,INITIAL_STOP,59.0
EB1:AVAXUSDT:2024-07-21T12:00:00+00:00,AVAXUSDT,PRE_BREAKOUT,4,VALIDATION_2023_2024,2024,LADDER10_20_RUNNER_7,-21.7183605,INITIAL_STOP,59.0
EB1:AVAXUSDT:2024-07-21T12:00:00+00:00,AVAXUSDT,PRE_BREAKOUT,4,VALIDATION_2023_2024,2024,FIXED10_5,-15.727357499999984,STOP,55.0
EB1:AVAXUSDT:2024-07-21T12:00:00+00:00,AVAXUSDT,PRE_BREAKOUT,4,VALIDATION_2023_2024,2024,FIXED20_7,-21.7183605,STOP,59.0
EB1:AVAXUSDT:2024-11-22T11:00:00+00:00,AVAXUSDT,BREAKOUT_ATTEMPT,4,VALIDATION_2023_2024,2024,FULL_TRAIL_7,-0.7498499999999773,RUNNER_STOP,43.0
EB1:AVAXUSDT:2024-11-22T11:00:00+00:00,AVAXUSDT,BREAKOUT_ATTEMPT,4,VALIDATION_2023_2024,2024,HALF20_RUNNER_7,29.205165000000008,RUNNER_STOP,89.0
EB1:AVAXUSDT:2024-11-22T11:00:00+00:00,AVAXUSDT,BREAKOUT_ATTEMPT,4,VALIDATION_2023_2024,2024,LADDER10_20_RUNNER_7,6.738903749999998,RUNNER_STOP,43.0
EB1:AVAXUSDT:2024-11-22T11:00:00+00:00,AVAXUSDT,BREAKOUT_ATTEMPT,4,VALIDATION_2023_2024,2024,FIXED10_5,29.205165000000036,TARGET10,7.0
EB1:AVAXUSDT:2024-11-22T11:00:00+00:00,AVAXUSDT,BREAKOUT_ATTEMPT,4,VALIDATION_2023_2024,2024,FIXED20_7,59.16018,TARGET20,64.0
EB1:AVAXUSDT:2024-12-08T22:00:00+00:00,AVAXUSDT,PRE_BREAKOUT,4,VALIDATION_2023_2024,2024,FULL_TRAIL_7,-21.718360499999942,INITIAL_STOP,16.0
EB1:AVAXUSDT:2024-12-08T22:00:00+00:00,AVAXUSDT,PRE_BREAKOUT,4,VALIDATION_2023_2024,2024,HALF20_RUNNER_7,-21.718360499999942,INITIAL_STOP,16.0
EB1:AVAXUSDT:2024-12-08T22:00:00+00:00,AVAXUSDT,PRE_BREAKOUT,4,VALIDATION_2023_2024,2024,LADDER10_20_RUNNER_7,-21.718360499999942,INITIAL_STOP,16.0
EB1:AVAXUSDT:2024-12-08T22:00:00+00:00,AVAXUSDT,PRE_BREAKOUT,4,VALIDATION_2023_2024,2024,FIXED10_5,-15.727357499999984,STOP,7.0
EB1:AVAXUSDT:2024-12-08T22:00:00+00:00,AVAXUSDT,PRE_BREAKOUT,4,VALIDATION_2023_2024,2024,FIXED20_7,-21.718360499999942,STOP,16.0
EB1:LTCUSDT:2023-01-17T13:00:00+00:00,LTCUSDT,PRE_BREAKOUT,4,VALIDATION_2023_2024,2023,FULL_TRAIL_7,-0.7498499999999773,RUNNER_STOP,103.0
EB1:LTCUSDT:2023-01-17T13:00:00+00:00,LTCUSDT,PRE_BREAKOUT,4,VALIDATION_2023_2024,2023,HALF20_RUNNER_7,29.205165000000036,RUNNER_STOP,1062.0
EB1:LTCUSDT:2023-01-17T13:00:00+00:00,LTCUSDT,PRE_BREAKOUT,4,VALIDATION_2023_2024,2023,LADDER10_20_RUNNER_7,21.716411250000032,RUNNER_STOP,1062.0
EB1:LTCUSDT:2023-01-17T13:00:00+00:00,LTCUSDT,PRE_BREAKOUT,4,VALIDATION_2023_2024,2023,FIXED10_5,-15.727357499999927,STOP,21.0
EB1:LTCUSDT:2023-01-17T13:00:00+00:00,LTCUSDT,PRE_BREAKOUT,4,VALIDATION_2023_2024,2023,FIXED20_7,59.160180000000054,TARGET20,718.0
EB1:LTCUSDT:2023-02-01T01:00:00+00:00,LTCUSDT,PRE_BREAKOUT,4,VALIDATION_2023_2024,2023,FULL_TRAIL_7,-0.7498499999999773,RUNNER_STOP,102.0
EB1:LTCUSDT:2023-02-01T01:00:00+00:00,LTCUSDT,PRE_BREAKOUT,4,VALIDATION_2023_2024,2023,HALF20_RUNNER_7,-21.7183605,INITIAL_STOP,290.0
EB1:LTCUSDT:2023-02-01T01:00:00+00:00,LTCUSDT,PRE_BREAKOUT,4,VALIDATION_2023_2024,2023,LADDER10_20_RUNNER_7,-21.7183605,INITIAL_STOP,290.0
EB1:LTCUSDT:2023-02-01T01:00:00+00:00,LTCUSDT,PRE_BREAKOUT,4,VALIDATION_2023_2024,2023,FIXED10_5,-15.727357499999984,STOP,204.0
EB1:LTCUSDT:2023-02-01T01:00:00+00:00,LTCUSDT,PRE_BREAKOUT,4,VALIDATION_2023_2024,2023,FIXED20_7,-21.7183605,STOP,290.0
EB1:LTCUSDT:2024-11-29T20:00:00+00:00,LTCUSDT,PRE_BREAKOUT,4,VALIDATION_2023_2024,2024,FULL_TRAIL_7,52.588403416293566,RUNNER_STOP,234.0
EB1:LTCUSDT:2024-11-29T20:00:00+00:00,LTCUSDT,PRE_BREAKOUT,4,VALIDATION_2023_2024,2024,HALF20_RUNNER_7,55.87429170814678,RUNNER_STOP,234.0
EB1:LTCUSDT:2024-11-29T20:00:00+00:00,LTCUSDT,PRE_BREAKOUT,4,VALIDATION_2023_2024,2024,LADDER10_20_RUNNER_7,48.385537958146784,RUNNER_STOP,234.0
EB1:LTCUSDT:2024-11-29T20:00:00+00:00,LTCUSDT,PRE_BREAKOUT,4,VALIDATION_2023_2024,2024,FIXED10_5,29.205165000000036,TARGET10,42.0
EB1:LTCUSDT:2024-11-29T20:00:00+00:00,LTCUSDT,PRE_BREAKOUT,4,VALIDATION_2023_2024,2024,FIXED20_7,59.16018,TARGET20,45.0
EB1:DOTUSDT:2023-01-22T15:00:00+00:00,DOTUSDT,PRE_BREAKOUT,4,VALIDATION_2023_2024,2023,FULL_TRAIL_7,-0.7498499999999773,RUNNER_STOP,49.0
EB1:DOTUSDT:2023-01-22T15:00:00+00:00,DOTUSDT,PRE_BREAKOUT,4,VALIDATION_2023_2024,2023,HALF20_RUNNER_7,29.205165000000008,RUNNER_STOP,940.0
EB1:DOTUSDT:2023-01-22T15:00:00+00:00,DOTUSDT,PRE_BREAKOUT,4,VALIDATION_2023_2024,2023,LADDER10_20_RUNNER_7,6.738903749999998,RUNNER_STOP,49.0
EB1:DOTUSDT:2023-01-22T15:00:00+00:00,DOTUSDT,PRE_BREAKOUT,4,VALIDATION_2023_2024,2023,FIXED10_5,29.205165000000036,TARGET10,21.0
EB1:DOTUSDT:2023-01-22T15:00:00+00:00,DOTUSDT,PRE_BREAKOUT,4,VALIDATION_2023_2024,2023,FIXED20_7,59.16018,TARGET20,620.0
EB1:DOTUSDT:2023-11-16T08:00:00+00:00,DOTUSDT,PRE_BREAKOUT,4,VALIDATION_2023_2024,2023,FULL_TRAIL_7,-21.7183605,INITIAL_STOP,25.0
EB1:DOTUSDT:2023-11-16T08:00:00+00:00,DOTUSDT,PRE_BREAKOUT,4,VALIDATION_2023_2024,2023,HALF20_RUNNER_7,-21.7183605,INITIAL_STOP,25.0
EB1:DOTUSDT:2023-11-16T08:00:00+00:00,DOTUSDT,PRE_BREAKOUT,4,VALIDATION_2023_2024,2023,LADDER10_20_RUNNER_7,-21.7183605,INITIAL_STOP,25.0
EB1:DOTUSDT:2023-11-16T08:00:00+00:00,DOTUSDT,PRE_BREAKOUT,4,VALIDATION_2023_2024,2023,FIXED10_5,-15.727357499999984,STOP,22.0
EB1:DOTUSDT:2023-11-16T08:00:00+00:00,DOTUSDT,PRE_BREAKOUT,4,VALIDATION_2023_2024,2023,FIXED20_7,-21.7183605,STOP,25.0
EB1:DOTUSDT:2024-03-14T00:00:00+00:00,DOTUSDT,PRE_BREAKOUT,4,VALIDATION_2023_2024,2024,FULL_TRAIL_7,-0.7498499999999773,RUNNER_STOP,7.0
EB1:DOTUSDT:2024-03-14T00:00:00+00:00,DOTUSDT,PRE_BREAKOUT,4,VALIDATION_2023_2024,2024,HALF20_RUNNER_7,-21.718360499999942,INITIAL_STOP,26.0
EB1:DOTUSDT:2024-03-14T00:00:00+00:00,DOTUSDT,PRE_BREAKOUT,4,VALIDATION_2023_2024,2024,LADDER10_20_RUNNER_7,-21.718360499999942,INITIAL_STOP,26.0
EB1:DOTUSDT:2024-03-14T00:00:00+00:00,DOTUSDT,PRE_BREAKOUT,4,VALIDATION_2023_2024,2024,FIXED10_5,-15.727357499999984,STOP,21.0
EB1:DOTUSDT:2024-03-14T00:00:00+00:00,DOTUSDT,PRE_BREAKOUT,4,VALIDATION_2023_2024,2024,FIXED20_7,-21.718360499999942,STOP,26.0
EB1:BCHUSDT:2023-09-18T10:00:00+00:00,BCHUSDT,PRE_BREAKOUT,4,VALIDATION_2023_2024,2023,FULL_TRAIL_7,-21.7183605,INITIAL_STOP,72.0
EB1:BCHUSDT:2023-09-18T10:00:00+00:00,BCHUSDT,PRE_BREAKOUT,4,VALIDATION_2023_2024,2023,HALF20_RUNNER_7,-21.7183605,INITIAL_STOP,72.0
EB1:BCHUSDT:2023-09-18T10:00:00+00:00,BCHUSDT,PRE_BREAKOUT,4,VALIDATION_2023_2024,2023,LADDER10_20_RUNNER_7,-21.7183605,INITIAL_STOP,72.0
EB1:BCHUSDT:2023-09-18T10:00:00+00:00,BCHUSDT,PRE_BREAKOUT,4,VALIDATION_2023_2024,2023,FIXED10_5,-15.727357499999984,STOP,65.0
EB1:BCHUSDT:2023-09-18T10:00:00+00:00,BCHUSDT,PRE_BREAKOUT,4,VALIDATION_2023_2024,2023,FIXED20_7,-21.7183605,STOP,72.0
EB1:BCHUSDT:2024-03-13T04:00:00+00:00,BCHUSDT,PRE_BREAKOUT,4,VALIDATION_2023_2024,2024,FULL_TRAIL_7,-0.7498499999999773,RUNNER_STOP,25.0
EB1:BCHUSDT:2024-03-13T04:00:00+00:00,BCHUSDT,PRE_BREAKOUT,4,VALIDATION_2023_2024,2024,HALF20_RUNNER_7,-21.718360499999942,INITIAL_STOP,40.0
EB1:BCHUSDT:2024-03-13T04:00:00+00:00,BCHUSDT,PRE_BREAKOUT,4,VALIDATION_2023_2024,2024,LADDER10_20_RUNNER_7,-21.718360499999942,INITIAL_STOP,40.0
EB1:BCHUSDT:2024-03-13T04:00:00+00:00,BCHUSDT,PRE_BREAKOUT,4,VALIDATION_2023_2024,2024,FIXED10_5,-15.727357499999984,STOP,33.0
EB1:BCHUSDT:2024-03-13T04:00:00+00:00,BCHUSDT,PRE_BREAKOUT,4,VALIDATION_2023_2024,2024,FIXED20_7,-21.718360499999942,STOP,40.0
EB1:ATOMUSDT:2023-01-20T20:00:00+00:00,ATOMUSDT,PRE_BREAKOUT,4,VALIDATION_2023_2024,2023,FULL_TRAIL_7,-21.718360499999942,INITIAL_STOP,92.0
EB1:ATOMUSDT:2023-01-20T20:00:00+00:00,ATOMUSDT,PRE_BREAKOUT,4,VALIDATION_2023_2024,2023,HALF20_RUNNER_7,-21.718360499999942,INITIAL_STOP,92.0
EB1:ATOMUSDT:2023-01-20T20:00:00+00:00,ATOMUSDT,PRE_BREAKOUT,4,VALIDATION_2023_2024,2023,LADDER10_20_RUNNER_7,-21.718360499999942,INITIAL_STOP,92.0
EB1:ATOMUSDT:2023-01-20T20:00:00+00:00,ATOMUSDT,PRE_BREAKOUT,4,VALIDATION_2023_2024,2023,FIXED10_5,-15.727357499999984,STOP,24.0
EB1:ATOMUSDT:2023-01-20T20:00:00+00:00,ATOMUSDT,PRE_BREAKOUT,4,VALIDATION_2023_2024,2023,FIXED20_7,-21.718360499999942,STOP,92.0
EB1:ATOMUSDT:2023-01-26T14:00:00+00:00,ATOMUSDT,PRE_BREAKOUT,4,VALIDATION_2023_2024,2023,FULL_TRAIL_7,-0.7498499999999773,RUNNER_STOP,52.0
EB1:ATOMUSDT:2023-01-26T14:00:00+00:00,ATOMUSDT,PRE_BREAKOUT,4,VALIDATION_2023_2024,2023,HALF20_RUNNER_7,-21.7183605,INITIAL_STOP,845.0
EB1:ATOMUSDT:2023-01-26T14:00:00+00:00,ATOMUSDT,PRE_BREAKOUT,4,VALIDATION_2023_2024,2023,LADDER10_20_RUNNER_7,6.738903749999998,RUNNER_STOP,421.0
EB1:ATOMUSDT:2023-01-26T14:00:00+00:00,ATOMUSDT,PRE_BREAKOUT,4,VALIDATION_2023_2024,2023,FIXED10_5,29.205165000000036,TARGET10,139.0
EB1:ATOMUSDT:2023-01-26T14:00:00+00:00,ATOMUSDT,PRE_BREAKOUT,4,VALIDATION_2023_2024,2023,FIXED20_7,-21.7183605,STOP,845.0
EB1:ATOMUSDT:2023-02-01T17:00:00+00:00,ATOMUSDT,PRE_BREAKOUT,4,VALIDATION_2023_2024,2023,FULL_TRAIL_7,-21.7183605,INITIAL_STOP,188.0
EB1:ATOMUSDT:2023-02-01T17:00:00+00:00,ATOMUSDT,PRE_BREAKOUT,4,VALIDATION_2023_2024,2023,HALF20_RUNNER_7,-21.7183605,INITIAL_STOP,188.0
EB1:ATOMUSDT:2023-02-01T17:00:00+00:00,ATOMUSDT,PRE_BREAKOUT,4,VALIDATION_2023_2024,2023,LADDER10_20_RUNNER_7,-21.7183605,INITIAL_STOP,188.0
EB1:ATOMUSDT:2023-02-01T17:00:00+00:00,ATOMUSDT,PRE_BREAKOUT,4,VALIDATION_2023_2024,2023,FIXED10_5,-15.727357500000041,STOP,120.0
EB1:ATOMUSDT:2023-02-01T17:00:00+00:00,ATOMUSDT,PRE_BREAKOUT,4,VALIDATION_2023_2024,2023,FIXED20_7,-21.7183605,STOP,188.0
EB1:ATOMUSDT:2023-02-08T21:00:00+00:00,ATOMUSDT,PRE_BREAKOUT,4,VALIDATION_2023_2024,2023,FULL_TRAIL_7,-21.7183605,INITIAL_STOP,16.0
EB1:ATOMUSDT:2023-02-08T21:00:00+00:00,ATOMUSDT,PRE_BREAKOUT,4,VALIDATION_2023_2024,2023,HALF20_RUNNER_7,-21.7183605,INITIAL_STOP,16.0
EB1:ATOMUSDT:2023-02-08T21:00:00+00:00,ATOMUSDT,PRE_BREAKOUT,4,VALIDATION_2023_2024,2023,LADDER10_20_RUNNER_7,-21.7183605,INITIAL_STOP,16.0
EB1:ATOMUSDT:2023-02-08T21:00:00+00:00,ATOMUSDT,PRE_BREAKOUT,4,VALIDATION_2023_2024,2023,FIXED10_5,-15.727357500000041,STOP,16.0
EB1:ATOMUSDT:2023-02-08T21:00:00+00:00,ATOMUSDT,PRE_BREAKOUT,4,VALIDATION_2023_2024,2023,FIXED20_7,-21.7183605,STOP,16.0
EB1:ATOMUSDT:2023-11-05T08:00:00+00:00,ATOMUSDT,PRE_BREAKOUT,4,VALIDATION_2023_2024,2023,FULL_TRAIL_7,-0.7498499999999773,RUNNER_STOP,98.0
EB1:ATOMUSDT:2023-11-05T08:00:00+00:00,ATOMUSDT,PRE_BREAKOUT,4,VALIDATION_2023_2024,2023,HALF20_RUNNER_7,61.91594686266674,RUNNER_STOP,1414.0
EB1:ATOMUSDT:2023-11-05T08:00:00+00:00,ATOMUSDT,PRE_BREAKOUT,4,VALIDATION_2023_2024,2023,LADDER10_20_RUNNER_7,6.73890375000004,RUNNER_STOP,98.0
EB1:ATOMUSDT:2023-11-05T08:00:00+00:00,ATOMUSDT,PRE_BREAKOUT,4,VALIDATION_2023_2024,2023,FIXED10_5,29.205165000000093,TARGET10,96.0
EB1:ATOMUSDT:2023-11-05T08:00:00+00:00,ATOMUSDT,PRE_BREAKOUT,4,VALIDATION_2023_2024,2023,FIXED20_7,59.16018,TARGET20,182.0
EB1:ATOMUSDT:2023-11-10T18:00:00+00:00,ATOMUSDT,PRE_BREAKOUT,4,VALIDATION_2023_2024,2023,FULL_TRAIL_7,-0.7498499999999773,RUNNER_STOP,71.0
EB1:ATOMUSDT:2023-11-10T18:00:00+00:00,ATOMUSDT,PRE_BREAKOUT,4,VALIDATION_2023_2024,2023,HALF20_RUNNER_7,-21.718360499999942,INITIAL_STOP,255.0
EB1:ATOMUSDT:2023-11-10T18:00:00+00:00,ATOMUSDT,PRE_BREAKOUT,4,VALIDATION_2023_2024,2023,LADDER10_20_RUNNER_7,6.738903750000069,RUNNER_STOP,71.0
EB1:ATOMUSDT:2023-11-10T18:00:00+00:00,ATOMUSDT,PRE_BREAKOUT,4,VALIDATION_2023_2024,2023,FIXED10_5,29.205165000000093,TARGET10,57.0
EB1:ATOMUSDT:2023-11-10T18:00:00+00:00,ATOMUSDT,PRE_BREAKOUT,4,VALIDATION_2023_2024,2023,FIXED20_7,-21.718360499999942,STOP,255.0
EB1:ATOMUSDT:2024-03-14T09:00:00+00:00,ATOMUSDT,PRE_BREAKOUT,4,VALIDATION_2023_2024,2024,FULL_TRAIL_7,-21.7183605,INITIAL_STOP,12.0
EB1:ATOMUSDT:2024-03-14T09:00:00+00:00,ATOMUSDT,PRE_BREAKOUT,4,VALIDATION_2023_2024,2024,HALF20_RUNNER_7,-21.7183605,INITIAL_STOP,12.0
EB1:ATOMUSDT:2024-03-14T09:00:00+00:00,ATOMUSDT,PRE_BREAKOUT,4,VALIDATION_2023_2024,2024,LADDER10_20_RUNNER_7,-21.7183605,INITIAL_STOP,12.0
EB1:ATOMUSDT:2024-03-14T09:00:00+00:00,ATOMUSDT,PRE_BREAKOUT,4,VALIDATION_2023_2024,2024,FIXED10_5,-15.727357500000041,STOP,4.0
EB1:ATOMUSDT:2024-03-14T09:00:00+00:00,ATOMUSDT,PRE_BREAKOUT,4,VALIDATION_2023_2024,2024,FIXED20_7,-21.7183605,STOP,12.0
EB1:NEARUSDT:2024-07-11T12:00:00+00:00,NEARUSDT,PRE_BREAKOUT,4,VALIDATION_2023_2024,2024,FULL_TRAIL_7,35.291262771015276,RUNNER_STOP,316.0
EB1:NEARUSDT:2024-07-11T12:00:00+00:00,NEARUSDT,PRE_BREAKOUT,4,VALIDATION_2023_2024,2024,HALF20_RUNNER_7,47.22572138550763,RUNNER_STOP,316.0
EB1:NEARUSDT:2024-07-11T12:00:00+00:00,NEARUSDT,PRE_BREAKOUT,4,VALIDATION_2023_2024,2024,LADDER10_20_RUNNER_7,39.73696763550765,RUNNER_STOP,316.0
EB1:NEARUSDT:2024-07-11T12:00:00+00:00,NEARUSDT,PRE_BREAKOUT,4,VALIDATION_2023_2024,2024,FIXED10_5,29.205165000000093,TARGET10,62.0
EB1:NEARUSDT:2024-07-11T12:00:00+00:00,NEARUSDT,PRE_BREAKOUT,4,VALIDATION_2023_2024,2024,FIXED20_7,59.16018,TARGET20,100.0
EB1:NEARUSDT:2024-10-15T09:00:00+00:00,NEARUSDT,PRE_BREAKOUT,4,VALIDATION_2023_2024,2024,FULL_TRAIL_7,-21.718360499999942,INITIAL_STOP,163.0
EB1:NEARUSDT:2024-10-15T09:00:00+00:00,NEARUSDT,PRE_BREAKOUT,4,VALIDATION_2023_2024,2024,HALF20_RUNNER_7,-21.718360499999942,INITIAL_STOP,163.0
EB1:NEARUSDT:2024-10-15T09:00:00+00:00,NEARUSDT,PRE_BREAKOUT,4,VALIDATION_2023_2024,2024,LADDER10_20_RUNNER_7,-21.718360499999942,INITIAL_STOP,163.0
EB1:NEARUSDT:2024-10-15T09:00:00+00:00,NEARUSDT,PRE_BREAKOUT,4,VALIDATION_2023_2024,2024,FIXED10_5,-15.727357499999984,STOP,43.0
EB1:NEARUSDT:2024-10-15T09:00:00+00:00,NEARUSDT,PRE_BREAKOUT,4,VALIDATION_2023_2024,2024,FIXED20_7,-21.718360499999942,STOP,163.0
EB1:FETUSDT:2023-01-03T16:00:00+00:00,FETUSDT,PRE_BREAKOUT,4,VALIDATION_2023_2024,2023,FULL_TRAIL_7,595.7537619693252,RUNNER_STOP,1572.0
EB1:FETUSDT:2023-01-03T16:00:00+00:00,FETUSDT,PRE_BREAKOUT,4,VALIDATION_2023_2024,2023,HALF20_RUNNER_7,327.4569709846626,RUNNER_STOP,1572.0
EB1:FETUSDT:2023-01-03T16:00:00+00:00,FETUSDT,PRE_BREAKOUT,4,VALIDATION_2023_2024,2023,LADDER10_20_RUNNER_7,319.9682172346626,RUNNER_STOP,1572.0
EB1:FETUSDT:2023-01-03T16:00:00+00:00,FETUSDT,PRE_BREAKOUT,4,VALIDATION_2023_2024,2023,FIXED10_5,29.205165000000093,TARGET10,13.0
EB1:FETUSDT:2023-01-03T16:00:00+00:00,FETUSDT,PRE_BREAKOUT,4,VALIDATION_2023_2024,2023,FIXED20_7,59.16018,TARGET20,58.0
EB1:FETUSDT:2023-07-01T15:00:00+00:00,FETUSDT,PRE_BREAKOUT,4,VALIDATION_2023_2024,2023,FULL_TRAIL_7,-0.7498500000000341,RUNNER_STOP,84.0
EB1:FETUSDT:2023-07-01T15:00:00+00:00,FETUSDT,PRE_BREAKOUT,4,VALIDATION_2023_2024,2023,HALF20_RUNNER_7,-21.7183605,INITIAL_STOP,113.0
EB1:FETUSDT:2023-07-01T15:00:00+00:00,FETUSDT,PRE_BREAKOUT,4,VALIDATION_2023_2024,2023,LADDER10_20_RUNNER_7,-21.7183605,INITIAL_STOP,113.0
EB1:FETUSDT:2023-07-01T15:00:00+00:00,FETUSDT,PRE_BREAKOUT,4,VALIDATION_2023_2024,2023,FIXED10_5,-15.727357499999984,STOP,113.0
EB1:FETUSDT:2023-07-01T15:00:00+00:00,FETUSDT,PRE_BREAKOUT,4,VALIDATION_2023_2024,2023,FIXED20_7,-21.7183605,STOP,113.0
EB1:FETUSDT:2023-10-21T11:00:00+00:00,FETUSDT,BREAKOUT_ATTEMPT,4,VALIDATION_2023_2024,2023,FULL_TRAIL_7,2994.7516499999997,TAKE_PROFIT_1000,3295.0
EB1:FETUSDT:2023-10-21T11:00:00+00:00,FETUSDT,BREAKOUT_ATTEMPT,4,VALIDATION_2023_2024,2023,HALF20_RUNNER_7,1526.955915,TAKE_PROFIT_1000,3295.0
EB1:FETUSDT:2023-10-21T11:00:00+00:00,FETUSDT,BREAKOUT_ATTEMPT,4,VALIDATION_2023_2024,2023,LADDER10_20_RUNNER_7,1519.46716125,TAKE_PROFIT_1000,3295.0
EB1:FETUSDT:2023-10-21T11:00:00+00:00,FETUSDT,BREAKOUT_ATTEMPT,4,VALIDATION_2023_2024,2023,FIXED10_5,-15.727357499999984,STOP,14.0
EB1:FETUSDT:2023-10-21T11:00:00+00:00,FETUSDT,BREAKOUT_ATTEMPT,4,VALIDATION_2023_2024,2023,FIXED20_7,59.16018,TARGET20,67.0
EB1:FETUSDT:2023-12-01T20:00:00+00:00,FETUSDT,PRE_BREAKOUT,4,VALIDATION_2023_2024,2023,FULL_TRAIL_7,-21.7183605,INITIAL_STOP,57.0
EB1:FETUSDT:2023-12-01T20:00:00+00:00,FETUSDT,PRE_BREAKOUT,4,VALIDATION_2023_2024,2023,HALF20_RUNNER_7,-21.7183605,INITIAL_STOP,57.0
EB1:FETUSDT:2023-12-01T20:00:00+00:00,FETUSDT,PRE_BREAKOUT,4,VALIDATION_2023_2024,2023,LADDER10_20_RUNNER_7,-21.7183605,INITIAL_STOP,57.0
EB1:FETUSDT:2023-12-01T20:00:00+00:00,FETUSDT,PRE_BREAKOUT,4,VALIDATION_2023_2024,2023,FIXED10_5,-15.727357499999984,STOP,57.0
EB1:FETUSDT:2023-12-01T20:00:00+00:00,FETUSDT,PRE_BREAKOUT,4,VALIDATION_2023_2024,2023,FIXED20_7,-21.7183605,STOP,57.0
EB1:FETUSDT:2024-09-18T23:00:00+00:00,FETUSDT,BREAKOUT_ATTEMPT,4,VALIDATION_2023_2024,2024,FULL_TRAIL_7,-0.7498500000000341,RUNNER_STOP,282.0
EB1:FETUSDT:2024-09-18T23:00:00+00:00,FETUSDT,BREAKOUT_ATTEMPT,4,VALIDATION_2023_2024,2024,HALF20_RUNNER_7,-21.718360499999942,INITIAL_STOP,326.0
EB1:FETUSDT:2024-09-18T23:00:00+00:00,FETUSDT,BREAKOUT_ATTEMPT,4,VALIDATION_2023_2024,2024,LADDER10_20_RUNNER_7,6.738903749999998,RUNNER_STOP,282.0
EB1:FETUSDT:2024-09-18T23:00:00+00:00,FETUSDT,BREAKOUT_ATTEMPT,4,VALIDATION_2023_2024,2024,FIXED10_5,29.205165000000036,TARGET10,57.0
EB1:FETUSDT:2024-09-18T23:00:00+00:00,FETUSDT,BREAKOUT_ATTEMPT,4,VALIDATION_2023_2024,2024,FIXED20_7,-21.718360499999942,STOP,326.0
EB1:FETUSDT:2024-09-24T12:00:00+00:00,FETUSDT,PRE_BREAKOUT,4,VALIDATION_2023_2024,2024,FULL_TRAIL_7,-21.718360499999942,INITIAL_STOP,92.0
EB1:FETUSDT:2024-09-24T12:00:00+00:00,FETUSDT,PRE_BREAKOUT,4,VALIDATION_2023_2024,2024,HALF20_RUNNER_7,-21.718360499999942,INITIAL_STOP,92.0
EB1:FETUSDT:2024-09-24T12:00:00+00:00,FETUSDT,PRE_BREAKOUT,4,VALIDATION_2023_2024,2024,LADDER10_20_RUNNER_7,-21.718360499999942,INITIAL_STOP,92.0
EB1:FETUSDT:2024-09-24T12:00:00+00:00,FETUSDT,PRE_BREAKOUT,4,VALIDATION_2023_2024,2024,FIXED10_5,-15.727357499999984,STOP,87.0
EB1:FETUSDT:2024-09-24T12:00:00+00:00,FETUSDT,PRE_BREAKOUT,4,VALIDATION_2023_2024,2024,FIXED20_7,-21.718360499999942,STOP,92.0
EB1:INJUSDT:2023-06-26T08:00:00+00:00,INJUSDT,PRE_BREAKOUT,4,VALIDATION_2023_2024,2023,FULL_TRAIL_7,-21.7183605,INITIAL_STOP,53.0
EB1:INJUSDT:2023-06-26T08:00:00+00:00,INJUSDT,PRE_BREAKOUT,4,VALIDATION_2023_2024,2023,HALF20_RUNNER_7,-21.7183605,INITIAL_STOP,53.0
EB1:INJUSDT:2023-06-26T08:00:00+00:00,INJUSDT,PRE_BREAKOUT,4,VALIDATION_2023_2024,2023,LADDER10_20_RUNNER_7,-21.7183605,INITIAL_STOP,53.0
EB1:INJUSDT:2023-06-26T08:00:00+00:00,INJUSDT,PRE_BREAKOUT,4,VALIDATION_2023_2024,2023,FIXED10_5,-15.727357500000041,STOP,2.0
EB1:INJUSDT:2023-06-26T08:00:00+00:00,INJUSDT,PRE_BREAKOUT,4,VALIDATION_2023_2024,2023,FIXED20_7,-21.7183605,STOP,53.0
EB1:INJUSDT:2023-11-29T09:00:00+00:00,INJUSDT,PRE_BREAKOUT,4,VALIDATION_2023_2024,2023,FULL_TRAIL_7,-0.7498500000000341,RUNNER_STOP,116.0
EB1:INJUSDT:2023-11-29T09:00:00+00:00,INJUSDT,PRE_BREAKOUT,4,VALIDATION_2023_2024,2023,HALF20_RUNNER_7,-21.7183605,INITIAL_STOP,116.0
EB1:INJUSDT:2023-11-29T09:00:00+00:00,INJUSDT,PRE_BREAKOUT,4,VALIDATION_2023_2024,2023,LADDER10_20_RUNNER_7,6.7389037499999835,RUNNER_STOP,116.0
EB1:INJUSDT:2023-11-29T09:00:00+00:00,INJUSDT,PRE_BREAKOUT,4,VALIDATION_2023_2024,2023,FIXED10_5,29.20516499999998,TARGET10,18.0
EB1:INJUSDT:2023-11-29T09:00:00+00:00,INJUSDT,PRE_BREAKOUT,4,VALIDATION_2023_2024,2023,FIXED20_7,-21.7183605,STOP,116.0
EB1:INJUSDT:2024-07-21T20:00:00+00:00,INJUSDT,PRE_BREAKOUT,4,VALIDATION_2023_2024,2024,FULL_TRAIL_7,-21.7183605,INITIAL_STOP,27.0
EB1:INJUSDT:2024-07-21T20:00:00+00:00,INJUSDT,PRE_BREAKOUT,4,VALIDATION_2023_2024,2024,HALF20_RUNNER_7,-21.7183605,INITIAL_STOP,27.0
EB1:INJUSDT:2024-07-21T20:00:00+00:00,INJUSDT,PRE_BREAKOUT,4,VALIDATION_2023_2024,2024,LADDER10_20_RUNNER_7,-21.7183605,INITIAL_STOP,27.0
EB1:INJUSDT:2024-07-21T20:00:00+00:00,INJUSDT,PRE_BREAKOUT,4,VALIDATION_2023_2024,2024,FIXED10_5,-15.727357499999984,STOP,26.0
EB1:INJUSDT:2024-07-21T20:00:00+00:00,INJUSDT,PRE_BREAKOUT,4,VALIDATION_2023_2024,2024,FIXED20_7,-21.7183605,STOP,27.0
EB1:INJUSDT:2024-09-19T00:00:00+00:00,INJUSDT,BREAKOUT_ATTEMPT,4,VALIDATION_2023_2024,2024,FULL_TRAIL_7,-0.7498499999999773,RUNNER_STOP,68.0
EB1:INJUSDT:2024-09-19T00:00:00+00:00,INJUSDT,BREAKOUT_ATTEMPT,4,VALIDATION_2023_2024,2024,HALF20_RUNNER_7,29.205165000000008,RUNNER_STOP,299.0
EB1:INJUSDT:2024-09-19T00:00:00+00:00,INJUSDT,BREAKOUT_ATTEMPT,4,VALIDATION_2023_2024,2024,LADDER10_20_RUNNER_7,21.716411250000018,RUNNER_STOP,299.0
EB1:INJUSDT:2024-09-19T00:00:00+00:00,INJUSDT,BREAKOUT_ATTEMPT,4,VALIDATION_2023_2024,2024,FIXED10_5,29.205165000000036,TARGET10,121.0
EB1:INJUSDT:2024-09-19T00:00:00+00:00,INJUSDT,BREAKOUT_ATTEMPT,4,VALIDATION_2023_2024,2024,FIXED20_7,59.16018,TARGET20,285.0
EB1:INJUSDT:2024-09-29T20:00:00+00:00,INJUSDT,PRE_BREAKOUT,4,VALIDATION_2023_2024,2024,FULL_TRAIL_7,-0.7498499999999773,RUNNER_STOP,22.0
EB1:INJUSDT:2024-09-29T20:00:00+00:00,INJUSDT,PRE_BREAKOUT,4,VALIDATION_2023_2024,2024,HALF20_RUNNER_7,-21.718360499999942,INITIAL_STOP,39.0
EB1:INJUSDT:2024-09-29T20:00:00+00:00,INJUSDT,PRE_BREAKOUT,4,VALIDATION_2023_2024,2024,LADDER10_20_RUNNER_7,-21.718360499999942,INITIAL_STOP,39.0
EB1:INJUSDT:2024-09-29T20:00:00+00:00,INJUSDT,PRE_BREAKOUT,4,VALIDATION_2023_2024,2024,FIXED10_5,-15.727357500000041,STOP,38.0
EB1:INJUSDT:2024-09-29T20:00:00+00:00,INJUSDT,PRE_BREAKOUT,4,VALIDATION_2023_2024,2024,FIXED20_7,-21.718360499999942,STOP,39.0
EB1:RUNEUSDT:2023-01-24T09:00:00+00:00,RUNEUSDT,PRE_BREAKOUT,4,VALIDATION_2023_2024,2023,FULL_TRAIL_7,-21.7183605,INITIAL_STOP,7.0
EB1:RUNEUSDT:2023-01-24T09:00:00+00:00,RUNEUSDT,PRE_BREAKOUT,4,VALIDATION_2023_2024,2023,HALF20_RUNNER_7,-21.7183605,INITIAL_STOP,7.0
EB1:RUNEUSDT:2023-01-24T09:00:00+00:00,RUNEUSDT,PRE_BREAKOUT,4,VALIDATION_2023_2024,2023,LADDER10_20_RUNNER_7,-21.7183605,INITIAL_STOP,7.0
EB1:RUNEUSDT:2023-01-24T09:00:00+00:00,RUNEUSDT,PRE_BREAKOUT,4,VALIDATION_2023_2024,2023,FIXED10_5,-15.727357499999984,STOP,7.0
EB1:RUNEUSDT:2023-01-24T09:00:00+00:00,RUNEUSDT,PRE_BREAKOUT,4,VALIDATION_2023_2024,2023,FIXED20_7,-21.7183605,STOP,7.0
EB1:RUNEUSDT:2023-02-02T20:00:00+00:00,RUNEUSDT,PRE_BREAKOUT,4,VALIDATION_2023_2024,2023,FULL_TRAIL_7,-0.7498500000000341,RUNNER_STOP,134.0
EB1:RUNEUSDT:2023-02-02T20:00:00+00:00,RUNEUSDT,PRE_BREAKOUT,4,VALIDATION_2023_2024,2023,HALF20_RUNNER_7,-21.7183605,INITIAL_STOP,161.0
EB1:RUNEUSDT:2023-02-02T20:00:00+00:00,RUNEUSDT,PRE_BREAKOUT,4,VALIDATION_2023_2024,2023,LADDER10_20_RUNNER_7,-21.7183605,INITIAL_STOP,161.0
EB1:RUNEUSDT:2023-02-02T20:00:00+00:00,RUNEUSDT,PRE_BREAKOUT,4,VALIDATION_2023_2024,2023,FIXED10_5,-15.727357500000041,STOP,63.0
EB1:RUNEUSDT:2023-02-02T20:00:00+00:00,RUNEUSDT,PRE_BREAKOUT,4,VALIDATION_2023_2024,2023,FIXED20_7,-21.7183605,STOP,161.0
EB1:RUNEUSDT:2023-11-09T08:00:00+00:00,RUNEUSDT,PRE_BREAKOUT,4,VALIDATION_2023_2024,2023,FULL_TRAIL_7,-0.7498499999999773,RUNNER_STOP,2.0
EB1:RUNEUSDT:2023-11-09T08:00:00+00:00,RUNEUSDT,PRE_BREAKOUT,4,VALIDATION_2023_2024,2023,HALF20_RUNNER_7,-21.718360499999942,INITIAL_STOP,2.0
EB1:RUNEUSDT:2023-11-09T08:00:00+00:00,RUNEUSDT,PRE_BREAKOUT,4,VALIDATION_2023_2024,2023,LADDER10_20_RUNNER_7,-21.718360499999942,INITIAL_STOP,2.0
EB1:RUNEUSDT:2023-11-09T08:00:00+00:00,RUNEUSDT,PRE_BREAKOUT,4,VALIDATION_2023_2024,2023,FIXED10_5,-15.727357499999984,STOP,2.0
EB1:RUNEUSDT:2023-11-09T08:00:00+00:00,RUNEUSDT,PRE_BREAKOUT,4,VALIDATION_2023_2024,2023,FIXED20_7,-21.718360499999942,STOP,2.0
EB1:RUNEUSDT:2024-12-09T02:00:00+00:00,RUNEUSDT,PRE_BREAKOUT,4,VALIDATION_2023_2024,2024,FULL_TRAIL_7,-21.718360499999942,INITIAL_STOP,12.0
EB1:RUNEUSDT:2024-12-09T02:00:00+00:00,RUNEUSDT,PRE_BREAKOUT,4,VALIDATION_2023_2024,2024,HALF20_RUNNER_7,-21.718360499999942,INITIAL_STOP,12.0
EB1:RUNEUSDT:2024-12-09T02:00:00+00:00,RUNEUSDT,PRE_BREAKOUT,4,VALIDATION_2023_2024,2024,LADDER10_20_RUNNER_7,-21.718360499999942,INITIAL_STOP,12.0
EB1:RUNEUSDT:2024-12-09T02:00:00+00:00,RUNEUSDT,PRE_BREAKOUT,4,VALIDATION_2023_2024,2024,FIXED10_5,-15.727357499999927,STOP,1.0
EB1:RUNEUSDT:2024-12-09T02:00:00+00:00,RUNEUSDT,PRE_BREAKOUT,4,VALIDATION_2023_2024,2024,FIXED20_7,-21.718360499999942,STOP,12.0
EB1:APTUSDT:2023-12-21T15:00:00+00:00,APTUSDT,PRE_BREAKOUT,4,VALIDATION_2023_2024,2023,FULL_TRAIL_7,-0.7498500000000341,RUNNER_STOP,303.0
EB1:APTUSDT:2023-12-21T15:00:00+00:00,APTUSDT,PRE_BREAKOUT,4,VALIDATION_2023_2024,2023,HALF20_RUNNER_7,29.20516499999998,RUNNER_STOP,303.0
EB1:APTUSDT:2023-12-21T15:00:00+00:00,APTUSDT,PRE_BREAKOUT,4,VALIDATION_2023_2024,2023,LADDER10_20_RUNNER_7,21.716411249999975,RUNNER_STOP,303.0
EB1:APTUSDT:2023-12-21T15:00:00+00:00,APTUSDT,PRE_BREAKOUT,4,VALIDATION_2023_2024,2023,FIXED10_5,29.20516499999998,TARGET10,27.0
EB1:APTUSDT:2023-12-21T15:00:00+00:00,APTUSDT,PRE_BREAKOUT,4,VALIDATION_2023_2024,2023,FIXED20_7,59.16018,TARGET20,89.0
EB1:OPUSDT:2023-12-20T17:00:00+00:00,OPUSDT,PRE_BREAKOUT,4,VALIDATION_2023_2024,2023,FULL_TRAIL_7,103.67218156836091,RUNNER_STOP,325.0
EB1:OPUSDT:2023-12-20T17:00:00+00:00,OPUSDT,PRE_BREAKOUT,4,VALIDATION_2023_2024,2023,HALF20_RUNNER_7,81.41618078418045,RUNNER_STOP,325.0
EB1:OPUSDT:2023-12-20T17:00:00+00:00,OPUSDT,PRE_BREAKOUT,4,VALIDATION_2023_2024,2023,LADDER10_20_RUNNER_7,73.92742703418045,RUNNER_STOP,325.0
EB1:OPUSDT:2023-12-20T17:00:00+00:00,OPUSDT,PRE_BREAKOUT,4,VALIDATION_2023_2024,2023,FIXED10_5,29.205165000000036,TARGET10,17.0
EB1:OPUSDT:2023-12-20T17:00:00+00:00,OPUSDT,PRE_BREAKOUT,4,VALIDATION_2023_2024,2023,FIXED20_7,59.16018,TARGET20,32.0
EB1:OPUSDT:2024-02-19T07:00:00+00:00,OPUSDT,PRE_BREAKOUT,4,VALIDATION_2023_2024,2024,FULL_TRAIL_7,-0.7498499999999773,RUNNER_STOP,26.0
EB1:OPUSDT:2024-02-19T07:00:00+00:00,OPUSDT,PRE_BREAKOUT,4,VALIDATION_2023_2024,2024,HALF20_RUNNER_7,-21.7183605,INITIAL_STOP,47.0
EB1:OPUSDT:2024-02-19T07:00:00+00:00,OPUSDT,PRE_BREAKOUT,4,VALIDATION_2023_2024,2024,LADDER10_20_RUNNER_7,-21.7183605,INITIAL_STOP,47.0
EB1:OPUSDT:2024-02-19T07:00:00+00:00,OPUSDT,PRE_BREAKOUT,4,VALIDATION_2023_2024,2024,FIXED10_5,-15.727357500000041,STOP,44.0
EB1:OPUSDT:2024-02-19T07:00:00+00:00,OPUSDT,PRE_BREAKOUT,4,VALIDATION_2023_2024,2024,FIXED20_7,-21.7183605,STOP,47.0
EB1:ARBUSDT:2024-03-03T01:00:00+00:00,ARBUSDT,BREAKOUT_ATTEMPT,4,VALIDATION_2023_2024,2024,FULL_TRAIL_7,-21.718360499999942,INITIAL_STOP,0.0
EB1:ARBUSDT:2024-03-03T01:00:00+00:00,ARBUSDT,BREAKOUT_ATTEMPT,4,VALIDATION_2023_2024,2024,HALF20_RUNNER_7,-21.718360499999942,INITIAL_STOP,0.0
EB1:ARBUSDT:2024-03-03T01:00:00+00:00,ARBUSDT,BREAKOUT_ATTEMPT,4,VALIDATION_2023_2024,2024,LADDER10_20_RUNNER_7,-21.718360499999942,INITIAL_STOP,0.0
EB1:ARBUSDT:2024-03-03T01:00:00+00:00,ARBUSDT,BREAKOUT_ATTEMPT,4,VALIDATION_2023_2024,2024,FIXED10_5,-15.727357499999984,STOP,0.0
EB1:ARBUSDT:2024-03-03T01:00:00+00:00,ARBUSDT,BREAKOUT_ATTEMPT,4,VALIDATION_2023_2024,2024,FIXED20_7,-21.718360499999942,STOP,0.0
EB1:ARBUSDT:2024-05-26T15:00:00+00:00,ARBUSDT,PRE_BREAKOUT,4,VALIDATION_2023_2024,2024,FULL_TRAIL_7,-0.7498499999999773,RUNNER_STOP,28.0
EB1:ARBUSDT:2024-05-26T15:00:00+00:00,ARBUSDT,PRE_BREAKOUT,4,VALIDATION_2023_2024,2024,HALF20_RUNNER_7,-21.718360499999942,INITIAL_STOP,81.0
EB1:ARBUSDT:2024-05-26T15:00:00+00:00,ARBUSDT,PRE_BREAKOUT,4,VALIDATION_2023_2024,2024,LADDER10_20_RUNNER_7,-21.718360499999942,INITIAL_STOP,81.0
EB1:ARBUSDT:2024-05-26T15:00:00+00:00,ARBUSDT,PRE_BREAKOUT,4,VALIDATION_2023_2024,2024,FIXED10_5,-15.727357499999984,STOP,66.0
EB1:ARBUSDT:2024-05-26T15:00:00+00:00,ARBUSDT,PRE_BREAKOUT,4,VALIDATION_2023_2024,2024,FIXED20_7,-21.718360499999942,STOP,81.0
EB1:AAVEUSDT:2023-01-22T16:00:00+00:00,AAVEUSDT,PRE_BREAKOUT,4,VALIDATION_2023_2024,2023,FULL_TRAIL_7,-0.7498500000000341,RUNNER_STOP,16.0
EB1:AAVEUSDT:2023-01-22T16:00:00+00:00,AAVEUSDT,PRE_BREAKOUT,4,VALIDATION_2023_2024,2023,HALF20_RUNNER_7,-21.718360499999942,INITIAL_STOP,48.0
EB1:AAVEUSDT:2023-01-22T16:00:00+00:00,AAVEUSDT,PRE_BREAKOUT,4,VALIDATION_2023_2024,2023,LADDER10_20_RUNNER_7,-21.718360499999942,INITIAL_STOP,48.0
EB1:AAVEUSDT:2023-01-22T16:00:00+00:00,AAVEUSDT,PRE_BREAKOUT,4,VALIDATION_2023_2024,2023,FIXED10_5,-15.727357499999984,STOP,48.0
EB1:AAVEUSDT:2023-01-22T16:00:00+00:00,AAVEUSDT,PRE_BREAKOUT,4,VALIDATION_2023_2024,2023,FIXED20_7,-21.718360499999942,STOP,48.0
EB1:AAVEUSDT:2023-01-26T17:00:00+00:00,AAVEUSDT,PRE_BREAKOUT,4,VALIDATION_2023_2024,2023,FULL_TRAIL_7,-21.718360499999942,INITIAL_STOP,82.0
EB1:AAVEUSDT:2023-01-26T17:00:00+00:00,AAVEUSDT,PRE_BREAKOUT,4,VALIDATION_2023_2024,2023,HALF20_RUNNER_7,-21.718360499999942,INITIAL_STOP,82.0
EB1:AAVEUSDT:2023-01-26T17:00:00+00:00,AAVEUSDT,PRE_BREAKOUT,4,VALIDATION_2023_2024,2023,LADDER10_20_RUNNER_7,-21.718360499999942,INITIAL_STOP,82.0
EB1:AAVEUSDT:2023-01-26T17:00:00+00:00,AAVEUSDT,PRE_BREAKOUT,4,VALIDATION_2023_2024,2023,FIXED10_5,-15.727357499999984,STOP,39.0
EB1:AAVEUSDT:2023-01-26T17:00:00+00:00,AAVEUSDT,PRE_BREAKOUT,4,VALIDATION_2023_2024,2023,FIXED20_7,-21.718360499999942,STOP,82.0
EB1:AAVEUSDT:2023-02-19T14:00:00+00:00,AAVEUSDT,BREAKOUT_ATTEMPT,4,VALIDATION_2023_2024,2023,FULL_TRAIL_7,-21.7183605,INITIAL_STOP,60.0
EB1:AAVEUSDT:2023-02-19T14:00:00+00:00,AAVEUSDT,BREAKOUT_ATTEMPT,4,VALIDATION_2023_2024,2023,HALF20_RUNNER_7,-21.7183605,INITIAL_STOP,60.0
EB1:AAVEUSDT:2023-02-19T14:00:00+00:00,AAVEUSDT,BREAKOUT_ATTEMPT,4,VALIDATION_2023_2024,2023,LADDER10_20_RUNNER_7,-21.7183605,INITIAL_STOP,60.0
EB1:AAVEUSDT:2023-02-19T14:00:00+00:00,AAVEUSDT,BREAKOUT_ATTEMPT,4,VALIDATION_2023_2024,2023,FIXED10_5,-15.727357499999984,STOP,49.0
EB1:AAVEUSDT:2023-02-19T14:00:00+00:00,AAVEUSDT,BREAKOUT_ATTEMPT,4,VALIDATION_2023_2024,2023,FIXED20_7,-21.7183605,STOP,60.0
EB1:ZECUSDT:2023-01-20T17:00:00+00:00,ZECUSDT,PRE_BREAKOUT,4,VALIDATION_2023_2024,2023,FULL_TRAIL_7,-21.718360499999942,INITIAL_STOP,95.0
EB1:ZECUSDT:2023-01-20T17:00:00+00:00,ZECUSDT,PRE_BREAKOUT,4,VALIDATION_2023_2024,2023,HALF20_RUNNER_7,-21.718360499999942,INITIAL_STOP,95.0
EB1:ZECUSDT:2023-01-20T17:00:00+00:00,ZECUSDT,PRE_BREAKOUT,4,VALIDATION_2023_2024,2023,LADDER10_20_RUNNER_7,-21.718360499999942,INITIAL_STOP,95.0
EB1:ZECUSDT:2023-01-20T17:00:00+00:00,ZECUSDT,PRE_BREAKOUT,4,VALIDATION_2023_2024,2023,FIXED10_5,-15.727357499999984,STOP,94.0
EB1:ZECUSDT:2023-01-20T17:00:00+00:00,ZECUSDT,PRE_BREAKOUT,4,VALIDATION_2023_2024,2023,FIXED20_7,-21.718360499999942,STOP,95.0
EB1:ZECUSDT:2023-02-01T20:00:00+00:00,ZECUSDT,PRE_BREAKOUT,4,VALIDATION_2023_2024,2023,FULL_TRAIL_7,-21.718360499999942,INITIAL_STOP,82.0
EB1:ZECUSDT:2023-02-01T20:00:00+00:00,ZECUSDT,PRE_BREAKOUT,4,VALIDATION_2023_2024,2023,HALF20_RUNNER_7,-21.718360499999942,INITIAL_STOP,82.0
EB1:ZECUSDT:2023-02-01T20:00:00+00:00,ZECUSDT,PRE_BREAKOUT,4,VALIDATION_2023_2024,2023,LADDER10_20_RUNNER_7,-21.718360499999942,INITIAL_STOP,82.0
EB1:ZECUSDT:2023-02-01T20:00:00+00:00,ZECUSDT,PRE_BREAKOUT,4,VALIDATION_2023_2024,2023,FIXED10_5,-15.727357499999984,STOP,19.0
EB1:ZECUSDT:2023-02-01T20:00:00+00:00,ZECUSDT,PRE_BREAKOUT,4,VALIDATION_2023_2024,2023,FIXED20_7,-21.718360499999942,STOP,82.0
EB1:ZECUSDT:2023-02-19T11:00:00+00:00,ZECUSDT,PRE_BREAKOUT,4,VALIDATION_2023_2024,2023,FULL_TRAIL_7,-0.7498499999999773,RUNNER_STOP,52.0
EB1:ZECUSDT:2023-02-19T11:00:00+00:00,ZECUSDT,PRE_BREAKOUT,4,VALIDATION_2023_2024,2023,HALF20_RUNNER_7,-21.7183605,INITIAL_STOP,146.0
EB1:ZECUSDT:2023-02-19T11:00:00+00:00,ZECUSDT,PRE_BREAKOUT,4,VALIDATION_2023_2024,2023,LADDER10_20_RUNNER_7,-21.7183605,INITIAL_STOP,146.0
EB1:ZECUSDT:2023-02-19T11:00:00+00:00,ZECUSDT,PRE_BREAKOUT,4,VALIDATION_2023_2024,2023,FIXED10_5,-15.727357500000041,STOP,119.0
EB1:ZECUSDT:2023-02-19T11:00:00+00:00,ZECUSDT,PRE_BREAKOUT,4,VALIDATION_2023_2024,2023,FIXED20_7,-21.7183605,STOP,146.0
EB1:ZECUSDT:2023-12-28T15:00:00+00:00,ZECUSDT,PRE_BREAKOUT,4,VALIDATION_2023_2024,2023,FULL_TRAIL_7,-21.718360499999942,INITIAL_STOP,12.0
EB1:ZECUSDT:2023-12-28T15:00:00+00:00,ZECUSDT,PRE_BREAKOUT,4,VALIDATION_2023_2024,2023,HALF20_RUNNER_7,-21.718360499999942,INITIAL_STOP,12.0
EB1:ZECUSDT:2023-12-28T15:00:00+00:00,ZECUSDT,PRE_BREAKOUT,4,VALIDATION_2023_2024,2023,LADDER10_20_RUNNER_7,-21.718360499999942,INITIAL_STOP,12.0
EB1:ZECUSDT:2023-12-28T15:00:00+00:00,ZECUSDT,PRE_BREAKOUT,4,VALIDATION_2023_2024,2023,FIXED10_5,-15.727357499999984,STOP,11.0
EB1:ZECUSDT:2023-12-28T15:00:00+00:00,ZECUSDT,PRE_BREAKOUT,4,VALIDATION_2023_2024,2023,FIXED20_7,-21.718360499999942,STOP,12.0
EB1:CRVUSDT:2024-02-23T10:00:00+00:00,CRVUSDT,PRE_BREAKOUT,4,VALIDATION_2023_2024,2024,FULL_TRAIL_7,-0.7498499999999773,RUNNER_STOP,35.0
EB1:CRVUSDT:2024-02-23T10:00:00+00:00,CRVUSDT,PRE_BREAKOUT,4,VALIDATION_2023_2024,2024,HALF20_RUNNER_7,-21.718360499999942,INITIAL_STOP,121.0
EB1:CRVUSDT:2024-02-23T10:00:00+00:00,CRVUSDT,PRE_BREAKOUT,4,VALIDATION_2023_2024,2024,LADDER10_20_RUNNER_7,6.738903750000026,RUNNER_STOP,35.0
EB1:CRVUSDT:2024-02-23T10:00:00+00:00,CRVUSDT,PRE_BREAKOUT,4,VALIDATION_2023_2024,2024,FIXED10_5,29.205165000000036,TARGET10,16.0
EB1:CRVUSDT:2024-02-23T10:00:00+00:00,CRVUSDT,PRE_BREAKOUT,4,VALIDATION_2023_2024,2024,FIXED20_7,-21.718360499999942,STOP,121.0
EB1:CRVUSDT:2024-03-11T09:00:00+00:00,CRVUSDT,PRE_BREAKOUT,4,VALIDATION_2023_2024,2024,FULL_TRAIL_7,-21.7183605,INITIAL_STOP,26.0
EB1:CRVUSDT:2024-03-11T09:00:00+00:00,CRVUSDT,PRE_BREAKOUT,4,VALIDATION_2023_2024,2024,HALF20_RUNNER_7,-21.7183605,INITIAL_STOP,26.0
EB1:CRVUSDT:2024-03-11T09:00:00+00:00,CRVUSDT,PRE_BREAKOUT,4,VALIDATION_2023_2024,2024,LADDER10_20_RUNNER_7,-21.7183605,INITIAL_STOP,26.0
EB1:CRVUSDT:2024-03-11T09:00:00+00:00,CRVUSDT,PRE_BREAKOUT,4,VALIDATION_2023_2024,2024,FIXED10_5,-15.727357499999984,STOP,26.0
EB1:CRVUSDT:2024-03-11T09:00:00+00:00,CRVUSDT,PRE_BREAKOUT,4,VALIDATION_2023_2024,2024,FIXED20_7,-21.7183605,STOP,26.0
EB1:CRVUSDT:2024-08-01T08:00:00+00:00,CRVUSDT,PRE_BREAKOUT,4,VALIDATION_2023_2024,2024,FULL_TRAIL_7,-21.7183605,INITIAL_STOP,25.0
EB1:CRVUSDT:2024-08-01T08:00:00+00:00,CRVUSDT,PRE_BREAKOUT,4,VALIDATION_2023_2024,2024,HALF20_RUNNER_7,-21.7183605,INITIAL_STOP,25.0
EB1:CRVUSDT:2024-08-01T08:00:00+00:00,CRVUSDT,PRE_BREAKOUT,4,VALIDATION_2023_2024,2024,LADDER10_20_RUNNER_7,-21.7183605,INITIAL_STOP,25.0
EB1:CRVUSDT:2024-08-01T08:00:00+00:00,CRVUSDT,PRE_BREAKOUT,4,VALIDATION_2023_2024,2024,FIXED10_5,-15.727357500000041,STOP,24.0
EB1:CRVUSDT:2024-08-01T08:00:00+00:00,CRVUSDT,PRE_BREAKOUT,4,VALIDATION_2023_2024,2024,FIXED20_7,-21.7183605,STOP,25.0
EB1:SUIUSDT:2023-11-04T17:00:00+00:00,SUIUSDT,PRE_BREAKOUT,4,VALIDATION_2023_2024,2023,FULL_TRAIL_7,-0.7498499999999773,RUNNER_STOP,43.0
EB1:SUIUSDT:2023-11-04T17:00:00+00:00,SUIUSDT,PRE_BREAKOUT,4,VALIDATION_2023_2024,2023,HALF20_RUNNER_7,29.20516499999998,RUNNER_STOP,407.0
EB1:SUIUSDT:2023-11-04T17:00:00+00:00,SUIUSDT,PRE_BREAKOUT,4,VALIDATION_2023_2024,2023,LADDER10_20_RUNNER_7,6.738903750000026,RUNNER_STOP,113.0
EB1:SUIUSDT:2023-11-04T17:00:00+00:00,SUIUSDT,PRE_BREAKOUT,4,VALIDATION_2023_2024,2023,FIXED10_5,-15.727357500000041,STOP,14.0
EB1:SUIUSDT:2023-11-04T17:00:00+00:00,SUIUSDT,PRE_BREAKOUT,4,VALIDATION_2023_2024,2023,FIXED20_7,59.16017999999994,TARGET20,142.0
EB1:SUIUSDT:2023-11-23T13:00:00+00:00,SUIUSDT,PRE_BREAKOUT,4,VALIDATION_2023_2024,2023,FULL_TRAIL_7,-0.7498499999999773,RUNNER_STOP,90.0
EB1:SUIUSDT:2023-11-23T13:00:00+00:00,SUIUSDT,PRE_BREAKOUT,4,VALIDATION_2023_2024,2023,HALF20_RUNNER_7,29.205165000000008,RUNNER_STOP,583.0
EB1:SUIUSDT:2023-11-23T13:00:00+00:00,SUIUSDT,PRE_BREAKOUT,4,VALIDATION_2023_2024,2023,LADDER10_20_RUNNER_7,6.738903750000026,RUNNER_STOP,90.0
EB1:SUIUSDT:2023-11-23T13:00:00+00:00,SUIUSDT,PRE_BREAKOUT,4,VALIDATION_2023_2024,2023,FIXED10_5,29.205165000000036,TARGET10,29.0
EB1:SUIUSDT:2023-11-23T13:00:00+00:00,SUIUSDT,PRE_BREAKOUT,4,VALIDATION_2023_2024,2023,FIXED20_7,59.16018,TARGET20,358.0
EB1:SUIUSDT:2024-03-26T20:00:00+00:00,SUIUSDT,PRE_BREAKOUT,4,VALIDATION_2023_2024,2024,FULL_TRAIL_7,-0.7498499999999773,RUNNER_STOP,67.0
EB1:SUIUSDT:2024-03-26T20:00:00+00:00,SUIUSDT,PRE_BREAKOUT,4,VALIDATION_2023_2024,2024,HALF20_RUNNER_7,-21.718360499999942,INITIAL_STOP,150.0
EB1:SUIUSDT:2024-03-26T20:00:00+00:00,SUIUSDT,PRE_BREAKOUT,4,VALIDATION_2023_2024,2024,LADDER10_20_RUNNER_7,6.738903749999998,RUNNER_STOP,67.0
EB1:SUIUSDT:2024-03-26T20:00:00+00:00,SUIUSDT,PRE_BREAKOUT,4,VALIDATION_2023_2024,2024,FIXED10_5,29.205165000000036,TARGET10,12.0
EB1:SUIUSDT:2024-03-26T20:00:00+00:00,SUIUSDT,PRE_BREAKOUT,4,VALIDATION_2023_2024,2024,FIXED20_7,-21.718360499999942,STOP,150.0
EB1:SUIUSDT:2024-08-23T09:00:00+00:00,SUIUSDT,PRE_BREAKOUT,4,VALIDATION_2023_2024,2024,FULL_TRAIL_7,-0.7498500000000341,RUNNER_STOP,91.0
EB1:SUIUSDT:2024-08-23T09:00:00+00:00,SUIUSDT,PRE_BREAKOUT,4,VALIDATION_2023_2024,2024,HALF20_RUNNER_7,-21.7183605,INITIAL_STOP,103.0
EB1:SUIUSDT:2024-08-23T09:00:00+00:00,SUIUSDT,PRE_BREAKOUT,4,VALIDATION_2023_2024,2024,LADDER10_20_RUNNER_7,6.738903749999998,RUNNER_STOP,91.0
EB1:SUIUSDT:2024-08-23T09:00:00+00:00,SUIUSDT,PRE_BREAKOUT,4,VALIDATION_2023_2024,2024,FIXED10_5,29.205165000000036,TARGET10,1.0
EB1:SUIUSDT:2024-08-23T09:00:00+00:00,SUIUSDT,PRE_BREAKOUT,4,VALIDATION_2023_2024,2024,FIXED20_7,-21.7183605,STOP,103.0
EB1:SUIUSDT:2024-09-29T13:00:00+00:00,SUIUSDT,PRE_BREAKOUT,4,VALIDATION_2023_2024,2024,FULL_TRAIL_7,-21.718360499999942,INITIAL_STOP,7.0
EB1:SUIUSDT:2024-09-29T13:00:00+00:00,SUIUSDT,PRE_BREAKOUT,4,VALIDATION_2023_2024,2024,HALF20_RUNNER_7,-21.718360499999942,INITIAL_STOP,7.0
EB1:SUIUSDT:2024-09-29T13:00:00+00:00,SUIUSDT,PRE_BREAKOUT,4,VALIDATION_2023_2024,2024,LADDER10_20_RUNNER_7,-21.718360499999942,INITIAL_STOP,7.0
EB1:SUIUSDT:2024-09-29T13:00:00+00:00,SUIUSDT,PRE_BREAKOUT,4,VALIDATION_2023_2024,2024,FIXED10_5,-15.727357499999984,STOP,4.0
EB1:SUIUSDT:2024-09-29T13:00:00+00:00,SUIUSDT,PRE_BREAKOUT,4,VALIDATION_2023_2024,2024,FIXED20_7,-21.718360499999942,STOP,7.0
EB1:UNIUSDT:2023-11-16T09:00:00+00:00,UNIUSDT,PRE_BREAKOUT,4,VALIDATION_2023_2024,2023,FULL_TRAIL_7,-21.718360499999942,INITIAL_STOP,23.0
EB1:UNIUSDT:2023-11-16T09:00:00+00:00,UNIUSDT,PRE_BREAKOUT,4,VALIDATION_2023_2024,2023,HALF20_RUNNER_7,-21.718360499999942,INITIAL_STOP,23.0
EB1:UNIUSDT:2023-11-16T09:00:00+00:00,UNIUSDT,PRE_BREAKOUT,4,VALIDATION_2023_2024,2023,LADDER10_20_RUNNER_7,-21.718360499999942,INITIAL_STOP,23.0
EB1:UNIUSDT:2023-11-16T09:00:00+00:00,UNIUSDT,PRE_BREAKOUT,4,VALIDATION_2023_2024,2023,FIXED10_5,-15.727357500000041,STOP,4.0
EB1:UNIUSDT:2023-11-16T09:00:00+00:00,UNIUSDT,PRE_BREAKOUT,4,VALIDATION_2023_2024,2023,FIXED20_7,-21.718360499999942,STOP,23.0
EB1:UNIUSDT:2024-01-10T23:00:00+00:00,UNIUSDT,PRE_BREAKOUT,4,VALIDATION_2023_2024,2024,FULL_TRAIL_7,-21.718360499999942,INITIAL_STOP,182.0
EB1:UNIUSDT:2024-01-10T23:00:00+00:00,UNIUSDT,PRE_BREAKOUT,4,VALIDATION_2023_2024,2024,HALF20_RUNNER_7,-21.718360499999942,INITIAL_STOP,182.0
EB1:UNIUSDT:2024-01-10T23:00:00+00:00,UNIUSDT,PRE_BREAKOUT,4,VALIDATION_2023_2024,2024,LADDER10_20_RUNNER_7,-21.718360499999942,INITIAL_STOP,182.0
EB1:UNIUSDT:2024-01-10T23:00:00+00:00,UNIUSDT,PRE_BREAKOUT,4,VALIDATION_2023_2024,2024,FIXED10_5,-15.727357499999984,STOP,41.0
EB1:UNIUSDT:2024-01-10T23:00:00+00:00,UNIUSDT,PRE_BREAKOUT,4,VALIDATION_2023_2024,2024,FIXED20_7,-21.718360499999942,STOP,182.0
EB1:UNIUSDT:2024-09-30T08:00:00+00:00,UNIUSDT,PRE_BREAKOUT,4,VALIDATION_2023_2024,2024,FULL_TRAIL_7,-21.7183605,INITIAL_STOP,25.0
EB1:UNIUSDT:2024-09-30T08:00:00+00:00,UNIUSDT,PRE_BREAKOUT,4,VALIDATION_2023_2024,2024,HALF20_RUNNER_7,-21.7183605,INITIAL_STOP,25.0
EB1:UNIUSDT:2024-09-30T08:00:00+00:00,UNIUSDT,PRE_BREAKOUT,4,VALIDATION_2023_2024,2024,LADDER10_20_RUNNER_7,-21.7183605,INITIAL_STOP,25.0
EB1:UNIUSDT:2024-09-30T08:00:00+00:00,UNIUSDT,PRE_BREAKOUT,4,VALIDATION_2023_2024,2024,FIXED10_5,-15.727357499999984,STOP,24.0
EB1:UNIUSDT:2024-09-30T08:00:00+00:00,UNIUSDT,PRE_BREAKOUT,4,VALIDATION_2023_2024,2024,FIXED20_7,-21.7183605,STOP,25.0
EB1:UNIUSDT:2024-11-23T00:00:00+00:00,UNIUSDT,PRE_BREAKOUT,4,VALIDATION_2023_2024,2024,FULL_TRAIL_7,-0.7498500000000341,RUNNER_STOP,30.0
EB1:UNIUSDT:2024-11-23T00:00:00+00:00,UNIUSDT,PRE_BREAKOUT,4,VALIDATION_2023_2024,2024,HALF20_RUNNER_7,82.6400068087,RUNNER_STOP,620.0
EB1:UNIUSDT:2024-11-23T00:00:00+00:00,UNIUSDT,PRE_BREAKOUT,4,VALIDATION_2023_2024,2024,LADDER10_20_RUNNER_7,6.738903749999969,RUNNER_STOP,30.0
EB1:UNIUSDT:2024-11-23T00:00:00+00:00,UNIUSDT,PRE_BREAKOUT,4,VALIDATION_2023_2024,2024,FIXED10_5,29.205165000000036,TARGET10,9.0
EB1:UNIUSDT:2024-11-23T00:00:00+00:00,UNIUSDT,PRE_BREAKOUT,4,VALIDATION_2023_2024,2024,FIXED20_7,59.16018,TARGET20,56.0
EB1:CVXUSDT:2023-01-22T16:00:00+00:00,CVXUSDT,PRE_BREAKOUT,4,VALIDATION_2023_2024,2023,FULL_TRAIL_7,-0.7498499999999773,RUNNER_STOP,47.0
EB1:CVXUSDT:2023-01-22T16:00:00+00:00,CVXUSDT,PRE_BREAKOUT,4,VALIDATION_2023_2024,2023,HALF20_RUNNER_7,52.70406383498717,RUNNER_STOP,326.0
EB1:CVXUSDT:2023-01-22T16:00:00+00:00,CVXUSDT,PRE_BREAKOUT,4,VALIDATION_2023_2024,2023,LADDER10_20_RUNNER_7,45.21531008498718,RUNNER_STOP,326.0
EB1:CVXUSDT:2023-01-22T16:00:00+00:00,CVXUSDT,PRE_BREAKOUT,4,VALIDATION_2023_2024,2023,FIXED10_5,-15.727357500000041,STOP,50.0
EB1:CVXUSDT:2023-01-22T16:00:00+00:00,CVXUSDT,PRE_BREAKOUT,4,VALIDATION_2023_2024,2023,FIXED20_7,59.16018,TARGET20,159.0
EB1:CVXUSDT:2024-03-05T13:00:00+00:00,CVXUSDT,PRE_BREAKOUT,4,VALIDATION_2023_2024,2024,FULL_TRAIL_7,-21.718360499999942,INITIAL_STOP,0.0
EB1:CVXUSDT:2024-03-05T13:00:00+00:00,CVXUSDT,PRE_BREAKOUT,4,VALIDATION_2023_2024,2024,HALF20_RUNNER_7,-21.718360499999942,INITIAL_STOP,0.0
EB1:CVXUSDT:2024-03-05T13:00:00+00:00,CVXUSDT,PRE_BREAKOUT,4,VALIDATION_2023_2024,2024,LADDER10_20_RUNNER_7,-21.718360499999942,INITIAL_STOP,0.0
EB1:CVXUSDT:2024-03-05T13:00:00+00:00,CVXUSDT,PRE_BREAKOUT,4,VALIDATION_2023_2024,2024,FIXED10_5,-15.727357499999984,STOP,0.0
EB1:CVXUSDT:2024-03-05T13:00:00+00:00,CVXUSDT,PRE_BREAKOUT,4,VALIDATION_2023_2024,2024,FIXED20_7,-21.718360499999942,STOP,0.0
EB1:COTIUSDT:2023-01-20T19:00:00+00:00,COTIUSDT,PRE_BREAKOUT,4,VALIDATION_2023_2024,2023,FULL_TRAIL_7,78.77184023887023,RUNNER_STOP,234.0
EB1:COTIUSDT:2023-01-20T19:00:00+00:00,COTIUSDT,PRE_BREAKOUT,4,VALIDATION_2023_2024,2023,HALF20_RUNNER_7,68.96601011943511,RUNNER_STOP,234.0
EB1:COTIUSDT:2023-01-20T19:00:00+00:00,COTIUSDT,PRE_BREAKOUT,4,VALIDATION_2023_2024,2023,LADDER10_20_RUNNER_7,61.47725636943512,RUNNER_STOP,234.0
EB1:COTIUSDT:2023-01-20T19:00:00+00:00,COTIUSDT,PRE_BREAKOUT,4,VALIDATION_2023_2024,2023,FIXED10_5,29.205165000000036,TARGET10,32.0
EB1:COTIUSDT:2023-01-20T19:00:00+00:00,COTIUSDT,PRE_BREAKOUT,4,VALIDATION_2023_2024,2023,FIXED20_7,59.16018,TARGET20,81.0
EB1:COTIUSDT:2023-11-29T13:00:00+00:00,COTIUSDT,PRE_BREAKOUT,4,VALIDATION_2023_2024,2023,FULL_TRAIL_7,-21.7183605,INITIAL_STOP,89.0
EB1:COTIUSDT:2023-11-29T13:00:00+00:00,COTIUSDT,PRE_BREAKOUT,4,VALIDATION_2023_2024,2023,HALF20_RUNNER_7,-21.7183605,INITIAL_STOP,89.0
EB1:COTIUSDT:2023-11-29T13:00:00+00:00,COTIUSDT,PRE_BREAKOUT,4,VALIDATION_2023_2024,2023,LADDER10_20_RUNNER_7,-21.7183605,INITIAL_STOP,89.0
EB1:COTIUSDT:2023-11-29T13:00:00+00:00,COTIUSDT,PRE_BREAKOUT,4,VALIDATION_2023_2024,2023,FIXED10_5,-15.727357500000041,STOP,11.0
EB1:COTIUSDT:2023-11-29T13:00:00+00:00,COTIUSDT,PRE_BREAKOUT,4,VALIDATION_2023_2024,2023,FIXED20_7,-21.7183605,STOP,89.0
EB1:AUCTIONUSDT:2024-02-10T14:00:00+00:00,AUCTIONUSDT,BREAKOUT_ATTEMPT,4,VALIDATION_2023_2024,2024,FULL_TRAIL_7,-21.718360499999942,INITIAL_STOP,38.0
EB1:AUCTIONUSDT:2024-02-10T14:00:00+00:00,AUCTIONUSDT,BREAKOUT_ATTEMPT,4,VALIDATION_2023_2024,2024,HALF20_RUNNER_7,-21.718360499999942,INITIAL_STOP,38.0
EB1:AUCTIONUSDT:2024-02-10T14:00:00+00:00,AUCTIONUSDT,BREAKOUT_ATTEMPT,4,VALIDATION_2023_2024,2024,LADDER10_20_RUNNER_7,-21.718360499999942,INITIAL_STOP,38.0
EB1:AUCTIONUSDT:2024-02-10T14:00:00+00:00,AUCTIONUSDT,BREAKOUT_ATTEMPT,4,VALIDATION_2023_2024,2024,FIXED10_5,-15.727357499999984,STOP,23.0
EB1:AUCTIONUSDT:2024-02-10T14:00:00+00:00,AUCTIONUSDT,BREAKOUT_ATTEMPT,4,VALIDATION_2023_2024,2024,FIXED20_7,-21.718360499999942,STOP,38.0
EB1:AUCTIONUSDT:2024-02-15T02:00:00+00:00,AUCTIONUSDT,BREAKOUT_ATTEMPT,4,VALIDATION_2023_2024,2024,FULL_TRAIL_7,-21.7183605,INITIAL_STOP,12.0
EB1:AUCTIONUSDT:2024-02-15T02:00:00+00:00,AUCTIONUSDT,BREAKOUT_ATTEMPT,4,VALIDATION_2023_2024,2024,HALF20_RUNNER_7,-21.7183605,INITIAL_STOP,12.0
EB1:AUCTIONUSDT:2024-02-15T02:00:00+00:00,AUCTIONUSDT,BREAKOUT_ATTEMPT,4,VALIDATION_2023_2024,2024,LADDER10_20_RUNNER_7,-21.7183605,INITIAL_STOP,12.0
EB1:AUCTIONUSDT:2024-02-15T02:00:00+00:00,AUCTIONUSDT,BREAKOUT_ATTEMPT,4,VALIDATION_2023_2024,2024,FIXED10_5,-15.727357499999984,STOP,8.0
EB1:AUCTIONUSDT:2024-02-15T02:00:00+00:00,AUCTIONUSDT,BREAKOUT_ATTEMPT,4,VALIDATION_2023_2024,2024,FIXED20_7,-21.7183605,STOP,12.0
EB1:AUCTIONUSDT:2024-06-13T16:00:00+00:00,AUCTIONUSDT,PRE_BREAKOUT,4,VALIDATION_2023_2024,2024,FULL_TRAIL_7,-21.718360499999942,INITIAL_STOP,11.0
EB1:AUCTIONUSDT:2024-06-13T16:00:00+00:00,AUCTIONUSDT,PRE_BREAKOUT,4,VALIDATION_2023_2024,2024,HALF20_RUNNER_7,-21.718360499999942,INITIAL_STOP,11.0
EB1:AUCTIONUSDT:2024-06-13T16:00:00+00:00,AUCTIONUSDT,PRE_BREAKOUT,4,VALIDATION_2023_2024,2024,LADDER10_20_RUNNER_7,-21.718360499999942,INITIAL_STOP,11.0
EB1:AUCTIONUSDT:2024-06-13T16:00:00+00:00,AUCTIONUSDT,PRE_BREAKOUT,4,VALIDATION_2023_2024,2024,FIXED10_5,-15.727357499999984,STOP,3.0
EB1:AUCTIONUSDT:2024-06-13T16:00:00+00:00,AUCTIONUSDT,PRE_BREAKOUT,4,VALIDATION_2023_2024,2024,FIXED20_7,-21.718360499999942,STOP,11.0
EB1:AUCTIONUSDT:2024-06-17T03:00:00+00:00,AUCTIONUSDT,PRE_BREAKOUT,4,VALIDATION_2023_2024,2024,FULL_TRAIL_7,-21.7183605,INITIAL_STOP,15.0
EB1:AUCTIONUSDT:2024-06-17T03:00:00+00:00,AUCTIONUSDT,PRE_BREAKOUT,4,VALIDATION_2023_2024,2024,HALF20_RUNNER_7,-21.7183605,INITIAL_STOP,15.0
EB1:AUCTIONUSDT:2024-06-17T03:00:00+00:00,AUCTIONUSDT,PRE_BREAKOUT,4,VALIDATION_2023_2024,2024,LADDER10_20_RUNNER_7,-21.7183605,INITIAL_STOP,15.0
EB1:AUCTIONUSDT:2024-06-17T03:00:00+00:00,AUCTIONUSDT,PRE_BREAKOUT,4,VALIDATION_2023_2024,2024,FIXED10_5,-15.727357499999984,STOP,15.0
EB1:AUCTIONUSDT:2024-06-17T03:00:00+00:00,AUCTIONUSDT,PRE_BREAKOUT,4,VALIDATION_2023_2024,2024,FIXED20_7,-21.7183605,STOP,15.0
EB1:AUCTIONUSDT:2024-11-19T01:00:00+00:00,AUCTIONUSDT,PRE_BREAKOUT,4,VALIDATION_2023_2024,2024,FULL_TRAIL_7,-21.7183605,INITIAL_STOP,7.0
EB1:AUCTIONUSDT:2024-11-19T01:00:00+00:00,AUCTIONUSDT,PRE_BREAKOUT,4,VALIDATION_2023_2024,2024,HALF20_RUNNER_7,-21.7183605,INITIAL_STOP,7.0
EB1:AUCTIONUSDT:2024-11-19T01:00:00+00:00,AUCTIONUSDT,PRE_BREAKOUT,4,VALIDATION_2023_2024,2024,LADDER10_20_RUNNER_7,-21.7183605,INITIAL_STOP,7.0
EB1:AUCTIONUSDT:2024-11-19T01:00:00+00:00,AUCTIONUSDT,PRE_BREAKOUT,4,VALIDATION_2023_2024,2024,FIXED10_5,-15.727357499999984,STOP,6.0
EB1:AUCTIONUSDT:2024-11-19T01:00:00+00:00,AUCTIONUSDT,PRE_BREAKOUT,4,VALIDATION_2023_2024,2024,FIXED20_7,-21.7183605,STOP,7.0
EB1:SUNUSDT:2023-02-20T04:00:00+00:00,SUNUSDT,BREAKOUT_ATTEMPT,4,VALIDATION_2023_2024,2023,FULL_TRAIL_7,48.98623145237369,RUNNER_STOP,24.0
EB1:SUNUSDT:2023-02-20T04:00:00+00:00,SUNUSDT,BREAKOUT_ATTEMPT,4,VALIDATION_2023_2024,2023,HALF20_RUNNER_7,54.07320572618681,RUNNER_STOP,24.0
EB1:SUNUSDT:2023-02-20T04:00:00+00:00,SUNUSDT,BREAKOUT_ATTEMPT,4,VALIDATION_2023_2024,2023,LADDER10_20_RUNNER_7,46.584451976186834,RUNNER_STOP,24.0
EB1:SUNUSDT:2023-02-20T04:00:00+00:00,SUNUSDT,BREAKOUT_ATTEMPT,4,VALIDATION_2023_2024,2023,FIXED10_5,29.205165000000036,TARGET10,22.0
EB1:SUNUSDT:2023-02-20T04:00:00+00:00,SUNUSDT,BREAKOUT_ATTEMPT,4,VALIDATION_2023_2024,2023,FIXED20_7,59.16017999999994,TARGET20,22.0
EB1:PEOPLEUSDT:2023-04-04T10:00:00+00:00,PEOPLEUSDT,PRE_BREAKOUT,4,VALIDATION_2023_2024,2023,FULL_TRAIL_7,-0.7498499999999773,RUNNER_STOP,22.0
EB1:PEOPLEUSDT:2023-04-04T10:00:00+00:00,PEOPLEUSDT,PRE_BREAKOUT,4,VALIDATION_2023_2024,2023,HALF20_RUNNER_7,-21.718360499999942,INITIAL_STOP,178.0
EB1:PEOPLEUSDT:2023-04-04T10:00:00+00:00,PEOPLEUSDT,PRE_BREAKOUT,4,VALIDATION_2023_2024,2023,LADDER10_20_RUNNER_7,6.738903750000026,RUNNER_STOP,109.0
EB1:PEOPLEUSDT:2023-04-04T10:00:00+00:00,PEOPLEUSDT,PRE_BREAKOUT,4,VALIDATION_2023_2024,2023,FIXED10_5,-15.727357499999984,STOP,58.0
EB1:PEOPLEUSDT:2023-04-04T10:00:00+00:00,PEOPLEUSDT,PRE_BREAKOUT,4,VALIDATION_2023_2024,2023,FIXED20_7,-21.718360499999942,STOP,178.0
EB1:PEOPLEUSDT:2023-11-05T04:00:00+00:00,PEOPLEUSDT,BREAKOUT_ATTEMPT,4,VALIDATION_2023_2024,2023,FULL_TRAIL_7,-0.7498499999999773,RUNNER_STOP,97.0
EB1:PEOPLEUSDT:2023-11-05T04:00:00+00:00,PEOPLEUSDT,BREAKOUT_ATTEMPT,4,VALIDATION_2023_2024,2023,HALF20_RUNNER_7,-21.718360499999942,INITIAL_STOP,102.0
EB1:PEOPLEUSDT:2023-11-05T04:00:00+00:00,PEOPLEUSDT,BREAKOUT_ATTEMPT,4,VALIDATION_2023_2024,2023,LADDER10_20_RUNNER_7,-21.718360499999942,INITIAL_STOP,102.0
EB1:PEOPLEUSDT:2023-11-05T04:00:00+00:00,PEOPLEUSDT,BREAKOUT_ATTEMPT,4,VALIDATION_2023_2024,2023,FIXED10_5,-15.727357499999984,STOP,3.0
EB1:PEOPLEUSDT:2023-11-05T04:00:00+00:00,PEOPLEUSDT,BREAKOUT_ATTEMPT,4,VALIDATION_2023_2024,2023,FIXED20_7,-21.718360499999942,STOP,102.0
EB1:PEOPLEUSDT:2024-07-22T00:00:00+00:00,PEOPLEUSDT,PRE_BREAKOUT,4,VALIDATION_2023_2024,2024,FULL_TRAIL_7,-21.718360499999942,INITIAL_STOP,31.0
EB1:PEOPLEUSDT:2024-07-22T00:00:00+00:00,PEOPLEUSDT,PRE_BREAKOUT,4,VALIDATION_2023_2024,2024,HALF20_RUNNER_7,-21.718360499999942,INITIAL_STOP,31.0
EB1:PEOPLEUSDT:2024-07-22T00:00:00+00:00,PEOPLEUSDT,PRE_BREAKOUT,4,VALIDATION_2023_2024,2024,LADDER10_20_RUNNER_7,-21.718360499999942,INITIAL_STOP,31.0
EB1:PEOPLEUSDT:2024-07-22T00:00:00+00:00,PEOPLEUSDT,PRE_BREAKOUT,4,VALIDATION_2023_2024,2024,FIXED10_5,-15.727357499999984,STOP,16.0
EB1:PEOPLEUSDT:2024-07-22T00:00:00+00:00,PEOPLEUSDT,PRE_BREAKOUT,4,VALIDATION_2023_2024,2024,FIXED20_7,-21.718360499999942,STOP,31.0
EB1:SANDUSDT:2023-10-30T08:00:00+00:00,SANDUSDT,PRE_BREAKOUT,4,VALIDATION_2023_2024,2023,FULL_TRAIL_7,-21.7183605,INITIAL_STOP,25.0
EB1:SANDUSDT:2023-10-30T08:00:00+00:00,SANDUSDT,PRE_BREAKOUT,4,VALIDATION_2023_2024,2023,HALF20_RUNNER_7,-21.7183605,INITIAL_STOP,25.0
EB1:SANDUSDT:2023-10-30T08:00:00+00:00,SANDUSDT,PRE_BREAKOUT,4,VALIDATION_2023_2024,2023,LADDER10_20_RUNNER_7,-21.7183605,INITIAL_STOP,25.0
EB1:SANDUSDT:2023-10-30T08:00:00+00:00,SANDUSDT,PRE_BREAKOUT,4,VALIDATION_2023_2024,2023,FIXED10_5,-15.727357500000041,STOP,23.0
EB1:SANDUSDT:2023-10-30T08:00:00+00:00,SANDUSDT,PRE_BREAKOUT,4,VALIDATION_2023_2024,2023,FIXED20_7,-21.7183605,STOP,25.0
EB1:SANDUSDT:2023-11-05T14:00:00+00:00,SANDUSDT,PRE_BREAKOUT,4,VALIDATION_2023_2024,2023,FULL_TRAIL_7,-0.7498499999999773,RUNNER_STOP,45.0
EB1:SANDUSDT:2023-11-05T14:00:00+00:00,SANDUSDT,PRE_BREAKOUT,4,VALIDATION_2023_2024,2023,HALF20_RUNNER_7,-21.7183605,INITIAL_STOP,92.0
EB1:SANDUSDT:2023-11-05T14:00:00+00:00,SANDUSDT,PRE_BREAKOUT,4,VALIDATION_2023_2024,2023,LADDER10_20_RUNNER_7,6.738903750000012,RUNNER_STOP,92.0
EB1:SANDUSDT:2023-11-05T14:00:00+00:00,SANDUSDT,PRE_BREAKOUT,4,VALIDATION_2023_2024,2023,FIXED10_5,29.20516499999998,TARGET10,78.0
EB1:SANDUSDT:2023-11-05T14:00:00+00:00,SANDUSDT,PRE_BREAKOUT,4,VALIDATION_2023_2024,2023,FIXED20_7,-21.7183605,STOP,92.0
EB1:SANDUSDT:2023-11-25T03:00:00+00:00,SANDUSDT,PRE_BREAKOUT,4,VALIDATION_2023_2024,2023,FULL_TRAIL_7,-21.7183605,INITIAL_STOP,49.0
EB1:SANDUSDT:2023-11-25T03:00:00+00:00,SANDUSDT,PRE_BREAKOUT,4,VALIDATION_2023_2024,2023,HALF20_RUNNER_7,-21.7183605,INITIAL_STOP,49.0
EB1:SANDUSDT:2023-11-25T03:00:00+00:00,SANDUSDT,PRE_BREAKOUT,4,VALIDATION_2023_2024,2023,LADDER10_20_RUNNER_7,-21.7183605,INITIAL_STOP,49.0
EB1:SANDUSDT:2023-11-25T03:00:00+00:00,SANDUSDT,PRE_BREAKOUT,4,VALIDATION_2023_2024,2023,FIXED10_5,-15.727357499999984,STOP,31.0
EB1:SANDUSDT:2023-11-25T03:00:00+00:00,SANDUSDT,PRE_BREAKOUT,4,VALIDATION_2023_2024,2023,FIXED20_7,-21.7183605,STOP,49.0
EB1:WLDUSDT:2023-08-02T11:00:00+00:00,WLDUSDT,PRE_BREAKOUT,4,VALIDATION_2023_2024,2023,FULL_TRAIL_7,-21.7183605,INITIAL_STOP,11.0
EB1:WLDUSDT:2023-08-02T11:00:00+00:00,WLDUSDT,PRE_BREAKOUT,4,VALIDATION_2023_2024,2023,HALF20_RUNNER_7,-21.7183605,INITIAL_STOP,11.0
EB1:WLDUSDT:2023-08-02T11:00:00+00:00,WLDUSDT,PRE_BREAKOUT,4,VALIDATION_2023_2024,2023,LADDER10_20_RUNNER_7,-21.7183605,INITIAL_STOP,11.0
EB1:WLDUSDT:2023-08-02T11:00:00+00:00,WLDUSDT,PRE_BREAKOUT,4,VALIDATION_2023_2024,2023,FIXED10_5,-15.727357500000041,STOP,3.0
EB1:WLDUSDT:2023-08-02T11:00:00+00:00,WLDUSDT,PRE_BREAKOUT,4,VALIDATION_2023_2024,2023,FIXED20_7,-21.7183605,STOP,11.0
EB1:WLDUSDT:2023-10-30T19:00:00+00:00,WLDUSDT,PRE_BREAKOUT,4,VALIDATION_2023_2024,2023,FULL_TRAIL_7,-0.7498499999999773,RUNNER_STOP,30.0
EB1:WLDUSDT:2023-10-30T19:00:00+00:00,WLDUSDT,PRE_BREAKOUT,4,VALIDATION_2023_2024,2023,HALF20_RUNNER_7,-21.7183605,INITIAL_STOP,62.0
EB1:WLDUSDT:2023-10-30T19:00:00+00:00,WLDUSDT,PRE_BREAKOUT,4,VALIDATION_2023_2024,2023,LADDER10_20_RUNNER_7,-21.7183605,INITIAL_STOP,62.0
EB1:WLDUSDT:2023-10-30T19:00:00+00:00,WLDUSDT,PRE_BREAKOUT,4,VALIDATION_2023_2024,2023,FIXED10_5,-15.727357500000041,STOP,60.0
EB1:WLDUSDT:2023-10-30T19:00:00+00:00,WLDUSDT,PRE_BREAKOUT,4,VALIDATION_2023_2024,2023,FIXED20_7,-21.7183605,STOP,62.0
EB1:WLDUSDT:2023-12-09T13:00:00+00:00,WLDUSDT,PRE_BREAKOUT,4,VALIDATION_2023_2024,2023,FULL_TRAIL_7,-0.7498499999999773,RUNNER_STOP,31.0
EB1:WLDUSDT:2023-12-09T13:00:00+00:00,WLDUSDT,PRE_BREAKOUT,4,VALIDATION_2023_2024,2023,HALF20_RUNNER_7,-21.7183605,INITIAL_STOP,79.0
EB1:WLDUSDT:2023-12-09T13:00:00+00:00,WLDUSDT,PRE_BREAKOUT,4,VALIDATION_2023_2024,2023,LADDER10_20_RUNNER_7,6.738903750000026,RUNNER_STOP,31.0
EB1:WLDUSDT:2023-12-09T13:00:00+00:00,WLDUSDT,PRE_BREAKOUT,4,VALIDATION_2023_2024,2023,FIXED10_5,29.205165000000036,TARGET10,27.0
EB1:WLDUSDT:2023-12-09T13:00:00+00:00,WLDUSDT,PRE_BREAKOUT,4,VALIDATION_2023_2024,2023,FIXED20_7,-21.7183605,STOP,79.0
EB1:GALAUSDT:2023-07-17T12:00:00+00:00,GALAUSDT,PRE_BREAKOUT,4,VALIDATION_2023_2024,2023,FULL_TRAIL_7,-0.7498499999999773,RUNNER_STOP,12.0
EB1:GALAUSDT:2023-07-17T12:00:00+00:00,GALAUSDT,PRE_BREAKOUT,4,VALIDATION_2023_2024,2023,HALF20_RUNNER_7,-21.718360499999942,INITIAL_STOP,159.0
EB1:GALAUSDT:2023-07-17T12:00:00+00:00,GALAUSDT,PRE_BREAKOUT,4,VALIDATION_2023_2024,2023,LADDER10_20_RUNNER_7,-21.718360499999942,INITIAL_STOP,159.0
EB1:GALAUSDT:2023-07-17T12:00:00+00:00,GALAUSDT,PRE_BREAKOUT,4,VALIDATION_2023_2024,2023,FIXED10_5,-15.727357499999984,STOP,159.0
EB1:GALAUSDT:2023-07-17T12:00:00+00:00,GALAUSDT,PRE_BREAKOUT,4,VALIDATION_2023_2024,2023,FIXED20_7,-21.718360499999942,STOP,159.0
EB1:GALAUSDT:2024-08-18T13:00:00+00:00,GALAUSDT,PRE_BREAKOUT,4,VALIDATION_2023_2024,2024,FULL_TRAIL_7,-0.7498499999999773,RUNNER_STOP,66.0
EB1:GALAUSDT:2024-08-18T13:00:00+00:00,GALAUSDT,PRE_BREAKOUT,4,VALIDATION_2023_2024,2024,HALF20_RUNNER_7,29.205165000000008,RUNNER_STOP,390.0
EB1:GALAUSDT:2024-08-18T13:00:00+00:00,GALAUSDT,PRE_BREAKOUT,4,VALIDATION_2023_2024,2024,LADDER10_20_RUNNER_7,6.738903750000026,RUNNER_STOP,66.0
EB1:GALAUSDT:2024-08-18T13:00:00+00:00,GALAUSDT,PRE_BREAKOUT,4,VALIDATION_2023_2024,2024,FIXED10_5,29.205165000000036,TARGET10,49.0
EB1:GALAUSDT:2024-08-18T13:00:00+00:00,GALAUSDT,PRE_BREAKOUT,4,VALIDATION_2023_2024,2024,FIXED20_7,59.16018,TARGET20,113.0
EB1:GALAUSDT:2024-10-19T14:00:00+00:00,GALAUSDT,PRE_BREAKOUT,4,VALIDATION_2023_2024,2024,FULL_TRAIL_7,-0.7498499999999773,RUNNER_STOP,61.0
EB1:GALAUSDT:2024-10-19T14:00:00+00:00,GALAUSDT,PRE_BREAKOUT,4,VALIDATION_2023_2024,2024,HALF20_RUNNER_7,-21.718360499999942,INITIAL_STOP,147.0
EB1:GALAUSDT:2024-10-19T14:00:00+00:00,GALAUSDT,PRE_BREAKOUT,4,VALIDATION_2023_2024,2024,LADDER10_20_RUNNER_7,-21.718360499999942,INITIAL_STOP,147.0
EB1:GALAUSDT:2024-10-19T14:00:00+00:00,GALAUSDT,PRE_BREAKOUT,4,VALIDATION_2023_2024,2024,FIXED10_5,-15.727357499999984,STOP,142.0
EB1:GALAUSDT:2024-10-19T14:00:00+00:00,GALAUSDT,PRE_BREAKOUT,4,VALIDATION_2023_2024,2024,FIXED20_7,-21.718360499999942,STOP,147.0
EB1:ETCUSDT:2023-06-30T06:00:00+00:00,ETCUSDT,PRE_BREAKOUT,4,VALIDATION_2023_2024,2023,FULL_TRAIL_7,-21.718360499999942,INITIAL_STOP,1.0
EB1:ETCUSDT:2023-06-30T06:00:00+00:00,ETCUSDT,PRE_BREAKOUT,4,VALIDATION_2023_2024,2023,HALF20_RUNNER_7,-21.718360499999942,INITIAL_STOP,1.0
EB1:ETCUSDT:2023-06-30T06:00:00+00:00,ETCUSDT,PRE_BREAKOUT,4,VALIDATION_2023_2024,2023,LADDER10_20_RUNNER_7,-21.718360499999942,INITIAL_STOP,1.0
EB1:ETCUSDT:2023-06-30T06:00:00+00:00,ETCUSDT,PRE_BREAKOUT,4,VALIDATION_2023_2024,2023,FIXED10_5,-15.727357499999984,STOP,1.0
EB1:ETCUSDT:2023-06-30T06:00:00+00:00,ETCUSDT,PRE_BREAKOUT,4,VALIDATION_2023_2024,2023,FIXED20_7,-21.718360499999942,STOP,1.0
EB1:ETCUSDT:2023-12-07T15:00:00+00:00,ETCUSDT,PRE_BREAKOUT,4,VALIDATION_2023_2024,2023,FULL_TRAIL_7,-0.7498500000000341,RUNNER_STOP,60.0
EB1:ETCUSDT:2023-12-07T15:00:00+00:00,ETCUSDT,PRE_BREAKOUT,4,VALIDATION_2023_2024,2023,HALF20_RUNNER_7,-21.718360499999942,INITIAL_STOP,77.0
EB1:ETCUSDT:2023-12-07T15:00:00+00:00,ETCUSDT,PRE_BREAKOUT,4,VALIDATION_2023_2024,2023,LADDER10_20_RUNNER_7,-21.718360499999942,INITIAL_STOP,77.0
EB1:ETCUSDT:2023-12-07T15:00:00+00:00,ETCUSDT,PRE_BREAKOUT,4,VALIDATION_2023_2024,2023,FIXED10_5,-15.727357499999984,STOP,77.0
EB1:ETCUSDT:2023-12-07T15:00:00+00:00,ETCUSDT,PRE_BREAKOUT,4,VALIDATION_2023_2024,2023,FIXED20_7,-21.718360499999942,STOP,77.0
EB1:ETCUSDT:2024-11-16T09:00:00+00:00,ETCUSDT,BREAKOUT_ATTEMPT,4,VALIDATION_2023_2024,2024,FULL_TRAIL_7,-0.7498499999999773,RUNNER_STOP,20.0
EB1:ETCUSDT:2024-11-16T09:00:00+00:00,ETCUSDT,BREAKOUT_ATTEMPT,4,VALIDATION_2023_2024,2024,HALF20_RUNNER_7,60.43783094448781,RUNNER_STOP,558.0
EB1:ETCUSDT:2024-11-16T09:00:00+00:00,ETCUSDT,BREAKOUT_ATTEMPT,4,VALIDATION_2023_2024,2024,LADDER10_20_RUNNER_7,6.738903750000026,RUNNER_STOP,20.0
EB1:ETCUSDT:2024-11-16T09:00:00+00:00,ETCUSDT,BREAKOUT_ATTEMPT,4,VALIDATION_2023_2024,2024,FIXED10_5,29.205165000000036,TARGET10,9.0
EB1:ETCUSDT:2024-11-16T09:00:00+00:00,ETCUSDT,BREAKOUT_ATTEMPT,4,VALIDATION_2023_2024,2024,FIXED20_7,59.160180000000054,TARGET20,211.0
EB1:MANAUSDT:2023-11-02T00:00:00+00:00,MANAUSDT,BREAKOUT_ATTEMPT,4,VALIDATION_2023_2024,2023,FULL_TRAIL_7,-0.7498499999999773,RUNNER_STOP,79.0
EB1:MANAUSDT:2023-11-02T00:00:00+00:00,MANAUSDT,BREAKOUT_ATTEMPT,4,VALIDATION_2023_2024,2023,HALF20_RUNNER_7,29.205165000000036,RUNNER_STOP,385.0
EB1:MANAUSDT:2023-11-02T00:00:00+00:00,MANAUSDT,BREAKOUT_ATTEMPT,4,VALIDATION_2023_2024,2023,LADDER10_20_RUNNER_7,6.73890375000004,RUNNER_STOP,178.0
EB1:MANAUSDT:2023-11-02T00:00:00+00:00,MANAUSDT,BREAKOUT_ATTEMPT,4,VALIDATION_2023_2024,2023,FIXED10_5,29.205165000000093,TARGET10,166.0
EB1:MANAUSDT:2023-11-02T00:00:00+00:00,MANAUSDT,BREAKOUT_ATTEMPT,4,VALIDATION_2023_2024,2023,FIXED20_7,59.160180000000054,TARGET20,226.0
EB1:MANAUSDT:2023-12-06T15:00:00+00:00,MANAUSDT,BREAKOUT_ATTEMPT,4,VALIDATION_2023_2024,2023,FULL_TRAIL_7,-0.7498499999999773,RUNNER_STOP,101.0
EB1:MANAUSDT:2023-12-06T15:00:00+00:00,MANAUSDT,BREAKOUT_ATTEMPT,4,VALIDATION_2023_2024,2023,HALF20_RUNNER_7,29.205165000000008,RUNNER_STOP,101.0
EB1:MANAUSDT:2023-12-06T15:00:00+00:00,MANAUSDT,BREAKOUT_ATTEMPT,4,VALIDATION_2023_2024,2023,LADDER10_20_RUNNER_7,21.716411250000032,RUNNER_STOP,101.0
EB1:MANAUSDT:2023-12-06T15:00:00+00:00,MANAUSDT,BREAKOUT_ATTEMPT,4,VALIDATION_2023_2024,2023,FIXED10_5,29.205165000000093,TARGET10,51.0
EB1:MANAUSDT:2023-12-06T15:00:00+00:00,MANAUSDT,BREAKOUT_ATTEMPT,4,VALIDATION_2023_2024,2023,FIXED20_7,59.16018,TARGET20,82.0
EB1:MANAUSDT:2024-11-22T22:00:00+00:00,MANAUSDT,PRE_BREAKOUT,4,VALIDATION_2023_2024,2024,FULL_TRAIL_7,65.56461385677359,RUNNER_STOP,34.0
EB1:MANAUSDT:2024-11-22T22:00:00+00:00,MANAUSDT,PRE_BREAKOUT,4,VALIDATION_2023_2024,2024,HALF20_RUNNER_7,62.36239692838679,RUNNER_STOP,34.0
EB1:MANAUSDT:2024-11-22T22:00:00+00:00,MANAUSDT,PRE_BREAKOUT,4,VALIDATION_2023_2024,2024,LADDER10_20_RUNNER_7,54.8736431783868,RUNNER_STOP,34.0
EB1:MANAUSDT:2024-11-22T22:00:00+00:00,MANAUSDT,PRE_BREAKOUT,4,VALIDATION_2023_2024,2024,FIXED10_5,29.205165000000036,TARGET10,10.0
EB1:MANAUSDT:2024-11-22T22:00:00+00:00,MANAUSDT,PRE_BREAKOUT,4,VALIDATION_2023_2024,2024,FIXED20_7,59.16018,TARGET20,22.0
EB1:FILUSDT:2023-11-05T14:00:00+00:00,FILUSDT,PRE_BREAKOUT,4,VALIDATION_2023_2024,2023,FULL_TRAIL_7,-0.7498500000000341,RUNNER_STOP,44.0
EB1:FILUSDT:2023-11-05T14:00:00+00:00,FILUSDT,PRE_BREAKOUT,4,VALIDATION_2023_2024,2023,HALF20_RUNNER_7,51.885346705247684,RUNNER_STOP,214.0
EB1:FILUSDT:2023-11-05T14:00:00+00:00,FILUSDT,PRE_BREAKOUT,4,VALIDATION_2023_2024,2023,LADDER10_20_RUNNER_7,44.396592955247705,RUNNER_STOP,214.0
EB1:FILUSDT:2023-11-05T14:00:00+00:00,FILUSDT,PRE_BREAKOUT,4,VALIDATION_2023_2024,2023,FIXED10_5,29.205165000000036,TARGET10,76.0
EB1:FILUSDT:2023-11-05T14:00:00+00:00,FILUSDT,PRE_BREAKOUT,4,VALIDATION_2023_2024,2023,FIXED20_7,59.16017999999994,TARGET20,167.0
EB1:FILUSDT:2023-12-07T05:00:00+00:00,FILUSDT,BREAKOUT_ATTEMPT,4,VALIDATION_2023_2024,2023,FULL_TRAIL_7,-0.7498500000000341,RUNNER_STOP,87.0
EB1:FILUSDT:2023-12-07T05:00:00+00:00,FILUSDT,BREAKOUT_ATTEMPT,4,VALIDATION_2023_2024,2023,HALF20_RUNNER_7,-21.718360499999942,INITIAL_STOP,87.0
EB1:FILUSDT:2023-12-07T05:00:00+00:00,FILUSDT,BREAKOUT_ATTEMPT,4,VALIDATION_2023_2024,2023,LADDER10_20_RUNNER_7,6.738903749999998,RUNNER_STOP,87.0
EB1:FILUSDT:2023-12-07T05:00:00+00:00,FILUSDT,BREAKOUT_ATTEMPT,4,VALIDATION_2023_2024,2023,FIXED10_5,29.205165000000036,TARGET10,38.0
EB1:FILUSDT:2023-12-07T05:00:00+00:00,FILUSDT,BREAKOUT_ATTEMPT,4,VALIDATION_2023_2024,2023,FIXED20_7,-21.718360499999942,STOP,87.0
EB1:FILUSDT:2023-12-27T19:00:00+00:00,FILUSDT,BREAKOUT_ATTEMPT,4,VALIDATION_2023_2024,2023,FULL_TRAIL_7,40.940247925521554,RUNNER_STOP,155.0
EB1:FILUSDT:2023-12-27T19:00:00+00:00,FILUSDT,BREAKOUT_ATTEMPT,4,VALIDATION_2023_2024,2023,HALF20_RUNNER_7,50.05021396276077,RUNNER_STOP,155.0
EB1:FILUSDT:2023-12-27T19:00:00+00:00,FILUSDT,BREAKOUT_ATTEMPT,4,VALIDATION_2023_2024,2023,LADDER10_20_RUNNER_7,42.56146021276078,RUNNER_STOP,155.0
EB1:FILUSDT:2023-12-27T19:00:00+00:00,FILUSDT,BREAKOUT_ATTEMPT,4,VALIDATION_2023_2024,2023,FIXED10_5,-15.727357499999984,STOP,40.0
EB1:FILUSDT:2023-12-27T19:00:00+00:00,FILUSDT,BREAKOUT_ATTEMPT,4,VALIDATION_2023_2024,2023,FIXED20_7,59.16018,TARGET20,92.0
EB1:FILUSDT:2024-11-22T19:00:00+00:00,FILUSDT,PRE_BREAKOUT,4,VALIDATION_2023_2024,2024,FULL_TRAIL_7,84.15000793064506,RUNNER_STOP,403.0
EB1:FILUSDT:2024-11-22T19:00:00+00:00,FILUSDT,PRE_BREAKOUT,4,VALIDATION_2023_2024,2024,HALF20_RUNNER_7,71.65509396532252,RUNNER_STOP,403.0
EB1:FILUSDT:2024-11-22T19:00:00+00:00,FILUSDT,PRE_BREAKOUT,4,VALIDATION_2023_2024,2024,LADDER10_20_RUNNER_7,64.16634021532253,RUNNER_STOP,403.0
EB1:FILUSDT:2024-11-22T19:00:00+00:00,FILUSDT,PRE_BREAKOUT,4,VALIDATION_2023_2024,2024,FIXED10_5,29.205165000000036,TARGET10,14.0
EB1:FILUSDT:2024-11-22T19:00:00+00:00,FILUSDT,PRE_BREAKOUT,4,VALIDATION_2023_2024,2024,FIXED20_7,59.16018,TARGET20,25.0
EB1:VETUSDT:2023-01-22T17:00:00+00:00,VETUSDT,PRE_BREAKOUT,4,VALIDATION_2023_2024,2023,FULL_TRAIL_7,-0.7498499999999773,RUNNER_STOP,47.0
EB1:VETUSDT:2023-01-22T17:00:00+00:00,VETUSDT,PRE_BREAKOUT,4,VALIDATION_2023_2024,2023,HALF20_RUNNER_7,57.5294911808956,RUNNER_STOP,813.0
EB1:VETUSDT:2023-01-22T17:00:00+00:00,VETUSDT,PRE_BREAKOUT,4,VALIDATION_2023_2024,2023,LADDER10_20_RUNNER_7,50.04073743089559,RUNNER_STOP,813.0
EB1:VETUSDT:2023-01-22T17:00:00+00:00,VETUSDT,PRE_BREAKOUT,4,VALIDATION_2023_2024,2023,FIXED10_5,29.205165000000036,TARGET10,112.0
EB1:VETUSDT:2023-01-22T17:00:00+00:00,VETUSDT,PRE_BREAKOUT,4,VALIDATION_2023_2024,2023,FIXED20_7,59.160180000000054,TARGET20,387.0
EB1:VETUSDT:2023-01-26T16:00:00+00:00,VETUSDT,PRE_BREAKOUT,4,VALIDATION_2023_2024,2023,FULL_TRAIL_7,-0.7498499999999773,RUNNER_STOP,39.0
EB1:VETUSDT:2023-01-26T16:00:00+00:00,VETUSDT,PRE_BREAKOUT,4,VALIDATION_2023_2024,2023,HALF20_RUNNER_7,-21.7183605,INITIAL_STOP,139.0
EB1:VETUSDT:2023-01-26T16:00:00+00:00,VETUSDT,PRE_BREAKOUT,4,VALIDATION_2023_2024,2023,LADDER10_20_RUNNER_7,-21.7183605,INITIAL_STOP,139.0
EB1:VETUSDT:2023-01-26T16:00:00+00:00,VETUSDT,PRE_BREAKOUT,4,VALIDATION_2023_2024,2023,FIXED10_5,-15.727357500000041,STOP,93.0
EB1:VETUSDT:2023-01-26T16:00:00+00:00,VETUSDT,PRE_BREAKOUT,4,VALIDATION_2023_2024,2023,FIXED20_7,-21.7183605,STOP,139.0
EB1:VETUSDT:2024-02-26T04:00:00+00:00,VETUSDT,BREAKOUT_ATTEMPT,4,VALIDATION_2023_2024,2024,FULL_TRAIL_7,-0.7498499999999773,RUNNER_STOP,55.0
EB1:VETUSDT:2024-02-26T04:00:00+00:00,VETUSDT,BREAKOUT_ATTEMPT,4,VALIDATION_2023_2024,2024,HALF20_RUNNER_7,-21.718360499999942,INITIAL_STOP,201.0
EB1:VETUSDT:2024-02-26T04:00:00+00:00,VETUSDT,BREAKOUT_ATTEMPT,4,VALIDATION_2023_2024,2024,LADDER10_20_RUNNER_7,6.738903750000055,RUNNER_STOP,55.0
EB1:VETUSDT:2024-02-26T04:00:00+00:00,VETUSDT,BREAKOUT_ATTEMPT,4,VALIDATION_2023_2024,2024,FIXED10_5,29.205165000000036,TARGET10,11.0
EB1:VETUSDT:2024-02-26T04:00:00+00:00,VETUSDT,BREAKOUT_ATTEMPT,4,VALIDATION_2023_2024,2024,FIXED20_7,-21.718360499999942,STOP,201.0
EB1:ALGOUSDT:2023-01-27T16:00:00+00:00,ALGOUSDT,PRE_BREAKOUT,4,VALIDATION_2023_2024,2023,FULL_TRAIL_7,-21.718360499999942,INITIAL_STOP,69.0
EB1:ALGOUSDT:2023-01-27T16:00:00+00:00,ALGOUSDT,PRE_BREAKOUT,4,VALIDATION_2023_2024,2023,HALF20_RUNNER_7,-21.718360499999942,INITIAL_STOP,69.0
EB1:ALGOUSDT:2023-01-27T16:00:00+00:00,ALGOUSDT,PRE_BREAKOUT,4,VALIDATION_2023_2024,2023,LADDER10_20_RUNNER_7,-21.718360499999942,INITIAL_STOP,69.0
EB1:ALGOUSDT:2023-01-27T16:00:00+00:00,ALGOUSDT,PRE_BREAKOUT,4,VALIDATION_2023_2024,2023,FIXED10_5,-15.727357499999984,STOP,69.0
EB1:ALGOUSDT:2023-01-27T16:00:00+00:00,ALGOUSDT,PRE_BREAKOUT,4,VALIDATION_2023_2024,2023,FIXED20_7,-21.718360499999942,STOP,69.0
EB1:ALGOUSDT:2023-02-07T08:00:00+00:00,ALGOUSDT,PRE_BREAKOUT,4,VALIDATION_2023_2024,2023,FULL_TRAIL_7,-0.7498499999999773,RUNNER_STOP,26.0
EB1:ALGOUSDT:2023-02-07T08:00:00+00:00,ALGOUSDT,PRE_BREAKOUT,4,VALIDATION_2023_2024,2023,HALF20_RUNNER_7,-21.7183605,INITIAL_STOP,53.0
EB1:ALGOUSDT:2023-02-07T08:00:00+00:00,ALGOUSDT,PRE_BREAKOUT,4,VALIDATION_2023_2024,2023,LADDER10_20_RUNNER_7,-21.7183605,INITIAL_STOP,53.0
EB1:ALGOUSDT:2023-02-07T08:00:00+00:00,ALGOUSDT,PRE_BREAKOUT,4,VALIDATION_2023_2024,2023,FIXED10_5,-15.727357500000041,STOP,53.0
EB1:ALGOUSDT:2023-02-07T08:00:00+00:00,ALGOUSDT,PRE_BREAKOUT,4,VALIDATION_2023_2024,2023,FIXED20_7,-21.7183605,STOP,53.0
EB1:ALGOUSDT:2023-11-20T11:00:00+00:00,ALGOUSDT,PRE_BREAKOUT,4,VALIDATION_2023_2024,2023,FULL_TRAIL_7,-21.7183605,INITIAL_STOP,18.0
EB1:ALGOUSDT:2023-11-20T11:00:00+00:00,ALGOUSDT,PRE_BREAKOUT,4,VALIDATION_2023_2024,2023,HALF20_RUNNER_7,-21.7183605,INITIAL_STOP,18.0
EB1:ALGOUSDT:2023-11-20T11:00:00+00:00,ALGOUSDT,PRE_BREAKOUT,4,VALIDATION_2023_2024,2023,LADDER10_20_RUNNER_7,-21.7183605,INITIAL_STOP,18.0
EB1:ALGOUSDT:2023-11-20T11:00:00+00:00,ALGOUSDT,PRE_BREAKOUT,4,VALIDATION_2023_2024,2023,FIXED10_5,-15.727357500000041,STOP,9.0
EB1:ALGOUSDT:2023-11-20T11:00:00+00:00,ALGOUSDT,PRE_BREAKOUT,4,VALIDATION_2023_2024,2023,FIXED20_7,-21.7183605,STOP,18.0
EB1:ALGOUSDT:2023-12-07T05:00:00+00:00,ALGOUSDT,BREAKOUT_ATTEMPT,4,VALIDATION_2023_2024,2023,FULL_TRAIL_7,47.25983961011956,RUNNER_STOP,87.0
EB1:ALGOUSDT:2023-12-07T05:00:00+00:00,ALGOUSDT,BREAKOUT_ATTEMPT,4,VALIDATION_2023_2024,2023,HALF20_RUNNER_7,53.21000980505975,RUNNER_STOP,87.0
EB1:ALGOUSDT:2023-12-07T05:00:00+00:00,ALGOUSDT,BREAKOUT_ATTEMPT,4,VALIDATION_2023_2024,2023,LADDER10_20_RUNNER_7,45.72125605505977,RUNNER_STOP,87.0
EB1:ALGOUSDT:2023-12-07T05:00:00+00:00,ALGOUSDT,BREAKOUT_ATTEMPT,4,VALIDATION_2023_2024,2023,FIXED10_5,29.205165000000036,TARGET10,25.0
EB1:ALGOUSDT:2023-12-07T05:00:00+00:00,ALGOUSDT,BREAKOUT_ATTEMPT,4,VALIDATION_2023_2024,2023,FIXED20_7,59.16017999999994,TARGET20,40.0
EB1:ALGOUSDT:2024-01-01T20:00:00+00:00,ALGOUSDT,PRE_BREAKOUT,4,VALIDATION_2023_2024,2024,FULL_TRAIL_7,-21.718360499999942,INITIAL_STOP,25.0
EB1:ALGOUSDT:2024-01-01T20:00:00+00:00,ALGOUSDT,PRE_BREAKOUT,4,VALIDATION_2023_2024,2024,HALF20_RUNNER_7,-21.718360499999942,INITIAL_STOP,25.0
EB1:ALGOUSDT:2024-01-01T20:00:00+00:00,ALGOUSDT,PRE_BREAKOUT,4,VALIDATION_2023_2024,2024,LADDER10_20_RUNNER_7,-21.718360499999942,INITIAL_STOP,25.0
EB1:ALGOUSDT:2024-01-01T20:00:00+00:00,ALGOUSDT,PRE_BREAKOUT,4,VALIDATION_2023_2024,2024,FIXED10_5,-15.727357499999984,STOP,17.0
EB1:ALGOUSDT:2024-01-01T20:00:00+00:00,ALGOUSDT,PRE_BREAKOUT,4,VALIDATION_2023_2024,2024,FIXED20_7,-21.718360499999942,STOP,25.0
EB1:LSKUSDT:2023-01-27T04:00:00+00:00,LSKUSDT,PRE_BREAKOUT,4,VALIDATION_2023_2024,2023,FULL_TRAIL_7,-21.7183605,INITIAL_STOP,81.0
EB1:LSKUSDT:2023-01-27T04:00:00+00:00,LSKUSDT,PRE_BREAKOUT,4,VALIDATION_2023_2024,2023,HALF20_RUNNER_7,-21.7183605,INITIAL_STOP,81.0
EB1:LSKUSDT:2023-01-27T04:00:00+00:00,LSKUSDT,PRE_BREAKOUT,4,VALIDATION_2023_2024,2023,LADDER10_20_RUNNER_7,-21.7183605,INITIAL_STOP,81.0
EB1:LSKUSDT:2023-01-27T04:00:00+00:00,LSKUSDT,PRE_BREAKOUT,4,VALIDATION_2023_2024,2023,FIXED10_5,-15.727357499999984,STOP,71.0
EB1:LSKUSDT:2023-01-27T04:00:00+00:00,LSKUSDT,PRE_BREAKOUT,4,VALIDATION_2023_2024,2023,FIXED20_7,-21.7183605,STOP,81.0
EB1:LSKUSDT:2023-10-17T10:00:00+00:00,LSKUSDT,PRE_BREAKOUT,4,VALIDATION_2023_2024,2023,FULL_TRAIL_7,-21.718360499999942,INITIAL_STOP,28.0
EB1:LSKUSDT:2023-10-17T10:00:00+00:00,LSKUSDT,PRE_BREAKOUT,4,VALIDATION_2023_2024,2023,HALF20_RUNNER_7,-21.718360499999942,INITIAL_STOP,28.0
EB1:LSKUSDT:2023-10-17T10:00:00+00:00,LSKUSDT,PRE_BREAKOUT,4,VALIDATION_2023_2024,2023,LADDER10_20_RUNNER_7,-21.718360499999942,INITIAL_STOP,28.0
EB1:LSKUSDT:2023-10-17T10:00:00+00:00,LSKUSDT,PRE_BREAKOUT,4,VALIDATION_2023_2024,2023,FIXED10_5,-15.727357499999927,STOP,25.0
EB1:LSKUSDT:2023-10-17T10:00:00+00:00,LSKUSDT,PRE_BREAKOUT,4,VALIDATION_2023_2024,2023,FIXED20_7,-21.718360499999942,STOP,28.0
EB1:LSKUSDT:2024-05-14T04:00:00+00:00,LSKUSDT,PRE_BREAKOUT,4,VALIDATION_2023_2024,2024,FULL_TRAIL_7,-21.7183605,INITIAL_STOP,19.0
EB1:LSKUSDT:2024-05-14T04:00:00+00:00,LSKUSDT,PRE_BREAKOUT,4,VALIDATION_2023_2024,2024,HALF20_RUNNER_7,-21.7183605,INITIAL_STOP,19.0
EB1:LSKUSDT:2024-05-14T04:00:00+00:00,LSKUSDT,PRE_BREAKOUT,4,VALIDATION_2023_2024,2024,LADDER10_20_RUNNER_7,-21.7183605,INITIAL_STOP,19.0
EB1:LSKUSDT:2024-05-14T04:00:00+00:00,LSKUSDT,PRE_BREAKOUT,4,VALIDATION_2023_2024,2024,FIXED10_5,-15.727357499999984,STOP,19.0
EB1:LSKUSDT:2024-05-14T04:00:00+00:00,LSKUSDT,PRE_BREAKOUT,4,VALIDATION_2023_2024,2024,FIXED20_7,-21.7183605,STOP,19.0
EB1:LSKUSDT:2024-07-27T04:00:00+00:00,LSKUSDT,PRE_BREAKOUT,4,VALIDATION_2023_2024,2024,FULL_TRAIL_7,-21.7183605,INITIAL_STOP,81.0
EB1:LSKUSDT:2024-07-27T04:00:00+00:00,LSKUSDT,PRE_BREAKOUT,4,VALIDATION_2023_2024,2024,HALF20_RUNNER_7,-21.7183605,INITIAL_STOP,81.0
EB1:LSKUSDT:2024-07-27T04:00:00+00:00,LSKUSDT,PRE_BREAKOUT,4,VALIDATION_2023_2024,2024,LADDER10_20_RUNNER_7,-21.7183605,INITIAL_STOP,81.0
EB1:LSKUSDT:2024-07-27T04:00:00+00:00,LSKUSDT,PRE_BREAKOUT,4,VALIDATION_2023_2024,2024,FIXED10_5,-15.727357499999984,STOP,28.0
EB1:LSKUSDT:2024-07-27T04:00:00+00:00,LSKUSDT,PRE_BREAKOUT,4,VALIDATION_2023_2024,2024,FIXED20_7,-21.7183605,STOP,81.0
EB1:LSKUSDT:2024-11-16T16:00:00+00:00,LSKUSDT,PRE_BREAKOUT,4,VALIDATION_2023_2024,2024,FULL_TRAIL_7,-21.7183605,INITIAL_STOP,24.0
EB1:LSKUSDT:2024-11-16T16:00:00+00:00,LSKUSDT,PRE_BREAKOUT,4,VALIDATION_2023_2024,2024,HALF20_RUNNER_7,-21.7183605,INITIAL_STOP,24.0
EB1:LSKUSDT:2024-11-16T16:00:00+00:00,LSKUSDT,PRE_BREAKOUT,4,VALIDATION_2023_2024,2024,LADDER10_20_RUNNER_7,-21.7183605,INITIAL_STOP,24.0
EB1:LSKUSDT:2024-11-16T16:00:00+00:00,LSKUSDT,PRE_BREAKOUT,4,VALIDATION_2023_2024,2024,FIXED10_5,-15.727357500000041,STOP,4.0
EB1:LSKUSDT:2024-11-16T16:00:00+00:00,LSKUSDT,PRE_BREAKOUT,4,VALIDATION_2023_2024,2024,FIXED20_7,-21.7183605,STOP,24.0
EB1:LSKUSDT:2024-11-23T17:00:00+00:00,LSKUSDT,PRE_BREAKOUT,4,VALIDATION_2023_2024,2024,FULL_TRAIL_7,-0.7498499999999773,RUNNER_STOP,12.0
EB1:LSKUSDT:2024-11-23T17:00:00+00:00,LSKUSDT,PRE_BREAKOUT,4,VALIDATION_2023_2024,2024,HALF20_RUNNER_7,50.29974164836224,RUNNER_STOP,381.0
EB1:LSKUSDT:2024-11-23T17:00:00+00:00,LSKUSDT,PRE_BREAKOUT,4,VALIDATION_2023_2024,2024,LADDER10_20_RUNNER_7,42.81098789836225,RUNNER_STOP,381.0
EB1:LSKUSDT:2024-11-23T17:00:00+00:00,LSKUSDT,PRE_BREAKOUT,4,VALIDATION_2023_2024,2024,FIXED10_5,-15.727357500000041,STOP,13.0
EB1:LSKUSDT:2024-11-23T17:00:00+00:00,LSKUSDT,PRE_BREAKOUT,4,VALIDATION_2023_2024,2024,FIXED20_7,59.16018,TARGET20,165.0
EB1:CELRUSDT:2024-02-24T12:00:00+00:00,CELRUSDT,BREAKOUT_ATTEMPT,4,VALIDATION_2023_2024,2024,FULL_TRAIL_7,37.89756856451522,RUNNER_STOP,95.0
EB1:CELRUSDT:2024-02-24T12:00:00+00:00,CELRUSDT,BREAKOUT_ATTEMPT,4,VALIDATION_2023_2024,2024,HALF20_RUNNER_7,48.52887428225763,RUNNER_STOP,95.0
EB1:CELRUSDT:2024-02-24T12:00:00+00:00,CELRUSDT,BREAKOUT_ATTEMPT,4,VALIDATION_2023_2024,2024,LADDER10_20_RUNNER_7,41.04012053225763,RUNNER_STOP,95.0
EB1:CELRUSDT:2024-02-24T12:00:00+00:00,CELRUSDT,BREAKOUT_ATTEMPT,4,VALIDATION_2023_2024,2024,FIXED10_5,29.205165000000036,TARGET10,17.0
EB1:CELRUSDT:2024-02-24T12:00:00+00:00,CELRUSDT,BREAKOUT_ATTEMPT,4,VALIDATION_2023_2024,2024,FIXED20_7,59.160180000000054,TARGET20,81.0
EB1:CELRUSDT:2024-11-22T21:00:00+00:00,CELRUSDT,BREAKOUT_ATTEMPT,4,VALIDATION_2023_2024,2024,FULL_TRAIL_7,57.291743331750006,RUNNER_STOP,29.0
EB1:CELRUSDT:2024-11-22T21:00:00+00:00,CELRUSDT,BREAKOUT_ATTEMPT,4,VALIDATION_2023_2024,2024,HALF20_RUNNER_7,58.225961665875,RUNNER_STOP,29.0
EB1:CELRUSDT:2024-11-22T21:00:00+00:00,CELRUSDT,BREAKOUT_ATTEMPT,4,VALIDATION_2023_2024,2024,LADDER10_20_RUNNER_7,50.73720791587499,RUNNER_STOP,29.0
EB1:CELRUSDT:2024-11-22T21:00:00+00:00,CELRUSDT,BREAKOUT_ATTEMPT,4,VALIDATION_2023_2024,2024,FIXED10_5,29.20516499999998,TARGET10,14.0
EB1:CELRUSDT:2024-11-22T21:00:00+00:00,CELRUSDT,BREAKOUT_ATTEMPT,4,VALIDATION_2023_2024,2024,FIXED20_7,59.16018,TARGET20,24.0
EB1:ICPUSDT:2023-01-20T19:00:00+00:00,ICPUSDT,PRE_BREAKOUT,4,VALIDATION_2023_2024,2023,FULL_TRAIL_7,-0.7498499999999773,RUNNER_STOP,43.0
EB1:ICPUSDT:2023-01-20T19:00:00+00:00,ICPUSDT,PRE_BREAKOUT,4,VALIDATION_2023_2024,2023,HALF20_RUNNER_7,-21.718360499999942,INITIAL_STOP,474.0
EB1:ICPUSDT:2023-01-20T19:00:00+00:00,ICPUSDT,PRE_BREAKOUT,4,VALIDATION_2023_2024,2023,LADDER10_20_RUNNER_7,6.738903750000026,RUNNER_STOP,93.0
EB1:ICPUSDT:2023-01-20T19:00:00+00:00,ICPUSDT,PRE_BREAKOUT,4,VALIDATION_2023_2024,2023,FIXED10_5,29.205165000000036,TARGET10,55.0
EB1:ICPUSDT:2023-01-20T19:00:00+00:00,ICPUSDT,PRE_BREAKOUT,4,VALIDATION_2023_2024,2023,FIXED20_7,-21.718360499999942,STOP,474.0
EB1:ICPUSDT:2023-01-27T14:00:00+00:00,ICPUSDT,PRE_BREAKOUT,4,VALIDATION_2023_2024,2023,FULL_TRAIL_7,-21.7183605,INITIAL_STOP,71.0
EB1:ICPUSDT:2023-01-27T14:00:00+00:00,ICPUSDT,PRE_BREAKOUT,4,VALIDATION_2023_2024,2023,HALF20_RUNNER_7,-21.7183605,INITIAL_STOP,71.0
EB1:ICPUSDT:2023-01-27T14:00:00+00:00,ICPUSDT,PRE_BREAKOUT,4,VALIDATION_2023_2024,2023,LADDER10_20_RUNNER_7,-21.7183605,INITIAL_STOP,71.0
EB1:ICPUSDT:2023-01-27T14:00:00+00:00,ICPUSDT,PRE_BREAKOUT,4,VALIDATION_2023_2024,2023,FIXED10_5,-15.727357499999984,STOP,17.0
EB1:ICPUSDT:2023-01-27T14:00:00+00:00,ICPUSDT,PRE_BREAKOUT,4,VALIDATION_2023_2024,2023,FIXED20_7,-21.7183605,STOP,71.0
EB1:ICPUSDT:2023-02-01T20:00:00+00:00,ICPUSDT,PRE_BREAKOUT,4,VALIDATION_2023_2024,2023,FULL_TRAIL_7,-21.7183605,INITIAL_STOP,83.0
EB1:ICPUSDT:2023-02-01T20:00:00+00:00,ICPUSDT,PRE_BREAKOUT,4,VALIDATION_2023_2024,2023,HALF20_RUNNER_7,-21.7183605,INITIAL_STOP,83.0
EB1:ICPUSDT:2023-02-01T20:00:00+00:00,ICPUSDT,PRE_BREAKOUT,4,VALIDATION_2023_2024,2023,LADDER10_20_RUNNER_7,-21.7183605,INITIAL_STOP,83.0
EB1:ICPUSDT:2023-02-01T20:00:00+00:00,ICPUSDT,PRE_BREAKOUT,4,VALIDATION_2023_2024,2023,FIXED10_5,-15.727357499999984,STOP,82.0
EB1:ICPUSDT:2023-02-01T20:00:00+00:00,ICPUSDT,PRE_BREAKOUT,4,VALIDATION_2023_2024,2023,FIXED20_7,-21.7183605,STOP,83.0
EB1:ICPUSDT:2023-04-27T23:00:00+00:00,ICPUSDT,PRE_BREAKOUT,4,VALIDATION_2023_2024,2023,FULL_TRAIL_7,-0.7498499999999773,RUNNER_STOP,83.0
EB1:ICPUSDT:2023-04-27T23:00:00+00:00,ICPUSDT,PRE_BREAKOUT,4,VALIDATION_2023_2024,2023,HALF20_RUNNER_7,-21.7183605,INITIAL_STOP,236.0
EB1:ICPUSDT:2023-04-27T23:00:00+00:00,ICPUSDT,PRE_BREAKOUT,4,VALIDATION_2023_2024,2023,LADDER10_20_RUNNER_7,6.738903750000026,RUNNER_STOP,83.0
EB1:ICPUSDT:2023-04-27T23:00:00+00:00,ICPUSDT,PRE_BREAKOUT,4,VALIDATION_2023_2024,2023,FIXED10_5,29.205165000000036,TARGET10,26.0
EB1:ICPUSDT:2023-04-27T23:00:00+00:00,ICPUSDT,PRE_BREAKOUT,4,VALIDATION_2023_2024,2023,FIXED20_7,-21.7183605,STOP,236.0
EB1:ICPUSDT:2023-11-05T08:00:00+00:00,ICPUSDT,PRE_BREAKOUT,4,VALIDATION_2023_2024,2023,FULL_TRAIL_7,-0.7498500000000341,RUNNER_STOP,98.0
EB1:ICPUSDT:2023-11-05T08:00:00+00:00,ICPUSDT,PRE_BREAKOUT,4,VALIDATION_2023_2024,2023,HALF20_RUNNER_7,-21.7183605,INITIAL_STOP,98.0
EB1:ICPUSDT:2023-11-05T08:00:00+00:00,ICPUSDT,PRE_BREAKOUT,4,VALIDATION_2023_2024,2023,LADDER10_20_RUNNER_7,-21.7183605,INITIAL_STOP,98.0
EB1:ICPUSDT:2023-11-05T08:00:00+00:00,ICPUSDT,PRE_BREAKOUT,4,VALIDATION_2023_2024,2023,FIXED10_5,-15.727357499999984,STOP,98.0
EB1:ICPUSDT:2023-11-05T08:00:00+00:00,ICPUSDT,PRE_BREAKOUT,4,VALIDATION_2023_2024,2023,FIXED20_7,-21.7183605,STOP,98.0
EB1:ICPUSDT:2023-11-23T11:00:00+00:00,ICPUSDT,PRE_BREAKOUT,4,VALIDATION_2023_2024,2023,FULL_TRAIL_7,427.1997882154085,RUNNER_STOP,3411.0
EB1:ICPUSDT:2023-11-23T11:00:00+00:00,ICPUSDT,PRE_BREAKOUT,4,VALIDATION_2023_2024,2023,HALF20_RUNNER_7,243.17998410770426,RUNNER_STOP,3411.0
EB1:ICPUSDT:2023-11-23T11:00:00+00:00,ICPUSDT,PRE_BREAKOUT,4,VALIDATION_2023_2024,2023,LADDER10_20_RUNNER_7,235.69123035770426,RUNNER_STOP,3411.0
EB1:ICPUSDT:2023-11-23T11:00:00+00:00,ICPUSDT,PRE_BREAKOUT,4,VALIDATION_2023_2024,2023,FIXED10_5,-15.727357499999984,STOP,98.0
EB1:ICPUSDT:2023-11-23T11:00:00+00:00,ICPUSDT,PRE_BREAKOUT,4,VALIDATION_2023_2024,2023,FIXED20_7,59.16018,TARGET20,386.0
EB1:ICPUSDT:2024-11-30T12:00:00+00:00,ICPUSDT,PRE_BREAKOUT,4,VALIDATION_2023_2024,2024,FULL_TRAIL_7,-0.7498500000000341,RUNNER_STOP,38.0
EB1:ICPUSDT:2024-11-30T12:00:00+00:00,ICPUSDT,PRE_BREAKOUT,4,VALIDATION_2023_2024,2024,HALF20_RUNNER_7,29.20516499999998,RUNNER_STOP,218.0
EB1:ICPUSDT:2024-11-30T12:00:00+00:00,ICPUSDT,PRE_BREAKOUT,4,VALIDATION_2023_2024,2024,LADDER10_20_RUNNER_7,6.738903750000026,RUNNER_STOP,38.0
EB1:ICPUSDT:2024-11-30T12:00:00+00:00,ICPUSDT,PRE_BREAKOUT,4,VALIDATION_2023_2024,2024,FIXED10_5,29.205165000000036,TARGET10,33.0
EB1:ICPUSDT:2024-11-30T12:00:00+00:00,ICPUSDT,PRE_BREAKOUT,4,VALIDATION_2023_2024,2024,FIXED20_7,59.16018,TARGET20,82.0
EB1:ONEUSDT:2023-10-29T16:00:00+00:00,ONEUSDT,PRE_BREAKOUT,4,VALIDATION_2023_2024,2023,FULL_TRAIL_7,-0.7498499999999773,RUNNER_STOP,89.0
EB1:ONEUSDT:2023-10-29T16:00:00+00:00,ONEUSDT,PRE_BREAKOUT,4,VALIDATION_2023_2024,2023,HALF20_RUNNER_7,52.70493284666861,RUNNER_STOP,362.0
EB1:ONEUSDT:2023-10-29T16:00:00+00:00,ONEUSDT,PRE_BREAKOUT,4,VALIDATION_2023_2024,2023,LADDER10_20_RUNNER_7,45.21617909666864,RUNNER_STOP,362.0
EB1:ONEUSDT:2023-10-29T16:00:00+00:00,ONEUSDT,PRE_BREAKOUT,4,VALIDATION_2023_2024,2023,FIXED10_5,-15.727357499999984,STOP,41.0
EB1:ONEUSDT:2023-10-29T16:00:00+00:00,ONEUSDT,PRE_BREAKOUT,4,VALIDATION_2023_2024,2023,FIXED20_7,59.16018,TARGET20,244.0
EB1:ONEUSDT:2024-02-19T07:00:00+00:00,ONEUSDT,BREAKOUT_ATTEMPT,4,VALIDATION_2023_2024,2024,FULL_TRAIL_7,-21.718360499999942,INITIAL_STOP,26.0
EB1:ONEUSDT:2024-02-19T07:00:00+00:00,ONEUSDT,BREAKOUT_ATTEMPT,4,VALIDATION_2023_2024,2024,HALF20_RUNNER_7,-21.718360499999942,INITIAL_STOP,26.0
EB1:ONEUSDT:2024-02-19T07:00:00+00:00,ONEUSDT,BREAKOUT_ATTEMPT,4,VALIDATION_2023_2024,2024,LADDER10_20_RUNNER_7,-21.718360499999942,INITIAL_STOP,26.0
EB1:ONEUSDT:2024-02-19T07:00:00+00:00,ONEUSDT,BREAKOUT_ATTEMPT,4,VALIDATION_2023_2024,2024,FIXED10_5,-15.727357500000041,STOP,26.0
EB1:ONEUSDT:2024-02-19T07:00:00+00:00,ONEUSDT,BREAKOUT_ATTEMPT,4,VALIDATION_2023_2024,2024,FIXED20_7,-21.718360499999942,STOP,26.0
EB1:SYNUSDT:2023-11-04T15:00:00+00:00,SYNUSDT,PRE_BREAKOUT,4,VALIDATION_2023_2024,2023,FULL_TRAIL_7,40.88174300075793,RUNNER_STOP,216.0
EB1:SYNUSDT:2023-11-04T15:00:00+00:00,SYNUSDT,PRE_BREAKOUT,4,VALIDATION_2023_2024,2023,HALF20_RUNNER_7,50.02096150037896,RUNNER_STOP,216.0
EB1:SYNUSDT:2023-11-04T15:00:00+00:00,SYNUSDT,PRE_BREAKOUT,4,VALIDATION_2023_2024,2023,LADDER10_20_RUNNER_7,42.53220775037897,RUNNER_STOP,216.0
EB1:SYNUSDT:2023-11-04T15:00:00+00:00,SYNUSDT,PRE_BREAKOUT,4,VALIDATION_2023_2024,2023,FIXED10_5,29.205165000000036,TARGET10,111.0
EB1:SYNUSDT:2023-11-04T15:00:00+00:00,SYNUSDT,PRE_BREAKOUT,4,VALIDATION_2023_2024,2023,FIXED20_7,59.16018,TARGET20,145.0
EB1:SYNUSDT:2024-02-17T18:00:00+00:00,SYNUSDT,PRE_BREAKOUT,4,VALIDATION_2023_2024,2024,FULL_TRAIL_7,-0.7498499999999204,RUNNER_STOP,8.0
EB1:SYNUSDT:2024-02-17T18:00:00+00:00,SYNUSDT,PRE_BREAKOUT,4,VALIDATION_2023_2024,2024,HALF20_RUNNER_7,-21.718360499999942,INITIAL_STOP,82.0
EB1:SYNUSDT:2024-02-17T18:00:00+00:00,SYNUSDT,PRE_BREAKOUT,4,VALIDATION_2023_2024,2024,LADDER10_20_RUNNER_7,6.738903750000069,RUNNER_STOP,63.0
EB1:SYNUSDT:2024-02-17T18:00:00+00:00,SYNUSDT,PRE_BREAKOUT,4,VALIDATION_2023_2024,2024,FIXED10_5,29.205165000000093,TARGET10,40.0
EB1:SYNUSDT:2024-02-17T18:00:00+00:00,SYNUSDT,PRE_BREAKOUT,4,VALIDATION_2023_2024,2024,FIXED20_7,-21.718360499999942,STOP,82.0
EB1:SYNUSDT:2024-04-23T14:00:00+00:00,SYNUSDT,PRE_BREAKOUT,4,VALIDATION_2023_2024,2024,FULL_TRAIL_7,-21.7183605,INITIAL_STOP,20.0
EB1:SYNUSDT:2024-04-23T14:00:00+00:00,SYNUSDT,PRE_BREAKOUT,4,VALIDATION_2023_2024,2024,HALF20_RUNNER_7,-21.7183605,INITIAL_STOP,20.0
EB1:SYNUSDT:2024-04-23T14:00:00+00:00,SYNUSDT,PRE_BREAKOUT,4,VALIDATION_2023_2024,2024,LADDER10_20_RUNNER_7,-21.7183605,INITIAL_STOP,20.0
EB1:SYNUSDT:2024-04-23T14:00:00+00:00,SYNUSDT,PRE_BREAKOUT,4,VALIDATION_2023_2024,2024,FIXED10_5,-15.727357499999984,STOP,18.0
EB1:SYNUSDT:2024-04-23T14:00:00+00:00,SYNUSDT,PRE_BREAKOUT,4,VALIDATION_2023_2024,2024,FIXED20_7,-21.7183605,STOP,20.0
EB1:SYNUSDT:2024-09-13T07:00:00+00:00,SYNUSDT,BREAKOUT_ATTEMPT,4,VALIDATION_2023_2024,2024,FULL_TRAIL_7,-21.718360499999942,INITIAL_STOP,58.0
EB1:SYNUSDT:2024-09-13T07:00:00+00:00,SYNUSDT,BREAKOUT_ATTEMPT,4,VALIDATION_2023_2024,2024,HALF20_RUNNER_7,-21.718360499999942,INITIAL_STOP,58.0
EB1:SYNUSDT:2024-09-13T07:00:00+00:00,SYNUSDT,BREAKOUT_ATTEMPT,4,VALIDATION_2023_2024,2024,LADDER10_20_RUNNER_7,-21.718360499999942,INITIAL_STOP,58.0
EB1:SYNUSDT:2024-09-13T07:00:00+00:00,SYNUSDT,BREAKOUT_ATTEMPT,4,VALIDATION_2023_2024,2024,FIXED10_5,-15.727357500000041,STOP,1.0
EB1:SYNUSDT:2024-09-13T07:00:00+00:00,SYNUSDT,BREAKOUT_ATTEMPT,4,VALIDATION_2023_2024,2024,FIXED20_7,-21.718360499999942,STOP,58.0
EB1:ADAUSDT:2025-07-16T18:00:00+00:00,ADAUSDT,PRE_BREAKOUT,4,HOLDOUT_2025_2026,2025,FULL_TRAIL_7,-0.7498499999999773,RUNNER_STOP,174.0
EB1:ADAUSDT:2025-07-16T18:00:00+00:00,ADAUSDT,PRE_BREAKOUT,4,HOLDOUT_2025_2026,2025,HALF20_RUNNER_7,29.205165000000036,RUNNER_STOP,174.0
EB1:ADAUSDT:2025-07-16T18:00:00+00:00,ADAUSDT,PRE_BREAKOUT,4,HOLDOUT_2025_2026,2025,LADDER10_20_RUNNER_7,21.716411250000046,RUNNER_STOP,174.0
EB1:ADAUSDT:2025-07-16T18:00:00+00:00,ADAUSDT,PRE_BREAKOUT,4,HOLDOUT_2025_2026,2025,FIXED10_5,29.205165000000093,TARGET10,24.0
EB1:ADAUSDT:2025-07-16T18:00:00+00:00,ADAUSDT,PRE_BREAKOUT,4,HOLDOUT_2025_2026,2025,FIXED20_7,59.160180000000054,TARGET20,108.0
EB1:DOGEUSDT:2025-07-16T17:00:00+00:00,DOGEUSDT,PRE_BREAKOUT,4,HOLDOUT_2025_2026,2025,FULL_TRAIL_7,39.805755956206355,RUNNER_STOP,158.0
EB1:DOGEUSDT:2025-07-16T17:00:00+00:00,DOGEUSDT,PRE_BREAKOUT,4,HOLDOUT_2025_2026,2025,HALF20_RUNNER_7,49.482967978103176,RUNNER_STOP,158.0
EB1:DOGEUSDT:2025-07-16T17:00:00+00:00,DOGEUSDT,PRE_BREAKOUT,4,HOLDOUT_2025_2026,2025,LADDER10_20_RUNNER_7,41.99421422810318,RUNNER_STOP,158.0
EB1:DOGEUSDT:2025-07-16T17:00:00+00:00,DOGEUSDT,PRE_BREAKOUT,4,HOLDOUT_2025_2026,2025,FIXED10_5,29.205165000000036,TARGET10,28.0
EB1:DOGEUSDT:2025-07-16T17:00:00+00:00,DOGEUSDT,PRE_BREAKOUT,4,HOLDOUT_2025_2026,2025,FIXED20_7,59.16018,TARGET20,59.0
EB1:ETHUSDT:2025-06-10T17:00:00+00:00,ETHUSDT,PRE_BREAKOUT,4,HOLDOUT_2025_2026,2025,FULL_TRAIL_7,-21.7183605,INITIAL_STOP,49.0
EB1:ETHUSDT:2025-06-10T17:00:00+00:00,ETHUSDT,PRE_BREAKOUT,4,HOLDOUT_2025_2026,2025,HALF20_RUNNER_7,-21.7183605,INITIAL_STOP,49.0
EB1:ETHUSDT:2025-06-10T17:00:00+00:00,ETHUSDT,PRE_BREAKOUT,4,HOLDOUT_2025_2026,2025,LADDER10_20_RUNNER_7,-21.7183605,INITIAL_STOP,49.0
EB1:ETHUSDT:2025-06-10T17:00:00+00:00,ETHUSDT,PRE_BREAKOUT,4,HOLDOUT_2025_2026,2025,FIXED10_5,-15.727357499999984,STOP,45.0
EB1:ETHUSDT:2025-06-10T17:00:00+00:00,ETHUSDT,PRE_BREAKOUT,4,HOLDOUT_2025_2026,2025,FIXED20_7,-21.7183605,STOP,49.0
EB1:LINKUSDT:2025-08-07T15:00:00+00:00,LINKUSDT,PRE_BREAKOUT,4,HOLDOUT_2025_2026,2025,FULL_TRAIL_7,60.042439247454276,RUNNER_STOP,599.0
EB1:LINKUSDT:2025-08-07T15:00:00+00:00,LINKUSDT,PRE_BREAKOUT,4,HOLDOUT_2025_2026,2025,HALF20_RUNNER_7,59.60130962372716,RUNNER_STOP,599.0
EB1:LINKUSDT:2025-08-07T15:00:00+00:00,LINKUSDT,PRE_BREAKOUT,4,HOLDOUT_2025_2026,2025,LADDER10_20_RUNNER_7,52.112555873727175,RUNNER_STOP,599.0
EB1:LINKUSDT:2025-08-07T15:00:00+00:00,LINKUSDT,PRE_BREAKOUT,4,HOLDOUT_2025_2026,2025,FIXED10_5,29.205165000000093,TARGET10,28.0
EB1:LINKUSDT:2025-08-07T15:00:00+00:00,LINKUSDT,PRE_BREAKOUT,4,HOLDOUT_2025_2026,2025,FIXED20_7,59.160180000000054,TARGET20,51.0
EB1:LINKUSDT:2025-08-17T04:00:00+00:00,LINKUSDT,PRE_BREAKOUT,4,HOLDOUT_2025_2026,2025,FULL_TRAIL_7,-0.7498499999999773,RUNNER_STOP,16.0
EB1:LINKUSDT:2025-08-17T04:00:00+00:00,LINKUSDT,PRE_BREAKOUT,4,HOLDOUT_2025_2026,2025,HALF20_RUNNER_7,-21.7183605,INITIAL_STOP,213.0
EB1:LINKUSDT:2025-08-17T04:00:00+00:00,LINKUSDT,PRE_BREAKOUT,4,HOLDOUT_2025_2026,2025,LADDER10_20_RUNNER_7,6.738903750000055,RUNNER_STOP,192.0
EB1:LINKUSDT:2025-08-17T04:00:00+00:00,LINKUSDT,PRE_BREAKOUT,4,HOLDOUT_2025_2026,2025,FIXED10_5,-15.727357499999984,STOP,56.0
EB1:LINKUSDT:2025-08-17T04:00:00+00:00,LINKUSDT,PRE_BREAKOUT,4,HOLDOUT_2025_2026,2025,FIXED20_7,-21.7183605,STOP,213.0
EB1:AVAXUSDT:2025-05-09T03:00:00+00:00,AVAXUSDT,PRE_BREAKOUT,4,HOLDOUT_2025_2026,2025,FULL_TRAIL_7,-0.7498499999999773,RUNNER_STOP,149.0
EB1:AVAXUSDT:2025-05-09T03:00:00+00:00,AVAXUSDT,PRE_BREAKOUT,4,HOLDOUT_2025_2026,2025,HALF20_RUNNER_7,-21.7183605,INITIAL_STOP,227.0
EB1:AVAXUSDT:2025-05-09T03:00:00+00:00,AVAXUSDT,PRE_BREAKOUT,4,HOLDOUT_2025_2026,2025,LADDER10_20_RUNNER_7,6.738903750000026,RUNNER_STOP,149.0
EB1:AVAXUSDT:2025-05-09T03:00:00+00:00,AVAXUSDT,PRE_BREAKOUT,4,HOLDOUT_2025_2026,2025,FIXED10_5,29.205165000000036,TARGET10,36.0
EB1:AVAXUSDT:2025-05-09T03:00:00+00:00,AVAXUSDT,PRE_BREAKOUT,4,HOLDOUT_2025_2026,2025,FIXED20_7,-21.7183605,STOP,227.0
EB1:AVAXUSDT:2025-09-17T21:00:00+00:00,AVAXUSDT,PRE_BREAKOUT,4,HOLDOUT_2025_2026,2025,FULL_TRAIL_7,-0.7498499999999773,RUNNER_STOP,71.0
EB1:AVAXUSDT:2025-09-17T21:00:00+00:00,AVAXUSDT,PRE_BREAKOUT,4,HOLDOUT_2025_2026,2025,HALF20_RUNNER_7,-21.718360499999942,INITIAL_STOP,99.0
EB1:AVAXUSDT:2025-09-17T21:00:00+00:00,AVAXUSDT,PRE_BREAKOUT,4,HOLDOUT_2025_2026,2025,LADDER10_20_RUNNER_7,-21.718360499999942,INITIAL_STOP,99.0
EB1:AVAXUSDT:2025-09-17T21:00:00+00:00,AVAXUSDT,PRE_BREAKOUT,4,HOLDOUT_2025_2026,2025,FIXED10_5,-15.727357499999984,STOP,98.0
EB1:AVAXUSDT:2025-09-17T21:00:00+00:00,AVAXUSDT,PRE_BREAKOUT,4,HOLDOUT_2025_2026,2025,FIXED20_7,-21.718360499999942,STOP,99.0
EB1:LTCUSDT:2025-01-25T16:00:00+00:00,LTCUSDT,PRE_BREAKOUT,4,HOLDOUT_2025_2026,2025,FULL_TRAIL_7,-21.718360499999942,INITIAL_STOP,26.0
EB1:LTCUSDT:2025-01-25T16:00:00+00:00,LTCUSDT,PRE_BREAKOUT,4,HOLDOUT_2025_2026,2025,HALF20_RUNNER_7,-21.718360499999942,INITIAL_STOP,26.0
EB1:LTCUSDT:2025-01-25T16:00:00+00:00,LTCUSDT,PRE_BREAKOUT,4,HOLDOUT_2025_2026,2025,LADDER10_20_RUNNER_7,-21.718360499999942,INITIAL_STOP,26.0
EB1:LTCUSDT:2025-01-25T16:00:00+00:00,LTCUSDT,PRE_BREAKOUT,4,HOLDOUT_2025_2026,2025,FIXED10_5,-15.727357499999984,STOP,25.0
EB1:LTCUSDT:2025-01-25T16:00:00+00:00,LTCUSDT,PRE_BREAKOUT,4,HOLDOUT_2025_2026,2025,FIXED20_7,-21.718360499999942,STOP,26.0
EB1:LTCUSDT:2025-02-19T01:00:00+00:00,LTCUSDT,PRE_BREAKOUT,4,HOLDOUT_2025_2026,2025,FULL_TRAIL_7,-0.7498499999999773,RUNNER_STOP,18.0
EB1:LTCUSDT:2025-02-19T01:00:00+00:00,LTCUSDT,PRE_BREAKOUT,4,HOLDOUT_2025_2026,2025,HALF20_RUNNER_7,-21.7183605,INITIAL_STOP,116.0
EB1:LTCUSDT:2025-02-19T01:00:00+00:00,LTCUSDT,PRE_BREAKOUT,4,HOLDOUT_2025_2026,2025,LADDER10_20_RUNNER_7,-21.7183605,INITIAL_STOP,116.0
EB1:LTCUSDT:2025-02-19T01:00:00+00:00,LTCUSDT,PRE_BREAKOUT,4,HOLDOUT_2025_2026,2025,FIXED10_5,-15.727357499999984,STOP,60.0
EB1:LTCUSDT:2025-02-19T01:00:00+00:00,LTCUSDT,PRE_BREAKOUT,4,HOLDOUT_2025_2026,2025,FIXED20_7,-21.7183605,STOP,116.0
EB1:DOTUSDT:2025-09-18T20:00:00+00:00,DOTUSDT,PRE_BREAKOUT,4,HOLDOUT_2025_2026,2025,FULL_TRAIL_7,-21.718360500000056,INITIAL_STOP,15.0
EB1:DOTUSDT:2025-09-18T20:00:00+00:00,DOTUSDT,PRE_BREAKOUT,4,HOLDOUT_2025_2026,2025,HALF20_RUNNER_7,-21.718360500000056,INITIAL_STOP,15.0
EB1:DOTUSDT:2025-09-18T20:00:00+00:00,DOTUSDT,PRE_BREAKOUT,4,HOLDOUT_2025_2026,2025,LADDER10_20_RUNNER_7,-21.718360500000056,INITIAL_STOP,15.0
EB1:DOTUSDT:2025-09-18T20:00:00+00:00,DOTUSDT,PRE_BREAKOUT,4,HOLDOUT_2025_2026,2025,FIXED10_5,-15.727357500000041,STOP,9.0
EB1:DOTUSDT:2025-09-18T20:00:00+00:00,DOTUSDT,PRE_BREAKOUT,4,HOLDOUT_2025_2026,2025,FIXED20_7,-21.718360500000056,STOP,15.0
EB1:BCHUSDT:2025-06-15T15:00:00+00:00,BCHUSDT,PRE_BREAKOUT,4,HOLDOUT_2025_2026,2025,FULL_TRAIL_7,-0.7498499999999773,RUNNER_STOP,146.0
EB1:BCHUSDT:2025-06-15T15:00:00+00:00,BCHUSDT,PRE_BREAKOUT,4,HOLDOUT_2025_2026,2025,HALF20_RUNNER_7,48.2610298626294,RUNNER_STOP,1154.0
EB1:BCHUSDT:2025-06-15T15:00:00+00:00,BCHUSDT,PRE_BREAKOUT,4,HOLDOUT_2025_2026,2025,LADDER10_20_RUNNER_7,40.77227611262943,RUNNER_STOP,1154.0
EB1:BCHUSDT:2025-06-15T15:00:00+00:00,BCHUSDT,PRE_BREAKOUT,4,HOLDOUT_2025_2026,2025,FIXED10_5,-15.727357499999984,STOP,167.0
EB1:BCHUSDT:2025-06-15T15:00:00+00:00,BCHUSDT,PRE_BREAKOUT,4,HOLDOUT_2025_2026,2025,FIXED20_7,59.16017999999994,TARGET20,949.0
EB1:BCHUSDT:2025-07-21T09:00:00+00:00,BCHUSDT,PRE_BREAKOUT,4,HOLDOUT_2025_2026,2025,FULL_TRAIL_7,-21.718360499999942,INITIAL_STOP,63.0
EB1:BCHUSDT:2025-07-21T09:00:00+00:00,BCHUSDT,PRE_BREAKOUT,4,HOLDOUT_2025_2026,2025,HALF20_RUNNER_7,-21.718360499999942,INITIAL_STOP,63.0
EB1:BCHUSDT:2025-07-21T09:00:00+00:00,BCHUSDT,PRE_BREAKOUT,4,HOLDOUT_2025_2026,2025,LADDER10_20_RUNNER_7,-21.718360499999942,INITIAL_STOP,63.0
EB1:BCHUSDT:2025-07-21T09:00:00+00:00,BCHUSDT,PRE_BREAKOUT,4,HOLDOUT_2025_2026,2025,FIXED10_5,-15.727357499999984,STOP,50.0
EB1:BCHUSDT:2025-07-21T09:00:00+00:00,BCHUSDT,PRE_BREAKOUT,4,HOLDOUT_2025_2026,2025,FIXED20_7,-21.718360499999942,STOP,63.0
EB1:BCHUSDT:2026-07-10T12:00:00+00:00,BCHUSDT,PRE_BREAKOUT,4,HOLDOUT_2025_2026,2026,FULL_TRAIL_7,-21.718360499999942,INITIAL_STOP,119.0
EB1:BCHUSDT:2026-07-10T12:00:00+00:00,BCHUSDT,PRE_BREAKOUT,4,HOLDOUT_2025_2026,2026,HALF20_RUNNER_7,-21.718360499999942,INITIAL_STOP,119.0
EB1:BCHUSDT:2026-07-10T12:00:00+00:00,BCHUSDT,PRE_BREAKOUT,4,HOLDOUT_2025_2026,2026,LADDER10_20_RUNNER_7,-21.718360499999942,INITIAL_STOP,119.0
EB1:BCHUSDT:2026-07-10T12:00:00+00:00,BCHUSDT,PRE_BREAKOUT,4,HOLDOUT_2025_2026,2026,FIXED10_5,-15.727357499999984,STOP,75.0
EB1:BCHUSDT:2026-07-10T12:00:00+00:00,BCHUSDT,PRE_BREAKOUT,4,HOLDOUT_2025_2026,2026,FIXED20_7,-21.718360499999942,STOP,119.0
EB1:ATOMUSDT:2025-05-21T20:00:00+00:00,ATOMUSDT,PRE_BREAKOUT,4,HOLDOUT_2025_2026,2025,FULL_TRAIL_7,-0.7498499999999773,RUNNER_STOP,34.0
EB1:ATOMUSDT:2025-05-21T20:00:00+00:00,ATOMUSDT,PRE_BREAKOUT,4,HOLDOUT_2025_2026,2025,HALF20_RUNNER_7,-21.7183605,INITIAL_STOP,70.0
EB1:ATOMUSDT:2025-05-21T20:00:00+00:00,ATOMUSDT,PRE_BREAKOUT,4,HOLDOUT_2025_2026,2025,LADDER10_20_RUNNER_7,-21.7183605,INITIAL_STOP,70.0
EB1:ATOMUSDT:2025-05-21T20:00:00+00:00,ATOMUSDT,PRE_BREAKOUT,4,HOLDOUT_2025_2026,2025,FIXED10_5,-15.727357499999984,STOP,45.0
EB1:ATOMUSDT:2025-05-21T20:00:00+00:00,ATOMUSDT,PRE_BREAKOUT,4,HOLDOUT_2025_2026,2025,FIXED20_7,-21.7183605,STOP,70.0
EB1:ATOMUSDT:2025-07-18T17:00:00+00:00,ATOMUSDT,PRE_BREAKOUT,4,HOLDOUT_2025_2026,2025,FULL_TRAIL_7,-0.7498499999999773,RUNNER_STOP,110.0
EB1:ATOMUSDT:2025-07-18T17:00:00+00:00,ATOMUSDT,PRE_BREAKOUT,4,HOLDOUT_2025_2026,2025,HALF20_RUNNER_7,-21.718360499999942,INITIAL_STOP,127.0
EB1:ATOMUSDT:2025-07-18T17:00:00+00:00,ATOMUSDT,PRE_BREAKOUT,4,HOLDOUT_2025_2026,2025,LADDER10_20_RUNNER_7,6.738903750000026,RUNNER_STOP,110.0
EB1:ATOMUSDT:2025-07-18T17:00:00+00:00,ATOMUSDT,PRE_BREAKOUT,4,HOLDOUT_2025_2026,2025,FIXED10_5,29.205165000000036,TARGET10,63.0
EB1:ATOMUSDT:2025-07-18T17:00:00+00:00,ATOMUSDT,PRE_BREAKOUT,4,HOLDOUT_2025_2026,2025,FIXED20_7,-21.718360499999942,STOP,127.0
EB1:NEARUSDT:2025-05-22T09:00:00+00:00,NEARUSDT,PRE_BREAKOUT,4,HOLDOUT_2025_2026,2025,FULL_TRAIL_7,-21.7183605,INITIAL_STOP,32.0
EB1:NEARUSDT:2025-05-22T09:00:00+00:00,NEARUSDT,PRE_BREAKOUT,4,HOLDOUT_2025_2026,2025,HALF20_RUNNER_7,-21.7183605,INITIAL_STOP,32.0
EB1:NEARUSDT:2025-05-22T09:00:00+00:00,NEARUSDT,PRE_BREAKOUT,4,HOLDOUT_2025_2026,2025,LADDER10_20_RUNNER_7,-21.7183605,INITIAL_STOP,32.0
EB1:NEARUSDT:2025-05-22T09:00:00+00:00,NEARUSDT,PRE_BREAKOUT,4,HOLDOUT_2025_2026,2025,FIXED10_5,-15.727357499999984,STOP,21.0
EB1:NEARUSDT:2025-05-22T09:00:00+00:00,NEARUSDT,PRE_BREAKOUT,4,HOLDOUT_2025_2026,2025,FIXED20_7,-21.7183605,STOP,32.0
EB1:NEARUSDT:2025-09-17T21:00:00+00:00,NEARUSDT,PRE_BREAKOUT,4,HOLDOUT_2025_2026,2025,FULL_TRAIL_7,-0.7498499999999773,RUNNER_STOP,99.0
EB1:NEARUSDT:2025-09-17T21:00:00+00:00,NEARUSDT,PRE_BREAKOUT,4,HOLDOUT_2025_2026,2025,HALF20_RUNNER_7,-21.7183605,INITIAL_STOP,195.0
EB1:NEARUSDT:2025-09-17T21:00:00+00:00,NEARUSDT,PRE_BREAKOUT,4,HOLDOUT_2025_2026,2025,LADDER10_20_RUNNER_7,6.73890375000004,RUNNER_STOP,99.0
EB1:NEARUSDT:2025-09-17T21:00:00+00:00,NEARUSDT,PRE_BREAKOUT,4,HOLDOUT_2025_2026,2025,FIXED10_5,29.205165000000093,TARGET10,15.0
EB1:NEARUSDT:2025-09-17T21:00:00+00:00,NEARUSDT,PRE_BREAKOUT,4,HOLDOUT_2025_2026,2025,FIXED20_7,-21.7183605,STOP,195.0
EB1:NEARUSDT:2026-05-12T08:00:00+00:00,NEARUSDT,PRE_BREAKOUT,4,HOLDOUT_2025_2026,2026,FULL_TRAIL_7,-0.7498499999999773,RUNNER_STOP,71.0
EB1:NEARUSDT:2026-05-12T08:00:00+00:00,NEARUSDT,PRE_BREAKOUT,4,HOLDOUT_2025_2026,2026,HALF20_RUNNER_7,90.11202237983953,RUNNER_STOP,564.0
EB1:NEARUSDT:2026-05-12T08:00:00+00:00,NEARUSDT,PRE_BREAKOUT,4,HOLDOUT_2025_2026,2026,LADDER10_20_RUNNER_7,6.738903749999998,RUNNER_STOP,71.0
EB1:NEARUSDT:2026-05-12T08:00:00+00:00,NEARUSDT,PRE_BREAKOUT,4,HOLDOUT_2025_2026,2026,FIXED10_5,29.205165000000036,TARGET10,11.0
EB1:NEARUSDT:2026-05-12T08:00:00+00:00,NEARUSDT,PRE_BREAKOUT,4,HOLDOUT_2025_2026,2026,FIXED20_7,59.16018,TARGET20,219.0
EB1:NEARUSDT:2026-06-14T23:00:00+00:00,NEARUSDT,PRE_BREAKOUT,4,HOLDOUT_2025_2026,2026,FULL_TRAIL_7,-0.7498499999999773,RUNNER_STOP,21.0
EB1:NEARUSDT:2026-06-14T23:00:00+00:00,NEARUSDT,PRE_BREAKOUT,4,HOLDOUT_2025_2026,2026,HALF20_RUNNER_7,-21.718360499999942,INITIAL_STOP,66.0
EB1:NEARUSDT:2026-06-14T23:00:00+00:00,NEARUSDT,PRE_BREAKOUT,4,HOLDOUT_2025_2026,2026,LADDER10_20_RUNNER_7,-21.718360499999942,INITIAL_STOP,66.0
EB1:NEARUSDT:2026-06-14T23:00:00+00:00,NEARUSDT,PRE_BREAKOUT,4,HOLDOUT_2025_2026,2026,FIXED10_5,-15.727357499999984,STOP,62.0
EB1:NEARUSDT:2026-06-14T23:00:00+00:00,NEARUSDT,PRE_BREAKOUT,4,HOLDOUT_2025_2026,2026,FIXED20_7,-21.718360499999942,STOP,66.0
EB1:FETUSDT:2025-02-21T10:00:00+00:00,FETUSDT,PRE_BREAKOUT,4,HOLDOUT_2025_2026,2025,FULL_TRAIL_7,-21.718360499999942,INITIAL_STOP,5.0
EB1:FETUSDT:2025-02-21T10:00:00+00:00,FETUSDT,PRE_BREAKOUT,4,HOLDOUT_2025_2026,2025,HALF20_RUNNER_7,-21.718360499999942,INITIAL_STOP,5.0
EB1:FETUSDT:2025-02-21T10:00:00+00:00,FETUSDT,PRE_BREAKOUT,4,HOLDOUT_2025_2026,2025,LADDER10_20_RUNNER_7,-21.718360499999942,INITIAL_STOP,5.0
EB1:FETUSDT:2025-02-21T10:00:00+00:00,FETUSDT,PRE_BREAKOUT,4,HOLDOUT_2025_2026,2025,FIXED10_5,-15.727357500000041,STOP,3.0
EB1:FETUSDT:2025-02-21T10:00:00+00:00,FETUSDT,PRE_BREAKOUT,4,HOLDOUT_2025_2026,2025,FIXED20_7,-21.718360499999942,STOP,5.0
EB1:FETUSDT:2026-05-25T15:00:00+00:00,FETUSDT,BREAKOUT_ATTEMPT,4,HOLDOUT_2025_2026,2026,FULL_TRAIL_7,-0.7498499999999773,RUNNER_STOP,54.0
EB1:FETUSDT:2026-05-25T15:00:00+00:00,FETUSDT,BREAKOUT_ATTEMPT,4,HOLDOUT_2025_2026,2026,HALF20_RUNNER_7,29.205165000000008,RUNNER_STOP,228.0
EB1:FETUSDT:2026-05-25T15:00:00+00:00,FETUSDT,BREAKOUT_ATTEMPT,4,HOLDOUT_2025_2026,2026,LADDER10_20_RUNNER_7,6.738903750000026,RUNNER_STOP,54.0
EB1:FETUSDT:2026-05-25T15:00:00+00:00,FETUSDT,BREAKOUT_ATTEMPT,4,HOLDOUT_2025_2026,2026,FIXED10_5,29.205165000000036,TARGET10,13.0
EB1:FETUSDT:2026-05-25T15:00:00+00:00,FETUSDT,BREAKOUT_ATTEMPT,4,HOLDOUT_2025_2026,2026,FIXED20_7,59.16018,TARGET20,111.0
EB1:INJUSDT:2025-05-08T07:00:00+00:00,INJUSDT,PRE_BREAKOUT,4,HOLDOUT_2025_2026,2025,FULL_TRAIL_7,44.08598452637058,RUNNER_STOP,178.0
EB1:INJUSDT:2025-05-08T07:00:00+00:00,INJUSDT,PRE_BREAKOUT,4,HOLDOUT_2025_2026,2025,HALF20_RUNNER_7,51.62308226318528,RUNNER_STOP,178.0
EB1:INJUSDT:2025-05-08T07:00:00+00:00,INJUSDT,PRE_BREAKOUT,4,HOLDOUT_2025_2026,2025,LADDER10_20_RUNNER_7,44.134328513185295,RUNNER_STOP,178.0
EB1:INJUSDT:2025-05-08T07:00:00+00:00,INJUSDT,PRE_BREAKOUT,4,HOLDOUT_2025_2026,2025,FIXED10_5,29.205165000000036,TARGET10,14.0
EB1:INJUSDT:2025-05-08T07:00:00+00:00,INJUSDT,PRE_BREAKOUT,4,HOLDOUT_2025_2026,2025,FIXED20_7,59.16018,TARGET20,52.0
EB1:INJUSDT:2025-06-07T14:00:00+00:00,INJUSDT,PRE_BREAKOUT,4,HOLDOUT_2025_2026,2025,FULL_TRAIL_7,-0.7498499999999773,RUNNER_STOP,104.0
EB1:INJUSDT:2025-06-07T14:00:00+00:00,INJUSDT,PRE_BREAKOUT,4,HOLDOUT_2025_2026,2025,HALF20_RUNNER_7,-21.718360499999942,INITIAL_STOP,124.0
EB1:INJUSDT:2025-06-07T14:00:00+00:00,INJUSDT,PRE_BREAKOUT,4,HOLDOUT_2025_2026,2025,LADDER10_20_RUNNER_7,6.738903750000026,RUNNER_STOP,104.0
EB1:INJUSDT:2025-06-07T14:00:00+00:00,INJUSDT,PRE_BREAKOUT,4,HOLDOUT_2025_2026,2025,FIXED10_5,29.205165000000036,TARGET10,63.0
EB1:INJUSDT:2025-06-07T14:00:00+00:00,INJUSDT,PRE_BREAKOUT,4,HOLDOUT_2025_2026,2025,FIXED20_7,-21.718360499999942,STOP,124.0
EB1:INJUSDT:2025-08-07T13:00:00+00:00,INJUSDT,PRE_BREAKOUT,4,HOLDOUT_2025_2026,2025,FULL_TRAIL_7,-0.7498499999999773,RUNNER_STOP,98.0
EB1:INJUSDT:2025-08-07T13:00:00+00:00,INJUSDT,PRE_BREAKOUT,4,HOLDOUT_2025_2026,2025,HALF20_RUNNER_7,29.205165000000008,RUNNER_STOP,283.0
EB1:INJUSDT:2025-08-07T13:00:00+00:00,INJUSDT,PRE_BREAKOUT,4,HOLDOUT_2025_2026,2025,LADDER10_20_RUNNER_7,6.738903749999998,RUNNER_STOP,98.0
EB1:INJUSDT:2025-08-07T13:00:00+00:00,INJUSDT,PRE_BREAKOUT,4,HOLDOUT_2025_2026,2025,FIXED10_5,29.205165000000036,TARGET10,81.0
EB1:INJUSDT:2025-08-07T13:00:00+00:00,INJUSDT,PRE_BREAKOUT,4,HOLDOUT_2025_2026,2025,FIXED20_7,59.16018,TARGET20,147.0
EB1:INJUSDT:2026-01-02T16:00:00+00:00,INJUSDT,PRE_BREAKOUT,4,HOLDOUT_2025_2026,2026,FULL_TRAIL_7,-0.7498499999999773,RUNNER_STOP,385.0
EB1:INJUSDT:2026-01-02T16:00:00+00:00,INJUSDT,PRE_BREAKOUT,4,HOLDOUT_2025_2026,2026,HALF20_RUNNER_7,29.205165000000036,RUNNER_STOP,385.0
EB1:INJUSDT:2026-01-02T16:00:00+00:00,INJUSDT,PRE_BREAKOUT,4,HOLDOUT_2025_2026,2026,LADDER10_20_RUNNER_7,21.716411250000032,RUNNER_STOP,385.0
EB1:INJUSDT:2026-01-02T16:00:00+00:00,INJUSDT,PRE_BREAKOUT,4,HOLDOUT_2025_2026,2026,FIXED10_5,29.205165000000036,TARGET10,70.0
EB1:INJUSDT:2026-01-02T16:00:00+00:00,INJUSDT,PRE_BREAKOUT,4,HOLDOUT_2025_2026,2026,FIXED20_7,59.160180000000054,TARGET20,88.0
EB1:INJUSDT:2026-05-11T10:00:00+00:00,INJUSDT,BREAKOUT_ATTEMPT,4,HOLDOUT_2025_2026,2026,FULL_TRAIL_7,47.14375015365002,RUNNER_STOP,53.0
EB1:INJUSDT:2026-05-11T10:00:00+00:00,INJUSDT,BREAKOUT_ATTEMPT,4,HOLDOUT_2025_2026,2026,HALF20_RUNNER_7,53.151965076825036,RUNNER_STOP,53.0
EB1:INJUSDT:2026-05-11T10:00:00+00:00,INJUSDT,BREAKOUT_ATTEMPT,4,HOLDOUT_2025_2026,2026,LADDER10_20_RUNNER_7,45.66321132682504,RUNNER_STOP,53.0
EB1:INJUSDT:2026-05-11T10:00:00+00:00,INJUSDT,BREAKOUT_ATTEMPT,4,HOLDOUT_2025_2026,2026,FIXED10_5,29.205165000000093,TARGET10,17.0
EB1:INJUSDT:2026-05-11T10:00:00+00:00,INJUSDT,BREAKOUT_ATTEMPT,4,HOLDOUT_2025_2026,2026,FIXED20_7,59.160180000000054,TARGET20,37.0
EB1:RUNEUSDT:2026-06-16T05:00:00+00:00,RUNEUSDT,BREAKOUT_ATTEMPT,4,HOLDOUT_2025_2026,2026,FULL_TRAIL_7,-0.7498499999999773,RUNNER_STOP,52.0
EB1:RUNEUSDT:2026-06-16T05:00:00+00:00,RUNEUSDT,BREAKOUT_ATTEMPT,4,HOLDOUT_2025_2026,2026,HALF20_RUNNER_7,-21.718360499999942,INITIAL_STOP,296.0
EB1:RUNEUSDT:2026-06-16T05:00:00+00:00,RUNEUSDT,BREAKOUT_ATTEMPT,4,HOLDOUT_2025_2026,2026,LADDER10_20_RUNNER_7,-21.718360499999942,INITIAL_STOP,296.0
EB1:RUNEUSDT:2026-06-16T05:00:00+00:00,RUNEUSDT,BREAKOUT_ATTEMPT,4,HOLDOUT_2025_2026,2026,FIXED10_5,-15.727357499999984,STOP,71.0
EB1:RUNEUSDT:2026-06-16T05:00:00+00:00,RUNEUSDT,BREAKOUT_ATTEMPT,4,HOLDOUT_2025_2026,2026,FIXED20_7,-21.718360499999942,STOP,296.0
EB1:APTUSDT:2025-07-20T16:00:00+00:00,APTUSDT,PRE_BREAKOUT,4,HOLDOUT_2025_2026,2025,FULL_TRAIL_7,-0.7498499999999773,RUNNER_STOP,60.0
EB1:APTUSDT:2025-07-20T16:00:00+00:00,APTUSDT,PRE_BREAKOUT,4,HOLDOUT_2025_2026,2025,HALF20_RUNNER_7,-21.718360499999942,INITIAL_STOP,66.0
EB1:APTUSDT:2025-07-20T16:00:00+00:00,APTUSDT,PRE_BREAKOUT,4,HOLDOUT_2025_2026,2025,LADDER10_20_RUNNER_7,-21.718360499999942,INITIAL_STOP,66.0
EB1:APTUSDT:2025-07-20T16:00:00+00:00,APTUSDT,PRE_BREAKOUT,4,HOLDOUT_2025_2026,2025,FIXED10_5,-15.727357499999984,STOP,62.0
EB1:APTUSDT:2025-07-20T16:00:00+00:00,APTUSDT,PRE_BREAKOUT,4,HOLDOUT_2025_2026,2025,FIXED20_7,-21.718360499999942,STOP,66.0
EB1:OPUSDT:2025-07-15T17:00:00+00:00,OPUSDT,PRE_BREAKOUT,4,HOLDOUT_2025_2026,2025,FULL_TRAIL_7,-0.7498499999999773,RUNNER_STOP,28.0
EB1:OPUSDT:2025-07-15T17:00:00+00:00,OPUSDT,PRE_BREAKOUT,4,HOLDOUT_2025_2026,2025,HALF20_RUNNER_7,29.205165000000036,RUNNER_STOP,189.0
EB1:OPUSDT:2025-07-15T17:00:00+00:00,OPUSDT,PRE_BREAKOUT,4,HOLDOUT_2025_2026,2025,LADDER10_20_RUNNER_7,21.716411250000046,RUNNER_STOP,189.0
EB1:OPUSDT:2025-07-15T17:00:00+00:00,OPUSDT,PRE_BREAKOUT,4,HOLDOUT_2025_2026,2025,FIXED10_5,29.205165000000093,TARGET10,50.0
EB1:OPUSDT:2025-07-15T17:00:00+00:00,OPUSDT,PRE_BREAKOUT,4,HOLDOUT_2025_2026,2025,FIXED20_7,59.160180000000054,TARGET20,136.0
EB1:OPUSDT:2025-08-13T08:00:00+00:00,OPUSDT,PRE_BREAKOUT,4,HOLDOUT_2025_2026,2025,FULL_TRAIL_7,-0.7498499999999204,RUNNER_STOP,16.0
EB1:OPUSDT:2025-08-13T08:00:00+00:00,OPUSDT,PRE_BREAKOUT,4,HOLDOUT_2025_2026,2025,HALF20_RUNNER_7,-21.718360499999942,INITIAL_STOP,22.0
EB1:OPUSDT:2025-08-13T08:00:00+00:00,OPUSDT,PRE_BREAKOUT,4,HOLDOUT_2025_2026,2025,LADDER10_20_RUNNER_7,-21.718360499999942,INITIAL_STOP,22.0
EB1:OPUSDT:2025-08-13T08:00:00+00:00,OPUSDT,PRE_BREAKOUT,4,HOLDOUT_2025_2026,2025,FIXED10_5,-15.727357499999927,STOP,22.0
EB1:OPUSDT:2025-08-13T08:00:00+00:00,OPUSDT,PRE_BREAKOUT,4,HOLDOUT_2025_2026,2025,FIXED20_7,-21.718360499999942,STOP,22.0
EB1:OPUSDT:2025-09-17T21:00:00+00:00,OPUSDT,PRE_BREAKOUT,4,HOLDOUT_2025_2026,2025,FULL_TRAIL_7,-0.7498499999999773,RUNNER_STOP,31.0
EB1:OPUSDT:2025-09-17T21:00:00+00:00,OPUSDT,PRE_BREAKOUT,4,HOLDOUT_2025_2026,2025,HALF20_RUNNER_7,-21.718360499999942,INITIAL_STOP,93.0
EB1:OPUSDT:2025-09-17T21:00:00+00:00,OPUSDT,PRE_BREAKOUT,4,HOLDOUT_2025_2026,2025,LADDER10_20_RUNNER_7,-21.718360499999942,INITIAL_STOP,93.0
EB1:OPUSDT:2025-09-17T21:00:00+00:00,OPUSDT,PRE_BREAKOUT,4,HOLDOUT_2025_2026,2025,FIXED10_5,-15.727357500000041,STOP,93.0
EB1:OPUSDT:2025-09-17T21:00:00+00:00,OPUSDT,PRE_BREAKOUT,4,HOLDOUT_2025_2026,2025,FIXED20_7,-21.718360499999942,STOP,93.0
EB1:OPUSDT:2026-06-12T14:00:00+00:00,OPUSDT,PRE_BREAKOUT,4,HOLDOUT_2025_2026,2026,FULL_TRAIL_7,-0.7498499999999773,RUNNER_STOP,152.0
EB1:OPUSDT:2026-06-12T14:00:00+00:00,OPUSDT,PRE_BREAKOUT,4,HOLDOUT_2025_2026,2026,HALF20_RUNNER_7,-21.7183605,INITIAL_STOP,443.0
EB1:OPUSDT:2026-06-12T14:00:00+00:00,OPUSDT,PRE_BREAKOUT,4,HOLDOUT_2025_2026,2026,LADDER10_20_RUNNER_7,6.738903750000083,RUNNER_STOP,152.0
EB1:OPUSDT:2026-06-12T14:00:00+00:00,OPUSDT,PRE_BREAKOUT,4,HOLDOUT_2025_2026,2026,FIXED10_5,29.205165000000036,TARGET10,18.0
EB1:OPUSDT:2026-06-12T14:00:00+00:00,OPUSDT,PRE_BREAKOUT,4,HOLDOUT_2025_2026,2026,FIXED20_7,-21.7183605,STOP,443.0
EB1:ARBUSDT:2025-05-22T00:00:00+00:00,ARBUSDT,PRE_BREAKOUT,4,HOLDOUT_2025_2026,2025,FULL_TRAIL_7,-0.7498499999999773,RUNNER_STOP,29.0
EB1:ARBUSDT:2025-05-22T00:00:00+00:00,ARBUSDT,PRE_BREAKOUT,4,HOLDOUT_2025_2026,2025,HALF20_RUNNER_7,-21.718360499999942,INITIAL_STOP,41.0
EB1:ARBUSDT:2025-05-22T00:00:00+00:00,ARBUSDT,PRE_BREAKOUT,4,HOLDOUT_2025_2026,2025,LADDER10_20_RUNNER_7,-21.718360499999942,INITIAL_STOP,41.0
EB1:ARBUSDT:2025-05-22T00:00:00+00:00,ARBUSDT,PRE_BREAKOUT,4,HOLDOUT_2025_2026,2025,FIXED10_5,-15.727357499999984,STOP,30.0
EB1:ARBUSDT:2025-05-22T00:00:00+00:00,ARBUSDT,PRE_BREAKOUT,4,HOLDOUT_2025_2026,2025,FIXED20_7,-21.718360499999942,STOP,41.0
EB1:ARBUSDT:2025-08-08T00:00:00+00:00,ARBUSDT,PRE_BREAKOUT,4,HOLDOUT_2025_2026,2025,FULL_TRAIL_7,46.520640413416125,RUNNER_STOP,177.0
EB1:ARBUSDT:2025-08-08T00:00:00+00:00,ARBUSDT,PRE_BREAKOUT,4,HOLDOUT_2025_2026,2025,HALF20_RUNNER_7,52.84041020670806,RUNNER_STOP,177.0
EB1:ARBUSDT:2025-08-08T00:00:00+00:00,ARBUSDT,PRE_BREAKOUT,4,HOLDOUT_2025_2026,2025,LADDER10_20_RUNNER_7,45.35165645670807,RUNNER_STOP,177.0
EB1:ARBUSDT:2025-08-08T00:00:00+00:00,ARBUSDT,PRE_BREAKOUT,4,HOLDOUT_2025_2026,2025,FIXED10_5,29.205165000000036,TARGET10,26.0
EB1:ARBUSDT:2025-08-08T00:00:00+00:00,ARBUSDT,PRE_BREAKOUT,4,HOLDOUT_2025_2026,2025,FIXED20_7,59.16018,TARGET20,127.0
EB1:AAVEUSDT:2025-05-18T16:00:00+00:00,AAVEUSDT,PRE_BREAKOUT,4,HOLDOUT_2025_2026,2025,FULL_TRAIL_7,53.6651691099733,RUNNER_STOP,604.0
EB1:AAVEUSDT:2025-05-18T16:00:00+00:00,AAVEUSDT,PRE_BREAKOUT,4,HOLDOUT_2025_2026,2025,HALF20_RUNNER_7,56.412674554986644,RUNNER_STOP,604.0
EB1:AAVEUSDT:2025-05-18T16:00:00+00:00,AAVEUSDT,PRE_BREAKOUT,4,HOLDOUT_2025_2026,2025,LADDER10_20_RUNNER_7,48.92392080498665,RUNNER_STOP,604.0
EB1:AAVEUSDT:2025-05-18T16:00:00+00:00,AAVEUSDT,PRE_BREAKOUT,4,HOLDOUT_2025_2026,2025,FIXED10_5,-15.727357499999984,STOP,6.0
EB1:AAVEUSDT:2025-05-18T16:00:00+00:00,AAVEUSDT,PRE_BREAKOUT,4,HOLDOUT_2025_2026,2025,FIXED20_7,59.16018,TARGET20,30.0
EB1:AAVEUSDT:2026-07-10T09:00:00+00:00,AAVEUSDT,PRE_BREAKOUT,4,HOLDOUT_2025_2026,2026,FULL_TRAIL_7,-0.7498499999999773,RUNNER_STOP,61.0
EB1:AAVEUSDT:2026-07-10T09:00:00+00:00,AAVEUSDT,PRE_BREAKOUT,4,HOLDOUT_2025_2026,2026,HALF20_RUNNER_7,-21.718360499999942,INITIAL_STOP,182.0
EB1:AAVEUSDT:2026-07-10T09:00:00+00:00,AAVEUSDT,PRE_BREAKOUT,4,HOLDOUT_2025_2026,2026,LADDER10_20_RUNNER_7,-21.718360499999942,INITIAL_STOP,182.0
EB1:AAVEUSDT:2026-07-10T09:00:00+00:00,AAVEUSDT,PRE_BREAKOUT,4,HOLDOUT_2025_2026,2026,FIXED10_5,-15.727357499999984,STOP,161.0
EB1:AAVEUSDT:2026-07-10T09:00:00+00:00,AAVEUSDT,PRE_BREAKOUT,4,HOLDOUT_2025_2026,2026,FIXED20_7,-21.718360499999942,STOP,182.0
EB1:ZECUSDT:2025-03-25T08:00:00+00:00,ZECUSDT,PRE_BREAKOUT,4,HOLDOUT_2025_2026,2025,FULL_TRAIL_7,-0.7498500000000341,RUNNER_STOP,62.0
EB1:ZECUSDT:2025-03-25T08:00:00+00:00,ZECUSDT,PRE_BREAKOUT,4,HOLDOUT_2025_2026,2025,HALF20_RUNNER_7,-21.7183605,INITIAL_STOP,303.0
EB1:ZECUSDT:2025-03-25T08:00:00+00:00,ZECUSDT,PRE_BREAKOUT,4,HOLDOUT_2025_2026,2025,LADDER10_20_RUNNER_7,6.738903749999969,RUNNER_STOP,297.0
EB1:ZECUSDT:2025-03-25T08:00:00+00:00,ZECUSDT,PRE_BREAKOUT,4,HOLDOUT_2025_2026,2025,FIXED10_5,29.205165000000036,TARGET10,154.0
EB1:ZECUSDT:2025-03-25T08:00:00+00:00,ZECUSDT,PRE_BREAKOUT,4,HOLDOUT_2025_2026,2025,FIXED20_7,-21.7183605,STOP,303.0
EB1:ZECUSDT:2025-08-13T12:00:00+00:00,ZECUSDT,PRE_BREAKOUT,4,HOLDOUT_2025_2026,2025,FULL_TRAIL_7,-21.7183605,INITIAL_STOP,22.0
EB1:ZECUSDT:2025-08-13T12:00:00+00:00,ZECUSDT,PRE_BREAKOUT,4,HOLDOUT_2025_2026,2025,HALF20_RUNNER_7,-21.7183605,INITIAL_STOP,22.0
EB1:ZECUSDT:2025-08-13T12:00:00+00:00,ZECUSDT,PRE_BREAKOUT,4,HOLDOUT_2025_2026,2025,LADDER10_20_RUNNER_7,-21.7183605,INITIAL_STOP,22.0
EB1:ZECUSDT:2025-08-13T12:00:00+00:00,ZECUSDT,PRE_BREAKOUT,4,HOLDOUT_2025_2026,2025,FIXED10_5,-15.727357499999984,STOP,18.0
EB1:ZECUSDT:2025-08-13T12:00:00+00:00,ZECUSDT,PRE_BREAKOUT,4,HOLDOUT_2025_2026,2025,FIXED20_7,-21.7183605,STOP,22.0
EB1:ZECUSDT:2025-09-03T11:00:00+00:00,ZECUSDT,PRE_BREAKOUT,4,HOLDOUT_2025_2026,2025,FULL_TRAIL_7,35.782095664617195,RUNNER_STOP,445.0
EB1:ZECUSDT:2025-09-03T11:00:00+00:00,ZECUSDT,PRE_BREAKOUT,4,HOLDOUT_2025_2026,2025,HALF20_RUNNER_7,47.47113783230859,RUNNER_STOP,445.0
EB1:ZECUSDT:2025-09-03T11:00:00+00:00,ZECUSDT,PRE_BREAKOUT,4,HOLDOUT_2025_2026,2025,LADDER10_20_RUNNER_7,39.9823840823086,RUNNER_STOP,445.0
EB1:ZECUSDT:2025-09-03T11:00:00+00:00,ZECUSDT,PRE_BREAKOUT,4,HOLDOUT_2025_2026,2025,FIXED10_5,-15.727357500000041,STOP,11.0
EB1:ZECUSDT:2025-09-03T11:00:00+00:00,ZECUSDT,PRE_BREAKOUT,4,HOLDOUT_2025_2026,2025,FIXED20_7,59.16018,TARGET20,121.0
EB1:ZECUSDT:2026-07-07T12:00:00+00:00,ZECUSDT,PRE_BREAKOUT,4,HOLDOUT_2025_2026,2026,FULL_TRAIL_7,-21.718360499999942,INITIAL_STOP,14.0
EB1:ZECUSDT:2026-07-07T12:00:00+00:00,ZECUSDT,PRE_BREAKOUT,4,HOLDOUT_2025_2026,2026,HALF20_RUNNER_7,-21.718360499999942,INITIAL_STOP,14.0
EB1:ZECUSDT:2026-07-07T12:00:00+00:00,ZECUSDT,PRE_BREAKOUT,4,HOLDOUT_2025_2026,2026,LADDER10_20_RUNNER_7,-21.718360499999942,INITIAL_STOP,14.0
EB1:ZECUSDT:2026-07-07T12:00:00+00:00,ZECUSDT,PRE_BREAKOUT,4,HOLDOUT_2025_2026,2026,FIXED10_5,-15.727357499999984,STOP,4.0
EB1:ZECUSDT:2026-07-07T12:00:00+00:00,ZECUSDT,PRE_BREAKOUT,4,HOLDOUT_2025_2026,2026,FIXED20_7,-21.718360499999942,STOP,14.0
EB1:CRVUSDT:2025-04-30T17:00:00+00:00,CRVUSDT,PRE_BREAKOUT,4,HOLDOUT_2025_2026,2025,FULL_TRAIL_7,-0.7498499999999773,RUNNER_STOP,20.0
EB1:CRVUSDT:2025-04-30T17:00:00+00:00,CRVUSDT,PRE_BREAKOUT,4,HOLDOUT_2025_2026,2025,HALF20_RUNNER_7,-21.718360499999942,INITIAL_STOP,129.0
EB1:CRVUSDT:2025-04-30T17:00:00+00:00,CRVUSDT,PRE_BREAKOUT,4,HOLDOUT_2025_2026,2025,LADDER10_20_RUNNER_7,-21.718360499999942,INITIAL_STOP,129.0
EB1:CRVUSDT:2025-04-30T17:00:00+00:00,CRVUSDT,PRE_BREAKOUT,4,HOLDOUT_2025_2026,2025,FIXED10_5,-15.727357499999984,STOP,107.0
EB1:CRVUSDT:2025-04-30T17:00:00+00:00,CRVUSDT,PRE_BREAKOUT,4,HOLDOUT_2025_2026,2025,FIXED20_7,-21.718360499999942,STOP,129.0
EB1:CRVUSDT:2025-08-11T07:00:00+00:00,CRVUSDT,PRE_BREAKOUT,4,HOLDOUT_2025_2026,2025,FULL_TRAIL_7,-0.7498499999999773,RUNNER_STOP,71.0
EB1:CRVUSDT:2025-08-11T07:00:00+00:00,CRVUSDT,PRE_BREAKOUT,4,HOLDOUT_2025_2026,2025,HALF20_RUNNER_7,-21.7183605,INITIAL_STOP,97.0
EB1:CRVUSDT:2025-08-11T07:00:00+00:00,CRVUSDT,PRE_BREAKOUT,4,HOLDOUT_2025_2026,2025,LADDER10_20_RUNNER_7,6.73890375000004,RUNNER_STOP,71.0
EB1:CRVUSDT:2025-08-11T07:00:00+00:00,CRVUSDT,PRE_BREAKOUT,4,HOLDOUT_2025_2026,2025,FIXED10_5,-15.727357499999984,STOP,22.0
EB1:CRVUSDT:2025-08-11T07:00:00+00:00,CRVUSDT,PRE_BREAKOUT,4,HOLDOUT_2025_2026,2025,FIXED20_7,-21.7183605,STOP,97.0
EB1:CRVUSDT:2026-01-16T02:00:00+00:00,CRVUSDT,PRE_BREAKOUT,4,HOLDOUT_2025_2026,2026,FULL_TRAIL_7,-0.7498499999999773,RUNNER_STOP,37.0
EB1:CRVUSDT:2026-01-16T02:00:00+00:00,CRVUSDT,PRE_BREAKOUT,4,HOLDOUT_2025_2026,2026,HALF20_RUNNER_7,-21.718360499999942,INITIAL_STOP,64.0
EB1:CRVUSDT:2026-01-16T02:00:00+00:00,CRVUSDT,PRE_BREAKOUT,4,HOLDOUT_2025_2026,2026,LADDER10_20_RUNNER_7,-21.718360499999942,INITIAL_STOP,64.0
EB1:CRVUSDT:2026-01-16T02:00:00+00:00,CRVUSDT,PRE_BREAKOUT,4,HOLDOUT_2025_2026,2026,FIXED10_5,-15.727357499999984,STOP,63.0
EB1:CRVUSDT:2026-01-16T02:00:00+00:00,CRVUSDT,PRE_BREAKOUT,4,HOLDOUT_2025_2026,2026,FIXED20_7,-21.718360499999942,STOP,64.0
EB1:CRVUSDT:2026-03-25T16:00:00+00:00,CRVUSDT,PRE_BREAKOUT,4,HOLDOUT_2025_2026,2026,FULL_TRAIL_7,-21.7183605,INITIAL_STOP,20.0
EB1:CRVUSDT:2026-03-25T16:00:00+00:00,CRVUSDT,PRE_BREAKOUT,4,HOLDOUT_2025_2026,2026,HALF20_RUNNER_7,-21.7183605,INITIAL_STOP,20.0
EB1:CRVUSDT:2026-03-25T16:00:00+00:00,CRVUSDT,PRE_BREAKOUT,4,HOLDOUT_2025_2026,2026,LADDER10_20_RUNNER_7,-21.7183605,INITIAL_STOP,20.0
EB1:CRVUSDT:2026-03-25T16:00:00+00:00,CRVUSDT,PRE_BREAKOUT,4,HOLDOUT_2025_2026,2026,FIXED10_5,-15.727357499999984,STOP,11.0
EB1:CRVUSDT:2026-03-25T16:00:00+00:00,CRVUSDT,PRE_BREAKOUT,4,HOLDOUT_2025_2026,2026,FIXED20_7,-21.7183605,STOP,20.0
EB1:CRVUSDT:2026-05-11T13:00:00+00:00,CRVUSDT,PRE_BREAKOUT,4,HOLDOUT_2025_2026,2026,FULL_TRAIL_7,-0.7498499999999773,RUNNER_STOP,20.0
EB1:CRVUSDT:2026-05-11T13:00:00+00:00,CRVUSDT,PRE_BREAKOUT,4,HOLDOUT_2025_2026,2026,HALF20_RUNNER_7,-21.7183605,INITIAL_STOP,90.0
EB1:CRVUSDT:2026-05-11T13:00:00+00:00,CRVUSDT,PRE_BREAKOUT,4,HOLDOUT_2025_2026,2026,LADDER10_20_RUNNER_7,-21.7183605,INITIAL_STOP,90.0
EB1:CRVUSDT:2026-05-11T13:00:00+00:00,CRVUSDT,PRE_BREAKOUT,4,HOLDOUT_2025_2026,2026,FIXED10_5,-15.727357500000041,STOP,85.0
EB1:CRVUSDT:2026-05-11T13:00:00+00:00,CRVUSDT,PRE_BREAKOUT,4,HOLDOUT_2025_2026,2026,FIXED20_7,-21.7183605,STOP,90.0
EB1:SUIUSDT:2025-05-22T08:00:00+00:00,SUIUSDT,PRE_BREAKOUT,4,HOLDOUT_2025_2026,2025,FULL_TRAIL_7,-21.7183605,INITIAL_STOP,22.0
EB1:SUIUSDT:2025-05-22T08:00:00+00:00,SUIUSDT,PRE_BREAKOUT,4,HOLDOUT_2025_2026,2025,HALF20_RUNNER_7,-21.7183605,INITIAL_STOP,22.0
EB1:SUIUSDT:2025-05-22T08:00:00+00:00,SUIUSDT,PRE_BREAKOUT,4,HOLDOUT_2025_2026,2025,LADDER10_20_RUNNER_7,-21.7183605,INITIAL_STOP,22.0
EB1:SUIUSDT:2025-05-22T08:00:00+00:00,SUIUSDT,PRE_BREAKOUT,4,HOLDOUT_2025_2026,2025,FIXED10_5,-15.727357500000041,STOP,22.0
EB1:SUIUSDT:2025-05-22T08:00:00+00:00,SUIUSDT,PRE_BREAKOUT,4,HOLDOUT_2025_2026,2025,FIXED20_7,-21.7183605,STOP,22.0
EB1:UNIUSDT:2025-05-23T02:00:00+00:00,UNIUSDT,PRE_BREAKOUT,4,HOLDOUT_2025_2026,2025,FULL_TRAIL_7,-21.718360499999942,INITIAL_STOP,4.0
EB1:UNIUSDT:2025-05-23T02:00:00+00:00,UNIUSDT,PRE_BREAKOUT,4,HOLDOUT_2025_2026,2025,HALF20_RUNNER_7,-21.718360499999942,INITIAL_STOP,4.0
EB1:UNIUSDT:2025-05-23T02:00:00+00:00,UNIUSDT,PRE_BREAKOUT,4,HOLDOUT_2025_2026,2025,LADDER10_20_RUNNER_7,-21.718360499999942,INITIAL_STOP,4.0
EB1:UNIUSDT:2025-05-23T02:00:00+00:00,UNIUSDT,PRE_BREAKOUT,4,HOLDOUT_2025_2026,2025,FIXED10_5,-15.727357499999984,STOP,4.0
EB1:UNIUSDT:2025-05-23T02:00:00+00:00,UNIUSDT,PRE_BREAKOUT,4,HOLDOUT_2025_2026,2025,FIXED20_7,-21.718360499999942,STOP,4.0
EB1:UNIUSDT:2025-07-09T08:00:00+00:00,UNIUSDT,PRE_BREAKOUT,4,HOLDOUT_2025_2026,2025,FULL_TRAIL_7,51.0026610958423,RUNNER_STOP,509.0
EB1:UNIUSDT:2025-07-09T08:00:00+00:00,UNIUSDT,PRE_BREAKOUT,4,HOLDOUT_2025_2026,2025,HALF20_RUNNER_7,55.08142054792114,RUNNER_STOP,509.0
EB1:UNIUSDT:2025-07-09T08:00:00+00:00,UNIUSDT,PRE_BREAKOUT,4,HOLDOUT_2025_2026,2025,LADDER10_20_RUNNER_7,47.59266679792117,RUNNER_STOP,509.0
EB1:UNIUSDT:2025-07-09T08:00:00+00:00,UNIUSDT,PRE_BREAKOUT,4,HOLDOUT_2025_2026,2025,FIXED10_5,29.205165000000093,TARGET10,38.0
EB1:UNIUSDT:2025-07-09T08:00:00+00:00,UNIUSDT,PRE_BREAKOUT,4,HOLDOUT_2025_2026,2025,FIXED20_7,59.16018,TARGET20,203.0
EB1:UNIUSDT:2026-07-14T14:00:00+00:00,UNIUSDT,PRE_BREAKOUT,4,HOLDOUT_2025_2026,2026,FULL_TRAIL_7,-21.718360499999942,INITIAL_STOP,129.0
EB1:UNIUSDT:2026-07-14T14:00:00+00:00,UNIUSDT,PRE_BREAKOUT,4,HOLDOUT_2025_2026,2026,HALF20_RUNNER_7,-21.718360499999942,INITIAL_STOP,129.0
EB1:UNIUSDT:2026-07-14T14:00:00+00:00,UNIUSDT,PRE_BREAKOUT,4,HOLDOUT_2025_2026,2026,LADDER10_20_RUNNER_7,-21.718360499999942,INITIAL_STOP,129.0
EB1:UNIUSDT:2026-07-14T14:00:00+00:00,UNIUSDT,PRE_BREAKOUT,4,HOLDOUT_2025_2026,2026,FIXED10_5,-15.727357499999984,STOP,54.0
EB1:UNIUSDT:2026-07-14T14:00:00+00:00,UNIUSDT,PRE_BREAKOUT,4,HOLDOUT_2025_2026,2026,FIXED20_7,-21.718360499999942,STOP,129.0
EB1:UNIUSDT:2026-07-26T12:00:00+00:00,UNIUSDT,BREAKOUT_ATTEMPT,4,HOLDOUT_2025_2026,2026,FULL_TRAIL_7,-0.7498499999999773,RUNNER_STOP,190.0
EB1:UNIUSDT:2026-07-26T12:00:00+00:00,UNIUSDT,BREAKOUT_ATTEMPT,4,HOLDOUT_2025_2026,2026,HALF20_RUNNER_7,-21.718360499999942,INITIAL_STOP,396.0
EB1:UNIUSDT:2026-07-26T12:00:00+00:00,UNIUSDT,BREAKOUT_ATTEMPT,4,HOLDOUT_2025_2026,2026,LADDER10_20_RUNNER_7,6.738903750000055,RUNNER_STOP,190.0
EB1:UNIUSDT:2026-07-26T12:00:00+00:00,UNIUSDT,BREAKOUT_ATTEMPT,4,HOLDOUT_2025_2026,2026,FIXED10_5,-15.727357499999984,STOP,28.0
EB1:UNIUSDT:2026-07-26T12:00:00+00:00,UNIUSDT,BREAKOUT_ATTEMPT,4,HOLDOUT_2025_2026,2026,FIXED20_7,-21.718360499999942,STOP,396.0
EB1:CVXUSDT:2025-05-20T21:00:00+00:00,CVXUSDT,PRE_BREAKOUT,4,HOLDOUT_2025_2026,2025,FULL_TRAIL_7,-0.7498499999999773,RUNNER_STOP,57.0
EB1:CVXUSDT:2025-05-20T21:00:00+00:00,CVXUSDT,PRE_BREAKOUT,4,HOLDOUT_2025_2026,2025,HALF20_RUNNER_7,-21.718360499999942,INITIAL_STOP,93.0
EB1:CVXUSDT:2025-05-20T21:00:00+00:00,CVXUSDT,PRE_BREAKOUT,4,HOLDOUT_2025_2026,2025,LADDER10_20_RUNNER_7,6.738903750000026,RUNNER_STOP,57.0
EB1:CVXUSDT:2025-05-20T21:00:00+00:00,CVXUSDT,PRE_BREAKOUT,4,HOLDOUT_2025_2026,2025,FIXED10_5,29.205165000000036,TARGET10,36.0
EB1:CVXUSDT:2025-05-20T21:00:00+00:00,CVXUSDT,PRE_BREAKOUT,4,HOLDOUT_2025_2026,2025,FIXED20_7,-21.718360499999942,STOP,93.0
EB1:CVXUSDT:2026-01-28T23:00:00+00:00,CVXUSDT,PRE_BREAKOUT,4,HOLDOUT_2025_2026,2026,FULL_TRAIL_7,-21.7183605,INITIAL_STOP,10.0
EB1:CVXUSDT:2026-01-28T23:00:00+00:00,CVXUSDT,PRE_BREAKOUT,4,HOLDOUT_2025_2026,2026,HALF20_RUNNER_7,-21.7183605,INITIAL_STOP,10.0
EB1:CVXUSDT:2026-01-28T23:00:00+00:00,CVXUSDT,PRE_BREAKOUT,4,HOLDOUT_2025_2026,2026,LADDER10_20_RUNNER_7,-21.7183605,INITIAL_STOP,10.0
EB1:CVXUSDT:2026-01-28T23:00:00+00:00,CVXUSDT,PRE_BREAKOUT,4,HOLDOUT_2025_2026,2026,FIXED10_5,-15.727357499999984,STOP,10.0
EB1:CVXUSDT:2026-01-28T23:00:00+00:00,CVXUSDT,PRE_BREAKOUT,4,HOLDOUT_2025_2026,2026,FIXED20_7,-21.7183605,STOP,10.0
EB1:CVXUSDT:2026-05-12T03:00:00+00:00,CVXUSDT,PRE_BREAKOUT,4,HOLDOUT_2025_2026,2026,FULL_TRAIL_7,-21.7183605,INITIAL_STOP,29.0
EB1:CVXUSDT:2026-05-12T03:00:00+00:00,CVXUSDT,PRE_BREAKOUT,4,HOLDOUT_2025_2026,2026,HALF20_RUNNER_7,-21.7183605,INITIAL_STOP,29.0
EB1:CVXUSDT:2026-05-12T03:00:00+00:00,CVXUSDT,PRE_BREAKOUT,4,HOLDOUT_2025_2026,2026,LADDER10_20_RUNNER_7,-21.7183605,INITIAL_STOP,29.0
EB1:CVXUSDT:2026-05-12T03:00:00+00:00,CVXUSDT,PRE_BREAKOUT,4,HOLDOUT_2025_2026,2026,FIXED10_5,-15.727357500000041,STOP,7.0
EB1:CVXUSDT:2026-05-12T03:00:00+00:00,CVXUSDT,PRE_BREAKOUT,4,HOLDOUT_2025_2026,2026,FIXED20_7,-21.7183605,STOP,29.0
EB1:CVXUSDT:2026-08-05T04:00:00+00:00,CVXUSDT,PRE_BREAKOUT,4,HOLDOUT_2025_2026,2026,FULL_TRAIL_7,172.14841615889307,DATA_END,637.0
EB1:CVXUSDT:2026-08-05T04:00:00+00:00,CVXUSDT,PRE_BREAKOUT,4,HOLDOUT_2025_2026,2026,HALF20_RUNNER_7,115.65429807944653,DATA_END,637.0
EB1:CVXUSDT:2026-08-05T04:00:00+00:00,CVXUSDT,PRE_BREAKOUT,4,HOLDOUT_2025_2026,2026,LADDER10_20_RUNNER_7,108.16554432944655,DATA_END,637.0
EB1:CVXUSDT:2026-08-05T04:00:00+00:00,CVXUSDT,PRE_BREAKOUT,4,HOLDOUT_2025_2026,2026,FIXED10_5,29.205165000000036,TARGET10,31.0
EB1:CVXUSDT:2026-08-05T04:00:00+00:00,CVXUSDT,PRE_BREAKOUT,4,HOLDOUT_2025_2026,2026,FIXED20_7,59.16018,TARGET20,121.0
EB1:COTIUSDT:2026-03-03T17:00:00+00:00,COTIUSDT,PRE_BREAKOUT,4,HOLDOUT_2025_2026,2026,FULL_TRAIL_7,-0.7498499999999773,RUNNER_STOP,63.0
EB1:COTIUSDT:2026-03-03T17:00:00+00:00,COTIUSDT,PRE_BREAKOUT,4,HOLDOUT_2025_2026,2026,HALF20_RUNNER_7,29.205165000000036,RUNNER_STOP,444.0
EB1:COTIUSDT:2026-03-03T17:00:00+00:00,COTIUSDT,PRE_BREAKOUT,4,HOLDOUT_2025_2026,2026,LADDER10_20_RUNNER_7,21.716411250000046,RUNNER_STOP,444.0
EB1:COTIUSDT:2026-03-03T17:00:00+00:00,COTIUSDT,PRE_BREAKOUT,4,HOLDOUT_2025_2026,2026,FIXED10_5,-15.727357499999984,STOP,101.0
EB1:COTIUSDT:2026-03-03T17:00:00+00:00,COTIUSDT,PRE_BREAKOUT,4,HOLDOUT_2025_2026,2026,FIXED20_7,59.160180000000054,TARGET20,335.0
EB1:SUNUSDT:2026-03-22T13:00:00+00:00,SUNUSDT,PRE_BREAKOUT,4,HOLDOUT_2025_2026,2026,FULL_TRAIL_7,-0.7498499999999773,RUNNER_STOP,40.0
EB1:SUNUSDT:2026-03-22T13:00:00+00:00,SUNUSDT,PRE_BREAKOUT,4,HOLDOUT_2025_2026,2026,HALF20_RUNNER_7,-21.7183605,INITIAL_STOP,53.0
EB1:SUNUSDT:2026-03-22T13:00:00+00:00,SUNUSDT,PRE_BREAKOUT,4,HOLDOUT_2025_2026,2026,LADDER10_20_RUNNER_7,-21.7183605,INITIAL_STOP,53.0
EB1:SUNUSDT:2026-03-22T13:00:00+00:00,SUNUSDT,PRE_BREAKOUT,4,HOLDOUT_2025_2026,2026,FIXED10_5,-15.727357500000041,STOP,52.0
EB1:SUNUSDT:2026-03-22T13:00:00+00:00,SUNUSDT,PRE_BREAKOUT,4,HOLDOUT_2025_2026,2026,FIXED20_7,-21.7183605,STOP,53.0
EB1:PEOPLEUSDT:2025-09-13T00:00:00+00:00,PEOPLEUSDT,BREAKOUT_ATTEMPT,4,HOLDOUT_2025_2026,2025,FULL_TRAIL_7,-21.718360499999942,INITIAL_STOP,33.0
EB1:PEOPLEUSDT:2025-09-13T00:00:00+00:00,PEOPLEUSDT,BREAKOUT_ATTEMPT,4,HOLDOUT_2025_2026,2025,HALF20_RUNNER_7,-21.718360499999942,INITIAL_STOP,33.0
EB1:PEOPLEUSDT:2025-09-13T00:00:00+00:00,PEOPLEUSDT,BREAKOUT_ATTEMPT,4,HOLDOUT_2025_2026,2025,LADDER10_20_RUNNER_7,-21.718360499999942,INITIAL_STOP,33.0
EB1:PEOPLEUSDT:2025-09-13T00:00:00+00:00,PEOPLEUSDT,BREAKOUT_ATTEMPT,4,HOLDOUT_2025_2026,2025,FIXED10_5,-15.727357499999984,STOP,29.0
EB1:PEOPLEUSDT:2025-09-13T00:00:00+00:00,PEOPLEUSDT,BREAKOUT_ATTEMPT,4,HOLDOUT_2025_2026,2025,FIXED20_7,-21.718360499999942,STOP,33.0
EB1:PEOPLEUSDT:2026-04-14T19:00:00+00:00,PEOPLEUSDT,PRE_BREAKOUT,4,HOLDOUT_2025_2026,2026,FULL_TRAIL_7,-0.7498499999999773,RUNNER_STOP,124.0
EB1:PEOPLEUSDT:2026-04-14T19:00:00+00:00,PEOPLEUSDT,PRE_BREAKOUT,4,HOLDOUT_2025_2026,2026,HALF20_RUNNER_7,29.205165000000008,RUNNER_STOP,124.0
EB1:PEOPLEUSDT:2026-04-14T19:00:00+00:00,PEOPLEUSDT,PRE_BREAKOUT,4,HOLDOUT_2025_2026,2026,LADDER10_20_RUNNER_7,21.716411250000032,RUNNER_STOP,124.0
EB1:PEOPLEUSDT:2026-04-14T19:00:00+00:00,PEOPLEUSDT,PRE_BREAKOUT,4,HOLDOUT_2025_2026,2026,FIXED10_5,29.205165000000093,TARGET10,25.0
EB1:PEOPLEUSDT:2026-04-14T19:00:00+00:00,PEOPLEUSDT,PRE_BREAKOUT,4,HOLDOUT_2025_2026,2026,FIXED20_7,59.16018,TARGET20,39.0
EB1:PEOPLEUSDT:2026-04-24T07:00:00+00:00,PEOPLEUSDT,PRE_BREAKOUT,4,HOLDOUT_2025_2026,2026,FULL_TRAIL_7,-21.718360499999942,INITIAL_STOP,74.0
EB1:PEOPLEUSDT:2026-04-24T07:00:00+00:00,PEOPLEUSDT,PRE_BREAKOUT,4,HOLDOUT_2025_2026,2026,HALF20_RUNNER_7,-21.718360499999942,INITIAL_STOP,74.0
EB1:PEOPLEUSDT:2026-04-24T07:00:00+00:00,PEOPLEUSDT,PRE_BREAKOUT,4,HOLDOUT_2025_2026,2026,LADDER10_20_RUNNER_7,-21.718360499999942,INITIAL_STOP,74.0
EB1:PEOPLEUSDT:2026-04-24T07:00:00+00:00,PEOPLEUSDT,PRE_BREAKOUT,4,HOLDOUT_2025_2026,2026,FIXED10_5,-15.727357499999984,STOP,65.0
EB1:PEOPLEUSDT:2026-04-24T07:00:00+00:00,PEOPLEUSDT,PRE_BREAKOUT,4,HOLDOUT_2025_2026,2026,FIXED20_7,-21.718360499999942,STOP,74.0
EB1:WLDUSDT:2025-07-16T18:00:00+00:00,WLDUSDT,PRE_BREAKOUT,4,HOLDOUT_2025_2026,2025,FULL_TRAIL_7,-0.7498499999999773,RUNNER_STOP,44.0
EB1:WLDUSDT:2025-07-16T18:00:00+00:00,WLDUSDT,PRE_BREAKOUT,4,HOLDOUT_2025_2026,2025,HALF20_RUNNER_7,29.205165000000008,RUNNER_STOP,173.0
EB1:WLDUSDT:2025-07-16T18:00:00+00:00,WLDUSDT,PRE_BREAKOUT,4,HOLDOUT_2025_2026,2025,LADDER10_20_RUNNER_7,21.716411250000018,RUNNER_STOP,173.0
EB1:WLDUSDT:2025-07-16T18:00:00+00:00,WLDUSDT,PRE_BREAKOUT,4,HOLDOUT_2025_2026,2025,FIXED10_5,29.205165000000036,TARGET10,83.0
EB1:WLDUSDT:2025-07-16T18:00:00+00:00,WLDUSDT,PRE_BREAKOUT,4,HOLDOUT_2025_2026,2025,FIXED20_7,59.16018,TARGET20,141.0
EB1:WLDUSDT:2026-04-16T15:00:00+00:00,WLDUSDT,PRE_BREAKOUT,4,HOLDOUT_2025_2026,2026,FULL_TRAIL_7,-21.7183605,INITIAL_STOP,18.0
EB1:WLDUSDT:2026-04-16T15:00:00+00:00,WLDUSDT,PRE_BREAKOUT,4,HOLDOUT_2025_2026,2026,HALF20_RUNNER_7,-21.7183605,INITIAL_STOP,18.0
EB1:WLDUSDT:2026-04-16T15:00:00+00:00,WLDUSDT,PRE_BREAKOUT,4,HOLDOUT_2025_2026,2026,LADDER10_20_RUNNER_7,-21.7183605,INITIAL_STOP,18.0
EB1:WLDUSDT:2026-04-16T15:00:00+00:00,WLDUSDT,PRE_BREAKOUT,4,HOLDOUT_2025_2026,2026,FIXED10_5,-15.727357500000041,STOP,18.0
EB1:WLDUSDT:2026-04-16T15:00:00+00:00,WLDUSDT,PRE_BREAKOUT,4,HOLDOUT_2025_2026,2026,FIXED20_7,-21.7183605,STOP,18.0
EB1:GALAUSDT:2025-02-21T09:00:00+00:00,GALAUSDT,PRE_BREAKOUT,4,HOLDOUT_2025_2026,2025,FULL_TRAIL_7,-21.7183605,INITIAL_STOP,4.0
EB1:GALAUSDT:2025-02-21T09:00:00+00:00,GALAUSDT,PRE_BREAKOUT,4,HOLDOUT_2025_2026,2025,HALF20_RUNNER_7,-21.7183605,INITIAL_STOP,4.0
EB1:GALAUSDT:2025-02-21T09:00:00+00:00,GALAUSDT,PRE_BREAKOUT,4,HOLDOUT_2025_2026,2025,LADDER10_20_RUNNER_7,-21.7183605,INITIAL_STOP,4.0
EB1:GALAUSDT:2025-02-21T09:00:00+00:00,GALAUSDT,PRE_BREAKOUT,4,HOLDOUT_2025_2026,2025,FIXED10_5,-15.727357499999984,STOP,2.0
EB1:GALAUSDT:2025-02-21T09:00:00+00:00,GALAUSDT,PRE_BREAKOUT,4,HOLDOUT_2025_2026,2025,FIXED20_7,-21.7183605,STOP,4.0
EB1:GALAUSDT:2025-05-22T04:00:00+00:00,GALAUSDT,PRE_BREAKOUT,4,HOLDOUT_2025_2026,2025,FULL_TRAIL_7,-0.7498499999999773,RUNNER_STOP,20.0
EB1:GALAUSDT:2025-05-22T04:00:00+00:00,GALAUSDT,PRE_BREAKOUT,4,HOLDOUT_2025_2026,2025,HALF20_RUNNER_7,-21.718360499999942,INITIAL_STOP,26.0
EB1:GALAUSDT:2025-05-22T04:00:00+00:00,GALAUSDT,PRE_BREAKOUT,4,HOLDOUT_2025_2026,2025,LADDER10_20_RUNNER_7,-21.718360499999942,INITIAL_STOP,26.0
EB1:GALAUSDT:2025-05-22T04:00:00+00:00,GALAUSDT,PRE_BREAKOUT,4,HOLDOUT_2025_2026,2025,FIXED10_5,-15.727357500000041,STOP,25.0
EB1:GALAUSDT:2025-05-22T04:00:00+00:00,GALAUSDT,PRE_BREAKOUT,4,HOLDOUT_2025_2026,2025,FIXED20_7,-21.718360499999942,STOP,26.0
EB1:GALAUSDT:2025-07-16T15:00:00+00:00,GALAUSDT,PRE_BREAKOUT,4,HOLDOUT_2025_2026,2025,FULL_TRAIL_7,-0.7498499999999773,RUNNER_STOP,47.0
EB1:GALAUSDT:2025-07-16T15:00:00+00:00,GALAUSDT,PRE_BREAKOUT,4,HOLDOUT_2025_2026,2025,HALF20_RUNNER_7,-21.718360499999942,INITIAL_STOP,168.0
EB1:GALAUSDT:2025-07-16T15:00:00+00:00,GALAUSDT,PRE_BREAKOUT,4,HOLDOUT_2025_2026,2025,LADDER10_20_RUNNER_7,6.738903750000069,RUNNER_STOP,160.0
EB1:GALAUSDT:2025-07-16T15:00:00+00:00,GALAUSDT,PRE_BREAKOUT,4,HOLDOUT_2025_2026,2025,FIXED10_5,-15.727357499999927,STOP,6.0
EB1:GALAUSDT:2025-07-16T15:00:00+00:00,GALAUSDT,PRE_BREAKOUT,4,HOLDOUT_2025_2026,2025,FIXED20_7,-21.718360499999942,STOP,168.0
EB1:GALAUSDT:2025-08-13T14:00:00+00:00,GALAUSDT,PRE_BREAKOUT,4,HOLDOUT_2025_2026,2025,FULL_TRAIL_7,-21.718360499999942,INITIAL_STOP,16.0
EB1:GALAUSDT:2025-08-13T14:00:00+00:00,GALAUSDT,PRE_BREAKOUT,4,HOLDOUT_2025_2026,2025,HALF20_RUNNER_7,-21.718360499999942,INITIAL_STOP,16.0
EB1:GALAUSDT:2025-08-13T14:00:00+00:00,GALAUSDT,PRE_BREAKOUT,4,HOLDOUT_2025_2026,2025,LADDER10_20_RUNNER_7,-21.718360499999942,INITIAL_STOP,16.0
EB1:GALAUSDT:2025-08-13T14:00:00+00:00,GALAUSDT,PRE_BREAKOUT,4,HOLDOUT_2025_2026,2025,FIXED10_5,-15.727357499999984,STOP,16.0
EB1:GALAUSDT:2025-08-13T14:00:00+00:00,GALAUSDT,PRE_BREAKOUT,4,HOLDOUT_2025_2026,2025,FIXED20_7,-21.718360499999942,STOP,16.0
EB1:GALAUSDT:2025-09-17T22:00:00+00:00,GALAUSDT,PRE_BREAKOUT,4,HOLDOUT_2025_2026,2025,FULL_TRAIL_7,-21.7183605,INITIAL_STOP,92.0
EB1:GALAUSDT:2025-09-17T22:00:00+00:00,GALAUSDT,PRE_BREAKOUT,4,HOLDOUT_2025_2026,2025,HALF20_RUNNER_7,-21.7183605,INITIAL_STOP,92.0
EB1:GALAUSDT:2025-09-17T22:00:00+00:00,GALAUSDT,PRE_BREAKOUT,4,HOLDOUT_2025_2026,2025,LADDER10_20_RUNNER_7,-21.7183605,INITIAL_STOP,92.0
EB1:GALAUSDT:2025-09-17T22:00:00+00:00,GALAUSDT,PRE_BREAKOUT,4,HOLDOUT_2025_2026,2025,FIXED10_5,-15.727357500000041,STOP,43.0
EB1:GALAUSDT:2025-09-17T22:00:00+00:00,GALAUSDT,PRE_BREAKOUT,4,HOLDOUT_2025_2026,2025,FIXED20_7,-21.7183605,STOP,92.0
EB1:ETCUSDT:2025-08-12T17:00:00+00:00,ETCUSDT,PRE_BREAKOUT,4,HOLDOUT_2025_2026,2025,FULL_TRAIL_7,-21.7183605,INITIAL_STOP,37.0
EB1:ETCUSDT:2025-08-12T17:00:00+00:00,ETCUSDT,PRE_BREAKOUT,4,HOLDOUT_2025_2026,2025,HALF20_RUNNER_7,-21.7183605,INITIAL_STOP,37.0
EB1:ETCUSDT:2025-08-12T17:00:00+00:00,ETCUSDT,PRE_BREAKOUT,4,HOLDOUT_2025_2026,2025,LADDER10_20_RUNNER_7,-21.7183605,INITIAL_STOP,37.0
EB1:ETCUSDT:2025-08-12T17:00:00+00:00,ETCUSDT,PRE_BREAKOUT,4,HOLDOUT_2025_2026,2025,FIXED10_5,-15.727357500000041,STOP,37.0
EB1:ETCUSDT:2025-08-12T17:00:00+00:00,ETCUSDT,PRE_BREAKOUT,4,HOLDOUT_2025_2026,2025,FIXED20_7,-21.7183605,STOP,37.0
EB1:MANAUSDT:2025-04-29T06:00:00+00:00,MANAUSDT,PRE_BREAKOUT,4,HOLDOUT_2025_2026,2025,FULL_TRAIL_7,-21.7183605,INITIAL_STOP,101.0
EB1:MANAUSDT:2025-04-29T06:00:00+00:00,MANAUSDT,PRE_BREAKOUT,4,HOLDOUT_2025_2026,2025,HALF20_RUNNER_7,-21.7183605,INITIAL_STOP,101.0
EB1:MANAUSDT:2025-04-29T06:00:00+00:00,MANAUSDT,PRE_BREAKOUT,4,HOLDOUT_2025_2026,2025,LADDER10_20_RUNNER_7,-21.7183605,INITIAL_STOP,101.0
EB1:MANAUSDT:2025-04-29T06:00:00+00:00,MANAUSDT,PRE_BREAKOUT,4,HOLDOUT_2025_2026,2025,FIXED10_5,-15.727357500000041,STOP,25.0
EB1:MANAUSDT:2025-04-29T06:00:00+00:00,MANAUSDT,PRE_BREAKOUT,4,HOLDOUT_2025_2026,2025,FIXED20_7,-21.7183605,STOP,101.0
EB1:MANAUSDT:2025-07-16T21:00:00+00:00,MANAUSDT,PRE_BREAKOUT,4,HOLDOUT_2025_2026,2025,FULL_TRAIL_7,-0.7498499999999773,RUNNER_STOP,158.0
EB1:MANAUSDT:2025-07-16T21:00:00+00:00,MANAUSDT,PRE_BREAKOUT,4,HOLDOUT_2025_2026,2025,HALF20_RUNNER_7,-21.718360499999942,INITIAL_STOP,171.0
EB1:MANAUSDT:2025-07-16T21:00:00+00:00,MANAUSDT,PRE_BREAKOUT,4,HOLDOUT_2025_2026,2025,LADDER10_20_RUNNER_7,6.73890375000004,RUNNER_STOP,158.0
EB1:MANAUSDT:2025-07-16T21:00:00+00:00,MANAUSDT,PRE_BREAKOUT,4,HOLDOUT_2025_2026,2025,FIXED10_5,29.205165000000093,TARGET10,26.0
EB1:MANAUSDT:2025-07-16T21:00:00+00:00,MANAUSDT,PRE_BREAKOUT,4,HOLDOUT_2025_2026,2025,FIXED20_7,-21.718360499999942,STOP,171.0
EB1:FILUSDT:2026-01-01T13:00:00+00:00,FILUSDT,BREAKOUT_ATTEMPT,4,HOLDOUT_2025_2026,2026,FULL_TRAIL_7,-0.7498499999999773,RUNNER_STOP,118.0
EB1:FILUSDT:2026-01-01T13:00:00+00:00,FILUSDT,BREAKOUT_ATTEMPT,4,HOLDOUT_2025_2026,2026,HALF20_RUNNER_7,-21.718360499999942,INITIAL_STOP,413.0
EB1:FILUSDT:2026-01-01T13:00:00+00:00,FILUSDT,BREAKOUT_ATTEMPT,4,HOLDOUT_2025_2026,2026,LADDER10_20_RUNNER_7,6.738903750000055,RUNNER_STOP,118.0
EB1:FILUSDT:2026-01-01T13:00:00+00:00,FILUSDT,BREAKOUT_ATTEMPT,4,HOLDOUT_2025_2026,2026,FIXED10_5,-15.727357499999984,STOP,12.0
EB1:FILUSDT:2026-01-01T13:00:00+00:00,FILUSDT,BREAKOUT_ATTEMPT,4,HOLDOUT_2025_2026,2026,FIXED20_7,-21.718360499999942,STOP,413.0
EB1:FILUSDT:2026-01-14T13:00:00+00:00,FILUSDT,PRE_BREAKOUT,4,HOLDOUT_2025_2026,2026,FULL_TRAIL_7,-0.7498499999999773,RUNNER_STOP,8.0
EB1:FILUSDT:2026-01-14T13:00:00+00:00,FILUSDT,PRE_BREAKOUT,4,HOLDOUT_2025_2026,2026,HALF20_RUNNER_7,-21.718360499999942,INITIAL_STOP,100.0
EB1:FILUSDT:2026-01-14T13:00:00+00:00,FILUSDT,PRE_BREAKOUT,4,HOLDOUT_2025_2026,2026,LADDER10_20_RUNNER_7,-21.718360499999942,INITIAL_STOP,100.0
EB1:FILUSDT:2026-01-14T13:00:00+00:00,FILUSDT,PRE_BREAKOUT,4,HOLDOUT_2025_2026,2026,FIXED10_5,-15.727357499999984,STOP,23.0
EB1:FILUSDT:2026-01-14T13:00:00+00:00,FILUSDT,PRE_BREAKOUT,4,HOLDOUT_2025_2026,2026,FIXED20_7,-21.718360499999942,STOP,100.0
EB1:LSKUSDT:2026-03-03T03:00:00+00:00,LSKUSDT,PRE_BREAKOUT,4,HOLDOUT_2025_2026,2026,FULL_TRAIL_7,-0.7498499999999773,RUNNER_STOP,365.0
EB1:LSKUSDT:2026-03-03T03:00:00+00:00,LSKUSDT,PRE_BREAKOUT,4,HOLDOUT_2025_2026,2026,HALF20_RUNNER_7,-21.7183605,INITIAL_STOP,468.0
EB1:LSKUSDT:2026-03-03T03:00:00+00:00,LSKUSDT,PRE_BREAKOUT,4,HOLDOUT_2025_2026,2026,LADDER10_20_RUNNER_7,-21.7183605,INITIAL_STOP,468.0
EB1:LSKUSDT:2026-03-03T03:00:00+00:00,LSKUSDT,PRE_BREAKOUT,4,HOLDOUT_2025_2026,2026,FIXED10_5,-15.727357499999984,STOP,447.0
EB1:LSKUSDT:2026-03-03T03:00:00+00:00,LSKUSDT,PRE_BREAKOUT,4,HOLDOUT_2025_2026,2026,FIXED20_7,-21.7183605,STOP,468.0
EB1:CELRUSDT:2025-04-18T05:00:00+00:00,CELRUSDT,BREAKOUT_ATTEMPT,4,HOLDOUT_2025_2026,2025,FULL_TRAIL_7,-0.7498499999999773,RUNNER_STOP,442.0
EB1:CELRUSDT:2025-04-18T05:00:00+00:00,CELRUSDT,BREAKOUT_ATTEMPT,4,HOLDOUT_2025_2026,2025,HALF20_RUNNER_7,29.205165000000008,RUNNER_STOP,442.0
EB1:CELRUSDT:2025-04-18T05:00:00+00:00,CELRUSDT,BREAKOUT_ATTEMPT,4,HOLDOUT_2025_2026,2025,LADDER10_20_RUNNER_7,21.716411250000004,RUNNER_STOP,442.0
EB1:CELRUSDT:2025-04-18T05:00:00+00:00,CELRUSDT,BREAKOUT_ATTEMPT,4,HOLDOUT_2025_2026,2025,FIXED10_5,29.20516499999998,TARGET10,61.0
EB1:CELRUSDT:2025-04-18T05:00:00+00:00,CELRUSDT,BREAKOUT_ATTEMPT,4,HOLDOUT_2025_2026,2025,FIXED20_7,59.16018,TARGET20,157.0
EB1:ICPUSDT:2025-06-08T13:00:00+00:00,ICPUSDT,PRE_BREAKOUT,4,HOLDOUT_2025_2026,2025,FULL_TRAIL_7,-0.7498500000000341,RUNNER_STOP,101.0
EB1:ICPUSDT:2025-06-08T13:00:00+00:00,ICPUSDT,PRE_BREAKOUT,4,HOLDOUT_2025_2026,2025,HALF20_RUNNER_7,-21.7183605,INITIAL_STOP,212.0
EB1:ICPUSDT:2025-06-08T13:00:00+00:00,ICPUSDT,PRE_BREAKOUT,4,HOLDOUT_2025_2026,2025,LADDER10_20_RUNNER_7,6.738903749999969,RUNNER_STOP,101.0
EB1:ICPUSDT:2025-06-08T13:00:00+00:00,ICPUSDT,PRE_BREAKOUT,4,HOLDOUT_2025_2026,2025,FIXED10_5,29.205165000000036,TARGET10,30.0
EB1:ICPUSDT:2025-06-08T13:00:00+00:00,ICPUSDT,PRE_BREAKOUT,4,HOLDOUT_2025_2026,2025,FIXED20_7,-21.7183605,STOP,212.0
EB1:ICPUSDT:2026-05-25T18:00:00+00:00,ICPUSDT,PRE_BREAKOUT,4,HOLDOUT_2025_2026,2026,FULL_TRAIL_7,-0.7498499999999204,RUNNER_STOP,53.0
EB1:ICPUSDT:2026-05-25T18:00:00+00:00,ICPUSDT,PRE_BREAKOUT,4,HOLDOUT_2025_2026,2026,HALF20_RUNNER_7,29.205165000000036,RUNNER_STOP,225.0
EB1:ICPUSDT:2026-05-25T18:00:00+00:00,ICPUSDT,PRE_BREAKOUT,4,HOLDOUT_2025_2026,2026,LADDER10_20_RUNNER_7,6.738903750000026,RUNNER_STOP,53.0
EB1:ICPUSDT:2026-05-25T18:00:00+00:00,ICPUSDT,PRE_BREAKOUT,4,HOLDOUT_2025_2026,2026,FIXED10_5,29.205165000000036,TARGET10,29.0
EB1:ICPUSDT:2026-05-25T18:00:00+00:00,ICPUSDT,PRE_BREAKOUT,4,HOLDOUT_2025_2026,2026,FIXED20_7,59.16018,TARGET20,185.0
EB1:ONEUSDT:2025-02-20T13:00:00+00:00,ONEUSDT,PRE_BREAKOUT,4,HOLDOUT_2025_2026,2025,FULL_TRAIL_7,-0.7498500000000341,RUNNER_STOP,22.0
EB1:ONEUSDT:2025-02-20T13:00:00+00:00,ONEUSDT,PRE_BREAKOUT,4,HOLDOUT_2025_2026,2025,HALF20_RUNNER_7,-21.7183605,INITIAL_STOP,85.0
EB1:ONEUSDT:2025-02-20T13:00:00+00:00,ONEUSDT,PRE_BREAKOUT,4,HOLDOUT_2025_2026,2025,LADDER10_20_RUNNER_7,-21.7183605,INITIAL_STOP,85.0
EB1:ONEUSDT:2025-02-20T13:00:00+00:00,ONEUSDT,PRE_BREAKOUT,4,HOLDOUT_2025_2026,2025,FIXED10_5,-15.727357500000041,STOP,81.0
EB1:ONEUSDT:2025-02-20T13:00:00+00:00,ONEUSDT,PRE_BREAKOUT,4,HOLDOUT_2025_2026,2025,FIXED20_7,-21.7183605,STOP,85.0
EB1:ONEUSDT:2025-04-18T02:00:00+00:00,ONEUSDT,PRE_BREAKOUT,4,HOLDOUT_2025_2026,2025,FULL_TRAIL_7,-0.7498500000000341,RUNNER_STOP,50.0
EB1:ONEUSDT:2025-04-18T02:00:00+00:00,ONEUSDT,PRE_BREAKOUT,4,HOLDOUT_2025_2026,2025,HALF20_RUNNER_7,51.85624713377757,RUNNER_STOP,368.0
EB1:ONEUSDT:2025-04-18T02:00:00+00:00,ONEUSDT,PRE_BREAKOUT,4,HOLDOUT_2025_2026,2025,LADDER10_20_RUNNER_7,44.367493383777585,RUNNER_STOP,368.0
EB1:ONEUSDT:2025-04-18T02:00:00+00:00,ONEUSDT,PRE_BREAKOUT,4,HOLDOUT_2025_2026,2025,FIXED10_5,29.205165000000036,TARGET10,101.0
EB1:ONEUSDT:2025-04-18T02:00:00+00:00,ONEUSDT,PRE_BREAKOUT,4,HOLDOUT_2025_2026,2025,FIXED20_7,59.16018,TARGET20,115.0
EB1:ONEUSDT:2025-08-13T15:00:00+00:00,ONEUSDT,PRE_BREAKOUT,4,HOLDOUT_2025_2026,2025,FULL_TRAIL_7,-21.718360499999942,INITIAL_STOP,15.0
EB1:ONEUSDT:2025-08-13T15:00:00+00:00,ONEUSDT,PRE_BREAKOUT,4,HOLDOUT_2025_2026,2025,HALF20_RUNNER_7,-21.718360499999942,INITIAL_STOP,15.0
EB1:ONEUSDT:2025-08-13T15:00:00+00:00,ONEUSDT,PRE_BREAKOUT,4,HOLDOUT_2025_2026,2025,LADDER10_20_RUNNER_7,-21.718360499999942,INITIAL_STOP,15.0
EB1:ONEUSDT:2025-08-13T15:00:00+00:00,ONEUSDT,PRE_BREAKOUT,4,HOLDOUT_2025_2026,2025,FIXED10_5,-15.727357500000041,STOP,15.0
EB1:ONEUSDT:2025-08-13T15:00:00+00:00,ONEUSDT,PRE_BREAKOUT,4,HOLDOUT_2025_2026,2025,FIXED20_7,-21.718360499999942,STOP,15.0
EB1:ONEUSDT:2025-10-24T23:00:00+00:00,ONEUSDT,PRE_BREAKOUT,4,HOLDOUT_2025_2026,2025,FULL_TRAIL_7,-21.7183605,INITIAL_STOP,88.0
EB1:ONEUSDT:2025-10-24T23:00:00+00:00,ONEUSDT,PRE_BREAKOUT,4,HOLDOUT_2025_2026,2025,HALF20_RUNNER_7,-21.7183605,INITIAL_STOP,88.0
EB1:ONEUSDT:2025-10-24T23:00:00+00:00,ONEUSDT,PRE_BREAKOUT,4,HOLDOUT_2025_2026,2025,LADDER10_20_RUNNER_7,-21.7183605,INITIAL_STOP,88.0
EB1:ONEUSDT:2025-10-24T23:00:00+00:00,ONEUSDT,PRE_BREAKOUT,4,HOLDOUT_2025_2026,2025,FIXED10_5,-15.727357500000041,STOP,86.0
EB1:ONEUSDT:2025-10-24T23:00:00+00:00,ONEUSDT,PRE_BREAKOUT,4,HOLDOUT_2025_2026,2025,FIXED20_7,-21.7183605,STOP,88.0
EB1:ONEUSDT:2026-01-17T13:00:00+00:00,ONEUSDT,PRE_BREAKOUT,4,HOLDOUT_2025_2026,2026,FULL_TRAIL_7,-21.7183605,INITIAL_STOP,20.0
EB1:ONEUSDT:2026-01-17T13:00:00+00:00,ONEUSDT,PRE_BREAKOUT,4,HOLDOUT_2025_2026,2026,HALF20_RUNNER_7,-21.7183605,INITIAL_STOP,20.0
EB1:ONEUSDT:2026-01-17T13:00:00+00:00,ONEUSDT,PRE_BREAKOUT,4,HOLDOUT_2025_2026,2026,LADDER10_20_RUNNER_7,-21.7183605,INITIAL_STOP,20.0
EB1:ONEUSDT:2026-01-17T13:00:00+00:00,ONEUSDT,PRE_BREAKOUT,4,HOLDOUT_2025_2026,2026,FIXED10_5,-15.727357500000041,STOP,9.0
EB1:ONEUSDT:2026-01-17T13:00:00+00:00,ONEUSDT,PRE_BREAKOUT,4,HOLDOUT_2025_2026,2026,FIXED20_7,-21.7183605,STOP,20.0
EB1:ONEUSDT:2026-04-29T17:00:00+00:00,ONEUSDT,PRE_BREAKOUT,4,HOLDOUT_2025_2026,2026,FULL_TRAIL_7,-0.7498499999999773,RUNNER_STOP,326.0
EB1:ONEUSDT:2026-04-29T17:00:00+00:00,ONEUSDT,PRE_BREAKOUT,4,HOLDOUT_2025_2026,2026,HALF20_RUNNER_7,-21.718360499999942,INITIAL_STOP,374.0
EB1:ONEUSDT:2026-04-29T17:00:00+00:00,ONEUSDT,PRE_BREAKOUT,4,HOLDOUT_2025_2026,2026,LADDER10_20_RUNNER_7,6.738903750000012,RUNNER_STOP,326.0
EB1:ONEUSDT:2026-04-29T17:00:00+00:00,ONEUSDT,PRE_BREAKOUT,4,HOLDOUT_2025_2026,2026,FIXED10_5,-15.727357499999984,STOP,97.0
EB1:ONEUSDT:2026-04-29T17:00:00+00:00,ONEUSDT,PRE_BREAKOUT,4,HOLDOUT_2025_2026,2026,FIXED20_7,-21.718360499999942,STOP,374.0
EB1:SYNUSDT:2025-08-23T16:00:00+00:00,SYNUSDT,PRE_BREAKOUT,4,HOLDOUT_2025_2026,2025,FULL_TRAIL_7,-21.718360499999942,INITIAL_STOP,13.0
EB1:SYNUSDT:2025-08-23T16:00:00+00:00,SYNUSDT,PRE_BREAKOUT,4,HOLDOUT_2025_2026,2025,HALF20_RUNNER_7,-21.718360499999942,INITIAL_STOP,13.0
EB1:SYNUSDT:2025-08-23T16:00:00+00:00,SYNUSDT,PRE_BREAKOUT,4,HOLDOUT_2025_2026,2025,LADDER10_20_RUNNER_7,-21.718360499999942,INITIAL_STOP,13.0
EB1:SYNUSDT:2025-08-23T16:00:00+00:00,SYNUSDT,PRE_BREAKOUT,4,HOLDOUT_2025_2026,2025,FIXED10_5,-15.727357499999984,STOP,12.0
EB1:SYNUSDT:2025-08-23T16:00:00+00:00,SYNUSDT,PRE_BREAKOUT,4,HOLDOUT_2025_2026,2025,FIXED20_7,-21.718360499999942,STOP,13.0
EB1:XRPUSDT:2023-03-19T10:00:00+00:00,XRPUSDT,BREAKOUT_ATTEMPT,8,VALIDATION_2023_2024,2023,FULL_TRAIL_7,57.06625949131928,RUNNER_STOP,764.0
EB1:XRPUSDT:2023-03-19T10:00:00+00:00,XRPUSDT,BREAKOUT_ATTEMPT,8,VALIDATION_2023_2024,2023,HALF20_RUNNER_7,58.113219745659634,RUNNER_STOP,764.0
EB1:XRPUSDT:2023-03-19T10:00:00+00:00,XRPUSDT,BREAKOUT_ATTEMPT,8,VALIDATION_2023_2024,2023,LADDER10_20_RUNNER_7,50.62446599565965,RUNNER_STOP,764.0
EB1:XRPUSDT:2023-03-19T10:00:00+00:00,XRPUSDT,BREAKOUT_ATTEMPT,8,VALIDATION_2023_2024,2023,FIXED10_5,-15.727357499999927,STOP,20.0
EB1:XRPUSDT:2023-03-19T10:00:00+00:00,XRPUSDT,BREAKOUT_ATTEMPT,8,VALIDATION_2023_2024,2023,FIXED20_7,59.16018,TARGET20,47.0
EB1:ADAUSDT:2023-11-02T22:00:00+00:00,ADAUSDT,PRE_BREAKOUT,8,VALIDATION_2023_2024,2023,FULL_TRAIL_7,131.6348665216185,RUNNER_STOP,1579.0
EB1:ADAUSDT:2023-11-02T22:00:00+00:00,ADAUSDT,PRE_BREAKOUT,8,VALIDATION_2023_2024,2023,HALF20_RUNNER_7,95.39752326080928,RUNNER_STOP,1579.0
EB1:ADAUSDT:2023-11-02T22:00:00+00:00,ADAUSDT,PRE_BREAKOUT,8,VALIDATION_2023_2024,2023,LADDER10_20_RUNNER_7,87.90876951080928,RUNNER_STOP,1579.0
EB1:ADAUSDT:2023-11-02T22:00:00+00:00,ADAUSDT,PRE_BREAKOUT,8,VALIDATION_2023_2024,2023,FIXED10_5,29.205165000000036,TARGET10,77.0
EB1:ADAUSDT:2023-11-02T22:00:00+00:00,ADAUSDT,PRE_BREAKOUT,8,VALIDATION_2023_2024,2023,FIXED20_7,59.160180000000054,TARGET20,183.0
EB1:ADAUSDT:2024-03-14T07:00:00+00:00,ADAUSDT,PRE_BREAKOUT,8,VALIDATION_2023_2024,2024,FULL_TRAIL_7,-21.718360499999942,INITIAL_STOP,10.0
EB1:ADAUSDT:2024-03-14T07:00:00+00:00,ADAUSDT,PRE_BREAKOUT,8,VALIDATION_2023_2024,2024,HALF20_RUNNER_7,-21.718360499999942,INITIAL_STOP,10.0
EB1:ADAUSDT:2024-03-14T07:00:00+00:00,ADAUSDT,PRE_BREAKOUT,8,VALIDATION_2023_2024,2024,LADDER10_20_RUNNER_7,-21.718360499999942,INITIAL_STOP,10.0
EB1:ADAUSDT:2024-03-14T07:00:00+00:00,ADAUSDT,PRE_BREAKOUT,8,VALIDATION_2023_2024,2024,FIXED10_5,-15.727357499999984,STOP,2.0
EB1:ADAUSDT:2024-03-14T07:00:00+00:00,ADAUSDT,PRE_BREAKOUT,8,VALIDATION_2023_2024,2024,FIXED20_7,-21.718360499999942,STOP,10.0
EB1:DOGEUSDT:2023-04-17T08:00:00+00:00,DOGEUSDT,PRE_BREAKOUT,8,VALIDATION_2023_2024,2023,FULL_TRAIL_7,-21.718360499999942,INITIAL_STOP,38.0
EB1:DOGEUSDT:2023-04-17T08:00:00+00:00,DOGEUSDT,PRE_BREAKOUT,8,VALIDATION_2023_2024,2023,HALF20_RUNNER_7,-21.718360499999942,INITIAL_STOP,38.0
EB1:DOGEUSDT:2023-04-17T08:00:00+00:00,DOGEUSDT,PRE_BREAKOUT,8,VALIDATION_2023_2024,2023,LADDER10_20_RUNNER_7,-21.718360499999942,INITIAL_STOP,38.0
EB1:DOGEUSDT:2023-04-17T08:00:00+00:00,DOGEUSDT,PRE_BREAKOUT,8,VALIDATION_2023_2024,2023,FIXED10_5,-15.727357499999984,STOP,38.0
EB1:DOGEUSDT:2023-04-17T08:00:00+00:00,DOGEUSDT,PRE_BREAKOUT,8,VALIDATION_2023_2024,2023,FIXED20_7,-21.718360499999942,STOP,38.0
EB1:DOGEUSDT:2023-07-21T05:00:00+00:00,DOGEUSDT,PRE_BREAKOUT,8,VALIDATION_2023_2024,2023,FULL_TRAIL_7,-0.7498499999999773,RUNNER_STOP,65.0
EB1:DOGEUSDT:2023-07-21T05:00:00+00:00,DOGEUSDT,PRE_BREAKOUT,8,VALIDATION_2023_2024,2023,HALF20_RUNNER_7,-21.7183605,INITIAL_STOP,604.0
EB1:DOGEUSDT:2023-07-21T05:00:00+00:00,DOGEUSDT,PRE_BREAKOUT,8,VALIDATION_2023_2024,2023,LADDER10_20_RUNNER_7,6.738903750000055,RUNNER_STOP,289.0
EB1:DOGEUSDT:2023-07-21T05:00:00+00:00,DOGEUSDT,PRE_BREAKOUT,8,VALIDATION_2023_2024,2023,FIXED10_5,-15.727357499999984,STOP,19.0
EB1:DOGEUSDT:2023-07-21T05:00:00+00:00,DOGEUSDT,PRE_BREAKOUT,8,VALIDATION_2023_2024,2023,FIXED20_7,-21.7183605,STOP,604.0
EB1:DOGEUSDT:2023-11-11T01:00:00+00:00,DOGEUSDT,PRE_BREAKOUT,8,VALIDATION_2023_2024,2023,FULL_TRAIL_7,-21.718360499999942,INITIAL_STOP,13.0
EB1:DOGEUSDT:2023-11-11T01:00:00+00:00,DOGEUSDT,PRE_BREAKOUT,8,VALIDATION_2023_2024,2023,HALF20_RUNNER_7,-21.718360499999942,INITIAL_STOP,13.0
EB1:DOGEUSDT:2023-11-11T01:00:00+00:00,DOGEUSDT,PRE_BREAKOUT,8,VALIDATION_2023_2024,2023,LADDER10_20_RUNNER_7,-21.718360499999942,INITIAL_STOP,13.0
EB1:DOGEUSDT:2023-11-11T01:00:00+00:00,DOGEUSDT,PRE_BREAKOUT,8,VALIDATION_2023_2024,2023,FIXED10_5,-15.727357500000041,STOP,12.0
EB1:DOGEUSDT:2023-11-11T01:00:00+00:00,DOGEUSDT,PRE_BREAKOUT,8,VALIDATION_2023_2024,2023,FIXED20_7,-21.718360499999942,STOP,13.0
EB1:DOGEUSDT:2023-12-05T19:00:00+00:00,DOGEUSDT,BREAKOUT_ATTEMPT,8,VALIDATION_2023_2024,2023,FULL_TRAIL_7,-0.7498500000000341,RUNNER_STOP,15.0
EB1:DOGEUSDT:2023-12-05T19:00:00+00:00,DOGEUSDT,BREAKOUT_ATTEMPT,8,VALIDATION_2023_2024,2023,HALF20_RUNNER_7,-21.718360499999942,INITIAL_STOP,165.0
EB1:DOGEUSDT:2023-12-05T19:00:00+00:00,DOGEUSDT,BREAKOUT_ATTEMPT,8,VALIDATION_2023_2024,2023,LADDER10_20_RUNNER_7,6.738903750000026,RUNNER_STOP,117.0
EB1:DOGEUSDT:2023-12-05T19:00:00+00:00,DOGEUSDT,BREAKOUT_ATTEMPT,8,VALIDATION_2023_2024,2023,FIXED10_5,29.205165000000036,TARGET10,116.0
EB1:DOGEUSDT:2023-12-05T19:00:00+00:00,DOGEUSDT,BREAKOUT_ATTEMPT,8,VALIDATION_2023_2024,2023,FIXED20_7,-21.718360499999942,STOP,165.0
EB1:DOGEUSDT:2024-11-22T23:00:00+00:00,DOGEUSDT,PRE_BREAKOUT,8,VALIDATION_2023_2024,2024,FULL_TRAIL_7,-21.718360499999942,INITIAL_STOP,7.0
EB1:DOGEUSDT:2024-11-22T23:00:00+00:00,DOGEUSDT,PRE_BREAKOUT,8,VALIDATION_2023_2024,2024,HALF20_RUNNER_7,-21.718360499999942,INITIAL_STOP,7.0
EB1:DOGEUSDT:2024-11-22T23:00:00+00:00,DOGEUSDT,PRE_BREAKOUT,8,VALIDATION_2023_2024,2024,LADDER10_20_RUNNER_7,-21.718360499999942,INITIAL_STOP,7.0
EB1:DOGEUSDT:2024-11-22T23:00:00+00:00,DOGEUSDT,PRE_BREAKOUT,8,VALIDATION_2023_2024,2024,FIXED10_5,-15.727357499999984,STOP,7.0
EB1:DOGEUSDT:2024-11-22T23:00:00+00:00,DOGEUSDT,PRE_BREAKOUT,8,VALIDATION_2023_2024,2024,FIXED20_7,-21.718360499999942,STOP,7.0
EB1:SOLUSDT:2023-01-08T15:00:00+00:00,SOLUSDT,PRE_BREAKOUT,8,VALIDATION_2023_2024,2023,FULL_TRAIL_7,94.26093481855456,RUNNER_STOP,789.0
EB1:SOLUSDT:2023-01-08T15:00:00+00:00,SOLUSDT,PRE_BREAKOUT,8,VALIDATION_2023_2024,2023,HALF20_RUNNER_7,76.71055740927727,RUNNER_STOP,789.0
EB1:SOLUSDT:2023-01-08T15:00:00+00:00,SOLUSDT,PRE_BREAKOUT,8,VALIDATION_2023_2024,2023,LADDER10_20_RUNNER_7,69.22180365927727,RUNNER_STOP,789.0
EB1:SOLUSDT:2023-01-08T15:00:00+00:00,SOLUSDT,PRE_BREAKOUT,8,VALIDATION_2023_2024,2023,FIXED10_5,29.20516499999998,TARGET10,1.0
EB1:SOLUSDT:2023-01-08T15:00:00+00:00,SOLUSDT,PRE_BREAKOUT,8,VALIDATION_2023_2024,2023,FIXED20_7,59.16018,TARGET20,116.0
EB1:SOLUSDT:2023-02-19T13:00:00+00:00,SOLUSDT,PRE_BREAKOUT,8,VALIDATION_2023_2024,2023,FULL_TRAIL_7,-0.7498499999999773,RUNNER_STOP,33.0
EB1:SOLUSDT:2023-02-19T13:00:00+00:00,SOLUSDT,PRE_BREAKOUT,8,VALIDATION_2023_2024,2023,HALF20_RUNNER_7,-21.7183605,INITIAL_STOP,56.0
EB1:SOLUSDT:2023-02-19T13:00:00+00:00,SOLUSDT,PRE_BREAKOUT,8,VALIDATION_2023_2024,2023,LADDER10_20_RUNNER_7,-21.7183605,INITIAL_STOP,56.0
EB1:SOLUSDT:2023-02-19T13:00:00+00:00,SOLUSDT,PRE_BREAKOUT,8,VALIDATION_2023_2024,2023,FIXED10_5,-15.727357500000041,STOP,51.0
EB1:SOLUSDT:2023-02-19T13:00:00+00:00,SOLUSDT,PRE_BREAKOUT,8,VALIDATION_2023_2024,2023,FIXED20_7,-21.7183605,STOP,56.0
EB1:SOLUSDT:2023-04-16T20:00:00+00:00,SOLUSDT,BREAKOUT_ATTEMPT,8,VALIDATION_2023_2024,2023,FULL_TRAIL_7,-21.718360499999942,INITIAL_STOP,50.0
EB1:SOLUSDT:2023-04-16T20:00:00+00:00,SOLUSDT,BREAKOUT_ATTEMPT,8,VALIDATION_2023_2024,2023,HALF20_RUNNER_7,-21.718360499999942,INITIAL_STOP,50.0
EB1:SOLUSDT:2023-04-16T20:00:00+00:00,SOLUSDT,BREAKOUT_ATTEMPT,8,VALIDATION_2023_2024,2023,LADDER10_20_RUNNER_7,-21.718360499999942,INITIAL_STOP,50.0
EB1:SOLUSDT:2023-04-16T20:00:00+00:00,SOLUSDT,BREAKOUT_ATTEMPT,8,VALIDATION_2023_2024,2023,FIXED10_5,-15.727357499999984,STOP,19.0
EB1:SOLUSDT:2023-04-16T20:00:00+00:00,SOLUSDT,BREAKOUT_ATTEMPT,8,VALIDATION_2023_2024,2023,FIXED20_7,-21.718360499999942,STOP,50.0
EB1:SOLUSDT:2023-04-28T17:00:00+00:00,SOLUSDT,PRE_BREAKOUT,8,VALIDATION_2023_2024,2023,FULL_TRAIL_7,-21.718360499999942,INITIAL_STOP,60.0
EB1:SOLUSDT:2023-04-28T17:00:00+00:00,SOLUSDT,PRE_BREAKOUT,8,VALIDATION_2023_2024,2023,HALF20_RUNNER_7,-21.718360499999942,INITIAL_STOP,60.0
EB1:SOLUSDT:2023-04-28T17:00:00+00:00,SOLUSDT,PRE_BREAKOUT,8,VALIDATION_2023_2024,2023,LADDER10_20_RUNNER_7,-21.718360499999942,INITIAL_STOP,60.0
EB1:SOLUSDT:2023-04-28T17:00:00+00:00,SOLUSDT,PRE_BREAKOUT,8,VALIDATION_2023_2024,2023,FIXED10_5,-15.727357499999984,STOP,46.0
EB1:SOLUSDT:2023-04-28T17:00:00+00:00,SOLUSDT,PRE_BREAKOUT,8,VALIDATION_2023_2024,2023,FIXED20_7,-21.718360499999942,STOP,60.0
EB1:SOLUSDT:2023-07-07T15:00:00+00:00,SOLUSDT,PRE_BREAKOUT,8,VALIDATION_2023_2024,2023,FULL_TRAIL_7,-0.7498499999999773,RUNNER_STOP,120.0
EB1:SOLUSDT:2023-07-07T15:00:00+00:00,SOLUSDT,PRE_BREAKOUT,8,VALIDATION_2023_2024,2023,HALF20_RUNNER_7,58.36676880809598,RUNNER_STOP,161.0
EB1:SOLUSDT:2023-07-07T15:00:00+00:00,SOLUSDT,PRE_BREAKOUT,8,VALIDATION_2023_2024,2023,LADDER10_20_RUNNER_7,50.87801505809598,RUNNER_STOP,161.0
EB1:SOLUSDT:2023-07-07T15:00:00+00:00,SOLUSDT,PRE_BREAKOUT,8,VALIDATION_2023_2024,2023,FIXED10_5,-15.727357500000041,STOP,55.0
EB1:SOLUSDT:2023-07-07T15:00:00+00:00,SOLUSDT,PRE_BREAKOUT,8,VALIDATION_2023_2024,2023,FIXED20_7,59.160180000000054,TARGET20,136.0
EB1:SOLUSDT:2023-07-11T15:00:00+00:00,SOLUSDT,PRE_BREAKOUT,8,VALIDATION_2023_2024,2023,FULL_TRAIL_7,53.46421847172078,RUNNER_STOP,65.0
EB1:SOLUSDT:2023-07-11T15:00:00+00:00,SOLUSDT,PRE_BREAKOUT,8,VALIDATION_2023_2024,2023,HALF20_RUNNER_7,56.31219923586038,RUNNER_STOP,65.0
EB1:SOLUSDT:2023-07-11T15:00:00+00:00,SOLUSDT,PRE_BREAKOUT,8,VALIDATION_2023_2024,2023,LADDER10_20_RUNNER_7,48.82344548586039,RUNNER_STOP,65.0
EB1:SOLUSDT:2023-07-11T15:00:00+00:00,SOLUSDT,PRE_BREAKOUT,8,VALIDATION_2023_2024,2023,FIXED10_5,29.205165000000036,TARGET10,38.0
EB1:SOLUSDT:2023-07-11T15:00:00+00:00,SOLUSDT,PRE_BREAKOUT,8,VALIDATION_2023_2024,2023,FIXED20_7,59.16018,TARGET20,41.0
EB1:SOLUSDT:2023-11-29T11:00:00+00:00,SOLUSDT,PRE_BREAKOUT,8,VALIDATION_2023_2024,2023,FULL_TRAIL_7,-0.7498499999999204,RUNNER_STOP,130.0
EB1:SOLUSDT:2023-11-29T11:00:00+00:00,SOLUSDT,PRE_BREAKOUT,8,VALIDATION_2023_2024,2023,HALF20_RUNNER_7,47.849248622898486,RUNNER_STOP,269.0
EB1:SOLUSDT:2023-11-29T11:00:00+00:00,SOLUSDT,PRE_BREAKOUT,8,VALIDATION_2023_2024,2023,LADDER10_20_RUNNER_7,6.738903750000069,RUNNER_STOP,130.0
EB1:SOLUSDT:2023-11-29T11:00:00+00:00,SOLUSDT,PRE_BREAKOUT,8,VALIDATION_2023_2024,2023,FIXED10_5,29.205165000000093,TARGET10,75.0
EB1:SOLUSDT:2023-11-29T11:00:00+00:00,SOLUSDT,PRE_BREAKOUT,8,VALIDATION_2023_2024,2023,FIXED20_7,59.160180000000054,TARGET20,198.0
EB1:SOLUSDT:2023-12-07T12:00:00+00:00,SOLUSDT,PRE_BREAKOUT,8,VALIDATION_2023_2024,2023,FULL_TRAIL_7,-0.7498499999999773,RUNNER_STOP,76.0
EB1:SOLUSDT:2023-12-07T12:00:00+00:00,SOLUSDT,PRE_BREAKOUT,8,VALIDATION_2023_2024,2023,HALF20_RUNNER_7,-21.7183605,INITIAL_STOP,129.0
EB1:SOLUSDT:2023-12-07T12:00:00+00:00,SOLUSDT,PRE_BREAKOUT,8,VALIDATION_2023_2024,2023,LADDER10_20_RUNNER_7,6.738903750000026,RUNNER_STOP,76.0
EB1:SOLUSDT:2023-12-07T12:00:00+00:00,SOLUSDT,PRE_BREAKOUT,8,VALIDATION_2023_2024,2023,FIXED10_5,29.205165000000036,TARGET10,32.0
EB1:SOLUSDT:2023-12-07T12:00:00+00:00,SOLUSDT,PRE_BREAKOUT,8,VALIDATION_2023_2024,2023,FIXED20_7,-21.7183605,STOP,129.0
EB1:SOLUSDT:2023-12-20T13:00:00+00:00,SOLUSDT,BREAKOUT_ATTEMPT,8,VALIDATION_2023_2024,2023,FULL_TRAIL_7,64.81409506472241,RUNNER_STOP,182.0
EB1:SOLUSDT:2023-12-20T13:00:00+00:00,SOLUSDT,BREAKOUT_ATTEMPT,8,VALIDATION_2023_2024,2023,HALF20_RUNNER_7,61.9871375323612,RUNNER_STOP,182.0
EB1:SOLUSDT:2023-12-20T13:00:00+00:00,SOLUSDT,BREAKOUT_ATTEMPT,8,VALIDATION_2023_2024,2023,LADDER10_20_RUNNER_7,54.49838378236121,RUNNER_STOP,182.0
EB1:SOLUSDT:2023-12-20T13:00:00+00:00,SOLUSDT,BREAKOUT_ATTEMPT,8,VALIDATION_2023_2024,2023,FIXED10_5,29.205165000000036,TARGET10,18.0
EB1:SOLUSDT:2023-12-20T13:00:00+00:00,SOLUSDT,BREAKOUT_ATTEMPT,8,VALIDATION_2023_2024,2023,FIXED20_7,59.16018,TARGET20,26.0
EB1:SOLUSDT:2024-01-02T06:00:00+00:00,SOLUSDT,PRE_BREAKOUT,8,VALIDATION_2023_2024,2024,FULL_TRAIL_7,-21.718360499999942,INITIAL_STOP,20.0
EB1:SOLUSDT:2024-01-02T06:00:00+00:00,SOLUSDT,PRE_BREAKOUT,8,VALIDATION_2023_2024,2024,HALF20_RUNNER_7,-21.718360499999942,INITIAL_STOP,20.0
EB1:SOLUSDT:2024-01-02T06:00:00+00:00,SOLUSDT,PRE_BREAKOUT,8,VALIDATION_2023_2024,2024,LADDER10_20_RUNNER_7,-21.718360499999942,INITIAL_STOP,20.0
EB1:SOLUSDT:2024-01-02T06:00:00+00:00,SOLUSDT,PRE_BREAKOUT,8,VALIDATION_2023_2024,2024,FIXED10_5,-15.727357499999984,STOP,19.0
EB1:SOLUSDT:2024-01-02T06:00:00+00:00,SOLUSDT,PRE_BREAKOUT,8,VALIDATION_2023_2024,2024,FIXED20_7,-21.718360499999942,STOP,20.0
EB1:SOLUSDT:2024-03-12T18:00:00+00:00,SOLUSDT,PRE_BREAKOUT,8,VALIDATION_2023_2024,2024,FULL_TRAIL_7,48.047417260806974,RUNNER_STOP,149.0
EB1:SOLUSDT:2024-03-12T18:00:00+00:00,SOLUSDT,PRE_BREAKOUT,8,VALIDATION_2023_2024,2024,HALF20_RUNNER_7,53.60379863040348,RUNNER_STOP,149.0
EB1:SOLUSDT:2024-03-12T18:00:00+00:00,SOLUSDT,PRE_BREAKOUT,8,VALIDATION_2023_2024,2024,LADDER10_20_RUNNER_7,46.1150448804035,RUNNER_STOP,149.0
EB1:SOLUSDT:2024-03-12T18:00:00+00:00,SOLUSDT,PRE_BREAKOUT,8,VALIDATION_2023_2024,2024,FIXED10_5,29.205165000000093,TARGET10,17.0
EB1:SOLUSDT:2024-03-12T18:00:00+00:00,SOLUSDT,PRE_BREAKOUT,8,VALIDATION_2023_2024,2024,FIXED20_7,59.16018,TARGET20,44.0
EB1:SOLUSDT:2024-11-11T10:00:00+00:00,SOLUSDT,BREAKOUT_ATTEMPT,8,VALIDATION_2023_2024,2024,FULL_TRAIL_7,-21.7183605,INITIAL_STOP,32.0
EB1:SOLUSDT:2024-11-11T10:00:00+00:00,SOLUSDT,BREAKOUT_ATTEMPT,8,VALIDATION_2023_2024,2024,HALF20_RUNNER_7,-21.7183605,INITIAL_STOP,32.0
EB1:SOLUSDT:2024-11-11T10:00:00+00:00,SOLUSDT,BREAKOUT_ATTEMPT,8,VALIDATION_2023_2024,2024,LADDER10_20_RUNNER_7,-21.7183605,INITIAL_STOP,32.0
EB1:SOLUSDT:2024-11-11T10:00:00+00:00,SOLUSDT,BREAKOUT_ATTEMPT,8,VALIDATION_2023_2024,2024,FIXED10_5,-15.727357499999984,STOP,17.0
EB1:SOLUSDT:2024-11-11T10:00:00+00:00,SOLUSDT,BREAKOUT_ATTEMPT,8,VALIDATION_2023_2024,2024,FIXED20_7,-21.7183605,STOP,32.0
EB1:LINKUSDT:2023-01-26T20:00:00+00:00,LINKUSDT,BREAKOUT_ATTEMPT,8,VALIDATION_2023_2024,2023,FULL_TRAIL_7,-0.7498499999999773,RUNNER_STOP,326.0
EB1:LINKUSDT:2023-01-26T20:00:00+00:00,LINKUSDT,BREAKOUT_ATTEMPT,8,VALIDATION_2023_2024,2023,HALF20_RUNNER_7,-21.718360499999942,INITIAL_STOP,404.0
EB1:LINKUSDT:2023-01-26T20:00:00+00:00,LINKUSDT,BREAKOUT_ATTEMPT,8,VALIDATION_2023_2024,2023,LADDER10_20_RUNNER_7,-21.718360499999942,INITIAL_STOP,404.0
EB1:LINKUSDT:2023-01-26T20:00:00+00:00,LINKUSDT,BREAKOUT_ATTEMPT,8,VALIDATION_2023_2024,2023,FIXED10_5,-15.727357499999984,STOP,85.0
EB1:LINKUSDT:2023-01-26T20:00:00+00:00,LINKUSDT,BREAKOUT_ATTEMPT,8,VALIDATION_2023_2024,2023,FIXED20_7,-21.718360499999942,STOP,404.0
EB1:LINKUSDT:2023-10-21T08:00:00+00:00,LINKUSDT,PRE_BREAKOUT,8,VALIDATION_2023_2024,2023,FULL_TRAIL_7,-0.7498499999999773,RUNNER_STOP,17.0
EB1:LINKUSDT:2023-10-21T08:00:00+00:00,LINKUSDT,PRE_BREAKOUT,8,VALIDATION_2023_2024,2023,HALF20_RUNNER_7,85.8499262418942,RUNNER_STOP,1770.0
EB1:LINKUSDT:2023-10-21T08:00:00+00:00,LINKUSDT,PRE_BREAKOUT,8,VALIDATION_2023_2024,2023,LADDER10_20_RUNNER_7,78.3611724918942,RUNNER_STOP,1770.0
EB1:LINKUSDT:2023-10-21T08:00:00+00:00,LINKUSDT,PRE_BREAKOUT,8,VALIDATION_2023_2024,2023,FIXED10_5,29.205165000000036,TARGET10,28.0
EB1:LINKUSDT:2023-10-21T08:00:00+00:00,LINKUSDT,PRE_BREAKOUT,8,VALIDATION_2023_2024,2023,FIXED20_7,59.16018,TARGET20,31.0
EB1:LINKUSDT:2023-11-05T02:00:00+00:00,LINKUSDT,BREAKOUT_ATTEMPT,8,VALIDATION_2023_2024,2023,FULL_TRAIL_7,36.70384794691355,RUNNER_STOP,100.0
EB1:LINKUSDT:2023-11-05T02:00:00+00:00,LINKUSDT,BREAKOUT_ATTEMPT,8,VALIDATION_2023_2024,2023,HALF20_RUNNER_7,47.93201397345677,RUNNER_STOP,100.0
EB1:LINKUSDT:2023-11-05T02:00:00+00:00,LINKUSDT,BREAKOUT_ATTEMPT,8,VALIDATION_2023_2024,2023,LADDER10_20_RUNNER_7,40.443260223456775,RUNNER_STOP,100.0
EB1:LINKUSDT:2023-11-05T02:00:00+00:00,LINKUSDT,BREAKOUT_ATTEMPT,8,VALIDATION_2023_2024,2023,FIXED10_5,29.205165000000036,TARGET10,62.0
EB1:LINKUSDT:2023-11-05T02:00:00+00:00,LINKUSDT,BREAKOUT_ATTEMPT,8,VALIDATION_2023_2024,2023,FIXED20_7,59.16018,TARGET20,79.0
EB1:LINKUSDT:2024-01-10T22:00:00+00:00,LINKUSDT,BREAKOUT_ATTEMPT,8,VALIDATION_2023_2024,2024,FULL_TRAIL_7,-0.7498499999999773,RUNNER_STOP,8.0
EB1:LINKUSDT:2024-01-10T22:00:00+00:00,LINKUSDT,BREAKOUT_ATTEMPT,8,VALIDATION_2023_2024,2024,HALF20_RUNNER_7,-21.718360499999942,INITIAL_STOP,38.0
EB1:LINKUSDT:2024-01-10T22:00:00+00:00,LINKUSDT,BREAKOUT_ATTEMPT,8,VALIDATION_2023_2024,2024,LADDER10_20_RUNNER_7,-21.718360499999942,INITIAL_STOP,38.0
EB1:LINKUSDT:2024-01-10T22:00:00+00:00,LINKUSDT,BREAKOUT_ATTEMPT,8,VALIDATION_2023_2024,2024,FIXED10_5,-15.727357499999984,STOP,33.0
EB1:LINKUSDT:2024-01-10T22:00:00+00:00,LINKUSDT,BREAKOUT_ATTEMPT,8,VALIDATION_2023_2024,2024,FIXED20_7,-21.718360499999942,STOP,38.0
EB1:LINKUSDT:2024-01-19T22:00:00+00:00,LINKUSDT,PRE_BREAKOUT,8,VALIDATION_2023_2024,2024,FULL_TRAIL_7,-21.7183605,INITIAL_STOP,41.0
EB1:LINKUSDT:2024-01-19T22:00:00+00:00,LINKUSDT,PRE_BREAKOUT,8,VALIDATION_2023_2024,2024,HALF20_RUNNER_7,-21.7183605,INITIAL_STOP,41.0
EB1:LINKUSDT:2024-01-19T22:00:00+00:00,LINKUSDT,PRE_BREAKOUT,8,VALIDATION_2023_2024,2024,LADDER10_20_RUNNER_7,-21.7183605,INITIAL_STOP,41.0
EB1:LINKUSDT:2024-01-19T22:00:00+00:00,LINKUSDT,PRE_BREAKOUT,8,VALIDATION_2023_2024,2024,FIXED10_5,-15.727357499999984,STOP,16.0
EB1:LINKUSDT:2024-01-19T22:00:00+00:00,LINKUSDT,PRE_BREAKOUT,8,VALIDATION_2023_2024,2024,FIXED20_7,-21.7183605,STOP,41.0
EB1:LINKUSDT:2024-05-16T18:00:00+00:00,LINKUSDT,BREAKOUT_ATTEMPT,8,VALIDATION_2023_2024,2024,FULL_TRAIL_7,-0.7498500000000341,RUNNER_STOP,153.0
EB1:LINKUSDT:2024-05-16T18:00:00+00:00,LINKUSDT,BREAKOUT_ATTEMPT,8,VALIDATION_2023_2024,2024,HALF20_RUNNER_7,29.20516499999995,RUNNER_STOP,518.0
EB1:LINKUSDT:2024-05-16T18:00:00+00:00,LINKUSDT,BREAKOUT_ATTEMPT,8,VALIDATION_2023_2024,2024,LADDER10_20_RUNNER_7,21.716411249999975,RUNNER_STOP,518.0
EB1:LINKUSDT:2024-05-16T18:00:00+00:00,LINKUSDT,BREAKOUT_ATTEMPT,8,VALIDATION_2023_2024,2024,FIXED10_5,29.205165000000036,TARGET10,167.0
EB1:LINKUSDT:2024-05-16T18:00:00+00:00,LINKUSDT,BREAKOUT_ATTEMPT,8,VALIDATION_2023_2024,2024,FIXED20_7,59.16017999999994,TARGET20,296.0
EB1:LINKUSDT:2024-11-22T16:00:00+00:00,LINKUSDT,PRE_BREAKOUT,8,VALIDATION_2023_2024,2024,FULL_TRAIL_7,-0.7498499999999204,RUNNER_STOP,33.0
EB1:LINKUSDT:2024-11-22T16:00:00+00:00,LINKUSDT,PRE_BREAKOUT,8,VALIDATION_2023_2024,2024,HALF20_RUNNER_7,66.24216782145115,RUNNER_STOP,403.0
EB1:LINKUSDT:2024-11-22T16:00:00+00:00,LINKUSDT,PRE_BREAKOUT,8,VALIDATION_2023_2024,2024,LADDER10_20_RUNNER_7,6.738903750000097,RUNNER_STOP,78.0
EB1:LINKUSDT:2024-11-22T16:00:00+00:00,LINKUSDT,PRE_BREAKOUT,8,VALIDATION_2023_2024,2024,FIXED10_5,29.205165000000093,TARGET10,54.0
EB1:LINKUSDT:2024-11-22T16:00:00+00:00,LINKUSDT,PRE_BREAKOUT,8,VALIDATION_2023_2024,2024,FIXED20_7,59.160180000000054,TARGET20,223.0
EB1:LINKUSDT:2024-11-30T16:00:00+00:00,LINKUSDT,PRE_BREAKOUT,8,VALIDATION_2023_2024,2024,FULL_TRAIL_7,-0.7498499999999204,RUNNER_STOP,26.0
EB1:LINKUSDT:2024-11-30T16:00:00+00:00,LINKUSDT,PRE_BREAKOUT,8,VALIDATION_2023_2024,2024,HALF20_RUNNER_7,57.11285921975213,RUNNER_STOP,211.0
EB1:LINKUSDT:2024-11-30T16:00:00+00:00,LINKUSDT,PRE_BREAKOUT,8,VALIDATION_2023_2024,2024,LADDER10_20_RUNNER_7,49.62410546975214,RUNNER_STOP,211.0
EB1:LINKUSDT:2024-11-30T16:00:00+00:00,LINKUSDT,PRE_BREAKOUT,8,VALIDATION_2023_2024,2024,FIXED10_5,29.205165000000093,TARGET10,31.0
EB1:LINKUSDT:2024-11-30T16:00:00+00:00,LINKUSDT,PRE_BREAKOUT,8,VALIDATION_2023_2024,2024,FIXED20_7,59.160180000000054,TARGET20,39.0
EB1:AVAXUSDT:2023-01-27T19:00:00+00:00,AVAXUSDT,BREAKOUT_ATTEMPT,8,VALIDATION_2023_2024,2023,FULL_TRAIL_7,-21.7183605,INITIAL_STOP,65.0
EB1:AVAXUSDT:2023-01-27T19:00:00+00:00,AVAXUSDT,BREAKOUT_ATTEMPT,8,VALIDATION_2023_2024,2023,HALF20_RUNNER_7,-21.7183605,INITIAL_STOP,65.0
EB1:AVAXUSDT:2023-01-27T19:00:00+00:00,AVAXUSDT,BREAKOUT_ATTEMPT,8,VALIDATION_2023_2024,2023,LADDER10_20_RUNNER_7,-21.7183605,INITIAL_STOP,65.0
EB1:AVAXUSDT:2023-01-27T19:00:00+00:00,AVAXUSDT,BREAKOUT_ATTEMPT,8,VALIDATION_2023_2024,2023,FIXED10_5,-15.727357499999984,STOP,52.0
EB1:AVAXUSDT:2023-01-27T19:00:00+00:00,AVAXUSDT,BREAKOUT_ATTEMPT,8,VALIDATION_2023_2024,2023,FIXED20_7,-21.7183605,STOP,65.0
EB1:AVAXUSDT:2024-02-15T17:00:00+00:00,AVAXUSDT,PRE_BREAKOUT,8,VALIDATION_2023_2024,2024,FULL_TRAIL_7,-21.718360499999942,INITIAL_STOP,35.0
EB1:AVAXUSDT:2024-02-15T17:00:00+00:00,AVAXUSDT,PRE_BREAKOUT,8,VALIDATION_2023_2024,2024,HALF20_RUNNER_7,-21.718360499999942,INITIAL_STOP,35.0
EB1:AVAXUSDT:2024-02-15T17:00:00+00:00,AVAXUSDT,PRE_BREAKOUT,8,VALIDATION_2023_2024,2024,LADDER10_20_RUNNER_7,-21.718360499999942,INITIAL_STOP,35.0
EB1:AVAXUSDT:2024-02-15T17:00:00+00:00,AVAXUSDT,PRE_BREAKOUT,8,VALIDATION_2023_2024,2024,FIXED10_5,-15.727357500000041,STOP,12.0
EB1:AVAXUSDT:2024-02-15T17:00:00+00:00,AVAXUSDT,PRE_BREAKOUT,8,VALIDATION_2023_2024,2024,FIXED20_7,-21.718360499999942,STOP,35.0
EB1:AVAXUSDT:2024-07-21T12:00:00+00:00,AVAXUSDT,PRE_BREAKOUT,8,VALIDATION_2023_2024,2024,FULL_TRAIL_7,-21.7183605,INITIAL_STOP,33.0
EB1:AVAXUSDT:2024-07-21T12:00:00+00:00,AVAXUSDT,PRE_BREAKOUT,8,VALIDATION_2023_2024,2024,HALF20_RUNNER_7,-21.7183605,INITIAL_STOP,33.0
EB1:AVAXUSDT:2024-07-21T12:00:00+00:00,AVAXUSDT,PRE_BREAKOUT,8,VALIDATION_2023_2024,2024,LADDER10_20_RUNNER_7,-21.7183605,INITIAL_STOP,33.0
EB1:AVAXUSDT:2024-07-21T12:00:00+00:00,AVAXUSDT,PRE_BREAKOUT,8,VALIDATION_2023_2024,2024,FIXED10_5,-15.727357499999984,STOP,31.0
EB1:AVAXUSDT:2024-07-21T12:00:00+00:00,AVAXUSDT,PRE_BREAKOUT,8,VALIDATION_2023_2024,2024,FIXED20_7,-21.7183605,STOP,33.0
EB1:AVAXUSDT:2024-11-22T11:00:00+00:00,AVAXUSDT,BREAKOUT_ATTEMPT,8,VALIDATION_2023_2024,2024,FULL_TRAIL_7,-0.7498499999999773,RUNNER_STOP,38.0
EB1:AVAXUSDT:2024-11-22T11:00:00+00:00,AVAXUSDT,BREAKOUT_ATTEMPT,8,VALIDATION_2023_2024,2024,HALF20_RUNNER_7,51.82256134858463,RUNNER_STOP,407.0
EB1:AVAXUSDT:2024-11-22T11:00:00+00:00,AVAXUSDT,BREAKOUT_ATTEMPT,8,VALIDATION_2023_2024,2024,LADDER10_20_RUNNER_7,6.738903750000026,RUNNER_STOP,38.0
EB1:AVAXUSDT:2024-11-22T11:00:00+00:00,AVAXUSDT,BREAKOUT_ATTEMPT,8,VALIDATION_2023_2024,2024,FIXED10_5,29.205165000000036,TARGET10,4.0
EB1:AVAXUSDT:2024-11-22T11:00:00+00:00,AVAXUSDT,BREAKOUT_ATTEMPT,8,VALIDATION_2023_2024,2024,FIXED20_7,59.160180000000054,TARGET20,222.0
EB1:LTCUSDT:2023-01-17T13:00:00+00:00,LTCUSDT,PRE_BREAKOUT,8,VALIDATION_2023_2024,2023,FULL_TRAIL_7,-0.7498499999999773,RUNNER_STOP,99.0
EB1:LTCUSDT:2023-01-17T13:00:00+00:00,LTCUSDT,PRE_BREAKOUT,8,VALIDATION_2023_2024,2023,HALF20_RUNNER_7,29.205165000000008,RUNNER_STOP,1058.0
EB1:LTCUSDT:2023-01-17T13:00:00+00:00,LTCUSDT,PRE_BREAKOUT,8,VALIDATION_2023_2024,2023,LADDER10_20_RUNNER_7,21.716411250000018,RUNNER_STOP,1058.0
EB1:LTCUSDT:2023-01-17T13:00:00+00:00,LTCUSDT,PRE_BREAKOUT,8,VALIDATION_2023_2024,2023,FIXED10_5,-15.727357500000041,STOP,17.0
EB1:LTCUSDT:2023-01-17T13:00:00+00:00,LTCUSDT,PRE_BREAKOUT,8,VALIDATION_2023_2024,2023,FIXED20_7,59.16018,TARGET20,714.0
EB1:LTCUSDT:2023-02-01T01:00:00+00:00,LTCUSDT,PRE_BREAKOUT,8,VALIDATION_2023_2024,2023,FULL_TRAIL_7,-0.7498499999999773,RUNNER_STOP,103.0
EB1:LTCUSDT:2023-02-01T01:00:00+00:00,LTCUSDT,PRE_BREAKOUT,8,VALIDATION_2023_2024,2023,HALF20_RUNNER_7,-21.718360499999942,INITIAL_STOP,294.0
EB1:LTCUSDT:2023-02-01T01:00:00+00:00,LTCUSDT,PRE_BREAKOUT,8,VALIDATION_2023_2024,2023,LADDER10_20_RUNNER_7,-21.718360499999942,INITIAL_STOP,294.0
EB1:LTCUSDT:2023-02-01T01:00:00+00:00,LTCUSDT,PRE_BREAKOUT,8,VALIDATION_2023_2024,2023,FIXED10_5,-15.727357499999984,STOP,201.0
EB1:LTCUSDT:2023-02-01T01:00:00+00:00,LTCUSDT,PRE_BREAKOUT,8,VALIDATION_2023_2024,2023,FIXED20_7,-21.718360499999942,STOP,294.0
EB1:LTCUSDT:2024-11-29T20:00:00+00:00,LTCUSDT,PRE_BREAKOUT,8,VALIDATION_2023_2024,2024,FULL_TRAIL_7,53.18632576925037,RUNNER_STOP,230.0
EB1:LTCUSDT:2024-11-29T20:00:00+00:00,LTCUSDT,PRE_BREAKOUT,8,VALIDATION_2023_2024,2024,HALF20_RUNNER_7,56.17325288462518,RUNNER_STOP,230.0
EB1:LTCUSDT:2024-11-29T20:00:00+00:00,LTCUSDT,PRE_BREAKOUT,8,VALIDATION_2023_2024,2024,LADDER10_20_RUNNER_7,48.684499134625185,RUNNER_STOP,230.0
EB1:LTCUSDT:2024-11-29T20:00:00+00:00,LTCUSDT,PRE_BREAKOUT,8,VALIDATION_2023_2024,2024,FIXED10_5,29.205165000000036,TARGET10,38.0
EB1:LTCUSDT:2024-11-29T20:00:00+00:00,LTCUSDT,PRE_BREAKOUT,8,VALIDATION_2023_2024,2024,FIXED20_7,59.16018,TARGET20,41.0
EB1:DOTUSDT:2023-01-22T15:00:00+00:00,DOTUSDT,PRE_BREAKOUT,8,VALIDATION_2023_2024,2023,FULL_TRAIL_7,-0.7498499999999773,RUNNER_STOP,45.0
EB1:DOTUSDT:2023-01-22T15:00:00+00:00,DOTUSDT,PRE_BREAKOUT,8,VALIDATION_2023_2024,2023,HALF20_RUNNER_7,29.205165000000008,RUNNER_STOP,884.0
EB1:DOTUSDT:2023-01-22T15:00:00+00:00,DOTUSDT,PRE_BREAKOUT,8,VALIDATION_2023_2024,2023,LADDER10_20_RUNNER_7,6.73890375000004,RUNNER_STOP,426.0
EB1:DOTUSDT:2023-01-22T15:00:00+00:00,DOTUSDT,PRE_BREAKOUT,8,VALIDATION_2023_2024,2023,FIXED10_5,29.205165000000093,TARGET10,255.0
EB1:DOTUSDT:2023-01-22T15:00:00+00:00,DOTUSDT,PRE_BREAKOUT,8,VALIDATION_2023_2024,2023,FIXED20_7,59.16018,TARGET20,653.0
EB1:DOTUSDT:2023-02-02T20:00:00+00:00,DOTUSDT,PRE_BREAKOUT,8,VALIDATION_2023_2024,2023,FULL_TRAIL_7,-0.7498499999999773,RUNNER_STOP,54.0
EB1:DOTUSDT:2023-02-02T20:00:00+00:00,DOTUSDT,PRE_BREAKOUT,8,VALIDATION_2023_2024,2023,HALF20_RUNNER_7,-21.718360499999942,INITIAL_STOP,157.0
EB1:DOTUSDT:2023-02-02T20:00:00+00:00,DOTUSDT,PRE_BREAKOUT,8,VALIDATION_2023_2024,2023,LADDER10_20_RUNNER_7,-21.718360499999942,INITIAL_STOP,157.0
EB1:DOTUSDT:2023-02-02T20:00:00+00:00,DOTUSDT,PRE_BREAKOUT,8,VALIDATION_2023_2024,2023,FIXED10_5,-15.727357499999984,STOP,89.0
EB1:DOTUSDT:2023-02-02T20:00:00+00:00,DOTUSDT,PRE_BREAKOUT,8,VALIDATION_2023_2024,2023,FIXED20_7,-21.718360499999942,STOP,157.0
EB1:DOTUSDT:2023-11-05T07:00:00+00:00,DOTUSDT,BREAKOUT_ATTEMPT,8,VALIDATION_2023_2024,2023,FULL_TRAIL_7,-0.7498499999999773,RUNNER_STOP,95.0
EB1:DOTUSDT:2023-11-05T07:00:00+00:00,DOTUSDT,BREAKOUT_ATTEMPT,8,VALIDATION_2023_2024,2023,HALF20_RUNNER_7,-21.718360499999942,INITIAL_STOP,95.0
EB1:DOTUSDT:2023-11-05T07:00:00+00:00,DOTUSDT,BREAKOUT_ATTEMPT,8,VALIDATION_2023_2024,2023,LADDER10_20_RUNNER_7,-21.718360499999942,INITIAL_STOP,95.0
EB1:DOTUSDT:2023-11-05T07:00:00+00:00,DOTUSDT,BREAKOUT_ATTEMPT,8,VALIDATION_2023_2024,2023,FIXED10_5,-15.727357499999984,STOP,95.0
EB1:DOTUSDT:2023-11-05T07:00:00+00:00,DOTUSDT,BREAKOUT_ATTEMPT,8,VALIDATION_2023_2024,2023,FIXED20_7,-21.718360499999942,STOP,95.0
EB1:DOTUSDT:2024-03-02T03:00:00+00:00,DOTUSDT,BREAKOUT_ATTEMPT,8,VALIDATION_2023_2024,2024,FULL_TRAIL_7,-0.7498499999999204,RUNNER_STOP,78.0
EB1:DOTUSDT:2024-03-02T03:00:00+00:00,DOTUSDT,BREAKOUT_ATTEMPT,8,VALIDATION_2023_2024,2024,HALF20_RUNNER_7,-21.718360499999942,INITIAL_STOP,78.0
EB1:DOTUSDT:2024-03-02T03:00:00+00:00,DOTUSDT,BREAKOUT_ATTEMPT,8,VALIDATION_2023_2024,2024,LADDER10_20_RUNNER_7,6.738903750000069,RUNNER_STOP,78.0
EB1:DOTUSDT:2024-03-02T03:00:00+00:00,DOTUSDT,BREAKOUT_ATTEMPT,8,VALIDATION_2023_2024,2024,FIXED10_5,-15.727357499999984,STOP,18.0
EB1:DOTUSDT:2024-03-02T03:00:00+00:00,DOTUSDT,BREAKOUT_ATTEMPT,8,VALIDATION_2023_2024,2024,FIXED20_7,-21.718360499999942,STOP,78.0
EB1:DOTUSDT:2024-03-14T00:00:00+00:00,DOTUSDT,PRE_BREAKOUT,8,VALIDATION_2023_2024,2024,FULL_TRAIL_7,-21.7183605,INITIAL_STOP,5.0
EB1:DOTUSDT:2024-03-14T00:00:00+00:00,DOTUSDT,PRE_BREAKOUT,8,VALIDATION_2023_2024,2024,HALF20_RUNNER_7,-21.7183605,INITIAL_STOP,5.0
EB1:DOTUSDT:2024-03-14T00:00:00+00:00,DOTUSDT,PRE_BREAKOUT,8,VALIDATION_2023_2024,2024,LADDER10_20_RUNNER_7,-21.7183605,INITIAL_STOP,5.0
EB1:DOTUSDT:2024-03-14T00:00:00+00:00,DOTUSDT,PRE_BREAKOUT,8,VALIDATION_2023_2024,2024,FIXED10_5,-15.727357500000041,STOP,3.0
EB1:DOTUSDT:2024-03-14T00:00:00+00:00,DOTUSDT,PRE_BREAKOUT,8,VALIDATION_2023_2024,2024,FIXED20_7,-21.7183605,STOP,5.0
EB1:BCHUSDT:2023-09-18T10:00:00+00:00,BCHUSDT,PRE_BREAKOUT,8,VALIDATION_2023_2024,2023,FULL_TRAIL_7,-21.7183605,INITIAL_STOP,148.0
EB1:BCHUSDT:2023-09-18T10:00:00+00:00,BCHUSDT,PRE_BREAKOUT,8,VALIDATION_2023_2024,2023,HALF20_RUNNER_7,-21.7183605,INITIAL_STOP,148.0
EB1:BCHUSDT:2023-09-18T10:00:00+00:00,BCHUSDT,PRE_BREAKOUT,8,VALIDATION_2023_2024,2023,LADDER10_20_RUNNER_7,-21.7183605,INITIAL_STOP,148.0
EB1:BCHUSDT:2023-09-18T10:00:00+00:00,BCHUSDT,PRE_BREAKOUT,8,VALIDATION_2023_2024,2023,FIXED10_5,-15.727357499999984,STOP,65.0
EB1:BCHUSDT:2023-09-18T10:00:00+00:00,BCHUSDT,PRE_BREAKOUT,8,VALIDATION_2023_2024,2023,FIXED20_7,-21.7183605,STOP,148.0
EB1:BCHUSDT:2024-01-10T23:00:00+00:00,BCHUSDT,PRE_BREAKOUT,8,VALIDATION_2023_2024,2024,FULL_TRAIL_7,-0.7498499999999773,RUNNER_STOP,37.0
EB1:BCHUSDT:2024-01-10T23:00:00+00:00,BCHUSDT,PRE_BREAKOUT,8,VALIDATION_2023_2024,2024,HALF20_RUNNER_7,-21.7183605,INITIAL_STOP,175.0
EB1:BCHUSDT:2024-01-10T23:00:00+00:00,BCHUSDT,PRE_BREAKOUT,8,VALIDATION_2023_2024,2024,LADDER10_20_RUNNER_7,6.738903750000026,RUNNER_STOP,37.0
EB1:BCHUSDT:2024-01-10T23:00:00+00:00,BCHUSDT,PRE_BREAKOUT,8,VALIDATION_2023_2024,2024,FIXED10_5,29.205165000000036,TARGET10,5.0
EB1:BCHUSDT:2024-01-10T23:00:00+00:00,BCHUSDT,PRE_BREAKOUT,8,VALIDATION_2023_2024,2024,FIXED20_7,-21.7183605,STOP,175.0
EB1:ATOMUSDT:2023-01-20T20:00:00+00:00,ATOMUSDT,PRE_BREAKOUT,8,VALIDATION_2023_2024,2023,FULL_TRAIL_7,-21.7183605,INITIAL_STOP,88.0
EB1:ATOMUSDT:2023-01-20T20:00:00+00:00,ATOMUSDT,PRE_BREAKOUT,8,VALIDATION_2023_2024,2023,HALF20_RUNNER_7,-21.7183605,INITIAL_STOP,88.0
EB1:ATOMUSDT:2023-01-20T20:00:00+00:00,ATOMUSDT,PRE_BREAKOUT,8,VALIDATION_2023_2024,2023,LADDER10_20_RUNNER_7,-21.7183605,INITIAL_STOP,88.0
EB1:ATOMUSDT:2023-01-20T20:00:00+00:00,ATOMUSDT,PRE_BREAKOUT,8,VALIDATION_2023_2024,2023,FIXED10_5,-15.727357499999984,STOP,87.0
EB1:ATOMUSDT:2023-01-20T20:00:00+00:00,ATOMUSDT,PRE_BREAKOUT,8,VALIDATION_2023_2024,2023,FIXED20_7,-21.7183605,STOP,88.0
EB1:ATOMUSDT:2023-01-29T15:00:00+00:00,ATOMUSDT,PRE_BREAKOUT,8,VALIDATION_2023_2024,2023,FULL_TRAIL_7,-21.718360499999942,INITIAL_STOP,18.0
EB1:ATOMUSDT:2023-01-29T15:00:00+00:00,ATOMUSDT,PRE_BREAKOUT,8,VALIDATION_2023_2024,2023,HALF20_RUNNER_7,-21.718360499999942,INITIAL_STOP,18.0
EB1:ATOMUSDT:2023-01-29T15:00:00+00:00,ATOMUSDT,PRE_BREAKOUT,8,VALIDATION_2023_2024,2023,LADDER10_20_RUNNER_7,-21.718360499999942,INITIAL_STOP,18.0
EB1:ATOMUSDT:2023-01-29T15:00:00+00:00,ATOMUSDT,PRE_BREAKOUT,8,VALIDATION_2023_2024,2023,FIXED10_5,-15.727357499999984,STOP,8.0
EB1:ATOMUSDT:2023-01-29T15:00:00+00:00,ATOMUSDT,PRE_BREAKOUT,8,VALIDATION_2023_2024,2023,FIXED20_7,-21.718360499999942,STOP,18.0
EB1:ATOMUSDT:2023-02-01T17:00:00+00:00,ATOMUSDT,PRE_BREAKOUT,8,VALIDATION_2023_2024,2023,FULL_TRAIL_7,-21.7183605,INITIAL_STOP,184.0
EB1:ATOMUSDT:2023-02-01T17:00:00+00:00,ATOMUSDT,PRE_BREAKOUT,8,VALIDATION_2023_2024,2023,HALF20_RUNNER_7,-21.7183605,INITIAL_STOP,184.0
EB1:ATOMUSDT:2023-02-01T17:00:00+00:00,ATOMUSDT,PRE_BREAKOUT,8,VALIDATION_2023_2024,2023,LADDER10_20_RUNNER_7,-21.7183605,INITIAL_STOP,184.0
EB1:ATOMUSDT:2023-02-01T17:00:00+00:00,ATOMUSDT,PRE_BREAKOUT,8,VALIDATION_2023_2024,2023,FIXED10_5,-15.727357499999984,STOP,116.0
EB1:ATOMUSDT:2023-02-01T17:00:00+00:00,ATOMUSDT,PRE_BREAKOUT,8,VALIDATION_2023_2024,2023,FIXED20_7,-21.7183605,STOP,184.0
EB1:ATOMUSDT:2023-02-08T21:00:00+00:00,ATOMUSDT,PRE_BREAKOUT,8,VALIDATION_2023_2024,2023,FULL_TRAIL_7,-21.718360499999942,INITIAL_STOP,12.0
EB1:ATOMUSDT:2023-02-08T21:00:00+00:00,ATOMUSDT,PRE_BREAKOUT,8,VALIDATION_2023_2024,2023,HALF20_RUNNER_7,-21.718360499999942,INITIAL_STOP,12.0
EB1:ATOMUSDT:2023-02-08T21:00:00+00:00,ATOMUSDT,PRE_BREAKOUT,8,VALIDATION_2023_2024,2023,LADDER10_20_RUNNER_7,-21.718360499999942,INITIAL_STOP,12.0
EB1:ATOMUSDT:2023-02-08T21:00:00+00:00,ATOMUSDT,PRE_BREAKOUT,8,VALIDATION_2023_2024,2023,FIXED10_5,-15.727357499999984,STOP,12.0
EB1:ATOMUSDT:2023-02-08T21:00:00+00:00,ATOMUSDT,PRE_BREAKOUT,8,VALIDATION_2023_2024,2023,FIXED20_7,-21.718360499999942,STOP,12.0
EB1:ATOMUSDT:2023-11-05T08:00:00+00:00,ATOMUSDT,PRE_BREAKOUT,8,VALIDATION_2023_2024,2023,FULL_TRAIL_7,-0.7498499999999773,RUNNER_STOP,94.0
EB1:ATOMUSDT:2023-11-05T08:00:00+00:00,ATOMUSDT,PRE_BREAKOUT,8,VALIDATION_2023_2024,2023,HALF20_RUNNER_7,29.205165000000036,RUNNER_STOP,384.0
EB1:ATOMUSDT:2023-11-05T08:00:00+00:00,ATOMUSDT,PRE_BREAKOUT,8,VALIDATION_2023_2024,2023,LADDER10_20_RUNNER_7,21.716411250000046,RUNNER_STOP,384.0
EB1:ATOMUSDT:2023-11-05T08:00:00+00:00,ATOMUSDT,PRE_BREAKOUT,8,VALIDATION_2023_2024,2023,FIXED10_5,29.205165000000093,TARGET10,102.0
EB1:ATOMUSDT:2023-11-05T08:00:00+00:00,ATOMUSDT,PRE_BREAKOUT,8,VALIDATION_2023_2024,2023,FIXED20_7,59.160180000000054,TARGET20,183.0
EB1:ATOMUSDT:2023-11-25T20:00:00+00:00,ATOMUSDT,PRE_BREAKOUT,8,VALIDATION_2023_2024,2023,FULL_TRAIL_7,-21.7183605,INITIAL_STOP,31.0
EB1:ATOMUSDT:2023-11-25T20:00:00+00:00,ATOMUSDT,PRE_BREAKOUT,8,VALIDATION_2023_2024,2023,HALF20_RUNNER_7,-21.7183605,INITIAL_STOP,31.0
EB1:ATOMUSDT:2023-11-25T20:00:00+00:00,ATOMUSDT,PRE_BREAKOUT,8,VALIDATION_2023_2024,2023,LADDER10_20_RUNNER_7,-21.7183605,INITIAL_STOP,31.0
EB1:ATOMUSDT:2023-11-25T20:00:00+00:00,ATOMUSDT,PRE_BREAKOUT,8,VALIDATION_2023_2024,2023,FIXED10_5,-15.727357499999984,STOP,10.0
EB1:ATOMUSDT:2023-11-25T20:00:00+00:00,ATOMUSDT,PRE_BREAKOUT,8,VALIDATION_2023_2024,2023,FIXED20_7,-21.7183605,STOP,31.0
EB1:TRXUSDT:2024-11-15T12:00:00+00:00,TRXUSDT,PRE_BREAKOUT,8,VALIDATION_2023_2024,2024,FULL_TRAIL_7,-0.7498499999999773,RUNNER_STOP,253.0
EB1:TRXUSDT:2024-11-15T12:00:00+00:00,TRXUSDT,PRE_BREAKOUT,8,VALIDATION_2023_2024,2024,HALF20_RUNNER_7,111.4156016654015,RUNNER_STOP,563.0
EB1:TRXUSDT:2024-11-15T12:00:00+00:00,TRXUSDT,PRE_BREAKOUT,8,VALIDATION_2023_2024,2024,LADDER10_20_RUNNER_7,6.738903750000026,RUNNER_STOP,253.0
EB1:TRXUSDT:2024-11-15T12:00:00+00:00,TRXUSDT,PRE_BREAKOUT,8,VALIDATION_2023_2024,2024,FIXED10_5,29.205165000000036,TARGET10,171.0
EB1:TRXUSDT:2024-11-15T12:00:00+00:00,TRXUSDT,PRE_BREAKOUT,8,VALIDATION_2023_2024,2024,FIXED20_7,59.160180000000054,TARGET20,414.0
EB1:NEARUSDT:2023-10-30T17:00:00+00:00,NEARUSDT,PRE_BREAKOUT,8,VALIDATION_2023_2024,2023,FULL_TRAIL_7,-0.7498499999999773,RUNNER_STOP,229.0
EB1:NEARUSDT:2023-10-30T17:00:00+00:00,NEARUSDT,PRE_BREAKOUT,8,VALIDATION_2023_2024,2023,HALF20_RUNNER_7,29.205165000000008,RUNNER_STOP,229.0
EB1:NEARUSDT:2023-10-30T17:00:00+00:00,NEARUSDT,PRE_BREAKOUT,8,VALIDATION_2023_2024,2023,LADDER10_20_RUNNER_7,21.716411250000018,RUNNER_STOP,229.0
EB1:NEARUSDT:2023-10-30T17:00:00+00:00,NEARUSDT,PRE_BREAKOUT,8,VALIDATION_2023_2024,2023,FIXED10_5,-15.727357499999984,STOP,12.0
EB1:NEARUSDT:2023-10-30T17:00:00+00:00,NEARUSDT,PRE_BREAKOUT,8,VALIDATION_2023_2024,2023,FIXED20_7,59.16018,TARGET20,121.0
EB1:NEARUSDT:2023-11-30T12:00:00+00:00,NEARUSDT,PRE_BREAKOUT,8,VALIDATION_2023_2024,2023,FULL_TRAIL_7,45.883999630291186,RUNNER_STOP,244.0
EB1:NEARUSDT:2023-11-30T12:00:00+00:00,NEARUSDT,PRE_BREAKOUT,8,VALIDATION_2023_2024,2023,HALF20_RUNNER_7,52.52208981514559,RUNNER_STOP,244.0
EB1:NEARUSDT:2023-11-30T12:00:00+00:00,NEARUSDT,PRE_BREAKOUT,8,VALIDATION_2023_2024,2023,LADDER10_20_RUNNER_7,45.03333606514558,RUNNER_STOP,244.0
EB1:NEARUSDT:2023-11-30T12:00:00+00:00,NEARUSDT,PRE_BREAKOUT,8,VALIDATION_2023_2024,2023,FIXED10_5,29.20516499999998,TARGET10,77.0
EB1:NEARUSDT:2023-11-30T12:00:00+00:00,NEARUSDT,PRE_BREAKOUT,8,VALIDATION_2023_2024,2023,FIXED20_7,59.16018,TARGET20,98.0
EB1:NEARUSDT:2024-02-18T04:00:00+00:00,NEARUSDT,PRE_BREAKOUT,8,VALIDATION_2023_2024,2024,FULL_TRAIL_7,-0.7498500000000341,RUNNER_STOP,37.0
EB1:NEARUSDT:2024-02-18T04:00:00+00:00,NEARUSDT,PRE_BREAKOUT,8,VALIDATION_2023_2024,2024,HALF20_RUNNER_7,-21.7183605,INITIAL_STOP,67.0
EB1:NEARUSDT:2024-02-18T04:00:00+00:00,NEARUSDT,PRE_BREAKOUT,8,VALIDATION_2023_2024,2024,LADDER10_20_RUNNER_7,-21.7183605,INITIAL_STOP,67.0
EB1:NEARUSDT:2024-02-18T04:00:00+00:00,NEARUSDT,PRE_BREAKOUT,8,VALIDATION_2023_2024,2024,FIXED10_5,-15.727357499999984,STOP,49.0
EB1:NEARUSDT:2024-02-18T04:00:00+00:00,NEARUSDT,PRE_BREAKOUT,8,VALIDATION_2023_2024,2024,FIXED20_7,-21.7183605,STOP,67.0
EB1:NEARUSDT:2024-05-25T16:00:00+00:00,NEARUSDT,PRE_BREAKOUT,8,VALIDATION_2023_2024,2024,FULL_TRAIL_7,-21.718360499999942,INITIAL_STOP,32.0
EB1:NEARUSDT:2024-05-25T16:00:00+00:00,NEARUSDT,PRE_BREAKOUT,8,VALIDATION_2023_2024,2024,HALF20_RUNNER_7,-21.718360499999942,INITIAL_STOP,32.0
EB1:NEARUSDT:2024-05-25T16:00:00+00:00,NEARUSDT,PRE_BREAKOUT,8,VALIDATION_2023_2024,2024,LADDER10_20_RUNNER_7,-21.718360499999942,INITIAL_STOP,32.0
EB1:NEARUSDT:2024-05-25T16:00:00+00:00,NEARUSDT,PRE_BREAKOUT,8,VALIDATION_2023_2024,2024,FIXED10_5,-15.727357499999984,STOP,13.0
EB1:NEARUSDT:2024-05-25T16:00:00+00:00,NEARUSDT,PRE_BREAKOUT,8,VALIDATION_2023_2024,2024,FIXED20_7,-21.718360499999942,STOP,32.0
EB1:FETUSDT:2023-01-03T16:00:00+00:00,FETUSDT,PRE_BREAKOUT,8,VALIDATION_2023_2024,2023,FULL_TRAIL_7,588.778847928728,RUNNER_STOP,1568.0
EB1:FETUSDT:2023-01-03T16:00:00+00:00,FETUSDT,PRE_BREAKOUT,8,VALIDATION_2023_2024,2023,HALF20_RUNNER_7,323.969513964364,RUNNER_STOP,1568.0
EB1:FETUSDT:2023-01-03T16:00:00+00:00,FETUSDT,PRE_BREAKOUT,8,VALIDATION_2023_2024,2023,LADDER10_20_RUNNER_7,316.480760214364,RUNNER_STOP,1568.0
EB1:FETUSDT:2023-01-03T16:00:00+00:00,FETUSDT,PRE_BREAKOUT,8,VALIDATION_2023_2024,2023,FIXED10_5,29.205165000000036,TARGET10,9.0
EB1:FETUSDT:2023-01-03T16:00:00+00:00,FETUSDT,PRE_BREAKOUT,8,VALIDATION_2023_2024,2023,FIXED20_7,59.16018,TARGET20,60.0
EB1:FETUSDT:2023-08-30T17:00:00+00:00,FETUSDT,PRE_BREAKOUT,8,VALIDATION_2023_2024,2023,FULL_TRAIL_7,-0.7498499999999773,RUNNER_STOP,4.0
EB1:FETUSDT:2023-08-30T17:00:00+00:00,FETUSDT,PRE_BREAKOUT,8,VALIDATION_2023_2024,2023,HALF20_RUNNER_7,-21.718360499999942,INITIAL_STOP,35.0
EB1:FETUSDT:2023-08-30T17:00:00+00:00,FETUSDT,PRE_BREAKOUT,8,VALIDATION_2023_2024,2023,LADDER10_20_RUNNER_7,-21.718360499999942,INITIAL_STOP,35.0
EB1:FETUSDT:2023-08-30T17:00:00+00:00,FETUSDT,PRE_BREAKOUT,8,VALIDATION_2023_2024,2023,FIXED10_5,-15.727357499999984,STOP,4.0
EB1:FETUSDT:2023-08-30T17:00:00+00:00,FETUSDT,PRE_BREAKOUT,8,VALIDATION_2023_2024,2023,FIXED20_7,-21.718360499999942,STOP,35.0
EB1:FETUSDT:2023-10-21T11:00:00+00:00,FETUSDT,BREAKOUT_ATTEMPT,8,VALIDATION_2023_2024,2023,FULL_TRAIL_7,2994.75165,TAKE_PROFIT_1000,3291.0
EB1:FETUSDT:2023-10-21T11:00:00+00:00,FETUSDT,BREAKOUT_ATTEMPT,8,VALIDATION_2023_2024,2023,HALF20_RUNNER_7,1526.9559150000002,TAKE_PROFIT_1000,3291.0
EB1:FETUSDT:2023-10-21T11:00:00+00:00,FETUSDT,BREAKOUT_ATTEMPT,8,VALIDATION_2023_2024,2023,LADDER10_20_RUNNER_7,1519.4671612500001,TAKE_PROFIT_1000,3291.0
EB1:FETUSDT:2023-10-21T11:00:00+00:00,FETUSDT,BREAKOUT_ATTEMPT,8,VALIDATION_2023_2024,2023,FIXED10_5,29.205165000000036,TARGET10,51.0
EB1:FETUSDT:2023-10-21T11:00:00+00:00,FETUSDT,BREAKOUT_ATTEMPT,8,VALIDATION_2023_2024,2023,FIXED20_7,59.160180000000054,TARGET20,63.0
EB1:FETUSDT:2023-12-01T20:00:00+00:00,FETUSDT,PRE_BREAKOUT,8,VALIDATION_2023_2024,2023,FULL_TRAIL_7,-21.718360499999942,INITIAL_STOP,53.0
EB1:FETUSDT:2023-12-01T20:00:00+00:00,FETUSDT,PRE_BREAKOUT,8,VALIDATION_2023_2024,2023,HALF20_RUNNER_7,-21.718360499999942,INITIAL_STOP,53.0
EB1:FETUSDT:2023-12-01T20:00:00+00:00,FETUSDT,PRE_BREAKOUT,8,VALIDATION_2023_2024,2023,LADDER10_20_RUNNER_7,-21.718360499999942,INITIAL_STOP,53.0
EB1:FETUSDT:2023-12-01T20:00:00+00:00,FETUSDT,PRE_BREAKOUT,8,VALIDATION_2023_2024,2023,FIXED10_5,-15.727357499999984,STOP,53.0
EB1:FETUSDT:2023-12-01T20:00:00+00:00,FETUSDT,PRE_BREAKOUT,8,VALIDATION_2023_2024,2023,FIXED20_7,-21.718360499999942,STOP,53.0
EB1:FETUSDT:2024-03-26T02:00:00+00:00,FETUSDT,PRE_BREAKOUT,8,VALIDATION_2023_2024,2024,FULL_TRAIL_7,-0.7498500000000341,RUNNER_STOP,4.0
EB1:FETUSDT:2024-03-26T02:00:00+00:00,FETUSDT,PRE_BREAKOUT,8,VALIDATION_2023_2024,2024,HALF20_RUNNER_7,29.20516499999998,RUNNER_STOP,137.0
EB1:FETUSDT:2024-03-26T02:00:00+00:00,FETUSDT,PRE_BREAKOUT,8,VALIDATION_2023_2024,2024,LADDER10_20_RUNNER_7,21.71641124999999,RUNNER_STOP,137.0
EB1:FETUSDT:2024-03-26T02:00:00+00:00,FETUSDT,PRE_BREAKOUT,8,VALIDATION_2023_2024,2024,FIXED10_5,29.205165000000036,TARGET10,19.0
EB1:FETUSDT:2024-03-26T02:00:00+00:00,FETUSDT,PRE_BREAKOUT,8,VALIDATION_2023_2024,2024,FIXED20_7,59.16018,TARGET20,51.0
EB1:FETUSDT:2024-09-18T23:00:00+00:00,FETUSDT,BREAKOUT_ATTEMPT,8,VALIDATION_2023_2024,2024,FULL_TRAIL_7,-0.7498499999999773,RUNNER_STOP,278.0
EB1:FETUSDT:2024-09-18T23:00:00+00:00,FETUSDT,BREAKOUT_ATTEMPT,8,VALIDATION_2023_2024,2024,HALF20_RUNNER_7,-21.718360499999942,INITIAL_STOP,322.0
EB1:FETUSDT:2024-09-18T23:00:00+00:00,FETUSDT,BREAKOUT_ATTEMPT,8,VALIDATION_2023_2024,2024,LADDER10_20_RUNNER_7,6.738903750000026,RUNNER_STOP,278.0
EB1:FETUSDT:2024-09-18T23:00:00+00:00,FETUSDT,BREAKOUT_ATTEMPT,8,VALIDATION_2023_2024,2024,FIXED10_5,29.205165000000036,TARGET10,53.0
EB1:FETUSDT:2024-09-18T23:00:00+00:00,FETUSDT,BREAKOUT_ATTEMPT,8,VALIDATION_2023_2024,2024,FIXED20_7,-21.718360499999942,STOP,322.0
EB1:FETUSDT:2024-09-24T12:00:00+00:00,FETUSDT,PRE_BREAKOUT,8,VALIDATION_2023_2024,2024,FULL_TRAIL_7,-21.718360499999942,INITIAL_STOP,83.0
EB1:FETUSDT:2024-09-24T12:00:00+00:00,FETUSDT,PRE_BREAKOUT,8,VALIDATION_2023_2024,2024,HALF20_RUNNER_7,-21.718360499999942,INITIAL_STOP,83.0
EB1:FETUSDT:2024-09-24T12:00:00+00:00,FETUSDT,PRE_BREAKOUT,8,VALIDATION_2023_2024,2024,LADDER10_20_RUNNER_7,-21.718360499999942,INITIAL_STOP,83.0
EB1:FETUSDT:2024-09-24T12:00:00+00:00,FETUSDT,PRE_BREAKOUT,8,VALIDATION_2023_2024,2024,FIXED10_5,-15.727357499999984,STOP,25.0
EB1:FETUSDT:2024-09-24T12:00:00+00:00,FETUSDT,PRE_BREAKOUT,8,VALIDATION_2023_2024,2024,FIXED20_7,-21.718360499999942,STOP,83.0
EB1:INJUSDT:2023-06-26T08:00:00+00:00,INJUSDT,PRE_BREAKOUT,8,VALIDATION_2023_2024,2023,FULL_TRAIL_7,-0.7498499999999773,RUNNER_STOP,48.0
EB1:INJUSDT:2023-06-26T08:00:00+00:00,INJUSDT,PRE_BREAKOUT,8,VALIDATION_2023_2024,2023,HALF20_RUNNER_7,50.01333365220142,RUNNER_STOP,657.0
EB1:INJUSDT:2023-06-26T08:00:00+00:00,INJUSDT,PRE_BREAKOUT,8,VALIDATION_2023_2024,2023,LADDER10_20_RUNNER_7,42.52457990220144,RUNNER_STOP,657.0
EB1:INJUSDT:2023-06-26T08:00:00+00:00,INJUSDT,PRE_BREAKOUT,8,VALIDATION_2023_2024,2023,FIXED10_5,29.205165000000093,TARGET10,80.0
EB1:INJUSDT:2023-06-26T08:00:00+00:00,INJUSDT,PRE_BREAKOUT,8,VALIDATION_2023_2024,2023,FIXED20_7,59.16018,TARGET20,120.0
EB1:INJUSDT:2024-06-05T15:00:00+00:00,INJUSDT,PRE_BREAKOUT,8,VALIDATION_2023_2024,2024,FULL_TRAIL_7,-0.7498499999999773,RUNNER_STOP,41.0
EB1:INJUSDT:2024-06-05T15:00:00+00:00,INJUSDT,PRE_BREAKOUT,8,VALIDATION_2023_2024,2024,HALF20_RUNNER_7,29.205165000000008,RUNNER_STOP,207.0
EB1:INJUSDT:2024-06-05T15:00:00+00:00,INJUSDT,PRE_BREAKOUT,8,VALIDATION_2023_2024,2024,LADDER10_20_RUNNER_7,6.738903749999998,RUNNER_STOP,41.0
EB1:INJUSDT:2024-06-05T15:00:00+00:00,INJUSDT,PRE_BREAKOUT,8,VALIDATION_2023_2024,2024,FIXED10_5,29.205165000000036,TARGET10,29.0
EB1:INJUSDT:2024-06-05T15:00:00+00:00,INJUSDT,PRE_BREAKOUT,8,VALIDATION_2023_2024,2024,FIXED20_7,59.16018,TARGET20,156.0
EB1:INJUSDT:2024-09-19T00:00:00+00:00,INJUSDT,BREAKOUT_ATTEMPT,8,VALIDATION_2023_2024,2024,FULL_TRAIL_7,-0.7498500000000341,RUNNER_STOP,64.0
EB1:INJUSDT:2024-09-19T00:00:00+00:00,INJUSDT,BREAKOUT_ATTEMPT,8,VALIDATION_2023_2024,2024,HALF20_RUNNER_7,29.20516499999998,RUNNER_STOP,295.0
EB1:INJUSDT:2024-09-19T00:00:00+00:00,INJUSDT,BREAKOUT_ATTEMPT,8,VALIDATION_2023_2024,2024,LADDER10_20_RUNNER_7,21.716411250000004,RUNNER_STOP,295.0
EB1:INJUSDT:2024-09-19T00:00:00+00:00,INJUSDT,BREAKOUT_ATTEMPT,8,VALIDATION_2023_2024,2024,FIXED10_5,29.205165000000093,TARGET10,117.0
EB1:INJUSDT:2024-09-19T00:00:00+00:00,INJUSDT,BREAKOUT_ATTEMPT,8,VALIDATION_2023_2024,2024,FIXED20_7,59.16018,TARGET20,281.0
EB1:INJUSDT:2024-09-29T20:00:00+00:00,INJUSDT,PRE_BREAKOUT,8,VALIDATION_2023_2024,2024,FULL_TRAIL_7,-0.7498499999999773,RUNNER_STOP,31.0
EB1:INJUSDT:2024-09-29T20:00:00+00:00,INJUSDT,PRE_BREAKOUT,8,VALIDATION_2023_2024,2024,HALF20_RUNNER_7,-21.7183605,INITIAL_STOP,33.0
EB1:INJUSDT:2024-09-29T20:00:00+00:00,INJUSDT,PRE_BREAKOUT,8,VALIDATION_2023_2024,2024,LADDER10_20_RUNNER_7,-21.7183605,INITIAL_STOP,33.0
EB1:INJUSDT:2024-09-29T20:00:00+00:00,INJUSDT,PRE_BREAKOUT,8,VALIDATION_2023_2024,2024,FIXED10_5,-15.727357499999984,STOP,33.0
EB1:INJUSDT:2024-09-29T20:00:00+00:00,INJUSDT,PRE_BREAKOUT,8,VALIDATION_2023_2024,2024,FIXED20_7,-21.7183605,STOP,33.0
EB1:RUNEUSDT:2023-01-20T23:00:00+00:00,RUNEUSDT,PRE_BREAKOUT,8,VALIDATION_2023_2024,2023,FULL_TRAIL_7,-21.718360499999942,INITIAL_STOP,85.0
EB1:RUNEUSDT:2023-01-20T23:00:00+00:00,RUNEUSDT,PRE_BREAKOUT,8,VALIDATION_2023_2024,2023,HALF20_RUNNER_7,-21.718360499999942,INITIAL_STOP,85.0
EB1:RUNEUSDT:2023-01-20T23:00:00+00:00,RUNEUSDT,PRE_BREAKOUT,8,VALIDATION_2023_2024,2023,LADDER10_20_RUNNER_7,-21.718360499999942,INITIAL_STOP,85.0
EB1:RUNEUSDT:2023-01-20T23:00:00+00:00,RUNEUSDT,PRE_BREAKOUT,8,VALIDATION_2023_2024,2023,FIXED10_5,-15.727357499999984,STOP,1.0
EB1:RUNEUSDT:2023-01-20T23:00:00+00:00,RUNEUSDT,PRE_BREAKOUT,8,VALIDATION_2023_2024,2023,FIXED20_7,-21.718360499999942,STOP,85.0
EB1:RUNEUSDT:2023-01-24T09:00:00+00:00,RUNEUSDT,PRE_BREAKOUT,8,VALIDATION_2023_2024,2023,FULL_TRAIL_7,-21.718360499999942,INITIAL_STOP,3.0
EB1:RUNEUSDT:2023-01-24T09:00:00+00:00,RUNEUSDT,PRE_BREAKOUT,8,VALIDATION_2023_2024,2023,HALF20_RUNNER_7,-21.718360499999942,INITIAL_STOP,3.0
EB1:RUNEUSDT:2023-01-24T09:00:00+00:00,RUNEUSDT,PRE_BREAKOUT,8,VALIDATION_2023_2024,2023,LADDER10_20_RUNNER_7,-21.718360499999942,INITIAL_STOP,3.0
EB1:RUNEUSDT:2023-01-24T09:00:00+00:00,RUNEUSDT,PRE_BREAKOUT,8,VALIDATION_2023_2024,2023,FIXED10_5,-15.727357499999984,STOP,3.0
EB1:RUNEUSDT:2023-01-24T09:00:00+00:00,RUNEUSDT,PRE_BREAKOUT,8,VALIDATION_2023_2024,2023,FIXED20_7,-21.718360499999942,STOP,3.0
EB1:RUNEUSDT:2023-11-09T08:00:00+00:00,RUNEUSDT,PRE_BREAKOUT,8,VALIDATION_2023_2024,2023,FULL_TRAIL_7,85.21301812430933,RUNNER_STOP,288.0
EB1:RUNEUSDT:2023-11-09T08:00:00+00:00,RUNEUSDT,PRE_BREAKOUT,8,VALIDATION_2023_2024,2023,HALF20_RUNNER_7,72.18659906215466,RUNNER_STOP,288.0
EB1:RUNEUSDT:2023-11-09T08:00:00+00:00,RUNEUSDT,PRE_BREAKOUT,8,VALIDATION_2023_2024,2023,LADDER10_20_RUNNER_7,64.69784531215467,RUNNER_STOP,288.0
EB1:RUNEUSDT:2023-11-09T08:00:00+00:00,RUNEUSDT,PRE_BREAKOUT,8,VALIDATION_2023_2024,2023,FIXED10_5,-15.727357499999984,STOP,2.0
EB1:RUNEUSDT:2023-11-09T08:00:00+00:00,RUNEUSDT,PRE_BREAKOUT,8,VALIDATION_2023_2024,2023,FIXED20_7,59.16018,TARGET20,44.0
EB1:RUNEUSDT:2024-02-15T22:00:00+00:00,RUNEUSDT,PRE_BREAKOUT,8,VALIDATION_2023_2024,2024,FULL_TRAIL_7,-21.7183605,INITIAL_STOP,25.0
EB1:RUNEUSDT:2024-02-15T22:00:00+00:00,RUNEUSDT,PRE_BREAKOUT,8,VALIDATION_2023_2024,2024,HALF20_RUNNER_7,-21.7183605,INITIAL_STOP,25.0
EB1:RUNEUSDT:2024-02-15T22:00:00+00:00,RUNEUSDT,PRE_BREAKOUT,8,VALIDATION_2023_2024,2024,LADDER10_20_RUNNER_7,-21.7183605,INITIAL_STOP,25.0
EB1:RUNEUSDT:2024-02-15T22:00:00+00:00,RUNEUSDT,PRE_BREAKOUT,8,VALIDATION_2023_2024,2024,FIXED10_5,-15.727357499999984,STOP,7.0
EB1:RUNEUSDT:2024-02-15T22:00:00+00:00,RUNEUSDT,PRE_BREAKOUT,8,VALIDATION_2023_2024,2024,FIXED20_7,-21.7183605,STOP,25.0
EB1:RUNEUSDT:2024-09-18T21:00:00+00:00,RUNEUSDT,PRE_BREAKOUT,8,VALIDATION_2023_2024,2024,FULL_TRAIL_7,-0.7498499999999773,RUNNER_STOP,87.0
EB1:RUNEUSDT:2024-09-18T21:00:00+00:00,RUNEUSDT,PRE_BREAKOUT,8,VALIDATION_2023_2024,2024,HALF20_RUNNER_7,47.2524906625652,RUNNER_STOP,295.0
EB1:RUNEUSDT:2024-09-18T21:00:00+00:00,RUNEUSDT,PRE_BREAKOUT,8,VALIDATION_2023_2024,2024,LADDER10_20_RUNNER_7,39.76373691256519,RUNNER_STOP,295.0
EB1:RUNEUSDT:2024-09-18T21:00:00+00:00,RUNEUSDT,PRE_BREAKOUT,8,VALIDATION_2023_2024,2024,FIXED10_5,29.205165000000036,TARGET10,132.0
EB1:RUNEUSDT:2024-09-18T21:00:00+00:00,RUNEUSDT,PRE_BREAKOUT,8,VALIDATION_2023_2024,2024,FIXED20_7,59.160180000000054,TARGET20,167.0
EB1:RUNEUSDT:2024-09-24T23:00:00+00:00,RUNEUSDT,PRE_BREAKOUT,8,VALIDATION_2023_2024,2024,FULL_TRAIL_7,-0.7498499999999773,RUNNER_STOP,148.0
EB1:RUNEUSDT:2024-09-24T23:00:00+00:00,RUNEUSDT,PRE_BREAKOUT,8,VALIDATION_2023_2024,2024,HALF20_RUNNER_7,-21.718360499999942,INITIAL_STOP,152.0
EB1:RUNEUSDT:2024-09-24T23:00:00+00:00,RUNEUSDT,PRE_BREAKOUT,8,VALIDATION_2023_2024,2024,LADDER10_20_RUNNER_7,6.738903750000026,RUNNER_STOP,148.0
EB1:RUNEUSDT:2024-09-24T23:00:00+00:00,RUNEUSDT,PRE_BREAKOUT,8,VALIDATION_2023_2024,2024,FIXED10_5,29.205165000000036,TARGET10,25.0
EB1:RUNEUSDT:2024-09-24T23:00:00+00:00,RUNEUSDT,PRE_BREAKOUT,8,VALIDATION_2023_2024,2024,FIXED20_7,-21.718360499999942,STOP,152.0
EB1:RUNEUSDT:2024-12-09T02:00:00+00:00,RUNEUSDT,PRE_BREAKOUT,8,VALIDATION_2023_2024,2024,FULL_TRAIL_7,-21.718360499999942,INITIAL_STOP,9.0
EB1:RUNEUSDT:2024-12-09T02:00:00+00:00,RUNEUSDT,PRE_BREAKOUT,8,VALIDATION_2023_2024,2024,HALF20_RUNNER_7,-21.718360499999942,INITIAL_STOP,9.0
EB1:RUNEUSDT:2024-12-09T02:00:00+00:00,RUNEUSDT,PRE_BREAKOUT,8,VALIDATION_2023_2024,2024,LADDER10_20_RUNNER_7,-21.718360499999942,INITIAL_STOP,9.0
EB1:RUNEUSDT:2024-12-09T02:00:00+00:00,RUNEUSDT,PRE_BREAKOUT,8,VALIDATION_2023_2024,2024,FIXED10_5,-15.727357499999927,STOP,9.0
EB1:RUNEUSDT:2024-12-09T02:00:00+00:00,RUNEUSDT,PRE_BREAKOUT,8,VALIDATION_2023_2024,2024,FIXED20_7,-21.718360499999942,STOP,9.0
EB1:APTUSDT:2023-07-17T05:00:00+00:00,APTUSDT,PRE_BREAKOUT,8,VALIDATION_2023_2024,2023,FULL_TRAIL_7,-0.7498500000000341,RUNNER_STOP,12.0
EB1:APTUSDT:2023-07-17T05:00:00+00:00,APTUSDT,PRE_BREAKOUT,8,VALIDATION_2023_2024,2023,HALF20_RUNNER_7,-21.7183605,INITIAL_STOP,162.0
EB1:APTUSDT:2023-07-17T05:00:00+00:00,APTUSDT,PRE_BREAKOUT,8,VALIDATION_2023_2024,2023,LADDER10_20_RUNNER_7,-21.7183605,INITIAL_STOP,162.0
EB1:APTUSDT:2023-07-17T05:00:00+00:00,APTUSDT,PRE_BREAKOUT,8,VALIDATION_2023_2024,2023,FIXED10_5,-15.727357500000041,STOP,25.0
EB1:APTUSDT:2023-07-17T05:00:00+00:00,APTUSDT,PRE_BREAKOUT,8,VALIDATION_2023_2024,2023,FIXED20_7,-21.7183605,STOP,162.0
EB1:APTUSDT:2023-10-21T12:00:00+00:00,APTUSDT,BREAKOUT_ATTEMPT,8,VALIDATION_2023_2024,2023,FULL_TRAIL_7,36.693167403915425,RUNNER_STOP,291.0
EB1:APTUSDT:2023-10-21T12:00:00+00:00,APTUSDT,BREAKOUT_ATTEMPT,8,VALIDATION_2023_2024,2023,HALF20_RUNNER_7,47.92667370195774,RUNNER_STOP,291.0
EB1:APTUSDT:2023-10-21T12:00:00+00:00,APTUSDT,BREAKOUT_ATTEMPT,8,VALIDATION_2023_2024,2023,LADDER10_20_RUNNER_7,40.43791995195773,RUNNER_STOP,291.0
EB1:APTUSDT:2023-10-21T12:00:00+00:00,APTUSDT,BREAKOUT_ATTEMPT,8,VALIDATION_2023_2024,2023,FIXED10_5,29.205165000000036,TARGET10,9.0
EB1:APTUSDT:2023-10-21T12:00:00+00:00,APTUSDT,BREAKOUT_ATTEMPT,8,VALIDATION_2023_2024,2023,FIXED20_7,59.160180000000054,TARGET20,96.0
EB1:APTUSDT:2023-12-21T15:00:00+00:00,APTUSDT,PRE_BREAKOUT,8,VALIDATION_2023_2024,2023,FULL_TRAIL_7,-0.7498499999999773,RUNNER_STOP,299.0
EB1:APTUSDT:2023-12-21T15:00:00+00:00,APTUSDT,PRE_BREAKOUT,8,VALIDATION_2023_2024,2023,HALF20_RUNNER_7,29.205165000000036,RUNNER_STOP,299.0
EB1:APTUSDT:2023-12-21T15:00:00+00:00,APTUSDT,PRE_BREAKOUT,8,VALIDATION_2023_2024,2023,LADDER10_20_RUNNER_7,21.716411250000046,RUNNER_STOP,299.0
EB1:APTUSDT:2023-12-21T15:00:00+00:00,APTUSDT,PRE_BREAKOUT,8,VALIDATION_2023_2024,2023,FIXED10_5,29.205165000000093,TARGET10,21.0
EB1:APTUSDT:2023-12-21T15:00:00+00:00,APTUSDT,PRE_BREAKOUT,8,VALIDATION_2023_2024,2023,FIXED20_7,59.160180000000054,TARGET20,84.0
EB1:APTUSDT:2024-05-27T06:00:00+00:00,APTUSDT,PRE_BREAKOUT,8,VALIDATION_2023_2024,2024,FULL_TRAIL_7,-21.7183605,INITIAL_STOP,63.0
EB1:APTUSDT:2024-05-27T06:00:00+00:00,APTUSDT,PRE_BREAKOUT,8,VALIDATION_2023_2024,2024,HALF20_RUNNER_7,-21.7183605,INITIAL_STOP,63.0
EB1:APTUSDT:2024-05-27T06:00:00+00:00,APTUSDT,PRE_BREAKOUT,8,VALIDATION_2023_2024,2024,LADDER10_20_RUNNER_7,-21.7183605,INITIAL_STOP,63.0
EB1:APTUSDT:2024-05-27T06:00:00+00:00,APTUSDT,PRE_BREAKOUT,8,VALIDATION_2023_2024,2024,FIXED10_5,-15.727357499999984,STOP,45.0
EB1:APTUSDT:2024-05-27T06:00:00+00:00,APTUSDT,PRE_BREAKOUT,8,VALIDATION_2023_2024,2024,FIXED20_7,-21.7183605,STOP,63.0
EB1:OPUSDT:2023-11-04T12:00:00+00:00,OPUSDT,PRE_BREAKOUT,8,VALIDATION_2023_2024,2023,FULL_TRAIL_7,-0.7498500000000341,RUNNER_STOP,65.0
EB1:OPUSDT:2023-11-04T12:00:00+00:00,OPUSDT,PRE_BREAKOUT,8,VALIDATION_2023_2024,2023,HALF20_RUNNER_7,-21.718360499999942,INITIAL_STOP,114.0
EB1:OPUSDT:2023-11-04T12:00:00+00:00,OPUSDT,PRE_BREAKOUT,8,VALIDATION_2023_2024,2023,LADDER10_20_RUNNER_7,6.738903749999998,RUNNER_STOP,114.0
EB1:OPUSDT:2023-11-04T12:00:00+00:00,OPUSDT,PRE_BREAKOUT,8,VALIDATION_2023_2024,2023,FIXED10_5,29.205165000000036,TARGET10,113.0
EB1:OPUSDT:2023-11-04T12:00:00+00:00,OPUSDT,PRE_BREAKOUT,8,VALIDATION_2023_2024,2023,FIXED20_7,-21.718360499999942,STOP,114.0
EB1:OPUSDT:2023-12-20T17:00:00+00:00,OPUSDT,PRE_BREAKOUT,8,VALIDATION_2023_2024,2023,FULL_TRAIL_7,103.67218156836091,RUNNER_STOP,321.0
EB1:OPUSDT:2023-12-20T17:00:00+00:00,OPUSDT,PRE_BREAKOUT,8,VALIDATION_2023_2024,2023,HALF20_RUNNER_7,81.41618078418045,RUNNER_STOP,321.0
EB1:OPUSDT:2023-12-20T17:00:00+00:00,OPUSDT,PRE_BREAKOUT,8,VALIDATION_2023_2024,2023,LADDER10_20_RUNNER_7,73.92742703418045,RUNNER_STOP,321.0
EB1:OPUSDT:2023-12-20T17:00:00+00:00,OPUSDT,PRE_BREAKOUT,8,VALIDATION_2023_2024,2023,FIXED10_5,29.205165000000036,TARGET10,13.0
EB1:OPUSDT:2023-12-20T17:00:00+00:00,OPUSDT,PRE_BREAKOUT,8,VALIDATION_2023_2024,2023,FIXED20_7,59.16018,TARGET20,28.0
EB1:ARBUSDT:2023-12-21T22:00:00+00:00,ARBUSDT,PRE_BREAKOUT,8,VALIDATION_2023_2024,2023,FULL_TRAIL_7,-0.7498499999999204,RUNNER_STOP,2.0
EB1:ARBUSDT:2023-12-21T22:00:00+00:00,ARBUSDT,PRE_BREAKOUT,8,VALIDATION_2023_2024,2023,HALF20_RUNNER_7,47.243862299897096,RUNNER_STOP,161.0
EB1:ARBUSDT:2023-12-21T22:00:00+00:00,ARBUSDT,PRE_BREAKOUT,8,VALIDATION_2023_2024,2023,LADDER10_20_RUNNER_7,6.738903750000055,RUNNER_STOP,105.0
EB1:ARBUSDT:2023-12-21T22:00:00+00:00,ARBUSDT,PRE_BREAKOUT,8,VALIDATION_2023_2024,2023,FIXED10_5,29.205165000000036,TARGET10,13.0
EB1:ARBUSDT:2023-12-21T22:00:00+00:00,ARBUSDT,PRE_BREAKOUT,8,VALIDATION_2023_2024,2023,FIXED20_7,59.16018,TARGET20,128.0
EB1:ARBUSDT:2024-03-03T01:00:00+00:00,ARBUSDT,BREAKOUT_ATTEMPT,8,VALIDATION_2023_2024,2024,FULL_TRAIL_7,-0.7498499999999773,RUNNER_STOP,52.0
EB1:ARBUSDT:2024-03-03T01:00:00+00:00,ARBUSDT,BREAKOUT_ATTEMPT,8,VALIDATION_2023_2024,2024,HALF20_RUNNER_7,-21.7183605,INITIAL_STOP,56.0
EB1:ARBUSDT:2024-03-03T01:00:00+00:00,ARBUSDT,BREAKOUT_ATTEMPT,8,VALIDATION_2023_2024,2024,LADDER10_20_RUNNER_7,-21.7183605,INITIAL_STOP,56.0
EB1:ARBUSDT:2024-03-03T01:00:00+00:00,ARBUSDT,BREAKOUT_ATTEMPT,8,VALIDATION_2023_2024,2024,FIXED10_5,-15.727357500000041,STOP,30.0
EB1:ARBUSDT:2024-03-03T01:00:00+00:00,ARBUSDT,BREAKOUT_ATTEMPT,8,VALIDATION_2023_2024,2024,FIXED20_7,-21.7183605,STOP,56.0
EB1:ARBUSDT:2024-05-26T15:00:00+00:00,ARBUSDT,PRE_BREAKOUT,8,VALIDATION_2023_2024,2024,FULL_TRAIL_7,-0.7498500000000341,RUNNER_STOP,24.0
EB1:ARBUSDT:2024-05-26T15:00:00+00:00,ARBUSDT,PRE_BREAKOUT,8,VALIDATION_2023_2024,2024,HALF20_RUNNER_7,-21.718360499999942,INITIAL_STOP,78.0
EB1:ARBUSDT:2024-05-26T15:00:00+00:00,ARBUSDT,PRE_BREAKOUT,8,VALIDATION_2023_2024,2024,LADDER10_20_RUNNER_7,-21.718360499999942,INITIAL_STOP,78.0
EB1:ARBUSDT:2024-05-26T15:00:00+00:00,ARBUSDT,PRE_BREAKOUT,8,VALIDATION_2023_2024,2024,FIXED10_5,-15.727357500000041,STOP,68.0
EB1:ARBUSDT:2024-05-26T15:00:00+00:00,ARBUSDT,PRE_BREAKOUT,8,VALIDATION_2023_2024,2024,FIXED20_7,-21.718360499999942,STOP,78.0
EB1:ARBUSDT:2024-09-27T20:00:00+00:00,ARBUSDT,PRE_BREAKOUT,8,VALIDATION_2023_2024,2024,FULL_TRAIL_7,-21.718360499999942,INITIAL_STOP,60.0
EB1:ARBUSDT:2024-09-27T20:00:00+00:00,ARBUSDT,PRE_BREAKOUT,8,VALIDATION_2023_2024,2024,HALF20_RUNNER_7,-21.718360499999942,INITIAL_STOP,60.0
EB1:ARBUSDT:2024-09-27T20:00:00+00:00,ARBUSDT,PRE_BREAKOUT,8,VALIDATION_2023_2024,2024,LADDER10_20_RUNNER_7,-21.718360499999942,INITIAL_STOP,60.0
EB1:ARBUSDT:2024-09-27T20:00:00+00:00,ARBUSDT,PRE_BREAKOUT,8,VALIDATION_2023_2024,2024,FIXED10_5,-15.727357499999984,STOP,51.0
EB1:ARBUSDT:2024-09-27T20:00:00+00:00,ARBUSDT,PRE_BREAKOUT,8,VALIDATION_2023_2024,2024,FIXED20_7,-21.718360499999942,STOP,60.0
EB1:AAVEUSDT:2023-01-22T16:00:00+00:00,AAVEUSDT,PRE_BREAKOUT,8,VALIDATION_2023_2024,2023,FULL_TRAIL_7,-21.718360499999942,INITIAL_STOP,44.0
EB1:AAVEUSDT:2023-01-22T16:00:00+00:00,AAVEUSDT,PRE_BREAKOUT,8,VALIDATION_2023_2024,2023,HALF20_RUNNER_7,-21.718360499999942,INITIAL_STOP,44.0
EB1:AAVEUSDT:2023-01-22T16:00:00+00:00,AAVEUSDT,PRE_BREAKOUT,8,VALIDATION_2023_2024,2023,LADDER10_20_RUNNER_7,-21.718360499999942,INITIAL_STOP,44.0
EB1:AAVEUSDT:2023-01-22T16:00:00+00:00,AAVEUSDT,PRE_BREAKOUT,8,VALIDATION_2023_2024,2023,FIXED10_5,-15.727357499999984,STOP,39.0
EB1:AAVEUSDT:2023-01-22T16:00:00+00:00,AAVEUSDT,PRE_BREAKOUT,8,VALIDATION_2023_2024,2023,FIXED20_7,-21.718360499999942,STOP,44.0
EB1:ZECUSDT:2023-01-20T17:00:00+00:00,ZECUSDT,PRE_BREAKOUT,8,VALIDATION_2023_2024,2023,FULL_TRAIL_7,-21.718360499999942,INITIAL_STOP,90.0
EB1:ZECUSDT:2023-01-20T17:00:00+00:00,ZECUSDT,PRE_BREAKOUT,8,VALIDATION_2023_2024,2023,HALF20_RUNNER_7,-21.718360499999942,INITIAL_STOP,90.0
EB1:ZECUSDT:2023-01-20T17:00:00+00:00,ZECUSDT,PRE_BREAKOUT,8,VALIDATION_2023_2024,2023,LADDER10_20_RUNNER_7,-21.718360499999942,INITIAL_STOP,90.0
EB1:ZECUSDT:2023-01-20T17:00:00+00:00,ZECUSDT,PRE_BREAKOUT,8,VALIDATION_2023_2024,2023,FIXED10_5,-15.727357499999984,STOP,41.0
EB1:ZECUSDT:2023-01-20T17:00:00+00:00,ZECUSDT,PRE_BREAKOUT,8,VALIDATION_2023_2024,2023,FIXED20_7,-21.718360499999942,STOP,90.0
EB1:ZECUSDT:2023-04-05T14:00:00+00:00,ZECUSDT,PRE_BREAKOUT,8,VALIDATION_2023_2024,2023,FULL_TRAIL_7,-0.7498499999999773,RUNNER_STOP,333.0
EB1:ZECUSDT:2023-04-05T14:00:00+00:00,ZECUSDT,PRE_BREAKOUT,8,VALIDATION_2023_2024,2023,HALF20_RUNNER_7,-21.7183605,INITIAL_STOP,499.0
EB1:ZECUSDT:2023-04-05T14:00:00+00:00,ZECUSDT,PRE_BREAKOUT,8,VALIDATION_2023_2024,2023,LADDER10_20_RUNNER_7,6.73890375000004,RUNNER_STOP,333.0
EB1:ZECUSDT:2023-04-05T14:00:00+00:00,ZECUSDT,PRE_BREAKOUT,8,VALIDATION_2023_2024,2023,FIXED10_5,29.205165000000093,TARGET10,185.0
EB1:ZECUSDT:2023-04-05T14:00:00+00:00,ZECUSDT,PRE_BREAKOUT,8,VALIDATION_2023_2024,2023,FIXED20_7,-21.7183605,STOP,499.0
EB1:ZECUSDT:2023-11-09T03:00:00+00:00,ZECUSDT,PRE_BREAKOUT,8,VALIDATION_2023_2024,2023,FULL_TRAIL_7,-21.718360499999942,INITIAL_STOP,3.0
EB1:ZECUSDT:2023-11-09T03:00:00+00:00,ZECUSDT,PRE_BREAKOUT,8,VALIDATION_2023_2024,2023,HALF20_RUNNER_7,-21.718360499999942,INITIAL_STOP,3.0
EB1:ZECUSDT:2023-11-09T03:00:00+00:00,ZECUSDT,PRE_BREAKOUT,8,VALIDATION_2023_2024,2023,LADDER10_20_RUNNER_7,-21.718360499999942,INITIAL_STOP,3.0
EB1:ZECUSDT:2023-11-09T03:00:00+00:00,ZECUSDT,PRE_BREAKOUT,8,VALIDATION_2023_2024,2023,FIXED10_5,-15.727357500000041,STOP,3.0
EB1:ZECUSDT:2023-11-09T03:00:00+00:00,ZECUSDT,PRE_BREAKOUT,8,VALIDATION_2023_2024,2023,FIXED20_7,-21.718360499999942,STOP,3.0
EB1:ZECUSDT:2023-12-08T15:00:00+00:00,ZECUSDT,PRE_BREAKOUT,8,VALIDATION_2023_2024,2023,FULL_TRAIL_7,-21.718360499999942,INITIAL_STOP,49.0
EB1:ZECUSDT:2023-12-08T15:00:00+00:00,ZECUSDT,PRE_BREAKOUT,8,VALIDATION_2023_2024,2023,HALF20_RUNNER_7,-21.718360499999942,INITIAL_STOP,49.0
EB1:ZECUSDT:2023-12-08T15:00:00+00:00,ZECUSDT,PRE_BREAKOUT,8,VALIDATION_2023_2024,2023,LADDER10_20_RUNNER_7,-21.718360499999942,INITIAL_STOP,49.0
EB1:ZECUSDT:2023-12-08T15:00:00+00:00,ZECUSDT,PRE_BREAKOUT,8,VALIDATION_2023_2024,2023,FIXED10_5,-15.727357499999984,STOP,49.0
EB1:ZECUSDT:2023-12-08T15:00:00+00:00,ZECUSDT,PRE_BREAKOUT,8,VALIDATION_2023_2024,2023,FIXED20_7,-21.718360499999942,STOP,49.0
EB1:CRVUSDT:2023-06-30T04:00:00+00:00,CRVUSDT,PRE_BREAKOUT,8,VALIDATION_2023_2024,2023,FULL_TRAIL_7,-0.7498499999999773,RUNNER_STOP,153.0
EB1:CRVUSDT:2023-06-30T04:00:00+00:00,CRVUSDT,PRE_BREAKOUT,8,VALIDATION_2023_2024,2023,HALF20_RUNNER_7,29.205165000000036,RUNNER_STOP,571.0
EB1:CRVUSDT:2023-06-30T04:00:00+00:00,CRVUSDT,PRE_BREAKOUT,8,VALIDATION_2023_2024,2023,LADDER10_20_RUNNER_7,6.738903750000055,RUNNER_STOP,153.0
EB1:CRVUSDT:2023-06-30T04:00:00+00:00,CRVUSDT,PRE_BREAKOUT,8,VALIDATION_2023_2024,2023,FIXED10_5,29.205165000000036,TARGET10,87.0
EB1:CRVUSDT:2023-06-30T04:00:00+00:00,CRVUSDT,PRE_BREAKOUT,8,VALIDATION_2023_2024,2023,FIXED20_7,59.160180000000054,TARGET20,337.0
EB1:CRVUSDT:2023-12-08T02:00:00+00:00,CRVUSDT,PRE_BREAKOUT,8,VALIDATION_2023_2024,2023,FULL_TRAIL_7,-21.7183605,INITIAL_STOP,62.0
EB1:CRVUSDT:2023-12-08T02:00:00+00:00,CRVUSDT,PRE_BREAKOUT,8,VALIDATION_2023_2024,2023,HALF20_RUNNER_7,-21.7183605,INITIAL_STOP,62.0
EB1:CRVUSDT:2023-12-08T02:00:00+00:00,CRVUSDT,PRE_BREAKOUT,8,VALIDATION_2023_2024,2023,LADDER10_20_RUNNER_7,-21.7183605,INITIAL_STOP,62.0
EB1:CRVUSDT:2023-12-08T02:00:00+00:00,CRVUSDT,PRE_BREAKOUT,8,VALIDATION_2023_2024,2023,FIXED10_5,-15.727357499999984,STOP,62.0
EB1:CRVUSDT:2023-12-08T02:00:00+00:00,CRVUSDT,PRE_BREAKOUT,8,VALIDATION_2023_2024,2023,FIXED20_7,-21.7183605,STOP,62.0
EB1:CRVUSDT:2024-02-23T10:00:00+00:00,CRVUSDT,PRE_BREAKOUT,8,VALIDATION_2023_2024,2024,FULL_TRAIL_7,-0.7498499999999773,RUNNER_STOP,31.0
EB1:CRVUSDT:2024-02-23T10:00:00+00:00,CRVUSDT,PRE_BREAKOUT,8,VALIDATION_2023_2024,2024,HALF20_RUNNER_7,-21.718360499999942,INITIAL_STOP,117.0
EB1:CRVUSDT:2024-02-23T10:00:00+00:00,CRVUSDT,PRE_BREAKOUT,8,VALIDATION_2023_2024,2024,LADDER10_20_RUNNER_7,6.738903749999998,RUNNER_STOP,31.0
EB1:CRVUSDT:2024-02-23T10:00:00+00:00,CRVUSDT,PRE_BREAKOUT,8,VALIDATION_2023_2024,2024,FIXED10_5,29.205165000000036,TARGET10,12.0
EB1:CRVUSDT:2024-02-23T10:00:00+00:00,CRVUSDT,PRE_BREAKOUT,8,VALIDATION_2023_2024,2024,FIXED20_7,-21.718360499999942,STOP,117.0
EB1:CRVUSDT:2024-03-11T09:00:00+00:00,CRVUSDT,PRE_BREAKOUT,8,VALIDATION_2023_2024,2024,FULL_TRAIL_7,-21.7183605,INITIAL_STOP,22.0
EB1:CRVUSDT:2024-03-11T09:00:00+00:00,CRVUSDT,PRE_BREAKOUT,8,VALIDATION_2023_2024,2024,HALF20_RUNNER_7,-21.7183605,INITIAL_STOP,22.0
EB1:CRVUSDT:2024-03-11T09:00:00+00:00,CRVUSDT,PRE_BREAKOUT,8,VALIDATION_2023_2024,2024,LADDER10_20_RUNNER_7,-21.7183605,INITIAL_STOP,22.0
EB1:CRVUSDT:2024-03-11T09:00:00+00:00,CRVUSDT,PRE_BREAKOUT,8,VALIDATION_2023_2024,2024,FIXED10_5,-15.727357500000041,STOP,13.0
EB1:CRVUSDT:2024-03-11T09:00:00+00:00,CRVUSDT,PRE_BREAKOUT,8,VALIDATION_2023_2024,2024,FIXED20_7,-21.7183605,STOP,22.0
EB1:CRVUSDT:2024-08-01T08:00:00+00:00,CRVUSDT,PRE_BREAKOUT,8,VALIDATION_2023_2024,2024,FULL_TRAIL_7,-21.718360499999942,INITIAL_STOP,21.0
EB1:CRVUSDT:2024-08-01T08:00:00+00:00,CRVUSDT,PRE_BREAKOUT,8,VALIDATION_2023_2024,2024,HALF20_RUNNER_7,-21.718360499999942,INITIAL_STOP,21.0
EB1:CRVUSDT:2024-08-01T08:00:00+00:00,CRVUSDT,PRE_BREAKOUT,8,VALIDATION_2023_2024,2024,LADDER10_20_RUNNER_7,-21.718360499999942,INITIAL_STOP,21.0
EB1:CRVUSDT:2024-08-01T08:00:00+00:00,CRVUSDT,PRE_BREAKOUT,8,VALIDATION_2023_2024,2024,FIXED10_5,-15.727357499999984,STOP,21.0
EB1:CRVUSDT:2024-08-01T08:00:00+00:00,CRVUSDT,PRE_BREAKOUT,8,VALIDATION_2023_2024,2024,FIXED20_7,-21.718360499999942,STOP,21.0
EB1:SUIUSDT:2023-11-04T17:00:00+00:00,SUIUSDT,PRE_BREAKOUT,8,VALIDATION_2023_2024,2023,FULL_TRAIL_7,-0.7498499999999773,RUNNER_STOP,109.0
EB1:SUIUSDT:2023-11-04T17:00:00+00:00,SUIUSDT,PRE_BREAKOUT,8,VALIDATION_2023_2024,2023,HALF20_RUNNER_7,29.20516499999998,RUNNER_STOP,316.0
EB1:SUIUSDT:2023-11-04T17:00:00+00:00,SUIUSDT,PRE_BREAKOUT,8,VALIDATION_2023_2024,2023,LADDER10_20_RUNNER_7,6.738903749999998,RUNNER_STOP,109.0
EB1:SUIUSDT:2023-11-04T17:00:00+00:00,SUIUSDT,PRE_BREAKOUT,8,VALIDATION_2023_2024,2023,FIXED10_5,-15.727357500000041,STOP,5.0
EB1:SUIUSDT:2023-11-04T17:00:00+00:00,SUIUSDT,PRE_BREAKOUT,8,VALIDATION_2023_2024,2023,FIXED20_7,59.16017999999994,TARGET20,138.0
EB1:SUIUSDT:2023-11-23T13:00:00+00:00,SUIUSDT,PRE_BREAKOUT,8,VALIDATION_2023_2024,2023,FULL_TRAIL_7,-0.7498499999999773,RUNNER_STOP,80.0
EB1:SUIUSDT:2023-11-23T13:00:00+00:00,SUIUSDT,PRE_BREAKOUT,8,VALIDATION_2023_2024,2023,HALF20_RUNNER_7,29.205165000000008,RUNNER_STOP,579.0
EB1:SUIUSDT:2023-11-23T13:00:00+00:00,SUIUSDT,PRE_BREAKOUT,8,VALIDATION_2023_2024,2023,LADDER10_20_RUNNER_7,6.738903750000026,RUNNER_STOP,80.0
EB1:SUIUSDT:2023-11-23T13:00:00+00:00,SUIUSDT,PRE_BREAKOUT,8,VALIDATION_2023_2024,2023,FIXED10_5,29.205165000000036,TARGET10,25.0
EB1:SUIUSDT:2023-11-23T13:00:00+00:00,SUIUSDT,PRE_BREAKOUT,8,VALIDATION_2023_2024,2023,FIXED20_7,59.16018,TARGET20,355.0
EB1:SUIUSDT:2024-03-26T20:00:00+00:00,SUIUSDT,PRE_BREAKOUT,8,VALIDATION_2023_2024,2024,FULL_TRAIL_7,-0.7498499999999773,RUNNER_STOP,18.0
EB1:SUIUSDT:2024-03-26T20:00:00+00:00,SUIUSDT,PRE_BREAKOUT,8,VALIDATION_2023_2024,2024,HALF20_RUNNER_7,-21.718360499999942,INITIAL_STOP,66.0
EB1:SUIUSDT:2024-03-26T20:00:00+00:00,SUIUSDT,PRE_BREAKOUT,8,VALIDATION_2023_2024,2024,LADDER10_20_RUNNER_7,-21.718360499999942,INITIAL_STOP,66.0
EB1:SUIUSDT:2024-03-26T20:00:00+00:00,SUIUSDT,PRE_BREAKOUT,8,VALIDATION_2023_2024,2024,FIXED10_5,-15.727357500000041,STOP,2.0
EB1:SUIUSDT:2024-03-26T20:00:00+00:00,SUIUSDT,PRE_BREAKOUT,8,VALIDATION_2023_2024,2024,FIXED20_7,-21.718360499999942,STOP,66.0
EB1:SUIUSDT:2024-09-29T13:00:00+00:00,SUIUSDT,PRE_BREAKOUT,8,VALIDATION_2023_2024,2024,FULL_TRAIL_7,-0.7498499999999773,RUNNER_STOP,39.0
EB1:SUIUSDT:2024-09-29T13:00:00+00:00,SUIUSDT,PRE_BREAKOUT,8,VALIDATION_2023_2024,2024,HALF20_RUNNER_7,-21.718360499999942,INITIAL_STOP,88.0
EB1:SUIUSDT:2024-09-29T13:00:00+00:00,SUIUSDT,PRE_BREAKOUT,8,VALIDATION_2023_2024,2024,LADDER10_20_RUNNER_7,6.73890375000004,RUNNER_STOP,88.0
EB1:SUIUSDT:2024-09-29T13:00:00+00:00,SUIUSDT,PRE_BREAKOUT,8,VALIDATION_2023_2024,2024,FIXED10_5,-15.727357499999984,STOP,42.0
EB1:SUIUSDT:2024-09-29T13:00:00+00:00,SUIUSDT,PRE_BREAKOUT,8,VALIDATION_2023_2024,2024,FIXED20_7,-21.718360499999942,STOP,88.0
EB1:UNIUSDT:2023-01-29T15:00:00+00:00,UNIUSDT,PRE_BREAKOUT,8,VALIDATION_2023_2024,2023,FULL_TRAIL_7,-21.7183605,INITIAL_STOP,18.0
EB1:UNIUSDT:2023-01-29T15:00:00+00:00,UNIUSDT,PRE_BREAKOUT,8,VALIDATION_2023_2024,2023,HALF20_RUNNER_7,-21.7183605,INITIAL_STOP,18.0
EB1:UNIUSDT:2023-01-29T15:00:00+00:00,UNIUSDT,PRE_BREAKOUT,8,VALIDATION_2023_2024,2023,LADDER10_20_RUNNER_7,-21.7183605,INITIAL_STOP,18.0
EB1:UNIUSDT:2023-01-29T15:00:00+00:00,UNIUSDT,PRE_BREAKOUT,8,VALIDATION_2023_2024,2023,FIXED10_5,-15.727357500000041,STOP,8.0
EB1:UNIUSDT:2023-01-29T15:00:00+00:00,UNIUSDT,PRE_BREAKOUT,8,VALIDATION_2023_2024,2023,FIXED20_7,-21.7183605,STOP,18.0
EB1:UNIUSDT:2023-03-19T00:00:00+00:00,UNIUSDT,PRE_BREAKOUT,8,VALIDATION_2023_2024,2023,FULL_TRAIL_7,-21.7183605,INITIAL_STOP,45.0
EB1:UNIUSDT:2023-03-19T00:00:00+00:00,UNIUSDT,PRE_BREAKOUT,8,VALIDATION_2023_2024,2023,HALF20_RUNNER_7,-21.7183605,INITIAL_STOP,45.0
EB1:UNIUSDT:2023-03-19T00:00:00+00:00,UNIUSDT,PRE_BREAKOUT,8,VALIDATION_2023_2024,2023,LADDER10_20_RUNNER_7,-21.7183605,INITIAL_STOP,45.0
EB1:UNIUSDT:2023-03-19T00:00:00+00:00,UNIUSDT,PRE_BREAKOUT,8,VALIDATION_2023_2024,2023,FIXED10_5,-15.727357499999984,STOP,33.0
EB1:UNIUSDT:2023-03-19T00:00:00+00:00,UNIUSDT,PRE_BREAKOUT,8,VALIDATION_2023_2024,2023,FIXED20_7,-21.7183605,STOP,45.0
EB1:UNIUSDT:2023-11-11T06:00:00+00:00,UNIUSDT,PRE_BREAKOUT,8,VALIDATION_2023_2024,2023,FULL_TRAIL_7,-21.7183605,INITIAL_STOP,67.0
EB1:UNIUSDT:2023-11-11T06:00:00+00:00,UNIUSDT,PRE_BREAKOUT,8,VALIDATION_2023_2024,2023,HALF20_RUNNER_7,-21.7183605,INITIAL_STOP,67.0
EB1:UNIUSDT:2023-11-11T06:00:00+00:00,UNIUSDT,PRE_BREAKOUT,8,VALIDATION_2023_2024,2023,LADDER10_20_RUNNER_7,-21.7183605,INITIAL_STOP,67.0
EB1:UNIUSDT:2023-11-11T06:00:00+00:00,UNIUSDT,PRE_BREAKOUT,8,VALIDATION_2023_2024,2023,FIXED10_5,-15.727357500000041,STOP,8.0
EB1:UNIUSDT:2023-11-11T06:00:00+00:00,UNIUSDT,PRE_BREAKOUT,8,VALIDATION_2023_2024,2023,FIXED20_7,-21.7183605,STOP,67.0
EB1:UNIUSDT:2023-12-08T15:00:00+00:00,UNIUSDT,PRE_BREAKOUT,8,VALIDATION_2023_2024,2023,FULL_TRAIL_7,-0.7498499999999773,RUNNER_STOP,31.0
EB1:UNIUSDT:2023-12-08T15:00:00+00:00,UNIUSDT,PRE_BREAKOUT,8,VALIDATION_2023_2024,2023,HALF20_RUNNER_7,-21.718360499999942,INITIAL_STOP,49.0
EB1:UNIUSDT:2023-12-08T15:00:00+00:00,UNIUSDT,PRE_BREAKOUT,8,VALIDATION_2023_2024,2023,LADDER10_20_RUNNER_7,-21.718360499999942,INITIAL_STOP,49.0
EB1:UNIUSDT:2023-12-08T15:00:00+00:00,UNIUSDT,PRE_BREAKOUT,8,VALIDATION_2023_2024,2023,FIXED10_5,-15.727357499999984,STOP,49.0
EB1:UNIUSDT:2023-12-08T15:00:00+00:00,UNIUSDT,PRE_BREAKOUT,8,VALIDATION_2023_2024,2023,FIXED20_7,-21.718360499999942,STOP,49.0
EB1:UNIUSDT:2024-01-10T23:00:00+00:00,UNIUSDT,PRE_BREAKOUT,8,VALIDATION_2023_2024,2024,FULL_TRAIL_7,-21.7183605,INITIAL_STOP,178.0
EB1:UNIUSDT:2024-01-10T23:00:00+00:00,UNIUSDT,PRE_BREAKOUT,8,VALIDATION_2023_2024,2024,HALF20_RUNNER_7,-21.7183605,INITIAL_STOP,178.0
EB1:UNIUSDT:2024-01-10T23:00:00+00:00,UNIUSDT,PRE_BREAKOUT,8,VALIDATION_2023_2024,2024,LADDER10_20_RUNNER_7,-21.7183605,INITIAL_STOP,178.0
EB1:UNIUSDT:2024-01-10T23:00:00+00:00,UNIUSDT,PRE_BREAKOUT,8,VALIDATION_2023_2024,2024,FIXED10_5,-15.727357499999984,STOP,37.0
EB1:UNIUSDT:2024-01-10T23:00:00+00:00,UNIUSDT,PRE_BREAKOUT,8,VALIDATION_2023_2024,2024,FIXED20_7,-21.7183605,STOP,178.0
EB1:UNIUSDT:2024-09-30T08:00:00+00:00,UNIUSDT,PRE_BREAKOUT,8,VALIDATION_2023_2024,2024,FULL_TRAIL_7,-21.718360499999942,INITIAL_STOP,21.0
EB1:UNIUSDT:2024-09-30T08:00:00+00:00,UNIUSDT,PRE_BREAKOUT,8,VALIDATION_2023_2024,2024,HALF20_RUNNER_7,-21.718360499999942,INITIAL_STOP,21.0
EB1:UNIUSDT:2024-09-30T08:00:00+00:00,UNIUSDT,PRE_BREAKOUT,8,VALIDATION_2023_2024,2024,LADDER10_20_RUNNER_7,-21.718360499999942,INITIAL_STOP,21.0
EB1:UNIUSDT:2024-09-30T08:00:00+00:00,UNIUSDT,PRE_BREAKOUT,8,VALIDATION_2023_2024,2024,FIXED10_5,-15.727357499999984,STOP,21.0
EB1:UNIUSDT:2024-09-30T08:00:00+00:00,UNIUSDT,PRE_BREAKOUT,8,VALIDATION_2023_2024,2024,FIXED20_7,-21.718360499999942,STOP,21.0
EB1:UNIUSDT:2024-10-10T00:00:00+00:00,UNIUSDT,PRE_BREAKOUT,8,VALIDATION_2023_2024,2024,FULL_TRAIL_7,-0.7498499999999773,RUNNER_STOP,41.0
EB1:UNIUSDT:2024-10-10T00:00:00+00:00,UNIUSDT,PRE_BREAKOUT,8,VALIDATION_2023_2024,2024,HALF20_RUNNER_7,-21.718360499999942,INITIAL_STOP,176.0
EB1:UNIUSDT:2024-10-10T00:00:00+00:00,UNIUSDT,PRE_BREAKOUT,8,VALIDATION_2023_2024,2024,LADDER10_20_RUNNER_7,-21.718360499999942,INITIAL_STOP,176.0
EB1:UNIUSDT:2024-10-10T00:00:00+00:00,UNIUSDT,PRE_BREAKOUT,8,VALIDATION_2023_2024,2024,FIXED10_5,-15.727357499999984,STOP,168.0
EB1:UNIUSDT:2024-10-10T00:00:00+00:00,UNIUSDT,PRE_BREAKOUT,8,VALIDATION_2023_2024,2024,FIXED20_7,-21.718360499999942,STOP,176.0
EB1:UNIUSDT:2024-11-23T00:00:00+00:00,UNIUSDT,PRE_BREAKOUT,8,VALIDATION_2023_2024,2024,FULL_TRAIL_7,-0.7498499999999773,RUNNER_STOP,26.0
EB1:UNIUSDT:2024-11-23T00:00:00+00:00,UNIUSDT,PRE_BREAKOUT,8,VALIDATION_2023_2024,2024,HALF20_RUNNER_7,80.34050612337249,RUNNER_STOP,395.0
EB1:UNIUSDT:2024-11-23T00:00:00+00:00,UNIUSDT,PRE_BREAKOUT,8,VALIDATION_2023_2024,2024,LADDER10_20_RUNNER_7,6.738903750000026,RUNNER_STOP,73.0
EB1:UNIUSDT:2024-11-23T00:00:00+00:00,UNIUSDT,PRE_BREAKOUT,8,VALIDATION_2023_2024,2024,FIXED10_5,29.205165000000036,TARGET10,45.0
EB1:UNIUSDT:2024-11-23T00:00:00+00:00,UNIUSDT,PRE_BREAKOUT,8,VALIDATION_2023_2024,2024,FIXED20_7,59.16018,TARGET20,99.0
EB1:CVXUSDT:2023-01-22T16:00:00+00:00,CVXUSDT,PRE_BREAKOUT,8,VALIDATION_2023_2024,2023,FULL_TRAIL_7,-21.7183605,INITIAL_STOP,45.0
EB1:CVXUSDT:2023-01-22T16:00:00+00:00,CVXUSDT,PRE_BREAKOUT,8,VALIDATION_2023_2024,2023,HALF20_RUNNER_7,-21.7183605,INITIAL_STOP,45.0
EB1:CVXUSDT:2023-01-22T16:00:00+00:00,CVXUSDT,PRE_BREAKOUT,8,VALIDATION_2023_2024,2023,LADDER10_20_RUNNER_7,-21.7183605,INITIAL_STOP,45.0
EB1:CVXUSDT:2023-01-22T16:00:00+00:00,CVXUSDT,PRE_BREAKOUT,8,VALIDATION_2023_2024,2023,FIXED10_5,-15.727357499999984,STOP,44.0
EB1:CVXUSDT:2023-01-22T16:00:00+00:00,CVXUSDT,PRE_BREAKOUT,8,VALIDATION_2023_2024,2023,FIXED20_7,-21.7183605,STOP,45.0
EB1:CVXUSDT:2023-01-28T04:00:00+00:00,CVXUSDT,BREAKOUT_ATTEMPT,8,VALIDATION_2023_2024,2023,FULL_TRAIL_7,-0.7498499999999773,RUNNER_STOP,99.0
EB1:CVXUSDT:2023-01-28T04:00:00+00:00,CVXUSDT,BREAKOUT_ATTEMPT,8,VALIDATION_2023_2024,2023,HALF20_RUNNER_7,29.205165000000008,RUNNER_STOP,293.0
EB1:CVXUSDT:2023-01-28T04:00:00+00:00,CVXUSDT,BREAKOUT_ATTEMPT,8,VALIDATION_2023_2024,2023,LADDER10_20_RUNNER_7,6.738903750000026,RUNNER_STOP,99.0
EB1:CVXUSDT:2023-01-28T04:00:00+00:00,CVXUSDT,BREAKOUT_ATTEMPT,8,VALIDATION_2023_2024,2023,FIXED10_5,29.205165000000036,TARGET10,23.0
EB1:CVXUSDT:2023-01-28T04:00:00+00:00,CVXUSDT,BREAKOUT_ATTEMPT,8,VALIDATION_2023_2024,2023,FIXED20_7,59.16018,TARGET20,114.0
EB1:CVXUSDT:2024-09-20T20:00:00+00:00,CVXUSDT,PRE_BREAKOUT,8,VALIDATION_2023_2024,2024,FULL_TRAIL_7,-0.7498499999999773,RUNNER_STOP,28.0
EB1:CVXUSDT:2024-09-20T20:00:00+00:00,CVXUSDT,PRE_BREAKOUT,8,VALIDATION_2023_2024,2024,HALF20_RUNNER_7,-21.718360499999942,INITIAL_STOP,248.0
EB1:CVXUSDT:2024-09-20T20:00:00+00:00,CVXUSDT,PRE_BREAKOUT,8,VALIDATION_2023_2024,2024,LADDER10_20_RUNNER_7,6.73890375000004,RUNNER_STOP,171.0
EB1:CVXUSDT:2024-09-20T20:00:00+00:00,CVXUSDT,PRE_BREAKOUT,8,VALIDATION_2023_2024,2024,FIXED10_5,-15.727357499999984,STOP,115.0
EB1:CVXUSDT:2024-09-20T20:00:00+00:00,CVXUSDT,PRE_BREAKOUT,8,VALIDATION_2023_2024,2024,FIXED20_7,-21.718360499999942,STOP,248.0
EB1:COTIUSDT:2023-09-15T22:00:00+00:00,COTIUSDT,PRE_BREAKOUT,8,VALIDATION_2023_2024,2023,FULL_TRAIL_7,-21.718360499999942,INITIAL_STOP,36.0
EB1:COTIUSDT:2023-09-15T22:00:00+00:00,COTIUSDT,PRE_BREAKOUT,8,VALIDATION_2023_2024,2023,HALF20_RUNNER_7,-21.718360499999942,INITIAL_STOP,36.0
EB1:COTIUSDT:2023-09-15T22:00:00+00:00,COTIUSDT,PRE_BREAKOUT,8,VALIDATION_2023_2024,2023,LADDER10_20_RUNNER_7,-21.718360499999942,INITIAL_STOP,36.0
EB1:COTIUSDT:2023-09-15T22:00:00+00:00,COTIUSDT,PRE_BREAKOUT,8,VALIDATION_2023_2024,2023,FIXED10_5,-15.727357499999984,STOP,33.0
EB1:COTIUSDT:2023-09-15T22:00:00+00:00,COTIUSDT,PRE_BREAKOUT,8,VALIDATION_2023_2024,2023,FIXED20_7,-21.718360499999942,STOP,36.0
EB1:COTIUSDT:2023-11-24T08:00:00+00:00,COTIUSDT,PRE_BREAKOUT,8,VALIDATION_2023_2024,2023,FULL_TRAIL_7,37.99928111094516,RUNNER_STOP,392.0
EB1:COTIUSDT:2023-11-24T08:00:00+00:00,COTIUSDT,PRE_BREAKOUT,8,VALIDATION_2023_2024,2023,HALF20_RUNNER_7,48.57973055547258,RUNNER_STOP,392.0
EB1:COTIUSDT:2023-11-24T08:00:00+00:00,COTIUSDT,PRE_BREAKOUT,8,VALIDATION_2023_2024,2023,LADDER10_20_RUNNER_7,41.0909768054726,RUNNER_STOP,392.0
EB1:COTIUSDT:2023-11-24T08:00:00+00:00,COTIUSDT,PRE_BREAKOUT,8,VALIDATION_2023_2024,2023,FIXED10_5,29.205165000000093,TARGET10,41.0
EB1:COTIUSDT:2023-11-24T08:00:00+00:00,COTIUSDT,PRE_BREAKOUT,8,VALIDATION_2023_2024,2023,FIXED20_7,59.16018,TARGET20,327.0
EB1:COTIUSDT:2023-11-29T13:00:00+00:00,COTIUSDT,PRE_BREAKOUT,8,VALIDATION_2023_2024,2023,FULL_TRAIL_7,-21.7183605,INITIAL_STOP,85.0
EB1:COTIUSDT:2023-11-29T13:00:00+00:00,COTIUSDT,PRE_BREAKOUT,8,VALIDATION_2023_2024,2023,HALF20_RUNNER_7,-21.7183605,INITIAL_STOP,85.0
EB1:COTIUSDT:2023-11-29T13:00:00+00:00,COTIUSDT,PRE_BREAKOUT,8,VALIDATION_2023_2024,2023,LADDER10_20_RUNNER_7,-21.7183605,INITIAL_STOP,85.0
EB1:COTIUSDT:2023-11-29T13:00:00+00:00,COTIUSDT,PRE_BREAKOUT,8,VALIDATION_2023_2024,2023,FIXED10_5,-15.727357499999984,STOP,7.0
EB1:COTIUSDT:2023-11-29T13:00:00+00:00,COTIUSDT,PRE_BREAKOUT,8,VALIDATION_2023_2024,2023,FIXED20_7,-21.7183605,STOP,85.0
EB1:COTIUSDT:2023-12-06T19:00:00+00:00,COTIUSDT,PRE_BREAKOUT,8,VALIDATION_2023_2024,2023,FULL_TRAIL_7,-0.7498499999999773,RUNNER_STOP,93.0
EB1:COTIUSDT:2023-12-06T19:00:00+00:00,COTIUSDT,PRE_BREAKOUT,8,VALIDATION_2023_2024,2023,HALF20_RUNNER_7,50.43677497980636,RUNNER_STOP,655.0
EB1:COTIUSDT:2023-12-06T19:00:00+00:00,COTIUSDT,PRE_BREAKOUT,8,VALIDATION_2023_2024,2023,LADDER10_20_RUNNER_7,6.73890375000004,RUNNER_STOP,93.0
EB1:COTIUSDT:2023-12-06T19:00:00+00:00,COTIUSDT,PRE_BREAKOUT,8,VALIDATION_2023_2024,2023,FIXED10_5,29.205165000000093,TARGET10,35.0
EB1:COTIUSDT:2023-12-06T19:00:00+00:00,COTIUSDT,PRE_BREAKOUT,8,VALIDATION_2023_2024,2023,FIXED20_7,59.16018,TARGET20,173.0
EB1:COTIUSDT:2024-03-25T17:00:00+00:00,COTIUSDT,PRE_BREAKOUT,8,VALIDATION_2023_2024,2024,FULL_TRAIL_7,-21.718360499999942,INITIAL_STOP,39.0
EB1:COTIUSDT:2024-03-25T17:00:00+00:00,COTIUSDT,PRE_BREAKOUT,8,VALIDATION_2023_2024,2024,HALF20_RUNNER_7,-21.718360499999942,INITIAL_STOP,39.0
EB1:COTIUSDT:2024-03-25T17:00:00+00:00,COTIUSDT,PRE_BREAKOUT,8,VALIDATION_2023_2024,2024,LADDER10_20_RUNNER_7,-21.718360499999942,INITIAL_STOP,39.0
EB1:COTIUSDT:2024-03-25T17:00:00+00:00,COTIUSDT,PRE_BREAKOUT,8,VALIDATION_2023_2024,2024,FIXED10_5,-15.727357499999984,STOP,35.0
EB1:COTIUSDT:2024-03-25T17:00:00+00:00,COTIUSDT,PRE_BREAKOUT,8,VALIDATION_2023_2024,2024,FIXED20_7,-21.718360499999942,STOP,39.0
EB1:AUCTIONUSDT:2024-02-10T14:00:00+00:00,AUCTIONUSDT,BREAKOUT_ATTEMPT,8,VALIDATION_2023_2024,2024,FULL_TRAIL_7,-21.718360499999942,INITIAL_STOP,35.0
EB1:AUCTIONUSDT:2024-02-10T14:00:00+00:00,AUCTIONUSDT,BREAKOUT_ATTEMPT,8,VALIDATION_2023_2024,2024,HALF20_RUNNER_7,-21.718360499999942,INITIAL_STOP,35.0
EB1:AUCTIONUSDT:2024-02-10T14:00:00+00:00,AUCTIONUSDT,BREAKOUT_ATTEMPT,8,VALIDATION_2023_2024,2024,LADDER10_20_RUNNER_7,-21.718360499999942,INITIAL_STOP,35.0
EB1:AUCTIONUSDT:2024-02-10T14:00:00+00:00,AUCTIONUSDT,BREAKOUT_ATTEMPT,8,VALIDATION_2023_2024,2024,FIXED10_5,-15.727357499999984,STOP,20.0
EB1:AUCTIONUSDT:2024-02-10T14:00:00+00:00,AUCTIONUSDT,BREAKOUT_ATTEMPT,8,VALIDATION_2023_2024,2024,FIXED20_7,-21.718360499999942,STOP,35.0
EB1:AUCTIONUSDT:2024-02-15T02:00:00+00:00,AUCTIONUSDT,BREAKOUT_ATTEMPT,8,VALIDATION_2023_2024,2024,FULL_TRAIL_7,-21.718360499999942,INITIAL_STOP,4.0
EB1:AUCTIONUSDT:2024-02-15T02:00:00+00:00,AUCTIONUSDT,BREAKOUT_ATTEMPT,8,VALIDATION_2023_2024,2024,HALF20_RUNNER_7,-21.718360499999942,INITIAL_STOP,4.0
EB1:AUCTIONUSDT:2024-02-15T02:00:00+00:00,AUCTIONUSDT,BREAKOUT_ATTEMPT,8,VALIDATION_2023_2024,2024,LADDER10_20_RUNNER_7,-21.718360499999942,INITIAL_STOP,4.0
EB1:AUCTIONUSDT:2024-02-15T02:00:00+00:00,AUCTIONUSDT,BREAKOUT_ATTEMPT,8,VALIDATION_2023_2024,2024,FIXED10_5,-15.727357500000041,STOP,0.0
EB1:AUCTIONUSDT:2024-02-15T02:00:00+00:00,AUCTIONUSDT,BREAKOUT_ATTEMPT,8,VALIDATION_2023_2024,2024,FIXED20_7,-21.718360499999942,STOP,4.0
EB1:AUCTIONUSDT:2024-06-17T03:00:00+00:00,AUCTIONUSDT,PRE_BREAKOUT,8,VALIDATION_2023_2024,2024,FULL_TRAIL_7,-21.718360499999942,INITIAL_STOP,11.0
EB1:AUCTIONUSDT:2024-06-17T03:00:00+00:00,AUCTIONUSDT,PRE_BREAKOUT,8,VALIDATION_2023_2024,2024,HALF20_RUNNER_7,-21.718360499999942,INITIAL_STOP,11.0
EB1:AUCTIONUSDT:2024-06-17T03:00:00+00:00,AUCTIONUSDT,PRE_BREAKOUT,8,VALIDATION_2023_2024,2024,LADDER10_20_RUNNER_7,-21.718360499999942,INITIAL_STOP,11.0
EB1:AUCTIONUSDT:2024-06-17T03:00:00+00:00,AUCTIONUSDT,PRE_BREAKOUT,8,VALIDATION_2023_2024,2024,FIXED10_5,-15.727357499999984,STOP,3.0
EB1:AUCTIONUSDT:2024-06-17T03:00:00+00:00,AUCTIONUSDT,PRE_BREAKOUT,8,VALIDATION_2023_2024,2024,FIXED20_7,-21.718360499999942,STOP,11.0
EB1:AUCTIONUSDT:2024-09-27T03:00:00+00:00,AUCTIONUSDT,PRE_BREAKOUT,8,VALIDATION_2023_2024,2024,FULL_TRAIL_7,-21.7183605,INITIAL_STOP,45.0
EB1:AUCTIONUSDT:2024-09-27T03:00:00+00:00,AUCTIONUSDT,PRE_BREAKOUT,8,VALIDATION_2023_2024,2024,HALF20_RUNNER_7,-21.7183605,INITIAL_STOP,45.0
EB1:AUCTIONUSDT:2024-09-27T03:00:00+00:00,AUCTIONUSDT,PRE_BREAKOUT,8,VALIDATION_2023_2024,2024,LADDER10_20_RUNNER_7,-21.7183605,INITIAL_STOP,45.0
EB1:AUCTIONUSDT:2024-09-27T03:00:00+00:00,AUCTIONUSDT,PRE_BREAKOUT,8,VALIDATION_2023_2024,2024,FIXED10_5,-15.727357500000041,STOP,35.0
EB1:AUCTIONUSDT:2024-09-27T03:00:00+00:00,AUCTIONUSDT,PRE_BREAKOUT,8,VALIDATION_2023_2024,2024,FIXED20_7,-21.7183605,STOP,45.0
EB1:AUCTIONUSDT:2024-11-19T01:00:00+00:00,AUCTIONUSDT,PRE_BREAKOUT,8,VALIDATION_2023_2024,2024,FULL_TRAIL_7,-21.7183605,INITIAL_STOP,14.0
EB1:AUCTIONUSDT:2024-11-19T01:00:00+00:00,AUCTIONUSDT,PRE_BREAKOUT,8,VALIDATION_2023_2024,2024,HALF20_RUNNER_7,-21.7183605,INITIAL_STOP,14.0
EB1:AUCTIONUSDT:2024-11-19T01:00:00+00:00,AUCTIONUSDT,PRE_BREAKOUT,8,VALIDATION_2023_2024,2024,LADDER10_20_RUNNER_7,-21.7183605,INITIAL_STOP,14.0
EB1:AUCTIONUSDT:2024-11-19T01:00:00+00:00,AUCTIONUSDT,PRE_BREAKOUT,8,VALIDATION_2023_2024,2024,FIXED10_5,-15.727357499999984,STOP,10.0
EB1:AUCTIONUSDT:2024-11-19T01:00:00+00:00,AUCTIONUSDT,PRE_BREAKOUT,8,VALIDATION_2023_2024,2024,FIXED20_7,-21.7183605,STOP,14.0
EB1:SUNUSDT:2023-02-20T04:00:00+00:00,SUNUSDT,BREAKOUT_ATTEMPT,8,VALIDATION_2023_2024,2023,FULL_TRAIL_7,47.98145431784113,RUNNER_STOP,20.0
EB1:SUNUSDT:2023-02-20T04:00:00+00:00,SUNUSDT,BREAKOUT_ATTEMPT,8,VALIDATION_2023_2024,2023,HALF20_RUNNER_7,53.57081715892056,RUNNER_STOP,20.0
EB1:SUNUSDT:2023-02-20T04:00:00+00:00,SUNUSDT,BREAKOUT_ATTEMPT,8,VALIDATION_2023_2024,2023,LADDER10_20_RUNNER_7,46.08206340892057,RUNNER_STOP,20.0
EB1:SUNUSDT:2023-02-20T04:00:00+00:00,SUNUSDT,BREAKOUT_ATTEMPT,8,VALIDATION_2023_2024,2023,FIXED10_5,29.205165000000036,TARGET10,18.0
EB1:SUNUSDT:2023-02-20T04:00:00+00:00,SUNUSDT,BREAKOUT_ATTEMPT,8,VALIDATION_2023_2024,2023,FIXED20_7,59.16018,TARGET20,18.0
EB1:SUNUSDT:2024-03-14T04:00:00+00:00,SUNUSDT,PRE_BREAKOUT,8,VALIDATION_2023_2024,2024,FULL_TRAIL_7,-21.718360499999942,INITIAL_STOP,19.0
EB1:SUNUSDT:2024-03-14T04:00:00+00:00,SUNUSDT,PRE_BREAKOUT,8,VALIDATION_2023_2024,2024,HALF20_RUNNER_7,-21.718360499999942,INITIAL_STOP,19.0
EB1:SUNUSDT:2024-03-14T04:00:00+00:00,SUNUSDT,PRE_BREAKOUT,8,VALIDATION_2023_2024,2024,LADDER10_20_RUNNER_7,-21.718360499999942,INITIAL_STOP,19.0
EB1:SUNUSDT:2024-03-14T04:00:00+00:00,SUNUSDT,PRE_BREAKOUT,8,VALIDATION_2023_2024,2024,FIXED10_5,-15.727357499999984,STOP,14.0
EB1:SUNUSDT:2024-03-14T04:00:00+00:00,SUNUSDT,PRE_BREAKOUT,8,VALIDATION_2023_2024,2024,FIXED20_7,-21.718360499999942,STOP,19.0
EB1:SUNUSDT:2024-12-26T16:00:00+00:00,SUNUSDT,PRE_BREAKOUT,8,VALIDATION_2023_2024,2024,FULL_TRAIL_7,29.491195472443362,RUNNER_STOP,152.0
EB1:SUNUSDT:2024-12-26T16:00:00+00:00,SUNUSDT,PRE_BREAKOUT,8,VALIDATION_2023_2024,2024,HALF20_RUNNER_7,44.32568773622168,RUNNER_STOP,152.0
EB1:SUNUSDT:2024-12-26T16:00:00+00:00,SUNUSDT,PRE_BREAKOUT,8,VALIDATION_2023_2024,2024,LADDER10_20_RUNNER_7,36.83693398622169,RUNNER_STOP,152.0
EB1:SUNUSDT:2024-12-26T16:00:00+00:00,SUNUSDT,PRE_BREAKOUT,8,VALIDATION_2023_2024,2024,FIXED10_5,29.205165000000036,TARGET10,54.0
EB1:SUNUSDT:2024-12-26T16:00:00+00:00,SUNUSDT,PRE_BREAKOUT,8,VALIDATION_2023_2024,2024,FIXED20_7,59.16018,TARGET20,151.0
EB1:PEOPLEUSDT:2023-04-04T10:00:00+00:00,PEOPLEUSDT,PRE_BREAKOUT,8,VALIDATION_2023_2024,2023,FULL_TRAIL_7,-21.718360499999942,INITIAL_STOP,38.0
EB1:PEOPLEUSDT:2023-04-04T10:00:00+00:00,PEOPLEUSDT,PRE_BREAKOUT,8,VALIDATION_2023_2024,2023,HALF20_RUNNER_7,-21.718360499999942,INITIAL_STOP,38.0
EB1:PEOPLEUSDT:2023-04-04T10:00:00+00:00,PEOPLEUSDT,PRE_BREAKOUT,8,VALIDATION_2023_2024,2023,LADDER10_20_RUNNER_7,-21.718360499999942,INITIAL_STOP,38.0
EB1:PEOPLEUSDT:2023-04-04T10:00:00+00:00,PEOPLEUSDT,PRE_BREAKOUT,8,VALIDATION_2023_2024,2023,FIXED10_5,-15.727357499999984,STOP,29.0
EB1:PEOPLEUSDT:2023-04-04T10:00:00+00:00,PEOPLEUSDT,PRE_BREAKOUT,8,VALIDATION_2023_2024,2023,FIXED20_7,-21.718360499999942,STOP,38.0
EB1:PEOPLEUSDT:2023-11-05T04:00:00+00:00,PEOPLEUSDT,BREAKOUT_ATTEMPT,8,VALIDATION_2023_2024,2023,FULL_TRAIL_7,-0.7498500000000341,RUNNER_STOP,49.0
EB1:PEOPLEUSDT:2023-11-05T04:00:00+00:00,PEOPLEUSDT,BREAKOUT_ATTEMPT,8,VALIDATION_2023_2024,2023,HALF20_RUNNER_7,-21.7183605,INITIAL_STOP,98.0
EB1:PEOPLEUSDT:2023-11-05T04:00:00+00:00,PEOPLEUSDT,BREAKOUT_ATTEMPT,8,VALIDATION_2023_2024,2023,LADDER10_20_RUNNER_7,6.738903749999969,RUNNER_STOP,98.0
EB1:PEOPLEUSDT:2023-11-05T04:00:00+00:00,PEOPLEUSDT,BREAKOUT_ATTEMPT,8,VALIDATION_2023_2024,2023,FIXED10_5,29.205165000000036,TARGET10,87.0
EB1:PEOPLEUSDT:2023-11-05T04:00:00+00:00,PEOPLEUSDT,BREAKOUT_ATTEMPT,8,VALIDATION_2023_2024,2023,FIXED20_7,-21.7183605,STOP,98.0
EB1:SANDUSDT:2023-10-30T08:00:00+00:00,SANDUSDT,PRE_BREAKOUT,8,VALIDATION_2023_2024,2023,FULL_TRAIL_7,-0.7498499999999773,RUNNER_STOP,70.0
EB1:SANDUSDT:2023-10-30T08:00:00+00:00,SANDUSDT,PRE_BREAKOUT,8,VALIDATION_2023_2024,2023,HALF20_RUNNER_7,29.205165000000036,RUNNER_STOP,238.0
EB1:SANDUSDT:2023-10-30T08:00:00+00:00,SANDUSDT,PRE_BREAKOUT,8,VALIDATION_2023_2024,2023,LADDER10_20_RUNNER_7,21.716411250000046,RUNNER_STOP,238.0
EB1:SANDUSDT:2023-10-30T08:00:00+00:00,SANDUSDT,PRE_BREAKOUT,8,VALIDATION_2023_2024,2023,FIXED10_5,-15.727357499999984,STOP,21.0
EB1:SANDUSDT:2023-10-30T08:00:00+00:00,SANDUSDT,PRE_BREAKOUT,8,VALIDATION_2023_2024,2023,FIXED20_7,59.160180000000054,TARGET20,230.0
EB1:SANDUSDT:2023-11-05T14:00:00+00:00,SANDUSDT,PRE_BREAKOUT,8,VALIDATION_2023_2024,2023,FULL_TRAIL_7,-0.7498499999999773,RUNNER_STOP,41.0
EB1:SANDUSDT:2023-11-05T14:00:00+00:00,SANDUSDT,PRE_BREAKOUT,8,VALIDATION_2023_2024,2023,HALF20_RUNNER_7,-21.718360499999942,INITIAL_STOP,88.0
EB1:SANDUSDT:2023-11-05T14:00:00+00:00,SANDUSDT,PRE_BREAKOUT,8,VALIDATION_2023_2024,2023,LADDER10_20_RUNNER_7,6.738903750000026,RUNNER_STOP,88.0
EB1:SANDUSDT:2023-11-05T14:00:00+00:00,SANDUSDT,PRE_BREAKOUT,8,VALIDATION_2023_2024,2023,FIXED10_5,29.205165000000036,TARGET10,78.0
EB1:SANDUSDT:2023-11-05T14:00:00+00:00,SANDUSDT,PRE_BREAKOUT,8,VALIDATION_2023_2024,2023,FIXED20_7,-21.718360499999942,STOP,88.0
EB1:SANDUSDT:2023-11-09T07:00:00+00:00,SANDUSDT,PRE_BREAKOUT,8,VALIDATION_2023_2024,2023,FULL_TRAIL_7,-0.7498499999999773,RUNNER_STOP,288.0
EB1:SANDUSDT:2023-11-09T07:00:00+00:00,SANDUSDT,PRE_BREAKOUT,8,VALIDATION_2023_2024,2023,HALF20_RUNNER_7,29.205165000000036,RUNNER_STOP,288.0
EB1:SANDUSDT:2023-11-09T07:00:00+00:00,SANDUSDT,PRE_BREAKOUT,8,VALIDATION_2023_2024,2023,LADDER10_20_RUNNER_7,21.716411250000046,RUNNER_STOP,288.0
EB1:SANDUSDT:2023-11-09T07:00:00+00:00,SANDUSDT,PRE_BREAKOUT,8,VALIDATION_2023_2024,2023,FIXED10_5,29.205165000000093,TARGET10,8.0
EB1:SANDUSDT:2023-11-09T07:00:00+00:00,SANDUSDT,PRE_BREAKOUT,8,VALIDATION_2023_2024,2023,FIXED20_7,59.160180000000054,TARGET20,48.0
EB1:SANDUSDT:2023-11-25T03:00:00+00:00,SANDUSDT,PRE_BREAKOUT,8,VALIDATION_2023_2024,2023,FULL_TRAIL_7,-21.7183605,INITIAL_STOP,54.0
EB1:SANDUSDT:2023-11-25T03:00:00+00:00,SANDUSDT,PRE_BREAKOUT,8,VALIDATION_2023_2024,2023,HALF20_RUNNER_7,-21.7183605,INITIAL_STOP,54.0
EB1:SANDUSDT:2023-11-25T03:00:00+00:00,SANDUSDT,PRE_BREAKOUT,8,VALIDATION_2023_2024,2023,LADDER10_20_RUNNER_7,-21.7183605,INITIAL_STOP,54.0
EB1:SANDUSDT:2023-11-25T03:00:00+00:00,SANDUSDT,PRE_BREAKOUT,8,VALIDATION_2023_2024,2023,FIXED10_5,-15.727357500000041,STOP,45.0
EB1:SANDUSDT:2023-11-25T03:00:00+00:00,SANDUSDT,PRE_BREAKOUT,8,VALIDATION_2023_2024,2023,FIXED20_7,-21.7183605,STOP,54.0
EB1:SANDUSDT:2024-02-26T17:00:00+00:00,SANDUSDT,PRE_BREAKOUT,8,VALIDATION_2023_2024,2024,FULL_TRAIL_7,-0.7498499999999204,RUNNER_STOP,38.0
EB1:SANDUSDT:2024-02-26T17:00:00+00:00,SANDUSDT,PRE_BREAKOUT,8,VALIDATION_2023_2024,2024,HALF20_RUNNER_7,-21.718360499999942,INITIAL_STOP,38.0
EB1:SANDUSDT:2024-02-26T17:00:00+00:00,SANDUSDT,PRE_BREAKOUT,8,VALIDATION_2023_2024,2024,LADDER10_20_RUNNER_7,-21.718360499999942,INITIAL_STOP,38.0
EB1:SANDUSDT:2024-02-26T17:00:00+00:00,SANDUSDT,PRE_BREAKOUT,8,VALIDATION_2023_2024,2024,FIXED10_5,-15.727357499999984,STOP,38.0
EB1:SANDUSDT:2024-02-26T17:00:00+00:00,SANDUSDT,PRE_BREAKOUT,8,VALIDATION_2023_2024,2024,FIXED20_7,-21.718360499999942,STOP,38.0
EB1:SANDUSDT:2024-10-18T20:00:00+00:00,SANDUSDT,PRE_BREAKOUT,8,VALIDATION_2023_2024,2024,FULL_TRAIL_7,-21.7183605,INITIAL_STOP,66.0
EB1:SANDUSDT:2024-10-18T20:00:00+00:00,SANDUSDT,PRE_BREAKOUT,8,VALIDATION_2023_2024,2024,HALF20_RUNNER_7,-21.7183605,INITIAL_STOP,66.0
EB1:SANDUSDT:2024-10-18T20:00:00+00:00,SANDUSDT,PRE_BREAKOUT,8,VALIDATION_2023_2024,2024,LADDER10_20_RUNNER_7,-21.7183605,INITIAL_STOP,66.0
EB1:SANDUSDT:2024-10-18T20:00:00+00:00,SANDUSDT,PRE_BREAKOUT,8,VALIDATION_2023_2024,2024,FIXED10_5,-15.727357499999984,STOP,5.0
EB1:SANDUSDT:2024-10-18T20:00:00+00:00,SANDUSDT,PRE_BREAKOUT,8,VALIDATION_2023_2024,2024,FIXED20_7,-21.7183605,STOP,66.0
EB1:WLDUSDT:2023-10-30T19:00:00+00:00,WLDUSDT,PRE_BREAKOUT,8,VALIDATION_2023_2024,2023,FULL_TRAIL_7,-0.7498499999999773,RUNNER_STOP,26.0
EB1:WLDUSDT:2023-10-30T19:00:00+00:00,WLDUSDT,PRE_BREAKOUT,8,VALIDATION_2023_2024,2023,HALF20_RUNNER_7,-21.718360499999942,INITIAL_STOP,58.0
EB1:WLDUSDT:2023-10-30T19:00:00+00:00,WLDUSDT,PRE_BREAKOUT,8,VALIDATION_2023_2024,2023,LADDER10_20_RUNNER_7,-21.718360499999942,INITIAL_STOP,58.0
EB1:WLDUSDT:2023-10-30T19:00:00+00:00,WLDUSDT,PRE_BREAKOUT,8,VALIDATION_2023_2024,2023,FIXED10_5,-15.727357500000041,STOP,56.0
EB1:WLDUSDT:2023-10-30T19:00:00+00:00,WLDUSDT,PRE_BREAKOUT,8,VALIDATION_2023_2024,2023,FIXED20_7,-21.718360499999942,STOP,58.0
EB1:GALAUSDT:2023-07-17T12:00:00+00:00,GALAUSDT,PRE_BREAKOUT,8,VALIDATION_2023_2024,2023,FULL_TRAIL_7,-0.7498499999999773,RUNNER_STOP,5.0
EB1:GALAUSDT:2023-07-17T12:00:00+00:00,GALAUSDT,PRE_BREAKOUT,8,VALIDATION_2023_2024,2023,HALF20_RUNNER_7,-21.7183605,INITIAL_STOP,155.0
EB1:GALAUSDT:2023-07-17T12:00:00+00:00,GALAUSDT,PRE_BREAKOUT,8,VALIDATION_2023_2024,2023,LADDER10_20_RUNNER_7,-21.7183605,INITIAL_STOP,155.0
EB1:GALAUSDT:2023-07-17T12:00:00+00:00,GALAUSDT,PRE_BREAKOUT,8,VALIDATION_2023_2024,2023,FIXED10_5,-15.727357500000041,STOP,18.0
EB1:GALAUSDT:2023-07-17T12:00:00+00:00,GALAUSDT,PRE_BREAKOUT,8,VALIDATION_2023_2024,2023,FIXED20_7,-21.7183605,STOP,155.0
EB1:GALAUSDT:2023-12-21T19:00:00+00:00,GALAUSDT,PRE_BREAKOUT,8,VALIDATION_2023_2024,2023,FULL_TRAIL_7,-0.7498499999999204,RUNNER_STOP,108.0
EB1:GALAUSDT:2023-12-21T19:00:00+00:00,GALAUSDT,PRE_BREAKOUT,8,VALIDATION_2023_2024,2023,HALF20_RUNNER_7,-21.718360499999942,INITIAL_STOP,233.0
EB1:GALAUSDT:2023-12-21T19:00:00+00:00,GALAUSDT,PRE_BREAKOUT,8,VALIDATION_2023_2024,2023,LADDER10_20_RUNNER_7,6.738903750000055,RUNNER_STOP,108.0
EB1:GALAUSDT:2023-12-21T19:00:00+00:00,GALAUSDT,PRE_BREAKOUT,8,VALIDATION_2023_2024,2023,FIXED10_5,-15.727357499999984,STOP,65.0
EB1:GALAUSDT:2023-12-21T19:00:00+00:00,GALAUSDT,PRE_BREAKOUT,8,VALIDATION_2023_2024,2023,FIXED20_7,-21.718360499999942,STOP,233.0
EB1:GALAUSDT:2024-02-24T05:00:00+00:00,GALAUSDT,PRE_BREAKOUT,8,VALIDATION_2023_2024,2024,FULL_TRAIL_7,51.827283339351666,RUNNER_STOP,98.0
EB1:GALAUSDT:2024-02-24T05:00:00+00:00,GALAUSDT,PRE_BREAKOUT,8,VALIDATION_2023_2024,2024,HALF20_RUNNER_7,55.493731669675824,RUNNER_STOP,98.0
EB1:GALAUSDT:2024-02-24T05:00:00+00:00,GALAUSDT,PRE_BREAKOUT,8,VALIDATION_2023_2024,2024,LADDER10_20_RUNNER_7,48.00497791967584,RUNNER_STOP,98.0
EB1:GALAUSDT:2024-02-24T05:00:00+00:00,GALAUSDT,PRE_BREAKOUT,8,VALIDATION_2023_2024,2024,FIXED10_5,29.205165000000036,TARGET10,38.0
EB1:GALAUSDT:2024-02-24T05:00:00+00:00,GALAUSDT,PRE_BREAKOUT,8,VALIDATION_2023_2024,2024,FIXED20_7,59.16018,TARGET20,74.0
EB1:GALAUSDT:2024-09-17T21:00:00+00:00,GALAUSDT,PRE_BREAKOUT,8,VALIDATION_2023_2024,2024,FULL_TRAIL_7,43.86529100263893,RUNNER_STOP,320.0
EB1:GALAUSDT:2024-09-17T21:00:00+00:00,GALAUSDT,PRE_BREAKOUT,8,VALIDATION_2023_2024,2024,HALF20_RUNNER_7,51.51273550131946,RUNNER_STOP,320.0
EB1:GALAUSDT:2024-09-17T21:00:00+00:00,GALAUSDT,PRE_BREAKOUT,8,VALIDATION_2023_2024,2024,LADDER10_20_RUNNER_7,44.02398175131947,RUNNER_STOP,320.0
EB1:GALAUSDT:2024-09-17T21:00:00+00:00,GALAUSDT,PRE_BREAKOUT,8,VALIDATION_2023_2024,2024,FIXED10_5,-15.727357500000041,STOP,8.0
EB1:GALAUSDT:2024-09-17T21:00:00+00:00,GALAUSDT,PRE_BREAKOUT,8,VALIDATION_2023_2024,2024,FIXED20_7,59.16018,TARGET20,156.0
EB1:ETCUSDT:2023-02-03T04:00:00+00:00,ETCUSDT,PRE_BREAKOUT,8,VALIDATION_2023_2024,2023,FULL_TRAIL_7,-0.7498499999999773,RUNNER_STOP,46.0
EB1:ETCUSDT:2023-02-03T04:00:00+00:00,ETCUSDT,PRE_BREAKOUT,8,VALIDATION_2023_2024,2023,HALF20_RUNNER_7,-21.7183605,INITIAL_STOP,149.0
EB1:ETCUSDT:2023-02-03T04:00:00+00:00,ETCUSDT,PRE_BREAKOUT,8,VALIDATION_2023_2024,2023,LADDER10_20_RUNNER_7,-21.7183605,INITIAL_STOP,149.0
EB1:ETCUSDT:2023-02-03T04:00:00+00:00,ETCUSDT,PRE_BREAKOUT,8,VALIDATION_2023_2024,2023,FIXED10_5,-15.727357499999984,STOP,81.0
EB1:ETCUSDT:2023-02-03T04:00:00+00:00,ETCUSDT,PRE_BREAKOUT,8,VALIDATION_2023_2024,2023,FIXED20_7,-21.7183605,STOP,149.0
EB1:ETCUSDT:2023-04-13T09:00:00+00:00,ETCUSDT,PRE_BREAKOUT,8,VALIDATION_2023_2024,2023,FULL_TRAIL_7,-21.7183605,INITIAL_STOP,133.0
EB1:ETCUSDT:2023-04-13T09:00:00+00:00,ETCUSDT,PRE_BREAKOUT,8,VALIDATION_2023_2024,2023,HALF20_RUNNER_7,-21.7183605,INITIAL_STOP,133.0
EB1:ETCUSDT:2023-04-13T09:00:00+00:00,ETCUSDT,PRE_BREAKOUT,8,VALIDATION_2023_2024,2023,LADDER10_20_RUNNER_7,-21.7183605,INITIAL_STOP,133.0
EB1:ETCUSDT:2023-04-13T09:00:00+00:00,ETCUSDT,PRE_BREAKOUT,8,VALIDATION_2023_2024,2023,FIXED10_5,-15.727357499999984,STOP,133.0
EB1:ETCUSDT:2023-04-13T09:00:00+00:00,ETCUSDT,PRE_BREAKOUT,8,VALIDATION_2023_2024,2023,FIXED20_7,-21.7183605,STOP,133.0
EB1:ETCUSDT:2023-06-30T06:00:00+00:00,ETCUSDT,PRE_BREAKOUT,8,VALIDATION_2023_2024,2023,FULL_TRAIL_7,-0.7498499999999773,RUNNER_STOP,114.0
EB1:ETCUSDT:2023-06-30T06:00:00+00:00,ETCUSDT,PRE_BREAKOUT,8,VALIDATION_2023_2024,2023,HALF20_RUNNER_7,29.205165000000008,RUNNER_STOP,114.0
EB1:ETCUSDT:2023-06-30T06:00:00+00:00,ETCUSDT,PRE_BREAKOUT,8,VALIDATION_2023_2024,2023,LADDER10_20_RUNNER_7,21.716411250000018,RUNNER_STOP,114.0
EB1:ETCUSDT:2023-06-30T06:00:00+00:00,ETCUSDT,PRE_BREAKOUT,8,VALIDATION_2023_2024,2023,FIXED10_5,29.205165000000036,TARGET10,7.0
EB1:ETCUSDT:2023-06-30T06:00:00+00:00,ETCUSDT,PRE_BREAKOUT,8,VALIDATION_2023_2024,2023,FIXED20_7,59.16018,TARGET20,9.0
EB1:ETCUSDT:2023-11-05T15:00:00+00:00,ETCUSDT,PRE_BREAKOUT,8,VALIDATION_2023_2024,2023,FULL_TRAIL_7,-0.7498499999999773,RUNNER_STOP,87.0
EB1:ETCUSDT:2023-11-05T15:00:00+00:00,ETCUSDT,PRE_BREAKOUT,8,VALIDATION_2023_2024,2023,HALF20_RUNNER_7,29.205165000000036,RUNNER_STOP,381.0
EB1:ETCUSDT:2023-11-05T15:00:00+00:00,ETCUSDT,PRE_BREAKOUT,8,VALIDATION_2023_2024,2023,LADDER10_20_RUNNER_7,6.738903749999998,RUNNER_STOP,87.0
EB1:ETCUSDT:2023-11-05T15:00:00+00:00,ETCUSDT,PRE_BREAKOUT,8,VALIDATION_2023_2024,2023,FIXED10_5,29.205165000000036,TARGET10,86.0
EB1:ETCUSDT:2023-11-05T15:00:00+00:00,ETCUSDT,PRE_BREAKOUT,8,VALIDATION_2023_2024,2023,FIXED20_7,59.160180000000054,TARGET20,100.0
EB1:ETCUSDT:2023-12-07T15:00:00+00:00,ETCUSDT,PRE_BREAKOUT,8,VALIDATION_2023_2024,2023,FULL_TRAIL_7,-0.7498499999999773,RUNNER_STOP,46.0
EB1:ETCUSDT:2023-12-07T15:00:00+00:00,ETCUSDT,PRE_BREAKOUT,8,VALIDATION_2023_2024,2023,HALF20_RUNNER_7,-21.718360499999942,INITIAL_STOP,73.0
EB1:ETCUSDT:2023-12-07T15:00:00+00:00,ETCUSDT,PRE_BREAKOUT,8,VALIDATION_2023_2024,2023,LADDER10_20_RUNNER_7,-21.718360499999942,INITIAL_STOP,73.0
EB1:ETCUSDT:2023-12-07T15:00:00+00:00,ETCUSDT,PRE_BREAKOUT,8,VALIDATION_2023_2024,2023,FIXED10_5,-15.727357500000041,STOP,73.0
EB1:ETCUSDT:2023-12-07T15:00:00+00:00,ETCUSDT,PRE_BREAKOUT,8,VALIDATION_2023_2024,2023,FIXED20_7,-21.718360499999942,STOP,73.0
EB1:ETCUSDT:2024-11-16T09:00:00+00:00,ETCUSDT,BREAKOUT_ATTEMPT,8,VALIDATION_2023_2024,2024,FULL_TRAIL_7,-0.7498499999999773,RUNNER_STOP,6.0
EB1:ETCUSDT:2024-11-16T09:00:00+00:00,ETCUSDT,BREAKOUT_ATTEMPT,8,VALIDATION_2023_2024,2024,HALF20_RUNNER_7,-21.7183605,INITIAL_STOP,16.0
EB1:ETCUSDT:2024-11-16T09:00:00+00:00,ETCUSDT,BREAKOUT_ATTEMPT,8,VALIDATION_2023_2024,2024,LADDER10_20_RUNNER_7,-21.7183605,INITIAL_STOP,16.0
EB1:ETCUSDT:2024-11-16T09:00:00+00:00,ETCUSDT,BREAKOUT_ATTEMPT,8,VALIDATION_2023_2024,2024,FIXED10_5,-15.727357499999984,STOP,3.0
EB1:ETCUSDT:2024-11-16T09:00:00+00:00,ETCUSDT,BREAKOUT_ATTEMPT,8,VALIDATION_2023_2024,2024,FIXED20_7,-21.7183605,STOP,16.0
EB1:MANAUSDT:2023-11-02T00:00:00+00:00,MANAUSDT,BREAKOUT_ATTEMPT,8,VALIDATION_2023_2024,2023,FULL_TRAIL_7,-0.7498499999999773,RUNNER_STOP,125.0
EB1:MANAUSDT:2023-11-02T00:00:00+00:00,MANAUSDT,BREAKOUT_ATTEMPT,8,VALIDATION_2023_2024,2023,HALF20_RUNNER_7,-21.718360499999942,INITIAL_STOP,174.0
EB1:MANAUSDT:2023-11-02T00:00:00+00:00,MANAUSDT,BREAKOUT_ATTEMPT,8,VALIDATION_2023_2024,2023,LADDER10_20_RUNNER_7,6.738903750000069,RUNNER_STOP,174.0
EB1:MANAUSDT:2023-11-02T00:00:00+00:00,MANAUSDT,BREAKOUT_ATTEMPT,8,VALIDATION_2023_2024,2023,FIXED10_5,29.205165000000093,TARGET10,172.0
EB1:MANAUSDT:2023-11-02T00:00:00+00:00,MANAUSDT,BREAKOUT_ATTEMPT,8,VALIDATION_2023_2024,2023,FIXED20_7,-21.718360499999942,STOP,174.0
EB1:MANAUSDT:2023-12-06T15:00:00+00:00,MANAUSDT,BREAKOUT_ATTEMPT,8,VALIDATION_2023_2024,2023,FULL_TRAIL_7,-0.7498499999999773,RUNNER_STOP,97.0
EB1:MANAUSDT:2023-12-06T15:00:00+00:00,MANAUSDT,BREAKOUT_ATTEMPT,8,VALIDATION_2023_2024,2023,HALF20_RUNNER_7,-21.7183605,INITIAL_STOP,273.0
EB1:MANAUSDT:2023-12-06T15:00:00+00:00,MANAUSDT,BREAKOUT_ATTEMPT,8,VALIDATION_2023_2024,2023,LADDER10_20_RUNNER_7,6.73890375000004,RUNNER_STOP,97.0
EB1:MANAUSDT:2023-12-06T15:00:00+00:00,MANAUSDT,BREAKOUT_ATTEMPT,8,VALIDATION_2023_2024,2023,FIXED10_5,-15.727357499999984,STOP,8.0
EB1:MANAUSDT:2023-12-06T15:00:00+00:00,MANAUSDT,BREAKOUT_ATTEMPT,8,VALIDATION_2023_2024,2023,FIXED20_7,-21.7183605,STOP,273.0
EB1:MANAUSDT:2023-12-24T09:00:00+00:00,MANAUSDT,PRE_BREAKOUT,8,VALIDATION_2023_2024,2023,FULL_TRAIL_7,-0.7498499999999773,RUNNER_STOP,46.0
EB1:MANAUSDT:2023-12-24T09:00:00+00:00,MANAUSDT,PRE_BREAKOUT,8,VALIDATION_2023_2024,2023,HALF20_RUNNER_7,-21.7183605,INITIAL_STOP,233.0
EB1:MANAUSDT:2023-12-24T09:00:00+00:00,MANAUSDT,PRE_BREAKOUT,8,VALIDATION_2023_2024,2023,LADDER10_20_RUNNER_7,6.738903750000026,RUNNER_STOP,46.0
EB1:MANAUSDT:2023-12-24T09:00:00+00:00,MANAUSDT,PRE_BREAKOUT,8,VALIDATION_2023_2024,2023,FIXED10_5,29.205165000000036,TARGET10,31.0
EB1:MANAUSDT:2023-12-24T09:00:00+00:00,MANAUSDT,PRE_BREAKOUT,8,VALIDATION_2023_2024,2023,FIXED20_7,-21.7183605,STOP,233.0
EB1:MANAUSDT:2024-03-26T19:00:00+00:00,MANAUSDT,PRE_BREAKOUT,8,VALIDATION_2023_2024,2024,FULL_TRAIL_7,-21.7183605,INITIAL_STOP,120.0
EB1:MANAUSDT:2024-03-26T19:00:00+00:00,MANAUSDT,PRE_BREAKOUT,8,VALIDATION_2023_2024,2024,HALF20_RUNNER_7,-21.7183605,INITIAL_STOP,120.0
EB1:MANAUSDT:2024-03-26T19:00:00+00:00,MANAUSDT,PRE_BREAKOUT,8,VALIDATION_2023_2024,2024,LADDER10_20_RUNNER_7,-21.7183605,INITIAL_STOP,120.0
EB1:MANAUSDT:2024-03-26T19:00:00+00:00,MANAUSDT,PRE_BREAKOUT,8,VALIDATION_2023_2024,2024,FIXED10_5,-15.727357499999927,STOP,9.0
EB1:MANAUSDT:2024-03-26T19:00:00+00:00,MANAUSDT,PRE_BREAKOUT,8,VALIDATION_2023_2024,2024,FIXED20_7,-21.7183605,STOP,120.0
EB1:MANAUSDT:2024-11-22T22:00:00+00:00,MANAUSDT,PRE_BREAKOUT,8,VALIDATION_2023_2024,2024,FULL_TRAIL_7,55.91877618322427,RUNNER_STOP,29.0
EB1:MANAUSDT:2024-11-22T22:00:00+00:00,MANAUSDT,PRE_BREAKOUT,8,VALIDATION_2023_2024,2024,HALF20_RUNNER_7,57.53947809161215,RUNNER_STOP,29.0
EB1:MANAUSDT:2024-11-22T22:00:00+00:00,MANAUSDT,PRE_BREAKOUT,8,VALIDATION_2023_2024,2024,LADDER10_20_RUNNER_7,50.05072434161214,RUNNER_STOP,29.0
EB1:MANAUSDT:2024-11-22T22:00:00+00:00,MANAUSDT,PRE_BREAKOUT,8,VALIDATION_2023_2024,2024,FIXED10_5,29.20516499999998,TARGET10,11.0
EB1:MANAUSDT:2024-11-22T22:00:00+00:00,MANAUSDT,PRE_BREAKOUT,8,VALIDATION_2023_2024,2024,FIXED20_7,59.160180000000054,TARGET20,19.0
EB1:FILUSDT:2023-04-14T20:00:00+00:00,FILUSDT,PRE_BREAKOUT,8,VALIDATION_2023_2024,2023,FULL_TRAIL_7,-21.7183605,INITIAL_STOP,98.0
EB1:FILUSDT:2023-04-14T20:00:00+00:00,FILUSDT,PRE_BREAKOUT,8,VALIDATION_2023_2024,2023,HALF20_RUNNER_7,-21.7183605,INITIAL_STOP,98.0
EB1:FILUSDT:2023-04-14T20:00:00+00:00,FILUSDT,PRE_BREAKOUT,8,VALIDATION_2023_2024,2023,LADDER10_20_RUNNER_7,-21.7183605,INITIAL_STOP,98.0
EB1:FILUSDT:2023-04-14T20:00:00+00:00,FILUSDT,PRE_BREAKOUT,8,VALIDATION_2023_2024,2023,FIXED10_5,-15.727357500000041,STOP,98.0
EB1:FILUSDT:2023-04-14T20:00:00+00:00,FILUSDT,PRE_BREAKOUT,8,VALIDATION_2023_2024,2023,FIXED20_7,-21.7183605,STOP,98.0
EB1:FILUSDT:2023-11-09T00:00:00+00:00,FILUSDT,BREAKOUT_ATTEMPT,8,VALIDATION_2023_2024,2023,FULL_TRAIL_7,-21.7183605,INITIAL_STOP,6.0
EB1:FILUSDT:2023-11-09T00:00:00+00:00,FILUSDT,BREAKOUT_ATTEMPT,8,VALIDATION_2023_2024,2023,HALF20_RUNNER_7,-21.7183605,INITIAL_STOP,6.0
EB1:FILUSDT:2023-11-09T00:00:00+00:00,FILUSDT,BREAKOUT_ATTEMPT,8,VALIDATION_2023_2024,2023,LADDER10_20_RUNNER_7,-21.7183605,INITIAL_STOP,6.0
EB1:FILUSDT:2023-11-09T00:00:00+00:00,FILUSDT,BREAKOUT_ATTEMPT,8,VALIDATION_2023_2024,2023,FIXED10_5,-15.727357500000041,STOP,6.0
EB1:FILUSDT:2023-11-09T00:00:00+00:00,FILUSDT,BREAKOUT_ATTEMPT,8,VALIDATION_2023_2024,2023,FIXED20_7,-21.7183605,STOP,6.0
EB1:FILUSDT:2023-12-07T05:00:00+00:00,FILUSDT,BREAKOUT_ATTEMPT,8,VALIDATION_2023_2024,2023,FULL_TRAIL_7,-0.7498499999999773,RUNNER_STOP,83.0
EB1:FILUSDT:2023-12-07T05:00:00+00:00,FILUSDT,BREAKOUT_ATTEMPT,8,VALIDATION_2023_2024,2023,HALF20_RUNNER_7,-21.7183605,INITIAL_STOP,83.0
EB1:FILUSDT:2023-12-07T05:00:00+00:00,FILUSDT,BREAKOUT_ATTEMPT,8,VALIDATION_2023_2024,2023,LADDER10_20_RUNNER_7,6.738903749999998,RUNNER_STOP,83.0
EB1:FILUSDT:2023-12-07T05:00:00+00:00,FILUSDT,BREAKOUT_ATTEMPT,8,VALIDATION_2023_2024,2023,FIXED10_5,29.205165000000036,TARGET10,36.0
EB1:FILUSDT:2023-12-07T05:00:00+00:00,FILUSDT,BREAKOUT_ATTEMPT,8,VALIDATION_2023_2024,2023,FIXED20_7,-21.7183605,STOP,83.0
EB1:FILUSDT:2023-12-24T02:00:00+00:00,FILUSDT,PRE_BREAKOUT,8,VALIDATION_2023_2024,2023,FULL_TRAIL_7,51.75911017890578,RUNNER_STOP,240.0
EB1:FILUSDT:2023-12-24T02:00:00+00:00,FILUSDT,PRE_BREAKOUT,8,VALIDATION_2023_2024,2023,HALF20_RUNNER_7,55.459645089452884,RUNNER_STOP,240.0
EB1:FILUSDT:2023-12-24T02:00:00+00:00,FILUSDT,PRE_BREAKOUT,8,VALIDATION_2023_2024,2023,LADDER10_20_RUNNER_7,47.97089133945289,RUNNER_STOP,240.0
EB1:FILUSDT:2023-12-24T02:00:00+00:00,FILUSDT,PRE_BREAKOUT,8,VALIDATION_2023_2024,2023,FIXED10_5,-15.727357499999984,STOP,53.0
EB1:FILUSDT:2023-12-24T02:00:00+00:00,FILUSDT,PRE_BREAKOUT,8,VALIDATION_2023_2024,2023,FIXED20_7,59.16018,TARGET20,172.0
EB1:FILUSDT:2024-11-22T19:00:00+00:00,FILUSDT,PRE_BREAKOUT,8,VALIDATION_2023_2024,2024,FULL_TRAIL_7,84.02545717952124,RUNNER_STOP,399.0
EB1:FILUSDT:2024-11-22T19:00:00+00:00,FILUSDT,PRE_BREAKOUT,8,VALIDATION_2023_2024,2024,HALF20_RUNNER_7,71.59281858976064,RUNNER_STOP,399.0
EB1:FILUSDT:2024-11-22T19:00:00+00:00,FILUSDT,PRE_BREAKOUT,8,VALIDATION_2023_2024,2024,LADDER10_20_RUNNER_7,64.10406483976064,RUNNER_STOP,399.0
EB1:FILUSDT:2024-11-22T19:00:00+00:00,FILUSDT,PRE_BREAKOUT,8,VALIDATION_2023_2024,2024,FIXED10_5,29.205165000000036,TARGET10,10.0
EB1:FILUSDT:2024-11-22T19:00:00+00:00,FILUSDT,PRE_BREAKOUT,8,VALIDATION_2023_2024,2024,FIXED20_7,59.160180000000054,TARGET20,21.0
EB1:VETUSDT:2023-01-26T16:00:00+00:00,VETUSDT,PRE_BREAKOUT,8,VALIDATION_2023_2024,2023,FULL_TRAIL_7,-0.7498499999999773,RUNNER_STOP,79.0
EB1:VETUSDT:2023-01-26T16:00:00+00:00,VETUSDT,PRE_BREAKOUT,8,VALIDATION_2023_2024,2023,HALF20_RUNNER_7,52.9832813304415,RUNNER_STOP,704.0
EB1:VETUSDT:2023-01-26T16:00:00+00:00,VETUSDT,PRE_BREAKOUT,8,VALIDATION_2023_2024,2023,LADDER10_20_RUNNER_7,6.738903750000026,RUNNER_STOP,331.0
EB1:VETUSDT:2023-01-26T16:00:00+00:00,VETUSDT,PRE_BREAKOUT,8,VALIDATION_2023_2024,2023,FIXED10_5,29.205165000000036,TARGET10,283.0
EB1:VETUSDT:2023-01-26T16:00:00+00:00,VETUSDT,PRE_BREAKOUT,8,VALIDATION_2023_2024,2023,FIXED20_7,59.16018,TARGET20,519.0
EB1:VETUSDT:2023-11-25T22:00:00+00:00,VETUSDT,PRE_BREAKOUT,8,VALIDATION_2023_2024,2023,FULL_TRAIL_7,-21.718360499999942,INITIAL_STOP,19.0
EB1:VETUSDT:2023-11-25T22:00:00+00:00,VETUSDT,PRE_BREAKOUT,8,VALIDATION_2023_2024,2023,HALF20_RUNNER_7,-21.718360499999942,INITIAL_STOP,19.0
EB1:VETUSDT:2023-11-25T22:00:00+00:00,VETUSDT,PRE_BREAKOUT,8,VALIDATION_2023_2024,2023,LADDER10_20_RUNNER_7,-21.718360499999942,INITIAL_STOP,19.0
EB1:VETUSDT:2023-11-25T22:00:00+00:00,VETUSDT,PRE_BREAKOUT,8,VALIDATION_2023_2024,2023,FIXED10_5,-15.727357499999984,STOP,8.0
EB1:VETUSDT:2023-11-25T22:00:00+00:00,VETUSDT,PRE_BREAKOUT,8,VALIDATION_2023_2024,2023,FIXED20_7,-21.718360499999942,STOP,19.0
EB1:VETUSDT:2024-02-26T04:00:00+00:00,VETUSDT,BREAKOUT_ATTEMPT,8,VALIDATION_2023_2024,2024,FULL_TRAIL_7,-0.7498499999999773,RUNNER_STOP,45.0
EB1:VETUSDT:2024-02-26T04:00:00+00:00,VETUSDT,BREAKOUT_ATTEMPT,8,VALIDATION_2023_2024,2024,HALF20_RUNNER_7,-21.718360499999942,INITIAL_STOP,51.0
EB1:VETUSDT:2024-02-26T04:00:00+00:00,VETUSDT,BREAKOUT_ATTEMPT,8,VALIDATION_2023_2024,2024,LADDER10_20_RUNNER_7,-21.718360499999942,INITIAL_STOP,51.0
EB1:VETUSDT:2024-02-26T04:00:00+00:00,VETUSDT,BREAKOUT_ATTEMPT,8,VALIDATION_2023_2024,2024,FIXED10_5,-15.727357499999984,STOP,26.0
EB1:VETUSDT:2024-02-26T04:00:00+00:00,VETUSDT,BREAKOUT_ATTEMPT,8,VALIDATION_2023_2024,2024,FIXED20_7,-21.718360499999942,STOP,51.0
EB1:VETUSDT:2024-03-25T14:00:00+00:00,VETUSDT,BREAKOUT_ATTEMPT,8,VALIDATION_2023_2024,2024,FULL_TRAIL_7,-0.7498500000000341,RUNNER_STOP,118.0
EB1:VETUSDT:2024-03-25T14:00:00+00:00,VETUSDT,BREAKOUT_ATTEMPT,8,VALIDATION_2023_2024,2024,HALF20_RUNNER_7,-21.718360499999942,INITIAL_STOP,170.0
EB1:VETUSDT:2024-03-25T14:00:00+00:00,VETUSDT,BREAKOUT_ATTEMPT,8,VALIDATION_2023_2024,2024,LADDER10_20_RUNNER_7,-21.718360499999942,INITIAL_STOP,170.0
EB1:VETUSDT:2024-03-25T14:00:00+00:00,VETUSDT,BREAKOUT_ATTEMPT,8,VALIDATION_2023_2024,2024,FIXED10_5,-15.727357500000041,STOP,170.0
EB1:VETUSDT:2024-03-25T14:00:00+00:00,VETUSDT,BREAKOUT_ATTEMPT,8,VALIDATION_2023_2024,2024,FIXED20_7,-21.718360499999942,STOP,170.0
EB1:ALGOUSDT:2023-01-27T16:00:00+00:00,ALGOUSDT,PRE_BREAKOUT,8,VALIDATION_2023_2024,2023,FULL_TRAIL_7,-21.7183605,INITIAL_STOP,55.0
EB1:ALGOUSDT:2023-01-27T16:00:00+00:00,ALGOUSDT,PRE_BREAKOUT,8,VALIDATION_2023_2024,2023,HALF20_RUNNER_7,-21.7183605,INITIAL_STOP,55.0
EB1:ALGOUSDT:2023-01-27T16:00:00+00:00,ALGOUSDT,PRE_BREAKOUT,8,VALIDATION_2023_2024,2023,LADDER10_20_RUNNER_7,-21.7183605,INITIAL_STOP,55.0
EB1:ALGOUSDT:2023-01-27T16:00:00+00:00,ALGOUSDT,PRE_BREAKOUT,8,VALIDATION_2023_2024,2023,FIXED10_5,-15.727357499999984,STOP,11.0
EB1:ALGOUSDT:2023-01-27T16:00:00+00:00,ALGOUSDT,PRE_BREAKOUT,8,VALIDATION_2023_2024,2023,FIXED20_7,-21.7183605,STOP,55.0
EB1:ALGOUSDT:2023-02-07T08:00:00+00:00,ALGOUSDT,PRE_BREAKOUT,8,VALIDATION_2023_2024,2023,FULL_TRAIL_7,-0.7498499999999773,RUNNER_STOP,22.0
EB1:ALGOUSDT:2023-02-07T08:00:00+00:00,ALGOUSDT,PRE_BREAKOUT,8,VALIDATION_2023_2024,2023,HALF20_RUNNER_7,-21.718360499999942,INITIAL_STOP,49.0
EB1:ALGOUSDT:2023-02-07T08:00:00+00:00,ALGOUSDT,PRE_BREAKOUT,8,VALIDATION_2023_2024,2023,LADDER10_20_RUNNER_7,-21.718360499999942,INITIAL_STOP,49.0
EB1:ALGOUSDT:2023-02-07T08:00:00+00:00,ALGOUSDT,PRE_BREAKOUT,8,VALIDATION_2023_2024,2023,FIXED10_5,-15.727357499999984,STOP,33.0
EB1:ALGOUSDT:2023-02-07T08:00:00+00:00,ALGOUSDT,PRE_BREAKOUT,8,VALIDATION_2023_2024,2023,FIXED20_7,-21.718360499999942,STOP,49.0
EB1:ALGOUSDT:2023-11-20T11:00:00+00:00,ALGOUSDT,PRE_BREAKOUT,8,VALIDATION_2023_2024,2023,FULL_TRAIL_7,-21.7183605,INITIAL_STOP,17.0
EB1:ALGOUSDT:2023-11-20T11:00:00+00:00,ALGOUSDT,PRE_BREAKOUT,8,VALIDATION_2023_2024,2023,HALF20_RUNNER_7,-21.7183605,INITIAL_STOP,17.0
EB1:ALGOUSDT:2023-11-20T11:00:00+00:00,ALGOUSDT,PRE_BREAKOUT,8,VALIDATION_2023_2024,2023,LADDER10_20_RUNNER_7,-21.7183605,INITIAL_STOP,17.0
EB1:ALGOUSDT:2023-11-20T11:00:00+00:00,ALGOUSDT,PRE_BREAKOUT,8,VALIDATION_2023_2024,2023,FIXED10_5,-15.727357500000041,STOP,14.0
EB1:ALGOUSDT:2023-11-20T11:00:00+00:00,ALGOUSDT,PRE_BREAKOUT,8,VALIDATION_2023_2024,2023,FIXED20_7,-21.7183605,STOP,17.0
EB1:ALGOUSDT:2023-12-07T05:00:00+00:00,ALGOUSDT,BREAKOUT_ATTEMPT,8,VALIDATION_2023_2024,2023,FULL_TRAIL_7,49.07133532019707,RUNNER_STOP,83.0
EB1:ALGOUSDT:2023-12-07T05:00:00+00:00,ALGOUSDT,BREAKOUT_ATTEMPT,8,VALIDATION_2023_2024,2023,HALF20_RUNNER_7,54.11575766009853,RUNNER_STOP,83.0
EB1:ALGOUSDT:2023-12-07T05:00:00+00:00,ALGOUSDT,BREAKOUT_ATTEMPT,8,VALIDATION_2023_2024,2023,LADDER10_20_RUNNER_7,46.62700391009854,RUNNER_STOP,83.0
EB1:ALGOUSDT:2023-12-07T05:00:00+00:00,ALGOUSDT,BREAKOUT_ATTEMPT,8,VALIDATION_2023_2024,2023,FIXED10_5,29.205165000000036,TARGET10,20.0
EB1:ALGOUSDT:2023-12-07T05:00:00+00:00,ALGOUSDT,BREAKOUT_ATTEMPT,8,VALIDATION_2023_2024,2023,FIXED20_7,59.16018,TARGET20,35.0
EB1:ALGOUSDT:2024-02-19T11:00:00+00:00,ALGOUSDT,PRE_BREAKOUT,8,VALIDATION_2023_2024,2024,FULL_TRAIL_7,-21.7183605,INITIAL_STOP,33.0
EB1:ALGOUSDT:2024-02-19T11:00:00+00:00,ALGOUSDT,PRE_BREAKOUT,8,VALIDATION_2023_2024,2024,HALF20_RUNNER_7,-21.7183605,INITIAL_STOP,33.0
EB1:ALGOUSDT:2024-02-19T11:00:00+00:00,ALGOUSDT,PRE_BREAKOUT,8,VALIDATION_2023_2024,2024,LADDER10_20_RUNNER_7,-21.7183605,INITIAL_STOP,33.0
EB1:ALGOUSDT:2024-02-19T11:00:00+00:00,ALGOUSDT,PRE_BREAKOUT,8,VALIDATION_2023_2024,2024,FIXED10_5,-15.727357499999984,STOP,18.0
EB1:ALGOUSDT:2024-02-19T11:00:00+00:00,ALGOUSDT,PRE_BREAKOUT,8,VALIDATION_2023_2024,2024,FIXED20_7,-21.7183605,STOP,33.0
EB1:ALGOUSDT:2024-03-25T19:00:00+00:00,ALGOUSDT,BREAKOUT_ATTEMPT,8,VALIDATION_2023_2024,2024,FULL_TRAIL_7,-21.718360499999942,INITIAL_STOP,112.0
EB1:ALGOUSDT:2024-03-25T19:00:00+00:00,ALGOUSDT,BREAKOUT_ATTEMPT,8,VALIDATION_2023_2024,2024,HALF20_RUNNER_7,-21.718360499999942,INITIAL_STOP,112.0
EB1:ALGOUSDT:2024-03-25T19:00:00+00:00,ALGOUSDT,BREAKOUT_ATTEMPT,8,VALIDATION_2023_2024,2024,LADDER10_20_RUNNER_7,-21.718360499999942,INITIAL_STOP,112.0
EB1:ALGOUSDT:2024-03-25T19:00:00+00:00,ALGOUSDT,BREAKOUT_ATTEMPT,8,VALIDATION_2023_2024,2024,FIXED10_5,-15.727357500000041,STOP,37.0
EB1:ALGOUSDT:2024-03-25T19:00:00+00:00,ALGOUSDT,BREAKOUT_ATTEMPT,8,VALIDATION_2023_2024,2024,FIXED20_7,-21.718360499999942,STOP,112.0
EB1:LSKUSDT:2023-01-27T04:00:00+00:00,LSKUSDT,PRE_BREAKOUT,8,VALIDATION_2023_2024,2023,FULL_TRAIL_7,-21.7183605,INITIAL_STOP,79.0
EB1:LSKUSDT:2023-01-27T04:00:00+00:00,LSKUSDT,PRE_BREAKOUT,8,VALIDATION_2023_2024,2023,HALF20_RUNNER_7,-21.7183605,INITIAL_STOP,79.0
EB1:LSKUSDT:2023-01-27T04:00:00+00:00,LSKUSDT,PRE_BREAKOUT,8,VALIDATION_2023_2024,2023,LADDER10_20_RUNNER_7,-21.7183605,INITIAL_STOP,79.0
EB1:LSKUSDT:2023-01-27T04:00:00+00:00,LSKUSDT,PRE_BREAKOUT,8,VALIDATION_2023_2024,2023,FIXED10_5,-15.727357499999984,STOP,67.0
EB1:LSKUSDT:2023-01-27T04:00:00+00:00,LSKUSDT,PRE_BREAKOUT,8,VALIDATION_2023_2024,2023,FIXED20_7,-21.7183605,STOP,79.0
EB1:LSKUSDT:2023-10-17T10:00:00+00:00,LSKUSDT,PRE_BREAKOUT,8,VALIDATION_2023_2024,2023,FULL_TRAIL_7,-21.7183605,INITIAL_STOP,24.0
EB1:LSKUSDT:2023-10-17T10:00:00+00:00,LSKUSDT,PRE_BREAKOUT,8,VALIDATION_2023_2024,2023,HALF20_RUNNER_7,-21.7183605,INITIAL_STOP,24.0
EB1:LSKUSDT:2023-10-17T10:00:00+00:00,LSKUSDT,PRE_BREAKOUT,8,VALIDATION_2023_2024,2023,LADDER10_20_RUNNER_7,-21.7183605,INITIAL_STOP,24.0
EB1:LSKUSDT:2023-10-17T10:00:00+00:00,LSKUSDT,PRE_BREAKOUT,8,VALIDATION_2023_2024,2023,FIXED10_5,-15.727357500000041,STOP,18.0
EB1:LSKUSDT:2023-10-17T10:00:00+00:00,LSKUSDT,PRE_BREAKOUT,8,VALIDATION_2023_2024,2023,FIXED20_7,-21.7183605,STOP,24.0
EB1:LSKUSDT:2024-05-14T04:00:00+00:00,LSKUSDT,PRE_BREAKOUT,8,VALIDATION_2023_2024,2024,FULL_TRAIL_7,-21.718360499999942,INITIAL_STOP,15.0
EB1:LSKUSDT:2024-05-14T04:00:00+00:00,LSKUSDT,PRE_BREAKOUT,8,VALIDATION_2023_2024,2024,HALF20_RUNNER_7,-21.718360499999942,INITIAL_STOP,15.0
EB1:LSKUSDT:2024-05-14T04:00:00+00:00,LSKUSDT,PRE_BREAKOUT,8,VALIDATION_2023_2024,2024,LADDER10_20_RUNNER_7,-21.718360499999942,INITIAL_STOP,15.0
EB1:LSKUSDT:2024-05-14T04:00:00+00:00,LSKUSDT,PRE_BREAKOUT,8,VALIDATION_2023_2024,2024,FIXED10_5,-15.727357499999984,STOP,15.0
EB1:LSKUSDT:2024-05-14T04:00:00+00:00,LSKUSDT,PRE_BREAKOUT,8,VALIDATION_2023_2024,2024,FIXED20_7,-21.718360499999942,STOP,15.0
EB1:LSKUSDT:2024-10-09T00:00:00+00:00,LSKUSDT,BREAKOUT_ATTEMPT,8,VALIDATION_2023_2024,2024,FULL_TRAIL_7,-21.718360499999942,INITIAL_STOP,14.0
EB1:LSKUSDT:2024-10-09T00:00:00+00:00,LSKUSDT,BREAKOUT_ATTEMPT,8,VALIDATION_2023_2024,2024,HALF20_RUNNER_7,-21.718360499999942,INITIAL_STOP,14.0
EB1:LSKUSDT:2024-10-09T00:00:00+00:00,LSKUSDT,BREAKOUT_ATTEMPT,8,VALIDATION_2023_2024,2024,LADDER10_20_RUNNER_7,-21.718360499999942,INITIAL_STOP,14.0
EB1:LSKUSDT:2024-10-09T00:00:00+00:00,LSKUSDT,BREAKOUT_ATTEMPT,8,VALIDATION_2023_2024,2024,FIXED10_5,-15.727357499999984,STOP,10.0
EB1:LSKUSDT:2024-10-09T00:00:00+00:00,LSKUSDT,BREAKOUT_ATTEMPT,8,VALIDATION_2023_2024,2024,FIXED20_7,-21.718360499999942,STOP,14.0
EB1:LSKUSDT:2024-11-16T16:00:00+00:00,LSKUSDT,PRE_BREAKOUT,8,VALIDATION_2023_2024,2024,FULL_TRAIL_7,-0.7498499999999773,RUNNER_STOP,73.0
EB1:LSKUSDT:2024-11-16T16:00:00+00:00,LSKUSDT,PRE_BREAKOUT,8,VALIDATION_2023_2024,2024,HALF20_RUNNER_7,60.06332038636708,RUNNER_STOP,546.0
EB1:LSKUSDT:2024-11-16T16:00:00+00:00,LSKUSDT,PRE_BREAKOUT,8,VALIDATION_2023_2024,2024,LADDER10_20_RUNNER_7,6.73890375000004,RUNNER_STOP,73.0
EB1:LSKUSDT:2024-11-16T16:00:00+00:00,LSKUSDT,PRE_BREAKOUT,8,VALIDATION_2023_2024,2024,FIXED10_5,29.205165000000093,TARGET10,47.0
EB1:LSKUSDT:2024-11-16T16:00:00+00:00,LSKUSDT,PRE_BREAKOUT,8,VALIDATION_2023_2024,2024,FIXED20_7,59.16017999999994,TARGET20,172.0
EB1:LSKUSDT:2024-11-23T17:00:00+00:00,LSKUSDT,PRE_BREAKOUT,8,VALIDATION_2023_2024,2024,FULL_TRAIL_7,-21.7183605,INITIAL_STOP,9.0
EB1:LSKUSDT:2024-11-23T17:00:00+00:00,LSKUSDT,PRE_BREAKOUT,8,VALIDATION_2023_2024,2024,HALF20_RUNNER_7,-21.7183605,INITIAL_STOP,9.0
EB1:LSKUSDT:2024-11-23T17:00:00+00:00,LSKUSDT,PRE_BREAKOUT,8,VALIDATION_2023_2024,2024,LADDER10_20_RUNNER_7,-21.7183605,INITIAL_STOP,9.0
EB1:LSKUSDT:2024-11-23T17:00:00+00:00,LSKUSDT,PRE_BREAKOUT,8,VALIDATION_2023_2024,2024,FIXED10_5,-15.727357499999984,STOP,9.0
EB1:LSKUSDT:2024-11-23T17:00:00+00:00,LSKUSDT,PRE_BREAKOUT,8,VALIDATION_2023_2024,2024,FIXED20_7,-21.7183605,STOP,9.0
EB1:CELRUSDT:2023-04-12T16:00:00+00:00,CELRUSDT,PRE_BREAKOUT,8,VALIDATION_2023_2024,2023,FULL_TRAIL_7,55.05680457793375,RUNNER_STOP,145.0
EB1:CELRUSDT:2023-04-12T16:00:00+00:00,CELRUSDT,PRE_BREAKOUT,8,VALIDATION_2023_2024,2023,HALF20_RUNNER_7,57.10849228896687,RUNNER_STOP,145.0
EB1:CELRUSDT:2023-04-12T16:00:00+00:00,CELRUSDT,PRE_BREAKOUT,8,VALIDATION_2023_2024,2023,LADDER10_20_RUNNER_7,49.61973853896688,RUNNER_STOP,145.0
EB1:CELRUSDT:2023-04-12T16:00:00+00:00,CELRUSDT,PRE_BREAKOUT,8,VALIDATION_2023_2024,2023,FIXED10_5,29.205165000000036,TARGET10,12.0
EB1:CELRUSDT:2023-04-12T16:00:00+00:00,CELRUSDT,PRE_BREAKOUT,8,VALIDATION_2023_2024,2023,FIXED20_7,59.16018,TARGET20,85.0
EB1:CELRUSDT:2023-10-29T15:00:00+00:00,CELRUSDT,PRE_BREAKOUT,8,VALIDATION_2023_2024,2023,FULL_TRAIL_7,-21.718360499999942,INITIAL_STOP,59.0
EB1:CELRUSDT:2023-10-29T15:00:00+00:00,CELRUSDT,PRE_BREAKOUT,8,VALIDATION_2023_2024,2023,HALF20_RUNNER_7,-21.718360499999942,INITIAL_STOP,59.0
EB1:CELRUSDT:2023-10-29T15:00:00+00:00,CELRUSDT,PRE_BREAKOUT,8,VALIDATION_2023_2024,2023,LADDER10_20_RUNNER_7,-21.718360499999942,INITIAL_STOP,59.0
EB1:CELRUSDT:2023-10-29T15:00:00+00:00,CELRUSDT,PRE_BREAKOUT,8,VALIDATION_2023_2024,2023,FIXED10_5,-15.727357499999984,STOP,38.0
EB1:CELRUSDT:2023-10-29T15:00:00+00:00,CELRUSDT,PRE_BREAKOUT,8,VALIDATION_2023_2024,2023,FIXED20_7,-21.718360499999942,STOP,59.0
EB1:CELRUSDT:2024-11-22T21:00:00+00:00,CELRUSDT,BREAKOUT_ATTEMPT,8,VALIDATION_2023_2024,2024,FULL_TRAIL_7,48.205446303058125,RUNNER_STOP,22.0
EB1:CELRUSDT:2024-11-22T21:00:00+00:00,CELRUSDT,BREAKOUT_ATTEMPT,8,VALIDATION_2023_2024,2024,HALF20_RUNNER_7,53.68281315152903,RUNNER_STOP,22.0
EB1:CELRUSDT:2024-11-22T21:00:00+00:00,CELRUSDT,BREAKOUT_ATTEMPT,8,VALIDATION_2023_2024,2024,LADDER10_20_RUNNER_7,46.19405940152905,RUNNER_STOP,22.0
EB1:CELRUSDT:2024-11-22T21:00:00+00:00,CELRUSDT,BREAKOUT_ATTEMPT,8,VALIDATION_2023_2024,2024,FIXED10_5,29.205165000000036,TARGET10,10.0
EB1:CELRUSDT:2024-11-22T21:00:00+00:00,CELRUSDT,BREAKOUT_ATTEMPT,8,VALIDATION_2023_2024,2024,FIXED20_7,59.16017999999994,TARGET20,20.0
EB1:ICPUSDT:2023-01-20T19:00:00+00:00,ICPUSDT,PRE_BREAKOUT,8,VALIDATION_2023_2024,2023,FULL_TRAIL_7,-0.7498499999999773,RUNNER_STOP,39.0
EB1:ICPUSDT:2023-01-20T19:00:00+00:00,ICPUSDT,PRE_BREAKOUT,8,VALIDATION_2023_2024,2023,HALF20_RUNNER_7,-21.718360499999942,INITIAL_STOP,470.0
EB1:ICPUSDT:2023-01-20T19:00:00+00:00,ICPUSDT,PRE_BREAKOUT,8,VALIDATION_2023_2024,2023,LADDER10_20_RUNNER_7,6.738903750000069,RUNNER_STOP,368.0
EB1:ICPUSDT:2023-01-20T19:00:00+00:00,ICPUSDT,PRE_BREAKOUT,8,VALIDATION_2023_2024,2023,FIXED10_5,29.205165000000093,TARGET10,156.0
EB1:ICPUSDT:2023-01-20T19:00:00+00:00,ICPUSDT,PRE_BREAKOUT,8,VALIDATION_2023_2024,2023,FIXED20_7,-21.718360499999942,STOP,470.0
EB1:ICPUSDT:2023-01-27T14:00:00+00:00,ICPUSDT,PRE_BREAKOUT,8,VALIDATION_2023_2024,2023,FULL_TRAIL_7,-21.718360499999942,INITIAL_STOP,67.0
EB1:ICPUSDT:2023-01-27T14:00:00+00:00,ICPUSDT,PRE_BREAKOUT,8,VALIDATION_2023_2024,2023,HALF20_RUNNER_7,-21.718360499999942,INITIAL_STOP,67.0
EB1:ICPUSDT:2023-01-27T14:00:00+00:00,ICPUSDT,PRE_BREAKOUT,8,VALIDATION_2023_2024,2023,LADDER10_20_RUNNER_7,-21.718360499999942,INITIAL_STOP,67.0
EB1:ICPUSDT:2023-01-27T14:00:00+00:00,ICPUSDT,PRE_BREAKOUT,8,VALIDATION_2023_2024,2023,FIXED10_5,-15.727357499999984,STOP,67.0
EB1:ICPUSDT:2023-01-27T14:00:00+00:00,ICPUSDT,PRE_BREAKOUT,8,VALIDATION_2023_2024,2023,FIXED20_7,-21.718360499999942,STOP,67.0
EB1:ICPUSDT:2023-04-15T16:00:00+00:00,ICPUSDT,PRE_BREAKOUT,8,VALIDATION_2023_2024,2023,FULL_TRAIL_7,-0.7498499999999773,RUNNER_STOP,120.0
EB1:ICPUSDT:2023-04-15T16:00:00+00:00,ICPUSDT,PRE_BREAKOUT,8,VALIDATION_2023_2024,2023,HALF20_RUNNER_7,29.205165000000008,RUNNER_STOP,120.0
EB1:ICPUSDT:2023-04-15T16:00:00+00:00,ICPUSDT,PRE_BREAKOUT,8,VALIDATION_2023_2024,2023,LADDER10_20_RUNNER_7,21.716411250000018,RUNNER_STOP,120.0
EB1:ICPUSDT:2023-04-15T16:00:00+00:00,ICPUSDT,PRE_BREAKOUT,8,VALIDATION_2023_2024,2023,FIXED10_5,29.205165000000036,TARGET10,49.0
EB1:ICPUSDT:2023-04-15T16:00:00+00:00,ICPUSDT,PRE_BREAKOUT,8,VALIDATION_2023_2024,2023,FIXED20_7,59.16018,TARGET20,58.0
EB1:ICPUSDT:2023-04-27T23:00:00+00:00,ICPUSDT,PRE_BREAKOUT,8,VALIDATION_2023_2024,2023,FULL_TRAIL_7,-0.7498499999999773,RUNNER_STOP,68.0
EB1:ICPUSDT:2023-04-27T23:00:00+00:00,ICPUSDT,PRE_BREAKOUT,8,VALIDATION_2023_2024,2023,HALF20_RUNNER_7,-21.718360499999942,INITIAL_STOP,123.0
EB1:ICPUSDT:2023-04-27T23:00:00+00:00,ICPUSDT,PRE_BREAKOUT,8,VALIDATION_2023_2024,2023,LADDER10_20_RUNNER_7,6.738903749999998,RUNNER_STOP,68.0
EB1:ICPUSDT:2023-04-27T23:00:00+00:00,ICPUSDT,PRE_BREAKOUT,8,VALIDATION_2023_2024,2023,FIXED10_5,29.205165000000036,TARGET10,29.0
EB1:ICPUSDT:2023-04-27T23:00:00+00:00,ICPUSDT,PRE_BREAKOUT,8,VALIDATION_2023_2024,2023,FIXED20_7,-21.718360499999942,STOP,123.0
EB1:ICPUSDT:2023-07-14T11:00:00+00:00,ICPUSDT,PRE_BREAKOUT,8,VALIDATION_2023_2024,2023,FULL_TRAIL_7,-0.7498499999999773,RUNNER_STOP,413.0
EB1:ICPUSDT:2023-07-14T11:00:00+00:00,ICPUSDT,PRE_BREAKOUT,8,VALIDATION_2023_2024,2023,HALF20_RUNNER_7,-21.7183605,INITIAL_STOP,766.0
EB1:ICPUSDT:2023-07-14T11:00:00+00:00,ICPUSDT,PRE_BREAKOUT,8,VALIDATION_2023_2024,2023,LADDER10_20_RUNNER_7,-21.7183605,INITIAL_STOP,766.0
EB1:ICPUSDT:2023-07-14T11:00:00+00:00,ICPUSDT,PRE_BREAKOUT,8,VALIDATION_2023_2024,2023,FIXED10_5,-15.727357499999984,STOP,87.0
EB1:ICPUSDT:2023-07-14T11:00:00+00:00,ICPUSDT,PRE_BREAKOUT,8,VALIDATION_2023_2024,2023,FIXED20_7,-21.7183605,STOP,766.0
EB1:ICPUSDT:2023-11-05T08:00:00+00:00,ICPUSDT,PRE_BREAKOUT,8,VALIDATION_2023_2024,2023,FULL_TRAIL_7,-0.7498500000000341,RUNNER_STOP,94.0
EB1:ICPUSDT:2023-11-05T08:00:00+00:00,ICPUSDT,PRE_BREAKOUT,8,VALIDATION_2023_2024,2023,HALF20_RUNNER_7,-21.7183605,INITIAL_STOP,94.0
EB1:ICPUSDT:2023-11-05T08:00:00+00:00,ICPUSDT,PRE_BREAKOUT,8,VALIDATION_2023_2024,2023,LADDER10_20_RUNNER_7,-21.7183605,INITIAL_STOP,94.0
EB1:ICPUSDT:2023-11-05T08:00:00+00:00,ICPUSDT,PRE_BREAKOUT,8,VALIDATION_2023_2024,2023,FIXED10_5,-15.727357500000041,STOP,94.0
EB1:ICPUSDT:2023-11-05T08:00:00+00:00,ICPUSDT,PRE_BREAKOUT,8,VALIDATION_2023_2024,2023,FIXED20_7,-21.7183605,STOP,94.0
EB1:ICPUSDT:2023-11-08T16:00:00+00:00,ICPUSDT,PRE_BREAKOUT,8,VALIDATION_2023_2024,2023,FULL_TRAIL_7,-21.7183605,INITIAL_STOP,14.0
EB1:ICPUSDT:2023-11-08T16:00:00+00:00,ICPUSDT,PRE_BREAKOUT,8,VALIDATION_2023_2024,2023,HALF20_RUNNER_7,-21.7183605,INITIAL_STOP,14.0
EB1:ICPUSDT:2023-11-08T16:00:00+00:00,ICPUSDT,PRE_BREAKOUT,8,VALIDATION_2023_2024,2023,LADDER10_20_RUNNER_7,-21.7183605,INITIAL_STOP,14.0
EB1:ICPUSDT:2023-11-08T16:00:00+00:00,ICPUSDT,PRE_BREAKOUT,8,VALIDATION_2023_2024,2023,FIXED10_5,-15.727357499999984,STOP,14.0
EB1:ICPUSDT:2023-11-08T16:00:00+00:00,ICPUSDT,PRE_BREAKOUT,8,VALIDATION_2023_2024,2023,FIXED20_7,-21.7183605,STOP,14.0
EB1:ICPUSDT:2023-12-01T04:00:00+00:00,ICPUSDT,PRE_BREAKOUT,8,VALIDATION_2023_2024,2023,FULL_TRAIL_7,-0.7498499999999773,RUNNER_STOP,139.0
EB1:ICPUSDT:2023-12-01T04:00:00+00:00,ICPUSDT,PRE_BREAKOUT,8,VALIDATION_2023_2024,2023,HALF20_RUNNER_7,230.26786349556534,RUNNER_STOP,3222.0
EB1:ICPUSDT:2023-12-01T04:00:00+00:00,ICPUSDT,PRE_BREAKOUT,8,VALIDATION_2023_2024,2023,LADDER10_20_RUNNER_7,6.738903750000026,RUNNER_STOP,139.0
EB1:ICPUSDT:2023-12-01T04:00:00+00:00,ICPUSDT,PRE_BREAKOUT,8,VALIDATION_2023_2024,2023,FIXED10_5,29.205165000000036,TARGET10,110.0
EB1:ICPUSDT:2023-12-01T04:00:00+00:00,ICPUSDT,PRE_BREAKOUT,8,VALIDATION_2023_2024,2023,FIXED20_7,59.16018,TARGET20,274.0
EB1:ICPUSDT:2023-12-08T16:00:00+00:00,ICPUSDT,PRE_BREAKOUT,8,VALIDATION_2023_2024,2023,FULL_TRAIL_7,-0.7498499999999773,RUNNER_STOP,31.0
EB1:ICPUSDT:2023-12-08T16:00:00+00:00,ICPUSDT,PRE_BREAKOUT,8,VALIDATION_2023_2024,2023,HALF20_RUNNER_7,-21.7183605,INITIAL_STOP,64.0
EB1:ICPUSDT:2023-12-08T16:00:00+00:00,ICPUSDT,PRE_BREAKOUT,8,VALIDATION_2023_2024,2023,LADDER10_20_RUNNER_7,-21.7183605,INITIAL_STOP,64.0
EB1:ICPUSDT:2023-12-08T16:00:00+00:00,ICPUSDT,PRE_BREAKOUT,8,VALIDATION_2023_2024,2023,FIXED10_5,-15.727357500000041,STOP,48.0
EB1:ICPUSDT:2023-12-08T16:00:00+00:00,ICPUSDT,PRE_BREAKOUT,8,VALIDATION_2023_2024,2023,FIXED20_7,-21.7183605,STOP,64.0
EB1:ICPUSDT:2024-02-18T22:00:00+00:00,ICPUSDT,PRE_BREAKOUT,8,VALIDATION_2023_2024,2024,FULL_TRAIL_7,-21.718360499999942,INITIAL_STOP,31.0
EB1:ICPUSDT:2024-02-18T22:00:00+00:00,ICPUSDT,PRE_BREAKOUT,8,VALIDATION_2023_2024,2024,HALF20_RUNNER_7,-21.718360499999942,INITIAL_STOP,31.0
EB1:ICPUSDT:2024-02-18T22:00:00+00:00,ICPUSDT,PRE_BREAKOUT,8,VALIDATION_2023_2024,2024,LADDER10_20_RUNNER_7,-21.718360499999942,INITIAL_STOP,31.0
EB1:ICPUSDT:2024-02-18T22:00:00+00:00,ICPUSDT,PRE_BREAKOUT,8,VALIDATION_2023_2024,2024,FIXED10_5,-15.727357499999984,STOP,20.0
EB1:ICPUSDT:2024-02-18T22:00:00+00:00,ICPUSDT,PRE_BREAKOUT,8,VALIDATION_2023_2024,2024,FIXED20_7,-21.718360499999942,STOP,31.0
EB1:ICPUSDT:2024-09-24T01:00:00+00:00,ICPUSDT,PRE_BREAKOUT,8,VALIDATION_2023_2024,2024,FULL_TRAIL_7,-0.7498500000000341,RUNNER_STOP,35.0
EB1:ICPUSDT:2024-09-24T01:00:00+00:00,ICPUSDT,PRE_BREAKOUT,8,VALIDATION_2023_2024,2024,HALF20_RUNNER_7,-21.718360500000056,INITIAL_STOP,174.0
EB1:ICPUSDT:2024-09-24T01:00:00+00:00,ICPUSDT,PRE_BREAKOUT,8,VALIDATION_2023_2024,2024,LADDER10_20_RUNNER_7,6.738903749999969,RUNNER_STOP,151.0
EB1:ICPUSDT:2024-09-24T01:00:00+00:00,ICPUSDT,PRE_BREAKOUT,8,VALIDATION_2023_2024,2024,FIXED10_5,29.205165000000036,TARGET10,84.0
EB1:ICPUSDT:2024-09-24T01:00:00+00:00,ICPUSDT,PRE_BREAKOUT,8,VALIDATION_2023_2024,2024,FIXED20_7,-21.718360500000056,STOP,174.0
EB1:ICPUSDT:2024-11-30T12:00:00+00:00,ICPUSDT,PRE_BREAKOUT,8,VALIDATION_2023_2024,2024,FULL_TRAIL_7,-0.7498499999999773,RUNNER_STOP,34.0
EB1:ICPUSDT:2024-11-30T12:00:00+00:00,ICPUSDT,PRE_BREAKOUT,8,VALIDATION_2023_2024,2024,HALF20_RUNNER_7,29.205165000000008,RUNNER_STOP,214.0
EB1:ICPUSDT:2024-11-30T12:00:00+00:00,ICPUSDT,PRE_BREAKOUT,8,VALIDATION_2023_2024,2024,LADDER10_20_RUNNER_7,6.7389037499999835,RUNNER_STOP,34.0
EB1:ICPUSDT:2024-11-30T12:00:00+00:00,ICPUSDT,PRE_BREAKOUT,8,VALIDATION_2023_2024,2024,FIXED10_5,-15.727357500000041,STOP,4.0
EB1:ICPUSDT:2024-11-30T12:00:00+00:00,ICPUSDT,PRE_BREAKOUT,8,VALIDATION_2023_2024,2024,FIXED20_7,59.16018,TARGET20,87.0
EB1:ONEUSDT:2023-04-16T09:00:00+00:00,ONEUSDT,PRE_BREAKOUT,8,VALIDATION_2023_2024,2023,FULL_TRAIL_7,-0.7498499999999773,RUNNER_STOP,61.0
EB1:ONEUSDT:2023-04-16T09:00:00+00:00,ONEUSDT,PRE_BREAKOUT,8,VALIDATION_2023_2024,2023,HALF20_RUNNER_7,-21.718360499999942,INITIAL_STOP,61.0
EB1:ONEUSDT:2023-04-16T09:00:00+00:00,ONEUSDT,PRE_BREAKOUT,8,VALIDATION_2023_2024,2023,LADDER10_20_RUNNER_7,-21.718360499999942,INITIAL_STOP,61.0
EB1:ONEUSDT:2023-04-16T09:00:00+00:00,ONEUSDT,PRE_BREAKOUT,8,VALIDATION_2023_2024,2023,FIXED10_5,-15.727357500000041,STOP,61.0
EB1:ONEUSDT:2023-04-16T09:00:00+00:00,ONEUSDT,PRE_BREAKOUT,8,VALIDATION_2023_2024,2023,FIXED20_7,-21.718360499999942,STOP,61.0
EB1:ONEUSDT:2023-10-29T16:00:00+00:00,ONEUSDT,PRE_BREAKOUT,8,VALIDATION_2023_2024,2023,FULL_TRAIL_7,-0.7498500000000341,RUNNER_STOP,85.0
EB1:ONEUSDT:2023-10-29T16:00:00+00:00,ONEUSDT,PRE_BREAKOUT,8,VALIDATION_2023_2024,2023,HALF20_RUNNER_7,52.8452352820709,RUNNER_STOP,358.0
EB1:ONEUSDT:2023-10-29T16:00:00+00:00,ONEUSDT,PRE_BREAKOUT,8,VALIDATION_2023_2024,2023,LADDER10_20_RUNNER_7,45.35648153207091,RUNNER_STOP,358.0
EB1:ONEUSDT:2023-10-29T16:00:00+00:00,ONEUSDT,PRE_BREAKOUT,8,VALIDATION_2023_2024,2023,FIXED10_5,-15.727357500000041,STOP,37.0
EB1:ONEUSDT:2023-10-29T16:00:00+00:00,ONEUSDT,PRE_BREAKOUT,8,VALIDATION_2023_2024,2023,FIXED20_7,59.16017999999994,TARGET20,240.0
EB1:ONEUSDT:2024-02-19T07:00:00+00:00,ONEUSDT,BREAKOUT_ATTEMPT,8,VALIDATION_2023_2024,2024,FULL_TRAIL_7,-0.7498499999999773,RUNNER_STOP,22.0
EB1:ONEUSDT:2024-02-19T07:00:00+00:00,ONEUSDT,BREAKOUT_ATTEMPT,8,VALIDATION_2023_2024,2024,HALF20_RUNNER_7,-21.7183605,INITIAL_STOP,45.0
EB1:ONEUSDT:2024-02-19T07:00:00+00:00,ONEUSDT,BREAKOUT_ATTEMPT,8,VALIDATION_2023_2024,2024,LADDER10_20_RUNNER_7,-21.7183605,INITIAL_STOP,45.0
EB1:ONEUSDT:2024-02-19T07:00:00+00:00,ONEUSDT,BREAKOUT_ATTEMPT,8,VALIDATION_2023_2024,2024,FIXED10_5,-15.727357499999984,STOP,41.0
EB1:ONEUSDT:2024-02-19T07:00:00+00:00,ONEUSDT,BREAKOUT_ATTEMPT,8,VALIDATION_2023_2024,2024,FIXED20_7,-21.7183605,STOP,45.0
EB1:ONEUSDT:2024-06-04T22:00:00+00:00,ONEUSDT,PRE_BREAKOUT,8,VALIDATION_2023_2024,2024,FULL_TRAIL_7,-21.7183605,INITIAL_STOP,57.0
EB1:ONEUSDT:2024-06-04T22:00:00+00:00,ONEUSDT,PRE_BREAKOUT,8,VALIDATION_2023_2024,2024,HALF20_RUNNER_7,-21.7183605,INITIAL_STOP,57.0
EB1:ONEUSDT:2024-06-04T22:00:00+00:00,ONEUSDT,PRE_BREAKOUT,8,VALIDATION_2023_2024,2024,LADDER10_20_RUNNER_7,-21.7183605,INITIAL_STOP,57.0
EB1:ONEUSDT:2024-06-04T22:00:00+00:00,ONEUSDT,PRE_BREAKOUT,8,VALIDATION_2023_2024,2024,FIXED10_5,-15.727357499999984,STOP,57.0
EB1:ONEUSDT:2024-06-04T22:00:00+00:00,ONEUSDT,PRE_BREAKOUT,8,VALIDATION_2023_2024,2024,FIXED20_7,-21.7183605,STOP,57.0
EB1:ONEUSDT:2024-09-27T06:00:00+00:00,ONEUSDT,BREAKOUT_ATTEMPT,8,VALIDATION_2023_2024,2024,FULL_TRAIL_7,-21.718360499999942,INITIAL_STOP,66.0
EB1:ONEUSDT:2024-09-27T06:00:00+00:00,ONEUSDT,BREAKOUT_ATTEMPT,8,VALIDATION_2023_2024,2024,HALF20_RUNNER_7,-21.718360499999942,INITIAL_STOP,66.0
EB1:ONEUSDT:2024-09-27T06:00:00+00:00,ONEUSDT,BREAKOUT_ATTEMPT,8,VALIDATION_2023_2024,2024,LADDER10_20_RUNNER_7,-21.718360499999942,INITIAL_STOP,66.0
EB1:ONEUSDT:2024-09-27T06:00:00+00:00,ONEUSDT,BREAKOUT_ATTEMPT,8,VALIDATION_2023_2024,2024,FIXED10_5,-15.727357499999984,STOP,39.0
EB1:ONEUSDT:2024-09-27T06:00:00+00:00,ONEUSDT,BREAKOUT_ATTEMPT,8,VALIDATION_2023_2024,2024,FIXED20_7,-21.718360499999942,STOP,66.0
EB1:ONEUSDT:2024-10-19T23:00:00+00:00,ONEUSDT,PRE_BREAKOUT,8,VALIDATION_2023_2024,2024,FULL_TRAIL_7,-0.7498499999999773,RUNNER_STOP,28.0
EB1:ONEUSDT:2024-10-19T23:00:00+00:00,ONEUSDT,PRE_BREAKOUT,8,VALIDATION_2023_2024,2024,HALF20_RUNNER_7,-21.7183605,INITIAL_STOP,71.0
EB1:ONEUSDT:2024-10-19T23:00:00+00:00,ONEUSDT,PRE_BREAKOUT,8,VALIDATION_2023_2024,2024,LADDER10_20_RUNNER_7,-21.7183605,INITIAL_STOP,71.0
EB1:ONEUSDT:2024-10-19T23:00:00+00:00,ONEUSDT,PRE_BREAKOUT,8,VALIDATION_2023_2024,2024,FIXED10_5,-15.727357499999984,STOP,65.0
EB1:ONEUSDT:2024-10-19T23:00:00+00:00,ONEUSDT,PRE_BREAKOUT,8,VALIDATION_2023_2024,2024,FIXED20_7,-21.7183605,STOP,71.0
EB1:SYNUSDT:2023-11-04T15:00:00+00:00,SYNUSDT,PRE_BREAKOUT,8,VALIDATION_2023_2024,2023,FULL_TRAIL_7,-0.7498499999999773,RUNNER_STOP,59.0
EB1:SYNUSDT:2023-11-04T15:00:00+00:00,SYNUSDT,PRE_BREAKOUT,8,VALIDATION_2023_2024,2023,HALF20_RUNNER_7,50.92653968227428,RUNNER_STOP,212.0
EB1:SYNUSDT:2023-11-04T15:00:00+00:00,SYNUSDT,PRE_BREAKOUT,8,VALIDATION_2023_2024,2023,LADDER10_20_RUNNER_7,43.437785932274274,RUNNER_STOP,212.0
EB1:SYNUSDT:2023-11-04T15:00:00+00:00,SYNUSDT,PRE_BREAKOUT,8,VALIDATION_2023_2024,2023,FIXED10_5,29.205165000000036,TARGET10,99.0
EB1:SYNUSDT:2023-11-04T15:00:00+00:00,SYNUSDT,PRE_BREAKOUT,8,VALIDATION_2023_2024,2023,FIXED20_7,59.160180000000054,TARGET20,139.0
EB1:SYNUSDT:2024-02-09T21:00:00+00:00,SYNUSDT,PRE_BREAKOUT,8,VALIDATION_2023_2024,2024,FULL_TRAIL_7,-21.7183605,INITIAL_STOP,43.0
EB1:SYNUSDT:2024-02-09T21:00:00+00:00,SYNUSDT,PRE_BREAKOUT,8,VALIDATION_2023_2024,2024,HALF20_RUNNER_7,-21.7183605,INITIAL_STOP,43.0
EB1:SYNUSDT:2024-02-09T21:00:00+00:00,SYNUSDT,PRE_BREAKOUT,8,VALIDATION_2023_2024,2024,LADDER10_20_RUNNER_7,-21.7183605,INITIAL_STOP,43.0
EB1:SYNUSDT:2024-02-09T21:00:00+00:00,SYNUSDT,PRE_BREAKOUT,8,VALIDATION_2023_2024,2024,FIXED10_5,-15.727357499999984,STOP,5.0
EB1:SYNUSDT:2024-02-09T21:00:00+00:00,SYNUSDT,PRE_BREAKOUT,8,VALIDATION_2023_2024,2024,FIXED20_7,-21.7183605,STOP,43.0
EB1:SYNUSDT:2024-02-17T18:00:00+00:00,SYNUSDT,PRE_BREAKOUT,8,VALIDATION_2023_2024,2024,FULL_TRAIL_7,-21.718360499999942,INITIAL_STOP,7.0
EB1:SYNUSDT:2024-02-17T18:00:00+00:00,SYNUSDT,PRE_BREAKOUT,8,VALIDATION_2023_2024,2024,HALF20_RUNNER_7,-21.718360499999942,INITIAL_STOP,7.0
EB1:SYNUSDT:2024-02-17T18:00:00+00:00,SYNUSDT,PRE_BREAKOUT,8,VALIDATION_2023_2024,2024,LADDER10_20_RUNNER_7,-21.718360499999942,INITIAL_STOP,7.0
EB1:SYNUSDT:2024-02-17T18:00:00+00:00,SYNUSDT,PRE_BREAKOUT,8,VALIDATION_2023_2024,2024,FIXED10_5,-15.727357499999984,STOP,6.0
EB1:SYNUSDT:2024-02-17T18:00:00+00:00,SYNUSDT,PRE_BREAKOUT,8,VALIDATION_2023_2024,2024,FIXED20_7,-21.718360499999942,STOP,7.0
EB1:SYNUSDT:2024-09-13T07:00:00+00:00,SYNUSDT,BREAKOUT_ATTEMPT,8,VALIDATION_2023_2024,2024,FULL_TRAIL_7,-21.7183605,INITIAL_STOP,54.0
EB1:SYNUSDT:2024-09-13T07:00:00+00:00,SYNUSDT,BREAKOUT_ATTEMPT,8,VALIDATION_2023_2024,2024,HALF20_RUNNER_7,-21.7183605,INITIAL_STOP,54.0
EB1:SYNUSDT:2024-09-13T07:00:00+00:00,SYNUSDT,BREAKOUT_ATTEMPT,8,VALIDATION_2023_2024,2024,LADDER10_20_RUNNER_7,-21.7183605,INITIAL_STOP,54.0
EB1:SYNUSDT:2024-09-13T07:00:00+00:00,SYNUSDT,BREAKOUT_ATTEMPT,8,VALIDATION_2023_2024,2024,FIXED10_5,-15.727357499999984,STOP,35.0
EB1:SYNUSDT:2024-09-13T07:00:00+00:00,SYNUSDT,BREAKOUT_ATTEMPT,8,VALIDATION_2023_2024,2024,FIXED20_7,-21.7183605,STOP,54.0
EB1:XRPUSDT:2025-01-11T18:00:00+00:00,XRPUSDT,PRE_BREAKOUT,8,HOLDOUT_2025_2026,2025,FULL_TRAIL_7,-21.7183605,INITIAL_STOP,31.0
EB1:XRPUSDT:2025-01-11T18:00:00+00:00,XRPUSDT,PRE_BREAKOUT,8,HOLDOUT_2025_2026,2025,HALF20_RUNNER_7,-21.7183605,INITIAL_STOP,31.0
EB1:XRPUSDT:2025-01-11T18:00:00+00:00,XRPUSDT,PRE_BREAKOUT,8,HOLDOUT_2025_2026,2025,LADDER10_20_RUNNER_7,-21.7183605,INITIAL_STOP,31.0
EB1:XRPUSDT:2025-01-11T18:00:00+00:00,XRPUSDT,PRE_BREAKOUT,8,HOLDOUT_2025_2026,2025,FIXED10_5,-15.727357499999984,STOP,28.0
EB1:XRPUSDT:2025-01-11T18:00:00+00:00,XRPUSDT,PRE_BREAKOUT,8,HOLDOUT_2025_2026,2025,FIXED20_7,-21.7183605,STOP,31.0
EB1:ADAUSDT:2025-05-22T03:00:00+00:00,ADAUSDT,PRE_BREAKOUT,8,HOLDOUT_2025_2026,2025,FULL_TRAIL_7,-21.718360499999942,INITIAL_STOP,34.0
EB1:ADAUSDT:2025-05-22T03:00:00+00:00,ADAUSDT,PRE_BREAKOUT,8,HOLDOUT_2025_2026,2025,HALF20_RUNNER_7,-21.718360499999942,INITIAL_STOP,34.0
EB1:ADAUSDT:2025-05-22T03:00:00+00:00,ADAUSDT,PRE_BREAKOUT,8,HOLDOUT_2025_2026,2025,LADDER10_20_RUNNER_7,-21.718360499999942,INITIAL_STOP,34.0
EB1:ADAUSDT:2025-05-22T03:00:00+00:00,ADAUSDT,PRE_BREAKOUT,8,HOLDOUT_2025_2026,2025,FIXED10_5,-15.727357499999984,STOP,23.0
EB1:ADAUSDT:2025-05-22T03:00:00+00:00,ADAUSDT,PRE_BREAKOUT,8,HOLDOUT_2025_2026,2025,FIXED20_7,-21.718360499999942,STOP,34.0
EB1:ADAUSDT:2025-07-16T18:00:00+00:00,ADAUSDT,PRE_BREAKOUT,8,HOLDOUT_2025_2026,2025,FULL_TRAIL_7,-0.7498499999999773,RUNNER_STOP,327.0
EB1:ADAUSDT:2025-07-16T18:00:00+00:00,ADAUSDT,PRE_BREAKOUT,8,HOLDOUT_2025_2026,2025,HALF20_RUNNER_7,29.205165000000008,RUNNER_STOP,327.0
EB1:ADAUSDT:2025-07-16T18:00:00+00:00,ADAUSDT,PRE_BREAKOUT,8,HOLDOUT_2025_2026,2025,LADDER10_20_RUNNER_7,21.716411250000018,RUNNER_STOP,327.0
EB1:ADAUSDT:2025-07-16T18:00:00+00:00,ADAUSDT,PRE_BREAKOUT,8,HOLDOUT_2025_2026,2025,FIXED10_5,29.205165000000036,TARGET10,6.0
EB1:ADAUSDT:2025-07-16T18:00:00+00:00,ADAUSDT,PRE_BREAKOUT,8,HOLDOUT_2025_2026,2025,FIXED20_7,59.16018,TARGET20,27.0
EB1:DOGEUSDT:2025-05-22T01:00:00+00:00,DOGEUSDT,BREAKOUT_ATTEMPT,8,HOLDOUT_2025_2026,2025,FULL_TRAIL_7,-0.7498499999999773,RUNNER_STOP,24.0
EB1:DOGEUSDT:2025-05-22T01:00:00+00:00,DOGEUSDT,BREAKOUT_ATTEMPT,8,HOLDOUT_2025_2026,2025,HALF20_RUNNER_7,-21.7183605,INITIAL_STOP,36.0
EB1:DOGEUSDT:2025-05-22T01:00:00+00:00,DOGEUSDT,BREAKOUT_ATTEMPT,8,HOLDOUT_2025_2026,2025,LADDER10_20_RUNNER_7,-21.7183605,INITIAL_STOP,36.0
EB1:DOGEUSDT:2025-05-22T01:00:00+00:00,DOGEUSDT,BREAKOUT_ATTEMPT,8,HOLDOUT_2025_2026,2025,FIXED10_5,-15.727357499999984,STOP,25.0
EB1:DOGEUSDT:2025-05-22T01:00:00+00:00,DOGEUSDT,BREAKOUT_ATTEMPT,8,HOLDOUT_2025_2026,2025,FIXED20_7,-21.7183605,STOP,36.0
EB1:DOGEUSDT:2025-07-16T17:00:00+00:00,DOGEUSDT,PRE_BREAKOUT,8,HOLDOUT_2025_2026,2025,FULL_TRAIL_7,41.344276335000856,RUNNER_STOP,154.0
EB1:DOGEUSDT:2025-07-16T17:00:00+00:00,DOGEUSDT,PRE_BREAKOUT,8,HOLDOUT_2025_2026,2025,HALF20_RUNNER_7,50.25222816750042,RUNNER_STOP,154.0
EB1:DOGEUSDT:2025-07-16T17:00:00+00:00,DOGEUSDT,PRE_BREAKOUT,8,HOLDOUT_2025_2026,2025,LADDER10_20_RUNNER_7,42.76347441750043,RUNNER_STOP,154.0
EB1:DOGEUSDT:2025-07-16T17:00:00+00:00,DOGEUSDT,PRE_BREAKOUT,8,HOLDOUT_2025_2026,2025,FIXED10_5,29.205165000000036,TARGET10,24.0
EB1:DOGEUSDT:2025-07-16T17:00:00+00:00,DOGEUSDT,PRE_BREAKOUT,8,HOLDOUT_2025_2026,2025,FIXED20_7,59.16018,TARGET20,49.0
EB1:BNBUSDT:2025-02-12T13:00:00+00:00,BNBUSDT,PRE_BREAKOUT,8,HOLDOUT_2025_2026,2025,FULL_TRAIL_7,-21.718360499999942,INITIAL_STOP,47.0
EB1:BNBUSDT:2025-02-12T13:00:00+00:00,BNBUSDT,PRE_BREAKOUT,8,HOLDOUT_2025_2026,2025,HALF20_RUNNER_7,-21.718360499999942,INITIAL_STOP,47.0
EB1:BNBUSDT:2025-02-12T13:00:00+00:00,BNBUSDT,PRE_BREAKOUT,8,HOLDOUT_2025_2026,2025,LADDER10_20_RUNNER_7,-21.718360499999942,INITIAL_STOP,47.0
EB1:BNBUSDT:2025-02-12T13:00:00+00:00,BNBUSDT,PRE_BREAKOUT,8,HOLDOUT_2025_2026,2025,FIXED10_5,-15.727357500000041,STOP,17.0
EB1:BNBUSDT:2025-02-12T13:00:00+00:00,BNBUSDT,PRE_BREAKOUT,8,HOLDOUT_2025_2026,2025,FIXED20_7,-21.718360499999942,STOP,47.0
EB1:BNBUSDT:2025-07-27T17:00:00+00:00,BNBUSDT,PRE_BREAKOUT,8,HOLDOUT_2025_2026,2025,FULL_TRAIL_7,-21.7183605,INITIAL_STOP,57.0
EB1:BNBUSDT:2025-07-27T17:00:00+00:00,BNBUSDT,PRE_BREAKOUT,8,HOLDOUT_2025_2026,2025,HALF20_RUNNER_7,-21.7183605,INITIAL_STOP,57.0
EB1:BNBUSDT:2025-07-27T17:00:00+00:00,BNBUSDT,PRE_BREAKOUT,8,HOLDOUT_2025_2026,2025,LADDER10_20_RUNNER_7,-21.7183605,INITIAL_STOP,57.0
EB1:BNBUSDT:2025-07-27T17:00:00+00:00,BNBUSDT,PRE_BREAKOUT,8,HOLDOUT_2025_2026,2025,FIXED10_5,-15.727357499999984,STOP,37.0
EB1:BNBUSDT:2025-07-27T17:00:00+00:00,BNBUSDT,PRE_BREAKOUT,8,HOLDOUT_2025_2026,2025,FIXED20_7,-21.7183605,STOP,57.0
EB1:SOLUSDT:2025-07-17T10:00:00+00:00,SOLUSDT,PRE_BREAKOUT,8,HOLDOUT_2025_2026,2025,FULL_TRAIL_7,-0.7498499999999773,RUNNER_STOP,311.0
EB1:SOLUSDT:2025-07-17T10:00:00+00:00,SOLUSDT,PRE_BREAKOUT,8,HOLDOUT_2025_2026,2025,HALF20_RUNNER_7,-21.7183605,INITIAL_STOP,362.0
EB1:SOLUSDT:2025-07-17T10:00:00+00:00,SOLUSDT,PRE_BREAKOUT,8,HOLDOUT_2025_2026,2025,LADDER10_20_RUNNER_7,6.738903750000026,RUNNER_STOP,311.0
EB1:SOLUSDT:2025-07-17T10:00:00+00:00,SOLUSDT,PRE_BREAKOUT,8,HOLDOUT_2025_2026,2025,FIXED10_5,29.205165000000036,TARGET10,83.0
EB1:SOLUSDT:2025-07-17T10:00:00+00:00,SOLUSDT,PRE_BREAKOUT,8,HOLDOUT_2025_2026,2025,FIXED20_7,-21.7183605,STOP,362.0
EB1:SOLUSDT:2025-07-20T23:00:00+00:00,SOLUSDT,PRE_BREAKOUT,8,HOLDOUT_2025_2026,2025,FULL_TRAIL_7,-0.7498499999999773,RUNNER_STOP,52.0
EB1:SOLUSDT:2025-07-20T23:00:00+00:00,SOLUSDT,PRE_BREAKOUT,8,HOLDOUT_2025_2026,2025,HALF20_RUNNER_7,-21.718360499999942,INITIAL_STOP,90.0
EB1:SOLUSDT:2025-07-20T23:00:00+00:00,SOLUSDT,PRE_BREAKOUT,8,HOLDOUT_2025_2026,2025,LADDER10_20_RUNNER_7,-21.718360499999942,INITIAL_STOP,90.0
EB1:SOLUSDT:2025-07-20T23:00:00+00:00,SOLUSDT,PRE_BREAKOUT,8,HOLDOUT_2025_2026,2025,FIXED10_5,-15.727357499999984,STOP,68.0
EB1:SOLUSDT:2025-07-20T23:00:00+00:00,SOLUSDT,PRE_BREAKOUT,8,HOLDOUT_2025_2026,2025,FIXED20_7,-21.718360499999942,STOP,90.0
EB1:LINKUSDT:2025-05-08T03:00:00+00:00,LINKUSDT,PRE_BREAKOUT,8,HOLDOUT_2025_2026,2025,FULL_TRAIL_7,-0.7498499999999773,RUNNER_STOP,247.0
EB1:LINKUSDT:2025-05-08T03:00:00+00:00,LINKUSDT,PRE_BREAKOUT,8,HOLDOUT_2025_2026,2025,HALF20_RUNNER_7,29.205165000000036,RUNNER_STOP,247.0
EB1:LINKUSDT:2025-05-08T03:00:00+00:00,LINKUSDT,PRE_BREAKOUT,8,HOLDOUT_2025_2026,2025,LADDER10_20_RUNNER_7,21.716411250000046,RUNNER_STOP,247.0
EB1:LINKUSDT:2025-05-08T03:00:00+00:00,LINKUSDT,PRE_BREAKOUT,8,HOLDOUT_2025_2026,2025,FIXED10_5,29.205165000000093,TARGET10,19.0
EB1:LINKUSDT:2025-05-08T03:00:00+00:00,LINKUSDT,PRE_BREAKOUT,8,HOLDOUT_2025_2026,2025,FIXED20_7,59.160180000000054,TARGET20,90.0
EB1:LINKUSDT:2025-07-14T03:00:00+00:00,LINKUSDT,BREAKOUT_ATTEMPT,8,HOLDOUT_2025_2026,2025,FULL_TRAIL_7,-21.7183605,INITIAL_STOP,14.0
EB1:LINKUSDT:2025-07-14T03:00:00+00:00,LINKUSDT,BREAKOUT_ATTEMPT,8,HOLDOUT_2025_2026,2025,HALF20_RUNNER_7,-21.7183605,INITIAL_STOP,14.0
EB1:LINKUSDT:2025-07-14T03:00:00+00:00,LINKUSDT,BREAKOUT_ATTEMPT,8,HOLDOUT_2025_2026,2025,LADDER10_20_RUNNER_7,-21.7183605,INITIAL_STOP,14.0
EB1:LINKUSDT:2025-07-14T03:00:00+00:00,LINKUSDT,BREAKOUT_ATTEMPT,8,HOLDOUT_2025_2026,2025,FIXED10_5,-15.727357500000041,STOP,12.0
EB1:LINKUSDT:2025-07-14T03:00:00+00:00,LINKUSDT,BREAKOUT_ATTEMPT,8,HOLDOUT_2025_2026,2025,FIXED20_7,-21.7183605,STOP,14.0
EB1:LINKUSDT:2025-08-07T15:00:00+00:00,LINKUSDT,PRE_BREAKOUT,8,HOLDOUT_2025_2026,2025,FULL_TRAIL_7,61.91867469617026,RUNNER_STOP,596.0
EB1:LINKUSDT:2025-08-07T15:00:00+00:00,LINKUSDT,PRE_BREAKOUT,8,HOLDOUT_2025_2026,2025,HALF20_RUNNER_7,60.5394273480851,RUNNER_STOP,596.0
EB1:LINKUSDT:2025-08-07T15:00:00+00:00,LINKUSDT,PRE_BREAKOUT,8,HOLDOUT_2025_2026,2025,LADDER10_20_RUNNER_7,53.050673598085105,RUNNER_STOP,596.0
EB1:LINKUSDT:2025-08-07T15:00:00+00:00,LINKUSDT,PRE_BREAKOUT,8,HOLDOUT_2025_2026,2025,FIXED10_5,29.20516499999998,TARGET10,24.0
EB1:LINKUSDT:2025-08-07T15:00:00+00:00,LINKUSDT,PRE_BREAKOUT,8,HOLDOUT_2025_2026,2025,FIXED20_7,59.16017999999994,TARGET20,46.0
EB1:LINKUSDT:2025-08-17T04:00:00+00:00,LINKUSDT,PRE_BREAKOUT,8,HOLDOUT_2025_2026,2025,FULL_TRAIL_7,-0.7498499999999773,RUNNER_STOP,12.0
EB1:LINKUSDT:2025-08-17T04:00:00+00:00,LINKUSDT,PRE_BREAKOUT,8,HOLDOUT_2025_2026,2025,HALF20_RUNNER_7,-21.7183605,INITIAL_STOP,208.0
EB1:LINKUSDT:2025-08-17T04:00:00+00:00,LINKUSDT,PRE_BREAKOUT,8,HOLDOUT_2025_2026,2025,LADDER10_20_RUNNER_7,6.738903750000055,RUNNER_STOP,186.0
EB1:LINKUSDT:2025-08-17T04:00:00+00:00,LINKUSDT,PRE_BREAKOUT,8,HOLDOUT_2025_2026,2025,FIXED10_5,-15.727357499999984,STOP,52.0
EB1:LINKUSDT:2025-08-17T04:00:00+00:00,LINKUSDT,PRE_BREAKOUT,8,HOLDOUT_2025_2026,2025,FIXED20_7,-21.7183605,STOP,208.0
EB1:AVAXUSDT:2025-05-09T03:00:00+00:00,AVAXUSDT,PRE_BREAKOUT,8,HOLDOUT_2025_2026,2025,FULL_TRAIL_7,-0.7498499999999773,RUNNER_STOP,144.0
EB1:AVAXUSDT:2025-05-09T03:00:00+00:00,AVAXUSDT,PRE_BREAKOUT,8,HOLDOUT_2025_2026,2025,HALF20_RUNNER_7,-21.718360499999942,INITIAL_STOP,223.0
EB1:AVAXUSDT:2025-05-09T03:00:00+00:00,AVAXUSDT,PRE_BREAKOUT,8,HOLDOUT_2025_2026,2025,LADDER10_20_RUNNER_7,6.738903750000026,RUNNER_STOP,144.0
EB1:AVAXUSDT:2025-05-09T03:00:00+00:00,AVAXUSDT,PRE_BREAKOUT,8,HOLDOUT_2025_2026,2025,FIXED10_5,29.205165000000036,TARGET10,34.0
EB1:AVAXUSDT:2025-05-09T03:00:00+00:00,AVAXUSDT,PRE_BREAKOUT,8,HOLDOUT_2025_2026,2025,FIXED20_7,-21.718360499999942,STOP,223.0
EB1:AVAXUSDT:2025-08-13T13:00:00+00:00,AVAXUSDT,PRE_BREAKOUT,8,HOLDOUT_2025_2026,2025,FULL_TRAIL_7,-21.7183605,INITIAL_STOP,13.0
EB1:AVAXUSDT:2025-08-13T13:00:00+00:00,AVAXUSDT,PRE_BREAKOUT,8,HOLDOUT_2025_2026,2025,HALF20_RUNNER_7,-21.7183605,INITIAL_STOP,13.0
EB1:AVAXUSDT:2025-08-13T13:00:00+00:00,AVAXUSDT,PRE_BREAKOUT,8,HOLDOUT_2025_2026,2025,LADDER10_20_RUNNER_7,-21.7183605,INITIAL_STOP,13.0
EB1:AVAXUSDT:2025-08-13T13:00:00+00:00,AVAXUSDT,PRE_BREAKOUT,8,HOLDOUT_2025_2026,2025,FIXED10_5,-15.727357499999984,STOP,13.0
EB1:AVAXUSDT:2025-08-13T13:00:00+00:00,AVAXUSDT,PRE_BREAKOUT,8,HOLDOUT_2025_2026,2025,FIXED20_7,-21.7183605,STOP,13.0
EB1:AVAXUSDT:2025-09-03T09:00:00+00:00,AVAXUSDT,PRE_BREAKOUT,8,HOLDOUT_2025_2026,2025,FULL_TRAIL_7,49.54560140732693,RUNNER_STOP,443.0
EB1:AVAXUSDT:2025-09-03T09:00:00+00:00,AVAXUSDT,PRE_BREAKOUT,8,HOLDOUT_2025_2026,2025,HALF20_RUNNER_7,54.35289070366346,RUNNER_STOP,443.0
EB1:AVAXUSDT:2025-09-03T09:00:00+00:00,AVAXUSDT,PRE_BREAKOUT,8,HOLDOUT_2025_2026,2025,LADDER10_20_RUNNER_7,46.86413695366347,RUNNER_STOP,443.0
EB1:AVAXUSDT:2025-09-03T09:00:00+00:00,AVAXUSDT,PRE_BREAKOUT,8,HOLDOUT_2025_2026,2025,FIXED10_5,-15.727357499999984,STOP,29.0
EB1:AVAXUSDT:2025-09-03T09:00:00+00:00,AVAXUSDT,PRE_BREAKOUT,8,HOLDOUT_2025_2026,2025,FIXED20_7,59.16018,TARGET20,224.0
EB1:AVAXUSDT:2025-09-17T21:00:00+00:00,AVAXUSDT,PRE_BREAKOUT,8,HOLDOUT_2025_2026,2025,FULL_TRAIL_7,-0.7498499999999773,RUNNER_STOP,74.0
EB1:AVAXUSDT:2025-09-17T21:00:00+00:00,AVAXUSDT,PRE_BREAKOUT,8,HOLDOUT_2025_2026,2025,HALF20_RUNNER_7,-21.718360499999942,INITIAL_STOP,95.0
EB1:AVAXUSDT:2025-09-17T21:00:00+00:00,AVAXUSDT,PRE_BREAKOUT,8,HOLDOUT_2025_2026,2025,LADDER10_20_RUNNER_7,-21.718360499999942,INITIAL_STOP,95.0
EB1:AVAXUSDT:2025-09-17T21:00:00+00:00,AVAXUSDT,PRE_BREAKOUT,8,HOLDOUT_2025_2026,2025,FIXED10_5,-15.727357499999984,STOP,95.0
EB1:AVAXUSDT:2025-09-17T21:00:00+00:00,AVAXUSDT,PRE_BREAKOUT,8,HOLDOUT_2025_2026,2025,FIXED20_7,-21.718360499999942,STOP,95.0
EB1:LTCUSDT:2025-01-25T16:00:00+00:00,LTCUSDT,PRE_BREAKOUT,8,HOLDOUT_2025_2026,2025,FULL_TRAIL_7,-21.7183605,INITIAL_STOP,22.0
EB1:LTCUSDT:2025-01-25T16:00:00+00:00,LTCUSDT,PRE_BREAKOUT,8,HOLDOUT_2025_2026,2025,HALF20_RUNNER_7,-21.7183605,INITIAL_STOP,22.0
EB1:LTCUSDT:2025-01-25T16:00:00+00:00,LTCUSDT,PRE_BREAKOUT,8,HOLDOUT_2025_2026,2025,LADDER10_20_RUNNER_7,-21.7183605,INITIAL_STOP,22.0
EB1:LTCUSDT:2025-01-25T16:00:00+00:00,LTCUSDT,PRE_BREAKOUT,8,HOLDOUT_2025_2026,2025,FIXED10_5,-15.727357499999984,STOP,21.0
EB1:LTCUSDT:2025-01-25T16:00:00+00:00,LTCUSDT,PRE_BREAKOUT,8,HOLDOUT_2025_2026,2025,FIXED20_7,-21.7183605,STOP,22.0
EB1:LTCUSDT:2025-02-19T01:00:00+00:00,LTCUSDT,PRE_BREAKOUT,8,HOLDOUT_2025_2026,2025,FULL_TRAIL_7,-21.7183605,INITIAL_STOP,22.0
EB1:LTCUSDT:2025-02-19T01:00:00+00:00,LTCUSDT,PRE_BREAKOUT,8,HOLDOUT_2025_2026,2025,HALF20_RUNNER_7,-21.7183605,INITIAL_STOP,22.0
EB1:LTCUSDT:2025-02-19T01:00:00+00:00,LTCUSDT,PRE_BREAKOUT,8,HOLDOUT_2025_2026,2025,LADDER10_20_RUNNER_7,-21.7183605,INITIAL_STOP,22.0
EB1:LTCUSDT:2025-02-19T01:00:00+00:00,LTCUSDT,PRE_BREAKOUT,8,HOLDOUT_2025_2026,2025,FIXED10_5,-15.727357500000041,STOP,15.0
EB1:LTCUSDT:2025-02-19T01:00:00+00:00,LTCUSDT,PRE_BREAKOUT,8,HOLDOUT_2025_2026,2025,FIXED20_7,-21.7183605,STOP,22.0
EB1:LTCUSDT:2025-05-08T18:00:00+00:00,LTCUSDT,PRE_BREAKOUT,8,HOLDOUT_2025_2026,2025,FULL_TRAIL_7,-0.7498499999999773,RUNNER_STOP,242.0
EB1:LTCUSDT:2025-05-08T18:00:00+00:00,LTCUSDT,PRE_BREAKOUT,8,HOLDOUT_2025_2026,2025,HALF20_RUNNER_7,-21.718360499999942,INITIAL_STOP,516.0
EB1:LTCUSDT:2025-05-08T18:00:00+00:00,LTCUSDT,PRE_BREAKOUT,8,HOLDOUT_2025_2026,2025,LADDER10_20_RUNNER_7,6.738903750000026,RUNNER_STOP,242.0
EB1:LTCUSDT:2025-05-08T18:00:00+00:00,LTCUSDT,PRE_BREAKOUT,8,HOLDOUT_2025_2026,2025,FIXED10_5,29.205165000000036,TARGET10,20.0
EB1:LTCUSDT:2025-05-08T18:00:00+00:00,LTCUSDT,PRE_BREAKOUT,8,HOLDOUT_2025_2026,2025,FIXED20_7,-21.718360499999942,STOP,516.0
EB1:LTCUSDT:2025-07-17T10:00:00+00:00,LTCUSDT,PRE_BREAKOUT,8,HOLDOUT_2025_2026,2025,FULL_TRAIL_7,-0.7498499999999773,RUNNER_STOP,24.0
EB1:LTCUSDT:2025-07-17T10:00:00+00:00,LTCUSDT,PRE_BREAKOUT,8,HOLDOUT_2025_2026,2025,HALF20_RUNNER_7,48.87629050227265,RUNNER_STOP,779.0
EB1:LTCUSDT:2025-07-17T10:00:00+00:00,LTCUSDT,PRE_BREAKOUT,8,HOLDOUT_2025_2026,2025,LADDER10_20_RUNNER_7,6.738903750000012,RUNNER_STOP,24.0
EB1:LTCUSDT:2025-07-17T10:00:00+00:00,LTCUSDT,PRE_BREAKOUT,8,HOLDOUT_2025_2026,2025,FIXED10_5,29.205165000000093,TARGET10,13.0
EB1:LTCUSDT:2025-07-17T10:00:00+00:00,LTCUSDT,PRE_BREAKOUT,8,HOLDOUT_2025_2026,2025,FIXED20_7,59.16018,TARGET20,69.0
EB1:LTCUSDT:2025-08-04T19:00:00+00:00,LTCUSDT,PRE_BREAKOUT,8,HOLDOUT_2025_2026,2025,FULL_TRAIL_7,-0.7498499999999773,RUNNER_STOP,9.0
EB1:LTCUSDT:2025-08-04T19:00:00+00:00,LTCUSDT,PRE_BREAKOUT,8,HOLDOUT_2025_2026,2025,HALF20_RUNNER_7,-21.718360499999942,INITIAL_STOP,345.0
EB1:LTCUSDT:2025-08-04T19:00:00+00:00,LTCUSDT,PRE_BREAKOUT,8,HOLDOUT_2025_2026,2025,LADDER10_20_RUNNER_7,6.738903750000026,RUNNER_STOP,223.0
EB1:LTCUSDT:2025-08-04T19:00:00+00:00,LTCUSDT,PRE_BREAKOUT,8,HOLDOUT_2025_2026,2025,FIXED10_5,-15.727357499999984,STOP,31.0
EB1:LTCUSDT:2025-08-04T19:00:00+00:00,LTCUSDT,PRE_BREAKOUT,8,HOLDOUT_2025_2026,2025,FIXED20_7,-21.718360499999942,STOP,345.0
EB1:DOTUSDT:2025-05-09T01:00:00+00:00,DOTUSDT,BREAKOUT_ATTEMPT,8,HOLDOUT_2025_2026,2025,FULL_TRAIL_7,-0.7498500000000341,RUNNER_STOP,182.0
EB1:DOTUSDT:2025-05-09T01:00:00+00:00,DOTUSDT,BREAKOUT_ATTEMPT,8,HOLDOUT_2025_2026,2025,HALF20_RUNNER_7,-21.718360500000056,INITIAL_STOP,492.0
EB1:DOTUSDT:2025-05-09T01:00:00+00:00,DOTUSDT,BREAKOUT_ATTEMPT,8,HOLDOUT_2025_2026,2025,LADDER10_20_RUNNER_7,6.7389037499999835,RUNNER_STOP,182.0
EB1:DOTUSDT:2025-05-09T01:00:00+00:00,DOTUSDT,BREAKOUT_ATTEMPT,8,HOLDOUT_2025_2026,2025,FIXED10_5,29.20516499999998,TARGET10,22.0
EB1:DOTUSDT:2025-05-09T01:00:00+00:00,DOTUSDT,BREAKOUT_ATTEMPT,8,HOLDOUT_2025_2026,2025,FIXED20_7,-21.718360500000056,STOP,492.0
EB1:DOTUSDT:2025-08-13T13:00:00+00:00,DOTUSDT,PRE_BREAKOUT,8,HOLDOUT_2025_2026,2025,FULL_TRAIL_7,-21.718360499999942,INITIAL_STOP,13.0
EB1:DOTUSDT:2025-08-13T13:00:00+00:00,DOTUSDT,PRE_BREAKOUT,8,HOLDOUT_2025_2026,2025,HALF20_RUNNER_7,-21.718360499999942,INITIAL_STOP,13.0
EB1:DOTUSDT:2025-08-13T13:00:00+00:00,DOTUSDT,PRE_BREAKOUT,8,HOLDOUT_2025_2026,2025,LADDER10_20_RUNNER_7,-21.718360499999942,INITIAL_STOP,13.0
EB1:DOTUSDT:2025-08-13T13:00:00+00:00,DOTUSDT,PRE_BREAKOUT,8,HOLDOUT_2025_2026,2025,FIXED10_5,-15.727357500000041,STOP,13.0
EB1:DOTUSDT:2025-08-13T13:00:00+00:00,DOTUSDT,PRE_BREAKOUT,8,HOLDOUT_2025_2026,2025,FIXED20_7,-21.718360499999942,STOP,13.0
EB1:DOTUSDT:2025-09-18T20:00:00+00:00,DOTUSDT,PRE_BREAKOUT,8,HOLDOUT_2025_2026,2025,FULL_TRAIL_7,-21.7183605,INITIAL_STOP,17.0
EB1:DOTUSDT:2025-09-18T20:00:00+00:00,DOTUSDT,PRE_BREAKOUT,8,HOLDOUT_2025_2026,2025,HALF20_RUNNER_7,-21.7183605,INITIAL_STOP,17.0
EB1:DOTUSDT:2025-09-18T20:00:00+00:00,DOTUSDT,PRE_BREAKOUT,8,HOLDOUT_2025_2026,2025,LADDER10_20_RUNNER_7,-21.7183605,INITIAL_STOP,17.0
EB1:DOTUSDT:2025-09-18T20:00:00+00:00,DOTUSDT,PRE_BREAKOUT,8,HOLDOUT_2025_2026,2025,FIXED10_5,-15.727357499999984,STOP,9.0
EB1:DOTUSDT:2025-09-18T20:00:00+00:00,DOTUSDT,PRE_BREAKOUT,8,HOLDOUT_2025_2026,2025,FIXED20_7,-21.7183605,STOP,17.0
EB1:BCHUSDT:2025-06-15T15:00:00+00:00,BCHUSDT,PRE_BREAKOUT,8,HOLDOUT_2025_2026,2025,FULL_TRAIL_7,-0.7498499999999773,RUNNER_STOP,142.0
EB1:BCHUSDT:2025-06-15T15:00:00+00:00,BCHUSDT,PRE_BREAKOUT,8,HOLDOUT_2025_2026,2025,HALF20_RUNNER_7,48.46702784922759,RUNNER_STOP,1150.0
EB1:BCHUSDT:2025-06-15T15:00:00+00:00,BCHUSDT,PRE_BREAKOUT,8,HOLDOUT_2025_2026,2025,LADDER10_20_RUNNER_7,40.978274099227605,RUNNER_STOP,1150.0
EB1:BCHUSDT:2025-06-15T15:00:00+00:00,BCHUSDT,PRE_BREAKOUT,8,HOLDOUT_2025_2026,2025,FIXED10_5,-15.727357500000041,STOP,163.0
EB1:BCHUSDT:2025-06-15T15:00:00+00:00,BCHUSDT,PRE_BREAKOUT,8,HOLDOUT_2025_2026,2025,FIXED20_7,59.16018,TARGET20,830.0
EB1:BCHUSDT:2025-06-26T05:00:00+00:00,BCHUSDT,PRE_BREAKOUT,8,HOLDOUT_2025_2026,2025,FULL_TRAIL_7,-0.7498499999999773,RUNNER_STOP,168.0
EB1:BCHUSDT:2025-06-26T05:00:00+00:00,BCHUSDT,PRE_BREAKOUT,8,HOLDOUT_2025_2026,2025,HALF20_RUNNER_7,48.478434940523385,RUNNER_STOP,2103.0
EB1:BCHUSDT:2025-06-26T05:00:00+00:00,BCHUSDT,PRE_BREAKOUT,8,HOLDOUT_2025_2026,2025,LADDER10_20_RUNNER_7,6.73890375000004,RUNNER_STOP,663.0
EB1:BCHUSDT:2025-06-26T05:00:00+00:00,BCHUSDT,PRE_BREAKOUT,8,HOLDOUT_2025_2026,2025,FIXED10_5,29.205165000000093,TARGET10,520.0
EB1:BCHUSDT:2025-06-26T05:00:00+00:00,BCHUSDT,PRE_BREAKOUT,8,HOLDOUT_2025_2026,2025,FIXED20_7,59.160180000000054,TARGET20,739.0
EB1:BCHUSDT:2025-12-03T15:00:00+00:00,BCHUSDT,PRE_BREAKOUT,8,HOLDOUT_2025_2026,2025,FULL_TRAIL_7,-21.718360499999942,INITIAL_STOP,278.0
EB1:BCHUSDT:2025-12-03T15:00:00+00:00,BCHUSDT,PRE_BREAKOUT,8,HOLDOUT_2025_2026,2025,HALF20_RUNNER_7,-21.718360499999942,INITIAL_STOP,278.0
EB1:BCHUSDT:2025-12-03T15:00:00+00:00,BCHUSDT,PRE_BREAKOUT,8,HOLDOUT_2025_2026,2025,LADDER10_20_RUNNER_7,-21.718360499999942,INITIAL_STOP,278.0
EB1:BCHUSDT:2025-12-03T15:00:00+00:00,BCHUSDT,PRE_BREAKOUT,8,HOLDOUT_2025_2026,2025,FIXED10_5,-15.727357499999984,STOP,46.0
EB1:BCHUSDT:2025-12-03T15:00:00+00:00,BCHUSDT,PRE_BREAKOUT,8,HOLDOUT_2025_2026,2025,FIXED20_7,-21.718360499999942,STOP,278.0
EB1:BCHUSDT:2026-01-11T00:00:00+00:00,BCHUSDT,PRE_BREAKOUT,8,HOLDOUT_2025_2026,2026,FULL_TRAIL_7,-21.718360499999942,INITIAL_STOP,44.0
EB1:BCHUSDT:2026-01-11T00:00:00+00:00,BCHUSDT,PRE_BREAKOUT,8,HOLDOUT_2025_2026,2026,HALF20_RUNNER_7,-21.718360499999942,INITIAL_STOP,44.0
EB1:BCHUSDT:2026-01-11T00:00:00+00:00,BCHUSDT,PRE_BREAKOUT,8,HOLDOUT_2025_2026,2026,LADDER10_20_RUNNER_7,-21.718360499999942,INITIAL_STOP,44.0
EB1:BCHUSDT:2026-01-11T00:00:00+00:00,BCHUSDT,PRE_BREAKOUT,8,HOLDOUT_2025_2026,2026,FIXED10_5,-15.727357499999984,STOP,21.0
EB1:BCHUSDT:2026-01-11T00:00:00+00:00,BCHUSDT,PRE_BREAKOUT,8,HOLDOUT_2025_2026,2026,FIXED20_7,-21.718360499999942,STOP,44.0
EB1:BCHUSDT:2026-07-10T12:00:00+00:00,BCHUSDT,PRE_BREAKOUT,8,HOLDOUT_2025_2026,2026,FULL_TRAIL_7,-21.7183605,INITIAL_STOP,115.0
EB1:BCHUSDT:2026-07-10T12:00:00+00:00,BCHUSDT,PRE_BREAKOUT,8,HOLDOUT_2025_2026,2026,HALF20_RUNNER_7,-21.7183605,INITIAL_STOP,115.0
EB1:BCHUSDT:2026-07-10T12:00:00+00:00,BCHUSDT,PRE_BREAKOUT,8,HOLDOUT_2025_2026,2026,LADDER10_20_RUNNER_7,-21.7183605,INITIAL_STOP,115.0
EB1:BCHUSDT:2026-07-10T12:00:00+00:00,BCHUSDT,PRE_BREAKOUT,8,HOLDOUT_2025_2026,2026,FIXED10_5,-15.727357499999984,STOP,71.0
EB1:BCHUSDT:2026-07-10T12:00:00+00:00,BCHUSDT,PRE_BREAKOUT,8,HOLDOUT_2025_2026,2026,FIXED20_7,-21.7183605,STOP,115.0
EB1:ATOMUSDT:2025-03-20T17:00:00+00:00,ATOMUSDT,PRE_BREAKOUT,8,HOLDOUT_2025_2026,2025,FULL_TRAIL_7,-0.7498499999999773,RUNNER_STOP,169.0
EB1:ATOMUSDT:2025-03-20T17:00:00+00:00,ATOMUSDT,PRE_BREAKOUT,8,HOLDOUT_2025_2026,2025,HALF20_RUNNER_7,-21.7183605,INITIAL_STOP,205.0
EB1:ATOMUSDT:2025-03-20T17:00:00+00:00,ATOMUSDT,PRE_BREAKOUT,8,HOLDOUT_2025_2026,2025,LADDER10_20_RUNNER_7,-21.7183605,INITIAL_STOP,205.0
EB1:ATOMUSDT:2025-03-20T17:00:00+00:00,ATOMUSDT,PRE_BREAKOUT,8,HOLDOUT_2025_2026,2025,FIXED10_5,-15.727357500000041,STOP,192.0
EB1:ATOMUSDT:2025-03-20T17:00:00+00:00,ATOMUSDT,PRE_BREAKOUT,8,HOLDOUT_2025_2026,2025,FIXED20_7,-21.7183605,STOP,205.0
EB1:ATOMUSDT:2025-05-21T20:00:00+00:00,ATOMUSDT,PRE_BREAKOUT,8,HOLDOUT_2025_2026,2025,FULL_TRAIL_7,-0.7498499999999773,RUNNER_STOP,30.0
EB1:ATOMUSDT:2025-05-21T20:00:00+00:00,ATOMUSDT,PRE_BREAKOUT,8,HOLDOUT_2025_2026,2025,HALF20_RUNNER_7,-21.718360499999942,INITIAL_STOP,66.0
EB1:ATOMUSDT:2025-05-21T20:00:00+00:00,ATOMUSDT,PRE_BREAKOUT,8,HOLDOUT_2025_2026,2025,LADDER10_20_RUNNER_7,-21.718360499999942,INITIAL_STOP,66.0
EB1:ATOMUSDT:2025-05-21T20:00:00+00:00,ATOMUSDT,PRE_BREAKOUT,8,HOLDOUT_2025_2026,2025,FIXED10_5,-15.727357500000041,STOP,41.0
EB1:ATOMUSDT:2025-05-21T20:00:00+00:00,ATOMUSDT,PRE_BREAKOUT,8,HOLDOUT_2025_2026,2025,FIXED20_7,-21.718360499999942,STOP,66.0
EB1:ATOMUSDT:2026-05-26T02:00:00+00:00,ATOMUSDT,PRE_BREAKOUT,8,HOLDOUT_2025_2026,2026,FULL_TRAIL_7,-21.7183605,INITIAL_STOP,40.0
EB1:ATOMUSDT:2026-05-26T02:00:00+00:00,ATOMUSDT,PRE_BREAKOUT,8,HOLDOUT_2025_2026,2026,HALF20_RUNNER_7,-21.7183605,INITIAL_STOP,40.0
EB1:ATOMUSDT:2026-05-26T02:00:00+00:00,ATOMUSDT,PRE_BREAKOUT,8,HOLDOUT_2025_2026,2026,LADDER10_20_RUNNER_7,-21.7183605,INITIAL_STOP,40.0
EB1:ATOMUSDT:2026-05-26T02:00:00+00:00,ATOMUSDT,PRE_BREAKOUT,8,HOLDOUT_2025_2026,2026,FIXED10_5,-15.727357500000041,STOP,33.0
EB1:ATOMUSDT:2026-05-26T02:00:00+00:00,ATOMUSDT,PRE_BREAKOUT,8,HOLDOUT_2025_2026,2026,FIXED20_7,-21.7183605,STOP,40.0
EB1:NEARUSDT:2025-08-08T00:00:00+00:00,NEARUSDT,PRE_BREAKOUT,8,HOLDOUT_2025_2026,2025,FULL_TRAIL_7,-0.7498499999999773,RUNNER_STOP,73.0
EB1:NEARUSDT:2025-08-08T00:00:00+00:00,NEARUSDT,PRE_BREAKOUT,8,HOLDOUT_2025_2026,2025,HALF20_RUNNER_7,-21.7183605,INITIAL_STOP,258.0
EB1:NEARUSDT:2025-08-08T00:00:00+00:00,NEARUSDT,PRE_BREAKOUT,8,HOLDOUT_2025_2026,2025,LADDER10_20_RUNNER_7,6.738903749999998,RUNNER_STOP,173.0
EB1:NEARUSDT:2025-08-08T00:00:00+00:00,NEARUSDT,PRE_BREAKOUT,8,HOLDOUT_2025_2026,2025,FIXED10_5,29.205165000000036,TARGET10,123.0
EB1:NEARUSDT:2025-08-08T00:00:00+00:00,NEARUSDT,PRE_BREAKOUT,8,HOLDOUT_2025_2026,2025,FIXED20_7,-21.7183605,STOP,258.0
EB1:NEARUSDT:2025-09-17T21:00:00+00:00,NEARUSDT,PRE_BREAKOUT,8,HOLDOUT_2025_2026,2025,FULL_TRAIL_7,-0.7498499999999773,RUNNER_STOP,95.0
EB1:NEARUSDT:2025-09-17T21:00:00+00:00,NEARUSDT,PRE_BREAKOUT,8,HOLDOUT_2025_2026,2025,HALF20_RUNNER_7,-21.7183605,INITIAL_STOP,191.0
EB1:NEARUSDT:2025-09-17T21:00:00+00:00,NEARUSDT,PRE_BREAKOUT,8,HOLDOUT_2025_2026,2025,LADDER10_20_RUNNER_7,6.738903750000026,RUNNER_STOP,95.0
EB1:NEARUSDT:2025-09-17T21:00:00+00:00,NEARUSDT,PRE_BREAKOUT,8,HOLDOUT_2025_2026,2025,FIXED10_5,29.205165000000036,TARGET10,11.0
EB1:NEARUSDT:2025-09-17T21:00:00+00:00,NEARUSDT,PRE_BREAKOUT,8,HOLDOUT_2025_2026,2025,FIXED20_7,-21.7183605,STOP,191.0
EB1:NEARUSDT:2026-03-16T04:00:00+00:00,NEARUSDT,PRE_BREAKOUT,8,HOLDOUT_2025_2026,2026,FULL_TRAIL_7,-0.7498499999999773,RUNNER_STOP,15.0
EB1:NEARUSDT:2026-03-16T04:00:00+00:00,NEARUSDT,PRE_BREAKOUT,8,HOLDOUT_2025_2026,2026,HALF20_RUNNER_7,-21.718360499999942,INITIAL_STOP,71.0
EB1:NEARUSDT:2026-03-16T04:00:00+00:00,NEARUSDT,PRE_BREAKOUT,8,HOLDOUT_2025_2026,2026,LADDER10_20_RUNNER_7,-21.718360499999942,INITIAL_STOP,71.0
EB1:NEARUSDT:2026-03-16T04:00:00+00:00,NEARUSDT,PRE_BREAKOUT,8,HOLDOUT_2025_2026,2026,FIXED10_5,-15.727357499999984,STOP,63.0
EB1:NEARUSDT:2026-03-16T04:00:00+00:00,NEARUSDT,PRE_BREAKOUT,8,HOLDOUT_2025_2026,2026,FIXED20_7,-21.718360499999942,STOP,71.0
EB1:NEARUSDT:2026-05-12T08:00:00+00:00,NEARUSDT,PRE_BREAKOUT,8,HOLDOUT_2025_2026,2026,FULL_TRAIL_7,-0.7498499999999773,RUNNER_STOP,18.0
EB1:NEARUSDT:2026-05-12T08:00:00+00:00,NEARUSDT,PRE_BREAKOUT,8,HOLDOUT_2025_2026,2026,HALF20_RUNNER_7,-21.7183605,INITIAL_STOP,125.0
EB1:NEARUSDT:2026-05-12T08:00:00+00:00,NEARUSDT,PRE_BREAKOUT,8,HOLDOUT_2025_2026,2026,LADDER10_20_RUNNER_7,-21.7183605,INITIAL_STOP,125.0
EB1:NEARUSDT:2026-05-12T08:00:00+00:00,NEARUSDT,PRE_BREAKOUT,8,HOLDOUT_2025_2026,2026,FIXED10_5,-15.727357499999984,STOP,85.0
EB1:NEARUSDT:2026-05-12T08:00:00+00:00,NEARUSDT,PRE_BREAKOUT,8,HOLDOUT_2025_2026,2026,FIXED20_7,-21.7183605,STOP,125.0
EB1:NEARUSDT:2026-06-14T23:00:00+00:00,NEARUSDT,PRE_BREAKOUT,8,HOLDOUT_2025_2026,2026,FULL_TRAIL_7,-0.7498499999999773,RUNNER_STOP,14.0
EB1:NEARUSDT:2026-06-14T23:00:00+00:00,NEARUSDT,PRE_BREAKOUT,8,HOLDOUT_2025_2026,2026,HALF20_RUNNER_7,-21.718360499999942,INITIAL_STOP,61.0
EB1:NEARUSDT:2026-06-14T23:00:00+00:00,NEARUSDT,PRE_BREAKOUT,8,HOLDOUT_2025_2026,2026,LADDER10_20_RUNNER_7,-21.718360499999942,INITIAL_STOP,61.0
EB1:NEARUSDT:2026-06-14T23:00:00+00:00,NEARUSDT,PRE_BREAKOUT,8,HOLDOUT_2025_2026,2026,FIXED10_5,-15.727357499999984,STOP,58.0
EB1:NEARUSDT:2026-06-14T23:00:00+00:00,NEARUSDT,PRE_BREAKOUT,8,HOLDOUT_2025_2026,2026,FIXED20_7,-21.718360499999942,STOP,61.0
EB1:FETUSDT:2025-07-16T17:00:00+00:00,FETUSDT,PRE_BREAKOUT,8,HOLDOUT_2025_2026,2025,FULL_TRAIL_7,-0.7498499999999773,RUNNER_STOP,36.0
EB1:FETUSDT:2025-07-16T17:00:00+00:00,FETUSDT,PRE_BREAKOUT,8,HOLDOUT_2025_2026,2025,HALF20_RUNNER_7,-21.718360499999942,INITIAL_STOP,171.0
EB1:FETUSDT:2025-07-16T17:00:00+00:00,FETUSDT,PRE_BREAKOUT,8,HOLDOUT_2025_2026,2025,LADDER10_20_RUNNER_7,6.738903750000069,RUNNER_STOP,151.0
EB1:FETUSDT:2025-07-16T17:00:00+00:00,FETUSDT,PRE_BREAKOUT,8,HOLDOUT_2025_2026,2025,FIXED10_5,29.205165000000093,TARGET10,106.0
EB1:FETUSDT:2025-07-16T17:00:00+00:00,FETUSDT,PRE_BREAKOUT,8,HOLDOUT_2025_2026,2025,FIXED20_7,-21.718360499999942,STOP,171.0
EB1:FETUSDT:2026-03-11T01:00:00+00:00,FETUSDT,PRE_BREAKOUT,8,HOLDOUT_2025_2026,2026,FULL_TRAIL_7,80.79742492356075,RUNNER_STOP,1021.0
EB1:FETUSDT:2026-03-11T01:00:00+00:00,FETUSDT,PRE_BREAKOUT,8,HOLDOUT_2025_2026,2026,HALF20_RUNNER_7,69.9788024617804,RUNNER_STOP,1021.0
EB1:FETUSDT:2026-03-11T01:00:00+00:00,FETUSDT,PRE_BREAKOUT,8,HOLDOUT_2025_2026,2026,LADDER10_20_RUNNER_7,62.49004871178041,RUNNER_STOP,1021.0
EB1:FETUSDT:2026-03-11T01:00:00+00:00,FETUSDT,PRE_BREAKOUT,8,HOLDOUT_2025_2026,2026,FIXED10_5,29.205165000000093,TARGET10,36.0
EB1:FETUSDT:2026-03-11T01:00:00+00:00,FETUSDT,PRE_BREAKOUT,8,HOLDOUT_2025_2026,2026,FIXED20_7,59.160180000000054,TARGET20,42.0
EB1:FETUSDT:2026-05-25T15:00:00+00:00,FETUSDT,BREAKOUT_ATTEMPT,8,HOLDOUT_2025_2026,2026,FULL_TRAIL_7,-0.7498499999999773,RUNNER_STOP,50.0
EB1:FETUSDT:2026-05-25T15:00:00+00:00,FETUSDT,BREAKOUT_ATTEMPT,8,HOLDOUT_2025_2026,2026,HALF20_RUNNER_7,29.20516499999998,RUNNER_STOP,223.0
EB1:FETUSDT:2026-05-25T15:00:00+00:00,FETUSDT,BREAKOUT_ATTEMPT,8,HOLDOUT_2025_2026,2026,LADDER10_20_RUNNER_7,6.738903749999998,RUNNER_STOP,50.0
EB1:FETUSDT:2026-05-25T15:00:00+00:00,FETUSDT,BREAKOUT_ATTEMPT,8,HOLDOUT_2025_2026,2026,FIXED10_5,29.205165000000036,TARGET10,9.0
EB1:FETUSDT:2026-05-25T15:00:00+00:00,FETUSDT,BREAKOUT_ATTEMPT,8,HOLDOUT_2025_2026,2026,FIXED20_7,59.16017999999994,TARGET20,108.0
EB1:INJUSDT:2025-05-08T07:00:00+00:00,INJUSDT,PRE_BREAKOUT,8,HOLDOUT_2025_2026,2025,FULL_TRAIL_7,38.59236802688098,RUNNER_STOP,164.0
EB1:INJUSDT:2025-05-08T07:00:00+00:00,INJUSDT,PRE_BREAKOUT,8,HOLDOUT_2025_2026,2025,HALF20_RUNNER_7,48.876274013440515,RUNNER_STOP,164.0
EB1:INJUSDT:2025-05-08T07:00:00+00:00,INJUSDT,PRE_BREAKOUT,8,HOLDOUT_2025_2026,2025,LADDER10_20_RUNNER_7,41.38752026344051,RUNNER_STOP,164.0
EB1:INJUSDT:2025-05-08T07:00:00+00:00,INJUSDT,PRE_BREAKOUT,8,HOLDOUT_2025_2026,2025,FIXED10_5,29.205165000000036,TARGET10,15.0
EB1:INJUSDT:2025-05-08T07:00:00+00:00,INJUSDT,PRE_BREAKOUT,8,HOLDOUT_2025_2026,2025,FIXED20_7,59.160180000000054,TARGET20,50.0
EB1:INJUSDT:2025-06-07T14:00:00+00:00,INJUSDT,PRE_BREAKOUT,8,HOLDOUT_2025_2026,2025,FULL_TRAIL_7,-0.7498499999999773,RUNNER_STOP,96.0
EB1:INJUSDT:2025-06-07T14:00:00+00:00,INJUSDT,PRE_BREAKOUT,8,HOLDOUT_2025_2026,2025,HALF20_RUNNER_7,-21.718360499999942,INITIAL_STOP,120.0
EB1:INJUSDT:2025-06-07T14:00:00+00:00,INJUSDT,PRE_BREAKOUT,8,HOLDOUT_2025_2026,2025,LADDER10_20_RUNNER_7,-21.718360499999942,INITIAL_STOP,120.0
EB1:INJUSDT:2025-06-07T14:00:00+00:00,INJUSDT,PRE_BREAKOUT,8,HOLDOUT_2025_2026,2025,FIXED10_5,-15.727357499999984,STOP,116.0
EB1:INJUSDT:2025-06-07T14:00:00+00:00,INJUSDT,PRE_BREAKOUT,8,HOLDOUT_2025_2026,2025,FIXED20_7,-21.718360499999942,STOP,120.0
EB1:INJUSDT:2025-09-17T21:00:00+00:00,INJUSDT,PRE_BREAKOUT,8,HOLDOUT_2025_2026,2025,FULL_TRAIL_7,-21.7183605,INITIAL_STOP,89.0
EB1:INJUSDT:2025-09-17T21:00:00+00:00,INJUSDT,PRE_BREAKOUT,8,HOLDOUT_2025_2026,2025,HALF20_RUNNER_7,-21.7183605,INITIAL_STOP,89.0
EB1:INJUSDT:2025-09-17T21:00:00+00:00,INJUSDT,PRE_BREAKOUT,8,HOLDOUT_2025_2026,2025,LADDER10_20_RUNNER_7,-21.7183605,INITIAL_STOP,89.0
EB1:INJUSDT:2025-09-17T21:00:00+00:00,INJUSDT,PRE_BREAKOUT,8,HOLDOUT_2025_2026,2025,FIXED10_5,-15.727357499999984,STOP,74.0
EB1:INJUSDT:2025-09-17T21:00:00+00:00,INJUSDT,PRE_BREAKOUT,8,HOLDOUT_2025_2026,2025,FIXED20_7,-21.7183605,STOP,89.0
EB1:INJUSDT:2026-05-11T10:00:00+00:00,INJUSDT,BREAKOUT_ATTEMPT,8,HOLDOUT_2025_2026,2026,FULL_TRAIL_7,-0.7498499999999773,RUNNER_STOP,4.0
EB1:INJUSDT:2026-05-11T10:00:00+00:00,INJUSDT,BREAKOUT_ATTEMPT,8,HOLDOUT_2025_2026,2026,HALF20_RUNNER_7,49.670211806939264,RUNNER_STOP,47.0
EB1:INJUSDT:2026-05-11T10:00:00+00:00,INJUSDT,BREAKOUT_ATTEMPT,8,HOLDOUT_2025_2026,2026,LADDER10_20_RUNNER_7,42.18145805693928,RUNNER_STOP,47.0
EB1:INJUSDT:2026-05-11T10:00:00+00:00,INJUSDT,BREAKOUT_ATTEMPT,8,HOLDOUT_2025_2026,2026,FIXED10_5,29.205165000000036,TARGET10,30.0
EB1:INJUSDT:2026-05-11T10:00:00+00:00,INJUSDT,BREAKOUT_ATTEMPT,8,HOLDOUT_2025_2026,2026,FIXED20_7,59.16018,TARGET20,35.0
EB1:INJUSDT:2026-07-20T09:00:00+00:00,INJUSDT,BREAKOUT_ATTEMPT,8,HOLDOUT_2025_2026,2026,FULL_TRAIL_7,-21.7183605,INITIAL_STOP,117.0
EB1:INJUSDT:2026-07-20T09:00:00+00:00,INJUSDT,BREAKOUT_ATTEMPT,8,HOLDOUT_2025_2026,2026,HALF20_RUNNER_7,-21.7183605,INITIAL_STOP,117.0
EB1:INJUSDT:2026-07-20T09:00:00+00:00,INJUSDT,BREAKOUT_ATTEMPT,8,HOLDOUT_2025_2026,2026,LADDER10_20_RUNNER_7,-21.7183605,INITIAL_STOP,117.0
EB1:INJUSDT:2026-07-20T09:00:00+00:00,INJUSDT,BREAKOUT_ATTEMPT,8,HOLDOUT_2025_2026,2026,FIXED10_5,-15.727357500000041,STOP,54.0
EB1:INJUSDT:2026-07-20T09:00:00+00:00,INJUSDT,BREAKOUT_ATTEMPT,8,HOLDOUT_2025_2026,2026,FIXED20_7,-21.7183605,STOP,117.0
EB1:RUNEUSDT:2026-06-16T05:00:00+00:00,RUNEUSDT,BREAKOUT_ATTEMPT,8,HOLDOUT_2025_2026,2026,FULL_TRAIL_7,-0.7498499999999773,RUNNER_STOP,48.0
EB1:RUNEUSDT:2026-06-16T05:00:00+00:00,RUNEUSDT,BREAKOUT_ATTEMPT,8,HOLDOUT_2025_2026,2026,HALF20_RUNNER_7,-21.718360499999942,INITIAL_STOP,310.0
EB1:RUNEUSDT:2026-06-16T05:00:00+00:00,RUNEUSDT,BREAKOUT_ATTEMPT,8,HOLDOUT_2025_2026,2026,LADDER10_20_RUNNER_7,-21.718360499999942,INITIAL_STOP,310.0
EB1:RUNEUSDT:2026-06-16T05:00:00+00:00,RUNEUSDT,BREAKOUT_ATTEMPT,8,HOLDOUT_2025_2026,2026,FIXED10_5,-15.727357499999984,STOP,69.0
EB1:RUNEUSDT:2026-06-16T05:00:00+00:00,RUNEUSDT,BREAKOUT_ATTEMPT,8,HOLDOUT_2025_2026,2026,FIXED20_7,-21.718360499999942,STOP,310.0
EB1:APTUSDT:2025-05-22T08:00:00+00:00,APTUSDT,PRE_BREAKOUT,8,HOLDOUT_2025_2026,2025,FULL_TRAIL_7,-0.7498499999999773,RUNNER_STOP,17.0
EB1:APTUSDT:2025-05-22T08:00:00+00:00,APTUSDT,PRE_BREAKOUT,8,HOLDOUT_2025_2026,2025,HALF20_RUNNER_7,-21.7183605,INITIAL_STOP,53.0
EB1:APTUSDT:2025-05-22T08:00:00+00:00,APTUSDT,PRE_BREAKOUT,8,HOLDOUT_2025_2026,2025,LADDER10_20_RUNNER_7,-21.7183605,INITIAL_STOP,53.0
EB1:APTUSDT:2025-05-22T08:00:00+00:00,APTUSDT,PRE_BREAKOUT,8,HOLDOUT_2025_2026,2025,FIXED10_5,-15.727357499999984,STOP,29.0
EB1:APTUSDT:2025-05-22T08:00:00+00:00,APTUSDT,PRE_BREAKOUT,8,HOLDOUT_2025_2026,2025,FIXED20_7,-21.7183605,STOP,53.0
EB1:OPUSDT:2025-07-15T17:00:00+00:00,OPUSDT,PRE_BREAKOUT,8,HOLDOUT_2025_2026,2025,FULL_TRAIL_7,-0.7498499999999773,RUNNER_STOP,22.0
EB1:OPUSDT:2025-07-15T17:00:00+00:00,OPUSDT,PRE_BREAKOUT,8,HOLDOUT_2025_2026,2025,HALF20_RUNNER_7,29.205165000000036,RUNNER_STOP,344.0
EB1:OPUSDT:2025-07-15T17:00:00+00:00,OPUSDT,PRE_BREAKOUT,8,HOLDOUT_2025_2026,2025,LADDER10_20_RUNNER_7,6.738903750000026,RUNNER_STOP,182.0
EB1:OPUSDT:2025-07-15T17:00:00+00:00,OPUSDT,PRE_BREAKOUT,8,HOLDOUT_2025_2026,2025,FIXED10_5,29.205165000000036,TARGET10,49.0
EB1:OPUSDT:2025-07-15T17:00:00+00:00,OPUSDT,PRE_BREAKOUT,8,HOLDOUT_2025_2026,2025,FIXED20_7,59.160180000000054,TARGET20,289.0
EB1:OPUSDT:2025-08-13T08:00:00+00:00,OPUSDT,PRE_BREAKOUT,8,HOLDOUT_2025_2026,2025,FULL_TRAIL_7,-21.7183605,INITIAL_STOP,18.0
EB1:OPUSDT:2025-08-13T08:00:00+00:00,OPUSDT,PRE_BREAKOUT,8,HOLDOUT_2025_2026,2025,HALF20_RUNNER_7,-21.7183605,INITIAL_STOP,18.0
EB1:OPUSDT:2025-08-13T08:00:00+00:00,OPUSDT,PRE_BREAKOUT,8,HOLDOUT_2025_2026,2025,LADDER10_20_RUNNER_7,-21.7183605,INITIAL_STOP,18.0
EB1:OPUSDT:2025-08-13T08:00:00+00:00,OPUSDT,PRE_BREAKOUT,8,HOLDOUT_2025_2026,2025,FIXED10_5,-15.727357500000041,STOP,16.0
EB1:OPUSDT:2025-08-13T08:00:00+00:00,OPUSDT,PRE_BREAKOUT,8,HOLDOUT_2025_2026,2025,FIXED20_7,-21.7183605,STOP,18.0
EB1:OPUSDT:2025-09-17T21:00:00+00:00,OPUSDT,PRE_BREAKOUT,8,HOLDOUT_2025_2026,2025,FULL_TRAIL_7,-0.7498499999999773,RUNNER_STOP,28.0
EB1:OPUSDT:2025-09-17T21:00:00+00:00,OPUSDT,PRE_BREAKOUT,8,HOLDOUT_2025_2026,2025,HALF20_RUNNER_7,-21.718360499999942,INITIAL_STOP,89.0
EB1:OPUSDT:2025-09-17T21:00:00+00:00,OPUSDT,PRE_BREAKOUT,8,HOLDOUT_2025_2026,2025,LADDER10_20_RUNNER_7,-21.718360499999942,INITIAL_STOP,89.0
EB1:OPUSDT:2025-09-17T21:00:00+00:00,OPUSDT,PRE_BREAKOUT,8,HOLDOUT_2025_2026,2025,FIXED10_5,-15.727357499999984,STOP,89.0
EB1:OPUSDT:2025-09-17T21:00:00+00:00,OPUSDT,PRE_BREAKOUT,8,HOLDOUT_2025_2026,2025,FIXED20_7,-21.718360499999942,STOP,89.0
EB1:OPUSDT:2026-05-06T03:00:00+00:00,OPUSDT,PRE_BREAKOUT,8,HOLDOUT_2025_2026,2026,FULL_TRAIL_7,38.20834601776372,RUNNER_STOP,132.0
EB1:OPUSDT:2026-05-06T03:00:00+00:00,OPUSDT,PRE_BREAKOUT,8,HOLDOUT_2025_2026,2026,HALF20_RUNNER_7,48.68426300888186,RUNNER_STOP,132.0
EB1:OPUSDT:2026-05-06T03:00:00+00:00,OPUSDT,PRE_BREAKOUT,8,HOLDOUT_2025_2026,2026,LADDER10_20_RUNNER_7,41.19550925888187,RUNNER_STOP,132.0
EB1:OPUSDT:2026-05-06T03:00:00+00:00,OPUSDT,PRE_BREAKOUT,8,HOLDOUT_2025_2026,2026,FIXED10_5,29.205165000000036,TARGET10,38.0
EB1:OPUSDT:2026-05-06T03:00:00+00:00,OPUSDT,PRE_BREAKOUT,8,HOLDOUT_2025_2026,2026,FIXED20_7,59.16018,TARGET20,53.0
EB1:ARBUSDT:2025-08-08T00:00:00+00:00,ARBUSDT,PRE_BREAKOUT,8,HOLDOUT_2025_2026,2025,FULL_TRAIL_7,44.30908975797977,RUNNER_STOP,173.0
EB1:ARBUSDT:2025-08-08T00:00:00+00:00,ARBUSDT,PRE_BREAKOUT,8,HOLDOUT_2025_2026,2025,HALF20_RUNNER_7,51.73463487898988,RUNNER_STOP,173.0
EB1:ARBUSDT:2025-08-08T00:00:00+00:00,ARBUSDT,PRE_BREAKOUT,8,HOLDOUT_2025_2026,2025,LADDER10_20_RUNNER_7,44.24588112898989,RUNNER_STOP,173.0
EB1:ARBUSDT:2025-08-08T00:00:00+00:00,ARBUSDT,PRE_BREAKOUT,8,HOLDOUT_2025_2026,2025,FIXED10_5,29.205165000000036,TARGET10,24.0
EB1:ARBUSDT:2025-08-08T00:00:00+00:00,ARBUSDT,PRE_BREAKOUT,8,HOLDOUT_2025_2026,2025,FIXED20_7,59.16018,TARGET20,123.0
EB1:ARBUSDT:2026-01-06T14:00:00+00:00,ARBUSDT,PRE_BREAKOUT,8,HOLDOUT_2025_2026,2026,FULL_TRAIL_7,-21.7183605,INITIAL_STOP,31.0
EB1:ARBUSDT:2026-01-06T14:00:00+00:00,ARBUSDT,PRE_BREAKOUT,8,HOLDOUT_2025_2026,2026,HALF20_RUNNER_7,-21.7183605,INITIAL_STOP,31.0
EB1:ARBUSDT:2026-01-06T14:00:00+00:00,ARBUSDT,PRE_BREAKOUT,8,HOLDOUT_2025_2026,2026,LADDER10_20_RUNNER_7,-21.7183605,INITIAL_STOP,31.0
EB1:ARBUSDT:2026-01-06T14:00:00+00:00,ARBUSDT,PRE_BREAKOUT,8,HOLDOUT_2025_2026,2026,FIXED10_5,-15.727357500000041,STOP,15.0
EB1:ARBUSDT:2026-01-06T14:00:00+00:00,ARBUSDT,PRE_BREAKOUT,8,HOLDOUT_2025_2026,2026,FIXED20_7,-21.7183605,STOP,31.0
EB1:ARBUSDT:2026-01-17T14:00:00+00:00,ARBUSDT,PRE_BREAKOUT,8,HOLDOUT_2025_2026,2026,FULL_TRAIL_7,-21.7183605,INITIAL_STOP,24.0
EB1:ARBUSDT:2026-01-17T14:00:00+00:00,ARBUSDT,PRE_BREAKOUT,8,HOLDOUT_2025_2026,2026,HALF20_RUNNER_7,-21.7183605,INITIAL_STOP,24.0
EB1:ARBUSDT:2026-01-17T14:00:00+00:00,ARBUSDT,PRE_BREAKOUT,8,HOLDOUT_2025_2026,2026,LADDER10_20_RUNNER_7,-21.7183605,INITIAL_STOP,24.0
EB1:ARBUSDT:2026-01-17T14:00:00+00:00,ARBUSDT,PRE_BREAKOUT,8,HOLDOUT_2025_2026,2026,FIXED10_5,-15.727357499999984,STOP,24.0
EB1:ARBUSDT:2026-01-17T14:00:00+00:00,ARBUSDT,PRE_BREAKOUT,8,HOLDOUT_2025_2026,2026,FIXED20_7,-21.7183605,STOP,24.0
EB1:ARBUSDT:2026-04-07T21:00:00+00:00,ARBUSDT,BREAKOUT_ATTEMPT,8,HOLDOUT_2025_2026,2026,FULL_TRAIL_7,38.76117483659041,RUNNER_STOP,617.0
EB1:ARBUSDT:2026-04-07T21:00:00+00:00,ARBUSDT,BREAKOUT_ATTEMPT,8,HOLDOUT_2025_2026,2026,HALF20_RUNNER_7,48.960677418295205,RUNNER_STOP,617.0
EB1:ARBUSDT:2026-04-07T21:00:00+00:00,ARBUSDT,BREAKOUT_ATTEMPT,8,HOLDOUT_2025_2026,2026,LADDER10_20_RUNNER_7,41.47192366829521,RUNNER_STOP,617.0
EB1:ARBUSDT:2026-04-07T21:00:00+00:00,ARBUSDT,BREAKOUT_ATTEMPT,8,HOLDOUT_2025_2026,2026,FIXED10_5,29.205165000000036,TARGET10,62.0
EB1:ARBUSDT:2026-04-07T21:00:00+00:00,ARBUSDT,BREAKOUT_ATTEMPT,8,HOLDOUT_2025_2026,2026,FIXED20_7,59.16018,TARGET20,198.0
EB1:ARBUSDT:2026-04-16T07:00:00+00:00,ARBUSDT,PRE_BREAKOUT,8,HOLDOUT_2025_2026,2026,FULL_TRAIL_7,-0.7498499999999773,RUNNER_STOP,78.0
EB1:ARBUSDT:2026-04-16T07:00:00+00:00,ARBUSDT,PRE_BREAKOUT,8,HOLDOUT_2025_2026,2026,HALF20_RUNNER_7,29.205165000000036,RUNNER_STOP,709.0
EB1:ARBUSDT:2026-04-16T07:00:00+00:00,ARBUSDT,PRE_BREAKOUT,8,HOLDOUT_2025_2026,2026,LADDER10_20_RUNNER_7,6.73890375000004,RUNNER_STOP,78.0
EB1:ARBUSDT:2026-04-16T07:00:00+00:00,ARBUSDT,PRE_BREAKOUT,8,HOLDOUT_2025_2026,2026,FIXED10_5,29.205165000000093,TARGET10,18.0
EB1:ARBUSDT:2026-04-16T07:00:00+00:00,ARBUSDT,PRE_BREAKOUT,8,HOLDOUT_2025_2026,2026,FIXED20_7,59.160180000000054,TARGET20,529.0
EB1:ARBUSDT:2026-04-24T19:00:00+00:00,ARBUSDT,PRE_BREAKOUT,8,HOLDOUT_2025_2026,2026,FULL_TRAIL_7,-21.7183605,INITIAL_STOP,109.0
EB1:ARBUSDT:2026-04-24T19:00:00+00:00,ARBUSDT,PRE_BREAKOUT,8,HOLDOUT_2025_2026,2026,HALF20_RUNNER_7,-21.7183605,INITIAL_STOP,109.0
EB1:ARBUSDT:2026-04-24T19:00:00+00:00,ARBUSDT,PRE_BREAKOUT,8,HOLDOUT_2025_2026,2026,LADDER10_20_RUNNER_7,-21.7183605,INITIAL_STOP,109.0
EB1:ARBUSDT:2026-04-24T19:00:00+00:00,ARBUSDT,PRE_BREAKOUT,8,HOLDOUT_2025_2026,2026,FIXED10_5,-15.727357499999984,STOP,56.0
EB1:ARBUSDT:2026-04-24T19:00:00+00:00,ARBUSDT,PRE_BREAKOUT,8,HOLDOUT_2025_2026,2026,FIXED20_7,-21.7183605,STOP,109.0
EB1:ARBUSDT:2026-05-06T12:00:00+00:00,ARBUSDT,PRE_BREAKOUT,8,HOLDOUT_2025_2026,2026,FULL_TRAIL_7,-0.7498499999999773,RUNNER_STOP,199.0
EB1:ARBUSDT:2026-05-06T12:00:00+00:00,ARBUSDT,PRE_BREAKOUT,8,HOLDOUT_2025_2026,2026,HALF20_RUNNER_7,-21.7183605,INITIAL_STOP,225.0
EB1:ARBUSDT:2026-05-06T12:00:00+00:00,ARBUSDT,PRE_BREAKOUT,8,HOLDOUT_2025_2026,2026,LADDER10_20_RUNNER_7,6.738903749999998,RUNNER_STOP,199.0
EB1:ARBUSDT:2026-05-06T12:00:00+00:00,ARBUSDT,PRE_BREAKOUT,8,HOLDOUT_2025_2026,2026,FIXED10_5,29.205165000000036,TARGET10,43.0
EB1:ARBUSDT:2026-05-06T12:00:00+00:00,ARBUSDT,PRE_BREAKOUT,8,HOLDOUT_2025_2026,2026,FIXED20_7,-21.7183605,STOP,225.0
EB1:AAVEUSDT:2025-07-14T03:00:00+00:00,AAVEUSDT,BREAKOUT_ATTEMPT,8,HOLDOUT_2025_2026,2025,FULL_TRAIL_7,-21.7183605,INITIAL_STOP,193.0
EB1:AAVEUSDT:2025-07-14T03:00:00+00:00,AAVEUSDT,BREAKOUT_ATTEMPT,8,HOLDOUT_2025_2026,2025,HALF20_RUNNER_7,-21.7183605,INITIAL_STOP,193.0
EB1:AAVEUSDT:2025-07-14T03:00:00+00:00,AAVEUSDT,BREAKOUT_ATTEMPT,8,HOLDOUT_2025_2026,2025,LADDER10_20_RUNNER_7,-21.7183605,INITIAL_STOP,193.0
EB1:AAVEUSDT:2025-07-14T03:00:00+00:00,AAVEUSDT,BREAKOUT_ATTEMPT,8,HOLDOUT_2025_2026,2025,FIXED10_5,-15.727357500000041,STOP,13.0
EB1:AAVEUSDT:2025-07-14T03:00:00+00:00,AAVEUSDT,BREAKOUT_ATTEMPT,8,HOLDOUT_2025_2026,2025,FIXED20_7,-21.7183605,STOP,193.0
EB1:AAVEUSDT:2026-03-13T00:00:00+00:00,AAVEUSDT,PRE_BREAKOUT,8,HOLDOUT_2025_2026,2026,FULL_TRAIL_7,-0.7498499999999773,RUNNER_STOP,122.0
EB1:AAVEUSDT:2026-03-13T00:00:00+00:00,AAVEUSDT,PRE_BREAKOUT,8,HOLDOUT_2025_2026,2026,HALF20_RUNNER_7,-21.718360499999942,INITIAL_STOP,206.0
EB1:AAVEUSDT:2026-03-13T00:00:00+00:00,AAVEUSDT,PRE_BREAKOUT,8,HOLDOUT_2025_2026,2026,LADDER10_20_RUNNER_7,-21.718360499999942,INITIAL_STOP,206.0
EB1:AAVEUSDT:2026-03-13T00:00:00+00:00,AAVEUSDT,PRE_BREAKOUT,8,HOLDOUT_2025_2026,2026,FIXED10_5,-15.727357499999984,STOP,172.0
EB1:AAVEUSDT:2026-03-13T00:00:00+00:00,AAVEUSDT,PRE_BREAKOUT,8,HOLDOUT_2025_2026,2026,FIXED20_7,-21.718360499999942,STOP,206.0
EB1:AAVEUSDT:2026-07-10T09:00:00+00:00,AAVEUSDT,PRE_BREAKOUT,8,HOLDOUT_2025_2026,2026,FULL_TRAIL_7,-0.7498499999999773,RUNNER_STOP,56.0
EB1:AAVEUSDT:2026-07-10T09:00:00+00:00,AAVEUSDT,PRE_BREAKOUT,8,HOLDOUT_2025_2026,2026,HALF20_RUNNER_7,-21.718360499999942,INITIAL_STOP,177.0
EB1:AAVEUSDT:2026-07-10T09:00:00+00:00,AAVEUSDT,PRE_BREAKOUT,8,HOLDOUT_2025_2026,2026,LADDER10_20_RUNNER_7,-21.718360499999942,INITIAL_STOP,177.0
EB1:AAVEUSDT:2026-07-10T09:00:00+00:00,AAVEUSDT,PRE_BREAKOUT,8,HOLDOUT_2025_2026,2026,FIXED10_5,-15.727357499999984,STOP,150.0
EB1:AAVEUSDT:2026-07-10T09:00:00+00:00,AAVEUSDT,PRE_BREAKOUT,8,HOLDOUT_2025_2026,2026,FIXED20_7,-21.718360499999942,STOP,177.0
EB1:ZECUSDT:2025-03-25T08:00:00+00:00,ZECUSDT,PRE_BREAKOUT,8,HOLDOUT_2025_2026,2025,FULL_TRAIL_7,-0.7498499999999773,RUNNER_STOP,58.0
EB1:ZECUSDT:2025-03-25T08:00:00+00:00,ZECUSDT,PRE_BREAKOUT,8,HOLDOUT_2025_2026,2025,HALF20_RUNNER_7,-21.718360500000056,INITIAL_STOP,299.0
EB1:ZECUSDT:2025-03-25T08:00:00+00:00,ZECUSDT,PRE_BREAKOUT,8,HOLDOUT_2025_2026,2025,LADDER10_20_RUNNER_7,6.738903750000026,RUNNER_STOP,277.0
EB1:ZECUSDT:2025-03-25T08:00:00+00:00,ZECUSDT,PRE_BREAKOUT,8,HOLDOUT_2025_2026,2025,FIXED10_5,29.205165000000036,TARGET10,165.0
EB1:ZECUSDT:2025-03-25T08:00:00+00:00,ZECUSDT,PRE_BREAKOUT,8,HOLDOUT_2025_2026,2025,FIXED20_7,-21.718360500000056,STOP,299.0
EB1:ZECUSDT:2025-07-20T18:00:00+00:00,ZECUSDT,PRE_BREAKOUT,8,HOLDOUT_2025_2026,2025,FULL_TRAIL_7,-21.718360499999942,INITIAL_STOP,28.0
EB1:ZECUSDT:2025-07-20T18:00:00+00:00,ZECUSDT,PRE_BREAKOUT,8,HOLDOUT_2025_2026,2025,HALF20_RUNNER_7,-21.718360499999942,INITIAL_STOP,28.0
EB1:ZECUSDT:2025-07-20T18:00:00+00:00,ZECUSDT,PRE_BREAKOUT,8,HOLDOUT_2025_2026,2025,LADDER10_20_RUNNER_7,-21.718360499999942,INITIAL_STOP,28.0
EB1:ZECUSDT:2025-07-20T18:00:00+00:00,ZECUSDT,PRE_BREAKOUT,8,HOLDOUT_2025_2026,2025,FIXED10_5,-15.727357499999984,STOP,21.0
EB1:ZECUSDT:2025-07-20T18:00:00+00:00,ZECUSDT,PRE_BREAKOUT,8,HOLDOUT_2025_2026,2025,FIXED20_7,-21.718360499999942,STOP,28.0
EB1:ZECUSDT:2025-09-13T14:00:00+00:00,ZECUSDT,PRE_BREAKOUT,8,HOLDOUT_2025_2026,2025,FULL_TRAIL_7,-0.7498499999999773,RUNNER_STOP,13.0
EB1:ZECUSDT:2025-09-13T14:00:00+00:00,ZECUSDT,PRE_BREAKOUT,8,HOLDOUT_2025_2026,2025,HALF20_RUNNER_7,-21.7183605,INITIAL_STOP,38.0
EB1:ZECUSDT:2025-09-13T14:00:00+00:00,ZECUSDT,PRE_BREAKOUT,8,HOLDOUT_2025_2026,2025,LADDER10_20_RUNNER_7,-21.7183605,INITIAL_STOP,38.0
EB1:ZECUSDT:2025-09-13T14:00:00+00:00,ZECUSDT,PRE_BREAKOUT,8,HOLDOUT_2025_2026,2025,FIXED10_5,-15.727357500000041,STOP,23.0
EB1:ZECUSDT:2025-09-13T14:00:00+00:00,ZECUSDT,PRE_BREAKOUT,8,HOLDOUT_2025_2026,2025,FIXED20_7,-21.7183605,STOP,38.0
EB1:CRVUSDT:2025-04-30T17:00:00+00:00,CRVUSDT,PRE_BREAKOUT,8,HOLDOUT_2025_2026,2025,FULL_TRAIL_7,-21.7183605,INITIAL_STOP,95.0
EB1:CRVUSDT:2025-04-30T17:00:00+00:00,CRVUSDT,PRE_BREAKOUT,8,HOLDOUT_2025_2026,2025,HALF20_RUNNER_7,-21.7183605,INITIAL_STOP,95.0
EB1:CRVUSDT:2025-04-30T17:00:00+00:00,CRVUSDT,PRE_BREAKOUT,8,HOLDOUT_2025_2026,2025,LADDER10_20_RUNNER_7,-21.7183605,INITIAL_STOP,95.0
EB1:CRVUSDT:2025-04-30T17:00:00+00:00,CRVUSDT,PRE_BREAKOUT,8,HOLDOUT_2025_2026,2025,FIXED10_5,-15.727357500000041,STOP,70.0
EB1:CRVUSDT:2025-04-30T17:00:00+00:00,CRVUSDT,PRE_BREAKOUT,8,HOLDOUT_2025_2026,2025,FIXED20_7,-21.7183605,STOP,95.0
EB1:CRVUSDT:2026-01-16T02:00:00+00:00,CRVUSDT,PRE_BREAKOUT,8,HOLDOUT_2025_2026,2026,FULL_TRAIL_7,-0.7498500000000341,RUNNER_STOP,32.0
EB1:CRVUSDT:2026-01-16T02:00:00+00:00,CRVUSDT,PRE_BREAKOUT,8,HOLDOUT_2025_2026,2026,HALF20_RUNNER_7,-21.7183605,INITIAL_STOP,60.0
EB1:CRVUSDT:2026-01-16T02:00:00+00:00,CRVUSDT,PRE_BREAKOUT,8,HOLDOUT_2025_2026,2026,LADDER10_20_RUNNER_7,-21.7183605,INITIAL_STOP,60.0
EB1:CRVUSDT:2026-01-16T02:00:00+00:00,CRVUSDT,PRE_BREAKOUT,8,HOLDOUT_2025_2026,2026,FIXED10_5,-15.727357500000041,STOP,59.0
EB1:CRVUSDT:2026-01-16T02:00:00+00:00,CRVUSDT,PRE_BREAKOUT,8,HOLDOUT_2025_2026,2026,FIXED20_7,-21.7183605,STOP,60.0
EB1:CRVUSDT:2026-03-25T16:00:00+00:00,CRVUSDT,PRE_BREAKOUT,8,HOLDOUT_2025_2026,2026,FULL_TRAIL_7,-21.718360499999942,INITIAL_STOP,17.0
EB1:CRVUSDT:2026-03-25T16:00:00+00:00,CRVUSDT,PRE_BREAKOUT,8,HOLDOUT_2025_2026,2026,HALF20_RUNNER_7,-21.718360499999942,INITIAL_STOP,17.0
EB1:CRVUSDT:2026-03-25T16:00:00+00:00,CRVUSDT,PRE_BREAKOUT,8,HOLDOUT_2025_2026,2026,LADDER10_20_RUNNER_7,-21.718360499999942,INITIAL_STOP,17.0
EB1:CRVUSDT:2026-03-25T16:00:00+00:00,CRVUSDT,PRE_BREAKOUT,8,HOLDOUT_2025_2026,2026,FIXED10_5,-15.727357499999984,STOP,7.0
EB1:CRVUSDT:2026-03-25T16:00:00+00:00,CRVUSDT,PRE_BREAKOUT,8,HOLDOUT_2025_2026,2026,FIXED20_7,-21.718360499999942,STOP,17.0
EB1:CRVUSDT:2026-05-11T13:00:00+00:00,CRVUSDT,PRE_BREAKOUT,8,HOLDOUT_2025_2026,2026,FULL_TRAIL_7,-21.718360499999942,INITIAL_STOP,47.0
EB1:CRVUSDT:2026-05-11T13:00:00+00:00,CRVUSDT,PRE_BREAKOUT,8,HOLDOUT_2025_2026,2026,HALF20_RUNNER_7,-21.718360499999942,INITIAL_STOP,47.0
EB1:CRVUSDT:2026-05-11T13:00:00+00:00,CRVUSDT,PRE_BREAKOUT,8,HOLDOUT_2025_2026,2026,LADDER10_20_RUNNER_7,-21.718360499999942,INITIAL_STOP,47.0
EB1:CRVUSDT:2026-05-11T13:00:00+00:00,CRVUSDT,PRE_BREAKOUT,8,HOLDOUT_2025_2026,2026,FIXED10_5,-15.727357500000041,STOP,38.0
EB1:CRVUSDT:2026-05-11T13:00:00+00:00,CRVUSDT,PRE_BREAKOUT,8,HOLDOUT_2025_2026,2026,FIXED20_7,-21.718360499999942,STOP,47.0
EB1:SUIUSDT:2025-09-17T22:00:00+00:00,SUIUSDT,PRE_BREAKOUT,8,HOLDOUT_2025_2026,2025,FULL_TRAIL_7,-21.718360499999942,INITIAL_STOP,88.0
EB1:SUIUSDT:2025-09-17T22:00:00+00:00,SUIUSDT,PRE_BREAKOUT,8,HOLDOUT_2025_2026,2025,HALF20_RUNNER_7,-21.718360499999942,INITIAL_STOP,88.0
EB1:SUIUSDT:2025-09-17T22:00:00+00:00,SUIUSDT,PRE_BREAKOUT,8,HOLDOUT_2025_2026,2025,LADDER10_20_RUNNER_7,-21.718360499999942,INITIAL_STOP,88.0
EB1:SUIUSDT:2025-09-17T22:00:00+00:00,SUIUSDT,PRE_BREAKOUT,8,HOLDOUT_2025_2026,2025,FIXED10_5,-15.727357499999984,STOP,73.0
EB1:SUIUSDT:2025-09-17T22:00:00+00:00,SUIUSDT,PRE_BREAKOUT,8,HOLDOUT_2025_2026,2025,FIXED20_7,-21.718360499999942,STOP,88.0
EB1:SUIUSDT:2026-03-15T23:00:00+00:00,SUIUSDT,PRE_BREAKOUT,8,HOLDOUT_2025_2026,2026,FULL_TRAIL_7,-21.718360499999942,INITIAL_STOP,53.0
EB1:SUIUSDT:2026-03-15T23:00:00+00:00,SUIUSDT,PRE_BREAKOUT,8,HOLDOUT_2025_2026,2026,HALF20_RUNNER_7,-21.718360499999942,INITIAL_STOP,53.0
EB1:SUIUSDT:2026-03-15T23:00:00+00:00,SUIUSDT,PRE_BREAKOUT,8,HOLDOUT_2025_2026,2026,LADDER10_20_RUNNER_7,-21.718360499999942,INITIAL_STOP,53.0
EB1:SUIUSDT:2026-03-15T23:00:00+00:00,SUIUSDT,PRE_BREAKOUT,8,HOLDOUT_2025_2026,2026,FIXED10_5,-15.727357499999984,STOP,50.0
EB1:SUIUSDT:2026-03-15T23:00:00+00:00,SUIUSDT,PRE_BREAKOUT,8,HOLDOUT_2025_2026,2026,FIXED20_7,-21.718360499999942,STOP,53.0
EB1:UNIUSDT:2026-07-14T14:00:00+00:00,UNIUSDT,PRE_BREAKOUT,8,HOLDOUT_2025_2026,2026,FULL_TRAIL_7,-0.7498499999999773,RUNNER_STOP,246.0
EB1:UNIUSDT:2026-07-14T14:00:00+00:00,UNIUSDT,PRE_BREAKOUT,8,HOLDOUT_2025_2026,2026,HALF20_RUNNER_7,29.205165000000036,RUNNER_STOP,678.0
EB1:UNIUSDT:2026-07-14T14:00:00+00:00,UNIUSDT,PRE_BREAKOUT,8,HOLDOUT_2025_2026,2026,LADDER10_20_RUNNER_7,21.716411250000032,RUNNER_STOP,678.0
EB1:UNIUSDT:2026-07-14T14:00:00+00:00,UNIUSDT,PRE_BREAKOUT,8,HOLDOUT_2025_2026,2026,FIXED10_5,-15.727357499999984,STOP,60.0
EB1:UNIUSDT:2026-07-14T14:00:00+00:00,UNIUSDT,PRE_BREAKOUT,8,HOLDOUT_2025_2026,2026,FIXED20_7,59.160180000000054,TARGET20,376.0
EB1:UNIUSDT:2026-07-26T12:00:00+00:00,UNIUSDT,BREAKOUT_ATTEMPT,8,HOLDOUT_2025_2026,2026,FULL_TRAIL_7,-0.7498499999999773,RUNNER_STOP,70.0
EB1:UNIUSDT:2026-07-26T12:00:00+00:00,UNIUSDT,BREAKOUT_ATTEMPT,8,HOLDOUT_2025_2026,2026,HALF20_RUNNER_7,-21.718360499999942,INITIAL_STOP,392.0
EB1:UNIUSDT:2026-07-26T12:00:00+00:00,UNIUSDT,BREAKOUT_ATTEMPT,8,HOLDOUT_2025_2026,2026,LADDER10_20_RUNNER_7,6.738903750000026,RUNNER_STOP,197.0
EB1:UNIUSDT:2026-07-26T12:00:00+00:00,UNIUSDT,BREAKOUT_ATTEMPT,8,HOLDOUT_2025_2026,2026,FIXED10_5,-15.727357499999984,STOP,25.0
EB1:UNIUSDT:2026-07-26T12:00:00+00:00,UNIUSDT,BREAKOUT_ATTEMPT,8,HOLDOUT_2025_2026,2026,FIXED20_7,-21.718360499999942,STOP,392.0
EB1:CVXUSDT:2025-05-20T21:00:00+00:00,CVXUSDT,PRE_BREAKOUT,8,HOLDOUT_2025_2026,2025,FULL_TRAIL_7,-0.7498499999999773,RUNNER_STOP,53.0
EB1:CVXUSDT:2025-05-20T21:00:00+00:00,CVXUSDT,PRE_BREAKOUT,8,HOLDOUT_2025_2026,2025,HALF20_RUNNER_7,-21.7183605,INITIAL_STOP,89.0
EB1:CVXUSDT:2025-05-20T21:00:00+00:00,CVXUSDT,PRE_BREAKOUT,8,HOLDOUT_2025_2026,2025,LADDER10_20_RUNNER_7,6.738903750000026,RUNNER_STOP,53.0
EB1:CVXUSDT:2025-05-20T21:00:00+00:00,CVXUSDT,PRE_BREAKOUT,8,HOLDOUT_2025_2026,2025,FIXED10_5,-15.727357499999984,STOP,12.0
EB1:CVXUSDT:2025-05-20T21:00:00+00:00,CVXUSDT,PRE_BREAKOUT,8,HOLDOUT_2025_2026,2025,FIXED20_7,-21.7183605,STOP,89.0
EB1:CVXUSDT:2026-01-28T23:00:00+00:00,CVXUSDT,PRE_BREAKOUT,8,HOLDOUT_2025_2026,2026,FULL_TRAIL_7,-21.7183605,INITIAL_STOP,16.0
EB1:CVXUSDT:2026-01-28T23:00:00+00:00,CVXUSDT,PRE_BREAKOUT,8,HOLDOUT_2025_2026,2026,HALF20_RUNNER_7,-21.7183605,INITIAL_STOP,16.0
EB1:CVXUSDT:2026-01-28T23:00:00+00:00,CVXUSDT,PRE_BREAKOUT,8,HOLDOUT_2025_2026,2026,LADDER10_20_RUNNER_7,-21.7183605,INITIAL_STOP,16.0
EB1:CVXUSDT:2026-01-28T23:00:00+00:00,CVXUSDT,PRE_BREAKOUT,8,HOLDOUT_2025_2026,2026,FIXED10_5,-15.727357500000041,STOP,6.0
EB1:CVXUSDT:2026-01-28T23:00:00+00:00,CVXUSDT,PRE_BREAKOUT,8,HOLDOUT_2025_2026,2026,FIXED20_7,-21.7183605,STOP,16.0
EB1:CVXUSDT:2026-05-12T03:00:00+00:00,CVXUSDT,PRE_BREAKOUT,8,HOLDOUT_2025_2026,2026,FULL_TRAIL_7,-21.7183605,INITIAL_STOP,24.0
EB1:CVXUSDT:2026-05-12T03:00:00+00:00,CVXUSDT,PRE_BREAKOUT,8,HOLDOUT_2025_2026,2026,HALF20_RUNNER_7,-21.7183605,INITIAL_STOP,24.0
EB1:CVXUSDT:2026-05-12T03:00:00+00:00,CVXUSDT,PRE_BREAKOUT,8,HOLDOUT_2025_2026,2026,LADDER10_20_RUNNER_7,-21.7183605,INITIAL_STOP,24.0
EB1:CVXUSDT:2026-05-12T03:00:00+00:00,CVXUSDT,PRE_BREAKOUT,8,HOLDOUT_2025_2026,2026,FIXED10_5,-15.727357499999984,STOP,1.0
EB1:CVXUSDT:2026-05-12T03:00:00+00:00,CVXUSDT,PRE_BREAKOUT,8,HOLDOUT_2025_2026,2026,FIXED20_7,-21.7183605,STOP,24.0
EB1:COTIUSDT:2025-09-13T23:00:00+00:00,COTIUSDT,PRE_BREAKOUT,8,HOLDOUT_2025_2026,2025,FULL_TRAIL_7,-21.7183605,INITIAL_STOP,23.0
EB1:COTIUSDT:2025-09-13T23:00:00+00:00,COTIUSDT,PRE_BREAKOUT,8,HOLDOUT_2025_2026,2025,HALF20_RUNNER_7,-21.7183605,INITIAL_STOP,23.0
EB1:COTIUSDT:2025-09-13T23:00:00+00:00,COTIUSDT,PRE_BREAKOUT,8,HOLDOUT_2025_2026,2025,LADDER10_20_RUNNER_7,-21.7183605,INITIAL_STOP,23.0
EB1:COTIUSDT:2025-09-13T23:00:00+00:00,COTIUSDT,PRE_BREAKOUT,8,HOLDOUT_2025_2026,2025,FIXED10_5,-15.727357499999984,STOP,22.0
EB1:COTIUSDT:2025-09-13T23:00:00+00:00,COTIUSDT,PRE_BREAKOUT,8,HOLDOUT_2025_2026,2025,FIXED20_7,-21.7183605,STOP,23.0
EB1:COTIUSDT:2026-04-10T14:00:00+00:00,COTIUSDT,PRE_BREAKOUT,8,HOLDOUT_2025_2026,2026,FULL_TRAIL_7,-21.7183605,INITIAL_STOP,46.0
EB1:COTIUSDT:2026-04-10T14:00:00+00:00,COTIUSDT,PRE_BREAKOUT,8,HOLDOUT_2025_2026,2026,HALF20_RUNNER_7,-21.7183605,INITIAL_STOP,46.0
EB1:COTIUSDT:2026-04-10T14:00:00+00:00,COTIUSDT,PRE_BREAKOUT,8,HOLDOUT_2025_2026,2026,LADDER10_20_RUNNER_7,-21.7183605,INITIAL_STOP,46.0
EB1:COTIUSDT:2026-04-10T14:00:00+00:00,COTIUSDT,PRE_BREAKOUT,8,HOLDOUT_2025_2026,2026,FIXED10_5,-15.727357500000041,STOP,30.0
EB1:COTIUSDT:2026-04-10T14:00:00+00:00,COTIUSDT,PRE_BREAKOUT,8,HOLDOUT_2025_2026,2026,FIXED20_7,-21.7183605,STOP,46.0
EB1:COTIUSDT:2026-04-16T08:00:00+00:00,COTIUSDT,PRE_BREAKOUT,8,HOLDOUT_2025_2026,2026,FULL_TRAIL_7,-0.7498499999999773,RUNNER_STOP,47.0
EB1:COTIUSDT:2026-04-16T08:00:00+00:00,COTIUSDT,PRE_BREAKOUT,8,HOLDOUT_2025_2026,2026,HALF20_RUNNER_7,-21.718360499999942,INITIAL_STOP,262.0
EB1:COTIUSDT:2026-04-16T08:00:00+00:00,COTIUSDT,PRE_BREAKOUT,8,HOLDOUT_2025_2026,2026,LADDER10_20_RUNNER_7,-21.718360499999942,INITIAL_STOP,262.0
EB1:COTIUSDT:2026-04-16T08:00:00+00:00,COTIUSDT,PRE_BREAKOUT,8,HOLDOUT_2025_2026,2026,FIXED10_5,-15.727357499999984,STOP,71.0
EB1:COTIUSDT:2026-04-16T08:00:00+00:00,COTIUSDT,PRE_BREAKOUT,8,HOLDOUT_2025_2026,2026,FIXED20_7,-21.718360499999942,STOP,262.0
EB1:AUCTIONUSDT:2025-07-21T13:00:00+00:00,AUCTIONUSDT,PRE_BREAKOUT,8,HOLDOUT_2025_2026,2025,FULL_TRAIL_7,-21.7183605,INITIAL_STOP,38.0
EB1:AUCTIONUSDT:2025-07-21T13:00:00+00:00,AUCTIONUSDT,PRE_BREAKOUT,8,HOLDOUT_2025_2026,2025,HALF20_RUNNER_7,-21.7183605,INITIAL_STOP,38.0
EB1:AUCTIONUSDT:2025-07-21T13:00:00+00:00,AUCTIONUSDT,PRE_BREAKOUT,8,HOLDOUT_2025_2026,2025,LADDER10_20_RUNNER_7,-21.7183605,INITIAL_STOP,38.0
EB1:AUCTIONUSDT:2025-07-21T13:00:00+00:00,AUCTIONUSDT,PRE_BREAKOUT,8,HOLDOUT_2025_2026,2025,FIXED10_5,-15.727357499999984,STOP,9.0
EB1:AUCTIONUSDT:2025-07-21T13:00:00+00:00,AUCTIONUSDT,PRE_BREAKOUT,8,HOLDOUT_2025_2026,2025,FIXED20_7,-21.7183605,STOP,38.0
EB1:SUNUSDT:2026-03-22T13:00:00+00:00,SUNUSDT,PRE_BREAKOUT,8,HOLDOUT_2025_2026,2026,FULL_TRAIL_7,-0.7498499999999773,RUNNER_STOP,42.0
EB1:SUNUSDT:2026-03-22T13:00:00+00:00,SUNUSDT,PRE_BREAKOUT,8,HOLDOUT_2025_2026,2026,HALF20_RUNNER_7,-21.718360499999942,INITIAL_STOP,90.0
EB1:SUNUSDT:2026-03-22T13:00:00+00:00,SUNUSDT,PRE_BREAKOUT,8,HOLDOUT_2025_2026,2026,LADDER10_20_RUNNER_7,-21.718360499999942,INITIAL_STOP,90.0
EB1:SUNUSDT:2026-03-22T13:00:00+00:00,SUNUSDT,PRE_BREAKOUT,8,HOLDOUT_2025_2026,2026,FIXED10_5,-15.727357499999984,STOP,49.0
EB1:SUNUSDT:2026-03-22T13:00:00+00:00,SUNUSDT,PRE_BREAKOUT,8,HOLDOUT_2025_2026,2026,FIXED20_7,-21.718360499999942,STOP,90.0
EB1:PEOPLEUSDT:2025-03-20T16:00:00+00:00,PEOPLEUSDT,PRE_BREAKOUT,8,HOLDOUT_2025_2026,2025,FULL_TRAIL_7,-21.718360499999942,INITIAL_STOP,9.0
EB1:PEOPLEUSDT:2025-03-20T16:00:00+00:00,PEOPLEUSDT,PRE_BREAKOUT,8,HOLDOUT_2025_2026,2025,HALF20_RUNNER_7,-21.718360499999942,INITIAL_STOP,9.0
EB1:PEOPLEUSDT:2025-03-20T16:00:00+00:00,PEOPLEUSDT,PRE_BREAKOUT,8,HOLDOUT_2025_2026,2025,LADDER10_20_RUNNER_7,-21.718360499999942,INITIAL_STOP,9.0
EB1:PEOPLEUSDT:2025-03-20T16:00:00+00:00,PEOPLEUSDT,PRE_BREAKOUT,8,HOLDOUT_2025_2026,2025,FIXED10_5,-15.727357499999927,STOP,5.0
EB1:PEOPLEUSDT:2025-03-20T16:00:00+00:00,PEOPLEUSDT,PRE_BREAKOUT,8,HOLDOUT_2025_2026,2025,FIXED20_7,-21.718360499999942,STOP,9.0
EB1:PEOPLEUSDT:2025-09-13T00:00:00+00:00,PEOPLEUSDT,BREAKOUT_ATTEMPT,8,HOLDOUT_2025_2026,2025,FULL_TRAIL_7,-21.718360499999942,INITIAL_STOP,26.0
EB1:PEOPLEUSDT:2025-09-13T00:00:00+00:00,PEOPLEUSDT,BREAKOUT_ATTEMPT,8,HOLDOUT_2025_2026,2025,HALF20_RUNNER_7,-21.718360499999942,INITIAL_STOP,26.0
EB1:PEOPLEUSDT:2025-09-13T00:00:00+00:00,PEOPLEUSDT,BREAKOUT_ATTEMPT,8,HOLDOUT_2025_2026,2025,LADDER10_20_RUNNER_7,-21.718360499999942,INITIAL_STOP,26.0
EB1:PEOPLEUSDT:2025-09-13T00:00:00+00:00,PEOPLEUSDT,BREAKOUT_ATTEMPT,8,HOLDOUT_2025_2026,2025,FIXED10_5,-15.727357499999984,STOP,25.0
EB1:PEOPLEUSDT:2025-09-13T00:00:00+00:00,PEOPLEUSDT,BREAKOUT_ATTEMPT,8,HOLDOUT_2025_2026,2025,FIXED20_7,-21.718360499999942,STOP,26.0
EB1:PEOPLEUSDT:2026-04-14T19:00:00+00:00,PEOPLEUSDT,PRE_BREAKOUT,8,HOLDOUT_2025_2026,2026,FULL_TRAIL_7,-0.7498499999999773,RUNNER_STOP,114.0
EB1:PEOPLEUSDT:2026-04-14T19:00:00+00:00,PEOPLEUSDT,PRE_BREAKOUT,8,HOLDOUT_2025_2026,2026,HALF20_RUNNER_7,29.205165000000008,RUNNER_STOP,114.0
EB1:PEOPLEUSDT:2026-04-14T19:00:00+00:00,PEOPLEUSDT,PRE_BREAKOUT,8,HOLDOUT_2025_2026,2026,LADDER10_20_RUNNER_7,21.716411250000004,RUNNER_STOP,114.0
EB1:PEOPLEUSDT:2026-04-14T19:00:00+00:00,PEOPLEUSDT,PRE_BREAKOUT,8,HOLDOUT_2025_2026,2026,FIXED10_5,29.20516499999998,TARGET10,21.0
EB1:PEOPLEUSDT:2026-04-14T19:00:00+00:00,PEOPLEUSDT,PRE_BREAKOUT,8,HOLDOUT_2025_2026,2026,FIXED20_7,59.16018,TARGET20,35.0
EB1:PEOPLEUSDT:2026-04-24T07:00:00+00:00,PEOPLEUSDT,PRE_BREAKOUT,8,HOLDOUT_2025_2026,2026,FULL_TRAIL_7,-21.718360499999942,INITIAL_STOP,70.0
EB1:PEOPLEUSDT:2026-04-24T07:00:00+00:00,PEOPLEUSDT,PRE_BREAKOUT,8,HOLDOUT_2025_2026,2026,HALF20_RUNNER_7,-21.718360499999942,INITIAL_STOP,70.0
EB1:PEOPLEUSDT:2026-04-24T07:00:00+00:00,PEOPLEUSDT,PRE_BREAKOUT,8,HOLDOUT_2025_2026,2026,LADDER10_20_RUNNER_7,-21.718360499999942,INITIAL_STOP,70.0
EB1:PEOPLEUSDT:2026-04-24T07:00:00+00:00,PEOPLEUSDT,PRE_BREAKOUT,8,HOLDOUT_2025_2026,2026,FIXED10_5,-15.727357499999984,STOP,61.0
EB1:PEOPLEUSDT:2026-04-24T07:00:00+00:00,PEOPLEUSDT,PRE_BREAKOUT,8,HOLDOUT_2025_2026,2026,FIXED20_7,-21.718360499999942,STOP,70.0
EB1:PEOPLEUSDT:2026-05-01T21:00:00+00:00,PEOPLEUSDT,PRE_BREAKOUT,8,HOLDOUT_2025_2026,2026,FULL_TRAIL_7,-0.7498499999999204,RUNNER_STOP,18.0
EB1:PEOPLEUSDT:2026-05-01T21:00:00+00:00,PEOPLEUSDT,PRE_BREAKOUT,8,HOLDOUT_2025_2026,2026,HALF20_RUNNER_7,-21.718360499999942,INITIAL_STOP,336.0
EB1:PEOPLEUSDT:2026-05-01T21:00:00+00:00,PEOPLEUSDT,PRE_BREAKOUT,8,HOLDOUT_2025_2026,2026,LADDER10_20_RUNNER_7,6.738903750000069,RUNNER_STOP,249.0
EB1:PEOPLEUSDT:2026-05-01T21:00:00+00:00,PEOPLEUSDT,PRE_BREAKOUT,8,HOLDOUT_2025_2026,2026,FIXED10_5,29.205165000000093,TARGET10,69.0
EB1:PEOPLEUSDT:2026-05-01T21:00:00+00:00,PEOPLEUSDT,PRE_BREAKOUT,8,HOLDOUT_2025_2026,2026,FIXED20_7,-21.718360499999942,STOP,336.0
EB1:SANDUSDT:2026-01-14T09:00:00+00:00,SANDUSDT,PRE_BREAKOUT,8,HOLDOUT_2025_2026,2026,FULL_TRAIL_7,-21.7183605,INITIAL_STOP,25.0
EB1:SANDUSDT:2026-01-14T09:00:00+00:00,SANDUSDT,PRE_BREAKOUT,8,HOLDOUT_2025_2026,2026,HALF20_RUNNER_7,-21.7183605,INITIAL_STOP,25.0
EB1:SANDUSDT:2026-01-14T09:00:00+00:00,SANDUSDT,PRE_BREAKOUT,8,HOLDOUT_2025_2026,2026,LADDER10_20_RUNNER_7,-21.7183605,INITIAL_STOP,25.0
EB1:SANDUSDT:2026-01-14T09:00:00+00:00,SANDUSDT,PRE_BREAKOUT,8,HOLDOUT_2025_2026,2026,FIXED10_5,-15.727357500000041,STOP,20.0
EB1:SANDUSDT:2026-01-14T09:00:00+00:00,SANDUSDT,PRE_BREAKOUT,8,HOLDOUT_2025_2026,2026,FIXED20_7,-21.7183605,STOP,25.0
EB1:GALAUSDT:2025-05-22T04:00:00+00:00,GALAUSDT,PRE_BREAKOUT,8,HOLDOUT_2025_2026,2025,FULL_TRAIL_7,-0.7498499999999773,RUNNER_STOP,21.0
EB1:GALAUSDT:2025-05-22T04:00:00+00:00,GALAUSDT,PRE_BREAKOUT,8,HOLDOUT_2025_2026,2025,HALF20_RUNNER_7,-21.7183605,INITIAL_STOP,33.0
EB1:GALAUSDT:2025-05-22T04:00:00+00:00,GALAUSDT,PRE_BREAKOUT,8,HOLDOUT_2025_2026,2025,LADDER10_20_RUNNER_7,-21.7183605,INITIAL_STOP,33.0
EB1:GALAUSDT:2025-05-22T04:00:00+00:00,GALAUSDT,PRE_BREAKOUT,8,HOLDOUT_2025_2026,2025,FIXED10_5,-15.727357500000041,STOP,22.0
EB1:GALAUSDT:2025-05-22T04:00:00+00:00,GALAUSDT,PRE_BREAKOUT,8,HOLDOUT_2025_2026,2025,FIXED20_7,-21.7183605,STOP,33.0
EB1:GALAUSDT:2025-07-16T15:00:00+00:00,GALAUSDT,PRE_BREAKOUT,8,HOLDOUT_2025_2026,2025,FULL_TRAIL_7,-0.7498500000000341,RUNNER_STOP,43.0
EB1:GALAUSDT:2025-07-16T15:00:00+00:00,GALAUSDT,PRE_BREAKOUT,8,HOLDOUT_2025_2026,2025,HALF20_RUNNER_7,-21.718360499999942,INITIAL_STOP,172.0
EB1:GALAUSDT:2025-07-16T15:00:00+00:00,GALAUSDT,PRE_BREAKOUT,8,HOLDOUT_2025_2026,2025,LADDER10_20_RUNNER_7,6.738903750000012,RUNNER_STOP,43.0
EB1:GALAUSDT:2025-07-16T15:00:00+00:00,GALAUSDT,PRE_BREAKOUT,8,HOLDOUT_2025_2026,2025,FIXED10_5,29.205165000000093,TARGET10,28.0
EB1:GALAUSDT:2025-07-16T15:00:00+00:00,GALAUSDT,PRE_BREAKOUT,8,HOLDOUT_2025_2026,2025,FIXED20_7,-21.718360499999942,STOP,172.0
EB1:GALAUSDT:2025-08-13T14:00:00+00:00,GALAUSDT,PRE_BREAKOUT,8,HOLDOUT_2025_2026,2025,FULL_TRAIL_7,-21.7183605,INITIAL_STOP,12.0
EB1:GALAUSDT:2025-08-13T14:00:00+00:00,GALAUSDT,PRE_BREAKOUT,8,HOLDOUT_2025_2026,2025,HALF20_RUNNER_7,-21.7183605,INITIAL_STOP,12.0
EB1:GALAUSDT:2025-08-13T14:00:00+00:00,GALAUSDT,PRE_BREAKOUT,8,HOLDOUT_2025_2026,2025,LADDER10_20_RUNNER_7,-21.7183605,INITIAL_STOP,12.0
EB1:GALAUSDT:2025-08-13T14:00:00+00:00,GALAUSDT,PRE_BREAKOUT,8,HOLDOUT_2025_2026,2025,FIXED10_5,-15.727357499999984,STOP,12.0
EB1:GALAUSDT:2025-08-13T14:00:00+00:00,GALAUSDT,PRE_BREAKOUT,8,HOLDOUT_2025_2026,2025,FIXED20_7,-21.7183605,STOP,12.0
EB1:GALAUSDT:2026-04-08T20:00:00+00:00,GALAUSDT,PRE_BREAKOUT,8,HOLDOUT_2025_2026,2026,FULL_TRAIL_7,-0.7498499999999773,RUNNER_STOP,594.0
EB1:GALAUSDT:2026-04-08T20:00:00+00:00,GALAUSDT,PRE_BREAKOUT,8,HOLDOUT_2025_2026,2026,HALF20_RUNNER_7,29.205165000000008,RUNNER_STOP,594.0
EB1:GALAUSDT:2026-04-08T20:00:00+00:00,GALAUSDT,PRE_BREAKOUT,8,HOLDOUT_2025_2026,2026,LADDER10_20_RUNNER_7,21.716411250000004,RUNNER_STOP,594.0
EB1:GALAUSDT:2026-04-08T20:00:00+00:00,GALAUSDT,PRE_BREAKOUT,8,HOLDOUT_2025_2026,2026,FIXED10_5,-15.727357499999984,STOP,88.0
EB1:GALAUSDT:2026-04-08T20:00:00+00:00,GALAUSDT,PRE_BREAKOUT,8,HOLDOUT_2025_2026,2026,FIXED20_7,59.16018,TARGET20,379.0
EB1:MANAUSDT:2025-07-16T21:00:00+00:00,MANAUSDT,PRE_BREAKOUT,8,HOLDOUT_2025_2026,2025,FULL_TRAIL_7,-0.7498499999999773,RUNNER_STOP,42.0
EB1:MANAUSDT:2025-07-16T21:00:00+00:00,MANAUSDT,PRE_BREAKOUT,8,HOLDOUT_2025_2026,2025,HALF20_RUNNER_7,-21.7183605,INITIAL_STOP,167.0
EB1:MANAUSDT:2025-07-16T21:00:00+00:00,MANAUSDT,PRE_BREAKOUT,8,HOLDOUT_2025_2026,2025,LADDER10_20_RUNNER_7,6.738903750000069,RUNNER_STOP,42.0
EB1:MANAUSDT:2025-07-16T21:00:00+00:00,MANAUSDT,PRE_BREAKOUT,8,HOLDOUT_2025_2026,2025,FIXED10_5,29.205165000000093,TARGET10,22.0
EB1:MANAUSDT:2025-07-16T21:00:00+00:00,MANAUSDT,PRE_BREAKOUT,8,HOLDOUT_2025_2026,2025,FIXED20_7,-21.7183605,STOP,167.0
EB1:MANAUSDT:2025-08-13T14:00:00+00:00,MANAUSDT,PRE_BREAKOUT,8,HOLDOUT_2025_2026,2025,FULL_TRAIL_7,-21.7183605,INITIAL_STOP,12.0
EB1:MANAUSDT:2025-08-13T14:00:00+00:00,MANAUSDT,PRE_BREAKOUT,8,HOLDOUT_2025_2026,2025,HALF20_RUNNER_7,-21.7183605,INITIAL_STOP,12.0
EB1:MANAUSDT:2025-08-13T14:00:00+00:00,MANAUSDT,PRE_BREAKOUT,8,HOLDOUT_2025_2026,2025,LADDER10_20_RUNNER_7,-21.7183605,INITIAL_STOP,12.0
EB1:MANAUSDT:2025-08-13T14:00:00+00:00,MANAUSDT,PRE_BREAKOUT,8,HOLDOUT_2025_2026,2025,FIXED10_5,-15.727357499999984,STOP,12.0
EB1:MANAUSDT:2025-08-13T14:00:00+00:00,MANAUSDT,PRE_BREAKOUT,8,HOLDOUT_2025_2026,2025,FIXED20_7,-21.7183605,STOP,12.0
EB1:MANAUSDT:2026-01-10T09:00:00+00:00,MANAUSDT,PRE_BREAKOUT,8,HOLDOUT_2025_2026,2026,FULL_TRAIL_7,-21.718360499999942,INITIAL_STOP,42.0
EB1:MANAUSDT:2026-01-10T09:00:00+00:00,MANAUSDT,PRE_BREAKOUT,8,HOLDOUT_2025_2026,2026,HALF20_RUNNER_7,-21.718360499999942,INITIAL_STOP,42.0
EB1:MANAUSDT:2026-01-10T09:00:00+00:00,MANAUSDT,PRE_BREAKOUT,8,HOLDOUT_2025_2026,2026,LADDER10_20_RUNNER_7,-21.718360499999942,INITIAL_STOP,42.0
EB1:MANAUSDT:2026-01-10T09:00:00+00:00,MANAUSDT,PRE_BREAKOUT,8,HOLDOUT_2025_2026,2026,FIXED10_5,-15.727357499999984,STOP,28.0
EB1:MANAUSDT:2026-01-10T09:00:00+00:00,MANAUSDT,PRE_BREAKOUT,8,HOLDOUT_2025_2026,2026,FIXED20_7,-21.718360499999942,STOP,42.0
EB1:FILUSDT:2025-05-22T04:00:00+00:00,FILUSDT,PRE_BREAKOUT,8,HOLDOUT_2025_2026,2025,FULL_TRAIL_7,-21.718360499999942,INITIAL_STOP,58.0
EB1:FILUSDT:2025-05-22T04:00:00+00:00,FILUSDT,PRE_BREAKOUT,8,HOLDOUT_2025_2026,2025,HALF20_RUNNER_7,-21.718360499999942,INITIAL_STOP,58.0
EB1:FILUSDT:2025-05-22T04:00:00+00:00,FILUSDT,PRE_BREAKOUT,8,HOLDOUT_2025_2026,2025,LADDER10_20_RUNNER_7,-21.718360499999942,INITIAL_STOP,58.0
EB1:FILUSDT:2025-05-22T04:00:00+00:00,FILUSDT,PRE_BREAKOUT,8,HOLDOUT_2025_2026,2025,FIXED10_5,-15.727357499999984,STOP,33.0
EB1:FILUSDT:2025-05-22T04:00:00+00:00,FILUSDT,PRE_BREAKOUT,8,HOLDOUT_2025_2026,2025,FIXED20_7,-21.718360499999942,STOP,58.0
EB1:VETUSDT:2025-05-22T03:00:00+00:00,VETUSDT,PRE_BREAKOUT,8,HOLDOUT_2025_2026,2025,FULL_TRAIL_7,-21.718360499999942,INITIAL_STOP,34.0
EB1:VETUSDT:2025-05-22T03:00:00+00:00,VETUSDT,PRE_BREAKOUT,8,HOLDOUT_2025_2026,2025,HALF20_RUNNER_7,-21.718360499999942,INITIAL_STOP,34.0
EB1:VETUSDT:2025-05-22T03:00:00+00:00,VETUSDT,PRE_BREAKOUT,8,HOLDOUT_2025_2026,2025,LADDER10_20_RUNNER_7,-21.718360499999942,INITIAL_STOP,34.0
EB1:VETUSDT:2025-05-22T03:00:00+00:00,VETUSDT,PRE_BREAKOUT,8,HOLDOUT_2025_2026,2025,FIXED10_5,-15.727357499999984,STOP,23.0
EB1:VETUSDT:2025-05-22T03:00:00+00:00,VETUSDT,PRE_BREAKOUT,8,HOLDOUT_2025_2026,2025,FIXED20_7,-21.718360499999942,STOP,34.0
EB1:VETUSDT:2026-01-14T10:00:00+00:00,VETUSDT,PRE_BREAKOUT,8,HOLDOUT_2025_2026,2026,FULL_TRAIL_7,-21.7183605,INITIAL_STOP,24.0
EB1:VETUSDT:2026-01-14T10:00:00+00:00,VETUSDT,PRE_BREAKOUT,8,HOLDOUT_2025_2026,2026,HALF20_RUNNER_7,-21.7183605,INITIAL_STOP,24.0
EB1:VETUSDT:2026-01-14T10:00:00+00:00,VETUSDT,PRE_BREAKOUT,8,HOLDOUT_2025_2026,2026,LADDER10_20_RUNNER_7,-21.7183605,INITIAL_STOP,24.0
EB1:VETUSDT:2026-01-14T10:00:00+00:00,VETUSDT,PRE_BREAKOUT,8,HOLDOUT_2025_2026,2026,FIXED10_5,-15.727357500000041,STOP,19.0
EB1:VETUSDT:2026-01-14T10:00:00+00:00,VETUSDT,PRE_BREAKOUT,8,HOLDOUT_2025_2026,2026,FIXED20_7,-21.7183605,STOP,24.0
EB1:VETUSDT:2026-08-20T15:00:00+00:00,VETUSDT,PRE_BREAKOUT,8,HOLDOUT_2025_2026,2026,FULL_TRAIL_7,85.84317374453987,DATA_END,262.0
EB1:VETUSDT:2026-08-20T15:00:00+00:00,VETUSDT,PRE_BREAKOUT,8,HOLDOUT_2025_2026,2026,HALF20_RUNNER_7,72.50167687226993,DATA_END,262.0
EB1:VETUSDT:2026-08-20T15:00:00+00:00,VETUSDT,PRE_BREAKOUT,8,HOLDOUT_2025_2026,2026,LADDER10_20_RUNNER_7,65.01292312226992,DATA_END,262.0
EB1:VETUSDT:2026-08-20T15:00:00+00:00,VETUSDT,PRE_BREAKOUT,8,HOLDOUT_2025_2026,2026,FIXED10_5,29.20516499999998,TARGET10,21.0
EB1:VETUSDT:2026-08-20T15:00:00+00:00,VETUSDT,PRE_BREAKOUT,8,HOLDOUT_2025_2026,2026,FIXED20_7,59.16018,TARGET20,141.0
EB1:ALGOUSDT:2025-04-23T16:00:00+00:00,ALGOUSDT,PRE_BREAKOUT,8,HOLDOUT_2025_2026,2025,FULL_TRAIL_7,-0.7498499999999773,RUNNER_STOP,155.0
EB1:ALGOUSDT:2025-04-23T16:00:00+00:00,ALGOUSDT,PRE_BREAKOUT,8,HOLDOUT_2025_2026,2025,HALF20_RUNNER_7,-21.718360499999942,INITIAL_STOP,263.0
EB1:ALGOUSDT:2025-04-23T16:00:00+00:00,ALGOUSDT,PRE_BREAKOUT,8,HOLDOUT_2025_2026,2025,LADDER10_20_RUNNER_7,6.73890375000004,RUNNER_STOP,155.0
EB1:ALGOUSDT:2025-04-23T16:00:00+00:00,ALGOUSDT,PRE_BREAKOUT,8,HOLDOUT_2025_2026,2025,FIXED10_5,29.205165000000093,TARGET10,52.0
EB1:ALGOUSDT:2025-04-23T16:00:00+00:00,ALGOUSDT,PRE_BREAKOUT,8,HOLDOUT_2025_2026,2025,FIXED20_7,-21.718360499999942,STOP,263.0
EB1:ALGOUSDT:2025-04-28T08:00:00+00:00,ALGOUSDT,PRE_BREAKOUT,8,HOLDOUT_2025_2026,2025,FULL_TRAIL_7,-21.718360499999942,INITIAL_STOP,44.0
EB1:ALGOUSDT:2025-04-28T08:00:00+00:00,ALGOUSDT,PRE_BREAKOUT,8,HOLDOUT_2025_2026,2025,HALF20_RUNNER_7,-21.718360499999942,INITIAL_STOP,44.0
EB1:ALGOUSDT:2025-04-28T08:00:00+00:00,ALGOUSDT,PRE_BREAKOUT,8,HOLDOUT_2025_2026,2025,LADDER10_20_RUNNER_7,-21.718360499999942,INITIAL_STOP,44.0
EB1:ALGOUSDT:2025-04-28T08:00:00+00:00,ALGOUSDT,PRE_BREAKOUT,8,HOLDOUT_2025_2026,2025,FIXED10_5,-15.727357499999984,STOP,43.0
EB1:ALGOUSDT:2025-04-28T08:00:00+00:00,ALGOUSDT,PRE_BREAKOUT,8,HOLDOUT_2025_2026,2025,FIXED20_7,-21.718360499999942,STOP,44.0
EB1:ALGOUSDT:2025-08-07T15:00:00+00:00,ALGOUSDT,PRE_BREAKOUT,8,HOLDOUT_2025_2026,2025,FULL_TRAIL_7,-0.7498499999999773,RUNNER_STOP,82.0
EB1:ALGOUSDT:2025-08-07T15:00:00+00:00,ALGOUSDT,PRE_BREAKOUT,8,HOLDOUT_2025_2026,2025,HALF20_RUNNER_7,-21.7183605,INITIAL_STOP,267.0
EB1:ALGOUSDT:2025-08-07T15:00:00+00:00,ALGOUSDT,PRE_BREAKOUT,8,HOLDOUT_2025_2026,2025,LADDER10_20_RUNNER_7,-21.7183605,INITIAL_STOP,267.0
EB1:ALGOUSDT:2025-08-07T15:00:00+00:00,ALGOUSDT,PRE_BREAKOUT,8,HOLDOUT_2025_2026,2025,FIXED10_5,-15.727357499999984,STOP,92.0
EB1:ALGOUSDT:2025-08-07T15:00:00+00:00,ALGOUSDT,PRE_BREAKOUT,8,HOLDOUT_2025_2026,2025,FIXED20_7,-21.7183605,STOP,267.0
EB1:ALGOUSDT:2026-04-17T02:00:00+00:00,ALGOUSDT,PRE_BREAKOUT,8,HOLDOUT_2025_2026,2026,FULL_TRAIL_7,-21.718360499999942,INITIAL_STOP,25.0
EB1:ALGOUSDT:2026-04-17T02:00:00+00:00,ALGOUSDT,PRE_BREAKOUT,8,HOLDOUT_2025_2026,2026,HALF20_RUNNER_7,-21.718360499999942,INITIAL_STOP,25.0
EB1:ALGOUSDT:2026-04-17T02:00:00+00:00,ALGOUSDT,PRE_BREAKOUT,8,HOLDOUT_2025_2026,2026,LADDER10_20_RUNNER_7,-21.718360499999942,INITIAL_STOP,25.0
EB1:ALGOUSDT:2026-04-17T02:00:00+00:00,ALGOUSDT,PRE_BREAKOUT,8,HOLDOUT_2025_2026,2026,FIXED10_5,-15.727357499999984,STOP,22.0
EB1:ALGOUSDT:2026-04-17T02:00:00+00:00,ALGOUSDT,PRE_BREAKOUT,8,HOLDOUT_2025_2026,2026,FIXED20_7,-21.718360499999942,STOP,25.0
EB1:ALGOUSDT:2026-04-24T23:00:00+00:00,ALGOUSDT,PRE_BREAKOUT,8,HOLDOUT_2025_2026,2026,FULL_TRAIL_7,-21.7183605,INITIAL_STOP,146.0
EB1:ALGOUSDT:2026-04-24T23:00:00+00:00,ALGOUSDT,PRE_BREAKOUT,8,HOLDOUT_2025_2026,2026,HALF20_RUNNER_7,-21.7183605,INITIAL_STOP,146.0
EB1:ALGOUSDT:2026-04-24T23:00:00+00:00,ALGOUSDT,PRE_BREAKOUT,8,HOLDOUT_2025_2026,2026,LADDER10_20_RUNNER_7,-21.7183605,INITIAL_STOP,146.0
EB1:ALGOUSDT:2026-04-24T23:00:00+00:00,ALGOUSDT,PRE_BREAKOUT,8,HOLDOUT_2025_2026,2026,FIXED10_5,-15.727357499999984,STOP,102.0
EB1:ALGOUSDT:2026-04-24T23:00:00+00:00,ALGOUSDT,PRE_BREAKOUT,8,HOLDOUT_2025_2026,2026,FIXED20_7,-21.7183605,STOP,146.0
EB1:LSKUSDT:2025-07-20T02:00:00+00:00,LSKUSDT,PRE_BREAKOUT,8,HOLDOUT_2025_2026,2025,FULL_TRAIL_7,-0.7498500000000341,RUNNER_STOP,73.0
EB1:LSKUSDT:2025-07-20T02:00:00+00:00,LSKUSDT,PRE_BREAKOUT,8,HOLDOUT_2025_2026,2025,HALF20_RUNNER_7,-21.7183605,INITIAL_STOP,73.0
EB1:LSKUSDT:2025-07-20T02:00:00+00:00,LSKUSDT,PRE_BREAKOUT,8,HOLDOUT_2025_2026,2025,LADDER10_20_RUNNER_7,6.738903749999998,RUNNER_STOP,73.0
EB1:LSKUSDT:2025-07-20T02:00:00+00:00,LSKUSDT,PRE_BREAKOUT,8,HOLDOUT_2025_2026,2025,FIXED10_5,29.205165000000036,TARGET10,70.0
EB1:LSKUSDT:2025-07-20T02:00:00+00:00,LSKUSDT,PRE_BREAKOUT,8,HOLDOUT_2025_2026,2025,FIXED20_7,-21.7183605,STOP,73.0
EB1:LSKUSDT:2026-03-03T03:00:00+00:00,LSKUSDT,PRE_BREAKOUT,8,HOLDOUT_2025_2026,2026,FULL_TRAIL_7,-0.7498499999999773,RUNNER_STOP,361.0
EB1:LSKUSDT:2026-03-03T03:00:00+00:00,LSKUSDT,PRE_BREAKOUT,8,HOLDOUT_2025_2026,2026,HALF20_RUNNER_7,-21.718360499999942,INITIAL_STOP,461.0
EB1:LSKUSDT:2026-03-03T03:00:00+00:00,LSKUSDT,PRE_BREAKOUT,8,HOLDOUT_2025_2026,2026,LADDER10_20_RUNNER_7,-21.718360499999942,INITIAL_STOP,461.0
EB1:LSKUSDT:2026-03-03T03:00:00+00:00,LSKUSDT,PRE_BREAKOUT,8,HOLDOUT_2025_2026,2026,FIXED10_5,-15.727357500000041,STOP,111.0
EB1:LSKUSDT:2026-03-03T03:00:00+00:00,LSKUSDT,PRE_BREAKOUT,8,HOLDOUT_2025_2026,2026,FIXED20_7,-21.718360499999942,STOP,461.0
EB1:CELRUSDT:2026-05-06T07:00:00+00:00,CELRUSDT,PRE_BREAKOUT,8,HOLDOUT_2025_2026,2026,FULL_TRAIL_7,-0.7498499999999773,RUNNER_STOP,166.0
EB1:CELRUSDT:2026-05-06T07:00:00+00:00,CELRUSDT,PRE_BREAKOUT,8,HOLDOUT_2025_2026,2026,HALF20_RUNNER_7,-21.718360499999942,INITIAL_STOP,212.0
EB1:CELRUSDT:2026-05-06T07:00:00+00:00,CELRUSDT,PRE_BREAKOUT,8,HOLDOUT_2025_2026,2026,LADDER10_20_RUNNER_7,6.738903750000055,RUNNER_STOP,166.0
EB1:CELRUSDT:2026-05-06T07:00:00+00:00,CELRUSDT,PRE_BREAKOUT,8,HOLDOUT_2025_2026,2026,FIXED10_5,29.205165000000036,TARGET10,96.0
EB1:CELRUSDT:2026-05-06T07:00:00+00:00,CELRUSDT,PRE_BREAKOUT,8,HOLDOUT_2025_2026,2026,FIXED20_7,-21.718360499999942,STOP,212.0
EB1:ICPUSDT:2025-05-22T08:00:00+00:00,ICPUSDT,PRE_BREAKOUT,8,HOLDOUT_2025_2026,2025,FULL_TRAIL_7,-21.7183605,INITIAL_STOP,29.0
EB1:ICPUSDT:2025-05-22T08:00:00+00:00,ICPUSDT,PRE_BREAKOUT,8,HOLDOUT_2025_2026,2025,HALF20_RUNNER_7,-21.7183605,INITIAL_STOP,29.0
EB1:ICPUSDT:2025-05-22T08:00:00+00:00,ICPUSDT,PRE_BREAKOUT,8,HOLDOUT_2025_2026,2025,LADDER10_20_RUNNER_7,-21.7183605,INITIAL_STOP,29.0
EB1:ICPUSDT:2025-05-22T08:00:00+00:00,ICPUSDT,PRE_BREAKOUT,8,HOLDOUT_2025_2026,2025,FIXED10_5,-15.727357499999984,STOP,18.0
EB1:ICPUSDT:2025-05-22T08:00:00+00:00,ICPUSDT,PRE_BREAKOUT,8,HOLDOUT_2025_2026,2025,FIXED20_7,-21.7183605,STOP,29.0
EB1:ICPUSDT:2025-08-13T17:00:00+00:00,ICPUSDT,PRE_BREAKOUT,8,HOLDOUT_2025_2026,2025,FULL_TRAIL_7,-21.7183605,INITIAL_STOP,9.0
EB1:ICPUSDT:2025-08-13T17:00:00+00:00,ICPUSDT,PRE_BREAKOUT,8,HOLDOUT_2025_2026,2025,HALF20_RUNNER_7,-21.7183605,INITIAL_STOP,9.0
EB1:ICPUSDT:2025-08-13T17:00:00+00:00,ICPUSDT,PRE_BREAKOUT,8,HOLDOUT_2025_2026,2025,LADDER10_20_RUNNER_7,-21.7183605,INITIAL_STOP,9.0
EB1:ICPUSDT:2025-08-13T17:00:00+00:00,ICPUSDT,PRE_BREAKOUT,8,HOLDOUT_2025_2026,2025,FIXED10_5,-15.727357499999984,STOP,9.0
EB1:ICPUSDT:2025-08-13T17:00:00+00:00,ICPUSDT,PRE_BREAKOUT,8,HOLDOUT_2025_2026,2025,FIXED20_7,-21.7183605,STOP,9.0
EB1:ONEUSDT:2025-02-20T13:00:00+00:00,ONEUSDT,PRE_BREAKOUT,8,HOLDOUT_2025_2026,2025,FULL_TRAIL_7,-0.7498499999999773,RUNNER_STOP,20.0
EB1:ONEUSDT:2025-02-20T13:00:00+00:00,ONEUSDT,PRE_BREAKOUT,8,HOLDOUT_2025_2026,2025,HALF20_RUNNER_7,-21.7183605,INITIAL_STOP,83.0
EB1:ONEUSDT:2025-02-20T13:00:00+00:00,ONEUSDT,PRE_BREAKOUT,8,HOLDOUT_2025_2026,2025,LADDER10_20_RUNNER_7,6.738903750000026,RUNNER_STOP,20.0
EB1:ONEUSDT:2025-02-20T13:00:00+00:00,ONEUSDT,PRE_BREAKOUT,8,HOLDOUT_2025_2026,2025,FIXED10_5,29.205165000000036,TARGET10,14.0
EB1:ONEUSDT:2025-02-20T13:00:00+00:00,ONEUSDT,PRE_BREAKOUT,8,HOLDOUT_2025_2026,2025,FIXED20_7,-21.7183605,STOP,83.0
EB1:ONEUSDT:2025-04-18T02:00:00+00:00,ONEUSDT,PRE_BREAKOUT,8,HOLDOUT_2025_2026,2025,FULL_TRAIL_7,41.73098129895488,RUNNER_STOP,289.0
EB1:ONEUSDT:2025-04-18T02:00:00+00:00,ONEUSDT,PRE_BREAKOUT,8,HOLDOUT_2025_2026,2025,HALF20_RUNNER_7,50.445580649477435,RUNNER_STOP,289.0
EB1:ONEUSDT:2025-04-18T02:00:00+00:00,ONEUSDT,PRE_BREAKOUT,8,HOLDOUT_2025_2026,2025,LADDER10_20_RUNNER_7,42.95682689947745,RUNNER_STOP,289.0
EB1:ONEUSDT:2025-04-18T02:00:00+00:00,ONEUSDT,PRE_BREAKOUT,8,HOLDOUT_2025_2026,2025,FIXED10_5,29.205165000000036,TARGET10,99.0
EB1:ONEUSDT:2025-04-18T02:00:00+00:00,ONEUSDT,PRE_BREAKOUT,8,HOLDOUT_2025_2026,2025,FIXED20_7,59.16018,TARGET20,112.0
EB1:ONEUSDT:2025-08-07T10:00:00+00:00,ONEUSDT,PRE_BREAKOUT,8,HOLDOUT_2025_2026,2025,FULL_TRAIL_7,-0.7498499999999773,RUNNER_STOP,88.0
EB1:ONEUSDT:2025-08-07T10:00:00+00:00,ONEUSDT,PRE_BREAKOUT,8,HOLDOUT_2025_2026,2025,HALF20_RUNNER_7,-21.7183605,INITIAL_STOP,526.0
EB1:ONEUSDT:2025-08-07T10:00:00+00:00,ONEUSDT,PRE_BREAKOUT,8,HOLDOUT_2025_2026,2025,LADDER10_20_RUNNER_7,6.738903750000026,RUNNER_STOP,88.0
EB1:ONEUSDT:2025-08-07T10:00:00+00:00,ONEUSDT,PRE_BREAKOUT,8,HOLDOUT_2025_2026,2025,FIXED10_5,29.205165000000036,TARGET10,78.0
EB1:ONEUSDT:2025-08-07T10:00:00+00:00,ONEUSDT,PRE_BREAKOUT,8,HOLDOUT_2025_2026,2025,FIXED20_7,-21.7183605,STOP,526.0
EB1:ONEUSDT:2025-08-13T15:00:00+00:00,ONEUSDT,PRE_BREAKOUT,8,HOLDOUT_2025_2026,2025,FULL_TRAIL_7,-21.7183605,INITIAL_STOP,11.0
EB1:ONEUSDT:2025-08-13T15:00:00+00:00,ONEUSDT,PRE_BREAKOUT,8,HOLDOUT_2025_2026,2025,HALF20_RUNNER_7,-21.7183605,INITIAL_STOP,11.0
EB1:ONEUSDT:2025-08-13T15:00:00+00:00,ONEUSDT,PRE_BREAKOUT,8,HOLDOUT_2025_2026,2025,LADDER10_20_RUNNER_7,-21.7183605,INITIAL_STOP,11.0
EB1:ONEUSDT:2025-08-13T15:00:00+00:00,ONEUSDT,PRE_BREAKOUT,8,HOLDOUT_2025_2026,2025,FIXED10_5,-15.727357500000041,STOP,11.0
EB1:ONEUSDT:2025-08-13T15:00:00+00:00,ONEUSDT,PRE_BREAKOUT,8,HOLDOUT_2025_2026,2025,FIXED20_7,-21.7183605,STOP,11.0
EB1:ONEUSDT:2026-01-17T13:00:00+00:00,ONEUSDT,PRE_BREAKOUT,8,HOLDOUT_2025_2026,2026,FULL_TRAIL_7,-21.718360499999942,INITIAL_STOP,24.0
EB1:ONEUSDT:2026-01-17T13:00:00+00:00,ONEUSDT,PRE_BREAKOUT,8,HOLDOUT_2025_2026,2026,HALF20_RUNNER_7,-21.718360499999942,INITIAL_STOP,24.0
EB1:ONEUSDT:2026-01-17T13:00:00+00:00,ONEUSDT,PRE_BREAKOUT,8,HOLDOUT_2025_2026,2026,LADDER10_20_RUNNER_7,-21.718360499999942,INITIAL_STOP,24.0
EB1:ONEUSDT:2026-01-17T13:00:00+00:00,ONEUSDT,PRE_BREAKOUT,8,HOLDOUT_2025_2026,2026,FIXED10_5,-15.727357500000041,STOP,24.0
EB1:ONEUSDT:2026-01-17T13:00:00+00:00,ONEUSDT,PRE_BREAKOUT,8,HOLDOUT_2025_2026,2026,FIXED20_7,-21.718360499999942,STOP,24.0
EB1:ONEUSDT:2026-05-06T06:00:00+00:00,ONEUSDT,PRE_BREAKOUT,8,HOLDOUT_2025_2026,2026,FULL_TRAIL_7,-0.7498499999999773,RUNNER_STOP,164.0
EB1:ONEUSDT:2026-05-06T06:00:00+00:00,ONEUSDT,PRE_BREAKOUT,8,HOLDOUT_2025_2026,2026,HALF20_RUNNER_7,-21.7183605,INITIAL_STOP,213.0
EB1:ONEUSDT:2026-05-06T06:00:00+00:00,ONEUSDT,PRE_BREAKOUT,8,HOLDOUT_2025_2026,2026,LADDER10_20_RUNNER_7,6.738903750000026,RUNNER_STOP,164.0
EB1:ONEUSDT:2026-05-06T06:00:00+00:00,ONEUSDT,PRE_BREAKOUT,8,HOLDOUT_2025_2026,2026,FIXED10_5,29.205165000000036,TARGET10,57.0
EB1:ONEUSDT:2026-05-06T06:00:00+00:00,ONEUSDT,PRE_BREAKOUT,8,HOLDOUT_2025_2026,2026,FIXED20_7,-21.7183605,STOP,213.0
EB1:GUSDT:2025-05-13T19:00:00+00:00,GUSDT,PRE_BREAKOUT,8,HOLDOUT_2025_2026,2025,FULL_TRAIL_7,-21.7183605,INITIAL_STOP,24.0
EB1:GUSDT:2025-05-13T19:00:00+00:00,GUSDT,PRE_BREAKOUT,8,HOLDOUT_2025_2026,2025,HALF20_RUNNER_7,-21.7183605,INITIAL_STOP,24.0
EB1:GUSDT:2025-05-13T19:00:00+00:00,GUSDT,PRE_BREAKOUT,8,HOLDOUT_2025_2026,2025,LADDER10_20_RUNNER_7,-21.7183605,INITIAL_STOP,24.0
EB1:GUSDT:2025-05-13T19:00:00+00:00,GUSDT,PRE_BREAKOUT,8,HOLDOUT_2025_2026,2025,FIXED10_5,-15.727357500000041,STOP,20.0
EB1:GUSDT:2025-05-13T19:00:00+00:00,GUSDT,PRE_BREAKOUT,8,HOLDOUT_2025_2026,2025,FIXED20_7,-21.7183605,STOP,24.0
EB1:GUSDT:2026-08-18T06:00:00+00:00,GUSDT,PRE_BREAKOUT,8,HOLDOUT_2025_2026,2026,FULL_TRAIL_7,-0.7498499999999773,RUNNER_STOP,107.0
EB1:GUSDT:2026-08-18T06:00:00+00:00,GUSDT,PRE_BREAKOUT,8,HOLDOUT_2025_2026,2026,HALF20_RUNNER_7,-21.7183605,INITIAL_STOP,295.0
EB1:GUSDT:2026-08-18T06:00:00+00:00,GUSDT,PRE_BREAKOUT,8,HOLDOUT_2025_2026,2026,LADDER10_20_RUNNER_7,6.738903750000026,RUNNER_STOP,107.0
EB1:GUSDT:2026-08-18T06:00:00+00:00,GUSDT,PRE_BREAKOUT,8,HOLDOUT_2025_2026,2026,FIXED10_5,29.205165000000036,TARGET10,78.0
EB1:GUSDT:2026-08-18T06:00:00+00:00,GUSDT,PRE_BREAKOUT,8,HOLDOUT_2025_2026,2026,FIXED20_7,-21.7183605,STOP,295.0
EB1:ADAUSDT:2023-11-02T22:00:00+00:00,ADAUSDT,PRE_BREAKOUT,12,VALIDATION_2023_2024,2023,FULL_TRAIL_7,135.27967321970024,RUNNER_STOP,1941.0
EB1:ADAUSDT:2023-11-02T22:00:00+00:00,ADAUSDT,PRE_BREAKOUT,12,VALIDATION_2023_2024,2023,HALF20_RUNNER_7,97.21992660985012,RUNNER_STOP,1941.0
EB1:ADAUSDT:2023-11-02T22:00:00+00:00,ADAUSDT,PRE_BREAKOUT,12,VALIDATION_2023_2024,2023,LADDER10_20_RUNNER_7,89.73117285985013,RUNNER_STOP,1941.0
EB1:ADAUSDT:2023-11-02T22:00:00+00:00,ADAUSDT,PRE_BREAKOUT,12,VALIDATION_2023_2024,2023,FIXED10_5,29.205165000000036,TARGET10,70.0
EB1:ADAUSDT:2023-11-02T22:00:00+00:00,ADAUSDT,PRE_BREAKOUT,12,VALIDATION_2023_2024,2023,FIXED20_7,59.16018,TARGET20,146.0
EB1:DOGEUSDT:2024-11-22T23:00:00+00:00,DOGEUSDT,PRE_BREAKOUT,12,VALIDATION_2023_2024,2024,FULL_TRAIL_7,-21.7183605,INITIAL_STOP,3.0
EB1:DOGEUSDT:2024-11-22T23:00:00+00:00,DOGEUSDT,PRE_BREAKOUT,12,VALIDATION_2023_2024,2024,HALF20_RUNNER_7,-21.7183605,INITIAL_STOP,3.0
EB1:DOGEUSDT:2024-11-22T23:00:00+00:00,DOGEUSDT,PRE_BREAKOUT,12,VALIDATION_2023_2024,2024,LADDER10_20_RUNNER_7,-21.7183605,INITIAL_STOP,3.0
EB1:DOGEUSDT:2024-11-22T23:00:00+00:00,DOGEUSDT,PRE_BREAKOUT,12,VALIDATION_2023_2024,2024,FIXED10_5,-15.727357499999984,STOP,3.0
EB1:DOGEUSDT:2024-11-22T23:00:00+00:00,DOGEUSDT,PRE_BREAKOUT,12,VALIDATION_2023_2024,2024,FIXED20_7,-21.7183605,STOP,3.0
EB1:SOLUSDT:2023-04-28T17:00:00+00:00,SOLUSDT,PRE_BREAKOUT,12,VALIDATION_2023_2024,2023,FULL_TRAIL_7,-21.7183605,INITIAL_STOP,60.0
EB1:SOLUSDT:2023-04-28T17:00:00+00:00,SOLUSDT,PRE_BREAKOUT,12,VALIDATION_2023_2024,2023,HALF20_RUNNER_7,-21.7183605,INITIAL_STOP,60.0
EB1:SOLUSDT:2023-04-28T17:00:00+00:00,SOLUSDT,PRE_BREAKOUT,12,VALIDATION_2023_2024,2023,LADDER10_20_RUNNER_7,-21.7183605,INITIAL_STOP,60.0
EB1:SOLUSDT:2023-04-28T17:00:00+00:00,SOLUSDT,PRE_BREAKOUT,12,VALIDATION_2023_2024,2023,FIXED10_5,-15.727357499999984,STOP,42.0
EB1:SOLUSDT:2023-04-28T17:00:00+00:00,SOLUSDT,PRE_BREAKOUT,12,VALIDATION_2023_2024,2023,FIXED20_7,-21.7183605,STOP,60.0
EB1:SOLUSDT:2023-07-07T15:00:00+00:00,SOLUSDT,PRE_BREAKOUT,12,VALIDATION_2023_2024,2023,FULL_TRAIL_7,-0.7498499999999773,RUNNER_STOP,116.0
EB1:SOLUSDT:2023-07-07T15:00:00+00:00,SOLUSDT,PRE_BREAKOUT,12,VALIDATION_2023_2024,2023,HALF20_RUNNER_7,58.28437136701538,RUNNER_STOP,157.0
EB1:SOLUSDT:2023-07-07T15:00:00+00:00,SOLUSDT,PRE_BREAKOUT,12,VALIDATION_2023_2024,2023,LADDER10_20_RUNNER_7,50.79561761701539,RUNNER_STOP,157.0
EB1:SOLUSDT:2023-07-07T15:00:00+00:00,SOLUSDT,PRE_BREAKOUT,12,VALIDATION_2023_2024,2023,FIXED10_5,-15.727357500000041,STOP,51.0
EB1:SOLUSDT:2023-07-07T15:00:00+00:00,SOLUSDT,PRE_BREAKOUT,12,VALIDATION_2023_2024,2023,FIXED20_7,59.16018,TARGET20,132.0
EB1:SOLUSDT:2023-12-20T13:00:00+00:00,SOLUSDT,BREAKOUT_ATTEMPT,12,VALIDATION_2023_2024,2023,FULL_TRAIL_7,61.57857740290426,RUNNER_STOP,178.0
EB1:SOLUSDT:2023-12-20T13:00:00+00:00,SOLUSDT,BREAKOUT_ATTEMPT,12,VALIDATION_2023_2024,2023,HALF20_RUNNER_7,60.36937870145212,RUNNER_STOP,178.0
EB1:SOLUSDT:2023-12-20T13:00:00+00:00,SOLUSDT,BREAKOUT_ATTEMPT,12,VALIDATION_2023_2024,2023,LADDER10_20_RUNNER_7,52.880624951452134,RUNNER_STOP,178.0
EB1:SOLUSDT:2023-12-20T13:00:00+00:00,SOLUSDT,BREAKOUT_ATTEMPT,12,VALIDATION_2023_2024,2023,FIXED10_5,29.205165000000036,TARGET10,14.0
EB1:SOLUSDT:2023-12-20T13:00:00+00:00,SOLUSDT,BREAKOUT_ATTEMPT,12,VALIDATION_2023_2024,2023,FIXED20_7,59.16018,TARGET20,63.0
EB1:SOLUSDT:2024-03-12T18:00:00+00:00,SOLUSDT,PRE_BREAKOUT,12,VALIDATION_2023_2024,2024,FULL_TRAIL_7,46.41426549086683,RUNNER_STOP,145.0
EB1:SOLUSDT:2024-03-12T18:00:00+00:00,SOLUSDT,PRE_BREAKOUT,12,VALIDATION_2023_2024,2024,HALF20_RUNNER_7,52.78722274543341,RUNNER_STOP,145.0
EB1:SOLUSDT:2024-03-12T18:00:00+00:00,SOLUSDT,PRE_BREAKOUT,12,VALIDATION_2023_2024,2024,LADDER10_20_RUNNER_7,45.29846899543344,RUNNER_STOP,145.0
EB1:SOLUSDT:2024-03-12T18:00:00+00:00,SOLUSDT,PRE_BREAKOUT,12,VALIDATION_2023_2024,2024,FIXED10_5,29.205165000000093,TARGET10,13.0
EB1:SOLUSDT:2024-03-12T18:00:00+00:00,SOLUSDT,PRE_BREAKOUT,12,VALIDATION_2023_2024,2024,FIXED20_7,59.16018,TARGET20,41.0
EB1:SOLUSDT:2024-12-06T04:00:00+00:00,SOLUSDT,PRE_BREAKOUT,12,VALIDATION_2023_2024,2024,FULL_TRAIL_7,-21.718360499999942,INITIAL_STOP,73.0
EB1:SOLUSDT:2024-12-06T04:00:00+00:00,SOLUSDT,PRE_BREAKOUT,12,VALIDATION_2023_2024,2024,HALF20_RUNNER_7,-21.718360499999942,INITIAL_STOP,73.0
EB1:SOLUSDT:2024-12-06T04:00:00+00:00,SOLUSDT,PRE_BREAKOUT,12,VALIDATION_2023_2024,2024,LADDER10_20_RUNNER_7,-21.718360499999942,INITIAL_STOP,73.0
EB1:SOLUSDT:2024-12-06T04:00:00+00:00,SOLUSDT,PRE_BREAKOUT,12,VALIDATION_2023_2024,2024,FIXED10_5,-15.727357499999984,STOP,62.0
EB1:SOLUSDT:2024-12-06T04:00:00+00:00,SOLUSDT,PRE_BREAKOUT,12,VALIDATION_2023_2024,2024,FIXED20_7,-21.718360499999942,STOP,73.0
EB1:LINKUSDT:2023-01-26T20:00:00+00:00,LINKUSDT,BREAKOUT_ATTEMPT,12,VALIDATION_2023_2024,2023,FULL_TRAIL_7,-21.718360499999942,INITIAL_STOP,125.0
EB1:LINKUSDT:2023-01-26T20:00:00+00:00,LINKUSDT,BREAKOUT_ATTEMPT,12,VALIDATION_2023_2024,2023,HALF20_RUNNER_7,-21.718360499999942,INITIAL_STOP,125.0
EB1:LINKUSDT:2023-01-26T20:00:00+00:00,LINKUSDT,BREAKOUT_ATTEMPT,12,VALIDATION_2023_2024,2023,LADDER10_20_RUNNER_7,-21.718360499999942,INITIAL_STOP,125.0
EB1:LINKUSDT:2023-01-26T20:00:00+00:00,LINKUSDT,BREAKOUT_ATTEMPT,12,VALIDATION_2023_2024,2023,FIXED10_5,-15.727357499999984,STOP,81.0
EB1:LINKUSDT:2023-01-26T20:00:00+00:00,LINKUSDT,BREAKOUT_ATTEMPT,12,VALIDATION_2023_2024,2023,FIXED20_7,-21.718360499999942,STOP,125.0
EB1:LINKUSDT:2024-11-22T16:00:00+00:00,LINKUSDT,PRE_BREAKOUT,12,VALIDATION_2023_2024,2024,FULL_TRAIL_7,-0.7498499999999773,RUNNER_STOP,29.0
EB1:LINKUSDT:2024-11-22T16:00:00+00:00,LINKUSDT,PRE_BREAKOUT,12,VALIDATION_2023_2024,2024,HALF20_RUNNER_7,66.52933320303123,RUNNER_STOP,399.0
EB1:LINKUSDT:2024-11-22T16:00:00+00:00,LINKUSDT,PRE_BREAKOUT,12,VALIDATION_2023_2024,2024,LADDER10_20_RUNNER_7,6.73890375000004,RUNNER_STOP,74.0
EB1:LINKUSDT:2024-11-22T16:00:00+00:00,LINKUSDT,PRE_BREAKOUT,12,VALIDATION_2023_2024,2024,FIXED10_5,29.205165000000093,TARGET10,50.0
EB1:LINKUSDT:2024-11-22T16:00:00+00:00,LINKUSDT,PRE_BREAKOUT,12,VALIDATION_2023_2024,2024,FIXED20_7,59.160180000000054,TARGET20,219.0
EB1:LINKUSDT:2024-11-30T16:00:00+00:00,LINKUSDT,PRE_BREAKOUT,12,VALIDATION_2023_2024,2024,FULL_TRAIL_7,-0.7498499999999773,RUNNER_STOP,22.0
EB1:LINKUSDT:2024-11-30T16:00:00+00:00,LINKUSDT,PRE_BREAKOUT,12,VALIDATION_2023_2024,2024,HALF20_RUNNER_7,57.68034047480705,RUNNER_STOP,207.0
EB1:LINKUSDT:2024-11-30T16:00:00+00:00,LINKUSDT,PRE_BREAKOUT,12,VALIDATION_2023_2024,2024,LADDER10_20_RUNNER_7,50.191586724807046,RUNNER_STOP,207.0
EB1:LINKUSDT:2024-11-30T16:00:00+00:00,LINKUSDT,PRE_BREAKOUT,12,VALIDATION_2023_2024,2024,FIXED10_5,29.205165000000036,TARGET10,27.0
EB1:LINKUSDT:2024-11-30T16:00:00+00:00,LINKUSDT,PRE_BREAKOUT,12,VALIDATION_2023_2024,2024,FIXED20_7,59.160180000000054,TARGET20,35.0
EB1:AVAXUSDT:2023-01-22T12:00:00+00:00,AVAXUSDT,PRE_BREAKOUT,12,VALIDATION_2023_2024,2023,FULL_TRAIL_7,-0.7498499999999773,RUNNER_STOP,43.0
EB1:AVAXUSDT:2023-01-22T12:00:00+00:00,AVAXUSDT,PRE_BREAKOUT,12,VALIDATION_2023_2024,2023,HALF20_RUNNER_7,29.205165000000008,RUNNER_STOP,428.0
EB1:AVAXUSDT:2023-01-22T12:00:00+00:00,AVAXUSDT,PRE_BREAKOUT,12,VALIDATION_2023_2024,2023,LADDER10_20_RUNNER_7,21.716411250000018,RUNNER_STOP,428.0
EB1:AVAXUSDT:2023-01-22T12:00:00+00:00,AVAXUSDT,PRE_BREAKOUT,12,VALIDATION_2023_2024,2023,FIXED10_5,-15.727357500000041,STOP,44.0
EB1:AVAXUSDT:2023-01-22T12:00:00+00:00,AVAXUSDT,PRE_BREAKOUT,12,VALIDATION_2023_2024,2023,FIXED20_7,59.16018,TARGET20,117.0
EB1:AVAXUSDT:2024-11-22T11:00:00+00:00,AVAXUSDT,BREAKOUT_ATTEMPT,12,VALIDATION_2023_2024,2024,FULL_TRAIL_7,-21.7183605,INITIAL_STOP,34.0
EB1:AVAXUSDT:2024-11-22T11:00:00+00:00,AVAXUSDT,BREAKOUT_ATTEMPT,12,VALIDATION_2023_2024,2024,HALF20_RUNNER_7,-21.7183605,INITIAL_STOP,34.0
EB1:AVAXUSDT:2024-11-22T11:00:00+00:00,AVAXUSDT,BREAKOUT_ATTEMPT,12,VALIDATION_2023_2024,2024,LADDER10_20_RUNNER_7,-21.7183605,INITIAL_STOP,34.0
EB1:AVAXUSDT:2024-11-22T11:00:00+00:00,AVAXUSDT,BREAKOUT_ATTEMPT,12,VALIDATION_2023_2024,2024,FIXED10_5,-15.727357499999984,STOP,15.0
EB1:AVAXUSDT:2024-11-22T11:00:00+00:00,AVAXUSDT,BREAKOUT_ATTEMPT,12,VALIDATION_2023_2024,2024,FIXED20_7,-21.7183605,STOP,34.0
EB1:LTCUSDT:2023-02-01T01:00:00+00:00,LTCUSDT,PRE_BREAKOUT,12,VALIDATION_2023_2024,2023,FULL_TRAIL_7,-0.7498499999999773,RUNNER_STOP,98.0
EB1:LTCUSDT:2023-02-01T01:00:00+00:00,LTCUSDT,PRE_BREAKOUT,12,VALIDATION_2023_2024,2023,HALF20_RUNNER_7,-21.7183605,INITIAL_STOP,290.0
EB1:LTCUSDT:2023-02-01T01:00:00+00:00,LTCUSDT,PRE_BREAKOUT,12,VALIDATION_2023_2024,2023,LADDER10_20_RUNNER_7,-21.7183605,INITIAL_STOP,290.0
EB1:LTCUSDT:2023-02-01T01:00:00+00:00,LTCUSDT,PRE_BREAKOUT,12,VALIDATION_2023_2024,2023,FIXED10_5,-15.727357500000041,STOP,196.0
EB1:LTCUSDT:2023-02-01T01:00:00+00:00,LTCUSDT,PRE_BREAKOUT,12,VALIDATION_2023_2024,2023,FIXED20_7,-21.7183605,STOP,290.0
EB1:LTCUSDT:2024-11-29T20:00:00+00:00,LTCUSDT,PRE_BREAKOUT,12,VALIDATION_2023_2024,2024,FULL_TRAIL_7,50.50276661555337,RUNNER_STOP,218.0
EB1:LTCUSDT:2024-11-29T20:00:00+00:00,LTCUSDT,PRE_BREAKOUT,12,VALIDATION_2023_2024,2024,HALF20_RUNNER_7,54.831473307776676,RUNNER_STOP,218.0
EB1:LTCUSDT:2024-11-29T20:00:00+00:00,LTCUSDT,PRE_BREAKOUT,12,VALIDATION_2023_2024,2024,LADDER10_20_RUNNER_7,47.34271955777669,RUNNER_STOP,218.0
EB1:LTCUSDT:2024-11-29T20:00:00+00:00,LTCUSDT,PRE_BREAKOUT,12,VALIDATION_2023_2024,2024,FIXED10_5,29.205165000000036,TARGET10,34.0
EB1:LTCUSDT:2024-11-29T20:00:00+00:00,LTCUSDT,PRE_BREAKOUT,12,VALIDATION_2023_2024,2024,FIXED20_7,59.16018,TARGET20,38.0
EB1:DOTUSDT:2023-01-22T15:00:00+00:00,DOTUSDT,PRE_BREAKOUT,12,VALIDATION_2023_2024,2023,FULL_TRAIL_7,-0.7498499999999773,RUNNER_STOP,40.0
EB1:DOTUSDT:2023-01-22T15:00:00+00:00,DOTUSDT,PRE_BREAKOUT,12,VALIDATION_2023_2024,2023,HALF20_RUNNER_7,-21.718360499999942,INITIAL_STOP,516.0
EB1:DOTUSDT:2023-01-22T15:00:00+00:00,DOTUSDT,PRE_BREAKOUT,12,VALIDATION_2023_2024,2023,LADDER10_20_RUNNER_7,6.738903750000026,RUNNER_STOP,422.0
EB1:DOTUSDT:2023-01-22T15:00:00+00:00,DOTUSDT,PRE_BREAKOUT,12,VALIDATION_2023_2024,2023,FIXED10_5,-15.727357499999984,STOP,44.0
EB1:DOTUSDT:2023-01-22T15:00:00+00:00,DOTUSDT,PRE_BREAKOUT,12,VALIDATION_2023_2024,2023,FIXED20_7,-21.718360499999942,STOP,516.0
EB1:DOTUSDT:2024-03-14T00:00:00+00:00,DOTUSDT,PRE_BREAKOUT,12,VALIDATION_2023_2024,2024,FULL_TRAIL_7,-21.7183605,INITIAL_STOP,13.0
EB1:DOTUSDT:2024-03-14T00:00:00+00:00,DOTUSDT,PRE_BREAKOUT,12,VALIDATION_2023_2024,2024,HALF20_RUNNER_7,-21.7183605,INITIAL_STOP,13.0
EB1:DOTUSDT:2024-03-14T00:00:00+00:00,DOTUSDT,PRE_BREAKOUT,12,VALIDATION_2023_2024,2024,LADDER10_20_RUNNER_7,-21.7183605,INITIAL_STOP,13.0
EB1:DOTUSDT:2024-03-14T00:00:00+00:00,DOTUSDT,PRE_BREAKOUT,12,VALIDATION_2023_2024,2024,FIXED10_5,-15.727357499999984,STOP,5.0
EB1:DOTUSDT:2024-03-14T00:00:00+00:00,DOTUSDT,PRE_BREAKOUT,12,VALIDATION_2023_2024,2024,FIXED20_7,-21.7183605,STOP,13.0
EB1:BCHUSDT:2023-01-27T02:00:00+00:00,BCHUSDT,PRE_BREAKOUT,12,VALIDATION_2023_2024,2023,FULL_TRAIL_7,-0.7498500000000341,RUNNER_STOP,212.0
EB1:BCHUSDT:2023-01-27T02:00:00+00:00,BCHUSDT,PRE_BREAKOUT,12,VALIDATION_2023_2024,2023,HALF20_RUNNER_7,-21.7183605,INITIAL_STOP,315.0
EB1:BCHUSDT:2023-01-27T02:00:00+00:00,BCHUSDT,PRE_BREAKOUT,12,VALIDATION_2023_2024,2023,LADDER10_20_RUNNER_7,-21.7183605,INITIAL_STOP,315.0
EB1:BCHUSDT:2023-01-27T02:00:00+00:00,BCHUSDT,PRE_BREAKOUT,12,VALIDATION_2023_2024,2023,FIXED10_5,-15.727357500000041,STOP,75.0
EB1:BCHUSDT:2023-01-27T02:00:00+00:00,BCHUSDT,PRE_BREAKOUT,12,VALIDATION_2023_2024,2023,FIXED20_7,-21.7183605,STOP,315.0
EB1:BCHUSDT:2024-01-10T23:00:00+00:00,BCHUSDT,PRE_BREAKOUT,12,VALIDATION_2023_2024,2024,FULL_TRAIL_7,-0.7498499999999773,RUNNER_STOP,26.0
EB1:BCHUSDT:2024-01-10T23:00:00+00:00,BCHUSDT,PRE_BREAKOUT,12,VALIDATION_2023_2024,2024,HALF20_RUNNER_7,-21.718360499999942,INITIAL_STOP,33.0
EB1:BCHUSDT:2024-01-10T23:00:00+00:00,BCHUSDT,PRE_BREAKOUT,12,VALIDATION_2023_2024,2024,LADDER10_20_RUNNER_7,-21.718360499999942,INITIAL_STOP,33.0
EB1:BCHUSDT:2024-01-10T23:00:00+00:00,BCHUSDT,PRE_BREAKOUT,12,VALIDATION_2023_2024,2024,FIXED10_5,-15.727357500000041,STOP,28.0
EB1:BCHUSDT:2024-01-10T23:00:00+00:00,BCHUSDT,PRE_BREAKOUT,12,VALIDATION_2023_2024,2024,FIXED20_7,-21.718360499999942,STOP,33.0
EB1:ATOMUSDT:2023-01-29T15:00:00+00:00,ATOMUSDT,PRE_BREAKOUT,12,VALIDATION_2023_2024,2023,FULL_TRAIL_7,-21.7183605,INITIAL_STOP,14.0
EB1:ATOMUSDT:2023-01-29T15:00:00+00:00,ATOMUSDT,PRE_BREAKOUT,12,VALIDATION_2023_2024,2023,HALF20_RUNNER_7,-21.7183605,INITIAL_STOP,14.0
EB1:ATOMUSDT:2023-01-29T15:00:00+00:00,ATOMUSDT,PRE_BREAKOUT,12,VALIDATION_2023_2024,2023,LADDER10_20_RUNNER_7,-21.7183605,INITIAL_STOP,14.0
EB1:ATOMUSDT:2023-01-29T15:00:00+00:00,ATOMUSDT,PRE_BREAKOUT,12,VALIDATION_2023_2024,2023,FIXED10_5,-15.727357499999984,STOP,14.0
EB1:ATOMUSDT:2023-01-29T15:00:00+00:00,ATOMUSDT,PRE_BREAKOUT,12,VALIDATION_2023_2024,2023,FIXED20_7,-21.7183605,STOP,14.0
EB1:ATOMUSDT:2023-02-01T17:00:00+00:00,ATOMUSDT,PRE_BREAKOUT,12,VALIDATION_2023_2024,2023,FULL_TRAIL_7,-21.7183605,INITIAL_STOP,180.0
EB1:ATOMUSDT:2023-02-01T17:00:00+00:00,ATOMUSDT,PRE_BREAKOUT,12,VALIDATION_2023_2024,2023,HALF20_RUNNER_7,-21.7183605,INITIAL_STOP,180.0
EB1:ATOMUSDT:2023-02-01T17:00:00+00:00,ATOMUSDT,PRE_BREAKOUT,12,VALIDATION_2023_2024,2023,LADDER10_20_RUNNER_7,-21.7183605,INITIAL_STOP,180.0
EB1:ATOMUSDT:2023-02-01T17:00:00+00:00,ATOMUSDT,PRE_BREAKOUT,12,VALIDATION_2023_2024,2023,FIXED10_5,-15.727357500000041,STOP,77.0
EB1:ATOMUSDT:2023-02-01T17:00:00+00:00,ATOMUSDT,PRE_BREAKOUT,12,VALIDATION_2023_2024,2023,FIXED20_7,-21.7183605,STOP,180.0
EB1:FETUSDT:2023-01-03T16:00:00+00:00,FETUSDT,PRE_BREAKOUT,12,VALIDATION_2023_2024,2023,FULL_TRAIL_7,579.9119884546188,RUNNER_STOP,1564.0
EB1:FETUSDT:2023-01-03T16:00:00+00:00,FETUSDT,PRE_BREAKOUT,12,VALIDATION_2023_2024,2023,HALF20_RUNNER_7,319.5360842273094,RUNNER_STOP,1564.0
EB1:FETUSDT:2023-01-03T16:00:00+00:00,FETUSDT,PRE_BREAKOUT,12,VALIDATION_2023_2024,2023,LADDER10_20_RUNNER_7,312.0473304773094,RUNNER_STOP,1564.0
EB1:FETUSDT:2023-01-03T16:00:00+00:00,FETUSDT,PRE_BREAKOUT,12,VALIDATION_2023_2024,2023,FIXED10_5,29.205165000000036,TARGET10,5.0
EB1:FETUSDT:2023-01-03T16:00:00+00:00,FETUSDT,PRE_BREAKOUT,12,VALIDATION_2023_2024,2023,FIXED20_7,59.160180000000054,TARGET20,56.0
EB1:FETUSDT:2023-12-01T20:00:00+00:00,FETUSDT,PRE_BREAKOUT,12,VALIDATION_2023_2024,2023,FULL_TRAIL_7,-21.7183605,INITIAL_STOP,49.0
EB1:FETUSDT:2023-12-01T20:00:00+00:00,FETUSDT,PRE_BREAKOUT,12,VALIDATION_2023_2024,2023,HALF20_RUNNER_7,-21.7183605,INITIAL_STOP,49.0
EB1:FETUSDT:2023-12-01T20:00:00+00:00,FETUSDT,PRE_BREAKOUT,12,VALIDATION_2023_2024,2023,LADDER10_20_RUNNER_7,-21.7183605,INITIAL_STOP,49.0
EB1:FETUSDT:2023-12-01T20:00:00+00:00,FETUSDT,PRE_BREAKOUT,12,VALIDATION_2023_2024,2023,FIXED10_5,-15.727357500000041,STOP,49.0
EB1:FETUSDT:2023-12-01T20:00:00+00:00,FETUSDT,PRE_BREAKOUT,12,VALIDATION_2023_2024,2023,FIXED20_7,-21.7183605,STOP,49.0
EB1:FETUSDT:2024-03-26T02:00:00+00:00,FETUSDT,PRE_BREAKOUT,12,VALIDATION_2023_2024,2024,FULL_TRAIL_7,-0.7498499999999773,RUNNER_STOP,133.0
EB1:FETUSDT:2024-03-26T02:00:00+00:00,FETUSDT,PRE_BREAKOUT,12,VALIDATION_2023_2024,2024,HALF20_RUNNER_7,-21.718360499999942,INITIAL_STOP,154.0
EB1:FETUSDT:2024-03-26T02:00:00+00:00,FETUSDT,PRE_BREAKOUT,12,VALIDATION_2023_2024,2024,LADDER10_20_RUNNER_7,6.738903750000055,RUNNER_STOP,133.0
EB1:FETUSDT:2024-03-26T02:00:00+00:00,FETUSDT,PRE_BREAKOUT,12,VALIDATION_2023_2024,2024,FIXED10_5,29.205165000000036,TARGET10,16.0
EB1:FETUSDT:2024-03-26T02:00:00+00:00,FETUSDT,PRE_BREAKOUT,12,VALIDATION_2023_2024,2024,FIXED20_7,-21.718360499999942,STOP,154.0
EB1:FETUSDT:2024-09-18T23:00:00+00:00,FETUSDT,BREAKOUT_ATTEMPT,12,VALIDATION_2023_2024,2024,FULL_TRAIL_7,-0.7498499999999773,RUNNER_STOP,254.0
EB1:FETUSDT:2024-09-18T23:00:00+00:00,FETUSDT,BREAKOUT_ATTEMPT,12,VALIDATION_2023_2024,2024,HALF20_RUNNER_7,-21.718360499999942,INITIAL_STOP,292.0
EB1:FETUSDT:2024-09-18T23:00:00+00:00,FETUSDT,BREAKOUT_ATTEMPT,12,VALIDATION_2023_2024,2024,LADDER10_20_RUNNER_7,6.738903750000012,RUNNER_STOP,254.0
EB1:FETUSDT:2024-09-18T23:00:00+00:00,FETUSDT,BREAKOUT_ATTEMPT,12,VALIDATION_2023_2024,2024,FIXED10_5,29.205165000000093,TARGET10,89.0
EB1:FETUSDT:2024-09-18T23:00:00+00:00,FETUSDT,BREAKOUT_ATTEMPT,12,VALIDATION_2023_2024,2024,FIXED20_7,-21.718360499999942,STOP,292.0
EB1:FETUSDT:2024-09-24T12:00:00+00:00,FETUSDT,PRE_BREAKOUT,12,VALIDATION_2023_2024,2024,FULL_TRAIL_7,-21.718360499999942,INITIAL_STOP,79.0
EB1:FETUSDT:2024-09-24T12:00:00+00:00,FETUSDT,PRE_BREAKOUT,12,VALIDATION_2023_2024,2024,HALF20_RUNNER_7,-21.718360499999942,INITIAL_STOP,79.0
EB1:FETUSDT:2024-09-24T12:00:00+00:00,FETUSDT,PRE_BREAKOUT,12,VALIDATION_2023_2024,2024,LADDER10_20_RUNNER_7,-21.718360499999942,INITIAL_STOP,79.0
EB1:FETUSDT:2024-09-24T12:00:00+00:00,FETUSDT,PRE_BREAKOUT,12,VALIDATION_2023_2024,2024,FIXED10_5,-15.727357499999984,STOP,20.0
EB1:FETUSDT:2024-09-24T12:00:00+00:00,FETUSDT,PRE_BREAKOUT,12,VALIDATION_2023_2024,2024,FIXED20_7,-21.718360499999942,STOP,79.0
EB1:ARBUSDT:2024-05-26T15:00:00+00:00,ARBUSDT,PRE_BREAKOUT,12,VALIDATION_2023_2024,2024,FULL_TRAIL_7,-21.7183605,INITIAL_STOP,23.0
EB1:ARBUSDT:2024-05-26T15:00:00+00:00,ARBUSDT,PRE_BREAKOUT,12,VALIDATION_2023_2024,2024,HALF20_RUNNER_7,-21.7183605,INITIAL_STOP,23.0
EB1:ARBUSDT:2024-05-26T15:00:00+00:00,ARBUSDT,PRE_BREAKOUT,12,VALIDATION_2023_2024,2024,LADDER10_20_RUNNER_7,-21.7183605,INITIAL_STOP,23.0
EB1:ARBUSDT:2024-05-26T15:00:00+00:00,ARBUSDT,PRE_BREAKOUT,12,VALIDATION_2023_2024,2024,FIXED10_5,-15.727357499999984,STOP,20.0
EB1:ARBUSDT:2024-05-26T15:00:00+00:00,ARBUSDT,PRE_BREAKOUT,12,VALIDATION_2023_2024,2024,FIXED20_7,-21.7183605,STOP,23.0
EB1:AAVEUSDT:2023-01-22T16:00:00+00:00,AAVEUSDT,PRE_BREAKOUT,12,VALIDATION_2023_2024,2023,FULL_TRAIL_7,-21.718360499999942,INITIAL_STOP,40.0
EB1:AAVEUSDT:2023-01-22T16:00:00+00:00,AAVEUSDT,PRE_BREAKOUT,12,VALIDATION_2023_2024,2023,HALF20_RUNNER_7,-21.718360499999942,INITIAL_STOP,40.0
EB1:AAVEUSDT:2023-01-22T16:00:00+00:00,AAVEUSDT,PRE_BREAKOUT,12,VALIDATION_2023_2024,2023,LADDER10_20_RUNNER_7,-21.718360499999942,INITIAL_STOP,40.0
EB1:AAVEUSDT:2023-01-22T16:00:00+00:00,AAVEUSDT,PRE_BREAKOUT,12,VALIDATION_2023_2024,2023,FIXED10_5,-15.727357499999984,STOP,39.0
EB1:AAVEUSDT:2023-01-22T16:00:00+00:00,AAVEUSDT,PRE_BREAKOUT,12,VALIDATION_2023_2024,2023,FIXED20_7,-21.718360499999942,STOP,40.0
EB1:AAVEUSDT:2023-01-26T17:00:00+00:00,AAVEUSDT,PRE_BREAKOUT,12,VALIDATION_2023_2024,2023,FULL_TRAIL_7,-21.718360499999942,INITIAL_STOP,84.0
EB1:AAVEUSDT:2023-01-26T17:00:00+00:00,AAVEUSDT,PRE_BREAKOUT,12,VALIDATION_2023_2024,2023,HALF20_RUNNER_7,-21.718360499999942,INITIAL_STOP,84.0
EB1:AAVEUSDT:2023-01-26T17:00:00+00:00,AAVEUSDT,PRE_BREAKOUT,12,VALIDATION_2023_2024,2023,LADDER10_20_RUNNER_7,-21.718360499999942,INITIAL_STOP,84.0
EB1:AAVEUSDT:2023-01-26T17:00:00+00:00,AAVEUSDT,PRE_BREAKOUT,12,VALIDATION_2023_2024,2023,FIXED10_5,-15.727357499999984,STOP,74.0
EB1:AAVEUSDT:2023-01-26T17:00:00+00:00,AAVEUSDT,PRE_BREAKOUT,12,VALIDATION_2023_2024,2023,FIXED20_7,-21.718360499999942,STOP,84.0
EB1:ZECUSDT:2023-01-20T17:00:00+00:00,ZECUSDT,PRE_BREAKOUT,12,VALIDATION_2023_2024,2023,FULL_TRAIL_7,-21.718360499999942,INITIAL_STOP,87.0
EB1:ZECUSDT:2023-01-20T17:00:00+00:00,ZECUSDT,PRE_BREAKOUT,12,VALIDATION_2023_2024,2023,HALF20_RUNNER_7,-21.718360499999942,INITIAL_STOP,87.0
EB1:ZECUSDT:2023-01-20T17:00:00+00:00,ZECUSDT,PRE_BREAKOUT,12,VALIDATION_2023_2024,2023,LADDER10_20_RUNNER_7,-21.718360499999942,INITIAL_STOP,87.0
EB1:ZECUSDT:2023-01-20T17:00:00+00:00,ZECUSDT,PRE_BREAKOUT,12,VALIDATION_2023_2024,2023,FIXED10_5,-15.727357499999984,STOP,86.0
EB1:ZECUSDT:2023-01-20T17:00:00+00:00,ZECUSDT,PRE_BREAKOUT,12,VALIDATION_2023_2024,2023,FIXED20_7,-21.718360499999942,STOP,87.0
EB1:CRVUSDT:2024-03-11T09:00:00+00:00,CRVUSDT,PRE_BREAKOUT,12,VALIDATION_2023_2024,2024,FULL_TRAIL_7,-21.7183605,INITIAL_STOP,18.0
EB1:CRVUSDT:2024-03-11T09:00:00+00:00,CRVUSDT,PRE_BREAKOUT,12,VALIDATION_2023_2024,2024,HALF20_RUNNER_7,-21.7183605,INITIAL_STOP,18.0
EB1:CRVUSDT:2024-03-11T09:00:00+00:00,CRVUSDT,PRE_BREAKOUT,12,VALIDATION_2023_2024,2024,LADDER10_20_RUNNER_7,-21.7183605,INITIAL_STOP,18.0
EB1:CRVUSDT:2024-03-11T09:00:00+00:00,CRVUSDT,PRE_BREAKOUT,12,VALIDATION_2023_2024,2024,FIXED10_5,-15.727357499999984,STOP,9.0
EB1:CRVUSDT:2024-03-11T09:00:00+00:00,CRVUSDT,PRE_BREAKOUT,12,VALIDATION_2023_2024,2024,FIXED20_7,-21.7183605,STOP,18.0
EB1:SUIUSDT:2023-11-23T13:00:00+00:00,SUIUSDT,PRE_BREAKOUT,12,VALIDATION_2023_2024,2023,FULL_TRAIL_7,-0.7498499999999773,RUNNER_STOP,82.0
EB1:SUIUSDT:2023-11-23T13:00:00+00:00,SUIUSDT,PRE_BREAKOUT,12,VALIDATION_2023_2024,2023,HALF20_RUNNER_7,29.205165000000008,RUNNER_STOP,575.0
EB1:SUIUSDT:2023-11-23T13:00:00+00:00,SUIUSDT,PRE_BREAKOUT,12,VALIDATION_2023_2024,2023,LADDER10_20_RUNNER_7,6.738903750000026,RUNNER_STOP,82.0
EB1:SUIUSDT:2023-11-23T13:00:00+00:00,SUIUSDT,PRE_BREAKOUT,12,VALIDATION_2023_2024,2023,FIXED10_5,29.205165000000036,TARGET10,21.0
EB1:SUIUSDT:2023-11-23T13:00:00+00:00,SUIUSDT,PRE_BREAKOUT,12,VALIDATION_2023_2024,2023,FIXED20_7,59.16018,TARGET20,350.0
EB1:SUIUSDT:2024-03-26T20:00:00+00:00,SUIUSDT,PRE_BREAKOUT,12,VALIDATION_2023_2024,2024,FULL_TRAIL_7,-0.7498499999999773,RUNNER_STOP,17.0
EB1:SUIUSDT:2024-03-26T20:00:00+00:00,SUIUSDT,PRE_BREAKOUT,12,VALIDATION_2023_2024,2024,HALF20_RUNNER_7,-21.7183605,INITIAL_STOP,115.0
EB1:SUIUSDT:2024-03-26T20:00:00+00:00,SUIUSDT,PRE_BREAKOUT,12,VALIDATION_2023_2024,2024,LADDER10_20_RUNNER_7,-21.7183605,INITIAL_STOP,115.0
EB1:SUIUSDT:2024-03-26T20:00:00+00:00,SUIUSDT,PRE_BREAKOUT,12,VALIDATION_2023_2024,2024,FIXED10_5,-15.727357499999984,STOP,62.0
EB1:SUIUSDT:2024-03-26T20:00:00+00:00,SUIUSDT,PRE_BREAKOUT,12,VALIDATION_2023_2024,2024,FIXED20_7,-21.7183605,STOP,115.0
EB1:UNIUSDT:2023-11-11T06:00:00+00:00,UNIUSDT,PRE_BREAKOUT,12,VALIDATION_2023_2024,2023,FULL_TRAIL_7,-21.718360499999942,INITIAL_STOP,52.0
EB1:UNIUSDT:2023-11-11T06:00:00+00:00,UNIUSDT,PRE_BREAKOUT,12,VALIDATION_2023_2024,2023,HALF20_RUNNER_7,-21.718360499999942,INITIAL_STOP,52.0
EB1:UNIUSDT:2023-11-11T06:00:00+00:00,UNIUSDT,PRE_BREAKOUT,12,VALIDATION_2023_2024,2023,LADDER10_20_RUNNER_7,-21.718360499999942,INITIAL_STOP,52.0
EB1:UNIUSDT:2023-11-11T06:00:00+00:00,UNIUSDT,PRE_BREAKOUT,12,VALIDATION_2023_2024,2023,FIXED10_5,-15.727357500000041,STOP,4.0
EB1:UNIUSDT:2023-11-11T06:00:00+00:00,UNIUSDT,PRE_BREAKOUT,12,VALIDATION_2023_2024,2023,FIXED20_7,-21.718360499999942,STOP,52.0
EB1:UNIUSDT:2024-01-10T23:00:00+00:00,UNIUSDT,PRE_BREAKOUT,12,VALIDATION_2023_2024,2024,FULL_TRAIL_7,-21.718360499999942,INITIAL_STOP,33.0
EB1:UNIUSDT:2024-01-10T23:00:00+00:00,UNIUSDT,PRE_BREAKOUT,12,VALIDATION_2023_2024,2024,HALF20_RUNNER_7,-21.718360499999942,INITIAL_STOP,33.0
EB1:UNIUSDT:2024-01-10T23:00:00+00:00,UNIUSDT,PRE_BREAKOUT,12,VALIDATION_2023_2024,2024,LADDER10_20_RUNNER_7,-21.718360499999942,INITIAL_STOP,33.0
EB1:UNIUSDT:2024-01-10T23:00:00+00:00,UNIUSDT,PRE_BREAKOUT,12,VALIDATION_2023_2024,2024,FIXED10_5,-15.727357500000041,STOP,3.0
EB1:UNIUSDT:2024-01-10T23:00:00+00:00,UNIUSDT,PRE_BREAKOUT,12,VALIDATION_2023_2024,2024,FIXED20_7,-21.718360499999942,STOP,33.0
EB1:UNIUSDT:2024-09-30T08:00:00+00:00,UNIUSDT,PRE_BREAKOUT,12,VALIDATION_2023_2024,2024,FULL_TRAIL_7,-21.718360499999942,INITIAL_STOP,17.0
EB1:UNIUSDT:2024-09-30T08:00:00+00:00,UNIUSDT,PRE_BREAKOUT,12,VALIDATION_2023_2024,2024,HALF20_RUNNER_7,-21.718360499999942,INITIAL_STOP,17.0
EB1:UNIUSDT:2024-09-30T08:00:00+00:00,UNIUSDT,PRE_BREAKOUT,12,VALIDATION_2023_2024,2024,LADDER10_20_RUNNER_7,-21.718360499999942,INITIAL_STOP,17.0
EB1:UNIUSDT:2024-09-30T08:00:00+00:00,UNIUSDT,PRE_BREAKOUT,12,VALIDATION_2023_2024,2024,FIXED10_5,-15.727357499999984,STOP,17.0
EB1:UNIUSDT:2024-09-30T08:00:00+00:00,UNIUSDT,PRE_BREAKOUT,12,VALIDATION_2023_2024,2024,FIXED20_7,-21.718360499999942,STOP,17.0
EB1:UNIUSDT:2024-11-23T00:00:00+00:00,UNIUSDT,PRE_BREAKOUT,12,VALIDATION_2023_2024,2024,FULL_TRAIL_7,-0.7498499999999773,RUNNER_STOP,6.0
EB1:UNIUSDT:2024-11-23T00:00:00+00:00,UNIUSDT,PRE_BREAKOUT,12,VALIDATION_2023_2024,2024,HALF20_RUNNER_7,78.67362748750239,RUNNER_STOP,391.0
EB1:UNIUSDT:2024-11-23T00:00:00+00:00,UNIUSDT,PRE_BREAKOUT,12,VALIDATION_2023_2024,2024,LADDER10_20_RUNNER_7,6.738903750000026,RUNNER_STOP,69.0
EB1:UNIUSDT:2024-11-23T00:00:00+00:00,UNIUSDT,PRE_BREAKOUT,12,VALIDATION_2023_2024,2024,FIXED10_5,-15.727357499999984,STOP,22.0
EB1:UNIUSDT:2024-11-23T00:00:00+00:00,UNIUSDT,PRE_BREAKOUT,12,VALIDATION_2023_2024,2024,FIXED20_7,59.160180000000054,TARGET20,95.0
EB1:CVXUSDT:2023-01-22T16:00:00+00:00,CVXUSDT,PRE_BREAKOUT,12,VALIDATION_2023_2024,2023,FULL_TRAIL_7,-0.7498500000000341,RUNNER_STOP,38.0
EB1:CVXUSDT:2023-01-22T16:00:00+00:00,CVXUSDT,PRE_BREAKOUT,12,VALIDATION_2023_2024,2023,HALF20_RUNNER_7,52.00515070058624,RUNNER_STOP,318.0
EB1:CVXUSDT:2023-01-22T16:00:00+00:00,CVXUSDT,PRE_BREAKOUT,12,VALIDATION_2023_2024,2023,LADDER10_20_RUNNER_7,44.516396950586234,RUNNER_STOP,318.0
EB1:CVXUSDT:2023-01-22T16:00:00+00:00,CVXUSDT,PRE_BREAKOUT,12,VALIDATION_2023_2024,2023,FIXED10_5,-15.727357500000041,STOP,40.0
EB1:CVXUSDT:2023-01-22T16:00:00+00:00,CVXUSDT,PRE_BREAKOUT,12,VALIDATION_2023_2024,2023,FIXED20_7,59.160180000000054,TARGET20,151.0
EB1:CVXUSDT:2023-01-28T04:00:00+00:00,CVXUSDT,BREAKOUT_ATTEMPT,12,VALIDATION_2023_2024,2023,FULL_TRAIL_7,-0.7498499999999773,RUNNER_STOP,46.0
EB1:CVXUSDT:2023-01-28T04:00:00+00:00,CVXUSDT,BREAKOUT_ATTEMPT,12,VALIDATION_2023_2024,2023,HALF20_RUNNER_7,29.205165000000036,RUNNER_STOP,289.0
EB1:CVXUSDT:2023-01-28T04:00:00+00:00,CVXUSDT,BREAKOUT_ATTEMPT,12,VALIDATION_2023_2024,2023,LADDER10_20_RUNNER_7,21.716411250000032,RUNNER_STOP,289.0
EB1:CVXUSDT:2023-01-28T04:00:00+00:00,CVXUSDT,BREAKOUT_ATTEMPT,12,VALIDATION_2023_2024,2023,FIXED10_5,29.205165000000036,TARGET10,98.0
EB1:CVXUSDT:2023-01-28T04:00:00+00:00,CVXUSDT,BREAKOUT_ATTEMPT,12,VALIDATION_2023_2024,2023,FIXED20_7,59.160180000000054,TARGET20,113.0
EB1:COTIUSDT:2023-11-29T13:00:00+00:00,COTIUSDT,PRE_BREAKOUT,12,VALIDATION_2023_2024,2023,FULL_TRAIL_7,-0.7498499999999773,RUNNER_STOP,263.0
EB1:COTIUSDT:2023-11-29T13:00:00+00:00,COTIUSDT,PRE_BREAKOUT,12,VALIDATION_2023_2024,2023,HALF20_RUNNER_7,51.752963790522756,RUNNER_STOP,825.0
EB1:COTIUSDT:2023-11-29T13:00:00+00:00,COTIUSDT,PRE_BREAKOUT,12,VALIDATION_2023_2024,2023,LADDER10_20_RUNNER_7,6.7389037499999835,RUNNER_STOP,263.0
EB1:COTIUSDT:2023-11-29T13:00:00+00:00,COTIUSDT,PRE_BREAKOUT,12,VALIDATION_2023_2024,2023,FIXED10_5,-15.727357499999984,STOP,15.0
EB1:COTIUSDT:2023-11-29T13:00:00+00:00,COTIUSDT,PRE_BREAKOUT,12,VALIDATION_2023_2024,2023,FIXED20_7,59.16018,TARGET20,336.0
EB1:COTIUSDT:2024-03-25T17:00:00+00:00,COTIUSDT,PRE_BREAKOUT,12,VALIDATION_2023_2024,2024,FULL_TRAIL_7,-21.718360499999942,INITIAL_STOP,33.0
EB1:COTIUSDT:2024-03-25T17:00:00+00:00,COTIUSDT,PRE_BREAKOUT,12,VALIDATION_2023_2024,2024,HALF20_RUNNER_7,-21.718360499999942,INITIAL_STOP,33.0
EB1:COTIUSDT:2024-03-25T17:00:00+00:00,COTIUSDT,PRE_BREAKOUT,12,VALIDATION_2023_2024,2024,LADDER10_20_RUNNER_7,-21.718360499999942,INITIAL_STOP,33.0
EB1:COTIUSDT:2024-03-25T17:00:00+00:00,COTIUSDT,PRE_BREAKOUT,12,VALIDATION_2023_2024,2024,FIXED10_5,-15.727357499999984,STOP,9.0
EB1:COTIUSDT:2024-03-25T17:00:00+00:00,COTIUSDT,PRE_BREAKOUT,12,VALIDATION_2023_2024,2024,FIXED20_7,-21.718360499999942,STOP,33.0
EB1:AUCTIONUSDT:2024-02-10T14:00:00+00:00,AUCTIONUSDT,BREAKOUT_ATTEMPT,12,VALIDATION_2023_2024,2024,FULL_TRAIL_7,-21.7183605,INITIAL_STOP,31.0
EB1:AUCTIONUSDT:2024-02-10T14:00:00+00:00,AUCTIONUSDT,BREAKOUT_ATTEMPT,12,VALIDATION_2023_2024,2024,HALF20_RUNNER_7,-21.7183605,INITIAL_STOP,31.0
EB1:AUCTIONUSDT:2024-02-10T14:00:00+00:00,AUCTIONUSDT,BREAKOUT_ATTEMPT,12,VALIDATION_2023_2024,2024,LADDER10_20_RUNNER_7,-21.7183605,INITIAL_STOP,31.0
EB1:AUCTIONUSDT:2024-02-10T14:00:00+00:00,AUCTIONUSDT,BREAKOUT_ATTEMPT,12,VALIDATION_2023_2024,2024,FIXED10_5,-15.727357500000041,STOP,15.0
EB1:AUCTIONUSDT:2024-02-10T14:00:00+00:00,AUCTIONUSDT,BREAKOUT_ATTEMPT,12,VALIDATION_2023_2024,2024,FIXED20_7,-21.7183605,STOP,31.0
EB1:AUCTIONUSDT:2024-06-13T16:00:00+00:00,AUCTIONUSDT,PRE_BREAKOUT,12,VALIDATION_2023_2024,2024,FULL_TRAIL_7,-21.718360499999942,INITIAL_STOP,10.0
EB1:AUCTIONUSDT:2024-06-13T16:00:00+00:00,AUCTIONUSDT,PRE_BREAKOUT,12,VALIDATION_2023_2024,2024,HALF20_RUNNER_7,-21.718360499999942,INITIAL_STOP,10.0
EB1:AUCTIONUSDT:2024-06-13T16:00:00+00:00,AUCTIONUSDT,PRE_BREAKOUT,12,VALIDATION_2023_2024,2024,LADDER10_20_RUNNER_7,-21.718360499999942,INITIAL_STOP,10.0
EB1:AUCTIONUSDT:2024-06-13T16:00:00+00:00,AUCTIONUSDT,PRE_BREAKOUT,12,VALIDATION_2023_2024,2024,FIXED10_5,-15.727357499999984,STOP,8.0
EB1:AUCTIONUSDT:2024-06-13T16:00:00+00:00,AUCTIONUSDT,PRE_BREAKOUT,12,VALIDATION_2023_2024,2024,FIXED20_7,-21.718360499999942,STOP,10.0
EB1:AUCTIONUSDT:2024-06-17T03:00:00+00:00,AUCTIONUSDT,PRE_BREAKOUT,12,VALIDATION_2023_2024,2024,FULL_TRAIL_7,-21.718360499999942,INITIAL_STOP,7.0
EB1:AUCTIONUSDT:2024-06-17T03:00:00+00:00,AUCTIONUSDT,PRE_BREAKOUT,12,VALIDATION_2023_2024,2024,HALF20_RUNNER_7,-21.718360499999942,INITIAL_STOP,7.0
EB1:AUCTIONUSDT:2024-06-17T03:00:00+00:00,AUCTIONUSDT,PRE_BREAKOUT,12,VALIDATION_2023_2024,2024,LADDER10_20_RUNNER_7,-21.718360499999942,INITIAL_STOP,7.0
EB1:AUCTIONUSDT:2024-06-17T03:00:00+00:00,AUCTIONUSDT,PRE_BREAKOUT,12,VALIDATION_2023_2024,2024,FIXED10_5,-15.727357499999984,STOP,7.0
EB1:AUCTIONUSDT:2024-06-17T03:00:00+00:00,AUCTIONUSDT,PRE_BREAKOUT,12,VALIDATION_2023_2024,2024,FIXED20_7,-21.718360499999942,STOP,7.0
EB1:AUCTIONUSDT:2024-11-19T01:00:00+00:00,AUCTIONUSDT,PRE_BREAKOUT,12,VALIDATION_2023_2024,2024,FULL_TRAIL_7,-21.7183605,INITIAL_STOP,12.0
EB1:AUCTIONUSDT:2024-11-19T01:00:00+00:00,AUCTIONUSDT,PRE_BREAKOUT,12,VALIDATION_2023_2024,2024,HALF20_RUNNER_7,-21.7183605,INITIAL_STOP,12.0
EB1:AUCTIONUSDT:2024-11-19T01:00:00+00:00,AUCTIONUSDT,PRE_BREAKOUT,12,VALIDATION_2023_2024,2024,LADDER10_20_RUNNER_7,-21.7183605,INITIAL_STOP,12.0
EB1:AUCTIONUSDT:2024-11-19T01:00:00+00:00,AUCTIONUSDT,PRE_BREAKOUT,12,VALIDATION_2023_2024,2024,FIXED10_5,-15.727357499999984,STOP,10.0
EB1:AUCTIONUSDT:2024-11-19T01:00:00+00:00,AUCTIONUSDT,PRE_BREAKOUT,12,VALIDATION_2023_2024,2024,FIXED20_7,-21.7183605,STOP,12.0
EB1:PEOPLEUSDT:2023-04-04T10:00:00+00:00,PEOPLEUSDT,PRE_BREAKOUT,12,VALIDATION_2023_2024,2023,FULL_TRAIL_7,-21.7183605,INITIAL_STOP,54.0
EB1:PEOPLEUSDT:2023-04-04T10:00:00+00:00,PEOPLEUSDT,PRE_BREAKOUT,12,VALIDATION_2023_2024,2023,HALF20_RUNNER_7,-21.7183605,INITIAL_STOP,54.0
EB1:PEOPLEUSDT:2023-04-04T10:00:00+00:00,PEOPLEUSDT,PRE_BREAKOUT,12,VALIDATION_2023_2024,2023,LADDER10_20_RUNNER_7,-21.7183605,INITIAL_STOP,54.0
EB1:PEOPLEUSDT:2023-04-04T10:00:00+00:00,PEOPLEUSDT,PRE_BREAKOUT,12,VALIDATION_2023_2024,2023,FIXED10_5,-15.727357499999984,STOP,25.0
EB1:PEOPLEUSDT:2023-04-04T10:00:00+00:00,PEOPLEUSDT,PRE_BREAKOUT,12,VALIDATION_2023_2024,2023,FIXED20_7,-21.7183605,STOP,54.0
EB1:PEOPLEUSDT:2023-11-05T04:00:00+00:00,PEOPLEUSDT,BREAKOUT_ATTEMPT,12,VALIDATION_2023_2024,2023,FULL_TRAIL_7,-0.7498499999999773,RUNNER_STOP,45.0
EB1:PEOPLEUSDT:2023-11-05T04:00:00+00:00,PEOPLEUSDT,BREAKOUT_ATTEMPT,12,VALIDATION_2023_2024,2023,HALF20_RUNNER_7,-21.7183605,INITIAL_STOP,94.0
EB1:PEOPLEUSDT:2023-11-05T04:00:00+00:00,PEOPLEUSDT,BREAKOUT_ATTEMPT,12,VALIDATION_2023_2024,2023,LADDER10_20_RUNNER_7,6.738903750000055,RUNNER_STOP,94.0
EB1:PEOPLEUSDT:2023-11-05T04:00:00+00:00,PEOPLEUSDT,BREAKOUT_ATTEMPT,12,VALIDATION_2023_2024,2023,FIXED10_5,29.205165000000036,TARGET10,83.0
EB1:PEOPLEUSDT:2023-11-05T04:00:00+00:00,PEOPLEUSDT,BREAKOUT_ATTEMPT,12,VALIDATION_2023_2024,2023,FIXED20_7,-21.7183605,STOP,94.0
EB1:SANDUSDT:2023-10-30T08:00:00+00:00,SANDUSDT,PRE_BREAKOUT,12,VALIDATION_2023_2024,2023,FULL_TRAIL_7,-0.7498499999999773,RUNNER_STOP,65.0
EB1:SANDUSDT:2023-10-30T08:00:00+00:00,SANDUSDT,PRE_BREAKOUT,12,VALIDATION_2023_2024,2023,HALF20_RUNNER_7,-21.7183605,INITIAL_STOP,234.0
EB1:SANDUSDT:2023-10-30T08:00:00+00:00,SANDUSDT,PRE_BREAKOUT,12,VALIDATION_2023_2024,2023,LADDER10_20_RUNNER_7,6.738903750000026,RUNNER_STOP,234.0
EB1:SANDUSDT:2023-10-30T08:00:00+00:00,SANDUSDT,PRE_BREAKOUT,12,VALIDATION_2023_2024,2023,FIXED10_5,-15.727357499999984,STOP,17.0
EB1:SANDUSDT:2023-10-30T08:00:00+00:00,SANDUSDT,PRE_BREAKOUT,12,VALIDATION_2023_2024,2023,FIXED20_7,-21.7183605,STOP,234.0
EB1:SANDUSDT:2024-02-26T17:00:00+00:00,SANDUSDT,PRE_BREAKOUT,12,VALIDATION_2023_2024,2024,FULL_TRAIL_7,-0.7498499999999773,RUNNER_STOP,34.0
EB1:SANDUSDT:2024-02-26T17:00:00+00:00,SANDUSDT,PRE_BREAKOUT,12,VALIDATION_2023_2024,2024,HALF20_RUNNER_7,-21.718360499999942,INITIAL_STOP,34.0
EB1:SANDUSDT:2024-02-26T17:00:00+00:00,SANDUSDT,PRE_BREAKOUT,12,VALIDATION_2023_2024,2024,LADDER10_20_RUNNER_7,-21.718360499999942,INITIAL_STOP,34.0
EB1:SANDUSDT:2024-02-26T17:00:00+00:00,SANDUSDT,PRE_BREAKOUT,12,VALIDATION_2023_2024,2024,FIXED10_5,-15.727357499999984,STOP,34.0
EB1:SANDUSDT:2024-02-26T17:00:00+00:00,SANDUSDT,PRE_BREAKOUT,12,VALIDATION_2023_2024,2024,FIXED20_7,-21.718360499999942,STOP,34.0
EB1:WLDUSDT:2023-12-09T13:00:00+00:00,WLDUSDT,PRE_BREAKOUT,12,VALIDATION_2023_2024,2023,FULL_TRAIL_7,-0.7498500000000341,RUNNER_STOP,23.0
EB1:WLDUSDT:2023-12-09T13:00:00+00:00,WLDUSDT,PRE_BREAKOUT,12,VALIDATION_2023_2024,2023,HALF20_RUNNER_7,-21.7183605,INITIAL_STOP,23.0
EB1:WLDUSDT:2023-12-09T13:00:00+00:00,WLDUSDT,PRE_BREAKOUT,12,VALIDATION_2023_2024,2023,LADDER10_20_RUNNER_7,-21.7183605,INITIAL_STOP,23.0
EB1:WLDUSDT:2023-12-09T13:00:00+00:00,WLDUSDT,PRE_BREAKOUT,12,VALIDATION_2023_2024,2023,FIXED10_5,-15.727357499999984,STOP,23.0
EB1:WLDUSDT:2023-12-09T13:00:00+00:00,WLDUSDT,PRE_BREAKOUT,12,VALIDATION_2023_2024,2023,FIXED20_7,-21.7183605,STOP,23.0
EB1:GALAUSDT:2023-07-17T12:00:00+00:00,GALAUSDT,PRE_BREAKOUT,12,VALIDATION_2023_2024,2023,FULL_TRAIL_7,-21.718360499999942,INITIAL_STOP,14.0
EB1:GALAUSDT:2023-07-17T12:00:00+00:00,GALAUSDT,PRE_BREAKOUT,12,VALIDATION_2023_2024,2023,HALF20_RUNNER_7,-21.718360499999942,INITIAL_STOP,14.0
EB1:GALAUSDT:2023-07-17T12:00:00+00:00,GALAUSDT,PRE_BREAKOUT,12,VALIDATION_2023_2024,2023,LADDER10_20_RUNNER_7,-21.718360499999942,INITIAL_STOP,14.0
EB1:GALAUSDT:2023-07-17T12:00:00+00:00,GALAUSDT,PRE_BREAKOUT,12,VALIDATION_2023_2024,2023,FIXED10_5,-15.727357499999984,STOP,4.0
EB1:GALAUSDT:2023-07-17T12:00:00+00:00,GALAUSDT,PRE_BREAKOUT,12,VALIDATION_2023_2024,2023,FIXED20_7,-21.718360499999942,STOP,14.0
EB1:GALAUSDT:2023-12-21T19:00:00+00:00,GALAUSDT,PRE_BREAKOUT,12,VALIDATION_2023_2024,2023,FULL_TRAIL_7,-0.7498500000000341,RUNNER_STOP,104.0
EB1:GALAUSDT:2023-12-21T19:00:00+00:00,GALAUSDT,PRE_BREAKOUT,12,VALIDATION_2023_2024,2023,HALF20_RUNNER_7,-21.7183605,INITIAL_STOP,291.0
EB1:GALAUSDT:2023-12-21T19:00:00+00:00,GALAUSDT,PRE_BREAKOUT,12,VALIDATION_2023_2024,2023,LADDER10_20_RUNNER_7,6.738903749999998,RUNNER_STOP,104.0
EB1:GALAUSDT:2023-12-21T19:00:00+00:00,GALAUSDT,PRE_BREAKOUT,12,VALIDATION_2023_2024,2023,FIXED10_5,29.205165000000036,TARGET10,79.0
EB1:GALAUSDT:2023-12-21T19:00:00+00:00,GALAUSDT,PRE_BREAKOUT,12,VALIDATION_2023_2024,2023,FIXED20_7,-21.7183605,STOP,291.0
EB1:GALAUSDT:2024-02-24T05:00:00+00:00,GALAUSDT,PRE_BREAKOUT,12,VALIDATION_2023_2024,2024,FULL_TRAIL_7,52.34585778455699,RUNNER_STOP,94.0
EB1:GALAUSDT:2024-02-24T05:00:00+00:00,GALAUSDT,PRE_BREAKOUT,12,VALIDATION_2023_2024,2024,HALF20_RUNNER_7,55.75301889227849,RUNNER_STOP,94.0
EB1:GALAUSDT:2024-02-24T05:00:00+00:00,GALAUSDT,PRE_BREAKOUT,12,VALIDATION_2023_2024,2024,LADDER10_20_RUNNER_7,48.264265142278504,RUNNER_STOP,94.0
EB1:GALAUSDT:2024-02-24T05:00:00+00:00,GALAUSDT,PRE_BREAKOUT,12,VALIDATION_2023_2024,2024,FIXED10_5,29.205165000000036,TARGET10,34.0
EB1:GALAUSDT:2024-02-24T05:00:00+00:00,GALAUSDT,PRE_BREAKOUT,12,VALIDATION_2023_2024,2024,FIXED20_7,59.16018,TARGET20,70.0
EB1:ETCUSDT:2023-02-03T04:00:00+00:00,ETCUSDT,PRE_BREAKOUT,12,VALIDATION_2023_2024,2023,FULL_TRAIL_7,-0.7498499999999773,RUNNER_STOP,42.0
EB1:ETCUSDT:2023-02-03T04:00:00+00:00,ETCUSDT,PRE_BREAKOUT,12,VALIDATION_2023_2024,2023,HALF20_RUNNER_7,-21.7183605,INITIAL_STOP,145.0
EB1:ETCUSDT:2023-02-03T04:00:00+00:00,ETCUSDT,PRE_BREAKOUT,12,VALIDATION_2023_2024,2023,LADDER10_20_RUNNER_7,-21.7183605,INITIAL_STOP,145.0
EB1:ETCUSDT:2023-02-03T04:00:00+00:00,ETCUSDT,PRE_BREAKOUT,12,VALIDATION_2023_2024,2023,FIXED10_5,-15.727357499999984,STOP,77.0
EB1:ETCUSDT:2023-02-03T04:00:00+00:00,ETCUSDT,PRE_BREAKOUT,12,VALIDATION_2023_2024,2023,FIXED20_7,-21.7183605,STOP,145.0
EB1:ETCUSDT:2023-06-30T06:00:00+00:00,ETCUSDT,PRE_BREAKOUT,12,VALIDATION_2023_2024,2023,FULL_TRAIL_7,-0.7498499999999773,RUNNER_STOP,31.0
EB1:ETCUSDT:2023-06-30T06:00:00+00:00,ETCUSDT,PRE_BREAKOUT,12,VALIDATION_2023_2024,2023,HALF20_RUNNER_7,-21.7183605,INITIAL_STOP,220.0
EB1:ETCUSDT:2023-06-30T06:00:00+00:00,ETCUSDT,PRE_BREAKOUT,12,VALIDATION_2023_2024,2023,LADDER10_20_RUNNER_7,6.738903750000026,RUNNER_STOP,31.0
EB1:ETCUSDT:2023-06-30T06:00:00+00:00,ETCUSDT,PRE_BREAKOUT,12,VALIDATION_2023_2024,2023,FIXED10_5,29.205165000000036,TARGET10,4.0
EB1:ETCUSDT:2023-06-30T06:00:00+00:00,ETCUSDT,PRE_BREAKOUT,12,VALIDATION_2023_2024,2023,FIXED20_7,-21.7183605,STOP,220.0
EB1:ETCUSDT:2023-12-07T15:00:00+00:00,ETCUSDT,PRE_BREAKOUT,12,VALIDATION_2023_2024,2023,FULL_TRAIL_7,-0.7498499999999773,RUNNER_STOP,33.0
EB1:ETCUSDT:2023-12-07T15:00:00+00:00,ETCUSDT,PRE_BREAKOUT,12,VALIDATION_2023_2024,2023,HALF20_RUNNER_7,-21.718360499999942,INITIAL_STOP,69.0
EB1:ETCUSDT:2023-12-07T15:00:00+00:00,ETCUSDT,PRE_BREAKOUT,12,VALIDATION_2023_2024,2023,LADDER10_20_RUNNER_7,-21.718360499999942,INITIAL_STOP,69.0
EB1:ETCUSDT:2023-12-07T15:00:00+00:00,ETCUSDT,PRE_BREAKOUT,12,VALIDATION_2023_2024,2023,FIXED10_5,-15.727357499999927,STOP,69.0
EB1:ETCUSDT:2023-12-07T15:00:00+00:00,ETCUSDT,PRE_BREAKOUT,12,VALIDATION_2023_2024,2023,FIXED20_7,-21.718360499999942,STOP,69.0
EB1:ETCUSDT:2024-11-16T09:00:00+00:00,ETCUSDT,BREAKOUT_ATTEMPT,12,VALIDATION_2023_2024,2024,FULL_TRAIL_7,-0.7498499999999773,RUNNER_STOP,12.0
EB1:ETCUSDT:2024-11-16T09:00:00+00:00,ETCUSDT,BREAKOUT_ATTEMPT,12,VALIDATION_2023_2024,2024,HALF20_RUNNER_7,-21.718360499999942,INITIAL_STOP,92.0
EB1:ETCUSDT:2024-11-16T09:00:00+00:00,ETCUSDT,BREAKOUT_ATTEMPT,12,VALIDATION_2023_2024,2024,LADDER10_20_RUNNER_7,6.738903749999998,RUNNER_STOP,12.0
EB1:ETCUSDT:2024-11-16T09:00:00+00:00,ETCUSDT,BREAKOUT_ATTEMPT,12,VALIDATION_2023_2024,2024,FIXED10_5,29.205165000000036,TARGET10,1.0
EB1:ETCUSDT:2024-11-16T09:00:00+00:00,ETCUSDT,BREAKOUT_ATTEMPT,12,VALIDATION_2023_2024,2024,FIXED20_7,-21.718360499999942,STOP,92.0
EB1:MANAUSDT:2023-12-06T15:00:00+00:00,MANAUSDT,BREAKOUT_ATTEMPT,12,VALIDATION_2023_2024,2023,FULL_TRAIL_7,-0.7498500000000341,RUNNER_STOP,93.0
EB1:MANAUSDT:2023-12-06T15:00:00+00:00,MANAUSDT,BREAKOUT_ATTEMPT,12,VALIDATION_2023_2024,2023,HALF20_RUNNER_7,-21.7183605,INITIAL_STOP,269.0
EB1:MANAUSDT:2023-12-06T15:00:00+00:00,MANAUSDT,BREAKOUT_ATTEMPT,12,VALIDATION_2023_2024,2023,LADDER10_20_RUNNER_7,6.7389037499999835,RUNNER_STOP,93.0
EB1:MANAUSDT:2023-12-06T15:00:00+00:00,MANAUSDT,BREAKOUT_ATTEMPT,12,VALIDATION_2023_2024,2023,FIXED10_5,29.20516499999998,TARGET10,43.0
EB1:MANAUSDT:2023-12-06T15:00:00+00:00,MANAUSDT,BREAKOUT_ATTEMPT,12,VALIDATION_2023_2024,2023,FIXED20_7,-21.7183605,STOP,269.0
EB1:MANAUSDT:2024-11-22T22:00:00+00:00,MANAUSDT,PRE_BREAKOUT,12,VALIDATION_2023_2024,2024,FULL_TRAIL_7,55.9545098714573,RUNNER_STOP,25.0
EB1:MANAUSDT:2024-11-22T22:00:00+00:00,MANAUSDT,PRE_BREAKOUT,12,VALIDATION_2023_2024,2024,HALF20_RUNNER_7,57.55734493572867,RUNNER_STOP,25.0
EB1:MANAUSDT:2024-11-22T22:00:00+00:00,MANAUSDT,PRE_BREAKOUT,12,VALIDATION_2023_2024,2024,LADDER10_20_RUNNER_7,50.068591185728664,RUNNER_STOP,25.0
EB1:MANAUSDT:2024-11-22T22:00:00+00:00,MANAUSDT,PRE_BREAKOUT,12,VALIDATION_2023_2024,2024,FIXED10_5,29.205165000000036,TARGET10,7.0
EB1:MANAUSDT:2024-11-22T22:00:00+00:00,MANAUSDT,PRE_BREAKOUT,12,VALIDATION_2023_2024,2024,FIXED20_7,59.160180000000054,TARGET20,15.0
EB1:FILUSDT:2024-11-22T19:00:00+00:00,FILUSDT,PRE_BREAKOUT,12,VALIDATION_2023_2024,2024,FULL_TRAIL_7,-0.7498499999999773,RUNNER_STOP,27.0
EB1:FILUSDT:2024-11-22T19:00:00+00:00,FILUSDT,PRE_BREAKOUT,12,VALIDATION_2023_2024,2024,HALF20_RUNNER_7,66.46906637759766,RUNNER_STOP,395.0
EB1:FILUSDT:2024-11-22T19:00:00+00:00,FILUSDT,PRE_BREAKOUT,12,VALIDATION_2023_2024,2024,LADDER10_20_RUNNER_7,6.73890375000004,RUNNER_STOP,27.0
EB1:FILUSDT:2024-11-22T19:00:00+00:00,FILUSDT,PRE_BREAKOUT,12,VALIDATION_2023_2024,2024,FIXED10_5,29.205165000000093,TARGET10,17.0
EB1:FILUSDT:2024-11-22T19:00:00+00:00,FILUSDT,PRE_BREAKOUT,12,VALIDATION_2023_2024,2024,FIXED20_7,59.16018,TARGET20,159.0
EB1:VETUSDT:2023-01-26T16:00:00+00:00,VETUSDT,PRE_BREAKOUT,12,VALIDATION_2023_2024,2023,FULL_TRAIL_7,-0.7498499999999773,RUNNER_STOP,31.0
EB1:VETUSDT:2023-01-26T16:00:00+00:00,VETUSDT,PRE_BREAKOUT,12,VALIDATION_2023_2024,2023,HALF20_RUNNER_7,-21.7183605,INITIAL_STOP,419.0
EB1:VETUSDT:2023-01-26T16:00:00+00:00,VETUSDT,PRE_BREAKOUT,12,VALIDATION_2023_2024,2023,LADDER10_20_RUNNER_7,6.738903750000026,RUNNER_STOP,325.0
EB1:VETUSDT:2023-01-26T16:00:00+00:00,VETUSDT,PRE_BREAKOUT,12,VALIDATION_2023_2024,2023,FIXED10_5,-15.727357500000041,STOP,85.0
EB1:VETUSDT:2023-01-26T16:00:00+00:00,VETUSDT,PRE_BREAKOUT,12,VALIDATION_2023_2024,2023,FIXED20_7,-21.7183605,STOP,419.0
EB1:VETUSDT:2024-02-26T04:00:00+00:00,VETUSDT,BREAKOUT_ATTEMPT,12,VALIDATION_2023_2024,2024,FULL_TRAIL_7,-0.7498499999999773,RUNNER_STOP,41.0
EB1:VETUSDT:2024-02-26T04:00:00+00:00,VETUSDT,BREAKOUT_ATTEMPT,12,VALIDATION_2023_2024,2024,HALF20_RUNNER_7,-21.7183605,INITIAL_STOP,47.0
EB1:VETUSDT:2024-02-26T04:00:00+00:00,VETUSDT,BREAKOUT_ATTEMPT,12,VALIDATION_2023_2024,2024,LADDER10_20_RUNNER_7,-21.7183605,INITIAL_STOP,47.0
EB1:VETUSDT:2024-02-26T04:00:00+00:00,VETUSDT,BREAKOUT_ATTEMPT,12,VALIDATION_2023_2024,2024,FIXED10_5,-15.727357500000041,STOP,47.0
EB1:VETUSDT:2024-02-26T04:00:00+00:00,VETUSDT,BREAKOUT_ATTEMPT,12,VALIDATION_2023_2024,2024,FIXED20_7,-21.7183605,STOP,47.0
EB1:ALGOUSDT:2023-11-20T11:00:00+00:00,ALGOUSDT,PRE_BREAKOUT,12,VALIDATION_2023_2024,2023,FULL_TRAIL_7,-21.7183605,INITIAL_STOP,14.0
EB1:ALGOUSDT:2023-11-20T11:00:00+00:00,ALGOUSDT,PRE_BREAKOUT,12,VALIDATION_2023_2024,2023,HALF20_RUNNER_7,-21.7183605,INITIAL_STOP,14.0
EB1:ALGOUSDT:2023-11-20T11:00:00+00:00,ALGOUSDT,PRE_BREAKOUT,12,VALIDATION_2023_2024,2023,LADDER10_20_RUNNER_7,-21.7183605,INITIAL_STOP,14.0
EB1:ALGOUSDT:2023-11-20T11:00:00+00:00,ALGOUSDT,PRE_BREAKOUT,12,VALIDATION_2023_2024,2023,FIXED10_5,-15.727357500000041,STOP,13.0
EB1:ALGOUSDT:2023-11-20T11:00:00+00:00,ALGOUSDT,PRE_BREAKOUT,12,VALIDATION_2023_2024,2023,FIXED20_7,-21.7183605,STOP,14.0
EB1:ALGOUSDT:2023-12-07T05:00:00+00:00,ALGOUSDT,BREAKOUT_ATTEMPT,12,VALIDATION_2023_2024,2023,FULL_TRAIL_7,45.58989185280495,RUNNER_STOP,79.0
EB1:ALGOUSDT:2023-12-07T05:00:00+00:00,ALGOUSDT,BREAKOUT_ATTEMPT,12,VALIDATION_2023_2024,2023,HALF20_RUNNER_7,52.375035926402504,RUNNER_STOP,79.0
EB1:ALGOUSDT:2023-12-07T05:00:00+00:00,ALGOUSDT,BREAKOUT_ATTEMPT,12,VALIDATION_2023_2024,2023,LADDER10_20_RUNNER_7,44.886282176402496,RUNNER_STOP,79.0
EB1:ALGOUSDT:2023-12-07T05:00:00+00:00,ALGOUSDT,BREAKOUT_ATTEMPT,12,VALIDATION_2023_2024,2023,FIXED10_5,29.205165000000036,TARGET10,18.0
EB1:ALGOUSDT:2023-12-07T05:00:00+00:00,ALGOUSDT,BREAKOUT_ATTEMPT,12,VALIDATION_2023_2024,2023,FIXED20_7,59.160180000000054,TARGET20,32.0
EB1:LSKUSDT:2023-01-27T04:00:00+00:00,LSKUSDT,PRE_BREAKOUT,12,VALIDATION_2023_2024,2023,FULL_TRAIL_7,-21.7183605,INITIAL_STOP,63.0
EB1:LSKUSDT:2023-01-27T04:00:00+00:00,LSKUSDT,PRE_BREAKOUT,12,VALIDATION_2023_2024,2023,HALF20_RUNNER_7,-21.7183605,INITIAL_STOP,63.0
EB1:LSKUSDT:2023-01-27T04:00:00+00:00,LSKUSDT,PRE_BREAKOUT,12,VALIDATION_2023_2024,2023,LADDER10_20_RUNNER_7,-21.7183605,INITIAL_STOP,63.0
EB1:LSKUSDT:2023-01-27T04:00:00+00:00,LSKUSDT,PRE_BREAKOUT,12,VALIDATION_2023_2024,2023,FIXED10_5,-15.727357499999984,STOP,63.0
EB1:LSKUSDT:2023-01-27T04:00:00+00:00,LSKUSDT,PRE_BREAKOUT,12,VALIDATION_2023_2024,2023,FIXED20_7,-21.7183605,STOP,63.0
EB1:LSKUSDT:2024-11-16T16:00:00+00:00,LSKUSDT,PRE_BREAKOUT,12,VALIDATION_2023_2024,2024,FULL_TRAIL_7,-0.7498500000000341,RUNNER_STOP,69.0
EB1:LSKUSDT:2024-11-16T16:00:00+00:00,LSKUSDT,PRE_BREAKOUT,12,VALIDATION_2023_2024,2024,HALF20_RUNNER_7,60.529276163504534,RUNNER_STOP,542.0
EB1:LSKUSDT:2024-11-16T16:00:00+00:00,LSKUSDT,PRE_BREAKOUT,12,VALIDATION_2023_2024,2024,LADDER10_20_RUNNER_7,6.738903749999998,RUNNER_STOP,69.0
EB1:LSKUSDT:2024-11-16T16:00:00+00:00,LSKUSDT,PRE_BREAKOUT,12,VALIDATION_2023_2024,2024,FIXED10_5,29.205165000000036,TARGET10,42.0
EB1:LSKUSDT:2024-11-16T16:00:00+00:00,LSKUSDT,PRE_BREAKOUT,12,VALIDATION_2023_2024,2024,FIXED20_7,59.16018,TARGET20,168.0
EB1:LSKUSDT:2024-11-23T17:00:00+00:00,LSKUSDT,PRE_BREAKOUT,12,VALIDATION_2023_2024,2024,FULL_TRAIL_7,-21.718360499999942,INITIAL_STOP,5.0
EB1:LSKUSDT:2024-11-23T17:00:00+00:00,LSKUSDT,PRE_BREAKOUT,12,VALIDATION_2023_2024,2024,HALF20_RUNNER_7,-21.718360499999942,INITIAL_STOP,5.0
EB1:LSKUSDT:2024-11-23T17:00:00+00:00,LSKUSDT,PRE_BREAKOUT,12,VALIDATION_2023_2024,2024,LADDER10_20_RUNNER_7,-21.718360499999942,INITIAL_STOP,5.0
EB1:LSKUSDT:2024-11-23T17:00:00+00:00,LSKUSDT,PRE_BREAKOUT,12,VALIDATION_2023_2024,2024,FIXED10_5,-15.727357499999984,STOP,4.0
EB1:LSKUSDT:2024-11-23T17:00:00+00:00,LSKUSDT,PRE_BREAKOUT,12,VALIDATION_2023_2024,2024,FIXED20_7,-21.718360499999942,STOP,5.0
EB1:CELRUSDT:2024-02-24T12:00:00+00:00,CELRUSDT,BREAKOUT_ATTEMPT,12,VALIDATION_2023_2024,2024,FULL_TRAIL_7,-0.7498500000000341,RUNNER_STOP,13.0
EB1:CELRUSDT:2024-02-24T12:00:00+00:00,CELRUSDT,BREAKOUT_ATTEMPT,12,VALIDATION_2023_2024,2024,HALF20_RUNNER_7,52.33821852291115,RUNNER_STOP,233.0
EB1:CELRUSDT:2024-02-24T12:00:00+00:00,CELRUSDT,BREAKOUT_ATTEMPT,12,VALIDATION_2023_2024,2024,LADDER10_20_RUNNER_7,44.84946477291116,RUNNER_STOP,233.0
EB1:CELRUSDT:2024-02-24T12:00:00+00:00,CELRUSDT,BREAKOUT_ATTEMPT,12,VALIDATION_2023_2024,2024,FIXED10_5,29.205165000000036,TARGET10,53.0
EB1:CELRUSDT:2024-02-24T12:00:00+00:00,CELRUSDT,BREAKOUT_ATTEMPT,12,VALIDATION_2023_2024,2024,FIXED20_7,59.16018,TARGET20,75.0
EB1:CELRUSDT:2024-11-22T21:00:00+00:00,CELRUSDT,BREAKOUT_ATTEMPT,12,VALIDATION_2023_2024,2024,FULL_TRAIL_7,50.61795884104118,RUNNER_STOP,18.0
EB1:CELRUSDT:2024-11-22T21:00:00+00:00,CELRUSDT,BREAKOUT_ATTEMPT,12,VALIDATION_2023_2024,2024,HALF20_RUNNER_7,54.889069420520556,RUNNER_STOP,18.0
EB1:CELRUSDT:2024-11-22T21:00:00+00:00,CELRUSDT,BREAKOUT_ATTEMPT,12,VALIDATION_2023_2024,2024,LADDER10_20_RUNNER_7,47.400315670520584,RUNNER_STOP,18.0
EB1:CELRUSDT:2024-11-22T21:00:00+00:00,CELRUSDT,BREAKOUT_ATTEMPT,12,VALIDATION_2023_2024,2024,FIXED10_5,29.205165000000036,TARGET10,6.0
EB1:CELRUSDT:2024-11-22T21:00:00+00:00,CELRUSDT,BREAKOUT_ATTEMPT,12,VALIDATION_2023_2024,2024,FIXED20_7,59.16017999999994,TARGET20,16.0
EB1:ICPUSDT:2023-01-20T19:00:00+00:00,ICPUSDT,PRE_BREAKOUT,12,VALIDATION_2023_2024,2023,FULL_TRAIL_7,-0.7498499999999773,RUNNER_STOP,35.0
EB1:ICPUSDT:2023-01-20T19:00:00+00:00,ICPUSDT,PRE_BREAKOUT,12,VALIDATION_2023_2024,2023,HALF20_RUNNER_7,-21.7183605,INITIAL_STOP,466.0
EB1:ICPUSDT:2023-01-20T19:00:00+00:00,ICPUSDT,PRE_BREAKOUT,12,VALIDATION_2023_2024,2023,LADDER10_20_RUNNER_7,6.738903749999998,RUNNER_STOP,85.0
EB1:ICPUSDT:2023-01-20T19:00:00+00:00,ICPUSDT,PRE_BREAKOUT,12,VALIDATION_2023_2024,2023,FIXED10_5,29.205165000000036,TARGET10,47.0
EB1:ICPUSDT:2023-01-20T19:00:00+00:00,ICPUSDT,PRE_BREAKOUT,12,VALIDATION_2023_2024,2023,FIXED20_7,-21.7183605,STOP,466.0
EB1:ICPUSDT:2023-01-27T14:00:00+00:00,ICPUSDT,PRE_BREAKOUT,12,VALIDATION_2023_2024,2023,FULL_TRAIL_7,-21.7183605,INITIAL_STOP,201.0
EB1:ICPUSDT:2023-01-27T14:00:00+00:00,ICPUSDT,PRE_BREAKOUT,12,VALIDATION_2023_2024,2023,HALF20_RUNNER_7,-21.7183605,INITIAL_STOP,201.0
EB1:ICPUSDT:2023-01-27T14:00:00+00:00,ICPUSDT,PRE_BREAKOUT,12,VALIDATION_2023_2024,2023,LADDER10_20_RUNNER_7,-21.7183605,INITIAL_STOP,201.0
EB1:ICPUSDT:2023-01-27T14:00:00+00:00,ICPUSDT,PRE_BREAKOUT,12,VALIDATION_2023_2024,2023,FIXED10_5,-15.727357499999984,STOP,63.0
EB1:ICPUSDT:2023-01-27T14:00:00+00:00,ICPUSDT,PRE_BREAKOUT,12,VALIDATION_2023_2024,2023,FIXED20_7,-21.7183605,STOP,201.0
EB1:ICPUSDT:2023-02-01T20:00:00+00:00,ICPUSDT,PRE_BREAKOUT,12,VALIDATION_2023_2024,2023,FULL_TRAIL_7,-21.718360499999942,INITIAL_STOP,74.0
EB1:ICPUSDT:2023-02-01T20:00:00+00:00,ICPUSDT,PRE_BREAKOUT,12,VALIDATION_2023_2024,2023,HALF20_RUNNER_7,-21.718360499999942,INITIAL_STOP,74.0
EB1:ICPUSDT:2023-02-01T20:00:00+00:00,ICPUSDT,PRE_BREAKOUT,12,VALIDATION_2023_2024,2023,LADDER10_20_RUNNER_7,-21.718360499999942,INITIAL_STOP,74.0
EB1:ICPUSDT:2023-02-01T20:00:00+00:00,ICPUSDT,PRE_BREAKOUT,12,VALIDATION_2023_2024,2023,FIXED10_5,-15.727357499999984,STOP,12.0
EB1:ICPUSDT:2023-02-01T20:00:00+00:00,ICPUSDT,PRE_BREAKOUT,12,VALIDATION_2023_2024,2023,FIXED20_7,-21.718360499999942,STOP,74.0
EB1:ICPUSDT:2023-10-28T22:00:00+00:00,ICPUSDT,PRE_BREAKOUT,12,VALIDATION_2023_2024,2023,FULL_TRAIL_7,-0.7498499999999773,RUNNER_STOP,18.0
EB1:ICPUSDT:2023-10-28T22:00:00+00:00,ICPUSDT,PRE_BREAKOUT,12,VALIDATION_2023_2024,2023,HALF20_RUNNER_7,287.740063460757,RUNNER_STOP,4016.0
EB1:ICPUSDT:2023-10-28T22:00:00+00:00,ICPUSDT,PRE_BREAKOUT,12,VALIDATION_2023_2024,2023,LADDER10_20_RUNNER_7,6.738903749999998,RUNNER_STOP,268.0
EB1:ICPUSDT:2023-10-28T22:00:00+00:00,ICPUSDT,PRE_BREAKOUT,12,VALIDATION_2023_2024,2023,FIXED10_5,29.205165000000036,TARGET10,252.0
EB1:ICPUSDT:2023-10-28T22:00:00+00:00,ICPUSDT,PRE_BREAKOUT,12,VALIDATION_2023_2024,2023,FIXED20_7,59.16018,TARGET20,349.0
EB1:ICPUSDT:2024-11-30T12:00:00+00:00,ICPUSDT,PRE_BREAKOUT,12,VALIDATION_2023_2024,2024,FULL_TRAIL_7,-0.7498499999999773,RUNNER_STOP,210.0
EB1:ICPUSDT:2024-11-30T12:00:00+00:00,ICPUSDT,PRE_BREAKOUT,12,VALIDATION_2023_2024,2024,HALF20_RUNNER_7,29.205165000000008,RUNNER_STOP,210.0
EB1:ICPUSDT:2024-11-30T12:00:00+00:00,ICPUSDT,PRE_BREAKOUT,12,VALIDATION_2023_2024,2024,LADDER10_20_RUNNER_7,21.716411250000018,RUNNER_STOP,210.0
EB1:ICPUSDT:2024-11-30T12:00:00+00:00,ICPUSDT,PRE_BREAKOUT,12,VALIDATION_2023_2024,2024,FIXED10_5,29.205165000000036,TARGET10,23.0
EB1:ICPUSDT:2024-11-30T12:00:00+00:00,ICPUSDT,PRE_BREAKOUT,12,VALIDATION_2023_2024,2024,FIXED20_7,59.16018,TARGET20,69.0
EB1:ONEUSDT:2024-02-19T07:00:00+00:00,ONEUSDT,BREAKOUT_ATTEMPT,12,VALIDATION_2023_2024,2024,FULL_TRAIL_7,-21.7183605,INITIAL_STOP,18.0
EB1:ONEUSDT:2024-02-19T07:00:00+00:00,ONEUSDT,BREAKOUT_ATTEMPT,12,VALIDATION_2023_2024,2024,HALF20_RUNNER_7,-21.7183605,INITIAL_STOP,18.0
EB1:ONEUSDT:2024-02-19T07:00:00+00:00,ONEUSDT,BREAKOUT_ATTEMPT,12,VALIDATION_2023_2024,2024,LADDER10_20_RUNNER_7,-21.7183605,INITIAL_STOP,18.0
EB1:ONEUSDT:2024-02-19T07:00:00+00:00,ONEUSDT,BREAKOUT_ATTEMPT,12,VALIDATION_2023_2024,2024,FIXED10_5,-15.727357500000041,STOP,18.0
EB1:ONEUSDT:2024-02-19T07:00:00+00:00,ONEUSDT,BREAKOUT_ATTEMPT,12,VALIDATION_2023_2024,2024,FIXED20_7,-21.7183605,STOP,18.0
EB1:SYNUSDT:2023-11-04T15:00:00+00:00,SYNUSDT,PRE_BREAKOUT,12,VALIDATION_2023_2024,2023,FULL_TRAIL_7,-0.7498499999999773,RUNNER_STOP,53.0
EB1:SYNUSDT:2023-11-04T15:00:00+00:00,SYNUSDT,PRE_BREAKOUT,12,VALIDATION_2023_2024,2023,HALF20_RUNNER_7,50.4496700850863,RUNNER_STOP,208.0
EB1:SYNUSDT:2023-11-04T15:00:00+00:00,SYNUSDT,PRE_BREAKOUT,12,VALIDATION_2023_2024,2023,LADDER10_20_RUNNER_7,42.96091633508631,RUNNER_STOP,208.0
EB1:SYNUSDT:2023-11-04T15:00:00+00:00,SYNUSDT,PRE_BREAKOUT,12,VALIDATION_2023_2024,2023,FIXED10_5,29.205165000000093,TARGET10,98.0
EB1:SYNUSDT:2023-11-04T15:00:00+00:00,SYNUSDT,PRE_BREAKOUT,12,VALIDATION_2023_2024,2023,FIXED20_7,59.160180000000054,TARGET20,136.0
EB1:SYNUSDT:2024-02-17T18:00:00+00:00,SYNUSDT,PRE_BREAKOUT,12,VALIDATION_2023_2024,2024,FULL_TRAIL_7,-0.7498499999999773,RUNNER_STOP,55.0
EB1:SYNUSDT:2024-02-17T18:00:00+00:00,SYNUSDT,PRE_BREAKOUT,12,VALIDATION_2023_2024,2024,HALF20_RUNNER_7,-21.7183605,INITIAL_STOP,73.0
EB1:SYNUSDT:2024-02-17T18:00:00+00:00,SYNUSDT,PRE_BREAKOUT,12,VALIDATION_2023_2024,2024,LADDER10_20_RUNNER_7,6.738903749999998,RUNNER_STOP,55.0
EB1:SYNUSDT:2024-02-17T18:00:00+00:00,SYNUSDT,PRE_BREAKOUT,12,VALIDATION_2023_2024,2024,FIXED10_5,29.205165000000036,TARGET10,32.0
EB1:SYNUSDT:2024-02-17T18:00:00+00:00,SYNUSDT,PRE_BREAKOUT,12,VALIDATION_2023_2024,2024,FIXED20_7,-21.7183605,STOP,73.0
EB1:DOGEUSDT:2025-05-22T01:00:00+00:00,DOGEUSDT,BREAKOUT_ATTEMPT,12,HOLDOUT_2025_2026,2025,FULL_TRAIL_7,-0.7498499999999773,RUNNER_STOP,20.0
EB1:DOGEUSDT:2025-05-22T01:00:00+00:00,DOGEUSDT,BREAKOUT_ATTEMPT,12,HOLDOUT_2025_2026,2025,HALF20_RUNNER_7,-21.718360499999942,INITIAL_STOP,32.0
EB1:DOGEUSDT:2025-05-22T01:00:00+00:00,DOGEUSDT,BREAKOUT_ATTEMPT,12,HOLDOUT_2025_2026,2025,LADDER10_20_RUNNER_7,-21.718360499999942,INITIAL_STOP,32.0
EB1:DOGEUSDT:2025-05-22T01:00:00+00:00,DOGEUSDT,BREAKOUT_ATTEMPT,12,HOLDOUT_2025_2026,2025,FIXED10_5,-15.727357499999984,STOP,21.0
EB1:DOGEUSDT:2025-05-22T01:00:00+00:00,DOGEUSDT,BREAKOUT_ATTEMPT,12,HOLDOUT_2025_2026,2025,FIXED20_7,-21.718360499999942,STOP,32.0
EB1:LINKUSDT:2025-08-17T04:00:00+00:00,LINKUSDT,PRE_BREAKOUT,12,HOLDOUT_2025_2026,2025,FULL_TRAIL_7,-21.7183605,INITIAL_STOP,33.0
EB1:LINKUSDT:2025-08-17T04:00:00+00:00,LINKUSDT,PRE_BREAKOUT,12,HOLDOUT_2025_2026,2025,HALF20_RUNNER_7,-21.7183605,INITIAL_STOP,33.0
EB1:LINKUSDT:2025-08-17T04:00:00+00:00,LINKUSDT,PRE_BREAKOUT,12,HOLDOUT_2025_2026,2025,LADDER10_20_RUNNER_7,-21.7183605,INITIAL_STOP,33.0
EB1:LINKUSDT:2025-08-17T04:00:00+00:00,LINKUSDT,PRE_BREAKOUT,12,HOLDOUT_2025_2026,2025,FIXED10_5,-15.727357499999984,STOP,8.0
EB1:LINKUSDT:2025-08-17T04:00:00+00:00,LINKUSDT,PRE_BREAKOUT,12,HOLDOUT_2025_2026,2025,FIXED20_7,-21.7183605,STOP,33.0
EB1:AVAXUSDT:2025-05-09T03:00:00+00:00,AVAXUSDT,PRE_BREAKOUT,12,HOLDOUT_2025_2026,2025,FULL_TRAIL_7,-0.7498499999999773,RUNNER_STOP,173.0
EB1:AVAXUSDT:2025-05-09T03:00:00+00:00,AVAXUSDT,PRE_BREAKOUT,12,HOLDOUT_2025_2026,2025,HALF20_RUNNER_7,-21.7183605,INITIAL_STOP,487.0
EB1:AVAXUSDT:2025-05-09T03:00:00+00:00,AVAXUSDT,PRE_BREAKOUT,12,HOLDOUT_2025_2026,2025,LADDER10_20_RUNNER_7,6.738903750000026,RUNNER_STOP,173.0
EB1:AVAXUSDT:2025-05-09T03:00:00+00:00,AVAXUSDT,PRE_BREAKOUT,12,HOLDOUT_2025_2026,2025,FIXED10_5,29.205165000000036,TARGET10,28.0
EB1:AVAXUSDT:2025-05-09T03:00:00+00:00,AVAXUSDT,PRE_BREAKOUT,12,HOLDOUT_2025_2026,2025,FIXED20_7,-21.7183605,STOP,487.0
EB1:AVAXUSDT:2025-09-03T09:00:00+00:00,AVAXUSDT,PRE_BREAKOUT,12,HOLDOUT_2025_2026,2025,FULL_TRAIL_7,49.61310756264728,RUNNER_STOP,439.0
EB1:AVAXUSDT:2025-09-03T09:00:00+00:00,AVAXUSDT,PRE_BREAKOUT,12,HOLDOUT_2025_2026,2025,HALF20_RUNNER_7,54.386643781323635,RUNNER_STOP,439.0
EB1:AVAXUSDT:2025-09-03T09:00:00+00:00,AVAXUSDT,PRE_BREAKOUT,12,HOLDOUT_2025_2026,2025,LADDER10_20_RUNNER_7,46.89789003132364,RUNNER_STOP,439.0
EB1:AVAXUSDT:2025-09-03T09:00:00+00:00,AVAXUSDT,PRE_BREAKOUT,12,HOLDOUT_2025_2026,2025,FIXED10_5,-15.727357500000041,STOP,25.0
EB1:AVAXUSDT:2025-09-03T09:00:00+00:00,AVAXUSDT,PRE_BREAKOUT,12,HOLDOUT_2025_2026,2025,FIXED20_7,59.16018,TARGET20,220.0
EB1:LTCUSDT:2025-01-25T16:00:00+00:00,LTCUSDT,PRE_BREAKOUT,12,HOLDOUT_2025_2026,2025,FULL_TRAIL_7,-21.7183605,INITIAL_STOP,18.0
EB1:LTCUSDT:2025-01-25T16:00:00+00:00,LTCUSDT,PRE_BREAKOUT,12,HOLDOUT_2025_2026,2025,HALF20_RUNNER_7,-21.7183605,INITIAL_STOP,18.0
EB1:LTCUSDT:2025-01-25T16:00:00+00:00,LTCUSDT,PRE_BREAKOUT,12,HOLDOUT_2025_2026,2025,LADDER10_20_RUNNER_7,-21.7183605,INITIAL_STOP,18.0
EB1:LTCUSDT:2025-01-25T16:00:00+00:00,LTCUSDT,PRE_BREAKOUT,12,HOLDOUT_2025_2026,2025,FIXED10_5,-15.727357499999984,STOP,17.0
EB1:LTCUSDT:2025-01-25T16:00:00+00:00,LTCUSDT,PRE_BREAKOUT,12,HOLDOUT_2025_2026,2025,FIXED20_7,-21.7183605,STOP,18.0
EB1:LTCUSDT:2025-02-19T01:00:00+00:00,LTCUSDT,PRE_BREAKOUT,12,HOLDOUT_2025_2026,2025,FULL_TRAIL_7,-21.7183605,INITIAL_STOP,52.0
EB1:LTCUSDT:2025-02-19T01:00:00+00:00,LTCUSDT,PRE_BREAKOUT,12,HOLDOUT_2025_2026,2025,HALF20_RUNNER_7,-21.7183605,INITIAL_STOP,52.0
EB1:LTCUSDT:2025-02-19T01:00:00+00:00,LTCUSDT,PRE_BREAKOUT,12,HOLDOUT_2025_2026,2025,LADDER10_20_RUNNER_7,-21.7183605,INITIAL_STOP,52.0
EB1:LTCUSDT:2025-02-19T01:00:00+00:00,LTCUSDT,PRE_BREAKOUT,12,HOLDOUT_2025_2026,2025,FIXED10_5,-15.727357500000041,STOP,22.0
EB1:LTCUSDT:2025-02-19T01:00:00+00:00,LTCUSDT,PRE_BREAKOUT,12,HOLDOUT_2025_2026,2025,FIXED20_7,-21.7183605,STOP,52.0
EB1:LTCUSDT:2025-08-04T19:00:00+00:00,LTCUSDT,PRE_BREAKOUT,12,HOLDOUT_2025_2026,2025,FULL_TRAIL_7,-0.7498499999999773,RUNNER_STOP,4.0
EB1:LTCUSDT:2025-08-04T19:00:00+00:00,LTCUSDT,PRE_BREAKOUT,12,HOLDOUT_2025_2026,2025,HALF20_RUNNER_7,-21.718360499999942,INITIAL_STOP,334.0
EB1:LTCUSDT:2025-08-04T19:00:00+00:00,LTCUSDT,PRE_BREAKOUT,12,HOLDOUT_2025_2026,2025,LADDER10_20_RUNNER_7,-21.718360499999942,INITIAL_STOP,334.0
EB1:LTCUSDT:2025-08-04T19:00:00+00:00,LTCUSDT,PRE_BREAKOUT,12,HOLDOUT_2025_2026,2025,FIXED10_5,-15.727357500000041,STOP,23.0
EB1:LTCUSDT:2025-08-04T19:00:00+00:00,LTCUSDT,PRE_BREAKOUT,12,HOLDOUT_2025_2026,2025,FIXED20_7,-21.718360499999942,STOP,334.0
EB1:DOTUSDT:2025-05-09T01:00:00+00:00,DOTUSDT,BREAKOUT_ATTEMPT,12,HOLDOUT_2025_2026,2025,FULL_TRAIL_7,-0.7498499999999204,RUNNER_STOP,143.0
EB1:DOTUSDT:2025-05-09T01:00:00+00:00,DOTUSDT,BREAKOUT_ATTEMPT,12,HOLDOUT_2025_2026,2025,HALF20_RUNNER_7,-21.718360499999942,INITIAL_STOP,384.0
EB1:DOTUSDT:2025-05-09T01:00:00+00:00,DOTUSDT,BREAKOUT_ATTEMPT,12,HOLDOUT_2025_2026,2025,LADDER10_20_RUNNER_7,6.738903750000069,RUNNER_STOP,143.0
EB1:DOTUSDT:2025-05-09T01:00:00+00:00,DOTUSDT,BREAKOUT_ATTEMPT,12,HOLDOUT_2025_2026,2025,FIXED10_5,29.205165000000093,TARGET10,19.0
EB1:DOTUSDT:2025-05-09T01:00:00+00:00,DOTUSDT,BREAKOUT_ATTEMPT,12,HOLDOUT_2025_2026,2025,FIXED20_7,-21.718360499999942,STOP,384.0
EB1:DOTUSDT:2025-07-17T10:00:00+00:00,DOTUSDT,PRE_BREAKOUT,12,HOLDOUT_2025_2026,2025,FULL_TRAIL_7,-0.7498499999999773,RUNNER_STOP,15.0
EB1:DOTUSDT:2025-07-17T10:00:00+00:00,DOTUSDT,PRE_BREAKOUT,12,HOLDOUT_2025_2026,2025,HALF20_RUNNER_7,-21.718360499999942,INITIAL_STOP,149.0
EB1:DOTUSDT:2025-07-17T10:00:00+00:00,DOTUSDT,PRE_BREAKOUT,12,HOLDOUT_2025_2026,2025,LADDER10_20_RUNNER_7,-21.718360499999942,INITIAL_STOP,149.0
EB1:DOTUSDT:2025-07-17T10:00:00+00:00,DOTUSDT,PRE_BREAKOUT,12,HOLDOUT_2025_2026,2025,FIXED10_5,-15.727357500000041,STOP,140.0
EB1:DOTUSDT:2025-07-17T10:00:00+00:00,DOTUSDT,PRE_BREAKOUT,12,HOLDOUT_2025_2026,2025,FIXED20_7,-21.718360499999942,STOP,149.0
EB1:BCHUSDT:2025-06-15T15:00:00+00:00,BCHUSDT,PRE_BREAKOUT,12,HOLDOUT_2025_2026,2025,FULL_TRAIL_7,-0.7498499999999773,RUNNER_STOP,67.0
EB1:BCHUSDT:2025-06-15T15:00:00+00:00,BCHUSDT,PRE_BREAKOUT,12,HOLDOUT_2025_2026,2025,HALF20_RUNNER_7,49.54870642054795,RUNNER_STOP,1147.0
EB1:BCHUSDT:2025-06-15T15:00:00+00:00,BCHUSDT,PRE_BREAKOUT,12,HOLDOUT_2025_2026,2025,LADDER10_20_RUNNER_7,6.738903750000026,RUNNER_STOP,152.0
EB1:BCHUSDT:2025-06-15T15:00:00+00:00,BCHUSDT,PRE_BREAKOUT,12,HOLDOUT_2025_2026,2025,FIXED10_5,29.205165000000036,TARGET10,89.0
EB1:BCHUSDT:2025-06-15T15:00:00+00:00,BCHUSDT,PRE_BREAKOUT,12,HOLDOUT_2025_2026,2025,FIXED20_7,59.16017999999994,TARGET20,824.0
EB1:BCHUSDT:2025-12-03T15:00:00+00:00,BCHUSDT,PRE_BREAKOUT,12,HOLDOUT_2025_2026,2025,FULL_TRAIL_7,-21.7183605,INITIAL_STOP,274.0
EB1:BCHUSDT:2025-12-03T15:00:00+00:00,BCHUSDT,PRE_BREAKOUT,12,HOLDOUT_2025_2026,2025,HALF20_RUNNER_7,-21.7183605,INITIAL_STOP,274.0
EB1:BCHUSDT:2025-12-03T15:00:00+00:00,BCHUSDT,PRE_BREAKOUT,12,HOLDOUT_2025_2026,2025,LADDER10_20_RUNNER_7,-21.7183605,INITIAL_STOP,274.0
EB1:BCHUSDT:2025-12-03T15:00:00+00:00,BCHUSDT,PRE_BREAKOUT,12,HOLDOUT_2025_2026,2025,FIXED10_5,-15.727357499999984,STOP,35.0
EB1:BCHUSDT:2025-12-03T15:00:00+00:00,BCHUSDT,PRE_BREAKOUT,12,HOLDOUT_2025_2026,2025,FIXED20_7,-21.7183605,STOP,274.0
EB1:BCHUSDT:2026-07-10T12:00:00+00:00,BCHUSDT,PRE_BREAKOUT,12,HOLDOUT_2025_2026,2026,FULL_TRAIL_7,-21.7183605,INITIAL_STOP,111.0
EB1:BCHUSDT:2026-07-10T12:00:00+00:00,BCHUSDT,PRE_BREAKOUT,12,HOLDOUT_2025_2026,2026,HALF20_RUNNER_7,-21.7183605,INITIAL_STOP,111.0
EB1:BCHUSDT:2026-07-10T12:00:00+00:00,BCHUSDT,PRE_BREAKOUT,12,HOLDOUT_2025_2026,2026,LADDER10_20_RUNNER_7,-21.7183605,INITIAL_STOP,111.0
EB1:BCHUSDT:2026-07-10T12:00:00+00:00,BCHUSDT,PRE_BREAKOUT,12,HOLDOUT_2025_2026,2026,FIXED10_5,-15.727357499999984,STOP,72.0
EB1:BCHUSDT:2026-07-10T12:00:00+00:00,BCHUSDT,PRE_BREAKOUT,12,HOLDOUT_2025_2026,2026,FIXED20_7,-21.7183605,STOP,111.0
EB1:ATOMUSDT:2025-05-21T20:00:00+00:00,ATOMUSDT,PRE_BREAKOUT,12,HOLDOUT_2025_2026,2025,FULL_TRAIL_7,-21.7183605,INITIAL_STOP,40.0
EB1:ATOMUSDT:2025-05-21T20:00:00+00:00,ATOMUSDT,PRE_BREAKOUT,12,HOLDOUT_2025_2026,2025,HALF20_RUNNER_7,-21.7183605,INITIAL_STOP,40.0
EB1:ATOMUSDT:2025-05-21T20:00:00+00:00,ATOMUSDT,PRE_BREAKOUT,12,HOLDOUT_2025_2026,2025,LADDER10_20_RUNNER_7,-21.7183605,INITIAL_STOP,40.0
EB1:ATOMUSDT:2025-05-21T20:00:00+00:00,ATOMUSDT,PRE_BREAKOUT,12,HOLDOUT_2025_2026,2025,FIXED10_5,-15.727357499999984,STOP,36.0
EB1:ATOMUSDT:2025-05-21T20:00:00+00:00,ATOMUSDT,PRE_BREAKOUT,12,HOLDOUT_2025_2026,2025,FIXED20_7,-21.7183605,STOP,40.0
EB1:NEARUSDT:2025-05-22T09:00:00+00:00,NEARUSDT,PRE_BREAKOUT,12,HOLDOUT_2025_2026,2025,FULL_TRAIL_7,-21.7183605,INITIAL_STOP,13.0
EB1:NEARUSDT:2025-05-22T09:00:00+00:00,NEARUSDT,PRE_BREAKOUT,12,HOLDOUT_2025_2026,2025,HALF20_RUNNER_7,-21.7183605,INITIAL_STOP,13.0
EB1:NEARUSDT:2025-05-22T09:00:00+00:00,NEARUSDT,PRE_BREAKOUT,12,HOLDOUT_2025_2026,2025,LADDER10_20_RUNNER_7,-21.7183605,INITIAL_STOP,13.0
EB1:NEARUSDT:2025-05-22T09:00:00+00:00,NEARUSDT,PRE_BREAKOUT,12,HOLDOUT_2025_2026,2025,FIXED10_5,-15.727357500000041,STOP,12.0
EB1:NEARUSDT:2025-05-22T09:00:00+00:00,NEARUSDT,PRE_BREAKOUT,12,HOLDOUT_2025_2026,2025,FIXED20_7,-21.7183605,STOP,13.0
EB1:NEARUSDT:2026-06-14T23:00:00+00:00,NEARUSDT,PRE_BREAKOUT,12,HOLDOUT_2025_2026,2026,FULL_TRAIL_7,-21.718360499999942,INITIAL_STOP,30.0
EB1:NEARUSDT:2026-06-14T23:00:00+00:00,NEARUSDT,PRE_BREAKOUT,12,HOLDOUT_2025_2026,2026,HALF20_RUNNER_7,-21.718360499999942,INITIAL_STOP,30.0
EB1:NEARUSDT:2026-06-14T23:00:00+00:00,NEARUSDT,PRE_BREAKOUT,12,HOLDOUT_2025_2026,2026,LADDER10_20_RUNNER_7,-21.718360499999942,INITIAL_STOP,30.0
EB1:NEARUSDT:2026-06-14T23:00:00+00:00,NEARUSDT,PRE_BREAKOUT,12,HOLDOUT_2025_2026,2026,FIXED10_5,-15.727357499999984,STOP,13.0
EB1:NEARUSDT:2026-06-14T23:00:00+00:00,NEARUSDT,PRE_BREAKOUT,12,HOLDOUT_2025_2026,2026,FIXED20_7,-21.718360499999942,STOP,30.0
EB1:FETUSDT:2025-07-16T17:00:00+00:00,FETUSDT,PRE_BREAKOUT,12,HOLDOUT_2025_2026,2025,FULL_TRAIL_7,-0.7498499999999773,RUNNER_STOP,32.0
EB1:FETUSDT:2025-07-16T17:00:00+00:00,FETUSDT,PRE_BREAKOUT,12,HOLDOUT_2025_2026,2025,HALF20_RUNNER_7,-21.7183605,INITIAL_STOP,167.0
EB1:FETUSDT:2025-07-16T17:00:00+00:00,FETUSDT,PRE_BREAKOUT,12,HOLDOUT_2025_2026,2025,LADDER10_20_RUNNER_7,6.738903749999998,RUNNER_STOP,147.0
EB1:FETUSDT:2025-07-16T17:00:00+00:00,FETUSDT,PRE_BREAKOUT,12,HOLDOUT_2025_2026,2025,FIXED10_5,29.205165000000036,TARGET10,102.0
EB1:FETUSDT:2025-07-16T17:00:00+00:00,FETUSDT,PRE_BREAKOUT,12,HOLDOUT_2025_2026,2025,FIXED20_7,-21.7183605,STOP,167.0
EB1:FETUSDT:2026-05-25T15:00:00+00:00,FETUSDT,BREAKOUT_ATTEMPT,12,HOLDOUT_2025_2026,2026,FULL_TRAIL_7,-0.7498499999999204,RUNNER_STOP,35.0
EB1:FETUSDT:2026-05-25T15:00:00+00:00,FETUSDT,BREAKOUT_ATTEMPT,12,HOLDOUT_2025_2026,2026,HALF20_RUNNER_7,-21.718360499999942,INITIAL_STOP,47.0
EB1:FETUSDT:2026-05-25T15:00:00+00:00,FETUSDT,BREAKOUT_ATTEMPT,12,HOLDOUT_2025_2026,2026,LADDER10_20_RUNNER_7,6.738903750000069,RUNNER_STOP,35.0
EB1:FETUSDT:2026-05-25T15:00:00+00:00,FETUSDT,BREAKOUT_ATTEMPT,12,HOLDOUT_2025_2026,2026,FIXED10_5,29.205165000000093,TARGET10,7.0
EB1:FETUSDT:2026-05-25T15:00:00+00:00,FETUSDT,BREAKOUT_ATTEMPT,12,HOLDOUT_2025_2026,2026,FIXED20_7,-21.718360499999942,STOP,47.0
EB1:INJUSDT:2025-05-08T07:00:00+00:00,INJUSDT,PRE_BREAKOUT,12,HOLDOUT_2025_2026,2025,FULL_TRAIL_7,40.14954149507833,RUNNER_STOP,395.0
EB1:INJUSDT:2025-05-08T07:00:00+00:00,INJUSDT,PRE_BREAKOUT,12,HOLDOUT_2025_2026,2025,HALF20_RUNNER_7,49.65486074753916,RUNNER_STOP,395.0
EB1:INJUSDT:2025-05-08T07:00:00+00:00,INJUSDT,PRE_BREAKOUT,12,HOLDOUT_2025_2026,2025,LADDER10_20_RUNNER_7,42.166106997539174,RUNNER_STOP,395.0
EB1:INJUSDT:2025-05-08T07:00:00+00:00,INJUSDT,PRE_BREAKOUT,12,HOLDOUT_2025_2026,2025,FIXED10_5,29.205165000000036,TARGET10,33.0
EB1:INJUSDT:2025-05-08T07:00:00+00:00,INJUSDT,PRE_BREAKOUT,12,HOLDOUT_2025_2026,2025,FIXED20_7,59.16018,TARGET20,50.0
EB1:INJUSDT:2025-05-22T02:00:00+00:00,INJUSDT,PRE_BREAKOUT,12,HOLDOUT_2025_2026,2025,FULL_TRAIL_7,-0.7498499999999773,RUNNER_STOP,19.0
EB1:INJUSDT:2025-05-22T02:00:00+00:00,INJUSDT,PRE_BREAKOUT,12,HOLDOUT_2025_2026,2025,HALF20_RUNNER_7,-21.718360499999942,INITIAL_STOP,31.0
EB1:INJUSDT:2025-05-22T02:00:00+00:00,INJUSDT,PRE_BREAKOUT,12,HOLDOUT_2025_2026,2025,LADDER10_20_RUNNER_7,-21.718360499999942,INITIAL_STOP,31.0
EB1:INJUSDT:2025-05-22T02:00:00+00:00,INJUSDT,PRE_BREAKOUT,12,HOLDOUT_2025_2026,2025,FIXED10_5,-15.727357499999984,STOP,20.0
EB1:INJUSDT:2025-05-22T02:00:00+00:00,INJUSDT,PRE_BREAKOUT,12,HOLDOUT_2025_2026,2025,FIXED20_7,-21.718360499999942,STOP,31.0
EB1:INJUSDT:2025-08-07T13:00:00+00:00,INJUSDT,PRE_BREAKOUT,12,HOLDOUT_2025_2026,2025,FULL_TRAIL_7,-0.7498500000000341,RUNNER_STOP,52.0
EB1:INJUSDT:2025-08-07T13:00:00+00:00,INJUSDT,PRE_BREAKOUT,12,HOLDOUT_2025_2026,2025,HALF20_RUNNER_7,-21.7183605,INITIAL_STOP,345.0
EB1:INJUSDT:2025-08-07T13:00:00+00:00,INJUSDT,PRE_BREAKOUT,12,HOLDOUT_2025_2026,2025,LADDER10_20_RUNNER_7,6.738903749999998,RUNNER_STOP,181.0
EB1:INJUSDT:2025-08-07T13:00:00+00:00,INJUSDT,PRE_BREAKOUT,12,HOLDOUT_2025_2026,2025,FIXED10_5,29.205165000000036,TARGET10,128.0
EB1:INJUSDT:2025-08-07T13:00:00+00:00,INJUSDT,PRE_BREAKOUT,12,HOLDOUT_2025_2026,2025,FIXED20_7,-21.7183605,STOP,345.0
EB1:INJUSDT:2026-05-11T10:00:00+00:00,INJUSDT,BREAKOUT_ATTEMPT,12,HOLDOUT_2025_2026,2026,FULL_TRAIL_7,-0.7498500000000341,RUNNER_STOP,14.0
EB1:INJUSDT:2026-05-11T10:00:00+00:00,INJUSDT,BREAKOUT_ATTEMPT,12,HOLDOUT_2025_2026,2026,HALF20_RUNNER_7,48.57300057425516,RUNNER_STOP,43.0
EB1:INJUSDT:2026-05-11T10:00:00+00:00,INJUSDT,BREAKOUT_ATTEMPT,12,HOLDOUT_2025_2026,2026,LADDER10_20_RUNNER_7,41.08424682425517,RUNNER_STOP,43.0
EB1:INJUSDT:2026-05-11T10:00:00+00:00,INJUSDT,BREAKOUT_ATTEMPT,12,HOLDOUT_2025_2026,2026,FIXED10_5,29.205165000000036,TARGET10,26.0
EB1:INJUSDT:2026-05-11T10:00:00+00:00,INJUSDT,BREAKOUT_ATTEMPT,12,HOLDOUT_2025_2026,2026,FIXED20_7,59.16018,TARGET20,31.0
EB1:RUNEUSDT:2026-06-16T05:00:00+00:00,RUNEUSDT,BREAKOUT_ATTEMPT,12,HOLDOUT_2025_2026,2026,FULL_TRAIL_7,-0.7498499999999773,RUNNER_STOP,44.0
EB1:RUNEUSDT:2026-06-16T05:00:00+00:00,RUNEUSDT,BREAKOUT_ATTEMPT,12,HOLDOUT_2025_2026,2026,HALF20_RUNNER_7,-21.7183605,INITIAL_STOP,223.0
EB1:RUNEUSDT:2026-06-16T05:00:00+00:00,RUNEUSDT,BREAKOUT_ATTEMPT,12,HOLDOUT_2025_2026,2026,LADDER10_20_RUNNER_7,-21.7183605,INITIAL_STOP,223.0
EB1:RUNEUSDT:2026-06-16T05:00:00+00:00,RUNEUSDT,BREAKOUT_ATTEMPT,12,HOLDOUT_2025_2026,2026,FIXED10_5,-15.727357499999984,STOP,62.0
EB1:RUNEUSDT:2026-06-16T05:00:00+00:00,RUNEUSDT,BREAKOUT_ATTEMPT,12,HOLDOUT_2025_2026,2026,FIXED20_7,-21.7183605,STOP,223.0
EB1:OPUSDT:2025-07-15T17:00:00+00:00,OPUSDT,PRE_BREAKOUT,12,HOLDOUT_2025_2026,2025,FULL_TRAIL_7,-0.7498499999999773,RUNNER_STOP,177.0
EB1:OPUSDT:2025-07-15T17:00:00+00:00,OPUSDT,PRE_BREAKOUT,12,HOLDOUT_2025_2026,2025,HALF20_RUNNER_7,-21.718360499999942,INITIAL_STOP,191.0
EB1:OPUSDT:2025-07-15T17:00:00+00:00,OPUSDT,PRE_BREAKOUT,12,HOLDOUT_2025_2026,2025,LADDER10_20_RUNNER_7,6.738903749999998,RUNNER_STOP,177.0
EB1:OPUSDT:2025-07-15T17:00:00+00:00,OPUSDT,PRE_BREAKOUT,12,HOLDOUT_2025_2026,2025,FIXED10_5,29.205165000000036,TARGET10,46.0
EB1:OPUSDT:2025-07-15T17:00:00+00:00,OPUSDT,PRE_BREAKOUT,12,HOLDOUT_2025_2026,2025,FIXED20_7,-21.718360499999942,STOP,191.0
EB1:OPUSDT:2025-09-17T21:00:00+00:00,OPUSDT,PRE_BREAKOUT,12,HOLDOUT_2025_2026,2025,FULL_TRAIL_7,-0.7498499999999773,RUNNER_STOP,24.0
EB1:OPUSDT:2025-09-17T21:00:00+00:00,OPUSDT,PRE_BREAKOUT,12,HOLDOUT_2025_2026,2025,HALF20_RUNNER_7,-21.718360499999942,INITIAL_STOP,85.0
EB1:OPUSDT:2025-09-17T21:00:00+00:00,OPUSDT,PRE_BREAKOUT,12,HOLDOUT_2025_2026,2025,LADDER10_20_RUNNER_7,-21.718360499999942,INITIAL_STOP,85.0
EB1:OPUSDT:2025-09-17T21:00:00+00:00,OPUSDT,PRE_BREAKOUT,12,HOLDOUT_2025_2026,2025,FIXED10_5,-15.727357499999984,STOP,85.0
EB1:OPUSDT:2025-09-17T21:00:00+00:00,OPUSDT,PRE_BREAKOUT,12,HOLDOUT_2025_2026,2025,FIXED20_7,-21.718360499999942,STOP,85.0
EB1:ARBUSDT:2025-05-22T00:00:00+00:00,ARBUSDT,PRE_BREAKOUT,12,HOLDOUT_2025_2026,2025,FULL_TRAIL_7,-0.7498499999999773,RUNNER_STOP,21.0
EB1:ARBUSDT:2025-05-22T00:00:00+00:00,ARBUSDT,PRE_BREAKOUT,12,HOLDOUT_2025_2026,2025,HALF20_RUNNER_7,-21.718360499999942,INITIAL_STOP,33.0
EB1:ARBUSDT:2025-05-22T00:00:00+00:00,ARBUSDT,PRE_BREAKOUT,12,HOLDOUT_2025_2026,2025,LADDER10_20_RUNNER_7,-21.718360499999942,INITIAL_STOP,33.0
EB1:ARBUSDT:2025-05-22T00:00:00+00:00,ARBUSDT,PRE_BREAKOUT,12,HOLDOUT_2025_2026,2025,FIXED10_5,-15.727357499999984,STOP,22.0
EB1:ARBUSDT:2025-05-22T00:00:00+00:00,ARBUSDT,PRE_BREAKOUT,12,HOLDOUT_2025_2026,2025,FIXED20_7,-21.718360499999942,STOP,33.0
EB1:ARBUSDT:2026-01-06T14:00:00+00:00,ARBUSDT,PRE_BREAKOUT,12,HOLDOUT_2025_2026,2026,FULL_TRAIL_7,-21.718360499999942,INITIAL_STOP,114.0
EB1:ARBUSDT:2026-01-06T14:00:00+00:00,ARBUSDT,PRE_BREAKOUT,12,HOLDOUT_2025_2026,2026,HALF20_RUNNER_7,-21.718360499999942,INITIAL_STOP,114.0
EB1:ARBUSDT:2026-01-06T14:00:00+00:00,ARBUSDT,PRE_BREAKOUT,12,HOLDOUT_2025_2026,2026,LADDER10_20_RUNNER_7,-21.718360499999942,INITIAL_STOP,114.0
EB1:ARBUSDT:2026-01-06T14:00:00+00:00,ARBUSDT,PRE_BREAKOUT,12,HOLDOUT_2025_2026,2026,FIXED10_5,-15.727357500000041,STOP,27.0
EB1:ARBUSDT:2026-01-06T14:00:00+00:00,ARBUSDT,PRE_BREAKOUT,12,HOLDOUT_2025_2026,2026,FIXED20_7,-21.718360499999942,STOP,114.0
EB1:ARBUSDT:2026-04-24T19:00:00+00:00,ARBUSDT,PRE_BREAKOUT,12,HOLDOUT_2025_2026,2026,FULL_TRAIL_7,-21.718360499999942,INITIAL_STOP,105.0
EB1:ARBUSDT:2026-04-24T19:00:00+00:00,ARBUSDT,PRE_BREAKOUT,12,HOLDOUT_2025_2026,2026,HALF20_RUNNER_7,-21.718360499999942,INITIAL_STOP,105.0
EB1:ARBUSDT:2026-04-24T19:00:00+00:00,ARBUSDT,PRE_BREAKOUT,12,HOLDOUT_2025_2026,2026,LADDER10_20_RUNNER_7,-21.718360499999942,INITIAL_STOP,105.0
EB1:ARBUSDT:2026-04-24T19:00:00+00:00,ARBUSDT,PRE_BREAKOUT,12,HOLDOUT_2025_2026,2026,FIXED10_5,-15.727357499999984,STOP,52.0
EB1:ARBUSDT:2026-04-24T19:00:00+00:00,ARBUSDT,PRE_BREAKOUT,12,HOLDOUT_2025_2026,2026,FIXED20_7,-21.718360499999942,STOP,105.0
EB1:ZECUSDT:2025-07-20T18:00:00+00:00,ZECUSDT,PRE_BREAKOUT,12,HOLDOUT_2025_2026,2025,FULL_TRAIL_7,-21.718360499999942,INITIAL_STOP,24.0
EB1:ZECUSDT:2025-07-20T18:00:00+00:00,ZECUSDT,PRE_BREAKOUT,12,HOLDOUT_2025_2026,2025,HALF20_RUNNER_7,-21.718360499999942,INITIAL_STOP,24.0
EB1:ZECUSDT:2025-07-20T18:00:00+00:00,ZECUSDT,PRE_BREAKOUT,12,HOLDOUT_2025_2026,2025,LADDER10_20_RUNNER_7,-21.718360499999942,INITIAL_STOP,24.0
EB1:ZECUSDT:2025-07-20T18:00:00+00:00,ZECUSDT,PRE_BREAKOUT,12,HOLDOUT_2025_2026,2025,FIXED10_5,-15.727357499999984,STOP,17.0
EB1:ZECUSDT:2025-07-20T18:00:00+00:00,ZECUSDT,PRE_BREAKOUT,12,HOLDOUT_2025_2026,2025,FIXED20_7,-21.718360499999942,STOP,24.0
EB1:ZECUSDT:2025-09-03T11:00:00+00:00,ZECUSDT,PRE_BREAKOUT,12,HOLDOUT_2025_2026,2025,FULL_TRAIL_7,40.122062029915604,RUNNER_STOP,437.0
EB1:ZECUSDT:2025-09-03T11:00:00+00:00,ZECUSDT,PRE_BREAKOUT,12,HOLDOUT_2025_2026,2025,HALF20_RUNNER_7,49.641121014957825,RUNNER_STOP,437.0
EB1:ZECUSDT:2025-09-03T11:00:00+00:00,ZECUSDT,PRE_BREAKOUT,12,HOLDOUT_2025_2026,2025,LADDER10_20_RUNNER_7,42.15236726495782,RUNNER_STOP,437.0
EB1:ZECUSDT:2025-09-03T11:00:00+00:00,ZECUSDT,PRE_BREAKOUT,12,HOLDOUT_2025_2026,2025,FIXED10_5,29.205165000000036,TARGET10,68.0
EB1:ZECUSDT:2025-09-03T11:00:00+00:00,ZECUSDT,PRE_BREAKOUT,12,HOLDOUT_2025_2026,2025,FIXED20_7,59.160180000000054,TARGET20,97.0
EB1:ZECUSDT:2025-09-13T14:00:00+00:00,ZECUSDT,PRE_BREAKOUT,12,HOLDOUT_2025_2026,2025,FULL_TRAIL_7,-21.7183605,INITIAL_STOP,21.0
EB1:ZECUSDT:2025-09-13T14:00:00+00:00,ZECUSDT,PRE_BREAKOUT,12,HOLDOUT_2025_2026,2025,HALF20_RUNNER_7,-21.7183605,INITIAL_STOP,21.0
EB1:ZECUSDT:2025-09-13T14:00:00+00:00,ZECUSDT,PRE_BREAKOUT,12,HOLDOUT_2025_2026,2025,LADDER10_20_RUNNER_7,-21.7183605,INITIAL_STOP,21.0
EB1:ZECUSDT:2025-09-13T14:00:00+00:00,ZECUSDT,PRE_BREAKOUT,12,HOLDOUT_2025_2026,2025,FIXED10_5,-15.727357500000041,STOP,16.0
EB1:ZECUSDT:2025-09-13T14:00:00+00:00,ZECUSDT,PRE_BREAKOUT,12,HOLDOUT_2025_2026,2025,FIXED20_7,-21.7183605,STOP,21.0
EB1:CRVUSDT:2025-04-30T17:00:00+00:00,CRVUSDT,PRE_BREAKOUT,12,HOLDOUT_2025_2026,2025,FULL_TRAIL_7,-21.7183605,INITIAL_STOP,99.0
EB1:CRVUSDT:2025-04-30T17:00:00+00:00,CRVUSDT,PRE_BREAKOUT,12,HOLDOUT_2025_2026,2025,HALF20_RUNNER_7,-21.7183605,INITIAL_STOP,99.0
EB1:CRVUSDT:2025-04-30T17:00:00+00:00,CRVUSDT,PRE_BREAKOUT,12,HOLDOUT_2025_2026,2025,LADDER10_20_RUNNER_7,-21.7183605,INITIAL_STOP,99.0
EB1:CRVUSDT:2025-04-30T17:00:00+00:00,CRVUSDT,PRE_BREAKOUT,12,HOLDOUT_2025_2026,2025,FIXED10_5,-15.727357499999984,STOP,83.0
EB1:CRVUSDT:2025-04-30T17:00:00+00:00,CRVUSDT,PRE_BREAKOUT,12,HOLDOUT_2025_2026,2025,FIXED20_7,-21.7183605,STOP,99.0
EB1:CRVUSDT:2026-05-11T13:00:00+00:00,CRVUSDT,PRE_BREAKOUT,12,HOLDOUT_2025_2026,2026,FULL_TRAIL_7,-21.718360499999942,INITIAL_STOP,74.0
EB1:CRVUSDT:2026-05-11T13:00:00+00:00,CRVUSDT,PRE_BREAKOUT,12,HOLDOUT_2025_2026,2026,HALF20_RUNNER_7,-21.718360499999942,INITIAL_STOP,74.0
EB1:CRVUSDT:2026-05-11T13:00:00+00:00,CRVUSDT,PRE_BREAKOUT,12,HOLDOUT_2025_2026,2026,LADDER10_20_RUNNER_7,-21.718360499999942,INITIAL_STOP,74.0
EB1:CRVUSDT:2026-05-11T13:00:00+00:00,CRVUSDT,PRE_BREAKOUT,12,HOLDOUT_2025_2026,2026,FIXED10_5,-15.727357499999984,STOP,35.0
EB1:CRVUSDT:2026-05-11T13:00:00+00:00,CRVUSDT,PRE_BREAKOUT,12,HOLDOUT_2025_2026,2026,FIXED20_7,-21.718360499999942,STOP,74.0
EB1:UNIUSDT:2026-07-14T14:00:00+00:00,UNIUSDT,PRE_BREAKOUT,12,HOLDOUT_2025_2026,2026,FULL_TRAIL_7,-0.7498499999999773,RUNNER_STOP,242.0
EB1:UNIUSDT:2026-07-14T14:00:00+00:00,UNIUSDT,PRE_BREAKOUT,12,HOLDOUT_2025_2026,2026,HALF20_RUNNER_7,29.205165000000008,RUNNER_STOP,674.0
EB1:UNIUSDT:2026-07-14T14:00:00+00:00,UNIUSDT,PRE_BREAKOUT,12,HOLDOUT_2025_2026,2026,LADDER10_20_RUNNER_7,21.716411250000018,RUNNER_STOP,674.0
EB1:UNIUSDT:2026-07-14T14:00:00+00:00,UNIUSDT,PRE_BREAKOUT,12,HOLDOUT_2025_2026,2026,FIXED10_5,-15.727357499999984,STOP,57.0
EB1:UNIUSDT:2026-07-14T14:00:00+00:00,UNIUSDT,PRE_BREAKOUT,12,HOLDOUT_2025_2026,2026,FIXED20_7,59.16018,TARGET20,372.0
EB1:CVXUSDT:2025-05-20T21:00:00+00:00,CVXUSDT,PRE_BREAKOUT,12,HOLDOUT_2025_2026,2025,FULL_TRAIL_7,-0.7498499999999773,RUNNER_STOP,13.0
EB1:CVXUSDT:2025-05-20T21:00:00+00:00,CVXUSDT,PRE_BREAKOUT,12,HOLDOUT_2025_2026,2025,HALF20_RUNNER_7,-21.718360499999942,INITIAL_STOP,89.0
EB1:CVXUSDT:2025-05-20T21:00:00+00:00,CVXUSDT,PRE_BREAKOUT,12,HOLDOUT_2025_2026,2025,LADDER10_20_RUNNER_7,6.73890375000004,RUNNER_STOP,60.0
EB1:CVXUSDT:2025-05-20T21:00:00+00:00,CVXUSDT,PRE_BREAKOUT,12,HOLDOUT_2025_2026,2025,FIXED10_5,29.205165000000093,TARGET10,27.0
EB1:CVXUSDT:2025-05-20T21:00:00+00:00,CVXUSDT,PRE_BREAKOUT,12,HOLDOUT_2025_2026,2025,FIXED20_7,-21.718360499999942,STOP,89.0
EB1:CVXUSDT:2026-05-12T03:00:00+00:00,CVXUSDT,PRE_BREAKOUT,12,HOLDOUT_2025_2026,2026,FULL_TRAIL_7,-0.7498499999999773,RUNNER_STOP,19.0
EB1:CVXUSDT:2026-05-12T03:00:00+00:00,CVXUSDT,PRE_BREAKOUT,12,HOLDOUT_2025_2026,2026,HALF20_RUNNER_7,-21.718360499999942,INITIAL_STOP,67.0
EB1:CVXUSDT:2026-05-12T03:00:00+00:00,CVXUSDT,PRE_BREAKOUT,12,HOLDOUT_2025_2026,2026,LADDER10_20_RUNNER_7,-21.718360499999942,INITIAL_STOP,67.0
EB1:CVXUSDT:2026-05-12T03:00:00+00:00,CVXUSDT,PRE_BREAKOUT,12,HOLDOUT_2025_2026,2026,FIXED10_5,-15.727357499999984,STOP,60.0
EB1:CVXUSDT:2026-05-12T03:00:00+00:00,CVXUSDT,PRE_BREAKOUT,12,HOLDOUT_2025_2026,2026,FIXED20_7,-21.718360499999942,STOP,67.0
EB1:PEOPLEUSDT:2026-04-14T19:00:00+00:00,PEOPLEUSDT,PRE_BREAKOUT,12,HOLDOUT_2025_2026,2026,FULL_TRAIL_7,-0.7498499999999773,RUNNER_STOP,742.0
EB1:PEOPLEUSDT:2026-04-14T19:00:00+00:00,PEOPLEUSDT,PRE_BREAKOUT,12,HOLDOUT_2025_2026,2026,HALF20_RUNNER_7,29.205165000000008,RUNNER_STOP,742.0
EB1:PEOPLEUSDT:2026-04-14T19:00:00+00:00,PEOPLEUSDT,PRE_BREAKOUT,12,HOLDOUT_2025_2026,2026,LADDER10_20_RUNNER_7,21.716411250000032,RUNNER_STOP,742.0
EB1:PEOPLEUSDT:2026-04-14T19:00:00+00:00,PEOPLEUSDT,PRE_BREAKOUT,12,HOLDOUT_2025_2026,2026,FIXED10_5,29.205165000000093,TARGET10,17.0
EB1:PEOPLEUSDT:2026-04-14T19:00:00+00:00,PEOPLEUSDT,PRE_BREAKOUT,12,HOLDOUT_2025_2026,2026,FIXED20_7,59.16018,TARGET20,31.0
EB1:PEOPLEUSDT:2026-04-24T07:00:00+00:00,PEOPLEUSDT,PRE_BREAKOUT,12,HOLDOUT_2025_2026,2026,FULL_TRAIL_7,-21.7183605,INITIAL_STOP,66.0
EB1:PEOPLEUSDT:2026-04-24T07:00:00+00:00,PEOPLEUSDT,PRE_BREAKOUT,12,HOLDOUT_2025_2026,2026,HALF20_RUNNER_7,-21.7183605,INITIAL_STOP,66.0
EB1:PEOPLEUSDT:2026-04-24T07:00:00+00:00,PEOPLEUSDT,PRE_BREAKOUT,12,HOLDOUT_2025_2026,2026,LADDER10_20_RUNNER_7,-21.7183605,INITIAL_STOP,66.0
EB1:PEOPLEUSDT:2026-04-24T07:00:00+00:00,PEOPLEUSDT,PRE_BREAKOUT,12,HOLDOUT_2025_2026,2026,FIXED10_5,-15.727357499999984,STOP,57.0
EB1:PEOPLEUSDT:2026-04-24T07:00:00+00:00,PEOPLEUSDT,PRE_BREAKOUT,12,HOLDOUT_2025_2026,2026,FIXED20_7,-21.7183605,STOP,66.0
EB1:WLDUSDT:2025-07-16T18:00:00+00:00,WLDUSDT,PRE_BREAKOUT,12,HOLDOUT_2025_2026,2025,FULL_TRAIL_7,-0.7498499999999773,RUNNER_STOP,36.0
EB1:WLDUSDT:2025-07-16T18:00:00+00:00,WLDUSDT,PRE_BREAKOUT,12,HOLDOUT_2025_2026,2025,HALF20_RUNNER_7,29.205165000000008,RUNNER_STOP,165.0
EB1:WLDUSDT:2025-07-16T18:00:00+00:00,WLDUSDT,PRE_BREAKOUT,12,HOLDOUT_2025_2026,2025,LADDER10_20_RUNNER_7,21.716411250000018,RUNNER_STOP,165.0
EB1:WLDUSDT:2025-07-16T18:00:00+00:00,WLDUSDT,PRE_BREAKOUT,12,HOLDOUT_2025_2026,2025,FIXED10_5,-15.727357500000041,STOP,12.0
EB1:WLDUSDT:2025-07-16T18:00:00+00:00,WLDUSDT,PRE_BREAKOUT,12,HOLDOUT_2025_2026,2025,FIXED20_7,59.16018,TARGET20,133.0
EB1:WLDUSDT:2026-04-16T15:00:00+00:00,WLDUSDT,PRE_BREAKOUT,12,HOLDOUT_2025_2026,2026,FULL_TRAIL_7,-21.718360499999942,INITIAL_STOP,12.0
EB1:WLDUSDT:2026-04-16T15:00:00+00:00,WLDUSDT,PRE_BREAKOUT,12,HOLDOUT_2025_2026,2026,HALF20_RUNNER_7,-21.718360499999942,INITIAL_STOP,12.0
EB1:WLDUSDT:2026-04-16T15:00:00+00:00,WLDUSDT,PRE_BREAKOUT,12,HOLDOUT_2025_2026,2026,LADDER10_20_RUNNER_7,-21.718360499999942,INITIAL_STOP,12.0
EB1:WLDUSDT:2026-04-16T15:00:00+00:00,WLDUSDT,PRE_BREAKOUT,12,HOLDOUT_2025_2026,2026,FIXED10_5,-15.727357500000041,STOP,10.0
EB1:WLDUSDT:2026-04-16T15:00:00+00:00,WLDUSDT,PRE_BREAKOUT,12,HOLDOUT_2025_2026,2026,FIXED20_7,-21.718360499999942,STOP,12.0
EB1:GALAUSDT:2025-05-22T04:00:00+00:00,GALAUSDT,PRE_BREAKOUT,12,HOLDOUT_2025_2026,2025,FULL_TRAIL_7,-21.7183605,INITIAL_STOP,18.0
EB1:GALAUSDT:2025-05-22T04:00:00+00:00,GALAUSDT,PRE_BREAKOUT,12,HOLDOUT_2025_2026,2025,HALF20_RUNNER_7,-21.7183605,INITIAL_STOP,18.0
EB1:GALAUSDT:2025-05-22T04:00:00+00:00,GALAUSDT,PRE_BREAKOUT,12,HOLDOUT_2025_2026,2025,LADDER10_20_RUNNER_7,-21.7183605,INITIAL_STOP,18.0
EB1:GALAUSDT:2025-05-22T04:00:00+00:00,GALAUSDT,PRE_BREAKOUT,12,HOLDOUT_2025_2026,2025,FIXED10_5,-15.727357499999984,STOP,17.0
EB1:GALAUSDT:2025-05-22T04:00:00+00:00,GALAUSDT,PRE_BREAKOUT,12,HOLDOUT_2025_2026,2025,FIXED20_7,-21.7183605,STOP,18.0
EB1:GALAUSDT:2025-07-16T15:00:00+00:00,GALAUSDT,PRE_BREAKOUT,12,HOLDOUT_2025_2026,2025,FULL_TRAIL_7,-0.7498500000000341,RUNNER_STOP,156.0
EB1:GALAUSDT:2025-07-16T15:00:00+00:00,GALAUSDT,PRE_BREAKOUT,12,HOLDOUT_2025_2026,2025,HALF20_RUNNER_7,-21.7183605,INITIAL_STOP,169.0
EB1:GALAUSDT:2025-07-16T15:00:00+00:00,GALAUSDT,PRE_BREAKOUT,12,HOLDOUT_2025_2026,2025,LADDER10_20_RUNNER_7,6.738903749999969,RUNNER_STOP,156.0
EB1:GALAUSDT:2025-07-16T15:00:00+00:00,GALAUSDT,PRE_BREAKOUT,12,HOLDOUT_2025_2026,2025,FIXED10_5,29.205165000000036,TARGET10,23.0
EB1:GALAUSDT:2025-07-16T15:00:00+00:00,GALAUSDT,PRE_BREAKOUT,12,HOLDOUT_2025_2026,2025,FIXED20_7,-21.7183605,STOP,169.0
EB1:GALAUSDT:2025-09-17T22:00:00+00:00,GALAUSDT,PRE_BREAKOUT,12,HOLDOUT_2025_2026,2025,FULL_TRAIL_7,-0.7498499999999773,RUNNER_STOP,23.0
EB1:GALAUSDT:2025-09-17T22:00:00+00:00,GALAUSDT,PRE_BREAKOUT,12,HOLDOUT_2025_2026,2025,HALF20_RUNNER_7,-21.7183605,INITIAL_STOP,86.0
EB1:GALAUSDT:2025-09-17T22:00:00+00:00,GALAUSDT,PRE_BREAKOUT,12,HOLDOUT_2025_2026,2025,LADDER10_20_RUNNER_7,-21.7183605,INITIAL_STOP,86.0
EB1:GALAUSDT:2025-09-17T22:00:00+00:00,GALAUSDT,PRE_BREAKOUT,12,HOLDOUT_2025_2026,2025,FIXED10_5,-15.727357499999984,STOP,84.0
EB1:GALAUSDT:2025-09-17T22:00:00+00:00,GALAUSDT,PRE_BREAKOUT,12,HOLDOUT_2025_2026,2025,FIXED20_7,-21.7183605,STOP,86.0
EB1:ETCUSDT:2025-08-12T17:00:00+00:00,ETCUSDT,PRE_BREAKOUT,12,HOLDOUT_2025_2026,2025,FULL_TRAIL_7,-21.7183605,INITIAL_STOP,29.0
EB1:ETCUSDT:2025-08-12T17:00:00+00:00,ETCUSDT,PRE_BREAKOUT,12,HOLDOUT_2025_2026,2025,HALF20_RUNNER_7,-21.7183605,INITIAL_STOP,29.0
EB1:ETCUSDT:2025-08-12T17:00:00+00:00,ETCUSDT,PRE_BREAKOUT,12,HOLDOUT_2025_2026,2025,LADDER10_20_RUNNER_7,-21.7183605,INITIAL_STOP,29.0
EB1:ETCUSDT:2025-08-12T17:00:00+00:00,ETCUSDT,PRE_BREAKOUT,12,HOLDOUT_2025_2026,2025,FIXED10_5,-15.727357500000041,STOP,29.0
EB1:ETCUSDT:2025-08-12T17:00:00+00:00,ETCUSDT,PRE_BREAKOUT,12,HOLDOUT_2025_2026,2025,FIXED20_7,-21.7183605,STOP,29.0
EB1:ICPUSDT:2025-05-22T08:00:00+00:00,ICPUSDT,PRE_BREAKOUT,12,HOLDOUT_2025_2026,2025,FULL_TRAIL_7,-21.718360499999942,INITIAL_STOP,25.0
EB1:ICPUSDT:2025-05-22T08:00:00+00:00,ICPUSDT,PRE_BREAKOUT,12,HOLDOUT_2025_2026,2025,HALF20_RUNNER_7,-21.718360499999942,INITIAL_STOP,25.0
EB1:ICPUSDT:2025-05-22T08:00:00+00:00,ICPUSDT,PRE_BREAKOUT,12,HOLDOUT_2025_2026,2025,LADDER10_20_RUNNER_7,-21.718360499999942,INITIAL_STOP,25.0
EB1:ICPUSDT:2025-05-22T08:00:00+00:00,ICPUSDT,PRE_BREAKOUT,12,HOLDOUT_2025_2026,2025,FIXED10_5,-15.727357499999984,STOP,14.0
EB1:ICPUSDT:2025-05-22T08:00:00+00:00,ICPUSDT,PRE_BREAKOUT,12,HOLDOUT_2025_2026,2025,FIXED20_7,-21.718360499999942,STOP,25.0
EB1:GUSDT:2026-08-18T06:00:00+00:00,GUSDT,PRE_BREAKOUT,12,HOLDOUT_2025_2026,2026,FULL_TRAIL_7,-0.7498499999999773,RUNNER_STOP,103.0
EB1:GUSDT:2026-08-18T06:00:00+00:00,GUSDT,PRE_BREAKOUT,12,HOLDOUT_2025_2026,2026,HALF20_RUNNER_7,-21.7183605,INITIAL_STOP,291.0
EB1:GUSDT:2026-08-18T06:00:00+00:00,GUSDT,PRE_BREAKOUT,12,HOLDOUT_2025_2026,2026,LADDER10_20_RUNNER_7,6.738903750000026,RUNNER_STOP,103.0
EB1:GUSDT:2026-08-18T06:00:00+00:00,GUSDT,PRE_BREAKOUT,12,HOLDOUT_2025_2026,2026,FIXED10_5,29.205165000000036,TARGET10,74.0
EB1:GUSDT:2026-08-18T06:00:00+00:00,GUSDT,PRE_BREAKOUT,12,HOLDOUT_2025_2026,2026,FIXED20_7,-21.7183605,STOP,291.0
EB1:XRPUSDT:2023-05-30T06:00:00+00:00,XRPUSDT,PRE_BREAKOUT,24,VALIDATION_2023_2024,2023,FULL_TRAIL_7,-0.7498499999999204,RUNNER_STOP,127.0
EB1:XRPUSDT:2023-05-30T06:00:00+00:00,XRPUSDT,PRE_BREAKOUT,24,VALIDATION_2023_2024,2023,HALF20_RUNNER_7,-21.718360499999942,INITIAL_STOP,237.0
EB1:XRPUSDT:2023-05-30T06:00:00+00:00,XRPUSDT,PRE_BREAKOUT,24,VALIDATION_2023_2024,2023,LADDER10_20_RUNNER_7,-21.718360499999942,INITIAL_STOP,237.0
EB1:XRPUSDT:2023-05-30T06:00:00+00:00,XRPUSDT,PRE_BREAKOUT,24,VALIDATION_2023_2024,2023,FIXED10_5,-15.727357499999984,STOP,237.0
EB1:XRPUSDT:2023-05-30T06:00:00+00:00,XRPUSDT,PRE_BREAKOUT,24,VALIDATION_2023_2024,2023,FIXED20_7,-21.718360499999942,STOP,237.0
EB1:XRPUSDT:2024-09-29T08:00:00+00:00,XRPUSDT,PRE_BREAKOUT,24,VALIDATION_2023_2024,2024,FULL_TRAIL_7,-21.718360499999942,INITIAL_STOP,31.0
EB1:XRPUSDT:2024-09-29T08:00:00+00:00,XRPUSDT,PRE_BREAKOUT,24,VALIDATION_2023_2024,2024,HALF20_RUNNER_7,-21.718360499999942,INITIAL_STOP,31.0
EB1:XRPUSDT:2024-09-29T08:00:00+00:00,XRPUSDT,PRE_BREAKOUT,24,VALIDATION_2023_2024,2024,LADDER10_20_RUNNER_7,-21.718360499999942,INITIAL_STOP,31.0
EB1:XRPUSDT:2024-09-29T08:00:00+00:00,XRPUSDT,PRE_BREAKOUT,24,VALIDATION_2023_2024,2024,FIXED10_5,-15.727357500000041,STOP,29.0
EB1:XRPUSDT:2024-09-29T08:00:00+00:00,XRPUSDT,PRE_BREAKOUT,24,VALIDATION_2023_2024,2024,FIXED20_7,-21.718360499999942,STOP,31.0
EB1:ADAUSDT:2023-02-15T12:00:00+00:00,ADAUSDT,PRE_BREAKOUT,24,VALIDATION_2023_2024,2023,FULL_TRAIL_7,-21.7183605,INITIAL_STOP,193.0
EB1:ADAUSDT:2023-02-15T12:00:00+00:00,ADAUSDT,PRE_BREAKOUT,24,VALIDATION_2023_2024,2023,HALF20_RUNNER_7,-21.7183605,INITIAL_STOP,193.0
EB1:ADAUSDT:2023-02-15T12:00:00+00:00,ADAUSDT,PRE_BREAKOUT,24,VALIDATION_2023_2024,2023,LADDER10_20_RUNNER_7,-21.7183605,INITIAL_STOP,193.0
EB1:ADAUSDT:2023-02-15T12:00:00+00:00,ADAUSDT,PRE_BREAKOUT,24,VALIDATION_2023_2024,2023,FIXED10_5,-15.727357499999984,STOP,138.0
EB1:ADAUSDT:2023-02-15T12:00:00+00:00,ADAUSDT,PRE_BREAKOUT,24,VALIDATION_2023_2024,2023,FIXED20_7,-21.7183605,STOP,193.0
EB1:DOGEUSDT:2023-12-05T19:00:00+00:00,DOGEUSDT,BREAKOUT_ATTEMPT,24,VALIDATION_2023_2024,2023,FULL_TRAIL_7,-0.7498499999999773,RUNNER_STOP,84.0
EB1:DOGEUSDT:2023-12-05T19:00:00+00:00,DOGEUSDT,BREAKOUT_ATTEMPT,24,VALIDATION_2023_2024,2023,HALF20_RUNNER_7,-21.7183605,INITIAL_STOP,149.0
EB1:DOGEUSDT:2023-12-05T19:00:00+00:00,DOGEUSDT,BREAKOUT_ATTEMPT,24,VALIDATION_2023_2024,2023,LADDER10_20_RUNNER_7,6.738903750000055,RUNNER_STOP,101.0
EB1:DOGEUSDT:2023-12-05T19:00:00+00:00,DOGEUSDT,BREAKOUT_ATTEMPT,24,VALIDATION_2023_2024,2023,FIXED10_5,29.205165000000036,TARGET10,100.0
EB1:DOGEUSDT:2023-12-05T19:00:00+00:00,DOGEUSDT,BREAKOUT_ATTEMPT,24,VALIDATION_2023_2024,2023,FIXED20_7,-21.7183605,STOP,149.0
EB1:SOLUSDT:2023-01-08T15:00:00+00:00,SOLUSDT,PRE_BREAKOUT,24,VALIDATION_2023_2024,2023,FULL_TRAIL_7,-21.7183605,INITIAL_STOP,9.0
EB1:SOLUSDT:2023-01-08T15:00:00+00:00,SOLUSDT,PRE_BREAKOUT,24,VALIDATION_2023_2024,2023,HALF20_RUNNER_7,-21.7183605,INITIAL_STOP,9.0
EB1:SOLUSDT:2023-01-08T15:00:00+00:00,SOLUSDT,PRE_BREAKOUT,24,VALIDATION_2023_2024,2023,LADDER10_20_RUNNER_7,-21.7183605,INITIAL_STOP,9.0
EB1:SOLUSDT:2023-01-08T15:00:00+00:00,SOLUSDT,PRE_BREAKOUT,24,VALIDATION_2023_2024,2023,FIXED10_5,-15.727357499999984,STOP,9.0
EB1:SOLUSDT:2023-01-08T15:00:00+00:00,SOLUSDT,PRE_BREAKOUT,24,VALIDATION_2023_2024,2023,FIXED20_7,-21.7183605,STOP,9.0
EB1:LINKUSDT:2024-05-16T18:00:00+00:00,LINKUSDT,BREAKOUT_ATTEMPT,24,VALIDATION_2023_2024,2024,FULL_TRAIL_7,-0.7498500000000341,RUNNER_STOP,112.0
EB1:LINKUSDT:2024-05-16T18:00:00+00:00,LINKUSDT,BREAKOUT_ATTEMPT,24,VALIDATION_2023_2024,2024,HALF20_RUNNER_7,-21.7183605,INITIAL_STOP,595.0
EB1:LINKUSDT:2024-05-16T18:00:00+00:00,LINKUSDT,BREAKOUT_ATTEMPT,24,VALIDATION_2023_2024,2024,LADDER10_20_RUNNER_7,6.738903749999998,RUNNER_STOP,502.0
EB1:LINKUSDT:2024-05-16T18:00:00+00:00,LINKUSDT,BREAKOUT_ATTEMPT,24,VALIDATION_2023_2024,2024,FIXED10_5,29.205165000000036,TARGET10,199.0
EB1:LINKUSDT:2024-05-16T18:00:00+00:00,LINKUSDT,BREAKOUT_ATTEMPT,24,VALIDATION_2023_2024,2024,FIXED20_7,-21.7183605,STOP,595.0
EB1:LINKUSDT:2024-11-22T16:00:00+00:00,LINKUSDT,PRE_BREAKOUT,24,VALIDATION_2023_2024,2024,FULL_TRAIL_7,-21.7183605,INITIAL_STOP,18.0
EB1:LINKUSDT:2024-11-22T16:00:00+00:00,LINKUSDT,PRE_BREAKOUT,24,VALIDATION_2023_2024,2024,HALF20_RUNNER_7,-21.7183605,INITIAL_STOP,18.0
EB1:LINKUSDT:2024-11-22T16:00:00+00:00,LINKUSDT,PRE_BREAKOUT,24,VALIDATION_2023_2024,2024,LADDER10_20_RUNNER_7,-21.7183605,INITIAL_STOP,18.0
EB1:LINKUSDT:2024-11-22T16:00:00+00:00,LINKUSDT,PRE_BREAKOUT,24,VALIDATION_2023_2024,2024,FIXED10_5,-15.727357499999984,STOP,17.0
EB1:LINKUSDT:2024-11-22T16:00:00+00:00,LINKUSDT,PRE_BREAKOUT,24,VALIDATION_2023_2024,2024,FIXED20_7,-21.7183605,STOP,18.0
EB1:LINKUSDT:2024-11-30T16:00:00+00:00,LINKUSDT,PRE_BREAKOUT,24,VALIDATION_2023_2024,2024,FULL_TRAIL_7,-0.7498499999999204,RUNNER_STOP,10.0
EB1:LINKUSDT:2024-11-30T16:00:00+00:00,LINKUSDT,PRE_BREAKOUT,24,VALIDATION_2023_2024,2024,HALF20_RUNNER_7,56.83184250224889,RUNNER_STOP,195.0
EB1:LINKUSDT:2024-11-30T16:00:00+00:00,LINKUSDT,PRE_BREAKOUT,24,VALIDATION_2023_2024,2024,LADDER10_20_RUNNER_7,49.34308875224892,RUNNER_STOP,195.0
EB1:LINKUSDT:2024-11-30T16:00:00+00:00,LINKUSDT,PRE_BREAKOUT,24,VALIDATION_2023_2024,2024,FIXED10_5,29.205165000000093,TARGET10,15.0
EB1:LINKUSDT:2024-11-30T16:00:00+00:00,LINKUSDT,PRE_BREAKOUT,24,VALIDATION_2023_2024,2024,FIXED20_7,59.16018,TARGET20,23.0
EB1:AVAXUSDT:2023-01-27T19:00:00+00:00,AVAXUSDT,BREAKOUT_ATTEMPT,24,VALIDATION_2023_2024,2023,FULL_TRAIL_7,-21.718360499999942,INITIAL_STOP,82.0
EB1:AVAXUSDT:2023-01-27T19:00:00+00:00,AVAXUSDT,BREAKOUT_ATTEMPT,24,VALIDATION_2023_2024,2023,HALF20_RUNNER_7,-21.718360499999942,INITIAL_STOP,82.0
EB1:AVAXUSDT:2023-01-27T19:00:00+00:00,AVAXUSDT,BREAKOUT_ATTEMPT,24,VALIDATION_2023_2024,2023,LADDER10_20_RUNNER_7,-21.718360499999942,INITIAL_STOP,82.0
EB1:AVAXUSDT:2023-01-27T19:00:00+00:00,AVAXUSDT,BREAKOUT_ATTEMPT,24,VALIDATION_2023_2024,2023,FIXED10_5,-15.727357500000041,STOP,49.0
EB1:AVAXUSDT:2023-01-27T19:00:00+00:00,AVAXUSDT,BREAKOUT_ATTEMPT,24,VALIDATION_2023_2024,2023,FIXED20_7,-21.718360499999942,STOP,82.0
EB1:AVAXUSDT:2023-10-29T17:00:00+00:00,AVAXUSDT,PRE_BREAKOUT,24,VALIDATION_2023_2024,2023,FULL_TRAIL_7,-0.7498499999999773,RUNNER_STOP,69.0
EB1:AVAXUSDT:2023-10-29T17:00:00+00:00,AVAXUSDT,PRE_BREAKOUT,24,VALIDATION_2023_2024,2023,HALF20_RUNNER_7,310.6690741594527,RUNNER_STOP,3984.0
EB1:AVAXUSDT:2023-10-29T17:00:00+00:00,AVAXUSDT,PRE_BREAKOUT,24,VALIDATION_2023_2024,2023,LADDER10_20_RUNNER_7,303.1803204094527,RUNNER_STOP,3984.0
EB1:AVAXUSDT:2023-10-29T17:00:00+00:00,AVAXUSDT,PRE_BREAKOUT,24,VALIDATION_2023_2024,2023,FIXED10_5,-15.727357499999984,STOP,43.0
EB1:AVAXUSDT:2023-10-29T17:00:00+00:00,AVAXUSDT,PRE_BREAKOUT,24,VALIDATION_2023_2024,2023,FIXED20_7,59.16018,TARGET20,235.0
EB1:AVAXUSDT:2024-07-21T12:00:00+00:00,AVAXUSDT,PRE_BREAKOUT,24,VALIDATION_2023_2024,2024,FULL_TRAIL_7,-21.7183605,INITIAL_STOP,34.0
EB1:AVAXUSDT:2024-07-21T12:00:00+00:00,AVAXUSDT,PRE_BREAKOUT,24,VALIDATION_2023_2024,2024,HALF20_RUNNER_7,-21.7183605,INITIAL_STOP,34.0
EB1:AVAXUSDT:2024-07-21T12:00:00+00:00,AVAXUSDT,PRE_BREAKOUT,24,VALIDATION_2023_2024,2024,LADDER10_20_RUNNER_7,-21.7183605,INITIAL_STOP,34.0
EB1:AVAXUSDT:2024-07-21T12:00:00+00:00,AVAXUSDT,PRE_BREAKOUT,24,VALIDATION_2023_2024,2024,FIXED10_5,-15.727357500000041,STOP,23.0
EB1:AVAXUSDT:2024-07-21T12:00:00+00:00,AVAXUSDT,PRE_BREAKOUT,24,VALIDATION_2023_2024,2024,FIXED20_7,-21.7183605,STOP,34.0
EB1:AVAXUSDT:2024-11-22T11:00:00+00:00,AVAXUSDT,BREAKOUT_ATTEMPT,24,VALIDATION_2023_2024,2024,FULL_TRAIL_7,-21.718360499999942,INITIAL_STOP,23.0
EB1:AVAXUSDT:2024-11-22T11:00:00+00:00,AVAXUSDT,BREAKOUT_ATTEMPT,24,VALIDATION_2023_2024,2024,HALF20_RUNNER_7,-21.718360499999942,INITIAL_STOP,23.0
EB1:AVAXUSDT:2024-11-22T11:00:00+00:00,AVAXUSDT,BREAKOUT_ATTEMPT,24,VALIDATION_2023_2024,2024,LADDER10_20_RUNNER_7,-21.718360499999942,INITIAL_STOP,23.0
EB1:AVAXUSDT:2024-11-22T11:00:00+00:00,AVAXUSDT,BREAKOUT_ATTEMPT,24,VALIDATION_2023_2024,2024,FIXED10_5,-15.727357500000041,STOP,22.0
EB1:AVAXUSDT:2024-11-22T11:00:00+00:00,AVAXUSDT,BREAKOUT_ATTEMPT,24,VALIDATION_2023_2024,2024,FIXED20_7,-21.718360499999942,STOP,23.0
EB1:DOTUSDT:2023-01-22T15:00:00+00:00,DOTUSDT,PRE_BREAKOUT,24,VALIDATION_2023_2024,2023,FULL_TRAIL_7,-21.718360499999942,INITIAL_STOP,31.0
EB1:DOTUSDT:2023-01-22T15:00:00+00:00,DOTUSDT,PRE_BREAKOUT,24,VALIDATION_2023_2024,2023,HALF20_RUNNER_7,-21.718360499999942,INITIAL_STOP,31.0
EB1:DOTUSDT:2023-01-22T15:00:00+00:00,DOTUSDT,PRE_BREAKOUT,24,VALIDATION_2023_2024,2023,LADDER10_20_RUNNER_7,-21.718360499999942,INITIAL_STOP,31.0
EB1:DOTUSDT:2023-01-22T15:00:00+00:00,DOTUSDT,PRE_BREAKOUT,24,VALIDATION_2023_2024,2023,FIXED10_5,-15.727357499999984,STOP,29.0
EB1:DOTUSDT:2023-01-22T15:00:00+00:00,DOTUSDT,PRE_BREAKOUT,24,VALIDATION_2023_2024,2023,FIXED20_7,-21.718360499999942,STOP,31.0
EB1:DOTUSDT:2024-03-02T03:00:00+00:00,DOTUSDT,BREAKOUT_ATTEMPT,24,VALIDATION_2023_2024,2024,FULL_TRAIL_7,-21.7183605,INITIAL_STOP,2.0
EB1:DOTUSDT:2024-03-02T03:00:00+00:00,DOTUSDT,BREAKOUT_ATTEMPT,24,VALIDATION_2023_2024,2024,HALF20_RUNNER_7,-21.7183605,INITIAL_STOP,2.0
EB1:DOTUSDT:2024-03-02T03:00:00+00:00,DOTUSDT,BREAKOUT_ATTEMPT,24,VALIDATION_2023_2024,2024,LADDER10_20_RUNNER_7,-21.7183605,INITIAL_STOP,2.0
EB1:DOTUSDT:2024-03-02T03:00:00+00:00,DOTUSDT,BREAKOUT_ATTEMPT,24,VALIDATION_2023_2024,2024,FIXED10_5,-15.727357499999984,STOP,2.0
EB1:DOTUSDT:2024-03-02T03:00:00+00:00,DOTUSDT,BREAKOUT_ATTEMPT,24,VALIDATION_2023_2024,2024,FIXED20_7,-21.7183605,STOP,2.0
EB1:DOTUSDT:2024-03-14T00:00:00+00:00,DOTUSDT,PRE_BREAKOUT,24,VALIDATION_2023_2024,2024,FULL_TRAIL_7,-21.7183605,INITIAL_STOP,1.0
EB1:DOTUSDT:2024-03-14T00:00:00+00:00,DOTUSDT,PRE_BREAKOUT,24,VALIDATION_2023_2024,2024,HALF20_RUNNER_7,-21.7183605,INITIAL_STOP,1.0
EB1:DOTUSDT:2024-03-14T00:00:00+00:00,DOTUSDT,PRE_BREAKOUT,24,VALIDATION_2023_2024,2024,LADDER10_20_RUNNER_7,-21.7183605,INITIAL_STOP,1.0
EB1:DOTUSDT:2024-03-14T00:00:00+00:00,DOTUSDT,PRE_BREAKOUT,24,VALIDATION_2023_2024,2024,FIXED10_5,-15.727357499999984,STOP,0.0
EB1:DOTUSDT:2024-03-14T00:00:00+00:00,DOTUSDT,PRE_BREAKOUT,24,VALIDATION_2023_2024,2024,FIXED20_7,-21.7183605,STOP,1.0
EB1:BCHUSDT:2024-01-10T23:00:00+00:00,BCHUSDT,PRE_BREAKOUT,24,VALIDATION_2023_2024,2024,FULL_TRAIL_7,-0.7498499999999773,RUNNER_STOP,14.0
EB1:BCHUSDT:2024-01-10T23:00:00+00:00,BCHUSDT,PRE_BREAKOUT,24,VALIDATION_2023_2024,2024,HALF20_RUNNER_7,-21.7183605,INITIAL_STOP,21.0
EB1:BCHUSDT:2024-01-10T23:00:00+00:00,BCHUSDT,PRE_BREAKOUT,24,VALIDATION_2023_2024,2024,LADDER10_20_RUNNER_7,-21.7183605,INITIAL_STOP,21.0
EB1:BCHUSDT:2024-01-10T23:00:00+00:00,BCHUSDT,PRE_BREAKOUT,24,VALIDATION_2023_2024,2024,FIXED10_5,-15.727357499999984,STOP,16.0
EB1:BCHUSDT:2024-01-10T23:00:00+00:00,BCHUSDT,PRE_BREAKOUT,24,VALIDATION_2023_2024,2024,FIXED20_7,-21.7183605,STOP,21.0
EB1:ATOMUSDT:2023-11-05T08:00:00+00:00,ATOMUSDT,PRE_BREAKOUT,24,VALIDATION_2023_2024,2023,FULL_TRAIL_7,-0.7498499999999773,RUNNER_STOP,78.0
EB1:ATOMUSDT:2023-11-05T08:00:00+00:00,ATOMUSDT,PRE_BREAKOUT,24,VALIDATION_2023_2024,2023,HALF20_RUNNER_7,29.205165000000008,RUNNER_STOP,365.0
EB1:ATOMUSDT:2023-11-05T08:00:00+00:00,ATOMUSDT,PRE_BREAKOUT,24,VALIDATION_2023_2024,2023,LADDER10_20_RUNNER_7,21.716411250000018,RUNNER_STOP,365.0
EB1:ATOMUSDT:2023-11-05T08:00:00+00:00,ATOMUSDT,PRE_BREAKOUT,24,VALIDATION_2023_2024,2023,FIXED10_5,-15.727357499999984,STOP,31.0
EB1:ATOMUSDT:2023-11-05T08:00:00+00:00,ATOMUSDT,PRE_BREAKOUT,24,VALIDATION_2023_2024,2023,FIXED20_7,59.16018,TARGET20,168.0
EB1:TRXUSDT:2024-11-15T12:00:00+00:00,TRXUSDT,PRE_BREAKOUT,24,VALIDATION_2023_2024,2024,FULL_TRAIL_7,-0.7498499999999773,RUNNER_STOP,216.0
EB1:TRXUSDT:2024-11-15T12:00:00+00:00,TRXUSDT,PRE_BREAKOUT,24,VALIDATION_2023_2024,2024,HALF20_RUNNER_7,-21.7183605,INITIAL_STOP,237.0
EB1:TRXUSDT:2024-11-15T12:00:00+00:00,TRXUSDT,PRE_BREAKOUT,24,VALIDATION_2023_2024,2024,LADDER10_20_RUNNER_7,6.738903749999998,RUNNER_STOP,216.0
EB1:TRXUSDT:2024-11-15T12:00:00+00:00,TRXUSDT,PRE_BREAKOUT,24,VALIDATION_2023_2024,2024,FIXED10_5,29.205165000000036,TARGET10,167.0
EB1:TRXUSDT:2024-11-15T12:00:00+00:00,TRXUSDT,PRE_BREAKOUT,24,VALIDATION_2023_2024,2024,FIXED20_7,-21.7183605,STOP,237.0
EB1:NEARUSDT:2024-09-18T23:00:00+00:00,NEARUSDT,PRE_BREAKOUT,24,VALIDATION_2023_2024,2024,FULL_TRAIL_7,-0.7498499999999773,RUNNER_STOP,16.0
EB1:NEARUSDT:2024-09-18T23:00:00+00:00,NEARUSDT,PRE_BREAKOUT,24,VALIDATION_2023_2024,2024,HALF20_RUNNER_7,51.26202894402824,RUNNER_STOP,278.0
EB1:NEARUSDT:2024-09-18T23:00:00+00:00,NEARUSDT,PRE_BREAKOUT,24,VALIDATION_2023_2024,2024,LADDER10_20_RUNNER_7,43.773275194028244,RUNNER_STOP,278.0
EB1:NEARUSDT:2024-09-18T23:00:00+00:00,NEARUSDT,PRE_BREAKOUT,24,VALIDATION_2023_2024,2024,FIXED10_5,29.205165000000036,TARGET10,74.0
EB1:NEARUSDT:2024-09-18T23:00:00+00:00,NEARUSDT,PRE_BREAKOUT,24,VALIDATION_2023_2024,2024,FIXED20_7,59.16018,TARGET20,85.0
EB1:FETUSDT:2023-01-03T16:00:00+00:00,FETUSDT,PRE_BREAKOUT,24,VALIDATION_2023_2024,2023,FULL_TRAIL_7,528.1399514361564,RUNNER_STOP,1551.0
EB1:FETUSDT:2023-01-03T16:00:00+00:00,FETUSDT,PRE_BREAKOUT,24,VALIDATION_2023_2024,2023,HALF20_RUNNER_7,293.65006571807817,RUNNER_STOP,1551.0
EB1:FETUSDT:2023-01-03T16:00:00+00:00,FETUSDT,PRE_BREAKOUT,24,VALIDATION_2023_2024,2023,LADDER10_20_RUNNER_7,286.16131196807817,RUNNER_STOP,1551.0
EB1:FETUSDT:2023-01-03T16:00:00+00:00,FETUSDT,PRE_BREAKOUT,24,VALIDATION_2023_2024,2023,FIXED10_5,-15.727357499999984,STOP,14.0
EB1:FETUSDT:2023-01-03T16:00:00+00:00,FETUSDT,PRE_BREAKOUT,24,VALIDATION_2023_2024,2023,FIXED20_7,59.16018,TARGET20,63.0
EB1:FETUSDT:2023-08-30T17:00:00+00:00,FETUSDT,PRE_BREAKOUT,24,VALIDATION_2023_2024,2023,FULL_TRAIL_7,-0.7498499999999773,RUNNER_STOP,225.0
EB1:FETUSDT:2023-08-30T17:00:00+00:00,FETUSDT,PRE_BREAKOUT,24,VALIDATION_2023_2024,2023,HALF20_RUNNER_7,-21.7183605,INITIAL_STOP,580.0
EB1:FETUSDT:2023-08-30T17:00:00+00:00,FETUSDT,PRE_BREAKOUT,24,VALIDATION_2023_2024,2023,LADDER10_20_RUNNER_7,6.738903749999998,RUNNER_STOP,225.0
EB1:FETUSDT:2023-08-30T17:00:00+00:00,FETUSDT,PRE_BREAKOUT,24,VALIDATION_2023_2024,2023,FIXED10_5,29.205165000000036,TARGET10,51.0
EB1:FETUSDT:2023-08-30T17:00:00+00:00,FETUSDT,PRE_BREAKOUT,24,VALIDATION_2023_2024,2023,FIXED20_7,-21.7183605,STOP,580.0
EB1:FETUSDT:2024-09-18T23:00:00+00:00,FETUSDT,BREAKOUT_ATTEMPT,24,VALIDATION_2023_2024,2024,FULL_TRAIL_7,-0.7498499999999773,RUNNER_STOP,278.0
EB1:FETUSDT:2024-09-18T23:00:00+00:00,FETUSDT,BREAKOUT_ATTEMPT,24,VALIDATION_2023_2024,2024,HALF20_RUNNER_7,-21.718360499999942,INITIAL_STOP,319.0
EB1:FETUSDT:2024-09-18T23:00:00+00:00,FETUSDT,BREAKOUT_ATTEMPT,24,VALIDATION_2023_2024,2024,LADDER10_20_RUNNER_7,6.738903750000069,RUNNER_STOP,278.0
EB1:FETUSDT:2024-09-18T23:00:00+00:00,FETUSDT,BREAKOUT_ATTEMPT,24,VALIDATION_2023_2024,2024,FIXED10_5,29.205165000000093,TARGET10,11.0
EB1:FETUSDT:2024-09-18T23:00:00+00:00,FETUSDT,BREAKOUT_ATTEMPT,24,VALIDATION_2023_2024,2024,FIXED20_7,-21.718360499999942,STOP,319.0
EB1:INJUSDT:2024-03-26T04:00:00+00:00,INJUSDT,BREAKOUT_ATTEMPT,24,VALIDATION_2023_2024,2024,FULL_TRAIL_7,-21.7183605,INITIAL_STOP,89.0
EB1:INJUSDT:2024-03-26T04:00:00+00:00,INJUSDT,BREAKOUT_ATTEMPT,24,VALIDATION_2023_2024,2024,HALF20_RUNNER_7,-21.7183605,INITIAL_STOP,89.0
EB1:INJUSDT:2024-03-26T04:00:00+00:00,INJUSDT,BREAKOUT_ATTEMPT,24,VALIDATION_2023_2024,2024,LADDER10_20_RUNNER_7,-21.7183605,INITIAL_STOP,89.0
EB1:INJUSDT:2024-03-26T04:00:00+00:00,INJUSDT,BREAKOUT_ATTEMPT,24,VALIDATION_2023_2024,2024,FIXED10_5,-15.727357500000041,STOP,57.0
EB1:INJUSDT:2024-03-26T04:00:00+00:00,INJUSDT,BREAKOUT_ATTEMPT,24,VALIDATION_2023_2024,2024,FIXED20_7,-21.7183605,STOP,89.0
EB1:RUNEUSDT:2024-09-24T23:00:00+00:00,RUNEUSDT,PRE_BREAKOUT,24,VALIDATION_2023_2024,2024,FULL_TRAIL_7,-0.7498499999999773,RUNNER_STOP,118.0
EB1:RUNEUSDT:2024-09-24T23:00:00+00:00,RUNEUSDT,PRE_BREAKOUT,24,VALIDATION_2023_2024,2024,HALF20_RUNNER_7,-21.718360499999942,INITIAL_STOP,134.0
EB1:RUNEUSDT:2024-09-24T23:00:00+00:00,RUNEUSDT,PRE_BREAKOUT,24,VALIDATION_2023_2024,2024,LADDER10_20_RUNNER_7,6.738903750000026,RUNNER_STOP,118.0
EB1:RUNEUSDT:2024-09-24T23:00:00+00:00,RUNEUSDT,PRE_BREAKOUT,24,VALIDATION_2023_2024,2024,FIXED10_5,29.205165000000036,TARGET10,9.0
EB1:RUNEUSDT:2024-09-24T23:00:00+00:00,RUNEUSDT,PRE_BREAKOUT,24,VALIDATION_2023_2024,2024,FIXED20_7,-21.718360499999942,STOP,134.0
EB1:APTUSDT:2023-07-03T16:00:00+00:00,APTUSDT,PRE_BREAKOUT,24,VALIDATION_2023_2024,2023,FULL_TRAIL_7,-21.718360499999942,INITIAL_STOP,44.0
EB1:APTUSDT:2023-07-03T16:00:00+00:00,APTUSDT,PRE_BREAKOUT,24,VALIDATION_2023_2024,2023,HALF20_RUNNER_7,-21.718360499999942,INITIAL_STOP,44.0
EB1:APTUSDT:2023-07-03T16:00:00+00:00,APTUSDT,PRE_BREAKOUT,24,VALIDATION_2023_2024,2023,LADDER10_20_RUNNER_7,-21.718360499999942,INITIAL_STOP,44.0
EB1:APTUSDT:2023-07-03T16:00:00+00:00,APTUSDT,PRE_BREAKOUT,24,VALIDATION_2023_2024,2023,FIXED10_5,-15.727357499999984,STOP,16.0
EB1:APTUSDT:2023-07-03T16:00:00+00:00,APTUSDT,PRE_BREAKOUT,24,VALIDATION_2023_2024,2023,FIXED20_7,-21.718360499999942,STOP,44.0
EB1:APTUSDT:2023-12-21T15:00:00+00:00,APTUSDT,PRE_BREAKOUT,24,VALIDATION_2023_2024,2023,FULL_TRAIL_7,-0.7498499999999204,RUNNER_STOP,283.0
EB1:APTUSDT:2023-12-21T15:00:00+00:00,APTUSDT,PRE_BREAKOUT,24,VALIDATION_2023_2024,2023,HALF20_RUNNER_7,29.205165000000065,RUNNER_STOP,283.0
EB1:APTUSDT:2023-12-21T15:00:00+00:00,APTUSDT,PRE_BREAKOUT,24,VALIDATION_2023_2024,2023,LADDER10_20_RUNNER_7,21.71641125000006,RUNNER_STOP,283.0
EB1:APTUSDT:2023-12-21T15:00:00+00:00,APTUSDT,PRE_BREAKOUT,24,VALIDATION_2023_2024,2023,FIXED10_5,29.205165000000036,TARGET10,7.0
EB1:APTUSDT:2023-12-21T15:00:00+00:00,APTUSDT,PRE_BREAKOUT,24,VALIDATION_2023_2024,2023,FIXED20_7,59.160180000000054,TARGET20,69.0
EB1:APTUSDT:2024-05-27T06:00:00+00:00,APTUSDT,PRE_BREAKOUT,24,VALIDATION_2023_2024,2024,FULL_TRAIL_7,-21.7183605,INITIAL_STOP,250.0
EB1:APTUSDT:2024-05-27T06:00:00+00:00,APTUSDT,PRE_BREAKOUT,24,VALIDATION_2023_2024,2024,HALF20_RUNNER_7,-21.7183605,INITIAL_STOP,250.0
EB1:APTUSDT:2024-05-27T06:00:00+00:00,APTUSDT,PRE_BREAKOUT,24,VALIDATION_2023_2024,2024,LADDER10_20_RUNNER_7,-21.7183605,INITIAL_STOP,250.0
EB1:APTUSDT:2024-05-27T06:00:00+00:00,APTUSDT,PRE_BREAKOUT,24,VALIDATION_2023_2024,2024,FIXED10_5,-15.727357500000041,STOP,130.0
EB1:APTUSDT:2024-05-27T06:00:00+00:00,APTUSDT,PRE_BREAKOUT,24,VALIDATION_2023_2024,2024,FIXED20_7,-21.7183605,STOP,250.0
EB1:OPUSDT:2023-04-13T14:00:00+00:00,OPUSDT,PRE_BREAKOUT,24,VALIDATION_2023_2024,2023,FULL_TRAIL_7,-0.7498499999999773,RUNNER_STOP,112.0
EB1:OPUSDT:2023-04-13T14:00:00+00:00,OPUSDT,PRE_BREAKOUT,24,VALIDATION_2023_2024,2023,HALF20_RUNNER_7,-21.7183605,INITIAL_STOP,171.0
EB1:OPUSDT:2023-04-13T14:00:00+00:00,OPUSDT,PRE_BREAKOUT,24,VALIDATION_2023_2024,2023,LADDER10_20_RUNNER_7,6.738903750000026,RUNNER_STOP,112.0
EB1:OPUSDT:2023-04-13T14:00:00+00:00,OPUSDT,PRE_BREAKOUT,24,VALIDATION_2023_2024,2023,FIXED10_5,29.205165000000036,TARGET10,23.0
EB1:OPUSDT:2023-04-13T14:00:00+00:00,OPUSDT,PRE_BREAKOUT,24,VALIDATION_2023_2024,2023,FIXED20_7,-21.7183605,STOP,171.0
EB1:OPUSDT:2023-08-07T04:00:00+00:00,OPUSDT,PRE_BREAKOUT,24,VALIDATION_2023_2024,2023,FULL_TRAIL_7,-21.7183605,INITIAL_STOP,33.0
EB1:OPUSDT:2023-08-07T04:00:00+00:00,OPUSDT,PRE_BREAKOUT,24,VALIDATION_2023_2024,2023,HALF20_RUNNER_7,-21.7183605,INITIAL_STOP,33.0
EB1:OPUSDT:2023-08-07T04:00:00+00:00,OPUSDT,PRE_BREAKOUT,24,VALIDATION_2023_2024,2023,LADDER10_20_RUNNER_7,-21.7183605,INITIAL_STOP,33.0
EB1:OPUSDT:2023-08-07T04:00:00+00:00,OPUSDT,PRE_BREAKOUT,24,VALIDATION_2023_2024,2023,FIXED10_5,-15.727357499999984,STOP,11.0
EB1:OPUSDT:2023-08-07T04:00:00+00:00,OPUSDT,PRE_BREAKOUT,24,VALIDATION_2023_2024,2023,FIXED20_7,-21.7183605,STOP,33.0
EB1:OPUSDT:2023-11-04T12:00:00+00:00,OPUSDT,PRE_BREAKOUT,24,VALIDATION_2023_2024,2023,FULL_TRAIL_7,-0.7498499999999773,RUNNER_STOP,49.0
EB1:OPUSDT:2023-11-04T12:00:00+00:00,OPUSDT,PRE_BREAKOUT,24,VALIDATION_2023_2024,2023,HALF20_RUNNER_7,-21.718360499999942,INITIAL_STOP,98.0
EB1:OPUSDT:2023-11-04T12:00:00+00:00,OPUSDT,PRE_BREAKOUT,24,VALIDATION_2023_2024,2023,LADDER10_20_RUNNER_7,6.738903750000026,RUNNER_STOP,98.0
EB1:OPUSDT:2023-11-04T12:00:00+00:00,OPUSDT,PRE_BREAKOUT,24,VALIDATION_2023_2024,2023,FIXED10_5,29.205165000000036,TARGET10,97.0
EB1:OPUSDT:2023-11-04T12:00:00+00:00,OPUSDT,PRE_BREAKOUT,24,VALIDATION_2023_2024,2023,FIXED20_7,-21.718360499999942,STOP,98.0
EB1:OPUSDT:2023-11-09T06:00:00+00:00,OPUSDT,PRE_BREAKOUT,24,VALIDATION_2023_2024,2023,FULL_TRAIL_7,-0.7498499999999773,RUNNER_STOP,106.0
EB1:OPUSDT:2023-11-09T06:00:00+00:00,OPUSDT,PRE_BREAKOUT,24,VALIDATION_2023_2024,2023,HALF20_RUNNER_7,-21.7183605,INITIAL_STOP,278.0
EB1:OPUSDT:2023-11-09T06:00:00+00:00,OPUSDT,PRE_BREAKOUT,24,VALIDATION_2023_2024,2023,LADDER10_20_RUNNER_7,6.738903750000026,RUNNER_STOP,106.0
EB1:OPUSDT:2023-11-09T06:00:00+00:00,OPUSDT,PRE_BREAKOUT,24,VALIDATION_2023_2024,2023,FIXED10_5,-15.727357499999984,STOP,6.0
EB1:OPUSDT:2023-11-09T06:00:00+00:00,OPUSDT,PRE_BREAKOUT,24,VALIDATION_2023_2024,2023,FIXED20_7,-21.7183605,STOP,278.0
EB1:ZECUSDT:2023-12-08T15:00:00+00:00,ZECUSDT,PRE_BREAKOUT,24,VALIDATION_2023_2024,2023,FULL_TRAIL_7,-21.7183605,INITIAL_STOP,33.0
EB1:ZECUSDT:2023-12-08T15:00:00+00:00,ZECUSDT,PRE_BREAKOUT,24,VALIDATION_2023_2024,2023,HALF20_RUNNER_7,-21.7183605,INITIAL_STOP,33.0
EB1:ZECUSDT:2023-12-08T15:00:00+00:00,ZECUSDT,PRE_BREAKOUT,24,VALIDATION_2023_2024,2023,LADDER10_20_RUNNER_7,-21.7183605,INITIAL_STOP,33.0
EB1:ZECUSDT:2023-12-08T15:00:00+00:00,ZECUSDT,PRE_BREAKOUT,24,VALIDATION_2023_2024,2023,FIXED10_5,-15.727357500000041,STOP,33.0
EB1:ZECUSDT:2023-12-08T15:00:00+00:00,ZECUSDT,PRE_BREAKOUT,24,VALIDATION_2023_2024,2023,FIXED20_7,-21.7183605,STOP,33.0
EB1:ZECUSDT:2024-05-23T12:00:00+00:00,ZECUSDT,PRE_BREAKOUT,24,VALIDATION_2023_2024,2024,FULL_TRAIL_7,-0.7498499999999773,RUNNER_STOP,83.0
EB1:ZECUSDT:2024-05-23T12:00:00+00:00,ZECUSDT,PRE_BREAKOUT,24,VALIDATION_2023_2024,2024,HALF20_RUNNER_7,-21.718360499999942,INITIAL_STOP,340.0
EB1:ZECUSDT:2024-05-23T12:00:00+00:00,ZECUSDT,PRE_BREAKOUT,24,VALIDATION_2023_2024,2024,LADDER10_20_RUNNER_7,-21.718360499999942,INITIAL_STOP,340.0
EB1:ZECUSDT:2024-05-23T12:00:00+00:00,ZECUSDT,PRE_BREAKOUT,24,VALIDATION_2023_2024,2024,FIXED10_5,-15.727357499999984,STOP,247.0
EB1:ZECUSDT:2024-05-23T12:00:00+00:00,ZECUSDT,PRE_BREAKOUT,24,VALIDATION_2023_2024,2024,FIXED20_7,-21.718360499999942,STOP,340.0
EB1:CRVUSDT:2023-04-13T13:00:00+00:00,CRVUSDT,PRE_BREAKOUT,24,VALIDATION_2023_2024,2023,FULL_TRAIL_7,-21.7183605,INITIAL_STOP,113.0
EB1:CRVUSDT:2023-04-13T13:00:00+00:00,CRVUSDT,PRE_BREAKOUT,24,VALIDATION_2023_2024,2023,HALF20_RUNNER_7,-21.7183605,INITIAL_STOP,113.0
EB1:CRVUSDT:2023-04-13T13:00:00+00:00,CRVUSDT,PRE_BREAKOUT,24,VALIDATION_2023_2024,2023,LADDER10_20_RUNNER_7,-21.7183605,INITIAL_STOP,113.0
EB1:CRVUSDT:2023-04-13T13:00:00+00:00,CRVUSDT,PRE_BREAKOUT,24,VALIDATION_2023_2024,2023,FIXED10_5,-15.727357500000041,STOP,113.0
EB1:CRVUSDT:2023-04-13T13:00:00+00:00,CRVUSDT,PRE_BREAKOUT,24,VALIDATION_2023_2024,2023,FIXED20_7,-21.7183605,STOP,113.0
EB1:CRVUSDT:2023-07-04T11:00:00+00:00,CRVUSDT,PRE_BREAKOUT,24,VALIDATION_2023_2024,2023,FULL_TRAIL_7,-21.7183605,INITIAL_STOP,25.0
EB1:CRVUSDT:2023-07-04T11:00:00+00:00,CRVUSDT,PRE_BREAKOUT,24,VALIDATION_2023_2024,2023,HALF20_RUNNER_7,-21.7183605,INITIAL_STOP,25.0
EB1:CRVUSDT:2023-07-04T11:00:00+00:00,CRVUSDT,PRE_BREAKOUT,24,VALIDATION_2023_2024,2023,LADDER10_20_RUNNER_7,-21.7183605,INITIAL_STOP,25.0
EB1:CRVUSDT:2023-07-04T11:00:00+00:00,CRVUSDT,PRE_BREAKOUT,24,VALIDATION_2023_2024,2023,FIXED10_5,-15.727357500000041,STOP,25.0
EB1:CRVUSDT:2023-07-04T11:00:00+00:00,CRVUSDT,PRE_BREAKOUT,24,VALIDATION_2023_2024,2023,FIXED20_7,-21.7183605,STOP,25.0
EB1:CRVUSDT:2024-02-23T10:00:00+00:00,CRVUSDT,PRE_BREAKOUT,24,VALIDATION_2023_2024,2024,FULL_TRAIL_7,-21.7183605,INITIAL_STOP,45.0
EB1:CRVUSDT:2024-02-23T10:00:00+00:00,CRVUSDT,PRE_BREAKOUT,24,VALIDATION_2023_2024,2024,HALF20_RUNNER_7,-21.7183605,INITIAL_STOP,45.0
EB1:CRVUSDT:2024-02-23T10:00:00+00:00,CRVUSDT,PRE_BREAKOUT,24,VALIDATION_2023_2024,2024,LADDER10_20_RUNNER_7,-21.7183605,INITIAL_STOP,45.0
EB1:CRVUSDT:2024-02-23T10:00:00+00:00,CRVUSDT,PRE_BREAKOUT,24,VALIDATION_2023_2024,2024,FIXED10_5,-15.727357499999984,STOP,15.0
EB1:CRVUSDT:2024-02-23T10:00:00+00:00,CRVUSDT,PRE_BREAKOUT,24,VALIDATION_2023_2024,2024,FIXED20_7,-21.7183605,STOP,45.0
EB1:SUIUSDT:2023-11-04T17:00:00+00:00,SUIUSDT,PRE_BREAKOUT,24,VALIDATION_2023_2024,2023,FULL_TRAIL_7,-0.7498499999999773,RUNNER_STOP,93.0
EB1:SUIUSDT:2023-11-04T17:00:00+00:00,SUIUSDT,PRE_BREAKOUT,24,VALIDATION_2023_2024,2023,HALF20_RUNNER_7,29.20516499999998,RUNNER_STOP,93.0
EB1:SUIUSDT:2023-11-04T17:00:00+00:00,SUIUSDT,PRE_BREAKOUT,24,VALIDATION_2023_2024,2023,LADDER10_20_RUNNER_7,21.71641124999999,RUNNER_STOP,93.0
EB1:SUIUSDT:2023-11-04T17:00:00+00:00,SUIUSDT,PRE_BREAKOUT,24,VALIDATION_2023_2024,2023,FIXED10_5,29.20516499999998,TARGET10,54.0
EB1:SUIUSDT:2023-11-04T17:00:00+00:00,SUIUSDT,PRE_BREAKOUT,24,VALIDATION_2023_2024,2023,FIXED20_7,59.16017999999994,TARGET20,67.0
EB1:SUIUSDT:2024-03-26T20:00:00+00:00,SUIUSDT,PRE_BREAKOUT,24,VALIDATION_2023_2024,2024,FULL_TRAIL_7,-21.7183605,INITIAL_STOP,14.0
EB1:SUIUSDT:2024-03-26T20:00:00+00:00,SUIUSDT,PRE_BREAKOUT,24,VALIDATION_2023_2024,2024,HALF20_RUNNER_7,-21.7183605,INITIAL_STOP,14.0
EB1:SUIUSDT:2024-03-26T20:00:00+00:00,SUIUSDT,PRE_BREAKOUT,24,VALIDATION_2023_2024,2024,LADDER10_20_RUNNER_7,-21.7183605,INITIAL_STOP,14.0
EB1:SUIUSDT:2024-03-26T20:00:00+00:00,SUIUSDT,PRE_BREAKOUT,24,VALIDATION_2023_2024,2024,FIXED10_5,-15.727357499999984,STOP,3.0
EB1:SUIUSDT:2024-03-26T20:00:00+00:00,SUIUSDT,PRE_BREAKOUT,24,VALIDATION_2023_2024,2024,FIXED20_7,-21.7183605,STOP,14.0
EB1:SUIUSDT:2024-09-29T13:00:00+00:00,SUIUSDT,PRE_BREAKOUT,24,VALIDATION_2023_2024,2024,FULL_TRAIL_7,-0.7498500000000341,RUNNER_STOP,23.0
EB1:SUIUSDT:2024-09-29T13:00:00+00:00,SUIUSDT,PRE_BREAKOUT,24,VALIDATION_2023_2024,2024,HALF20_RUNNER_7,-21.7183605,INITIAL_STOP,72.0
EB1:SUIUSDT:2024-09-29T13:00:00+00:00,SUIUSDT,PRE_BREAKOUT,24,VALIDATION_2023_2024,2024,LADDER10_20_RUNNER_7,6.738903749999998,RUNNER_STOP,23.0
EB1:SUIUSDT:2024-09-29T13:00:00+00:00,SUIUSDT,PRE_BREAKOUT,24,VALIDATION_2023_2024,2024,FIXED10_5,29.205165000000036,TARGET10,13.0
EB1:SUIUSDT:2024-09-29T13:00:00+00:00,SUIUSDT,PRE_BREAKOUT,24,VALIDATION_2023_2024,2024,FIXED20_7,-21.7183605,STOP,72.0
EB1:UNIUSDT:2023-01-21T21:00:00+00:00,UNIUSDT,BREAKOUT_ATTEMPT,24,VALIDATION_2023_2024,2023,FULL_TRAIL_7,-21.7183605,INITIAL_STOP,47.0
EB1:UNIUSDT:2023-01-21T21:00:00+00:00,UNIUSDT,BREAKOUT_ATTEMPT,24,VALIDATION_2023_2024,2023,HALF20_RUNNER_7,-21.7183605,INITIAL_STOP,47.0
EB1:UNIUSDT:2023-01-21T21:00:00+00:00,UNIUSDT,BREAKOUT_ATTEMPT,24,VALIDATION_2023_2024,2023,LADDER10_20_RUNNER_7,-21.7183605,INITIAL_STOP,47.0
EB1:UNIUSDT:2023-01-21T21:00:00+00:00,UNIUSDT,BREAKOUT_ATTEMPT,24,VALIDATION_2023_2024,2023,FIXED10_5,-15.727357499999984,STOP,46.0
EB1:UNIUSDT:2023-01-21T21:00:00+00:00,UNIUSDT,BREAKOUT_ATTEMPT,24,VALIDATION_2023_2024,2023,FIXED20_7,-21.7183605,STOP,47.0
EB1:UNIUSDT:2024-01-10T23:00:00+00:00,UNIUSDT,PRE_BREAKOUT,24,VALIDATION_2023_2024,2024,FULL_TRAIL_7,-21.718360499999942,INITIAL_STOP,162.0
EB1:UNIUSDT:2024-01-10T23:00:00+00:00,UNIUSDT,PRE_BREAKOUT,24,VALIDATION_2023_2024,2024,HALF20_RUNNER_7,-21.718360499999942,INITIAL_STOP,162.0
EB1:UNIUSDT:2024-01-10T23:00:00+00:00,UNIUSDT,PRE_BREAKOUT,24,VALIDATION_2023_2024,2024,LADDER10_20_RUNNER_7,-21.718360499999942,INITIAL_STOP,162.0
EB1:UNIUSDT:2024-01-10T23:00:00+00:00,UNIUSDT,PRE_BREAKOUT,24,VALIDATION_2023_2024,2024,FIXED10_5,-15.727357499999984,STOP,21.0
EB1:UNIUSDT:2024-01-10T23:00:00+00:00,UNIUSDT,PRE_BREAKOUT,24,VALIDATION_2023_2024,2024,FIXED20_7,-21.718360499999942,STOP,162.0
EB1:UNIUSDT:2024-10-10T00:00:00+00:00,UNIUSDT,PRE_BREAKOUT,24,VALIDATION_2023_2024,2024,FULL_TRAIL_7,-21.7183605,INITIAL_STOP,148.0
EB1:UNIUSDT:2024-10-10T00:00:00+00:00,UNIUSDT,PRE_BREAKOUT,24,VALIDATION_2023_2024,2024,HALF20_RUNNER_7,-21.7183605,INITIAL_STOP,148.0
EB1:UNIUSDT:2024-10-10T00:00:00+00:00,UNIUSDT,PRE_BREAKOUT,24,VALIDATION_2023_2024,2024,LADDER10_20_RUNNER_7,-21.7183605,INITIAL_STOP,148.0
EB1:UNIUSDT:2024-10-10T00:00:00+00:00,UNIUSDT,PRE_BREAKOUT,24,VALIDATION_2023_2024,2024,FIXED10_5,-15.727357500000041,STOP,61.0
EB1:UNIUSDT:2024-10-10T00:00:00+00:00,UNIUSDT,PRE_BREAKOUT,24,VALIDATION_2023_2024,2024,FIXED20_7,-21.7183605,STOP,148.0
EB1:UNIUSDT:2024-11-23T00:00:00+00:00,UNIUSDT,PRE_BREAKOUT,24,VALIDATION_2023_2024,2024,FULL_TRAIL_7,-21.718360499999942,INITIAL_STOP,10.0
EB1:UNIUSDT:2024-11-23T00:00:00+00:00,UNIUSDT,PRE_BREAKOUT,24,VALIDATION_2023_2024,2024,HALF20_RUNNER_7,-21.718360499999942,INITIAL_STOP,10.0
EB1:UNIUSDT:2024-11-23T00:00:00+00:00,UNIUSDT,PRE_BREAKOUT,24,VALIDATION_2023_2024,2024,LADDER10_20_RUNNER_7,-21.718360499999942,INITIAL_STOP,10.0
EB1:UNIUSDT:2024-11-23T00:00:00+00:00,UNIUSDT,PRE_BREAKOUT,24,VALIDATION_2023_2024,2024,FIXED10_5,-15.727357499999984,STOP,10.0
EB1:UNIUSDT:2024-11-23T00:00:00+00:00,UNIUSDT,PRE_BREAKOUT,24,VALIDATION_2023_2024,2024,FIXED20_7,-21.718360499999942,STOP,10.0
EB1:CVXUSDT:2023-01-28T04:00:00+00:00,CVXUSDT,BREAKOUT_ATTEMPT,24,VALIDATION_2023_2024,2023,FULL_TRAIL_7,-0.7498499999999773,RUNNER_STOP,27.0
EB1:CVXUSDT:2023-01-28T04:00:00+00:00,CVXUSDT,BREAKOUT_ATTEMPT,24,VALIDATION_2023_2024,2023,HALF20_RUNNER_7,29.205165000000036,RUNNER_STOP,277.0
EB1:CVXUSDT:2023-01-28T04:00:00+00:00,CVXUSDT,BREAKOUT_ATTEMPT,24,VALIDATION_2023_2024,2023,LADDER10_20_RUNNER_7,21.716411250000046,RUNNER_STOP,277.0
EB1:CVXUSDT:2023-01-28T04:00:00+00:00,CVXUSDT,BREAKOUT_ATTEMPT,24,VALIDATION_2023_2024,2023,FIXED10_5,29.205165000000093,TARGET10,86.0
EB1:CVXUSDT:2023-01-28T04:00:00+00:00,CVXUSDT,BREAKOUT_ATTEMPT,24,VALIDATION_2023_2024,2023,FIXED20_7,59.160180000000054,TARGET20,101.0
EB1:COTIUSDT:2024-03-25T17:00:00+00:00,COTIUSDT,PRE_BREAKOUT,24,VALIDATION_2023_2024,2024,FULL_TRAIL_7,-21.7183605,INITIAL_STOP,23.0
EB1:COTIUSDT:2024-03-25T17:00:00+00:00,COTIUSDT,PRE_BREAKOUT,24,VALIDATION_2023_2024,2024,HALF20_RUNNER_7,-21.7183605,INITIAL_STOP,23.0
EB1:COTIUSDT:2024-03-25T17:00:00+00:00,COTIUSDT,PRE_BREAKOUT,24,VALIDATION_2023_2024,2024,LADDER10_20_RUNNER_7,-21.7183605,INITIAL_STOP,23.0
EB1:COTIUSDT:2024-03-25T17:00:00+00:00,COTIUSDT,PRE_BREAKOUT,24,VALIDATION_2023_2024,2024,FIXED10_5,-15.727357499999984,STOP,19.0
EB1:COTIUSDT:2024-03-25T17:00:00+00:00,COTIUSDT,PRE_BREAKOUT,24,VALIDATION_2023_2024,2024,FIXED20_7,-21.7183605,STOP,23.0
EB1:COTIUSDT:2024-05-17T12:00:00+00:00,COTIUSDT,PRE_BREAKOUT,24,VALIDATION_2023_2024,2024,FULL_TRAIL_7,-0.7498499999999773,RUNNER_STOP,22.0
EB1:COTIUSDT:2024-05-17T12:00:00+00:00,COTIUSDT,PRE_BREAKOUT,24,VALIDATION_2023_2024,2024,HALF20_RUNNER_7,-21.718360499999942,INITIAL_STOP,370.0
EB1:COTIUSDT:2024-05-17T12:00:00+00:00,COTIUSDT,PRE_BREAKOUT,24,VALIDATION_2023_2024,2024,LADDER10_20_RUNNER_7,6.738903750000055,RUNNER_STOP,124.0
EB1:COTIUSDT:2024-05-17T12:00:00+00:00,COTIUSDT,PRE_BREAKOUT,24,VALIDATION_2023_2024,2024,FIXED10_5,-15.727357499999984,STOP,35.0
EB1:COTIUSDT:2024-05-17T12:00:00+00:00,COTIUSDT,PRE_BREAKOUT,24,VALIDATION_2023_2024,2024,FIXED20_7,-21.718360499999942,STOP,370.0
EB1:AUCTIONUSDT:2024-02-15T02:00:00+00:00,AUCTIONUSDT,BREAKOUT_ATTEMPT,24,VALIDATION_2023_2024,2024,FULL_TRAIL_7,-21.7183605,INITIAL_STOP,28.0
EB1:AUCTIONUSDT:2024-02-15T02:00:00+00:00,AUCTIONUSDT,BREAKOUT_ATTEMPT,24,VALIDATION_2023_2024,2024,HALF20_RUNNER_7,-21.7183605,INITIAL_STOP,28.0
EB1:AUCTIONUSDT:2024-02-15T02:00:00+00:00,AUCTIONUSDT,BREAKOUT_ATTEMPT,24,VALIDATION_2023_2024,2024,LADDER10_20_RUNNER_7,-21.7183605,INITIAL_STOP,28.0
EB1:AUCTIONUSDT:2024-02-15T02:00:00+00:00,AUCTIONUSDT,BREAKOUT_ATTEMPT,24,VALIDATION_2023_2024,2024,FIXED10_5,-15.727357499999984,STOP,28.0
EB1:AUCTIONUSDT:2024-02-15T02:00:00+00:00,AUCTIONUSDT,BREAKOUT_ATTEMPT,24,VALIDATION_2023_2024,2024,FIXED20_7,-21.7183605,STOP,28.0
EB1:SUNUSDT:2024-12-26T16:00:00+00:00,SUNUSDT,PRE_BREAKOUT,24,VALIDATION_2023_2024,2024,FULL_TRAIL_7,-0.7498499999999773,RUNNER_STOP,273.0
EB1:SUNUSDT:2024-12-26T16:00:00+00:00,SUNUSDT,PRE_BREAKOUT,24,VALIDATION_2023_2024,2024,HALF20_RUNNER_7,29.205165000000008,RUNNER_STOP,273.0
EB1:SUNUSDT:2024-12-26T16:00:00+00:00,SUNUSDT,PRE_BREAKOUT,24,VALIDATION_2023_2024,2024,LADDER10_20_RUNNER_7,21.716411250000004,RUNNER_STOP,273.0
EB1:SUNUSDT:2024-12-26T16:00:00+00:00,SUNUSDT,PRE_BREAKOUT,24,VALIDATION_2023_2024,2024,FIXED10_5,29.20516499999998,TARGET10,135.0
EB1:SUNUSDT:2024-12-26T16:00:00+00:00,SUNUSDT,PRE_BREAKOUT,24,VALIDATION_2023_2024,2024,FIXED20_7,59.16018,TARGET20,135.0
EB1:PEOPLEUSDT:2023-04-04T10:00:00+00:00,PEOPLEUSDT,PRE_BREAKOUT,24,VALIDATION_2023_2024,2023,FULL_TRAIL_7,-21.7183605,INITIAL_STOP,38.0
EB1:PEOPLEUSDT:2023-04-04T10:00:00+00:00,PEOPLEUSDT,PRE_BREAKOUT,24,VALIDATION_2023_2024,2023,HALF20_RUNNER_7,-21.7183605,INITIAL_STOP,38.0
EB1:PEOPLEUSDT:2023-04-04T10:00:00+00:00,PEOPLEUSDT,PRE_BREAKOUT,24,VALIDATION_2023_2024,2023,LADDER10_20_RUNNER_7,-21.7183605,INITIAL_STOP,38.0
EB1:PEOPLEUSDT:2023-04-04T10:00:00+00:00,PEOPLEUSDT,PRE_BREAKOUT,24,VALIDATION_2023_2024,2023,FIXED10_5,-15.727357500000041,STOP,13.0
EB1:PEOPLEUSDT:2023-04-04T10:00:00+00:00,PEOPLEUSDT,PRE_BREAKOUT,24,VALIDATION_2023_2024,2023,FIXED20_7,-21.7183605,STOP,38.0
EB1:PEOPLEUSDT:2023-06-23T18:00:00+00:00,PEOPLEUSDT,PRE_BREAKOUT,24,VALIDATION_2023_2024,2023,FULL_TRAIL_7,-21.718360499999942,INITIAL_STOP,2.0
EB1:PEOPLEUSDT:2023-06-23T18:00:00+00:00,PEOPLEUSDT,PRE_BREAKOUT,24,VALIDATION_2023_2024,2023,HALF20_RUNNER_7,-21.718360499999942,INITIAL_STOP,2.0
EB1:PEOPLEUSDT:2023-06-23T18:00:00+00:00,PEOPLEUSDT,PRE_BREAKOUT,24,VALIDATION_2023_2024,2023,LADDER10_20_RUNNER_7,-21.718360499999942,INITIAL_STOP,2.0
EB1:PEOPLEUSDT:2023-06-23T18:00:00+00:00,PEOPLEUSDT,PRE_BREAKOUT,24,VALIDATION_2023_2024,2023,FIXED10_5,-15.727357499999984,STOP,2.0
EB1:PEOPLEUSDT:2023-06-23T18:00:00+00:00,PEOPLEUSDT,PRE_BREAKOUT,24,VALIDATION_2023_2024,2023,FIXED20_7,-21.718360499999942,STOP,2.0
EB1:PEOPLEUSDT:2023-11-05T04:00:00+00:00,PEOPLEUSDT,BREAKOUT_ATTEMPT,24,VALIDATION_2023_2024,2023,FULL_TRAIL_7,-0.7498499999999773,RUNNER_STOP,33.0
EB1:PEOPLEUSDT:2023-11-05T04:00:00+00:00,PEOPLEUSDT,BREAKOUT_ATTEMPT,24,VALIDATION_2023_2024,2023,HALF20_RUNNER_7,-21.718360499999942,INITIAL_STOP,82.0
EB1:PEOPLEUSDT:2023-11-05T04:00:00+00:00,PEOPLEUSDT,BREAKOUT_ATTEMPT,24,VALIDATION_2023_2024,2023,LADDER10_20_RUNNER_7,6.738903750000026,RUNNER_STOP,82.0
EB1:PEOPLEUSDT:2023-11-05T04:00:00+00:00,PEOPLEUSDT,BREAKOUT_ATTEMPT,24,VALIDATION_2023_2024,2023,FIXED10_5,29.205165000000036,TARGET10,71.0
EB1:PEOPLEUSDT:2023-11-05T04:00:00+00:00,PEOPLEUSDT,BREAKOUT_ATTEMPT,24,VALIDATION_2023_2024,2023,FIXED20_7,-21.718360499999942,STOP,82.0
EB1:SANDUSDT:2023-12-21T08:00:00+00:00,SANDUSDT,PRE_BREAKOUT,24,VALIDATION_2023_2024,2023,FULL_TRAIL_7,-0.7498499999999773,RUNNER_STOP,290.0
EB1:SANDUSDT:2023-12-21T08:00:00+00:00,SANDUSDT,PRE_BREAKOUT,24,VALIDATION_2023_2024,2023,HALF20_RUNNER_7,29.205165000000008,RUNNER_STOP,290.0
EB1:SANDUSDT:2023-12-21T08:00:00+00:00,SANDUSDT,PRE_BREAKOUT,24,VALIDATION_2023_2024,2023,LADDER10_20_RUNNER_7,21.716411250000018,RUNNER_STOP,290.0
EB1:SANDUSDT:2023-12-21T08:00:00+00:00,SANDUSDT,PRE_BREAKOUT,24,VALIDATION_2023_2024,2023,FIXED10_5,29.205165000000036,TARGET10,68.0
EB1:SANDUSDT:2023-12-21T08:00:00+00:00,SANDUSDT,PRE_BREAKOUT,24,VALIDATION_2023_2024,2023,FIXED20_7,59.16018,TARGET20,87.0
EB1:WLDUSDT:2024-09-18T23:00:00+00:00,WLDUSDT,PRE_BREAKOUT,24,VALIDATION_2023_2024,2024,FULL_TRAIL_7,-0.7498500000000341,RUNNER_STOP,17.0
EB1:WLDUSDT:2024-09-18T23:00:00+00:00,WLDUSDT,PRE_BREAKOUT,24,VALIDATION_2023_2024,2024,HALF20_RUNNER_7,51.67745295829705,RUNNER_STOP,276.0
EB1:WLDUSDT:2024-09-18T23:00:00+00:00,WLDUSDT,PRE_BREAKOUT,24,VALIDATION_2023_2024,2024,LADDER10_20_RUNNER_7,44.18869920829706,RUNNER_STOP,276.0
EB1:WLDUSDT:2024-09-18T23:00:00+00:00,WLDUSDT,PRE_BREAKOUT,24,VALIDATION_2023_2024,2024,FIXED10_5,29.205165000000036,TARGET10,77.0
EB1:WLDUSDT:2024-09-18T23:00:00+00:00,WLDUSDT,PRE_BREAKOUT,24,VALIDATION_2023_2024,2024,FIXED20_7,59.16018,TARGET20,134.0
EB1:ETCUSDT:2023-06-30T06:00:00+00:00,ETCUSDT,PRE_BREAKOUT,24,VALIDATION_2023_2024,2023,FULL_TRAIL_7,-21.718360499999942,INITIAL_STOP,16.0
EB1:ETCUSDT:2023-06-30T06:00:00+00:00,ETCUSDT,PRE_BREAKOUT,24,VALIDATION_2023_2024,2023,HALF20_RUNNER_7,-21.718360499999942,INITIAL_STOP,16.0
EB1:ETCUSDT:2023-06-30T06:00:00+00:00,ETCUSDT,PRE_BREAKOUT,24,VALIDATION_2023_2024,2023,LADDER10_20_RUNNER_7,-21.718360499999942,INITIAL_STOP,16.0
EB1:ETCUSDT:2023-06-30T06:00:00+00:00,ETCUSDT,PRE_BREAKOUT,24,VALIDATION_2023_2024,2023,FIXED10_5,-15.727357500000041,STOP,5.0
EB1:ETCUSDT:2023-06-30T06:00:00+00:00,ETCUSDT,PRE_BREAKOUT,24,VALIDATION_2023_2024,2023,FIXED20_7,-21.718360499999942,STOP,16.0
EB1:ETCUSDT:2024-11-16T09:00:00+00:00,ETCUSDT,BREAKOUT_ATTEMPT,24,VALIDATION_2023_2024,2024,FULL_TRAIL_7,-21.718360499999942,INITIAL_STOP,80.0
EB1:ETCUSDT:2024-11-16T09:00:00+00:00,ETCUSDT,BREAKOUT_ATTEMPT,24,VALIDATION_2023_2024,2024,HALF20_RUNNER_7,-21.718360499999942,INITIAL_STOP,80.0
EB1:ETCUSDT:2024-11-16T09:00:00+00:00,ETCUSDT,BREAKOUT_ATTEMPT,24,VALIDATION_2023_2024,2024,LADDER10_20_RUNNER_7,-21.718360499999942,INITIAL_STOP,80.0
EB1:ETCUSDT:2024-11-16T09:00:00+00:00,ETCUSDT,BREAKOUT_ATTEMPT,24,VALIDATION_2023_2024,2024,FIXED10_5,-15.727357499999984,STOP,8.0
EB1:ETCUSDT:2024-11-16T09:00:00+00:00,ETCUSDT,BREAKOUT_ATTEMPT,24,VALIDATION_2023_2024,2024,FIXED20_7,-21.718360499999942,STOP,80.0
EB1:MANAUSDT:2023-11-02T00:00:00+00:00,MANAUSDT,BREAKOUT_ATTEMPT,24,VALIDATION_2023_2024,2023,FULL_TRAIL_7,-0.7498499999999773,RUNNER_STOP,158.0
EB1:MANAUSDT:2023-11-02T00:00:00+00:00,MANAUSDT,BREAKOUT_ATTEMPT,24,VALIDATION_2023_2024,2023,HALF20_RUNNER_7,47.18693452022447,RUNNER_STOP,262.0
EB1:MANAUSDT:2023-11-02T00:00:00+00:00,MANAUSDT,BREAKOUT_ATTEMPT,24,VALIDATION_2023_2024,2023,LADDER10_20_RUNNER_7,6.738903750000012,RUNNER_STOP,158.0
EB1:MANAUSDT:2023-11-02T00:00:00+00:00,MANAUSDT,BREAKOUT_ATTEMPT,24,VALIDATION_2023_2024,2023,FIXED10_5,29.20516499999998,TARGET10,76.0
EB1:MANAUSDT:2023-11-02T00:00:00+00:00,MANAUSDT,BREAKOUT_ATTEMPT,24,VALIDATION_2023_2024,2023,FIXED20_7,59.16018,TARGET20,204.0
EB1:MANAUSDT:2024-11-22T22:00:00+00:00,MANAUSDT,PRE_BREAKOUT,24,VALIDATION_2023_2024,2024,FULL_TRAIL_7,44.77317927463064,RUNNER_STOP,12.0
EB1:MANAUSDT:2024-11-22T22:00:00+00:00,MANAUSDT,PRE_BREAKOUT,24,VALIDATION_2023_2024,2024,HALF20_RUNNER_7,51.96667963731529,RUNNER_STOP,12.0
EB1:MANAUSDT:2024-11-22T22:00:00+00:00,MANAUSDT,PRE_BREAKOUT,24,VALIDATION_2023_2024,2024,LADDER10_20_RUNNER_7,44.47792588731531,RUNNER_STOP,12.0
EB1:MANAUSDT:2024-11-22T22:00:00+00:00,MANAUSDT,PRE_BREAKOUT,24,VALIDATION_2023_2024,2024,FIXED10_5,29.205165000000036,TARGET10,3.0
EB1:MANAUSDT:2024-11-22T22:00:00+00:00,MANAUSDT,PRE_BREAKOUT,24,VALIDATION_2023_2024,2024,FIXED20_7,59.16017999999994,TARGET20,3.0
EB1:FILUSDT:2023-11-05T14:00:00+00:00,FILUSDT,PRE_BREAKOUT,24,VALIDATION_2023_2024,2023,FULL_TRAIL_7,-0.7498499999999773,RUNNER_STOP,72.0
EB1:FILUSDT:2023-11-05T14:00:00+00:00,FILUSDT,PRE_BREAKOUT,24,VALIDATION_2023_2024,2023,HALF20_RUNNER_7,47.741514117955475,RUNNER_STOP,187.0
EB1:FILUSDT:2023-11-05T14:00:00+00:00,FILUSDT,PRE_BREAKOUT,24,VALIDATION_2023_2024,2023,LADDER10_20_RUNNER_7,40.25276036795549,RUNNER_STOP,187.0
EB1:FILUSDT:2023-11-05T14:00:00+00:00,FILUSDT,PRE_BREAKOUT,24,VALIDATION_2023_2024,2023,FIXED10_5,-15.727357499999984,STOP,24.0
EB1:FILUSDT:2023-11-05T14:00:00+00:00,FILUSDT,PRE_BREAKOUT,24,VALIDATION_2023_2024,2023,FIXED20_7,59.16018,TARGET20,149.0
EB1:FILUSDT:2023-12-27T19:00:00+00:00,FILUSDT,BREAKOUT_ATTEMPT,24,VALIDATION_2023_2024,2023,FULL_TRAIL_7,40.69918798831928,RUNNER_STOP,135.0
EB1:FILUSDT:2023-12-27T19:00:00+00:00,FILUSDT,BREAKOUT_ATTEMPT,24,VALIDATION_2023_2024,2023,HALF20_RUNNER_7,49.92968399415963,RUNNER_STOP,135.0
EB1:FILUSDT:2023-12-27T19:00:00+00:00,FILUSDT,BREAKOUT_ATTEMPT,24,VALIDATION_2023_2024,2023,LADDER10_20_RUNNER_7,42.440930244159645,RUNNER_STOP,135.0
EB1:FILUSDT:2023-12-27T19:00:00+00:00,FILUSDT,BREAKOUT_ATTEMPT,24,VALIDATION_2023_2024,2023,FIXED10_5,-15.727357499999984,STOP,20.0
EB1:FILUSDT:2023-12-27T19:00:00+00:00,FILUSDT,BREAKOUT_ATTEMPT,24,VALIDATION_2023_2024,2023,FIXED20_7,59.16018,TARGET20,72.0
EB1:FILUSDT:2024-11-22T19:00:00+00:00,FILUSDT,PRE_BREAKOUT,24,VALIDATION_2023_2024,2024,FULL_TRAIL_7,-0.7498499999999773,RUNNER_STOP,15.0
EB1:FILUSDT:2024-11-22T19:00:00+00:00,FILUSDT,PRE_BREAKOUT,24,VALIDATION_2023_2024,2024,HALF20_RUNNER_7,61.681559502034744,RUNNER_STOP,383.0
EB1:FILUSDT:2024-11-22T19:00:00+00:00,FILUSDT,PRE_BREAKOUT,24,VALIDATION_2023_2024,2024,LADDER10_20_RUNNER_7,6.738903750000026,RUNNER_STOP,15.0
EB1:FILUSDT:2024-11-22T19:00:00+00:00,FILUSDT,PRE_BREAKOUT,24,VALIDATION_2023_2024,2024,FIXED10_5,29.205165000000036,TARGET10,6.0
EB1:FILUSDT:2024-11-22T19:00:00+00:00,FILUSDT,PRE_BREAKOUT,24,VALIDATION_2023_2024,2024,FIXED20_7,59.160180000000054,TARGET20,161.0
EB1:VETUSDT:2024-02-26T04:00:00+00:00,VETUSDT,BREAKOUT_ATTEMPT,24,VALIDATION_2023_2024,2024,FULL_TRAIL_7,-0.7498500000000341,RUNNER_STOP,35.0
EB1:VETUSDT:2024-02-26T04:00:00+00:00,VETUSDT,BREAKOUT_ATTEMPT,24,VALIDATION_2023_2024,2024,HALF20_RUNNER_7,-21.7183605,INITIAL_STOP,35.0
EB1:VETUSDT:2024-02-26T04:00:00+00:00,VETUSDT,BREAKOUT_ATTEMPT,24,VALIDATION_2023_2024,2024,LADDER10_20_RUNNER_7,6.738903750000012,RUNNER_STOP,35.0
EB1:VETUSDT:2024-02-26T04:00:00+00:00,VETUSDT,BREAKOUT_ATTEMPT,24,VALIDATION_2023_2024,2024,FIXED10_5,29.20516499999998,TARGET10,27.0
EB1:VETUSDT:2024-02-26T04:00:00+00:00,VETUSDT,BREAKOUT_ATTEMPT,24,VALIDATION_2023_2024,2024,FIXED20_7,-21.7183605,STOP,35.0
EB1:VETUSDT:2024-03-25T14:00:00+00:00,VETUSDT,BREAKOUT_ATTEMPT,24,VALIDATION_2023_2024,2024,FULL_TRAIL_7,-0.7498499999999773,RUNNER_STOP,102.0
EB1:VETUSDT:2024-03-25T14:00:00+00:00,VETUSDT,BREAKOUT_ATTEMPT,24,VALIDATION_2023_2024,2024,HALF20_RUNNER_7,-21.718360499999942,INITIAL_STOP,154.0
EB1:VETUSDT:2024-03-25T14:00:00+00:00,VETUSDT,BREAKOUT_ATTEMPT,24,VALIDATION_2023_2024,2024,LADDER10_20_RUNNER_7,-21.718360499999942,INITIAL_STOP,154.0
EB1:VETUSDT:2024-03-25T14:00:00+00:00,VETUSDT,BREAKOUT_ATTEMPT,24,VALIDATION_2023_2024,2024,FIXED10_5,-15.727357499999984,STOP,154.0
EB1:VETUSDT:2024-03-25T14:00:00+00:00,VETUSDT,BREAKOUT_ATTEMPT,24,VALIDATION_2023_2024,2024,FIXED20_7,-21.718360499999942,STOP,154.0
EB1:ALGOUSDT:2023-02-07T08:00:00+00:00,ALGOUSDT,PRE_BREAKOUT,24,VALIDATION_2023_2024,2023,FULL_TRAIL_7,-21.718360499999942,INITIAL_STOP,33.0
EB1:ALGOUSDT:2023-02-07T08:00:00+00:00,ALGOUSDT,PRE_BREAKOUT,24,VALIDATION_2023_2024,2023,HALF20_RUNNER_7,-21.718360499999942,INITIAL_STOP,33.0
EB1:ALGOUSDT:2023-02-07T08:00:00+00:00,ALGOUSDT,PRE_BREAKOUT,24,VALIDATION_2023_2024,2023,LADDER10_20_RUNNER_7,-21.718360499999942,INITIAL_STOP,33.0
EB1:ALGOUSDT:2023-02-07T08:00:00+00:00,ALGOUSDT,PRE_BREAKOUT,24,VALIDATION_2023_2024,2023,FIXED10_5,-15.727357499999984,STOP,17.0
EB1:ALGOUSDT:2023-02-07T08:00:00+00:00,ALGOUSDT,PRE_BREAKOUT,24,VALIDATION_2023_2024,2023,FIXED20_7,-21.718360499999942,STOP,33.0
EB1:ALGOUSDT:2023-12-02T11:00:00+00:00,ALGOUSDT,PRE_BREAKOUT,24,VALIDATION_2023_2024,2023,FULL_TRAIL_7,-0.7498499999999773,RUNNER_STOP,22.0
EB1:ALGOUSDT:2023-12-02T11:00:00+00:00,ALGOUSDT,PRE_BREAKOUT,24,VALIDATION_2023_2024,2023,HALF20_RUNNER_7,57.94309829771411,RUNNER_STOP,181.0
EB1:ALGOUSDT:2023-12-02T11:00:00+00:00,ALGOUSDT,PRE_BREAKOUT,24,VALIDATION_2023_2024,2023,LADDER10_20_RUNNER_7,50.454344547714115,RUNNER_STOP,181.0
EB1:ALGOUSDT:2023-12-02T11:00:00+00:00,ALGOUSDT,PRE_BREAKOUT,24,VALIDATION_2023_2024,2023,FIXED10_5,29.205165000000036,TARGET10,110.0
EB1:ALGOUSDT:2023-12-02T11:00:00+00:00,ALGOUSDT,PRE_BREAKOUT,24,VALIDATION_2023_2024,2023,FIXED20_7,59.16018,TARGET20,122.0
EB1:ALGOUSDT:2024-03-25T19:00:00+00:00,ALGOUSDT,BREAKOUT_ATTEMPT,24,VALIDATION_2023_2024,2024,FULL_TRAIL_7,-21.7183605,INITIAL_STOP,98.0
EB1:ALGOUSDT:2024-03-25T19:00:00+00:00,ALGOUSDT,BREAKOUT_ATTEMPT,24,VALIDATION_2023_2024,2024,HALF20_RUNNER_7,-21.7183605,INITIAL_STOP,98.0
EB1:ALGOUSDT:2024-03-25T19:00:00+00:00,ALGOUSDT,BREAKOUT_ATTEMPT,24,VALIDATION_2023_2024,2024,LADDER10_20_RUNNER_7,-21.7183605,INITIAL_STOP,98.0
EB1:ALGOUSDT:2024-03-25T19:00:00+00:00,ALGOUSDT,BREAKOUT_ATTEMPT,24,VALIDATION_2023_2024,2024,FIXED10_5,-15.727357500000041,STOP,29.0
EB1:ALGOUSDT:2024-03-25T19:00:00+00:00,ALGOUSDT,BREAKOUT_ATTEMPT,24,VALIDATION_2023_2024,2024,FIXED20_7,-21.7183605,STOP,98.0
EB1:LSKUSDT:2024-11-23T17:00:00+00:00,LSKUSDT,PRE_BREAKOUT,24,VALIDATION_2023_2024,2024,FULL_TRAIL_7,42.92972844204855,RUNNER_STOP,361.0
EB1:LSKUSDT:2024-11-23T17:00:00+00:00,LSKUSDT,PRE_BREAKOUT,24,VALIDATION_2023_2024,2024,HALF20_RUNNER_7,51.04495422102427,RUNNER_STOP,361.0
EB1:LSKUSDT:2024-11-23T17:00:00+00:00,LSKUSDT,PRE_BREAKOUT,24,VALIDATION_2023_2024,2024,LADDER10_20_RUNNER_7,43.55620047102428,RUNNER_STOP,361.0
EB1:LSKUSDT:2024-11-23T17:00:00+00:00,LSKUSDT,PRE_BREAKOUT,24,VALIDATION_2023_2024,2024,FIXED10_5,29.205165000000036,TARGET10,7.0
EB1:LSKUSDT:2024-11-23T17:00:00+00:00,LSKUSDT,PRE_BREAKOUT,24,VALIDATION_2023_2024,2024,FIXED20_7,59.16018,TARGET20,134.0
EB1:CELRUSDT:2023-04-12T16:00:00+00:00,CELRUSDT,PRE_BREAKOUT,24,VALIDATION_2023_2024,2023,FULL_TRAIL_7,37.27213424286559,RUNNER_STOP,90.0
EB1:CELRUSDT:2023-04-12T16:00:00+00:00,CELRUSDT,PRE_BREAKOUT,24,VALIDATION_2023_2024,2023,HALF20_RUNNER_7,48.216157121432815,RUNNER_STOP,90.0
EB1:CELRUSDT:2023-04-12T16:00:00+00:00,CELRUSDT,PRE_BREAKOUT,24,VALIDATION_2023_2024,2023,LADDER10_20_RUNNER_7,40.72740337143283,RUNNER_STOP,90.0
EB1:CELRUSDT:2023-04-12T16:00:00+00:00,CELRUSDT,PRE_BREAKOUT,24,VALIDATION_2023_2024,2023,FIXED10_5,29.205165000000093,TARGET10,68.0
EB1:CELRUSDT:2023-04-12T16:00:00+00:00,CELRUSDT,PRE_BREAKOUT,24,VALIDATION_2023_2024,2023,FIXED20_7,59.160180000000054,TARGET20,71.0
EB1:CELRUSDT:2024-02-24T12:00:00+00:00,CELRUSDT,BREAKOUT_ATTEMPT,24,VALIDATION_2023_2024,2024,FULL_TRAIL_7,42.35521976659972,RUNNER_STOP,221.0
EB1:CELRUSDT:2024-02-24T12:00:00+00:00,CELRUSDT,BREAKOUT_ATTEMPT,24,VALIDATION_2023_2024,2024,HALF20_RUNNER_7,50.75769988329985,RUNNER_STOP,221.0
EB1:CELRUSDT:2024-02-24T12:00:00+00:00,CELRUSDT,BREAKOUT_ATTEMPT,24,VALIDATION_2023_2024,2024,LADDER10_20_RUNNER_7,43.26894613329986,RUNNER_STOP,221.0
EB1:CELRUSDT:2024-02-24T12:00:00+00:00,CELRUSDT,BREAKOUT_ATTEMPT,24,VALIDATION_2023_2024,2024,FIXED10_5,29.205165000000036,TARGET10,59.0
EB1:CELRUSDT:2024-02-24T12:00:00+00:00,CELRUSDT,BREAKOUT_ATTEMPT,24,VALIDATION_2023_2024,2024,FIXED20_7,59.16018,TARGET20,65.0
EB1:CELRUSDT:2024-11-22T21:00:00+00:00,CELRUSDT,BREAKOUT_ATTEMPT,24,VALIDATION_2023_2024,2024,FULL_TRAIL_7,39.465965158189356,RUNNER_STOP,5.0
EB1:CELRUSDT:2024-11-22T21:00:00+00:00,CELRUSDT,BREAKOUT_ATTEMPT,24,VALIDATION_2023_2024,2024,HALF20_RUNNER_7,49.3130725790947,RUNNER_STOP,5.0
EB1:CELRUSDT:2024-11-22T21:00:00+00:00,CELRUSDT,BREAKOUT_ATTEMPT,24,VALIDATION_2023_2024,2024,LADDER10_20_RUNNER_7,41.82431882909471,RUNNER_STOP,5.0
EB1:CELRUSDT:2024-11-22T21:00:00+00:00,CELRUSDT,BREAKOUT_ATTEMPT,24,VALIDATION_2023_2024,2024,FIXED10_5,29.205165000000093,TARGET10,4.0
EB1:CELRUSDT:2024-11-22T21:00:00+00:00,CELRUSDT,BREAKOUT_ATTEMPT,24,VALIDATION_2023_2024,2024,FIXED20_7,59.160180000000054,TARGET20,4.0
EB1:ICPUSDT:2023-10-28T22:00:00+00:00,ICPUSDT,PRE_BREAKOUT,24,VALIDATION_2023_2024,2023,FULL_TRAIL_7,-0.7498499999999773,RUNNER_STOP,256.0
EB1:ICPUSDT:2023-10-28T22:00:00+00:00,ICPUSDT,PRE_BREAKOUT,24,VALIDATION_2023_2024,2023,HALF20_RUNNER_7,-21.718360499999942,INITIAL_STOP,256.0
EB1:ICPUSDT:2023-10-28T22:00:00+00:00,ICPUSDT,PRE_BREAKOUT,24,VALIDATION_2023_2024,2023,LADDER10_20_RUNNER_7,-21.718360499999942,INITIAL_STOP,256.0
EB1:ICPUSDT:2023-10-28T22:00:00+00:00,ICPUSDT,PRE_BREAKOUT,24,VALIDATION_2023_2024,2023,FIXED10_5,-15.727357499999984,STOP,39.0
EB1:ICPUSDT:2023-10-28T22:00:00+00:00,ICPUSDT,PRE_BREAKOUT,24,VALIDATION_2023_2024,2023,FIXED20_7,-21.718360499999942,STOP,256.0
EB1:ICPUSDT:2023-12-08T16:00:00+00:00,ICPUSDT,PRE_BREAKOUT,24,VALIDATION_2023_2024,2023,FULL_TRAIL_7,-0.7498499999999773,RUNNER_STOP,15.0
EB1:ICPUSDT:2023-12-08T16:00:00+00:00,ICPUSDT,PRE_BREAKOUT,24,VALIDATION_2023_2024,2023,HALF20_RUNNER_7,152.59005824260413,RUNNER_STOP,1072.0
EB1:ICPUSDT:2023-12-08T16:00:00+00:00,ICPUSDT,PRE_BREAKOUT,24,VALIDATION_2023_2024,2023,LADDER10_20_RUNNER_7,145.10130449260413,RUNNER_STOP,1072.0
EB1:ICPUSDT:2023-12-08T16:00:00+00:00,ICPUSDT,PRE_BREAKOUT,24,VALIDATION_2023_2024,2023,FIXED10_5,-15.727357499999984,STOP,32.0
EB1:ICPUSDT:2023-12-08T16:00:00+00:00,ICPUSDT,PRE_BREAKOUT,24,VALIDATION_2023_2024,2023,FIXED20_7,59.160180000000054,TARGET20,101.0
EB1:ICPUSDT:2024-11-30T12:00:00+00:00,ICPUSDT,PRE_BREAKOUT,24,VALIDATION_2023_2024,2024,FULL_TRAIL_7,-0.7498499999999773,RUNNER_STOP,18.0
EB1:ICPUSDT:2024-11-30T12:00:00+00:00,ICPUSDT,PRE_BREAKOUT,24,VALIDATION_2023_2024,2024,HALF20_RUNNER_7,29.205165000000008,RUNNER_STOP,198.0
EB1:ICPUSDT:2024-11-30T12:00:00+00:00,ICPUSDT,PRE_BREAKOUT,24,VALIDATION_2023_2024,2024,LADDER10_20_RUNNER_7,21.716411250000018,RUNNER_STOP,198.0
EB1:ICPUSDT:2024-11-30T12:00:00+00:00,ICPUSDT,PRE_BREAKOUT,24,VALIDATION_2023_2024,2024,FIXED10_5,29.205165000000036,TARGET10,37.0
EB1:ICPUSDT:2024-11-30T12:00:00+00:00,ICPUSDT,PRE_BREAKOUT,24,VALIDATION_2023_2024,2024,FIXED20_7,59.16018,TARGET20,72.0
EB1:ONEUSDT:2023-04-16T09:00:00+00:00,ONEUSDT,PRE_BREAKOUT,24,VALIDATION_2023_2024,2023,FULL_TRAIL_7,-0.7498499999999773,RUNNER_STOP,5.0
EB1:ONEUSDT:2023-04-16T09:00:00+00:00,ONEUSDT,PRE_BREAKOUT,24,VALIDATION_2023_2024,2023,HALF20_RUNNER_7,-21.718360499999942,INITIAL_STOP,77.0
EB1:ONEUSDT:2023-04-16T09:00:00+00:00,ONEUSDT,PRE_BREAKOUT,24,VALIDATION_2023_2024,2023,LADDER10_20_RUNNER_7,-21.718360499999942,INITIAL_STOP,77.0
EB1:ONEUSDT:2023-04-16T09:00:00+00:00,ONEUSDT,PRE_BREAKOUT,24,VALIDATION_2023_2024,2023,FIXED10_5,-15.727357499999984,STOP,45.0
EB1:ONEUSDT:2023-04-16T09:00:00+00:00,ONEUSDT,PRE_BREAKOUT,24,VALIDATION_2023_2024,2023,FIXED20_7,-21.718360499999942,STOP,77.0
EB1:ONEUSDT:2023-10-29T16:00:00+00:00,ONEUSDT,PRE_BREAKOUT,24,VALIDATION_2023_2024,2023,FULL_TRAIL_7,-0.7498500000000341,RUNNER_STOP,70.0
EB1:ONEUSDT:2023-10-29T16:00:00+00:00,ONEUSDT,PRE_BREAKOUT,24,VALIDATION_2023_2024,2023,HALF20_RUNNER_7,53.41119701133135,RUNNER_STOP,342.0
EB1:ONEUSDT:2023-10-29T16:00:00+00:00,ONEUSDT,PRE_BREAKOUT,24,VALIDATION_2023_2024,2023,LADDER10_20_RUNNER_7,45.92244326133137,RUNNER_STOP,342.0
EB1:ONEUSDT:2023-10-29T16:00:00+00:00,ONEUSDT,PRE_BREAKOUT,24,VALIDATION_2023_2024,2023,FIXED10_5,-15.727357499999984,STOP,21.0
EB1:ONEUSDT:2023-10-29T16:00:00+00:00,ONEUSDT,PRE_BREAKOUT,24,VALIDATION_2023_2024,2023,FIXED20_7,59.16018,TARGET20,170.0
EB1:ONEUSDT:2024-02-19T07:00:00+00:00,ONEUSDT,BREAKOUT_ATTEMPT,24,VALIDATION_2023_2024,2024,FULL_TRAIL_7,-21.7183605,INITIAL_STOP,6.0
EB1:ONEUSDT:2024-02-19T07:00:00+00:00,ONEUSDT,BREAKOUT_ATTEMPT,24,VALIDATION_2023_2024,2024,HALF20_RUNNER_7,-21.7183605,INITIAL_STOP,6.0
EB1:ONEUSDT:2024-02-19T07:00:00+00:00,ONEUSDT,BREAKOUT_ATTEMPT,24,VALIDATION_2023_2024,2024,LADDER10_20_RUNNER_7,-21.7183605,INITIAL_STOP,6.0
EB1:ONEUSDT:2024-02-19T07:00:00+00:00,ONEUSDT,BREAKOUT_ATTEMPT,24,VALIDATION_2023_2024,2024,FIXED10_5,-15.727357500000041,STOP,6.0
EB1:ONEUSDT:2024-02-19T07:00:00+00:00,ONEUSDT,BREAKOUT_ATTEMPT,24,VALIDATION_2023_2024,2024,FIXED20_7,-21.7183605,STOP,6.0
EB1:ONEUSDT:2024-08-21T18:00:00+00:00,ONEUSDT,BREAKOUT_ATTEMPT,24,VALIDATION_2023_2024,2024,FULL_TRAIL_7,-0.7498499999999773,RUNNER_STOP,122.0
EB1:ONEUSDT:2024-08-21T18:00:00+00:00,ONEUSDT,BREAKOUT_ATTEMPT,24,VALIDATION_2023_2024,2024,HALF20_RUNNER_7,29.205165000000036,RUNNER_STOP,122.0
EB1:ONEUSDT:2024-08-21T18:00:00+00:00,ONEUSDT,BREAKOUT_ATTEMPT,24,VALIDATION_2023_2024,2024,LADDER10_20_RUNNER_7,21.716411250000032,RUNNER_STOP,122.0
EB1:ONEUSDT:2024-08-21T18:00:00+00:00,ONEUSDT,BREAKOUT_ATTEMPT,24,VALIDATION_2023_2024,2024,FIXED10_5,29.205165000000036,TARGET10,23.0
EB1:ONEUSDT:2024-08-21T18:00:00+00:00,ONEUSDT,BREAKOUT_ATTEMPT,24,VALIDATION_2023_2024,2024,FIXED20_7,59.160180000000054,TARGET20,67.0
EB1:ADAUSDT:2025-05-22T03:00:00+00:00,ADAUSDT,PRE_BREAKOUT,24,HOLDOUT_2025_2026,2025,FULL_TRAIL_7,-21.718360499999942,INITIAL_STOP,7.0
EB1:ADAUSDT:2025-05-22T03:00:00+00:00,ADAUSDT,PRE_BREAKOUT,24,HOLDOUT_2025_2026,2025,HALF20_RUNNER_7,-21.718360499999942,INITIAL_STOP,7.0
EB1:ADAUSDT:2025-05-22T03:00:00+00:00,ADAUSDT,PRE_BREAKOUT,24,HOLDOUT_2025_2026,2025,LADDER10_20_RUNNER_7,-21.718360499999942,INITIAL_STOP,7.0
EB1:ADAUSDT:2025-05-22T03:00:00+00:00,ADAUSDT,PRE_BREAKOUT,24,HOLDOUT_2025_2026,2025,FIXED10_5,-15.727357500000041,STOP,6.0
EB1:ADAUSDT:2025-05-22T03:00:00+00:00,ADAUSDT,PRE_BREAKOUT,24,HOLDOUT_2025_2026,2025,FIXED20_7,-21.718360499999942,STOP,7.0
EB1:ADAUSDT:2025-07-16T18:00:00+00:00,ADAUSDT,PRE_BREAKOUT,24,HOLDOUT_2025_2026,2025,FULL_TRAIL_7,-0.7498499999999773,RUNNER_STOP,24.0
EB1:ADAUSDT:2025-07-16T18:00:00+00:00,ADAUSDT,PRE_BREAKOUT,24,HOLDOUT_2025_2026,2025,HALF20_RUNNER_7,-21.7183605,INITIAL_STOP,311.0
EB1:ADAUSDT:2025-07-16T18:00:00+00:00,ADAUSDT,PRE_BREAKOUT,24,HOLDOUT_2025_2026,2025,LADDER10_20_RUNNER_7,6.738903750000026,RUNNER_STOP,24.0
EB1:ADAUSDT:2025-07-16T18:00:00+00:00,ADAUSDT,PRE_BREAKOUT,24,HOLDOUT_2025_2026,2025,FIXED10_5,29.205165000000036,TARGET10,9.0
EB1:ADAUSDT:2025-07-16T18:00:00+00:00,ADAUSDT,PRE_BREAKOUT,24,HOLDOUT_2025_2026,2025,FIXED20_7,-21.7183605,STOP,311.0
EB1:BNBUSDT:2025-02-12T13:00:00+00:00,BNBUSDT,PRE_BREAKOUT,24,HOLDOUT_2025_2026,2025,FULL_TRAIL_7,-21.718360499999942,INITIAL_STOP,111.0
EB1:BNBUSDT:2025-02-12T13:00:00+00:00,BNBUSDT,PRE_BREAKOUT,24,HOLDOUT_2025_2026,2025,HALF20_RUNNER_7,-21.718360499999942,INITIAL_STOP,111.0
EB1:BNBUSDT:2025-02-12T13:00:00+00:00,BNBUSDT,PRE_BREAKOUT,24,HOLDOUT_2025_2026,2025,LADDER10_20_RUNNER_7,-21.718360499999942,INITIAL_STOP,111.0
EB1:BNBUSDT:2025-02-12T13:00:00+00:00,BNBUSDT,PRE_BREAKOUT,24,HOLDOUT_2025_2026,2025,FIXED10_5,-15.727357499999984,STOP,2.0
EB1:BNBUSDT:2025-02-12T13:00:00+00:00,BNBUSDT,PRE_BREAKOUT,24,HOLDOUT_2025_2026,2025,FIXED20_7,-21.718360499999942,STOP,111.0
EB1:LINKUSDT:2025-08-07T15:00:00+00:00,LINKUSDT,PRE_BREAKOUT,24,HOLDOUT_2025_2026,2025,FULL_TRAIL_7,54.08818597556017,RUNNER_STOP,576.0
EB1:LINKUSDT:2025-08-07T15:00:00+00:00,LINKUSDT,PRE_BREAKOUT,24,HOLDOUT_2025_2026,2025,HALF20_RUNNER_7,56.62418298778008,RUNNER_STOP,576.0
EB1:LINKUSDT:2025-08-07T15:00:00+00:00,LINKUSDT,PRE_BREAKOUT,24,HOLDOUT_2025_2026,2025,LADDER10_20_RUNNER_7,49.13542923778009,RUNNER_STOP,576.0
EB1:LINKUSDT:2025-08-07T15:00:00+00:00,LINKUSDT,PRE_BREAKOUT,24,HOLDOUT_2025_2026,2025,FIXED10_5,29.205165000000036,TARGET10,11.0
EB1:LINKUSDT:2025-08-07T15:00:00+00:00,LINKUSDT,PRE_BREAKOUT,24,HOLDOUT_2025_2026,2025,FIXED20_7,59.16018,TARGET20,93.0
EB1:LINKUSDT:2025-08-17T04:00:00+00:00,LINKUSDT,PRE_BREAKOUT,24,HOLDOUT_2025_2026,2025,FULL_TRAIL_7,-0.7498499999999773,RUNNER_STOP,21.0
EB1:LINKUSDT:2025-08-17T04:00:00+00:00,LINKUSDT,PRE_BREAKOUT,24,HOLDOUT_2025_2026,2025,HALF20_RUNNER_7,-21.718360499999942,INITIAL_STOP,192.0
EB1:LINKUSDT:2025-08-17T04:00:00+00:00,LINKUSDT,PRE_BREAKOUT,24,HOLDOUT_2025_2026,2025,LADDER10_20_RUNNER_7,6.738903750000026,RUNNER_STOP,170.0
EB1:LINKUSDT:2025-08-17T04:00:00+00:00,LINKUSDT,PRE_BREAKOUT,24,HOLDOUT_2025_2026,2025,FIXED10_5,-15.727357500000041,STOP,36.0
EB1:LINKUSDT:2025-08-17T04:00:00+00:00,LINKUSDT,PRE_BREAKOUT,24,HOLDOUT_2025_2026,2025,FIXED20_7,-21.718360499999942,STOP,192.0
EB1:AVAXUSDT:2025-05-09T03:00:00+00:00,AVAXUSDT,PRE_BREAKOUT,24,HOLDOUT_2025_2026,2025,FULL_TRAIL_7,-0.7498499999999773,RUNNER_STOP,70.0
EB1:AVAXUSDT:2025-05-09T03:00:00+00:00,AVAXUSDT,PRE_BREAKOUT,24,HOLDOUT_2025_2026,2025,HALF20_RUNNER_7,-21.7183605,INITIAL_STOP,207.0
EB1:AVAXUSDT:2025-05-09T03:00:00+00:00,AVAXUSDT,PRE_BREAKOUT,24,HOLDOUT_2025_2026,2025,LADDER10_20_RUNNER_7,6.738903750000026,RUNNER_STOP,70.0
EB1:AVAXUSDT:2025-05-09T03:00:00+00:00,AVAXUSDT,PRE_BREAKOUT,24,HOLDOUT_2025_2026,2025,FIXED10_5,29.205165000000036,TARGET10,18.0
EB1:AVAXUSDT:2025-05-09T03:00:00+00:00,AVAXUSDT,PRE_BREAKOUT,24,HOLDOUT_2025_2026,2025,FIXED20_7,-21.7183605,STOP,207.0
EB1:LTCUSDT:2025-07-17T10:00:00+00:00,LTCUSDT,PRE_BREAKOUT,24,HOLDOUT_2025_2026,2025,FULL_TRAIL_7,-21.7183605,INITIAL_STOP,8.0
EB1:LTCUSDT:2025-07-17T10:00:00+00:00,LTCUSDT,PRE_BREAKOUT,24,HOLDOUT_2025_2026,2025,HALF20_RUNNER_7,-21.7183605,INITIAL_STOP,8.0
EB1:LTCUSDT:2025-07-17T10:00:00+00:00,LTCUSDT,PRE_BREAKOUT,24,HOLDOUT_2025_2026,2025,LADDER10_20_RUNNER_7,-21.7183605,INITIAL_STOP,8.0
EB1:LTCUSDT:2025-07-17T10:00:00+00:00,LTCUSDT,PRE_BREAKOUT,24,HOLDOUT_2025_2026,2025,FIXED10_5,-15.727357499999984,STOP,3.0
EB1:LTCUSDT:2025-07-17T10:00:00+00:00,LTCUSDT,PRE_BREAKOUT,24,HOLDOUT_2025_2026,2025,FIXED20_7,-21.7183605,STOP,8.0
EB1:LTCUSDT:2025-08-04T19:00:00+00:00,LTCUSDT,PRE_BREAKOUT,24,HOLDOUT_2025_2026,2025,FULL_TRAIL_7,-0.7498499999999773,RUNNER_STOP,106.0
EB1:LTCUSDT:2025-08-04T19:00:00+00:00,LTCUSDT,PRE_BREAKOUT,24,HOLDOUT_2025_2026,2025,HALF20_RUNNER_7,-21.718360499999942,INITIAL_STOP,469.0
EB1:LTCUSDT:2025-08-04T19:00:00+00:00,LTCUSDT,PRE_BREAKOUT,24,HOLDOUT_2025_2026,2025,LADDER10_20_RUNNER_7,6.73890375000004,RUNNER_STOP,213.0
EB1:LTCUSDT:2025-08-04T19:00:00+00:00,LTCUSDT,PRE_BREAKOUT,24,HOLDOUT_2025_2026,2025,FIXED10_5,29.205165000000093,TARGET10,169.0
EB1:LTCUSDT:2025-08-04T19:00:00+00:00,LTCUSDT,PRE_BREAKOUT,24,HOLDOUT_2025_2026,2025,FIXED20_7,-21.718360499999942,STOP,469.0
EB1:DOTUSDT:2025-05-09T01:00:00+00:00,DOTUSDT,BREAKOUT_ATTEMPT,24,HOLDOUT_2025_2026,2025,FULL_TRAIL_7,-0.7498499999999773,RUNNER_STOP,28.0
EB1:DOTUSDT:2025-05-09T01:00:00+00:00,DOTUSDT,BREAKOUT_ATTEMPT,24,HOLDOUT_2025_2026,2025,HALF20_RUNNER_7,-21.718360499999942,INITIAL_STOP,166.0
EB1:DOTUSDT:2025-05-09T01:00:00+00:00,DOTUSDT,BREAKOUT_ATTEMPT,24,HOLDOUT_2025_2026,2025,LADDER10_20_RUNNER_7,-21.718360499999942,INITIAL_STOP,166.0
EB1:DOTUSDT:2025-05-09T01:00:00+00:00,DOTUSDT,BREAKOUT_ATTEMPT,24,HOLDOUT_2025_2026,2025,FIXED10_5,-15.727357499999984,STOP,124.0
EB1:DOTUSDT:2025-05-09T01:00:00+00:00,DOTUSDT,BREAKOUT_ATTEMPT,24,HOLDOUT_2025_2026,2025,FIXED20_7,-21.718360499999942,STOP,166.0
EB1:DOTUSDT:2025-07-17T10:00:00+00:00,DOTUSDT,PRE_BREAKOUT,24,HOLDOUT_2025_2026,2025,FULL_TRAIL_7,-0.7498499999999773,RUNNER_STOP,79.0
EB1:DOTUSDT:2025-07-17T10:00:00+00:00,DOTUSDT,PRE_BREAKOUT,24,HOLDOUT_2025_2026,2025,HALF20_RUNNER_7,-21.718360499999942,INITIAL_STOP,125.0
EB1:DOTUSDT:2025-07-17T10:00:00+00:00,DOTUSDT,PRE_BREAKOUT,24,HOLDOUT_2025_2026,2025,LADDER10_20_RUNNER_7,-21.718360499999942,INITIAL_STOP,125.0
EB1:DOTUSDT:2025-07-17T10:00:00+00:00,DOTUSDT,PRE_BREAKOUT,24,HOLDOUT_2025_2026,2025,FIXED10_5,-15.727357499999984,STOP,8.0
EB1:DOTUSDT:2025-07-17T10:00:00+00:00,DOTUSDT,PRE_BREAKOUT,24,HOLDOUT_2025_2026,2025,FIXED20_7,-21.718360499999942,STOP,125.0
EB1:ATOMUSDT:2026-05-26T02:00:00+00:00,ATOMUSDT,PRE_BREAKOUT,24,HOLDOUT_2025_2026,2026,FULL_TRAIL_7,-21.718360499999942,INITIAL_STOP,26.0
EB1:ATOMUSDT:2026-05-26T02:00:00+00:00,ATOMUSDT,PRE_BREAKOUT,24,HOLDOUT_2025_2026,2026,HALF20_RUNNER_7,-21.718360499999942,INITIAL_STOP,26.0
EB1:ATOMUSDT:2026-05-26T02:00:00+00:00,ATOMUSDT,PRE_BREAKOUT,24,HOLDOUT_2025_2026,2026,LADDER10_20_RUNNER_7,-21.718360499999942,INITIAL_STOP,26.0
EB1:ATOMUSDT:2026-05-26T02:00:00+00:00,ATOMUSDT,PRE_BREAKOUT,24,HOLDOUT_2025_2026,2026,FIXED10_5,-15.727357499999927,STOP,23.0
EB1:ATOMUSDT:2026-05-26T02:00:00+00:00,ATOMUSDT,PRE_BREAKOUT,24,HOLDOUT_2025_2026,2026,FIXED20_7,-21.718360499999942,STOP,26.0
EB1:NEARUSDT:2025-05-22T09:00:00+00:00,NEARUSDT,PRE_BREAKOUT,24,HOLDOUT_2025_2026,2025,FULL_TRAIL_7,-21.718360499999942,INITIAL_STOP,1.0
EB1:NEARUSDT:2025-05-22T09:00:00+00:00,NEARUSDT,PRE_BREAKOUT,24,HOLDOUT_2025_2026,2025,HALF20_RUNNER_7,-21.718360499999942,INITIAL_STOP,1.0
EB1:NEARUSDT:2025-05-22T09:00:00+00:00,NEARUSDT,PRE_BREAKOUT,24,HOLDOUT_2025_2026,2025,LADDER10_20_RUNNER_7,-21.718360499999942,INITIAL_STOP,1.0
EB1:NEARUSDT:2025-05-22T09:00:00+00:00,NEARUSDT,PRE_BREAKOUT,24,HOLDOUT_2025_2026,2025,FIXED10_5,-15.727357500000041,STOP,0.0
EB1:NEARUSDT:2025-05-22T09:00:00+00:00,NEARUSDT,PRE_BREAKOUT,24,HOLDOUT_2025_2026,2025,FIXED20_7,-21.718360499999942,STOP,1.0
EB1:NEARUSDT:2025-08-13T15:00:00+00:00,NEARUSDT,PRE_BREAKOUT,24,HOLDOUT_2025_2026,2025,FULL_TRAIL_7,-21.7183605,INITIAL_STOP,81.0
EB1:NEARUSDT:2025-08-13T15:00:00+00:00,NEARUSDT,PRE_BREAKOUT,24,HOLDOUT_2025_2026,2025,HALF20_RUNNER_7,-21.7183605,INITIAL_STOP,81.0
EB1:NEARUSDT:2025-08-13T15:00:00+00:00,NEARUSDT,PRE_BREAKOUT,24,HOLDOUT_2025_2026,2025,LADDER10_20_RUNNER_7,-21.7183605,INITIAL_STOP,81.0
EB1:NEARUSDT:2025-08-13T15:00:00+00:00,NEARUSDT,PRE_BREAKOUT,24,HOLDOUT_2025_2026,2025,FIXED10_5,-15.727357499999984,STOP,22.0
EB1:NEARUSDT:2025-08-13T15:00:00+00:00,NEARUSDT,PRE_BREAKOUT,24,HOLDOUT_2025_2026,2025,FIXED20_7,-21.7183605,STOP,81.0
EB1:NEARUSDT:2025-09-17T21:00:00+00:00,NEARUSDT,PRE_BREAKOUT,24,HOLDOUT_2025_2026,2025,FULL_TRAIL_7,-0.7498499999999773,RUNNER_STOP,12.0
EB1:NEARUSDT:2025-09-17T21:00:00+00:00,NEARUSDT,PRE_BREAKOUT,24,HOLDOUT_2025_2026,2025,HALF20_RUNNER_7,-21.7183605,INITIAL_STOP,78.0
EB1:NEARUSDT:2025-09-17T21:00:00+00:00,NEARUSDT,PRE_BREAKOUT,24,HOLDOUT_2025_2026,2025,LADDER10_20_RUNNER_7,-21.7183605,INITIAL_STOP,78.0
EB1:NEARUSDT:2025-09-17T21:00:00+00:00,NEARUSDT,PRE_BREAKOUT,24,HOLDOUT_2025_2026,2025,FIXED10_5,-15.727357499999984,STOP,75.0
EB1:NEARUSDT:2025-09-17T21:00:00+00:00,NEARUSDT,PRE_BREAKOUT,24,HOLDOUT_2025_2026,2025,FIXED20_7,-21.7183605,STOP,78.0
EB1:NEARUSDT:2026-03-16T04:00:00+00:00,NEARUSDT,PRE_BREAKOUT,24,HOLDOUT_2025_2026,2026,FULL_TRAIL_7,-21.7183605,INITIAL_STOP,55.0
EB1:NEARUSDT:2026-03-16T04:00:00+00:00,NEARUSDT,PRE_BREAKOUT,24,HOLDOUT_2025_2026,2026,HALF20_RUNNER_7,-21.7183605,INITIAL_STOP,55.0
EB1:NEARUSDT:2026-03-16T04:00:00+00:00,NEARUSDT,PRE_BREAKOUT,24,HOLDOUT_2025_2026,2026,LADDER10_20_RUNNER_7,-21.7183605,INITIAL_STOP,55.0
EB1:NEARUSDT:2026-03-16T04:00:00+00:00,NEARUSDT,PRE_BREAKOUT,24,HOLDOUT_2025_2026,2026,FIXED10_5,-15.727357499999984,STOP,47.0
EB1:NEARUSDT:2026-03-16T04:00:00+00:00,NEARUSDT,PRE_BREAKOUT,24,HOLDOUT_2025_2026,2026,FIXED20_7,-21.7183605,STOP,55.0
EB1:NEARUSDT:2026-05-12T08:00:00+00:00,NEARUSDT,PRE_BREAKOUT,24,HOLDOUT_2025_2026,2026,FULL_TRAIL_7,-21.7183605,INITIAL_STOP,51.0
EB1:NEARUSDT:2026-05-12T08:00:00+00:00,NEARUSDT,PRE_BREAKOUT,24,HOLDOUT_2025_2026,2026,HALF20_RUNNER_7,-21.7183605,INITIAL_STOP,51.0
EB1:NEARUSDT:2026-05-12T08:00:00+00:00,NEARUSDT,PRE_BREAKOUT,24,HOLDOUT_2025_2026,2026,LADDER10_20_RUNNER_7,-21.7183605,INITIAL_STOP,51.0
EB1:NEARUSDT:2026-05-12T08:00:00+00:00,NEARUSDT,PRE_BREAKOUT,24,HOLDOUT_2025_2026,2026,FIXED10_5,-15.727357499999984,STOP,17.0
EB1:NEARUSDT:2026-05-12T08:00:00+00:00,NEARUSDT,PRE_BREAKOUT,24,HOLDOUT_2025_2026,2026,FIXED20_7,-21.7183605,STOP,51.0
EB1:NEARUSDT:2026-06-14T23:00:00+00:00,NEARUSDT,PRE_BREAKOUT,24,HOLDOUT_2025_2026,2026,FULL_TRAIL_7,-0.7498499999999773,RUNNER_STOP,12.0
EB1:NEARUSDT:2026-06-14T23:00:00+00:00,NEARUSDT,PRE_BREAKOUT,24,HOLDOUT_2025_2026,2026,HALF20_RUNNER_7,-21.718360499999942,INITIAL_STOP,42.0
EB1:NEARUSDT:2026-06-14T23:00:00+00:00,NEARUSDT,PRE_BREAKOUT,24,HOLDOUT_2025_2026,2026,LADDER10_20_RUNNER_7,-21.718360499999942,INITIAL_STOP,42.0
EB1:NEARUSDT:2026-06-14T23:00:00+00:00,NEARUSDT,PRE_BREAKOUT,24,HOLDOUT_2025_2026,2026,FIXED10_5,-15.727357499999984,STOP,18.0
EB1:NEARUSDT:2026-06-14T23:00:00+00:00,NEARUSDT,PRE_BREAKOUT,24,HOLDOUT_2025_2026,2026,FIXED20_7,-21.718360499999942,STOP,42.0
EB1:FETUSDT:2026-03-11T01:00:00+00:00,FETUSDT,PRE_BREAKOUT,24,HOLDOUT_2025_2026,2026,FULL_TRAIL_7,82.1879087177598,RUNNER_STOP,1127.0
EB1:FETUSDT:2026-03-11T01:00:00+00:00,FETUSDT,PRE_BREAKOUT,24,HOLDOUT_2025_2026,2026,HALF20_RUNNER_7,70.6740443588799,RUNNER_STOP,1127.0
EB1:FETUSDT:2026-03-11T01:00:00+00:00,FETUSDT,PRE_BREAKOUT,24,HOLDOUT_2025_2026,2026,LADDER10_20_RUNNER_7,63.1852906088799,RUNNER_STOP,1127.0
EB1:FETUSDT:2026-03-11T01:00:00+00:00,FETUSDT,PRE_BREAKOUT,24,HOLDOUT_2025_2026,2026,FIXED10_5,29.205165000000036,TARGET10,20.0
EB1:FETUSDT:2026-03-11T01:00:00+00:00,FETUSDT,PRE_BREAKOUT,24,HOLDOUT_2025_2026,2026,FIXED20_7,59.16018,TARGET20,26.0
EB1:FETUSDT:2026-05-25T15:00:00+00:00,FETUSDT,BREAKOUT_ATTEMPT,24,HOLDOUT_2025_2026,2026,FULL_TRAIL_7,-21.718360499999942,INITIAL_STOP,17.0
EB1:FETUSDT:2026-05-25T15:00:00+00:00,FETUSDT,BREAKOUT_ATTEMPT,24,HOLDOUT_2025_2026,2026,HALF20_RUNNER_7,-21.718360499999942,INITIAL_STOP,17.0
EB1:FETUSDT:2026-05-25T15:00:00+00:00,FETUSDT,BREAKOUT_ATTEMPT,24,HOLDOUT_2025_2026,2026,LADDER10_20_RUNNER_7,-21.718360499999942,INITIAL_STOP,17.0
EB1:FETUSDT:2026-05-25T15:00:00+00:00,FETUSDT,BREAKOUT_ATTEMPT,24,HOLDOUT_2025_2026,2026,FIXED10_5,-15.727357499999984,STOP,2.0
EB1:FETUSDT:2026-05-25T15:00:00+00:00,FETUSDT,BREAKOUT_ATTEMPT,24,HOLDOUT_2025_2026,2026,FIXED20_7,-21.718360499999942,STOP,17.0
EB1:INJUSDT:2025-05-08T07:00:00+00:00,INJUSDT,PRE_BREAKOUT,24,HOLDOUT_2025_2026,2025,FULL_TRAIL_7,-0.7498499999999773,RUNNER_STOP,183.0
EB1:INJUSDT:2025-05-08T07:00:00+00:00,INJUSDT,PRE_BREAKOUT,24,HOLDOUT_2025_2026,2025,HALF20_RUNNER_7,29.205165000000008,RUNNER_STOP,183.0
EB1:INJUSDT:2025-05-08T07:00:00+00:00,INJUSDT,PRE_BREAKOUT,24,HOLDOUT_2025_2026,2025,LADDER10_20_RUNNER_7,21.716411250000018,RUNNER_STOP,183.0
EB1:INJUSDT:2025-05-08T07:00:00+00:00,INJUSDT,PRE_BREAKOUT,24,HOLDOUT_2025_2026,2025,FIXED10_5,29.205165000000036,TARGET10,34.0
EB1:INJUSDT:2025-05-08T07:00:00+00:00,INJUSDT,PRE_BREAKOUT,24,HOLDOUT_2025_2026,2025,FIXED20_7,59.16018,TARGET20,70.0
EB1:INJUSDT:2026-07-20T09:00:00+00:00,INJUSDT,BREAKOUT_ATTEMPT,24,HOLDOUT_2025_2026,2026,FULL_TRAIL_7,-21.7183605,INITIAL_STOP,101.0
EB1:INJUSDT:2026-07-20T09:00:00+00:00,INJUSDT,BREAKOUT_ATTEMPT,24,HOLDOUT_2025_2026,2026,HALF20_RUNNER_7,-21.7183605,INITIAL_STOP,101.0
EB1:INJUSDT:2026-07-20T09:00:00+00:00,INJUSDT,BREAKOUT_ATTEMPT,24,HOLDOUT_2025_2026,2026,LADDER10_20_RUNNER_7,-21.7183605,INITIAL_STOP,101.0
EB1:INJUSDT:2026-07-20T09:00:00+00:00,INJUSDT,BREAKOUT_ATTEMPT,24,HOLDOUT_2025_2026,2026,FIXED10_5,-15.727357500000041,STOP,38.0
EB1:INJUSDT:2026-07-20T09:00:00+00:00,INJUSDT,BREAKOUT_ATTEMPT,24,HOLDOUT_2025_2026,2026,FIXED20_7,-21.7183605,STOP,101.0
EB1:OPUSDT:2025-07-15T17:00:00+00:00,OPUSDT,PRE_BREAKOUT,24,HOLDOUT_2025_2026,2025,FULL_TRAIL_7,-0.7498499999999204,RUNNER_STOP,162.0
EB1:OPUSDT:2025-07-15T17:00:00+00:00,OPUSDT,PRE_BREAKOUT,24,HOLDOUT_2025_2026,2025,HALF20_RUNNER_7,-21.718360499999942,INITIAL_STOP,170.0
EB1:OPUSDT:2025-07-15T17:00:00+00:00,OPUSDT,PRE_BREAKOUT,24,HOLDOUT_2025_2026,2025,LADDER10_20_RUNNER_7,6.738903750000026,RUNNER_STOP,162.0
EB1:OPUSDT:2025-07-15T17:00:00+00:00,OPUSDT,PRE_BREAKOUT,24,HOLDOUT_2025_2026,2025,FIXED10_5,-15.727357499999984,STOP,8.0
EB1:OPUSDT:2025-07-15T17:00:00+00:00,OPUSDT,PRE_BREAKOUT,24,HOLDOUT_2025_2026,2025,FIXED20_7,-21.718360499999942,STOP,170.0
EB1:OPUSDT:2026-05-06T03:00:00+00:00,OPUSDT,PRE_BREAKOUT,24,HOLDOUT_2025_2026,2026,FULL_TRAIL_7,-0.7498499999999773,RUNNER_STOP,154.0
EB1:OPUSDT:2026-05-06T03:00:00+00:00,OPUSDT,PRE_BREAKOUT,24,HOLDOUT_2025_2026,2026,HALF20_RUNNER_7,29.205165000000008,RUNNER_STOP,154.0
EB1:OPUSDT:2026-05-06T03:00:00+00:00,OPUSDT,PRE_BREAKOUT,24,HOLDOUT_2025_2026,2026,LADDER10_20_RUNNER_7,21.716411250000018,RUNNER_STOP,154.0
EB1:OPUSDT:2026-05-06T03:00:00+00:00,OPUSDT,PRE_BREAKOUT,24,HOLDOUT_2025_2026,2026,FIXED10_5,29.205165000000036,TARGET10,36.0
EB1:OPUSDT:2026-05-06T03:00:00+00:00,OPUSDT,PRE_BREAKOUT,24,HOLDOUT_2025_2026,2026,FIXED20_7,59.16018,TARGET20,40.0
EB1:OPUSDT:2026-08-20T15:00:00+00:00,OPUSDT,BREAKOUT_ATTEMPT,24,HOLDOUT_2025_2026,2026,FULL_TRAIL_7,-0.7498499999999773,RUNNER_STOP,12.0
EB1:OPUSDT:2026-08-20T15:00:00+00:00,OPUSDT,BREAKOUT_ATTEMPT,24,HOLDOUT_2025_2026,2026,HALF20_RUNNER_7,-21.7183605,INITIAL_STOP,123.0
EB1:OPUSDT:2026-08-20T15:00:00+00:00,OPUSDT,BREAKOUT_ATTEMPT,24,HOLDOUT_2025_2026,2026,LADDER10_20_RUNNER_7,6.738903749999998,RUNNER_STOP,12.0
EB1:OPUSDT:2026-08-20T15:00:00+00:00,OPUSDT,BREAKOUT_ATTEMPT,24,HOLDOUT_2025_2026,2026,FIXED10_5,29.205165000000036,TARGET10,10.0
EB1:OPUSDT:2026-08-20T15:00:00+00:00,OPUSDT,BREAKOUT_ATTEMPT,24,HOLDOUT_2025_2026,2026,FIXED20_7,-21.7183605,STOP,123.0
EB1:ARBUSDT:2026-04-07T21:00:00+00:00,ARBUSDT,BREAKOUT_ATTEMPT,24,HOLDOUT_2025_2026,2026,FULL_TRAIL_7,35.574553139858665,RUNNER_STOP,588.0
EB1:ARBUSDT:2026-04-07T21:00:00+00:00,ARBUSDT,BREAKOUT_ATTEMPT,24,HOLDOUT_2025_2026,2026,HALF20_RUNNER_7,47.3673665699293,RUNNER_STOP,588.0
EB1:ARBUSDT:2026-04-07T21:00:00+00:00,ARBUSDT,BREAKOUT_ATTEMPT,24,HOLDOUT_2025_2026,2026,LADDER10_20_RUNNER_7,39.87861281992932,RUNNER_STOP,588.0
EB1:ARBUSDT:2026-04-07T21:00:00+00:00,ARBUSDT,BREAKOUT_ATTEMPT,24,HOLDOUT_2025_2026,2026,FIXED10_5,29.205165000000036,TARGET10,47.0
EB1:ARBUSDT:2026-04-07T21:00:00+00:00,ARBUSDT,BREAKOUT_ATTEMPT,24,HOLDOUT_2025_2026,2026,FIXED20_7,59.16017999999994,TARGET20,187.0
EB1:ARBUSDT:2026-04-16T07:00:00+00:00,ARBUSDT,PRE_BREAKOUT,24,HOLDOUT_2025_2026,2026,FULL_TRAIL_7,-21.718360499999942,INITIAL_STOP,62.0
EB1:ARBUSDT:2026-04-16T07:00:00+00:00,ARBUSDT,PRE_BREAKOUT,24,HOLDOUT_2025_2026,2026,HALF20_RUNNER_7,-21.718360499999942,INITIAL_STOP,62.0
EB1:ARBUSDT:2026-04-16T07:00:00+00:00,ARBUSDT,PRE_BREAKOUT,24,HOLDOUT_2025_2026,2026,LADDER10_20_RUNNER_7,-21.718360499999942,INITIAL_STOP,62.0
EB1:ARBUSDT:2026-04-16T07:00:00+00:00,ARBUSDT,PRE_BREAKOUT,24,HOLDOUT_2025_2026,2026,FIXED10_5,-15.727357500000041,STOP,56.0
EB1:ARBUSDT:2026-04-16T07:00:00+00:00,ARBUSDT,PRE_BREAKOUT,24,HOLDOUT_2025_2026,2026,FIXED20_7,-21.718360499999942,STOP,62.0
EB1:ZECUSDT:2025-09-13T14:00:00+00:00,ZECUSDT,PRE_BREAKOUT,24,HOLDOUT_2025_2026,2025,FULL_TRAIL_7,-21.7183605,INITIAL_STOP,110.0
EB1:ZECUSDT:2025-09-13T14:00:00+00:00,ZECUSDT,PRE_BREAKOUT,24,HOLDOUT_2025_2026,2025,HALF20_RUNNER_7,-21.7183605,INITIAL_STOP,110.0
EB1:ZECUSDT:2025-09-13T14:00:00+00:00,ZECUSDT,PRE_BREAKOUT,24,HOLDOUT_2025_2026,2025,LADDER10_20_RUNNER_7,-21.7183605,INITIAL_STOP,110.0
EB1:ZECUSDT:2025-09-13T14:00:00+00:00,ZECUSDT,PRE_BREAKOUT,24,HOLDOUT_2025_2026,2025,FIXED10_5,-15.727357499999984,STOP,9.0
EB1:ZECUSDT:2025-09-13T14:00:00+00:00,ZECUSDT,PRE_BREAKOUT,24,HOLDOUT_2025_2026,2025,FIXED20_7,-21.7183605,STOP,110.0
EB1:CRVUSDT:2025-04-30T17:00:00+00:00,CRVUSDT,PRE_BREAKOUT,24,HOLDOUT_2025_2026,2025,FULL_TRAIL_7,-21.7183605,INITIAL_STOP,87.0
EB1:CRVUSDT:2025-04-30T17:00:00+00:00,CRVUSDT,PRE_BREAKOUT,24,HOLDOUT_2025_2026,2025,HALF20_RUNNER_7,-21.7183605,INITIAL_STOP,87.0
EB1:CRVUSDT:2025-04-30T17:00:00+00:00,CRVUSDT,PRE_BREAKOUT,24,HOLDOUT_2025_2026,2025,LADDER10_20_RUNNER_7,-21.7183605,INITIAL_STOP,87.0
EB1:CRVUSDT:2025-04-30T17:00:00+00:00,CRVUSDT,PRE_BREAKOUT,24,HOLDOUT_2025_2026,2025,FIXED10_5,-15.727357500000041,STOP,78.0
EB1:CRVUSDT:2025-04-30T17:00:00+00:00,CRVUSDT,PRE_BREAKOUT,24,HOLDOUT_2025_2026,2025,FIXED20_7,-21.7183605,STOP,87.0
EB1:CRVUSDT:2026-05-11T13:00:00+00:00,CRVUSDT,PRE_BREAKOUT,24,HOLDOUT_2025_2026,2026,FULL_TRAIL_7,-21.7183605,INITIAL_STOP,65.0
EB1:CRVUSDT:2026-05-11T13:00:00+00:00,CRVUSDT,PRE_BREAKOUT,24,HOLDOUT_2025_2026,2026,HALF20_RUNNER_7,-21.7183605,INITIAL_STOP,65.0
EB1:CRVUSDT:2026-05-11T13:00:00+00:00,CRVUSDT,PRE_BREAKOUT,24,HOLDOUT_2025_2026,2026,LADDER10_20_RUNNER_7,-21.7183605,INITIAL_STOP,65.0
EB1:CRVUSDT:2026-05-11T13:00:00+00:00,CRVUSDT,PRE_BREAKOUT,24,HOLDOUT_2025_2026,2026,FIXED10_5,-15.727357499999984,STOP,24.0
EB1:CRVUSDT:2026-05-11T13:00:00+00:00,CRVUSDT,PRE_BREAKOUT,24,HOLDOUT_2025_2026,2026,FIXED20_7,-21.7183605,STOP,65.0
EB1:UNIUSDT:2025-07-09T08:00:00+00:00,UNIUSDT,PRE_BREAKOUT,24,HOLDOUT_2025_2026,2025,FULL_TRAIL_7,-0.7498499999999773,RUNNER_STOP,50.0
EB1:UNIUSDT:2025-07-09T08:00:00+00:00,UNIUSDT,PRE_BREAKOUT,24,HOLDOUT_2025_2026,2025,HALF20_RUNNER_7,53.562804943929805,RUNNER_STOP,333.0
EB1:UNIUSDT:2025-07-09T08:00:00+00:00,UNIUSDT,PRE_BREAKOUT,24,HOLDOUT_2025_2026,2025,LADDER10_20_RUNNER_7,46.07405119392981,RUNNER_STOP,333.0
EB1:UNIUSDT:2025-07-09T08:00:00+00:00,UNIUSDT,PRE_BREAKOUT,24,HOLDOUT_2025_2026,2025,FIXED10_5,29.205165000000036,TARGET10,90.0
EB1:UNIUSDT:2025-07-09T08:00:00+00:00,UNIUSDT,PRE_BREAKOUT,24,HOLDOUT_2025_2026,2025,FIXED20_7,59.16018,TARGET20,183.0
EB1:UNIUSDT:2026-07-22T12:00:00+00:00,UNIUSDT,PRE_BREAKOUT,24,HOLDOUT_2025_2026,2026,FULL_TRAIL_7,-0.7498499999999773,RUNNER_STOP,456.0
EB1:UNIUSDT:2026-07-22T12:00:00+00:00,UNIUSDT,PRE_BREAKOUT,24,HOLDOUT_2025_2026,2026,HALF20_RUNNER_7,29.205165000000008,RUNNER_STOP,456.0
EB1:UNIUSDT:2026-07-22T12:00:00+00:00,UNIUSDT,PRE_BREAKOUT,24,HOLDOUT_2025_2026,2026,LADDER10_20_RUNNER_7,21.716411250000032,RUNNER_STOP,456.0
EB1:UNIUSDT:2026-07-22T12:00:00+00:00,UNIUSDT,PRE_BREAKOUT,24,HOLDOUT_2025_2026,2026,FIXED10_5,29.205165000000093,TARGET10,166.0
EB1:UNIUSDT:2026-07-22T12:00:00+00:00,UNIUSDT,PRE_BREAKOUT,24,HOLDOUT_2025_2026,2026,FIXED20_7,59.16018,TARGET20,179.0
EB1:CVXUSDT:2025-10-02T16:00:00+00:00,CVXUSDT,PRE_BREAKOUT,24,HOLDOUT_2025_2026,2025,FULL_TRAIL_7,-0.7498499999999773,RUNNER_STOP,49.0
EB1:CVXUSDT:2025-10-02T16:00:00+00:00,CVXUSDT,PRE_BREAKOUT,24,HOLDOUT_2025_2026,2025,HALF20_RUNNER_7,-21.718360499999942,INITIAL_STOP,128.0
EB1:CVXUSDT:2025-10-02T16:00:00+00:00,CVXUSDT,PRE_BREAKOUT,24,HOLDOUT_2025_2026,2025,LADDER10_20_RUNNER_7,-21.718360499999942,INITIAL_STOP,128.0
EB1:CVXUSDT:2025-10-02T16:00:00+00:00,CVXUSDT,PRE_BREAKOUT,24,HOLDOUT_2025_2026,2025,FIXED10_5,-15.727357499999927,STOP,106.0
EB1:CVXUSDT:2025-10-02T16:00:00+00:00,CVXUSDT,PRE_BREAKOUT,24,HOLDOUT_2025_2026,2025,FIXED20_7,-21.718360499999942,STOP,128.0
EB1:CVXUSDT:2026-05-12T03:00:00+00:00,CVXUSDT,PRE_BREAKOUT,24,HOLDOUT_2025_2026,2026,FULL_TRAIL_7,-21.718360499999942,INITIAL_STOP,22.0
EB1:CVXUSDT:2026-05-12T03:00:00+00:00,CVXUSDT,PRE_BREAKOUT,24,HOLDOUT_2025_2026,2026,HALF20_RUNNER_7,-21.718360499999942,INITIAL_STOP,22.0
EB1:CVXUSDT:2026-05-12T03:00:00+00:00,CVXUSDT,PRE_BREAKOUT,24,HOLDOUT_2025_2026,2026,LADDER10_20_RUNNER_7,-21.718360499999942,INITIAL_STOP,22.0
EB1:CVXUSDT:2026-05-12T03:00:00+00:00,CVXUSDT,PRE_BREAKOUT,24,HOLDOUT_2025_2026,2026,FIXED10_5,-15.727357499999984,STOP,9.0
EB1:CVXUSDT:2026-05-12T03:00:00+00:00,CVXUSDT,PRE_BREAKOUT,24,HOLDOUT_2025_2026,2026,FIXED20_7,-21.718360499999942,STOP,22.0
EB1:COTIUSDT:2026-04-16T08:00:00+00:00,COTIUSDT,PRE_BREAKOUT,24,HOLDOUT_2025_2026,2026,FULL_TRAIL_7,-0.7498500000000341,RUNNER_STOP,25.0
EB1:COTIUSDT:2026-04-16T08:00:00+00:00,COTIUSDT,PRE_BREAKOUT,24,HOLDOUT_2025_2026,2026,HALF20_RUNNER_7,-21.7183605,INITIAL_STOP,55.0
EB1:COTIUSDT:2026-04-16T08:00:00+00:00,COTIUSDT,PRE_BREAKOUT,24,HOLDOUT_2025_2026,2026,LADDER10_20_RUNNER_7,-21.7183605,INITIAL_STOP,55.0
EB1:COTIUSDT:2026-04-16T08:00:00+00:00,COTIUSDT,PRE_BREAKOUT,24,HOLDOUT_2025_2026,2026,FIXED10_5,-15.727357499999984,STOP,40.0
EB1:COTIUSDT:2026-04-16T08:00:00+00:00,COTIUSDT,PRE_BREAKOUT,24,HOLDOUT_2025_2026,2026,FIXED20_7,-21.7183605,STOP,55.0
EB1:PEOPLEUSDT:2025-09-13T00:00:00+00:00,PEOPLEUSDT,BREAKOUT_ATTEMPT,24,HOLDOUT_2025_2026,2025,FULL_TRAIL_7,-21.718360499999942,INITIAL_STOP,30.0
EB1:PEOPLEUSDT:2025-09-13T00:00:00+00:00,PEOPLEUSDT,BREAKOUT_ATTEMPT,24,HOLDOUT_2025_2026,2025,HALF20_RUNNER_7,-21.718360499999942,INITIAL_STOP,30.0
EB1:PEOPLEUSDT:2025-09-13T00:00:00+00:00,PEOPLEUSDT,BREAKOUT_ATTEMPT,24,HOLDOUT_2025_2026,2025,LADDER10_20_RUNNER_7,-21.718360499999942,INITIAL_STOP,30.0
EB1:PEOPLEUSDT:2025-09-13T00:00:00+00:00,PEOPLEUSDT,BREAKOUT_ATTEMPT,24,HOLDOUT_2025_2026,2025,FIXED10_5,-15.727357499999984,STOP,10.0
EB1:PEOPLEUSDT:2025-09-13T00:00:00+00:00,PEOPLEUSDT,BREAKOUT_ATTEMPT,24,HOLDOUT_2025_2026,2025,FIXED20_7,-21.718360499999942,STOP,30.0
EB1:WLDUSDT:2026-01-02T14:00:00+00:00,WLDUSDT,PRE_BREAKOUT,24,HOLDOUT_2025_2026,2026,FULL_TRAIL_7,-0.7498499999999773,RUNNER_STOP,116.0
EB1:WLDUSDT:2026-01-02T14:00:00+00:00,WLDUSDT,PRE_BREAKOUT,24,HOLDOUT_2025_2026,2026,HALF20_RUNNER_7,-21.718360499999942,INITIAL_STOP,367.0
EB1:WLDUSDT:2026-01-02T14:00:00+00:00,WLDUSDT,PRE_BREAKOUT,24,HOLDOUT_2025_2026,2026,LADDER10_20_RUNNER_7,6.738903750000012,RUNNER_STOP,116.0
EB1:WLDUSDT:2026-01-02T14:00:00+00:00,WLDUSDT,PRE_BREAKOUT,24,HOLDOUT_2025_2026,2026,FIXED10_5,29.205165000000093,TARGET10,50.0
EB1:WLDUSDT:2026-01-02T14:00:00+00:00,WLDUSDT,PRE_BREAKOUT,24,HOLDOUT_2025_2026,2026,FIXED20_7,-21.718360499999942,STOP,367.0
EB1:GALAUSDT:2025-07-16T15:00:00+00:00,GALAUSDT,PRE_BREAKOUT,24,HOLDOUT_2025_2026,2025,FULL_TRAIL_7,-0.7498499999999773,RUNNER_STOP,32.0
EB1:GALAUSDT:2025-07-16T15:00:00+00:00,GALAUSDT,PRE_BREAKOUT,24,HOLDOUT_2025_2026,2025,HALF20_RUNNER_7,-21.718360499999942,INITIAL_STOP,156.0
EB1:GALAUSDT:2025-07-16T15:00:00+00:00,GALAUSDT,PRE_BREAKOUT,24,HOLDOUT_2025_2026,2025,LADDER10_20_RUNNER_7,6.738903750000083,RUNNER_STOP,32.0
EB1:GALAUSDT:2025-07-16T15:00:00+00:00,GALAUSDT,PRE_BREAKOUT,24,HOLDOUT_2025_2026,2025,FIXED10_5,29.20516500000015,TARGET10,12.0
EB1:GALAUSDT:2025-07-16T15:00:00+00:00,GALAUSDT,PRE_BREAKOUT,24,HOLDOUT_2025_2026,2025,FIXED20_7,-21.718360499999942,STOP,156.0
EB1:FILUSDT:2026-01-01T13:00:00+00:00,FILUSDT,BREAKOUT_ATTEMPT,24,HOLDOUT_2025_2026,2026,FULL_TRAIL_7,-0.7498499999999773,RUNNER_STOP,224.0
EB1:FILUSDT:2026-01-01T13:00:00+00:00,FILUSDT,BREAKOUT_ATTEMPT,24,HOLDOUT_2025_2026,2026,HALF20_RUNNER_7,-21.718360499999942,INITIAL_STOP,393.0
EB1:FILUSDT:2026-01-01T13:00:00+00:00,FILUSDT,BREAKOUT_ATTEMPT,24,HOLDOUT_2025_2026,2026,LADDER10_20_RUNNER_7,6.738903750000055,RUNNER_STOP,224.0
EB1:FILUSDT:2026-01-01T13:00:00+00:00,FILUSDT,BREAKOUT_ATTEMPT,24,HOLDOUT_2025_2026,2026,FIXED10_5,29.205165000000036,TARGET10,72.0
EB1:FILUSDT:2026-01-01T13:00:00+00:00,FILUSDT,BREAKOUT_ATTEMPT,24,HOLDOUT_2025_2026,2026,FIXED20_7,-21.718360499999942,STOP,393.0
EB1:VETUSDT:2025-04-24T14:00:00+00:00,VETUSDT,PRE_BREAKOUT,24,HOLDOUT_2025_2026,2025,FULL_TRAIL_7,-21.7183605,INITIAL_STOP,213.0
EB1:VETUSDT:2025-04-24T14:00:00+00:00,VETUSDT,PRE_BREAKOUT,24,HOLDOUT_2025_2026,2025,HALF20_RUNNER_7,-21.7183605,INITIAL_STOP,213.0
EB1:VETUSDT:2025-04-24T14:00:00+00:00,VETUSDT,PRE_BREAKOUT,24,HOLDOUT_2025_2026,2025,LADDER10_20_RUNNER_7,-21.7183605,INITIAL_STOP,213.0
EB1:VETUSDT:2025-04-24T14:00:00+00:00,VETUSDT,PRE_BREAKOUT,24,HOLDOUT_2025_2026,2025,FIXED10_5,-15.727357499999984,STOP,57.0
EB1:VETUSDT:2025-04-24T14:00:00+00:00,VETUSDT,PRE_BREAKOUT,24,HOLDOUT_2025_2026,2025,FIXED20_7,-21.7183605,STOP,213.0
EB1:VETUSDT:2026-08-20T15:00:00+00:00,VETUSDT,PRE_BREAKOUT,24,HOLDOUT_2025_2026,2026,FULL_TRAIL_7,-0.7498499999999773,RUNNER_STOP,12.0
EB1:VETUSDT:2026-08-20T15:00:00+00:00,VETUSDT,PRE_BREAKOUT,24,HOLDOUT_2025_2026,2026,HALF20_RUNNER_7,63.11453702434018,DATA_END,246.0
EB1:VETUSDT:2026-08-20T15:00:00+00:00,VETUSDT,PRE_BREAKOUT,24,HOLDOUT_2025_2026,2026,LADDER10_20_RUNNER_7,6.738903750000026,RUNNER_STOP,12.0
EB1:VETUSDT:2026-08-20T15:00:00+00:00,VETUSDT,PRE_BREAKOUT,24,HOLDOUT_2025_2026,2026,FIXED10_5,29.205165000000036,TARGET10,9.0
EB1:VETUSDT:2026-08-20T15:00:00+00:00,VETUSDT,PRE_BREAKOUT,24,HOLDOUT_2025_2026,2026,FIXED20_7,59.16018,TARGET20,126.0
EB1:ALGOUSDT:2025-07-09T19:00:00+00:00,ALGOUSDT,BREAKOUT_ATTEMPT,24,HOLDOUT_2025_2026,2025,FULL_TRAIL_7,76.97265480007425,RUNNER_STOP,320.0
EB1:ALGOUSDT:2025-07-09T19:00:00+00:00,ALGOUSDT,BREAKOUT_ATTEMPT,24,HOLDOUT_2025_2026,2025,HALF20_RUNNER_7,68.06641740003715,RUNNER_STOP,320.0
EB1:ALGOUSDT:2025-07-09T19:00:00+00:00,ALGOUSDT,BREAKOUT_ATTEMPT,24,HOLDOUT_2025_2026,2025,LADDER10_20_RUNNER_7,60.57766365003716,RUNNER_STOP,320.0
EB1:ALGOUSDT:2025-07-09T19:00:00+00:00,ALGOUSDT,BREAKOUT_ATTEMPT,24,HOLDOUT_2025_2026,2025,FIXED10_5,29.205165000000093,TARGET10,8.0
EB1:ALGOUSDT:2025-07-09T19:00:00+00:00,ALGOUSDT,BREAKOUT_ATTEMPT,24,HOLDOUT_2025_2026,2025,FIXED20_7,59.160180000000054,TARGET20,58.0
EB1:ALGOUSDT:2026-04-24T23:00:00+00:00,ALGOUSDT,PRE_BREAKOUT,24,HOLDOUT_2025_2026,2026,FULL_TRAIL_7,-0.7498499999999773,RUNNER_STOP,55.0
EB1:ALGOUSDT:2026-04-24T23:00:00+00:00,ALGOUSDT,PRE_BREAKOUT,24,HOLDOUT_2025_2026,2026,HALF20_RUNNER_7,-21.7183605,INITIAL_STOP,150.0
EB1:ALGOUSDT:2026-04-24T23:00:00+00:00,ALGOUSDT,PRE_BREAKOUT,24,HOLDOUT_2025_2026,2026,LADDER10_20_RUNNER_7,-21.7183605,INITIAL_STOP,150.0
EB1:ALGOUSDT:2026-04-24T23:00:00+00:00,ALGOUSDT,PRE_BREAKOUT,24,HOLDOUT_2025_2026,2026,FIXED10_5,-15.727357499999984,STOP,130.0
EB1:ALGOUSDT:2026-04-24T23:00:00+00:00,ALGOUSDT,PRE_BREAKOUT,24,HOLDOUT_2025_2026,2026,FIXED20_7,-21.7183605,STOP,150.0
EB1:ALGOUSDT:2026-05-06T07:00:00+00:00,ALGOUSDT,BREAKOUT_ATTEMPT,24,HOLDOUT_2025_2026,2026,FULL_TRAIL_7,-0.7498499999999773,RUNNER_STOP,64.0
EB1:ALGOUSDT:2026-05-06T07:00:00+00:00,ALGOUSDT,BREAKOUT_ATTEMPT,24,HOLDOUT_2025_2026,2026,HALF20_RUNNER_7,-21.7183605,INITIAL_STOP,147.0
EB1:ALGOUSDT:2026-05-06T07:00:00+00:00,ALGOUSDT,BREAKOUT_ATTEMPT,24,HOLDOUT_2025_2026,2026,LADDER10_20_RUNNER_7,-21.7183605,INITIAL_STOP,147.0
EB1:ALGOUSDT:2026-05-06T07:00:00+00:00,ALGOUSDT,BREAKOUT_ATTEMPT,24,HOLDOUT_2025_2026,2026,FIXED10_5,-15.727357500000041,STOP,112.0
EB1:ALGOUSDT:2026-05-06T07:00:00+00:00,ALGOUSDT,BREAKOUT_ATTEMPT,24,HOLDOUT_2025_2026,2026,FIXED20_7,-21.7183605,STOP,147.0
EB1:ONEUSDT:2026-03-16T23:00:00+00:00,ONEUSDT,PRE_BREAKOUT,24,HOLDOUT_2025_2026,2026,FULL_TRAIL_7,-21.7183605,INITIAL_STOP,13.0
EB1:ONEUSDT:2026-03-16T23:00:00+00:00,ONEUSDT,PRE_BREAKOUT,24,HOLDOUT_2025_2026,2026,HALF20_RUNNER_7,-21.7183605,INITIAL_STOP,13.0
EB1:ONEUSDT:2026-03-16T23:00:00+00:00,ONEUSDT,PRE_BREAKOUT,24,HOLDOUT_2025_2026,2026,LADDER10_20_RUNNER_7,-21.7183605,INITIAL_STOP,13.0
EB1:ONEUSDT:2026-03-16T23:00:00+00:00,ONEUSDT,PRE_BREAKOUT,24,HOLDOUT_2025_2026,2026,FIXED10_5,-15.727357500000041,STOP,11.0
EB1:ONEUSDT:2026-03-16T23:00:00+00:00,ONEUSDT,PRE_BREAKOUT,24,HOLDOUT_2025_2026,2026,FIXED20_7,-21.7183605,STOP,13.0
