offset_h,feature,effect_size,winner_median,control_median,abs_effect
0,rsi6,-1.5473607210303655,25.920406479495433,52.51987665196843,1.5473607210303655
0,bb_z,-1.4890778926214465,-1.8127806341177795,0.2244870615884174,1.4890778926214465
0,stoch_k,-1.451165124165672,13.38102372624476,57.35428633043299,1.451165124165672
0,cci20,-1.3775400863154064,-143.19660553099123,21.092315812983635,1.3775400863154064
1,stoch_d,-1.2704851741317482,24.645802729124185,55.838143665668454,1.2704851741317482
0,close_vs_ema6,-1.2632815940965987,-0.008177441526172113,0.000497611443776913,1.2632815940965987
1,cci20,-1.2516075702333673,-125.48222220079765,17.408573981592863,1.2516075702333673
0,close_vs_ema12,-1.2393630183798319,-0.010901112468153118,0.0006288744801169477,1.2393630183798319
0,rsi14,-1.2089547004993932,36.96119512997492,51.73901629205867,1.2089547004993932
0,stoch_d,-1.198478283310676,27.063799191696027,57.52213806049144,1.198478283310676
0,close_vs_vwap24,-1.1778283659586366,-0.01369228872541478,0.0013087630274405404,1.1778283659586366
0,ema6_slope_3h,-1.1519101074329772,-0.005967016202857223,0.0004861671185322214,1.1519101074329772
0,macd_fast_hist_pct,-1.132193354416582,-0.0021813888363308317,5.726385064268058e-05,1.132193354416582
1,ema6_slope_3h,-1.1258656813116679,-0.00630137200074532,0.0003606912905065318,1.1258656813116679
1,bb_z,-1.1083400144953715,-1.3505303329320184,0.12142252071196379,1.1083400144953715
0,close_vs_ema24,-1.0977240839080025,-0.013113175578373215,0.0009651813478297466,1.0977240839080025
-1,rsi6,-1.0672565483242191,33.67695228781558,53.63106688847773,1.0672565483242191
2,stoch_d,-1.060632974337548,27.754318388191926,55.84288028523363,1.060632974337548
1,macd_hist_pct,-1.0141666598439831,-0.0017021262965186475,-6.561131910963526e-05,1.0141666598439831
-1,bb_z,-1.0116693709710594,-1.2735067803546356,0.2960234247331194,1.0116693709710594
1,rsi6,-1.0043171060520286,36.2771388433205,51.83500259498007,1.0043171060520286
-1,stoch_k,-1.0001226318269207,25.43698039409616,59.80480694704748,1.0001226318269207
0,body_pct,-0.9971374961971586,-0.006322043095507435,0.0003020054338834788,0.9971374961971586
-1,cci20,-0.9952096065586993,-105.59270028811005,22.067990377299047,0.9952096065586993
0,log_ret,-0.9945952286904381,-0.006342042064012334,0.0003020319347809354,0.9945952286904381
0,macd_hist_pct,-0.9944868978035166,-0.0015878940583254823,-4.3276644048362686e-05,0.9944868978035166
0,close_location,-0.9820030353481681,0.1865335315434904,0.54124307134564,0.9820030353481681
0,rsi24,-0.9603025754694169,42.546095593551755,51.6840529691206,0.9603025754694169
1,macd_fast_hist_pct,-0.9541167689644143,-0.0017912154788262498,-7.002399149978211e-06,0.9541167689644143
1,close_vs_vwap24,-0.9418730781686571,-0.010193849783461828,0.0007905507478163099,0.9418730781686571
1,rsi14,-0.934521215464762,41.28059982961169,51.251040388193935,0.934521215464762
1,stoch_k,-0.9315006196248108,28.423979354199837,55.49836700861569,0.9315006196248108
-1,close_vs_ema6,-0.9215561018451142,-0.0033847271646743615,0.0005714306145380155,0.9215561018451142
-1,close_vs_ema12,-0.9155250035756856,-0.0056381592266348535,0.001181150409984677,0.9155250035756856
1,close_vs_ema12,-0.9085775461175738,-0.007389924683107896,0.00044839754162029344,0.9085775461175738
1,close_vs_ema24,-0.8922556321999146,-0.008577413757090813,0.0009810989110801138,0.8922556321999146
0,close_vs_ema48,-0.8836821385550732,-0.013604180974492841,0.002592005591861124,0.8836821385550732
2,ema6_slope_3h,-0.8821786078691931,-0.005003732633497293,0.00019063356354753758,0.8821786078691931
-1,ema6_slope_3h,-0.8759085686731805,-0.003467137374844942,0.0004042959318389938,0.8759085686731805
2,macd_hist_pct,-0.87323002169167,-0.001610704741334468,-0.00010095829118766699,0.87323002169167
3,ema24_slope_6h,-0.8535610221131215,-0.0038609809088784863,0.0005595187814881886,0.8535610221131215
-1,close_vs_vwap24,-0.8474084196788023,-0.00836865741829168,0.0016828202460296149,0.8474084196788023
2,ema24_slope_6h,-0.8439986980527114,-0.0038586007094238983,0.0005928887447164133,0.8439986980527114
-1,stoch_d,-0.8391531104778545,34.80692033682214,56.423229917880064,0.8391531104778545
-1,rsi14,-0.8254677955919612,42.47530382675424,52.10629017952039,0.8254677955919612
4,ema24_slope_6h,-0.8179440174853876,-0.003750996174125887,0.0006281072349073602,0.8179440174853876
-2,rsi6,-0.8179328165381543,37.79100321329743,52.621827718267774,0.8179328165381543
0,mfi14,-0.8172055203077853,34.158794772205056,51.34603805617131,0.8172055203077853
2,cci20,-0.8135133429674906,-94.30119737929272,12.01405867025611,0.8135133429674906
-1,macd_fast_hist_pct,-0.8077062506121253,-0.0012475382002378739,0.00010783777781014385,0.8077062506121253
1,mfi14,-0.8004650810454844,36.60806357459302,51.53708177948084,0.8004650810454844
-1,close_vs_ema24,-0.8000734482262963,-0.0055830602287874065,0.0017225248087906486,0.8000734482262963
6,macd_fast_hist_pct,0.7957612201762113,0.0005690971350719873,-0.0003849973254810515,0.7957612201762113
1,ema24_slope_6h,-0.7886203098195713,-0.0031366759040350467,0.0006543435045053281,0.7886203098195713
0,close_vs_vwap72,-0.7782173195995861,-0.01187988845371779,0.004736617540515131,0.7782173195995861
1,rsi24,-0.7739852790630157,44.953082408512316,51.67235837808325,0.7739852790630157
0,close_vs_ema72,-0.7539660781464937,-0.01066779769880527,0.0032381567594305105,0.7539660781464937
-2,stoch_k,-0.7493095821574389,35.025609348707846,55.45379167168435,0.7493095821574389
-2,bb_z,-0.7423230816726699,-0.8632269121680449,0.19641837290750339,0.7423230816726699
1,close_vs_ema48,-0.7406534376309062,-0.008636828617231751,0.0025494564533778963,0.7406534376309062
-2,close_vs_ema6,-0.7293510961794527,-0.0025091149381311073,0.0006272260303089583,0.7293510961794527
0,taker_share,-0.7278816786106677,0.45620207823836467,0.49440069039666246,0.7278816786106677
5,ema24_slope_6h,-0.7254052622577559,-0.0035448753581535097,0.0006528000366099462,0.7254052622577559
-2,close_vs_ema12,-0.713461420476611,-0.003928720721619983,0.0007908818450965693,0.713461420476611
2,bb_z,-0.7082334670252289,-1.0311264670115174,0.07229626184109866,0.7082334670252289
-1,macd_hist_pct,-0.7027782468241873,-0.0010605803207880205,-4.515495442511252e-05,0.7027782468241873
1,close_vs_ema6,-0.6974545489090658,-0.003260751783152771,0.00023001046771342626,0.6974545489090658
-2,cci20,-0.688254172870442,-79.80314377118697,15.530065504986446,0.688254172870442
-2,ema6_slope_3h,-0.6872732508309445,-0.002515932398538312,0.0003417589066747606,0.6872732508309445
3,macd_hist_pct,-0.6830717134956683,-0.001293439050605015,-0.00016159783877756968,0.6830717134956683
2,close_vs_vwap24,-0.6739802272348974,-0.00873950950237895,0.0010260058097985025,0.6739802272348974
0,ema24_slope_6h,-0.6734552927738064,-0.002439149934590823,0.0006507420330380542,0.6734552927738064
3,stoch_d,-0.6722772269548721,33.11545013926804,53.57207787347757,0.6722772269548721
2,rsi14,-0.6684475262524379,44.299512249190855,51.145080180867495,0.6684475262524379
2,close_vs_ema24,-0.6592406023012193,-0.006213310005662831,0.0009228240643907037,0.6592406023012193
2,mfi14,-0.6552441959257758,38.20713538451776,50.13193415380945,0.6552441959257758
-2,close_vs_vwap24,-0.6506625956558816,-0.004906658170301559,0.001306020072455727,0.6506625956558816
-1,rsi24,-0.6501097259958498,45.87663015157801,51.670190622767755,0.6501097259958498
2,macd_pct,-0.6494184366131404,-0.0030076768363563973,0.0006580932149103061,0.6494184366131404
1,close_vs_vwap72,-0.6491856683984037,-0.007340723149932615,0.0038456343190729214,0.6491856683984037
3,macd_pct,-0.6469313331094448,-0.0028366854958549897,0.0005509851769157125,0.6469313331094448
1,close_vs_ema72,-0.6347873845053147,-0.007181861621247898,0.003014368112660315,0.6347873845053147
4,macd_pct,-0.6281405337266165,-0.0023687378014638173,0.0006321582119663939,0.6281405337266165
-1,close_vs_ema48,-0.6264574030395229,-0.005776379518969754,0.002700484473545539,0.6264574030395229
1,macd_pct,-0.6223668052592569,-0.0023786585068792153,0.0007041063256690451,0.6223668052592569
-2,close_vs_ema24,-0.6178713911920471,-0.004421451223085959,0.001230954975146803,0.6178713911920471
-2,macd_fast_hist_pct,-0.6160485840172325,-0.0010644845873998628,4.502666256677923e-05,0.6160485840172325
-2,rsi14,-0.6109000395966496,45.15618053261312,51.6056512806332,0.6109000395966496
2,close_vs_ema48,-0.5974173605779111,-0.006540208126121605,0.0018542351169602567,0.5974173605779111
2,rsi24,-0.596575731132543,45.53317091079872,51.34794942196261,0.596575731132543
1,log_ret,0.5942721479508034,0.0020816025712121064,5.9463149263817724e-06,0.5942721479508034
1,body_pct,0.5936977191559178,0.002083689406223832,6.061008602731288e-06,0.5936977191559178
-3,close_vs_ema6,-0.5932855417284549,-0.0020032012206562255,0.00032306407952054084,0.5932855417284549
5,macd_pct,-0.5851707382203635,-0.002268047968992404,0.0006086487314619935,0.5851707382203635
3,cci20,-0.5849118515489322,-76.49894903205887,-0.440933774923832,0.5849118515489322
-3,rsi6,-0.5817528935344783,41.14429606042461,52.495674741685264,0.5817528935344783
-1,body_pct,-0.5780751793434297,-0.0018082173322542805,0.00015397002227424128,0.5780751793434297
-1,log_ret,-0.5770669655549033,-0.0018099326677075587,0.00015404151532966807,0.5770669655549033
3,bb_z,-0.5732397910278298,-0.8930832954105069,0.039381463223359184,0.5732397910278298
3,mfi14,-0.571524093418818,38.830927029994996,49.69551285388661,0.571524093418818
-3,close_vs_ema12,-0.5644907365618256,-0.00326448404994234,0.0006141675361091004,0.5644907365618256
3,close_vs_vwap24,-0.5620918918165965,-0.007080293569594109,5.4496934349446136e-05,0.5620918918165965
-2,stoch_d,-0.5614992530891851,37.57713536217919,55.84367775956778,0.5614992530891851
3,rsi14,-0.560687385544383,43.685231796668106,50.595147721757364,0.560687385544383
6,close_vs_ema6,0.5518001679042998,0.0007148792562785555,-0.0004909620214293975,0.5518001679042998
2,rsi6,-0.5507590770748435,40.23786403927474,50.54004478954753,0.5507590770748435
0,trades_rel72,0.5474182660423242,1.7722076420582913,1.0918051515808227,0.5474182660423242
0,macd_pct,-0.5459544820257216,-0.001723376731315336,0.0007083999248002997,0.5459544820257216
-1,close_vs_vwap72,-0.5395010773879371,-0.004496992033539149,0.005119273334379892,0.5395010773879371
2,macd_fast_hist_pct,-0.538237095068879,-0.0009908966315041227,-5.420453557998954e-06,0.538237095068879
-3,bb_z,-0.5382243866473507,-0.7925155018132181,0.10841413124536672,0.5382243866473507
3,close_vs_ema24,-0.5345867764901392,-0.0056033614161540846,0.0003820994851392312,0.5345867764901392
6,macd_signal_pct,-0.5344295456327468,-0.002193761439803,0.000652385086655912,0.5344295456327468
6,ema24_slope_6h,-0.5312790581578406,-0.0025389821796985013,0.0003638597726874915,0.5312790581578406
-1,mfi14,-0.5309093391230646,37.819182039037756,51.490839415642306,0.5309093391230646
5,macd_signal_pct,-0.5304435139681125,-0.002140290300307648,0.0006639564867913387,0.5304435139681125
2,stoch_k,-0.5261078816191157,35.799123360154944,53.16241204340503,0.5261078816191157
-1,close_vs_ema72,-0.5257582917309516,-0.004963055846816666,0.00382825814589538,0.5257582917309516
2,close_vs_vwap72,-0.5256077588466976,-0.007241605473124191,0.003545841578795117,0.5256077588466976
0,range_pct,0.5243578963209458,0.01124094822792343,0.007261668335135307,0.5243578963209458
-3,ema6_slope_3h,-0.5226738029959443,-0.0011196735054147533,0.00019934261637988282,0.5226738029959443
2,close_vs_ema72,-0.5225717447837361,-0.005745271590130219,0.001990671081619655,0.5225717447837361
6,macd_pct,-0.521563863771395,-0.0021713963008379343,0.00042656573080277,0.521563863771395
-3,stoch_k,-0.5209275224481148,36.514885735749445,56.52701315734524,0.5209275224481148
3,rsi24,-0.519710773775858,46.41561475772862,50.82281230419326,0.519710773775858
3,close_vs_ema48,-0.5186802815413162,-0.0051121596791274815,0.0012071767326464755,0.5186802815413162
2,close_vs_ema12,-0.5183633533436721,-0.003891046532195186,0.00012452399939133496,0.5183633533436721
-2,macd_hist_pct,-0.5156008235219612,-0.0007903922358699567,-0.0001255787442985608,0.5156008235219612
2,taker_share,0.5149250802278335,0.5187643523180228,0.48603537760151927,0.5149250802278335
5,macd_fast_hist_pct,0.5098053031464989,9.936997684877426e-05,-0.0003078687111573538,0.5098053031464989
4,macd_signal_pct,-0.5093487101977556,-0.001861993840068174,0.0006447546103272538,0.5093487101977556
0,volume_rel72,0.49995044748077294,1.8961746742716956,1.0819382250559433,0.49995044748077294
4,mfi14,-0.4909982833489817,39.85860775767819,49.21156945137636,0.4909982833489817
-3,cci20,-0.48960019019615536,-62.96114227424343,11.19379659547034,0.48960019019615536
-3,close_vs_vwap24,-0.4880629935330418,-0.004047083870792945,0.0015284485290735228,0.4880629935330418
2,body_pct,0.48733772905928663,0.0014838359849633775,-0.00039790005341017176,0.48733772905928663
2,log_ret,0.48724898148581375,0.0014827361722929572,-0.00039792505056587086,0.48724898148581375
-2,close_vs_ema48,-0.48005332476198315,-0.004087661872253012,0.002428933452418347,0.48005332476198315
-2,rsi24,-0.4799436903651976,47.34001710773258,51.686237982903044,0.4799436903651976
-1,ema24_slope_6h,-0.4791464514279815,-0.0014076988185359185,0.0006488584507445827,0.4791464514279815
-3,close_vs_ema24,-0.47653713264716363,-0.0033939478491012975,0.000864945037425513,0.47653713264716363
6,ema6_slope_3h,0.4764408347692621,0.0005626057743947088,-0.00044239089656217256,0.4764408347692621
4,macd_hist_pct,-0.47363221633796904,-0.0009445506741347146,-0.0001894287935213382,0.47363221633796904
3,macd_signal_pct,-0.4711527854712167,-0.0013248277016144941,0.0007156475168714896,0.4711527854712167
-2,body_pct,-0.46678736017116385,-0.001559760404631072,0.0006138751220144956,0.46678736017116385
3,close_vs_vwap72,-0.4665131867183164,-0.006266861857372796,0.004063480783922158,0.4665131867183164
-3,macd_fast_hist_pct,-0.46567166376338726,-0.0008004745517969565,-7.219111382191779e-05,0.46567166376338726
-2,log_ret,-0.4650972034152533,-0.0015609064627986084,0.0006136867770510558,0.4650972034152533
3,close_vs_ema72,-0.46200344059963505,-0.005837512602095196,0.0018608671840792956,0.46200344059963505
4,rsi14,-0.458192906935828,44.93850722568435,50.86211439751707,0.458192906935828
4,rsi24,-0.45013379193694975,45.85451053783113,51.00859254775425,0.45013379193694975
2,close_location,0.4471174828025457,0.6595145595846632,0.45686898687344335,0.4471174828025457
4,stoch_d,-0.446556097967489,38.24581432222273,52.82537316633595,0.446556097967489
5,mfi14,-0.44504905123791166,39.367630697409616,48.35529218210655,0.44504905123791166
4,close_vs_ema48,-0.44458635708766053,-0.006716738460045335,0.0014812120779323923,0.44458635708766053
1,close_location,0.4441630704828533,0.7314143878879249,0.504411095095229,0.4441630704828533
4,close_vs_vwap24,-0.44270311367122317,-0.006094239850949923,0.0006888381982147473,0.44270311367122317
6,ema72_slope_12h,-0.4382529687826725,-0.001248963541239545,0.0007341851471230898,0.4382529687826725
-3,rsi14,-0.435724583273714,45.743553852669464,51.283019191012215,0.435724583273714
5,close_vs_ema6,0.4331558781743855,0.00026014122311390775,-0.0002734083874408322,0.4331558781743855
5,ema72_slope_12h,-0.4247636215146429,-0.0011406364906751953,0.0007797458857392581,0.4247636215146429
2,macd_signal_pct,-0.4200197920691948,-0.0009230816822787165,0.0006998997547713536,0.4200197920691948
-4,close_vs_ema6,-0.41617764099274973,-0.00036757124294506394,0.00017901977130774238,0.41617764099274973
4,close_vs_vwap72,-0.414939687123735,-0.007963880993061223,0.003973976393003231,0.414939687123735
4,close_vs_ema24,-0.41340616927639134,-0.004815299660225203,0.0004763382211933065,0.41340616927639134
4,bb_z,-0.41309783739464695,-0.7532488299080999,-0.008844341938438947,0.41309783739464695
-2,close_vs_vwap72,-0.4087870223447994,-0.0042290070782280975,0.003996796536693381,0.4087870223447994
4,close_vs_ema72,-0.40630754477757824,-0.006335870040373115,0.002114702947888625,0.40630754477757824
3,stoch_k,-0.4035178638536511,38.40318591175766,51.83745461056721,0.4035178638536511
4,ema72_slope_12h,-0.4024599676951863,-0.0009634552881247482,0.0009279598832198088,0.4024599676951863
-2,close_vs_ema72,-0.40128851792210685,-0.002878739838635125,0.003234206620137847,0.40128851792210685
-2,taker_share,-0.39963528764359,0.47632872667433146,0.4981121274355945,0.39963528764359
3,taker_share,0.39674740680528753,0.5155301280099829,0.4901267362088173,0.39674740680528753
-4,close_vs_ema12,-0.39474776753365765,-0.0005191119889837448,0.00040900209474381555,0.39474776753365765
4,cci20,-0.39276464645324616,-68.4873432889699,6.637010134953726,0.39276464645324616
-1,macd_pct,-0.3899620488622574,-0.0009189857028852977,0.0006890388556073733,0.3899620488622574
0,lower_wick,-0.3795917712252304,0.17381828325836177,0.24530868475778345,0.3795917712252304
3,rsi6,-0.37736090402478506,42.70846973553386,49.68890026908031,0.37736090402478506
-3,macd_hist_pct,-0.37672808750314424,-0.0006516419409166015,-8.74599795636819e-05,0.37672808750314424
6,taker_share,0.3750763493904786,0.5113770135612619,0.4883806530600713,0.3750763493904786
3,ema72_slope_12h,-0.3723308963079263,-0.0008895953282815339,0.0011980744003576849,0.3723308963079263
-3,body_pct,-0.36978474048698123,-0.0014587223001622518,0.0003371744271544186,0.36978474048698123
-3,log_ret,-0.36910490851056565,-0.0014597872844101575,0.00033713303938120163,0.36910490851056565
5,log_ret,0.36589646290702477,0.000228286546918043,-0.0001870660772427768,0.36589646290702477
5,body_pct,0.3648336741482577,0.00022824085071604383,-0.0001870424149524874,0.3648336741482577
-3,close_vs_ema48,-0.36365720932978685,-0.0027233315119052914,0.0018786415004681256,0.36365720932978685
-4,ema6_slope_3h,-0.35514093572330147,-0.0006620917155223394,0.00014107857875134133,0.35514093572330147
1,macd_signal_pct,-0.3547297945598279,-0.0006513184677753307,0.0008685882942573693,0.3547297945598279
5,rsi24,-0.35153714580598205,46.5918841044602,50.427641574365936,0.35153714580598205
-2,close_location,-0.34995115247538366,0.4124243718593821,0.5712436860939426,0.34995115247538366
-2,ema24_slope_6h,-0.3498863440129881,-0.0009596564575886646,0.0004485339582545045,0.3498863440129881
-3,rsi24,-0.3448860719940752,48.37144985406098,51.46907817821389,0.3448860719940752
6,close_location,0.34275168401181444,0.6412093639484651,0.4641461782736753,0.34275168401181444
-3,stoch_d,-0.34132542838391366,40.69647483977852,54.260574305665386,0.34132542838391366
-5,close_vs_ema6,-0.3378047301863262,-0.0004187457283790774,5.544870334384111e-05,0.3378047301863262
-4,close_vs_ema24,-0.33640785856844385,-0.0019226686290406692,0.0009439396363046804,0.33640785856844385
2,ema72_slope_12h,-0.3360210842066617,-0.000654143707480348,0.001134941479457252,0.3360210842066617
3,close_vs_ema12,-0.33431350166012663,-0.003427021019314691,-7.257155837103735e-05,0.33431350166012663
-4,close_vs_vwap24,-0.3327083987136456,-0.0027948615535826615,0.0009926821769173921,0.3327083987136456
5,close_vs_ema48,-0.33166664505447063,-0.00537879720037493,0.0008035516310284097,0.33166664505447063
-2,mfi14,-0.33078537804722885,40.7866442064858,50.818213914881596,0.33078537804722885
6,mfi14,-0.32694543393922093,41.694551789330234,47.421490509034825,0.32694543393922093
-4,macd_fast_hist_pct,-0.3267327256663777,-0.0005529901526444182,-0.0001381957843607953,0.3267327256663777
5,close_vs_vwap72,-0.3265067355798342,-0.0066884091425297165,0.0023332435472859236,0.3265067355798342
-4,bb_z,-0.3264352657789842,-0.3952551532542041,0.06795155431651186,0.3264352657789842
5,rsi14,-0.3245475982945689,45.33236199234816,49.80957903030334,0.3245475982945689
5,close_vs_ema72,-0.32017234847082765,-0.005927168814383599,0.0014831472746846819,0.32017234847082765
-4,rsi6,-0.31857690645896414,47.45030347196702,51.11442789279515,0.31857690645896414
-4,cci20,-0.31368051171331196,-29.299432203093282,7.751985490340754,0.31368051171331196
5,stoch_d,-0.3124728062046371,38.74329629342211,51.80988469705278,0.3124728062046371
5,upper_wick,0.3118449575750124,0.30165211379970824,0.1982692900214486,0.3118449575750124
4,stoch_k,-0.3094020290911192,40.782559198253345,51.43320488597036,0.3094020290911192
3,ema6_slope_3h,-0.30921587915102877,-0.001888729423602853,-0.00014148945757957998,0.30921587915102877
0,upper_wick,-0.3072457591706881,0.11862671668959318,0.19178824600026875,0.3072457591706881
-3,close_vs_vwap72,-0.30668513391781627,-0.002067923034360042,0.003689948375521057,0.30668513391781627
-5,close_vs_ema12,-0.3059473884104085,-0.0008915195639637719,0.0002890853972689067,0.3059473884104085
-23,lower_wick,-0.30321182316535833,0.1944503761123157,0.2778379204248425,0.30321182316535833
-3,close_vs_ema72,-0.3022303147804437,-0.0016704821290097205,0.0033521396977627127,0.3022303147804437
-1,trades_rel72,0.3005460774646799,1.3489901026826385,1.040016508377868,0.3005460774646799
-1,close_location,-0.29566541629505566,0.3955837416501762,0.49896573335084704,0.29566541629505566
1,trades_rel72,0.2930601823896402,1.4288942766236516,1.055100187369436,0.2930601823896402
5,ema6_slope_3h,0.29228459325255857,-0.0001977214815285233,-0.0002511612938522201,0.29228459325255857
1,ema72_slope_12h,-0.2920351390516578,0.0001240421682908721,0.0010730469552309163,0.2920351390516578
1,volume_rel72,0.2893964406931421,1.5491183912933095,1.0817129756069666,0.2893964406931421
1,range_pct,0.2889844148406186,0.009381822731085898,0.006997259848355752,0.2889844148406186
-2,macd_pct,-0.2872960459477441,-0.0005240962202104509,0.0006625740391109876,0.2872960459477441
-5,body_pct,-0.28675728216481383,-0.0002059880329127184,2.491889428735128e-05,0.28675728216481383
-5,log_ret,-0.2862146699498004,-0.00020600954570583954,2.4918581670071434e-05,0.2862146699498004
-3,close_location,-0.2797263733572328,0.4001607831831228,0.5278441583850325,0.2797263733572328
0,macd_signal_pct,-0.2796889404507224,-0.00032260353892868215,0.0006902674635712166,0.2796889404507224
-4,rsi14,-0.27417287019856046,48.11598034120948,51.17998749198968,0.27417287019856046
-1,range_pct,0.2741551596454167,0.008445482027501394,0.007005336338161583,0.2741551596454167
6,body_pct,0.2724043977012238,0.0015921453052020196,-0.0002798734553864368,0.2724043977012238
6,log_ret,0.27208363399743146,0.0015908723189823949,-0.0002800623037901425,0.27208363399743146
-1,taker_share,-0.2709427414428943,0.4717774182140889,0.4951729818439231,0.2709427414428943
1,taker_share,0.27020291714071754,0.504122737420577,0.48963287524014765,0.27020291714071754
-4,stoch_k,-0.26402815335020074,46.725054019879124,53.27145257756905,0.26402815335020074
-4,macd_hist_pct,-0.26258833437575485,-0.0004962696121235533,-1.4312913765844184e-05,0.26258833437575485
3,log_ret,0.26010710953305355,0.0006607484278286346,-0.0001879320531326248,0.26010710953305355
3,body_pct,0.2596662753925865,0.000660966808521346,-0.00018786287605970786,0.2596662753925865
-19,lower_wick,0.2578495644069491,0.2877493432257636,0.22653098693826645,0.2578495644069491
-4,close_vs_ema48,-0.25779253930729834,-0.0009199182747200441,0.002205988833987149,0.25779253930729834
6,close_vs_vwap72,-0.25719371477114245,-0.005325221508568512,0.003253839274266812,0.25719371477114245
-5,close_vs_ema24,-0.2552017378957842,-0.0009769900952065202,0.00045180822528445574,0.2552017378957842
-5,close_vs_vwap24,-0.25478051663762386,-0.0007384555130650616,0.0004729970761148117,0.25478051663762386
-24,taker_share,0.25388251315594895,0.5053476813105,0.4912584216131386,0.25388251315594895
-3,ema24_slope_6h,-0.25371835357844297,-0.0007190813911364113,0.000435208802310072,0.25371835357844297
5,close_vs_vwap24,-0.25047561686279524,-0.005032099711114568,-0.00036942933556122215,0.25047561686279524
-5,ema6_slope_3h,-0.24748458379812374,-0.00043678712598493874,7.90752844345155e-05,0.24748458379812374
-4,body_pct,-0.24436525289584574,-0.000541628109617498,-3.222041865641456e-05,0.24436525289584574
6,close_vs_ema72,-0.24431682159235868,-0.004983514065809991,0.0009644167312495844,0.24431682159235868
-4,log_ret,-0.24423399689545128,-0.0005416960585890273,-3.2307671076444835e-05,0.24423399689545128
6,trades_rel72,-0.24316267221334098,0.9462874818637024,1.0318064497838764,0.24316267221334098
-1,volume_rel72,0.24293356900403998,1.3547344290861276,1.0893454687680821,0.24293356900403998
-3,taker_share,-0.24095386546666753,0.4776271722156794,0.493584109387862,0.24095386546666753
-5,macd_fast_hist_pct,-0.2384697002100015,-0.0005721847760455292,-9.5542065013074e-05,0.2384697002100015
0,ema72_slope_12h,-0.2379548678019353,0.00038343806624485666,0.0010386504935512297,0.2379548678019353
6,rsi24,-0.23690787190303944,47.45883558874202,50.32940333088089,0.23690787190303944
6,close_vs_ema48,-0.2353389887537063,-0.004111652155902701,0.00047801320856732943,0.2353389887537063
6,close_vs_ema12,0.2347282141200338,-0.00031068705311043665,-0.000687017270627921,0.2347282141200338
5,close_vs_ema24,-0.23282700946769275,-0.003897168399500661,-0.0002154643594766137,0.23282700946769275
-2,bb_width,-0.23248400639411262,0.02587882972501576,0.03036567435075737,0.23248400639411262
4,rsi6,-0.23209750543895244,45.499402809758124,49.3365986543502,0.23209750543895244
-3,bb_width,-0.2306166133704329,0.02553936282577067,0.030542676788765794,0.2306166133704329
-19,taker_share,-0.22896706830398936,0.48232068795940175,0.49155855537365845,0.22896706830398936
-1,lower_wick,0.22882128321259773,0.26925308791577585,0.22441742545696644,0.22882128321259773
4,close_vs_ema6,0.2281656241420107,0.00013279903416052452,-0.00021492626386571123,0.2281656241420107
-4,rsi24,-0.2276058912485481,49.47325568194232,51.491711426040226,0.2276058912485481
6,volume_rel72,-0.22598069677921903,0.9300525349375341,1.0321854225825977,0.22598069677921903
5,macd_hist_pct,-0.22476991881796857,-0.000626482891926367,-0.00020527286158689173,0.22476991881796857
-4,lower_wick,0.2245079366709832,0.2812717285262678,0.24410811752471995,0.2245079366709832
-5,rsi6,-0.22169533913746717,47.04738627129336,50.77956032132755,0.22169533913746717
6,rsi6,0.21919225817480623,49.63866843920616,47.65412331991659,0.21919225817480623
-18,lower_wick,0.21899159082702602,0.2646096690698927,0.22400798088558893,0.21899159082702602
-11,lower_wick,-0.21896015547582245,0.2142041075961603,0.25775847678267966,0.21896015547582245
4,log_ret,0.2146098892364528,0.00015099586795143247,-0.00014764622373602897,0.2146098892364528
-4,close_vs_ema72,-0.21445386636074162,-0.0007234451367555406,0.0030274224181701115,0.21445386636074162
-4,bb_width,-0.2142500601988979,0.025030152563526996,0.03087283516772825,0.2142500601988979
4,body_pct,0.2137637219199049,0.0001511544325867309,-0.00014771487079134893,0.2137637219199049
-4,close_vs_vwap72,-0.21348943873342657,-0.0003434551785851947,0.0036219000621904307,0.21348943873342657
-3,mfi14,-0.2104556454555544,44.10157016973763,49.30950247192034,0.2104556454555544
-3,macd_pct,-0.20980745206017204,-0.00012038042898842482,0.0005341187721155038,0.20980745206017204
-17,close_location,0.20905164672941567,0.5893765423856323,0.49970400084167343,0.20905164672941567
-6,taker_share,-0.2083045751613374,0.48729126088044694,0.49697256517779986,0.2083045751613374
5,bb_z,-0.20750542087385987,-0.7180875172819454,-0.12625867591360157,0.20750542087385987
-5,lower_wick,0.2062421059093251,0.31193892562072967,0.24185731220867884,0.2062421059093251
-1,macd_signal_pct,-0.2021790489467747,2.2144536325645746e-05,0.0006802088161309366,0.2021790489467747
-11,close_location,-0.20188597293861438,0.4817622125344321,0.5660360360360299,0.20188597293861438
-2,trades_rel72,0.20185715305250718,1.0837236198105369,1.0228774352068555,0.20185715305250718
-7,trades_rel72,-0.20093677021200337,0.9693098608851142,1.0550764026167028,0.20093677021200337
4,adx14,0.20059568966770314,29.43650371262047,25.9888580861396,0.20059568966770314
-4,taker_share,-0.20031599786011703,0.48323130663599106,0.49611274512281806,0.20031599786011703
-5,bb_z,-0.19927929768676594,-0.1698673873352884,0.009122380475369543,0.19927929768676594
3,adx14,0.1987403663310277,29.23552405158236,26.345033625092654,0.1987403663310277
-5,close_vs_ema48,-0.19408425556260953,-0.0003084997185690552,0.0018934614857578635,0.19408425556260953
5,cci20,-0.19359373099018792,-55.97329447958078,-7.526895126169375,0.19359373099018792
-1,bb_width,-0.193158817806429,0.02662920155054184,0.03069135952951191,0.193158817806429
-7,volume_rel72,-0.1928477773365606,0.9564963780080022,1.0499792222149578,0.1928477773365606
2,adx14,0.19241271364806983,29.04477737863383,26.229824376548827,0.19241271364806983
4,macd_fast_hist_pct,0.1920740775365096,-0.00030513926634597545,-0.00024829085055594254,0.1920740775365096
-6,close_vs_ema6,-0.18928106201264805,-4.8040482803046736e-05,2.915621245958011e-05,0.18928106201264805
-4,stoch_d,-0.18800256869202042,45.02129145856388,54.77959001367952,0.18800256869202042
5,adx14,0.18795068463901743,29.407385705252064,26.082584965010188,0.18795068463901743
-5,rsi14,-0.18726187568874486,47.992572351390635,50.540858124146084,0.18726187568874486
-5,macd_hist_pct,-0.184091135443337,-0.0002709892131261515,-3.8910944146796055e-05,0.184091135443337
-5,bb_width,-0.18174675109920557,0.02529234535924873,0.0307307673643512,0.18174675109920557
-4,ema24_slope_6h,-0.18048628905996233,-0.0005409260968526342,0.00041522510470193286,0.18048628905996233
-15,lower_wick,0.1803630925183393,0.30940540935041716,0.26123182249223975,0.1803630925183393
5,range_pct,-0.17989409751270435,0.005749804684542781,0.0066386271172919065,0.17989409751270435
-18,taker_share,-0.17962960681491455,0.48331173017884016,0.4945872257802939,0.17962960681491455
-16,range_pct,-0.17852189073200375,0.005688531053482326,0.006447945882319339,0.17852189073200375
-6,close_vs_ema12,-0.17619620315904685,-0.00042004567708081586,0.00029738616465369017,0.17619620315904685
1,adx14,0.17592687741408947,28.295980321950232,25.884025737323334,0.17592687741408947
-1,upper_wick,-0.1758477246844664,0.15163860374560123,0.22174735161192768,0.1758477246844664
-20,close_location,-0.1746740457365869,0.4405076824381141,0.4985072444244007,0.1746740457365869
2,range_pct,0.17359198933937034,0.007601657640298964,0.006837179756717493,0.17359198933937034
-5,cci20,-0.17218354924816742,-24.007554667278164,5.843928843569868,0.17218354924816742
-23,cci20,0.17088433772472725,35.42508363127264,16.419794407321245,0.17088433772472725
-4,upper_wick,-0.1699256035789751,0.19209966994220232,0.2320790369638664,0.1699256035789751
-1,ema72_slope_12h,-0.16822240392969953,0.0007001952646693566,0.0008281919829163931,0.16822240392969953
6,adx14,0.16708031114118668,29.335690922318367,26.054536667898116,0.16708031114118668
-9,range_pct,-0.16641391574722497,0.006527606377931927,0.006710788147759494,0.16641391574722497
4,close_vs_ema12,-0.1640823041932413,-0.0015477981685886877,-0.00019094337212893775,0.1640823041932413
-9,trades_rel72,-0.16270635014203846,0.9872905176413624,1.0214224396408904,0.16270635014203846
-5,close_vs_ema72,-0.16185693009480906,0.0003792109453341075,0.001530145394173954,0.16185693009480906
-6,ema6_slope_3h,-0.16139549050388363,-0.00027219824303093,0.00016096260627040948,0.16139549050388363
6,rsi14,-0.16019683947450833,47.50216265995632,48.77211892567766,0.16019683947450833
5,stoch_k,-0.15890298774902878,41.55359918304139,49.29493017489425,0.15890298774902878
-5,rsi24,-0.15787012875252265,49.79650649441498,51.16823833764933,0.15787012875252265
-6,body_pct,-0.15714520137842863,-0.00024718498666065347,0.00026619244749703785,0.15714520137842863
-5,close_vs_vwap72,-0.15703864250377852,0.0020511159562951464,0.00331524812428885,0.15703864250377852
-6,log_ret,-0.15675337508654438,-0.00024720788469871673,0.00026600511596364725,0.15675337508654438
4,atr14_pct,0.156003438919387,0.008078722059492664,0.007948910982554286,0.156003438919387
-12,taker_share,-0.15578586927121782,0.4874557132447237,0.4947453024138723,0.15578586927121782
6,stoch_d,-0.15517620310589328,43.3570293147029,50.51049578270913,0.15517620310589328
-15,volume_rel72,0.154291733304424,1.021432310700149,0.9723276802689911,0.154291733304424
3,atr14_pct,0.1538809117127239,0.008154581957137273,0.0080504613001412,0.1538809117127239
-6,close_vs_ema24,-0.15320552516725275,-0.0007094538356501867,0.0009281708144609491,0.15320552516725275
-4,macd_pct,-0.1523292112093694,0.0002987170109220739,0.0006032197652282141,0.1523292112093694
3,close_location,0.15193636920254414,0.589522604874992,0.5138783392391368,0.15193636920254414
-5,stoch_k,-0.15186287017422798,45.70432967615239,52.17599654003983,0.15186287017422798
-6,close_vs_vwap24,-0.15178653150094118,-0.0009395413051042079,0.00134281512214951,0.15178653150094118
-23,bb_z,0.1513849476810254,0.38709289797132607,0.14540026114652194,0.1513849476810254
-15,upper_wick,-0.15065914159671956,0.22319533072887177,0.21342429976439742,0.15065914159671956
-2,macd_signal_pct,-0.14898083488716127,5.815900985550955e-05,0.0007080031412315957,0.14898083488716127
2,atr14_pct,0.14888906539674635,0.008256777761241145,0.008110796328588687,0.14888906539674635
-8,range_pct,-0.14799321415328923,0.006045893853977691,0.0066771652629255,0.14799321415328923
-9,close_location,-0.14676961073356026,0.417065058156881,0.5285217305447012,0.14676961073356026
-23,rsi6,0.14676918580649503,54.72282591550178,51.689766603060676,0.14676918580649503
2,trades_rel72,0.14671319837760918,1.1485482603108812,1.0262566872978551,0.14671319837760918
3,macd_fast_hist_pct,-0.14620964464840278,-0.0005301252322964388,-0.00017599945788373747,0.14620964464840278
-21,volume_rel72,0.14545335782627325,0.9638598078980338,0.9968405890236423,0.14545335782627325
-10,range_pct,-0.14204179615641707,0.005916122944770619,0.006781080946392404,0.14204179615641707
-13,close_location,0.14204047275035472,0.6226899661879677,0.5336760535700003,0.14204047275035472
6,atr14_pct,0.1415954656818092,0.007992117025252845,0.007896822410871852,0.1415954656818092
-5,stoch_d,-0.1415841754588,49.00498805063033,54.479613189798826,0.1415841754588
5,atr14_pct,0.1415669497640142,0.0081444376882681,0.00797820410810007,0.1415669497640142
-10,lower_wick,0.14096538377190954,0.26373268604504857,0.24132109018762027,0.14096538377190954
-7,stoch_k,-0.1403820798730753,47.23105877508636,53.8108762661373,0.1403820798730753
-18,ema6_slope_3h,-0.1399203659814713,1.1940388800424362e-05,0.00020864823083410755,0.1399203659814713
-6,bb_width,-0.13808046327121828,0.027260406840993373,0.03177238514331475,0.13808046327121828
-19,close_vs_ema6,-0.13797325760260748,-0.0002018773249375938,0.00018201506255632882,0.13797325760260748
5,volume_rel72,-0.13773842548326867,1.0397650807282293,1.0380124748914268,0.13773842548326867
-13,trades_rel72,-0.13719034364645347,0.9845647560045974,1.0026488520619414,0.13719034364645347
1,atr14_pct,0.13695620325920754,0.008402655915838117,0.00798007326902974,0.13695620325920754
0,adx14,0.13657268252079632,27.535859771004525,25.493987876521004,0.13657268252079632
-2,volume_rel72,0.135850038648076,1.0856849361109133,1.0233220383467778,0.135850038648076
-6,rsi6,-0.13523236472026087,49.22533351598304,50.92058341701451,0.13523236472026087
-6,macd_fast_hist_pct,-0.13514806910796073,-0.00028231642545175435,-6.302106758915642e-05,0.13514806910796073
-18,close_location,0.1344657811486578,0.5685684395108945,0.5003862442348378,0.1344657811486578
-16,lower_wick,-0.1340104749168637,0.20657713046454634,0.250940363803372,0.1340104749168637
-22,rsi6,0.13383520306071817,53.82164126575755,50.88375489487193,0.13383520306071817
-18,close_vs_ema6,-0.1333269779734528,-3.868794541045384e-05,0.00036186090114931346,0.1333269779734528
-20,log_ret,-0.13321912875548986,-0.0005733478664611695,3.1374868534068296e-05,0.13321912875548986
-24,adx14,-0.13320952202506886,23.623070811274843,26.11903827201726,0.13320952202506886
-20,body_pct,-0.13299534202371904,-0.0005730668817588991,3.137536235231497e-05,0.13299534202371904
-13,range_pct,-0.1324182150298736,0.006361071341983493,0.006383215694994004,0.1324182150298736
-21,trades_rel72,0.1318739146666469,0.970479506266507,1.0061210814428985,0.1318739146666469
-17,taker_share,0.13155133010387488,0.4954423881154676,0.4879529654558822,0.13155133010387488
2,close_vs_ema6,-0.13126126005357128,-0.0008752918968958356,-6.363147588539508e-05,0.13126126005357128
-2,range_pct,0.13092978442269196,0.006995437522390291,0.006724862388299613,0.13092978442269196
5,trades_rel72,-0.13084650355411562,0.927000159147104,1.0453084966233637,0.13084650355411562
-18,macd_fast_hist_pct,-0.13081473084009268,-0.00016766256006049837,-0.00018955209373960593,0.13081473084009268
-7,bb_z,-0.12957755239054747,-0.14237218888386227,0.06232097490222691,0.12957755239054747
-9,volume_rel72,-0.12877657751604152,0.9639042404723501,1.064280881753247,0.12877657751604152
-7,rsi6,-0.12844783622026348,49.91164965450426,50.701698297904514,0.12844783622026348
-15,trades_rel72,0.12814654263993333,1.018630358081509,0.9775519739585827,0.12814654263993333
-9,adx14,0.1279188848440323,25.671476488398973,25.399920092282578,0.1279188848440323
-23,stoch_k,0.1274271310871945,58.14173365524518,54.61322839319191,0.1274271310871945
-7,close_vs_ema6,-0.12725514968327378,-0.0004453829743048532,0.0002491697024381567,0.12725514968327378
-10,adx14,0.1271310871637425,26.00246037303925,25.20743055031448,0.1271310871637425
-22,cci20,0.12603035029607465,18.75920224163025,12.106240004228788,0.12603035029607465
-24,close_location,0.1258891299895693,0.5980470992007827,0.5058084871381933,0.1258891299895693
-8,adx14,0.1253987957649768,25.363329681771944,25.298457430689275,0.1253987957649768
-6,bb_z,-0.12518459963560813,-0.14937285669599892,0.02704168610415454,0.12518459963560813
2,volume_rel72,0.12488388234586349,1.189725981336694,1.046250097823487,0.12488388234586349
-5,ema24_slope_6h,-0.12456214533438209,-0.000282250576453702,0.0003822521503109577,0.12456214533438209
-11,adx14,0.12323803271411828,26.43758217995031,25.220010766156037,0.12323803271411828
-9,upper_wick,0.12318361850625408,0.26807602364077077,0.225481623184499,0.12318361850625408
-24,body_pct,0.12273119785759928,0.0005585265945289297,-8.550305711924056e-05,0.12273119785759928
-24,log_ret,0.1224184248187182,0.0005585254377051074,-8.5507297735104e-05,0.1224184248187182
-7,close_vs_ema12,-0.12220439248119681,-0.0003092465520099785,0.00019383326903388287,0.12220439248119681
-2,ema72_slope_12h,-0.12214822409199504,0.0008889425444899013,0.0007331230410638767,0.12214822409199504
-17,ema6_slope_3h,-0.12159340996840405,0.0002250588000961562,0.00024067800877547452,0.12159340996840405
-22,stoch_d,0.12132190928327145,57.920677968079175,54.476668345224795,0.12132190928327145
6,close_vs_vwap24,-0.12048011301723922,-0.0025547736810086485,-0.0012934768519515805,0.12048011301723922
-23,close_vs_ema6,0.12031247130054078,0.0008298204194836512,2.9120328923659677e-05,0.12031247130054078
-23,adx14,-0.11984701119669416,23.735318510459997,25.788756592269838,0.11984701119669416
-6,close_vs_ema48,-0.11897986716797426,-8.323263335702213e-05,0.0017659729355712361,0.11897986716797426
-7,range_pct,-0.11892002403946289,0.0064594535658231145,0.007003529600919434,0.11892002403946289
-6,cci20,-0.11878972158096594,-17.79787204389673,10.59801033124902,0.11878972158096594
-12,adx14,0.11777573739157102,26.990060343212477,25.42425193588459,0.11777573739157102
6,range_pct,-0.11579923412901529,0.006957465845116362,0.006707809882921634,0.11579923412901529
-16,stoch_k,0.11502318676403811,58.41620929129873,50.71882227822792,0.11502318676403811
-23,body_pct,0.11496350829808706,0.0007026894385151472,0.00015925745455891427,0.11496350829808706
-23,log_ret,0.11496303177886195,0.0007025126205731165,0.00015908868251770047,0.11496303177886195
-24,upper_wick,0.11495936948047354,0.24234248685850135,0.21426485338961776,0.11495936948047354
-11,cci20,0.11438029557327119,23.634524056312188,3.5718543848555777,0.11438029557327119
-24,atr14_pct,-0.11424419199217621,0.007277541990930712,0.0073526068802616355,0.11424419199217621
-17,stoch_k,0.11424114984485945,53.833513759994446,51.26103392967947,0.11424114984485945
-17,upper_wick,-0.11378745612823944,0.17393308042646632,0.21870243191739586,0.11378745612823944
-11,mfi14,0.11377037969952894,53.772534744930866,49.9674742784772,0.11377037969952894
-20,volume_rel72,0.11345854463721469,0.9447568409378297,1.0029001310088972,0.11345854463721469
-8,trades_rel72,-0.1128572098279095,1.033185950024488,1.0544551217421299,0.1128572098279095
-5,macd_pct,-0.11231891880090308,0.0002344972806119233,0.0005734039998491901,0.11231891880090308
-20,lower_wick,-0.1120520120861885,0.22469204884895866,0.22980995078689137,0.1120520120861885
-6,macd_hist_pct,-0.11188381896715362,-0.00017661898108743628,-7.935523435031455e-05,0.11188381896715362
-7,ema6_slope_3h,-0.11145071814973741,0.00014123131442345116,0.00010929727219621821,0.11145071814973741
-7,adx14,0.11081775811306242,25.437141001033424,25.47796474071063,0.11081775811306242
-6,stoch_d,-0.11064543405611917,50.119046536027625,54.412220967904574,0.11064543405611917
-18,close_vs_ema12,-0.11058533681774003,8.003496391206788e-05,0.00041788087940197727,0.11058533681774003
-9,lower_wick,-0.11034602240583317,0.22303429303707967,0.23947208524359528,0.11034602240583317
-22,bb_z,0.11023911915674317,0.32153611573939017,0.14481638472853214,0.11023911915674317
-3,macd_signal_pct,-0.10988756748830773,0.00023333036372958136,0.0006644916997095984,0.10988756748830773
-13,adx14,0.10947897097205776,26.161637051110638,25.360753072864547,0.10947897097205776
-7,close_vs_ema24,-0.10928658063173775,-0.001613018056577098,0.0006305613702898283,0.10928658063173775
-3,upper_wick,-0.10919027521942151,0.21370845074591538,0.22828047789406425,0.10919027521942151
-15,stoch_d,0.10903332539728036,57.3335791741221,52.84303824194764,0.10903332539728036
-7,close_vs_vwap24,-0.10826385517349364,-0.0008177289137955568,0.000536546523474013,0.10826385517349364
-24,bb_z,0.10640626975245715,0.23449165419849666,0.16394366367116098,0.10640626975245715
0,atr14_pct,0.10591312875168134,0.008225426374368116,0.008009414292477268,0.10591312875168134
-11,body_pct,-0.10579330512675565,-0.0006579049438740769,0.0001766795884213801,0.10579330512675565
-13,volume_rel72,-0.1057809105771178,0.906869177760004,1.0019656108507071,0.1057809105771178
-19,mfi14,-0.10569636956559023,48.601426529929824,51.20179966709435,0.10569636956559023
-24,bb_width,-0.1049997746817175,0.027186105063928066,0.029300484227570322,0.1049997746817175
4,lower_wick,-0.10484240741311358,0.2425138981214271,0.25491660155832835,0.10484240741311358
-22,stoch_k,0.10448988351209128,55.39371024046805,53.80336387594686,0.10448988351209128
-11,log_ret,-0.10443213248897856,-0.0006581218411040599,0.0001766639813261983,0.10443213248897856
-14,adx14,0.10442826484630768,26.47481888940564,25.290137770771253,0.10442826484630768
-8,lower_wick,0.10378174905624864,0.26916643376052807,0.24015285205436696,0.10378174905624864
-19,close_vs_ema12,-0.10364943684556613,9.329107052075125e-05,0.0006563158715164885,0.10364943684556613
4,upper_wick,0.10346278381708411,0.24865215799094306,0.2176351775527317,0.10346278381708411
-17,macd_fast_hist_pct,-0.10336350801698095,-0.00017250484211096522,-0.00020363894434613427,0.10336350801698095
-18,close_vs_vwap24,-0.1028837175074958,0.001615519040040203,0.001390374313227305,0.1028837175074958
-24,stoch_k,0.1028671624441494,58.040472619559054,56.005045778172516,0.1028671624441494
-4,mfi14,-0.10248950576357949,47.55515573441409,50.4886555519579,0.10248950576357949
-20,close_vs_ema6,-0.10207315226092502,0.00022288600168873796,0.0001313377934886173,0.10207315226092502
-6,rsi14,-0.10199779500732102,49.51837661441448,51.16942711574589,0.10199779500732102
-12,cci20,0.1009446082268408,27.77676936886491,7.040700665433025,0.1009446082268408
-21,body_pct,-0.1008925282776726,0.00016109225964222595,-3.583506564319716e-06,0.1008925282776726
-21,log_ret,-0.10069288149626586,0.0001611564829373437,-3.6550495224201965e-06,0.10069288149626586
-3,lower_wick,0.10067982328631146,0.25788068861082747,0.21361614958964226,0.10067982328631146
-11,taker_share,-0.10047693896588417,0.49212049014999476,0.49532955767028264,0.10047693896588417
-6,close_vs_ema72,-0.10003793196466389,0.0008805962318957361,0.0026966412343591983,0.10003793196466389
6,close_vs_ema24,-0.09987472676008043,-0.0017828576667307527,-0.0011531503044292513,0.09987472676008043
-22,ema6_slope_3h,0.09987046655072855,0.0007348807031889448,-0.0001135978180683006,0.09987046655072855
-15,close_location,0.09927167158923365,0.6134765759780262,0.5492342374020456,0.09927167158923365
-10,close_location,0.09885504544069765,0.5527435245352541,0.5000001643428923,0.09885504544069765
-22,adx14,-0.09871128743661314,24.349416448278376,25.685400760702855,0.09871128743661314
-19,close_vs_vwap24,-0.09831875369348307,0.001004350377597163,0.0015893348219400139,0.09831875369348307
5,taker_share,0.09831592490555995,0.5015298359780858,0.48931820409127535,0.09831592490555995
-7,stoch_d,-0.09804277216172312,52.36103278934554,54.23833678090247,0.09804277216172312
-7,bb_width,-0.09711337298131713,0.026966317216381975,0.030434801681916597,0.09711337298131713
-6,stoch_k,-0.096605112338619,49.908891322185994,54.31385883447079,0.096605112338619
-18,cci20,-0.09652557231574375,12.273027525864798,20.834160545908894,0.09652557231574375
-13,taker_share,0.09652376915469475,0.49431570995269203,0.49274767968279354,0.09652376915469475
-10,cci20,0.096468439473014,12.707477559060184,10.24578928391855,0.096468439473014
4,taker_share,0.09641900599513063,0.4999829936212159,0.48885349902556074,0.09641900599513063
-1,adx14,0.09614611653551068,26.590484649409795,25.33074692893255,0.09614611653551068
-10,bb_z,0.09606814070236379,0.10759855015186727,0.0879772558756683,0.09606814070236379
-23,close_vs_ema12,0.09601050139606475,0.0010482755269163313,0.0005240248333289177,0.09601050139606475
-4,atr14_pct,-0.09599153378742517,0.007284763338401589,0.007680629431901847,0.09599153378742517
-23,bb_width,-0.09525640347470098,0.025905940772084062,0.029588793903393102,0.09525640347470098
5,lower_wick,-0.09510930266103494,0.27075355448493243,0.27061444159728254,0.09510930266103494
-6,adx14,0.09505625352130344,24.413216169412262,25.996283084077028,0.09505625352130344
-7,cci20,-0.09435034107593844,-11.7198163320514,9.784811241554955,0.09435034107593844
-17,lower_wick,0.09395997971595432,0.2538873920657838,0.26178116544221025,0.09395997971595432
-17,log_ret,0.0938734228880026,0.0007010097819329137,-3.323648902660506e-05,0.0938734228880026
-19,macd_fast_hist_pct,-0.09379972506263022,-0.0002152030208131637,-0.00024584027967759043,0.09379972506263022
-6,close_vs_vwap72,-0.09360801662931331,0.0029908238502948103,0.0033241567969529706,0.09360801662931331
-19,ema6_slope_3h,-0.09352946427080085,0.00011307891249434654,0.00020864823083410755,0.09352946427080085
-17,body_pct,0.09321169536338374,0.0007012584584435988,-3.0692290202027905e-05,0.09321169536338374
-24,cci20,0.09241640821971715,27.438683802342304,20.46439539673544,0.09241640821971715
-12,upper_wick,-0.09240268433513452,0.2191805668565283,0.2357806782772921,0.09240268433513452
-15,adx14,0.09232468318234945,27.06038519706609,25.1212471429981,0.09232468318234945
-19,body_pct,-0.09206492281762653,-0.0006182029767198838,-1.3651556827753986e-05,0.09206492281762653
-19,log_ret,-0.09163590629481584,-0.0006184692975288507,-1.3646617704995004e-05,0.09163590629481584
-23,atr14_pct,-0.09152806159428326,0.007215791443028566,0.007358736252497089,0.09152806159428326
-8,close_vs_ema6,-0.09152361493137358,0.0005121004558331643,0.0002855651817830207,0.09152361493137358
-15,taker_share,-0.09127617786316108,0.4958837078502725,0.49675629592237924,0.09127617786316108
-5,adx14,0.09119125983767476,24.817737052664945,25.994405380856108,0.09119125983767476
-3,atr14_pct,-0.09096802719656999,0.007522494782856156,0.007777655509979683,0.09096802719656999
-22,rsi14,0.09094105362294404,52.94498256335817,50.57141864943959,0.09094105362294404
-11,range_pct,-0.09082481922311728,0.006453260123521765,0.006822566600766522,0.09082481922311728
-21,stoch_d,0.09070013764045856,56.62921597386897,54.05852939410295,0.09070013764045856
-23,rsi14,0.09007666885876706,52.30294725197359,51.019581375810446,0.09007666885876706
-18,mfi14,-0.08962791386433758,47.59022306760106,50.057122928718115,0.08962791386433758
-23,stoch_d,0.0894920289891299,55.89875931348824,56.07423891990986,0.0894920289891299
-16,trades_rel72,-0.08940253151121513,0.9336478282082837,0.9756863705523933,0.08940253151121513
-3,ema72_slope_12h,-0.08930368214455923,0.0009576875550663111,0.0006765275189682951,0.08930368214455923
-22,close_vs_ema6,0.08776823389265276,0.0001393687331039395,0.00023455136283700995,0.08776823389265276
-6,rsi24,-0.08764180235743811,49.943317671502484,51.18890359738661,0.08764180235743811
-8,close_vs_ema12,-0.08739319578697778,3.6568262322955736e-05,0.0006200279756938265,0.08739319578697778
-7,close_location,-0.08723437723499032,0.49144164268605606,0.5417261982075539,0.08723437723499032
-6,ema24_slope_6h,-0.08718510942812378,-7.656790035359684e-05,0.0005355407908413934,0.08718510942812378
-9,body_pct,-0.08692111134052515,-0.0002979485551920513,0.00031825590431988626,0.08692111134052515
-12,bb_z,0.08640029735970764,0.19458851681188025,0.10804701192005371,0.08640029735970764
-22,macd_fast_hist_pct,0.0858654253467166,0.00012889281186061118,-0.0002017890197244668,0.0858654253467166
-9,log_ret,-0.08570599440449063,-0.00029799407541156034,0.00031836005451377675,0.08570599440449063
-4,adx14,0.0855147114835903,25.03834174950392,25.79901932684832,0.0855147114835903
-21,rsi6,0.08533142093443417,53.95772958539642,52.035259343484505,0.08533142093443417
-7,log_ret,-0.08504002755481857,-0.0004490226861076809,-0.00017855259176581154,0.08504002755481857
-13,log_ret,0.0845532571948055,0.0003725542675280551,8.562094694072631e-05,0.0845532571948055
-23,taker_share,0.08454709134274732,0.5032997987179959,0.49618534231213596,0.08454709134274732
-7,body_pct,-0.08448384182826416,-0.0004489157587661552,-0.00017853524174638036,0.08448384182826416
-3,trades_rel72,0.08434790523289884,1.108108425869848,1.0466582693297426,0.08434790523289884
-7,close_vs_ema48,-0.08407356648318426,0.0004900621026967533,0.0017621396238798326,0.08407356648318426
-13,body_pct,0.08406559313335647,0.0003727013682008895,8.562464522487989e-05,0.08406559313335647
4,volume_rel72,-0.08352791095412417,0.9757329966934118,1.0224275824636249,0.08352791095412417
-2,lower_wick,0.0833394870003459,0.2559490830653063,0.23559528004643815,0.0833394870003459
-23,upper_wick,-0.08301400152410768,0.2310978849871562,0.23657267817501743,0.08301400152410768
-4,macd_signal_pct,-0.08300576244409007,0.00025376441366437025,0.0005590564258601153,0.08300576244409007
-18,close_vs_ema24,-0.08254506766516959,0.000865007294810427,0.001231374190859058,0.08254506766516959
-7,atr14_pct,-0.08249034657232156,0.0071817734729894235,0.007568367357216548,0.08249034657232156
-13,bb_z,0.08243656043894941,0.20596947902232926,0.031273530056399504,0.08243656043894941
-18,range_pct,0.0823107280839246,0.00674883899372869,0.006541048750170919,0.0823107280839246
-3,adx14,0.08183200489883588,24.987268450916684,25.43275744712668,0.08183200489883588
-15,body_pct,-0.08136218955309471,-0.00029776865294373067,0.0002422141396608568,0.08136218955309471
-14,trades_rel72,-0.08115747467781077,0.9438156625601143,1.0172213925973184,0.08115747467781077
-15,log_ret,-0.08100194826435432,-0.00029788769940629003,0.00024218476726023408,0.08100194826435432
-22,close_vs_ema12,0.0806756055348499,0.001087488313669005,0.0004057101673867747,0.0806756055348499
-5,atr14_pct,-0.08062708388392274,0.007044275995754598,0.007647209922533328,0.08062708388392274
-22,range_pct,0.0805567529327141,0.006597812951501303,0.006392651005700634,0.0805567529327141
-6,macd_pct,-0.08021795778255203,0.00042404021774366006,0.000706517057187634,0.08021795778255203
-16,stoch_d,0.08019948632028646,56.77131188962329,52.50708506573928,0.08019948632028646
-14,bb_width,0.07992781338965275,0.02835130551316654,0.029622346681295455,0.07992781338965275
-2,adx14,0.07974433783132194,25.886197690049137,25.122218871283025,0.07974433783132194
-7,rsi14,-0.07970458267154629,48.1982031046272,51.226974783348346,0.07970458267154629
-8,close_vs_ema24,-0.07968382738892593,-0.00046069120446046163,0.0005591869019142548,0.07968382738892593
-15,bb_width,0.07962321481892838,0.028296839486216342,0.029529352604214354,0.07962321481892838
-8,volume_rel72,-0.07955121445380589,0.9127893098672204,1.018643139884524,0.07955121445380589
-6,atr14_pct,-0.07839477735398984,0.007211292302874785,0.00758517641015535,0.07839477735398984
5,close_vs_ema12,0.07824655311346593,-0.0015260677768763609,-0.0002649244700885234,0.07824655311346593
-7,taker_share,-0.07787909659422794,0.49214691797798393,0.49140935091321025,0.07787909659422794
-21,cci20,0.07749410916563496,30.134316398133635,21.844329661442707,0.07749410916563496
-18,macd_hist_pct,-0.07704641446402549,-0.00010331914796221743,-0.00014486837196958934,0.07704641446402549
-17,volume_rel72,0.07683995853557855,0.9599525446934818,1.0081563882019957,0.07683995853557855
-7,macd_fast_hist_pct,-0.07664374733003089,-0.00025463276470496447,-6.302106758915642e-05,0.07664374733003089
-19,rsi6,-0.076405228663219,50.207957212505036,52.45797654726137,0.076405228663219
-15,stoch_k,0.07609442436144594,51.325263909419746,50.89430497011563,0.07609442436144594
-18,bb_z,-0.07578549063640684,0.18509122412460305,0.19026497413256244,0.07578549063640684
-17,macd_hist_pct,-0.07576085141858632,-0.00021225101498836623,-0.00016572414155596537,0.07576085141858632
-24,rsi6,0.0753907503908866,53.18044566399625,52.179544851451794,0.0753907503908866
-11,upper_wick,0.07499111773608083,0.22507043168995192,0.21141763225572055,0.07499111773608083
3,close_vs_ema6,0.07494916119553857,-0.0003887449851334157,-0.0001137091384461053,0.07494916119553857
-14,range_pct,-0.07406409803037715,0.006369971506210659,0.006435833377528621,0.07406409803037715
-23,close_vs_ema24,0.07331518420554375,0.0010942869518068,0.0006667683978268668,0.07331518420554375
-19,close_vs_ema24,-0.07305109469969548,0.0008083516795324153,0.0012177850115026034,0.07305109469969548
-7,macd_hist_pct,-0.07272529161239548,-0.0001957088649682935,-0.00011040526503233668,0.07272529161239548
-8,close_vs_vwap24,-0.07263699319778419,-1.4738731140551131e-05,0.0009764045111584352,0.07263699319778419
-8,body_pct,-0.072255159321079,0.0001685470288498303,0.0003265141185863074,0.072255159321079
-12,trades_rel72,-0.072060186963969,0.9761751688225426,1.0396345166552747,0.072060186963969
-16,adx14,0.07201232945437515,26.113908949449208,25.33887460242535,0.07201232945437515
-5,upper_wick,-0.07177919058163285,0.1917192770466915,0.22504920369815867,0.07177919058163285
-21,ema6_slope_3h,0.07170884194556167,0.0010240283342334289,0.00029891731691233936,0.07170884194556167
-21,adx14,-0.07144199320233394,24.39044179169394,25.076060252752697,0.07144199320233394
-13,cci20,0.07143345745705723,23.012712643966672,6.314583794923911,0.07143345745705723
-23,volume_rel72,0.07118882451414774,1.0388059349845,1.025255793889054,0.07118882451414774
-24,mfi14,-0.07112658001230954,50.48417123150517,51.27920302362681,0.07112658001230954
-16,bb_width,0.07102300658241222,0.028093285829024962,0.02953303059604244,0.07102300658241222
-22,atr14_pct,-0.07094403926781141,0.007351887512092675,0.007405496780293189,0.07094403926781141
-13,bb_width,0.07093848216921644,0.029662707037626634,0.029663614402618887,0.07093848216921644
-11,bb_z,0.07088092288406089,0.25951794029516767,0.03311863707424191,0.07088092288406089
-8,log_ret,-0.07082878764723564,0.000168653495464777,0.0003264608068594022,0.07082878764723564
-12,mfi14,0.07039965988884785,50.83323307179542,49.48186639639041,0.07039965988884785
-7,close_vs_ema72,-0.07027000551865986,0.0035153944884668276,0.002582876658010602,0.07027000551865986
-16,volume_rel72,-0.06935169562092822,0.9811465337056227,0.9772110032664125,0.06935169562092822
-22,volume_rel72,0.06931846028475716,1.1975146647443464,1.0147970567954876,0.06931846028475716
-21,bb_z,0.06919686932011751,0.3642707723036528,0.17669431517405607,0.06919686932011751
-23,macd_fast_hist_pct,0.06907113670464218,0.00010727762242669461,-0.00016047489368796,0.06907113670464218
-7,mfi14,-0.06897892196321266,49.95965934296377,49.91771718362418,0.06897892196321266
-13,upper_wick,-0.06889367753867212,0.17788337865051013,0.20101717168553965,0.06889367753867212
-9,taker_share,0.06888672405201982,0.4943692193981794,0.4941311752425054,0.06888672405201982
-21,lower_wick,0.06815865011585469,0.25245001480855633,0.24734107092846108,0.06815865011585469
-18,upper_wick,-0.06748693160836207,0.21833575606539984,0.23531692188409162,0.06748693160836207
-22,close_vs_ema24,0.06727836205181406,0.0017566979970462526,0.0007303310833691734,0.06727836205181406
-5,taker_share,-0.06690759914813181,0.4928763373070342,0.4962485057549124,0.06690759914813181
-7,rsi24,-0.066776882067933,50.30877630415813,51.53749814369813,0.066776882067933
-8,bb_width,-0.06674503782496514,0.02835962779320269,0.03019641965782241,0.06674503782496514
-22,trades_rel72,0.06657331005131738,1.1066766910709565,1.0124795772934265,0.06657331005131738
-15,macd_hist_pct,-0.06617624506356796,-6.210846485327334e-05,-0.00024074463996120128,0.06617624506356796
-22,rsi24,0.06588407153516303,52.92081070948712,51.25835932312011,0.06588407153516303
-7,close_vs_vwap72,-0.06574706944526171,0.0033988765120923636,0.003495767619775214,0.06574706944526171
-17,bb_width,0.06566954762317467,0.028059953284996886,0.02883120816537372,0.06566954762317467
-17,range_pct,0.06566733573083261,0.0066733228269821865,0.006440507145986096,0.06566733573083261
-4,ema72_slope_12h,-0.0654862692140213,0.0012021152210550667,0.0006973505512430922,0.0654862692140213
-20,mfi14,-0.06540442675246091,50.873207978019124,51.489533142707046,0.06540442675246091
-11,trades_rel72,-0.06507334543737123,0.9692588635775756,1.0197099610240752,0.06507334543737123
-5,macd_signal_pct,-0.0647971825406759,0.0003889123361838435,0.0005505920258266062,0.0647971825406759
-3,range_pct,0.06447527141396163,0.008064496494391005,0.006876790706682678,0.06447527141396163
-8,stoch_k,-0.06401567655868164,56.895600306326386,55.919957673681004,0.06401567655868164
-9,stoch_k,-0.06391776968865234,52.26446267964765,55.95540091300171,0.06391776968865234
-8,atr14_pct,-0.06381298578888427,0.007199210346294071,0.007556762487685903,0.06381298578888427
-16,macd_hist_pct,-0.06380389428486845,-0.00015996213409844753,-0.00021643945527171065,0.06380389428486845
-20,close_vs_ema12,-0.06368496227893385,0.0003895402868034914,0.0004699098503972987,0.06368496227893385
-17,close_vs_vwap24,-0.06359423982810776,0.001577015835599327,0.0012910664275871397,0.06359423982810776
-23,close_vs_vwap72,0.06352287824817335,0.007877995147039907,0.004550734846347715,0.06352287824817335
-8,rsi6,-0.06347652023333862,49.552000946857746,51.84057767006172,0.06347652023333862
-20,range_pct,0.0631160393515324,0.006817443306559201,0.006401236702670787,0.0631160393515324
-14,macd_hist_pct,-0.06302939122165167,-0.00015525163020311476,-0.00021602554747906312,0.06302939122165167
-23,trades_rel72,0.06302645669922578,1.0662392269060008,1.003803852281715,0.06302645669922578
-22,close_vs_vwap72,0.0626197804258848,0.009021606628360379,0.004121439410869732,0.0626197804258848
-16,ema6_slope_3h,-0.06253704656049214,0.00014203141962254584,8.810344025100836e-05,0.06253704656049214
-15,mfi14,0.06205753952543803,52.59811046452323,49.66391640293651,0.06205753952543803
-20,taker_share,-0.061834776698481156,0.48635342504960577,0.49379015228222845,0.061834776698481156
-15,range_pct,0.061653779959627175,0.0064367189894211085,0.006548613609644871,0.061653779959627175
-14,close_location,-0.06152917181191324,0.4673905291491086,0.5038812728546981,0.06152917181191324
-17,mfi14,-0.06141362420342395,49.86475285655676,49.96021724789319,0.06141362420342395
-7,ema24_slope_6h,-0.06136864707524123,0.00062646037398284,0.00045434051315573765,0.06136864707524123
-15,close_vs_vwap24,-0.060887364804813354,0.0014768672579807962,0.0008421105428011444,0.060887364804813354
-8,close_vs_ema48,-0.06084918076788641,0.002059109741313292,0.002242875270648259,0.06084918076788641
4,trades_rel72,-0.060847808093766775,0.9120238027980028,1.0313152357143993,0.060847808093766775
-9,close_vs_ema6,-0.06063852647043419,0.00015731340858327059,0.00032957206870454225,0.06063852647043419
-9,close_vs_ema12,-0.06032835491974479,2.7040798924404807e-05,0.0007043167393542271,0.06032835491974479
-8,ema6_slope_3h,-0.05993058320405295,0.00021360686643345783,0.0002682777380795809,0.05993058320405295
-7,macd_pct,-0.05992089450929947,0.0005023860878160006,0.0005831970670452313,0.05992089450929947
-23,rsi24,0.059638478481163736,52.5322232387431,51.37252041972266,0.059638478481163736
-20,close_vs_vwap24,-0.058852435605732466,0.0017387462903265538,0.0017601341730585363,0.058852435605732466
-23,close_vs_ema48,0.05871059336214092,0.003798992176949567,0.002108946389036026,0.05871059336214092
-9,close_vs_ema24,-0.05831621686581263,0.00033580508942998577,0.000855654994324162,0.05831621686581263
-10,trades_rel72,-0.05824559681995332,0.9983342872245589,1.0258081878060228,0.05824559681995332
-12,bb_width,0.058206718919449556,0.028873936118279882,0.02954109937163385,0.058206718919449556
0,bb_width,-0.058193738426444715,0.029055752502055193,0.03150755280915017,0.058193738426444715
-9,rsi6,-0.05814816184654467,50.164262282143625,52.91532248017638,0.05814816184654467
-22,close_vs_ema48,0.057440832274173376,0.004584050378094173,0.001759168749817408,0.057440832274173376
-21,rsi14,0.05741996101645772,52.20472572112563,50.728552639688665,0.05741996101645772
-14,close_vs_vwap24,-0.057415244599478193,0.0005666074562976631,0.0008497695242108971,0.057415244599478193
-18,rsi6,-0.05725881944978591,50.17827503893997,51.25357060187862,0.05725881944978591
-12,range_pct,-0.057159769728043874,0.006320732267719009,0.0066164773073633665,0.057159769728043874
-10,log_ret,0.05704101268539243,7.468063026964513e-05,3.235063564710007e-05,0.05704101268539243
-8,taker_share,-0.05692617058891285,0.4925224719313429,0.4956724621339669,0.05692617058891285
-11,close_vs_ema6,-0.056846205652455226,0.00041145606823245195,0.00027250210352036675,0.056846205652455226
-18,trades_rel72,-0.056554531712420926,0.9005379532416344,0.9988482533699086,0.056554531712420926
-22,bb_width,-0.05650297124710631,0.026219038088804936,0.029025727419566202,0.05650297124710631
-19,volume_rel72,0.056491962877240676,0.8037749112197715,1.0000012026124887,0.056491962877240676
-18,bb_width,0.05611499381482281,0.02865736427667804,0.028368668760875036,0.05611499381482281
-15,close_vs_ema12,-0.05592638900255627,0.000318980537120761,0.00022389098908714988,0.05592638900255627
-10,body_pct,0.05591002100386497,7.48251698130531e-05,3.2272837789060205e-05,0.05591002100386497
-4,volume_rel72,-0.055890738713639095,1.047226795988303,1.1040260195800282,0.055890738713639095
-24,close_vs_ema6,0.055880418684843176,0.0004692272710431489,0.0002910560269681062,0.055880418684843176
-4,range_pct,-0.05571939620053296,0.006277830812541185,0.007038363275116644,0.05571939620053296
-14,ema24_slope_6h,-0.055667942746253786,0.0004030469672251513,0.0004632355315200565,0.055667942746253786
-11,close_vs_ema12,-0.055596888436442955,0.0009325961597892451,0.00041475032123172717,0.055596888436442955
-15,ema24_slope_6h,-0.054739973833340845,0.0005132448578588633,0.00047640132524429113,0.054739973833340845
4,ema6_slope_3h,0.054661163694651245,-0.00102601027025917,-0.00032414071058761706,0.054661163694651245
-15,bb_z,0.054530088089262366,0.1695383667209709,0.006723080707710173,0.054530088089262366
-14,stoch_k,-0.053884910717516145,48.88210177553687,52.70635552929403,0.053884910717516145
-24,volume_rel72,-0.053786264810065446,0.9914320575443558,1.0245778220902395,0.053786264810065446
-19,bb_z,-0.05353441048587956,0.10464283902497187,0.21665953677513095,0.05353441048587956
-16,macd_fast_hist_pct,-0.05325371269663745,-0.00010834091605603952,-0.000200479386960552,0.05325371269663745
-18,close_vs_ema48,-0.05308095412930444,0.0011168775184263735,0.002583053910500177,0.05308095412930444
-9,cci20,0.05301224093810563,3.3113384939552266,16.98622428206176,0.05301224093810563
-11,close_vs_ema24,-0.05261109834383141,0.0012792013901818944,0.0012137698124309315,0.05261109834383141
-17,close_vs_ema12,-0.05257748893739392,0.0011325205220921175,0.0004496054086066126,0.05257748893739392
-19,cci20,-0.052538815271153505,13.650975231844825,21.855864882229035,0.052538815271153505
-16,rsi6,0.052382743067963554,52.74674116072204,51.811450160977,0.052382743067963554
-6,macd_signal_pct,-0.051952166783481274,0.0003024742445304685,0.0004941271185509397,0.051952166783481274
-14,volume_rel72,-0.05169141713525346,0.9431756038501187,1.016339503410543,0.05169141713525346
-8,bb_z,-0.05160200077157194,0.008811903941113213,0.1559333594851427,0.05160200077157194
-10,mfi14,0.0515704103640099,50.14728794023051,49.563628593731096,0.0515704103640099
-21,upper_wick,-0.051283639264147654,0.2136074252118964,0.22208931075300464,0.051283639264147654
-17,adx14,0.05119914336307024,25.87637696419276,25.64750395443445,0.05119914336307024
-15,macd_fast_hist_pct,-0.051183999921960516,-0.0001374905515704544,-0.000204180011999789,0.051183999921960516
-8,close_vs_ema72,-0.050761074319338934,0.004482135359828332,0.002776495794240663,0.050761074319338934
-23,ema6_slope_3h,0.050752300499831406,0.0003892357136950908,0.0001563806099643683,0.050752300499831406
-6,range_pct,0.050561238351539736,0.006147620682525168,0.006731073878882721,0.050561238351539736
-5,mfi14,-0.050483677935665286,51.19144525837431,50.51303141837741,0.050483677935665286
-19,stoch_k,-0.05031364916927512,50.400062534293085,53.98892529210596,0.05031364916927512
-14,stoch_d,0.050277839403323955,55.645867744446946,49.81314977506781,0.050277839403323955
2,lower_wick,-0.050265038681983544,0.24101378786278815,0.2504718959731655,0.050265038681983544
-16,log_ret,0.0499870077766172,-3.5982758161779304e-05,2.7546436064223373e-05,0.0499870077766172
-15,close_vs_ema24,-0.049909987882359154,0.0012023374370154771,0.0005355946341970563,0.049909987882359154
-8,macd_hist_pct,-0.04967994232059404,7.250056129386913e-05,-0.00015061561302281425,0.04967994232059404
-23,close_vs_vwap24,0.04957665270345484,0.0025014516432391165,0.0018083024731030406,0.04957665270345484
-15,close_vs_ema6,-0.04939603196671792,0.0003444677025629117,8.696729868917785e-05,0.04939603196671792
-24,range_pct,-0.04928265569402448,0.006165705390643539,0.006629595596599813,0.04928265569402448
-17,cci20,-0.04927780667391818,33.17596463089923,14.140925035336762,0.04927780667391818
1,lower_wick,0.04917109591580617,0.30732895842603714,0.27629898343963355,0.04917109591580617
-8,macd_pct,-0.04877231763006856,0.0006142007571689695,0.0005755977271646624,0.04877231763006856
-12,lower_wick,0.048721669272455526,0.23809497607249178,0.2512288105187448,0.048721669272455526
-16,body_pct,0.04829155846638949,-3.605867253020367e-05,2.7473048843984493e-05,0.04829155846638949
-21,range_pct,0.0479961254460968,0.006708511741883361,0.006470592186531676,0.0479961254460968
-9,close_vs_vwap24,-0.047955704787699706,0.000599003782454921,0.0011799510140231284,0.047955704787699706
-5,ema72_slope_12h,-0.04782107784089013,0.0011934200769743164,0.0006332322480209207,0.04782107784089013
-14,lower_wick,0.047246485017959944,0.23025529258322341,0.23388112773247158,0.047246485017959944
-8,close_vs_vwap72,-0.047133281023594015,0.004913866844922676,0.004322929620430127,0.047133281023594015
-22,close_vs_ema72,0.04698593600089312,0.005970288642596189,0.0026175948898529144,0.04698593600089312
-9,ema6_slope_3h,-0.04685262733776495,0.00010180397405390451,0.0003226640351722265,0.04685262733776495
-8,rsi14,-0.04669492314087596,50.125802486261406,51.14063306758885,0.04669492314087596
-14,close_vs_ema12,-0.04650241207514389,3.234128179652185e-05,0.0004657868030996104,0.04650241207514389
-8,rsi24,-0.04629748397673586,51.14703144318943,51.59568142657262,0.04629748397673586
-23,close_vs_ema72,0.04624197156732868,0.004102339335059546,0.0030167663781983656,0.04624197156732868
-19,macd_hist_pct,-0.04607333811507801,8.754110443607216e-05,-0.00011614596590692173,0.04607333811507801
-14,taker_share,0.04579300263516081,0.4928783347735391,0.49217922932694413,0.04579300263516081
-21,atr14_pct,-0.04554981554721698,0.007434816776977047,0.007420944520292377,0.04554981554721698
-11,close_vs_vwap24,-0.04549894222764551,0.0019106928882656193,0.0008799780556527637,0.04549894222764551
-2,atr14_pct,-0.04537173587961163,0.0077299513901486405,0.007845182289368806,0.04537173587961163
-14,upper_wick,-0.04533774510553604,0.21637844313593244,0.21803637332341597,0.04533774510553604
5,rsi6,-0.04526426688576817,46.43957533410227,49.21973998706687,0.04526426688576817
-13,ema24_slope_6h,-0.04506538929040897,0.0004146679309287027,0.00033618254700118477,0.04506538929040897
-16,bb_z,0.04502423861729146,0.2208162722006098,0.0588806152952723,0.04502423861729146
-17,close_vs_ema24,-0.044809210825621976,0.0015968884687744822,0.0010556871339730822,0.044809210825621976
-14,close_vs_ema24,-0.04471539124402406,0.00039386150738651704,0.0011047273673029379,0.04471539124402406
-22,macd_hist_pct,0.044494441983875574,0.00013876045196503756,-9.886388248265263e-05,0.044494441983875574
-19,close_vs_ema48,-0.04447316888661147,0.002274174068701118,0.002037194820617705,0.04447316888661147
-9,close_vs_ema48,-0.04441583999421345,0.001995364101598396,0.001295071849891416,0.04441583999421345
-8,ema24_slope_6h,-0.04428163604901432,0.0008660775515662023,0.0005908373635576947,0.04428163604901432
-15,cci20,0.0439511575095849,21.955288227990913,6.825269410023498,0.0439511575095849
-10,stoch_k,0.04344514053238215,59.235364047303875,52.04603879050644,0.04344514053238215
-19,rsi14,-0.04333763587364529,51.75363964614981,51.51288429296996,0.04333763587364529
-12,close_location,-0.04331131007455453,0.5178473447987617,0.5390380228329328,0.04331131007455453
-16,ema24_slope_6h,-0.0429836593338023,0.0006348982127960534,0.00048654770205502906,0.0429836593338023
-21,rsi24,0.04264991764459316,52.18982775634947,50.86554766483341,0.04264991764459316
-16,cci20,0.04259976362908965,34.795820779436184,9.352050680240271,0.04259976362908965
-16,atr14_pct,-0.04255068797192153,0.007505096353388545,0.007543912892490123,0.04255068797192153
-18,body_pct,-0.042450818210922454,0.00017087787854896952,0.0001438009843278687,0.042450818210922454
-18,close_vs_ema72,-0.04226636453827164,0.002132960841065845,0.0030061848627243037,0.04226636453827164
-6,lower_wick,0.042212973490765936,0.2466435008250844,0.22753036756653539,0.042212973490765936
-17,rsi6,0.04208172246403288,53.78982564900295,51.54411799929544,0.04208172246403288
-18,log_ret,-0.04207912235881906,0.00017087576854027669,0.0001436170264614252,0.04207912235881906
-7,macd_signal_pct,-0.041885932836032966,0.0005657990577111237,0.0004792113789841402,0.041885932836032966
1,upper_wick,-0.04146272340366321,0.21146035905917998,0.2364087301587382,0.04146272340366321
-13,macd_hist_pct,-0.041294908668145884,-0.00015106709938367816,-0.0002072141703251281,0.041294908668145884
-17,trades_rel72,0.04128554835443724,1.0005207879612192,0.9808131871146079,0.04128554835443724
-5,range_pct,-0.041034466702138894,0.006311842602696016,0.006979220268045316,0.041034466702138894
-16,close_vs_vwap24,-0.041020996792074986,0.0012678969230740522,0.0009524650186274464,0.041020996792074986
-22,close_vs_vwap24,0.040921977088260564,0.0020549468719407438,0.0015383078768633762,0.040921977088260564
-19,upper_wick,-0.0408656532499666,0.20822394465206892,0.2179498513966593,0.0408656532499666
-2,upper_wick,-0.040652527518116016,0.19360614018489736,0.21876923532096826,0.040652527518116016
-8,macd_fast_hist_pct,-0.04049557164085089,1.3591750599752894e-05,-5.823996865363243e-05,0.04049557164085089
-13,close_vs_ema6,0.0404494117282827,0.0005622296418437145,8.342772313763014e-05,0.0404494117282827
-20,stoch_d,0.04034252995681585,55.85643651664154,55.43939788785664,0.04034252995681585
-9,atr14_pct,-0.04029627643275678,0.007206194369031492,0.007456234245783374,0.04029627643275678
-9,macd_pct,-0.040261260302227896,0.0006044733433856848,0.0004764485398159561,0.040261260302227896
-21,macd_fast_hist_pct,0.03928008962866348,3.262772287828087e-05,-0.0001245465823792014,0.03928008962866348
4,range_pct,-0.03919343250035363,0.006694798608527397,0.006697961813438624,0.03919343250035363
-19,atr14_pct,-0.03918255393423069,0.007759024012626854,0.007525284921021497,0.03918255393423069
-20,close_vs_ema24,-0.03882782786561781,0.0013414931386286355,0.0012016995075545545,0.03882782786561781
-8,cci20,-0.038720749949763524,-1.2218727708201207,13.056857956517693,0.038720749949763524
-10,taker_share,0.038589253923637365,0.4956748183266485,0.49216900499950167,0.038589253923637365
-14,macd_fast_hist_pct,-0.03852148549776018,-8.085290638001988e-05,-0.00019451059901108277,0.03852148549776018
-22,close_location,0.038417833340463066,0.5244062311734619,0.5294454639812474,0.038417833340463066
-11,close_vs_ema48,-0.038380868432304635,0.001841878530378871,0.001563488537979274,0.038380868432304635
-9,ema24_slope_6h,-0.03823440257457158,0.0007425518856634117,0.0005367729099433616,0.03823440257457158
6,stoch_k,0.03806096883075861,46.37237521709879,48.80574802632022,0.03806096883075861
-16,mfi14,0.03754218791836875,50.95522828048099,49.2874589003351,0.03754218791836875
-9,bb_width,-0.03732302611459408,0.027132404970988545,0.029874643011765446,0.03732302611459408
-20,adx14,-0.03725955881747324,25.288233384456305,25.39258997882065,0.03725955881747324
-9,close_vs_ema72,-0.03696490848266986,0.003547115437394277,0.001908348474692012,0.03696490848266986
-8,macd_signal_pct,-0.03694131795992989,0.0005150122130915692,0.000369990587929008,0.03694131795992989
-24,close_vs_vwap72,0.0368612607065087,0.006641415101288128,0.004676636765230779,0.0368612607065087
-24,close_vs_ema12,0.03678234460852294,0.0007321482038394889,0.0007110538383551246,0.03678234460852294
-10,ema24_slope_6h,-0.03665806203930443,0.0006084126315087923,0.0005136895501055561,0.03665806203930443
3,trades_rel72,0.036627956490968616,1.0409421368027687,1.0711767433468244,0.036627956490968616
-3,volume_rel72,0.03654156612709597,1.0838905683781905,1.057044319376948,0.03654156612709597
-24,rsi14,0.03651785340160058,52.29607561510135,50.98147879499144,0.03651785340160058
-24,stoch_d,0.03649169121032359,57.18795043118458,56.54085577430233,0.03649169121032359
-24,lower_wick,-0.03639447443608886,0.23882472821229922,0.2531053831133865,0.03639447443608886
-14,mfi14,0.03638011499970054,53.10511781751772,49.53126857320411,0.03638011499970054
-17,close_vs_ema6,-0.036359478717522015,0.0005734553101740536,0.0003094646350638719,0.036359478717522015
-11,macd_pct,-0.03631943134925696,0.0004402914240093955,0.0004305508121220917,0.03631943134925696
-21,close_vs_vwap72,0.03611673995703359,0.008585251394838234,0.004100558051227998,0.03611673995703359
-10,macd_pct,-0.03605510324544478,0.00039719793842704534,0.0004880690146081336,0.03605510324544478
-11,macd_hist_pct,-0.036002624514871094,-1.672303403129061e-05,-0.00022190114977744106,0.036002624514871094
-23,mfi14,-0.0359695368306938,51.943420453429596,50.716534605752344,0.0359695368306938
-12,stoch_k,0.03573589555520779,55.54545954429132,52.15977856313095,0.03573589555520779
-14,macd_pct,-0.035604900068092186,0.00040436636486600056,0.0003179192550185709,0.035604900068092186
-6,ema72_slope_12h,-0.03558854716694752,0.0010472278390241119,0.000571504906992093,0.03558854716694752
-14,cci20,0.035545351986573916,12.525038088495965,7.54186679065243,0.035545351986573916
-11,ema24_slope_6h,-0.03526370034875987,0.000819563998290973,0.00033869709630462985,0.03526370034875987
-11,rsi6,-0.03508925216784946,53.41000166843202,51.55798429569987,0.03508925216784946
-19,close_vs_ema72,-0.03497726707977594,0.003383598445733438,0.002597932669410552,0.03497726707977594
-21,taker_share,-0.034778854046813024,0.4872950998091615,0.49508441458485647,0.034778854046813024
-18,rsi14,-0.034776720132241375,51.601240693832274,51.982649845143214,0.034776720132241375
-16,close_location,-0.03476068392299843,0.5510119412311896,0.49855942963395594,0.03476068392299843
-22,mfi14,-0.03458051424276163,50.09133479856087,50.74122562809854,0.03458051424276163
-11,close_vs_vwap72,-0.034379503445214565,0.004578525760200902,0.0033956683339707583,0.034379503445214565
-9,macd_hist_pct,-0.03434074188977076,2.351929511093006e-05,-0.00020743290319060788,0.03434074188977076
-15,close_vs_ema48,-0.033896778119672656,0.002528679490429009,0.0010819708423864816,0.033896778119672656
-14,close_vs_ema6,-0.03373784082271271,-9.741475757463203e-05,0.00017173765252020967,0.03373784082271271
-12,ema24_slope_6h,-0.033490635690870935,0.0006524375711326469,0.00027278494916604945,0.033490635690870935
-9,close_vs_vwap72,-0.03332943110738727,0.00447648924746058,0.003266055393523204,0.03332943110738727
-19,rsi24,-0.03332831711665277,51.604290223727006,51.299052009164754,0.03332831711665277
3,upper_wick,0.033276009053816,0.2104778111940691,0.20884257062893652,0.033276009053816
-8,upper_wick,-0.033094789832720996,0.209686279575438,0.21492322120450513,0.033094789832720996
-15,rsi6,0.03295242184721709,50.961199383283486,50.66689264895385,0.03295242184721709
-12,volume_rel72,-0.03292556802631676,0.9966311654630131,1.0285562225045815,0.03292556802631676
6,lower_wick,0.03274055271722067,0.25169764669123074,0.24435861594161673,0.03274055271722067
-5,close_location,-0.03272924126634741,0.49510578857145404,0.5084482615311302,0.03272924126634741
-20,atr14_pct,-0.032728303651793286,0.00775414104947455,0.0074800393043433465,0.032728303651793286
-11,bb_width,0.03271797370466815,0.029184961963383167,0.029834205426904993,0.03271797370466815
-9,macd_signal_pct,-0.03256461734013632,0.0003950554181161042,0.00039710648818651285,0.03256461734013632
-15,macd_pct,-0.032563040399877737,0.0005455081659615933,0.00043848105182240434,0.032563040399877737
-8,close_location,0.03211371679522802,0.540264240162958,0.5362980965421278,0.03211371679522802
-22,upper_wick,-0.03202303309252134,0.24363212317112662,0.22954109618020796,0.03202303309252134
-13,macd_pct,-0.031959565997380555,0.00030229525282812145,0.00037819017731922087,0.031959565997380555
-18,close_vs_vwap72,-0.031764402546577974,0.006354772103217554,0.004716207957164986,0.031764402546577974
-9,rsi24,-0.03176319302823464,51.19326235057094,51.01721991913928,0.03176319302823464
-11,close_vs_ema72,-0.031518112712397614,0.0019646646737209172,0.002221979090566095,0.031518112712397614
-6,mfi14,-0.0314621898282659,52.558025262629045,49.995590490732624,0.0314621898282659
-7,upper_wick,0.03137658888707877,0.21914585804287146,0.21492206759034513,0.03137658888707877
-14,close_vs_ema48,-0.031357855745767126,0.0015127807378632063,0.0011996150416662132,0.031357855745767126
-14,rsi6,-0.03130928534329184,49.72492778651237,51.65759968684961,0.03130928534329184
-12,macd_pct,-0.0309558586220182,0.00046248894266985217,0.0004122990662518169,0.0309558586220182
-7,lower_wick,-0.030579240404420078,0.2358113664431271,0.2616381817972355,0.030579240404420078
-10,macd_signal_pct,-0.03045256460911578,0.0001634387489288057,0.0004380180001406667,0.03045256460911578
-20,macd_fast_hist_pct,-0.03044217136209444,3.5568681849839986e-05,-0.00015155040138615023,0.03044217136209444
-7,ema72_slope_12h,-0.030347231600824965,0.0007312324841413087,0.0006306397857470669,0.030347231600824965
-9,rsi14,-0.03016217170717441,51.122663069711024,50.98055273773464,0.03016217170717441
-15,ema6_slope_3h,-0.030130067143205454,0.0004211091920015564,0.00015883049486753453,0.030130067143205454
-10,stoch_d,0.03011179180394346,56.7229934029867,51.90983682910119,0.03011179180394346
-8,stoch_d,-0.0299275876102705,56.72148452713263,55.00346136404346,0.0299275876102705
-16,upper_wick,0.029865190326964868,0.22069450986358202,0.2111715757805901,0.029865190326964868
-14,rsi24,-0.029700718322383586,51.070105675786465,50.81394536923831,0.029700718322383586
5,bb_width,0.02968407542091574,0.031321618182937265,0.03229586091472475,0.02968407542091574
-21,macd_hist_pct,0.029601593419426375,0.00011708264332578773,-9.522118834674189e-05,0.029601593419426375
-9,mfi14,0.029315213998501007,52.94487699611014,50.60857433273057,0.029315213998501007
4,bb_width,0.029314993848216682,0.03133661212936881,0.03211097112163605,0.029314993848216682
-14,close_vs_vwap72,-0.029253952062767735,0.003085302983394156,0.0036150769664285987,0.029253952062767735
-21,mfi14,-0.029167794422618867,51.478149704468215,50.60833709002506,0.029167794422618867
-20,trades_rel72,0.029082466054699517,1.0727020282927915,1.0145193472300877,0.029082466054699517
-14,ema6_slope_3h,-0.02906831628279832,0.0001254457713734114,1.5662820978978864e-05,0.02906831628279832
-22,lower_wick,-0.028793717097174126,0.24275383165090883,0.24239564584007234,0.028793717097174126
-10,close_vs_ema24,-0.02832452732650907,0.0015759248828528527,0.0008755493900755029,0.02832452732650907
-11,macd_signal_pct,-0.02831309722022384,0.00019433865435078,0.00033222718467864417,0.02831309722022384
-17,ema24_slope_6h,-0.028134540981006963,0.000606027899460404,0.0005923532851180857,0.028134540981006963
-12,macd_hist_pct,-0.027885058524591607,-5.2672881848375626e-05,-0.00015583954923254596,0.027885058524591607
-15,close_vs_ema72,-0.0277586489889225,0.0012518675369435073,0.0024400318896315998,0.0277586489889225
-14,rsi14,-0.027754347388563843,50.95067239553347,51.56506345854118,0.027754347388563843
-18,atr14_pct,-0.027734936793045614,0.007581099300107464,0.0074574512209980934,0.027734936793045614
-18,rsi24,-0.027604129874485205,50.96726753111206,51.85753209825827,0.027604129874485205
-17,close_vs_ema48,-0.027586033555309704,0.0009082601398868739,0.0023310401611812415,0.027586033555309704
-21,close_location,0.02740867518256386,0.5863024645946511,0.509006832726626,0.02740867518256386
-8,ema72_slope_12h,-0.027269827895064727,0.0003120704147338005,0.0007501193538076434,0.027269827895064727
-10,macd_hist_pct,-0.02713074644198891,-8.744637958164281e-05,-0.00025187591288170766,0.02713074644198891
-16,macd_pct,-0.026729372672225762,0.0005310926954164074,0.0006345796601763859,0.026729372672225762
-22,macd_pct,0.02644805509604262,0.001026188289012078,0.0006032259928385813,0.02644805509604262
-17,macd_pct,-0.02638303142957233,0.000604283927259414,0.000523871099512065,0.02638303142957233
-14,close_vs_ema72,-0.026054299470537924,-0.0005380272503863193,0.0022217802184324453,0.026054299470537924
-15,close_vs_vwap72,-0.026021055623998927,0.002987666414162149,0.003423851087594687,0.026021055623998927
-10,atr14_pct,-0.02600185537522883,0.007387252644012111,0.007443713832487316,0.02600185537522883
6,bb_z,-0.025921500185234463,-0.4611776155812781,-0.16522503920535542,0.025921500185234463
-12,macd_fast_hist_pct,0.025620831952169184,3.979220130429352e-05,-9.416032034748067e-05,0.025620831952169184
-22,ema24_slope_6h,0.02537842789842198,0.000816494799399603,0.0003907579201430922,0.02537842789842198
-19,close_location,-0.02536559280989491,0.4707987874096874,0.5056085812756546,0.02536559280989491
-24,close_vs_ema24,0.025269971621920448,0.0016692320481033196,0.0008860468337708038,0.025269971621920448
-12,macd_signal_pct,-0.025179405280535028,0.00012521368605234188,0.00037504176110874667,0.025179405280535028
-6,trades_rel72,-0.025065982867702785,1.0010713131552547,1.063651619777176,0.025065982867702785
-24,trades_rel72,0.02487653384848384,1.0283393397082612,1.0257934218490234,0.02487653384848384
-19,bb_width,0.024842974034248937,0.027916690465190026,0.028358508220080944,0.024842974034248937
-13,lower_wick,0.024752411491991838,0.261500403476417,0.24302800276953648,0.024752411491991838
-23,close_location,-0.024524580353176142,0.5263801832774273,0.5574633952824717,0.024524580353176142
-18,adx14,0.02439023954888499,25.81149730137814,25.370352647416095,0.02439023954888499
-21,macd_pct,0.024157770619016757,0.0010897456365573264,0.0005245106507867249,0.024157770619016757
-13,mfi14,0.024095146397770807,51.66700238170334,48.88620855411531,0.024095146397770807
-24,close_vs_ema48,0.02400516105411705,0.0024628281915142214,0.00221302106471033,0.02400516105411705
-9,ema72_slope_12h,-0.02399972850940975,0.0002419494109853204,0.0007410962242981878,0.02399972850940975
-21,ema24_slope_6h,0.023863669422987146,0.0008180882979669235,0.0004951597398336061,0.023863669422987146
-18,stoch_d,-0.023812854008616532,51.41466829152149,53.865817219170026,0.023812854008616532
-19,close_vs_vwap72,-0.023447966864355636,0.0061770283837421225,0.004726082593163872,0.023447966864355636
-13,close_vs_vwap24,-0.023392004668828664,0.0011480590744100683,0.0009193938491111053,0.023392004668828664
-11,rsi24,-0.02326485846183486,51.002914258629374,51.205002651504486,0.02326485846183486
-13,atr14_pct,-0.023103366753735952,0.007587890002971196,0.007599994237673956,0.023103366753735952
-17,atr14_pct,-0.023001193363548056,0.007745548299890912,0.007608234776303839,0.023001193363548056
-16,close_vs_ema24,-0.022660438304039736,0.0015719454649252285,0.0008638974517944931,0.022660438304039736
-14,bb_z,0.02253944603731622,0.006888121847369784,0.1014776711692281,0.02253944603731622
-10,close_vs_ema48,-0.022536202813149265,0.0022705628119237264,0.0015429454908391094,0.022536202813149265
-13,macd_signal_pct,-0.022323389988282816,0.0005020759963744513,0.0003696698729025859,0.022323389988282816
-17,close_vs_ema72,-0.022011687198310412,0.00242367623015316,0.002351892319411575,0.022011687198310412
-23,macd_hist_pct,0.0219708394218815,4.4820512107260455e-05,-8.94383031917028e-05,0.0219708394218815
6,bb_width,0.021784028578675705,0.03105607696327252,0.031829869584156366,0.021784028578675705
-21,close_vs_ema48,0.021701550063568092,0.0035201615748757797,0.0012000338072056804,0.021701550063568092
-17,stoch_d,0.021551144584143523,53.657107497864814,53.10310366329273,0.021551144584143523
-18,macd_pct,-0.021488590668082848,0.0008447899053501796,0.0004830518494970145,0.021488590668082848
-13,ema6_slope_3h,-0.021131368481631295,0.00024896541139707296,9.03681908072107e-05,0.021131368481631295
-6,close_location,-0.02111269852044156,0.5245046162058202,0.5192838735918488,0.02111269852044156
-5,trades_rel72,0.02105018539195329,1.076815900659086,1.0559650682425572,0.02105018539195329
-10,upper_wick,-0.02096543331778229,0.22238477976316973,0.20966670039169283,0.02096543331778229
-14,atr14_pct,-0.020904321294426667,0.007578856662326387,0.007587527699885266,0.020904321294426667
-23,ema24_slope_6h,0.020847728490481793,0.0006850768167325771,0.00042790132751868715,0.020847728490481793
-4,trades_rel72,0.020547542168753985,1.0974148241846622,1.090470501027439,0.020547542168753985
3,bb_width,0.020428809149188237,0.03060432684249923,0.03229473225129098,0.020428809149188237
-8,mfi14,-0.02033401588393946,52.03947985201591,50.21673385570254,0.02033401588393946
-6,upper_wick,-0.02015652801233126,0.22495696812045324,0.24032699314846867,0.02015652801233126
-21,bb_width,-0.01996797317238493,0.02819355710536136,0.029277090439232142,0.01996797317238493
-12,close_vs_vwap24,-0.01987823708570004,0.002230698898427752,0.0009675309131483845,0.01987823708570004
-24,rsi24,0.019858420558113998,51.69907203359588,51.407537689043004,0.019858420558113998
-10,close_vs_ema12,-0.01943205757175482,0.0008651107498752753,0.00043935293865615677,0.01943205757175482
-12,rsi6,0.01931252811371825,52.16011267287263,52.1010702636447,0.01931252811371825
-20,ema24_slope_6h,0.019225578994075874,0.000829257843653064,0.0004105690243129123,0.019225578994075874
-14,macd_signal_pct,-0.019190488395280217,0.0007165388068467186,0.0005010503007818709,0.019190488395280217
-10,ema72_slope_12h,-0.019167585339324035,0.00017651361402526433,0.0007152185977085113,0.019167585339324035
-21,close_vs_ema72,0.019145944511645984,0.003988278469179041,0.0026463972061809837,0.019145944511645984
-10,close_vs_ema72,-0.019070572509452335,0.003231154877052722,0.0022355997558249907,0.019070572509452335
-21,stoch_k,0.019038253688290988,54.07972461725867,55.93708255707473,0.019038253688290988
-12,atr14_pct,-0.01851327757632977,0.007386522571789183,0.007558654143076146,0.01851327757632977
-16,close_vs_ema12,-0.0184881949648128,0.0009179667340535325,0.0005001964459493413,0.0184881949648128
-11,rsi14,-0.018440281148672907,52.019455881807815,51.64270789213808,0.018440281148672907
-10,ema6_slope_3h,-0.018424802506560856,0.0006711993451566922,0.0001835858173135918,0.018424802506560856
-24,close_vs_ema72,0.018200016533745964,0.002480375015401548,0.002932619019307303,0.018200016533745964
-10,close_vs_vwap72,-0.018172427005399002,0.0047492460469737985,0.0021941526827488067,0.018172427005399002
-20,close_vs_ema48,-0.017982664610140302,0.0034560475275197122,0.001526167914154608,0.017982664610140302
6,cci20,-0.01797638873106169,-43.53563990037308,-11.944486128602986,0.01797638873106169
-23,macd_pct,0.01776366972814549,0.0010877527817786887,0.0005909890735002715,0.01776366972814549
-22,taker_share,0.017735969147448082,0.5013521628024632,0.4973486851226565,0.017735969147448082
-18,volume_rel72,0.01769346981804421,0.9254097356140085,0.9630905210201659,0.01769346981804421
6,macd_hist_pct,0.016879239780133865,-0.0004498909112539409,-0.00018383778376539472,0.016879239780133865
-13,rsi6,0.016664977948048956,52.976904925665075,51.146377700759416,0.016664977948048956
6,upper_wick,0.016664574152822156,0.2146967981611666,0.210764283093501,0.016664574152822156
-11,stoch_d,0.016454872882502598,56.31044880211661,53.04554247976776,0.016454872882502598
-16,rsi14,0.01640288993442203,52.466606232810435,51.260568368710565,0.01640288993442203
-11,atr14_pct,-0.016079486015917605,0.007336127253605584,0.007551088833430891,0.016079486015917605
2,upper_wick,0.015987971574587787,0.22214322120286223,0.22113438525631304,0.015987971574587787
-21,close_vs_ema24,0.015689628283237708,0.001750549881431751,0.0009528061728284465,0.015689628283237708
-21,macd_signal_pct,0.015612075643339019,0.0010931659699855154,0.0005814571045306806,0.015612075643339019
-12,close_vs_ema6,0.01560099401856491,0.00033722346493358923,0.00028520017717392765,0.01560099401856491
-15,rsi24,-0.015524255312008907,51.344529340440516,50.83229342331373,0.015524255312008907
-24,macd_hist_pct,-0.015299099593542585,-6.762007895256682e-05,-2.134718509451236e-05,0.015299099593542585
-12,close_vs_ema24,-0.015227911313730172,0.0015704724914443746,0.0012663606440908026,0.015227911313730172
-19,stoch_d,-0.015147609021341765,51.75632790277933,54.77494009030998,0.015147609021341765
-12,close_vs_vwap72,-0.01496074572783904,0.0047566477192243495,0.0032915655776335484,0.01496074572783904
-10,close_vs_vwap24,-0.014787565279870527,0.0015757450350980529,0.000880707973883621,0.014787565279870527
-6,volume_rel72,-0.014783808157918474,0.9964420681412082,1.0500889788107783,0.014783808157918474
-15,macd_signal_pct,-0.014553613375735077,0.0009898815717575135,0.00043428741905358415,0.014553613375735077
-20,macd_signal_pct,0.014309795904289286,0.0010569447519584206,0.0006085662144251044,0.014309795904289286
-20,cci20,0.013918932655526859,27.549144286251575,18.09445111923816,0.013918932655526859
-24,macd_fast_hist_pct,0.013861520298556907,-2.82772168064997e-05,-0.0001270171571895906,0.013861520298556907
-11,ema72_slope_12h,-0.013769139541079483,0.0001338380738931111,0.0006248477766630511,0.013769139541079483
-12,log_ret,-0.01357475375420932,-0.0002773533153648349,0.00023373686144743952,0.01357475375420932
-16,close_vs_ema48,-0.013456411827669577,0.0010266762566308874,0.002062035984940813,0.013456411827669577
-12,body_pct,-0.013420000038897642,-0.00027713325177503023,0.00023376419947418459,0.013420000038897642
-24,ema6_slope_3h,-0.013309660245546452,8.275661419820945e-05,0.00015681272159351334,0.013309660245546452
-10,rsi14,0.013143109642089775,52.38226013707313,50.55733441100407,0.013143109642089775
-17,close_vs_vwap72,-0.013113769366873385,0.0038726864480951306,0.00376438945740043,0.013113769366873385
-15,atr14_pct,-0.01302390236970243,0.007487830736300358,0.007515711030265678,0.01302390236970243
-20,close_vs_ema72,-0.013013735723171924,0.004394874826768702,0.0014820455356695517,0.013013735723171924
-13,close_vs_vwap72,-0.012997010373267587,0.0031682365081863173,0.0036776117992110002,0.012997010373267587
-22,macd_signal_pct,0.012955887269359659,0.0009763969347352914,0.0005772739029798818,0.012955887269359659
-9,macd_fast_hist_pct,-0.012625176543002967,-3.218835071073006e-05,-5.384046660755806e-05,0.012625176543002967
-13,close_vs_ema24,-0.012367657878757054,0.00114134985930181,0.0010470646537097394,0.012367657878757054
-21,close_vs_ema6,-0.012256572176001294,0.0006028558216361057,0.00018009022253206997,0.012256572176001294
3,range_pct,-0.012236171066825485,0.006739045334217764,0.006904675993076537,0.012236171066825485
2,bb_width,0.01182922279986872,0.030513154888605336,0.03204310027133397,0.01182922279986872
-20,bb_width,0.011421979839773229,0.028038057142495812,0.028973366807265758,0.011421979839773229
-12,close_vs_ema48,-0.011403308729352805,0.0023514089633683843,0.001533113690146637,0.011403308729352805
-20,stoch_k,-0.011402548484758582,54.560919659715395,53.87500371827211,0.011402548484758582
-23,macd_signal_pct,0.01130050381807893,0.0008090149541331566,0.0006043087485862843,0.01130050381807893
-20,macd_pct,0.011053582167676634,0.0011002840718790847,0.00040783176760584466,0.011053582167676634
1,bb_width,-0.01102318055998905,0.02985298094969551,0.03103234551947555,0.01102318055998905
-16,close_vs_ema72,-0.010892098222730828,0.0009130664141935307,0.0023520822815850106,0.010892098222730828
-13,stoch_d,0.010820082591576394,51.734064672519494,51.699073269606714,0.010820082591576394
-19,macd_signal_pct,0.01072186640805754,0.0011927254641957215,0.0006249587750469072,0.01072186640805754
-16,taker_share,0.010543246028827806,0.492176977638181,0.4926397001500602,0.010543246028827806
-17,bb_z,0.010530614107615134,0.3571735913323487,0.15506413205936623,0.010530614107615134
-20,upper_wick,0.010497867825500223,0.21592123714381772,0.21804065722488963,0.010497867825500223
-19,ema24_slope_6h,0.010168303512647074,0.0006514525063032739,0.0002584105631520117,0.010168303512647074
-10,bb_width,0.010012839700305535,0.028426020611980317,0.02941961351340264,0.010012839700305535
-20,ema6_slope_3h,-0.009977547856380425,0.0005874212246113064,0.0003477564405512945,0.009977547856380425
-1,atr14_pct,-0.009882278995424295,0.007745717739393774,0.007897190009729067,0.009882278995424295
-10,volume_rel72,0.00975353340547585,1.0183833081536902,1.00888245408871,0.00975353340547585
-12,close_vs_ema72,-0.00953126524699655,0.001221211864248506,0.0023454045998716477,0.00953126524699655
3,volume_rel72,0.009301874541941976,1.074731649399733,1.061725347537112,0.009301874541941976
-12,rsi14,0.009256641246967878,52.71208239471517,51.53675587752126,0.009256641246967878
-13,close_vs_ema48,-0.009210385613687285,0.0011509056517970961,0.001732265413900036,0.009210385613687285
-24,macd_signal_pct,0.009135337203864662,0.0005859805257217524,0.0007107584272986612,0.009135337203864662
-18,ema24_slope_6h,-0.009065629313157804,0.0005836008874640086,0.0003810950787246359,0.009065629313157804
-14,log_ret,0.009021528806501686,-0.0003259016364080005,0.0001689528510280435,0.009021528806501686
-16,macd_signal_pct,-0.008751277494600333,0.0008946917045996663,0.0005560491823315575,0.008751277494600333
-13,macd_fast_hist_pct,0.008712123363705226,-0.00015118245660675098,-0.00015592623194047943,0.008712123363705226
-16,close_vs_ema6,0.00867478337807717,0.0002490661346328249,0.00014838866416755359,0.00867478337807717
3,lower_wick,-0.00846470310417085,0.276074819825582,0.27957434782346663,0.00846470310417085
-10,rsi6,0.00832816079162155,52.81262343725663,50.982273094188926,0.00832816079162155
-21,close_vs_ema12,0.0081934517435774,0.001124754955117102,0.0006694505734660128,0.0081934517435774
-14,body_pct,0.008075940991793287,-0.00032591891302491405,0.00016897316304653742,0.008075940991793287
-13,close_vs_ema72,-0.007849680088809702,-0.0006822309849929264,0.002764913925209611,0.007849680088809702
-12,ema72_slope_12h,-0.0075535298334842675,0.00048245016370906946,0.0006779694325819152,0.0075535298334842675
-24,close_vs_vwap24,0.007487098635784499,0.0014704411304925502,0.0016315560610868918,0.007487098635784499
-21,ema72_slope_12h,0.007287333954738418,0.0013068668869270494,0.0011338224843231437,0.007287333954738418
-13,rsi24,-0.007181008888702663,50.771485527722845,51.03320938529974,0.007181008888702663
-20,macd_hist_pct,-0.007032834389757163,6.042290689396428e-05,-7.73002820007363e-05,0.007032834389757163
-16,close_vs_vwap72,-0.006960758078340885,0.0026853682388701117,0.004298948117221091,0.006960758078340885
-17,rsi14,0.006960301834998362,52.38309839290053,51.3670145167316,0.006960301834998362
-10,macd_fast_hist_pct,0.006907334146688194,-2.300613024935758e-05,-0.00011193249259177,0.006907334146688194
-22,body_pct,0.006855902145176223,0.0004355099251021066,0.00011861807695856541,0.006855902145176223
-23,range_pct,-0.006707426385860812,0.007068056741561857,0.006342003552654685,0.006707426385860812
-22,ema72_slope_12h,0.0065872405941547274,0.0010440683299224318,0.0010812911574703543,0.0065872405941547274
-22,log_ret,0.006358850491677799,0.0004354834853859776,0.00011873617876516208,0.006358850491677799
-12,ema6_slope_3h,0.006239243890696427,0.0005686736977219553,0.00027797252308259246,0.006239243890696427
-20,ema72_slope_12h,0.0062074354810097475,0.0014945672728388093,0.0012261283194070494,0.0062074354810097475
-14,ema72_slope_12h,-0.0060883306380814396,0.0009425402988191278,0.0006976764474311281,0.0060883306380814396
-4,close_location,-0.005975075115223982,0.5051720802078461,0.5072162576799424,0.005975075115223982
-19,adx14,-0.005701640631947777,25.775806864004352,25.671462482256416,0.005701640631947777
-13,ema72_slope_12h,-0.005461713825381296,0.0006846966641843588,0.0005611495592287019,0.005461713825381296
-9,stoch_d,-0.00538832506840545,55.90142775153158,52.24689969876656,0.00538832506840545
-13,stoch_k,0.005368755139287248,54.47430684881026,51.09137764647808,0.005368755139287248
-12,stoch_d,-0.005086888742473629,54.491630360357796,50.92391758295426,0.005086888742473629
-20,bb_z,0.004986170881511075,0.17919425058851846,0.21846342148923548,0.004986170881511075
-12,rsi24,-0.004864022635216922,51.95876169193362,50.996441233388296,0.004864022635216922
-11,ema6_slope_3h,-0.004724750429608846,0.0005378816447344503,0.0002702104006961914,0.004724750429608846
-19,macd_pct,-0.004715175700124779,0.0010886747325413977,0.00045203976291880127,0.004715175700124779
-18,stoch_k,-0.0046032967039830374,51.886829283710696,53.324457333611264,0.0046032967039830374
-10,close_vs_ema6,-0.0044943538848260245,0.0003993977638665491,0.0002537105975617404,0.0044943538848260245
-24,macd_pct,0.0044254189830152495,0.0008560597707286803,0.0005457908609585489,0.0044254189830152495
-15,ema72_slope_12h,-0.004396561145213418,0.0010889708545476218,0.0008089931822722329,0.004396561145213418
-19,ema72_slope_12h,0.0043206222298720785,0.0016778263023954354,0.001256870214530026,0.0043206222298720785
-11,stoch_k,0.004072977073281314,55.93108175458348,51.41630494431513,0.004072977073281314
-17,rsi24,-0.0040556634073200485,50.8121410127348,51.37692025514539,0.0040556634073200485
-16,rsi24,0.0038793998423857392,50.73776654200778,51.32886966101774,0.0038793998423857392
-17,macd_signal_pct,-0.0038400539557413025,0.0009907459194439588,0.0006044899250903322,0.0038400539557413025
5,close_location,-0.0038087216097398304,0.5045062877505613,0.503391838009501,0.0038087216097398304
-11,macd_fast_hist_pct,-0.00371054000058149,9.149023004772708e-05,-9.474625497468618e-05,0.00371054000058149
-12,close_vs_ema12,-0.003683905487831324,0.0010602604410723249,0.000664096682844173,0.003683905487831324
-13,close_vs_ema12,0.0034515905578312235,0.0006905715825696879,0.0003817580020358813,0.0034515905578312235
-19,range_pct,-0.0034350188179661546,0.006081085592289925,0.006568214951706897,0.0034350188179661546
-20,rsi6,-0.0031797383280145145,51.41447975109709,51.766821737412315,0.0031797383280145145
-18,ema72_slope_12h,0.003158894822918509,0.0019623440201820275,0.001142259221130315,0.003158894822918509
-18,macd_signal_pct,0.0030068247981932905,0.000985457437685615,0.0005949638586377725,0.0030068247981932905
-17,ema72_slope_12h,0.002952772388464101,0.001904035190702813,0.0010443275995887236,0.002952772388464101
-23,ema72_slope_12h,0.0027921909207341703,0.0009366975519516929,0.000989447166609314,0.0027921909207341703
-20,close_vs_vwap72,0.002570876690879207,0.007918680456894811,0.0044588790872414075,0.002570876690879207
-10,rsi24,-0.0024751756162120823,51.41906349644054,51.19316160046305,0.0024751756162120823
-9,bb_z,-0.001684495372202596,-0.06592271609822231,0.2297785998264519,0.001684495372202596
-13,rsi14,0.001469045158680849,51.49089341892167,51.6571727069235,0.001469045158680849
-11,volume_rel72,-0.0014323250790615554,0.9361186326825706,1.0141971428906496,0.0014323250790615554
-15,rsi14,-0.0013870914623106514,51.39313701062471,50.83376928322008,0.0013870914623106514
-20,rsi14,-0.0013121358285638912,51.94853178668234,50.87909603159808,0.0013121358285638912
-20,rsi24,-0.001151699749545396,52.362069410982144,51.129655704436814,0.001151699749545396
4,close_location,0.0005488671582538891,0.5088650324654502,0.5145057920806491,0.0005488671582538891
-16,ema72_slope_12h,-0.0003728415647043183,0.0015491416811272973,0.0008547148455767539,0.0003728415647043183
-24,ema72_slope_12h,0.0003226744502769783,0.0007816669663945897,0.0009978836351375309,0.0003226744502769783
-5,volume_rel72,0.00028777388401164217,1.0799836956444584,1.0534884926097265,0.00028777388401164217
-19,trades_rel72,0.00028170014032194245,0.9038050451843692,1.0317178510424674,0.00028170014032194245
-24,ema24_slope_6h,-4.963699614076285e-05,0.0007950083535823715,0.0005962492566005118,4.963699614076285e-05
-21,close_vs_vwap24,-3.452171811491194e-05,0.002914328428639257,0.0012061212487194384,3.452171811491194e-05
