kind,offset_h,feature,n,median,mean,std
WINNER,-24,log_ret,108,0.0005585254377051074,0.0002371923248750334,0.006074228239428102
WINNER,-24,body_pct,108,0.0005585265945289297,0.0002559752659099832,0.006069989292516137
WINNER,-24,range_pct,108,0.006165705390643539,0.008131712411177177,0.006417147868751188
WINNER,-24,lower_wick,108,0.23882472821229922,0.2802494593046236,0.21734633528303984
WINNER,-24,upper_wick,108,0.24234248685850135,0.28291893431733883,0.2079500378600022
WINNER,-24,close_location,108,0.5980470992007827,0.5396328870309658,0.2944151407373419
WINNER,-24,volume_rel72,108,0.9914320575443558,1.3532441649217546,1.1145329546624312
WINNER,-24,trades_rel72,108,1.0283393397082612,1.3388865250045854,0.9789285681225093
WINNER,-24,taker_share,108,0.5053476813105,0.5063261334936243,0.0597468912272826
WINNER,-24,rsi6,108,53.18044566399625,52.31705129706929,17.776698779838927
WINNER,-24,rsi14,108,52.29607561510135,51.76034018225686,11.623293002874586
WINNER,-24,rsi24,108,51.69907203359588,51.56785847457178,9.218752260626502
WINNER,-24,macd_pct,108,0.0008560597707286803,0.0007940503217327725,0.005807720702178386
WINNER,-24,macd_signal_pct,108,0.0005859805257217524,0.0007422074215440744,0.005597652305416677
WINNER,-24,macd_hist_pct,108,-6.762007895256682e-05,5.1842900188698224e-05,0.0017586630845658122
WINNER,-24,macd_fast_hist_pct,108,-2.82772168064997e-05,3.7155334763629504e-06,0.0020993693236025218
WINNER,-24,atr14_pct,108,0.007277541990930712,0.007681314587310063,0.003931993183549469
WINNER,-24,bb_width,108,0.027186105063928066,0.032310727378618745,0.023098102350919
WINNER,-24,bb_z,108,0.23449165419849666,0.16564862887545406,1.3336975194045504
WINNER,-24,stoch_k,108,58.040472619559054,55.92180643735745,27.826020278871482
WINNER,-24,stoch_d,108,57.18795043118458,55.36881443648667,23.80638878683282
WINNER,-24,cci20,108,27.438683802342304,12.541187982856398,112.36894157843871
WINNER,-24,mfi14,108,50.48417123150517,50.81998926018995,17.740167928630402
WINNER,-24,adx14,108,23.623070811274843,26.23774630575403,11.6658510819906
WINNER,-24,close_vs_ema6,108,0.0004692272710431489,0.0003073949489932265,0.005956236494196054
WINNER,-24,close_vs_ema12,108,0.0007321482038394889,0.0007336776552094366,0.008525680546152981
WINNER,-24,close_vs_ema24,108,0.0016692320481033196,0.001494444895096125,0.011901048172575214
WINNER,-24,close_vs_ema48,108,0.0024628281915142214,0.0027394773501321626,0.017244256798404283
WINNER,-24,close_vs_ema72,108,0.002480375015401548,0.0037320248474990445,0.02177750636959846
WINNER,-24,ema6_slope_3h,108,8.275661419820945e-05,0.00034108569261427174,0.005608598399765313
WINNER,-24,ema24_slope_6h,108,0.0007950083535823715,0.0008636328708350933,0.005812008875930639
WINNER,-24,ema72_slope_12h,108,0.0007816669663945897,0.0012127364196356403,0.00719694010471996
WINNER,-24,close_vs_vwap24,108,0.0014704411304925502,0.0021665352315538423,0.011955873765372733
WINNER,-24,close_vs_vwap72,108,0.006641415101288128,0.005333073420406811,0.022198648254062533
WINNER,-23,log_ret,108,0.0007025126205731165,0.0007825258094513589,0.006093186308307426
WINNER,-23,body_pct,108,0.0007026894385151472,0.000801423305371117,0.006107646432442787
WINNER,-23,range_pct,108,0.007068056741561857,0.008445087623634913,0.004959360384472195
WINNER,-23,lower_wick,108,0.1944503761123157,0.2403473735252223,0.19933483193423587
WINNER,-23,upper_wick,108,0.2310978849871562,0.25612870389052705,0.19931186497946138
WINNER,-23,close_location,108,0.5263801832774273,0.5189844947102822,0.2906773974924855
WINNER,-23,volume_rel72,108,1.0388059349845,1.5395123084196143,1.41450384925703
WINNER,-23,trades_rel72,108,1.0662392269060008,1.379979613593832,0.9690641396839312
WINNER,-23,taker_share,108,0.5032997987179959,0.4987455152111202,0.06250519183871045
WINNER,-23,rsi6,108,54.72282591550178,53.56461741084705,17.980991804496917
WINNER,-23,rsi14,108,52.30294725197359,52.42908497824437,12.005554982992368
WINNER,-23,rsi24,108,52.5322232387431,51.97793091338208,9.480041171240773
WINNER,-23,macd_pct,108,0.0010877527817786887,0.0008506677359837509,0.005710982344424998
WINNER,-23,macd_signal_pct,108,0.0008090149541331566,0.0007652544288904844,0.005545884522118342
WINNER,-23,macd_hist_pct,108,4.4820512107260455e-05,8.541330709326694e-05,0.001799869046753126
WINNER,-23,macd_fast_hist_pct,108,0.00010727762242669461,7.930804478428696e-05,0.002232844871497495
WINNER,-23,atr14_pct,108,0.007215791443028566,0.007776956429647943,0.003828131000037307
WINNER,-23,bb_width,108,0.025905940772084062,0.032397541268578044,0.022975267688558156
WINNER,-23,bb_z,108,0.38709289797132607,0.23831162314371582,1.4322697247466312
WINNER,-23,stoch_k,108,58.14173365524518,56.05950205215726,26.653436260340214
WINNER,-23,stoch_d,108,55.89875931348824,55.71733300116221,24.00036146300178
WINNER,-23,cci20,108,35.42508363127264,21.479371420373475,127.2504661831949
WINNER,-23,mfi14,108,51.943420453429596,50.98974794038525,17.76405816885636
WINNER,-23,adx14,108,23.735318510459997,26.296170051737978,11.639379847639502
WINNER,-23,close_vs_ema6,108,0.0008298204194836512,0.0007772680883570507,0.006130147672563078
WINNER,-23,close_vs_ema12,108,0.0010482755269163313,0.001284389122244413,0.008817861301838016
WINNER,-23,close_vs_ema24,108,0.0010942869518068,0.0020975438042230604,0.012128221435252011
WINNER,-23,close_vs_ema48,108,0.003798992176949567,0.0033797805083965993,0.017268465814483824
WINNER,-23,close_vs_ema72,108,0.004102339335059546,0.004390037934914027,0.021650646589022205
WINNER,-23,ema6_slope_3h,108,0.0003892357136950908,0.0005356937127779043,0.00591563842192972
WINNER,-23,ema24_slope_6h,108,0.0006850768167325771,0.0009287476322357486,0.005832344003571659
WINNER,-23,ema72_slope_12h,108,0.0009366975519516929,0.001242596258754704,0.0071344983991803905
WINNER,-23,close_vs_vwap24,108,0.0025014516432391165,0.0026809812383729293,0.012192148529366937
WINNER,-23,close_vs_vwap72,108,0.007877995147039907,0.005963966203957828,0.022311299782225954
WINNER,-22,log_ret,108,0.0004354834853859776,0.00018670184529895244,0.006405971757828618
WINNER,-22,body_pct,108,0.0004355099251021066,0.0002065053727986899,0.006376612377782411
WINNER,-22,range_pct,108,0.006597812951501303,0.008468552778478826,0.006502745232972848
WINNER,-22,lower_wick,108,0.24275383165090883,0.2792909270896603,0.19437081709615453
WINNER,-22,upper_wick,108,0.24363212317112662,0.2642648410505304,0.19874490826577293
WINNER,-22,close_location,108,0.5244062311734619,0.5316326508802244,0.28824913051498263
WINNER,-22,volume_rel72,108,1.1975146647443464,1.4457288123852394,1.1127121161133682
WINNER,-22,trades_rel72,108,1.1066766910709565,1.3147171371158715,0.8146483045633989
WINNER,-22,taker_share,108,0.5013521628024632,0.49502677044552457,0.05730646234297898
WINNER,-22,rsi6,108,53.82164126575755,53.42609232040825,18.557164830433187
WINNER,-22,rsi14,108,52.94498256335817,52.46053136579925,12.735015175406604
WINNER,-22,rsi24,108,52.92081070948712,52.0433192362937,10.010253696918964
WINNER,-22,macd_pct,108,0.001026188289012078,0.0008874583211138085,0.005798885783809434
WINNER,-22,macd_signal_pct,108,0.0009763969347352914,0.000781388404032358,0.005514213824223529
WINNER,-22,macd_hist_pct,108,0.00013876045196503756,0.00010606991708145067,0.001845232112100394
WINNER,-22,macd_fast_hist_pct,108,0.00012889281186061118,0.00010878706782028758,0.0022994752378270953
WINNER,-22,atr14_pct,108,0.007351887512092675,0.007861824651084148,0.003751664151703567
WINNER,-22,bb_width,108,0.026219038088804936,0.03316744601201109,0.022946699463924573
WINNER,-22,bb_z,108,0.32153611573939017,0.19310843777750575,1.4674823097653156
WINNER,-22,stoch_k,108,55.39371024046805,55.51147292222499,26.99734531953373
WINNER,-22,stoch_d,108,57.920677968079175,55.83092713724662,24.958887767554526
WINNER,-22,cci20,108,18.75920224163025,18.153557146848293,129.7356228453362
WINNER,-22,mfi14,108,50.09133479856087,50.93890192053818,18.799813393749645
WINNER,-22,adx14,108,24.349416448278376,26.47168382963674,11.675957696712135
WINNER,-22,close_vs_ema6,108,0.0001393687331039395,0.0006877027742322204,0.006483506518317058
WINNER,-22,close_vs_ema12,108,0.001087488313669005,0.001249994204631021,0.009654774969042554
WINNER,-22,close_vs_ema24,108,0.0017566979970462526,0.002117364597792642,0.013519460592173457
WINNER,-22,close_vs_ema48,108,0.004584050378094173,0.0034548813303188065,0.019214313214762593
WINNER,-22,close_vs_ema72,108,0.005970288642596189,0.004499148533599029,0.023806778380375464
WINNER,-22,ema6_slope_3h,108,0.0007348807031889448,0.0007404536495246501,0.006632949769958043
WINNER,-22,ema24_slope_6h,108,0.000816494799399603,0.0009293346450300713,0.005888160357101536
WINNER,-22,ema72_slope_12h,108,0.0010440683299224318,0.0012841522757075796,0.007102757907254837
WINNER,-22,close_vs_vwap24,108,0.0020549468719407438,0.002616057888624026,0.013300794682776352
WINNER,-22,close_vs_vwap72,108,0.009021606628360379,0.006070952023857085,0.024396309391629543
WINNER,-21,log_ret,108,0.0001611564829373437,-0.0006734865844892336,0.006997157170797026
WINNER,-21,body_pct,108,0.00016109225964222595,-0.0006491327173318779,0.006930476852366454
WINNER,-21,range_pct,108,0.006708511741883361,0.008814232011976487,0.0077743050147374955
WINNER,-21,lower_wick,108,0.25245001480855633,0.2984439954296746,0.22759358585870312
WINNER,-21,upper_wick,108,0.2136074252118964,0.24817806462428307,0.18748074860182384
WINNER,-21,close_location,108,0.5863024645946511,0.5277780940922049,0.3016404805152945
WINNER,-21,volume_rel72,108,0.9638598078980338,1.6135459886663435,1.884737002529968
WINNER,-21,trades_rel72,108,0.970479506266507,1.4117894452720379,1.258711124203704
WINNER,-21,taker_share,108,0.4872950998091615,0.49212986492107574,0.06701451999056118
WINNER,-21,rsi6,108,53.95772958539642,52.84438484565854,19.298056584415157
WINNER,-21,rsi14,108,52.20472572112563,52.18452589275317,13.404112022155617
WINNER,-21,rsi24,108,52.18982775634947,51.88447032164671,10.57989795977511
WINNER,-21,macd_pct,108,0.0010897456365573264,0.000850312482122091,0.006034417121291099
WINNER,-21,macd_signal_pct,108,0.0010931659699855154,0.0007910687213103776,0.0055403488661258365
WINNER,-21,macd_hist_pct,108,0.00011708264332578773,5.924376081171341e-05,0.001989201961703131
WINNER,-21,macd_fast_hist_pct,108,3.262772287828087e-05,-2.903335690965297e-06,0.002579274538188397
WINNER,-21,atr14_pct,108,0.007434816776977047,0.007988334838229496,0.0037930746068192125
WINNER,-21,bb_width,108,0.02819355710536136,0.03406160232576893,0.02321653576169224
WINNER,-21,bb_z,108,0.3642707723036528,0.16822086617556756,1.486554091171537
WINNER,-21,stoch_k,108,54.07972461725867,54.23364621885256,28.006599318713388
WINNER,-21,stoch_d,108,56.62921597386897,55.26820706441166,25.146020128525667
WINNER,-21,cci20,108,30.134316398133635,14.451436917246493,132.94100314318482
WINNER,-21,mfi14,108,51.478149704468215,50.908528377422144,19.901278985792672
WINNER,-21,adx14,108,24.39044179169394,26.70096428220539,11.792752925382489
WINNER,-21,close_vs_ema6,108,0.0006028558216361057,1.4223901426176952e-05,0.00794208989246227
WINNER,-21,close_vs_ema12,108,0.001124754955117102,0.0005025802274346384,0.011487654452871967
WINNER,-21,close_vs_ema24,108,0.001750549881431751,0.0013542879333061067,0.015514992639367628
WINNER,-21,close_vs_ema48,108,0.0035201615748757797,0.0027075123510810605,0.021281993124362672
WINNER,-21,close_vs_ema72,108,0.003988278469179041,0.0037712423598523595,0.025921313511746244
WINNER,-21,ema6_slope_3h,108,0.0010240283342334289,0.0006297127408469746,0.007256205287928503
WINNER,-21,ema24_slope_6h,108,0.0008180882979669235,0.0008914309380466677,0.006042751409669113
WINNER,-21,ema72_slope_12h,108,0.0013068668869270494,0.001303171159723245,0.007149837921107491
WINNER,-21,close_vs_vwap24,108,0.002914328428639257,0.0019339717987983058,0.014528670846471732
WINNER,-21,close_vs_vwap72,108,0.008585251394838234,0.005395465805630131,0.02593927257342951
WINNER,-20,log_ret,108,-0.0005733478664611695,-0.0010082523844065284,0.006448455199224995
WINNER,-20,body_pct,108,-0.0005730668817588991,-0.0009869198675539728,0.006456875485231157
WINNER,-20,range_pct,108,0.006817443306559201,0.008661563877932843,0.006301453544231102
WINNER,-20,lower_wick,108,0.22469204884895866,0.25900285119198496,0.20100794255485863
WINNER,-20,upper_wick,108,0.21592123714381772,0.26447340213448733,0.2113950536234128
WINNER,-20,close_location,108,0.4405076824381141,0.4581842934003256,0.2999504020457355
WINNER,-20,volume_rel72,108,0.9447568409378297,1.6111500044472877,1.5854447317659437
WINNER,-20,trades_rel72,108,1.0727020282927915,1.3338804296559312,0.9180376568741623
WINNER,-20,taker_share,108,0.48635342504960577,0.4876983060327508,0.06340087922852695
WINNER,-20,rsi6,108,51.41447975109709,50.96251637130561,19.52523426706801
WINNER,-20,rsi14,108,51.94853178668234,51.29436051802814,13.794141460907495
WINNER,-20,rsi24,108,52.362069410982144,51.34840866174494,10.844119486152156
WINNER,-20,macd_pct,108,0.0011002840718790847,0.000730882483477568,0.006314521886724771
WINNER,-20,macd_signal_pct,108,0.0010569447519584206,0.0007761769015065224,0.005606767071282079
WINNER,-20,macd_hist_pct,108,6.042290689396428e-05,-4.529441802895413e-05,0.0021124243917991187
WINNER,-20,macd_fast_hist_pct,108,3.5568681849839986e-05,-0.00019965712373207616,0.0025073210451441413
WINNER,-20,atr14_pct,108,0.00775414104947455,0.008045170223492975,0.003750988610891734
WINNER,-20,bb_width,108,0.028038057142495812,0.03478782031706039,0.02353309217831247
WINNER,-20,bb_z,108,0.17919425058851846,0.05634483526491176,1.523355958080873
WINNER,-20,stoch_k,108,54.560919659715395,52.472865361289536,28.305096550396186
WINNER,-20,stoch_d,108,55.85643651664154,54.07266150078908,25.915855501132274
WINNER,-20,cci20,108,27.549144286251575,6.605215195273267,135.16473746216028
WINNER,-20,mfi14,108,50.873207978019124,50.48576469239437,20.05244229165289
WINNER,-20,adx14,108,25.288233384456305,27.04743523672507,11.849206532400089
WINNER,-20,close_vs_ema6,108,0.00022288600168873796,-0.000718553070662097,0.006849366100514753
WINNER,-20,close_vs_ema12,108,0.0003895402868034914,-0.00043535942584592473,0.01091914390535257
WINNER,-20,close_vs_ema24,108,0.0013414931386286355,0.0003165791168330052,0.015540714829923046
WINNER,-20,close_vs_ema48,108,0.0034560475275197122,0.0016334983945495635,0.021615890700048893
WINNER,-20,close_vs_ema72,108,0.004394874826768702,0.002694255082194631,0.026361255982558982
WINNER,-20,ema6_slope_3h,108,0.0005874212246113064,3.537554918016846e-05,0.007695080115809656
WINNER,-20,ema24_slope_6h,108,0.000829257843653064,0.0007869466106314366,0.0063854359260318684
WINNER,-20,ema72_slope_12h,108,0.0014945672728388093,0.001285773250124808,0.007263902101518556
WINNER,-20,close_vs_vwap24,108,0.0017387462903265538,0.0008298308431758383,0.014934674022953997
WINNER,-20,close_vs_vwap72,108,0.007918680456894811,0.004333964301828708,0.02614690219785487
WINNER,-19,log_ret,108,-0.0006184692975288507,-0.00039991284624327537,0.006085545428172195
WINNER,-19,body_pct,108,-0.0006182029767198838,-0.0003812705791060259,0.006082718299037752
WINNER,-19,range_pct,108,0.006081085592289925,0.008503977578930273,0.006720016624739156
WINNER,-19,lower_wick,108,0.2877493432257636,0.314903398925966,0.22408752615775063
WINNER,-19,upper_wick,108,0.20822394465206892,0.25648962845907275,0.20592065813197963
WINNER,-19,close_location,108,0.4707987874096874,0.498940779189294,0.2867540891807214
WINNER,-19,volume_rel72,108,0.8037749112197715,1.5351147925292767,1.6059453916038986
WINNER,-19,trades_rel72,108,0.9038050451843692,1.3171185765202764,1.0332953182384723
WINNER,-19,taker_share,108,0.48232068795940175,0.4782781452339777,0.05753444204386575
WINNER,-19,rsi6,108,50.207957212505036,49.70317630034923,18.437906341845263
WINNER,-19,rsi14,108,51.75363964614981,50.81727603957946,13.41449242362296
WINNER,-19,rsi24,108,51.604290223727006,51.075246453841864,10.714196077912042
WINNER,-19,macd_pct,108,0.0010886747325413977,0.0006017397581171047,0.006508839015467434
WINNER,-19,macd_signal_pct,108,0.0011927254641957215,0.0007428950636943174,0.005701491599094321
WINNER,-19,macd_hist_pct,108,8.754110443607216e-05,-0.00014115530557721266,0.0021266450170844223
WINNER,-19,macd_fast_hist_pct,108,-0.0002152030208131637,-0.0003337462206948987,0.0022753761601875962
WINNER,-19,atr14_pct,108,0.007759024012626854,0.008032797044487573,0.003644009817413566
WINNER,-19,bb_width,108,0.027916690465190026,0.03532595143230205,0.023918886810139456
WINNER,-19,bb_z,108,0.10464283902497187,-0.0018915982090510455,1.4412301785913455
WINNER,-19,stoch_k,108,50.400062534293085,51.43212664311423,26.41260944793595
WINNER,-19,stoch_d,108,51.75632790277933,52.712879407752176,25.977020504648284
WINNER,-19,cci20,108,13.650975231844825,-0.4192846339754513,131.55863660683
WINNER,-19,mfi14,108,48.601426529929824,49.6353978351453,19.811774671857872
WINNER,-19,adx14,108,25.775806864004352,27.376533518497126,11.973611327403383
WINNER,-19,close_vs_ema6,108,-0.0002018773249375938,-0.0008037602373981136,0.00631249991920025
WINNER,-19,close_vs_ema12,108,9.329107052075125e-05,-0.0007141217876277507,0.010277881887098259
WINNER,-19,close_vs_ema24,108,0.0008083516795324153,-8.523759658458353e-05,0.015018798667208021
WINNER,-19,close_vs_ema48,108,0.002274174068701118,0.0011738633843738694,0.02122924193045296
WINNER,-19,close_vs_ema72,108,0.003383598445733438,0.0022213405736597625,0.026031342519282383
WINNER,-19,ema6_slope_3h,108,0.00011307891249434654,-0.0005639088361094428,0.007348498093574505
WINNER,-19,ema24_slope_6h,108,0.0006514525063032739,0.0006620155276784168,0.006776555641433881
WINNER,-19,ema72_slope_12h,108,0.0016778263023954354,0.0012525434488790009,0.007396268810248232
WINNER,-19,close_vs_vwap24,108,0.001004350377597163,0.00037319175226905064,0.014488403188323132
WINNER,-19,close_vs_vwap72,108,0.0061770283837421225,0.0038281354272116045,0.025791737365099692
WINNER,-18,log_ret,108,0.00017087576854027669,0.00012632468837579447,0.005750713042740217
WINNER,-18,body_pct,108,0.00017087787854896952,0.00014284258075421326,0.00574958510451744
WINNER,-18,range_pct,108,0.00674883899372869,0.008785532794346376,0.007348761767936671
WINNER,-18,lower_wick,108,0.2646096690698927,0.3136182026959596,0.2434552813954345
WINNER,-18,upper_wick,108,0.21833575606539984,0.2655549323445499,0.21812678504858155
WINNER,-18,close_location,108,0.5685684395108945,0.5417421486797243,0.2937686383895421
WINNER,-18,volume_rel72,108,0.9254097356140085,1.430914980939921,1.5971378070807905
WINNER,-18,trades_rel72,108,0.9005379532416344,1.2305019029057735,1.04247528543701
WINNER,-18,taker_share,108,0.48331173017884016,0.48534820592518846,0.05470893648044942
WINNER,-18,rsi6,108,50.17827503893997,50.23168589065213,18.205037553093653
WINNER,-18,rsi14,108,51.601240693832274,50.99911740758049,13.408909081529387
WINNER,-18,rsi24,108,50.96726753111206,51.17683034763595,10.788566563832982
WINNER,-18,macd_pct,108,0.0008447899053501796,0.0004955474103715521,0.006713131373825828
WINNER,-18,macd_signal_pct,108,0.000985457437685615,0.0006914685671642888,0.005816230919470891
WINNER,-18,macd_hist_pct,108,-0.00010331914796221743,-0.0001959211567927366,0.0021601038127647383
WINNER,-18,macd_fast_hist_pct,108,-0.00016766256006049837,-0.0003541582118852765,0.0022162646943921496
WINNER,-18,atr14_pct,108,0.007581099300107464,0.008085798458085689,0.0037311919405751087
WINNER,-18,bb_width,108,0.02865736427667804,0.036162353335714346,0.025061952618068286
WINNER,-18,bb_z,108,0.18509122412460305,-0.015851945027666306,1.3771306393512455
WINNER,-18,stoch_k,108,51.886829283710696,52.488917927326355,27.023534318901497
WINNER,-18,stoch_d,108,51.41466829152149,52.13130331057675,25.395159774010377
WINNER,-18,cci20,108,12.273027525864798,-3.3216289530995704,123.19915165558545
WINNER,-18,mfi14,108,47.59022306760106,49.46604223956857,19.897364921641365
WINNER,-18,adx14,108,25.81149730137814,27.70247222694891,12.15658654767467
WINNER,-18,close_vs_ema6,108,-3.868794541045384e-05,-0.0004860800477833132,0.0063755015141112896
WINNER,-18,close_vs_ema12,108,8.003496391206788e-05,-0.0004967151681903448,0.010550424539618573
WINNER,-18,close_vs_ema24,108,0.000865007294810427,4.365091533227295e-05,0.015512454904259782
WINNER,-18,close_vs_ema48,108,0.0011168775184263735,0.0012586716183510755,0.0218300800675505
WINNER,-18,close_vs_ema72,108,0.002132960841065845,0.0022976317372134483,0.02662817562522542
WINNER,-18,ema6_slope_3h,108,1.1940388800424362e-05,-0.0007681172573102649,0.007023508773613575
WINNER,-18,ema24_slope_6h,108,0.0005836008874640086,0.0005385009297357003,0.007114157263642101
WINNER,-18,ema72_slope_12h,108,0.0019623440201820275,0.0012308785173000486,0.007528309801558556
WINNER,-18,close_vs_vwap24,108,0.001615519040040203,0.000545451626945539,0.01516242501942033
WINNER,-18,close_vs_vwap72,108,0.006354772103217554,0.00391446975481494,0.026315830351179025
WINNER,-17,log_ret,108,0.0007010097819329137,0.0005773241405575963,0.005326999011018952
WINNER,-17,body_pct,108,0.0007012584584435988,0.000591642450366772,0.005319723586611124
WINNER,-17,range_pct,108,0.0066733228269821865,0.008648704545775886,0.006685567848633132
WINNER,-17,lower_wick,108,0.2538873920657838,0.31044916296961766,0.23672340577430423
WINNER,-17,upper_wick,108,0.17393308042646632,0.24454521696902626,0.21890666686342344
WINNER,-17,close_location,108,0.5893765423856323,0.5751807305266513,0.30519238110669056
WINNER,-17,volume_rel72,108,0.9599525446934818,1.445571422173381,1.2605112022885492
WINNER,-17,trades_rel72,108,1.0005207879612192,1.2574326357220722,0.8201596264105262
WINNER,-17,taker_share,108,0.4954423881154676,0.4983456001906649,0.0549684999567259
WINNER,-17,rsi6,108,53.78982564900295,51.87080285468489,18.20546558503242
WINNER,-17,rsi14,108,52.38309839290053,51.441528472395206,13.37674006752551
WINNER,-17,rsi24,108,50.8121410127348,51.37034845702452,10.77037391451306
WINNER,-17,macd_pct,108,0.000604283927259414,0.0004562560017115688,0.006848375912369343
WINNER,-17,macd_signal_pct,108,0.0009907459194439588,0.0006417078795788823,0.005942528085171198
WINNER,-17,macd_hist_pct,108,-0.00021225101498836623,-0.00018545187786731337,0.002033270512754257
WINNER,-17,macd_fast_hist_pct,108,-0.00017250484211096522,-0.00025153753322536347,0.001867545004696116
WINNER,-17,atr14_pct,108,0.007745548299890912,0.008142667320990135,0.003806834808371263
WINNER,-17,bb_width,108,0.028059953284996886,0.03666356679185951,0.02582299740043351
WINNER,-17,bb_z,108,0.3571735913323487,0.07845422046181862,1.3770132384530052
WINNER,-17,stoch_k,108,53.833513759994446,55.2628607658941,26.844461063282083
WINNER,-17,stoch_d,108,53.657107497864814,53.061301778778294,24.829469228358636
WINNER,-17,cci20,108,33.17596463089923,0.44304569081532214,124.31006832646796
WINNER,-17,mfi14,108,49.86475285655676,49.723177587169694,19.743209962712964
WINNER,-17,adx14,108,25.87637696419276,28.00273269908511,12.321918540471918
WINNER,-17,close_vs_ema6,108,0.0005734553101740536,5.8580271416272634e-05,0.005163336422085103
WINNER,-17,close_vs_ema12,108,0.0011325205220921175,5.4395623729257835e-05,0.009025127936331966
WINNER,-17,close_vs_ema24,108,0.0015968884687744822,0.0005543975769499124,0.014317580493144794
WINNER,-17,close_vs_ema48,108,0.0009082601398868739,0.001744206626577171,0.02099703375512437
WINNER,-17,close_vs_ema72,108,0.00242367623015316,0.0027769814368096496,0.02584530473562332
WINNER,-17,ema6_slope_3h,108,0.0002250588000961562,-0.0004642064354639282,0.00625371694494514
WINNER,-17,ema24_slope_6h,108,0.000606027899460404,0.0004061351084026828,0.007345263876228473
WINNER,-17,ema72_slope_12h,108,0.001904035190702813,0.001214321849600403,0.00767940747929037
WINNER,-17,close_vs_vwap24,108,0.001577015835599327,0.0011022294640401795,0.013907991974993998
WINNER,-17,close_vs_vwap72,108,0.0038726864480951306,0.0043687613673159265,0.02582863183285831
WINNER,-16,log_ret,108,-3.5982758161779304e-05,-0.00035124548262225474,0.004516714103936137
WINNER,-16,body_pct,108,-3.605867253020367e-05,-0.00034108679368178874,0.0045103103249018285
WINNER,-16,range_pct,108,0.005688531053482326,0.007428241643510235,0.004628492408440462
WINNER,-16,lower_wick,108,0.20657713046454634,0.2670586826904628,0.2073677091183644
WINNER,-16,upper_wick,108,0.22069450986358202,0.25860683883067503,0.19189969717890765
WINNER,-16,close_location,108,0.5510119412311896,0.5059610019481773,0.30072919801826203
WINNER,-16,volume_rel72,108,0.9811465337056227,1.318398203939983,1.0861836825573457
WINNER,-16,trades_rel72,108,0.9336478282082837,1.186219791042427,0.7659468453594432
WINNER,-16,taker_share,108,0.492176977638181,0.4911261389923557,0.052845736295946584
WINNER,-16,rsi6,108,52.74674116072204,51.30902761333685,18.609773851683826
WINNER,-16,rsi14,108,52.466606232810435,51.10994673581837,13.597827889803906
WINNER,-16,rsi24,108,50.73776654200778,51.156612217567506,10.930754604471124
WINNER,-16,macd_pct,108,0.0005310926954164074,0.0003880841179416973,0.006963779235305725
WINNER,-16,macd_signal_pct,108,0.0008946917045996663,0.0005906224198636131,0.00607848246227645
WINNER,-16,macd_hist_pct,108,-0.00015996213409844753,-0.00020253830192191582,0.0019734354246940854
WINNER,-16,macd_fast_hist_pct,108,-0.00010834091605603952,-0.000231309483975995,0.0018363033435611115
WINNER,-16,atr14_pct,108,0.007505096353388545,0.008115521350202543,0.0037801507483935046
WINNER,-16,bb_width,108,0.028093285829024962,0.03715681632289215,0.02651207108730658
WINNER,-16,bb_z,108,0.2208162722006098,0.04283372943995124,1.3636208519617303
WINNER,-16,stoch_k,108,58.41620929129873,54.320474845999904,28.583268083144386
WINNER,-16,stoch_d,108,56.77131188962329,54.02408451307352,26.126768021710603
WINNER,-16,cci20,108,34.795820779436184,4.474155973857695,117.40485657294764
WINNER,-16,mfi14,108,50.95522828048099,50.56101118636289,19.676756719414115
WINNER,-16,adx14,108,26.113908949449208,28.250917545346095,12.54658585280372
WINNER,-16,close_vs_ema6,108,0.0002490661346328249,-0.0002099382954615668,0.00535594898131977
WINNER,-16,close_vs_ema12,108,0.0009179667340535325,-0.00025057484872643206,0.009251171060765867
WINNER,-16,close_vs_ema24,108,0.0015719454649252285,0.0001886828710211736,0.014513979383999832
WINNER,-16,close_vs_ema48,108,0.0010266762566308874,0.001339182721456869,0.021198704981131355
WINNER,-16,close_vs_ema72,108,0.0009130664141935307,0.002363401113460356,0.026066558997318013
WINNER,-16,ema6_slope_3h,108,0.00014203141962254584,-0.0002286780368199418,0.006090250705146939
WINNER,-16,ema24_slope_6h,108,0.0006348982127960534,0.00023920002425302975,0.0074461692394887195
WINNER,-16,ema72_slope_12h,108,0.0015491416811272973,0.0011624992613191978,0.007807907843026076
WINNER,-16,close_vs_vwap24,108,0.0012678969230740522,0.0007061664441917583,0.01431708397262514
WINNER,-16,close_vs_vwap72,108,0.0026853682388701117,0.00387357255647262,0.025983286160442664
WINNER,-15,log_ret,108,-0.00029788769940629003,-0.00028198336509288217,0.005735910545755737
WINNER,-15,body_pct,108,-0.00029776865294373067,-0.0002655221086078424,0.005716687752753544
WINNER,-15,range_pct,108,0.0064367189894211085,0.008727681061530719,0.008090173417169874
WINNER,-15,lower_wick,108,0.30940540935041716,0.33413805877083264,0.21770536859847844
WINNER,-15,upper_wick,108,0.22319533072887177,0.2313255103816316,0.1619587306910684
WINNER,-15,close_location,108,0.6134765759780262,0.5626143217273167,0.2641865099191433
WINNER,-15,volume_rel72,108,1.021432310700149,1.6494699960109032,1.8993928661853066
WINNER,-15,trades_rel72,108,1.018630358081509,1.4139876794998059,1.3098012161990635
WINNER,-15,taker_share,108,0.4958837078502725,0.49048338662222946,0.06296542334503631
WINNER,-15,rsi6,108,50.961199383283486,51.34351611535872,18.958643516983845
WINNER,-15,rsi14,108,51.39313701062471,50.995774593733486,13.957764389168887
WINNER,-15,rsi24,108,51.344529340440516,50.99290097856184,11.124496760949969
WINNER,-15,macd_pct,108,0.0005455081659615933,0.00030315440308053724,0.007099592789298866
WINNER,-15,macd_signal_pct,108,0.0009898815717575135,0.0005305566784564749,0.006221818338466226
WINNER,-15,macd_hist_pct,108,-6.210846485327334e-05,-0.00022740227537593804,0.0019629032046576448
WINNER,-15,macd_fast_hist_pct,108,-0.0001374905515704544,-0.0002372478013598829,0.001919768622895829
WINNER,-15,atr14_pct,108,0.007487830736300358,0.00822855209015417,0.003825999159959297
WINNER,-15,bb_width,108,0.028296839486216342,0.03779916365138876,0.027184404841777206
WINNER,-15,bb_z,108,0.1695383667209709,0.06700421160445448,1.4391263943618302
WINNER,-15,stoch_k,108,51.325263909419746,54.05766281140887,27.93289311079806
WINNER,-15,stoch_d,108,57.3335791741221,54.54699947443435,26.22222974759171
WINNER,-15,cci20,108,21.955288227990913,3.2996498824081795,125.7536749472076
WINNER,-15,mfi14,108,52.59811046452323,50.681679007457745,20.051295320819634
WINNER,-15,adx14,108,27.06038519706609,28.517602073734608,12.811249238816874
WINNER,-15,close_vs_ema6,108,0.0003444677025629117,-0.0003506192353598556,0.00604512965955093
WINNER,-15,close_vs_ema12,108,0.000318980537120761,-0.0004464737135084321,0.00992238112408094
WINNER,-15,close_vs_ema24,108,0.0012023374370154771,-7.757850229446421e-05,0.015173530126022487
WINNER,-15,close_vs_ema48,108,0.002528679490429009,0.0010271392297393654,0.021865362480343212
WINNER,-15,close_vs_ema72,108,0.0012518675369435073,0.002039530217470106,0.026690101984717468
WINNER,-15,ema6_slope_3h,108,0.0004211091920015564,-0.00017584932878006237,0.005924216216509486
WINNER,-15,ema24_slope_6h,108,0.0005132448578588633,0.00011459099248031687,0.007443755699597569
WINNER,-15,ema72_slope_12h,108,0.0010889708545476218,0.001108593171906327,0.007919876655365329
WINNER,-15,close_vs_vwap24,108,0.0014768672579807962,0.0004936057289077272,0.014876723808502646
WINNER,-15,close_vs_vwap72,108,0.002987666414162149,0.003521704177529459,0.02672369194153923
WINNER,-14,log_ret,108,-0.0003259016364080005,-8.836777493113622e-05,0.004783938568087748
WINNER,-14,body_pct,108,-0.00032591891302491405,-7.693128535312306e-05,0.004789556643239081
WINNER,-14,range_pct,108,0.006369971506210659,0.007828192083795846,0.0052508874522272505
WINNER,-14,lower_wick,108,0.23025529258322341,0.28427889326114925,0.21750079964595798
WINNER,-14,upper_wick,108,0.21637844313593244,0.26039702877363324,0.2034209549118613
WINNER,-14,close_location,108,0.4673905291491086,0.48704681387383114,0.2999093180971227
WINNER,-14,volume_rel72,108,0.9431756038501187,1.3722157442047136,1.1127572859407204
WINNER,-14,trades_rel72,108,0.9438156625601143,1.2209524592534844,0.7794957263376802
WINNER,-14,taker_share,108,0.4928783347735391,0.49473908236303527,0.05918798919798619
WINNER,-14,rsi6,108,49.72492778651237,50.15776769114272,17.834664061882915
WINNER,-14,rsi14,108,50.95067239553347,50.569824487425706,13.55045815156212
WINNER,-14,rsi24,108,51.070105675786465,50.77641990837528,10.969299334718682
WINNER,-14,macd_pct,108,0.00040436636486600056,0.00022821801696288184,0.007187381594441246
WINNER,-14,macd_signal_pct,108,0.0007165388068467186,0.00046998364083195016,0.00635113017631765
WINNER,-14,macd_hist_pct,108,-0.00015525163020311476,-0.00024176562386906843,0.0019434629611648434
WINNER,-14,macd_fast_hist_pct,108,-8.085290638001988e-05,-0.0002243856903168978,0.0018264440983662966
WINNER,-14,atr14_pct,108,0.007578856662326387,0.008199269405951514,0.003885536759006047
WINNER,-14,bb_width,108,0.02835130551316654,0.03809572762207338,0.027529996385991764
WINNER,-14,bb_z,108,0.006888121847369784,0.011410505177969274,1.2873917099778427
WINNER,-14,stoch_k,108,48.88210177553687,50.693030406629084,27.092094821815127
WINNER,-14,stoch_d,108,55.645867744446946,53.023722688012676,26.268127668723977
WINNER,-14,cci20,108,12.525038088495965,1.985753871800385,113.13568944058134
WINNER,-14,mfi14,108,53.10511781751772,50.32864857289543,20.130512318084435
WINNER,-14,adx14,108,26.47481888940564,28.710207219857196,13.116828509374786
WINNER,-14,close_vs_ema6,108,-9.741475757463203e-05,-0.00031957617382388987,0.004856501560791068
WINNER,-14,close_vs_ema12,108,3.234128179652185e-05,-0.0004614827168030672,0.008952943504884531
WINNER,-14,close_vs_ema24,108,0.00039386150738651704,-0.00016320098681113092,0.014462878469250621
WINNER,-14,close_vs_ema48,108,0.0015127807378632063,0.0008881123455042913,0.02130336321258799
WINNER,-14,close_vs_ema72,108,-0.0005380272503863193,0.0018842979462937478,0.02619624610070821
WINNER,-14,ema6_slope_3h,108,0.0001254457713734114,-0.00032754357241633766,0.005885318310059039
WINNER,-14,ema24_slope_6h,108,0.0004030469672251513,7.241735473228832e-05,0.007400718524445443
WINNER,-14,ema72_slope_12h,108,0.0009425402988191278,0.001057364092731121,0.00805734712476319
WINNER,-14,close_vs_vwap24,108,0.0005666074562976631,0.0003779309841321406,0.014504735031952522
WINNER,-14,close_vs_vwap72,108,0.003085302983394156,0.003282877678601135,0.026168277450003684
WINNER,-13,log_ret,108,0.0003725542675280551,0.0006209758709595942,0.00544738352207269
WINNER,-13,body_pct,108,0.0003727013682008895,0.0006350963607740275,0.005454649971839756
WINNER,-13,range_pct,108,0.006361071341983493,0.007652341581220127,0.005034650706734974
WINNER,-13,lower_wick,108,0.261500403476417,0.2997887005928953,0.22657783648268925
WINNER,-13,upper_wick,108,0.17788337865051013,0.24337711242145235,0.216898466539903
WINNER,-13,close_location,108,0.6226899661879677,0.5679300354919089,0.3214583369311803
WINNER,-13,volume_rel72,108,0.906869177760004,1.2710706511828567,0.9376501383015057
WINNER,-13,trades_rel72,108,0.9845647560045974,1.1668316167155037,0.624613784284307
WINNER,-13,taker_share,108,0.49431570995269203,0.4999232164249196,0.05392207438348669
WINNER,-13,rsi6,108,52.976904925665075,50.99425342029924,15.989193340868528
WINNER,-13,rsi14,108,51.49089341892167,50.94056540964712,12.613857660740045
WINNER,-13,rsi24,108,50.771485527722845,50.997120109656464,10.465429088221843
WINNER,-13,macd_pct,108,0.00030229525282812145,0.00022237434034777322,0.007135857716069497
WINNER,-13,macd_signal_pct,108,0.0005020759963744513,0.0004222961855213691,0.0064404587152631235
WINNER,-13,macd_hist_pct,108,-0.00015106709938367816,-0.00019992184517359575,0.0017797601119898783
WINNER,-13,macd_fast_hist_pct,108,-0.00015118245660675098,-0.00011116148716968936,0.0015541080173975524
WINNER,-13,atr14_pct,108,0.007587890002971196,0.008179732165935701,0.00391283367318875
WINNER,-13,bb_width,108,0.029662707037626634,0.038030198407277185,0.027304495323429094
WINNER,-13,bb_z,108,0.20596947902232926,0.0857086645620152,1.186792148008719
WINNER,-13,stoch_k,108,54.47430684881026,52.37685801538118,25.035098586853323
WINNER,-13,stoch_d,108,51.734064672519494,52.37585041113976,24.85399666709419
WINNER,-13,cci20,108,23.012712643966672,5.184383313894936,100.27491118408066
WINNER,-13,mfi14,108,51.66700238170334,50.00328889973627,19.20228968342981
WINNER,-13,adx14,108,26.161637051110638,28.787107272567525,13.401169843298229
WINNER,-13,close_vs_ema6,108,0.0005622296418437145,0.00021194119683738019,0.004130697183114723
WINNER,-13,close_vs_ema12,108,0.0006905715825696879,0.000124107545137176,0.00753650192432885
WINNER,-13,close_vs_ema24,108,0.00114134985930181,0.00040184749290890547,0.013002035630094187
WINNER,-13,close_vs_ema48,108,0.0011509056517970961,0.0014257410714700696,0.020243034252460667
WINNER,-13,close_vs_ema72,108,-0.0006822309849929264,0.0024184500024446607,0.02549372202278441
WINNER,-13,ema6_slope_3h,108,0.00024896541139707296,-0.00016398005909485635,0.0051233443989847785
WINNER,-13,ema24_slope_6h,108,0.0004146679309287027,0.00011373708112901664,0.0072899373052467764
WINNER,-13,ema72_slope_12h,108,0.0006846966641843588,0.00102568135446221,0.008220737634214517
WINNER,-13,close_vs_vwap24,108,0.0011480590744100683,0.000953559844693013,0.013380262274203058
WINNER,-13,close_vs_vwap72,108,0.0031682365081863173,0.0037820725622408407,0.02547440056309645
WINNER,-12,log_ret,108,-0.0002773533153648349,0.00011040249748595571,0.006110172724006562
WINNER,-12,body_pct,108,-0.00027713325177503023,0.00012902918567872512,0.00608593578614736
WINNER,-12,range_pct,108,0.006320732267719009,0.008215608464694437,0.0063109755264791475
WINNER,-12,lower_wick,108,0.23809497607249178,0.2890885723599683,0.225077853967482
WINNER,-12,upper_wick,108,0.2191805668565283,0.24955841577654533,0.2109360307499377
WINNER,-12,close_location,108,0.5178473447987617,0.5158478481146027,0.3100138679940066
WINNER,-12,volume_rel72,108,0.9966311654630131,1.4195461965649439,1.457909517224429
WINNER,-12,trades_rel72,108,0.9761751688225426,1.2819658789850505,0.9307941883963938
WINNER,-12,taker_share,108,0.4874557132447237,0.48327484660514425,0.06849563699152464
WINNER,-12,rsi6,108,52.16011267287263,51.486454672652634,17.474167065762995
WINNER,-12,rsi14,108,52.71208239471517,51.17068262761809,13.236713339543115
WINNER,-12,rsi24,108,51.95876169193362,51.07514049503798,10.864052187100686
WINNER,-12,macd_pct,108,0.00046248894266985217,0.00021255595630566008,0.007148425497428623
WINNER,-12,macd_signal_pct,108,0.00012521368605234188,0.0003773135679694153,0.006531249249989515
WINNER,-12,macd_hist_pct,108,-5.2672881848375626e-05,-0.0001647576116637551,0.0017390226928393512
WINNER,-12,macd_fast_hist_pct,108,3.979220130429352e-05,-3.7264752680160285e-05,0.0017542157612022954
WINNER,-12,atr14_pct,108,0.007386522571789183,0.008210378275875077,0.0039546840036351425
WINNER,-12,bb_width,108,0.028873936118279882,0.03785164809387082,0.027361095840797673
WINNER,-12,bb_z,108,0.19458851681188025,0.13320468465319946,1.2323922829948861
WINNER,-12,stoch_k,108,55.54545954429132,53.74340580426051,25.567414436164878
WINNER,-12,stoch_d,108,54.491630360357796,52.271098075423645,23.59976448404685
WINNER,-12,cci20,108,27.77676936886491,12.357502618937065,101.65003334785065
WINNER,-12,mfi14,108,50.83323307179542,50.743585538482414,19.64640586522163
WINNER,-12,adx14,108,26.990060343212477,28.923737446693103,13.566822121615532
WINNER,-12,close_vs_ema6,108,0.00033722346493358923,0.00023464686407377434,0.005899576774422491
WINNER,-12,close_vs_ema12,108,0.0010602604410723249,0.0002087250843938953,0.009131230335148833
WINNER,-12,close_vs_ema24,108,0.0015704724914443746,0.00048571360116376463,0.014169187695657283
WINNER,-12,close_vs_ema48,108,0.0023514089633683843,0.0014933618113616637,0.021209397488703142
WINNER,-12,close_vs_ema72,108,0.001221211864248506,0.0024841005320123143,0.02641603509965882
WINNER,-12,ema6_slope_3h,108,0.0005686736977219553,6.872430373005802e-05,0.004872418288945725
WINNER,-12,ema24_slope_6h,108,0.0006524375711326469,0.00015076492658256863,0.007114908575184849
WINNER,-12,ema72_slope_12h,108,0.00048245016370906946,0.0009917522141149233,0.008362666717031727
WINNER,-12,close_vs_vwap24,108,0.002230698898427752,0.0011208433220327902,0.01454721482132806
WINNER,-12,close_vs_vwap72,108,0.0047566477192243495,0.0038554577160765944,0.026556014585260978
WINNER,-11,log_ret,108,-0.0006581218411040599,-0.0004204210757992586,0.005040522968289659
WINNER,-11,body_pct,108,-0.0006579049438740769,-0.00040767115104735097,0.005013394101129163
WINNER,-11,range_pct,108,0.006453260123521765,0.007962099772031241,0.0076673375521492
WINNER,-11,lower_wick,108,0.2142041075961603,0.250298735181242,0.19246221052371096
WINNER,-11,upper_wick,108,0.22507043168995192,0.269168562642553,0.2089046191527858
WINNER,-11,close_location,108,0.4817622125344321,0.4755295009465005,0.3007211447247751
WINNER,-11,volume_rel72,108,0.9361186326825706,1.4617358175131034,1.9753292290789295
WINNER,-11,trades_rel72,108,0.9692588635775756,1.2856310205102797,1.102699384312192
WINNER,-11,taker_share,108,0.49212049014999476,0.48741577827663646,0.05497883894400238
WINNER,-11,rsi6,108,53.41000166843202,50.611371273116006,16.055550673386026
WINNER,-11,rsi14,108,52.019455881807815,50.873336306632005,12.432953016802069
WINNER,-11,rsi24,108,51.002914258629374,50.90855200985671,10.47307158861057
WINNER,-11,macd_pct,108,0.0004402914240093955,0.0001703680683488537,0.007174050572821975
WINNER,-11,macd_signal_pct,108,0.00019433865435078,0.00033484114290234333,0.006613256771238443
WINNER,-11,macd_hist_pct,108,-1.672303403129061e-05,-0.00016447307455348954,0.0017435980870639735
WINNER,-11,macd_fast_hist_pct,108,9.149023004772708e-05,-5.504668491530354e-05,0.002000901309656539
WINNER,-11,atr14_pct,108,0.007336127253605584,0.008249572590884626,0.004045875066560769
WINNER,-11,bb_width,108,0.029184961963383167,0.03745448786479414,0.02732395413124847
WINNER,-11,bb_z,108,0.25951794029516767,0.11494364633449011,1.232594495455382
WINNER,-11,stoch_k,108,55.93108175458348,52.83816897808627,25.242775024154216
WINNER,-11,stoch_d,108,56.31044880211661,52.98614426590939,23.146199861860428
WINNER,-11,cci20,108,23.634524056312188,14.244277746573804,109.02416000336048
WINNER,-11,mfi14,108,53.772534744930866,51.605499812433635,19.59790403622975
WINNER,-11,adx14,108,26.43758217995031,29.062561075454337,13.697955910347952
WINNER,-11,close_vs_ema6,108,0.00041145606823245195,-0.0001341403678173236,0.0060112981779319105
WINNER,-11,close_vs_ema12,108,0.0009325961597892451,-0.00017891676060735606,0.009249900212392196
WINNER,-11,close_vs_ema24,108,0.0012792013901818944,6.029159502101124e-05,0.014163210349560579
WINNER,-11,close_vs_ema48,108,0.001841878530378871,0.0010303541059782516,0.02120917771255387
WINNER,-11,close_vs_ema72,108,0.0019646646737209172,0.002009431235419442,0.02643231610326021
WINNER,-11,ema6_slope_3h,108,0.0005378816447344503,0.0001482819404698492,0.005686987259276072
WINNER,-11,ema24_slope_6h,108,0.000819563998290973,0.0001071480038187512,0.007024684868281387
WINNER,-11,ema72_slope_12h,108,0.0001338380738931111,0.0009258647545319682,0.008498921037733441
WINNER,-11,close_vs_vwap24,108,0.0019106928882656193,0.0008501378608506642,0.013707654305752156
WINNER,-11,close_vs_vwap72,108,0.004578525760200902,0.003446703297083487,0.026259630385803163
WINNER,-10,log_ret,108,7.468063026964513e-05,6.383349966810478e-05,0.0049510144787427365
WINNER,-10,body_pct,108,7.48251698130531e-05,7.608327499284891e-05,0.004950370634252405
WINNER,-10,range_pct,108,0.005916122944770619,0.007703961833724898,0.005698288718191125
WINNER,-10,lower_wick,108,0.26373268604504857,0.3190801887616723,0.2323674091523456
WINNER,-10,upper_wick,108,0.22238477976316973,0.2597785887169144,0.19624945278472242
WINNER,-10,close_location,108,0.5527435245352541,0.5367266534915848,0.28505094781012014
WINNER,-10,volume_rel72,108,1.0183833081536902,1.501058800983299,2.0450740696990084
WINNER,-10,trades_rel72,108,0.9983342872245589,1.3039972670816065,1.1300748729386638
WINNER,-10,taker_share,108,0.4956748183266485,0.4922029412104473,0.061851716770710774
WINNER,-10,rsi6,108,52.81262343725663,50.88689374782412,17.144348322318955
WINNER,-10,rsi14,108,52.38226013707313,51.029450377683915,12.712150334550273
WINNER,-10,rsi24,108,51.41906349644054,50.97129124860275,10.583020860864607
WINNER,-10,macd_pct,108,0.00039719793842704534,0.00014064773334818725,0.007172460560677387
WINNER,-10,macd_signal_pct,108,0.0001634387489288057,0.000295613332815123,0.006678989436718418
WINNER,-10,macd_hist_pct,108,-8.744637958164281e-05,-0.00015496559946693547,0.0017420391343407956
WINNER,-10,macd_fast_hist_pct,108,-2.300613024935758e-05,-4.8251378060561185e-05,0.0020540957539573537
WINNER,-10,atr14_pct,108,0.007387252644012111,0.008220795682813196,0.003980916518813495
WINNER,-10,bb_width,108,0.028426020611980317,0.03705129692660309,0.026985320191323638
WINNER,-10,bb_z,108,0.10759855015186727,0.12861611946992746,1.3074715412202846
WINNER,-10,stoch_k,108,59.235364047303875,53.782013875322164,27.248313601906986
WINNER,-10,stoch_d,108,56.7229934029867,53.45452955255638,24.154075792989257
WINNER,-10,cci20,108,12.707477559060184,11.80689855669593,114.16269181601062
WINNER,-10,mfi14,108,50.14728794023051,50.76799047770634,18.823770370455275
WINNER,-10,adx14,108,26.00246037303925,29.167541400641383,13.79234526197382
WINNER,-10,close_vs_ema6,108,0.0003993977638665491,-5.404009012690702e-05,0.005545716273828253
WINNER,-10,close_vs_ema12,108,0.0008651107498752753,-0.00010200426417661904,0.008825575917353834
WINNER,-10,close_vs_ema24,108,0.0015759248828528527,0.00010805634305702044,0.01375817283466197
WINNER,-10,close_vs_ema48,108,0.0022705628119237264,0.0010415635480708093,0.020830964788779105
WINNER,-10,close_vs_ema72,108,0.003231154877052722,0.002006689725661983,0.02604086851665939
WINNER,-10,ema6_slope_3h,108,0.0006711993451566922,4.6384243284736115e-05,0.006242740111479143
WINNER,-10,ema24_slope_6h,108,0.0006084126315087923,9.919846247476109e-05,0.006897946925839289
WINNER,-10,ema72_slope_12h,108,0.00017651361402526433,0.0008561945167666382,0.008564400496902956
WINNER,-10,close_vs_vwap24,108,0.0015757450350980529,0.0009443479405617331,0.012998911728327251
WINNER,-10,close_vs_vwap72,108,0.0047492460469737985,0.0035267444099147385,0.025873962026208536
WINNER,-9,log_ret,108,-0.00029799407541156034,-0.00023954163835293295,0.004740622010397074
WINNER,-9,body_pct,108,-0.0002979485551920513,-0.00022829452688970397,0.00473088616945684
WINNER,-9,range_pct,108,0.006527606377931927,0.007563745379858957,0.004419686485884189
WINNER,-9,lower_wick,108,0.22303429303707967,0.2521700579563319,0.1872783522662444
WINNER,-9,upper_wick,108,0.26807602364077077,0.2967977669845347,0.22283592897998708
WINNER,-9,close_location,108,0.417065058156881,0.475219851659807,0.3134718471271606
WINNER,-9,volume_rel72,108,0.9639042404723501,1.342854903349492,0.9488740068435948
WINNER,-9,trades_rel72,108,0.9872905176413624,1.2204634262650982,0.6387439498244228
WINNER,-9,taker_share,108,0.4943692193981794,0.49889345314456746,0.06015182771521798
WINNER,-9,rsi6,108,50.164262282143625,50.39818005820624,15.852008943333033
WINNER,-9,rsi14,108,51.122663069711024,50.77832913243647,11.84544509728214
WINNER,-9,rsi24,108,51.19326235057094,50.838254357599844,10.09036561318641
WINNER,-9,macd_pct,108,0.0006044733433856848,9.781320699174241e-05,0.007127573375104935
WINNER,-9,macd_signal_pct,108,0.0003950554181161042,0.00025738726492345907,0.0067203183926723515
WINNER,-9,macd_hist_pct,108,2.351929511093006e-05,-0.00015957405793171696,0.0017348199156317656
WINNER,-9,macd_fast_hist_pct,108,-3.218835071073006e-05,-7.078428040369379e-05,0.0020419867230145657
WINNER,-9,atr14_pct,108,0.007206194369031492,0.008161194577786109,0.004010069187204733
WINNER,-9,bb_width,108,0.027132404970988545,0.036034089682727914,0.026676639138268583
WINNER,-9,bb_z,108,-0.06592271609822231,0.04626011710055011,1.2591227116016646
WINNER,-9,stoch_k,108,52.26446267964765,52.15527413530671,25.588367679201333
WINNER,-9,stoch_d,108,55.90142775153158,52.925152329571766,24.15514727384303
WINNER,-9,cci20,108,3.3113384939552266,10.239076500040438,114.90764897609695
WINNER,-9,mfi14,108,52.94487699611014,50.824118926379775,18.165086678872907
WINNER,-9,adx14,108,25.671476488398973,29.206682255283837,13.796348351602951
WINNER,-9,close_vs_ema6,108,0.00015731340858327059,-0.000212958344722821,0.00505944148498696
WINNER,-9,close_vs_ema12,108,2.7040798924404807e-05,-0.0002942063030953878,0.008213805807090982
WINNER,-9,close_vs_ema24,108,0.00033580508942998577,-0.00012995695612015527,0.013052038270457589
WINNER,-9,close_vs_ema48,108,0.001995364101598396,0.0007559240773266229,0.020145091059197835
WINNER,-9,close_vs_ema72,108,0.003547115437394277,0.0017044577266118086,0.02545345161835948
WINNER,-9,ema6_slope_3h,108,0.00010180397405390451,-0.00013535821216082084,0.005916597559453549
WINNER,-9,ema24_slope_6h,108,0.0007425518856634117,9.30516278478204e-05,0.0066923599313594906
WINNER,-9,ema72_slope_12h,108,0.0002419494109853204,0.0007979063237603873,0.008562723189294049
WINNER,-9,close_vs_vwap24,108,0.000599003782454921,0.0005788817316007606,0.012290977758708143
WINNER,-9,close_vs_vwap72,108,0.00447648924746058,0.0032901772530608575,0.02512078927621493
WINNER,-8,log_ret,108,0.000168653495464777,1.2194814892516222e-05,0.004835249245785314
WINNER,-8,body_pct,108,0.0001685470288498303,2.3875718247510185e-05,0.004836484936977294
WINNER,-8,range_pct,108,0.006045893853977691,0.007795301085756673,0.004986079107990602
WINNER,-8,lower_wick,108,0.26916643376052807,0.3059400887402156,0.21360835758681967
WINNER,-8,upper_wick,108,0.209686279575438,0.2596198122589991,0.19523575542505725
WINNER,-8,close_location,108,0.540264240162958,0.5320147466591824,0.27025366204688006
WINNER,-8,volume_rel72,108,0.9127893098672204,1.404078607847714,1.4728942112880916
WINNER,-8,trades_rel72,108,1.033185950024488,1.260095260006936,0.9325860177724267
WINNER,-8,taker_share,108,0.4925224719313429,0.49135777919058204,0.05536528850504696
WINNER,-8,rsi6,108,49.552000946857746,50.657738950666584,16.86960376608148
WINNER,-8,rsi14,108,50.125802486261406,50.80068338203963,11.993689462842708
WINNER,-8,rsi24,108,51.14703144318943,50.84887918965238,10.091039495091854
WINNER,-8,macd_pct,108,0.0006142007571689695,5.711283824343374e-05,0.007106996358095034
WINNER,-8,macd_signal_pct,108,0.0005150122130915692,0.0002141484936599204,0.0067401724894214695
WINNER,-8,macd_hist_pct,108,7.250056129386913e-05,-0.00015703565541648674,0.0017418920700255898
WINNER,-8,macd_fast_hist_pct,108,1.3591750599752894e-05,-7.088646904890096e-05,0.002013359679308272
WINNER,-8,atr14_pct,108,0.007199210346294071,0.008114070537894764,0.003905830768207219
WINNER,-8,bb_width,108,0.02835962779320269,0.03552353376570271,0.026176372883343926
WINNER,-8,bb_z,108,0.008811903941113213,0.008070128497671178,1.3154579850710926
WINNER,-8,stoch_k,108,56.895600306326386,52.58518037548396,25.73734967883474
WINNER,-8,stoch_d,108,56.72148452713263,52.840822795371,24.191071674133138
WINNER,-8,cci20,108,-1.2218727708201207,1.4568218111174844,117.36043810454464
WINNER,-8,mfi14,108,52.03947985201591,49.83568000224984,17.874617937632127
WINNER,-8,adx14,108,25.363329681771944,29.197976067718773,13.802388166602604
WINNER,-8,close_vs_ema6,108,0.0005121004558331643,-0.00014449672021381156,0.005192554008265094
WINNER,-8,close_vs_ema12,108,3.6568262322955736e-05,-0.00023807758520629199,0.008448929119333499
WINNER,-8,close_vs_ema24,108,-0.00046069120446046163,-0.00010550462754643466,0.013349750729535741
WINNER,-8,close_vs_ema48,108,0.002059109741313292,0.0007421495299731925,0.020451435423529975
WINNER,-8,close_vs_ema72,108,0.004482135359828332,0.0016757283793411436,0.025718521746160915
WINNER,-8,ema6_slope_3h,108,0.00021360686643345783,-0.00014194662291466202,0.005631486649610139
WINNER,-8,ema24_slope_6h,108,0.0008660775515662023,9.76980717696108e-05,0.006647988066877434
WINNER,-8,ema72_slope_12h,108,0.0003120704147338005,0.000769034433468959,0.008545094770533218
WINNER,-8,close_vs_vwap24,108,-1.4738731140551131e-05,0.0005402038360983319,0.012613655590832
WINNER,-8,close_vs_vwap72,108,0.004913866844922676,0.0032594121030979093,0.025358272088062444
WINNER,-7,log_ret,108,-0.0004490226861076809,-0.0007137437932429257,0.00669950287245129
WINNER,-7,body_pct,108,-0.0004489157587661552,-0.0006907721566029549,0.006659032659052216
WINNER,-7,range_pct,108,0.0064594535658231145,0.007984651406018952,0.006691727542050487
WINNER,-7,lower_wick,108,0.2358113664431271,0.2857525946703551,0.21588295166952343
WINNER,-7,upper_wick,108,0.21914585804287146,0.2625613885200083,0.19883682608617914
WINNER,-7,close_location,108,0.49144164268605606,0.48889432740654776,0.2943475160072416
WINNER,-7,volume_rel72,108,0.9564963780080022,1.31027670106379,1.1835049905939974
WINNER,-7,trades_rel72,108,0.9693098608851142,1.203860404886727,0.8054269013676617
WINNER,-7,taker_share,108,0.49214691797798393,0.487402495395884,0.060744810799285884
WINNER,-7,rsi6,108,49.91164965450426,49.10511634913051,15.812094305713448
WINNER,-7,rsi14,108,48.1982031046272,50.227961219188785,11.50884047771437
WINNER,-7,rsi24,108,50.30877630415813,50.543204457232385,9.791916705439373
WINNER,-7,macd_pct,108,0.0005023860878160006,-2.945530696568917e-05,0.007087119249833622
WINNER,-7,macd_signal_pct,108,0.0005657990577111237,0.00016589187796431655,0.006761569387274846
WINNER,-7,macd_hist_pct,108,-0.0001957088649682935,-0.00019534718493000562,0.0017445133094697455
WINNER,-7,macd_fast_hist_pct,108,-0.00025463276470496447,-0.00015315736570785374,0.001954268548804323
WINNER,-7,atr14_pct,108,0.0071817734729894235,0.008066065134957086,0.003896499095235769
WINNER,-7,bb_width,108,0.026966317216381975,0.03490456757271307,0.025936661422441762
WINNER,-7,bb_z,108,-0.14237218888386227,-0.10693744301550383,1.2180616674102136
WINNER,-7,stoch_k,108,47.23105877508636,49.944729001683854,25.525553923130893
WINNER,-7,stoch_d,108,52.36103278934554,51.56172783749156,23.18842804073277
WINNER,-7,cci20,108,-11.7198163320514,-4.832773548948216,108.04360875251533
WINNER,-7,mfi14,108,49.95965934296377,49.201853767762024,17.468402059150417
WINNER,-7,adx14,108,25.437141001033424,29.079456408044923,13.710298947886388
WINNER,-7,close_vs_ema6,108,-0.0004453829743048532,-0.0006131174392371019,0.005592058298385883
WINNER,-7,close_vs_ema12,108,-0.0003092465520099785,-0.0008050746379398894,0.008575048213508442
WINNER,-7,close_vs_ema24,108,-0.001613018056577098,-0.000755167462390853,0.01320547826171466
WINNER,-7,close_vs_ema48,108,0.0004900621026967533,2.2918742750867355e-05,0.02018726446921703
WINNER,-7,close_vs_ema72,108,0.0035153944884668276,0.0009304106927021948,0.025478343504449035
WINNER,-7,ema6_slope_3h,108,0.00014123131442345116,-0.00036769180778513226,0.005217249029972454
WINNER,-7,ema24_slope_6h,108,0.00062646037398284,-2.661009648811067e-06,0.006674183109603317
WINNER,-7,ema72_slope_12h,108,0.0007312324841413087,0.0007324240376486003,0.008519919860091655
WINNER,-7,close_vs_vwap24,108,-0.0008177289137955568,-0.00016489021014230566,0.012281928457950906
WINNER,-7,close_vs_vwap72,108,0.0033988765120923636,0.0025283502057069475,0.024858213829151203
WINNER,-6,log_ret,108,-0.00024720788469871673,-0.0011246669345929266,0.006169595123994376
WINNER,-6,body_pct,108,-0.00024718498666065347,-0.0011050740267227691,0.006139072075145671
WINNER,-6,range_pct,108,0.006147620682525168,0.008882437324083376,0.009507185695405495
WINNER,-6,lower_wick,108,0.2466435008250844,0.2853003679446326,0.21201503355848006
WINNER,-6,upper_wick,108,0.22495696812045324,0.2715326258561725,0.2235014765125635
WINNER,-6,close_location,108,0.5245046162058202,0.5028687736912892,0.30760826258827006
WINNER,-6,volume_rel72,108,0.9964420681412082,1.4907683913930654,2.05875469410955
WINNER,-6,trades_rel72,108,1.0010713131552547,1.3182883755912103,1.1854745418795734
WINNER,-6,taker_share,108,0.48729126088044694,0.4850374649400834,0.056859463140790725
WINNER,-6,rsi6,108,49.22533351598304,48.54851655899766,16.32706851546689
WINNER,-6,rsi14,108,49.51837661441448,49.803562452142216,11.628576184609566
WINNER,-6,rsi24,108,49.943317671502484,50.241626550387174,9.854531444235645
WINNER,-6,macd_pct,108,0.00042404021774366006,-0.0002027187290316695,0.007234374492028902
WINNER,-6,macd_signal_pct,108,0.0003024742445304685,8.26569101412888e-05,0.006813380287456021
WINNER,-6,macd_hist_pct,108,-0.00017661898108743628,-0.0002853756391729582,0.0018289937004085442
WINNER,-6,macd_fast_hist_pct,108,-0.00028231642545175435,-0.0003162306627744604,0.0020198456806915263
WINNER,-6,atr14_pct,108,0.007211292302874785,0.008093685170556083,0.004110497194706167
WINNER,-6,bb_width,108,0.027260406840993373,0.03413608293566916,0.026190716388067657
WINNER,-6,bb_z,108,-0.14937285669599892,-0.1349965818854848,1.28085009263348
WINNER,-6,stoch_k,108,49.908891322185994,50.297070442861205,26.518807417347013
WINNER,-6,stoch_d,108,50.119046536027625,50.942326606676396,23.022079000254248
WINNER,-6,cci20,108,-17.79787204389673,-9.881477482044673,109.30686691772895
WINNER,-6,mfi14,108,52.558025262629045,49.73482639632277,17.566545820389322
WINNER,-6,adx14,108,24.413216169412262,28.965198336065132,13.706711115246607
WINNER,-6,close_vs_ema6,108,-4.8040482803046736e-05,-0.0012391423990733646,0.006547537568604311
WINNER,-6,close_vs_ema12,108,-0.00042004567708081586,-0.0016221741995819672,0.009960643728586583
WINNER,-6,close_vs_ema24,108,-0.0007094538356501867,-0.0017069602291687335,0.014840692686247145
WINNER,-6,close_vs_ema48,108,-8.323263335702213e-05,-0.0010213181703711415,0.02183099808277586
WINNER,-6,close_vs_ema72,108,0.0008805962318957361,-0.00014652429414079991,0.027043380610527926
WINNER,-6,ema6_slope_3h,108,-0.00027219824303093,-0.0007734118936101577,0.005760930496596757
WINNER,-6,ema24_slope_6h,108,-7.656790035359684e-05,-0.00019307179582440167,0.006689406666646855
WINNER,-6,ema72_slope_12h,108,0.0010472278390241119,0.0006634769850446141,0.008511272414852226
WINNER,-6,close_vs_vwap24,108,-0.0009395413051042079,-0.0010732717244518412,0.013508531241154793
WINNER,-6,close_vs_vwap72,108,0.0029908238502948103,0.001525977493579361,0.025735495339686398
WINNER,-5,log_ret,108,-0.00020600954570583954,-0.0014552453933531929,0.005471329082500413
WINNER,-5,body_pct,108,-0.0002059880329127184,-0.0014393966775725713,0.005453051853857307
WINNER,-5,range_pct,108,0.006311842602696016,0.008160338441214941,0.005867780438045654
WINNER,-5,lower_wick,108,0.31193892562072967,0.32973632391120905,0.22266888756572234
WINNER,-5,upper_wick,108,0.1917192770466915,0.2581959010779872,0.2058560506568592
WINNER,-5,close_location,108,0.49510578857145404,0.5025393571757456,0.29636103757737414
WINNER,-5,volume_rel72,108,1.0799836956444584,1.4244736452949394,1.233178063648138
WINNER,-5,trades_rel72,108,1.076815900659086,1.3090645392477807,0.83083782819596
WINNER,-5,taker_share,108,0.4928763373070342,0.49003355889637656,0.05476891984030123
WINNER,-5,rsi6,108,47.04738627129336,46.67838097232092,16.781980857675478
WINNER,-5,rsi14,108,47.992572351390635,48.66366427654273,11.643475557152852
WINNER,-5,rsi24,108,49.79650649441498,49.506623737355454,9.773182796807925
WINNER,-5,macd_pct,108,0.0002344972806119233,-0.0004355361954118969,0.007191648657027162
WINNER,-5,macd_signal_pct,108,0.0003889123361838435,-1.64175666356057e-05,0.006824030363766569
WINNER,-5,macd_hist_pct,108,-0.0002709892131261515,-0.00041911862877629097,0.00180272673529545
WINNER,-5,macd_fast_hist_pct,108,-0.0005721847760455292,-0.0005347217562363222,0.002047669251897508
WINNER,-5,atr14_pct,108,0.007044275995754598,0.00807694287327445,0.004062035539749099
WINNER,-5,bb_width,108,0.02529234535924873,0.03312290916050294,0.02601356078461697
WINNER,-5,bb_z,108,-0.1698673873352884,-0.24909074323571778,1.2506028487309104
WINNER,-5,stoch_k,108,45.70432967615239,47.95197088479778,26.94080261361367
WINNER,-5,stoch_d,108,49.00498805063033,49.39792344311433,23.678048010682044
WINNER,-5,cci20,108,-24.007554667278164,-18.370974575318254,111.02797508985886
WINNER,-5,mfi14,107,51.19144525837431,49.10040196915228,17.52087016220975
WINNER,-5,adx14,108,24.817737052664945,28.962596997613534,13.686645947698185
WINNER,-5,close_vs_ema6,108,-0.0004187457283790774,-0.0019288625723398044,0.005915610997372908
WINNER,-5,close_vs_ema12,108,-0.0008915195639637719,-0.002610928807032523,0.009081700309896247
WINNER,-5,close_vs_ema24,108,-0.0009769900952065202,-0.002922023183386853,0.013803978407998125
WINNER,-5,close_vs_ema48,108,-0.0003084997185690552,-0.0023963788957615897,0.02079437039003553
WINNER,-5,close_vs_ema72,108,0.0003792109453341075,-0.001584793813636842,0.026032855113829367
WINNER,-5,ema6_slope_3h,108,-0.00043678712598493874,-0.0014818452043624212,0.006344929234307355
WINNER,-5,ema24_slope_6h,108,-0.000282250576453702,-0.0004530694049327842,0.006576846394795261
WINNER,-5,ema72_slope_12h,108,0.0011934200769743164,0.0005404750345838781,0.008501062797952956
WINNER,-5,close_vs_vwap24,108,-0.0007384555130650616,-0.002348716224433167,0.01293022039138344
WINNER,-5,close_vs_vwap72,108,0.0020511159562951464,5.183454528881676e-05,0.024911787298976515
WINNER,-4,log_ret,108,-0.0005416960585890273,-0.0010113197551922847,0.005480339087841382
WINNER,-4,body_pct,108,-0.000541628109617498,-0.000995496936422125,0.005475201845242346
WINNER,-4,range_pct,108,0.006277830812541185,0.008359441381756587,0.005795660181204089
WINNER,-4,lower_wick,108,0.2812717285262678,0.3299002671675122,0.2357196882765882
WINNER,-4,upper_wick,108,0.19209966994220232,0.24454221191888104,0.20551934425249727
WINNER,-4,close_location,108,0.5051720802078461,0.507996419090664,0.30984832654060246
WINNER,-4,volume_rel72,108,1.047226795988303,1.4236812872035842,1.263458474508815
WINNER,-4,trades_rel72,108,1.0974148241846622,1.3570099175962616,0.8857950881919658
WINNER,-4,taker_share,108,0.48323130663599106,0.4831226544812847,0.053413096972631934
WINNER,-4,rsi6,108,47.45030347196702,45.40088487449593,16.011593519360815
WINNER,-4,rsi14,108,48.11598034120948,47.881908660820365,11.16730313017482
WINNER,-4,rsi24,108,49.47325568194232,49.008097172392894,9.430401311593116
WINNER,-4,macd_pct,108,0.0002987170109220739,-0.0006932470244756288,0.007066024601774624
WINNER,-4,macd_signal_pct,108,0.00025376441366437025,-0.00014581096756518836,0.006811784343230965
WINNER,-4,macd_hist_pct,108,-0.0004962696121235533,-0.0005474360569104402,0.0017947841372506807
WINNER,-4,macd_fast_hist_pct,108,-0.0005529901526444182,-0.000689421438108128,0.0020517970235828004
WINNER,-4,atr14_pct,108,0.007284763338401589,0.008049609248882069,0.003965428347925996
WINNER,-4,bb_width,108,0.025030152563526996,0.03250110541913286,0.025584796221043114
WINNER,-4,bb_z,108,-0.3952551532542041,-0.3619265236388305,1.188945376711168
WINNER,-4,stoch_k,108,46.725054019879124,45.64134535471106,25.849102003749998
WINNER,-4,stoch_d,108,45.02129145856388,47.96346222745674,23.5405072876947
WINNER,-4,cci20,108,-29.299432203093282,-30.58966168345516,105.49866327638166
WINNER,-4,mfi14,107,47.55515573441409,48.201216208786704,16.972989591326574
WINNER,-4,adx14,108,25.03834174950392,28.888343137082206,13.670388193038617
WINNER,-4,close_vs_ema6,108,-0.00036757124294506394,-0.0021042959081876422,0.005284264196654499
WINNER,-4,close_vs_ema12,108,-0.0005191119889837448,-0.0030713945191833845,0.008221558451632105
WINNER,-4,close_vs_ema24,108,-0.0019226686290406692,-0.0036314040285072104,0.01266661981202013
WINNER,-4,close_vs_ema48,108,-0.0009199182747200441,-0.0032905346493799894,0.019591919864416257
WINNER,-4,close_vs_ema72,108,-0.0007234451367555406,-0.0025498522119943405,0.024995865899178946
WINNER,-4,ema6_slope_3h,108,-0.0006620917155223394,-0.002078570607627486,0.006129654080752309
WINNER,-4,ema24_slope_6h,108,-0.0005409260968526342,-0.0007790247683958311,0.00643353662708053
WINNER,-4,ema72_slope_12h,108,0.0012021152210550667,0.0004016738645383211,0.008461035701519624
WINNER,-4,close_vs_vwap24,108,-0.0027948615535826615,-0.0030771505255196047,0.011911193986128847
WINNER,-4,close_vs_vwap72,108,-0.0003434551785851947,-0.00095561296685617,0.0236314746353453
WINNER,-3,log_ret,108,-0.0014597872844101575,-0.002192146723194926,0.006332671685704489
WINNER,-3,body_pct,108,-0.0014587223001622518,-0.002169756795406694,0.006295477177646365
WINNER,-3,range_pct,108,0.008064496494391005,0.009134475409256397,0.006256260003743136
WINNER,-3,lower_wick,108,0.25788068861082747,0.28991801034790643,0.20306031093918983
WINNER,-3,upper_wick,108,0.21370845074591538,0.25063886490278975,0.18637161494843815
WINNER,-3,close_location,108,0.4001607831831228,0.43500974412507026,0.2774248333040421
WINNER,-3,volume_rel72,108,1.0838905683781905,1.5351513855829328,1.4545346288165026
WINNER,-3,trades_rel72,108,1.108108425869848,1.4036355111505825,0.8782298082679127
WINNER,-3,taker_share,108,0.4776271722156794,0.4784494684697161,0.05769809881499892
WINNER,-3,rsi6,108,41.14429606042461,41.666431667156345,14.634420252623789
WINNER,-3,rsi14,108,45.743553852669464,46.14924251271494,10.614024102403324
WINNER,-3,rsi24,108,48.37144985406098,47.947395130161745,9.065862667329919
WINNER,-3,macd_pct,108,-0.00012038042898842482,-0.0010675538062487522,0.006938531576851166
WINNER,-3,macd_signal_pct,108,0.00023333036372958136,-0.0003293372696437017,0.006811947031721946
WINNER,-3,macd_hist_pct,108,-0.0006516419409166015,-0.0007382165366050507,0.0017351615864653178
WINNER,-3,macd_fast_hist_pct,108,-0.0008004745517969565,-0.0009412339748804672,0.001920672230038885
WINNER,-3,atr14_pct,108,0.007522494782856156,0.008099349738135747,0.0039361436077180074
WINNER,-3,bb_width,108,0.02553936282577067,0.032281465523199444,0.024734580087032967
WINNER,-3,bb_z,108,-0.7925155018132181,-0.6068144138470719,1.170270663699829
WINNER,-3,stoch_k,108,36.514885735749445,40.26274863305707,23.72528772382996
WINNER,-3,stoch_d,108,40.69647483977852,44.61868829085537,22.729658878501155
WINNER,-3,cci20,108,-62.96114227424343,-48.182119864286705,104.74295967186319
WINNER,-3,mfi14,107,44.10157016973763,46.17700103476329,16.737268510264233
WINNER,-3,adx14,108,24.987268450916684,28.812541633928,13.61200559817066
WINNER,-3,close_vs_ema6,108,-0.0020032012206562255,-0.003070479298270195,0.004871146966657872
WINNER,-3,close_vs_ema12,108,-0.00326448404994234,-0.004455385218738128,0.007475819059919158
WINNER,-3,close_vs_ema24,108,-0.0033939478491012975,-0.005360744930622617,0.011803126111368387
WINNER,-3,close_vs_ema48,108,-0.0027233315119052914,-0.005266210348439342,0.01871665205052451
WINNER,-3,close_vs_ema72,108,-0.0016704821290097205,-0.004623291733967409,0.02413938401776849
WINNER,-3,ema6_slope_3h,108,-0.0011196735054147533,-0.0028153657820502924,0.005230353857551937
WINNER,-3,ema24_slope_6h,108,-0.0007190813911364113,-0.0012339277557053027,0.006353824085921937
WINNER,-3,ema72_slope_12h,108,0.0009576875550663111,0.00021327469320974262,0.008383974420538919
WINNER,-3,close_vs_vwap24,108,-0.004047083870792945,-0.004945527777760678,0.011017476642068825
WINNER,-3,close_vs_vwap72,108,-0.002067923034360042,-0.0030696035627160827,0.02293528800217626
WINNER,-2,log_ret,108,-0.0015609064627986084,-0.002411075054274366,0.00601995765702557
WINNER,-2,body_pct,108,-0.001559760404631072,-0.0023901697172670953,0.0059825970333838435
WINNER,-2,range_pct,108,0.006995437522390291,0.009825500189286145,0.00931328392490005
WINNER,-2,lower_wick,108,0.2559490830653063,0.29010806170673165,0.2202510476730571
WINNER,-2,upper_wick,108,0.19360614018489736,0.25228447571602125,0.2103778109165605
WINNER,-2,close_location,108,0.4124243718593821,0.43830340539461765,0.30440489899414447
WINNER,-2,volume_rel72,108,1.0856849361109133,1.7526659313129127,2.235376184468592
WINNER,-2,trades_rel72,108,1.0837236198105369,1.5970312702180212,1.544980222324045
WINNER,-2,taker_share,108,0.47632872667433146,0.4771946769981619,0.0474279153300441
WINNER,-2,rsi6,108,37.79100321329743,38.89423433119195,13.401246067108222
WINNER,-2,rsi14,108,45.15618053261312,44.56644511573837,10.10368693315846
WINNER,-2,rsi24,108,47.34001710773258,46.9209799817003,8.79226595889521
WINNER,-2,macd_pct,108,-0.0005240962202104509,-0.0015526384844577374,0.006927399656340665
WINNER,-2,macd_signal_pct,108,5.815900985550955e-05,-0.0005788262104841499,0.006824378619370497
WINNER,-2,macd_hist_pct,108,-0.0007903922358699567,-0.0009738122739735871,0.0017418003663084148
WINNER,-2,macd_fast_hist_pct,108,-0.0010644845873998628,-0.001229933141167241,0.0019508913414196232
WINNER,-2,atr14_pct,108,0.0077299513901486405,0.008287539612472068,0.004134669905868804
WINNER,-2,bb_width,108,0.02587882972501576,0.032325502784251434,0.024875267797703857
WINNER,-2,bb_z,108,-0.8632269121680449,-0.7931872435290784,1.069444305872468
WINNER,-2,stoch_k,108,35.025609348707846,36.2199759458914,21.40945433630894
WINNER,-2,stoch_d,108,37.57713536217919,40.7080233112199,20.771673700666053
WINNER,-2,cci20,108,-79.80314377118697,-65.69301439400796,99.71415785741023
WINNER,-2,mfi14,108,40.7866442064858,44.55023134486263,17.093297620810716
WINNER,-2,adx14,108,25.886197690049137,28.773469151452293,13.535326660430808
WINNER,-2,close_vs_ema6,108,-0.0025091149381311073,-0.003913152459769372,0.005593674568318186
WINNER,-2,close_vs_ema12,108,-0.003928720721619983,-0.0057996158299819115,0.008324374150996605
WINNER,-2,close_vs_ema24,108,-0.004421451223085959,-0.007130981813241673,0.012553728626638297
WINNER,-2,close_vs_ema48,108,-0.004087661872253012,-0.007338312029287227,0.01928828082973613
WINNER,-2,close_vs_ema72,108,-0.002878739838635125,-0.006813622261783365,0.024617690848476172
WINNER,-2,ema6_slope_3h,108,-0.002515932398538312,-0.0036068935347474632,0.005034855997949646
WINNER,-2,ema24_slope_6h,108,-0.0009596564575886646,-0.0018440011273702845,0.006313677460567226
WINNER,-2,ema72_slope_12h,108,0.0008889425444899013,-3.214042576749374e-05,0.008333909486500394
WINNER,-2,close_vs_vwap24,108,-0.004906658170301559,-0.0068497376470837605,0.011155237457317634
WINNER,-2,close_vs_vwap72,108,-0.0042290070782280975,-0.005226136655542883,0.023170133399786342
WINNER,-1,log_ret,108,-0.0018099326677075587,-0.0037911962364501504,0.007222236515225652
WINNER,-1,body_pct,108,-0.0018082173322542805,-0.003757769195263305,0.007155339888479049
WINNER,-1,range_pct,108,0.008445482027501394,0.01102344078461582,0.008244880705649745
WINNER,-1,lower_wick,108,0.26925308791577585,0.31442191329197605,0.2276164806653721
WINNER,-1,upper_wick,108,0.15163860374560123,0.22998269329657667,0.21224039880817155
WINNER,-1,close_location,108,0.3955837416501762,0.4247188914407222,0.2737704211884349
WINNER,-1,volume_rel72,108,1.3547344290861276,1.9065644334619587,1.5488326868864657
WINNER,-1,trades_rel72,108,1.3489901026826385,1.7062684363981735,1.1152713003072738
WINNER,-1,taker_share,108,0.4717774182140889,0.4754620412722865,0.05832675606625339
WINNER,-1,rsi6,108,33.67695228781558,34.814939152355194,14.142531076218704
WINNER,-1,rsi14,108,42.47530382675424,42.04943366774074,10.786326600242107
WINNER,-1,rsi24,108,45.87663015157801,45.285087012624885,9.21103279569598
WINNER,-1,macd_pct,108,-0.0009189857028852977,-0.0022277119672820056,0.006960057156650053
WINNER,-1,macd_signal_pct,108,2.2144536325645746e-05,-0.0009165509609372406,0.006809875958985094
WINNER,-1,macd_hist_pct,108,-0.0010605803207880205,-0.001311161006344765,0.0017682497228383054
WINNER,-1,macd_fast_hist_pct,108,-0.0012475382002378739,-0.0016691767577254682,0.002100018101442894
WINNER,-1,atr14_pct,108,0.007745717739393774,0.008477843373541651,0.004237085771445349
WINNER,-1,bb_width,108,0.02662920155054184,0.033335315413397563,0.02540862980703747
WINNER,-1,bb_z,108,-1.2735067803546356,-1.1321233186009827,1.1398418316832102
WINNER,-1,stoch_k,108,25.43698039409616,30.67360054035944,20.96765960263662
WINNER,-1,stoch_d,108,34.80692033682214,35.71877503976936,19.286016892015382
WINNER,-1,cci20,108,-105.59270028811005,-95.0449015854623,96.64883092284164
WINNER,-1,mfi14,108,37.819182039037756,41.691057090993,16.097702064043546
WINNER,-1,adx14,108,26.590484649409795,28.970299970977177,13.322309711195286
WINNER,-1,close_vs_ema6,108,-0.0033847271646743615,-0.005497742246482628,0.0065340732482930845
WINNER,-1,close_vs_ema12,108,-0.0056381592266348535,-0.008094925573386596,0.009480214132349118
WINNER,-1,close_vs_ema24,108,-0.0055830602287874065,-0.010010915036477235,0.013795381108799607
WINNER,-1,close_vs_ema48,108,-0.005776379518969754,-0.010621100366099026,0.02058310890348316
WINNER,-1,close_vs_ema72,108,-0.004963055846816666,-0.010250636199292056,0.02595957973937895
WINNER,-1,ema6_slope_3h,108,-0.003467137374844942,-0.004951519946019224,0.005709766402915049
WINNER,-1,ema24_slope_6h,108,-0.0014076988185359185,-0.002646778039775073,0.0062824878899002895
WINNER,-1,ema72_slope_12h,108,0.0007001952646693566,-0.0003888524749232635,0.008331716386604954
WINNER,-1,close_vs_vwap24,108,-0.00836865741829168,-0.00985877949971242,0.012387937370152969
WINNER,-1,close_vs_vwap72,108,-0.004496992033539149,-0.008678939103401591,0.024262979228375243
WINNER,0,log_ret,108,-0.006342042064012334,-0.007865501073996155,0.008729933454416892
WINNER,0,body_pct,108,-0.006322043095507435,-0.0077969755504528,0.008617576097022264
WINNER,0,range_pct,108,0.01124094822792343,0.014904160529492401,0.013193443799354465
WINNER,0,lower_wick,108,0.17381828325836177,0.21763105791595297,0.18346765773936116
WINNER,0,upper_wick,108,0.11862671668959318,0.18906045079264291,0.18885591741439836
WINNER,0,close_location,108,0.1865335315434904,0.2678304786802804,0.2499250371731392
WINNER,0,volume_rel72,108,1.8961746742716956,2.724696616782652,2.515629976992976
WINNER,0,trades_rel72,108,1.7722076420582913,2.1780513358161566,1.5762585374194433
WINNER,0,taker_share,108,0.45620207823836467,0.4545503541200458,0.04922922801563088
WINNER,0,rsi6,108,25.920406479495433,27.340039614138938,13.103500982650731
WINNER,0,rsi14,108,36.96119512997492,37.41133902693932,10.782159432780752
WINNER,0,rsi24,108,42.546095593551755,42.14747131696919,9.313327961114357
WINNER,0,macd_pct,108,-0.001723376731315336,-0.0033953399531892444,0.007330534964074668
WINNER,0,macd_signal_pct,108,-0.00032260353892868215,-0.0014321245666088214,0.006934185187302559
WINNER,0,macd_hist_pct,108,-0.0015878940583254823,-0.0019632153865804225,0.0019513977008845196
WINNER,0,macd_fast_hist_pct,108,-0.0021813888363308317,-0.002646621294667135,0.002478549579185105
WINNER,0,atr14_pct,108,0.008225426374368116,0.009043094162574103,0.004635304807091706
WINNER,0,bb_width,108,0.029055752502055193,0.036937948763136275,0.027617179419537747
WINNER,0,bb_z,108,-1.8127806341177795,-1.7435610559264871,1.0806720557845877
WINNER,0,stoch_k,108,13.38102372624476,20.586721143468065,18.598126516283983
WINNER,0,stoch_d,108,27.063799191696027,29.160099209906363,16.824047909750387
WINNER,0,cci20,108,-143.19660553099123,-144.0588996525525,102.3408641244577
WINNER,0,mfi14,108,34.158794772205056,36.8594940294336,16.063247840493254
WINNER,0,adx14,108,27.535859771004525,29.474842637105304,13.18406937071898
WINNER,0,close_vs_ema6,108,-0.008177441526172113,-0.009521209406418426,0.0085777558340207
WINNER,0,close_vs_ema12,108,-0.010901112468153118,-0.013433981364332558,0.012183763196301918
WINNER,0,close_vs_ema24,108,-0.013113175578373215,-0.016324510435221613,0.016796969972921152
WINNER,0,close_vs_ema48,108,-0.013604180974492841,-0.017568373849004122,0.023454709350738925
WINNER,0,close_vs_ema72,108,-0.01066779769880527,-0.01743922769683109,0.02860291856412437
WINNER,0,ema6_slope_3h,108,-0.005967016202857223,-0.00749666277210036,0.00704440491186766
WINNER,0,ema24_slope_6h,108,-0.002439149934590823,-0.003911964290462899,0.0063562741867944405
WINNER,0,ema72_slope_12h,108,0.00038343806624485666,-0.0009493612798101723,0.008343294043091429
WINNER,0,close_vs_vwap24,108,-0.01369228872541478,-0.01592788421248763,0.014367983096709575
WINNER,0,close_vs_vwap72,108,-0.01187988845371779,-0.01566078352865075,0.026336345403686727
WINNER,1,log_ret,108,0.0020816025712121064,0.0034128511014217635,0.007130839370387732
WINNER,1,body_pct,108,0.002083689406223832,0.003444418416169322,0.0072036545087532594
WINNER,1,range_pct,108,0.009381822731085898,0.011300031551865704,0.00775527804796399
WINNER,1,lower_wick,108,0.30732895842603714,0.31682475739392224,0.228364526946134
WINNER,1,upper_wick,108,0.21146035905917998,0.25721226904094885,0.210048107605179
WINNER,1,close_location,108,0.7314143878879249,0.6451033407848471,0.281365173897607
WINNER,1,volume_rel72,108,1.5491183912933095,2.187865516426678,1.9676007510980487
WINNER,1,trades_rel72,108,1.4288942766236516,1.7720781750073689,1.1349035770516789
WINNER,1,taker_share,108,0.504122737420577,0.5044163347117553,0.049298315597928015
WINNER,1,rsi6,108,36.2771388433205,35.58693730312826,12.414002720602172
WINNER,1,rsi14,108,41.28059982961169,40.853207621016324,9.45965228352054
WINNER,1,rsi24,108,44.953082408512316,44.09049181733657,8.405994409132772
WINNER,1,macd_pct,108,-0.0023786585068792153,-0.003932079863603268,0.007137833629543453
WINNER,1,macd_signal_pct,108,-0.0006513184677753307,-0.0019140148431559451,0.006834206276020769
WINNER,1,macd_hist_pct,108,-0.0017021262965186475,-0.002018065020447323,0.0018644639295476214
WINNER,1,macd_fast_hist_pct,108,-0.0017912154788262498,-0.002230989678275963,0.002276455108782731
WINNER,1,atr14_pct,108,0.008402655915838117,0.009241217022478217,0.004728824079696961
WINNER,1,bb_width,108,0.02985298094969551,0.038374462423374396,0.028736952309410892
WINNER,1,bb_z,108,-1.3505303329320184,-1.2034478122256584,0.8777543747592564
WINNER,1,stoch_k,108,28.423979354199837,31.82572850232723,18.003182527827818
WINNER,1,stoch_d,108,24.645802729124185,27.695350062051634,15.66383971865553
WINNER,1,cci20,108,-125.48222220079765,-124.7826672050638,85.1126377070444
WINNER,1,mfi14,108,36.60806357459302,37.613314966087465,14.37333446728252
WINNER,1,adx14,108,28.295980321950232,29.931250620467683,13.130757704252945
WINNER,1,close_vs_ema6,108,-0.003260751783152771,-0.004407023782397685,0.005687016304864444
WINNER,1,close_vs_ema12,108,-0.007389924683107896,-0.008560090120273879,0.00867784273668894
WINNER,1,close_vs_ema24,108,-0.008577413757090813,-0.01199177296233601,0.013133189192592357
WINNER,1,close_vs_ema48,108,-0.008636828617231751,-0.013713862541947643,0.02018027279246445
WINNER,1,close_vs_ema72,108,-0.007181861621247898,-0.01378667588512045,0.025706150126532337
WINNER,1,ema6_slope_3h,108,-0.00630137200074532,-0.00769206261632227,0.0070759933204037045
WINNER,1,ema24_slope_6h,108,-0.0031366759040350467,-0.004697105502574235,0.006306430934401952
WINNER,1,ema72_slope_12h,108,0.0001240421682908721,-0.0013940369582507912,0.008302971839500399
WINNER,1,close_vs_vwap24,108,-0.010193849783461828,-0.011499341417402829,0.01101697603897778
WINNER,1,close_vs_vwap72,108,-0.007340723149932615,-0.011866295442813623,0.02327295967767029
WINNER,2,log_ret,108,0.0014827361722929572,0.0024946476103346136,0.0074149076763201545
WINNER,2,body_pct,108,0.0014838359849633775,0.0025251115296101145,0.007470132120461971
WINNER,2,range_pct,108,0.007601657640298964,0.009786661666612372,0.007503482105910258
WINNER,2,lower_wick,108,0.24101378786278815,0.28412931638831523,0.2285984114049434
WINNER,2,upper_wick,108,0.22214322120286223,0.26781863263783157,0.2249691589832409
WINNER,2,close_location,108,0.6595145595846632,0.6136072575552752,0.2931069358161881
WINNER,2,volume_rel72,108,1.189725981336694,1.6668735920185085,1.3850658497654549
WINNER,2,trades_rel72,108,1.1485482603108812,1.4724183696825763,0.9865067727492229
WINNER,2,taker_share,108,0.5187643523180228,0.5157344363809969,0.05608312498803898
WINNER,2,rsi6,108,40.23786403927474,41.401065085054235,12.50291027284216
WINNER,2,rsi14,108,44.299512249190855,43.30045315527922,9.143098892320706
WINNER,2,rsi24,108,45.53317091079872,45.47944813265271,7.942710154587718
WINNER,2,macd_pct,108,-0.0030076768363563973,-0.004109003413287717,0.006768814417959492
WINNER,2,macd_signal_pct,108,-0.0009230816822787165,-0.0023351902074033298,0.0066861624624011875
WINNER,2,macd_hist_pct,108,-0.001610704741334468,-0.0017738132058843887,0.0018125038208368991
WINNER,2,macd_fast_hist_pct,108,-0.0009908966315041227,-0.0013561942601953733,0.002244818375395549
WINNER,2,atr14_pct,108,0.008256777761241145,0.00930339076732405,0.004742526820685804
WINNER,2,bb_width,108,0.030513154888605336,0.03920352454487985,0.02892054324201286
WINNER,2,bb_z,108,-1.0311264670115174,-0.8557398143769541,0.9908101422763523
WINNER,2,stoch_k,108,35.799123360154944,38.54488142567261,21.785828370397386
WINNER,2,stoch_d,108,27.754318388191926,30.319110357156028,16.684584355245782
WINNER,2,cci20,108,-94.30119737929272,-82.58241860577647,81.93966855363992
WINNER,2,mfi14,108,38.20713538451776,39.743367926012645,13.496206991394725
WINNER,2,adx14,108,29.04477737863383,30.068230950607063,13.081369483087984
WINNER,2,close_vs_ema6,108,-0.0008752918968958356,-0.0013727161603295636,0.006163552555960087
WINNER,2,close_vs_ema12,108,-0.003891046532195186,-0.005156610760881998,0.00830578363631156
WINNER,2,close_vs_ema24,108,-0.006213310005662831,-0.008786710985531713,0.011691286065652439
WINNER,2,close_vs_ema48,108,-0.006540208126121605,-0.010838210850138627,0.01807560335845912
WINNER,2,close_vs_ema72,108,-0.005745271590130219,-0.011076294983964959,0.0234387308480437
WINNER,2,ema6_slope_3h,108,-0.005003732633497293,-0.006060635605969557,0.0064130220607029765
WINNER,2,ema24_slope_6h,108,-0.0038586007094238983,-0.0051437532471117434,0.006193672417042414
WINNER,2,ema72_slope_12h,108,-0.000654143707480348,-0.0017627530822789178,0.008208646356459582
WINNER,2,close_vs_vwap24,108,-0.00873950950237895,-0.008373510395740323,0.010846361604154326
WINNER,2,close_vs_vwap72,108,-0.007241605473124191,-0.009150327301925318,0.02154456866672285
WINNER,3,log_ret,108,0.0006607484278286346,0.000744262812086752,0.0049742417356634415
WINNER,3,body_pct,108,0.000660966808521346,0.0007568357084083453,0.004987624626709995
WINNER,3,range_pct,108,0.006739045334217764,0.008399633409051234,0.005378888686817923
WINNER,3,lower_wick,108,0.276074819825582,0.3081777229022244,0.21589458082447263
WINNER,3,upper_wick,108,0.2104778111940691,0.26348195353806186,0.20658960351531713
WINNER,3,close_location,108,0.589522604874992,0.5609007880899084,0.2896073651210293
WINNER,3,volume_rel72,108,1.074731649399733,1.427357720055316,1.1136626535669147
WINNER,3,trades_rel72,108,1.0409421368027687,1.3110958890696585,0.9055441917057107
WINNER,3,taker_share,108,0.5155301280099829,0.5107026855135248,0.05818114812558639
WINNER,3,rsi6,108,42.70846973553386,43.41187528368665,12.841394988993095
WINNER,3,rsi14,108,43.685231796668106,44.081123187115736,9.275608609166307
WINNER,3,rsi24,108,46.41561475772862,45.89464012376787,8.048180415875555
WINNER,3,macd_pct,108,-0.0028366854958549897,-0.004157688391296542,0.0064871535032529
WINNER,3,macd_signal_pct,108,-0.0013248277016144941,-0.002696018465220012,0.006570401379489639
WINNER,3,macd_hist_pct,108,-0.001293439050605015,-0.0014616699260765287,0.0017976132551862332
WINNER,3,macd_fast_hist_pct,108,-0.0005301252322964388,-0.000591990262206425,0.0022379795061282476
WINNER,3,atr14_pct,108,0.008154581957137273,0.009316514944338128,0.004654773056580847
WINNER,3,bb_width,108,0.03060432684249923,0.039518628485946956,0.02864357191538366
WINNER,3,bb_z,108,-0.8930832954105069,-0.7385396840253899,0.954098825013891
WINNER,3,stoch_k,108,38.40318591175766,40.82465489906743,22.181062096854184
WINNER,3,stoch_d,108,33.11545013926804,37.06508827568914,18.343704651944748
WINNER,3,cci20,108,-76.49894903205887,-64.77198519692742,79.8579713438992
WINNER,3,mfi14,108,38.830927029994996,40.37183499932363,13.436165915099961
WINNER,3,adx14,108,29.23552405158236,30.069779771334016,13.010571983351685
WINNER,3,close_vs_ema6,108,-0.0003887449851334157,-0.0004554179109511624,0.005055054147805204
WINNER,3,close_vs_ema12,108,-0.003427021019314691,-0.003746435237041793,0.0073329714130632405
WINNER,3,close_vs_ema24,108,-0.0056033614161540846,-0.007420299008431253,0.010730058037811555
WINNER,3,close_vs_ema48,108,-0.0051121596791274815,-0.009709426485394681,0.017198945677535684
WINNER,3,close_vs_ema72,108,-0.005837512602095196,-0.010078510230599792,0.022663397035295
WINNER,3,ema6_slope_3h,108,-0.001888729423602853,-0.0024655005557870737,0.005675568480543089
WINNER,3,ema24_slope_6h,108,-0.0038609809088784863,-0.005322596169345316,0.006082926297414925
WINNER,3,ema72_slope_12h,108,-0.0008895953282815339,-0.0020946622376938257,0.008131137022946154
WINNER,3,close_vs_vwap24,108,-0.007080293569594109,-0.007156223356919994,0.009749549535124786
WINNER,3,close_vs_vwap72,108,-0.006266861857372796,-0.008236415033567217,0.020835263393108965
WINNER,4,log_ret,108,0.00015099586795143247,0.0008770873449504874,0.005869182985952461
WINNER,4,body_pct,108,0.0001511544325867309,0.0008948248058412998,0.005921612799167917
WINNER,4,range_pct,108,0.006694798608527397,0.008150958052364014,0.0066330350021630525
WINNER,4,lower_wick,108,0.2425138981214271,0.27393359517136334,0.20671749659361918
WINNER,4,upper_wick,108,0.24865215799094306,0.2865549235644009,0.21212617255283386
WINNER,4,close_location,108,0.5088650324654502,0.5123019707557241,0.2873016275753575
WINNER,4,volume_rel72,108,0.9757329966934118,1.333310497426109,1.0437532697025853
WINNER,4,trades_rel72,108,0.9120238027980028,1.2497695507024393,0.9242600651240175
WINNER,4,taker_share,108,0.4999829936212159,0.4959084393175605,0.05536418403657902
WINNER,4,rsi6,108,45.499402809758124,45.43747626864279,12.96571648859495
WINNER,4,rsi14,108,44.93850722568435,45.01408179609671,9.307261615465594
WINNER,4,rsi24,108,45.85451053783113,46.40478887084251,7.974842529918425
WINNER,4,macd_pct,108,-0.0023687378014638173,-0.0040828153262670915,0.006289883891486923
WINNER,4,macd_signal_pct,108,-0.001861993840068174,-0.0029723891965567108,0.006450331028551051
WINNER,4,macd_hist_pct,108,-0.0009445506741347146,-0.00111042612971038,0.00182819896331234
WINNER,4,macd_fast_hist_pct,108,-0.00030513926634597545,5.004478208362303e-05,0.0021660717523676715
WINNER,4,atr14_pct,108,0.008078722059492664,0.00933105527276161,0.004800507700445975
WINNER,4,bb_width,108,0.03133661212936881,0.03971940872532686,0.028385988255216436
WINNER,4,bb_z,108,-0.7532488299080999,-0.5659280263186717,0.9885476181019807
WINNER,4,stoch_k,108,40.782559198253345,43.25522019657354,22.326467639667683
WINNER,4,stoch_d,108,38.24581432222273,40.874918840437914,20.39072821922946
WINNER,4,cci20,108,-68.4873432889699,-47.63290208095192,86.87244029422997
WINNER,4,mfi14,108,39.85860775767819,41.50609853834716,13.330947932472561
WINNER,4,adx14,108,29.43650371262047,29.987337535048717,12.892323237883044
WINNER,4,close_vs_ema6,108,0.00013279903416052452,0.00029989579504175324,0.005132671571086918
WINNER,4,close_vs_ema12,108,-0.0015477981685886877,-0.0024306479447659085,0.007602035396090427
WINNER,4,close_vs_ema24,108,-0.004815299660225203,-0.00602580527962933,0.011070248333787266
WINNER,4,close_vs_ema48,108,-0.006716738460045335,-0.00848206085217023,0.017283310870189666
WINNER,4,close_vs_ema72,108,-0.006335870040373115,-0.008961732365582727,0.02261760411040506
WINNER,4,ema6_slope_3h,108,-0.00102601027025917,-0.0005878607067452053,0.005648635766501704
WINNER,4,ema24_slope_6h,108,-0.003750996174125887,-0.005227715454612629,0.005998341476774228
WINNER,4,ema72_slope_12h,108,-0.0009634552881247482,-0.002394264664935849,0.008055579692261332
WINNER,4,close_vs_vwap24,108,-0.006094239850949923,-0.005847080184758571,0.01024863415179575
WINNER,4,close_vs_vwap72,108,-0.007963880993061223,-0.007261344177166539,0.020774542622551535
WINNER,5,log_ret,108,0.000228286546918043,0.0013124772762777776,0.0053434020866859775
WINNER,5,body_pct,108,0.00022824085071604383,0.0013276863394004355,0.005380070385320976
WINNER,5,range_pct,108,0.005749804684542781,0.007534094581395144,0.0053511952871719195
WINNER,5,lower_wick,108,0.27075355448493243,0.28572921426098735,0.19524708014113623
WINNER,5,upper_wick,108,0.30165211379970824,0.3119452303122877,0.22321001302458954
WINNER,5,close_location,108,0.5045062877505613,0.5134781409623235,0.29251944293992993
WINNER,5,volume_rel72,108,1.0397650807282293,1.2786418728459001,0.9774036713143152
WINNER,5,trades_rel72,108,0.927000159147104,1.1983831708995138,0.7936461870555223
WINNER,5,taker_share,108,0.5015298359780858,0.4953309579234662,0.05830787045325861
WINNER,5,rsi6,108,46.43957533410227,47.52401830977205,13.405525168030303
WINNER,5,rsi14,108,45.33236199234816,46.00093340379893,9.093078482046339
WINNER,5,rsi24,108,46.5918841044602,47.00281443115227,7.647590284070145
WINNER,5,macd_pct,108,-0.002268047968992404,-0.0038629519317973987,0.006007383211653569
WINNER,5,macd_signal_pct,108,-0.002140290300307648,-0.0031411524197717706,0.006270778713826216
WINNER,5,macd_hist_pct,108,-0.000626482891926367,-0.0007217995120256275,0.0018547782105185926
WINNER,5,macd_fast_hist_pct,108,9.936997684877426e-05,0.0006100716559749863,0.0021308838842815144
WINNER,5,atr14_pct,108,0.0081444376882681,0.00930362836592498,0.004863621605197089
WINNER,5,bb_width,108,0.031321618182937265,0.039678099589693795,0.028066426389142335
WINNER,5,bb_z,108,-0.7180875172819454,-0.38746993159832044,1.0543561745494512
WINNER,5,stoch_k,108,41.55359918304139,46.02557047913207,23.832343984215935
WINNER,5,stoch_d,108,38.74329629342211,43.36848185825774,21.152591146441285
WINNER,5,cci20,108,-55.97329447958078,-31.917960141904747,87.32882905283842
WINNER,5,mfi14,108,39.367630697409616,41.52346973604764,13.576908633117704
WINNER,5,adx14,108,29.407385705252064,29.753027147311272,12.67660497120689
WINNER,5,close_vs_ema6,108,0.00026014122311390775,0.0011499231832046112,0.004928591928264777
WINNER,5,close_vs_ema12,108,-0.0015260677768763609,-0.0009514749225658287,0.007230422174983626
WINNER,5,close_vs_ema24,108,-0.003897168399500661,-0.004352886276217216,0.01027923757980561
WINNER,5,close_vs_ema48,108,-0.00537879720037493,-0.006908041585100436,0.01616240028786363
WINNER,5,close_vs_ema72,108,-0.005927168814383599,-0.007478019441713406,0.0214886170698614
WINNER,5,ema6_slope_3h,108,-0.0001977214815285233,0.00041704875673707946,0.005107646071870762
WINNER,5,ema24_slope_6h,108,-0.0035448753581535097,-0.0047404619210616224,0.005718960906990751
WINNER,5,ema72_slope_12h,108,-0.0011406364906751953,-0.0026315182541077147,0.007938106580862036
WINNER,5,close_vs_vwap24,108,-0.005032099711114568,-0.004107551206463418,0.010300792610166984
WINNER,5,close_vs_vwap72,108,-0.0066884091425297165,-0.0058644257543897715,0.019898739477991298
WINNER,6,log_ret,108,0.0015908723189823949,0.0011603962406139437,0.005306910749432293
WINNER,6,body_pct,108,0.0015921453052020196,0.0011752016386637374,0.005291670056936879
WINNER,6,range_pct,108,0.006957465845116362,0.0078094194659922575,0.004691393668951331
WINNER,6,lower_wick,108,0.25169764669123074,0.29293040031256,0.22070922957387326
WINNER,6,upper_wick,108,0.2146967981611666,0.2655320243708493,0.19585688272678706
WINNER,6,close_location,108,0.6412093639484651,0.5969824671777187,0.28672047703447906
WINNER,6,volume_rel72,108,0.9300525349375341,1.163505171887499,0.7171607594517695
WINNER,6,trades_rel72,108,0.9462874818637024,1.0946562505598492,0.5449803695876803
WINNER,6,taker_share,108,0.5113770135612619,0.5096060781812061,0.05836737996625111
WINNER,6,rsi6,108,49.63866843920616,50.925053482846565,12.479119618176764
WINNER,6,rsi14,108,47.50216265995632,47.55758576328971,8.84944755614374
WINNER,6,rsi24,108,47.45883558874202,47.875011340666184,7.649256024525532
WINNER,6,macd_pct,108,-0.0021713963008379343,-0.003571217050513834,0.005962572296211446
WINNER,6,macd_signal_pct,108,-0.002193761439803,-0.00323657151579679,0.006180448149630576
WINNER,6,macd_hist_pct,108,-0.0004498909112539409,-0.0003346455347170446,0.001744148133922124
WINNER,6,macd_fast_hist_pct,108,0.0005690971350719873,0.001043685639461256,0.0017914749110521716
WINNER,6,atr14_pct,108,0.007992117025252845,0.009295185988155376,0.004960150635433676
WINNER,6,bb_width,108,0.03105607696327252,0.039218635799771424,0.027560506756253395
WINNER,6,bb_z,108,-0.4611776155812781,-0.19591132619548426,0.9492585623811
WINNER,6,stoch_k,108,46.37237521709879,50.4636506085838,23.0223092297674
WINNER,6,stoch_d,108,43.3570293147029,46.581480428096526,21.355342951396615
WINNER,6,cci20,108,-43.53563990037308,-16.131396280273943,83.97935106499529
WINNER,6,mfi14,108,41.694551789330234,43.023115308365774,13.820083433861589
WINNER,6,adx14,108,29.335690922318367,29.410194442174024,12.408412350118947
WINNER,6,close_vs_ema6,108,0.0007148792562785555,0.00164778139904154,0.004418809717644096
WINNER,6,close_vs_ema12,108,-0.00031068705311043665,0.00017327917012450035,0.006807389226087664
WINNER,6,close_vs_ema24,108,-0.0017828576667307527,-0.0029376099440212794,0.010760803331877816
WINNER,6,close_vs_ema48,108,-0.004111652155902701,-0.005501266808878897,0.01741145338967865
WINNER,6,close_vs_ema72,108,-0.004983514065809991,-0.00612184160446036,0.022934942711312842
WINNER,6,ema6_slope_3h,108,0.0005626057743947088,0.0012571598816346413,0.004787006052732679
WINNER,6,ema24_slope_6h,108,-0.0025389821796985013,-0.0035851324394212394,0.005311265391460643
WINNER,6,ema72_slope_12h,108,-0.001248963541239545,-0.00280017971637764,0.007845186367409437
WINNER,6,close_vs_vwap24,108,-0.0025547736810086485,-0.0026277611069638876,0.010001224139634895
WINNER,6,close_vs_vwap72,108,-0.005325221508568512,-0.004664599552026142,0.020943995685875696
CONTROL,-24,log_ret,540,-8.5507297735104e-05,-0.00050530661925509,0.006056268153026851
CONTROL,-24,body_pct,540,-8.550305711924056e-05,-0.0004869464399174167,0.006036449294453322
CONTROL,-24,range_pct,540,0.006629595596599813,0.008459708164912243,0.006885411660915779
CONTROL,-24,lower_wick,540,0.2531053831133865,0.2880296622182297,0.21014153379370182
CONTROL,-24,upper_wick,540,0.21426485338961776,0.2593491168522229,0.20206243756813638
CONTROL,-24,close_location,540,0.5058084871381933,0.502652071578934,0.29309741795432254
CONTROL,-24,volume_rel72,540,1.0245778220902395,1.418126685106426,1.2915684398720961
CONTROL,-24,trades_rel72,540,1.0257934218490234,1.315249804193982,0.9204955263161471
CONTROL,-24,taker_share,540,0.4912584216131386,0.49133139670065296,0.05836849743389093
CONTROL,-24,rsi6,540,52.179544851451794,51.00557322824283,17.00625425546674
CONTROL,-24,rsi14,540,50.98147879499144,51.334342314834615,11.707492002344818
CONTROL,-24,rsi24,540,51.407537689043004,51.38243994330287,9.453814420586063
CONTROL,-24,macd_pct,540,0.0005457908609585489,0.0007666771466551228,0.0065413897937773155
CONTROL,-24,macd_signal_pct,540,0.0007107584272986612,0.0006869082852393843,0.006477013162777843
CONTROL,-24,macd_hist_pct,540,-2.134718509451236e-05,7.976886141573842e-05,0.0018896534037958165
CONTROL,-24,macd_fast_hist_pct,540,-0.0001270171571895906,-2.601741999311679e-05,0.002189678916386677
CONTROL,-24,atr14_pct,540,0.0073526068802616355,0.008140829262613574,0.004110456514747534
CONTROL,-24,bb_width,540,0.029300484227570322,0.03481113889021156,0.024508012308260847
CONTROL,-24,bb_z,540,0.16394366367116098,0.02428567445596746,1.3233240526247494
CONTROL,-24,stoch_k,540,56.005045778172516,53.088345757883005,27.26078221624292
CONTROL,-24,stoch_d,540,56.54085577430233,54.493049912313076,24.19010082092544
CONTROL,-24,cci20,540,20.46439539673544,2.0173364230893336,115.35996859793511
CONTROL,-24,mfi14,539,51.27920302362681,52.0823772823473,17.756769612112905
CONTROL,-24,adx14,540,26.11903827201726,27.811604088493162,11.962100808851874
CONTROL,-24,close_vs_ema6,540,0.0002910560269681062,-2.2514736350199973e-05,0.005850997211854071
CONTROL,-24,close_vs_ema12,540,0.0007110538383551246,0.0004149010535042122,0.008805196709949024
CONTROL,-24,close_vs_ema24,540,0.0008860468337708038,0.0011797460061688696,0.012982410860421088
CONTROL,-24,close_vs_ema48,540,0.00221302106471033,0.0022967882989512567,0.019565452147299222
CONTROL,-24,close_vs_ema72,540,0.002932619019307303,0.0033057900294470428,0.024953632240452692
CONTROL,-24,ema6_slope_3h,540,0.00015681272159351334,0.00041909491882194313,0.00610316058208915
CONTROL,-24,ema24_slope_6h,540,0.0005962492566005118,0.0008639347413420764,0.006339665914222027
CONTROL,-24,ema72_slope_12h,540,0.0009978836351375309,0.0012102132755793726,0.00839597283648502
CONTROL,-24,close_vs_vwap24,540,0.0016315560610868918,0.0020710472283495523,0.01350442156194973
CONTROL,-24,close_vs_vwap72,540,0.004676636765230779,0.004479588042129841,0.024071452266593844
CONTROL,-23,log_ret,540,0.00015908868251770047,8.856659685906505e-05,0.005979010588390027
CONTROL,-23,body_pct,540,0.00015925745455891427,0.00010641046584652411,0.005982724747720432
CONTROL,-23,range_pct,540,0.006342003552654685,0.008483589584623141,0.006426858442201261
CONTROL,-23,lower_wick,540,0.2778379204248425,0.30486461977660917,0.22542363910801083
CONTROL,-23,upper_wick,540,0.23657267817501743,0.27340443560557187,0.21654374762875958
CONTROL,-23,close_location,540,0.5574633952824717,0.5261883880686323,0.29677447988203237
CONTROL,-23,volume_rel72,540,1.025255793889054,1.443433105949368,1.2814947725816308
CONTROL,-23,trades_rel72,540,1.003803852281715,1.321319707237514,0.8907241754503578
CONTROL,-23,taker_share,540,0.49618534231213596,0.4936761783897326,0.057299225994928024
CONTROL,-23,rsi6,540,51.689766603060676,50.979818639146686,17.233715841194826
CONTROL,-23,rsi14,540,51.019581375810446,51.356489833578934,11.80879225954518
CONTROL,-23,rsi24,540,51.37252041972266,51.4110485299016,9.530517103027698
CONTROL,-23,macd_pct,540,0.0005909890735002715,0.0007421526868784658,0.006482285708759306
CONTROL,-23,macd_signal_pct,540,0.0006043087485862843,0.0006975367957576994,0.00640795820305483
CONTROL,-23,macd_hist_pct,540,-8.94383031917028e-05,4.4615891120766505e-05,0.0019122099611829171
CONTROL,-23,macd_fast_hist_pct,540,-0.00016047489368796,-7.392257370233508e-05,0.0022039539792896292
CONTROL,-23,atr14_pct,540,0.007358736252497089,0.008141657116305332,0.004135109949307135
CONTROL,-23,bb_width,540,0.029588793903393102,0.034640781337140214,0.024110047216810197
CONTROL,-23,bb_z,540,0.14540026114652194,0.029290613450988084,1.3271802821209826
CONTROL,-23,stoch_k,540,54.61322839319191,52.602071809911436,27.60346061683088
CONTROL,-23,stoch_d,540,56.07423891990986,53.53613337712999,24.74025543467804
CONTROL,-23,cci20,540,16.419794407321245,0.6471113796047034,116.32154949704716
CONTROL,-23,mfi14,538,50.716534605752344,51.62872899147143,17.764953722001586
CONTROL,-23,adx14,540,25.788756592269838,27.705443581004552,11.877291986137507
CONTROL,-23,close_vs_ema6,540,2.9120328923659677e-05,4.5848458709202904e-05,0.006028090874021234
CONTROL,-23,close_vs_ema12,540,0.0005240248333289177,0.00042669626738353763,0.009047312006649448
CONTROL,-23,close_vs_ema24,540,0.0006667683978268668,0.0011687415725921098,0.013186892200850973
CONTROL,-23,close_vs_ema48,540,0.002108946389036026,0.0022910310452873913,0.01973792052637675
CONTROL,-23,close_vs_ema72,540,0.0030167663781983656,0.0033055071294873567,0.025127119326159447
CONTROL,-23,ema6_slope_3h,540,0.0001563806099643683,0.00022806558994733947,0.006203665687445516
CONTROL,-23,ema24_slope_6h,540,0.00042790132751868715,0.0008021243349707032,0.006305866295210904
CONTROL,-23,ema72_slope_12h,540,0.000989447166609314,0.0012209087997518508,0.008352078118977277
CONTROL,-23,close_vs_vwap24,540,0.0018083024731030406,0.0020380291270209886,0.013701590819694584
CONTROL,-23,close_vs_vwap72,540,0.004550734846347715,0.00448457947387856,0.024227350058018005
CONTROL,-22,log_ret,540,0.00011873617876516208,0.0001478614981556431,0.0057948882777911345
CONTROL,-22,body_pct,540,0.00011861807695856541,0.0001647546684497259,0.005788681478172416
CONTROL,-22,range_pct,540,0.006392651005700634,0.007979458581013992,0.005607020733544531
CONTROL,-22,lower_wick,540,0.24239564584007234,0.28522707332492714,0.2173127622121434
CONTROL,-22,upper_wick,540,0.22954109618020796,0.270804293641736,0.20953436342313672
CONTROL,-22,close_location,540,0.5294454639812474,0.5203523412385067,0.298897720665308
CONTROL,-22,volume_rel72,540,1.0147970567954876,1.3657034283037912,1.1947498308019315
CONTROL,-22,trades_rel72,540,1.0124795772934265,1.260291706507254,0.8203941622924229
CONTROL,-22,taker_share,540,0.4973486851226565,0.4939948782223205,0.059042118987539624
CONTROL,-22,rsi6,540,50.88375489487193,51.03710898534837,17.114027863464162
CONTROL,-22,rsi14,540,50.57141864943959,51.34510986952665,11.776915505257644
CONTROL,-22,rsi24,540,51.25835932312011,51.399635280293595,9.523580765220348
CONTROL,-22,macd_pct,540,0.0006032259928385813,0.0007255938758262977,0.006425254629570346
CONTROL,-22,macd_signal_pct,540,0.0005772739029798818,0.000704515309521231,0.006324956646526275
CONTROL,-22,macd_hist_pct,540,-9.886388248265263e-05,2.1078566305066663e-05,0.001972945694176326
CONTROL,-22,macd_fast_hist_pct,540,-0.0002017890197244668,-8.667197547284684e-05,0.002252970521216707
CONTROL,-22,atr14_pct,540,0.007405496780293189,0.008140467080637743,0.004096056641899601
CONTROL,-22,bb_width,540,0.029025727419566202,0.034495494028841,0.024048464485409395
CONTROL,-22,bb_z,540,0.14481638472853214,0.038777869179048095,1.329015579069094
CONTROL,-22,stoch_k,540,53.80336387594686,52.70136267718165,26.789474319598295
CONTROL,-22,stoch_d,540,54.476668345224795,52.79726008165875,25.051236557291244
CONTROL,-22,cci20,540,12.106240004228788,2.5401212981883057,117.74679159554884
CONTROL,-22,mfi14,538,50.74122562809854,51.57001292557431,17.684091781096495
CONTROL,-22,adx14,540,25.685400760702855,27.632489679255855,11.842663517263425
CONTROL,-22,close_vs_ema6,540,0.00023455136283700995,0.0001364432602181356,0.0060714423156117015
CONTROL,-22,close_vs_ema12,540,0.0004057101673867747,0.00048664024767761495,0.00926524983367473
CONTROL,-22,close_vs_ema24,540,0.0007303310833691734,0.001212844438199499,0.013369006137451296
CONTROL,-22,close_vs_ema48,540,0.001759168749817408,0.002337752487488589,0.01967958420578904
CONTROL,-22,close_vs_ema72,540,0.0026175948898529144,0.0033536346407139527,0.024939915915088595
CONTROL,-22,ema6_slope_3h,540,-0.0001135978180683006,9.255452827751724e-05,0.006338497744908229
CONTROL,-22,ema24_slope_6h,540,0.0003907579201430922,0.0007746547243291024,0.006294925187718444
CONTROL,-22,ema72_slope_12h,540,0.0010812911574703543,0.0012332981221851813,0.008291604548946094
CONTROL,-22,close_vs_vwap24,540,0.0015383078768633762,0.00205494968570505,0.014110565399551038
CONTROL,-22,close_vs_vwap72,540,0.004121439410869732,0.004548400884592315,0.02423185321207535
CONTROL,-21,log_ret,540,-3.6550495224201965e-06,7.753967663191258e-06,0.006525683207017074
CONTROL,-21,body_pct,540,-3.583506564319716e-06,2.8957399343349984e-05,0.006504605301944764
CONTROL,-21,range_pct,540,0.006470592186531676,0.008464405585732072,0.006768212106812638
CONTROL,-21,lower_wick,540,0.24734107092846108,0.2835668395785561,0.2085351011169741
CONTROL,-21,upper_wick,540,0.22208931075300464,0.2580824811874112,0.19861891362600145
CONTROL,-21,close_location,540,0.509006832726626,0.5195221032719014,0.3007952548553962
CONTROL,-21,volume_rel72,540,0.9968405890236423,1.382047833597812,1.2304108235714717
CONTROL,-21,trades_rel72,540,1.0061210814428985,1.2720053517858647,0.8141091878290917
CONTROL,-21,taker_share,540,0.49508441458485647,0.49437643810182663,0.0620832352280536
CONTROL,-21,rsi6,540,52.035259343484505,51.28542627221071,17.17937717112903
CONTROL,-21,rsi14,540,50.728552639688665,51.458815600912004,11.823717253088597
CONTROL,-21,rsi24,540,50.86554766483341,51.454275645993356,9.568002180305694
CONTROL,-21,macd_pct,540,0.0005245106507867249,0.0006993575321906622,0.006455897462995171
CONTROL,-21,macd_signal_pct,540,0.0005814571045306806,0.0006985408527259606,0.006289335891418285
CONTROL,-21,macd_hist_pct,540,-9.522118834674189e-05,8.166794647019712e-07,0.0019582398758274514
CONTROL,-21,macd_fast_hist_pct,540,-0.0001245465823792014,-9.626864709100381e-05,0.0021556351634836016
CONTROL,-21,atr14_pct,540,0.007420944520292377,0.008169518590998867,0.004154138592540727
CONTROL,-21,bb_width,540,0.029277090439232142,0.034531280175712144,0.023822676166497334
CONTROL,-21,bb_z,540,0.17669431517405607,0.07108807610544611,1.3156736641746207
CONTROL,-21,stoch_k,540,55.93708255707473,53.716680775704695,26.273824130595614
CONTROL,-21,stoch_d,540,54.05852939410295,53.00670508759931,24.71982218524354
CONTROL,-21,cci20,540,21.844329661442707,4.768341887280235,116.41745521060939
CONTROL,-21,mfi14,538,50.60833709002506,51.44955016022381,17.089186579470518
CONTROL,-21,adx14,540,25.076060252752697,27.542992057022335,11.779591737167722
CONTROL,-21,close_vs_ema6,540,0.00018009022253206997,0.00010104649111170306,0.006105936409264186
CONTROL,-21,close_vs_ema12,540,0.0006694505734660128,0.0004171232415878301,0.009252024115202049
CONTROL,-21,close_vs_ema24,540,0.0009528061728284465,0.001125374592180779,0.013602477520191978
CONTROL,-21,close_vs_ema48,540,0.0012000338072056804,0.0022581518570915313,0.02011429665796398
CONTROL,-21,close_vs_ema72,540,0.0026463972061809837,0.003280229786554371,0.025367242523551145
CONTROL,-21,ema6_slope_3h,540,0.00029891731691233936,0.00014207758544504566,0.006311353739639534
CONTROL,-21,ema24_slope_6h,540,0.0004951597398336061,0.000743880105172464,0.006320281833979526
CONTROL,-21,ema72_slope_12h,540,0.0011338224843231437,0.0012469357952219918,0.008244986074034372
CONTROL,-21,close_vs_vwap24,540,0.0012061212487194384,0.0019344636551232657,0.013961149093920577
CONTROL,-21,close_vs_vwap72,540,0.004100558051227998,0.004481421186700832,0.024660696100038834
CONTROL,-20,log_ret,540,3.1374868534068296e-05,-0.000163754373807982,0.006227956812494835
CONTROL,-20,body_pct,540,3.137536235231497e-05,-0.0001445347406188363,0.006208580117384967
CONTROL,-20,range_pct,540,0.006401236702670787,0.00825792634037955,0.006487524563338615
CONTROL,-20,lower_wick,540,0.22980995078689137,0.28204778913351986,0.2102147375768898
CONTROL,-20,upper_wick,540,0.21804065722488963,0.2622891573482458,0.20468192118011772
CONTROL,-20,close_location,540,0.4985072444244007,0.5105693952820403,0.2998536613392899
CONTROL,-20,volume_rel72,540,1.0029001310088972,1.4313558516344,1.5838913776112482
CONTROL,-20,trades_rel72,540,1.0145193472300877,1.3053672813396537,1.0390714043426477
CONTROL,-20,taker_share,540,0.49379015228222845,0.4914324692297801,0.05721958130416676
CONTROL,-20,rsi6,540,51.766821737412315,51.020570776647716,16.895131940212092
CONTROL,-20,rsi14,540,50.87909603159808,51.311172832426394,11.750080744195074
CONTROL,-20,rsi24,540,51.129655704436814,51.3601616988544,9.522974182629863
CONTROL,-20,macd_pct,540,0.00040783176760584466,0.000660203771380145,0.006472878980278378
CONTROL,-20,macd_signal_pct,540,0.0006085662144251044,0.000691208808579253,0.006251246509496433
CONTROL,-20,macd_hist_pct,540,-7.73002820007363e-05,-3.1005037199108017e-05,0.0019478614309665094
CONTROL,-20,macd_fast_hist_pct,540,-0.00015155040138615023,-0.00012828922680016127,0.002169225471041334
CONTROL,-20,atr14_pct,540,0.0074800393043433465,0.008173746793653706,0.00409853089197573
CONTROL,-20,bb_width,540,0.028973366807265758,0.0345189797581419,0.02354115567463299
CONTROL,-20,bb_z,540,0.21846342148923548,0.04925464418931285,1.31277966603391
CONTROL,-20,stoch_k,540,53.87500371827211,52.78226128416713,25.90987345945557
CONTROL,-20,stoch_d,540,55.43939788785664,53.06676824568454,23.91148016643004
CONTROL,-20,cci20,540,18.09445111923816,4.8472063217933705,116.77159040185472
CONTROL,-20,mfi14,540,51.489533142707046,51.703964076305134,17.080063713503282
CONTROL,-20,adx14,540,25.39258997882065,27.48593598563374,11.687864813311108
CONTROL,-20,close_vs_ema6,540,0.0001313377934886173,-4.608802644116273e-05,0.006315972565133054
CONTROL,-20,close_vs_ema12,540,0.0004699098503972987,0.00021474434325574672,0.009443714562417313
CONTROL,-20,close_vs_ema24,540,0.0012016995075545545,0.0008853798620650627,0.013700019544947524
CONTROL,-20,close_vs_ema48,540,0.001526167914154608,0.002009092270237181,0.0201305777764096
CONTROL,-20,close_vs_ema72,540,0.0014820455356695517,0.0030308367730442994,0.02535612147187866
CONTROL,-20,ema6_slope_3h,540,0.0003477564405512945,0.00010554298162635246,0.00630069653661285
CONTROL,-20,ema24_slope_6h,540,0.0004105690243129123,0.0006644204718812377,0.006360698589392313
CONTROL,-20,ema72_slope_12h,540,0.0012261283194070494,0.001237640235798913,0.008215080912405713
CONTROL,-20,close_vs_vwap24,540,0.0017601341730585363,0.001679046372013969,0.013906138160500648
CONTROL,-20,close_vs_vwap72,540,0.0044588790872414075,0.0042686220298526955,0.02466414444924763
CONTROL,-19,log_ret,540,-1.3646617704995004e-05,0.0001745076094445821,0.006446280630801402
CONTROL,-19,body_pct,540,-1.3651556827753986e-05,0.00019508152998578225,0.0064329407023753175
CONTROL,-19,range_pct,540,0.006568214951706897,0.008527853949745064,0.007174299738137581
CONTROL,-19,lower_wick,540,0.22653098693826645,0.25990499857036514,0.2019295515980464
CONTROL,-19,upper_wick,540,0.2179498513966593,0.26486383689187054,0.2039153545427491
CONTROL,-19,close_location,540,0.5056085812756546,0.5064438597187951,0.30457263260458933
CONTROL,-19,volume_rel72,540,1.0000012026124887,1.4478142836292174,1.4823036845113564
CONTROL,-19,trades_rel72,540,1.0317178510424674,1.3168306697145986,1.0106449428195252
CONTROL,-19,taker_share,540,0.49155855537365845,0.49176121251582317,0.060208186322995454
CONTROL,-19,rsi6,540,52.45797654726137,51.0740218304169,17.43153154512415
CONTROL,-19,rsi14,540,51.51288429296996,51.36860551779666,11.988993207973998
CONTROL,-19,rsi24,540,51.299052009164754,51.41519683695853,9.658566047320814
CONTROL,-19,macd_pct,540,0.00045203976291880127,0.0006324254296160944,0.006506867332906979
CONTROL,-19,macd_signal_pct,540,0.0006249587750469072,0.0006789233038241243,0.0062201823198708185
CONTROL,-19,macd_hist_pct,540,-0.00011614596590692173,-4.649787420802968e-05,0.0019797167333049375
CONTROL,-19,macd_fast_hist_pct,540,-0.00024584027967759043,-0.00012118101284565251,0.0022569066958988064
CONTROL,-19,atr14_pct,540,0.007525284921021497,0.008182195228441835,0.0039745723533215795
CONTROL,-19,bb_width,540,0.028358508220080944,0.034735874240864474,0.023584489467877535
CONTROL,-19,bb_z,540,0.21665953677513095,0.07272691670026737,1.344785168119122
CONTROL,-19,stoch_k,540,53.98892529210596,52.775803860136236,26.996237698901872
CONTROL,-19,stoch_d,540,54.77494009030998,53.09158197333607,23.984909263177208
CONTROL,-19,cci20,540,21.855864882229035,6.149728202111605,118.14454621647928
CONTROL,-19,mfi14,540,51.20179966709435,51.59139741330845,17.100451586589216
CONTROL,-19,adx14,540,25.671462482256416,27.4436871587289,11.578983560909485
CONTROL,-19,close_vs_ema6,540,0.00018201506255632882,9.077356669417982e-05,0.006649880998201798
CONTROL,-19,close_vs_ema12,540,0.0006563158715164885,0.00033187094608986835,0.00990189440314159
CONTROL,-19,close_vs_ema24,540,0.0012177850115026034,0.0009803947126654014,0.014143039702046554
CONTROL,-19,close_vs_ema48,540,0.002037194820617705,0.0021011969451799305,0.0204668461582162
CONTROL,-19,close_vs_ema72,540,0.002597932669410552,0.0031252080750670524,0.025650393832953908
CONTROL,-19,ema6_slope_3h,540,0.00020864823083410755,8.992367430221056e-05,0.006613484568130672
CONTROL,-19,ema24_slope_6h,540,0.0002584105631520117,0.0005947997898931854,0.006439794149446532
CONTROL,-19,ema72_slope_12h,540,0.001256870214530026,0.0012188228028120788,0.008192568349443789
CONTROL,-19,close_vs_vwap24,540,0.0015893348219400139,0.0017877615655938848,0.014286063282725131
CONTROL,-19,close_vs_vwap72,540,0.004726082593163872,0.004422520502911139,0.024898613851420722
CONTROL,-18,log_ret,540,0.0001436170264614252,0.00037719746567506894,0.006165915625905751
CONTROL,-18,body_pct,540,0.0001438009843278687,0.0003961101940235998,0.00617510922934389
CONTROL,-18,range_pct,540,0.006541048750170919,0.00823079559224052,0.006069493181406599
CONTROL,-18,lower_wick,540,0.22400798088558893,0.2642407507269729,0.20593398839901195
CONTROL,-18,upper_wick,540,0.23531692188409162,0.2799685485210622,0.20892694038614507
CONTROL,-18,close_location,540,0.5003862442348378,0.5017499044076253,0.30101872270689417
CONTROL,-18,volume_rel72,540,0.9630905210201659,1.4051016898605722,1.3061486210631552
CONTROL,-18,trades_rel72,540,0.9988482533699086,1.2863657356757403,0.9298880053613199
CONTROL,-18,taker_share,540,0.4945872257802939,0.4955951253092308,0.05928853897049195
CONTROL,-18,rsi6,540,51.25357060187862,51.24174212340769,17.056639211396874
CONTROL,-18,rsi14,540,51.982649845143214,51.43725253685532,11.732282862561876
CONTROL,-18,rsi24,540,51.85753209825827,51.45657575627191,9.4345278496534
CONTROL,-18,macd_pct,540,0.0004830518494970145,0.0006373315396575545,0.006481051822623264
CONTROL,-18,macd_signal_pct,540,0.0005949638586377725,0.0006734179219623581,0.006184567399850825
CONTROL,-18,macd_hist_pct,540,-0.00014486837196958934,-3.608638230480357e-05,0.0019852622233360556
CONTROL,-18,macd_fast_hist_pct,540,-0.00018955209373960593,-6.689843977067292e-05,0.002175401842615077
CONTROL,-18,atr14_pct,540,0.0074574512209980934,0.008192289945439074,0.003945059928504559
CONTROL,-18,bb_width,540,0.028368668760875036,0.03479679950955552,0.023585484756961553
CONTROL,-18,bb_z,540,0.19026497413256244,0.08643638704383123,1.3217178476338278
CONTROL,-18,stoch_k,540,53.324457333611264,52.61240128974857,26.62495394391618
CONTROL,-18,stoch_d,540,53.865817219170026,52.7234888113507,24.33005995377127
CONTROL,-18,cci20,540,20.834160545908894,8.265280045848222,116.79498812683593
CONTROL,-18,mfi14,539,50.057122928718115,51.13879875913795,17.34173089184571
CONTROL,-18,adx14,540,25.370352647416095,27.41357553428808,11.524512615277894
CONTROL,-18,close_vs_ema6,540,0.00036186090114931346,0.00032861074059346,0.005833414156125185
CONTROL,-18,close_vs_ema12,540,0.00041788087940197727,0.0005921345572016304,0.009087651597949532
CONTROL,-18,close_vs_ema24,540,0.001231374190859058,0.0012381695857525852,0.013348772730078666
CONTROL,-18,close_vs_ema48,540,0.002583053910500177,0.002360751465990297,0.019636429247920154
CONTROL,-18,close_vs_ema72,540,0.0030061848627243037,0.0033856360652174786,0.024823403673518957
CONTROL,-18,ema6_slope_3h,540,0.00020864823083410755,0.00018009731582234508,0.006520797064663286
CONTROL,-18,ema24_slope_6h,540,0.0003810950787246359,0.0006001801224835755,0.006478236206255346
CONTROL,-18,ema72_slope_12h,540,0.001142259221130315,0.0012060739111398337,0.008163451757928219
CONTROL,-18,close_vs_vwap24,540,0.001390374313227305,0.0020423929255652014,0.013910297231388594
CONTROL,-18,close_vs_vwap72,540,0.004716207957164986,0.004718825933977272,0.02428871688889068
CONTROL,-17,log_ret,540,-3.323648902660506e-05,4.1805343545671854e-05,0.0060588829365059715
CONTROL,-17,body_pct,540,-3.0692290202027905e-05,6.01996906661842e-05,0.006059194249333196
CONTROL,-17,range_pct,540,0.006440507145986096,0.008225656384134035,0.006189461922716219
CONTROL,-17,lower_wick,540,0.26178116544221025,0.2894268835960567,0.20994783784154053
CONTROL,-17,upper_wick,540,0.21870243191739586,0.26918744807844536,0.2141950812575186
CONTROL,-17,close_location,540,0.49970400084167343,0.5124409386713721,0.29495272871340905
CONTROL,-17,volume_rel72,540,1.0081563882019957,1.3523171180048805,1.1648371061267186
CONTROL,-17,trades_rel72,540,0.9808131871146079,1.2245444120449633,0.7723298105615388
CONTROL,-17,taker_share,540,0.4879529654558822,0.4906809906078778,0.061381425187112704
CONTROL,-17,rsi6,540,51.54411799929544,51.1240163914735,17.274523642385798
CONTROL,-17,rsi14,540,51.3670145167316,51.35331005489533,11.931020464323352
CONTROL,-17,rsi24,540,51.37692025514539,51.41159490830532,9.532072220742778
CONTROL,-17,macd_pct,540,0.000523871099512065,0.0006321229798831816,0.006478311928795605
CONTROL,-17,macd_signal_pct,540,0.0006044899250903322,0.000664954173638722,0.006162743734240645
CONTROL,-17,macd_hist_pct,540,-0.00016572414155596537,-3.2831193755540486e-05,0.0019955649001161036
CONTROL,-17,macd_fast_hist_pct,540,-0.00020363894434613427,-4.358635328229046e-05,0.002146462786848942
CONTROL,-17,atr14_pct,540,0.007608234776303839,0.008232319516340798,0.003986532360576067
CONTROL,-17,bb_width,540,0.02883120816537372,0.035037681065291516,0.023646328417932513
CONTROL,-17,bb_z,540,0.15506413205936623,0.06413958699401834,1.3414240247246687
CONTROL,-17,stoch_k,540,51.26103392967947,52.188959791750065,26.969644649668446
CONTROL,-17,stoch_d,540,53.10310366329273,52.525721647211675,24.873683897619898
CONTROL,-17,cci20,540,14.140925035336762,6.408989219079849,117.73577303478014
CONTROL,-17,mfi14,540,49.96021724789319,50.865176967604405,17.37151408619345
CONTROL,-17,adx14,540,25.64750395443445,27.392698363045742,11.493544071950891
CONTROL,-17,close_vs_ema6,540,0.0003094646350638719,0.0002634692660510626,0.006070294278178979
CONTROL,-17,close_vs_ema12,540,0.0004496054086066126,0.0005370351928158796,0.009331487310227019
CONTROL,-17,close_vs_ema24,540,0.0010556871339730822,0.0011797389073062868,0.013584064494558163
CONTROL,-17,close_vs_ema48,540,0.0023310401611812415,0.002307323905185183,0.01981202400260405
CONTROL,-17,close_vs_ema72,540,0.002351892319411575,0.0033360745971856383,0.02494640596448765
CONTROL,-17,ema6_slope_3h,540,0.00024067800877547452,0.00030261861519746046,0.006358783117717066
CONTROL,-17,ema24_slope_6h,540,0.0005923532851180857,0.0006013976200111558,0.0065102211077428555
CONTROL,-17,ema72_slope_12h,540,0.0010443275995887236,0.001190974829030143,0.00812785950127051
CONTROL,-17,close_vs_vwap24,540,0.0012910664275871397,0.002000574296604171,0.014341084588444563
CONTROL,-17,close_vs_vwap72,540,0.00376438945740043,0.0046996077868860205,0.02461462942368674
CONTROL,-16,log_ret,540,2.7546436064223373e-05,-0.0006282131256471487,0.006403128850974046
CONTROL,-16,body_pct,540,2.7473048843984493e-05,-0.0006076084846785515,0.006369936250277364
CONTROL,-16,range_pct,540,0.006447945882319339,0.008488364023996949,0.007007470900068845
CONTROL,-16,lower_wick,540,0.250940363803372,0.2954050332789864,0.21559899415596953
CONTROL,-16,upper_wick,540,0.2111715757805901,0.2527272478032824,0.20171989894628414
CONTROL,-16,close_location,540,0.49855942963395594,0.5163636680145121,0.29779418061786767
CONTROL,-16,volume_rel72,540,0.9772110032664125,1.4081345992562118,1.4726596093545998
CONTROL,-16,trades_rel72,540,0.9756863705523933,1.2653455942160552,0.9899273227171506
CONTROL,-16,taker_share,540,0.4926397001500602,0.4905228230382424,0.06128839189101816
CONTROL,-16,rsi6,540,51.811450160977,50.363217409158096,17.48419887566641
CONTROL,-16,rsi14,540,51.260568368710565,50.898843940575425,12.098154817947936
CONTROL,-16,rsi24,540,51.32886966101774,51.1165484168708,9.686364118513435
CONTROL,-16,macd_pct,540,0.0006345796601763859,0.000568264336574846,0.006510409851715458
CONTROL,-16,macd_signal_pct,540,0.0005560491823315575,0.0006441611208940317,0.0061568972495701126
CONTROL,-16,macd_hist_pct,540,-0.00021643945527171065,-7.589678431918576e-05,0.001996210465119575
CONTROL,-16,macd_fast_hist_pct,540,-0.000200479386960552,-0.00012322266059483944,0.002206130805127976
CONTROL,-16,atr14_pct,540,0.007543912892490123,0.008282013071856,0.004041069603121053
CONTROL,-16,bb_width,540,0.02953303059604244,0.03536573249937422,0.023854591920718832
CONTROL,-16,bb_z,540,0.0588806152952723,-0.018112408106872084,1.3435638471432054
CONTROL,-16,stoch_k,540,50.71882227822792,51.146419093651495,26.569834701949006
CONTROL,-16,stoch_d,540,52.50708506573928,51.98259339171677,24.76535478425898
CONTROL,-16,cci20,540,9.352050680240271,-0.5609943414277873,118.98321935958856
CONTROL,-16,mfi14,539,49.2874589003351,49.866867895716084,17.220983409795412
CONTROL,-16,adx14,540,25.33887460242535,27.3853523597226,11.46859266679312
CONTROL,-16,close_vs_ema6,540,0.00014838866416755359,-0.0002612254549978983,0.006420460662084158
CONTROL,-16,close_vs_ema12,540,0.0005001964459493413,-7.559320834160522e-05,0.009673137984462668
CONTROL,-16,close_vs_ema24,540,0.0008638974517944931,0.0005112970361930534,0.01395429935068207
CONTROL,-16,close_vs_ema48,540,0.002062035984940813,0.0016181687305278194,0.020255712271184004
CONTROL,-16,close_vs_ema72,540,0.0023520822815850106,0.002643755873622722,0.025407784579551125
CONTROL,-16,ema6_slope_3h,540,8.810344025100836e-05,0.0001617595172297288,0.006392686495080504
CONTROL,-16,ema24_slope_6h,540,0.00048654770205502906,0.0005407197032410794,0.006555000722625858
CONTROL,-16,ema72_slope_12h,540,0.0008547148455767539,0.001165466362301847,0.00810545973500486
CONTROL,-16,close_vs_vwap24,540,0.0009524650186274464,0.0012936195807903802,0.014324497795652466
CONTROL,-16,close_vs_vwap72,540,0.004298948117221091,0.00405129933292215,0.025073967874303184
CONTROL,-15,log_ret,540,0.00024218476726023408,0.00019778679739531664,0.006104253269514661
CONTROL,-15,body_pct,540,0.0002422141396608568,0.00021632121167917582,0.0061208196987805105
CONTROL,-15,range_pct,540,0.006548613609644871,0.008289584895400595,0.005960904029277541
CONTROL,-15,lower_wick,540,0.26123182249223975,0.2951014116850106,0.21515446658721135
CONTROL,-15,upper_wick,540,0.21342429976439742,0.2588092873629348,0.2008135457548761
CONTROL,-15,close_location,540,0.5492342374020456,0.5346329674237125,0.2985010663267845
CONTROL,-15,volume_rel72,540,0.9723276802689911,1.3980381994208062,1.3051490561074381
CONTROL,-15,trades_rel72,540,0.9775519739585827,1.270470518088204,0.8904926932314785
CONTROL,-15,taker_share,540,0.49675629592237924,0.4960835672538611,0.05969959201944388
CONTROL,-15,rsi6,540,50.66689264895385,50.74200200871304,17.52107855104208
CONTROL,-15,rsi14,540,50.83376928322008,51.01390831135846,12.12426020172708
CONTROL,-15,rsi24,540,50.83229342331373,51.15490342986836,9.697547733462741
CONTROL,-15,macd_pct,540,0.00043848105182240434,0.0005256503293542033,0.006555105557450629
CONTROL,-15,macd_signal_pct,540,0.00043428741905358415,0.000620561381860392,0.006146662190314677
CONTROL,-15,macd_hist_pct,540,-0.00024074463996120128,-9.49110525061886e-05,0.002040536964453821
CONTROL,-15,macd_fast_hist_pct,540,-0.000204180011999789,-0.00013104370691580452,0.0022193016318893806
CONTROL,-15,atr14_pct,540,0.007515711030265678,0.008279726572310056,0.004029903250147953
CONTROL,-15,bb_width,540,0.029529352604214354,0.03574405938388298,0.02435894201077423
CONTROL,-15,bb_z,540,0.006723080707710173,-0.008227265296528119,1.31745451528605
CONTROL,-15,stoch_k,540,50.89430497011563,51.96031276676532,27.186993838264076
CONTROL,-15,stoch_d,540,52.84303824194764,51.76523055072234,24.78351447079587
CONTROL,-15,cci20,540,6.825269410023498,-1.9985255631872805,115.10482034605172
CONTROL,-15,mfi14,538,49.66391640293651,49.51358464050772,17.508237481036865
CONTROL,-15,adx14,540,25.1212471429981,27.39432307260987,11.485860890451374
CONTROL,-15,close_vs_ema6,540,8.696729868917785e-05,-4.867647295225387e-05,0.0061795170275963885
CONTROL,-15,close_vs_ema12,540,0.00022389098908714988,0.00010213855008376657,0.009695389758289126
CONTROL,-15,close_vs_ema24,540,0.0005355946341970563,0.0006535277054638897,0.014103928347302855
CONTROL,-15,close_vs_ema48,540,0.0010819708423864816,0.0017424550986450689,0.020311563667935593
CONTROL,-15,close_vs_ema72,540,0.0024400318896315998,0.00276251255355928,0.02538412384994021
CONTROL,-15,ema6_slope_3h,540,0.00015883049486753453,1.2163537533150515e-05,0.0065406341840876115
CONTROL,-15,ema24_slope_6h,540,0.00047640132524429113,0.0005001464975180137,0.006618871088282107
CONTROL,-15,ema72_slope_12h,540,0.0008089931822722329,0.0011437865725185254,0.008088745344001702
CONTROL,-15,close_vs_vwap24,540,0.0008421105428011444,0.0013989655013869515,0.014862111698482883
CONTROL,-15,close_vs_vwap72,540,0.003423851087594687,0.004199283055040598,0.025337123319705737
CONTROL,-14,log_ret,540,0.0001689528510280435,-0.00013612217441158584,0.005757926778389522
CONTROL,-14,body_pct,540,0.00016897316304653742,-0.00011959986606508144,0.005734909020804599
CONTROL,-14,range_pct,540,0.006435833377528621,0.008278836970818814,0.006816970007801796
CONTROL,-14,lower_wick,540,0.23388112773247158,0.27415303176928635,0.21109105384683288
CONTROL,-14,upper_wick,540,0.21803637332341597,0.26964324069154894,0.20445914344118032
CONTROL,-14,close_location,540,0.5038812728546981,0.5056902212832729,0.30606167235704435
CONTROL,-14,volume_rel72,540,1.016339503410543,1.4380515313341031,1.416348354086808
CONTROL,-14,trades_rel72,540,1.0172213925973184,1.2923298160735865,0.969226019331521
CONTROL,-14,taker_share,540,0.49217922932694413,0.49204961476065273,0.058270372566392364
CONTROL,-14,rsi6,540,51.65759968684961,50.70489294596072,17.107482183654895
CONTROL,-14,rsi14,540,51.56506345854118,50.925756522055465,12.054627438468895
CONTROL,-14,rsi24,540,50.81394536923831,51.08417153985242,9.716300531985583
CONTROL,-14,macd_pct,540,0.0003179192550185709,0.00047405646523591624,0.0066097815059766455
CONTROL,-14,macd_signal_pct,540,0.0005010503007818709,0.0005900252112172675,0.006157905474981833
CONTROL,-14,macd_hist_pct,540,-0.00021602554747906312,-0.0001159687459813514,0.0020468864253505624
CONTROL,-14,macd_fast_hist_pct,540,-0.00019451059901108277,-0.00014701376917906884,0.0021754454601482912
CONTROL,-14,atr14_pct,540,0.007587527699885266,0.008282027110346734,0.0040308894207114355
CONTROL,-14,bb_width,540,0.029622346681295455,0.03600024266062304,0.024835144625449307
CONTROL,-14,bb_z,540,0.1014776711692281,-0.017541672489148983,1.2816248198495637
CONTROL,-14,stoch_k,540,52.70635552929403,52.12972132481943,26.22528370875241
CONTROL,-14,stoch_d,540,49.81314977506781,51.7454843950788,24.549815700344293
CONTROL,-14,cci20,540,7.54186679065243,-2.0092868703387645,111.6449167831899
CONTROL,-14,mfi14,537,49.53126857320411,49.63875475052606,17.719766361918317
CONTROL,-14,adx14,540,25.290137770771253,27.42150325689453,11.512079767362888
CONTROL,-14,close_vs_ema6,540,0.00017173765252020967,-0.00013461458546680733,0.006043676407035596
CONTROL,-14,close_vs_ema12,540,0.0004657868030996104,-3.1135823801371804e-05,0.009546132087503252
CONTROL,-14,close_vs_ema24,540,0.0011047273673029379,0.00047507889121909275,0.014083149882651289
CONTROL,-14,close_vs_ema48,540,0.0011996150416662132,0.0015429696956752717,0.02045473193504983
CONTROL,-14,close_vs_ema72,540,0.0022217802184324453,0.002559117675156057,0.02560136450031146
CONTROL,-14,ema6_slope_3h,540,1.5662820978978864e-05,-0.00014736790008379423,0.006496320269023436
CONTROL,-14,ema24_slope_6h,540,0.0004632355315200565,0.00046491089652533386,0.006682205171326714
CONTROL,-14,ema72_slope_12h,540,0.0006976764474311281,0.0011065446030849282,0.008098264500730862
CONTROL,-14,close_vs_vwap24,540,0.0008497695242108971,0.0012150436925365638,0.0146548244359834
CONTROL,-14,close_vs_vwap72,540,0.0036150769664285987,0.00403875191293954,0.02550418135410578
CONTROL,-13,log_ret,540,8.562094694072631e-05,0.00014704282587152216,0.005758580981061957
CONTROL,-13,body_pct,540,8.562464522487989e-05,0.0001636027087547653,0.005758513695744865
CONTROL,-13,range_pct,540,0.006383215694994004,0.008400335132770996,0.006202289097785199
CONTROL,-13,lower_wick,540,0.24302800276953648,0.29421514383638947,0.2237578803543692
CONTROL,-13,upper_wick,540,0.20101717168553965,0.2580369065826577,0.20859792228442867
CONTROL,-13,close_location,540,0.5336760535700003,0.523391624478358,0.3054603970904152
CONTROL,-13,volume_rel72,540,1.0019656108507071,1.39041525120819,1.2909657727503783
CONTROL,-13,trades_rel72,540,1.0026488520619414,1.275521088320901,0.9301545516592341
CONTROL,-13,taker_share,540,0.49274767968279354,0.49427478837683064,0.06277932857295548
CONTROL,-13,rsi6,540,51.146377700759416,50.71951209216819,16.968558795656563
CONTROL,-13,rsi14,540,51.6571727069235,50.92258107500928,11.85888625173424
CONTROL,-13,rsi24,540,51.03320938529974,51.068995489029554,9.530930884646878
CONTROL,-13,macd_pct,540,0.00037819017731922087,0.00044233200526500786,0.006619188786071871
CONTROL,-13,macd_signal_pct,540,0.0003696698729025859,0.0005630505935308793,0.006167064204648172
CONTROL,-13,macd_hist_pct,540,-0.0002072141703251281,-0.00012071858826587113,0.0020469078465456835
CONTROL,-13,macd_fast_hist_pct,540,-0.00015592623194047943,-0.00012746999163598362,0.0021431306014207795
CONTROL,-13,atr14_pct,540,0.007599994237673956,0.00827095939168976,0.003984154366926834
CONTROL,-13,bb_width,540,0.029663614402618887,0.036168754762147426,0.025130980482643343
CONTROL,-13,bb_z,540,0.031273530056399504,-0.015945740655230075,1.2777747281395364
CONTROL,-13,stoch_k,540,51.09137764647808,52.23812629881093,26.621690565852333
CONTROL,-13,stoch_d,540,51.699073269606714,52.10938679679861,24.39741388633765
CONTROL,-13,cci20,540,6.314583794923911,-2.3103580095839953,109.366447840206
CONTROL,-13,mfi14,538,48.88620855411531,49.55459760449392,18.02230554957225
CONTROL,-13,adx14,540,25.360753072864547,27.416800414754775,11.564613338627755
CONTROL,-13,close_vs_ema6,540,8.342772313763014e-05,6.177190630055166e-06,0.0058899402885417085
CONTROL,-13,close_vs_ema12,540,0.0003817580020358813,9.48717783978333e-05,0.009310786195649403
CONTROL,-13,close_vs_ema24,540,0.0010470646537097394,0.0005673849945194252,0.013756741584936788
CONTROL,-13,close_vs_ema48,540,0.001732265413900036,0.0016108535583101377,0.019952383255767547
CONTROL,-13,close_vs_ema72,540,0.002764913925209611,0.0026165730247529346,0.02498295415987521
CONTROL,-13,ema6_slope_3h,540,9.03681908072107e-05,-4.17075918275751e-05,0.006380745271006263
CONTROL,-13,ema24_slope_6h,540,0.00033618254700118477,0.0004289680184216376,0.006686999111445436
CONTROL,-13,ema72_slope_12h,540,0.0005611495592287019,0.0010702511106572446,0.008099607987382533
CONTROL,-13,close_vs_vwap24,540,0.0009193938491111053,0.0012797034446288256,0.014482974987203048
CONTROL,-13,close_vs_vwap72,540,0.0036776117992110002,0.004110054733544185,0.024993712640421356
CONTROL,-12,log_ret,540,0.00023373686144743952,0.00019201852579549757,0.005912887788957304
CONTROL,-12,body_pct,540,0.00023376419947418459,0.00020948949639338767,0.0059037850483144375
CONTROL,-12,range_pct,540,0.0066164773073633665,0.008588073725768086,0.006715181584181506
CONTROL,-12,lower_wick,540,0.2512288105187448,0.27851294209301564,0.2087388638399536
CONTROL,-12,upper_wick,540,0.2357806782772921,0.2687648828069161,0.2047299598216797
CONTROL,-12,close_location,540,0.5390380228329328,0.5288738395411584,0.29119704443744093
CONTROL,-12,volume_rel72,540,1.0285562225045815,1.4691778690683805,1.5552971286301545
CONTROL,-12,trades_rel72,540,1.0396345166552747,1.3558463831872598,1.1117295945569485
CONTROL,-12,taker_share,540,0.4947453024138723,0.49323237340917336,0.05898625578324819
CONTROL,-12,rsi6,540,52.1010702636447,51.152209254091225,17.13856790559426
CONTROL,-12,rsi14,540,51.53675587752126,51.05430621581599,11.870560563929605
CONTROL,-12,rsi24,540,50.996441233388296,51.124829955280994,9.523337780066985
CONTROL,-12,macd_pct,540,0.0004122990662518169,0.0004256586008900184,0.006609172492457071
CONTROL,-12,macd_signal_pct,540,0.00037504176110874667,0.000537344423135261,0.006175007608997327
CONTROL,-12,macd_hist_pct,540,-0.00015583954923254596,-0.0001116858222452429,0.0020543609297264185
CONTROL,-12,macd_fast_hist_pct,540,-9.416032034748067e-05,-8.829106033503197e-05,0.00220354810709313
CONTROL,-12,atr14_pct,540,0.007558654143076146,0.008283676003646387,0.00396370644754099
CONTROL,-12,bb_width,540,0.02954109937163385,0.036314655230367233,0.02541454591089738
CONTROL,-12,bb_z,540,0.10804701192005371,0.023933358822019617,1.2962223443978778
CONTROL,-12,stoch_k,540,52.15977856313095,52.809480900254776,26.688724862013153
CONTROL,-12,stoch_d,540,50.92391758295426,52.39244284129511,24.106379817791368
CONTROL,-12,cci20,540,7.040700665433025,1.5509732721914973,112.1980875760246
CONTROL,-12,mfi14,539,49.48186639639041,49.418900777960445,17.948545962969753
CONTROL,-12,adx14,540,25.42425193588459,27.440018838564132,11.547810702535116
CONTROL,-12,close_vs_ema6,540,0.00028520017717392765,0.00014058435555315768,0.0061562194474556985
CONTROL,-12,close_vs_ema12,540,0.000664096682844173,0.00024304669443412323,0.009498425196242272
CONTROL,-12,close_vs_ema24,540,0.0012663606440908026,0.0006987500934939525,0.01380822285371854
CONTROL,-12,close_vs_ema48,540,0.001533113690146637,0.0017277260818746956,0.01987349688657687
CONTROL,-12,close_vs_ema72,540,0.0023454045998716477,0.002728477518463085,0.02483872392275197
CONTROL,-12,ema6_slope_3h,540,0.00027797252308259246,3.354126951072084e-05,0.006313157497337143
CONTROL,-12,ema24_slope_6h,540,0.00027278494916604945,0.0003821636329741001,0.006697496664059328
CONTROL,-12,ema72_slope_12h,540,0.0006779694325819152,0.0010538993369232045,0.008090198086890413
CONTROL,-12,close_vs_vwap24,540,0.0009675309131483845,0.0014087982568110786,0.01442440337512546
CONTROL,-12,close_vs_vwap72,540,0.0032915655776335484,0.004239650293662664,0.024773114385142972
CONTROL,-11,log_ret,540,0.0001766639813261983,0.00016941688958404307,0.00619629556093374
CONTROL,-11,body_pct,540,0.0001766795884213801,0.000188634365119561,0.00619729576519035
CONTROL,-11,range_pct,540,0.006822566600766522,0.008600424745321996,0.0063245571809245425
CONTROL,-11,lower_wick,540,0.25775847678267966,0.29584109986517354,0.22244364860792498
CONTROL,-11,upper_wick,540,0.21141763225572055,0.25386762781592964,0.19904962093842446
CONTROL,-11,close_location,540,0.5660360360360299,0.5364353817423673,0.3026449072447603
CONTROL,-11,volume_rel72,540,1.0141971428906496,1.4641589576429794,1.3498630662801279
CONTROL,-11,trades_rel72,540,1.0197099610240752,1.353458735375383,0.9782360933158732
CONTROL,-11,taker_share,540,0.49532955767028264,0.49301687318137993,0.056500928696733024
CONTROL,-11,rsi6,540,51.55798429569987,51.214095093472515,18.22936096087364
CONTROL,-11,rsi14,540,51.64270789213808,51.10190651157578,12.357248098192118
CONTROL,-11,rsi24,540,51.205002651504486,51.14391473838608,9.747230610835064
CONTROL,-11,macd_pct,540,0.0004305508121220917,0.0004203783444167242,0.0065804475570785635
CONTROL,-11,macd_signal_pct,540,0.00033222718467864417,0.000515951930747394,0.006172579453373912
CONTROL,-11,macd_hist_pct,540,-0.00022190114977744106,-9.557358633066993e-05,0.002069934830193785
CONTROL,-11,macd_fast_hist_pct,540,-9.474625497468618e-05,-4.703570157931835e-05,0.0023062495859558028
CONTROL,-11,atr14_pct,540,0.007551088833430891,0.008313849533816618,0.003948431270739734
CONTROL,-11,bb_width,540,0.029834205426904993,0.03658780344218919,0.0256279948711693
CONTROL,-11,bb_z,540,0.03311863707424191,0.02283474515463122,1.3631024838041237
CONTROL,-11,stoch_k,540,51.41630494431513,52.729631108478344,27.98329695428757
CONTROL,-11,stoch_d,540,53.04554247976776,52.59241276918141,24.684969495230654
CONTROL,-11,cci20,540,3.5718543848555777,1.3806501139146665,115.8010619761133
CONTROL,-11,mfi14,540,49.9674742784772,49.45242617537318,18.226708830829363
CONTROL,-11,adx14,540,25.220010766156037,27.503514287003224,11.508526481471401
CONTROL,-11,close_vs_ema6,540,0.00027250210352036675,0.00022034130474579716,0.006452498961390584
CONTROL,-11,close_vs_ema12,540,0.00041475032123172717,0.0003496873028741397,0.009758885468189076
CONTROL,-11,close_vs_ema24,540,0.0012137698124309315,0.0007994909389784655,0.013936384031548982
CONTROL,-11,close_vs_ema48,540,0.001563488537979274,0.0018194977789591485,0.019891423555467483
CONTROL,-11,close_vs_ema72,540,0.002221979090566095,0.002817377213863701,0.02481070964449866
CONTROL,-11,ema6_slope_3h,540,0.0002702104006961914,0.00017713910616742363,0.006501167518816891
CONTROL,-11,ema24_slope_6h,540,0.00033869709630462985,0.0003490980866696403,0.006693652624741876
CONTROL,-11,ema72_slope_12h,540,0.0006248477766630511,0.001039976619011721,0.008070560320376254
CONTROL,-11,close_vs_vwap24,540,0.0008799780556527637,0.001494802594980324,0.014615373930984282
CONTROL,-11,close_vs_vwap72,540,0.0033956683339707583,0.004324335967950922,0.02477433588622209
CONTROL,-10,log_ret,540,3.235063564710007e-05,-0.00025481389092594326,0.006156348783621954
CONTROL,-10,body_pct,540,3.2272837789060205e-05,-0.00023581470208405863,0.006142859394900364
CONTROL,-10,range_pct,540,0.006781080946392404,0.008559920437605966,0.006336983436437658
CONTROL,-10,lower_wick,540,0.24132109018762027,0.2878095434180761,0.2107708168351158
CONTROL,-10,upper_wick,540,0.20966670039169283,0.2640449585915829,0.2104921200353973
CONTROL,-10,close_location,540,0.5000001643428923,0.5075003269179917,0.3058787292922602
CONTROL,-10,volume_rel72,540,1.00888245408871,1.4838024742619125,1.4415553140477038
CONTROL,-10,trades_rel72,540,1.0258081878060228,1.3678218347580056,1.0603839022959858
CONTROL,-10,taker_share,540,0.49216900499950167,0.4898636106403402,0.05936537795182429
CONTROL,-10,rsi6,540,50.982273094188926,50.74193602549304,17.663245153231443
CONTROL,-10,rsi14,540,50.55733441100407,50.86538133425973,12.250122884118001
CONTROL,-10,rsi24,540,51.19316160046305,50.99644308136268,9.722003253827115
CONTROL,-10,macd_pct,540,0.0004880690146081336,0.00038864411247209625,0.006570900572072416
CONTROL,-10,macd_signal_pct,540,0.0004380180001406667,0.0004913820337252064,0.006168146477419733
CONTROL,-10,macd_hist_pct,540,-0.00025187591288170766,-0.00010273792125311008,0.002092087713857109
CONTROL,-10,macd_fast_hist_pct,540,-0.00011193249259177,-6.356238743840232e-05,0.0023680360080876118
CONTROL,-10,atr14_pct,540,0.007443713832487316,0.008323761698572948,0.003938869447781134
CONTROL,-10,bb_width,540,0.02941961351340264,0.036787417035750884,0.025707490334833657
CONTROL,-10,bb_z,540,0.0879772558756683,0.0015439117185785311,1.3378143572284433
CONTROL,-10,stoch_k,540,52.04603879050644,52.602877128261,27.03289933359901
CONTROL,-10,stoch_d,540,51.90983682910119,52.7139963789981,25.023827042414126
CONTROL,-10,cci20,540,10.24578928391855,0.5634798468485674,118.88982945373276
CONTROL,-10,mfi14,539,49.563628593731096,49.81434914939258,18.15421883333296
CONTROL,-10,adx14,540,25.20743055031448,27.55552902646068,11.460021727054537
CONTROL,-10,close_vs_ema6,540,0.0002537105975617404,-2.698633339520058e-05,0.0064586188001009345
CONTROL,-10,close_vs_ema12,540,0.00043935293865615677,7.943467165670786e-05,0.009822007674765472
CONTROL,-10,close_vs_ema24,540,0.0008755493900755029,0.0005011998850901926,0.014000704321640356
CONTROL,-10,close_vs_ema48,540,0.0015429454908391094,0.0015008367229500336,0.019917498720256343
CONTROL,-10,close_vs_ema72,540,0.0022355997558249907,0.0024915916967790394,0.024797351064028434
CONTROL,-10,ema6_slope_3h,540,0.0001835858173135918,0.00016579288682784326,0.006710543814258436
CONTROL,-10,ema24_slope_6h,540,0.0005136895501055561,0.0003481475213871225,0.006682572299861497
CONTROL,-10,ema72_slope_12h,540,0.0007152185977085113,0.0010155507746071539,0.008055491925859441
CONTROL,-10,close_vs_vwap24,540,0.000880707973883621,0.00114806786302297,0.01451235960741188
CONTROL,-10,close_vs_vwap72,540,0.0021941526827488067,0.003987093826076379,0.0247788050233351
CONTROL,-9,log_ret,540,0.00031836005451377675,0.00021484063070155028,0.0058087228979715215
CONTROL,-9,body_pct,540,0.00031825590431988626,0.0002317660893060158,0.005800628409282214
CONTROL,-9,range_pct,540,0.006710788147759494,0.008432032246543155,0.005908788005391527
CONTROL,-9,lower_wick,540,0.23947208524359528,0.2740276153703826,0.20832607094361835
CONTROL,-9,upper_wick,540,0.225481623184499,0.27037268061312497,0.20586397029460085
CONTROL,-9,close_location,540,0.5285217305447012,0.5202254436781014,0.2996546437912405
CONTROL,-9,volume_rel72,540,1.064280881753247,1.503644044597449,1.4891581095799378
CONTROL,-9,trades_rel72,540,1.0214224396408904,1.3595803861303382,1.026703397582169
CONTROL,-9,taker_share,540,0.4941311752425054,0.4947107684310548,0.06127953417279411
CONTROL,-9,rsi6,540,52.91532248017638,51.37101554967101,17.56470558394093
CONTROL,-9,rsi14,540,50.98055273773464,51.14044541337665,12.163732261295863
CONTROL,-9,rsi24,540,51.01721991913928,51.15233924559526,9.6820764425236
CONTROL,-9,macd_pct,540,0.0004764485398159561,0.00037395713453283687,0.0065790553664193015
CONTROL,-9,macd_signal_pct,540,0.00039710648818651285,0.0004673765386352762,0.006164472826917375
CONTROL,-9,macd_hist_pct,540,-0.00020743290319060788,-9.341940410243939e-05,0.0021006140364185962
CONTROL,-9,macd_fast_hist_pct,540,-5.384046660755806e-05,-4.290621835794691e-05,0.002362623135503989
CONTROL,-9,atr14_pct,540,0.007456234245783374,0.008320572480672403,0.003899461705237262
CONTROL,-9,bb_width,540,0.029874643011765446,0.03701509331481249,0.02588568953828038
CONTROL,-9,bb_z,540,0.2297785998264519,0.048447380586452926,1.3366558085159066
CONTROL,-9,stoch_k,540,55.95540091300171,53.84058579735363,27.123040655050165
CONTROL,-9,stoch_d,540,52.24689969876656,53.05769801136438,25.03435506747776
CONTROL,-9,cci20,540,16.98622428206176,4.0446423322759735,118.75887333338653
CONTROL,-9,mfi14,540,50.60857433273057,50.29137325177813,18.180929694540914
CONTROL,-9,adx14,540,25.399920092282578,27.58309737355931,11.482584139799503
CONTROL,-9,close_vs_ema6,540,0.00032957206870454225,0.00013094313899809866,0.006223356447512906
CONTROL,-9,close_vs_ema12,540,0.0007043167393542271,0.0002464015446907688,0.009650682869333092
CONTROL,-9,close_vs_ema24,540,0.000855654994324162,0.0006575741799395362,0.013942278820170467
CONTROL,-9,close_vs_ema48,540,0.001295071849891416,0.001646714178968151,0.019965878847755244
CONTROL,-9,close_vs_ema72,540,0.001908348474692012,0.0026350371062387103,0.024892766800549252
CONTROL,-9,ema6_slope_3h,540,0.0003226640351722265,0.0001623546969934158,0.006763626503317107
CONTROL,-9,ema24_slope_6h,540,0.0005367729099433616,0.00034834085838955685,0.006661506322954217
CONTROL,-9,ema72_slope_12h,540,0.0007410962242981878,0.000997215752462626,0.008038302692527472
CONTROL,-9,close_vs_vwap24,540,0.0011799510140231284,0.0012145531738904868,0.014154237986745309
CONTROL,-9,close_vs_vwap72,540,0.003266055393523204,0.004122045857560281,0.02479611485004748
CONTROL,-8,log_ret,540,0.0003264608068594022,0.0004084265658767444,0.006261863748707998
CONTROL,-8,body_pct,540,0.0003265141185863074,0.0004280801974029529,0.0062607434961391
CONTROL,-8,range_pct,540,0.0066771652629255,0.008645915380398697,0.006419512959765594
CONTROL,-8,lower_wick,540,0.24015285205436696,0.2836073413489732,0.21675919909758806
CONTROL,-8,upper_wick,540,0.21492322120450513,0.2664110544958948,0.21471335767232658
CONTROL,-8,close_location,540,0.5362980965421278,0.5228438925391,0.30011395884858566
CONTROL,-8,volume_rel72,540,1.018643139884524,1.5247128053639165,1.5587588563685797
CONTROL,-8,trades_rel72,540,1.0544551217421299,1.3719587551891712,1.04652669943976
CONTROL,-8,taker_share,540,0.4956724621339669,0.49459090282782814,0.05818965524005455
CONTROL,-8,rsi6,540,51.84057767006172,51.745173806505434,17.389044157553737
CONTROL,-8,rsi14,540,51.14063306758885,51.36492548199627,12.172817834862489
CONTROL,-8,rsi24,540,51.59568142657262,51.30686740853818,9.689468206543605
CONTROL,-8,macd_pct,540,0.0005755977271646624,0.0003909211287385849,0.006570935689048052
CONTROL,-8,macd_signal_pct,540,0.000369990587929008,0.00045256486579046414,0.006154371162002172
CONTROL,-8,macd_hist_pct,540,-0.00015061561302281425,-6.164373705187925e-05,0.002083172081937329
CONTROL,-8,macd_fast_hist_pct,540,-5.823996865363243e-05,1.7119042376105615e-05,0.0023220883175408395
CONTROL,-8,atr14_pct,540,0.007556762487685903,0.008363666543536132,0.003916895370933349
CONTROL,-8,bb_width,540,0.03019641965782241,0.03726229248283301,0.02592453112800711
CONTROL,-8,bb_z,540,0.1559333594851427,0.0771226425545024,1.3605130073227722
CONTROL,-8,stoch_k,540,55.919957673681004,54.271669641832126,26.938833253836872
CONTROL,-8,stoch_d,540,55.00346136404346,53.571710855815645,24.65053440465863
CONTROL,-8,cci20,540,13.056857956517693,6.0572148889288995,120.24110705428642
CONTROL,-8,mfi14,539,50.21673385570254,50.20298669343356,18.25073839724382
CONTROL,-8,adx14,540,25.298457430689275,27.605746636641534,11.48643864315098
CONTROL,-8,close_vs_ema6,540,0.0002855651817830207,0.0003833160906266091,0.006289116299862906
CONTROL,-8,close_vs_ema12,540,0.0006200279756938265,0.0005524794369047976,0.009605991479344867
CONTROL,-8,close_vs_ema24,540,0.0005591869019142548,0.0009792974030799814,0.01387288205013831
CONTROL,-8,close_vs_ema48,540,0.002242875270648259,0.0019700394011571707,0.01990331070510907
CONTROL,-8,close_vs_ema72,540,0.002776495794240663,0.0029589295530593343,0.02483218028044766
CONTROL,-8,ema6_slope_3h,540,0.0002682777380795809,0.00022648909006880045,0.006623819152083709
CONTROL,-8,ema24_slope_6h,540,0.0005908373635576947,0.00039209083065310933,0.006648393233080166
CONTROL,-8,ema72_slope_12h,540,0.0007501193538076434,0.00099506703835612,0.00802420639881063
CONTROL,-8,close_vs_vwap24,540,0.0009764045111584352,0.0015132716832297458,0.014135701623325288
CONTROL,-8,close_vs_vwap72,540,0.004322929620430127,0.004440631153053146,0.024760669936518438
CONTROL,-7,log_ret,540,-0.00017855259176581154,-0.0001779000989195784,0.005875694342899179
CONTROL,-7,body_pct,540,-0.00017853524174638036,-0.00016051121910345864,0.005869039545986506
CONTROL,-7,range_pct,540,0.007003529600919434,0.008737637311376886,0.005950284824763996
CONTROL,-7,lower_wick,540,0.2616381817972355,0.2923730064227323,0.21711569933613006
CONTROL,-7,upper_wick,540,0.21492206759034513,0.25615021386700104,0.20967908001888017
CONTROL,-7,close_location,540,0.5417261982075539,0.5147696429767957,0.2988718972421826
CONTROL,-7,volume_rel72,540,1.0499792222149578,1.588361935123696,1.6607246085739438
CONTROL,-7,trades_rel72,540,1.0550764026167028,1.3945370235233,1.073431743142421
CONTROL,-7,taker_share,540,0.49140935091321025,0.49219020546933284,0.06219896805419401
CONTROL,-7,rsi6,540,50.701698297904514,51.27725228409526,17.942062166497315
CONTROL,-7,rsi14,540,51.226974783348346,51.18948757195979,12.593997855020598
CONTROL,-7,rsi24,540,51.53749814369813,51.20458532645754,10.015499211675406
CONTROL,-7,macd_pct,540,0.0005831970670452313,0.00038100574487218413,0.006604474089958685
CONTROL,-7,macd_signal_pct,540,0.0004792113789841402,0.00043675102331043017,0.006157495129911883
CONTROL,-7,macd_hist_pct,540,-0.00011040526503233668,-5.5745278438246014e-05,0.00207996071615653
CONTROL,-7,macd_fast_hist_pct,540,-6.302106758915642e-05,1.1291940224322333e-05,0.002321273584098325
CONTROL,-7,atr14_pct,540,0.007568367357216548,0.008385969370403373,0.0038595747632264353
CONTROL,-7,bb_width,540,0.030434801681916597,0.03740980563712356,0.025656669073582276
CONTROL,-7,bb_z,540,0.06232097490222691,0.06219059115027979,1.3869237037696516
CONTROL,-7,stoch_k,540,53.8108762661373,53.62246786411472,26.85373946370313
CONTROL,-7,stoch_d,540,54.23833678090247,53.91157443443355,24.72216069862338
CONTROL,-7,cci20,540,9.784811241554955,6.152580011158889,124.25448076999002
CONTROL,-7,mfi14,540,49.91771718362418,50.45787063998072,18.920064422665373
CONTROL,-7,adx14,540,25.47796474071063,27.675308154423504,11.537998510421922
CONTROL,-7,close_vs_ema6,540,0.0002491697024381567,0.00014442809874392059,0.006293209406452459
CONTROL,-7,close_vs_ema12,540,0.00019383326903388287,0.0003166828535450382,0.009746263985026702
CONTROL,-7,close_vs_ema24,540,0.0006305613702898283,0.0007398510608686107,0.014138216956058982
CONTROL,-7,close_vs_ema48,540,0.0017621396238798326,0.001726637520288437,0.020341679011589495
CONTROL,-7,close_vs_ema72,540,0.002582876658010602,0.0027166653126314824,0.025361267804200616
CONTROL,-7,ema6_slope_3h,540,0.00010929727219621821,0.00029468458910116745,0.006589696192150467
CONTROL,-7,ema24_slope_6h,540,0.00045434051315573765,0.0004074108720955493,0.00669002201100158
CONTROL,-7,ema72_slope_12h,540,0.0006306397857470669,0.000983503837777496,0.008019646421814478
CONTROL,-7,close_vs_vwap24,540,0.000536546523474013,0.001275076906683574,0.014246496324545527
CONTROL,-7,close_vs_vwap72,540,0.003495767619775214,0.004170741669272335,0.02510209344311746
CONTROL,-6,log_ret,540,0.00026600511596364725,-0.00017139469001978033,0.005991806760407593
CONTROL,-6,body_pct,540,0.00026619244749703785,-0.00015350206724703695,0.005970489709851538
CONTROL,-6,range_pct,540,0.006731073878882721,0.008480799242352288,0.005984552987583583
CONTROL,-6,lower_wick,540,0.22753036756653539,0.27639381204890034,0.20996189615546462
CONTROL,-6,upper_wick,540,0.24032699314846867,0.27589263590775875,0.20886607986491176
CONTROL,-6,close_location,540,0.5192838735918488,0.5092456140097862,0.29636335820122234
CONTROL,-6,volume_rel72,540,1.0500889788107783,1.517815701637072,1.5671102559446946
CONTROL,-6,trades_rel72,540,1.063651619777176,1.3459576846007195,1.0157062479011272
CONTROL,-6,taker_share,540,0.49697256517779986,0.49737353709025056,0.06149252976906621
CONTROL,-6,rsi6,540,50.92058341701451,50.89410623742008,18.306196636138967
CONTROL,-6,rsi14,540,51.16942711574589,51.04829127520553,12.752506946998558
CONTROL,-6,rsi24,540,51.18890359738661,51.11662175426471,10.1113479642239
CONTROL,-6,macd_pct,540,0.000706517057187634,0.0003547871643413308,0.00665325009352576
CONTROL,-6,macd_signal_pct,540,0.0004941271185509397,0.00042044380638227524,0.006174690862763392
CONTROL,-6,macd_hist_pct,540,-7.935523435031455e-05,-6.565664204094445e-05,0.0020899550208831664
CONTROL,-6,macd_fast_hist_pct,540,-6.302106758915642e-05,-2.2628023934279208e-05,0.0023150195088805668
CONTROL,-6,atr14_pct,540,0.00758517641015535,0.008404948407934128,0.0038252973399209573
CONTROL,-6,bb_width,540,0.03177238514331475,0.03771007006941097,0.02557232136801285
CONTROL,-6,bb_z,540,0.02704168610415454,0.033356808987873396,1.40592248906216
CONTROL,-6,stoch_k,540,54.31385883447079,52.914231658986594,27.652006121690622
CONTROL,-6,stoch_d,540,54.412220967904574,53.602789721644534,25.026034671447377
CONTROL,-6,cci20,540,10.59801033124902,4.060141433284802,124.90218103022119
CONTROL,-6,mfi14,540,49.995590490732624,50.310882593527886,19.02341351994252
CONTROL,-6,adx14,540,25.996283084077028,27.758587321669534,11.592397460648417
CONTROL,-6,close_vs_ema6,540,2.915621245958011e-05,-2.1429105888404186e-05,0.00631711994926771
CONTROL,-6,close_vs_ema12,540,0.00029738616465369017,0.00012234262501876716,0.00984097443199979
CONTROL,-6,close_vs_ema24,540,0.0009281708144609491,0.0005240497048918415,0.014278282243962397
CONTROL,-6,close_vs_ema48,540,0.0017659729355712361,0.0014924785728988384,0.020400619246131704
CONTROL,-6,close_vs_ema72,540,0.0026966412343591983,0.002474253104463541,0.02532407655845638
CONTROL,-6,ema6_slope_3h,540,0.00016096260627040948,0.00023449188580510277,0.00669402854781618
CONTROL,-6,ema24_slope_6h,540,0.0005355407908413934,0.0003926485248883572,0.006746717834464638
CONTROL,-6,ema72_slope_12h,540,0.000571504906992093,0.0009578657678918934,0.008025615741525759
CONTROL,-6,close_vs_vwap24,540,0.00134281512214951,0.0010578314957603778,0.014552329753133166
CONTROL,-6,close_vs_vwap72,540,0.0033241567969529706,0.0039059741095180643,0.02511094240973131
CONTROL,-5,log_ret,540,2.4918581670071434e-05,0.00016004503990680043,0.0058108291348968
CONTROL,-5,body_pct,540,2.491889428735128e-05,0.00017688973341883189,0.005814020820863305
CONTROL,-5,range_pct,540,0.006979220268045316,0.0083998710092357,0.005806761259793327
CONTROL,-5,lower_wick,540,0.24185731220867884,0.28471986147137607,0.2137805972761402
CONTROL,-5,upper_wick,540,0.22504920369815867,0.2732820309774701,0.21440528812245271
CONTROL,-5,close_location,540,0.5084482615311302,0.5123084646369997,0.30058909363818775
CONTROL,-5,volume_rel72,540,1.0534884926097265,1.4241262081930965,1.1809096157410126
CONTROL,-5,trades_rel72,540,1.0559650682425572,1.2912361324001758,0.8627568813168122
CONTROL,-5,taker_share,540,0.4962485057549124,0.49385221080849573,0.05928859767278871
CONTROL,-5,rsi6,540,50.77956032132755,50.52231428009027,17.87830432638862
CONTROL,-5,rsi14,540,50.540858124146084,50.93290996676687,12.574694853875013
CONTROL,-5,rsi24,540,51.16823833764933,51.069396014595135,10.023436593131859
CONTROL,-5,macd_pct,540,0.0005734039998491901,0.00034338149983710505,0.006668221676869315
CONTROL,-5,macd_signal_pct,540,0.0005505920258266062,0.00040555389842786136,0.00618464283087536
CONTROL,-5,macd_hist_pct,540,-3.8910944146796055e-05,-6.21723985907563e-05,0.0020662393977549853
CONTROL,-5,macd_fast_hist_pct,540,-9.5542065013074e-05,-2.1379655475382603e-05,0.002252746220496436
CONTROL,-5,atr14_pct,540,0.007647209922533328,0.00839344811118928,0.0037841343517741313
CONTROL,-5,bb_width,540,0.0307307673643512,0.037818213709755064,0.025653836021653068
CONTROL,-5,bb_z,540,0.009122380475369543,0.00953984678383985,1.3433973150724758
CONTROL,-5,stoch_k,540,52.17599654003983,52.02938761220243,26.75755011839298
CONTROL,-5,stoch_d,540,54.479613189798826,52.85536237843464,25.139424668321595
CONTROL,-5,cci20,540,5.843928843569868,1.6019153920262317,120.76301642161496
CONTROL,-5,mfi14,540,50.51303141837741,50.018126295091925,18.813415647676727
CONTROL,-5,adx14,540,25.994405380856108,27.803378676366695,11.65602150501929
CONTROL,-5,close_vs_ema6,540,5.544870334384111e-05,9.578826025273864e-05,0.006070495978556717
CONTROL,-5,close_vs_ema12,540,0.0002890853972689067,0.00023496039563936747,0.009516988232405038
CONTROL,-5,close_vs_ema24,540,0.00045180822528445574,0.0006248327911581843,0.013991874150098397
CONTROL,-5,close_vs_ema48,540,0.0018934614857578635,0.001580276403164934,0.020179667977984254
CONTROL,-5,close_vs_ema72,540,0.001530145394173954,0.0025573265804410767,0.025141879840202296
CONTROL,-5,ema6_slope_3h,540,7.90752844345155e-05,0.0001185042075997174,0.0065857504527605075
CONTROL,-5,ema24_slope_6h,540,0.0003822521503109577,0.000377547364420895,0.006758500609499133
CONTROL,-5,ema72_slope_12h,540,0.0006332322480209207,0.0009359711018945675,0.008032971366560815
CONTROL,-5,close_vs_vwap24,540,0.0004729970761148117,0.001146757188491791,0.014465869161773125
CONTROL,-5,close_vs_vwap72,540,0.00331524812428885,0.003962483450793937,0.024893134201696438
CONTROL,-4,log_ret,540,-3.2307671076444835e-05,0.00036934253485933276,0.005820601032355665
CONTROL,-4,body_pct,540,-3.222041865641456e-05,0.0003863984317826104,0.005829333387817998
CONTROL,-4,range_pct,540,0.007038363275116644,0.008686295717760674,0.005935660892304665
CONTROL,-4,lower_wick,540,0.24410811752471995,0.27990333371765047,0.20886096836845758
CONTROL,-4,upper_wick,540,0.2320790369638664,0.2804894915806283,0.21740792303027695
CONTROL,-4,close_location,540,0.5072162576799424,0.5098167118921095,0.29935670774107453
CONTROL,-4,volume_rel72,540,1.1040260195800282,1.4947047991384568,1.2780125816423784
CONTROL,-4,trades_rel72,540,1.090470501027439,1.338267235592657,0.9377873824293941
CONTROL,-4,taker_share,540,0.49611274512281806,0.49442239815713623,0.05925474809778565
CONTROL,-4,rsi6,540,51.11442789279515,50.852221496213666,18.1449009904856
CONTROL,-4,rsi14,540,51.17998749198968,51.154933211572896,12.661521080721245
CONTROL,-4,rsi24,540,51.491711426040226,51.22817538892098,10.067290492391033
CONTROL,-4,macd_pct,540,0.0006032197652282141,0.0003560150343506006,0.006705499369825116
CONTROL,-4,macd_signal_pct,540,0.0005590564258601153,0.00039509758492441437,0.006207222412618951
CONTROL,-4,macd_hist_pct,540,-1.4312913765844184e-05,-3.908255057381394e-05,0.002067468391708422
CONTROL,-4,macd_fast_hist_pct,540,-0.0001381957843607953,2.0705033682516854e-05,0.002288583008840438
CONTROL,-4,atr14_pct,540,0.007680629431901847,0.008421636046773881,0.0037836825018796867
CONTROL,-4,bb_width,540,0.03087283516772825,0.03800426619280252,0.025786190361808597
CONTROL,-4,bb_z,540,0.06795155431651186,0.056607800555610044,1.3689970972006023
CONTROL,-4,stoch_k,540,53.27145257756905,52.6294856892114,27.07159190150779
CONTROL,-4,stoch_d,540,54.77959001367952,52.52436832013353,24.958385751596214
CONTROL,-4,cci20,540,7.751985490340754,5.017269446477896,120.99835181727515
CONTROL,-4,mfi14,540,50.4886555519579,50.01709206052276,18.43230063522019
CONTROL,-4,adx14,540,25.79901932684832,27.801435336699015,11.67125059530722
CONTROL,-4,close_vs_ema6,540,0.00017901977130774238,0.00033125765821260915,0.006369691728902155
CONTROL,-4,close_vs_ema12,540,0.00040900209474381555,0.0005128822182429475,0.009863860356309644
CONTROL,-4,close_vs_ema24,540,0.0009439396363046804,0.0009185782341653669,0.014332431844668049
CONTROL,-4,close_vs_ema48,540,0.002205988833987149,0.0018762551784548697,0.020483040737240662
CONTROL,-4,close_vs_ema72,540,0.0030274224181701115,0.002853630294909209,0.02539550893912668
CONTROL,-4,ema6_slope_3h,540,0.00014107857875134133,0.00019380589470822498,0.006656535588753543
CONTROL,-4,ema24_slope_6h,540,0.00041522510470193286,0.00041405906952845373,0.006782623624886525
CONTROL,-4,ema72_slope_12h,540,0.0006973505512430922,0.0009418775698402701,0.00803160264254959
CONTROL,-4,close_vs_vwap24,540,0.0009926821769173921,0.0014026629814919951,0.014856611223162272
CONTROL,-4,close_vs_vwap72,540,0.0036219000621904307,0.004256452765351987,0.025171616386731405
CONTROL,-3,log_ret,540,0.00033713303938120163,0.00015564992520517585,0.006388772894425825
CONTROL,-3,body_pct,540,0.0003371744271544186,0.00017613077106330195,0.006392010492461478
CONTROL,-3,range_pct,540,0.006876790706682678,0.008706442434382232,0.007000306715377963
CONTROL,-3,lower_wick,540,0.21361614958964226,0.26907270850498843,0.210955368787969
CONTROL,-3,upper_wick,540,0.22828047789406425,0.27288331821312956,0.21970632323358283
CONTROL,-3,close_location,540,0.5278441583850325,0.5159677101110063,0.30093439414328116
CONTROL,-3,volume_rel72,540,1.057044319376948,1.4824692839215525,1.4287570272454575
CONTROL,-3,trades_rel72,540,1.0466582693297426,1.3265520980188659,0.9481804620317277
CONTROL,-3,taker_share,540,0.493584109387862,0.4925384383374948,0.05923509843914355
CONTROL,-3,rsi6,540,52.495674741685264,51.21882965365696,18.029650328368685
CONTROL,-3,rsi14,540,51.283019191012215,51.23159952316075,12.627244150642783
CONTROL,-3,rsi24,540,51.46907817821389,51.25582750773491,10.092313347695832
CONTROL,-3,macd_pct,540,0.0005341187721155038,0.0003709604867734272,0.006773180706177875
CONTROL,-3,macd_signal_pct,540,0.0006644916997095984,0.00038836293047587425,0.006237878122319878
CONTROL,-3,macd_hist_pct,540,-8.74599795636819e-05,-1.7402443702446845e-05,0.0020763090548342484
CONTROL,-3,macd_fast_hist_pct,540,-7.219111382191779e-05,4.992710611020539e-05,0.0023176836989983796
CONTROL,-3,atr14_pct,540,0.007777655509979683,0.008452797116781777,0.003833989433435053
CONTROL,-3,bb_width,540,0.030542676788765794,0.03813634544464999,0.026024895406632588
CONTROL,-3,bb_z,540,0.10841413124536672,0.06625824351362739,1.3259643295482184
CONTROL,-3,stoch_k,540,56.52701315734524,53.50324489983326,27.003229301131423
CONTROL,-3,stoch_d,540,54.260574305665386,52.72070606708242,24.703163604887926
CONTROL,-3,cci20,540,11.19379659547034,6.3083193291601605,117.48369015681162
CONTROL,-3,mfi14,540,49.30950247192034,49.84442024258593,18.088701745143243
CONTROL,-3,adx14,540,25.43275744712668,27.77534412751509,11.66234141913085
CONTROL,-3,close_vs_ema6,540,0.00032306407952054084,0.00034610010028160134,0.006526728592479367
CONTROL,-3,close_vs_ema12,540,0.0006141675361091004,0.0005664780167698456,0.010119261177696999
CONTROL,-3,close_vs_ema24,540,0.000864945037425513,0.0009926064947410943,0.014703346058307342
CONTROL,-3,close_vs_ema48,540,0.0018786415004681256,0.0019580682575536215,0.0209516881549368
CONTROL,-3,close_vs_ema72,540,0.0033521396977627127,0.0029386002071386703,0.02587123044610435
CONTROL,-3,ema6_slope_3h,540,0.00019934261637988282,0.00034170889664434626,0.006753693241216063
CONTROL,-3,ema24_slope_6h,540,0.000435208802310072,0.00044382328439523694,0.006861722672289154
CONTROL,-3,ema72_slope_12h,540,0.0006765275189682951,0.0009469491006409283,0.008043497740903386
CONTROL,-3,close_vs_vwap24,540,0.0015284485290735228,0.0014695896099770256,0.01497152480269697
CONTROL,-3,close_vs_vwap72,540,0.003689948375521057,0.004359048571763922,0.025444499719280273
CONTROL,-2,log_ret,540,0.0006136867770510558,0.0004758860624581034,0.006388997909492404
CONTROL,-2,body_pct,540,0.0006138751220144956,0.0004963019614973163,0.0063784601709839855
CONTROL,-2,range_pct,540,0.006724862388299613,0.00878007619898264,0.0063852104837720264
CONTROL,-2,lower_wick,540,0.23559528004643815,0.2722517666132186,0.2080959650034271
CONTROL,-2,upper_wick,540,0.21876923532096826,0.260638113226181,0.20048051887210622
CONTROL,-2,close_location,540,0.5712436860939426,0.5434575047280038,0.29650765089985665
CONTROL,-2,volume_rel72,540,1.0233220383467778,1.503950625131864,1.3064484254085664
CONTROL,-2,trades_rel72,540,1.0228774352068555,1.3401853701919346,0.922557156182672
CONTROL,-2,taker_share,540,0.4981121274355945,0.4984516307122008,0.05838778001912331
CONTROL,-2,rsi6,540,52.621827718267774,51.98139858831563,18.23253465335181
CONTROL,-2,rsi14,540,51.6056512806332,51.55533887332011,12.63635587652192
CONTROL,-2,rsi24,540,51.686237982903044,51.45308156830761,10.051668093779098
CONTROL,-2,macd_pct,540,0.0006625740391109876,0.0004185690583879264,0.006794439112301678
CONTROL,-2,macd_signal_pct,540,0.0007080031412315957,0.0003966195445882418,0.006258295954360838
CONTROL,-2,macd_hist_pct,540,-0.0001255787442985608,2.1949513799684662e-05,0.0021037347587151943
CONTROL,-2,macd_fast_hist_pct,540,4.502666256677923e-05,0.00010932828056135734,0.002376168536639783
CONTROL,-2,atr14_pct,540,0.007845182289368806,0.008467820078158828,0.00380532043744559
CONTROL,-2,bb_width,540,0.03036567435075737,0.03826815961587827,0.026229926611594068
CONTROL,-2,bb_z,540,0.19641837290750339,0.10662744813888118,1.3397592549398076
CONTROL,-2,stoch_k,540,55.45379167168435,54.760116498227376,27.67785885595581
CONTROL,-2,stoch_d,540,55.84367775956778,53.630949029090736,25.05835923700869
CONTROL,-2,cci20,540,15.530065504986446,8.77078700420734,116.05272050241754
CONTROL,-2,mfi14,539,50.818213914881596,50.40044378166934,18.259135130248573
CONTROL,-2,adx14,540,25.122218871283025,27.7675868139294,11.61950357987567
CONTROL,-2,close_vs_ema6,540,0.0006272260303089583,0.0005853947972911935,0.006692996197917102
CONTROL,-2,close_vs_ema12,540,0.0007908818450965693,0.0008821345784938823,0.010301500704902449
CONTROL,-2,close_vs_ema24,540,0.001230954975146803,0.0013516836853531926,0.014811033272721017
CONTROL,-2,close_vs_ema48,540,0.002428933452418347,0.002334635600436688,0.02097584140196998
CONTROL,-2,close_vs_ema72,540,0.003234206620137847,0.0033207277166753453,0.025875686062852878
CONTROL,-2,ema6_slope_3h,540,0.0003417589066747606,0.0005391816201938577,0.00688736690929288
CONTROL,-2,ema24_slope_6h,540,0.0004485339582545045,0.00047683625960694175,0.006937865972536777
CONTROL,-2,ema72_slope_12h,540,0.0007331230410638767,0.0009684571807809111,0.008046911036863892
CONTROL,-2,close_vs_vwap24,540,0.001306020072455727,0.0018333818415191049,0.015223040255168775
CONTROL,-2,close_vs_vwap72,540,0.003996796536693381,0.004719403899445394,0.02543587524158898
CONTROL,-1,log_ret,540,0.00015404151532966807,0.00018712771691685597,0.006549422309687631
CONTROL,-1,body_pct,540,0.00015397002227424128,0.00020844904149621373,0.006553614457550757
CONTROL,-1,range_pct,540,0.007005336338161583,0.00900106271110195,0.0063918114605534815
CONTROL,-1,lower_wick,540,0.22441742545696644,0.26480835182515355,0.20546185664550515
CONTROL,-1,upper_wick,540,0.22174735161192768,0.2675645867745174,0.2151862398184619
CONTROL,-1,close_location,540,0.49896573335084704,0.5101456030184203,0.3033335594706413
CONTROL,-1,volume_rel72,540,1.0893454687680821,1.552389782514122,1.3609207742257068
CONTROL,-1,trades_rel72,540,1.040016508377868,1.3888732394661853,0.9933289943321418
CONTROL,-1,taker_share,540,0.4951729818439231,0.49143658135697255,0.05958473280418203
CONTROL,-1,rsi6,540,53.63106688847773,52.14090330208964,18.08540046100793
CONTROL,-1,rsi14,540,52.10629017952039,51.675683577068085,12.475558340041498
CONTROL,-1,rsi24,540,51.670190622767755,51.52727880636455,9.977180173571108
CONTROL,-1,macd_pct,540,0.0006890388556073733,0.000462766579484617,0.006838072276807414
CONTROL,-1,macd_signal_pct,540,0.0006802088161309366,0.0004090918124570056,0.006293505964372429
CONTROL,-1,macd_hist_pct,540,-4.515495442511252e-05,5.367476702761144e-05,0.0021015393586454366
CONTROL,-1,macd_fast_hist_pct,540,0.00010783777781014385,0.00013869516233756384,0.0023684825370561572
CONTROL,-1,atr14_pct,540,0.007897190009729067,0.008517599906700138,0.0037968889002602322
CONTROL,-1,bb_width,540,0.03069135952951191,0.03833345910361062,0.026334732373229062
CONTROL,-1,bb_z,540,0.2960234247331194,0.13500110353808553,1.3558448900946993
CONTROL,-1,stoch_k,540,59.80480694704748,55.38557167478435,27.953904639930663
CONTROL,-1,stoch_d,540,56.423229917880064,54.54964435761505,25.202896848963288
CONTROL,-1,cci20,540,22.067990377299047,11.928777729925793,117.33114797405003
CONTROL,-1,mfi14,539,51.490839415642306,50.81923181302469,18.22347194239769
CONTROL,-1,adx14,540,25.33074692893255,27.770614034335296,11.571685069479237
CONTROL,-1,close_vs_ema6,540,0.0005714306145380155,0.0005488088383072693,0.006588295437908721
CONTROL,-1,close_vs_ema12,540,0.001181150409984677,0.0009021769455631175,0.010162461803714202
CONTROL,-1,close_vs_ema24,540,0.0017225248087906486,0.001414302915687908,0.014749112976871103
CONTROL,-1,close_vs_ema48,540,0.002700484473545539,0.002420373706019643,0.021049903501430604
CONTROL,-1,close_vs_ema72,540,0.00382825814589538,0.003415928392900621,0.02602838825568811
CONTROL,-1,ema6_slope_3h,540,0.0004042959318389938,0.0006270564218345966,0.006965946346186429
CONTROL,-1,ema24_slope_6h,540,0.0006488584507445827,0.0005358945092837426,0.0069837494078901175
CONTROL,-1,ema72_slope_12h,540,0.0008281919829163931,0.000991239200662673,0.008074204175372413
CONTROL,-1,close_vs_vwap24,540,0.0016828202460296149,0.0018788659651607226,0.015174054386234552
CONTROL,-1,close_vs_vwap72,540,0.005119273334379892,0.004767714936197168,0.025568403624115284
CONTROL,0,log_ret,540,0.0003020319347809354,7.550484594768301e-06,0.007007791675735005
CONTROL,0,body_pct,540,0.0003020054338834788,3.222168851550384e-05,0.0070024931287903215
CONTROL,0,range_pct,540,0.007261668335135307,0.009353541120141943,0.007073965982802319
CONTROL,0,lower_wick,540,0.24530868475778345,0.2952459156054213,0.22350614039521713
CONTROL,0,upper_wick,540,0.19178824600026875,0.25039233124801324,0.20982941903774052
CONTROL,0,close_location,540,0.54124307134564,0.5405426153233104,0.3029575009128316
CONTROL,0,volume_rel72,540,1.0819382250559433,1.6604775580371847,1.6534508180686156
CONTROL,0,trades_rel72,540,1.0918051515808227,1.440397037240499,1.0709818466171066
CONTROL,0,taker_share,540,0.49440069039666246,0.494166164063204,0.05916839072960989
CONTROL,0,rsi6,540,52.51987665196843,51.852325967922965,18.171272627101462
CONTROL,0,rsi14,540,51.73901629205867,51.54200854006254,12.529144601479434
CONTROL,0,rsi24,540,51.6840529691206,51.44797455368817,10.04287183690314
CONTROL,0,macd_pct,540,0.0007083999248002997,0.0004893807475461675,0.006893691142160906
CONTROL,0,macd_signal_pct,540,0.0006902674635712166,0.00042444744744198553,0.006327942998710443
CONTROL,0,macd_hist_pct,540,-4.3276644048362686e-05,6.493330010418203e-05,0.00212374362641097
CONTROL,0,macd_fast_hist_pct,540,5.726385064268058e-05,0.00012417823949753827,0.002415615307115559
CONTROL,0,atr14_pct,540,0.008009414292477268,0.008594599075826003,0.0037916856785553577
CONTROL,0,bb_width,540,0.03150755280915017,0.03851292833381896,0.02650012594013689
CONTROL,0,bb_z,540,0.2244870615884174,0.0879536304938003,1.3630036690264242
CONTROL,0,stoch_k,540,57.35428633043299,54.67262650192852,27.523494818886462
CONTROL,0,stoch_d,540,57.52213806049144,54.93943822498014,25.34396810343825
CONTROL,0,cci20,540,21.092315812983635,8.755908599973608,118.90608928335841
CONTROL,0,mfi14,540,51.34603805617131,50.949185895181714,18.3438669386721
CONTROL,0,adx14,540,25.493987876521004,27.78249658717107,11.544735228567177
CONTROL,0,close_vs_ema6,540,0.000497611443776913,0.00039673106490746763,0.0070495698808984856
CONTROL,0,close_vs_ema12,540,0.0006288744801169477,0.0007726814373752917,0.010693498037527387
CONTROL,0,close_vs_ema24,540,0.0009651813478297466,0.0013146593366120231,0.015306143834391144
CONTROL,0,close_vs_ema48,540,0.002592005591861124,0.0023382553810634157,0.021559222680914147
CONTROL,0,close_vs_ema72,540,0.0032381567594305105,0.0033400936935872602,0.026476076550123642
CONTROL,0,ema6_slope_3h,540,0.0004861671185322214,0.0006488222119480477,0.007098063848538383
CONTROL,0,ema24_slope_6h,540,0.0006507420330380542,0.0006051890281674681,0.0070410919883528
CONTROL,0,ema72_slope_12h,540,0.0010386504935512297,0.0010088387853442189,0.008113688108443961
CONTROL,0,close_vs_vwap24,540,0.0013087630274405404,0.001783684305544351,0.015678410958839893
CONTROL,0,close_vs_vwap72,540,0.004736617540515131,0.004677809261897106,0.025931788659604292
CONTROL,1,log_ret,540,5.9463149263817724e-06,-0.00043368489359022893,0.005739548210929905
CONTROL,1,body_pct,540,6.061008602731288e-06,-0.0004172251488464521,0.005720282373191114
CONTROL,1,range_pct,540,0.006997259848355752,0.009102490645459817,0.0074503811529439655
CONTROL,1,lower_wick,540,0.27629898343963355,0.3058568798317364,0.21761674874853992
CONTROL,1,upper_wick,540,0.2364087301587382,0.26579814031375953,0.20405749369353568
CONTROL,1,close_location,540,0.504411095095229,0.5181536183216087,0.290202164624987
CONTROL,1,volume_rel72,540,1.0817129756069666,1.6534186235865491,1.717446045723944
CONTROL,1,trades_rel72,540,1.055100187369436,1.439172693084264,1.137021149159363
CONTROL,1,taker_share,540,0.48963287524014765,0.48950868279311227,0.06047800248141242
CONTROL,1,rsi6,540,51.83500259498007,51.32066516464891,18.350630594882418
CONTROL,1,rsi14,540,51.251040388193935,51.2731359730872,12.615893961104865
CONTROL,1,rsi24,540,51.67235837808325,51.269360293780295,10.069654335243955
CONTROL,1,macd_pct,540,0.0007041063256690451,0.00046721547360314134,0.006998789719831369
CONTROL,1,macd_signal_pct,540,0.0008685882942573693,0.00043200220309809,0.006385236911499511
CONTROL,1,macd_hist_pct,540,-6.561131910963526e-05,3.521327050505133e-05,0.0021729602846934522
CONTROL,1,macd_fast_hist_pct,540,-7.002399149978211e-06,3.446495782793439e-05,0.0024684611940430767
CONTROL,1,atr14_pct,540,0.00798007326902974,0.008650707740583725,0.003849562923452447
CONTROL,1,bb_width,540,0.03103234551947555,0.03868103122269999,0.02685372504466172
CONTROL,1,bb_z,540,0.12142252071196379,0.06501457748321349,1.3598428059868768
CONTROL,1,stoch_k,540,55.49836700861569,53.62415142143641,27.76935175339949
CONTROL,1,stoch_d,540,55.838143665668454,54.56078319938315,25.4741899966946
CONTROL,1,cci20,540,17.408573981592863,5.573501455267114,120.21105071628558
CONTROL,1,mfi14,540,51.53708177948084,50.810654643714926,18.359071785430764
CONTROL,1,adx14,540,25.884025737323334,27.758885982976864,11.512380306130378
CONTROL,1,close_vs_ema6,540,0.00023001046771342626,-3.0208315027961623e-05,0.006813183298625348
CONTROL,1,close_vs_ema12,540,0.00044839754162029344,0.00028519944311801963,0.010688676365799349
CONTROL,1,close_vs_ema24,540,0.0009810989110801138,0.0008120027508254096,0.015471211458643462
CONTROL,1,close_vs_ema48,540,0.0025494564533778963,0.0018307043954143309,0.021765076787340836
CONTROL,1,close_vs_ema72,540,0.003014368112660315,0.0028308410222229736,0.026641657532268895
CONTROL,1,ema6_slope_3h,540,0.0003606912905065318,0.0004040576665389066,0.007304231362929597
CONTROL,1,ema24_slope_6h,540,0.0006543435045053281,0.0006224646672153413,0.0071575232007208955
CONTROL,1,ema72_slope_12h,540,0.0010730469552309163,0.0010096176241351155,0.008157794568470343
CONTROL,1,close_vs_vwap24,540,0.0007905507478163099,0.0013017449012419113,0.01574998273170314
CONTROL,1,close_vs_vwap72,540,0.0038456343190729214,0.004179724952080245,0.026081496999353984
CONTROL,2,log_ret,540,-0.00039792505056587086,-0.0007545614672085936,0.005827206865461886
CONTROL,2,body_pct,540,-0.00039790005341017176,-0.0007375918449351029,0.0058173815005963135
CONTROL,2,range_pct,540,0.006837179756717493,0.008605069204731598,0.006029982814690707
CONTROL,2,lower_wick,540,0.2504718959731655,0.2953974055972195,0.21965945155413483
CONTROL,2,upper_wick,540,0.22113438525631304,0.26425613451149127,0.22065727357789042
CONTROL,2,close_location,540,0.45686898687344335,0.48082944363346547,0.30077168408662336
CONTROL,2,volume_rel72,540,1.046250097823487,1.497613970575179,1.324939218381567
CONTROL,2,trades_rel72,540,1.0262566872978551,1.3336752482010528,0.9030004600197318
CONTROL,2,taker_share,540,0.48603537760151927,0.4867917789552686,0.05633162357494505
CONTROL,2,rsi6,540,50.54004478954753,49.89526629375188,17.87169870897042
CONTROL,2,rsi14,540,51.145080180867495,50.56492171124023,12.35379852477952
CONTROL,2,rsi24,540,51.34794942196261,50.83476055387584,9.90340902736088
CONTROL,2,macd_pct,540,0.0006580932149103061,0.0003857050902114666,0.0070701621678697
CONTROL,2,macd_signal_pct,540,0.0006998997547713536,0.0004223900565893597,0.006442288450937783
CONTROL,2,macd_hist_pct,540,-0.00010095829118766699,-3.668496637789334e-05,0.0021516426323281795
CONTROL,2,macd_fast_hist_pct,540,-5.420453557998954e-06,-0.00011769988638550781,0.0023558814600879983
CONTROL,2,atr14_pct,540,0.008110796328588687,0.008660103749470568,0.003852693964410444
CONTROL,2,bb_width,540,0.03204310027133397,0.03887215596578326,0.027074451777674122
CONTROL,2,bb_z,540,0.07229626184109866,-0.024062724739775828,1.3327589759386171
CONTROL,2,stoch_k,540,53.16241204340503,51.76078334180568,28.061008890510482
CONTROL,2,stoch_d,540,55.84288028523363,53.35252042172359,25.784717303259622
CONTROL,2,cci20,540,12.01405867025611,-0.8634516439200781,116.04767167348572
CONTROL,2,mfi14,540,50.13193415380945,50.27901324934991,18.30077366378446
CONTROL,2,adx14,540,26.229824376548827,27.696684259314598,11.519739350932129
CONTROL,2,close_vs_ema6,540,-6.363147588539508e-05,-0.0005657378955005243,0.006132164170813089
CONTROL,2,close_vs_ema12,540,0.00012452399939133496,-0.0004048675842664816,0.009953648038147037
CONTROL,2,close_vs_ema24,540,0.0009228240643907037,4.4010847128209235e-05,0.014905758781790778
CONTROL,2,close_vs_ema48,540,0.0018542351169602567,0.0010253376267263163,0.021493196187989408
CONTROL,2,close_vs_ema72,540,0.001990671081619655,0.002015740001110458,0.026569534355054512
CONTROL,2,ema6_slope_3h,540,0.00019063356354753758,-4.296760114497961e-05,0.007206619599968929
CONTROL,2,ema24_slope_6h,540,0.0005928887447164133,0.0005471013511190755,0.007250325092704124
CONTROL,2,ema72_slope_12h,540,0.001134941479457252,0.0009967102511377049,0.008215698476343817
CONTROL,2,close_vs_vwap24,540,0.0010260058097985025,0.0005676945451170822,0.0153083107984992
CONTROL,2,close_vs_vwap72,540,0.003545841578795117,0.0033741400768121836,0.02591197672185436
CONTROL,3,log_ret,540,-0.0001879320531326248,-0.0006415910656207054,0.00565971281909177
CONTROL,3,body_pct,540,-0.00018786287605970786,-0.0006252857920013807,0.005637865565626475
CONTROL,3,range_pct,540,0.006904675993076537,0.00847257304280659,0.006491089576632559
CONTROL,3,lower_wick,540,0.27957434782346663,0.3100148705566353,0.21817200034178705
CONTROL,3,upper_wick,540,0.20884257062893652,0.25658452287251565,0.20796687705970573
CONTROL,3,close_location,540,0.5138783392391368,0.5163512936568871,0.29677191613472154
CONTROL,3,volume_rel72,540,1.061725347537112,1.41644616017751,1.2295714921302787
CONTROL,3,trades_rel72,540,1.0711767433468244,1.2793927938415401,0.8236026615164319
CONTROL,3,taker_share,540,0.4901267362088173,0.48848817168150066,0.05371282784363564
CONTROL,3,rsi6,540,49.68890026908031,49.22056790177769,17.57792914664335
CONTROL,3,rsi14,540,50.595147721757364,50.121338307882525,12.08605628943759
CONTROL,3,rsi24,540,50.82281230419326,50.54181207114485,9.753967956664308
CONTROL,3,macd_pct,540,0.0005509851769157125,0.00026268837060686986,0.007161855890246704
CONTROL,3,macd_signal_pct,540,0.0007156475168714896,0.00038865017545429355,0.006523648248929581
CONTROL,3,macd_hist_pct,540,-0.00016159783877756968,-0.0001259618048474237,0.0021014530468593247
CONTROL,3,macd_fast_hist_pct,540,-0.00017599945788373747,-0.0002654865814949938,0.002228249883017384
CONTROL,3,atr14_pct,540,0.0080504613001412,0.008658230895827911,0.0038644015681105633
CONTROL,3,bb_width,540,0.03229473225129098,0.0389479293586861,0.027210025988025917
CONTROL,3,bb_z,540,0.039381463223359184,-0.08306789964486291,1.3056252080869957
CONTROL,3,stoch_k,540,51.83745461056721,50.98836456400466,27.871968552122073
CONTROL,3,stoch_d,540,53.57207787347757,52.124433109082304,25.82775912984847
CONTROL,3,cci20,540,-0.440933774923832,-7.13730593144783,114.19833468664179
CONTROL,3,mfi14,540,49.69551285388661,49.5644770907723,18.354496438977414
CONTROL,3,adx14,540,26.345033625092654,27.62637134270566,11.534003582067959
CONTROL,3,close_vs_ema6,540,-0.0001137091384461053,-0.000865379943647223,0.005855368783969297
CONTROL,3,close_vs_ema12,540,-7.257155837103735e-05,-0.000889192848675336,0.00960812842103891
CONTROL,3,close_vs_ema24,540,0.0003820994851392312,-0.0005531429369426041,0.014659170713667716
CONTROL,3,close_vs_ema48,540,0.0012071767326464755,0.0003673144250427478,0.021425772497090944
CONTROL,3,close_vs_ema72,540,0.0018608671840792956,0.0013381745428368808,0.026601929812338537
CONTROL,3,ema6_slope_3h,540,-0.00014148945757957998,-0.0005525874858417366,0.006658033360109792
CONTROL,3,ema24_slope_6h,540,0.0005595187814881886,0.00041299817444132085,0.0073009749663304245
CONTROL,3,ema72_slope_12h,540,0.0011980744003576849,0.0009607122453448674,0.008280330671916959
CONTROL,3,close_vs_vwap24,540,5.4496934349446136e-05,-1.734454042411575e-05,0.015084908453866574
CONTROL,3,close_vs_vwap72,540,0.004063480783922158,0.0027213042781671585,0.02587114150766448
CONTROL,4,log_ret,540,-0.00014764622373602897,-0.00038569490869332237,0.005898944009808826
CONTROL,4,body_pct,540,-0.00014771487079134893,-0.0003684736297349856,0.005897940964586878
CONTROL,4,range_pct,540,0.006697961813438624,0.008399442352537105,0.006032637278381963
CONTROL,4,lower_wick,540,0.25491660155832835,0.29622234906378286,0.2183102810117321
CONTROL,4,upper_wick,540,0.2176351775527317,0.26471221793356736,0.21010206922891458
CONTROL,4,close_location,540,0.5145057920806491,0.5121418946210211,0.295930995063964
CONTROL,4,volume_rel72,540,1.0224275824636249,1.4340391632691538,1.3487419714573732
CONTROL,4,trades_rel72,540,1.0313152357143993,1.306188345272547,0.9301538042958997
CONTROL,4,taker_share,540,0.48885349902556074,0.49065885550164706,0.05351110583156598
CONTROL,4,rsi6,540,49.3365986543502,48.94684098126434,17.00388594375929
CONTROL,4,rsi14,540,50.86211439751707,49.89626852514049,11.85099469757007
CONTROL,4,rsi24,540,51.00859254775425,50.37280877865777,9.582141111050841
CONTROL,4,macd_pct,540,0.0006321582119663939,0.00013794127182040309,0.007123150871557759
CONTROL,4,macd_signal_pct,540,0.0006447546103272538,0.0003412468283479608,0.00656046977889352
CONTROL,4,macd_hist_pct,540,-0.0001894287935213382,-0.00020330555652755777,0.0019984985843188936
CONTROL,4,macd_fast_hist_pct,540,-0.00024829085055594254,-0.0003562535917836518,0.0020633227988659216
CONTROL,4,atr14_pct,540,0.007948910982554286,0.008649291896855699,0.0038925701309635544
CONTROL,4,bb_width,540,0.03211097112163605,0.03890749258867363,0.026988941975741542
CONTROL,4,bb_z,540,-0.008844341938438947,-0.08906918753012634,1.2991590312671544
CONTROL,4,stoch_k,540,51.43320488597036,50.95070574037159,27.180395848186848
CONTROL,4,stoch_d,540,52.82537316633595,51.23328454872736,25.697033274262477
CONTROL,4,cci20,540,6.637010134953726,-8.217525936630347,112.2270010389156
CONTROL,4,mfi14,540,49.21156945137636,49.41398938033639,18.468231338928415
CONTROL,4,adx14,540,25.9888580861396,27.530689252764642,11.565228494279372
CONTROL,4,close_vs_ema6,540,-0.00021492626386571123,-0.00089729753808173,0.005358961123876831
CONTROL,4,close_vs_ema12,540,-0.00019094337212893775,-0.001086478602290053,0.008742322634542266
CONTROL,4,close_vs_ema24,540,0.0004763382211933065,-0.0008769774394571354,0.013699856119302986
CONTROL,4,close_vs_ema48,540,0.0014812120779323923,-3.594331301097826e-05,0.020569692677079875
CONTROL,4,close_vs_ema72,540,0.002114702947888625,0.0009055823581654654,0.025845675636853825
CONTROL,4,ema6_slope_3h,540,-0.00032414071058761706,-0.000904983559229167,0.005950656519614487
CONTROL,4,ema24_slope_6h,540,0.0006281072349073602,0.00021873214174235415,0.007259241942334927
CONTROL,4,ema72_slope_12h,540,0.0009279598832198088,0.0009032420814402232,0.008328897295735811
CONTROL,4,close_vs_vwap24,540,0.0006888381982147473,-0.0003401249935467968,0.014298327778224562
CONTROL,4,close_vs_vwap72,540,0.003973976393003231,0.002322500197406182,0.025206294507697725
CONTROL,5,log_ret,540,-0.0001870660772427768,-0.0007944347574005399,0.006145098093869454
CONTROL,5,body_pct,540,-0.0001870424149524874,-0.0007755817047026013,0.006125799012451991
CONTROL,5,range_pct,540,0.0066386271172919065,0.008754717228576509,0.007965134910010326
CONTROL,5,lower_wick,540,0.27061444159728254,0.30509975000755496,0.21175055004867774
CONTROL,5,upper_wick,540,0.1982692900214486,0.24521808701819034,0.20432380323055593
CONTROL,5,close_location,540,0.503391838009501,0.5145930265007904,0.2929186087515729
CONTROL,5,volume_rel72,540,1.0380124748914268,1.4503053871405174,1.4667016027755762
CONTROL,5,trades_rel72,540,1.0453084966233637,1.316652124157452,1.0020517408352712
CONTROL,5,taker_share,540,0.48931820409127535,0.48971318594768043,0.055947756927648154
CONTROL,5,rsi6,540,49.21973998706687,48.217064448849925,17.004470966898833
CONTROL,5,rsi14,540,49.80957903030334,49.4337631040094,11.877435837454865
CONTROL,5,rsi24,540,50.427641574365936,50.053298691705834,9.597625593672944
CONTROL,5,macd_pct,540,0.0006086487314619935,-2.8226852264876802e-05,0.007056876048888844
CONTROL,5,macd_signal_pct,540,0.0006639564867913387,0.000268734132800035,0.006582187023660441
CONTROL,5,macd_hist_pct,540,-0.00020527286158689173,-0.00029696098506491167,0.0019247815971776122
CONTROL,5,macd_fast_hist_pct,540,-0.0003078687111573538,-0.0004621480462944495,0.0020751356484818343
CONTROL,5,atr14_pct,540,0.00797820410810007,0.008677177679528197,0.003938089907000782
CONTROL,5,bb_width,540,0.03229586091472475,0.038866656931859346,0.026585427940299052
CONTROL,5,bb_z,540,-0.12625867591360157,-0.1416078454774253,1.3023270882341564
CONTROL,5,stoch_k,540,49.29493017489425,50.07642201559631,27.051164109367797
CONTROL,5,stoch_d,540,51.80988469705278,50.671830773324245,25.399582928921678
CONTROL,5,cci20,540,-7.526895126169375,-12.340817353800812,113.25263029973951
CONTROL,5,mfi14,540,48.35529218210655,48.7543988491499,18.537240454520347
CONTROL,5,adx14,540,26.082584965010188,27.469085608923788,11.60330969327636
CONTROL,5,close_vs_ema6,540,-0.0002734083874408322,-0.0012079679607032382,0.005913774096876418
CONTROL,5,close_vs_ema12,540,-0.0002649244700885234,-0.0015901075449225833,0.00899727259112266
CONTROL,5,close_vs_ema24,540,-0.0002154643594766137,-0.0015378640763504116,0.013663942106712169
CONTROL,5,close_vs_ema48,540,0.0008035516310284097,-0.0007991282551361406,0.020427525768913424
CONTROL,5,close_vs_ema72,540,0.0014831472746846819,0.00010372618677910172,0.025685466582993297
CONTROL,5,ema6_slope_3h,540,-0.0002511612938522201,-0.0011632303082182655,0.005689953792099669
CONTROL,5,ema24_slope_6h,540,0.0006528000366099462,-3.879150499593761e-05,0.007163211957709973
CONTROL,5,ema72_slope_12h,540,0.0007797458857392581,0.0008297928801102661,0.008354169156952359
CONTROL,5,close_vs_vwap24,540,-0.00036942933556122215,-0.0009857930939658486,0.014302532348489745
CONTROL,5,close_vs_vwap72,540,0.0023332435472859236,0.0015404042729940985,0.02515372219384038
CONTROL,6,log_ret,540,-0.0002800623037901425,-0.0003439177084997916,0.005742248380224458
CONTROL,6,body_pct,540,-0.0002798734553864368,-0.0003277879090610579,0.005734431221282928
CONTROL,6,range_pct,540,0.006707809882921634,0.00842242208021847,0.005834093890458538
CONTROL,6,lower_wick,540,0.24435861594161673,0.2857922264434686,0.21530204242943385
CONTROL,6,upper_wick,540,0.210764283093501,0.262100585455625,0.2154988150663407
CONTROL,6,close_location,540,0.4641461782736753,0.4955718495947148,0.3047487799551009
CONTROL,6,volume_rel72,540,1.0321854225825977,1.3867673206703601,1.1991037833141802
CONTROL,6,trades_rel72,540,1.0318064497838764,1.2691351488251064,0.855992501287943
CONTROL,6,taker_share,540,0.4883806530600713,0.4877192243604525,0.05833874238666151
CONTROL,6,rsi6,540,47.65412331991659,47.76078069660048,16.157700385810273
CONTROL,6,rsi14,540,48.77211892567766,49.195522178588874,11.435429868118415
CONTROL,6,rsi24,540,50.32940333088089,49.89549395959886,9.325314940844656
CONTROL,6,macd_pct,540,0.00042656573080277,-0.00018611760285553315,0.006978208679979735
CONTROL,6,macd_signal_pct,540,0.000652385086655912,0.00017906533893042947,0.006595187087574213
CONTROL,6,macd_hist_pct,540,-0.00018383778376539472,-0.0003651829417859628,0.001871933864550359
CONTROL,6,macd_fast_hist_pct,540,-0.0003849973254810515,-0.0004970637950646448,0.002070827139883129
CONTROL,6,atr14_pct,540,0.007896822410871852,0.008663394278663816,0.0039006254326374263
CONTROL,6,bb_width,540,0.031829869584156366,0.038634066564543317,0.02608883734827848
CONTROL,6,bb_z,540,-0.16522503920535542,-0.1674863274969893,1.2263293109272315
CONTROL,6,stoch_k,540,48.80574802632022,49.510454338047225,26.914126775376484
CONTROL,6,stoch_d,540,50.51049578270913,50.179194031338426,24.879909327222805
CONTROL,6,cci20,540,-11.944486128602986,-14.397006212545556,107.54000320337937
CONTROL,6,mfi14,540,47.421490509034825,48.28085580474457,18.06178795613652
CONTROL,6,adx14,540,26.054536667898116,27.400639838970328,11.634075382888406
CONTROL,6,close_vs_ema6,540,-0.0004909620214293975,-0.0011119952449115819,0.0055228836370483595
CONTROL,6,close_vs_ema12,540,-0.000687017270627921,-0.0016408349998928132,0.008551089835557016
CONTROL,6,close_vs_ema24,540,-0.0011531503044292513,-0.00173798221279347,0.013143398872642586
CONTROL,6,close_vs_ema48,540,0.00047801320856732943,-0.0011076560766833741,0.019847562090119987
CONTROL,6,close_vs_ema72,540,0.0009644167312495844,-0.0002483792057983679,0.025097120443771197
CONTROL,6,ema6_slope_3h,540,-0.00044239089656217256,-0.0012617196954817864,0.005743388330365134
CONTROL,6,ema24_slope_6h,540,0.0003638597726874915,-0.0003060658983086491,0.0069266293818067174
CONTROL,6,ema72_slope_12h,540,0.0007341851471230898,0.0007531020259759296,0.008362233696249733
CONTROL,6,close_vs_vwap24,540,-0.0012934768519515805,-0.0011667067134624245,0.013931998351972796
CONTROL,6,close_vs_vwap72,540,0.003253839274266812,0.0012162479384134446,0.02463748669490784
