model,feature,importance
STATIC,ema_gap_72_168,34
STATIC,atr72_pct,30
STATIC,ema_gap_24_72,19
STATIC,dist_high240,18
STATIC,close_vs_sma168,17
STATIC,adx14,15
STATIC,rebound_low72,14
STATIC,atr24_pct,12
STATIC,close_vs_ema240,11
STATIC,close_vs_vwap240,10
STATIC,close_vs_sma240,9
STATIC,atr14_pct,8
STATIC,macd_pct,6
STATIC,macd_hist_pct,6
STATIC,rebound_low24,6
STATIC,rebound_low240,6
STATIC,macd_signal_pct,5
STATIC,ema72_slope_12h,5
STATIC,volume_rel72,4
STATIC,ema168_slope_24h,4
STATIC,dist_high72,4
STATIC,close_vs_ema168,3
STATIC,close_vs_sma72,3
STATIC,range_pct,2
STATIC,rsi24,2
STATIC,bb_width,2
STATIC,close_vs_vwap72,2
STATIC,rsi6,1
STATIC,rsi14,1
STATIC,stoch_d,1
STATIC,cci20,1
STATIC,ema6_slope_3h,1
STATIC,avg_trade_quote_rel24,1
STATIC,avg_trade_quote_rel240,1
STATIC,volume_rel240,1
STATIC,quote_volume_rel72,1
STATIC,trades_rel24,1
STATIC,ema_gap_6_24,1
STATIC,atr6_pct,1
STATIC,dist_high24,1
STATIC,log_ret,0
STATIC,body_pct,0
STATIC,lower_wick,0
STATIC,upper_wick,0
STATIC,close_location,0
STATIC,trades_rel72,0
STATIC,taker_share,0
STATIC,macd_fast_hist_pct,0
STATIC,bb_z,0
STATIC,stoch_k,0
STATIC,mfi14,0
STATIC,close_vs_ema6,0
STATIC,close_vs_ema12,0
STATIC,close_vs_ema24,0
STATIC,close_vs_ema48,0
STATIC,close_vs_ema72,0
STATIC,ema24_slope_6h,0
STATIC,close_vs_vwap24,0
STATIC,abs_body_pct,0
STATIC,avg_trade_quote_rel72,0
STATIC,obv_delta,0
STATIC,volume_rel24,0
STATIC,quote_volume_rel24,0
STATIC,quote_volume_rel240,0
STATIC,trades_rel240,0
STATIC,close_vs_sma24,0
TEMPORAL,range_pct__w240__q25,5
TEMPORAL,macd_hist_pct__w240__late_vs_prev,4
TEMPORAL,mfi14__w240__max,4
TEMPORAL,volume_rel24__w240__q10,4
TEMPORAL,close_vs_vwap240__w240__pos,4
TEMPORAL,close_vs_ema6__w24__max,3
TEMPORAL,atr24_pct__w24__max,3
TEMPORAL,atr24_pct__w240__delta,3
TEMPORAL,close_location__w24__diff_std,2
TEMPORAL,taker_share__w72__q25,2
TEMPORAL,rsi6__w240__std,2
TEMPORAL,macd_signal_pct__w72__std,2
TEMPORAL,bb_z__w24__diff_std,2
TEMPORAL,bb_z__w240__max,2
TEMPORAL,bb_z__w240__q10,2
TEMPORAL,stoch_k__w72__max,2
TEMPORAL,mfi14__w24__min,2
TEMPORAL,avg_trade_quote_rel24__w24__diff_std,2
TEMPORAL,avg_trade_quote_rel72__w72__diff_std,2
TEMPORAL,trades_rel24__w240__std,2
TEMPORAL,close_vs_ema240__w72__q90,2
TEMPORAL,close_vs_sma240__now,2
TEMPORAL,atr72_pct__w72__late_vs_prev,2
TEMPORAL,close_vs_vwap240__w240__up_share,2
TEMPORAL,rebound_low24__w72__up_share,2
TEMPORAL,rebound_low72__w240__q25,2
TEMPORAL,rebound_low240__w24__z,2
TEMPORAL,log_ret__w24__q90,1
TEMPORAL,body_pct__w72__mean,1
TEMPORAL,body_pct__w240__min,1
TEMPORAL,lower_wick__w24__max,1
TEMPORAL,lower_wick__w240__late_vs_prev,1
TEMPORAL,upper_wick__w240__max,1
TEMPORAL,upper_wick__w240__diff_std,1
TEMPORAL,close_location__w72__q75,1
TEMPORAL,close_location__w240__q75,1
TEMPORAL,close_location__w240__late_vs_prev,1
TEMPORAL,volume_rel72__w72__q90,1
TEMPORAL,volume_rel72__w240__mean,1
TEMPORAL,volume_rel72__w240__q75,1
TEMPORAL,taker_share__w240__diff_std,1
TEMPORAL,rsi6__w72__q90,1
TEMPORAL,rsi14__w240__diff_mean,1
TEMPORAL,macd_pct__w240__std,1
TEMPORAL,macd_signal_pct__w24__min,1
TEMPORAL,macd_hist_pct__w24__min,1
TEMPORAL,macd_hist_pct__w24__diff_std,1
TEMPORAL,macd_fast_hist_pct__w72__mean,1
TEMPORAL,macd_fast_hist_pct__w72__diff_std,1
TEMPORAL,macd_fast_hist_pct__w240__late_vs_prev,1
TEMPORAL,atr14_pct__w240__std,1
TEMPORAL,bb_width__w72__q10,1
TEMPORAL,bb_z__w72__q10,1
TEMPORAL,bb_z__w72__late_vs_prev,1
TEMPORAL,stoch_k__w72__q75,1
TEMPORAL,stoch_k__w240__std,1
TEMPORAL,stoch_k__w240__q10,1
TEMPORAL,stoch_d__w72__q25,1
TEMPORAL,stoch_d__w240__q10,1
TEMPORAL,stoch_d__w240__pos,1
TEMPORAL,cci20__w24__max,1
TEMPORAL,cci20__w240__std,1
TEMPORAL,mfi14__d12,1
TEMPORAL,mfi14__w24__q10,1
TEMPORAL,mfi14__w24__late_vs_prev,1
TEMPORAL,mfi14__w72__q90,1
TEMPORAL,adx14__w72__z,1
TEMPORAL,adx14__w72__delta,1
TEMPORAL,adx14__w72__diff_mean,1
TEMPORAL,adx14__w72__late_vs_prev,1
TEMPORAL,adx14__w72__accel,1
TEMPORAL,adx14__w240__std,1
TEMPORAL,close_vs_ema6__w72__max,1
TEMPORAL,close_vs_ema12__w24__q10,1
TEMPORAL,close_vs_ema12__w240__q25,1
TEMPORAL,close_vs_ema24__now,1
TEMPORAL,close_vs_ema24__w24__late_vs_prev,1
TEMPORAL,close_vs_ema24__w72__q90,1
TEMPORAL,close_vs_ema24__w240__up_share,1
TEMPORAL,close_vs_ema72__w24__q25,1
TEMPORAL,close_vs_ema72__w240__up_share,1
TEMPORAL,ema72_slope_12h__w72__delta,1
TEMPORAL,close_vs_vwap24__w72__mean,1
TEMPORAL,close_vs_vwap24__w72__q10,1
TEMPORAL,close_vs_vwap24__w240__delta,1
TEMPORAL,close_vs_vwap72__d12,1
TEMPORAL,close_vs_vwap72__w24__mean,1
TEMPORAL,abs_body_pct__w240__q10,1
TEMPORAL,avg_trade_quote_rel24__w72__std,1
TEMPORAL,avg_trade_quote_rel24__w72__q75,1
TEMPORAL,avg_trade_quote_rel24__w240__mean,1
TEMPORAL,avg_trade_quote_rel24__w240__late_vs_prev,1
TEMPORAL,avg_trade_quote_rel240__w24__std,1
TEMPORAL,avg_trade_quote_rel240__w240__diff_std,1
TEMPORAL,obv_delta__w240__q10,1
TEMPORAL,volume_rel24__w240__up_share,1
TEMPORAL,volume_rel240__w72__std,1
TEMPORAL,volume_rel240__w72__delta,1
TEMPORAL,volume_rel240__w240__min,1
TEMPORAL,volume_rel240__w240__max,1
TEMPORAL,volume_rel240__w240__q10,1
TEMPORAL,quote_volume_rel24__w240__max,1
TEMPORAL,quote_volume_rel24__w240__q25,1
TEMPORAL,quote_volume_rel24__w240__q90,1
TEMPORAL,quote_volume_rel72__w24__q10,1
TEMPORAL,quote_volume_rel240__w240__std,1
TEMPORAL,trades_rel240__w72__std,1
TEMPORAL,trades_rel240__w72__max,1
TEMPORAL,trades_rel240__w240__std,1
TEMPORAL,close_vs_ema240__w24__diff_std,1
TEMPORAL,close_vs_ema240__w72__min,1
TEMPORAL,close_vs_ema240__w72__max,1
TEMPORAL,close_vs_ema240__w72__pos,1
TEMPORAL,close_vs_sma24__w240__q25,1
TEMPORAL,close_vs_sma24__w240__late_vs_prev,1
TEMPORAL,close_vs_sma72__w72__late_vs_prev,1
TEMPORAL,close_vs_sma240__w240__up_share,1
TEMPORAL,atr6_pct__d6,1
TEMPORAL,atr6_pct__w72__delta,1
TEMPORAL,atr24_pct__d3,1
TEMPORAL,atr24_pct__w72__up_share,1
TEMPORAL,atr72_pct__now,1
TEMPORAL,atr72_pct__d12,1
TEMPORAL,atr72_pct__w72__diff_std,1
TEMPORAL,close_vs_vwap240__w72__std,1
TEMPORAL,dist_high72__w72__q25,1
TEMPORAL,dist_high72__w72__z,1
TEMPORAL,dist_high72__w72__pos,1
TEMPORAL,dist_high240__w72__min,1
TEMPORAL,dist_high240__w72__q10,1
TEMPORAL,dist_high240__w240__delta,1
TEMPORAL,rebound_low24__w24__z,1
TEMPORAL,rebound_low72__w240__q10,1
TEMPORAL,rebound_low240__d6,1
TEMPORAL,rebound_low240__d12,1
TEMPORAL,rebound_low240__w240__mean,1
TEMPORAL,rebound_low240__w240__std,1
TEMPORAL,rebound_low240__w240__diff_mean,1
TEMPORAL,log_ret__now,0
TEMPORAL,log_ret__d1,0
TEMPORAL,log_ret__d3,0
TEMPORAL,log_ret__d6,0
TEMPORAL,log_ret__d12,0
TEMPORAL,log_ret__d24,0
TEMPORAL,log_ret__w24__mean,0
TEMPORAL,log_ret__w24__std,0
TEMPORAL,log_ret__w24__min,0
TEMPORAL,log_ret__w24__max,0
TEMPORAL,log_ret__w24__q10,0
TEMPORAL,log_ret__w24__q25,0
TEMPORAL,log_ret__w24__q75,0
TEMPORAL,log_ret__w24__z,0
TEMPORAL,log_ret__w24__pos,0
TEMPORAL,log_ret__w24__delta,0
TEMPORAL,log_ret__w24__diff_mean,0
TEMPORAL,log_ret__w24__diff_std,0
TEMPORAL,log_ret__w24__up_share,0
TEMPORAL,log_ret__w24__late_vs_prev,0
TEMPORAL,log_ret__w24__accel,0
TEMPORAL,log_ret__w72__mean,0
TEMPORAL,log_ret__w72__std,0
TEMPORAL,log_ret__w72__min,0
TEMPORAL,log_ret__w72__max,0
TEMPORAL,log_ret__w72__q10,0
TEMPORAL,log_ret__w72__q25,0
TEMPORAL,log_ret__w72__q75,0
TEMPORAL,log_ret__w72__q90,0
TEMPORAL,log_ret__w72__z,0
TEMPORAL,log_ret__w72__pos,0
TEMPORAL,log_ret__w72__delta,0
TEMPORAL,log_ret__w72__diff_mean,0
TEMPORAL,log_ret__w72__diff_std,0
TEMPORAL,log_ret__w72__up_share,0
TEMPORAL,log_ret__w72__late_vs_prev,0
TEMPORAL,log_ret__w72__accel,0
TEMPORAL,log_ret__w240__mean,0
TEMPORAL,log_ret__w240__std,0
TEMPORAL,log_ret__w240__min,0
TEMPORAL,log_ret__w240__max,0
TEMPORAL,log_ret__w240__q10,0
TEMPORAL,log_ret__w240__q25,0
TEMPORAL,log_ret__w240__q75,0
TEMPORAL,log_ret__w240__q90,0
TEMPORAL,log_ret__w240__z,0
TEMPORAL,log_ret__w240__pos,0
TEMPORAL,log_ret__w240__delta,0
TEMPORAL,log_ret__w240__diff_mean,0
TEMPORAL,log_ret__w240__diff_std,0
TEMPORAL,log_ret__w240__up_share,0
TEMPORAL,log_ret__w240__late_vs_prev,0
TEMPORAL,log_ret__w240__accel,0
TEMPORAL,body_pct__now,0
TEMPORAL,body_pct__d1,0
TEMPORAL,body_pct__d3,0
TEMPORAL,body_pct__d6,0
TEMPORAL,body_pct__d12,0
TEMPORAL,body_pct__d24,0
TEMPORAL,body_pct__w24__mean,0
TEMPORAL,body_pct__w24__std,0
TEMPORAL,body_pct__w24__min,0
TEMPORAL,body_pct__w24__max,0
TEMPORAL,body_pct__w24__q10,0
TEMPORAL,body_pct__w24__q25,0
TEMPORAL,body_pct__w24__q75,0
TEMPORAL,body_pct__w24__q90,0
TEMPORAL,body_pct__w24__z,0
TEMPORAL,body_pct__w24__pos,0
TEMPORAL,body_pct__w24__delta,0
TEMPORAL,body_pct__w24__diff_mean,0
TEMPORAL,body_pct__w24__diff_std,0
TEMPORAL,body_pct__w24__up_share,0
TEMPORAL,body_pct__w24__late_vs_prev,0
TEMPORAL,body_pct__w24__accel,0
TEMPORAL,body_pct__w72__std,0
TEMPORAL,body_pct__w72__min,0
TEMPORAL,body_pct__w72__max,0
TEMPORAL,body_pct__w72__q10,0
TEMPORAL,body_pct__w72__q25,0
TEMPORAL,body_pct__w72__q75,0
TEMPORAL,body_pct__w72__q90,0
TEMPORAL,body_pct__w72__z,0
TEMPORAL,body_pct__w72__pos,0
TEMPORAL,body_pct__w72__delta,0
TEMPORAL,body_pct__w72__diff_mean,0
TEMPORAL,body_pct__w72__diff_std,0
TEMPORAL,body_pct__w72__up_share,0
TEMPORAL,body_pct__w72__late_vs_prev,0
TEMPORAL,body_pct__w72__accel,0
TEMPORAL,body_pct__w240__mean,0
TEMPORAL,body_pct__w240__std,0
TEMPORAL,body_pct__w240__max,0
TEMPORAL,body_pct__w240__q10,0
TEMPORAL,body_pct__w240__q25,0
TEMPORAL,body_pct__w240__q75,0
TEMPORAL,body_pct__w240__q90,0
TEMPORAL,body_pct__w240__z,0
TEMPORAL,body_pct__w240__pos,0
TEMPORAL,body_pct__w240__delta,0
TEMPORAL,body_pct__w240__diff_mean,0
TEMPORAL,body_pct__w240__diff_std,0
TEMPORAL,body_pct__w240__up_share,0
TEMPORAL,body_pct__w240__late_vs_prev,0
TEMPORAL,body_pct__w240__accel,0
TEMPORAL,range_pct__now,0
TEMPORAL,range_pct__d1,0
TEMPORAL,range_pct__d3,0
TEMPORAL,range_pct__d6,0
TEMPORAL,range_pct__d12,0
TEMPORAL,range_pct__d24,0
TEMPORAL,range_pct__w24__mean,0
TEMPORAL,range_pct__w24__std,0
TEMPORAL,range_pct__w24__min,0
TEMPORAL,range_pct__w24__max,0
TEMPORAL,range_pct__w24__q10,0
TEMPORAL,range_pct__w24__q25,0
TEMPORAL,range_pct__w24__q75,0
TEMPORAL,range_pct__w24__q90,0
TEMPORAL,range_pct__w24__z,0
TEMPORAL,range_pct__w24__pos,0
TEMPORAL,range_pct__w24__delta,0
TEMPORAL,range_pct__w24__diff_mean,0
TEMPORAL,range_pct__w24__diff_std,0
TEMPORAL,range_pct__w24__up_share,0
TEMPORAL,range_pct__w24__late_vs_prev,0
TEMPORAL,range_pct__w24__accel,0
TEMPORAL,range_pct__w72__mean,0
TEMPORAL,range_pct__w72__std,0
TEMPORAL,range_pct__w72__min,0
TEMPORAL,range_pct__w72__max,0
TEMPORAL,range_pct__w72__q10,0
TEMPORAL,range_pct__w72__q25,0
TEMPORAL,range_pct__w72__q75,0
TEMPORAL,range_pct__w72__q90,0
TEMPORAL,range_pct__w72__z,0
TEMPORAL,range_pct__w72__pos,0
TEMPORAL,range_pct__w72__delta,0
TEMPORAL,range_pct__w72__diff_mean,0
TEMPORAL,range_pct__w72__diff_std,0
TEMPORAL,range_pct__w72__up_share,0
TEMPORAL,range_pct__w72__late_vs_prev,0
TEMPORAL,range_pct__w72__accel,0
TEMPORAL,range_pct__w240__mean,0
TEMPORAL,range_pct__w240__std,0
TEMPORAL,range_pct__w240__min,0
TEMPORAL,range_pct__w240__max,0
TEMPORAL,range_pct__w240__q10,0
TEMPORAL,range_pct__w240__q75,0
TEMPORAL,range_pct__w240__q90,0
TEMPORAL,range_pct__w240__z,0
TEMPORAL,range_pct__w240__pos,0
TEMPORAL,range_pct__w240__delta,0
TEMPORAL,range_pct__w240__diff_mean,0
TEMPORAL,range_pct__w240__diff_std,0
TEMPORAL,range_pct__w240__up_share,0
TEMPORAL,range_pct__w240__late_vs_prev,0
TEMPORAL,range_pct__w240__accel,0
TEMPORAL,lower_wick__now,0
TEMPORAL,lower_wick__d1,0
TEMPORAL,lower_wick__d3,0
TEMPORAL,lower_wick__d6,0
TEMPORAL,lower_wick__d12,0
TEMPORAL,lower_wick__d24,0
TEMPORAL,lower_wick__w24__mean,0
TEMPORAL,lower_wick__w24__std,0
TEMPORAL,lower_wick__w24__min,0
TEMPORAL,lower_wick__w24__q10,0
TEMPORAL,lower_wick__w24__q25,0
TEMPORAL,lower_wick__w24__q75,0
TEMPORAL,lower_wick__w24__q90,0
TEMPORAL,lower_wick__w24__z,0
TEMPORAL,lower_wick__w24__pos,0
TEMPORAL,lower_wick__w24__delta,0
TEMPORAL,lower_wick__w24__diff_mean,0
TEMPORAL,lower_wick__w24__diff_std,0
TEMPORAL,lower_wick__w24__up_share,0
TEMPORAL,lower_wick__w24__late_vs_prev,0
TEMPORAL,lower_wick__w24__accel,0
TEMPORAL,lower_wick__w72__mean,0
TEMPORAL,lower_wick__w72__std,0
TEMPORAL,lower_wick__w72__min,0
TEMPORAL,lower_wick__w72__max,0
TEMPORAL,lower_wick__w72__q10,0
TEMPORAL,lower_wick__w72__q25,0
TEMPORAL,lower_wick__w72__q75,0
TEMPORAL,lower_wick__w72__q90,0
TEMPORAL,lower_wick__w72__z,0
TEMPORAL,lower_wick__w72__pos,0
TEMPORAL,lower_wick__w72__delta,0
TEMPORAL,lower_wick__w72__diff_mean,0
TEMPORAL,lower_wick__w72__diff_std,0
TEMPORAL,lower_wick__w72__up_share,0
TEMPORAL,lower_wick__w72__late_vs_prev,0
TEMPORAL,lower_wick__w72__accel,0
TEMPORAL,lower_wick__w240__mean,0
TEMPORAL,lower_wick__w240__std,0
TEMPORAL,lower_wick__w240__min,0
TEMPORAL,lower_wick__w240__max,0
TEMPORAL,lower_wick__w240__q10,0
TEMPORAL,lower_wick__w240__q25,0
TEMPORAL,lower_wick__w240__q75,0
TEMPORAL,lower_wick__w240__q90,0
TEMPORAL,lower_wick__w240__z,0
TEMPORAL,lower_wick__w240__pos,0
TEMPORAL,lower_wick__w240__delta,0
TEMPORAL,lower_wick__w240__diff_mean,0
TEMPORAL,lower_wick__w240__diff_std,0
TEMPORAL,lower_wick__w240__up_share,0
TEMPORAL,lower_wick__w240__accel,0
TEMPORAL,upper_wick__now,0
TEMPORAL,upper_wick__d1,0
TEMPORAL,upper_wick__d3,0
TEMPORAL,upper_wick__d6,0
TEMPORAL,upper_wick__d12,0
TEMPORAL,upper_wick__d24,0
TEMPORAL,upper_wick__w24__mean,0
TEMPORAL,upper_wick__w24__std,0
TEMPORAL,upper_wick__w24__min,0
TEMPORAL,upper_wick__w24__max,0
TEMPORAL,upper_wick__w24__q10,0
TEMPORAL,upper_wick__w24__q25,0
TEMPORAL,upper_wick__w24__q75,0
TEMPORAL,upper_wick__w24__q90,0
TEMPORAL,upper_wick__w24__z,0
TEMPORAL,upper_wick__w24__pos,0
TEMPORAL,upper_wick__w24__delta,0
TEMPORAL,upper_wick__w24__diff_mean,0
TEMPORAL,upper_wick__w24__diff_std,0
TEMPORAL,upper_wick__w24__up_share,0
TEMPORAL,upper_wick__w24__late_vs_prev,0
TEMPORAL,upper_wick__w24__accel,0
TEMPORAL,upper_wick__w72__mean,0
TEMPORAL,upper_wick__w72__std,0
TEMPORAL,upper_wick__w72__min,0
TEMPORAL,upper_wick__w72__max,0
TEMPORAL,upper_wick__w72__q10,0
TEMPORAL,upper_wick__w72__q25,0
TEMPORAL,upper_wick__w72__q75,0
TEMPORAL,upper_wick__w72__q90,0
TEMPORAL,upper_wick__w72__z,0
TEMPORAL,upper_wick__w72__pos,0
TEMPORAL,upper_wick__w72__delta,0
TEMPORAL,upper_wick__w72__diff_mean,0
TEMPORAL,upper_wick__w72__diff_std,0
TEMPORAL,upper_wick__w72__up_share,0
TEMPORAL,upper_wick__w72__late_vs_prev,0
TEMPORAL,upper_wick__w72__accel,0
TEMPORAL,upper_wick__w240__mean,0
TEMPORAL,upper_wick__w240__std,0
TEMPORAL,upper_wick__w240__min,0
TEMPORAL,upper_wick__w240__q10,0
TEMPORAL,upper_wick__w240__q25,0
TEMPORAL,upper_wick__w240__q75,0
TEMPORAL,upper_wick__w240__q90,0
TEMPORAL,upper_wick__w240__z,0
TEMPORAL,upper_wick__w240__pos,0
TEMPORAL,upper_wick__w240__delta,0
TEMPORAL,upper_wick__w240__diff_mean,0
TEMPORAL,upper_wick__w240__up_share,0
TEMPORAL,upper_wick__w240__late_vs_prev,0
TEMPORAL,upper_wick__w240__accel,0
TEMPORAL,close_location__now,0
TEMPORAL,close_location__d1,0
TEMPORAL,close_location__d3,0
TEMPORAL,close_location__d6,0
TEMPORAL,close_location__d12,0
TEMPORAL,close_location__d24,0
TEMPORAL,close_location__w24__mean,0
TEMPORAL,close_location__w24__std,0
TEMPORAL,close_location__w24__min,0
TEMPORAL,close_location__w24__max,0
TEMPORAL,close_location__w24__q10,0
TEMPORAL,close_location__w24__q25,0
TEMPORAL,close_location__w24__q75,0
TEMPORAL,close_location__w24__q90,0
TEMPORAL,close_location__w24__z,0
TEMPORAL,close_location__w24__pos,0
TEMPORAL,close_location__w24__delta,0
TEMPORAL,close_location__w24__diff_mean,0
TEMPORAL,close_location__w24__up_share,0
TEMPORAL,close_location__w24__late_vs_prev,0
TEMPORAL,close_location__w24__accel,0
TEMPORAL,close_location__w72__mean,0
TEMPORAL,close_location__w72__std,0
TEMPORAL,close_location__w72__min,0
TEMPORAL,close_location__w72__max,0
TEMPORAL,close_location__w72__q10,0
TEMPORAL,close_location__w72__q25,0
TEMPORAL,close_location__w72__q90,0
TEMPORAL,close_location__w72__z,0
TEMPORAL,close_location__w72__pos,0
TEMPORAL,close_location__w72__delta,0
TEMPORAL,close_location__w72__diff_mean,0
TEMPORAL,close_location__w72__diff_std,0
TEMPORAL,close_location__w72__up_share,0
TEMPORAL,close_location__w72__late_vs_prev,0
TEMPORAL,close_location__w72__accel,0
TEMPORAL,close_location__w240__mean,0
TEMPORAL,close_location__w240__std,0
TEMPORAL,close_location__w240__min,0
TEMPORAL,close_location__w240__max,0
TEMPORAL,close_location__w240__q10,0
TEMPORAL,close_location__w240__q25,0
TEMPORAL,close_location__w240__q90,0
TEMPORAL,close_location__w240__z,0
TEMPORAL,close_location__w240__pos,0
TEMPORAL,close_location__w240__delta,0
TEMPORAL,close_location__w240__diff_mean,0
TEMPORAL,close_location__w240__diff_std,0
TEMPORAL,close_location__w240__up_share,0
TEMPORAL,close_location__w240__accel,0
TEMPORAL,volume_rel72__now,0
TEMPORAL,volume_rel72__d1,0
TEMPORAL,volume_rel72__d3,0
TEMPORAL,volume_rel72__d6,0
TEMPORAL,volume_rel72__d12,0
TEMPORAL,volume_rel72__d24,0
TEMPORAL,volume_rel72__w24__mean,0
TEMPORAL,volume_rel72__w24__std,0
TEMPORAL,volume_rel72__w24__min,0
TEMPORAL,volume_rel72__w24__max,0
TEMPORAL,volume_rel72__w24__q10,0
TEMPORAL,volume_rel72__w24__q25,0
TEMPORAL,volume_rel72__w24__q75,0
TEMPORAL,volume_rel72__w24__q90,0
TEMPORAL,volume_rel72__w24__z,0
TEMPORAL,volume_rel72__w24__pos,0
TEMPORAL,volume_rel72__w24__delta,0
TEMPORAL,volume_rel72__w24__diff_mean,0
TEMPORAL,volume_rel72__w24__diff_std,0
TEMPORAL,volume_rel72__w24__up_share,0
TEMPORAL,volume_rel72__w24__late_vs_prev,0
TEMPORAL,volume_rel72__w24__accel,0
TEMPORAL,volume_rel72__w72__mean,0
TEMPORAL,volume_rel72__w72__std,0
TEMPORAL,volume_rel72__w72__min,0
TEMPORAL,volume_rel72__w72__max,0
TEMPORAL,volume_rel72__w72__q10,0
TEMPORAL,volume_rel72__w72__q25,0
TEMPORAL,volume_rel72__w72__q75,0
TEMPORAL,volume_rel72__w72__z,0
TEMPORAL,volume_rel72__w72__pos,0
TEMPORAL,volume_rel72__w72__delta,0
TEMPORAL,volume_rel72__w72__diff_mean,0
TEMPORAL,volume_rel72__w72__diff_std,0
TEMPORAL,volume_rel72__w72__up_share,0
TEMPORAL,volume_rel72__w72__late_vs_prev,0
TEMPORAL,volume_rel72__w72__accel,0
TEMPORAL,volume_rel72__w240__std,0
TEMPORAL,volume_rel72__w240__min,0
TEMPORAL,volume_rel72__w240__max,0
TEMPORAL,volume_rel72__w240__q10,0
TEMPORAL,volume_rel72__w240__q25,0
TEMPORAL,volume_rel72__w240__q90,0
TEMPORAL,volume_rel72__w240__z,0
TEMPORAL,volume_rel72__w240__pos,0
TEMPORAL,volume_rel72__w240__delta,0
TEMPORAL,volume_rel72__w240__diff_mean,0
TEMPORAL,volume_rel72__w240__diff_std,0
TEMPORAL,volume_rel72__w240__up_share,0
TEMPORAL,volume_rel72__w240__late_vs_prev,0
TEMPORAL,volume_rel72__w240__accel,0
TEMPORAL,trades_rel72__now,0
TEMPORAL,trades_rel72__d1,0
TEMPORAL,trades_rel72__d3,0
TEMPORAL,trades_rel72__d6,0
TEMPORAL,trades_rel72__d12,0
TEMPORAL,trades_rel72__d24,0
TEMPORAL,trades_rel72__w24__mean,0
TEMPORAL,trades_rel72__w24__std,0
TEMPORAL,trades_rel72__w24__min,0
TEMPORAL,trades_rel72__w24__max,0
TEMPORAL,trades_rel72__w24__q10,0
TEMPORAL,trades_rel72__w24__q25,0
TEMPORAL,trades_rel72__w24__q75,0
TEMPORAL,trades_rel72__w24__q90,0
TEMPORAL,trades_rel72__w24__z,0
TEMPORAL,trades_rel72__w24__pos,0
TEMPORAL,trades_rel72__w24__delta,0
TEMPORAL,trades_rel72__w24__diff_mean,0
TEMPORAL,trades_rel72__w24__diff_std,0
TEMPORAL,trades_rel72__w24__up_share,0
TEMPORAL,trades_rel72__w24__late_vs_prev,0
TEMPORAL,trades_rel72__w24__accel,0
TEMPORAL,trades_rel72__w72__mean,0
TEMPORAL,trades_rel72__w72__std,0
TEMPORAL,trades_rel72__w72__min,0
TEMPORAL,trades_rel72__w72__max,0
TEMPORAL,trades_rel72__w72__q10,0
TEMPORAL,trades_rel72__w72__q25,0
TEMPORAL,trades_rel72__w72__q75,0
TEMPORAL,trades_rel72__w72__q90,0
TEMPORAL,trades_rel72__w72__z,0
TEMPORAL,trades_rel72__w72__pos,0
TEMPORAL,trades_rel72__w72__delta,0
TEMPORAL,trades_rel72__w72__diff_mean,0
TEMPORAL,trades_rel72__w72__diff_std,0
TEMPORAL,trades_rel72__w72__up_share,0
TEMPORAL,trades_rel72__w72__late_vs_prev,0
TEMPORAL,trades_rel72__w72__accel,0
TEMPORAL,trades_rel72__w240__mean,0
TEMPORAL,trades_rel72__w240__std,0
TEMPORAL,trades_rel72__w240__min,0
TEMPORAL,trades_rel72__w240__max,0
TEMPORAL,trades_rel72__w240__q10,0
TEMPORAL,trades_rel72__w240__q25,0
TEMPORAL,trades_rel72__w240__q75,0
TEMPORAL,trades_rel72__w240__q90,0
TEMPORAL,trades_rel72__w240__z,0
TEMPORAL,trades_rel72__w240__pos,0
TEMPORAL,trades_rel72__w240__delta,0
TEMPORAL,trades_rel72__w240__diff_mean,0
TEMPORAL,trades_rel72__w240__diff_std,0
TEMPORAL,trades_rel72__w240__up_share,0
TEMPORAL,trades_rel72__w240__late_vs_prev,0
TEMPORAL,trades_rel72__w240__accel,0
TEMPORAL,taker_share__now,0
TEMPORAL,taker_share__d1,0
TEMPORAL,taker_share__d3,0
TEMPORAL,taker_share__d6,0
TEMPORAL,taker_share__d12,0
TEMPORAL,taker_share__d24,0
TEMPORAL,taker_share__w24__mean,0
TEMPORAL,taker_share__w24__std,0
TEMPORAL,taker_share__w24__min,0
TEMPORAL,taker_share__w24__max,0
TEMPORAL,taker_share__w24__q10,0
TEMPORAL,taker_share__w24__q25,0
TEMPORAL,taker_share__w24__q75,0
TEMPORAL,taker_share__w24__q90,0
TEMPORAL,taker_share__w24__z,0
TEMPORAL,taker_share__w24__pos,0
TEMPORAL,taker_share__w24__delta,0
TEMPORAL,taker_share__w24__diff_mean,0
TEMPORAL,taker_share__w24__diff_std,0
TEMPORAL,taker_share__w24__up_share,0
TEMPORAL,taker_share__w24__late_vs_prev,0
TEMPORAL,taker_share__w24__accel,0
TEMPORAL,taker_share__w72__mean,0
TEMPORAL,taker_share__w72__std,0
TEMPORAL,taker_share__w72__min,0
TEMPORAL,taker_share__w72__max,0
TEMPORAL,taker_share__w72__q10,0
TEMPORAL,taker_share__w72__q75,0
TEMPORAL,taker_share__w72__q90,0
TEMPORAL,taker_share__w72__z,0
TEMPORAL,taker_share__w72__pos,0
TEMPORAL,taker_share__w72__delta,0
TEMPORAL,taker_share__w72__diff_mean,0
TEMPORAL,taker_share__w72__diff_std,0
TEMPORAL,taker_share__w72__up_share,0
TEMPORAL,taker_share__w72__late_vs_prev,0
TEMPORAL,taker_share__w72__accel,0
TEMPORAL,taker_share__w240__mean,0
TEMPORAL,taker_share__w240__std,0
TEMPORAL,taker_share__w240__min,0
TEMPORAL,taker_share__w240__max,0
TEMPORAL,taker_share__w240__q10,0
TEMPORAL,taker_share__w240__q25,0
TEMPORAL,taker_share__w240__q75,0
TEMPORAL,taker_share__w240__q90,0
TEMPORAL,taker_share__w240__z,0
TEMPORAL,taker_share__w240__pos,0
TEMPORAL,taker_share__w240__delta,0
TEMPORAL,taker_share__w240__diff_mean,0
TEMPORAL,taker_share__w240__up_share,0
TEMPORAL,taker_share__w240__late_vs_prev,0
TEMPORAL,taker_share__w240__accel,0
TEMPORAL,rsi6__now,0
TEMPORAL,rsi6__d1,0
TEMPORAL,rsi6__d3,0
TEMPORAL,rsi6__d6,0
TEMPORAL,rsi6__d12,0
TEMPORAL,rsi6__d24,0
TEMPORAL,rsi6__w24__mean,0
TEMPORAL,rsi6__w24__std,0
TEMPORAL,rsi6__w24__min,0
TEMPORAL,rsi6__w24__max,0
TEMPORAL,rsi6__w24__q10,0
TEMPORAL,rsi6__w24__q25,0
TEMPORAL,rsi6__w24__q75,0
TEMPORAL,rsi6__w24__q90,0
TEMPORAL,rsi6__w24__z,0
TEMPORAL,rsi6__w24__pos,0
TEMPORAL,rsi6__w24__delta,0
TEMPORAL,rsi6__w24__diff_mean,0
TEMPORAL,rsi6__w24__diff_std,0
TEMPORAL,rsi6__w24__up_share,0
TEMPORAL,rsi6__w24__late_vs_prev,0
TEMPORAL,rsi6__w24__accel,0
TEMPORAL,rsi6__w72__mean,0
TEMPORAL,rsi6__w72__std,0
TEMPORAL,rsi6__w72__min,0
TEMPORAL,rsi6__w72__max,0
TEMPORAL,rsi6__w72__q10,0
TEMPORAL,rsi6__w72__q25,0
TEMPORAL,rsi6__w72__q75,0
TEMPORAL,rsi6__w72__z,0
TEMPORAL,rsi6__w72__pos,0
TEMPORAL,rsi6__w72__delta,0
TEMPORAL,rsi6__w72__diff_mean,0
TEMPORAL,rsi6__w72__diff_std,0
TEMPORAL,rsi6__w72__up_share,0
TEMPORAL,rsi6__w72__late_vs_prev,0
TEMPORAL,rsi6__w72__accel,0
TEMPORAL,rsi6__w240__mean,0
TEMPORAL,rsi6__w240__min,0
TEMPORAL,rsi6__w240__max,0
TEMPORAL,rsi6__w240__q10,0
TEMPORAL,rsi6__w240__q25,0
TEMPORAL,rsi6__w240__q75,0
TEMPORAL,rsi6__w240__q90,0
TEMPORAL,rsi6__w240__z,0
TEMPORAL,rsi6__w240__pos,0
TEMPORAL,rsi6__w240__delta,0
TEMPORAL,rsi6__w240__diff_mean,0
TEMPORAL,rsi6__w240__diff_std,0
TEMPORAL,rsi6__w240__up_share,0
TEMPORAL,rsi6__w240__late_vs_prev,0
TEMPORAL,rsi6__w240__accel,0
TEMPORAL,rsi14__now,0
TEMPORAL,rsi14__d1,0
TEMPORAL,rsi14__d3,0
TEMPORAL,rsi14__d6,0
TEMPORAL,rsi14__d12,0
TEMPORAL,rsi14__d24,0
TEMPORAL,rsi14__w24__mean,0
TEMPORAL,rsi14__w24__std,0
TEMPORAL,rsi14__w24__min,0
TEMPORAL,rsi14__w24__max,0
TEMPORAL,rsi14__w24__q10,0
TEMPORAL,rsi14__w24__q25,0
TEMPORAL,rsi14__w24__q75,0
TEMPORAL,rsi14__w24__q90,0
TEMPORAL,rsi14__w24__z,0
TEMPORAL,rsi14__w24__pos,0
TEMPORAL,rsi14__w24__delta,0
TEMPORAL,rsi14__w24__diff_mean,0
TEMPORAL,rsi14__w24__diff_std,0
TEMPORAL,rsi14__w24__up_share,0
TEMPORAL,rsi14__w24__late_vs_prev,0
TEMPORAL,rsi14__w24__accel,0
TEMPORAL,rsi14__w72__mean,0
TEMPORAL,rsi14__w72__std,0
TEMPORAL,rsi14__w72__min,0
TEMPORAL,rsi14__w72__max,0
TEMPORAL,rsi14__w72__q10,0
TEMPORAL,rsi14__w72__q25,0
TEMPORAL,rsi14__w72__q75,0
TEMPORAL,rsi14__w72__q90,0
TEMPORAL,rsi14__w72__z,0
TEMPORAL,rsi14__w72__pos,0
TEMPORAL,rsi14__w72__delta,0
TEMPORAL,rsi14__w72__diff_mean,0
TEMPORAL,rsi14__w72__diff_std,0
TEMPORAL,rsi14__w72__up_share,0
TEMPORAL,rsi14__w72__late_vs_prev,0
TEMPORAL,rsi14__w72__accel,0
TEMPORAL,rsi14__w240__mean,0
TEMPORAL,rsi14__w240__std,0
TEMPORAL,rsi14__w240__min,0
TEMPORAL,rsi14__w240__max,0
TEMPORAL,rsi14__w240__q10,0
TEMPORAL,rsi14__w240__q25,0
TEMPORAL,rsi14__w240__q75,0
TEMPORAL,rsi14__w240__q90,0
TEMPORAL,rsi14__w240__z,0
TEMPORAL,rsi14__w240__pos,0
TEMPORAL,rsi14__w240__delta,0
TEMPORAL,rsi14__w240__diff_std,0
TEMPORAL,rsi14__w240__up_share,0
TEMPORAL,rsi14__w240__late_vs_prev,0
TEMPORAL,rsi14__w240__accel,0
TEMPORAL,rsi24__now,0
TEMPORAL,rsi24__d1,0
TEMPORAL,rsi24__d3,0
TEMPORAL,rsi24__d6,0
TEMPORAL,rsi24__d12,0
TEMPORAL,rsi24__d24,0
TEMPORAL,rsi24__w24__mean,0
TEMPORAL,rsi24__w24__std,0
TEMPORAL,rsi24__w24__min,0
TEMPORAL,rsi24__w24__max,0
TEMPORAL,rsi24__w24__q10,0
TEMPORAL,rsi24__w24__q25,0
TEMPORAL,rsi24__w24__q75,0
TEMPORAL,rsi24__w24__q90,0
TEMPORAL,rsi24__w24__z,0
TEMPORAL,rsi24__w24__pos,0
TEMPORAL,rsi24__w24__delta,0
TEMPORAL,rsi24__w24__diff_mean,0
TEMPORAL,rsi24__w24__diff_std,0
TEMPORAL,rsi24__w24__up_share,0
TEMPORAL,rsi24__w24__late_vs_prev,0
TEMPORAL,rsi24__w24__accel,0
TEMPORAL,rsi24__w72__mean,0
TEMPORAL,rsi24__w72__std,0
TEMPORAL,rsi24__w72__min,0
TEMPORAL,rsi24__w72__max,0
TEMPORAL,rsi24__w72__q10,0
TEMPORAL,rsi24__w72__q25,0
TEMPORAL,rsi24__w72__q75,0
TEMPORAL,rsi24__w72__q90,0
TEMPORAL,rsi24__w72__z,0
TEMPORAL,rsi24__w72__pos,0
TEMPORAL,rsi24__w72__delta,0
TEMPORAL,rsi24__w72__diff_mean,0
TEMPORAL,rsi24__w72__diff_std,0
TEMPORAL,rsi24__w72__up_share,0
TEMPORAL,rsi24__w72__late_vs_prev,0
TEMPORAL,rsi24__w72__accel,0
TEMPORAL,rsi24__w240__mean,0
TEMPORAL,rsi24__w240__std,0
TEMPORAL,rsi24__w240__min,0
TEMPORAL,rsi24__w240__max,0
TEMPORAL,rsi24__w240__q10,0
TEMPORAL,rsi24__w240__q25,0
TEMPORAL,rsi24__w240__q75,0
TEMPORAL,rsi24__w240__q90,0
TEMPORAL,rsi24__w240__z,0
TEMPORAL,rsi24__w240__pos,0
TEMPORAL,rsi24__w240__delta,0
TEMPORAL,rsi24__w240__diff_mean,0
TEMPORAL,rsi24__w240__diff_std,0
TEMPORAL,rsi24__w240__up_share,0
TEMPORAL,rsi24__w240__late_vs_prev,0
TEMPORAL,rsi24__w240__accel,0
TEMPORAL,macd_pct__now,0
TEMPORAL,macd_pct__d1,0
TEMPORAL,macd_pct__d3,0
TEMPORAL,macd_pct__d6,0
TEMPORAL,macd_pct__d12,0
TEMPORAL,macd_pct__d24,0
TEMPORAL,macd_pct__w24__mean,0
TEMPORAL,macd_pct__w24__std,0
TEMPORAL,macd_pct__w24__min,0
TEMPORAL,macd_pct__w24__max,0
TEMPORAL,macd_pct__w24__q10,0
TEMPORAL,macd_pct__w24__q25,0
TEMPORAL,macd_pct__w24__q75,0
TEMPORAL,macd_pct__w24__q90,0
TEMPORAL,macd_pct__w24__z,0
TEMPORAL,macd_pct__w24__pos,0
TEMPORAL,macd_pct__w24__delta,0
TEMPORAL,macd_pct__w24__diff_mean,0
TEMPORAL,macd_pct__w24__diff_std,0
TEMPORAL,macd_pct__w24__up_share,0
TEMPORAL,macd_pct__w24__late_vs_prev,0
TEMPORAL,macd_pct__w24__accel,0
TEMPORAL,macd_pct__w72__mean,0
TEMPORAL,macd_pct__w72__std,0
TEMPORAL,macd_pct__w72__min,0
TEMPORAL,macd_pct__w72__max,0
TEMPORAL,macd_pct__w72__q10,0
TEMPORAL,macd_pct__w72__q25,0
TEMPORAL,macd_pct__w72__q75,0
TEMPORAL,macd_pct__w72__q90,0
TEMPORAL,macd_pct__w72__z,0
TEMPORAL,macd_pct__w72__pos,0
TEMPORAL,macd_pct__w72__delta,0
TEMPORAL,macd_pct__w72__diff_mean,0
TEMPORAL,macd_pct__w72__diff_std,0
TEMPORAL,macd_pct__w72__up_share,0
TEMPORAL,macd_pct__w72__late_vs_prev,0
TEMPORAL,macd_pct__w72__accel,0
TEMPORAL,macd_pct__w240__mean,0
TEMPORAL,macd_pct__w240__min,0
TEMPORAL,macd_pct__w240__max,0
TEMPORAL,macd_pct__w240__q10,0
TEMPORAL,macd_pct__w240__q25,0
TEMPORAL,macd_pct__w240__q75,0
TEMPORAL,macd_pct__w240__q90,0
TEMPORAL,macd_pct__w240__z,0
TEMPORAL,macd_pct__w240__pos,0
TEMPORAL,macd_pct__w240__delta,0
TEMPORAL,macd_pct__w240__diff_mean,0
TEMPORAL,macd_pct__w240__diff_std,0
TEMPORAL,macd_pct__w240__up_share,0
TEMPORAL,macd_pct__w240__late_vs_prev,0
TEMPORAL,macd_pct__w240__accel,0
TEMPORAL,macd_signal_pct__now,0
TEMPORAL,macd_signal_pct__d1,0
TEMPORAL,macd_signal_pct__d3,0
TEMPORAL,macd_signal_pct__d6,0
TEMPORAL,macd_signal_pct__d12,0
TEMPORAL,macd_signal_pct__d24,0
TEMPORAL,macd_signal_pct__w24__mean,0
TEMPORAL,macd_signal_pct__w24__std,0
TEMPORAL,macd_signal_pct__w24__max,0
TEMPORAL,macd_signal_pct__w24__q10,0
TEMPORAL,macd_signal_pct__w24__q25,0
TEMPORAL,macd_signal_pct__w24__q75,0
TEMPORAL,macd_signal_pct__w24__q90,0
TEMPORAL,macd_signal_pct__w24__z,0
TEMPORAL,macd_signal_pct__w24__pos,0
TEMPORAL,macd_signal_pct__w24__delta,0
TEMPORAL,macd_signal_pct__w24__diff_mean,0
TEMPORAL,macd_signal_pct__w24__diff_std,0
TEMPORAL,macd_signal_pct__w24__up_share,0
TEMPORAL,macd_signal_pct__w24__late_vs_prev,0
TEMPORAL,macd_signal_pct__w24__accel,0
TEMPORAL,macd_signal_pct__w72__mean,0
TEMPORAL,macd_signal_pct__w72__min,0
TEMPORAL,macd_signal_pct__w72__max,0
TEMPORAL,macd_signal_pct__w72__q10,0
TEMPORAL,macd_signal_pct__w72__q25,0
TEMPORAL,macd_signal_pct__w72__q75,0
TEMPORAL,macd_signal_pct__w72__q90,0
TEMPORAL,macd_signal_pct__w72__z,0
TEMPORAL,macd_signal_pct__w72__pos,0
TEMPORAL,macd_signal_pct__w72__delta,0
TEMPORAL,macd_signal_pct__w72__diff_mean,0
TEMPORAL,macd_signal_pct__w72__diff_std,0
TEMPORAL,macd_signal_pct__w72__up_share,0
TEMPORAL,macd_signal_pct__w72__late_vs_prev,0
TEMPORAL,macd_signal_pct__w72__accel,0
TEMPORAL,macd_signal_pct__w240__mean,0
TEMPORAL,macd_signal_pct__w240__std,0
TEMPORAL,macd_signal_pct__w240__min,0
TEMPORAL,macd_signal_pct__w240__max,0
TEMPORAL,macd_signal_pct__w240__q10,0
TEMPORAL,macd_signal_pct__w240__q25,0
TEMPORAL,macd_signal_pct__w240__q75,0
TEMPORAL,macd_signal_pct__w240__q90,0
TEMPORAL,macd_signal_pct__w240__z,0
TEMPORAL,macd_signal_pct__w240__pos,0
TEMPORAL,macd_signal_pct__w240__delta,0
TEMPORAL,macd_signal_pct__w240__diff_mean,0
TEMPORAL,macd_signal_pct__w240__diff_std,0
TEMPORAL,macd_signal_pct__w240__up_share,0
TEMPORAL,macd_signal_pct__w240__late_vs_prev,0
TEMPORAL,macd_signal_pct__w240__accel,0
TEMPORAL,macd_hist_pct__now,0
TEMPORAL,macd_hist_pct__d1,0
TEMPORAL,macd_hist_pct__d3,0
TEMPORAL,macd_hist_pct__d6,0
TEMPORAL,macd_hist_pct__d12,0
TEMPORAL,macd_hist_pct__d24,0
TEMPORAL,macd_hist_pct__w24__mean,0
TEMPORAL,macd_hist_pct__w24__std,0
TEMPORAL,macd_hist_pct__w24__max,0
TEMPORAL,macd_hist_pct__w24__q10,0
TEMPORAL,macd_hist_pct__w24__q25,0
TEMPORAL,macd_hist_pct__w24__q75,0
TEMPORAL,macd_hist_pct__w24__q90,0
TEMPORAL,macd_hist_pct__w24__z,0
TEMPORAL,macd_hist_pct__w24__pos,0
TEMPORAL,macd_hist_pct__w24__delta,0
TEMPORAL,macd_hist_pct__w24__diff_mean,0
TEMPORAL,macd_hist_pct__w24__up_share,0
TEMPORAL,macd_hist_pct__w24__late_vs_prev,0
TEMPORAL,macd_hist_pct__w24__accel,0
TEMPORAL,macd_hist_pct__w72__mean,0
TEMPORAL,macd_hist_pct__w72__std,0
TEMPORAL,macd_hist_pct__w72__min,0
TEMPORAL,macd_hist_pct__w72__max,0
TEMPORAL,macd_hist_pct__w72__q10,0
TEMPORAL,macd_hist_pct__w72__q25,0
TEMPORAL,macd_hist_pct__w72__q75,0
TEMPORAL,macd_hist_pct__w72__q90,0
TEMPORAL,macd_hist_pct__w72__z,0
TEMPORAL,macd_hist_pct__w72__pos,0
TEMPORAL,macd_hist_pct__w72__delta,0
TEMPORAL,macd_hist_pct__w72__diff_mean,0
TEMPORAL,macd_hist_pct__w72__diff_std,0
TEMPORAL,macd_hist_pct__w72__up_share,0
TEMPORAL,macd_hist_pct__w72__late_vs_prev,0
TEMPORAL,macd_hist_pct__w72__accel,0
TEMPORAL,macd_hist_pct__w240__mean,0
TEMPORAL,macd_hist_pct__w240__std,0
TEMPORAL,macd_hist_pct__w240__min,0
TEMPORAL,macd_hist_pct__w240__max,0
TEMPORAL,macd_hist_pct__w240__q10,0
TEMPORAL,macd_hist_pct__w240__q25,0
TEMPORAL,macd_hist_pct__w240__q75,0
TEMPORAL,macd_hist_pct__w240__q90,0
TEMPORAL,macd_hist_pct__w240__z,0
TEMPORAL,macd_hist_pct__w240__pos,0
TEMPORAL,macd_hist_pct__w240__delta,0
TEMPORAL,macd_hist_pct__w240__diff_mean,0
TEMPORAL,macd_hist_pct__w240__diff_std,0
TEMPORAL,macd_hist_pct__w240__up_share,0
TEMPORAL,macd_hist_pct__w240__accel,0
TEMPORAL,macd_fast_hist_pct__now,0
TEMPORAL,macd_fast_hist_pct__d1,0
TEMPORAL,macd_fast_hist_pct__d3,0
TEMPORAL,macd_fast_hist_pct__d6,0
TEMPORAL,macd_fast_hist_pct__d12,0
TEMPORAL,macd_fast_hist_pct__d24,0
TEMPORAL,macd_fast_hist_pct__w24__mean,0
TEMPORAL,macd_fast_hist_pct__w24__std,0
TEMPORAL,macd_fast_hist_pct__w24__min,0
TEMPORAL,macd_fast_hist_pct__w24__max,0
TEMPORAL,macd_fast_hist_pct__w24__q10,0
TEMPORAL,macd_fast_hist_pct__w24__q25,0
TEMPORAL,macd_fast_hist_pct__w24__q75,0
TEMPORAL,macd_fast_hist_pct__w24__q90,0
TEMPORAL,macd_fast_hist_pct__w24__z,0
TEMPORAL,macd_fast_hist_pct__w24__pos,0
TEMPORAL,macd_fast_hist_pct__w24__delta,0
TEMPORAL,macd_fast_hist_pct__w24__diff_mean,0
TEMPORAL,macd_fast_hist_pct__w24__diff_std,0
TEMPORAL,macd_fast_hist_pct__w24__up_share,0
TEMPORAL,macd_fast_hist_pct__w24__late_vs_prev,0
TEMPORAL,macd_fast_hist_pct__w24__accel,0
TEMPORAL,macd_fast_hist_pct__w72__std,0
TEMPORAL,macd_fast_hist_pct__w72__min,0
TEMPORAL,macd_fast_hist_pct__w72__max,0
TEMPORAL,macd_fast_hist_pct__w72__q10,0
TEMPORAL,macd_fast_hist_pct__w72__q25,0
TEMPORAL,macd_fast_hist_pct__w72__q75,0
TEMPORAL,macd_fast_hist_pct__w72__q90,0
TEMPORAL,macd_fast_hist_pct__w72__z,0
TEMPORAL,macd_fast_hist_pct__w72__pos,0
TEMPORAL,macd_fast_hist_pct__w72__delta,0
TEMPORAL,macd_fast_hist_pct__w72__diff_mean,0
TEMPORAL,macd_fast_hist_pct__w72__up_share,0
TEMPORAL,macd_fast_hist_pct__w72__late_vs_prev,0
TEMPORAL,macd_fast_hist_pct__w72__accel,0
TEMPORAL,macd_fast_hist_pct__w240__mean,0
TEMPORAL,macd_fast_hist_pct__w240__std,0
TEMPORAL,macd_fast_hist_pct__w240__min,0
TEMPORAL,macd_fast_hist_pct__w240__max,0
TEMPORAL,macd_fast_hist_pct__w240__q10,0
TEMPORAL,macd_fast_hist_pct__w240__q25,0
TEMPORAL,macd_fast_hist_pct__w240__q75,0
TEMPORAL,macd_fast_hist_pct__w240__q90,0
TEMPORAL,macd_fast_hist_pct__w240__z,0
TEMPORAL,macd_fast_hist_pct__w240__pos,0
TEMPORAL,macd_fast_hist_pct__w240__delta,0
TEMPORAL,macd_fast_hist_pct__w240__diff_mean,0
TEMPORAL,macd_fast_hist_pct__w240__diff_std,0
TEMPORAL,macd_fast_hist_pct__w240__up_share,0
TEMPORAL,macd_fast_hist_pct__w240__accel,0
TEMPORAL,atr14_pct__now,0
TEMPORAL,atr14_pct__d1,0
TEMPORAL,atr14_pct__d3,0
TEMPORAL,atr14_pct__d6,0
TEMPORAL,atr14_pct__d12,0
TEMPORAL,atr14_pct__d24,0
TEMPORAL,atr14_pct__w24__mean,0
TEMPORAL,atr14_pct__w24__std,0
TEMPORAL,atr14_pct__w24__min,0
TEMPORAL,atr14_pct__w24__max,0
TEMPORAL,atr14_pct__w24__q10,0
TEMPORAL,atr14_pct__w24__q25,0
TEMPORAL,atr14_pct__w24__q75,0
TEMPORAL,atr14_pct__w24__q90,0
TEMPORAL,atr14_pct__w24__z,0
TEMPORAL,atr14_pct__w24__pos,0
TEMPORAL,atr14_pct__w24__delta,0
TEMPORAL,atr14_pct__w24__diff_mean,0
TEMPORAL,atr14_pct__w24__diff_std,0
TEMPORAL,atr14_pct__w24__up_share,0
TEMPORAL,atr14_pct__w24__late_vs_prev,0
TEMPORAL,atr14_pct__w24__accel,0
TEMPORAL,atr14_pct__w72__mean,0
TEMPORAL,atr14_pct__w72__std,0
TEMPORAL,atr14_pct__w72__min,0
TEMPORAL,atr14_pct__w72__max,0
TEMPORAL,atr14_pct__w72__q10,0
TEMPORAL,atr14_pct__w72__q25,0
TEMPORAL,atr14_pct__w72__q75,0
TEMPORAL,atr14_pct__w72__q90,0
TEMPORAL,atr14_pct__w72__z,0
TEMPORAL,atr14_pct__w72__pos,0
TEMPORAL,atr14_pct__w72__delta,0
TEMPORAL,atr14_pct__w72__diff_mean,0
TEMPORAL,atr14_pct__w72__diff_std,0
TEMPORAL,atr14_pct__w72__up_share,0
TEMPORAL,atr14_pct__w72__late_vs_prev,0
TEMPORAL,atr14_pct__w72__accel,0
TEMPORAL,atr14_pct__w240__mean,0
TEMPORAL,atr14_pct__w240__min,0
TEMPORAL,atr14_pct__w240__max,0
TEMPORAL,atr14_pct__w240__q10,0
TEMPORAL,atr14_pct__w240__q25,0
TEMPORAL,atr14_pct__w240__q75,0
TEMPORAL,atr14_pct__w240__q90,0
TEMPORAL,atr14_pct__w240__z,0
TEMPORAL,atr14_pct__w240__pos,0
TEMPORAL,atr14_pct__w240__delta,0
TEMPORAL,atr14_pct__w240__diff_mean,0
TEMPORAL,atr14_pct__w240__diff_std,0
TEMPORAL,atr14_pct__w240__up_share,0
TEMPORAL,atr14_pct__w240__late_vs_prev,0
TEMPORAL,atr14_pct__w240__accel,0
TEMPORAL,bb_width__now,0
TEMPORAL,bb_width__d1,0
TEMPORAL,bb_width__d3,0
TEMPORAL,bb_width__d6,0
TEMPORAL,bb_width__d12,0
TEMPORAL,bb_width__d24,0
TEMPORAL,bb_width__w24__mean,0
TEMPORAL,bb_width__w24__std,0
TEMPORAL,bb_width__w24__min,0
TEMPORAL,bb_width__w24__max,0
TEMPORAL,bb_width__w24__q10,0
TEMPORAL,bb_width__w24__q25,0
TEMPORAL,bb_width__w24__q75,0
TEMPORAL,bb_width__w24__q90,0
TEMPORAL,bb_width__w24__z,0
TEMPORAL,bb_width__w24__pos,0
TEMPORAL,bb_width__w24__delta,0
TEMPORAL,bb_width__w24__diff_mean,0
TEMPORAL,bb_width__w24__diff_std,0
TEMPORAL,bb_width__w24__up_share,0
TEMPORAL,bb_width__w24__late_vs_prev,0
TEMPORAL,bb_width__w24__accel,0
TEMPORAL,bb_width__w72__mean,0
TEMPORAL,bb_width__w72__std,0
TEMPORAL,bb_width__w72__min,0
TEMPORAL,bb_width__w72__max,0
TEMPORAL,bb_width__w72__q25,0
TEMPORAL,bb_width__w72__q75,0
TEMPORAL,bb_width__w72__q90,0
TEMPORAL,bb_width__w72__z,0
TEMPORAL,bb_width__w72__pos,0
TEMPORAL,bb_width__w72__delta,0
TEMPORAL,bb_width__w72__diff_mean,0
TEMPORAL,bb_width__w72__diff_std,0
TEMPORAL,bb_width__w72__up_share,0
TEMPORAL,bb_width__w72__late_vs_prev,0
TEMPORAL,bb_width__w72__accel,0
TEMPORAL,bb_width__w240__mean,0
TEMPORAL,bb_width__w240__std,0
TEMPORAL,bb_width__w240__min,0
TEMPORAL,bb_width__w240__max,0
TEMPORAL,bb_width__w240__q10,0
TEMPORAL,bb_width__w240__q25,0
TEMPORAL,bb_width__w240__q75,0
TEMPORAL,bb_width__w240__q90,0
TEMPORAL,bb_width__w240__z,0
TEMPORAL,bb_width__w240__pos,0
TEMPORAL,bb_width__w240__delta,0
TEMPORAL,bb_width__w240__diff_mean,0
TEMPORAL,bb_width__w240__diff_std,0
TEMPORAL,bb_width__w240__up_share,0
TEMPORAL,bb_width__w240__late_vs_prev,0
TEMPORAL,bb_width__w240__accel,0
TEMPORAL,bb_z__now,0
TEMPORAL,bb_z__d1,0
TEMPORAL,bb_z__d3,0
TEMPORAL,bb_z__d6,0
TEMPORAL,bb_z__d12,0
TEMPORAL,bb_z__d24,0
TEMPORAL,bb_z__w24__mean,0
TEMPORAL,bb_z__w24__std,0
TEMPORAL,bb_z__w24__min,0
TEMPORAL,bb_z__w24__max,0
TEMPORAL,bb_z__w24__q10,0
TEMPORAL,bb_z__w24__q25,0
TEMPORAL,bb_z__w24__q75,0
TEMPORAL,bb_z__w24__q90,0
TEMPORAL,bb_z__w24__z,0
TEMPORAL,bb_z__w24__pos,0
TEMPORAL,bb_z__w24__delta,0
TEMPORAL,bb_z__w24__diff_mean,0
TEMPORAL,bb_z__w24__up_share,0
TEMPORAL,bb_z__w24__late_vs_prev,0
TEMPORAL,bb_z__w24__accel,0
TEMPORAL,bb_z__w72__mean,0
TEMPORAL,bb_z__w72__std,0
TEMPORAL,bb_z__w72__min,0
TEMPORAL,bb_z__w72__max,0
TEMPORAL,bb_z__w72__q25,0
TEMPORAL,bb_z__w72__q75,0
TEMPORAL,bb_z__w72__q90,0
TEMPORAL,bb_z__w72__z,0
TEMPORAL,bb_z__w72__pos,0
TEMPORAL,bb_z__w72__delta,0
TEMPORAL,bb_z__w72__diff_mean,0
TEMPORAL,bb_z__w72__diff_std,0
TEMPORAL,bb_z__w72__up_share,0
TEMPORAL,bb_z__w72__accel,0
TEMPORAL,bb_z__w240__mean,0
TEMPORAL,bb_z__w240__std,0
TEMPORAL,bb_z__w240__min,0
TEMPORAL,bb_z__w240__q25,0
TEMPORAL,bb_z__w240__q75,0
TEMPORAL,bb_z__w240__q90,0
TEMPORAL,bb_z__w240__z,0
TEMPORAL,bb_z__w240__pos,0
TEMPORAL,bb_z__w240__delta,0
TEMPORAL,bb_z__w240__diff_mean,0
TEMPORAL,bb_z__w240__diff_std,0
TEMPORAL,bb_z__w240__up_share,0
TEMPORAL,bb_z__w240__late_vs_prev,0
TEMPORAL,bb_z__w240__accel,0
TEMPORAL,stoch_k__now,0
TEMPORAL,stoch_k__d1,0
TEMPORAL,stoch_k__d3,0
TEMPORAL,stoch_k__d6,0
TEMPORAL,stoch_k__d12,0
TEMPORAL,stoch_k__d24,0
TEMPORAL,stoch_k__w24__mean,0
TEMPORAL,stoch_k__w24__std,0
TEMPORAL,stoch_k__w24__min,0
TEMPORAL,stoch_k__w24__max,0
TEMPORAL,stoch_k__w24__q10,0
TEMPORAL,stoch_k__w24__q25,0
TEMPORAL,stoch_k__w24__q75,0
TEMPORAL,stoch_k__w24__q90,0
TEMPORAL,stoch_k__w24__z,0
TEMPORAL,stoch_k__w24__pos,0
TEMPORAL,stoch_k__w24__delta,0
TEMPORAL,stoch_k__w24__diff_mean,0
TEMPORAL,stoch_k__w24__diff_std,0
TEMPORAL,stoch_k__w24__up_share,0
TEMPORAL,stoch_k__w24__late_vs_prev,0
TEMPORAL,stoch_k__w24__accel,0
TEMPORAL,stoch_k__w72__mean,0
TEMPORAL,stoch_k__w72__std,0
TEMPORAL,stoch_k__w72__min,0
TEMPORAL,stoch_k__w72__q10,0
TEMPORAL,stoch_k__w72__q25,0
TEMPORAL,stoch_k__w72__q90,0
TEMPORAL,stoch_k__w72__z,0
TEMPORAL,stoch_k__w72__pos,0
TEMPORAL,stoch_k__w72__delta,0
TEMPORAL,stoch_k__w72__diff_mean,0
TEMPORAL,stoch_k__w72__diff_std,0
TEMPORAL,stoch_k__w72__up_share,0
TEMPORAL,stoch_k__w72__late_vs_prev,0
TEMPORAL,stoch_k__w72__accel,0
TEMPORAL,stoch_k__w240__mean,0
TEMPORAL,stoch_k__w240__min,0
TEMPORAL,stoch_k__w240__max,0
TEMPORAL,stoch_k__w240__q25,0
TEMPORAL,stoch_k__w240__q75,0
TEMPORAL,stoch_k__w240__q90,0
TEMPORAL,stoch_k__w240__z,0
TEMPORAL,stoch_k__w240__pos,0
TEMPORAL,stoch_k__w240__delta,0
TEMPORAL,stoch_k__w240__diff_mean,0
TEMPORAL,stoch_k__w240__diff_std,0
TEMPORAL,stoch_k__w240__up_share,0
TEMPORAL,stoch_k__w240__late_vs_prev,0
TEMPORAL,stoch_k__w240__accel,0
TEMPORAL,stoch_d__now,0
TEMPORAL,stoch_d__d1,0
TEMPORAL,stoch_d__d3,0
TEMPORAL,stoch_d__d6,0
TEMPORAL,stoch_d__d12,0
TEMPORAL,stoch_d__d24,0
TEMPORAL,stoch_d__w24__mean,0
TEMPORAL,stoch_d__w24__std,0
TEMPORAL,stoch_d__w24__min,0
TEMPORAL,stoch_d__w24__max,0
TEMPORAL,stoch_d__w24__q10,0
TEMPORAL,stoch_d__w24__q25,0
TEMPORAL,stoch_d__w24__q75,0
TEMPORAL,stoch_d__w24__q90,0
TEMPORAL,stoch_d__w24__z,0
TEMPORAL,stoch_d__w24__pos,0
TEMPORAL,stoch_d__w24__delta,0
TEMPORAL,stoch_d__w24__diff_mean,0
TEMPORAL,stoch_d__w24__diff_std,0
TEMPORAL,stoch_d__w24__up_share,0
TEMPORAL,stoch_d__w24__late_vs_prev,0
TEMPORAL,stoch_d__w24__accel,0
TEMPORAL,stoch_d__w72__mean,0
TEMPORAL,stoch_d__w72__std,0
TEMPORAL,stoch_d__w72__min,0
TEMPORAL,stoch_d__w72__max,0
TEMPORAL,stoch_d__w72__q10,0
TEMPORAL,stoch_d__w72__q75,0
TEMPORAL,stoch_d__w72__q90,0
TEMPORAL,stoch_d__w72__z,0
TEMPORAL,stoch_d__w72__pos,0
TEMPORAL,stoch_d__w72__delta,0
TEMPORAL,stoch_d__w72__diff_mean,0
TEMPORAL,stoch_d__w72__diff_std,0
TEMPORAL,stoch_d__w72__up_share,0
TEMPORAL,stoch_d__w72__late_vs_prev,0
TEMPORAL,stoch_d__w72__accel,0
TEMPORAL,stoch_d__w240__mean,0
TEMPORAL,stoch_d__w240__std,0
TEMPORAL,stoch_d__w240__min,0
TEMPORAL,stoch_d__w240__max,0
TEMPORAL,stoch_d__w240__q25,0
TEMPORAL,stoch_d__w240__q75,0
TEMPORAL,stoch_d__w240__q90,0
TEMPORAL,stoch_d__w240__z,0
TEMPORAL,stoch_d__w240__delta,0
TEMPORAL,stoch_d__w240__diff_mean,0
TEMPORAL,stoch_d__w240__diff_std,0
TEMPORAL,stoch_d__w240__up_share,0
TEMPORAL,stoch_d__w240__late_vs_prev,0
TEMPORAL,stoch_d__w240__accel,0
TEMPORAL,cci20__now,0
TEMPORAL,cci20__d1,0
TEMPORAL,cci20__d3,0
TEMPORAL,cci20__d6,0
TEMPORAL,cci20__d12,0
TEMPORAL,cci20__d24,0
TEMPORAL,cci20__w24__mean,0
TEMPORAL,cci20__w24__std,0
TEMPORAL,cci20__w24__min,0
TEMPORAL,cci20__w24__q10,0
TEMPORAL,cci20__w24__q25,0
TEMPORAL,cci20__w24__q75,0
TEMPORAL,cci20__w24__q90,0
TEMPORAL,cci20__w24__z,0
TEMPORAL,cci20__w24__pos,0
TEMPORAL,cci20__w24__delta,0
TEMPORAL,cci20__w24__diff_mean,0
TEMPORAL,cci20__w24__diff_std,0
TEMPORAL,cci20__w24__up_share,0
TEMPORAL,cci20__w24__late_vs_prev,0
TEMPORAL,cci20__w24__accel,0
TEMPORAL,cci20__w72__mean,0
TEMPORAL,cci20__w72__std,0
TEMPORAL,cci20__w72__min,0
TEMPORAL,cci20__w72__max,0
TEMPORAL,cci20__w72__q10,0
TEMPORAL,cci20__w72__q25,0
TEMPORAL,cci20__w72__q75,0
TEMPORAL,cci20__w72__q90,0
TEMPORAL,cci20__w72__z,0
TEMPORAL,cci20__w72__pos,0
TEMPORAL,cci20__w72__delta,0
TEMPORAL,cci20__w72__diff_mean,0
TEMPORAL,cci20__w72__diff_std,0
TEMPORAL,cci20__w72__up_share,0
TEMPORAL,cci20__w72__late_vs_prev,0
TEMPORAL,cci20__w72__accel,0
TEMPORAL,cci20__w240__mean,0
TEMPORAL,cci20__w240__min,0
TEMPORAL,cci20__w240__max,0
TEMPORAL,cci20__w240__q10,0
TEMPORAL,cci20__w240__q25,0
TEMPORAL,cci20__w240__q75,0
TEMPORAL,cci20__w240__q90,0
TEMPORAL,cci20__w240__z,0
TEMPORAL,cci20__w240__pos,0
TEMPORAL,cci20__w240__delta,0
TEMPORAL,cci20__w240__diff_mean,0
TEMPORAL,cci20__w240__diff_std,0
TEMPORAL,cci20__w240__up_share,0
TEMPORAL,cci20__w240__late_vs_prev,0
TEMPORAL,cci20__w240__accel,0
TEMPORAL,mfi14__now,0
TEMPORAL,mfi14__d1,0
TEMPORAL,mfi14__d3,0
TEMPORAL,mfi14__d6,0
TEMPORAL,mfi14__d24,0
TEMPORAL,mfi14__w24__mean,0
TEMPORAL,mfi14__w24__std,0
TEMPORAL,mfi14__w24__max,0
TEMPORAL,mfi14__w24__q25,0
TEMPORAL,mfi14__w24__q75,0
TEMPORAL,mfi14__w24__q90,0
TEMPORAL,mfi14__w24__z,0
TEMPORAL,mfi14__w24__pos,0
TEMPORAL,mfi14__w24__delta,0
TEMPORAL,mfi14__w24__diff_mean,0
TEMPORAL,mfi14__w24__diff_std,0
TEMPORAL,mfi14__w24__up_share,0
TEMPORAL,mfi14__w24__accel,0
TEMPORAL,mfi14__w72__mean,0
TEMPORAL,mfi14__w72__std,0
TEMPORAL,mfi14__w72__min,0
TEMPORAL,mfi14__w72__max,0
TEMPORAL,mfi14__w72__q10,0
TEMPORAL,mfi14__w72__q25,0
TEMPORAL,mfi14__w72__q75,0
TEMPORAL,mfi14__w72__z,0
TEMPORAL,mfi14__w72__pos,0
TEMPORAL,mfi14__w72__delta,0
TEMPORAL,mfi14__w72__diff_mean,0
TEMPORAL,mfi14__w72__diff_std,0
TEMPORAL,mfi14__w72__up_share,0
TEMPORAL,mfi14__w72__late_vs_prev,0
TEMPORAL,mfi14__w72__accel,0
TEMPORAL,mfi14__w240__mean,0
TEMPORAL,mfi14__w240__std,0
TEMPORAL,mfi14__w240__min,0
TEMPORAL,mfi14__w240__q10,0
TEMPORAL,mfi14__w240__q25,0
TEMPORAL,mfi14__w240__q75,0
TEMPORAL,mfi14__w240__q90,0
TEMPORAL,mfi14__w240__z,0
TEMPORAL,mfi14__w240__pos,0
TEMPORAL,mfi14__w240__delta,0
TEMPORAL,mfi14__w240__diff_mean,0
TEMPORAL,mfi14__w240__diff_std,0
TEMPORAL,mfi14__w240__up_share,0
TEMPORAL,mfi14__w240__late_vs_prev,0
TEMPORAL,mfi14__w240__accel,0
TEMPORAL,adx14__now,0
TEMPORAL,adx14__d1,0
TEMPORAL,adx14__d3,0
TEMPORAL,adx14__d6,0
TEMPORAL,adx14__d12,0
TEMPORAL,adx14__d24,0
TEMPORAL,adx14__w24__mean,0
TEMPORAL,adx14__w24__std,0
TEMPORAL,adx14__w24__min,0
TEMPORAL,adx14__w24__max,0
TEMPORAL,adx14__w24__q10,0
TEMPORAL,adx14__w24__q25,0
TEMPORAL,adx14__w24__q75,0
TEMPORAL,adx14__w24__q90,0
TEMPORAL,adx14__w24__z,0
TEMPORAL,adx14__w24__pos,0
TEMPORAL,adx14__w24__delta,0
TEMPORAL,adx14__w24__diff_mean,0
TEMPORAL,adx14__w24__diff_std,0
TEMPORAL,adx14__w24__up_share,0
TEMPORAL,adx14__w24__late_vs_prev,0
TEMPORAL,adx14__w24__accel,0
TEMPORAL,adx14__w72__mean,0
TEMPORAL,adx14__w72__std,0
TEMPORAL,adx14__w72__min,0
TEMPORAL,adx14__w72__max,0
TEMPORAL,adx14__w72__q10,0
TEMPORAL,adx14__w72__q25,0
TEMPORAL,adx14__w72__q75,0
TEMPORAL,adx14__w72__q90,0
TEMPORAL,adx14__w72__pos,0
TEMPORAL,adx14__w72__diff_std,0
TEMPORAL,adx14__w72__up_share,0
TEMPORAL,adx14__w240__mean,0
TEMPORAL,adx14__w240__min,0
TEMPORAL,adx14__w240__max,0
TEMPORAL,adx14__w240__q10,0
TEMPORAL,adx14__w240__q25,0
TEMPORAL,adx14__w240__q75,0
TEMPORAL,adx14__w240__q90,0
TEMPORAL,adx14__w240__z,0
TEMPORAL,adx14__w240__pos,0
TEMPORAL,adx14__w240__delta,0
TEMPORAL,adx14__w240__diff_mean,0
TEMPORAL,adx14__w240__diff_std,0
TEMPORAL,adx14__w240__up_share,0
TEMPORAL,adx14__w240__late_vs_prev,0
TEMPORAL,adx14__w240__accel,0
TEMPORAL,close_vs_ema6__now,0
TEMPORAL,close_vs_ema6__d1,0
TEMPORAL,close_vs_ema6__d3,0
TEMPORAL,close_vs_ema6__d6,0
TEMPORAL,close_vs_ema6__d12,0
TEMPORAL,close_vs_ema6__d24,0
TEMPORAL,close_vs_ema6__w24__mean,0
TEMPORAL,close_vs_ema6__w24__std,0
TEMPORAL,close_vs_ema6__w24__min,0
TEMPORAL,close_vs_ema6__w24__q10,0
TEMPORAL,close_vs_ema6__w24__q25,0
TEMPORAL,close_vs_ema6__w24__q75,0
TEMPORAL,close_vs_ema6__w24__q90,0
TEMPORAL,close_vs_ema6__w24__z,0
TEMPORAL,close_vs_ema6__w24__pos,0
TEMPORAL,close_vs_ema6__w24__delta,0
TEMPORAL,close_vs_ema6__w24__diff_mean,0
TEMPORAL,close_vs_ema6__w24__diff_std,0
TEMPORAL,close_vs_ema6__w24__up_share,0
TEMPORAL,close_vs_ema6__w24__late_vs_prev,0
TEMPORAL,close_vs_ema6__w24__accel,0
TEMPORAL,close_vs_ema6__w72__mean,0
TEMPORAL,close_vs_ema6__w72__std,0
TEMPORAL,close_vs_ema6__w72__min,0
TEMPORAL,close_vs_ema6__w72__q10,0
TEMPORAL,close_vs_ema6__w72__q25,0
TEMPORAL,close_vs_ema6__w72__q75,0
TEMPORAL,close_vs_ema6__w72__q90,0
TEMPORAL,close_vs_ema6__w72__z,0
TEMPORAL,close_vs_ema6__w72__pos,0
TEMPORAL,close_vs_ema6__w72__delta,0
TEMPORAL,close_vs_ema6__w72__diff_mean,0
TEMPORAL,close_vs_ema6__w72__diff_std,0
TEMPORAL,close_vs_ema6__w72__up_share,0
TEMPORAL,close_vs_ema6__w72__late_vs_prev,0
TEMPORAL,close_vs_ema6__w72__accel,0
TEMPORAL,close_vs_ema6__w240__mean,0
TEMPORAL,close_vs_ema6__w240__std,0
TEMPORAL,close_vs_ema6__w240__min,0
TEMPORAL,close_vs_ema6__w240__max,0
TEMPORAL,close_vs_ema6__w240__q10,0
TEMPORAL,close_vs_ema6__w240__q25,0
TEMPORAL,close_vs_ema6__w240__q75,0
TEMPORAL,close_vs_ema6__w240__q90,0
TEMPORAL,close_vs_ema6__w240__z,0
TEMPORAL,close_vs_ema6__w240__pos,0
TEMPORAL,close_vs_ema6__w240__delta,0
TEMPORAL,close_vs_ema6__w240__diff_mean,0
TEMPORAL,close_vs_ema6__w240__diff_std,0
TEMPORAL,close_vs_ema6__w240__up_share,0
TEMPORAL,close_vs_ema6__w240__late_vs_prev,0
TEMPORAL,close_vs_ema6__w240__accel,0
TEMPORAL,close_vs_ema12__now,0
TEMPORAL,close_vs_ema12__d1,0
TEMPORAL,close_vs_ema12__d3,0
TEMPORAL,close_vs_ema12__d6,0
TEMPORAL,close_vs_ema12__d12,0
TEMPORAL,close_vs_ema12__d24,0
TEMPORAL,close_vs_ema12__w24__mean,0
TEMPORAL,close_vs_ema12__w24__std,0
TEMPORAL,close_vs_ema12__w24__min,0
TEMPORAL,close_vs_ema12__w24__max,0
TEMPORAL,close_vs_ema12__w24__q25,0
TEMPORAL,close_vs_ema12__w24__q75,0
TEMPORAL,close_vs_ema12__w24__q90,0
TEMPORAL,close_vs_ema12__w24__z,0
TEMPORAL,close_vs_ema12__w24__pos,0
TEMPORAL,close_vs_ema12__w24__delta,0
TEMPORAL,close_vs_ema12__w24__diff_mean,0
TEMPORAL,close_vs_ema12__w24__diff_std,0
TEMPORAL,close_vs_ema12__w24__up_share,0
TEMPORAL,close_vs_ema12__w24__late_vs_prev,0
TEMPORAL,close_vs_ema12__w24__accel,0
TEMPORAL,close_vs_ema12__w72__mean,0
TEMPORAL,close_vs_ema12__w72__std,0
TEMPORAL,close_vs_ema12__w72__min,0
TEMPORAL,close_vs_ema12__w72__max,0
TEMPORAL,close_vs_ema12__w72__q10,0
TEMPORAL,close_vs_ema12__w72__q25,0
TEMPORAL,close_vs_ema12__w72__q75,0
TEMPORAL,close_vs_ema12__w72__q90,0
TEMPORAL,close_vs_ema12__w72__z,0
TEMPORAL,close_vs_ema12__w72__pos,0
TEMPORAL,close_vs_ema12__w72__delta,0
TEMPORAL,close_vs_ema12__w72__diff_mean,0
TEMPORAL,close_vs_ema12__w72__diff_std,0
TEMPORAL,close_vs_ema12__w72__up_share,0
TEMPORAL,close_vs_ema12__w72__late_vs_prev,0
TEMPORAL,close_vs_ema12__w72__accel,0
TEMPORAL,close_vs_ema12__w240__mean,0
TEMPORAL,close_vs_ema12__w240__std,0
TEMPORAL,close_vs_ema12__w240__min,0
TEMPORAL,close_vs_ema12__w240__max,0
TEMPORAL,close_vs_ema12__w240__q10,0
TEMPORAL,close_vs_ema12__w240__q75,0
TEMPORAL,close_vs_ema12__w240__q90,0
TEMPORAL,close_vs_ema12__w240__z,0
TEMPORAL,close_vs_ema12__w240__pos,0
TEMPORAL,close_vs_ema12__w240__delta,0
TEMPORAL,close_vs_ema12__w240__diff_mean,0
TEMPORAL,close_vs_ema12__w240__diff_std,0
TEMPORAL,close_vs_ema12__w240__up_share,0
TEMPORAL,close_vs_ema12__w240__late_vs_prev,0
TEMPORAL,close_vs_ema12__w240__accel,0
TEMPORAL,close_vs_ema24__d1,0
TEMPORAL,close_vs_ema24__d3,0
TEMPORAL,close_vs_ema24__d6,0
TEMPORAL,close_vs_ema24__d12,0
TEMPORAL,close_vs_ema24__d24,0
TEMPORAL,close_vs_ema24__w24__mean,0
TEMPORAL,close_vs_ema24__w24__std,0
TEMPORAL,close_vs_ema24__w24__min,0
TEMPORAL,close_vs_ema24__w24__max,0
TEMPORAL,close_vs_ema24__w24__q10,0
TEMPORAL,close_vs_ema24__w24__q25,0
TEMPORAL,close_vs_ema24__w24__q75,0
TEMPORAL,close_vs_ema24__w24__q90,0
TEMPORAL,close_vs_ema24__w24__z,0
TEMPORAL,close_vs_ema24__w24__pos,0
TEMPORAL,close_vs_ema24__w24__delta,0
TEMPORAL,close_vs_ema24__w24__diff_mean,0
TEMPORAL,close_vs_ema24__w24__diff_std,0
TEMPORAL,close_vs_ema24__w24__up_share,0
TEMPORAL,close_vs_ema24__w24__accel,0
TEMPORAL,close_vs_ema24__w72__mean,0
TEMPORAL,close_vs_ema24__w72__std,0
TEMPORAL,close_vs_ema24__w72__min,0
TEMPORAL,close_vs_ema24__w72__max,0
TEMPORAL,close_vs_ema24__w72__q10,0
TEMPORAL,close_vs_ema24__w72__q25,0
TEMPORAL,close_vs_ema24__w72__q75,0
TEMPORAL,close_vs_ema24__w72__z,0
TEMPORAL,close_vs_ema24__w72__pos,0
TEMPORAL,close_vs_ema24__w72__delta,0
TEMPORAL,close_vs_ema24__w72__diff_mean,0
TEMPORAL,close_vs_ema24__w72__diff_std,0
TEMPORAL,close_vs_ema24__w72__up_share,0
TEMPORAL,close_vs_ema24__w72__late_vs_prev,0
TEMPORAL,close_vs_ema24__w72__accel,0
TEMPORAL,close_vs_ema24__w240__mean,0
TEMPORAL,close_vs_ema24__w240__std,0
TEMPORAL,close_vs_ema24__w240__min,0
TEMPORAL,close_vs_ema24__w240__max,0
TEMPORAL,close_vs_ema24__w240__q10,0
TEMPORAL,close_vs_ema24__w240__q25,0
TEMPORAL,close_vs_ema24__w240__q75,0
TEMPORAL,close_vs_ema24__w240__q90,0
TEMPORAL,close_vs_ema24__w240__z,0
TEMPORAL,close_vs_ema24__w240__pos,0
TEMPORAL,close_vs_ema24__w240__delta,0
TEMPORAL,close_vs_ema24__w240__diff_mean,0
TEMPORAL,close_vs_ema24__w240__diff_std,0
TEMPORAL,close_vs_ema24__w240__late_vs_prev,0
TEMPORAL,close_vs_ema24__w240__accel,0
TEMPORAL,close_vs_ema48__now,0
TEMPORAL,close_vs_ema48__d1,0
TEMPORAL,close_vs_ema48__d3,0
TEMPORAL,close_vs_ema48__d6,0
TEMPORAL,close_vs_ema48__d12,0
TEMPORAL,close_vs_ema48__d24,0
TEMPORAL,close_vs_ema48__w24__mean,0
TEMPORAL,close_vs_ema48__w24__std,0
TEMPORAL,close_vs_ema48__w24__min,0
TEMPORAL,close_vs_ema48__w24__max,0
TEMPORAL,close_vs_ema48__w24__q10,0
TEMPORAL,close_vs_ema48__w24__q25,0
TEMPORAL,close_vs_ema48__w24__q75,0
TEMPORAL,close_vs_ema48__w24__q90,0
TEMPORAL,close_vs_ema48__w24__z,0
TEMPORAL,close_vs_ema48__w24__pos,0
TEMPORAL,close_vs_ema48__w24__delta,0
TEMPORAL,close_vs_ema48__w24__diff_mean,0
TEMPORAL,close_vs_ema48__w24__diff_std,0
TEMPORAL,close_vs_ema48__w24__up_share,0
TEMPORAL,close_vs_ema48__w24__late_vs_prev,0
TEMPORAL,close_vs_ema48__w24__accel,0
TEMPORAL,close_vs_ema48__w72__mean,0
TEMPORAL,close_vs_ema48__w72__std,0
TEMPORAL,close_vs_ema48__w72__min,0
TEMPORAL,close_vs_ema48__w72__max,0
TEMPORAL,close_vs_ema48__w72__q10,0
TEMPORAL,close_vs_ema48__w72__q25,0
TEMPORAL,close_vs_ema48__w72__q75,0
TEMPORAL,close_vs_ema48__w72__q90,0
TEMPORAL,close_vs_ema48__w72__z,0
TEMPORAL,close_vs_ema48__w72__pos,0
TEMPORAL,close_vs_ema48__w72__delta,0
TEMPORAL,close_vs_ema48__w72__diff_mean,0
TEMPORAL,close_vs_ema48__w72__diff_std,0
TEMPORAL,close_vs_ema48__w72__up_share,0
TEMPORAL,close_vs_ema48__w72__late_vs_prev,0
TEMPORAL,close_vs_ema48__w72__accel,0
TEMPORAL,close_vs_ema48__w240__mean,0
TEMPORAL,close_vs_ema48__w240__std,0
TEMPORAL,close_vs_ema48__w240__min,0
TEMPORAL,close_vs_ema48__w240__max,0
TEMPORAL,close_vs_ema48__w240__q10,0
TEMPORAL,close_vs_ema48__w240__q25,0
TEMPORAL,close_vs_ema48__w240__q75,0
TEMPORAL,close_vs_ema48__w240__q90,0
TEMPORAL,close_vs_ema48__w240__z,0
TEMPORAL,close_vs_ema48__w240__pos,0
TEMPORAL,close_vs_ema48__w240__delta,0
TEMPORAL,close_vs_ema48__w240__diff_mean,0
TEMPORAL,close_vs_ema48__w240__diff_std,0
TEMPORAL,close_vs_ema48__w240__up_share,0
TEMPORAL,close_vs_ema48__w240__late_vs_prev,0
TEMPORAL,close_vs_ema48__w240__accel,0
TEMPORAL,close_vs_ema72__now,0
TEMPORAL,close_vs_ema72__d1,0
TEMPORAL,close_vs_ema72__d3,0
TEMPORAL,close_vs_ema72__d6,0
TEMPORAL,close_vs_ema72__d12,0
TEMPORAL,close_vs_ema72__d24,0
TEMPORAL,close_vs_ema72__w24__mean,0
TEMPORAL,close_vs_ema72__w24__std,0
TEMPORAL,close_vs_ema72__w24__min,0
TEMPORAL,close_vs_ema72__w24__max,0
TEMPORAL,close_vs_ema72__w24__q10,0
TEMPORAL,close_vs_ema72__w24__q75,0
TEMPORAL,close_vs_ema72__w24__q90,0
TEMPORAL,close_vs_ema72__w24__z,0
TEMPORAL,close_vs_ema72__w24__pos,0
TEMPORAL,close_vs_ema72__w24__delta,0
TEMPORAL,close_vs_ema72__w24__diff_mean,0
TEMPORAL,close_vs_ema72__w24__diff_std,0
TEMPORAL,close_vs_ema72__w24__up_share,0
TEMPORAL,close_vs_ema72__w24__late_vs_prev,0
TEMPORAL,close_vs_ema72__w24__accel,0
TEMPORAL,close_vs_ema72__w72__mean,0
TEMPORAL,close_vs_ema72__w72__std,0
TEMPORAL,close_vs_ema72__w72__min,0
TEMPORAL,close_vs_ema72__w72__max,0
TEMPORAL,close_vs_ema72__w72__q10,0
TEMPORAL,close_vs_ema72__w72__q25,0
TEMPORAL,close_vs_ema72__w72__q75,0
TEMPORAL,close_vs_ema72__w72__q90,0
TEMPORAL,close_vs_ema72__w72__z,0
TEMPORAL,close_vs_ema72__w72__pos,0
TEMPORAL,close_vs_ema72__w72__delta,0
TEMPORAL,close_vs_ema72__w72__diff_mean,0
TEMPORAL,close_vs_ema72__w72__diff_std,0
TEMPORAL,close_vs_ema72__w72__up_share,0
TEMPORAL,close_vs_ema72__w72__late_vs_prev,0
TEMPORAL,close_vs_ema72__w72__accel,0
TEMPORAL,close_vs_ema72__w240__mean,0
TEMPORAL,close_vs_ema72__w240__std,0
TEMPORAL,close_vs_ema72__w240__min,0
TEMPORAL,close_vs_ema72__w240__max,0
TEMPORAL,close_vs_ema72__w240__q10,0
TEMPORAL,close_vs_ema72__w240__q25,0
TEMPORAL,close_vs_ema72__w240__q75,0
TEMPORAL,close_vs_ema72__w240__q90,0
TEMPORAL,close_vs_ema72__w240__z,0
TEMPORAL,close_vs_ema72__w240__pos,0
TEMPORAL,close_vs_ema72__w240__delta,0
TEMPORAL,close_vs_ema72__w240__diff_mean,0
TEMPORAL,close_vs_ema72__w240__diff_std,0
TEMPORAL,close_vs_ema72__w240__late_vs_prev,0
TEMPORAL,close_vs_ema72__w240__accel,0
TEMPORAL,ema6_slope_3h__now,0
TEMPORAL,ema6_slope_3h__d1,0
TEMPORAL,ema6_slope_3h__d3,0
TEMPORAL,ema6_slope_3h__d6,0
TEMPORAL,ema6_slope_3h__d12,0
TEMPORAL,ema6_slope_3h__d24,0
TEMPORAL,ema6_slope_3h__w24__mean,0
TEMPORAL,ema6_slope_3h__w24__std,0
TEMPORAL,ema6_slope_3h__w24__min,0
TEMPORAL,ema6_slope_3h__w24__max,0
TEMPORAL,ema6_slope_3h__w24__q10,0
TEMPORAL,ema6_slope_3h__w24__q25,0
TEMPORAL,ema6_slope_3h__w24__q75,0
TEMPORAL,ema6_slope_3h__w24__q90,0
TEMPORAL,ema6_slope_3h__w24__z,0
TEMPORAL,ema6_slope_3h__w24__pos,0
TEMPORAL,ema6_slope_3h__w24__delta,0
TEMPORAL,ema6_slope_3h__w24__diff_mean,0
TEMPORAL,ema6_slope_3h__w24__diff_std,0
TEMPORAL,ema6_slope_3h__w24__up_share,0
TEMPORAL,ema6_slope_3h__w24__late_vs_prev,0
TEMPORAL,ema6_slope_3h__w24__accel,0
TEMPORAL,ema6_slope_3h__w72__mean,0
TEMPORAL,ema6_slope_3h__w72__std,0
TEMPORAL,ema6_slope_3h__w72__min,0
TEMPORAL,ema6_slope_3h__w72__max,0
TEMPORAL,ema6_slope_3h__w72__q10,0
TEMPORAL,ema6_slope_3h__w72__q25,0
TEMPORAL,ema6_slope_3h__w72__q75,0
TEMPORAL,ema6_slope_3h__w72__q90,0
TEMPORAL,ema6_slope_3h__w72__z,0
TEMPORAL,ema6_slope_3h__w72__pos,0
TEMPORAL,ema6_slope_3h__w72__delta,0
TEMPORAL,ema6_slope_3h__w72__diff_mean,0
TEMPORAL,ema6_slope_3h__w72__diff_std,0
TEMPORAL,ema6_slope_3h__w72__up_share,0
TEMPORAL,ema6_slope_3h__w72__late_vs_prev,0
TEMPORAL,ema6_slope_3h__w72__accel,0
TEMPORAL,ema6_slope_3h__w240__mean,0
TEMPORAL,ema6_slope_3h__w240__std,0
TEMPORAL,ema6_slope_3h__w240__min,0
TEMPORAL,ema6_slope_3h__w240__max,0
TEMPORAL,ema6_slope_3h__w240__q10,0
TEMPORAL,ema6_slope_3h__w240__q25,0
TEMPORAL,ema6_slope_3h__w240__q75,0
TEMPORAL,ema6_slope_3h__w240__q90,0
TEMPORAL,ema6_slope_3h__w240__z,0
TEMPORAL,ema6_slope_3h__w240__pos,0
TEMPORAL,ema6_slope_3h__w240__delta,0
TEMPORAL,ema6_slope_3h__w240__diff_mean,0
TEMPORAL,ema6_slope_3h__w240__diff_std,0
TEMPORAL,ema6_slope_3h__w240__up_share,0
TEMPORAL,ema6_slope_3h__w240__late_vs_prev,0
TEMPORAL,ema6_slope_3h__w240__accel,0
TEMPORAL,ema24_slope_6h__now,0
TEMPORAL,ema24_slope_6h__d1,0
TEMPORAL,ema24_slope_6h__d3,0
TEMPORAL,ema24_slope_6h__d6,0
TEMPORAL,ema24_slope_6h__d12,0
TEMPORAL,ema24_slope_6h__d24,0
TEMPORAL,ema24_slope_6h__w24__mean,0
TEMPORAL,ema24_slope_6h__w24__std,0
TEMPORAL,ema24_slope_6h__w24__min,0
TEMPORAL,ema24_slope_6h__w24__max,0
TEMPORAL,ema24_slope_6h__w24__q10,0
TEMPORAL,ema24_slope_6h__w24__q25,0
TEMPORAL,ema24_slope_6h__w24__q75,0
TEMPORAL,ema24_slope_6h__w24__q90,0
TEMPORAL,ema24_slope_6h__w24__z,0
TEMPORAL,ema24_slope_6h__w24__pos,0
TEMPORAL,ema24_slope_6h__w24__delta,0
TEMPORAL,ema24_slope_6h__w24__diff_mean,0
TEMPORAL,ema24_slope_6h__w24__diff_std,0
TEMPORAL,ema24_slope_6h__w24__up_share,0
TEMPORAL,ema24_slope_6h__w24__late_vs_prev,0
TEMPORAL,ema24_slope_6h__w24__accel,0
TEMPORAL,ema24_slope_6h__w72__mean,0
TEMPORAL,ema24_slope_6h__w72__std,0
TEMPORAL,ema24_slope_6h__w72__min,0
TEMPORAL,ema24_slope_6h__w72__max,0
TEMPORAL,ema24_slope_6h__w72__q10,0
TEMPORAL,ema24_slope_6h__w72__q25,0
TEMPORAL,ema24_slope_6h__w72__q75,0
TEMPORAL,ema24_slope_6h__w72__q90,0
TEMPORAL,ema24_slope_6h__w72__z,0
TEMPORAL,ema24_slope_6h__w72__pos,0
TEMPORAL,ema24_slope_6h__w72__delta,0
TEMPORAL,ema24_slope_6h__w72__diff_mean,0
TEMPORAL,ema24_slope_6h__w72__diff_std,0
TEMPORAL,ema24_slope_6h__w72__up_share,0
TEMPORAL,ema24_slope_6h__w72__late_vs_prev,0
TEMPORAL,ema24_slope_6h__w72__accel,0
TEMPORAL,ema24_slope_6h__w240__mean,0
TEMPORAL,ema24_slope_6h__w240__std,0
TEMPORAL,ema24_slope_6h__w240__min,0
TEMPORAL,ema24_slope_6h__w240__max,0
TEMPORAL,ema24_slope_6h__w240__q10,0
TEMPORAL,ema24_slope_6h__w240__q25,0
TEMPORAL,ema24_slope_6h__w240__q75,0
TEMPORAL,ema24_slope_6h__w240__q90,0
TEMPORAL,ema24_slope_6h__w240__z,0
TEMPORAL,ema24_slope_6h__w240__pos,0
TEMPORAL,ema24_slope_6h__w240__delta,0
TEMPORAL,ema24_slope_6h__w240__diff_mean,0
TEMPORAL,ema24_slope_6h__w240__diff_std,0
TEMPORAL,ema24_slope_6h__w240__up_share,0
TEMPORAL,ema24_slope_6h__w240__late_vs_prev,0
TEMPORAL,ema24_slope_6h__w240__accel,0
TEMPORAL,ema72_slope_12h__now,0
TEMPORAL,ema72_slope_12h__d1,0
TEMPORAL,ema72_slope_12h__d3,0
TEMPORAL,ema72_slope_12h__d6,0
TEMPORAL,ema72_slope_12h__d12,0
TEMPORAL,ema72_slope_12h__d24,0
TEMPORAL,ema72_slope_12h__w24__mean,0
TEMPORAL,ema72_slope_12h__w24__std,0
TEMPORAL,ema72_slope_12h__w24__min,0
TEMPORAL,ema72_slope_12h__w24__max,0
TEMPORAL,ema72_slope_12h__w24__q10,0
TEMPORAL,ema72_slope_12h__w24__q25,0
TEMPORAL,ema72_slope_12h__w24__q75,0
TEMPORAL,ema72_slope_12h__w24__q90,0
TEMPORAL,ema72_slope_12h__w24__z,0
TEMPORAL,ema72_slope_12h__w24__pos,0
TEMPORAL,ema72_slope_12h__w24__delta,0
TEMPORAL,ema72_slope_12h__w24__diff_mean,0
TEMPORAL,ema72_slope_12h__w24__diff_std,0
TEMPORAL,ema72_slope_12h__w24__up_share,0
TEMPORAL,ema72_slope_12h__w24__late_vs_prev,0
TEMPORAL,ema72_slope_12h__w24__accel,0
TEMPORAL,ema72_slope_12h__w72__mean,0
TEMPORAL,ema72_slope_12h__w72__std,0
TEMPORAL,ema72_slope_12h__w72__min,0
TEMPORAL,ema72_slope_12h__w72__max,0
TEMPORAL,ema72_slope_12h__w72__q10,0
TEMPORAL,ema72_slope_12h__w72__q25,0
TEMPORAL,ema72_slope_12h__w72__q75,0
TEMPORAL,ema72_slope_12h__w72__q90,0
TEMPORAL,ema72_slope_12h__w72__z,0
TEMPORAL,ema72_slope_12h__w72__pos,0
TEMPORAL,ema72_slope_12h__w72__diff_mean,0
TEMPORAL,ema72_slope_12h__w72__diff_std,0
TEMPORAL,ema72_slope_12h__w72__up_share,0
TEMPORAL,ema72_slope_12h__w72__late_vs_prev,0
TEMPORAL,ema72_slope_12h__w72__accel,0
TEMPORAL,ema72_slope_12h__w240__mean,0
TEMPORAL,ema72_slope_12h__w240__std,0
TEMPORAL,ema72_slope_12h__w240__min,0
TEMPORAL,ema72_slope_12h__w240__max,0
TEMPORAL,ema72_slope_12h__w240__q10,0
TEMPORAL,ema72_slope_12h__w240__q25,0
TEMPORAL,ema72_slope_12h__w240__q75,0
TEMPORAL,ema72_slope_12h__w240__q90,0
TEMPORAL,ema72_slope_12h__w240__z,0
TEMPORAL,ema72_slope_12h__w240__pos,0
TEMPORAL,ema72_slope_12h__w240__delta,0
TEMPORAL,ema72_slope_12h__w240__diff_mean,0
TEMPORAL,ema72_slope_12h__w240__diff_std,0
TEMPORAL,ema72_slope_12h__w240__up_share,0
TEMPORAL,ema72_slope_12h__w240__late_vs_prev,0
TEMPORAL,ema72_slope_12h__w240__accel,0
TEMPORAL,close_vs_vwap24__now,0
TEMPORAL,close_vs_vwap24__d1,0
TEMPORAL,close_vs_vwap24__d3,0
TEMPORAL,close_vs_vwap24__d6,0
TEMPORAL,close_vs_vwap24__d12,0
TEMPORAL,close_vs_vwap24__d24,0
TEMPORAL,close_vs_vwap24__w24__mean,0
TEMPORAL,close_vs_vwap24__w24__std,0
TEMPORAL,close_vs_vwap24__w24__min,0
TEMPORAL,close_vs_vwap24__w24__max,0
TEMPORAL,close_vs_vwap24__w24__q10,0
TEMPORAL,close_vs_vwap24__w24__q25,0
TEMPORAL,close_vs_vwap24__w24__q75,0
TEMPORAL,close_vs_vwap24__w24__q90,0
TEMPORAL,close_vs_vwap24__w24__z,0
TEMPORAL,close_vs_vwap24__w24__pos,0
TEMPORAL,close_vs_vwap24__w24__delta,0
TEMPORAL,close_vs_vwap24__w24__diff_mean,0
TEMPORAL,close_vs_vwap24__w24__diff_std,0
TEMPORAL,close_vs_vwap24__w24__up_share,0
TEMPORAL,close_vs_vwap24__w24__late_vs_prev,0
TEMPORAL,close_vs_vwap24__w24__accel,0
TEMPORAL,close_vs_vwap24__w72__std,0
TEMPORAL,close_vs_vwap24__w72__min,0
TEMPORAL,close_vs_vwap24__w72__max,0
TEMPORAL,close_vs_vwap24__w72__q25,0
TEMPORAL,close_vs_vwap24__w72__q75,0
TEMPORAL,close_vs_vwap24__w72__q90,0
TEMPORAL,close_vs_vwap24__w72__z,0
TEMPORAL,close_vs_vwap24__w72__pos,0
TEMPORAL,close_vs_vwap24__w72__delta,0
TEMPORAL,close_vs_vwap24__w72__diff_mean,0
TEMPORAL,close_vs_vwap24__w72__diff_std,0
TEMPORAL,close_vs_vwap24__w72__up_share,0
TEMPORAL,close_vs_vwap24__w72__late_vs_prev,0
TEMPORAL,close_vs_vwap24__w72__accel,0
TEMPORAL,close_vs_vwap24__w240__mean,0
TEMPORAL,close_vs_vwap24__w240__std,0
TEMPORAL,close_vs_vwap24__w240__min,0
TEMPORAL,close_vs_vwap24__w240__max,0
TEMPORAL,close_vs_vwap24__w240__q10,0
TEMPORAL,close_vs_vwap24__w240__q25,0
TEMPORAL,close_vs_vwap24__w240__q75,0
TEMPORAL,close_vs_vwap24__w240__q90,0
TEMPORAL,close_vs_vwap24__w240__z,0
TEMPORAL,close_vs_vwap24__w240__pos,0
TEMPORAL,close_vs_vwap24__w240__diff_mean,0
TEMPORAL,close_vs_vwap24__w240__diff_std,0
TEMPORAL,close_vs_vwap24__w240__up_share,0
TEMPORAL,close_vs_vwap24__w240__late_vs_prev,0
TEMPORAL,close_vs_vwap24__w240__accel,0
TEMPORAL,close_vs_vwap72__now,0
TEMPORAL,close_vs_vwap72__d1,0
TEMPORAL,close_vs_vwap72__d3,0
TEMPORAL,close_vs_vwap72__d6,0
TEMPORAL,close_vs_vwap72__d24,0
TEMPORAL,close_vs_vwap72__w24__std,0
TEMPORAL,close_vs_vwap72__w24__min,0
TEMPORAL,close_vs_vwap72__w24__max,0
TEMPORAL,close_vs_vwap72__w24__q10,0
TEMPORAL,close_vs_vwap72__w24__q25,0
TEMPORAL,close_vs_vwap72__w24__q75,0
TEMPORAL,close_vs_vwap72__w24__q90,0
TEMPORAL,close_vs_vwap72__w24__z,0
TEMPORAL,close_vs_vwap72__w24__pos,0
TEMPORAL,close_vs_vwap72__w24__delta,0
TEMPORAL,close_vs_vwap72__w24__diff_mean,0
TEMPORAL,close_vs_vwap72__w24__diff_std,0
TEMPORAL,close_vs_vwap72__w24__up_share,0
TEMPORAL,close_vs_vwap72__w24__late_vs_prev,0
TEMPORAL,close_vs_vwap72__w24__accel,0
TEMPORAL,close_vs_vwap72__w72__mean,0
TEMPORAL,close_vs_vwap72__w72__std,0
TEMPORAL,close_vs_vwap72__w72__min,0
TEMPORAL,close_vs_vwap72__w72__max,0
TEMPORAL,close_vs_vwap72__w72__q10,0
TEMPORAL,close_vs_vwap72__w72__q25,0
TEMPORAL,close_vs_vwap72__w72__q75,0
TEMPORAL,close_vs_vwap72__w72__q90,0
TEMPORAL,close_vs_vwap72__w72__z,0
TEMPORAL,close_vs_vwap72__w72__pos,0
TEMPORAL,close_vs_vwap72__w72__delta,0
TEMPORAL,close_vs_vwap72__w72__diff_mean,0
TEMPORAL,close_vs_vwap72__w72__diff_std,0
TEMPORAL,close_vs_vwap72__w72__up_share,0
TEMPORAL,close_vs_vwap72__w72__late_vs_prev,0
TEMPORAL,close_vs_vwap72__w72__accel,0
TEMPORAL,close_vs_vwap72__w240__mean,0
TEMPORAL,close_vs_vwap72__w240__std,0
TEMPORAL,close_vs_vwap72__w240__min,0
TEMPORAL,close_vs_vwap72__w240__max,0
TEMPORAL,close_vs_vwap72__w240__q10,0
TEMPORAL,close_vs_vwap72__w240__q25,0
TEMPORAL,close_vs_vwap72__w240__q75,0
TEMPORAL,close_vs_vwap72__w240__q90,0
TEMPORAL,close_vs_vwap72__w240__z,0
TEMPORAL,close_vs_vwap72__w240__pos,0
TEMPORAL,close_vs_vwap72__w240__delta,0
TEMPORAL,close_vs_vwap72__w240__diff_mean,0
TEMPORAL,close_vs_vwap72__w240__diff_std,0
TEMPORAL,close_vs_vwap72__w240__up_share,0
TEMPORAL,close_vs_vwap72__w240__late_vs_prev,0
TEMPORAL,close_vs_vwap72__w240__accel,0
TEMPORAL,abs_body_pct__now,0
TEMPORAL,abs_body_pct__d1,0
TEMPORAL,abs_body_pct__d3,0
TEMPORAL,abs_body_pct__d6,0
TEMPORAL,abs_body_pct__d12,0
TEMPORAL,abs_body_pct__d24,0
TEMPORAL,abs_body_pct__w24__mean,0
TEMPORAL,abs_body_pct__w24__std,0
TEMPORAL,abs_body_pct__w24__min,0
TEMPORAL,abs_body_pct__w24__max,0
TEMPORAL,abs_body_pct__w24__q10,0
TEMPORAL,abs_body_pct__w24__q25,0
TEMPORAL,abs_body_pct__w24__q75,0
TEMPORAL,abs_body_pct__w24__q90,0
TEMPORAL,abs_body_pct__w24__z,0
TEMPORAL,abs_body_pct__w24__pos,0
TEMPORAL,abs_body_pct__w24__delta,0
TEMPORAL,abs_body_pct__w24__diff_mean,0
TEMPORAL,abs_body_pct__w24__diff_std,0
TEMPORAL,abs_body_pct__w24__up_share,0
TEMPORAL,abs_body_pct__w24__late_vs_prev,0
TEMPORAL,abs_body_pct__w24__accel,0
TEMPORAL,abs_body_pct__w72__mean,0
TEMPORAL,abs_body_pct__w72__std,0
TEMPORAL,abs_body_pct__w72__min,0
TEMPORAL,abs_body_pct__w72__max,0
TEMPORAL,abs_body_pct__w72__q10,0
TEMPORAL,abs_body_pct__w72__q25,0
TEMPORAL,abs_body_pct__w72__q75,0
TEMPORAL,abs_body_pct__w72__q90,0
TEMPORAL,abs_body_pct__w72__z,0
TEMPORAL,abs_body_pct__w72__pos,0
TEMPORAL,abs_body_pct__w72__delta,0
TEMPORAL,abs_body_pct__w72__diff_mean,0
TEMPORAL,abs_body_pct__w72__diff_std,0
TEMPORAL,abs_body_pct__w72__up_share,0
TEMPORAL,abs_body_pct__w72__late_vs_prev,0
TEMPORAL,abs_body_pct__w72__accel,0
TEMPORAL,abs_body_pct__w240__mean,0
TEMPORAL,abs_body_pct__w240__std,0
TEMPORAL,abs_body_pct__w240__min,0
TEMPORAL,abs_body_pct__w240__max,0
TEMPORAL,abs_body_pct__w240__q25,0
TEMPORAL,abs_body_pct__w240__q75,0
TEMPORAL,abs_body_pct__w240__q90,0
TEMPORAL,abs_body_pct__w240__z,0
TEMPORAL,abs_body_pct__w240__pos,0
TEMPORAL,abs_body_pct__w240__delta,0
TEMPORAL,abs_body_pct__w240__diff_mean,0
TEMPORAL,abs_body_pct__w240__diff_std,0
TEMPORAL,abs_body_pct__w240__up_share,0
TEMPORAL,abs_body_pct__w240__late_vs_prev,0
TEMPORAL,abs_body_pct__w240__accel,0
TEMPORAL,avg_trade_quote_rel24__now,0
TEMPORAL,avg_trade_quote_rel24__d1,0
TEMPORAL,avg_trade_quote_rel24__d3,0
TEMPORAL,avg_trade_quote_rel24__d6,0
TEMPORAL,avg_trade_quote_rel24__d12,0
TEMPORAL,avg_trade_quote_rel24__d24,0
TEMPORAL,avg_trade_quote_rel24__w24__mean,0
TEMPORAL,avg_trade_quote_rel24__w24__std,0
TEMPORAL,avg_trade_quote_rel24__w24__min,0
TEMPORAL,avg_trade_quote_rel24__w24__max,0
TEMPORAL,avg_trade_quote_rel24__w24__q10,0
TEMPORAL,avg_trade_quote_rel24__w24__q25,0
TEMPORAL,avg_trade_quote_rel24__w24__q75,0
TEMPORAL,avg_trade_quote_rel24__w24__q90,0
TEMPORAL,avg_trade_quote_rel24__w24__z,0
TEMPORAL,avg_trade_quote_rel24__w24__pos,0
TEMPORAL,avg_trade_quote_rel24__w24__delta,0
TEMPORAL,avg_trade_quote_rel24__w24__diff_mean,0
TEMPORAL,avg_trade_quote_rel24__w24__up_share,0
TEMPORAL,avg_trade_quote_rel24__w24__late_vs_prev,0
TEMPORAL,avg_trade_quote_rel24__w24__accel,0
TEMPORAL,avg_trade_quote_rel24__w72__mean,0
TEMPORAL,avg_trade_quote_rel24__w72__min,0
TEMPORAL,avg_trade_quote_rel24__w72__max,0
TEMPORAL,avg_trade_quote_rel24__w72__q10,0
TEMPORAL,avg_trade_quote_rel24__w72__q25,0
TEMPORAL,avg_trade_quote_rel24__w72__q90,0
TEMPORAL,avg_trade_quote_rel24__w72__z,0
TEMPORAL,avg_trade_quote_rel24__w72__pos,0
TEMPORAL,avg_trade_quote_rel24__w72__delta,0
TEMPORAL,avg_trade_quote_rel24__w72__diff_mean,0
TEMPORAL,avg_trade_quote_rel24__w72__diff_std,0
TEMPORAL,avg_trade_quote_rel24__w72__up_share,0
TEMPORAL,avg_trade_quote_rel24__w72__late_vs_prev,0
TEMPORAL,avg_trade_quote_rel24__w72__accel,0
TEMPORAL,avg_trade_quote_rel24__w240__std,0
TEMPORAL,avg_trade_quote_rel24__w240__min,0
TEMPORAL,avg_trade_quote_rel24__w240__max,0
TEMPORAL,avg_trade_quote_rel24__w240__q10,0
TEMPORAL,avg_trade_quote_rel24__w240__q25,0
TEMPORAL,avg_trade_quote_rel24__w240__q75,0
TEMPORAL,avg_trade_quote_rel24__w240__q90,0
TEMPORAL,avg_trade_quote_rel24__w240__z,0
TEMPORAL,avg_trade_quote_rel24__w240__pos,0
TEMPORAL,avg_trade_quote_rel24__w240__delta,0
TEMPORAL,avg_trade_quote_rel24__w240__diff_mean,0
TEMPORAL,avg_trade_quote_rel24__w240__diff_std,0
TEMPORAL,avg_trade_quote_rel24__w240__up_share,0
TEMPORAL,avg_trade_quote_rel24__w240__accel,0
TEMPORAL,avg_trade_quote_rel72__now,0
TEMPORAL,avg_trade_quote_rel72__d1,0
TEMPORAL,avg_trade_quote_rel72__d3,0
TEMPORAL,avg_trade_quote_rel72__d6,0
TEMPORAL,avg_trade_quote_rel72__d12,0
TEMPORAL,avg_trade_quote_rel72__d24,0
TEMPORAL,avg_trade_quote_rel72__w24__mean,0
TEMPORAL,avg_trade_quote_rel72__w24__std,0
TEMPORAL,avg_trade_quote_rel72__w24__min,0
TEMPORAL,avg_trade_quote_rel72__w24__max,0
TEMPORAL,avg_trade_quote_rel72__w24__q10,0
TEMPORAL,avg_trade_quote_rel72__w24__q25,0
TEMPORAL,avg_trade_quote_rel72__w24__q75,0
TEMPORAL,avg_trade_quote_rel72__w24__q90,0
TEMPORAL,avg_trade_quote_rel72__w24__z,0
TEMPORAL,avg_trade_quote_rel72__w24__pos,0
TEMPORAL,avg_trade_quote_rel72__w24__delta,0
TEMPORAL,avg_trade_quote_rel72__w24__diff_mean,0
TEMPORAL,avg_trade_quote_rel72__w24__diff_std,0
TEMPORAL,avg_trade_quote_rel72__w24__up_share,0
TEMPORAL,avg_trade_quote_rel72__w24__late_vs_prev,0
TEMPORAL,avg_trade_quote_rel72__w24__accel,0
TEMPORAL,avg_trade_quote_rel72__w72__mean,0
TEMPORAL,avg_trade_quote_rel72__w72__std,0
TEMPORAL,avg_trade_quote_rel72__w72__min,0
TEMPORAL,avg_trade_quote_rel72__w72__max,0
TEMPORAL,avg_trade_quote_rel72__w72__q10,0
TEMPORAL,avg_trade_quote_rel72__w72__q25,0
TEMPORAL,avg_trade_quote_rel72__w72__q75,0
TEMPORAL,avg_trade_quote_rel72__w72__q90,0
TEMPORAL,avg_trade_quote_rel72__w72__z,0
TEMPORAL,avg_trade_quote_rel72__w72__pos,0
TEMPORAL,avg_trade_quote_rel72__w72__delta,0
TEMPORAL,avg_trade_quote_rel72__w72__diff_mean,0
TEMPORAL,avg_trade_quote_rel72__w72__up_share,0
TEMPORAL,avg_trade_quote_rel72__w72__late_vs_prev,0
TEMPORAL,avg_trade_quote_rel72__w72__accel,0
TEMPORAL,avg_trade_quote_rel72__w240__mean,0
TEMPORAL,avg_trade_quote_rel72__w240__std,0
TEMPORAL,avg_trade_quote_rel72__w240__min,0
TEMPORAL,avg_trade_quote_rel72__w240__max,0
TEMPORAL,avg_trade_quote_rel72__w240__q10,0
TEMPORAL,avg_trade_quote_rel72__w240__q25,0
TEMPORAL,avg_trade_quote_rel72__w240__q75,0
TEMPORAL,avg_trade_quote_rel72__w240__q90,0
TEMPORAL,avg_trade_quote_rel72__w240__z,0
TEMPORAL,avg_trade_quote_rel72__w240__pos,0
TEMPORAL,avg_trade_quote_rel72__w240__delta,0
TEMPORAL,avg_trade_quote_rel72__w240__diff_mean,0
TEMPORAL,avg_trade_quote_rel72__w240__diff_std,0
TEMPORAL,avg_trade_quote_rel72__w240__up_share,0
TEMPORAL,avg_trade_quote_rel72__w240__late_vs_prev,0
TEMPORAL,avg_trade_quote_rel72__w240__accel,0
TEMPORAL,avg_trade_quote_rel240__now,0
TEMPORAL,avg_trade_quote_rel240__d1,0
TEMPORAL,avg_trade_quote_rel240__d3,0
TEMPORAL,avg_trade_quote_rel240__d6,0
TEMPORAL,avg_trade_quote_rel240__d12,0
TEMPORAL,avg_trade_quote_rel240__d24,0
TEMPORAL,avg_trade_quote_rel240__w24__mean,0
TEMPORAL,avg_trade_quote_rel240__w24__min,0
TEMPORAL,avg_trade_quote_rel240__w24__max,0
TEMPORAL,avg_trade_quote_rel240__w24__q10,0
TEMPORAL,avg_trade_quote_rel240__w24__q25,0
TEMPORAL,avg_trade_quote_rel240__w24__q75,0
TEMPORAL,avg_trade_quote_rel240__w24__q90,0
TEMPORAL,avg_trade_quote_rel240__w24__z,0
TEMPORAL,avg_trade_quote_rel240__w24__pos,0
TEMPORAL,avg_trade_quote_rel240__w24__delta,0
TEMPORAL,avg_trade_quote_rel240__w24__diff_mean,0
TEMPORAL,avg_trade_quote_rel240__w24__diff_std,0
TEMPORAL,avg_trade_quote_rel240__w24__up_share,0
TEMPORAL,avg_trade_quote_rel240__w24__late_vs_prev,0
TEMPORAL,avg_trade_quote_rel240__w24__accel,0
TEMPORAL,avg_trade_quote_rel240__w72__mean,0
TEMPORAL,avg_trade_quote_rel240__w72__std,0
TEMPORAL,avg_trade_quote_rel240__w72__min,0
TEMPORAL,avg_trade_quote_rel240__w72__max,0
TEMPORAL,avg_trade_quote_rel240__w72__q10,0
TEMPORAL,avg_trade_quote_rel240__w72__q25,0
TEMPORAL,avg_trade_quote_rel240__w72__q75,0
TEMPORAL,avg_trade_quote_rel240__w72__q90,0
TEMPORAL,avg_trade_quote_rel240__w72__z,0
TEMPORAL,avg_trade_quote_rel240__w72__pos,0
TEMPORAL,avg_trade_quote_rel240__w72__delta,0
TEMPORAL,avg_trade_quote_rel240__w72__diff_mean,0
TEMPORAL,avg_trade_quote_rel240__w72__diff_std,0
TEMPORAL,avg_trade_quote_rel240__w72__up_share,0
TEMPORAL,avg_trade_quote_rel240__w72__late_vs_prev,0
TEMPORAL,avg_trade_quote_rel240__w72__accel,0
TEMPORAL,avg_trade_quote_rel240__w240__mean,0
TEMPORAL,avg_trade_quote_rel240__w240__std,0
TEMPORAL,avg_trade_quote_rel240__w240__min,0
TEMPORAL,avg_trade_quote_rel240__w240__max,0
TEMPORAL,avg_trade_quote_rel240__w240__q10,0
TEMPORAL,avg_trade_quote_rel240__w240__q25,0
TEMPORAL,avg_trade_quote_rel240__w240__q75,0
TEMPORAL,avg_trade_quote_rel240__w240__q90,0
TEMPORAL,avg_trade_quote_rel240__w240__z,0
TEMPORAL,avg_trade_quote_rel240__w240__pos,0
TEMPORAL,avg_trade_quote_rel240__w240__delta,0
TEMPORAL,avg_trade_quote_rel240__w240__diff_mean,0
TEMPORAL,avg_trade_quote_rel240__w240__up_share,0
TEMPORAL,avg_trade_quote_rel240__w240__late_vs_prev,0
TEMPORAL,avg_trade_quote_rel240__w240__accel,0
TEMPORAL,obv_delta__now,0
TEMPORAL,obv_delta__d1,0
TEMPORAL,obv_delta__d3,0
TEMPORAL,obv_delta__d6,0
TEMPORAL,obv_delta__d12,0
TEMPORAL,obv_delta__d24,0
TEMPORAL,obv_delta__w24__mean,0
TEMPORAL,obv_delta__w24__std,0
TEMPORAL,obv_delta__w24__min,0
TEMPORAL,obv_delta__w24__max,0
TEMPORAL,obv_delta__w24__q10,0
TEMPORAL,obv_delta__w24__q25,0
TEMPORAL,obv_delta__w24__q75,0
TEMPORAL,obv_delta__w24__q90,0
TEMPORAL,obv_delta__w24__z,0
TEMPORAL,obv_delta__w24__pos,0
TEMPORAL,obv_delta__w24__delta,0
TEMPORAL,obv_delta__w24__diff_mean,0
TEMPORAL,obv_delta__w24__diff_std,0
TEMPORAL,obv_delta__w24__up_share,0
TEMPORAL,obv_delta__w24__late_vs_prev,0
TEMPORAL,obv_delta__w24__accel,0
TEMPORAL,obv_delta__w72__mean,0
TEMPORAL,obv_delta__w72__std,0
TEMPORAL,obv_delta__w72__min,0
TEMPORAL,obv_delta__w72__max,0
TEMPORAL,obv_delta__w72__q10,0
TEMPORAL,obv_delta__w72__q25,0
TEMPORAL,obv_delta__w72__q75,0
TEMPORAL,obv_delta__w72__q90,0
TEMPORAL,obv_delta__w72__z,0
TEMPORAL,obv_delta__w72__pos,0
TEMPORAL,obv_delta__w72__delta,0
TEMPORAL,obv_delta__w72__diff_mean,0
TEMPORAL,obv_delta__w72__diff_std,0
TEMPORAL,obv_delta__w72__up_share,0
TEMPORAL,obv_delta__w72__late_vs_prev,0
TEMPORAL,obv_delta__w72__accel,0
TEMPORAL,obv_delta__w240__mean,0
TEMPORAL,obv_delta__w240__std,0
TEMPORAL,obv_delta__w240__min,0
TEMPORAL,obv_delta__w240__max,0
TEMPORAL,obv_delta__w240__q25,0
TEMPORAL,obv_delta__w240__q75,0
TEMPORAL,obv_delta__w240__q90,0
TEMPORAL,obv_delta__w240__z,0
TEMPORAL,obv_delta__w240__pos,0
TEMPORAL,obv_delta__w240__delta,0
TEMPORAL,obv_delta__w240__diff_mean,0
TEMPORAL,obv_delta__w240__diff_std,0
TEMPORAL,obv_delta__w240__up_share,0
TEMPORAL,obv_delta__w240__late_vs_prev,0
TEMPORAL,obv_delta__w240__accel,0
TEMPORAL,volume_rel24__now,0
TEMPORAL,volume_rel24__d1,0
TEMPORAL,volume_rel24__d3,0
TEMPORAL,volume_rel24__d6,0
TEMPORAL,volume_rel24__d12,0
TEMPORAL,volume_rel24__d24,0
TEMPORAL,volume_rel24__w24__mean,0
TEMPORAL,volume_rel24__w24__std,0
TEMPORAL,volume_rel24__w24__min,0
TEMPORAL,volume_rel24__w24__max,0
TEMPORAL,volume_rel24__w24__q10,0
TEMPORAL,volume_rel24__w24__q25,0
TEMPORAL,volume_rel24__w24__q75,0
TEMPORAL,volume_rel24__w24__q90,0
TEMPORAL,volume_rel24__w24__z,0
TEMPORAL,volume_rel24__w24__pos,0
TEMPORAL,volume_rel24__w24__delta,0
TEMPORAL,volume_rel24__w24__diff_mean,0
TEMPORAL,volume_rel24__w24__diff_std,0
TEMPORAL,volume_rel24__w24__up_share,0
TEMPORAL,volume_rel24__w24__late_vs_prev,0
TEMPORAL,volume_rel24__w24__accel,0
TEMPORAL,volume_rel24__w72__mean,0
TEMPORAL,volume_rel24__w72__std,0
TEMPORAL,volume_rel24__w72__min,0
TEMPORAL,volume_rel24__w72__max,0
TEMPORAL,volume_rel24__w72__q10,0
TEMPORAL,volume_rel24__w72__q25,0
TEMPORAL,volume_rel24__w72__q75,0
TEMPORAL,volume_rel24__w72__q90,0
TEMPORAL,volume_rel24__w72__z,0
TEMPORAL,volume_rel24__w72__pos,0
TEMPORAL,volume_rel24__w72__delta,0
TEMPORAL,volume_rel24__w72__diff_mean,0
TEMPORAL,volume_rel24__w72__diff_std,0
TEMPORAL,volume_rel24__w72__up_share,0
TEMPORAL,volume_rel24__w72__late_vs_prev,0
TEMPORAL,volume_rel24__w72__accel,0
TEMPORAL,volume_rel24__w240__mean,0
TEMPORAL,volume_rel24__w240__std,0
TEMPORAL,volume_rel24__w240__min,0
TEMPORAL,volume_rel24__w240__max,0
TEMPORAL,volume_rel24__w240__q25,0
TEMPORAL,volume_rel24__w240__q75,0
TEMPORAL,volume_rel24__w240__q90,0
TEMPORAL,volume_rel24__w240__z,0
TEMPORAL,volume_rel24__w240__pos,0
TEMPORAL,volume_rel24__w240__delta,0
TEMPORAL,volume_rel24__w240__diff_mean,0
TEMPORAL,volume_rel24__w240__diff_std,0
TEMPORAL,volume_rel24__w240__late_vs_prev,0
TEMPORAL,volume_rel24__w240__accel,0
TEMPORAL,volume_rel240__now,0
TEMPORAL,volume_rel240__d1,0
TEMPORAL,volume_rel240__d3,0
TEMPORAL,volume_rel240__d6,0
TEMPORAL,volume_rel240__d12,0
TEMPORAL,volume_rel240__d24,0
TEMPORAL,volume_rel240__w24__mean,0
TEMPORAL,volume_rel240__w24__std,0
TEMPORAL,volume_rel240__w24__min,0
TEMPORAL,volume_rel240__w24__max,0
TEMPORAL,volume_rel240__w24__q10,0
TEMPORAL,volume_rel240__w24__q25,0
TEMPORAL,volume_rel240__w24__q75,0
TEMPORAL,volume_rel240__w24__q90,0
TEMPORAL,volume_rel240__w24__z,0
TEMPORAL,volume_rel240__w24__pos,0
TEMPORAL,volume_rel240__w24__delta,0
TEMPORAL,volume_rel240__w24__diff_mean,0
TEMPORAL,volume_rel240__w24__diff_std,0
TEMPORAL,volume_rel240__w24__up_share,0
TEMPORAL,volume_rel240__w24__late_vs_prev,0
TEMPORAL,volume_rel240__w24__accel,0
TEMPORAL,volume_rel240__w72__mean,0
TEMPORAL,volume_rel240__w72__min,0
TEMPORAL,volume_rel240__w72__max,0
TEMPORAL,volume_rel240__w72__q10,0
TEMPORAL,volume_rel240__w72__q25,0
TEMPORAL,volume_rel240__w72__q75,0
TEMPORAL,volume_rel240__w72__q90,0
TEMPORAL,volume_rel240__w72__z,0
TEMPORAL,volume_rel240__w72__pos,0
TEMPORAL,volume_rel240__w72__diff_mean,0
TEMPORAL,volume_rel240__w72__diff_std,0
TEMPORAL,volume_rel240__w72__up_share,0
TEMPORAL,volume_rel240__w72__late_vs_prev,0
TEMPORAL,volume_rel240__w72__accel,0
TEMPORAL,volume_rel240__w240__mean,0
TEMPORAL,volume_rel240__w240__std,0
TEMPORAL,volume_rel240__w240__q25,0
TEMPORAL,volume_rel240__w240__q75,0
TEMPORAL,volume_rel240__w240__q90,0
TEMPORAL,volume_rel240__w240__z,0
TEMPORAL,volume_rel240__w240__pos,0
TEMPORAL,volume_rel240__w240__delta,0
TEMPORAL,volume_rel240__w240__diff_mean,0
TEMPORAL,volume_rel240__w240__diff_std,0
TEMPORAL,volume_rel240__w240__up_share,0
TEMPORAL,volume_rel240__w240__late_vs_prev,0
TEMPORAL,volume_rel240__w240__accel,0
TEMPORAL,quote_volume_rel24__now,0
TEMPORAL,quote_volume_rel24__d1,0
TEMPORAL,quote_volume_rel24__d3,0
TEMPORAL,quote_volume_rel24__d6,0
TEMPORAL,quote_volume_rel24__d12,0
TEMPORAL,quote_volume_rel24__d24,0
TEMPORAL,quote_volume_rel24__w24__mean,0
TEMPORAL,quote_volume_rel24__w24__std,0
TEMPORAL,quote_volume_rel24__w24__min,0
TEMPORAL,quote_volume_rel24__w24__max,0
TEMPORAL,quote_volume_rel24__w24__q10,0
TEMPORAL,quote_volume_rel24__w24__q25,0
TEMPORAL,quote_volume_rel24__w24__q75,0
TEMPORAL,quote_volume_rel24__w24__q90,0
TEMPORAL,quote_volume_rel24__w24__z,0
TEMPORAL,quote_volume_rel24__w24__pos,0
TEMPORAL,quote_volume_rel24__w24__delta,0
TEMPORAL,quote_volume_rel24__w24__diff_mean,0
TEMPORAL,quote_volume_rel24__w24__diff_std,0
TEMPORAL,quote_volume_rel24__w24__up_share,0
TEMPORAL,quote_volume_rel24__w24__late_vs_prev,0
TEMPORAL,quote_volume_rel24__w24__accel,0
TEMPORAL,quote_volume_rel24__w72__mean,0
TEMPORAL,quote_volume_rel24__w72__std,0
TEMPORAL,quote_volume_rel24__w72__min,0
TEMPORAL,quote_volume_rel24__w72__max,0
TEMPORAL,quote_volume_rel24__w72__q10,0
TEMPORAL,quote_volume_rel24__w72__q25,0
TEMPORAL,quote_volume_rel24__w72__q75,0
TEMPORAL,quote_volume_rel24__w72__q90,0
TEMPORAL,quote_volume_rel24__w72__z,0
TEMPORAL,quote_volume_rel24__w72__pos,0
TEMPORAL,quote_volume_rel24__w72__delta,0
TEMPORAL,quote_volume_rel24__w72__diff_mean,0
TEMPORAL,quote_volume_rel24__w72__diff_std,0
TEMPORAL,quote_volume_rel24__w72__up_share,0
TEMPORAL,quote_volume_rel24__w72__late_vs_prev,0
TEMPORAL,quote_volume_rel24__w72__accel,0
TEMPORAL,quote_volume_rel24__w240__mean,0
TEMPORAL,quote_volume_rel24__w240__std,0
TEMPORAL,quote_volume_rel24__w240__min,0
TEMPORAL,quote_volume_rel24__w240__q10,0
TEMPORAL,quote_volume_rel24__w240__q75,0
TEMPORAL,quote_volume_rel24__w240__z,0
TEMPORAL,quote_volume_rel24__w240__pos,0
TEMPORAL,quote_volume_rel24__w240__delta,0
TEMPORAL,quote_volume_rel24__w240__diff_mean,0
TEMPORAL,quote_volume_rel24__w240__diff_std,0
TEMPORAL,quote_volume_rel24__w240__up_share,0
TEMPORAL,quote_volume_rel24__w240__late_vs_prev,0
TEMPORAL,quote_volume_rel24__w240__accel,0
TEMPORAL,quote_volume_rel72__now,0
TEMPORAL,quote_volume_rel72__d1,0
TEMPORAL,quote_volume_rel72__d3,0
TEMPORAL,quote_volume_rel72__d6,0
TEMPORAL,quote_volume_rel72__d12,0
TEMPORAL,quote_volume_rel72__d24,0
TEMPORAL,quote_volume_rel72__w24__mean,0
TEMPORAL,quote_volume_rel72__w24__std,0
TEMPORAL,quote_volume_rel72__w24__min,0
TEMPORAL,quote_volume_rel72__w24__max,0
TEMPORAL,quote_volume_rel72__w24__q25,0
TEMPORAL,quote_volume_rel72__w24__q75,0
TEMPORAL,quote_volume_rel72__w24__q90,0
TEMPORAL,quote_volume_rel72__w24__z,0
TEMPORAL,quote_volume_rel72__w24__pos,0
TEMPORAL,quote_volume_rel72__w24__delta,0
TEMPORAL,quote_volume_rel72__w24__diff_mean,0
TEMPORAL,quote_volume_rel72__w24__diff_std,0
TEMPORAL,quote_volume_rel72__w24__up_share,0
TEMPORAL,quote_volume_rel72__w24__late_vs_prev,0
TEMPORAL,quote_volume_rel72__w24__accel,0
TEMPORAL,quote_volume_rel72__w72__mean,0
TEMPORAL,quote_volume_rel72__w72__std,0
TEMPORAL,quote_volume_rel72__w72__min,0
TEMPORAL,quote_volume_rel72__w72__max,0
TEMPORAL,quote_volume_rel72__w72__q10,0
TEMPORAL,quote_volume_rel72__w72__q25,0
TEMPORAL,quote_volume_rel72__w72__q75,0
TEMPORAL,quote_volume_rel72__w72__q90,0
TEMPORAL,quote_volume_rel72__w72__z,0
TEMPORAL,quote_volume_rel72__w72__pos,0
TEMPORAL,quote_volume_rel72__w72__delta,0
TEMPORAL,quote_volume_rel72__w72__diff_mean,0
TEMPORAL,quote_volume_rel72__w72__diff_std,0
TEMPORAL,quote_volume_rel72__w72__up_share,0
TEMPORAL,quote_volume_rel72__w72__late_vs_prev,0
TEMPORAL,quote_volume_rel72__w72__accel,0
TEMPORAL,quote_volume_rel72__w240__mean,0
TEMPORAL,quote_volume_rel72__w240__std,0
TEMPORAL,quote_volume_rel72__w240__min,0
TEMPORAL,quote_volume_rel72__w240__max,0
TEMPORAL,quote_volume_rel72__w240__q10,0
TEMPORAL,quote_volume_rel72__w240__q25,0
TEMPORAL,quote_volume_rel72__w240__q75,0
TEMPORAL,quote_volume_rel72__w240__q90,0
TEMPORAL,quote_volume_rel72__w240__z,0
TEMPORAL,quote_volume_rel72__w240__pos,0
TEMPORAL,quote_volume_rel72__w240__delta,0
TEMPORAL,quote_volume_rel72__w240__diff_mean,0
TEMPORAL,quote_volume_rel72__w240__diff_std,0
TEMPORAL,quote_volume_rel72__w240__up_share,0
TEMPORAL,quote_volume_rel72__w240__late_vs_prev,0
TEMPORAL,quote_volume_rel72__w240__accel,0
TEMPORAL,quote_volume_rel240__now,0
TEMPORAL,quote_volume_rel240__d1,0
TEMPORAL,quote_volume_rel240__d3,0
TEMPORAL,quote_volume_rel240__d6,0
TEMPORAL,quote_volume_rel240__d12,0
TEMPORAL,quote_volume_rel240__d24,0
TEMPORAL,quote_volume_rel240__w24__mean,0
TEMPORAL,quote_volume_rel240__w24__std,0
TEMPORAL,quote_volume_rel240__w24__min,0
TEMPORAL,quote_volume_rel240__w24__max,0
TEMPORAL,quote_volume_rel240__w24__q10,0
TEMPORAL,quote_volume_rel240__w24__q25,0
TEMPORAL,quote_volume_rel240__w24__q75,0
TEMPORAL,quote_volume_rel240__w24__q90,0
TEMPORAL,quote_volume_rel240__w24__z,0
TEMPORAL,quote_volume_rel240__w24__pos,0
TEMPORAL,quote_volume_rel240__w24__delta,0
TEMPORAL,quote_volume_rel240__w24__diff_mean,0
TEMPORAL,quote_volume_rel240__w24__diff_std,0
TEMPORAL,quote_volume_rel240__w24__up_share,0
TEMPORAL,quote_volume_rel240__w24__late_vs_prev,0
TEMPORAL,quote_volume_rel240__w24__accel,0
TEMPORAL,quote_volume_rel240__w72__mean,0
TEMPORAL,quote_volume_rel240__w72__std,0
TEMPORAL,quote_volume_rel240__w72__min,0
TEMPORAL,quote_volume_rel240__w72__max,0
TEMPORAL,quote_volume_rel240__w72__q10,0
TEMPORAL,quote_volume_rel240__w72__q25,0
TEMPORAL,quote_volume_rel240__w72__q75,0
TEMPORAL,quote_volume_rel240__w72__q90,0
TEMPORAL,quote_volume_rel240__w72__z,0
TEMPORAL,quote_volume_rel240__w72__pos,0
TEMPORAL,quote_volume_rel240__w72__delta,0
TEMPORAL,quote_volume_rel240__w72__diff_mean,0
TEMPORAL,quote_volume_rel240__w72__diff_std,0
TEMPORAL,quote_volume_rel240__w72__up_share,0
TEMPORAL,quote_volume_rel240__w72__late_vs_prev,0
TEMPORAL,quote_volume_rel240__w72__accel,0
TEMPORAL,quote_volume_rel240__w240__mean,0
TEMPORAL,quote_volume_rel240__w240__min,0
TEMPORAL,quote_volume_rel240__w240__max,0
TEMPORAL,quote_volume_rel240__w240__q10,0
TEMPORAL,quote_volume_rel240__w240__q25,0
TEMPORAL,quote_volume_rel240__w240__q75,0
TEMPORAL,quote_volume_rel240__w240__q90,0
TEMPORAL,quote_volume_rel240__w240__z,0
TEMPORAL,quote_volume_rel240__w240__pos,0
TEMPORAL,quote_volume_rel240__w240__delta,0
TEMPORAL,quote_volume_rel240__w240__diff_mean,0
TEMPORAL,quote_volume_rel240__w240__diff_std,0
TEMPORAL,quote_volume_rel240__w240__up_share,0
TEMPORAL,quote_volume_rel240__w240__late_vs_prev,0
TEMPORAL,quote_volume_rel240__w240__accel,0
TEMPORAL,trades_rel24__now,0
TEMPORAL,trades_rel24__d1,0
TEMPORAL,trades_rel24__d3,0
TEMPORAL,trades_rel24__d6,0
TEMPORAL,trades_rel24__d12,0
TEMPORAL,trades_rel24__d24,0
TEMPORAL,trades_rel24__w24__mean,0
TEMPORAL,trades_rel24__w24__std,0
TEMPORAL,trades_rel24__w24__min,0
TEMPORAL,trades_rel24__w24__max,0
TEMPORAL,trades_rel24__w24__q10,0
TEMPORAL,trades_rel24__w24__q25,0
TEMPORAL,trades_rel24__w24__q75,0
TEMPORAL,trades_rel24__w24__q90,0
TEMPORAL,trades_rel24__w24__z,0
TEMPORAL,trades_rel24__w24__pos,0
TEMPORAL,trades_rel24__w24__delta,0
TEMPORAL,trades_rel24__w24__diff_mean,0
TEMPORAL,trades_rel24__w24__diff_std,0
TEMPORAL,trades_rel24__w24__up_share,0
TEMPORAL,trades_rel24__w24__late_vs_prev,0
TEMPORAL,trades_rel24__w24__accel,0
TEMPORAL,trades_rel24__w72__mean,0
TEMPORAL,trades_rel24__w72__std,0
TEMPORAL,trades_rel24__w72__min,0
TEMPORAL,trades_rel24__w72__max,0
TEMPORAL,trades_rel24__w72__q10,0
TEMPORAL,trades_rel24__w72__q25,0
TEMPORAL,trades_rel24__w72__q75,0
TEMPORAL,trades_rel24__w72__q90,0
TEMPORAL,trades_rel24__w72__z,0
TEMPORAL,trades_rel24__w72__pos,0
TEMPORAL,trades_rel24__w72__delta,0
TEMPORAL,trades_rel24__w72__diff_mean,0
TEMPORAL,trades_rel24__w72__diff_std,0
TEMPORAL,trades_rel24__w72__up_share,0
TEMPORAL,trades_rel24__w72__late_vs_prev,0
TEMPORAL,trades_rel24__w72__accel,0
TEMPORAL,trades_rel24__w240__mean,0
TEMPORAL,trades_rel24__w240__min,0
TEMPORAL,trades_rel24__w240__max,0
TEMPORAL,trades_rel24__w240__q10,0
TEMPORAL,trades_rel24__w240__q25,0
TEMPORAL,trades_rel24__w240__q75,0
TEMPORAL,trades_rel24__w240__q90,0
TEMPORAL,trades_rel24__w240__z,0
TEMPORAL,trades_rel24__w240__pos,0
TEMPORAL,trades_rel24__w240__delta,0
TEMPORAL,trades_rel24__w240__diff_mean,0
TEMPORAL,trades_rel24__w240__diff_std,0
TEMPORAL,trades_rel24__w240__up_share,0
TEMPORAL,trades_rel24__w240__late_vs_prev,0
TEMPORAL,trades_rel24__w240__accel,0
TEMPORAL,trades_rel240__now,0
TEMPORAL,trades_rel240__d1,0
TEMPORAL,trades_rel240__d3,0
TEMPORAL,trades_rel240__d6,0
TEMPORAL,trades_rel240__d12,0
TEMPORAL,trades_rel240__d24,0
TEMPORAL,trades_rel240__w24__mean,0
TEMPORAL,trades_rel240__w24__std,0
TEMPORAL,trades_rel240__w24__min,0
TEMPORAL,trades_rel240__w24__max,0
TEMPORAL,trades_rel240__w24__q10,0
TEMPORAL,trades_rel240__w24__q25,0
TEMPORAL,trades_rel240__w24__q75,0
TEMPORAL,trades_rel240__w24__q90,0
TEMPORAL,trades_rel240__w24__z,0
TEMPORAL,trades_rel240__w24__pos,0
TEMPORAL,trades_rel240__w24__delta,0
TEMPORAL,trades_rel240__w24__diff_mean,0
TEMPORAL,trades_rel240__w24__diff_std,0
TEMPORAL,trades_rel240__w24__up_share,0
TEMPORAL,trades_rel240__w24__late_vs_prev,0
TEMPORAL,trades_rel240__w24__accel,0
TEMPORAL,trades_rel240__w72__mean,0
TEMPORAL,trades_rel240__w72__min,0
TEMPORAL,trades_rel240__w72__q10,0
TEMPORAL,trades_rel240__w72__q25,0
TEMPORAL,trades_rel240__w72__q75,0
TEMPORAL,trades_rel240__w72__q90,0
TEMPORAL,trades_rel240__w72__z,0
TEMPORAL,trades_rel240__w72__pos,0
TEMPORAL,trades_rel240__w72__delta,0
TEMPORAL,trades_rel240__w72__diff_mean,0
TEMPORAL,trades_rel240__w72__diff_std,0
TEMPORAL,trades_rel240__w72__up_share,0
TEMPORAL,trades_rel240__w72__late_vs_prev,0
TEMPORAL,trades_rel240__w72__accel,0
TEMPORAL,trades_rel240__w240__mean,0
TEMPORAL,trades_rel240__w240__min,0
TEMPORAL,trades_rel240__w240__max,0
TEMPORAL,trades_rel240__w240__q10,0
TEMPORAL,trades_rel240__w240__q25,0
TEMPORAL,trades_rel240__w240__q75,0
TEMPORAL,trades_rel240__w240__q90,0
TEMPORAL,trades_rel240__w240__z,0
TEMPORAL,trades_rel240__w240__pos,0
TEMPORAL,trades_rel240__w240__delta,0
TEMPORAL,trades_rel240__w240__diff_mean,0
TEMPORAL,trades_rel240__w240__diff_std,0
TEMPORAL,trades_rel240__w240__up_share,0
TEMPORAL,trades_rel240__w240__late_vs_prev,0
TEMPORAL,trades_rel240__w240__accel,0
TEMPORAL,close_vs_ema168__now,0
TEMPORAL,close_vs_ema168__d1,0
TEMPORAL,close_vs_ema168__d3,0
TEMPORAL,close_vs_ema168__d6,0
TEMPORAL,close_vs_ema168__d12,0
TEMPORAL,close_vs_ema168__d24,0
TEMPORAL,close_vs_ema168__w24__mean,0
TEMPORAL,close_vs_ema168__w24__std,0
TEMPORAL,close_vs_ema168__w24__min,0
TEMPORAL,close_vs_ema168__w24__max,0
TEMPORAL,close_vs_ema168__w24__q10,0
TEMPORAL,close_vs_ema168__w24__q25,0
TEMPORAL,close_vs_ema168__w24__q75,0
TEMPORAL,close_vs_ema168__w24__q90,0
TEMPORAL,close_vs_ema168__w24__z,0
TEMPORAL,close_vs_ema168__w24__pos,0
TEMPORAL,close_vs_ema168__w24__delta,0
TEMPORAL,close_vs_ema168__w24__diff_mean,0
TEMPORAL,close_vs_ema168__w24__diff_std,0
TEMPORAL,close_vs_ema168__w24__up_share,0
TEMPORAL,close_vs_ema168__w24__late_vs_prev,0
TEMPORAL,close_vs_ema168__w24__accel,0
TEMPORAL,close_vs_ema168__w72__mean,0
TEMPORAL,close_vs_ema168__w72__std,0
TEMPORAL,close_vs_ema168__w72__min,0
TEMPORAL,close_vs_ema168__w72__max,0
TEMPORAL,close_vs_ema168__w72__q10,0
TEMPORAL,close_vs_ema168__w72__q25,0
TEMPORAL,close_vs_ema168__w72__q75,0
TEMPORAL,close_vs_ema168__w72__q90,0
TEMPORAL,close_vs_ema168__w72__z,0
TEMPORAL,close_vs_ema168__w72__pos,0
TEMPORAL,close_vs_ema168__w72__delta,0
TEMPORAL,close_vs_ema168__w72__diff_mean,0
TEMPORAL,close_vs_ema168__w72__diff_std,0
TEMPORAL,close_vs_ema168__w72__up_share,0
TEMPORAL,close_vs_ema168__w72__late_vs_prev,0
TEMPORAL,close_vs_ema168__w72__accel,0
TEMPORAL,close_vs_ema168__w240__mean,0
TEMPORAL,close_vs_ema168__w240__std,0
TEMPORAL,close_vs_ema168__w240__min,0
TEMPORAL,close_vs_ema168__w240__max,0
TEMPORAL,close_vs_ema168__w240__q10,0
TEMPORAL,close_vs_ema168__w240__q25,0
TEMPORAL,close_vs_ema168__w240__q75,0
TEMPORAL,close_vs_ema168__w240__q90,0
TEMPORAL,close_vs_ema168__w240__z,0
TEMPORAL,close_vs_ema168__w240__pos,0
TEMPORAL,close_vs_ema168__w240__delta,0
TEMPORAL,close_vs_ema168__w240__diff_mean,0
TEMPORAL,close_vs_ema168__w240__diff_std,0
TEMPORAL,close_vs_ema168__w240__up_share,0
TEMPORAL,close_vs_ema168__w240__late_vs_prev,0
TEMPORAL,close_vs_ema168__w240__accel,0
TEMPORAL,close_vs_ema240__now,0
TEMPORAL,close_vs_ema240__d1,0
TEMPORAL,close_vs_ema240__d3,0
TEMPORAL,close_vs_ema240__d6,0
TEMPORAL,close_vs_ema240__d12,0
TEMPORAL,close_vs_ema240__d24,0
TEMPORAL,close_vs_ema240__w24__mean,0
TEMPORAL,close_vs_ema240__w24__std,0
TEMPORAL,close_vs_ema240__w24__min,0
TEMPORAL,close_vs_ema240__w24__max,0
TEMPORAL,close_vs_ema240__w24__q10,0
TEMPORAL,close_vs_ema240__w24__q25,0
TEMPORAL,close_vs_ema240__w24__q75,0
TEMPORAL,close_vs_ema240__w24__q90,0
TEMPORAL,close_vs_ema240__w24__z,0
TEMPORAL,close_vs_ema240__w24__pos,0
TEMPORAL,close_vs_ema240__w24__delta,0
TEMPORAL,close_vs_ema240__w24__diff_mean,0
TEMPORAL,close_vs_ema240__w24__up_share,0
TEMPORAL,close_vs_ema240__w24__late_vs_prev,0
TEMPORAL,close_vs_ema240__w24__accel,0
TEMPORAL,close_vs_ema240__w72__mean,0
TEMPORAL,close_vs_ema240__w72__std,0
TEMPORAL,close_vs_ema240__w72__q10,0
TEMPORAL,close_vs_ema240__w72__q25,0
TEMPORAL,close_vs_ema240__w72__q75,0
TEMPORAL,close_vs_ema240__w72__z,0
TEMPORAL,close_vs_ema240__w72__delta,0
TEMPORAL,close_vs_ema240__w72__diff_mean,0
TEMPORAL,close_vs_ema240__w72__diff_std,0
TEMPORAL,close_vs_ema240__w72__up_share,0
TEMPORAL,close_vs_ema240__w72__late_vs_prev,0
TEMPORAL,close_vs_ema240__w72__accel,0
TEMPORAL,close_vs_ema240__w240__mean,0
TEMPORAL,close_vs_ema240__w240__std,0
TEMPORAL,close_vs_ema240__w240__min,0
TEMPORAL,close_vs_ema240__w240__max,0
TEMPORAL,close_vs_ema240__w240__q10,0
TEMPORAL,close_vs_ema240__w240__q25,0
TEMPORAL,close_vs_ema240__w240__q75,0
TEMPORAL,close_vs_ema240__w240__q90,0
TEMPORAL,close_vs_ema240__w240__z,0
TEMPORAL,close_vs_ema240__w240__pos,0
TEMPORAL,close_vs_ema240__w240__delta,0
TEMPORAL,close_vs_ema240__w240__diff_mean,0
TEMPORAL,close_vs_ema240__w240__diff_std,0
TEMPORAL,close_vs_ema240__w240__up_share,0
TEMPORAL,close_vs_ema240__w240__late_vs_prev,0
TEMPORAL,close_vs_ema240__w240__accel,0
TEMPORAL,close_vs_sma24__now,0
TEMPORAL,close_vs_sma24__d1,0
TEMPORAL,close_vs_sma24__d3,0
TEMPORAL,close_vs_sma24__d6,0
TEMPORAL,close_vs_sma24__d12,0
TEMPORAL,close_vs_sma24__d24,0
TEMPORAL,close_vs_sma24__w24__mean,0
TEMPORAL,close_vs_sma24__w24__std,0
TEMPORAL,close_vs_sma24__w24__min,0
TEMPORAL,close_vs_sma24__w24__max,0
TEMPORAL,close_vs_sma24__w24__q10,0
TEMPORAL,close_vs_sma24__w24__q25,0
TEMPORAL,close_vs_sma24__w24__q75,0
TEMPORAL,close_vs_sma24__w24__q90,0
TEMPORAL,close_vs_sma24__w24__z,0
TEMPORAL,close_vs_sma24__w24__pos,0
TEMPORAL,close_vs_sma24__w24__delta,0
TEMPORAL,close_vs_sma24__w24__diff_mean,0
TEMPORAL,close_vs_sma24__w24__diff_std,0
TEMPORAL,close_vs_sma24__w24__up_share,0
TEMPORAL,close_vs_sma24__w24__late_vs_prev,0
TEMPORAL,close_vs_sma24__w24__accel,0
TEMPORAL,close_vs_sma24__w72__mean,0
TEMPORAL,close_vs_sma24__w72__std,0
TEMPORAL,close_vs_sma24__w72__min,0
TEMPORAL,close_vs_sma24__w72__max,0
TEMPORAL,close_vs_sma24__w72__q10,0
TEMPORAL,close_vs_sma24__w72__q25,0
TEMPORAL,close_vs_sma24__w72__q75,0
TEMPORAL,close_vs_sma24__w72__q90,0
TEMPORAL,close_vs_sma24__w72__z,0
TEMPORAL,close_vs_sma24__w72__pos,0
TEMPORAL,close_vs_sma24__w72__delta,0
TEMPORAL,close_vs_sma24__w72__diff_mean,0
TEMPORAL,close_vs_sma24__w72__diff_std,0
TEMPORAL,close_vs_sma24__w72__up_share,0
TEMPORAL,close_vs_sma24__w72__late_vs_prev,0
TEMPORAL,close_vs_sma24__w72__accel,0
TEMPORAL,close_vs_sma24__w240__mean,0
TEMPORAL,close_vs_sma24__w240__std,0
TEMPORAL,close_vs_sma24__w240__min,0
TEMPORAL,close_vs_sma24__w240__max,0
TEMPORAL,close_vs_sma24__w240__q10,0
TEMPORAL,close_vs_sma24__w240__q75,0
TEMPORAL,close_vs_sma24__w240__q90,0
TEMPORAL,close_vs_sma24__w240__z,0
TEMPORAL,close_vs_sma24__w240__pos,0
TEMPORAL,close_vs_sma24__w240__delta,0
TEMPORAL,close_vs_sma24__w240__diff_mean,0
TEMPORAL,close_vs_sma24__w240__diff_std,0
TEMPORAL,close_vs_sma24__w240__up_share,0
TEMPORAL,close_vs_sma24__w240__accel,0
TEMPORAL,close_vs_sma72__now,0
TEMPORAL,close_vs_sma72__d1,0
TEMPORAL,close_vs_sma72__d3,0
TEMPORAL,close_vs_sma72__d6,0
TEMPORAL,close_vs_sma72__d12,0
TEMPORAL,close_vs_sma72__d24,0
TEMPORAL,close_vs_sma72__w24__mean,0
TEMPORAL,close_vs_sma72__w24__std,0
TEMPORAL,close_vs_sma72__w24__min,0
TEMPORAL,close_vs_sma72__w24__max,0
TEMPORAL,close_vs_sma72__w24__q10,0
TEMPORAL,close_vs_sma72__w24__q25,0
TEMPORAL,close_vs_sma72__w24__q75,0
TEMPORAL,close_vs_sma72__w24__q90,0
TEMPORAL,close_vs_sma72__w24__z,0
TEMPORAL,close_vs_sma72__w24__pos,0
TEMPORAL,close_vs_sma72__w24__delta,0
TEMPORAL,close_vs_sma72__w24__diff_mean,0
TEMPORAL,close_vs_sma72__w24__diff_std,0
TEMPORAL,close_vs_sma72__w24__up_share,0
TEMPORAL,close_vs_sma72__w24__late_vs_prev,0
TEMPORAL,close_vs_sma72__w24__accel,0
TEMPORAL,close_vs_sma72__w72__mean,0
TEMPORAL,close_vs_sma72__w72__std,0
TEMPORAL,close_vs_sma72__w72__min,0
TEMPORAL,close_vs_sma72__w72__max,0
TEMPORAL,close_vs_sma72__w72__q10,0
TEMPORAL,close_vs_sma72__w72__q25,0
TEMPORAL,close_vs_sma72__w72__q75,0
TEMPORAL,close_vs_sma72__w72__q90,0
TEMPORAL,close_vs_sma72__w72__z,0
TEMPORAL,close_vs_sma72__w72__pos,0
TEMPORAL,close_vs_sma72__w72__delta,0
TEMPORAL,close_vs_sma72__w72__diff_mean,0
TEMPORAL,close_vs_sma72__w72__diff_std,0
TEMPORAL,close_vs_sma72__w72__up_share,0
TEMPORAL,close_vs_sma72__w72__accel,0
TEMPORAL,close_vs_sma72__w240__mean,0
TEMPORAL,close_vs_sma72__w240__std,0
TEMPORAL,close_vs_sma72__w240__min,0
TEMPORAL,close_vs_sma72__w240__max,0
TEMPORAL,close_vs_sma72__w240__q10,0
TEMPORAL,close_vs_sma72__w240__q25,0
TEMPORAL,close_vs_sma72__w240__q75,0
TEMPORAL,close_vs_sma72__w240__q90,0
TEMPORAL,close_vs_sma72__w240__z,0
TEMPORAL,close_vs_sma72__w240__pos,0
TEMPORAL,close_vs_sma72__w240__delta,0
TEMPORAL,close_vs_sma72__w240__diff_mean,0
TEMPORAL,close_vs_sma72__w240__diff_std,0
TEMPORAL,close_vs_sma72__w240__up_share,0
TEMPORAL,close_vs_sma72__w240__late_vs_prev,0
TEMPORAL,close_vs_sma72__w240__accel,0
TEMPORAL,close_vs_sma168__now,0
TEMPORAL,close_vs_sma168__d1,0
TEMPORAL,close_vs_sma168__d3,0
TEMPORAL,close_vs_sma168__d6,0
TEMPORAL,close_vs_sma168__d12,0
TEMPORAL,close_vs_sma168__d24,0
TEMPORAL,close_vs_sma168__w24__mean,0
TEMPORAL,close_vs_sma168__w24__std,0
TEMPORAL,close_vs_sma168__w24__min,0
TEMPORAL,close_vs_sma168__w24__max,0
TEMPORAL,close_vs_sma168__w24__q10,0
TEMPORAL,close_vs_sma168__w24__q25,0
TEMPORAL,close_vs_sma168__w24__q75,0
TEMPORAL,close_vs_sma168__w24__q90,0
TEMPORAL,close_vs_sma168__w24__z,0
TEMPORAL,close_vs_sma168__w24__pos,0
TEMPORAL,close_vs_sma168__w24__delta,0
TEMPORAL,close_vs_sma168__w24__diff_mean,0
TEMPORAL,close_vs_sma168__w24__diff_std,0
TEMPORAL,close_vs_sma168__w24__up_share,0
TEMPORAL,close_vs_sma168__w24__late_vs_prev,0
TEMPORAL,close_vs_sma168__w24__accel,0
TEMPORAL,close_vs_sma168__w72__mean,0
TEMPORAL,close_vs_sma168__w72__std,0
TEMPORAL,close_vs_sma168__w72__min,0
TEMPORAL,close_vs_sma168__w72__max,0
TEMPORAL,close_vs_sma168__w72__q10,0
TEMPORAL,close_vs_sma168__w72__q25,0
TEMPORAL,close_vs_sma168__w72__q75,0
TEMPORAL,close_vs_sma168__w72__q90,0
TEMPORAL,close_vs_sma168__w72__z,0
TEMPORAL,close_vs_sma168__w72__pos,0
TEMPORAL,close_vs_sma168__w72__delta,0
TEMPORAL,close_vs_sma168__w72__diff_mean,0
TEMPORAL,close_vs_sma168__w72__diff_std,0
TEMPORAL,close_vs_sma168__w72__up_share,0
TEMPORAL,close_vs_sma168__w72__late_vs_prev,0
TEMPORAL,close_vs_sma168__w72__accel,0
TEMPORAL,close_vs_sma168__w240__mean,0
TEMPORAL,close_vs_sma168__w240__std,0
TEMPORAL,close_vs_sma168__w240__min,0
TEMPORAL,close_vs_sma168__w240__max,0
TEMPORAL,close_vs_sma168__w240__q10,0
TEMPORAL,close_vs_sma168__w240__q25,0
TEMPORAL,close_vs_sma168__w240__q75,0
TEMPORAL,close_vs_sma168__w240__q90,0
TEMPORAL,close_vs_sma168__w240__z,0
TEMPORAL,close_vs_sma168__w240__pos,0
TEMPORAL,close_vs_sma168__w240__delta,0
TEMPORAL,close_vs_sma168__w240__diff_mean,0
TEMPORAL,close_vs_sma168__w240__diff_std,0
TEMPORAL,close_vs_sma168__w240__up_share,0
TEMPORAL,close_vs_sma168__w240__late_vs_prev,0
TEMPORAL,close_vs_sma168__w240__accel,0
TEMPORAL,close_vs_sma240__d1,0
TEMPORAL,close_vs_sma240__d3,0
TEMPORAL,close_vs_sma240__d6,0
TEMPORAL,close_vs_sma240__d12,0
TEMPORAL,close_vs_sma240__d24,0
TEMPORAL,close_vs_sma240__w24__mean,0
TEMPORAL,close_vs_sma240__w24__std,0
TEMPORAL,close_vs_sma240__w24__min,0
TEMPORAL,close_vs_sma240__w24__max,0
TEMPORAL,close_vs_sma240__w24__q10,0
TEMPORAL,close_vs_sma240__w24__q25,0
TEMPORAL,close_vs_sma240__w24__q75,0
TEMPORAL,close_vs_sma240__w24__q90,0
TEMPORAL,close_vs_sma240__w24__z,0
TEMPORAL,close_vs_sma240__w24__pos,0
TEMPORAL,close_vs_sma240__w24__delta,0
TEMPORAL,close_vs_sma240__w24__diff_mean,0
TEMPORAL,close_vs_sma240__w24__diff_std,0
TEMPORAL,close_vs_sma240__w24__up_share,0
TEMPORAL,close_vs_sma240__w24__late_vs_prev,0
TEMPORAL,close_vs_sma240__w24__accel,0
TEMPORAL,close_vs_sma240__w72__mean,0
TEMPORAL,close_vs_sma240__w72__std,0
TEMPORAL,close_vs_sma240__w72__min,0
TEMPORAL,close_vs_sma240__w72__max,0
TEMPORAL,close_vs_sma240__w72__q10,0
TEMPORAL,close_vs_sma240__w72__q25,0
TEMPORAL,close_vs_sma240__w72__q75,0
TEMPORAL,close_vs_sma240__w72__q90,0
TEMPORAL,close_vs_sma240__w72__z,0
TEMPORAL,close_vs_sma240__w72__pos,0
TEMPORAL,close_vs_sma240__w72__delta,0
TEMPORAL,close_vs_sma240__w72__diff_mean,0
TEMPORAL,close_vs_sma240__w72__diff_std,0
TEMPORAL,close_vs_sma240__w72__up_share,0
TEMPORAL,close_vs_sma240__w72__late_vs_prev,0
TEMPORAL,close_vs_sma240__w72__accel,0
TEMPORAL,close_vs_sma240__w240__mean,0
TEMPORAL,close_vs_sma240__w240__std,0
TEMPORAL,close_vs_sma240__w240__min,0
TEMPORAL,close_vs_sma240__w240__max,0
TEMPORAL,close_vs_sma240__w240__q10,0
TEMPORAL,close_vs_sma240__w240__q25,0
TEMPORAL,close_vs_sma240__w240__q75,0
TEMPORAL,close_vs_sma240__w240__q90,0
TEMPORAL,close_vs_sma240__w240__z,0
TEMPORAL,close_vs_sma240__w240__pos,0
TEMPORAL,close_vs_sma240__w240__delta,0
TEMPORAL,close_vs_sma240__w240__diff_mean,0
TEMPORAL,close_vs_sma240__w240__diff_std,0
TEMPORAL,close_vs_sma240__w240__late_vs_prev,0
TEMPORAL,close_vs_sma240__w240__accel,0
TEMPORAL,ema168_slope_24h__now,0
TEMPORAL,ema168_slope_24h__d1,0
TEMPORAL,ema168_slope_24h__d3,0
TEMPORAL,ema168_slope_24h__d6,0
TEMPORAL,ema168_slope_24h__d12,0
TEMPORAL,ema168_slope_24h__d24,0
TEMPORAL,ema168_slope_24h__w24__mean,0
TEMPORAL,ema168_slope_24h__w24__std,0
TEMPORAL,ema168_slope_24h__w24__min,0
TEMPORAL,ema168_slope_24h__w24__max,0
TEMPORAL,ema168_slope_24h__w24__q10,0
TEMPORAL,ema168_slope_24h__w24__q25,0
TEMPORAL,ema168_slope_24h__w24__q75,0
TEMPORAL,ema168_slope_24h__w24__q90,0
TEMPORAL,ema168_slope_24h__w24__z,0
TEMPORAL,ema168_slope_24h__w24__pos,0
TEMPORAL,ema168_slope_24h__w24__delta,0
TEMPORAL,ema168_slope_24h__w24__diff_mean,0
TEMPORAL,ema168_slope_24h__w24__diff_std,0
TEMPORAL,ema168_slope_24h__w24__up_share,0
TEMPORAL,ema168_slope_24h__w24__late_vs_prev,0
TEMPORAL,ema168_slope_24h__w24__accel,0
TEMPORAL,ema168_slope_24h__w72__mean,0
TEMPORAL,ema168_slope_24h__w72__std,0
TEMPORAL,ema168_slope_24h__w72__min,0
TEMPORAL,ema168_slope_24h__w72__max,0
TEMPORAL,ema168_slope_24h__w72__q10,0
TEMPORAL,ema168_slope_24h__w72__q25,0
TEMPORAL,ema168_slope_24h__w72__q75,0
TEMPORAL,ema168_slope_24h__w72__q90,0
TEMPORAL,ema168_slope_24h__w72__z,0
TEMPORAL,ema168_slope_24h__w72__pos,0
TEMPORAL,ema168_slope_24h__w72__delta,0
TEMPORAL,ema168_slope_24h__w72__diff_mean,0
TEMPORAL,ema168_slope_24h__w72__diff_std,0
TEMPORAL,ema168_slope_24h__w72__up_share,0
TEMPORAL,ema168_slope_24h__w72__late_vs_prev,0
TEMPORAL,ema168_slope_24h__w72__accel,0
TEMPORAL,ema168_slope_24h__w240__mean,0
TEMPORAL,ema168_slope_24h__w240__std,0
TEMPORAL,ema168_slope_24h__w240__min,0
TEMPORAL,ema168_slope_24h__w240__max,0
TEMPORAL,ema168_slope_24h__w240__q10,0
TEMPORAL,ema168_slope_24h__w240__q25,0
TEMPORAL,ema168_slope_24h__w240__q75,0
TEMPORAL,ema168_slope_24h__w240__q90,0
TEMPORAL,ema168_slope_24h__w240__z,0
TEMPORAL,ema168_slope_24h__w240__pos,0
TEMPORAL,ema168_slope_24h__w240__delta,0
TEMPORAL,ema168_slope_24h__w240__diff_mean,0
TEMPORAL,ema168_slope_24h__w240__diff_std,0
TEMPORAL,ema168_slope_24h__w240__up_share,0
TEMPORAL,ema168_slope_24h__w240__late_vs_prev,0
TEMPORAL,ema168_slope_24h__w240__accel,0
TEMPORAL,ema_gap_6_24__now,0
TEMPORAL,ema_gap_6_24__d1,0
TEMPORAL,ema_gap_6_24__d3,0
TEMPORAL,ema_gap_6_24__d6,0
TEMPORAL,ema_gap_6_24__d12,0
TEMPORAL,ema_gap_6_24__d24,0
TEMPORAL,ema_gap_6_24__w24__mean,0
TEMPORAL,ema_gap_6_24__w24__std,0
TEMPORAL,ema_gap_6_24__w24__min,0
TEMPORAL,ema_gap_6_24__w24__max,0
TEMPORAL,ema_gap_6_24__w24__q10,0
TEMPORAL,ema_gap_6_24__w24__q25,0
TEMPORAL,ema_gap_6_24__w24__q75,0
TEMPORAL,ema_gap_6_24__w24__q90,0
TEMPORAL,ema_gap_6_24__w24__z,0
TEMPORAL,ema_gap_6_24__w24__pos,0
TEMPORAL,ema_gap_6_24__w24__delta,0
TEMPORAL,ema_gap_6_24__w24__diff_mean,0
TEMPORAL,ema_gap_6_24__w24__diff_std,0
TEMPORAL,ema_gap_6_24__w24__up_share,0
TEMPORAL,ema_gap_6_24__w24__late_vs_prev,0
TEMPORAL,ema_gap_6_24__w24__accel,0
TEMPORAL,ema_gap_6_24__w72__mean,0
TEMPORAL,ema_gap_6_24__w72__std,0
TEMPORAL,ema_gap_6_24__w72__min,0
TEMPORAL,ema_gap_6_24__w72__max,0
TEMPORAL,ema_gap_6_24__w72__q10,0
TEMPORAL,ema_gap_6_24__w72__q25,0
TEMPORAL,ema_gap_6_24__w72__q75,0
TEMPORAL,ema_gap_6_24__w72__q90,0
TEMPORAL,ema_gap_6_24__w72__z,0
TEMPORAL,ema_gap_6_24__w72__pos,0
TEMPORAL,ema_gap_6_24__w72__delta,0
TEMPORAL,ema_gap_6_24__w72__diff_mean,0
TEMPORAL,ema_gap_6_24__w72__diff_std,0
TEMPORAL,ema_gap_6_24__w72__up_share,0
TEMPORAL,ema_gap_6_24__w72__late_vs_prev,0
TEMPORAL,ema_gap_6_24__w72__accel,0
TEMPORAL,ema_gap_6_24__w240__mean,0
TEMPORAL,ema_gap_6_24__w240__std,0
TEMPORAL,ema_gap_6_24__w240__min,0
TEMPORAL,ema_gap_6_24__w240__max,0
TEMPORAL,ema_gap_6_24__w240__q10,0
TEMPORAL,ema_gap_6_24__w240__q25,0
TEMPORAL,ema_gap_6_24__w240__q75,0
TEMPORAL,ema_gap_6_24__w240__q90,0
TEMPORAL,ema_gap_6_24__w240__z,0
TEMPORAL,ema_gap_6_24__w240__pos,0
TEMPORAL,ema_gap_6_24__w240__delta,0
TEMPORAL,ema_gap_6_24__w240__diff_mean,0
TEMPORAL,ema_gap_6_24__w240__diff_std,0
TEMPORAL,ema_gap_6_24__w240__up_share,0
TEMPORAL,ema_gap_6_24__w240__late_vs_prev,0
TEMPORAL,ema_gap_6_24__w240__accel,0
TEMPORAL,ema_gap_24_72__now,0
TEMPORAL,ema_gap_24_72__d1,0
TEMPORAL,ema_gap_24_72__d3,0
TEMPORAL,ema_gap_24_72__d6,0
TEMPORAL,ema_gap_24_72__d12,0
TEMPORAL,ema_gap_24_72__d24,0
TEMPORAL,ema_gap_24_72__w24__mean,0
TEMPORAL,ema_gap_24_72__w24__std,0
TEMPORAL,ema_gap_24_72__w24__min,0
TEMPORAL,ema_gap_24_72__w24__max,0
TEMPORAL,ema_gap_24_72__w24__q10,0
TEMPORAL,ema_gap_24_72__w24__q25,0
TEMPORAL,ema_gap_24_72__w24__q75,0
TEMPORAL,ema_gap_24_72__w24__q90,0
TEMPORAL,ema_gap_24_72__w24__z,0
TEMPORAL,ema_gap_24_72__w24__pos,0
TEMPORAL,ema_gap_24_72__w24__delta,0
TEMPORAL,ema_gap_24_72__w24__diff_mean,0
TEMPORAL,ema_gap_24_72__w24__diff_std,0
TEMPORAL,ema_gap_24_72__w24__up_share,0
TEMPORAL,ema_gap_24_72__w24__late_vs_prev,0
TEMPORAL,ema_gap_24_72__w24__accel,0
TEMPORAL,ema_gap_24_72__w72__mean,0
TEMPORAL,ema_gap_24_72__w72__std,0
TEMPORAL,ema_gap_24_72__w72__min,0
TEMPORAL,ema_gap_24_72__w72__max,0
TEMPORAL,ema_gap_24_72__w72__q10,0
TEMPORAL,ema_gap_24_72__w72__q25,0
TEMPORAL,ema_gap_24_72__w72__q75,0
TEMPORAL,ema_gap_24_72__w72__q90,0
TEMPORAL,ema_gap_24_72__w72__z,0
TEMPORAL,ema_gap_24_72__w72__pos,0
TEMPORAL,ema_gap_24_72__w72__delta,0
TEMPORAL,ema_gap_24_72__w72__diff_mean,0
TEMPORAL,ema_gap_24_72__w72__diff_std,0
TEMPORAL,ema_gap_24_72__w72__up_share,0
TEMPORAL,ema_gap_24_72__w72__late_vs_prev,0
TEMPORAL,ema_gap_24_72__w72__accel,0
TEMPORAL,ema_gap_24_72__w240__mean,0
TEMPORAL,ema_gap_24_72__w240__std,0
TEMPORAL,ema_gap_24_72__w240__min,0
TEMPORAL,ema_gap_24_72__w240__max,0
TEMPORAL,ema_gap_24_72__w240__q10,0
TEMPORAL,ema_gap_24_72__w240__q25,0
TEMPORAL,ema_gap_24_72__w240__q75,0
TEMPORAL,ema_gap_24_72__w240__q90,0
TEMPORAL,ema_gap_24_72__w240__z,0
TEMPORAL,ema_gap_24_72__w240__pos,0
TEMPORAL,ema_gap_24_72__w240__delta,0
TEMPORAL,ema_gap_24_72__w240__diff_mean,0
TEMPORAL,ema_gap_24_72__w240__diff_std,0
TEMPORAL,ema_gap_24_72__w240__up_share,0
TEMPORAL,ema_gap_24_72__w240__late_vs_prev,0
TEMPORAL,ema_gap_24_72__w240__accel,0
TEMPORAL,ema_gap_72_168__now,0
TEMPORAL,ema_gap_72_168__d1,0
TEMPORAL,ema_gap_72_168__d3,0
TEMPORAL,ema_gap_72_168__d6,0
TEMPORAL,ema_gap_72_168__d12,0
TEMPORAL,ema_gap_72_168__d24,0
TEMPORAL,ema_gap_72_168__w24__mean,0
TEMPORAL,ema_gap_72_168__w24__std,0
TEMPORAL,ema_gap_72_168__w24__min,0
TEMPORAL,ema_gap_72_168__w24__max,0
TEMPORAL,ema_gap_72_168__w24__q10,0
TEMPORAL,ema_gap_72_168__w24__q25,0
TEMPORAL,ema_gap_72_168__w24__q75,0
TEMPORAL,ema_gap_72_168__w24__q90,0
TEMPORAL,ema_gap_72_168__w24__z,0
TEMPORAL,ema_gap_72_168__w24__pos,0
TEMPORAL,ema_gap_72_168__w24__delta,0
TEMPORAL,ema_gap_72_168__w24__diff_mean,0
TEMPORAL,ema_gap_72_168__w24__diff_std,0
TEMPORAL,ema_gap_72_168__w24__up_share,0
TEMPORAL,ema_gap_72_168__w24__late_vs_prev,0
TEMPORAL,ema_gap_72_168__w24__accel,0
TEMPORAL,ema_gap_72_168__w72__mean,0
TEMPORAL,ema_gap_72_168__w72__std,0
TEMPORAL,ema_gap_72_168__w72__min,0
TEMPORAL,ema_gap_72_168__w72__max,0
TEMPORAL,ema_gap_72_168__w72__q10,0
TEMPORAL,ema_gap_72_168__w72__q25,0
TEMPORAL,ema_gap_72_168__w72__q75,0
TEMPORAL,ema_gap_72_168__w72__q90,0
TEMPORAL,ema_gap_72_168__w72__z,0
TEMPORAL,ema_gap_72_168__w72__pos,0
TEMPORAL,ema_gap_72_168__w72__delta,0
TEMPORAL,ema_gap_72_168__w72__diff_mean,0
TEMPORAL,ema_gap_72_168__w72__diff_std,0
TEMPORAL,ema_gap_72_168__w72__up_share,0
TEMPORAL,ema_gap_72_168__w72__late_vs_prev,0
TEMPORAL,ema_gap_72_168__w72__accel,0
TEMPORAL,ema_gap_72_168__w240__mean,0
TEMPORAL,ema_gap_72_168__w240__std,0
TEMPORAL,ema_gap_72_168__w240__min,0
TEMPORAL,ema_gap_72_168__w240__max,0
TEMPORAL,ema_gap_72_168__w240__q10,0
TEMPORAL,ema_gap_72_168__w240__q25,0
TEMPORAL,ema_gap_72_168__w240__q75,0
TEMPORAL,ema_gap_72_168__w240__q90,0
TEMPORAL,ema_gap_72_168__w240__z,0
TEMPORAL,ema_gap_72_168__w240__pos,0
TEMPORAL,ema_gap_72_168__w240__delta,0
TEMPORAL,ema_gap_72_168__w240__diff_mean,0
TEMPORAL,ema_gap_72_168__w240__diff_std,0
TEMPORAL,ema_gap_72_168__w240__up_share,0
TEMPORAL,ema_gap_72_168__w240__late_vs_prev,0
TEMPORAL,ema_gap_72_168__w240__accel,0
TEMPORAL,atr6_pct__now,0
TEMPORAL,atr6_pct__d1,0
TEMPORAL,atr6_pct__d3,0
TEMPORAL,atr6_pct__d12,0
TEMPORAL,atr6_pct__d24,0
TEMPORAL,atr6_pct__w24__mean,0
TEMPORAL,atr6_pct__w24__std,0
TEMPORAL,atr6_pct__w24__min,0
TEMPORAL,atr6_pct__w24__max,0
TEMPORAL,atr6_pct__w24__q10,0
TEMPORAL,atr6_pct__w24__q25,0
TEMPORAL,atr6_pct__w24__q75,0
TEMPORAL,atr6_pct__w24__q90,0
TEMPORAL,atr6_pct__w24__z,0
TEMPORAL,atr6_pct__w24__pos,0
TEMPORAL,atr6_pct__w24__delta,0
TEMPORAL,atr6_pct__w24__diff_mean,0
TEMPORAL,atr6_pct__w24__diff_std,0
TEMPORAL,atr6_pct__w24__up_share,0
TEMPORAL,atr6_pct__w24__late_vs_prev,0
TEMPORAL,atr6_pct__w24__accel,0
TEMPORAL,atr6_pct__w72__mean,0
TEMPORAL,atr6_pct__w72__std,0
TEMPORAL,atr6_pct__w72__min,0
TEMPORAL,atr6_pct__w72__max,0
TEMPORAL,atr6_pct__w72__q10,0
TEMPORAL,atr6_pct__w72__q25,0
TEMPORAL,atr6_pct__w72__q75,0
TEMPORAL,atr6_pct__w72__q90,0
TEMPORAL,atr6_pct__w72__z,0
TEMPORAL,atr6_pct__w72__pos,0
TEMPORAL,atr6_pct__w72__diff_mean,0
TEMPORAL,atr6_pct__w72__diff_std,0
TEMPORAL,atr6_pct__w72__up_share,0
TEMPORAL,atr6_pct__w72__late_vs_prev,0
TEMPORAL,atr6_pct__w72__accel,0
TEMPORAL,atr6_pct__w240__mean,0
TEMPORAL,atr6_pct__w240__std,0
TEMPORAL,atr6_pct__w240__min,0
TEMPORAL,atr6_pct__w240__max,0
TEMPORAL,atr6_pct__w240__q10,0
TEMPORAL,atr6_pct__w240__q25,0
TEMPORAL,atr6_pct__w240__q75,0
TEMPORAL,atr6_pct__w240__q90,0
TEMPORAL,atr6_pct__w240__z,0
TEMPORAL,atr6_pct__w240__pos,0
TEMPORAL,atr6_pct__w240__delta,0
TEMPORAL,atr6_pct__w240__diff_mean,0
TEMPORAL,atr6_pct__w240__diff_std,0
TEMPORAL,atr6_pct__w240__up_share,0
TEMPORAL,atr6_pct__w240__late_vs_prev,0
TEMPORAL,atr6_pct__w240__accel,0
TEMPORAL,atr24_pct__now,0
TEMPORAL,atr24_pct__d1,0
TEMPORAL,atr24_pct__d6,0
TEMPORAL,atr24_pct__d12,0
TEMPORAL,atr24_pct__d24,0
TEMPORAL,atr24_pct__w24__mean,0
TEMPORAL,atr24_pct__w24__std,0
TEMPORAL,atr24_pct__w24__min,0
TEMPORAL,atr24_pct__w24__q10,0
TEMPORAL,atr24_pct__w24__q25,0
TEMPORAL,atr24_pct__w24__q75,0
TEMPORAL,atr24_pct__w24__q90,0
TEMPORAL,atr24_pct__w24__z,0
TEMPORAL,atr24_pct__w24__pos,0
TEMPORAL,atr24_pct__w24__delta,0
TEMPORAL,atr24_pct__w24__diff_mean,0
TEMPORAL,atr24_pct__w24__diff_std,0
TEMPORAL,atr24_pct__w24__up_share,0
TEMPORAL,atr24_pct__w24__late_vs_prev,0
TEMPORAL,atr24_pct__w24__accel,0
TEMPORAL,atr24_pct__w72__mean,0
TEMPORAL,atr24_pct__w72__std,0
TEMPORAL,atr24_pct__w72__min,0
TEMPORAL,atr24_pct__w72__max,0
TEMPORAL,atr24_pct__w72__q10,0
TEMPORAL,atr24_pct__w72__q25,0
TEMPORAL,atr24_pct__w72__q75,0
TEMPORAL,atr24_pct__w72__q90,0
TEMPORAL,atr24_pct__w72__z,0
TEMPORAL,atr24_pct__w72__pos,0
TEMPORAL,atr24_pct__w72__delta,0
TEMPORAL,atr24_pct__w72__diff_mean,0
TEMPORAL,atr24_pct__w72__diff_std,0
TEMPORAL,atr24_pct__w72__late_vs_prev,0
TEMPORAL,atr24_pct__w72__accel,0
TEMPORAL,atr24_pct__w240__mean,0
TEMPORAL,atr24_pct__w240__std,0
TEMPORAL,atr24_pct__w240__min,0
TEMPORAL,atr24_pct__w240__max,0
TEMPORAL,atr24_pct__w240__q10,0
TEMPORAL,atr24_pct__w240__q25,0
TEMPORAL,atr24_pct__w240__q75,0
TEMPORAL,atr24_pct__w240__q90,0
TEMPORAL,atr24_pct__w240__z,0
TEMPORAL,atr24_pct__w240__pos,0
TEMPORAL,atr24_pct__w240__diff_mean,0
TEMPORAL,atr24_pct__w240__diff_std,0
TEMPORAL,atr24_pct__w240__up_share,0
TEMPORAL,atr24_pct__w240__late_vs_prev,0
TEMPORAL,atr24_pct__w240__accel,0
TEMPORAL,atr72_pct__d1,0
TEMPORAL,atr72_pct__d3,0
TEMPORAL,atr72_pct__d6,0
TEMPORAL,atr72_pct__d24,0
TEMPORAL,atr72_pct__w24__mean,0
TEMPORAL,atr72_pct__w24__std,0
TEMPORAL,atr72_pct__w24__min,0
TEMPORAL,atr72_pct__w24__max,0
TEMPORAL,atr72_pct__w24__q10,0
TEMPORAL,atr72_pct__w24__q25,0
TEMPORAL,atr72_pct__w24__q75,0
TEMPORAL,atr72_pct__w24__q90,0
TEMPORAL,atr72_pct__w24__z,0
TEMPORAL,atr72_pct__w24__pos,0
TEMPORAL,atr72_pct__w24__delta,0
TEMPORAL,atr72_pct__w24__diff_mean,0
TEMPORAL,atr72_pct__w24__diff_std,0
TEMPORAL,atr72_pct__w24__up_share,0
TEMPORAL,atr72_pct__w24__late_vs_prev,0
TEMPORAL,atr72_pct__w24__accel,0
TEMPORAL,atr72_pct__w72__mean,0
TEMPORAL,atr72_pct__w72__std,0
TEMPORAL,atr72_pct__w72__min,0
TEMPORAL,atr72_pct__w72__max,0
TEMPORAL,atr72_pct__w72__q10,0
TEMPORAL,atr72_pct__w72__q25,0
TEMPORAL,atr72_pct__w72__q75,0
TEMPORAL,atr72_pct__w72__q90,0
TEMPORAL,atr72_pct__w72__z,0
TEMPORAL,atr72_pct__w72__pos,0
TEMPORAL,atr72_pct__w72__delta,0
TEMPORAL,atr72_pct__w72__diff_mean,0
TEMPORAL,atr72_pct__w72__up_share,0
TEMPORAL,atr72_pct__w72__accel,0
TEMPORAL,atr72_pct__w240__mean,0
TEMPORAL,atr72_pct__w240__std,0
TEMPORAL,atr72_pct__w240__min,0
TEMPORAL,atr72_pct__w240__max,0
TEMPORAL,atr72_pct__w240__q10,0
TEMPORAL,atr72_pct__w240__q25,0
TEMPORAL,atr72_pct__w240__q75,0
TEMPORAL,atr72_pct__w240__q90,0
TEMPORAL,atr72_pct__w240__z,0
TEMPORAL,atr72_pct__w240__pos,0
TEMPORAL,atr72_pct__w240__delta,0
TEMPORAL,atr72_pct__w240__diff_mean,0
TEMPORAL,atr72_pct__w240__diff_std,0
TEMPORAL,atr72_pct__w240__up_share,0
TEMPORAL,atr72_pct__w240__late_vs_prev,0
TEMPORAL,atr72_pct__w240__accel,0
TEMPORAL,close_vs_vwap240__now,0
TEMPORAL,close_vs_vwap240__d1,0
TEMPORAL,close_vs_vwap240__d3,0
TEMPORAL,close_vs_vwap240__d6,0
TEMPORAL,close_vs_vwap240__d12,0
TEMPORAL,close_vs_vwap240__d24,0
TEMPORAL,close_vs_vwap240__w24__mean,0
TEMPORAL,close_vs_vwap240__w24__std,0
TEMPORAL,close_vs_vwap240__w24__min,0
TEMPORAL,close_vs_vwap240__w24__max,0
TEMPORAL,close_vs_vwap240__w24__q10,0
TEMPORAL,close_vs_vwap240__w24__q25,0
TEMPORAL,close_vs_vwap240__w24__q75,0
TEMPORAL,close_vs_vwap240__w24__q90,0
TEMPORAL,close_vs_vwap240__w24__z,0
TEMPORAL,close_vs_vwap240__w24__pos,0
TEMPORAL,close_vs_vwap240__w24__delta,0
TEMPORAL,close_vs_vwap240__w24__diff_mean,0
TEMPORAL,close_vs_vwap240__w24__diff_std,0
TEMPORAL,close_vs_vwap240__w24__up_share,0
TEMPORAL,close_vs_vwap240__w24__late_vs_prev,0
TEMPORAL,close_vs_vwap240__w24__accel,0
TEMPORAL,close_vs_vwap240__w72__mean,0
TEMPORAL,close_vs_vwap240__w72__min,0
TEMPORAL,close_vs_vwap240__w72__max,0
TEMPORAL,close_vs_vwap240__w72__q10,0
TEMPORAL,close_vs_vwap240__w72__q25,0
TEMPORAL,close_vs_vwap240__w72__q75,0
TEMPORAL,close_vs_vwap240__w72__q90,0
TEMPORAL,close_vs_vwap240__w72__z,0
TEMPORAL,close_vs_vwap240__w72__pos,0
TEMPORAL,close_vs_vwap240__w72__delta,0
TEMPORAL,close_vs_vwap240__w72__diff_mean,0
TEMPORAL,close_vs_vwap240__w72__diff_std,0
TEMPORAL,close_vs_vwap240__w72__up_share,0
TEMPORAL,close_vs_vwap240__w72__late_vs_prev,0
TEMPORAL,close_vs_vwap240__w72__accel,0
TEMPORAL,close_vs_vwap240__w240__mean,0
TEMPORAL,close_vs_vwap240__w240__std,0
TEMPORAL,close_vs_vwap240__w240__min,0
TEMPORAL,close_vs_vwap240__w240__max,0
TEMPORAL,close_vs_vwap240__w240__q10,0
TEMPORAL,close_vs_vwap240__w240__q25,0
TEMPORAL,close_vs_vwap240__w240__q75,0
TEMPORAL,close_vs_vwap240__w240__q90,0
TEMPORAL,close_vs_vwap240__w240__z,0
TEMPORAL,close_vs_vwap240__w240__delta,0
TEMPORAL,close_vs_vwap240__w240__diff_mean,0
TEMPORAL,close_vs_vwap240__w240__diff_std,0
TEMPORAL,close_vs_vwap240__w240__late_vs_prev,0
TEMPORAL,close_vs_vwap240__w240__accel,0
TEMPORAL,dist_high24__now,0
TEMPORAL,dist_high24__d1,0
TEMPORAL,dist_high24__d3,0
TEMPORAL,dist_high24__d6,0
TEMPORAL,dist_high24__d12,0
TEMPORAL,dist_high24__d24,0
TEMPORAL,dist_high24__w24__mean,0
TEMPORAL,dist_high24__w24__std,0
TEMPORAL,dist_high24__w24__min,0
TEMPORAL,dist_high24__w24__max,0
TEMPORAL,dist_high24__w24__q10,0
TEMPORAL,dist_high24__w24__q25,0
TEMPORAL,dist_high24__w24__q75,0
TEMPORAL,dist_high24__w24__q90,0
TEMPORAL,dist_high24__w24__z,0
TEMPORAL,dist_high24__w24__pos,0
TEMPORAL,dist_high24__w24__delta,0
TEMPORAL,dist_high24__w24__diff_mean,0
TEMPORAL,dist_high24__w24__diff_std,0
TEMPORAL,dist_high24__w24__up_share,0
TEMPORAL,dist_high24__w24__late_vs_prev,0
TEMPORAL,dist_high24__w24__accel,0
TEMPORAL,dist_high24__w72__mean,0
TEMPORAL,dist_high24__w72__std,0
TEMPORAL,dist_high24__w72__min,0
TEMPORAL,dist_high24__w72__max,0
TEMPORAL,dist_high24__w72__q10,0
TEMPORAL,dist_high24__w72__q25,0
TEMPORAL,dist_high24__w72__q75,0
TEMPORAL,dist_high24__w72__q90,0
TEMPORAL,dist_high24__w72__z,0
TEMPORAL,dist_high24__w72__pos,0
TEMPORAL,dist_high24__w72__delta,0
TEMPORAL,dist_high24__w72__diff_mean,0
TEMPORAL,dist_high24__w72__diff_std,0
TEMPORAL,dist_high24__w72__up_share,0
TEMPORAL,dist_high24__w72__late_vs_prev,0
TEMPORAL,dist_high24__w72__accel,0
TEMPORAL,dist_high24__w240__mean,0
TEMPORAL,dist_high24__w240__std,0
TEMPORAL,dist_high24__w240__min,0
TEMPORAL,dist_high24__w240__max,0
TEMPORAL,dist_high24__w240__q10,0
TEMPORAL,dist_high24__w240__q25,0
TEMPORAL,dist_high24__w240__q75,0
TEMPORAL,dist_high24__w240__q90,0
TEMPORAL,dist_high24__w240__z,0
TEMPORAL,dist_high24__w240__pos,0
TEMPORAL,dist_high24__w240__delta,0
TEMPORAL,dist_high24__w240__diff_mean,0
TEMPORAL,dist_high24__w240__diff_std,0
TEMPORAL,dist_high24__w240__up_share,0
TEMPORAL,dist_high24__w240__late_vs_prev,0
TEMPORAL,dist_high24__w240__accel,0
TEMPORAL,dist_high72__now,0
TEMPORAL,dist_high72__d1,0
TEMPORAL,dist_high72__d3,0
TEMPORAL,dist_high72__d6,0
TEMPORAL,dist_high72__d12,0
TEMPORAL,dist_high72__d24,0
TEMPORAL,dist_high72__w24__mean,0
TEMPORAL,dist_high72__w24__std,0
TEMPORAL,dist_high72__w24__min,0
TEMPORAL,dist_high72__w24__max,0
TEMPORAL,dist_high72__w24__q10,0
TEMPORAL,dist_high72__w24__q25,0
TEMPORAL,dist_high72__w24__q75,0
TEMPORAL,dist_high72__w24__q90,0
TEMPORAL,dist_high72__w24__z,0
TEMPORAL,dist_high72__w24__pos,0
TEMPORAL,dist_high72__w24__delta,0
TEMPORAL,dist_high72__w24__diff_mean,0
TEMPORAL,dist_high72__w24__diff_std,0
TEMPORAL,dist_high72__w24__up_share,0
TEMPORAL,dist_high72__w24__late_vs_prev,0
TEMPORAL,dist_high72__w24__accel,0
TEMPORAL,dist_high72__w72__mean,0
TEMPORAL,dist_high72__w72__std,0
TEMPORAL,dist_high72__w72__min,0
TEMPORAL,dist_high72__w72__max,0
TEMPORAL,dist_high72__w72__q10,0
TEMPORAL,dist_high72__w72__q75,0
TEMPORAL,dist_high72__w72__q90,0
TEMPORAL,dist_high72__w72__delta,0
TEMPORAL,dist_high72__w72__diff_mean,0
TEMPORAL,dist_high72__w72__diff_std,0
TEMPORAL,dist_high72__w72__up_share,0
TEMPORAL,dist_high72__w72__late_vs_prev,0
TEMPORAL,dist_high72__w72__accel,0
TEMPORAL,dist_high72__w240__mean,0
TEMPORAL,dist_high72__w240__std,0
TEMPORAL,dist_high72__w240__min,0
TEMPORAL,dist_high72__w240__max,0
TEMPORAL,dist_high72__w240__q10,0
TEMPORAL,dist_high72__w240__q25,0
TEMPORAL,dist_high72__w240__q75,0
TEMPORAL,dist_high72__w240__q90,0
TEMPORAL,dist_high72__w240__z,0
TEMPORAL,dist_high72__w240__pos,0
TEMPORAL,dist_high72__w240__delta,0
TEMPORAL,dist_high72__w240__diff_mean,0
TEMPORAL,dist_high72__w240__diff_std,0
TEMPORAL,dist_high72__w240__up_share,0
TEMPORAL,dist_high72__w240__late_vs_prev,0
TEMPORAL,dist_high72__w240__accel,0
TEMPORAL,dist_high240__now,0
TEMPORAL,dist_high240__d1,0
TEMPORAL,dist_high240__d3,0
TEMPORAL,dist_high240__d6,0
TEMPORAL,dist_high240__d12,0
TEMPORAL,dist_high240__d24,0
TEMPORAL,dist_high240__w24__mean,0
TEMPORAL,dist_high240__w24__std,0
TEMPORAL,dist_high240__w24__min,0
TEMPORAL,dist_high240__w24__max,0
TEMPORAL,dist_high240__w24__q10,0
TEMPORAL,dist_high240__w24__q25,0
TEMPORAL,dist_high240__w24__q75,0
TEMPORAL,dist_high240__w24__q90,0
TEMPORAL,dist_high240__w24__z,0
TEMPORAL,dist_high240__w24__pos,0
TEMPORAL,dist_high240__w24__delta,0
TEMPORAL,dist_high240__w24__diff_mean,0
TEMPORAL,dist_high240__w24__diff_std,0
TEMPORAL,dist_high240__w24__up_share,0
TEMPORAL,dist_high240__w24__late_vs_prev,0
TEMPORAL,dist_high240__w24__accel,0
TEMPORAL,dist_high240__w72__mean,0
TEMPORAL,dist_high240__w72__std,0
TEMPORAL,dist_high240__w72__max,0
TEMPORAL,dist_high240__w72__q25,0
TEMPORAL,dist_high240__w72__q75,0
TEMPORAL,dist_high240__w72__q90,0
TEMPORAL,dist_high240__w72__z,0
TEMPORAL,dist_high240__w72__pos,0
TEMPORAL,dist_high240__w72__delta,0
TEMPORAL,dist_high240__w72__diff_mean,0
TEMPORAL,dist_high240__w72__diff_std,0
TEMPORAL,dist_high240__w72__up_share,0
TEMPORAL,dist_high240__w72__late_vs_prev,0
TEMPORAL,dist_high240__w72__accel,0
TEMPORAL,dist_high240__w240__mean,0
TEMPORAL,dist_high240__w240__std,0
TEMPORAL,dist_high240__w240__min,0
TEMPORAL,dist_high240__w240__max,0
TEMPORAL,dist_high240__w240__q10,0
TEMPORAL,dist_high240__w240__q25,0
TEMPORAL,dist_high240__w240__q75,0
TEMPORAL,dist_high240__w240__q90,0
TEMPORAL,dist_high240__w240__z,0
TEMPORAL,dist_high240__w240__pos,0
TEMPORAL,dist_high240__w240__diff_mean,0
TEMPORAL,dist_high240__w240__diff_std,0
TEMPORAL,dist_high240__w240__up_share,0
TEMPORAL,dist_high240__w240__late_vs_prev,0
TEMPORAL,dist_high240__w240__accel,0
TEMPORAL,rebound_low24__now,0
TEMPORAL,rebound_low24__d1,0
TEMPORAL,rebound_low24__d3,0
TEMPORAL,rebound_low24__d6,0
TEMPORAL,rebound_low24__d12,0
TEMPORAL,rebound_low24__d24,0
TEMPORAL,rebound_low24__w24__mean,0
TEMPORAL,rebound_low24__w24__std,0
TEMPORAL,rebound_low24__w24__min,0
TEMPORAL,rebound_low24__w24__max,0
TEMPORAL,rebound_low24__w24__q10,0
TEMPORAL,rebound_low24__w24__q25,0
TEMPORAL,rebound_low24__w24__q75,0
TEMPORAL,rebound_low24__w24__q90,0
TEMPORAL,rebound_low24__w24__pos,0
TEMPORAL,rebound_low24__w24__delta,0
TEMPORAL,rebound_low24__w24__diff_mean,0
TEMPORAL,rebound_low24__w24__diff_std,0
TEMPORAL,rebound_low24__w24__up_share,0
TEMPORAL,rebound_low24__w24__late_vs_prev,0
TEMPORAL,rebound_low24__w24__accel,0
TEMPORAL,rebound_low24__w72__mean,0
TEMPORAL,rebound_low24__w72__std,0
TEMPORAL,rebound_low24__w72__min,0
TEMPORAL,rebound_low24__w72__max,0
TEMPORAL,rebound_low24__w72__q10,0
TEMPORAL,rebound_low24__w72__q25,0
TEMPORAL,rebound_low24__w72__q75,0
TEMPORAL,rebound_low24__w72__q90,0
TEMPORAL,rebound_low24__w72__z,0
TEMPORAL,rebound_low24__w72__pos,0
TEMPORAL,rebound_low24__w72__delta,0
TEMPORAL,rebound_low24__w72__diff_mean,0
TEMPORAL,rebound_low24__w72__diff_std,0
TEMPORAL,rebound_low24__w72__late_vs_prev,0
TEMPORAL,rebound_low24__w72__accel,0
TEMPORAL,rebound_low24__w240__mean,0
TEMPORAL,rebound_low24__w240__std,0
TEMPORAL,rebound_low24__w240__min,0
TEMPORAL,rebound_low24__w240__max,0
TEMPORAL,rebound_low24__w240__q10,0
TEMPORAL,rebound_low24__w240__q25,0
TEMPORAL,rebound_low24__w240__q75,0
TEMPORAL,rebound_low24__w240__q90,0
TEMPORAL,rebound_low24__w240__z,0
TEMPORAL,rebound_low24__w240__pos,0
TEMPORAL,rebound_low24__w240__delta,0
TEMPORAL,rebound_low24__w240__diff_mean,0
TEMPORAL,rebound_low24__w240__diff_std,0
TEMPORAL,rebound_low24__w240__up_share,0
TEMPORAL,rebound_low24__w240__late_vs_prev,0
TEMPORAL,rebound_low24__w240__accel,0
TEMPORAL,rebound_low72__now,0
TEMPORAL,rebound_low72__d1,0
TEMPORAL,rebound_low72__d3,0
TEMPORAL,rebound_low72__d6,0
TEMPORAL,rebound_low72__d12,0
TEMPORAL,rebound_low72__d24,0
TEMPORAL,rebound_low72__w24__mean,0
TEMPORAL,rebound_low72__w24__std,0
TEMPORAL,rebound_low72__w24__min,0
TEMPORAL,rebound_low72__w24__max,0
TEMPORAL,rebound_low72__w24__q10,0
TEMPORAL,rebound_low72__w24__q25,0
TEMPORAL,rebound_low72__w24__q75,0
TEMPORAL,rebound_low72__w24__q90,0
TEMPORAL,rebound_low72__w24__z,0
TEMPORAL,rebound_low72__w24__pos,0
TEMPORAL,rebound_low72__w24__delta,0
TEMPORAL,rebound_low72__w24__diff_mean,0
TEMPORAL,rebound_low72__w24__diff_std,0
TEMPORAL,rebound_low72__w24__up_share,0
TEMPORAL,rebound_low72__w24__late_vs_prev,0
TEMPORAL,rebound_low72__w24__accel,0
TEMPORAL,rebound_low72__w72__mean,0
TEMPORAL,rebound_low72__w72__std,0
TEMPORAL,rebound_low72__w72__min,0
TEMPORAL,rebound_low72__w72__max,0
TEMPORAL,rebound_low72__w72__q10,0
TEMPORAL,rebound_low72__w72__q25,0
TEMPORAL,rebound_low72__w72__q75,0
TEMPORAL,rebound_low72__w72__q90,0
TEMPORAL,rebound_low72__w72__z,0
TEMPORAL,rebound_low72__w72__pos,0
TEMPORAL,rebound_low72__w72__delta,0
TEMPORAL,rebound_low72__w72__diff_mean,0
TEMPORAL,rebound_low72__w72__diff_std,0
TEMPORAL,rebound_low72__w72__up_share,0
TEMPORAL,rebound_low72__w72__late_vs_prev,0
TEMPORAL,rebound_low72__w72__accel,0
TEMPORAL,rebound_low72__w240__mean,0
TEMPORAL,rebound_low72__w240__std,0
TEMPORAL,rebound_low72__w240__min,0
TEMPORAL,rebound_low72__w240__max,0
TEMPORAL,rebound_low72__w240__q75,0
TEMPORAL,rebound_low72__w240__q90,0
TEMPORAL,rebound_low72__w240__z,0
TEMPORAL,rebound_low72__w240__pos,0
TEMPORAL,rebound_low72__w240__delta,0
TEMPORAL,rebound_low72__w240__diff_mean,0
TEMPORAL,rebound_low72__w240__diff_std,0
TEMPORAL,rebound_low72__w240__up_share,0
TEMPORAL,rebound_low72__w240__late_vs_prev,0
TEMPORAL,rebound_low72__w240__accel,0
TEMPORAL,rebound_low240__now,0
TEMPORAL,rebound_low240__d1,0
TEMPORAL,rebound_low240__d3,0
TEMPORAL,rebound_low240__d24,0
TEMPORAL,rebound_low240__w24__mean,0
TEMPORAL,rebound_low240__w24__std,0
TEMPORAL,rebound_low240__w24__min,0
TEMPORAL,rebound_low240__w24__max,0
TEMPORAL,rebound_low240__w24__q10,0
TEMPORAL,rebound_low240__w24__q25,0
TEMPORAL,rebound_low240__w24__q75,0
TEMPORAL,rebound_low240__w24__q90,0
TEMPORAL,rebound_low240__w24__pos,0
TEMPORAL,rebound_low240__w24__delta,0
TEMPORAL,rebound_low240__w24__diff_mean,0
TEMPORAL,rebound_low240__w24__diff_std,0
TEMPORAL,rebound_low240__w24__up_share,0
TEMPORAL,rebound_low240__w24__late_vs_prev,0
TEMPORAL,rebound_low240__w24__accel,0
TEMPORAL,rebound_low240__w72__mean,0
TEMPORAL,rebound_low240__w72__std,0
TEMPORAL,rebound_low240__w72__min,0
TEMPORAL,rebound_low240__w72__max,0
TEMPORAL,rebound_low240__w72__q10,0
TEMPORAL,rebound_low240__w72__q25,0
TEMPORAL,rebound_low240__w72__q75,0
TEMPORAL,rebound_low240__w72__q90,0
TEMPORAL,rebound_low240__w72__z,0
TEMPORAL,rebound_low240__w72__pos,0
TEMPORAL,rebound_low240__w72__delta,0
TEMPORAL,rebound_low240__w72__diff_mean,0
TEMPORAL,rebound_low240__w72__diff_std,0
TEMPORAL,rebound_low240__w72__up_share,0
TEMPORAL,rebound_low240__w72__late_vs_prev,0
TEMPORAL,rebound_low240__w72__accel,0
TEMPORAL,rebound_low240__w240__min,0
TEMPORAL,rebound_low240__w240__max,0
TEMPORAL,rebound_low240__w240__q10,0
TEMPORAL,rebound_low240__w240__q25,0
TEMPORAL,rebound_low240__w240__q75,0
TEMPORAL,rebound_low240__w240__q90,0
TEMPORAL,rebound_low240__w240__z,0
TEMPORAL,rebound_low240__w240__pos,0
TEMPORAL,rebound_low240__w240__delta,0
TEMPORAL,rebound_low240__w240__diff_std,0
TEMPORAL,rebound_low240__w240__up_share,0
TEMPORAL,rebound_low240__w240__late_vs_prev,0
TEMPORAL,rebound_low240__w240__accel,0
TEMPORAL_SEQ,mfi14__w240__max,3
TEMPORAL_SEQ,volume_rel24__w240__q10,3
TEMPORAL_SEQ,s240_87,3
TEMPORAL_SEQ,range_pct__w240__q25,2
TEMPORAL_SEQ,taker_share__w72__q10,2
TEMPORAL_SEQ,stoch_k__w72__max,2
TEMPORAL_SEQ,stoch_k__w240__q10,2
TEMPORAL_SEQ,close_vs_ema24__w72__q25,2
TEMPORAL_SEQ,close_vs_sma240__now,2
TEMPORAL_SEQ,close_vs_vwap240__w240__pos,2
TEMPORAL_SEQ,rebound_low240__w24__z,2
TEMPORAL_SEQ,s240_3,2
TEMPORAL_SEQ,s240_88,2
TEMPORAL_SEQ,s240_130,2
TEMPORAL_SEQ,range_pct__w240__late_vs_prev,1
TEMPORAL_SEQ,close_location__w24__q75,1
TEMPORAL_SEQ,volume_rel72__w72__std,1
TEMPORAL_SEQ,volume_rel72__w240__q75,1
TEMPORAL_SEQ,trades_rel72__w240__q10,1
TEMPORAL_SEQ,taker_share__w24__mean,1
TEMPORAL_SEQ,taker_share__w24__max,1
TEMPORAL_SEQ,taker_share__w72__mean,1
TEMPORAL_SEQ,rsi6__w24__max,1
TEMPORAL_SEQ,rsi24__w240__z,1
TEMPORAL_SEQ,macd_pct__w24__z,1
TEMPORAL_SEQ,macd_signal_pct__w72__min,1
TEMPORAL_SEQ,macd_hist_pct__w240__late_vs_prev,1
TEMPORAL_SEQ,macd_fast_hist_pct__w240__late_vs_prev,1
TEMPORAL_SEQ,bb_z__w72__q75,1
TEMPORAL_SEQ,bb_z__w72__diff_std,1
TEMPORAL_SEQ,bb_z__w240__max,1
TEMPORAL_SEQ,stoch_d__now,1
TEMPORAL_SEQ,stoch_d__w72__max,1
TEMPORAL_SEQ,stoch_d__w240__q10,1
TEMPORAL_SEQ,cci20__w24__max,1
TEMPORAL_SEQ,mfi14__w72__q75,1
TEMPORAL_SEQ,adx14__w24__q75,1
TEMPORAL_SEQ,adx14__w72__late_vs_prev,1
TEMPORAL_SEQ,adx14__w240__std,1
TEMPORAL_SEQ,adx14__w240__delta,1
TEMPORAL_SEQ,adx14__w240__late_vs_prev,1
TEMPORAL_SEQ,close_vs_ema6__w24__std,1
TEMPORAL_SEQ,close_vs_ema6__w24__max,1
TEMPORAL_SEQ,close_vs_ema12__w24__q10,1
TEMPORAL_SEQ,close_vs_ema24__w24__z,1
TEMPORAL_SEQ,close_vs_ema24__w72__q90,1
TEMPORAL_SEQ,close_vs_ema48__w24__q25,1
TEMPORAL_SEQ,ema72_slope_12h__w240__pos,1
TEMPORAL_SEQ,close_vs_vwap24__w72__mean,1
TEMPORAL_SEQ,close_vs_vwap24__w72__z,1
TEMPORAL_SEQ,avg_trade_quote_rel24__w24__diff_std,1
TEMPORAL_SEQ,avg_trade_quote_rel72__w240__diff_std,1
TEMPORAL_SEQ,avg_trade_quote_rel240__w24__min,1
TEMPORAL_SEQ,obv_delta__w24__q10,1
TEMPORAL_SEQ,obv_delta__w240__mean,1
TEMPORAL_SEQ,volume_rel24__w24__q90,1
TEMPORAL_SEQ,volume_rel240__w240__max,1
TEMPORAL_SEQ,volume_rel240__w240__q10,1
TEMPORAL_SEQ,trades_rel240__w72__max,1
TEMPORAL_SEQ,trades_rel240__w240__std,1
TEMPORAL_SEQ,close_vs_ema168__w72__up_share,1
TEMPORAL_SEQ,close_vs_ema168__w240__pos,1
TEMPORAL_SEQ,close_vs_ema240__w72__q90,1
TEMPORAL_SEQ,close_vs_sma24__w72__delta,1
TEMPORAL_SEQ,close_vs_sma72__w24__max,1
TEMPORAL_SEQ,close_vs_sma72__w72__z,1
TEMPORAL_SEQ,ema168_slope_24h__w72__std,1
TEMPORAL_SEQ,ema168_slope_24h__w240__q25,1
TEMPORAL_SEQ,ema_gap_24_72__w72__delta,1
TEMPORAL_SEQ,ema_gap_24_72__w72__diff_std,1
TEMPORAL_SEQ,ema_gap_72_168__w72__std,1
TEMPORAL_SEQ,ema_gap_72_168__w240__q10,1
TEMPORAL_SEQ,ema_gap_72_168__w240__delta,1
TEMPORAL_SEQ,atr6_pct__w240__diff_mean,1
TEMPORAL_SEQ,atr24_pct__w240__q25,1
TEMPORAL_SEQ,atr72_pct__w24__z,1
TEMPORAL_SEQ,atr72_pct__w72__late_vs_prev,1
TEMPORAL_SEQ,dist_high72__w240__delta,1
TEMPORAL_SEQ,rebound_low24__w24__z,1
TEMPORAL_SEQ,rebound_low24__w72__z,1
TEMPORAL_SEQ,rebound_low24__w72__delta,1
TEMPORAL_SEQ,rebound_low72__w72__std,1
TEMPORAL_SEQ,rebound_low72__w72__diff_std,1
TEMPORAL_SEQ,rebound_low72__w240__q10,1
TEMPORAL_SEQ,rebound_low72__w240__q25,1
TEMPORAL_SEQ,rebound_low72__w240__pos,1
TEMPORAL_SEQ,rebound_low240__w240__std,1
TEMPORAL_SEQ,rebound_low240__w240__z,1
TEMPORAL_SEQ,rebound_low240__w240__diff_mean,1
TEMPORAL_SEQ,s24_40,1
TEMPORAL_SEQ,s240_38,1
TEMPORAL_SEQ,s240_106,1
TEMPORAL_SEQ,s240_148,1
TEMPORAL_SEQ,s240_156,1
TEMPORAL_SEQ,s240_159,1
TEMPORAL_SEQ,s240_164,1
TEMPORAL_SEQ,s240_177,1
TEMPORAL_SEQ,s240_193,1
TEMPORAL_SEQ,s240_211,1
TEMPORAL_SEQ,s240_215,1
TEMPORAL_SEQ,s240_234,1
TEMPORAL_SEQ,s240_295,1
TEMPORAL_SEQ,log_ret__now,0
TEMPORAL_SEQ,log_ret__d1,0
TEMPORAL_SEQ,log_ret__d3,0
TEMPORAL_SEQ,log_ret__d6,0
TEMPORAL_SEQ,log_ret__d12,0
TEMPORAL_SEQ,log_ret__d24,0
TEMPORAL_SEQ,log_ret__w24__mean,0
TEMPORAL_SEQ,log_ret__w24__std,0
TEMPORAL_SEQ,log_ret__w24__min,0
TEMPORAL_SEQ,log_ret__w24__max,0
TEMPORAL_SEQ,log_ret__w24__q10,0
TEMPORAL_SEQ,log_ret__w24__q25,0
TEMPORAL_SEQ,log_ret__w24__q75,0
TEMPORAL_SEQ,log_ret__w24__q90,0
TEMPORAL_SEQ,log_ret__w24__z,0
TEMPORAL_SEQ,log_ret__w24__pos,0
TEMPORAL_SEQ,log_ret__w24__delta,0
TEMPORAL_SEQ,log_ret__w24__diff_mean,0
TEMPORAL_SEQ,log_ret__w24__diff_std,0
TEMPORAL_SEQ,log_ret__w24__up_share,0
TEMPORAL_SEQ,log_ret__w24__late_vs_prev,0
TEMPORAL_SEQ,log_ret__w24__accel,0
TEMPORAL_SEQ,log_ret__w72__mean,0
TEMPORAL_SEQ,log_ret__w72__std,0
TEMPORAL_SEQ,log_ret__w72__min,0
TEMPORAL_SEQ,log_ret__w72__max,0
TEMPORAL_SEQ,log_ret__w72__q10,0
TEMPORAL_SEQ,log_ret__w72__q25,0
TEMPORAL_SEQ,log_ret__w72__q75,0
TEMPORAL_SEQ,log_ret__w72__q90,0
TEMPORAL_SEQ,log_ret__w72__z,0
TEMPORAL_SEQ,log_ret__w72__pos,0
TEMPORAL_SEQ,log_ret__w72__delta,0
TEMPORAL_SEQ,log_ret__w72__diff_mean,0
TEMPORAL_SEQ,log_ret__w72__diff_std,0
TEMPORAL_SEQ,log_ret__w72__up_share,0
TEMPORAL_SEQ,log_ret__w72__late_vs_prev,0
TEMPORAL_SEQ,log_ret__w72__accel,0
TEMPORAL_SEQ,log_ret__w240__mean,0
TEMPORAL_SEQ,log_ret__w240__std,0
TEMPORAL_SEQ,log_ret__w240__min,0
TEMPORAL_SEQ,log_ret__w240__max,0
TEMPORAL_SEQ,log_ret__w240__q10,0
TEMPORAL_SEQ,log_ret__w240__q25,0
TEMPORAL_SEQ,log_ret__w240__q75,0
TEMPORAL_SEQ,log_ret__w240__q90,0
TEMPORAL_SEQ,log_ret__w240__z,0
TEMPORAL_SEQ,log_ret__w240__pos,0
TEMPORAL_SEQ,log_ret__w240__delta,0
TEMPORAL_SEQ,log_ret__w240__diff_mean,0
TEMPORAL_SEQ,log_ret__w240__diff_std,0
TEMPORAL_SEQ,log_ret__w240__up_share,0
TEMPORAL_SEQ,log_ret__w240__late_vs_prev,0
TEMPORAL_SEQ,log_ret__w240__accel,0
TEMPORAL_SEQ,body_pct__now,0
TEMPORAL_SEQ,body_pct__d1,0
TEMPORAL_SEQ,body_pct__d3,0
TEMPORAL_SEQ,body_pct__d6,0
TEMPORAL_SEQ,body_pct__d12,0
TEMPORAL_SEQ,body_pct__d24,0
TEMPORAL_SEQ,body_pct__w24__mean,0
TEMPORAL_SEQ,body_pct__w24__std,0
TEMPORAL_SEQ,body_pct__w24__min,0
TEMPORAL_SEQ,body_pct__w24__max,0
TEMPORAL_SEQ,body_pct__w24__q10,0
TEMPORAL_SEQ,body_pct__w24__q25,0
TEMPORAL_SEQ,body_pct__w24__q75,0
TEMPORAL_SEQ,body_pct__w24__q90,0
TEMPORAL_SEQ,body_pct__w24__z,0
TEMPORAL_SEQ,body_pct__w24__pos,0
TEMPORAL_SEQ,body_pct__w24__delta,0
TEMPORAL_SEQ,body_pct__w24__diff_mean,0
TEMPORAL_SEQ,body_pct__w24__diff_std,0
TEMPORAL_SEQ,body_pct__w24__up_share,0
TEMPORAL_SEQ,body_pct__w24__late_vs_prev,0
TEMPORAL_SEQ,body_pct__w24__accel,0
TEMPORAL_SEQ,body_pct__w72__mean,0
TEMPORAL_SEQ,body_pct__w72__std,0
TEMPORAL_SEQ,body_pct__w72__min,0
TEMPORAL_SEQ,body_pct__w72__max,0
TEMPORAL_SEQ,body_pct__w72__q10,0
TEMPORAL_SEQ,body_pct__w72__q25,0
TEMPORAL_SEQ,body_pct__w72__q75,0
TEMPORAL_SEQ,body_pct__w72__q90,0
TEMPORAL_SEQ,body_pct__w72__z,0
TEMPORAL_SEQ,body_pct__w72__pos,0
TEMPORAL_SEQ,body_pct__w72__delta,0
TEMPORAL_SEQ,body_pct__w72__diff_mean,0
TEMPORAL_SEQ,body_pct__w72__diff_std,0
TEMPORAL_SEQ,body_pct__w72__up_share,0
TEMPORAL_SEQ,body_pct__w72__late_vs_prev,0
TEMPORAL_SEQ,body_pct__w72__accel,0
TEMPORAL_SEQ,body_pct__w240__mean,0
TEMPORAL_SEQ,body_pct__w240__std,0
TEMPORAL_SEQ,body_pct__w240__min,0
TEMPORAL_SEQ,body_pct__w240__max,0
TEMPORAL_SEQ,body_pct__w240__q10,0
TEMPORAL_SEQ,body_pct__w240__q25,0
TEMPORAL_SEQ,body_pct__w240__q75,0
TEMPORAL_SEQ,body_pct__w240__q90,0
TEMPORAL_SEQ,body_pct__w240__z,0
TEMPORAL_SEQ,body_pct__w240__pos,0
TEMPORAL_SEQ,body_pct__w240__delta,0
TEMPORAL_SEQ,body_pct__w240__diff_mean,0
TEMPORAL_SEQ,body_pct__w240__diff_std,0
TEMPORAL_SEQ,body_pct__w240__up_share,0
TEMPORAL_SEQ,body_pct__w240__late_vs_prev,0
TEMPORAL_SEQ,body_pct__w240__accel,0
TEMPORAL_SEQ,range_pct__now,0
TEMPORAL_SEQ,range_pct__d1,0
TEMPORAL_SEQ,range_pct__d3,0
TEMPORAL_SEQ,range_pct__d6,0
TEMPORAL_SEQ,range_pct__d12,0
TEMPORAL_SEQ,range_pct__d24,0
TEMPORAL_SEQ,range_pct__w24__mean,0
TEMPORAL_SEQ,range_pct__w24__std,0
TEMPORAL_SEQ,range_pct__w24__min,0
TEMPORAL_SEQ,range_pct__w24__max,0
TEMPORAL_SEQ,range_pct__w24__q10,0
TEMPORAL_SEQ,range_pct__w24__q25,0
TEMPORAL_SEQ,range_pct__w24__q75,0
TEMPORAL_SEQ,range_pct__w24__q90,0
TEMPORAL_SEQ,range_pct__w24__z,0
TEMPORAL_SEQ,range_pct__w24__pos,0
TEMPORAL_SEQ,range_pct__w24__delta,0
TEMPORAL_SEQ,range_pct__w24__diff_mean,0
TEMPORAL_SEQ,range_pct__w24__diff_std,0
TEMPORAL_SEQ,range_pct__w24__up_share,0
TEMPORAL_SEQ,range_pct__w24__late_vs_prev,0
TEMPORAL_SEQ,range_pct__w24__accel,0
TEMPORAL_SEQ,range_pct__w72__mean,0
TEMPORAL_SEQ,range_pct__w72__std,0
TEMPORAL_SEQ,range_pct__w72__min,0
TEMPORAL_SEQ,range_pct__w72__max,0
TEMPORAL_SEQ,range_pct__w72__q10,0
TEMPORAL_SEQ,range_pct__w72__q25,0
TEMPORAL_SEQ,range_pct__w72__q75,0
TEMPORAL_SEQ,range_pct__w72__q90,0
TEMPORAL_SEQ,range_pct__w72__z,0
TEMPORAL_SEQ,range_pct__w72__pos,0
TEMPORAL_SEQ,range_pct__w72__delta,0
TEMPORAL_SEQ,range_pct__w72__diff_mean,0
TEMPORAL_SEQ,range_pct__w72__diff_std,0
TEMPORAL_SEQ,range_pct__w72__up_share,0
TEMPORAL_SEQ,range_pct__w72__late_vs_prev,0
TEMPORAL_SEQ,range_pct__w72__accel,0
TEMPORAL_SEQ,range_pct__w240__mean,0
TEMPORAL_SEQ,range_pct__w240__std,0
TEMPORAL_SEQ,range_pct__w240__min,0
TEMPORAL_SEQ,range_pct__w240__max,0
TEMPORAL_SEQ,range_pct__w240__q10,0
TEMPORAL_SEQ,range_pct__w240__q75,0
TEMPORAL_SEQ,range_pct__w240__q90,0
TEMPORAL_SEQ,range_pct__w240__z,0
TEMPORAL_SEQ,range_pct__w240__pos,0
TEMPORAL_SEQ,range_pct__w240__delta,0
TEMPORAL_SEQ,range_pct__w240__diff_mean,0
TEMPORAL_SEQ,range_pct__w240__diff_std,0
TEMPORAL_SEQ,range_pct__w240__up_share,0
TEMPORAL_SEQ,range_pct__w240__accel,0
TEMPORAL_SEQ,lower_wick__now,0
TEMPORAL_SEQ,lower_wick__d1,0
TEMPORAL_SEQ,lower_wick__d3,0
TEMPORAL_SEQ,lower_wick__d6,0
TEMPORAL_SEQ,lower_wick__d12,0
TEMPORAL_SEQ,lower_wick__d24,0
TEMPORAL_SEQ,lower_wick__w24__mean,0
TEMPORAL_SEQ,lower_wick__w24__std,0
TEMPORAL_SEQ,lower_wick__w24__min,0
TEMPORAL_SEQ,lower_wick__w24__max,0
TEMPORAL_SEQ,lower_wick__w24__q10,0
TEMPORAL_SEQ,lower_wick__w24__q25,0
TEMPORAL_SEQ,lower_wick__w24__q75,0
TEMPORAL_SEQ,lower_wick__w24__q90,0
TEMPORAL_SEQ,lower_wick__w24__z,0
TEMPORAL_SEQ,lower_wick__w24__pos,0
TEMPORAL_SEQ,lower_wick__w24__delta,0
TEMPORAL_SEQ,lower_wick__w24__diff_mean,0
TEMPORAL_SEQ,lower_wick__w24__diff_std,0
TEMPORAL_SEQ,lower_wick__w24__up_share,0
TEMPORAL_SEQ,lower_wick__w24__late_vs_prev,0
TEMPORAL_SEQ,lower_wick__w24__accel,0
TEMPORAL_SEQ,lower_wick__w72__mean,0
TEMPORAL_SEQ,lower_wick__w72__std,0
TEMPORAL_SEQ,lower_wick__w72__min,0
TEMPORAL_SEQ,lower_wick__w72__max,0
TEMPORAL_SEQ,lower_wick__w72__q10,0
TEMPORAL_SEQ,lower_wick__w72__q25,0
TEMPORAL_SEQ,lower_wick__w72__q75,0
TEMPORAL_SEQ,lower_wick__w72__q90,0
TEMPORAL_SEQ,lower_wick__w72__z,0
TEMPORAL_SEQ,lower_wick__w72__pos,0
TEMPORAL_SEQ,lower_wick__w72__delta,0
TEMPORAL_SEQ,lower_wick__w72__diff_mean,0
TEMPORAL_SEQ,lower_wick__w72__diff_std,0
TEMPORAL_SEQ,lower_wick__w72__up_share,0
TEMPORAL_SEQ,lower_wick__w72__late_vs_prev,0
TEMPORAL_SEQ,lower_wick__w72__accel,0
TEMPORAL_SEQ,lower_wick__w240__mean,0
TEMPORAL_SEQ,lower_wick__w240__std,0
TEMPORAL_SEQ,lower_wick__w240__min,0
TEMPORAL_SEQ,lower_wick__w240__max,0
TEMPORAL_SEQ,lower_wick__w240__q10,0
TEMPORAL_SEQ,lower_wick__w240__q25,0
TEMPORAL_SEQ,lower_wick__w240__q75,0
TEMPORAL_SEQ,lower_wick__w240__q90,0
TEMPORAL_SEQ,lower_wick__w240__z,0
TEMPORAL_SEQ,lower_wick__w240__pos,0
TEMPORAL_SEQ,lower_wick__w240__delta,0
TEMPORAL_SEQ,lower_wick__w240__diff_mean,0
TEMPORAL_SEQ,lower_wick__w240__diff_std,0
TEMPORAL_SEQ,lower_wick__w240__up_share,0
TEMPORAL_SEQ,lower_wick__w240__late_vs_prev,0
TEMPORAL_SEQ,lower_wick__w240__accel,0
TEMPORAL_SEQ,upper_wick__now,0
TEMPORAL_SEQ,upper_wick__d1,0
TEMPORAL_SEQ,upper_wick__d3,0
TEMPORAL_SEQ,upper_wick__d6,0
TEMPORAL_SEQ,upper_wick__d12,0
TEMPORAL_SEQ,upper_wick__d24,0
TEMPORAL_SEQ,upper_wick__w24__mean,0
TEMPORAL_SEQ,upper_wick__w24__std,0
TEMPORAL_SEQ,upper_wick__w24__min,0
TEMPORAL_SEQ,upper_wick__w24__max,0
TEMPORAL_SEQ,upper_wick__w24__q10,0
TEMPORAL_SEQ,upper_wick__w24__q25,0
TEMPORAL_SEQ,upper_wick__w24__q75,0
TEMPORAL_SEQ,upper_wick__w24__q90,0
TEMPORAL_SEQ,upper_wick__w24__z,0
TEMPORAL_SEQ,upper_wick__w24__pos,0
TEMPORAL_SEQ,upper_wick__w24__delta,0
TEMPORAL_SEQ,upper_wick__w24__diff_mean,0
TEMPORAL_SEQ,upper_wick__w24__diff_std,0
TEMPORAL_SEQ,upper_wick__w24__up_share,0
TEMPORAL_SEQ,upper_wick__w24__late_vs_prev,0
TEMPORAL_SEQ,upper_wick__w24__accel,0
TEMPORAL_SEQ,upper_wick__w72__mean,0
TEMPORAL_SEQ,upper_wick__w72__std,0
TEMPORAL_SEQ,upper_wick__w72__min,0
TEMPORAL_SEQ,upper_wick__w72__max,0
TEMPORAL_SEQ,upper_wick__w72__q10,0
TEMPORAL_SEQ,upper_wick__w72__q25,0
TEMPORAL_SEQ,upper_wick__w72__q75,0
TEMPORAL_SEQ,upper_wick__w72__q90,0
TEMPORAL_SEQ,upper_wick__w72__z,0
TEMPORAL_SEQ,upper_wick__w72__pos,0
TEMPORAL_SEQ,upper_wick__w72__delta,0
TEMPORAL_SEQ,upper_wick__w72__diff_mean,0
TEMPORAL_SEQ,upper_wick__w72__diff_std,0
TEMPORAL_SEQ,upper_wick__w72__up_share,0
TEMPORAL_SEQ,upper_wick__w72__late_vs_prev,0
TEMPORAL_SEQ,upper_wick__w72__accel,0
TEMPORAL_SEQ,upper_wick__w240__mean,0
TEMPORAL_SEQ,upper_wick__w240__std,0
TEMPORAL_SEQ,upper_wick__w240__min,0
TEMPORAL_SEQ,upper_wick__w240__max,0
TEMPORAL_SEQ,upper_wick__w240__q10,0
TEMPORAL_SEQ,upper_wick__w240__q25,0
TEMPORAL_SEQ,upper_wick__w240__q75,0
TEMPORAL_SEQ,upper_wick__w240__q90,0
TEMPORAL_SEQ,upper_wick__w240__z,0
TEMPORAL_SEQ,upper_wick__w240__pos,0
TEMPORAL_SEQ,upper_wick__w240__delta,0
TEMPORAL_SEQ,upper_wick__w240__diff_mean,0
TEMPORAL_SEQ,upper_wick__w240__diff_std,0
TEMPORAL_SEQ,upper_wick__w240__up_share,0
TEMPORAL_SEQ,upper_wick__w240__late_vs_prev,0
TEMPORAL_SEQ,upper_wick__w240__accel,0
TEMPORAL_SEQ,close_location__now,0
TEMPORAL_SEQ,close_location__d1,0
TEMPORAL_SEQ,close_location__d3,0
TEMPORAL_SEQ,close_location__d6,0
TEMPORAL_SEQ,close_location__d12,0
TEMPORAL_SEQ,close_location__d24,0
TEMPORAL_SEQ,close_location__w24__mean,0
TEMPORAL_SEQ,close_location__w24__std,0
TEMPORAL_SEQ,close_location__w24__min,0
TEMPORAL_SEQ,close_location__w24__max,0
TEMPORAL_SEQ,close_location__w24__q10,0
TEMPORAL_SEQ,close_location__w24__q25,0
TEMPORAL_SEQ,close_location__w24__q90,0
TEMPORAL_SEQ,close_location__w24__z,0
TEMPORAL_SEQ,close_location__w24__pos,0
TEMPORAL_SEQ,close_location__w24__delta,0
TEMPORAL_SEQ,close_location__w24__diff_mean,0
TEMPORAL_SEQ,close_location__w24__diff_std,0
TEMPORAL_SEQ,close_location__w24__up_share,0
TEMPORAL_SEQ,close_location__w24__late_vs_prev,0
TEMPORAL_SEQ,close_location__w24__accel,0
TEMPORAL_SEQ,close_location__w72__mean,0
TEMPORAL_SEQ,close_location__w72__std,0
TEMPORAL_SEQ,close_location__w72__min,0
TEMPORAL_SEQ,close_location__w72__max,0
TEMPORAL_SEQ,close_location__w72__q10,0
TEMPORAL_SEQ,close_location__w72__q25,0
TEMPORAL_SEQ,close_location__w72__q75,0
TEMPORAL_SEQ,close_location__w72__q90,0
TEMPORAL_SEQ,close_location__w72__z,0
TEMPORAL_SEQ,close_location__w72__pos,0
TEMPORAL_SEQ,close_location__w72__delta,0
TEMPORAL_SEQ,close_location__w72__diff_mean,0
TEMPORAL_SEQ,close_location__w72__diff_std,0
TEMPORAL_SEQ,close_location__w72__up_share,0
TEMPORAL_SEQ,close_location__w72__late_vs_prev,0
TEMPORAL_SEQ,close_location__w72__accel,0
TEMPORAL_SEQ,close_location__w240__mean,0
TEMPORAL_SEQ,close_location__w240__std,0
TEMPORAL_SEQ,close_location__w240__min,0
TEMPORAL_SEQ,close_location__w240__max,0
TEMPORAL_SEQ,close_location__w240__q10,0
TEMPORAL_SEQ,close_location__w240__q25,0
TEMPORAL_SEQ,close_location__w240__q75,0
TEMPORAL_SEQ,close_location__w240__q90,0
TEMPORAL_SEQ,close_location__w240__z,0
TEMPORAL_SEQ,close_location__w240__pos,0
TEMPORAL_SEQ,close_location__w240__delta,0
TEMPORAL_SEQ,close_location__w240__diff_mean,0
TEMPORAL_SEQ,close_location__w240__diff_std,0
TEMPORAL_SEQ,close_location__w240__up_share,0
TEMPORAL_SEQ,close_location__w240__late_vs_prev,0
TEMPORAL_SEQ,close_location__w240__accel,0
TEMPORAL_SEQ,volume_rel72__now,0
TEMPORAL_SEQ,volume_rel72__d1,0
TEMPORAL_SEQ,volume_rel72__d3,0
TEMPORAL_SEQ,volume_rel72__d6,0
TEMPORAL_SEQ,volume_rel72__d12,0
TEMPORAL_SEQ,volume_rel72__d24,0
TEMPORAL_SEQ,volume_rel72__w24__mean,0
TEMPORAL_SEQ,volume_rel72__w24__std,0
TEMPORAL_SEQ,volume_rel72__w24__min,0
TEMPORAL_SEQ,volume_rel72__w24__max,0
TEMPORAL_SEQ,volume_rel72__w24__q10,0
TEMPORAL_SEQ,volume_rel72__w24__q25,0
TEMPORAL_SEQ,volume_rel72__w24__q75,0
TEMPORAL_SEQ,volume_rel72__w24__q90,0
TEMPORAL_SEQ,volume_rel72__w24__z,0
TEMPORAL_SEQ,volume_rel72__w24__pos,0
TEMPORAL_SEQ,volume_rel72__w24__delta,0
TEMPORAL_SEQ,volume_rel72__w24__diff_mean,0
TEMPORAL_SEQ,volume_rel72__w24__diff_std,0
TEMPORAL_SEQ,volume_rel72__w24__up_share,0
TEMPORAL_SEQ,volume_rel72__w24__late_vs_prev,0
TEMPORAL_SEQ,volume_rel72__w24__accel,0
TEMPORAL_SEQ,volume_rel72__w72__mean,0
TEMPORAL_SEQ,volume_rel72__w72__min,0
TEMPORAL_SEQ,volume_rel72__w72__max,0
TEMPORAL_SEQ,volume_rel72__w72__q10,0
TEMPORAL_SEQ,volume_rel72__w72__q25,0
TEMPORAL_SEQ,volume_rel72__w72__q75,0
TEMPORAL_SEQ,volume_rel72__w72__q90,0
TEMPORAL_SEQ,volume_rel72__w72__z,0
TEMPORAL_SEQ,volume_rel72__w72__pos,0
TEMPORAL_SEQ,volume_rel72__w72__delta,0
TEMPORAL_SEQ,volume_rel72__w72__diff_mean,0
TEMPORAL_SEQ,volume_rel72__w72__diff_std,0
TEMPORAL_SEQ,volume_rel72__w72__up_share,0
TEMPORAL_SEQ,volume_rel72__w72__late_vs_prev,0
TEMPORAL_SEQ,volume_rel72__w72__accel,0
TEMPORAL_SEQ,volume_rel72__w240__mean,0
TEMPORAL_SEQ,volume_rel72__w240__std,0
TEMPORAL_SEQ,volume_rel72__w240__min,0
TEMPORAL_SEQ,volume_rel72__w240__max,0
TEMPORAL_SEQ,volume_rel72__w240__q10,0
TEMPORAL_SEQ,volume_rel72__w240__q25,0
TEMPORAL_SEQ,volume_rel72__w240__q90,0
TEMPORAL_SEQ,volume_rel72__w240__z,0
TEMPORAL_SEQ,volume_rel72__w240__pos,0
TEMPORAL_SEQ,volume_rel72__w240__delta,0
TEMPORAL_SEQ,volume_rel72__w240__diff_mean,0
TEMPORAL_SEQ,volume_rel72__w240__diff_std,0
TEMPORAL_SEQ,volume_rel72__w240__up_share,0
TEMPORAL_SEQ,volume_rel72__w240__late_vs_prev,0
TEMPORAL_SEQ,volume_rel72__w240__accel,0
TEMPORAL_SEQ,trades_rel72__now,0
TEMPORAL_SEQ,trades_rel72__d1,0
TEMPORAL_SEQ,trades_rel72__d3,0
TEMPORAL_SEQ,trades_rel72__d6,0
TEMPORAL_SEQ,trades_rel72__d12,0
TEMPORAL_SEQ,trades_rel72__d24,0
TEMPORAL_SEQ,trades_rel72__w24__mean,0
TEMPORAL_SEQ,trades_rel72__w24__std,0
TEMPORAL_SEQ,trades_rel72__w24__min,0
TEMPORAL_SEQ,trades_rel72__w24__max,0
TEMPORAL_SEQ,trades_rel72__w24__q10,0
TEMPORAL_SEQ,trades_rel72__w24__q25,0
TEMPORAL_SEQ,trades_rel72__w24__q75,0
TEMPORAL_SEQ,trades_rel72__w24__q90,0
TEMPORAL_SEQ,trades_rel72__w24__z,0
TEMPORAL_SEQ,trades_rel72__w24__pos,0
TEMPORAL_SEQ,trades_rel72__w24__delta,0
TEMPORAL_SEQ,trades_rel72__w24__diff_mean,0
TEMPORAL_SEQ,trades_rel72__w24__diff_std,0
TEMPORAL_SEQ,trades_rel72__w24__up_share,0
TEMPORAL_SEQ,trades_rel72__w24__late_vs_prev,0
TEMPORAL_SEQ,trades_rel72__w24__accel,0
TEMPORAL_SEQ,trades_rel72__w72__mean,0
TEMPORAL_SEQ,trades_rel72__w72__std,0
TEMPORAL_SEQ,trades_rel72__w72__min,0
TEMPORAL_SEQ,trades_rel72__w72__max,0
TEMPORAL_SEQ,trades_rel72__w72__q10,0
TEMPORAL_SEQ,trades_rel72__w72__q25,0
TEMPORAL_SEQ,trades_rel72__w72__q75,0
TEMPORAL_SEQ,trades_rel72__w72__q90,0
TEMPORAL_SEQ,trades_rel72__w72__z,0
TEMPORAL_SEQ,trades_rel72__w72__pos,0
TEMPORAL_SEQ,trades_rel72__w72__delta,0
TEMPORAL_SEQ,trades_rel72__w72__diff_mean,0
TEMPORAL_SEQ,trades_rel72__w72__diff_std,0
TEMPORAL_SEQ,trades_rel72__w72__up_share,0
TEMPORAL_SEQ,trades_rel72__w72__late_vs_prev,0
TEMPORAL_SEQ,trades_rel72__w72__accel,0
TEMPORAL_SEQ,trades_rel72__w240__mean,0
TEMPORAL_SEQ,trades_rel72__w240__std,0
TEMPORAL_SEQ,trades_rel72__w240__min,0
TEMPORAL_SEQ,trades_rel72__w240__max,0
TEMPORAL_SEQ,trades_rel72__w240__q25,0
TEMPORAL_SEQ,trades_rel72__w240__q75,0
TEMPORAL_SEQ,trades_rel72__w240__q90,0
TEMPORAL_SEQ,trades_rel72__w240__z,0
TEMPORAL_SEQ,trades_rel72__w240__pos,0
TEMPORAL_SEQ,trades_rel72__w240__delta,0
TEMPORAL_SEQ,trades_rel72__w240__diff_mean,0
TEMPORAL_SEQ,trades_rel72__w240__diff_std,0
TEMPORAL_SEQ,trades_rel72__w240__up_share,0
TEMPORAL_SEQ,trades_rel72__w240__late_vs_prev,0
TEMPORAL_SEQ,trades_rel72__w240__accel,0
TEMPORAL_SEQ,taker_share__now,0
TEMPORAL_SEQ,taker_share__d1,0
TEMPORAL_SEQ,taker_share__d3,0
TEMPORAL_SEQ,taker_share__d6,0
TEMPORAL_SEQ,taker_share__d12,0
TEMPORAL_SEQ,taker_share__d24,0
TEMPORAL_SEQ,taker_share__w24__std,0
TEMPORAL_SEQ,taker_share__w24__min,0
TEMPORAL_SEQ,taker_share__w24__q10,0
TEMPORAL_SEQ,taker_share__w24__q25,0
TEMPORAL_SEQ,taker_share__w24__q75,0
TEMPORAL_SEQ,taker_share__w24__q90,0
TEMPORAL_SEQ,taker_share__w24__z,0
TEMPORAL_SEQ,taker_share__w24__pos,0
TEMPORAL_SEQ,taker_share__w24__delta,0
TEMPORAL_SEQ,taker_share__w24__diff_mean,0
TEMPORAL_SEQ,taker_share__w24__diff_std,0
TEMPORAL_SEQ,taker_share__w24__up_share,0
TEMPORAL_SEQ,taker_share__w24__late_vs_prev,0
TEMPORAL_SEQ,taker_share__w24__accel,0
TEMPORAL_SEQ,taker_share__w72__std,0
TEMPORAL_SEQ,taker_share__w72__min,0
TEMPORAL_SEQ,taker_share__w72__max,0
TEMPORAL_SEQ,taker_share__w72__q25,0
TEMPORAL_SEQ,taker_share__w72__q75,0
TEMPORAL_SEQ,taker_share__w72__q90,0
TEMPORAL_SEQ,taker_share__w72__z,0
TEMPORAL_SEQ,taker_share__w72__pos,0
TEMPORAL_SEQ,taker_share__w72__delta,0
TEMPORAL_SEQ,taker_share__w72__diff_mean,0
TEMPORAL_SEQ,taker_share__w72__diff_std,0
TEMPORAL_SEQ,taker_share__w72__up_share,0
TEMPORAL_SEQ,taker_share__w72__late_vs_prev,0
TEMPORAL_SEQ,taker_share__w72__accel,0
TEMPORAL_SEQ,taker_share__w240__mean,0
TEMPORAL_SEQ,taker_share__w240__std,0
TEMPORAL_SEQ,taker_share__w240__min,0
TEMPORAL_SEQ,taker_share__w240__max,0
TEMPORAL_SEQ,taker_share__w240__q10,0
TEMPORAL_SEQ,taker_share__w240__q25,0
TEMPORAL_SEQ,taker_share__w240__q75,0
TEMPORAL_SEQ,taker_share__w240__q90,0
TEMPORAL_SEQ,taker_share__w240__z,0
TEMPORAL_SEQ,taker_share__w240__pos,0
TEMPORAL_SEQ,taker_share__w240__delta,0
TEMPORAL_SEQ,taker_share__w240__diff_mean,0
TEMPORAL_SEQ,taker_share__w240__diff_std,0
TEMPORAL_SEQ,taker_share__w240__up_share,0
TEMPORAL_SEQ,taker_share__w240__late_vs_prev,0
TEMPORAL_SEQ,taker_share__w240__accel,0
TEMPORAL_SEQ,rsi6__now,0
TEMPORAL_SEQ,rsi6__d1,0
TEMPORAL_SEQ,rsi6__d3,0
TEMPORAL_SEQ,rsi6__d6,0
TEMPORAL_SEQ,rsi6__d12,0
TEMPORAL_SEQ,rsi6__d24,0
TEMPORAL_SEQ,rsi6__w24__mean,0
TEMPORAL_SEQ,rsi6__w24__std,0
TEMPORAL_SEQ,rsi6__w24__min,0
TEMPORAL_SEQ,rsi6__w24__q10,0
TEMPORAL_SEQ,rsi6__w24__q25,0
TEMPORAL_SEQ,rsi6__w24__q75,0
TEMPORAL_SEQ,rsi6__w24__q90,0
TEMPORAL_SEQ,rsi6__w24__z,0
TEMPORAL_SEQ,rsi6__w24__pos,0
TEMPORAL_SEQ,rsi6__w24__delta,0
TEMPORAL_SEQ,rsi6__w24__diff_mean,0
TEMPORAL_SEQ,rsi6__w24__diff_std,0
TEMPORAL_SEQ,rsi6__w24__up_share,0
TEMPORAL_SEQ,rsi6__w24__late_vs_prev,0
TEMPORAL_SEQ,rsi6__w24__accel,0
TEMPORAL_SEQ,rsi6__w72__mean,0
TEMPORAL_SEQ,rsi6__w72__std,0
TEMPORAL_SEQ,rsi6__w72__min,0
TEMPORAL_SEQ,rsi6__w72__max,0
TEMPORAL_SEQ,rsi6__w72__q10,0
TEMPORAL_SEQ,rsi6__w72__q25,0
TEMPORAL_SEQ,rsi6__w72__q75,0
TEMPORAL_SEQ,rsi6__w72__q90,0
TEMPORAL_SEQ,rsi6__w72__z,0
TEMPORAL_SEQ,rsi6__w72__pos,0
TEMPORAL_SEQ,rsi6__w72__delta,0
TEMPORAL_SEQ,rsi6__w72__diff_mean,0
TEMPORAL_SEQ,rsi6__w72__diff_std,0
TEMPORAL_SEQ,rsi6__w72__up_share,0
TEMPORAL_SEQ,rsi6__w72__late_vs_prev,0
TEMPORAL_SEQ,rsi6__w72__accel,0
TEMPORAL_SEQ,rsi6__w240__mean,0
TEMPORAL_SEQ,rsi6__w240__std,0
TEMPORAL_SEQ,rsi6__w240__min,0
TEMPORAL_SEQ,rsi6__w240__max,0
TEMPORAL_SEQ,rsi6__w240__q10,0
TEMPORAL_SEQ,rsi6__w240__q25,0
TEMPORAL_SEQ,rsi6__w240__q75,0
TEMPORAL_SEQ,rsi6__w240__q90,0
TEMPORAL_SEQ,rsi6__w240__z,0
TEMPORAL_SEQ,rsi6__w240__pos,0
TEMPORAL_SEQ,rsi6__w240__delta,0
TEMPORAL_SEQ,rsi6__w240__diff_mean,0
TEMPORAL_SEQ,rsi6__w240__diff_std,0
TEMPORAL_SEQ,rsi6__w240__up_share,0
TEMPORAL_SEQ,rsi6__w240__late_vs_prev,0
TEMPORAL_SEQ,rsi6__w240__accel,0
TEMPORAL_SEQ,rsi14__now,0
TEMPORAL_SEQ,rsi14__d1,0
TEMPORAL_SEQ,rsi14__d3,0
TEMPORAL_SEQ,rsi14__d6,0
TEMPORAL_SEQ,rsi14__d12,0
TEMPORAL_SEQ,rsi14__d24,0
TEMPORAL_SEQ,rsi14__w24__mean,0
TEMPORAL_SEQ,rsi14__w24__std,0
TEMPORAL_SEQ,rsi14__w24__min,0
TEMPORAL_SEQ,rsi14__w24__max,0
TEMPORAL_SEQ,rsi14__w24__q10,0
TEMPORAL_SEQ,rsi14__w24__q25,0
TEMPORAL_SEQ,rsi14__w24__q75,0
TEMPORAL_SEQ,rsi14__w24__q90,0
TEMPORAL_SEQ,rsi14__w24__z,0
TEMPORAL_SEQ,rsi14__w24__pos,0
TEMPORAL_SEQ,rsi14__w24__delta,0
TEMPORAL_SEQ,rsi14__w24__diff_mean,0
TEMPORAL_SEQ,rsi14__w24__diff_std,0
TEMPORAL_SEQ,rsi14__w24__up_share,0
TEMPORAL_SEQ,rsi14__w24__late_vs_prev,0
TEMPORAL_SEQ,rsi14__w24__accel,0
TEMPORAL_SEQ,rsi14__w72__mean,0
TEMPORAL_SEQ,rsi14__w72__std,0
TEMPORAL_SEQ,rsi14__w72__min,0
TEMPORAL_SEQ,rsi14__w72__max,0
TEMPORAL_SEQ,rsi14__w72__q10,0
TEMPORAL_SEQ,rsi14__w72__q25,0
TEMPORAL_SEQ,rsi14__w72__q75,0
TEMPORAL_SEQ,rsi14__w72__q90,0
TEMPORAL_SEQ,rsi14__w72__z,0
TEMPORAL_SEQ,rsi14__w72__pos,0
TEMPORAL_SEQ,rsi14__w72__delta,0
TEMPORAL_SEQ,rsi14__w72__diff_mean,0
TEMPORAL_SEQ,rsi14__w72__diff_std,0
TEMPORAL_SEQ,rsi14__w72__up_share,0
TEMPORAL_SEQ,rsi14__w72__late_vs_prev,0
TEMPORAL_SEQ,rsi14__w72__accel,0
TEMPORAL_SEQ,rsi14__w240__mean,0
TEMPORAL_SEQ,rsi14__w240__std,0
TEMPORAL_SEQ,rsi14__w240__min,0
TEMPORAL_SEQ,rsi14__w240__max,0
TEMPORAL_SEQ,rsi14__w240__q10,0
TEMPORAL_SEQ,rsi14__w240__q25,0
TEMPORAL_SEQ,rsi14__w240__q75,0
TEMPORAL_SEQ,rsi14__w240__q90,0
TEMPORAL_SEQ,rsi14__w240__z,0
TEMPORAL_SEQ,rsi14__w240__pos,0
TEMPORAL_SEQ,rsi14__w240__delta,0
TEMPORAL_SEQ,rsi14__w240__diff_mean,0
TEMPORAL_SEQ,rsi14__w240__diff_std,0
TEMPORAL_SEQ,rsi14__w240__up_share,0
TEMPORAL_SEQ,rsi14__w240__late_vs_prev,0
TEMPORAL_SEQ,rsi14__w240__accel,0
TEMPORAL_SEQ,rsi24__now,0
TEMPORAL_SEQ,rsi24__d1,0
TEMPORAL_SEQ,rsi24__d3,0
TEMPORAL_SEQ,rsi24__d6,0
TEMPORAL_SEQ,rsi24__d12,0
TEMPORAL_SEQ,rsi24__d24,0
TEMPORAL_SEQ,rsi24__w24__mean,0
TEMPORAL_SEQ,rsi24__w24__std,0
TEMPORAL_SEQ,rsi24__w24__min,0
TEMPORAL_SEQ,rsi24__w24__max,0
TEMPORAL_SEQ,rsi24__w24__q10,0
TEMPORAL_SEQ,rsi24__w24__q25,0
TEMPORAL_SEQ,rsi24__w24__q75,0
TEMPORAL_SEQ,rsi24__w24__q90,0
TEMPORAL_SEQ,rsi24__w24__z,0
TEMPORAL_SEQ,rsi24__w24__pos,0
TEMPORAL_SEQ,rsi24__w24__delta,0
TEMPORAL_SEQ,rsi24__w24__diff_mean,0
TEMPORAL_SEQ,rsi24__w24__diff_std,0
TEMPORAL_SEQ,rsi24__w24__up_share,0
TEMPORAL_SEQ,rsi24__w24__late_vs_prev,0
TEMPORAL_SEQ,rsi24__w24__accel,0
TEMPORAL_SEQ,rsi24__w72__mean,0
TEMPORAL_SEQ,rsi24__w72__std,0
TEMPORAL_SEQ,rsi24__w72__min,0
TEMPORAL_SEQ,rsi24__w72__max,0
TEMPORAL_SEQ,rsi24__w72__q10,0
TEMPORAL_SEQ,rsi24__w72__q25,0
TEMPORAL_SEQ,rsi24__w72__q75,0
TEMPORAL_SEQ,rsi24__w72__q90,0
TEMPORAL_SEQ,rsi24__w72__z,0
TEMPORAL_SEQ,rsi24__w72__pos,0
TEMPORAL_SEQ,rsi24__w72__delta,0
TEMPORAL_SEQ,rsi24__w72__diff_mean,0
TEMPORAL_SEQ,rsi24__w72__diff_std,0
TEMPORAL_SEQ,rsi24__w72__up_share,0
TEMPORAL_SEQ,rsi24__w72__late_vs_prev,0
TEMPORAL_SEQ,rsi24__w72__accel,0
TEMPORAL_SEQ,rsi24__w240__mean,0
TEMPORAL_SEQ,rsi24__w240__std,0
TEMPORAL_SEQ,rsi24__w240__min,0
TEMPORAL_SEQ,rsi24__w240__max,0
TEMPORAL_SEQ,rsi24__w240__q10,0
TEMPORAL_SEQ,rsi24__w240__q25,0
TEMPORAL_SEQ,rsi24__w240__q75,0
TEMPORAL_SEQ,rsi24__w240__q90,0
TEMPORAL_SEQ,rsi24__w240__pos,0
TEMPORAL_SEQ,rsi24__w240__delta,0
TEMPORAL_SEQ,rsi24__w240__diff_mean,0
TEMPORAL_SEQ,rsi24__w240__diff_std,0
TEMPORAL_SEQ,rsi24__w240__up_share,0
TEMPORAL_SEQ,rsi24__w240__late_vs_prev,0
TEMPORAL_SEQ,rsi24__w240__accel,0
TEMPORAL_SEQ,macd_pct__now,0
TEMPORAL_SEQ,macd_pct__d1,0
TEMPORAL_SEQ,macd_pct__d3,0
TEMPORAL_SEQ,macd_pct__d6,0
TEMPORAL_SEQ,macd_pct__d12,0
TEMPORAL_SEQ,macd_pct__d24,0
TEMPORAL_SEQ,macd_pct__w24__mean,0
TEMPORAL_SEQ,macd_pct__w24__std,0
TEMPORAL_SEQ,macd_pct__w24__min,0
TEMPORAL_SEQ,macd_pct__w24__max,0
TEMPORAL_SEQ,macd_pct__w24__q10,0
TEMPORAL_SEQ,macd_pct__w24__q25,0
TEMPORAL_SEQ,macd_pct__w24__q75,0
TEMPORAL_SEQ,macd_pct__w24__q90,0
TEMPORAL_SEQ,macd_pct__w24__pos,0
TEMPORAL_SEQ,macd_pct__w24__delta,0
TEMPORAL_SEQ,macd_pct__w24__diff_mean,0
TEMPORAL_SEQ,macd_pct__w24__diff_std,0
TEMPORAL_SEQ,macd_pct__w24__up_share,0
TEMPORAL_SEQ,macd_pct__w24__late_vs_prev,0
TEMPORAL_SEQ,macd_pct__w24__accel,0
TEMPORAL_SEQ,macd_pct__w72__mean,0
TEMPORAL_SEQ,macd_pct__w72__std,0
TEMPORAL_SEQ,macd_pct__w72__min,0
TEMPORAL_SEQ,macd_pct__w72__max,0
TEMPORAL_SEQ,macd_pct__w72__q10,0
TEMPORAL_SEQ,macd_pct__w72__q25,0
TEMPORAL_SEQ,macd_pct__w72__q75,0
TEMPORAL_SEQ,macd_pct__w72__q90,0
TEMPORAL_SEQ,macd_pct__w72__z,0
TEMPORAL_SEQ,macd_pct__w72__pos,0
TEMPORAL_SEQ,macd_pct__w72__delta,0
TEMPORAL_SEQ,macd_pct__w72__diff_mean,0
TEMPORAL_SEQ,macd_pct__w72__diff_std,0
TEMPORAL_SEQ,macd_pct__w72__up_share,0
TEMPORAL_SEQ,macd_pct__w72__late_vs_prev,0
TEMPORAL_SEQ,macd_pct__w72__accel,0
TEMPORAL_SEQ,macd_pct__w240__mean,0
TEMPORAL_SEQ,macd_pct__w240__std,0
TEMPORAL_SEQ,macd_pct__w240__min,0
TEMPORAL_SEQ,macd_pct__w240__max,0
TEMPORAL_SEQ,macd_pct__w240__q10,0
TEMPORAL_SEQ,macd_pct__w240__q25,0
TEMPORAL_SEQ,macd_pct__w240__q75,0
TEMPORAL_SEQ,macd_pct__w240__q90,0
TEMPORAL_SEQ,macd_pct__w240__z,0
TEMPORAL_SEQ,macd_pct__w240__pos,0
TEMPORAL_SEQ,macd_pct__w240__delta,0
TEMPORAL_SEQ,macd_pct__w240__diff_mean,0
TEMPORAL_SEQ,macd_pct__w240__diff_std,0
TEMPORAL_SEQ,macd_pct__w240__up_share,0
TEMPORAL_SEQ,macd_pct__w240__late_vs_prev,0
TEMPORAL_SEQ,macd_pct__w240__accel,0
TEMPORAL_SEQ,macd_signal_pct__now,0
TEMPORAL_SEQ,macd_signal_pct__d1,0
TEMPORAL_SEQ,macd_signal_pct__d3,0
TEMPORAL_SEQ,macd_signal_pct__d6,0
TEMPORAL_SEQ,macd_signal_pct__d12,0
TEMPORAL_SEQ,macd_signal_pct__d24,0
TEMPORAL_SEQ,macd_signal_pct__w24__mean,0
TEMPORAL_SEQ,macd_signal_pct__w24__std,0
TEMPORAL_SEQ,macd_signal_pct__w24__min,0
TEMPORAL_SEQ,macd_signal_pct__w24__max,0
TEMPORAL_SEQ,macd_signal_pct__w24__q10,0
TEMPORAL_SEQ,macd_signal_pct__w24__q25,0
TEMPORAL_SEQ,macd_signal_pct__w24__q75,0
TEMPORAL_SEQ,macd_signal_pct__w24__q90,0
TEMPORAL_SEQ,macd_signal_pct__w24__z,0
TEMPORAL_SEQ,macd_signal_pct__w24__pos,0
TEMPORAL_SEQ,macd_signal_pct__w24__delta,0
TEMPORAL_SEQ,macd_signal_pct__w24__diff_mean,0
TEMPORAL_SEQ,macd_signal_pct__w24__diff_std,0
TEMPORAL_SEQ,macd_signal_pct__w24__up_share,0
TEMPORAL_SEQ,macd_signal_pct__w24__late_vs_prev,0
TEMPORAL_SEQ,macd_signal_pct__w24__accel,0
TEMPORAL_SEQ,macd_signal_pct__w72__mean,0
TEMPORAL_SEQ,macd_signal_pct__w72__std,0
TEMPORAL_SEQ,macd_signal_pct__w72__max,0
TEMPORAL_SEQ,macd_signal_pct__w72__q10,0
TEMPORAL_SEQ,macd_signal_pct__w72__q25,0
TEMPORAL_SEQ,macd_signal_pct__w72__q75,0
TEMPORAL_SEQ,macd_signal_pct__w72__q90,0
TEMPORAL_SEQ,macd_signal_pct__w72__z,0
TEMPORAL_SEQ,macd_signal_pct__w72__pos,0
TEMPORAL_SEQ,macd_signal_pct__w72__delta,0
TEMPORAL_SEQ,macd_signal_pct__w72__diff_mean,0
TEMPORAL_SEQ,macd_signal_pct__w72__diff_std,0
TEMPORAL_SEQ,macd_signal_pct__w72__up_share,0
TEMPORAL_SEQ,macd_signal_pct__w72__late_vs_prev,0
TEMPORAL_SEQ,macd_signal_pct__w72__accel,0
TEMPORAL_SEQ,macd_signal_pct__w240__mean,0
TEMPORAL_SEQ,macd_signal_pct__w240__std,0
TEMPORAL_SEQ,macd_signal_pct__w240__min,0
TEMPORAL_SEQ,macd_signal_pct__w240__max,0
TEMPORAL_SEQ,macd_signal_pct__w240__q10,0
TEMPORAL_SEQ,macd_signal_pct__w240__q25,0
TEMPORAL_SEQ,macd_signal_pct__w240__q75,0
TEMPORAL_SEQ,macd_signal_pct__w240__q90,0
TEMPORAL_SEQ,macd_signal_pct__w240__z,0
TEMPORAL_SEQ,macd_signal_pct__w240__pos,0
TEMPORAL_SEQ,macd_signal_pct__w240__delta,0
TEMPORAL_SEQ,macd_signal_pct__w240__diff_mean,0
TEMPORAL_SEQ,macd_signal_pct__w240__diff_std,0
TEMPORAL_SEQ,macd_signal_pct__w240__up_share,0
TEMPORAL_SEQ,macd_signal_pct__w240__late_vs_prev,0
TEMPORAL_SEQ,macd_signal_pct__w240__accel,0
TEMPORAL_SEQ,macd_hist_pct__now,0
TEMPORAL_SEQ,macd_hist_pct__d1,0
TEMPORAL_SEQ,macd_hist_pct__d3,0
TEMPORAL_SEQ,macd_hist_pct__d6,0
TEMPORAL_SEQ,macd_hist_pct__d12,0
TEMPORAL_SEQ,macd_hist_pct__d24,0
TEMPORAL_SEQ,macd_hist_pct__w24__mean,0
TEMPORAL_SEQ,macd_hist_pct__w24__std,0
TEMPORAL_SEQ,macd_hist_pct__w24__min,0
TEMPORAL_SEQ,macd_hist_pct__w24__max,0
TEMPORAL_SEQ,macd_hist_pct__w24__q10,0
TEMPORAL_SEQ,macd_hist_pct__w24__q25,0
TEMPORAL_SEQ,macd_hist_pct__w24__q75,0
TEMPORAL_SEQ,macd_hist_pct__w24__q90,0
TEMPORAL_SEQ,macd_hist_pct__w24__z,0
TEMPORAL_SEQ,macd_hist_pct__w24__pos,0
TEMPORAL_SEQ,macd_hist_pct__w24__delta,0
TEMPORAL_SEQ,macd_hist_pct__w24__diff_mean,0
TEMPORAL_SEQ,macd_hist_pct__w24__diff_std,0
TEMPORAL_SEQ,macd_hist_pct__w24__up_share,0
TEMPORAL_SEQ,macd_hist_pct__w24__late_vs_prev,0
TEMPORAL_SEQ,macd_hist_pct__w24__accel,0
TEMPORAL_SEQ,macd_hist_pct__w72__mean,0
TEMPORAL_SEQ,macd_hist_pct__w72__std,0
TEMPORAL_SEQ,macd_hist_pct__w72__min,0
TEMPORAL_SEQ,macd_hist_pct__w72__max,0
TEMPORAL_SEQ,macd_hist_pct__w72__q10,0
TEMPORAL_SEQ,macd_hist_pct__w72__q25,0
TEMPORAL_SEQ,macd_hist_pct__w72__q75,0
TEMPORAL_SEQ,macd_hist_pct__w72__q90,0
TEMPORAL_SEQ,macd_hist_pct__w72__z,0
TEMPORAL_SEQ,macd_hist_pct__w72__pos,0
TEMPORAL_SEQ,macd_hist_pct__w72__delta,0
TEMPORAL_SEQ,macd_hist_pct__w72__diff_mean,0
TEMPORAL_SEQ,macd_hist_pct__w72__diff_std,0
TEMPORAL_SEQ,macd_hist_pct__w72__up_share,0
TEMPORAL_SEQ,macd_hist_pct__w72__late_vs_prev,0
TEMPORAL_SEQ,macd_hist_pct__w72__accel,0
TEMPORAL_SEQ,macd_hist_pct__w240__mean,0
TEMPORAL_SEQ,macd_hist_pct__w240__std,0
TEMPORAL_SEQ,macd_hist_pct__w240__min,0
TEMPORAL_SEQ,macd_hist_pct__w240__max,0
TEMPORAL_SEQ,macd_hist_pct__w240__q10,0
TEMPORAL_SEQ,macd_hist_pct__w240__q25,0
TEMPORAL_SEQ,macd_hist_pct__w240__q75,0
TEMPORAL_SEQ,macd_hist_pct__w240__q90,0
TEMPORAL_SEQ,macd_hist_pct__w240__z,0
TEMPORAL_SEQ,macd_hist_pct__w240__pos,0
TEMPORAL_SEQ,macd_hist_pct__w240__delta,0
TEMPORAL_SEQ,macd_hist_pct__w240__diff_mean,0
TEMPORAL_SEQ,macd_hist_pct__w240__diff_std,0
TEMPORAL_SEQ,macd_hist_pct__w240__up_share,0
TEMPORAL_SEQ,macd_hist_pct__w240__accel,0
TEMPORAL_SEQ,macd_fast_hist_pct__now,0
TEMPORAL_SEQ,macd_fast_hist_pct__d1,0
TEMPORAL_SEQ,macd_fast_hist_pct__d3,0
TEMPORAL_SEQ,macd_fast_hist_pct__d6,0
TEMPORAL_SEQ,macd_fast_hist_pct__d12,0
TEMPORAL_SEQ,macd_fast_hist_pct__d24,0
TEMPORAL_SEQ,macd_fast_hist_pct__w24__mean,0
TEMPORAL_SEQ,macd_fast_hist_pct__w24__std,0
TEMPORAL_SEQ,macd_fast_hist_pct__w24__min,0
TEMPORAL_SEQ,macd_fast_hist_pct__w24__max,0
TEMPORAL_SEQ,macd_fast_hist_pct__w24__q10,0
TEMPORAL_SEQ,macd_fast_hist_pct__w24__q25,0
TEMPORAL_SEQ,macd_fast_hist_pct__w24__q75,0
TEMPORAL_SEQ,macd_fast_hist_pct__w24__q90,0
TEMPORAL_SEQ,macd_fast_hist_pct__w24__z,0
TEMPORAL_SEQ,macd_fast_hist_pct__w24__pos,0
TEMPORAL_SEQ,macd_fast_hist_pct__w24__delta,0
TEMPORAL_SEQ,macd_fast_hist_pct__w24__diff_mean,0
TEMPORAL_SEQ,macd_fast_hist_pct__w24__diff_std,0
TEMPORAL_SEQ,macd_fast_hist_pct__w24__up_share,0
TEMPORAL_SEQ,macd_fast_hist_pct__w24__late_vs_prev,0
TEMPORAL_SEQ,macd_fast_hist_pct__w24__accel,0
TEMPORAL_SEQ,macd_fast_hist_pct__w72__mean,0
TEMPORAL_SEQ,macd_fast_hist_pct__w72__std,0
TEMPORAL_SEQ,macd_fast_hist_pct__w72__min,0
TEMPORAL_SEQ,macd_fast_hist_pct__w72__max,0
TEMPORAL_SEQ,macd_fast_hist_pct__w72__q10,0
TEMPORAL_SEQ,macd_fast_hist_pct__w72__q25,0
TEMPORAL_SEQ,macd_fast_hist_pct__w72__q75,0
TEMPORAL_SEQ,macd_fast_hist_pct__w72__q90,0
TEMPORAL_SEQ,macd_fast_hist_pct__w72__z,0
TEMPORAL_SEQ,macd_fast_hist_pct__w72__pos,0
TEMPORAL_SEQ,macd_fast_hist_pct__w72__delta,0
TEMPORAL_SEQ,macd_fast_hist_pct__w72__diff_mean,0
TEMPORAL_SEQ,macd_fast_hist_pct__w72__diff_std,0
TEMPORAL_SEQ,macd_fast_hist_pct__w72__up_share,0
TEMPORAL_SEQ,macd_fast_hist_pct__w72__late_vs_prev,0
TEMPORAL_SEQ,macd_fast_hist_pct__w72__accel,0
TEMPORAL_SEQ,macd_fast_hist_pct__w240__mean,0
TEMPORAL_SEQ,macd_fast_hist_pct__w240__std,0
TEMPORAL_SEQ,macd_fast_hist_pct__w240__min,0
TEMPORAL_SEQ,macd_fast_hist_pct__w240__max,0
TEMPORAL_SEQ,macd_fast_hist_pct__w240__q10,0
TEMPORAL_SEQ,macd_fast_hist_pct__w240__q25,0
TEMPORAL_SEQ,macd_fast_hist_pct__w240__q75,0
TEMPORAL_SEQ,macd_fast_hist_pct__w240__q90,0
TEMPORAL_SEQ,macd_fast_hist_pct__w240__z,0
TEMPORAL_SEQ,macd_fast_hist_pct__w240__pos,0
TEMPORAL_SEQ,macd_fast_hist_pct__w240__delta,0
TEMPORAL_SEQ,macd_fast_hist_pct__w240__diff_mean,0
TEMPORAL_SEQ,macd_fast_hist_pct__w240__diff_std,0
TEMPORAL_SEQ,macd_fast_hist_pct__w240__up_share,0
TEMPORAL_SEQ,macd_fast_hist_pct__w240__accel,0
TEMPORAL_SEQ,atr14_pct__now,0
TEMPORAL_SEQ,atr14_pct__d1,0
TEMPORAL_SEQ,atr14_pct__d3,0
TEMPORAL_SEQ,atr14_pct__d6,0
TEMPORAL_SEQ,atr14_pct__d12,0
TEMPORAL_SEQ,atr14_pct__d24,0
TEMPORAL_SEQ,atr14_pct__w24__mean,0
TEMPORAL_SEQ,atr14_pct__w24__std,0
TEMPORAL_SEQ,atr14_pct__w24__min,0
TEMPORAL_SEQ,atr14_pct__w24__max,0
TEMPORAL_SEQ,atr14_pct__w24__q10,0
TEMPORAL_SEQ,atr14_pct__w24__q25,0
TEMPORAL_SEQ,atr14_pct__w24__q75,0
TEMPORAL_SEQ,atr14_pct__w24__q90,0
TEMPORAL_SEQ,atr14_pct__w24__z,0
TEMPORAL_SEQ,atr14_pct__w24__pos,0
TEMPORAL_SEQ,atr14_pct__w24__delta,0
TEMPORAL_SEQ,atr14_pct__w24__diff_mean,0
TEMPORAL_SEQ,atr14_pct__w24__diff_std,0
TEMPORAL_SEQ,atr14_pct__w24__up_share,0
TEMPORAL_SEQ,atr14_pct__w24__late_vs_prev,0
TEMPORAL_SEQ,atr14_pct__w24__accel,0
TEMPORAL_SEQ,atr14_pct__w72__mean,0
TEMPORAL_SEQ,atr14_pct__w72__std,0
TEMPORAL_SEQ,atr14_pct__w72__min,0
TEMPORAL_SEQ,atr14_pct__w72__max,0
TEMPORAL_SEQ,atr14_pct__w72__q10,0
TEMPORAL_SEQ,atr14_pct__w72__q25,0
TEMPORAL_SEQ,atr14_pct__w72__q75,0
TEMPORAL_SEQ,atr14_pct__w72__q90,0
TEMPORAL_SEQ,atr14_pct__w72__z,0
TEMPORAL_SEQ,atr14_pct__w72__pos,0
TEMPORAL_SEQ,atr14_pct__w72__delta,0
TEMPORAL_SEQ,atr14_pct__w72__diff_mean,0
TEMPORAL_SEQ,atr14_pct__w72__diff_std,0
TEMPORAL_SEQ,atr14_pct__w72__up_share,0
TEMPORAL_SEQ,atr14_pct__w72__late_vs_prev,0
TEMPORAL_SEQ,atr14_pct__w72__accel,0
TEMPORAL_SEQ,atr14_pct__w240__mean,0
TEMPORAL_SEQ,atr14_pct__w240__std,0
TEMPORAL_SEQ,atr14_pct__w240__min,0
TEMPORAL_SEQ,atr14_pct__w240__max,0
TEMPORAL_SEQ,atr14_pct__w240__q10,0
TEMPORAL_SEQ,atr14_pct__w240__q25,0
TEMPORAL_SEQ,atr14_pct__w240__q75,0
TEMPORAL_SEQ,atr14_pct__w240__q90,0
TEMPORAL_SEQ,atr14_pct__w240__z,0
TEMPORAL_SEQ,atr14_pct__w240__pos,0
TEMPORAL_SEQ,atr14_pct__w240__delta,0
TEMPORAL_SEQ,atr14_pct__w240__diff_mean,0
TEMPORAL_SEQ,atr14_pct__w240__diff_std,0
TEMPORAL_SEQ,atr14_pct__w240__up_share,0
TEMPORAL_SEQ,atr14_pct__w240__late_vs_prev,0
TEMPORAL_SEQ,atr14_pct__w240__accel,0
TEMPORAL_SEQ,bb_width__now,0
TEMPORAL_SEQ,bb_width__d1,0
TEMPORAL_SEQ,bb_width__d3,0
TEMPORAL_SEQ,bb_width__d6,0
TEMPORAL_SEQ,bb_width__d12,0
TEMPORAL_SEQ,bb_width__d24,0
TEMPORAL_SEQ,bb_width__w24__mean,0
TEMPORAL_SEQ,bb_width__w24__std,0
TEMPORAL_SEQ,bb_width__w24__min,0
TEMPORAL_SEQ,bb_width__w24__max,0
TEMPORAL_SEQ,bb_width__w24__q10,0
TEMPORAL_SEQ,bb_width__w24__q25,0
TEMPORAL_SEQ,bb_width__w24__q75,0
TEMPORAL_SEQ,bb_width__w24__q90,0
TEMPORAL_SEQ,bb_width__w24__z,0
TEMPORAL_SEQ,bb_width__w24__pos,0
TEMPORAL_SEQ,bb_width__w24__delta,0
TEMPORAL_SEQ,bb_width__w24__diff_mean,0
TEMPORAL_SEQ,bb_width__w24__diff_std,0
TEMPORAL_SEQ,bb_width__w24__up_share,0
TEMPORAL_SEQ,bb_width__w24__late_vs_prev,0
TEMPORAL_SEQ,bb_width__w24__accel,0
TEMPORAL_SEQ,bb_width__w72__mean,0
TEMPORAL_SEQ,bb_width__w72__std,0
TEMPORAL_SEQ,bb_width__w72__min,0
TEMPORAL_SEQ,bb_width__w72__max,0
TEMPORAL_SEQ,bb_width__w72__q10,0
TEMPORAL_SEQ,bb_width__w72__q25,0
TEMPORAL_SEQ,bb_width__w72__q75,0
TEMPORAL_SEQ,bb_width__w72__q90,0
TEMPORAL_SEQ,bb_width__w72__z,0
TEMPORAL_SEQ,bb_width__w72__pos,0
TEMPORAL_SEQ,bb_width__w72__delta,0
TEMPORAL_SEQ,bb_width__w72__diff_mean,0
TEMPORAL_SEQ,bb_width__w72__diff_std,0
TEMPORAL_SEQ,bb_width__w72__up_share,0
TEMPORAL_SEQ,bb_width__w72__late_vs_prev,0
TEMPORAL_SEQ,bb_width__w72__accel,0
TEMPORAL_SEQ,bb_width__w240__mean,0
TEMPORAL_SEQ,bb_width__w240__std,0
TEMPORAL_SEQ,bb_width__w240__min,0
TEMPORAL_SEQ,bb_width__w240__max,0
TEMPORAL_SEQ,bb_width__w240__q10,0
TEMPORAL_SEQ,bb_width__w240__q25,0
TEMPORAL_SEQ,bb_width__w240__q75,0
TEMPORAL_SEQ,bb_width__w240__q90,0
TEMPORAL_SEQ,bb_width__w240__z,0
TEMPORAL_SEQ,bb_width__w240__pos,0
TEMPORAL_SEQ,bb_width__w240__delta,0
TEMPORAL_SEQ,bb_width__w240__diff_mean,0
TEMPORAL_SEQ,bb_width__w240__diff_std,0
TEMPORAL_SEQ,bb_width__w240__up_share,0
TEMPORAL_SEQ,bb_width__w240__late_vs_prev,0
TEMPORAL_SEQ,bb_width__w240__accel,0
TEMPORAL_SEQ,bb_z__now,0
TEMPORAL_SEQ,bb_z__d1,0
TEMPORAL_SEQ,bb_z__d3,0
TEMPORAL_SEQ,bb_z__d6,0
TEMPORAL_SEQ,bb_z__d12,0
TEMPORAL_SEQ,bb_z__d24,0
TEMPORAL_SEQ,bb_z__w24__mean,0
TEMPORAL_SEQ,bb_z__w24__std,0
TEMPORAL_SEQ,bb_z__w24__min,0
TEMPORAL_SEQ,bb_z__w24__max,0
TEMPORAL_SEQ,bb_z__w24__q10,0
TEMPORAL_SEQ,bb_z__w24__q25,0
TEMPORAL_SEQ,bb_z__w24__q75,0
TEMPORAL_SEQ,bb_z__w24__q90,0
TEMPORAL_SEQ,bb_z__w24__z,0
TEMPORAL_SEQ,bb_z__w24__pos,0
TEMPORAL_SEQ,bb_z__w24__delta,0
TEMPORAL_SEQ,bb_z__w24__diff_mean,0
TEMPORAL_SEQ,bb_z__w24__diff_std,0
TEMPORAL_SEQ,bb_z__w24__up_share,0
TEMPORAL_SEQ,bb_z__w24__late_vs_prev,0
TEMPORAL_SEQ,bb_z__w24__accel,0
TEMPORAL_SEQ,bb_z__w72__mean,0
TEMPORAL_SEQ,bb_z__w72__std,0
TEMPORAL_SEQ,bb_z__w72__min,0
TEMPORAL_SEQ,bb_z__w72__max,0
TEMPORAL_SEQ,bb_z__w72__q10,0
TEMPORAL_SEQ,bb_z__w72__q25,0
TEMPORAL_SEQ,bb_z__w72__q90,0
TEMPORAL_SEQ,bb_z__w72__z,0
TEMPORAL_SEQ,bb_z__w72__pos,0
TEMPORAL_SEQ,bb_z__w72__delta,0
TEMPORAL_SEQ,bb_z__w72__diff_mean,0
TEMPORAL_SEQ,bb_z__w72__up_share,0
TEMPORAL_SEQ,bb_z__w72__late_vs_prev,0
TEMPORAL_SEQ,bb_z__w72__accel,0
TEMPORAL_SEQ,bb_z__w240__mean,0
TEMPORAL_SEQ,bb_z__w240__std,0
TEMPORAL_SEQ,bb_z__w240__min,0
TEMPORAL_SEQ,bb_z__w240__q10,0
TEMPORAL_SEQ,bb_z__w240__q25,0
TEMPORAL_SEQ,bb_z__w240__q75,0
TEMPORAL_SEQ,bb_z__w240__q90,0
TEMPORAL_SEQ,bb_z__w240__z,0
TEMPORAL_SEQ,bb_z__w240__pos,0
TEMPORAL_SEQ,bb_z__w240__delta,0
TEMPORAL_SEQ,bb_z__w240__diff_mean,0
TEMPORAL_SEQ,bb_z__w240__diff_std,0
TEMPORAL_SEQ,bb_z__w240__up_share,0
TEMPORAL_SEQ,bb_z__w240__late_vs_prev,0
TEMPORAL_SEQ,bb_z__w240__accel,0
TEMPORAL_SEQ,stoch_k__now,0
TEMPORAL_SEQ,stoch_k__d1,0
TEMPORAL_SEQ,stoch_k__d3,0
TEMPORAL_SEQ,stoch_k__d6,0
TEMPORAL_SEQ,stoch_k__d12,0
TEMPORAL_SEQ,stoch_k__d24,0
TEMPORAL_SEQ,stoch_k__w24__mean,0
TEMPORAL_SEQ,stoch_k__w24__std,0
TEMPORAL_SEQ,stoch_k__w24__min,0
TEMPORAL_SEQ,stoch_k__w24__max,0
TEMPORAL_SEQ,stoch_k__w24__q10,0
TEMPORAL_SEQ,stoch_k__w24__q25,0
TEMPORAL_SEQ,stoch_k__w24__q75,0
TEMPORAL_SEQ,stoch_k__w24__q90,0
TEMPORAL_SEQ,stoch_k__w24__z,0
TEMPORAL_SEQ,stoch_k__w24__pos,0
TEMPORAL_SEQ,stoch_k__w24__delta,0
TEMPORAL_SEQ,stoch_k__w24__diff_mean,0
TEMPORAL_SEQ,stoch_k__w24__diff_std,0
TEMPORAL_SEQ,stoch_k__w24__up_share,0
TEMPORAL_SEQ,stoch_k__w24__late_vs_prev,0
TEMPORAL_SEQ,stoch_k__w24__accel,0
TEMPORAL_SEQ,stoch_k__w72__mean,0
TEMPORAL_SEQ,stoch_k__w72__std,0
TEMPORAL_SEQ,stoch_k__w72__min,0
TEMPORAL_SEQ,stoch_k__w72__q10,0
TEMPORAL_SEQ,stoch_k__w72__q25,0
TEMPORAL_SEQ,stoch_k__w72__q75,0
TEMPORAL_SEQ,stoch_k__w72__q90,0
TEMPORAL_SEQ,stoch_k__w72__z,0
TEMPORAL_SEQ,stoch_k__w72__pos,0
TEMPORAL_SEQ,stoch_k__w72__delta,0
TEMPORAL_SEQ,stoch_k__w72__diff_mean,0
TEMPORAL_SEQ,stoch_k__w72__diff_std,0
TEMPORAL_SEQ,stoch_k__w72__up_share,0
TEMPORAL_SEQ,stoch_k__w72__late_vs_prev,0
TEMPORAL_SEQ,stoch_k__w72__accel,0
TEMPORAL_SEQ,stoch_k__w240__mean,0
TEMPORAL_SEQ,stoch_k__w240__std,0
TEMPORAL_SEQ,stoch_k__w240__min,0
TEMPORAL_SEQ,stoch_k__w240__max,0
TEMPORAL_SEQ,stoch_k__w240__q25,0
TEMPORAL_SEQ,stoch_k__w240__q75,0
TEMPORAL_SEQ,stoch_k__w240__q90,0
TEMPORAL_SEQ,stoch_k__w240__z,0
TEMPORAL_SEQ,stoch_k__w240__pos,0
TEMPORAL_SEQ,stoch_k__w240__delta,0
TEMPORAL_SEQ,stoch_k__w240__diff_mean,0
TEMPORAL_SEQ,stoch_k__w240__diff_std,0
TEMPORAL_SEQ,stoch_k__w240__up_share,0
TEMPORAL_SEQ,stoch_k__w240__late_vs_prev,0
TEMPORAL_SEQ,stoch_k__w240__accel,0
TEMPORAL_SEQ,stoch_d__d1,0
TEMPORAL_SEQ,stoch_d__d3,0
TEMPORAL_SEQ,stoch_d__d6,0
TEMPORAL_SEQ,stoch_d__d12,0
TEMPORAL_SEQ,stoch_d__d24,0
TEMPORAL_SEQ,stoch_d__w24__mean,0
TEMPORAL_SEQ,stoch_d__w24__std,0
TEMPORAL_SEQ,stoch_d__w24__min,0
TEMPORAL_SEQ,stoch_d__w24__max,0
TEMPORAL_SEQ,stoch_d__w24__q10,0
TEMPORAL_SEQ,stoch_d__w24__q25,0
TEMPORAL_SEQ,stoch_d__w24__q75,0
TEMPORAL_SEQ,stoch_d__w24__q90,0
TEMPORAL_SEQ,stoch_d__w24__z,0
TEMPORAL_SEQ,stoch_d__w24__pos,0
TEMPORAL_SEQ,stoch_d__w24__delta,0
TEMPORAL_SEQ,stoch_d__w24__diff_mean,0
TEMPORAL_SEQ,stoch_d__w24__diff_std,0
TEMPORAL_SEQ,stoch_d__w24__up_share,0
TEMPORAL_SEQ,stoch_d__w24__late_vs_prev,0
TEMPORAL_SEQ,stoch_d__w24__accel,0
TEMPORAL_SEQ,stoch_d__w72__mean,0
TEMPORAL_SEQ,stoch_d__w72__std,0
TEMPORAL_SEQ,stoch_d__w72__min,0
TEMPORAL_SEQ,stoch_d__w72__q10,0
TEMPORAL_SEQ,stoch_d__w72__q25,0
TEMPORAL_SEQ,stoch_d__w72__q75,0
TEMPORAL_SEQ,stoch_d__w72__q90,0
TEMPORAL_SEQ,stoch_d__w72__z,0
TEMPORAL_SEQ,stoch_d__w72__pos,0
TEMPORAL_SEQ,stoch_d__w72__delta,0
TEMPORAL_SEQ,stoch_d__w72__diff_mean,0
TEMPORAL_SEQ,stoch_d__w72__diff_std,0
TEMPORAL_SEQ,stoch_d__w72__up_share,0
TEMPORAL_SEQ,stoch_d__w72__late_vs_prev,0
TEMPORAL_SEQ,stoch_d__w72__accel,0
TEMPORAL_SEQ,stoch_d__w240__mean,0
TEMPORAL_SEQ,stoch_d__w240__std,0
TEMPORAL_SEQ,stoch_d__w240__min,0
TEMPORAL_SEQ,stoch_d__w240__max,0
TEMPORAL_SEQ,stoch_d__w240__q25,0
TEMPORAL_SEQ,stoch_d__w240__q75,0
TEMPORAL_SEQ,stoch_d__w240__q90,0
TEMPORAL_SEQ,stoch_d__w240__z,0
TEMPORAL_SEQ,stoch_d__w240__pos,0
TEMPORAL_SEQ,stoch_d__w240__delta,0
TEMPORAL_SEQ,stoch_d__w240__diff_mean,0
TEMPORAL_SEQ,stoch_d__w240__diff_std,0
TEMPORAL_SEQ,stoch_d__w240__up_share,0
TEMPORAL_SEQ,stoch_d__w240__late_vs_prev,0
TEMPORAL_SEQ,stoch_d__w240__accel,0
TEMPORAL_SEQ,cci20__now,0
TEMPORAL_SEQ,cci20__d1,0
TEMPORAL_SEQ,cci20__d3,0
TEMPORAL_SEQ,cci20__d6,0
TEMPORAL_SEQ,cci20__d12,0
TEMPORAL_SEQ,cci20__d24,0
TEMPORAL_SEQ,cci20__w24__mean,0
TEMPORAL_SEQ,cci20__w24__std,0
TEMPORAL_SEQ,cci20__w24__min,0
TEMPORAL_SEQ,cci20__w24__q10,0
TEMPORAL_SEQ,cci20__w24__q25,0
TEMPORAL_SEQ,cci20__w24__q75,0
TEMPORAL_SEQ,cci20__w24__q90,0
TEMPORAL_SEQ,cci20__w24__z,0
TEMPORAL_SEQ,cci20__w24__pos,0
TEMPORAL_SEQ,cci20__w24__delta,0
TEMPORAL_SEQ,cci20__w24__diff_mean,0
TEMPORAL_SEQ,cci20__w24__diff_std,0
TEMPORAL_SEQ,cci20__w24__up_share,0
TEMPORAL_SEQ,cci20__w24__late_vs_prev,0
TEMPORAL_SEQ,cci20__w24__accel,0
TEMPORAL_SEQ,cci20__w72__mean,0
TEMPORAL_SEQ,cci20__w72__std,0
TEMPORAL_SEQ,cci20__w72__min,0
TEMPORAL_SEQ,cci20__w72__max,0
TEMPORAL_SEQ,cci20__w72__q10,0
TEMPORAL_SEQ,cci20__w72__q25,0
TEMPORAL_SEQ,cci20__w72__q75,0
TEMPORAL_SEQ,cci20__w72__q90,0
TEMPORAL_SEQ,cci20__w72__z,0
TEMPORAL_SEQ,cci20__w72__pos,0
TEMPORAL_SEQ,cci20__w72__delta,0
TEMPORAL_SEQ,cci20__w72__diff_mean,0
TEMPORAL_SEQ,cci20__w72__diff_std,0
TEMPORAL_SEQ,cci20__w72__up_share,0
TEMPORAL_SEQ,cci20__w72__late_vs_prev,0
TEMPORAL_SEQ,cci20__w72__accel,0
TEMPORAL_SEQ,cci20__w240__mean,0
TEMPORAL_SEQ,cci20__w240__std,0
TEMPORAL_SEQ,cci20__w240__min,0
TEMPORAL_SEQ,cci20__w240__max,0
TEMPORAL_SEQ,cci20__w240__q10,0
TEMPORAL_SEQ,cci20__w240__q25,0
TEMPORAL_SEQ,cci20__w240__q75,0
TEMPORAL_SEQ,cci20__w240__q90,0
TEMPORAL_SEQ,cci20__w240__z,0
TEMPORAL_SEQ,cci20__w240__pos,0
TEMPORAL_SEQ,cci20__w240__delta,0
TEMPORAL_SEQ,cci20__w240__diff_mean,0
TEMPORAL_SEQ,cci20__w240__diff_std,0
TEMPORAL_SEQ,cci20__w240__up_share,0
TEMPORAL_SEQ,cci20__w240__late_vs_prev,0
TEMPORAL_SEQ,cci20__w240__accel,0
TEMPORAL_SEQ,mfi14__now,0
TEMPORAL_SEQ,mfi14__d1,0
TEMPORAL_SEQ,mfi14__d3,0
TEMPORAL_SEQ,mfi14__d6,0
TEMPORAL_SEQ,mfi14__d12,0
TEMPORAL_SEQ,mfi14__d24,0
TEMPORAL_SEQ,mfi14__w24__mean,0
TEMPORAL_SEQ,mfi14__w24__std,0
TEMPORAL_SEQ,mfi14__w24__min,0
TEMPORAL_SEQ,mfi14__w24__max,0
TEMPORAL_SEQ,mfi14__w24__q10,0
TEMPORAL_SEQ,mfi14__w24__q25,0
TEMPORAL_SEQ,mfi14__w24__q75,0
TEMPORAL_SEQ,mfi14__w24__q90,0
TEMPORAL_SEQ,mfi14__w24__z,0
TEMPORAL_SEQ,mfi14__w24__pos,0
TEMPORAL_SEQ,mfi14__w24__delta,0
TEMPORAL_SEQ,mfi14__w24__diff_mean,0
TEMPORAL_SEQ,mfi14__w24__diff_std,0
TEMPORAL_SEQ,mfi14__w24__up_share,0
TEMPORAL_SEQ,mfi14__w24__late_vs_prev,0
TEMPORAL_SEQ,mfi14__w24__accel,0
TEMPORAL_SEQ,mfi14__w72__mean,0
TEMPORAL_SEQ,mfi14__w72__std,0
TEMPORAL_SEQ,mfi14__w72__min,0
TEMPORAL_SEQ,mfi14__w72__max,0
TEMPORAL_SEQ,mfi14__w72__q10,0
TEMPORAL_SEQ,mfi14__w72__q25,0
TEMPORAL_SEQ,mfi14__w72__q90,0
TEMPORAL_SEQ,mfi14__w72__z,0
TEMPORAL_SEQ,mfi14__w72__pos,0
TEMPORAL_SEQ,mfi14__w72__delta,0
TEMPORAL_SEQ,mfi14__w72__diff_mean,0
TEMPORAL_SEQ,mfi14__w72__diff_std,0
TEMPORAL_SEQ,mfi14__w72__up_share,0
TEMPORAL_SEQ,mfi14__w72__late_vs_prev,0
TEMPORAL_SEQ,mfi14__w72__accel,0
TEMPORAL_SEQ,mfi14__w240__mean,0
TEMPORAL_SEQ,mfi14__w240__std,0
TEMPORAL_SEQ,mfi14__w240__min,0
TEMPORAL_SEQ,mfi14__w240__q10,0
TEMPORAL_SEQ,mfi14__w240__q25,0
TEMPORAL_SEQ,mfi14__w240__q75,0
TEMPORAL_SEQ,mfi14__w240__q90,0
TEMPORAL_SEQ,mfi14__w240__z,0
TEMPORAL_SEQ,mfi14__w240__pos,0
TEMPORAL_SEQ,mfi14__w240__delta,0
TEMPORAL_SEQ,mfi14__w240__diff_mean,0
TEMPORAL_SEQ,mfi14__w240__diff_std,0
TEMPORAL_SEQ,mfi14__w240__up_share,0
TEMPORAL_SEQ,mfi14__w240__late_vs_prev,0
TEMPORAL_SEQ,mfi14__w240__accel,0
TEMPORAL_SEQ,adx14__now,0
TEMPORAL_SEQ,adx14__d1,0
TEMPORAL_SEQ,adx14__d3,0
TEMPORAL_SEQ,adx14__d6,0
TEMPORAL_SEQ,adx14__d12,0
TEMPORAL_SEQ,adx14__d24,0
TEMPORAL_SEQ,adx14__w24__mean,0
TEMPORAL_SEQ,adx14__w24__std,0
TEMPORAL_SEQ,adx14__w24__min,0
TEMPORAL_SEQ,adx14__w24__max,0
TEMPORAL_SEQ,adx14__w24__q10,0
TEMPORAL_SEQ,adx14__w24__q25,0
TEMPORAL_SEQ,adx14__w24__q90,0
TEMPORAL_SEQ,adx14__w24__z,0
TEMPORAL_SEQ,adx14__w24__pos,0
TEMPORAL_SEQ,adx14__w24__delta,0
TEMPORAL_SEQ,adx14__w24__diff_mean,0
TEMPORAL_SEQ,adx14__w24__diff_std,0
TEMPORAL_SEQ,adx14__w24__up_share,0
TEMPORAL_SEQ,adx14__w24__late_vs_prev,0
TEMPORAL_SEQ,adx14__w24__accel,0
TEMPORAL_SEQ,adx14__w72__mean,0
TEMPORAL_SEQ,adx14__w72__std,0
TEMPORAL_SEQ,adx14__w72__min,0
TEMPORAL_SEQ,adx14__w72__max,0
TEMPORAL_SEQ,adx14__w72__q10,0
TEMPORAL_SEQ,adx14__w72__q25,0
TEMPORAL_SEQ,adx14__w72__q75,0
TEMPORAL_SEQ,adx14__w72__q90,0
TEMPORAL_SEQ,adx14__w72__z,0
TEMPORAL_SEQ,adx14__w72__pos,0
TEMPORAL_SEQ,adx14__w72__delta,0
TEMPORAL_SEQ,adx14__w72__diff_mean,0
TEMPORAL_SEQ,adx14__w72__diff_std,0
TEMPORAL_SEQ,adx14__w72__up_share,0
TEMPORAL_SEQ,adx14__w72__accel,0
TEMPORAL_SEQ,adx14__w240__mean,0
TEMPORAL_SEQ,adx14__w240__min,0
TEMPORAL_SEQ,adx14__w240__max,0
TEMPORAL_SEQ,adx14__w240__q10,0
TEMPORAL_SEQ,adx14__w240__q25,0
TEMPORAL_SEQ,adx14__w240__q75,0
TEMPORAL_SEQ,adx14__w240__q90,0
TEMPORAL_SEQ,adx14__w240__z,0
TEMPORAL_SEQ,adx14__w240__pos,0
TEMPORAL_SEQ,adx14__w240__diff_mean,0
TEMPORAL_SEQ,adx14__w240__diff_std,0
TEMPORAL_SEQ,adx14__w240__up_share,0
TEMPORAL_SEQ,adx14__w240__accel,0
TEMPORAL_SEQ,close_vs_ema6__now,0
TEMPORAL_SEQ,close_vs_ema6__d1,0
TEMPORAL_SEQ,close_vs_ema6__d3,0
TEMPORAL_SEQ,close_vs_ema6__d6,0
TEMPORAL_SEQ,close_vs_ema6__d12,0
TEMPORAL_SEQ,close_vs_ema6__d24,0
TEMPORAL_SEQ,close_vs_ema6__w24__mean,0
TEMPORAL_SEQ,close_vs_ema6__w24__min,0
TEMPORAL_SEQ,close_vs_ema6__w24__q10,0
TEMPORAL_SEQ,close_vs_ema6__w24__q25,0
TEMPORAL_SEQ,close_vs_ema6__w24__q75,0
TEMPORAL_SEQ,close_vs_ema6__w24__q90,0
TEMPORAL_SEQ,close_vs_ema6__w24__z,0
TEMPORAL_SEQ,close_vs_ema6__w24__pos,0
TEMPORAL_SEQ,close_vs_ema6__w24__delta,0
TEMPORAL_SEQ,close_vs_ema6__w24__diff_mean,0
TEMPORAL_SEQ,close_vs_ema6__w24__diff_std,0
TEMPORAL_SEQ,close_vs_ema6__w24__up_share,0
TEMPORAL_SEQ,close_vs_ema6__w24__late_vs_prev,0
TEMPORAL_SEQ,close_vs_ema6__w24__accel,0
TEMPORAL_SEQ,close_vs_ema6__w72__mean,0
TEMPORAL_SEQ,close_vs_ema6__w72__std,0
TEMPORAL_SEQ,close_vs_ema6__w72__min,0
TEMPORAL_SEQ,close_vs_ema6__w72__max,0
TEMPORAL_SEQ,close_vs_ema6__w72__q10,0
TEMPORAL_SEQ,close_vs_ema6__w72__q25,0
TEMPORAL_SEQ,close_vs_ema6__w72__q75,0
TEMPORAL_SEQ,close_vs_ema6__w72__q90,0
TEMPORAL_SEQ,close_vs_ema6__w72__z,0
TEMPORAL_SEQ,close_vs_ema6__w72__pos,0
TEMPORAL_SEQ,close_vs_ema6__w72__delta,0
TEMPORAL_SEQ,close_vs_ema6__w72__diff_mean,0
TEMPORAL_SEQ,close_vs_ema6__w72__diff_std,0
TEMPORAL_SEQ,close_vs_ema6__w72__up_share,0
TEMPORAL_SEQ,close_vs_ema6__w72__late_vs_prev,0
TEMPORAL_SEQ,close_vs_ema6__w72__accel,0
TEMPORAL_SEQ,close_vs_ema6__w240__mean,0
TEMPORAL_SEQ,close_vs_ema6__w240__std,0
TEMPORAL_SEQ,close_vs_ema6__w240__min,0
TEMPORAL_SEQ,close_vs_ema6__w240__max,0
TEMPORAL_SEQ,close_vs_ema6__w240__q10,0
TEMPORAL_SEQ,close_vs_ema6__w240__q25,0
TEMPORAL_SEQ,close_vs_ema6__w240__q75,0
TEMPORAL_SEQ,close_vs_ema6__w240__q90,0
TEMPORAL_SEQ,close_vs_ema6__w240__z,0
TEMPORAL_SEQ,close_vs_ema6__w240__pos,0
TEMPORAL_SEQ,close_vs_ema6__w240__delta,0
TEMPORAL_SEQ,close_vs_ema6__w240__diff_mean,0
TEMPORAL_SEQ,close_vs_ema6__w240__diff_std,0
TEMPORAL_SEQ,close_vs_ema6__w240__up_share,0
TEMPORAL_SEQ,close_vs_ema6__w240__late_vs_prev,0
TEMPORAL_SEQ,close_vs_ema6__w240__accel,0
TEMPORAL_SEQ,close_vs_ema12__now,0
TEMPORAL_SEQ,close_vs_ema12__d1,0
TEMPORAL_SEQ,close_vs_ema12__d3,0
TEMPORAL_SEQ,close_vs_ema12__d6,0
TEMPORAL_SEQ,close_vs_ema12__d12,0
TEMPORAL_SEQ,close_vs_ema12__d24,0
TEMPORAL_SEQ,close_vs_ema12__w24__mean,0
TEMPORAL_SEQ,close_vs_ema12__w24__std,0
TEMPORAL_SEQ,close_vs_ema12__w24__min,0
TEMPORAL_SEQ,close_vs_ema12__w24__max,0
TEMPORAL_SEQ,close_vs_ema12__w24__q25,0
TEMPORAL_SEQ,close_vs_ema12__w24__q75,0
TEMPORAL_SEQ,close_vs_ema12__w24__q90,0
TEMPORAL_SEQ,close_vs_ema12__w24__z,0
TEMPORAL_SEQ,close_vs_ema12__w24__pos,0
TEMPORAL_SEQ,close_vs_ema12__w24__delta,0
TEMPORAL_SEQ,close_vs_ema12__w24__diff_mean,0
TEMPORAL_SEQ,close_vs_ema12__w24__diff_std,0
TEMPORAL_SEQ,close_vs_ema12__w24__up_share,0
TEMPORAL_SEQ,close_vs_ema12__w24__late_vs_prev,0
TEMPORAL_SEQ,close_vs_ema12__w24__accel,0
TEMPORAL_SEQ,close_vs_ema12__w72__mean,0
TEMPORAL_SEQ,close_vs_ema12__w72__std,0
TEMPORAL_SEQ,close_vs_ema12__w72__min,0
TEMPORAL_SEQ,close_vs_ema12__w72__max,0
TEMPORAL_SEQ,close_vs_ema12__w72__q10,0
TEMPORAL_SEQ,close_vs_ema12__w72__q25,0
TEMPORAL_SEQ,close_vs_ema12__w72__q75,0
TEMPORAL_SEQ,close_vs_ema12__w72__q90,0
TEMPORAL_SEQ,close_vs_ema12__w72__z,0
TEMPORAL_SEQ,close_vs_ema12__w72__pos,0
TEMPORAL_SEQ,close_vs_ema12__w72__delta,0
TEMPORAL_SEQ,close_vs_ema12__w72__diff_mean,0
TEMPORAL_SEQ,close_vs_ema12__w72__diff_std,0
TEMPORAL_SEQ,close_vs_ema12__w72__up_share,0
TEMPORAL_SEQ,close_vs_ema12__w72__late_vs_prev,0
TEMPORAL_SEQ,close_vs_ema12__w72__accel,0
TEMPORAL_SEQ,close_vs_ema12__w240__mean,0
TEMPORAL_SEQ,close_vs_ema12__w240__std,0
TEMPORAL_SEQ,close_vs_ema12__w240__min,0
TEMPORAL_SEQ,close_vs_ema12__w240__max,0
TEMPORAL_SEQ,close_vs_ema12__w240__q10,0
TEMPORAL_SEQ,close_vs_ema12__w240__q25,0
TEMPORAL_SEQ,close_vs_ema12__w240__q75,0
TEMPORAL_SEQ,close_vs_ema12__w240__q90,0
TEMPORAL_SEQ,close_vs_ema12__w240__z,0
TEMPORAL_SEQ,close_vs_ema12__w240__pos,0
TEMPORAL_SEQ,close_vs_ema12__w240__delta,0
TEMPORAL_SEQ,close_vs_ema12__w240__diff_mean,0
TEMPORAL_SEQ,close_vs_ema12__w240__diff_std,0
TEMPORAL_SEQ,close_vs_ema12__w240__up_share,0
TEMPORAL_SEQ,close_vs_ema12__w240__late_vs_prev,0
TEMPORAL_SEQ,close_vs_ema12__w240__accel,0
TEMPORAL_SEQ,close_vs_ema24__now,0
TEMPORAL_SEQ,close_vs_ema24__d1,0
TEMPORAL_SEQ,close_vs_ema24__d3,0
TEMPORAL_SEQ,close_vs_ema24__d6,0
TEMPORAL_SEQ,close_vs_ema24__d12,0
TEMPORAL_SEQ,close_vs_ema24__d24,0
TEMPORAL_SEQ,close_vs_ema24__w24__mean,0
TEMPORAL_SEQ,close_vs_ema24__w24__std,0
TEMPORAL_SEQ,close_vs_ema24__w24__min,0
TEMPORAL_SEQ,close_vs_ema24__w24__max,0
TEMPORAL_SEQ,close_vs_ema24__w24__q10,0
TEMPORAL_SEQ,close_vs_ema24__w24__q25,0
TEMPORAL_SEQ,close_vs_ema24__w24__q75,0
TEMPORAL_SEQ,close_vs_ema24__w24__q90,0
TEMPORAL_SEQ,close_vs_ema24__w24__pos,0
TEMPORAL_SEQ,close_vs_ema24__w24__delta,0
TEMPORAL_SEQ,close_vs_ema24__w24__diff_mean,0
TEMPORAL_SEQ,close_vs_ema24__w24__diff_std,0
TEMPORAL_SEQ,close_vs_ema24__w24__up_share,0
TEMPORAL_SEQ,close_vs_ema24__w24__late_vs_prev,0
TEMPORAL_SEQ,close_vs_ema24__w24__accel,0
TEMPORAL_SEQ,close_vs_ema24__w72__mean,0
TEMPORAL_SEQ,close_vs_ema24__w72__std,0
TEMPORAL_SEQ,close_vs_ema24__w72__min,0
TEMPORAL_SEQ,close_vs_ema24__w72__max,0
TEMPORAL_SEQ,close_vs_ema24__w72__q10,0
TEMPORAL_SEQ,close_vs_ema24__w72__q75,0
TEMPORAL_SEQ,close_vs_ema24__w72__z,0
TEMPORAL_SEQ,close_vs_ema24__w72__pos,0
TEMPORAL_SEQ,close_vs_ema24__w72__delta,0
TEMPORAL_SEQ,close_vs_ema24__w72__diff_mean,0
TEMPORAL_SEQ,close_vs_ema24__w72__diff_std,0
TEMPORAL_SEQ,close_vs_ema24__w72__up_share,0
TEMPORAL_SEQ,close_vs_ema24__w72__late_vs_prev,0
TEMPORAL_SEQ,close_vs_ema24__w72__accel,0
TEMPORAL_SEQ,close_vs_ema24__w240__mean,0
TEMPORAL_SEQ,close_vs_ema24__w240__std,0
TEMPORAL_SEQ,close_vs_ema24__w240__min,0
TEMPORAL_SEQ,close_vs_ema24__w240__max,0
TEMPORAL_SEQ,close_vs_ema24__w240__q10,0
TEMPORAL_SEQ,close_vs_ema24__w240__q25,0
TEMPORAL_SEQ,close_vs_ema24__w240__q75,0
TEMPORAL_SEQ,close_vs_ema24__w240__q90,0
TEMPORAL_SEQ,close_vs_ema24__w240__z,0
TEMPORAL_SEQ,close_vs_ema24__w240__pos,0
TEMPORAL_SEQ,close_vs_ema24__w240__delta,0
TEMPORAL_SEQ,close_vs_ema24__w240__diff_mean,0
TEMPORAL_SEQ,close_vs_ema24__w240__diff_std,0
TEMPORAL_SEQ,close_vs_ema24__w240__up_share,0
TEMPORAL_SEQ,close_vs_ema24__w240__late_vs_prev,0
TEMPORAL_SEQ,close_vs_ema24__w240__accel,0
TEMPORAL_SEQ,close_vs_ema48__now,0
TEMPORAL_SEQ,close_vs_ema48__d1,0
TEMPORAL_SEQ,close_vs_ema48__d3,0
TEMPORAL_SEQ,close_vs_ema48__d6,0
TEMPORAL_SEQ,close_vs_ema48__d12,0
TEMPORAL_SEQ,close_vs_ema48__d24,0
TEMPORAL_SEQ,close_vs_ema48__w24__mean,0
TEMPORAL_SEQ,close_vs_ema48__w24__std,0
TEMPORAL_SEQ,close_vs_ema48__w24__min,0
TEMPORAL_SEQ,close_vs_ema48__w24__max,0
TEMPORAL_SEQ,close_vs_ema48__w24__q10,0
TEMPORAL_SEQ,close_vs_ema48__w24__q75,0
TEMPORAL_SEQ,close_vs_ema48__w24__q90,0
TEMPORAL_SEQ,close_vs_ema48__w24__z,0
TEMPORAL_SEQ,close_vs_ema48__w24__pos,0
TEMPORAL_SEQ,close_vs_ema48__w24__delta,0
TEMPORAL_SEQ,close_vs_ema48__w24__diff_mean,0
TEMPORAL_SEQ,close_vs_ema48__w24__diff_std,0
TEMPORAL_SEQ,close_vs_ema48__w24__up_share,0
TEMPORAL_SEQ,close_vs_ema48__w24__late_vs_prev,0
TEMPORAL_SEQ,close_vs_ema48__w24__accel,0
TEMPORAL_SEQ,close_vs_ema48__w72__mean,0
TEMPORAL_SEQ,close_vs_ema48__w72__std,0
TEMPORAL_SEQ,close_vs_ema48__w72__min,0
TEMPORAL_SEQ,close_vs_ema48__w72__max,0
TEMPORAL_SEQ,close_vs_ema48__w72__q10,0
TEMPORAL_SEQ,close_vs_ema48__w72__q25,0
TEMPORAL_SEQ,close_vs_ema48__w72__q75,0
TEMPORAL_SEQ,close_vs_ema48__w72__q90,0
TEMPORAL_SEQ,close_vs_ema48__w72__z,0
TEMPORAL_SEQ,close_vs_ema48__w72__pos,0
TEMPORAL_SEQ,close_vs_ema48__w72__delta,0
TEMPORAL_SEQ,close_vs_ema48__w72__diff_mean,0
TEMPORAL_SEQ,close_vs_ema48__w72__diff_std,0
TEMPORAL_SEQ,close_vs_ema48__w72__up_share,0
TEMPORAL_SEQ,close_vs_ema48__w72__late_vs_prev,0
TEMPORAL_SEQ,close_vs_ema48__w72__accel,0
TEMPORAL_SEQ,close_vs_ema48__w240__mean,0
TEMPORAL_SEQ,close_vs_ema48__w240__std,0
TEMPORAL_SEQ,close_vs_ema48__w240__min,0
TEMPORAL_SEQ,close_vs_ema48__w240__max,0
TEMPORAL_SEQ,close_vs_ema48__w240__q10,0
TEMPORAL_SEQ,close_vs_ema48__w240__q25,0
TEMPORAL_SEQ,close_vs_ema48__w240__q75,0
TEMPORAL_SEQ,close_vs_ema48__w240__q90,0
TEMPORAL_SEQ,close_vs_ema48__w240__z,0
TEMPORAL_SEQ,close_vs_ema48__w240__pos,0
TEMPORAL_SEQ,close_vs_ema48__w240__delta,0
TEMPORAL_SEQ,close_vs_ema48__w240__diff_mean,0
TEMPORAL_SEQ,close_vs_ema48__w240__diff_std,0
TEMPORAL_SEQ,close_vs_ema48__w240__up_share,0
TEMPORAL_SEQ,close_vs_ema48__w240__late_vs_prev,0
TEMPORAL_SEQ,close_vs_ema48__w240__accel,0
TEMPORAL_SEQ,close_vs_ema72__now,0
TEMPORAL_SEQ,close_vs_ema72__d1,0
TEMPORAL_SEQ,close_vs_ema72__d3,0
TEMPORAL_SEQ,close_vs_ema72__d6,0
TEMPORAL_SEQ,close_vs_ema72__d12,0
TEMPORAL_SEQ,close_vs_ema72__d24,0
TEMPORAL_SEQ,close_vs_ema72__w24__mean,0
TEMPORAL_SEQ,close_vs_ema72__w24__std,0
TEMPORAL_SEQ,close_vs_ema72__w24__min,0
TEMPORAL_SEQ,close_vs_ema72__w24__max,0
TEMPORAL_SEQ,close_vs_ema72__w24__q10,0
TEMPORAL_SEQ,close_vs_ema72__w24__q25,0
TEMPORAL_SEQ,close_vs_ema72__w24__q75,0
TEMPORAL_SEQ,close_vs_ema72__w24__q90,0
TEMPORAL_SEQ,close_vs_ema72__w24__z,0
TEMPORAL_SEQ,close_vs_ema72__w24__pos,0
TEMPORAL_SEQ,close_vs_ema72__w24__delta,0
TEMPORAL_SEQ,close_vs_ema72__w24__diff_mean,0
TEMPORAL_SEQ,close_vs_ema72__w24__diff_std,0
TEMPORAL_SEQ,close_vs_ema72__w24__up_share,0
TEMPORAL_SEQ,close_vs_ema72__w24__late_vs_prev,0
TEMPORAL_SEQ,close_vs_ema72__w24__accel,0
TEMPORAL_SEQ,close_vs_ema72__w72__mean,0
TEMPORAL_SEQ,close_vs_ema72__w72__std,0
TEMPORAL_SEQ,close_vs_ema72__w72__min,0
TEMPORAL_SEQ,close_vs_ema72__w72__max,0
TEMPORAL_SEQ,close_vs_ema72__w72__q10,0
TEMPORAL_SEQ,close_vs_ema72__w72__q25,0
TEMPORAL_SEQ,close_vs_ema72__w72__q75,0
TEMPORAL_SEQ,close_vs_ema72__w72__q90,0
TEMPORAL_SEQ,close_vs_ema72__w72__z,0
TEMPORAL_SEQ,close_vs_ema72__w72__pos,0
TEMPORAL_SEQ,close_vs_ema72__w72__delta,0
TEMPORAL_SEQ,close_vs_ema72__w72__diff_mean,0
TEMPORAL_SEQ,close_vs_ema72__w72__diff_std,0
TEMPORAL_SEQ,close_vs_ema72__w72__up_share,0
TEMPORAL_SEQ,close_vs_ema72__w72__late_vs_prev,0
TEMPORAL_SEQ,close_vs_ema72__w72__accel,0
TEMPORAL_SEQ,close_vs_ema72__w240__mean,0
TEMPORAL_SEQ,close_vs_ema72__w240__std,0
TEMPORAL_SEQ,close_vs_ema72__w240__min,0
TEMPORAL_SEQ,close_vs_ema72__w240__max,0
TEMPORAL_SEQ,close_vs_ema72__w240__q10,0
TEMPORAL_SEQ,close_vs_ema72__w240__q25,0
TEMPORAL_SEQ,close_vs_ema72__w240__q75,0
TEMPORAL_SEQ,close_vs_ema72__w240__q90,0
TEMPORAL_SEQ,close_vs_ema72__w240__z,0
TEMPORAL_SEQ,close_vs_ema72__w240__pos,0
TEMPORAL_SEQ,close_vs_ema72__w240__delta,0
TEMPORAL_SEQ,close_vs_ema72__w240__diff_mean,0
TEMPORAL_SEQ,close_vs_ema72__w240__diff_std,0
TEMPORAL_SEQ,close_vs_ema72__w240__up_share,0
TEMPORAL_SEQ,close_vs_ema72__w240__late_vs_prev,0
TEMPORAL_SEQ,close_vs_ema72__w240__accel,0
TEMPORAL_SEQ,ema6_slope_3h__now,0
TEMPORAL_SEQ,ema6_slope_3h__d1,0
TEMPORAL_SEQ,ema6_slope_3h__d3,0
TEMPORAL_SEQ,ema6_slope_3h__d6,0
TEMPORAL_SEQ,ema6_slope_3h__d12,0
TEMPORAL_SEQ,ema6_slope_3h__d24,0
TEMPORAL_SEQ,ema6_slope_3h__w24__mean,0
TEMPORAL_SEQ,ema6_slope_3h__w24__std,0
TEMPORAL_SEQ,ema6_slope_3h__w24__min,0
TEMPORAL_SEQ,ema6_slope_3h__w24__max,0
TEMPORAL_SEQ,ema6_slope_3h__w24__q10,0
TEMPORAL_SEQ,ema6_slope_3h__w24__q25,0
TEMPORAL_SEQ,ema6_slope_3h__w24__q75,0
TEMPORAL_SEQ,ema6_slope_3h__w24__q90,0
TEMPORAL_SEQ,ema6_slope_3h__w24__z,0
TEMPORAL_SEQ,ema6_slope_3h__w24__pos,0
TEMPORAL_SEQ,ema6_slope_3h__w24__delta,0
TEMPORAL_SEQ,ema6_slope_3h__w24__diff_mean,0
TEMPORAL_SEQ,ema6_slope_3h__w24__diff_std,0
TEMPORAL_SEQ,ema6_slope_3h__w24__up_share,0
TEMPORAL_SEQ,ema6_slope_3h__w24__late_vs_prev,0
TEMPORAL_SEQ,ema6_slope_3h__w24__accel,0
TEMPORAL_SEQ,ema6_slope_3h__w72__mean,0
TEMPORAL_SEQ,ema6_slope_3h__w72__std,0
TEMPORAL_SEQ,ema6_slope_3h__w72__min,0
TEMPORAL_SEQ,ema6_slope_3h__w72__max,0
TEMPORAL_SEQ,ema6_slope_3h__w72__q10,0
TEMPORAL_SEQ,ema6_slope_3h__w72__q25,0
TEMPORAL_SEQ,ema6_slope_3h__w72__q75,0
TEMPORAL_SEQ,ema6_slope_3h__w72__q90,0
TEMPORAL_SEQ,ema6_slope_3h__w72__z,0
TEMPORAL_SEQ,ema6_slope_3h__w72__pos,0
TEMPORAL_SEQ,ema6_slope_3h__w72__delta,0
TEMPORAL_SEQ,ema6_slope_3h__w72__diff_mean,0
TEMPORAL_SEQ,ema6_slope_3h__w72__diff_std,0
TEMPORAL_SEQ,ema6_slope_3h__w72__up_share,0
TEMPORAL_SEQ,ema6_slope_3h__w72__late_vs_prev,0
TEMPORAL_SEQ,ema6_slope_3h__w72__accel,0
TEMPORAL_SEQ,ema6_slope_3h__w240__mean,0
TEMPORAL_SEQ,ema6_slope_3h__w240__std,0
TEMPORAL_SEQ,ema6_slope_3h__w240__min,0
TEMPORAL_SEQ,ema6_slope_3h__w240__max,0
TEMPORAL_SEQ,ema6_slope_3h__w240__q10,0
TEMPORAL_SEQ,ema6_slope_3h__w240__q25,0
TEMPORAL_SEQ,ema6_slope_3h__w240__q75,0
TEMPORAL_SEQ,ema6_slope_3h__w240__q90,0
TEMPORAL_SEQ,ema6_slope_3h__w240__z,0
TEMPORAL_SEQ,ema6_slope_3h__w240__pos,0
TEMPORAL_SEQ,ema6_slope_3h__w240__delta,0
TEMPORAL_SEQ,ema6_slope_3h__w240__diff_mean,0
TEMPORAL_SEQ,ema6_slope_3h__w240__diff_std,0
TEMPORAL_SEQ,ema6_slope_3h__w240__up_share,0
TEMPORAL_SEQ,ema6_slope_3h__w240__late_vs_prev,0
TEMPORAL_SEQ,ema6_slope_3h__w240__accel,0
TEMPORAL_SEQ,ema24_slope_6h__now,0
TEMPORAL_SEQ,ema24_slope_6h__d1,0
TEMPORAL_SEQ,ema24_slope_6h__d3,0
TEMPORAL_SEQ,ema24_slope_6h__d6,0
TEMPORAL_SEQ,ema24_slope_6h__d12,0
TEMPORAL_SEQ,ema24_slope_6h__d24,0
TEMPORAL_SEQ,ema24_slope_6h__w24__mean,0
TEMPORAL_SEQ,ema24_slope_6h__w24__std,0
TEMPORAL_SEQ,ema24_slope_6h__w24__min,0
TEMPORAL_SEQ,ema24_slope_6h__w24__max,0
TEMPORAL_SEQ,ema24_slope_6h__w24__q10,0
TEMPORAL_SEQ,ema24_slope_6h__w24__q25,0
TEMPORAL_SEQ,ema24_slope_6h__w24__q75,0
TEMPORAL_SEQ,ema24_slope_6h__w24__q90,0
TEMPORAL_SEQ,ema24_slope_6h__w24__z,0
TEMPORAL_SEQ,ema24_slope_6h__w24__pos,0
TEMPORAL_SEQ,ema24_slope_6h__w24__delta,0
TEMPORAL_SEQ,ema24_slope_6h__w24__diff_mean,0
TEMPORAL_SEQ,ema24_slope_6h__w24__diff_std,0
TEMPORAL_SEQ,ema24_slope_6h__w24__up_share,0
TEMPORAL_SEQ,ema24_slope_6h__w24__late_vs_prev,0
TEMPORAL_SEQ,ema24_slope_6h__w24__accel,0
TEMPORAL_SEQ,ema24_slope_6h__w72__mean,0
TEMPORAL_SEQ,ema24_slope_6h__w72__std,0
TEMPORAL_SEQ,ema24_slope_6h__w72__min,0
TEMPORAL_SEQ,ema24_slope_6h__w72__max,0
TEMPORAL_SEQ,ema24_slope_6h__w72__q10,0
TEMPORAL_SEQ,ema24_slope_6h__w72__q25,0
TEMPORAL_SEQ,ema24_slope_6h__w72__q75,0
TEMPORAL_SEQ,ema24_slope_6h__w72__q90,0
TEMPORAL_SEQ,ema24_slope_6h__w72__z,0
TEMPORAL_SEQ,ema24_slope_6h__w72__pos,0
TEMPORAL_SEQ,ema24_slope_6h__w72__delta,0
TEMPORAL_SEQ,ema24_slope_6h__w72__diff_mean,0
TEMPORAL_SEQ,ema24_slope_6h__w72__diff_std,0
TEMPORAL_SEQ,ema24_slope_6h__w72__up_share,0
TEMPORAL_SEQ,ema24_slope_6h__w72__late_vs_prev,0
TEMPORAL_SEQ,ema24_slope_6h__w72__accel,0
TEMPORAL_SEQ,ema24_slope_6h__w240__mean,0
TEMPORAL_SEQ,ema24_slope_6h__w240__std,0
TEMPORAL_SEQ,ema24_slope_6h__w240__min,0
TEMPORAL_SEQ,ema24_slope_6h__w240__max,0
TEMPORAL_SEQ,ema24_slope_6h__w240__q10,0
TEMPORAL_SEQ,ema24_slope_6h__w240__q25,0
TEMPORAL_SEQ,ema24_slope_6h__w240__q75,0
TEMPORAL_SEQ,ema24_slope_6h__w240__q90,0
TEMPORAL_SEQ,ema24_slope_6h__w240__z,0
TEMPORAL_SEQ,ema24_slope_6h__w240__pos,0
TEMPORAL_SEQ,ema24_slope_6h__w240__delta,0
TEMPORAL_SEQ,ema24_slope_6h__w240__diff_mean,0
TEMPORAL_SEQ,ema24_slope_6h__w240__diff_std,0
TEMPORAL_SEQ,ema24_slope_6h__w240__up_share,0
TEMPORAL_SEQ,ema24_slope_6h__w240__late_vs_prev,0
TEMPORAL_SEQ,ema24_slope_6h__w240__accel,0
TEMPORAL_SEQ,ema72_slope_12h__now,0
TEMPORAL_SEQ,ema72_slope_12h__d1,0
TEMPORAL_SEQ,ema72_slope_12h__d3,0
TEMPORAL_SEQ,ema72_slope_12h__d6,0
TEMPORAL_SEQ,ema72_slope_12h__d12,0
TEMPORAL_SEQ,ema72_slope_12h__d24,0
TEMPORAL_SEQ,ema72_slope_12h__w24__mean,0
TEMPORAL_SEQ,ema72_slope_12h__w24__std,0
TEMPORAL_SEQ,ema72_slope_12h__w24__min,0
TEMPORAL_SEQ,ema72_slope_12h__w24__max,0
TEMPORAL_SEQ,ema72_slope_12h__w24__q10,0
TEMPORAL_SEQ,ema72_slope_12h__w24__q25,0
TEMPORAL_SEQ,ema72_slope_12h__w24__q75,0
TEMPORAL_SEQ,ema72_slope_12h__w24__q90,0
TEMPORAL_SEQ,ema72_slope_12h__w24__z,0
TEMPORAL_SEQ,ema72_slope_12h__w24__pos,0
TEMPORAL_SEQ,ema72_slope_12h__w24__delta,0
TEMPORAL_SEQ,ema72_slope_12h__w24__diff_mean,0
TEMPORAL_SEQ,ema72_slope_12h__w24__diff_std,0
TEMPORAL_SEQ,ema72_slope_12h__w24__up_share,0
TEMPORAL_SEQ,ema72_slope_12h__w24__late_vs_prev,0
TEMPORAL_SEQ,ema72_slope_12h__w24__accel,0
TEMPORAL_SEQ,ema72_slope_12h__w72__mean,0
TEMPORAL_SEQ,ema72_slope_12h__w72__std,0
TEMPORAL_SEQ,ema72_slope_12h__w72__min,0
TEMPORAL_SEQ,ema72_slope_12h__w72__max,0
TEMPORAL_SEQ,ema72_slope_12h__w72__q10,0
TEMPORAL_SEQ,ema72_slope_12h__w72__q25,0
TEMPORAL_SEQ,ema72_slope_12h__w72__q75,0
TEMPORAL_SEQ,ema72_slope_12h__w72__q90,0
TEMPORAL_SEQ,ema72_slope_12h__w72__z,0
TEMPORAL_SEQ,ema72_slope_12h__w72__pos,0
TEMPORAL_SEQ,ema72_slope_12h__w72__delta,0
TEMPORAL_SEQ,ema72_slope_12h__w72__diff_mean,0
TEMPORAL_SEQ,ema72_slope_12h__w72__diff_std,0
TEMPORAL_SEQ,ema72_slope_12h__w72__up_share,0
TEMPORAL_SEQ,ema72_slope_12h__w72__late_vs_prev,0
TEMPORAL_SEQ,ema72_slope_12h__w72__accel,0
TEMPORAL_SEQ,ema72_slope_12h__w240__mean,0
TEMPORAL_SEQ,ema72_slope_12h__w240__std,0
TEMPORAL_SEQ,ema72_slope_12h__w240__min,0
TEMPORAL_SEQ,ema72_slope_12h__w240__max,0
TEMPORAL_SEQ,ema72_slope_12h__w240__q10,0
TEMPORAL_SEQ,ema72_slope_12h__w240__q25,0
TEMPORAL_SEQ,ema72_slope_12h__w240__q75,0
TEMPORAL_SEQ,ema72_slope_12h__w240__q90,0
TEMPORAL_SEQ,ema72_slope_12h__w240__z,0
TEMPORAL_SEQ,ema72_slope_12h__w240__delta,0
TEMPORAL_SEQ,ema72_slope_12h__w240__diff_mean,0
TEMPORAL_SEQ,ema72_slope_12h__w240__diff_std,0
TEMPORAL_SEQ,ema72_slope_12h__w240__up_share,0
TEMPORAL_SEQ,ema72_slope_12h__w240__late_vs_prev,0
TEMPORAL_SEQ,ema72_slope_12h__w240__accel,0
TEMPORAL_SEQ,close_vs_vwap24__now,0
TEMPORAL_SEQ,close_vs_vwap24__d1,0
TEMPORAL_SEQ,close_vs_vwap24__d3,0
TEMPORAL_SEQ,close_vs_vwap24__d6,0
TEMPORAL_SEQ,close_vs_vwap24__d12,0
TEMPORAL_SEQ,close_vs_vwap24__d24,0
TEMPORAL_SEQ,close_vs_vwap24__w24__mean,0
TEMPORAL_SEQ,close_vs_vwap24__w24__std,0
TEMPORAL_SEQ,close_vs_vwap24__w24__min,0
TEMPORAL_SEQ,close_vs_vwap24__w24__max,0
TEMPORAL_SEQ,close_vs_vwap24__w24__q10,0
TEMPORAL_SEQ,close_vs_vwap24__w24__q25,0
TEMPORAL_SEQ,close_vs_vwap24__w24__q75,0
TEMPORAL_SEQ,close_vs_vwap24__w24__q90,0
TEMPORAL_SEQ,close_vs_vwap24__w24__z,0
TEMPORAL_SEQ,close_vs_vwap24__w24__pos,0
TEMPORAL_SEQ,close_vs_vwap24__w24__delta,0
TEMPORAL_SEQ,close_vs_vwap24__w24__diff_mean,0
TEMPORAL_SEQ,close_vs_vwap24__w24__diff_std,0
TEMPORAL_SEQ,close_vs_vwap24__w24__up_share,0
TEMPORAL_SEQ,close_vs_vwap24__w24__late_vs_prev,0
TEMPORAL_SEQ,close_vs_vwap24__w24__accel,0
TEMPORAL_SEQ,close_vs_vwap24__w72__std,0
TEMPORAL_SEQ,close_vs_vwap24__w72__min,0
TEMPORAL_SEQ,close_vs_vwap24__w72__max,0
TEMPORAL_SEQ,close_vs_vwap24__w72__q10,0
TEMPORAL_SEQ,close_vs_vwap24__w72__q25,0
TEMPORAL_SEQ,close_vs_vwap24__w72__q75,0
TEMPORAL_SEQ,close_vs_vwap24__w72__q90,0
TEMPORAL_SEQ,close_vs_vwap24__w72__pos,0
TEMPORAL_SEQ,close_vs_vwap24__w72__delta,0
TEMPORAL_SEQ,close_vs_vwap24__w72__diff_mean,0
TEMPORAL_SEQ,close_vs_vwap24__w72__diff_std,0
TEMPORAL_SEQ,close_vs_vwap24__w72__up_share,0
TEMPORAL_SEQ,close_vs_vwap24__w72__late_vs_prev,0
TEMPORAL_SEQ,close_vs_vwap24__w72__accel,0
TEMPORAL_SEQ,close_vs_vwap24__w240__mean,0
TEMPORAL_SEQ,close_vs_vwap24__w240__std,0
TEMPORAL_SEQ,close_vs_vwap24__w240__min,0
TEMPORAL_SEQ,close_vs_vwap24__w240__max,0
TEMPORAL_SEQ,close_vs_vwap24__w240__q10,0
TEMPORAL_SEQ,close_vs_vwap24__w240__q25,0
TEMPORAL_SEQ,close_vs_vwap24__w240__q75,0
TEMPORAL_SEQ,close_vs_vwap24__w240__q90,0
TEMPORAL_SEQ,close_vs_vwap24__w240__z,0
TEMPORAL_SEQ,close_vs_vwap24__w240__pos,0
TEMPORAL_SEQ,close_vs_vwap24__w240__delta,0
TEMPORAL_SEQ,close_vs_vwap24__w240__diff_mean,0
TEMPORAL_SEQ,close_vs_vwap24__w240__diff_std,0
TEMPORAL_SEQ,close_vs_vwap24__w240__up_share,0
TEMPORAL_SEQ,close_vs_vwap24__w240__late_vs_prev,0
TEMPORAL_SEQ,close_vs_vwap24__w240__accel,0
TEMPORAL_SEQ,close_vs_vwap72__now,0
TEMPORAL_SEQ,close_vs_vwap72__d1,0
TEMPORAL_SEQ,close_vs_vwap72__d3,0
TEMPORAL_SEQ,close_vs_vwap72__d6,0
TEMPORAL_SEQ,close_vs_vwap72__d12,0
TEMPORAL_SEQ,close_vs_vwap72__d24,0
TEMPORAL_SEQ,close_vs_vwap72__w24__mean,0
TEMPORAL_SEQ,close_vs_vwap72__w24__std,0
TEMPORAL_SEQ,close_vs_vwap72__w24__min,0
TEMPORAL_SEQ,close_vs_vwap72__w24__max,0
TEMPORAL_SEQ,close_vs_vwap72__w24__q10,0
TEMPORAL_SEQ,close_vs_vwap72__w24__q25,0
TEMPORAL_SEQ,close_vs_vwap72__w24__q75,0
TEMPORAL_SEQ,close_vs_vwap72__w24__q90,0
TEMPORAL_SEQ,close_vs_vwap72__w24__z,0
TEMPORAL_SEQ,close_vs_vwap72__w24__pos,0
TEMPORAL_SEQ,close_vs_vwap72__w24__delta,0
TEMPORAL_SEQ,close_vs_vwap72__w24__diff_mean,0
TEMPORAL_SEQ,close_vs_vwap72__w24__diff_std,0
TEMPORAL_SEQ,close_vs_vwap72__w24__up_share,0
TEMPORAL_SEQ,close_vs_vwap72__w24__late_vs_prev,0
TEMPORAL_SEQ,close_vs_vwap72__w24__accel,0
TEMPORAL_SEQ,close_vs_vwap72__w72__mean,0
TEMPORAL_SEQ,close_vs_vwap72__w72__std,0
TEMPORAL_SEQ,close_vs_vwap72__w72__min,0
TEMPORAL_SEQ,close_vs_vwap72__w72__max,0
TEMPORAL_SEQ,close_vs_vwap72__w72__q10,0
TEMPORAL_SEQ,close_vs_vwap72__w72__q25,0
TEMPORAL_SEQ,close_vs_vwap72__w72__q75,0
TEMPORAL_SEQ,close_vs_vwap72__w72__q90,0
TEMPORAL_SEQ,close_vs_vwap72__w72__z,0
TEMPORAL_SEQ,close_vs_vwap72__w72__pos,0
TEMPORAL_SEQ,close_vs_vwap72__w72__delta,0
TEMPORAL_SEQ,close_vs_vwap72__w72__diff_mean,0
TEMPORAL_SEQ,close_vs_vwap72__w72__diff_std,0
TEMPORAL_SEQ,close_vs_vwap72__w72__up_share,0
TEMPORAL_SEQ,close_vs_vwap72__w72__late_vs_prev,0
TEMPORAL_SEQ,close_vs_vwap72__w72__accel,0
TEMPORAL_SEQ,close_vs_vwap72__w240__mean,0
TEMPORAL_SEQ,close_vs_vwap72__w240__std,0
TEMPORAL_SEQ,close_vs_vwap72__w240__min,0
TEMPORAL_SEQ,close_vs_vwap72__w240__max,0
TEMPORAL_SEQ,close_vs_vwap72__w240__q10,0
TEMPORAL_SEQ,close_vs_vwap72__w240__q25,0
TEMPORAL_SEQ,close_vs_vwap72__w240__q75,0
TEMPORAL_SEQ,close_vs_vwap72__w240__q90,0
TEMPORAL_SEQ,close_vs_vwap72__w240__z,0
TEMPORAL_SEQ,close_vs_vwap72__w240__pos,0
TEMPORAL_SEQ,close_vs_vwap72__w240__delta,0
TEMPORAL_SEQ,close_vs_vwap72__w240__diff_mean,0
TEMPORAL_SEQ,close_vs_vwap72__w240__diff_std,0
TEMPORAL_SEQ,close_vs_vwap72__w240__up_share,0
TEMPORAL_SEQ,close_vs_vwap72__w240__late_vs_prev,0
TEMPORAL_SEQ,close_vs_vwap72__w240__accel,0
TEMPORAL_SEQ,abs_body_pct__now,0
TEMPORAL_SEQ,abs_body_pct__d1,0
TEMPORAL_SEQ,abs_body_pct__d3,0
TEMPORAL_SEQ,abs_body_pct__d6,0
TEMPORAL_SEQ,abs_body_pct__d12,0
TEMPORAL_SEQ,abs_body_pct__d24,0
TEMPORAL_SEQ,abs_body_pct__w24__mean,0
TEMPORAL_SEQ,abs_body_pct__w24__std,0
TEMPORAL_SEQ,abs_body_pct__w24__min,0
TEMPORAL_SEQ,abs_body_pct__w24__max,0
TEMPORAL_SEQ,abs_body_pct__w24__q10,0
TEMPORAL_SEQ,abs_body_pct__w24__q25,0
TEMPORAL_SEQ,abs_body_pct__w24__q75,0
TEMPORAL_SEQ,abs_body_pct__w24__q90,0
TEMPORAL_SEQ,abs_body_pct__w24__z,0
TEMPORAL_SEQ,abs_body_pct__w24__pos,0
TEMPORAL_SEQ,abs_body_pct__w24__delta,0
TEMPORAL_SEQ,abs_body_pct__w24__diff_mean,0
TEMPORAL_SEQ,abs_body_pct__w24__diff_std,0
TEMPORAL_SEQ,abs_body_pct__w24__up_share,0
TEMPORAL_SEQ,abs_body_pct__w24__late_vs_prev,0
TEMPORAL_SEQ,abs_body_pct__w24__accel,0
TEMPORAL_SEQ,abs_body_pct__w72__mean,0
TEMPORAL_SEQ,abs_body_pct__w72__std,0
TEMPORAL_SEQ,abs_body_pct__w72__min,0
TEMPORAL_SEQ,abs_body_pct__w72__max,0
TEMPORAL_SEQ,abs_body_pct__w72__q10,0
TEMPORAL_SEQ,abs_body_pct__w72__q25,0
TEMPORAL_SEQ,abs_body_pct__w72__q75,0
TEMPORAL_SEQ,abs_body_pct__w72__q90,0
TEMPORAL_SEQ,abs_body_pct__w72__z,0
TEMPORAL_SEQ,abs_body_pct__w72__pos,0
TEMPORAL_SEQ,abs_body_pct__w72__delta,0
TEMPORAL_SEQ,abs_body_pct__w72__diff_mean,0
TEMPORAL_SEQ,abs_body_pct__w72__diff_std,0
TEMPORAL_SEQ,abs_body_pct__w72__up_share,0
TEMPORAL_SEQ,abs_body_pct__w72__late_vs_prev,0
TEMPORAL_SEQ,abs_body_pct__w72__accel,0
TEMPORAL_SEQ,abs_body_pct__w240__mean,0
TEMPORAL_SEQ,abs_body_pct__w240__std,0
TEMPORAL_SEQ,abs_body_pct__w240__min,0
TEMPORAL_SEQ,abs_body_pct__w240__max,0
TEMPORAL_SEQ,abs_body_pct__w240__q10,0
TEMPORAL_SEQ,abs_body_pct__w240__q25,0
TEMPORAL_SEQ,abs_body_pct__w240__q75,0
TEMPORAL_SEQ,abs_body_pct__w240__q90,0
TEMPORAL_SEQ,abs_body_pct__w240__z,0
TEMPORAL_SEQ,abs_body_pct__w240__pos,0
TEMPORAL_SEQ,abs_body_pct__w240__delta,0
TEMPORAL_SEQ,abs_body_pct__w240__diff_mean,0
TEMPORAL_SEQ,abs_body_pct__w240__diff_std,0
TEMPORAL_SEQ,abs_body_pct__w240__up_share,0
TEMPORAL_SEQ,abs_body_pct__w240__late_vs_prev,0
TEMPORAL_SEQ,abs_body_pct__w240__accel,0
TEMPORAL_SEQ,avg_trade_quote_rel24__now,0
TEMPORAL_SEQ,avg_trade_quote_rel24__d1,0
TEMPORAL_SEQ,avg_trade_quote_rel24__d3,0
TEMPORAL_SEQ,avg_trade_quote_rel24__d6,0
TEMPORAL_SEQ,avg_trade_quote_rel24__d12,0
TEMPORAL_SEQ,avg_trade_quote_rel24__d24,0
TEMPORAL_SEQ,avg_trade_quote_rel24__w24__mean,0
TEMPORAL_SEQ,avg_trade_quote_rel24__w24__std,0
TEMPORAL_SEQ,avg_trade_quote_rel24__w24__min,0
TEMPORAL_SEQ,avg_trade_quote_rel24__w24__max,0
TEMPORAL_SEQ,avg_trade_quote_rel24__w24__q10,0
TEMPORAL_SEQ,avg_trade_quote_rel24__w24__q25,0
TEMPORAL_SEQ,avg_trade_quote_rel24__w24__q75,0
TEMPORAL_SEQ,avg_trade_quote_rel24__w24__q90,0
TEMPORAL_SEQ,avg_trade_quote_rel24__w24__z,0
TEMPORAL_SEQ,avg_trade_quote_rel24__w24__pos,0
TEMPORAL_SEQ,avg_trade_quote_rel24__w24__delta,0
TEMPORAL_SEQ,avg_trade_quote_rel24__w24__diff_mean,0
TEMPORAL_SEQ,avg_trade_quote_rel24__w24__up_share,0
TEMPORAL_SEQ,avg_trade_quote_rel24__w24__late_vs_prev,0
TEMPORAL_SEQ,avg_trade_quote_rel24__w24__accel,0
TEMPORAL_SEQ,avg_trade_quote_rel24__w72__mean,0
TEMPORAL_SEQ,avg_trade_quote_rel24__w72__std,0
TEMPORAL_SEQ,avg_trade_quote_rel24__w72__min,0
TEMPORAL_SEQ,avg_trade_quote_rel24__w72__max,0
TEMPORAL_SEQ,avg_trade_quote_rel24__w72__q10,0
TEMPORAL_SEQ,avg_trade_quote_rel24__w72__q25,0
TEMPORAL_SEQ,avg_trade_quote_rel24__w72__q75,0
TEMPORAL_SEQ,avg_trade_quote_rel24__w72__q90,0
TEMPORAL_SEQ,avg_trade_quote_rel24__w72__z,0
TEMPORAL_SEQ,avg_trade_quote_rel24__w72__pos,0
TEMPORAL_SEQ,avg_trade_quote_rel24__w72__delta,0
TEMPORAL_SEQ,avg_trade_quote_rel24__w72__diff_mean,0
TEMPORAL_SEQ,avg_trade_quote_rel24__w72__diff_std,0
TEMPORAL_SEQ,avg_trade_quote_rel24__w72__up_share,0
TEMPORAL_SEQ,avg_trade_quote_rel24__w72__late_vs_prev,0
TEMPORAL_SEQ,avg_trade_quote_rel24__w72__accel,0
TEMPORAL_SEQ,avg_trade_quote_rel24__w240__mean,0
TEMPORAL_SEQ,avg_trade_quote_rel24__w240__std,0
TEMPORAL_SEQ,avg_trade_quote_rel24__w240__min,0
TEMPORAL_SEQ,avg_trade_quote_rel24__w240__max,0
TEMPORAL_SEQ,avg_trade_quote_rel24__w240__q10,0
TEMPORAL_SEQ,avg_trade_quote_rel24__w240__q25,0
TEMPORAL_SEQ,avg_trade_quote_rel24__w240__q75,0
TEMPORAL_SEQ,avg_trade_quote_rel24__w240__q90,0
TEMPORAL_SEQ,avg_trade_quote_rel24__w240__z,0
TEMPORAL_SEQ,avg_trade_quote_rel24__w240__pos,0
TEMPORAL_SEQ,avg_trade_quote_rel24__w240__delta,0
TEMPORAL_SEQ,avg_trade_quote_rel24__w240__diff_mean,0
TEMPORAL_SEQ,avg_trade_quote_rel24__w240__diff_std,0
TEMPORAL_SEQ,avg_trade_quote_rel24__w240__up_share,0
TEMPORAL_SEQ,avg_trade_quote_rel24__w240__late_vs_prev,0
TEMPORAL_SEQ,avg_trade_quote_rel24__w240__accel,0
TEMPORAL_SEQ,avg_trade_quote_rel72__now,0
TEMPORAL_SEQ,avg_trade_quote_rel72__d1,0
TEMPORAL_SEQ,avg_trade_quote_rel72__d3,0
TEMPORAL_SEQ,avg_trade_quote_rel72__d6,0
TEMPORAL_SEQ,avg_trade_quote_rel72__d12,0
TEMPORAL_SEQ,avg_trade_quote_rel72__d24,0
TEMPORAL_SEQ,avg_trade_quote_rel72__w24__mean,0
TEMPORAL_SEQ,avg_trade_quote_rel72__w24__std,0
TEMPORAL_SEQ,avg_trade_quote_rel72__w24__min,0
TEMPORAL_SEQ,avg_trade_quote_rel72__w24__max,0
TEMPORAL_SEQ,avg_trade_quote_rel72__w24__q10,0
TEMPORAL_SEQ,avg_trade_quote_rel72__w24__q25,0
TEMPORAL_SEQ,avg_trade_quote_rel72__w24__q75,0
TEMPORAL_SEQ,avg_trade_quote_rel72__w24__q90,0
TEMPORAL_SEQ,avg_trade_quote_rel72__w24__z,0
TEMPORAL_SEQ,avg_trade_quote_rel72__w24__pos,0
TEMPORAL_SEQ,avg_trade_quote_rel72__w24__delta,0
TEMPORAL_SEQ,avg_trade_quote_rel72__w24__diff_mean,0
TEMPORAL_SEQ,avg_trade_quote_rel72__w24__diff_std,0
TEMPORAL_SEQ,avg_trade_quote_rel72__w24__up_share,0
TEMPORAL_SEQ,avg_trade_quote_rel72__w24__late_vs_prev,0
TEMPORAL_SEQ,avg_trade_quote_rel72__w24__accel,0
TEMPORAL_SEQ,avg_trade_quote_rel72__w72__mean,0
TEMPORAL_SEQ,avg_trade_quote_rel72__w72__std,0
TEMPORAL_SEQ,avg_trade_quote_rel72__w72__min,0
TEMPORAL_SEQ,avg_trade_quote_rel72__w72__max,0
TEMPORAL_SEQ,avg_trade_quote_rel72__w72__q10,0
TEMPORAL_SEQ,avg_trade_quote_rel72__w72__q25,0
TEMPORAL_SEQ,avg_trade_quote_rel72__w72__q75,0
TEMPORAL_SEQ,avg_trade_quote_rel72__w72__q90,0
TEMPORAL_SEQ,avg_trade_quote_rel72__w72__z,0
TEMPORAL_SEQ,avg_trade_quote_rel72__w72__pos,0
TEMPORAL_SEQ,avg_trade_quote_rel72__w72__delta,0
TEMPORAL_SEQ,avg_trade_quote_rel72__w72__diff_mean,0
TEMPORAL_SEQ,avg_trade_quote_rel72__w72__diff_std,0
TEMPORAL_SEQ,avg_trade_quote_rel72__w72__up_share,0
TEMPORAL_SEQ,avg_trade_quote_rel72__w72__late_vs_prev,0
TEMPORAL_SEQ,avg_trade_quote_rel72__w72__accel,0
TEMPORAL_SEQ,avg_trade_quote_rel72__w240__mean,0
TEMPORAL_SEQ,avg_trade_quote_rel72__w240__std,0
TEMPORAL_SEQ,avg_trade_quote_rel72__w240__min,0
TEMPORAL_SEQ,avg_trade_quote_rel72__w240__max,0
TEMPORAL_SEQ,avg_trade_quote_rel72__w240__q10,0
TEMPORAL_SEQ,avg_trade_quote_rel72__w240__q25,0
TEMPORAL_SEQ,avg_trade_quote_rel72__w240__q75,0
TEMPORAL_SEQ,avg_trade_quote_rel72__w240__q90,0
TEMPORAL_SEQ,avg_trade_quote_rel72__w240__z,0
TEMPORAL_SEQ,avg_trade_quote_rel72__w240__pos,0
TEMPORAL_SEQ,avg_trade_quote_rel72__w240__delta,0
TEMPORAL_SEQ,avg_trade_quote_rel72__w240__diff_mean,0
TEMPORAL_SEQ,avg_trade_quote_rel72__w240__up_share,0
TEMPORAL_SEQ,avg_trade_quote_rel72__w240__late_vs_prev,0
TEMPORAL_SEQ,avg_trade_quote_rel72__w240__accel,0
TEMPORAL_SEQ,avg_trade_quote_rel240__now,0
TEMPORAL_SEQ,avg_trade_quote_rel240__d1,0
TEMPORAL_SEQ,avg_trade_quote_rel240__d3,0
TEMPORAL_SEQ,avg_trade_quote_rel240__d6,0
TEMPORAL_SEQ,avg_trade_quote_rel240__d12,0
TEMPORAL_SEQ,avg_trade_quote_rel240__d24,0
TEMPORAL_SEQ,avg_trade_quote_rel240__w24__mean,0
TEMPORAL_SEQ,avg_trade_quote_rel240__w24__std,0
TEMPORAL_SEQ,avg_trade_quote_rel240__w24__max,0
TEMPORAL_SEQ,avg_trade_quote_rel240__w24__q10,0
TEMPORAL_SEQ,avg_trade_quote_rel240__w24__q25,0
TEMPORAL_SEQ,avg_trade_quote_rel240__w24__q75,0
TEMPORAL_SEQ,avg_trade_quote_rel240__w24__q90,0
TEMPORAL_SEQ,avg_trade_quote_rel240__w24__z,0
TEMPORAL_SEQ,avg_trade_quote_rel240__w24__pos,0
TEMPORAL_SEQ,avg_trade_quote_rel240__w24__delta,0
TEMPORAL_SEQ,avg_trade_quote_rel240__w24__diff_mean,0
TEMPORAL_SEQ,avg_trade_quote_rel240__w24__diff_std,0
TEMPORAL_SEQ,avg_trade_quote_rel240__w24__up_share,0
TEMPORAL_SEQ,avg_trade_quote_rel240__w24__late_vs_prev,0
TEMPORAL_SEQ,avg_trade_quote_rel240__w24__accel,0
TEMPORAL_SEQ,avg_trade_quote_rel240__w72__mean,0
TEMPORAL_SEQ,avg_trade_quote_rel240__w72__std,0
TEMPORAL_SEQ,avg_trade_quote_rel240__w72__min,0
TEMPORAL_SEQ,avg_trade_quote_rel240__w72__max,0
TEMPORAL_SEQ,avg_trade_quote_rel240__w72__q10,0
TEMPORAL_SEQ,avg_trade_quote_rel240__w72__q25,0
TEMPORAL_SEQ,avg_trade_quote_rel240__w72__q75,0
TEMPORAL_SEQ,avg_trade_quote_rel240__w72__q90,0
TEMPORAL_SEQ,avg_trade_quote_rel240__w72__z,0
TEMPORAL_SEQ,avg_trade_quote_rel240__w72__pos,0
TEMPORAL_SEQ,avg_trade_quote_rel240__w72__delta,0
TEMPORAL_SEQ,avg_trade_quote_rel240__w72__diff_mean,0
TEMPORAL_SEQ,avg_trade_quote_rel240__w72__diff_std,0
TEMPORAL_SEQ,avg_trade_quote_rel240__w72__up_share,0
TEMPORAL_SEQ,avg_trade_quote_rel240__w72__late_vs_prev,0
TEMPORAL_SEQ,avg_trade_quote_rel240__w72__accel,0
TEMPORAL_SEQ,avg_trade_quote_rel240__w240__mean,0
TEMPORAL_SEQ,avg_trade_quote_rel240__w240__std,0
TEMPORAL_SEQ,avg_trade_quote_rel240__w240__min,0
TEMPORAL_SEQ,avg_trade_quote_rel240__w240__max,0
TEMPORAL_SEQ,avg_trade_quote_rel240__w240__q10,0
TEMPORAL_SEQ,avg_trade_quote_rel240__w240__q25,0
TEMPORAL_SEQ,avg_trade_quote_rel240__w240__q75,0
TEMPORAL_SEQ,avg_trade_quote_rel240__w240__q90,0
TEMPORAL_SEQ,avg_trade_quote_rel240__w240__z,0
TEMPORAL_SEQ,avg_trade_quote_rel240__w240__pos,0
TEMPORAL_SEQ,avg_trade_quote_rel240__w240__delta,0
TEMPORAL_SEQ,avg_trade_quote_rel240__w240__diff_mean,0
TEMPORAL_SEQ,avg_trade_quote_rel240__w240__diff_std,0
TEMPORAL_SEQ,avg_trade_quote_rel240__w240__up_share,0
TEMPORAL_SEQ,avg_trade_quote_rel240__w240__late_vs_prev,0
TEMPORAL_SEQ,avg_trade_quote_rel240__w240__accel,0
TEMPORAL_SEQ,obv_delta__now,0
TEMPORAL_SEQ,obv_delta__d1,0
TEMPORAL_SEQ,obv_delta__d3,0
TEMPORAL_SEQ,obv_delta__d6,0
TEMPORAL_SEQ,obv_delta__d12,0
TEMPORAL_SEQ,obv_delta__d24,0
TEMPORAL_SEQ,obv_delta__w24__mean,0
TEMPORAL_SEQ,obv_delta__w24__std,0
TEMPORAL_SEQ,obv_delta__w24__min,0
TEMPORAL_SEQ,obv_delta__w24__max,0
TEMPORAL_SEQ,obv_delta__w24__q25,0
TEMPORAL_SEQ,obv_delta__w24__q75,0
TEMPORAL_SEQ,obv_delta__w24__q90,0
TEMPORAL_SEQ,obv_delta__w24__z,0
TEMPORAL_SEQ,obv_delta__w24__pos,0
TEMPORAL_SEQ,obv_delta__w24__delta,0
TEMPORAL_SEQ,obv_delta__w24__diff_mean,0
TEMPORAL_SEQ,obv_delta__w24__diff_std,0
TEMPORAL_SEQ,obv_delta__w24__up_share,0
TEMPORAL_SEQ,obv_delta__w24__late_vs_prev,0
TEMPORAL_SEQ,obv_delta__w24__accel,0
TEMPORAL_SEQ,obv_delta__w72__mean,0
TEMPORAL_SEQ,obv_delta__w72__std,0
TEMPORAL_SEQ,obv_delta__w72__min,0
TEMPORAL_SEQ,obv_delta__w72__max,0
TEMPORAL_SEQ,obv_delta__w72__q10,0
TEMPORAL_SEQ,obv_delta__w72__q25,0
TEMPORAL_SEQ,obv_delta__w72__q75,0
TEMPORAL_SEQ,obv_delta__w72__q90,0
TEMPORAL_SEQ,obv_delta__w72__z,0
TEMPORAL_SEQ,obv_delta__w72__pos,0
TEMPORAL_SEQ,obv_delta__w72__delta,0
TEMPORAL_SEQ,obv_delta__w72__diff_mean,0
TEMPORAL_SEQ,obv_delta__w72__diff_std,0
TEMPORAL_SEQ,obv_delta__w72__up_share,0
TEMPORAL_SEQ,obv_delta__w72__late_vs_prev,0
TEMPORAL_SEQ,obv_delta__w72__accel,0
TEMPORAL_SEQ,obv_delta__w240__std,0
TEMPORAL_SEQ,obv_delta__w240__min,0
TEMPORAL_SEQ,obv_delta__w240__max,0
TEMPORAL_SEQ,obv_delta__w240__q10,0
TEMPORAL_SEQ,obv_delta__w240__q25,0
TEMPORAL_SEQ,obv_delta__w240__q75,0
TEMPORAL_SEQ,obv_delta__w240__q90,0
TEMPORAL_SEQ,obv_delta__w240__z,0
TEMPORAL_SEQ,obv_delta__w240__pos,0
TEMPORAL_SEQ,obv_delta__w240__delta,0
TEMPORAL_SEQ,obv_delta__w240__diff_mean,0
TEMPORAL_SEQ,obv_delta__w240__diff_std,0
TEMPORAL_SEQ,obv_delta__w240__up_share,0
TEMPORAL_SEQ,obv_delta__w240__late_vs_prev,0
TEMPORAL_SEQ,obv_delta__w240__accel,0
TEMPORAL_SEQ,volume_rel24__now,0
TEMPORAL_SEQ,volume_rel24__d1,0
TEMPORAL_SEQ,volume_rel24__d3,0
TEMPORAL_SEQ,volume_rel24__d6,0
TEMPORAL_SEQ,volume_rel24__d12,0
TEMPORAL_SEQ,volume_rel24__d24,0
TEMPORAL_SEQ,volume_rel24__w24__mean,0
TEMPORAL_SEQ,volume_rel24__w24__std,0
TEMPORAL_SEQ,volume_rel24__w24__min,0
TEMPORAL_SEQ,volume_rel24__w24__max,0
TEMPORAL_SEQ,volume_rel24__w24__q10,0
TEMPORAL_SEQ,volume_rel24__w24__q25,0
TEMPORAL_SEQ,volume_rel24__w24__q75,0
TEMPORAL_SEQ,volume_rel24__w24__z,0
TEMPORAL_SEQ,volume_rel24__w24__pos,0
TEMPORAL_SEQ,volume_rel24__w24__delta,0
TEMPORAL_SEQ,volume_rel24__w24__diff_mean,0
TEMPORAL_SEQ,volume_rel24__w24__diff_std,0
TEMPORAL_SEQ,volume_rel24__w24__up_share,0
TEMPORAL_SEQ,volume_rel24__w24__late_vs_prev,0
TEMPORAL_SEQ,volume_rel24__w24__accel,0
TEMPORAL_SEQ,volume_rel24__w72__mean,0
TEMPORAL_SEQ,volume_rel24__w72__std,0
TEMPORAL_SEQ,volume_rel24__w72__min,0
TEMPORAL_SEQ,volume_rel24__w72__max,0
TEMPORAL_SEQ,volume_rel24__w72__q10,0
TEMPORAL_SEQ,volume_rel24__w72__q25,0
TEMPORAL_SEQ,volume_rel24__w72__q75,0
TEMPORAL_SEQ,volume_rel24__w72__q90,0
TEMPORAL_SEQ,volume_rel24__w72__z,0
TEMPORAL_SEQ,volume_rel24__w72__pos,0
TEMPORAL_SEQ,volume_rel24__w72__delta,0
TEMPORAL_SEQ,volume_rel24__w72__diff_mean,0
TEMPORAL_SEQ,volume_rel24__w72__diff_std,0
TEMPORAL_SEQ,volume_rel24__w72__up_share,0
TEMPORAL_SEQ,volume_rel24__w72__late_vs_prev,0
TEMPORAL_SEQ,volume_rel24__w72__accel,0
TEMPORAL_SEQ,volume_rel24__w240__mean,0
TEMPORAL_SEQ,volume_rel24__w240__std,0
TEMPORAL_SEQ,volume_rel24__w240__min,0
TEMPORAL_SEQ,volume_rel24__w240__max,0
TEMPORAL_SEQ,volume_rel24__w240__q25,0
TEMPORAL_SEQ,volume_rel24__w240__q75,0
TEMPORAL_SEQ,volume_rel24__w240__q90,0
TEMPORAL_SEQ,volume_rel24__w240__z,0
TEMPORAL_SEQ,volume_rel24__w240__pos,0
TEMPORAL_SEQ,volume_rel24__w240__delta,0
TEMPORAL_SEQ,volume_rel24__w240__diff_mean,0
TEMPORAL_SEQ,volume_rel24__w240__diff_std,0
TEMPORAL_SEQ,volume_rel24__w240__up_share,0
TEMPORAL_SEQ,volume_rel24__w240__late_vs_prev,0
TEMPORAL_SEQ,volume_rel24__w240__accel,0
TEMPORAL_SEQ,volume_rel240__now,0
TEMPORAL_SEQ,volume_rel240__d1,0
TEMPORAL_SEQ,volume_rel240__d3,0
TEMPORAL_SEQ,volume_rel240__d6,0
TEMPORAL_SEQ,volume_rel240__d12,0
TEMPORAL_SEQ,volume_rel240__d24,0
TEMPORAL_SEQ,volume_rel240__w24__mean,0
TEMPORAL_SEQ,volume_rel240__w24__std,0
TEMPORAL_SEQ,volume_rel240__w24__min,0
TEMPORAL_SEQ,volume_rel240__w24__max,0
TEMPORAL_SEQ,volume_rel240__w24__q10,0
TEMPORAL_SEQ,volume_rel240__w24__q25,0
TEMPORAL_SEQ,volume_rel240__w24__q75,0
TEMPORAL_SEQ,volume_rel240__w24__q90,0
TEMPORAL_SEQ,volume_rel240__w24__z,0
TEMPORAL_SEQ,volume_rel240__w24__pos,0
TEMPORAL_SEQ,volume_rel240__w24__delta,0
TEMPORAL_SEQ,volume_rel240__w24__diff_mean,0
TEMPORAL_SEQ,volume_rel240__w24__diff_std,0
TEMPORAL_SEQ,volume_rel240__w24__up_share,0
TEMPORAL_SEQ,volume_rel240__w24__late_vs_prev,0
TEMPORAL_SEQ,volume_rel240__w24__accel,0
TEMPORAL_SEQ,volume_rel240__w72__mean,0
TEMPORAL_SEQ,volume_rel240__w72__std,0
TEMPORAL_SEQ,volume_rel240__w72__min,0
TEMPORAL_SEQ,volume_rel240__w72__max,0
TEMPORAL_SEQ,volume_rel240__w72__q10,0
TEMPORAL_SEQ,volume_rel240__w72__q25,0
TEMPORAL_SEQ,volume_rel240__w72__q75,0
TEMPORAL_SEQ,volume_rel240__w72__q90,0
TEMPORAL_SEQ,volume_rel240__w72__z,0
TEMPORAL_SEQ,volume_rel240__w72__pos,0
TEMPORAL_SEQ,volume_rel240__w72__delta,0
TEMPORAL_SEQ,volume_rel240__w72__diff_mean,0
TEMPORAL_SEQ,volume_rel240__w72__diff_std,0
TEMPORAL_SEQ,volume_rel240__w72__up_share,0
TEMPORAL_SEQ,volume_rel240__w72__late_vs_prev,0
TEMPORAL_SEQ,volume_rel240__w72__accel,0
TEMPORAL_SEQ,volume_rel240__w240__mean,0
TEMPORAL_SEQ,volume_rel240__w240__std,0
TEMPORAL_SEQ,volume_rel240__w240__min,0
TEMPORAL_SEQ,volume_rel240__w240__q25,0
TEMPORAL_SEQ,volume_rel240__w240__q75,0
TEMPORAL_SEQ,volume_rel240__w240__q90,0
TEMPORAL_SEQ,volume_rel240__w240__z,0
TEMPORAL_SEQ,volume_rel240__w240__pos,0
TEMPORAL_SEQ,volume_rel240__w240__delta,0
TEMPORAL_SEQ,volume_rel240__w240__diff_mean,0
TEMPORAL_SEQ,volume_rel240__w240__diff_std,0
TEMPORAL_SEQ,volume_rel240__w240__up_share,0
TEMPORAL_SEQ,volume_rel240__w240__late_vs_prev,0
TEMPORAL_SEQ,volume_rel240__w240__accel,0
TEMPORAL_SEQ,quote_volume_rel24__now,0
TEMPORAL_SEQ,quote_volume_rel24__d1,0
TEMPORAL_SEQ,quote_volume_rel24__d3,0
TEMPORAL_SEQ,quote_volume_rel24__d6,0
TEMPORAL_SEQ,quote_volume_rel24__d12,0
TEMPORAL_SEQ,quote_volume_rel24__d24,0
TEMPORAL_SEQ,quote_volume_rel24__w24__mean,0
TEMPORAL_SEQ,quote_volume_rel24__w24__std,0
TEMPORAL_SEQ,quote_volume_rel24__w24__min,0
TEMPORAL_SEQ,quote_volume_rel24__w24__max,0
TEMPORAL_SEQ,quote_volume_rel24__w24__q10,0
TEMPORAL_SEQ,quote_volume_rel24__w24__q25,0
TEMPORAL_SEQ,quote_volume_rel24__w24__q75,0
TEMPORAL_SEQ,quote_volume_rel24__w24__q90,0
TEMPORAL_SEQ,quote_volume_rel24__w24__z,0
TEMPORAL_SEQ,quote_volume_rel24__w24__pos,0
TEMPORAL_SEQ,quote_volume_rel24__w24__delta,0
TEMPORAL_SEQ,quote_volume_rel24__w24__diff_mean,0
TEMPORAL_SEQ,quote_volume_rel24__w24__diff_std,0
TEMPORAL_SEQ,quote_volume_rel24__w24__up_share,0
TEMPORAL_SEQ,quote_volume_rel24__w24__late_vs_prev,0
TEMPORAL_SEQ,quote_volume_rel24__w24__accel,0
TEMPORAL_SEQ,quote_volume_rel24__w72__mean,0
TEMPORAL_SEQ,quote_volume_rel24__w72__std,0
TEMPORAL_SEQ,quote_volume_rel24__w72__min,0
TEMPORAL_SEQ,quote_volume_rel24__w72__max,0
TEMPORAL_SEQ,quote_volume_rel24__w72__q10,0
TEMPORAL_SEQ,quote_volume_rel24__w72__q25,0
TEMPORAL_SEQ,quote_volume_rel24__w72__q75,0
TEMPORAL_SEQ,quote_volume_rel24__w72__q90,0
TEMPORAL_SEQ,quote_volume_rel24__w72__z,0
TEMPORAL_SEQ,quote_volume_rel24__w72__pos,0
TEMPORAL_SEQ,quote_volume_rel24__w72__delta,0
TEMPORAL_SEQ,quote_volume_rel24__w72__diff_mean,0
TEMPORAL_SEQ,quote_volume_rel24__w72__diff_std,0
TEMPORAL_SEQ,quote_volume_rel24__w72__up_share,0
TEMPORAL_SEQ,quote_volume_rel24__w72__late_vs_prev,0
TEMPORAL_SEQ,quote_volume_rel24__w72__accel,0
TEMPORAL_SEQ,quote_volume_rel24__w240__mean,0
TEMPORAL_SEQ,quote_volume_rel24__w240__std,0
TEMPORAL_SEQ,quote_volume_rel24__w240__min,0
TEMPORAL_SEQ,quote_volume_rel24__w240__max,0
TEMPORAL_SEQ,quote_volume_rel24__w240__q10,0
TEMPORAL_SEQ,quote_volume_rel24__w240__q25,0
TEMPORAL_SEQ,quote_volume_rel24__w240__q75,0
TEMPORAL_SEQ,quote_volume_rel24__w240__q90,0
TEMPORAL_SEQ,quote_volume_rel24__w240__z,0
TEMPORAL_SEQ,quote_volume_rel24__w240__pos,0
TEMPORAL_SEQ,quote_volume_rel24__w240__delta,0
TEMPORAL_SEQ,quote_volume_rel24__w240__diff_mean,0
TEMPORAL_SEQ,quote_volume_rel24__w240__diff_std,0
TEMPORAL_SEQ,quote_volume_rel24__w240__up_share,0
TEMPORAL_SEQ,quote_volume_rel24__w240__late_vs_prev,0
TEMPORAL_SEQ,quote_volume_rel24__w240__accel,0
TEMPORAL_SEQ,quote_volume_rel72__now,0
TEMPORAL_SEQ,quote_volume_rel72__d1,0
TEMPORAL_SEQ,quote_volume_rel72__d3,0
TEMPORAL_SEQ,quote_volume_rel72__d6,0
TEMPORAL_SEQ,quote_volume_rel72__d12,0
TEMPORAL_SEQ,quote_volume_rel72__d24,0
TEMPORAL_SEQ,quote_volume_rel72__w24__mean,0
TEMPORAL_SEQ,quote_volume_rel72__w24__std,0
TEMPORAL_SEQ,quote_volume_rel72__w24__min,0
TEMPORAL_SEQ,quote_volume_rel72__w24__max,0
TEMPORAL_SEQ,quote_volume_rel72__w24__q10,0
TEMPORAL_SEQ,quote_volume_rel72__w24__q25,0
TEMPORAL_SEQ,quote_volume_rel72__w24__q75,0
TEMPORAL_SEQ,quote_volume_rel72__w24__q90,0
TEMPORAL_SEQ,quote_volume_rel72__w24__z,0
TEMPORAL_SEQ,quote_volume_rel72__w24__pos,0
TEMPORAL_SEQ,quote_volume_rel72__w24__delta,0
TEMPORAL_SEQ,quote_volume_rel72__w24__diff_mean,0
TEMPORAL_SEQ,quote_volume_rel72__w24__diff_std,0
TEMPORAL_SEQ,quote_volume_rel72__w24__up_share,0
TEMPORAL_SEQ,quote_volume_rel72__w24__late_vs_prev,0
TEMPORAL_SEQ,quote_volume_rel72__w24__accel,0
TEMPORAL_SEQ,quote_volume_rel72__w72__mean,0
TEMPORAL_SEQ,quote_volume_rel72__w72__std,0
TEMPORAL_SEQ,quote_volume_rel72__w72__min,0
TEMPORAL_SEQ,quote_volume_rel72__w72__max,0
TEMPORAL_SEQ,quote_volume_rel72__w72__q10,0
TEMPORAL_SEQ,quote_volume_rel72__w72__q25,0
TEMPORAL_SEQ,quote_volume_rel72__w72__q75,0
TEMPORAL_SEQ,quote_volume_rel72__w72__q90,0
TEMPORAL_SEQ,quote_volume_rel72__w72__z,0
TEMPORAL_SEQ,quote_volume_rel72__w72__pos,0
TEMPORAL_SEQ,quote_volume_rel72__w72__delta,0
TEMPORAL_SEQ,quote_volume_rel72__w72__diff_mean,0
TEMPORAL_SEQ,quote_volume_rel72__w72__diff_std,0
TEMPORAL_SEQ,quote_volume_rel72__w72__up_share,0
TEMPORAL_SEQ,quote_volume_rel72__w72__late_vs_prev,0
TEMPORAL_SEQ,quote_volume_rel72__w72__accel,0
TEMPORAL_SEQ,quote_volume_rel72__w240__mean,0
TEMPORAL_SEQ,quote_volume_rel72__w240__std,0
TEMPORAL_SEQ,quote_volume_rel72__w240__min,0
TEMPORAL_SEQ,quote_volume_rel72__w240__max,0
TEMPORAL_SEQ,quote_volume_rel72__w240__q10,0
TEMPORAL_SEQ,quote_volume_rel72__w240__q25,0
TEMPORAL_SEQ,quote_volume_rel72__w240__q75,0
TEMPORAL_SEQ,quote_volume_rel72__w240__q90,0
TEMPORAL_SEQ,quote_volume_rel72__w240__z,0
TEMPORAL_SEQ,quote_volume_rel72__w240__pos,0
TEMPORAL_SEQ,quote_volume_rel72__w240__delta,0
TEMPORAL_SEQ,quote_volume_rel72__w240__diff_mean,0
TEMPORAL_SEQ,quote_volume_rel72__w240__diff_std,0
TEMPORAL_SEQ,quote_volume_rel72__w240__up_share,0
TEMPORAL_SEQ,quote_volume_rel72__w240__late_vs_prev,0
TEMPORAL_SEQ,quote_volume_rel72__w240__accel,0
TEMPORAL_SEQ,quote_volume_rel240__now,0
TEMPORAL_SEQ,quote_volume_rel240__d1,0
TEMPORAL_SEQ,quote_volume_rel240__d3,0
TEMPORAL_SEQ,quote_volume_rel240__d6,0
TEMPORAL_SEQ,quote_volume_rel240__d12,0
TEMPORAL_SEQ,quote_volume_rel240__d24,0
TEMPORAL_SEQ,quote_volume_rel240__w24__mean,0
TEMPORAL_SEQ,quote_volume_rel240__w24__std,0
TEMPORAL_SEQ,quote_volume_rel240__w24__min,0
TEMPORAL_SEQ,quote_volume_rel240__w24__max,0
TEMPORAL_SEQ,quote_volume_rel240__w24__q10,0
TEMPORAL_SEQ,quote_volume_rel240__w24__q25,0
TEMPORAL_SEQ,quote_volume_rel240__w24__q75,0
TEMPORAL_SEQ,quote_volume_rel240__w24__q90,0
TEMPORAL_SEQ,quote_volume_rel240__w24__z,0
TEMPORAL_SEQ,quote_volume_rel240__w24__pos,0
TEMPORAL_SEQ,quote_volume_rel240__w24__delta,0
TEMPORAL_SEQ,quote_volume_rel240__w24__diff_mean,0
TEMPORAL_SEQ,quote_volume_rel240__w24__diff_std,0
TEMPORAL_SEQ,quote_volume_rel240__w24__up_share,0
TEMPORAL_SEQ,quote_volume_rel240__w24__late_vs_prev,0
TEMPORAL_SEQ,quote_volume_rel240__w24__accel,0
TEMPORAL_SEQ,quote_volume_rel240__w72__mean,0
TEMPORAL_SEQ,quote_volume_rel240__w72__std,0
TEMPORAL_SEQ,quote_volume_rel240__w72__min,0
TEMPORAL_SEQ,quote_volume_rel240__w72__max,0
TEMPORAL_SEQ,quote_volume_rel240__w72__q10,0
TEMPORAL_SEQ,quote_volume_rel240__w72__q25,0
TEMPORAL_SEQ,quote_volume_rel240__w72__q75,0
TEMPORAL_SEQ,quote_volume_rel240__w72__q90,0
TEMPORAL_SEQ,quote_volume_rel240__w72__z,0
TEMPORAL_SEQ,quote_volume_rel240__w72__pos,0
TEMPORAL_SEQ,quote_volume_rel240__w72__delta,0
TEMPORAL_SEQ,quote_volume_rel240__w72__diff_mean,0
TEMPORAL_SEQ,quote_volume_rel240__w72__diff_std,0
TEMPORAL_SEQ,quote_volume_rel240__w72__up_share,0
TEMPORAL_SEQ,quote_volume_rel240__w72__late_vs_prev,0
TEMPORAL_SEQ,quote_volume_rel240__w72__accel,0
TEMPORAL_SEQ,quote_volume_rel240__w240__mean,0
TEMPORAL_SEQ,quote_volume_rel240__w240__std,0
TEMPORAL_SEQ,quote_volume_rel240__w240__min,0
TEMPORAL_SEQ,quote_volume_rel240__w240__max,0
TEMPORAL_SEQ,quote_volume_rel240__w240__q10,0
TEMPORAL_SEQ,quote_volume_rel240__w240__q25,0
TEMPORAL_SEQ,quote_volume_rel240__w240__q75,0
TEMPORAL_SEQ,quote_volume_rel240__w240__q90,0
TEMPORAL_SEQ,quote_volume_rel240__w240__z,0
TEMPORAL_SEQ,quote_volume_rel240__w240__pos,0
TEMPORAL_SEQ,quote_volume_rel240__w240__delta,0
TEMPORAL_SEQ,quote_volume_rel240__w240__diff_mean,0
TEMPORAL_SEQ,quote_volume_rel240__w240__diff_std,0
TEMPORAL_SEQ,quote_volume_rel240__w240__up_share,0
TEMPORAL_SEQ,quote_volume_rel240__w240__late_vs_prev,0
TEMPORAL_SEQ,quote_volume_rel240__w240__accel,0
TEMPORAL_SEQ,trades_rel24__now,0
TEMPORAL_SEQ,trades_rel24__d1,0
TEMPORAL_SEQ,trades_rel24__d3,0
TEMPORAL_SEQ,trades_rel24__d6,0
TEMPORAL_SEQ,trades_rel24__d12,0
TEMPORAL_SEQ,trades_rel24__d24,0
TEMPORAL_SEQ,trades_rel24__w24__mean,0
TEMPORAL_SEQ,trades_rel24__w24__std,0
TEMPORAL_SEQ,trades_rel24__w24__min,0
TEMPORAL_SEQ,trades_rel24__w24__max,0
TEMPORAL_SEQ,trades_rel24__w24__q10,0
TEMPORAL_SEQ,trades_rel24__w24__q25,0
TEMPORAL_SEQ,trades_rel24__w24__q75,0
TEMPORAL_SEQ,trades_rel24__w24__q90,0
TEMPORAL_SEQ,trades_rel24__w24__z,0
TEMPORAL_SEQ,trades_rel24__w24__pos,0
TEMPORAL_SEQ,trades_rel24__w24__delta,0
TEMPORAL_SEQ,trades_rel24__w24__diff_mean,0
TEMPORAL_SEQ,trades_rel24__w24__diff_std,0
TEMPORAL_SEQ,trades_rel24__w24__up_share,0
TEMPORAL_SEQ,trades_rel24__w24__late_vs_prev,0
TEMPORAL_SEQ,trades_rel24__w24__accel,0
TEMPORAL_SEQ,trades_rel24__w72__mean,0
TEMPORAL_SEQ,trades_rel24__w72__std,0
TEMPORAL_SEQ,trades_rel24__w72__min,0
TEMPORAL_SEQ,trades_rel24__w72__max,0
TEMPORAL_SEQ,trades_rel24__w72__q10,0
TEMPORAL_SEQ,trades_rel24__w72__q25,0
TEMPORAL_SEQ,trades_rel24__w72__q75,0
TEMPORAL_SEQ,trades_rel24__w72__q90,0
TEMPORAL_SEQ,trades_rel24__w72__z,0
TEMPORAL_SEQ,trades_rel24__w72__pos,0
TEMPORAL_SEQ,trades_rel24__w72__delta,0
TEMPORAL_SEQ,trades_rel24__w72__diff_mean,0
TEMPORAL_SEQ,trades_rel24__w72__diff_std,0
TEMPORAL_SEQ,trades_rel24__w72__up_share,0
TEMPORAL_SEQ,trades_rel24__w72__late_vs_prev,0
TEMPORAL_SEQ,trades_rel24__w72__accel,0
TEMPORAL_SEQ,trades_rel24__w240__mean,0
TEMPORAL_SEQ,trades_rel24__w240__std,0
TEMPORAL_SEQ,trades_rel24__w240__min,0
TEMPORAL_SEQ,trades_rel24__w240__max,0
TEMPORAL_SEQ,trades_rel24__w240__q10,0
TEMPORAL_SEQ,trades_rel24__w240__q25,0
TEMPORAL_SEQ,trades_rel24__w240__q75,0
TEMPORAL_SEQ,trades_rel24__w240__q90,0
TEMPORAL_SEQ,trades_rel24__w240__z,0
TEMPORAL_SEQ,trades_rel24__w240__pos,0
TEMPORAL_SEQ,trades_rel24__w240__delta,0
TEMPORAL_SEQ,trades_rel24__w240__diff_mean,0
TEMPORAL_SEQ,trades_rel24__w240__diff_std,0
TEMPORAL_SEQ,trades_rel24__w240__up_share,0
TEMPORAL_SEQ,trades_rel24__w240__late_vs_prev,0
TEMPORAL_SEQ,trades_rel24__w240__accel,0
TEMPORAL_SEQ,trades_rel240__now,0
TEMPORAL_SEQ,trades_rel240__d1,0
TEMPORAL_SEQ,trades_rel240__d3,0
TEMPORAL_SEQ,trades_rel240__d6,0
TEMPORAL_SEQ,trades_rel240__d12,0
TEMPORAL_SEQ,trades_rel240__d24,0
TEMPORAL_SEQ,trades_rel240__w24__mean,0
TEMPORAL_SEQ,trades_rel240__w24__std,0
TEMPORAL_SEQ,trades_rel240__w24__min,0
TEMPORAL_SEQ,trades_rel240__w24__max,0
TEMPORAL_SEQ,trades_rel240__w24__q10,0
TEMPORAL_SEQ,trades_rel240__w24__q25,0
TEMPORAL_SEQ,trades_rel240__w24__q75,0
TEMPORAL_SEQ,trades_rel240__w24__q90,0
TEMPORAL_SEQ,trades_rel240__w24__z,0
TEMPORAL_SEQ,trades_rel240__w24__pos,0
TEMPORAL_SEQ,trades_rel240__w24__delta,0
TEMPORAL_SEQ,trades_rel240__w24__diff_mean,0
TEMPORAL_SEQ,trades_rel240__w24__diff_std,0
TEMPORAL_SEQ,trades_rel240__w24__up_share,0
TEMPORAL_SEQ,trades_rel240__w24__late_vs_prev,0
TEMPORAL_SEQ,trades_rel240__w24__accel,0
TEMPORAL_SEQ,trades_rel240__w72__mean,0
TEMPORAL_SEQ,trades_rel240__w72__std,0
TEMPORAL_SEQ,trades_rel240__w72__min,0
TEMPORAL_SEQ,trades_rel240__w72__q10,0
TEMPORAL_SEQ,trades_rel240__w72__q25,0
TEMPORAL_SEQ,trades_rel240__w72__q75,0
TEMPORAL_SEQ,trades_rel240__w72__q90,0
TEMPORAL_SEQ,trades_rel240__w72__z,0
TEMPORAL_SEQ,trades_rel240__w72__pos,0
TEMPORAL_SEQ,trades_rel240__w72__delta,0
TEMPORAL_SEQ,trades_rel240__w72__diff_mean,0
TEMPORAL_SEQ,trades_rel240__w72__diff_std,0
TEMPORAL_SEQ,trades_rel240__w72__up_share,0
TEMPORAL_SEQ,trades_rel240__w72__late_vs_prev,0
TEMPORAL_SEQ,trades_rel240__w72__accel,0
TEMPORAL_SEQ,trades_rel240__w240__mean,0
TEMPORAL_SEQ,trades_rel240__w240__min,0
TEMPORAL_SEQ,trades_rel240__w240__max,0
TEMPORAL_SEQ,trades_rel240__w240__q10,0
TEMPORAL_SEQ,trades_rel240__w240__q25,0
TEMPORAL_SEQ,trades_rel240__w240__q75,0
TEMPORAL_SEQ,trades_rel240__w240__q90,0
TEMPORAL_SEQ,trades_rel240__w240__z,0
TEMPORAL_SEQ,trades_rel240__w240__pos,0
TEMPORAL_SEQ,trades_rel240__w240__delta,0
TEMPORAL_SEQ,trades_rel240__w240__diff_mean,0
TEMPORAL_SEQ,trades_rel240__w240__diff_std,0
TEMPORAL_SEQ,trades_rel240__w240__up_share,0
TEMPORAL_SEQ,trades_rel240__w240__late_vs_prev,0
TEMPORAL_SEQ,trades_rel240__w240__accel,0
TEMPORAL_SEQ,close_vs_ema168__now,0
TEMPORAL_SEQ,close_vs_ema168__d1,0
TEMPORAL_SEQ,close_vs_ema168__d3,0
TEMPORAL_SEQ,close_vs_ema168__d6,0
TEMPORAL_SEQ,close_vs_ema168__d12,0
TEMPORAL_SEQ,close_vs_ema168__d24,0
TEMPORAL_SEQ,close_vs_ema168__w24__mean,0
TEMPORAL_SEQ,close_vs_ema168__w24__std,0
TEMPORAL_SEQ,close_vs_ema168__w24__min,0
TEMPORAL_SEQ,close_vs_ema168__w24__max,0
TEMPORAL_SEQ,close_vs_ema168__w24__q10,0
TEMPORAL_SEQ,close_vs_ema168__w24__q25,0
TEMPORAL_SEQ,close_vs_ema168__w24__q75,0
TEMPORAL_SEQ,close_vs_ema168__w24__q90,0
TEMPORAL_SEQ,close_vs_ema168__w24__z,0
TEMPORAL_SEQ,close_vs_ema168__w24__pos,0
TEMPORAL_SEQ,close_vs_ema168__w24__delta,0
TEMPORAL_SEQ,close_vs_ema168__w24__diff_mean,0
TEMPORAL_SEQ,close_vs_ema168__w24__diff_std,0
TEMPORAL_SEQ,close_vs_ema168__w24__up_share,0
TEMPORAL_SEQ,close_vs_ema168__w24__late_vs_prev,0
TEMPORAL_SEQ,close_vs_ema168__w24__accel,0
TEMPORAL_SEQ,close_vs_ema168__w72__mean,0
TEMPORAL_SEQ,close_vs_ema168__w72__std,0
TEMPORAL_SEQ,close_vs_ema168__w72__min,0
TEMPORAL_SEQ,close_vs_ema168__w72__max,0
TEMPORAL_SEQ,close_vs_ema168__w72__q10,0
TEMPORAL_SEQ,close_vs_ema168__w72__q25,0
TEMPORAL_SEQ,close_vs_ema168__w72__q75,0
TEMPORAL_SEQ,close_vs_ema168__w72__q90,0
TEMPORAL_SEQ,close_vs_ema168__w72__z,0
TEMPORAL_SEQ,close_vs_ema168__w72__pos,0
TEMPORAL_SEQ,close_vs_ema168__w72__delta,0
TEMPORAL_SEQ,close_vs_ema168__w72__diff_mean,0
TEMPORAL_SEQ,close_vs_ema168__w72__diff_std,0
TEMPORAL_SEQ,close_vs_ema168__w72__late_vs_prev,0
TEMPORAL_SEQ,close_vs_ema168__w72__accel,0
TEMPORAL_SEQ,close_vs_ema168__w240__mean,0
TEMPORAL_SEQ,close_vs_ema168__w240__std,0
TEMPORAL_SEQ,close_vs_ema168__w240__min,0
TEMPORAL_SEQ,close_vs_ema168__w240__max,0
TEMPORAL_SEQ,close_vs_ema168__w240__q10,0
TEMPORAL_SEQ,close_vs_ema168__w240__q25,0
TEMPORAL_SEQ,close_vs_ema168__w240__q75,0
TEMPORAL_SEQ,close_vs_ema168__w240__q90,0
TEMPORAL_SEQ,close_vs_ema168__w240__z,0
TEMPORAL_SEQ,close_vs_ema168__w240__delta,0
TEMPORAL_SEQ,close_vs_ema168__w240__diff_mean,0
TEMPORAL_SEQ,close_vs_ema168__w240__diff_std,0
TEMPORAL_SEQ,close_vs_ema168__w240__up_share,0
TEMPORAL_SEQ,close_vs_ema168__w240__late_vs_prev,0
TEMPORAL_SEQ,close_vs_ema168__w240__accel,0
TEMPORAL_SEQ,close_vs_ema240__now,0
TEMPORAL_SEQ,close_vs_ema240__d1,0
TEMPORAL_SEQ,close_vs_ema240__d3,0
TEMPORAL_SEQ,close_vs_ema240__d6,0
TEMPORAL_SEQ,close_vs_ema240__d12,0
TEMPORAL_SEQ,close_vs_ema240__d24,0
TEMPORAL_SEQ,close_vs_ema240__w24__mean,0
TEMPORAL_SEQ,close_vs_ema240__w24__std,0
TEMPORAL_SEQ,close_vs_ema240__w24__min,0
TEMPORAL_SEQ,close_vs_ema240__w24__max,0
TEMPORAL_SEQ,close_vs_ema240__w24__q10,0
TEMPORAL_SEQ,close_vs_ema240__w24__q25,0
TEMPORAL_SEQ,close_vs_ema240__w24__q75,0
TEMPORAL_SEQ,close_vs_ema240__w24__q90,0
TEMPORAL_SEQ,close_vs_ema240__w24__z,0
TEMPORAL_SEQ,close_vs_ema240__w24__pos,0
TEMPORAL_SEQ,close_vs_ema240__w24__delta,0
TEMPORAL_SEQ,close_vs_ema240__w24__diff_mean,0
TEMPORAL_SEQ,close_vs_ema240__w24__diff_std,0
TEMPORAL_SEQ,close_vs_ema240__w24__up_share,0
TEMPORAL_SEQ,close_vs_ema240__w24__late_vs_prev,0
TEMPORAL_SEQ,close_vs_ema240__w24__accel,0
TEMPORAL_SEQ,close_vs_ema240__w72__mean,0
TEMPORAL_SEQ,close_vs_ema240__w72__std,0
TEMPORAL_SEQ,close_vs_ema240__w72__min,0
TEMPORAL_SEQ,close_vs_ema240__w72__max,0
TEMPORAL_SEQ,close_vs_ema240__w72__q10,0
TEMPORAL_SEQ,close_vs_ema240__w72__q25,0
TEMPORAL_SEQ,close_vs_ema240__w72__q75,0
TEMPORAL_SEQ,close_vs_ema240__w72__z,0
TEMPORAL_SEQ,close_vs_ema240__w72__pos,0
TEMPORAL_SEQ,close_vs_ema240__w72__delta,0
TEMPORAL_SEQ,close_vs_ema240__w72__diff_mean,0
TEMPORAL_SEQ,close_vs_ema240__w72__diff_std,0
TEMPORAL_SEQ,close_vs_ema240__w72__up_share,0
TEMPORAL_SEQ,close_vs_ema240__w72__late_vs_prev,0
TEMPORAL_SEQ,close_vs_ema240__w72__accel,0
TEMPORAL_SEQ,close_vs_ema240__w240__mean,0
TEMPORAL_SEQ,close_vs_ema240__w240__std,0
TEMPORAL_SEQ,close_vs_ema240__w240__min,0
TEMPORAL_SEQ,close_vs_ema240__w240__max,0
TEMPORAL_SEQ,close_vs_ema240__w240__q10,0
TEMPORAL_SEQ,close_vs_ema240__w240__q25,0
TEMPORAL_SEQ,close_vs_ema240__w240__q75,0
TEMPORAL_SEQ,close_vs_ema240__w240__q90,0
TEMPORAL_SEQ,close_vs_ema240__w240__z,0
TEMPORAL_SEQ,close_vs_ema240__w240__pos,0
TEMPORAL_SEQ,close_vs_ema240__w240__delta,0
TEMPORAL_SEQ,close_vs_ema240__w240__diff_mean,0
TEMPORAL_SEQ,close_vs_ema240__w240__diff_std,0
TEMPORAL_SEQ,close_vs_ema240__w240__up_share,0
TEMPORAL_SEQ,close_vs_ema240__w240__late_vs_prev,0
TEMPORAL_SEQ,close_vs_ema240__w240__accel,0
TEMPORAL_SEQ,close_vs_sma24__now,0
TEMPORAL_SEQ,close_vs_sma24__d1,0
TEMPORAL_SEQ,close_vs_sma24__d3,0
TEMPORAL_SEQ,close_vs_sma24__d6,0
TEMPORAL_SEQ,close_vs_sma24__d12,0
TEMPORAL_SEQ,close_vs_sma24__d24,0
TEMPORAL_SEQ,close_vs_sma24__w24__mean,0
TEMPORAL_SEQ,close_vs_sma24__w24__std,0
TEMPORAL_SEQ,close_vs_sma24__w24__min,0
TEMPORAL_SEQ,close_vs_sma24__w24__max,0
TEMPORAL_SEQ,close_vs_sma24__w24__q10,0
TEMPORAL_SEQ,close_vs_sma24__w24__q25,0
TEMPORAL_SEQ,close_vs_sma24__w24__q75,0
TEMPORAL_SEQ,close_vs_sma24__w24__q90,0
TEMPORAL_SEQ,close_vs_sma24__w24__z,0
TEMPORAL_SEQ,close_vs_sma24__w24__pos,0
TEMPORAL_SEQ,close_vs_sma24__w24__delta,0
TEMPORAL_SEQ,close_vs_sma24__w24__diff_mean,0
TEMPORAL_SEQ,close_vs_sma24__w24__diff_std,0
TEMPORAL_SEQ,close_vs_sma24__w24__up_share,0
TEMPORAL_SEQ,close_vs_sma24__w24__late_vs_prev,0
TEMPORAL_SEQ,close_vs_sma24__w24__accel,0
TEMPORAL_SEQ,close_vs_sma24__w72__mean,0
TEMPORAL_SEQ,close_vs_sma24__w72__std,0
TEMPORAL_SEQ,close_vs_sma24__w72__min,0
TEMPORAL_SEQ,close_vs_sma24__w72__max,0
TEMPORAL_SEQ,close_vs_sma24__w72__q10,0
TEMPORAL_SEQ,close_vs_sma24__w72__q25,0
TEMPORAL_SEQ,close_vs_sma24__w72__q75,0
TEMPORAL_SEQ,close_vs_sma24__w72__q90,0
TEMPORAL_SEQ,close_vs_sma24__w72__z,0
TEMPORAL_SEQ,close_vs_sma24__w72__pos,0
TEMPORAL_SEQ,close_vs_sma24__w72__diff_mean,0
TEMPORAL_SEQ,close_vs_sma24__w72__diff_std,0
TEMPORAL_SEQ,close_vs_sma24__w72__up_share,0
TEMPORAL_SEQ,close_vs_sma24__w72__late_vs_prev,0
TEMPORAL_SEQ,close_vs_sma24__w72__accel,0
TEMPORAL_SEQ,close_vs_sma24__w240__mean,0
TEMPORAL_SEQ,close_vs_sma24__w240__std,0
TEMPORAL_SEQ,close_vs_sma24__w240__min,0
TEMPORAL_SEQ,close_vs_sma24__w240__max,0
TEMPORAL_SEQ,close_vs_sma24__w240__q10,0
TEMPORAL_SEQ,close_vs_sma24__w240__q25,0
TEMPORAL_SEQ,close_vs_sma24__w240__q75,0
TEMPORAL_SEQ,close_vs_sma24__w240__q90,0
TEMPORAL_SEQ,close_vs_sma24__w240__z,0
TEMPORAL_SEQ,close_vs_sma24__w240__pos,0
TEMPORAL_SEQ,close_vs_sma24__w240__delta,0
TEMPORAL_SEQ,close_vs_sma24__w240__diff_mean,0
TEMPORAL_SEQ,close_vs_sma24__w240__diff_std,0
TEMPORAL_SEQ,close_vs_sma24__w240__up_share,0
TEMPORAL_SEQ,close_vs_sma24__w240__late_vs_prev,0
TEMPORAL_SEQ,close_vs_sma24__w240__accel,0
TEMPORAL_SEQ,close_vs_sma72__now,0
TEMPORAL_SEQ,close_vs_sma72__d1,0
TEMPORAL_SEQ,close_vs_sma72__d3,0
TEMPORAL_SEQ,close_vs_sma72__d6,0
TEMPORAL_SEQ,close_vs_sma72__d12,0
TEMPORAL_SEQ,close_vs_sma72__d24,0
TEMPORAL_SEQ,close_vs_sma72__w24__mean,0
TEMPORAL_SEQ,close_vs_sma72__w24__std,0
TEMPORAL_SEQ,close_vs_sma72__w24__min,0
TEMPORAL_SEQ,close_vs_sma72__w24__q10,0
TEMPORAL_SEQ,close_vs_sma72__w24__q25,0
TEMPORAL_SEQ,close_vs_sma72__w24__q75,0
TEMPORAL_SEQ,close_vs_sma72__w24__q90,0
TEMPORAL_SEQ,close_vs_sma72__w24__z,0
TEMPORAL_SEQ,close_vs_sma72__w24__pos,0
TEMPORAL_SEQ,close_vs_sma72__w24__delta,0
TEMPORAL_SEQ,close_vs_sma72__w24__diff_mean,0
TEMPORAL_SEQ,close_vs_sma72__w24__diff_std,0
TEMPORAL_SEQ,close_vs_sma72__w24__up_share,0
TEMPORAL_SEQ,close_vs_sma72__w24__late_vs_prev,0
TEMPORAL_SEQ,close_vs_sma72__w24__accel,0
TEMPORAL_SEQ,close_vs_sma72__w72__mean,0
TEMPORAL_SEQ,close_vs_sma72__w72__std,0
TEMPORAL_SEQ,close_vs_sma72__w72__min,0
TEMPORAL_SEQ,close_vs_sma72__w72__max,0
TEMPORAL_SEQ,close_vs_sma72__w72__q10,0
TEMPORAL_SEQ,close_vs_sma72__w72__q25,0
TEMPORAL_SEQ,close_vs_sma72__w72__q75,0
TEMPORAL_SEQ,close_vs_sma72__w72__q90,0
TEMPORAL_SEQ,close_vs_sma72__w72__pos,0
TEMPORAL_SEQ,close_vs_sma72__w72__delta,0
TEMPORAL_SEQ,close_vs_sma72__w72__diff_mean,0
TEMPORAL_SEQ,close_vs_sma72__w72__diff_std,0
TEMPORAL_SEQ,close_vs_sma72__w72__up_share,0
TEMPORAL_SEQ,close_vs_sma72__w72__late_vs_prev,0
TEMPORAL_SEQ,close_vs_sma72__w72__accel,0
TEMPORAL_SEQ,close_vs_sma72__w240__mean,0
TEMPORAL_SEQ,close_vs_sma72__w240__std,0
TEMPORAL_SEQ,close_vs_sma72__w240__min,0
TEMPORAL_SEQ,close_vs_sma72__w240__max,0
TEMPORAL_SEQ,close_vs_sma72__w240__q10,0
TEMPORAL_SEQ,close_vs_sma72__w240__q25,0
TEMPORAL_SEQ,close_vs_sma72__w240__q75,0
TEMPORAL_SEQ,close_vs_sma72__w240__q90,0
TEMPORAL_SEQ,close_vs_sma72__w240__z,0
TEMPORAL_SEQ,close_vs_sma72__w240__pos,0
TEMPORAL_SEQ,close_vs_sma72__w240__delta,0
TEMPORAL_SEQ,close_vs_sma72__w240__diff_mean,0
TEMPORAL_SEQ,close_vs_sma72__w240__diff_std,0
TEMPORAL_SEQ,close_vs_sma72__w240__up_share,0
TEMPORAL_SEQ,close_vs_sma72__w240__late_vs_prev,0
TEMPORAL_SEQ,close_vs_sma72__w240__accel,0
TEMPORAL_SEQ,close_vs_sma168__now,0
TEMPORAL_SEQ,close_vs_sma168__d1,0
TEMPORAL_SEQ,close_vs_sma168__d3,0
TEMPORAL_SEQ,close_vs_sma168__d6,0
TEMPORAL_SEQ,close_vs_sma168__d12,0
TEMPORAL_SEQ,close_vs_sma168__d24,0
TEMPORAL_SEQ,close_vs_sma168__w24__mean,0
TEMPORAL_SEQ,close_vs_sma168__w24__std,0
TEMPORAL_SEQ,close_vs_sma168__w24__min,0
TEMPORAL_SEQ,close_vs_sma168__w24__max,0
TEMPORAL_SEQ,close_vs_sma168__w24__q10,0
TEMPORAL_SEQ,close_vs_sma168__w24__q25,0
TEMPORAL_SEQ,close_vs_sma168__w24__q75,0
TEMPORAL_SEQ,close_vs_sma168__w24__q90,0
TEMPORAL_SEQ,close_vs_sma168__w24__z,0
TEMPORAL_SEQ,close_vs_sma168__w24__pos,0
TEMPORAL_SEQ,close_vs_sma168__w24__delta,0
TEMPORAL_SEQ,close_vs_sma168__w24__diff_mean,0
TEMPORAL_SEQ,close_vs_sma168__w24__diff_std,0
TEMPORAL_SEQ,close_vs_sma168__w24__up_share,0
TEMPORAL_SEQ,close_vs_sma168__w24__late_vs_prev,0
TEMPORAL_SEQ,close_vs_sma168__w24__accel,0
TEMPORAL_SEQ,close_vs_sma168__w72__mean,0
TEMPORAL_SEQ,close_vs_sma168__w72__std,0
TEMPORAL_SEQ,close_vs_sma168__w72__min,0
TEMPORAL_SEQ,close_vs_sma168__w72__max,0
TEMPORAL_SEQ,close_vs_sma168__w72__q10,0
TEMPORAL_SEQ,close_vs_sma168__w72__q25,0
TEMPORAL_SEQ,close_vs_sma168__w72__q75,0
TEMPORAL_SEQ,close_vs_sma168__w72__q90,0
TEMPORAL_SEQ,close_vs_sma168__w72__z,0
TEMPORAL_SEQ,close_vs_sma168__w72__pos,0
TEMPORAL_SEQ,close_vs_sma168__w72__delta,0
TEMPORAL_SEQ,close_vs_sma168__w72__diff_mean,0
TEMPORAL_SEQ,close_vs_sma168__w72__diff_std,0
TEMPORAL_SEQ,close_vs_sma168__w72__up_share,0
TEMPORAL_SEQ,close_vs_sma168__w72__late_vs_prev,0
TEMPORAL_SEQ,close_vs_sma168__w72__accel,0
TEMPORAL_SEQ,close_vs_sma168__w240__mean,0
TEMPORAL_SEQ,close_vs_sma168__w240__std,0
TEMPORAL_SEQ,close_vs_sma168__w240__min,0
TEMPORAL_SEQ,close_vs_sma168__w240__max,0
TEMPORAL_SEQ,close_vs_sma168__w240__q10,0
TEMPORAL_SEQ,close_vs_sma168__w240__q25,0
TEMPORAL_SEQ,close_vs_sma168__w240__q75,0
TEMPORAL_SEQ,close_vs_sma168__w240__q90,0
TEMPORAL_SEQ,close_vs_sma168__w240__z,0
TEMPORAL_SEQ,close_vs_sma168__w240__pos,0
TEMPORAL_SEQ,close_vs_sma168__w240__delta,0
TEMPORAL_SEQ,close_vs_sma168__w240__diff_mean,0
TEMPORAL_SEQ,close_vs_sma168__w240__diff_std,0
TEMPORAL_SEQ,close_vs_sma168__w240__up_share,0
TEMPORAL_SEQ,close_vs_sma168__w240__late_vs_prev,0
TEMPORAL_SEQ,close_vs_sma168__w240__accel,0
TEMPORAL_SEQ,close_vs_sma240__d1,0
TEMPORAL_SEQ,close_vs_sma240__d3,0
TEMPORAL_SEQ,close_vs_sma240__d6,0
TEMPORAL_SEQ,close_vs_sma240__d12,0
TEMPORAL_SEQ,close_vs_sma240__d24,0
TEMPORAL_SEQ,close_vs_sma240__w24__mean,0
TEMPORAL_SEQ,close_vs_sma240__w24__std,0
TEMPORAL_SEQ,close_vs_sma240__w24__min,0
TEMPORAL_SEQ,close_vs_sma240__w24__max,0
TEMPORAL_SEQ,close_vs_sma240__w24__q10,0
TEMPORAL_SEQ,close_vs_sma240__w24__q25,0
TEMPORAL_SEQ,close_vs_sma240__w24__q75,0
TEMPORAL_SEQ,close_vs_sma240__w24__q90,0
TEMPORAL_SEQ,close_vs_sma240__w24__z,0
TEMPORAL_SEQ,close_vs_sma240__w24__pos,0
TEMPORAL_SEQ,close_vs_sma240__w24__delta,0
TEMPORAL_SEQ,close_vs_sma240__w24__diff_mean,0
TEMPORAL_SEQ,close_vs_sma240__w24__diff_std,0
TEMPORAL_SEQ,close_vs_sma240__w24__up_share,0
TEMPORAL_SEQ,close_vs_sma240__w24__late_vs_prev,0
TEMPORAL_SEQ,close_vs_sma240__w24__accel,0
TEMPORAL_SEQ,close_vs_sma240__w72__mean,0
TEMPORAL_SEQ,close_vs_sma240__w72__std,0
TEMPORAL_SEQ,close_vs_sma240__w72__min,0
TEMPORAL_SEQ,close_vs_sma240__w72__max,0
TEMPORAL_SEQ,close_vs_sma240__w72__q10,0
TEMPORAL_SEQ,close_vs_sma240__w72__q25,0
TEMPORAL_SEQ,close_vs_sma240__w72__q75,0
TEMPORAL_SEQ,close_vs_sma240__w72__q90,0
TEMPORAL_SEQ,close_vs_sma240__w72__z,0
TEMPORAL_SEQ,close_vs_sma240__w72__pos,0
TEMPORAL_SEQ,close_vs_sma240__w72__delta,0
TEMPORAL_SEQ,close_vs_sma240__w72__diff_mean,0
TEMPORAL_SEQ,close_vs_sma240__w72__diff_std,0
TEMPORAL_SEQ,close_vs_sma240__w72__up_share,0
TEMPORAL_SEQ,close_vs_sma240__w72__late_vs_prev,0
TEMPORAL_SEQ,close_vs_sma240__w72__accel,0
TEMPORAL_SEQ,close_vs_sma240__w240__mean,0
TEMPORAL_SEQ,close_vs_sma240__w240__std,0
TEMPORAL_SEQ,close_vs_sma240__w240__min,0
TEMPORAL_SEQ,close_vs_sma240__w240__max,0
TEMPORAL_SEQ,close_vs_sma240__w240__q10,0
TEMPORAL_SEQ,close_vs_sma240__w240__q25,0
TEMPORAL_SEQ,close_vs_sma240__w240__q75,0
TEMPORAL_SEQ,close_vs_sma240__w240__q90,0
TEMPORAL_SEQ,close_vs_sma240__w240__z,0
TEMPORAL_SEQ,close_vs_sma240__w240__pos,0
TEMPORAL_SEQ,close_vs_sma240__w240__delta,0
TEMPORAL_SEQ,close_vs_sma240__w240__diff_mean,0
TEMPORAL_SEQ,close_vs_sma240__w240__diff_std,0
TEMPORAL_SEQ,close_vs_sma240__w240__up_share,0
TEMPORAL_SEQ,close_vs_sma240__w240__late_vs_prev,0
TEMPORAL_SEQ,close_vs_sma240__w240__accel,0
TEMPORAL_SEQ,ema168_slope_24h__now,0
TEMPORAL_SEQ,ema168_slope_24h__d1,0
TEMPORAL_SEQ,ema168_slope_24h__d3,0
TEMPORAL_SEQ,ema168_slope_24h__d6,0
TEMPORAL_SEQ,ema168_slope_24h__d12,0
TEMPORAL_SEQ,ema168_slope_24h__d24,0
TEMPORAL_SEQ,ema168_slope_24h__w24__mean,0
TEMPORAL_SEQ,ema168_slope_24h__w24__std,0
TEMPORAL_SEQ,ema168_slope_24h__w24__min,0
TEMPORAL_SEQ,ema168_slope_24h__w24__max,0
TEMPORAL_SEQ,ema168_slope_24h__w24__q10,0
TEMPORAL_SEQ,ema168_slope_24h__w24__q25,0
TEMPORAL_SEQ,ema168_slope_24h__w24__q75,0
TEMPORAL_SEQ,ema168_slope_24h__w24__q90,0
TEMPORAL_SEQ,ema168_slope_24h__w24__z,0
TEMPORAL_SEQ,ema168_slope_24h__w24__pos,0
TEMPORAL_SEQ,ema168_slope_24h__w24__delta,0
TEMPORAL_SEQ,ema168_slope_24h__w24__diff_mean,0
TEMPORAL_SEQ,ema168_slope_24h__w24__diff_std,0
TEMPORAL_SEQ,ema168_slope_24h__w24__up_share,0
TEMPORAL_SEQ,ema168_slope_24h__w24__late_vs_prev,0
TEMPORAL_SEQ,ema168_slope_24h__w24__accel,0
TEMPORAL_SEQ,ema168_slope_24h__w72__mean,0
TEMPORAL_SEQ,ema168_slope_24h__w72__min,0
TEMPORAL_SEQ,ema168_slope_24h__w72__max,0
TEMPORAL_SEQ,ema168_slope_24h__w72__q10,0
TEMPORAL_SEQ,ema168_slope_24h__w72__q25,0
TEMPORAL_SEQ,ema168_slope_24h__w72__q75,0
TEMPORAL_SEQ,ema168_slope_24h__w72__q90,0
TEMPORAL_SEQ,ema168_slope_24h__w72__z,0
TEMPORAL_SEQ,ema168_slope_24h__w72__pos,0
TEMPORAL_SEQ,ema168_slope_24h__w72__delta,0
TEMPORAL_SEQ,ema168_slope_24h__w72__diff_mean,0
TEMPORAL_SEQ,ema168_slope_24h__w72__diff_std,0
TEMPORAL_SEQ,ema168_slope_24h__w72__up_share,0
TEMPORAL_SEQ,ema168_slope_24h__w72__late_vs_prev,0
TEMPORAL_SEQ,ema168_slope_24h__w72__accel,0
TEMPORAL_SEQ,ema168_slope_24h__w240__mean,0
TEMPORAL_SEQ,ema168_slope_24h__w240__std,0
TEMPORAL_SEQ,ema168_slope_24h__w240__min,0
TEMPORAL_SEQ,ema168_slope_24h__w240__max,0
TEMPORAL_SEQ,ema168_slope_24h__w240__q10,0
TEMPORAL_SEQ,ema168_slope_24h__w240__q75,0
TEMPORAL_SEQ,ema168_slope_24h__w240__q90,0
TEMPORAL_SEQ,ema168_slope_24h__w240__z,0
TEMPORAL_SEQ,ema168_slope_24h__w240__pos,0
TEMPORAL_SEQ,ema168_slope_24h__w240__delta,0
TEMPORAL_SEQ,ema168_slope_24h__w240__diff_mean,0
TEMPORAL_SEQ,ema168_slope_24h__w240__diff_std,0
TEMPORAL_SEQ,ema168_slope_24h__w240__up_share,0
TEMPORAL_SEQ,ema168_slope_24h__w240__late_vs_prev,0
TEMPORAL_SEQ,ema168_slope_24h__w240__accel,0
TEMPORAL_SEQ,ema_gap_6_24__now,0
TEMPORAL_SEQ,ema_gap_6_24__d1,0
TEMPORAL_SEQ,ema_gap_6_24__d3,0
TEMPORAL_SEQ,ema_gap_6_24__d6,0
TEMPORAL_SEQ,ema_gap_6_24__d12,0
TEMPORAL_SEQ,ema_gap_6_24__d24,0
TEMPORAL_SEQ,ema_gap_6_24__w24__mean,0
TEMPORAL_SEQ,ema_gap_6_24__w24__std,0
TEMPORAL_SEQ,ema_gap_6_24__w24__min,0
TEMPORAL_SEQ,ema_gap_6_24__w24__max,0
TEMPORAL_SEQ,ema_gap_6_24__w24__q10,0
TEMPORAL_SEQ,ema_gap_6_24__w24__q25,0
TEMPORAL_SEQ,ema_gap_6_24__w24__q75,0
TEMPORAL_SEQ,ema_gap_6_24__w24__q90,0
TEMPORAL_SEQ,ema_gap_6_24__w24__z,0
TEMPORAL_SEQ,ema_gap_6_24__w24__pos,0
TEMPORAL_SEQ,ema_gap_6_24__w24__delta,0
TEMPORAL_SEQ,ema_gap_6_24__w24__diff_mean,0
TEMPORAL_SEQ,ema_gap_6_24__w24__diff_std,0
TEMPORAL_SEQ,ema_gap_6_24__w24__up_share,0
TEMPORAL_SEQ,ema_gap_6_24__w24__late_vs_prev,0
TEMPORAL_SEQ,ema_gap_6_24__w24__accel,0
TEMPORAL_SEQ,ema_gap_6_24__w72__mean,0
TEMPORAL_SEQ,ema_gap_6_24__w72__std,0
TEMPORAL_SEQ,ema_gap_6_24__w72__min,0
TEMPORAL_SEQ,ema_gap_6_24__w72__max,0
TEMPORAL_SEQ,ema_gap_6_24__w72__q10,0
TEMPORAL_SEQ,ema_gap_6_24__w72__q25,0
TEMPORAL_SEQ,ema_gap_6_24__w72__q75,0
TEMPORAL_SEQ,ema_gap_6_24__w72__q90,0
TEMPORAL_SEQ,ema_gap_6_24__w72__z,0
TEMPORAL_SEQ,ema_gap_6_24__w72__pos,0
TEMPORAL_SEQ,ema_gap_6_24__w72__delta,0
TEMPORAL_SEQ,ema_gap_6_24__w72__diff_mean,0
TEMPORAL_SEQ,ema_gap_6_24__w72__diff_std,0
TEMPORAL_SEQ,ema_gap_6_24__w72__up_share,0
TEMPORAL_SEQ,ema_gap_6_24__w72__late_vs_prev,0
TEMPORAL_SEQ,ema_gap_6_24__w72__accel,0
TEMPORAL_SEQ,ema_gap_6_24__w240__mean,0
TEMPORAL_SEQ,ema_gap_6_24__w240__std,0
TEMPORAL_SEQ,ema_gap_6_24__w240__min,0
TEMPORAL_SEQ,ema_gap_6_24__w240__max,0
TEMPORAL_SEQ,ema_gap_6_24__w240__q10,0
TEMPORAL_SEQ,ema_gap_6_24__w240__q25,0
TEMPORAL_SEQ,ema_gap_6_24__w240__q75,0
TEMPORAL_SEQ,ema_gap_6_24__w240__q90,0
TEMPORAL_SEQ,ema_gap_6_24__w240__z,0
TEMPORAL_SEQ,ema_gap_6_24__w240__pos,0
TEMPORAL_SEQ,ema_gap_6_24__w240__delta,0
TEMPORAL_SEQ,ema_gap_6_24__w240__diff_mean,0
TEMPORAL_SEQ,ema_gap_6_24__w240__diff_std,0
TEMPORAL_SEQ,ema_gap_6_24__w240__up_share,0
TEMPORAL_SEQ,ema_gap_6_24__w240__late_vs_prev,0
TEMPORAL_SEQ,ema_gap_6_24__w240__accel,0
TEMPORAL_SEQ,ema_gap_24_72__now,0
TEMPORAL_SEQ,ema_gap_24_72__d1,0
TEMPORAL_SEQ,ema_gap_24_72__d3,0
TEMPORAL_SEQ,ema_gap_24_72__d6,0
TEMPORAL_SEQ,ema_gap_24_72__d12,0
TEMPORAL_SEQ,ema_gap_24_72__d24,0
TEMPORAL_SEQ,ema_gap_24_72__w24__mean,0
TEMPORAL_SEQ,ema_gap_24_72__w24__std,0
TEMPORAL_SEQ,ema_gap_24_72__w24__min,0
TEMPORAL_SEQ,ema_gap_24_72__w24__max,0
TEMPORAL_SEQ,ema_gap_24_72__w24__q10,0
TEMPORAL_SEQ,ema_gap_24_72__w24__q25,0
TEMPORAL_SEQ,ema_gap_24_72__w24__q75,0
TEMPORAL_SEQ,ema_gap_24_72__w24__q90,0
TEMPORAL_SEQ,ema_gap_24_72__w24__z,0
TEMPORAL_SEQ,ema_gap_24_72__w24__pos,0
TEMPORAL_SEQ,ema_gap_24_72__w24__delta,0
TEMPORAL_SEQ,ema_gap_24_72__w24__diff_mean,0
TEMPORAL_SEQ,ema_gap_24_72__w24__diff_std,0
TEMPORAL_SEQ,ema_gap_24_72__w24__up_share,0
TEMPORAL_SEQ,ema_gap_24_72__w24__late_vs_prev,0
TEMPORAL_SEQ,ema_gap_24_72__w24__accel,0
TEMPORAL_SEQ,ema_gap_24_72__w72__mean,0
TEMPORAL_SEQ,ema_gap_24_72__w72__std,0
TEMPORAL_SEQ,ema_gap_24_72__w72__min,0
TEMPORAL_SEQ,ema_gap_24_72__w72__max,0
TEMPORAL_SEQ,ema_gap_24_72__w72__q10,0
TEMPORAL_SEQ,ema_gap_24_72__w72__q25,0
TEMPORAL_SEQ,ema_gap_24_72__w72__q75,0
TEMPORAL_SEQ,ema_gap_24_72__w72__q90,0
TEMPORAL_SEQ,ema_gap_24_72__w72__z,0
TEMPORAL_SEQ,ema_gap_24_72__w72__pos,0
TEMPORAL_SEQ,ema_gap_24_72__w72__diff_mean,0
TEMPORAL_SEQ,ema_gap_24_72__w72__up_share,0
TEMPORAL_SEQ,ema_gap_24_72__w72__late_vs_prev,0
TEMPORAL_SEQ,ema_gap_24_72__w72__accel,0
TEMPORAL_SEQ,ema_gap_24_72__w240__mean,0
TEMPORAL_SEQ,ema_gap_24_72__w240__std,0
TEMPORAL_SEQ,ema_gap_24_72__w240__min,0
TEMPORAL_SEQ,ema_gap_24_72__w240__max,0
TEMPORAL_SEQ,ema_gap_24_72__w240__q10,0
TEMPORAL_SEQ,ema_gap_24_72__w240__q25,0
TEMPORAL_SEQ,ema_gap_24_72__w240__q75,0
TEMPORAL_SEQ,ema_gap_24_72__w240__q90,0
TEMPORAL_SEQ,ema_gap_24_72__w240__z,0
TEMPORAL_SEQ,ema_gap_24_72__w240__pos,0
TEMPORAL_SEQ,ema_gap_24_72__w240__delta,0
TEMPORAL_SEQ,ema_gap_24_72__w240__diff_mean,0
TEMPORAL_SEQ,ema_gap_24_72__w240__diff_std,0
TEMPORAL_SEQ,ema_gap_24_72__w240__up_share,0
TEMPORAL_SEQ,ema_gap_24_72__w240__late_vs_prev,0
TEMPORAL_SEQ,ema_gap_24_72__w240__accel,0
TEMPORAL_SEQ,ema_gap_72_168__now,0
TEMPORAL_SEQ,ema_gap_72_168__d1,0
TEMPORAL_SEQ,ema_gap_72_168__d3,0
TEMPORAL_SEQ,ema_gap_72_168__d6,0
TEMPORAL_SEQ,ema_gap_72_168__d12,0
TEMPORAL_SEQ,ema_gap_72_168__d24,0
TEMPORAL_SEQ,ema_gap_72_168__w24__mean,0
TEMPORAL_SEQ,ema_gap_72_168__w24__std,0
TEMPORAL_SEQ,ema_gap_72_168__w24__min,0
TEMPORAL_SEQ,ema_gap_72_168__w24__max,0
TEMPORAL_SEQ,ema_gap_72_168__w24__q10,0
TEMPORAL_SEQ,ema_gap_72_168__w24__q25,0
TEMPORAL_SEQ,ema_gap_72_168__w24__q75,0
TEMPORAL_SEQ,ema_gap_72_168__w24__q90,0
TEMPORAL_SEQ,ema_gap_72_168__w24__z,0
TEMPORAL_SEQ,ema_gap_72_168__w24__pos,0
TEMPORAL_SEQ,ema_gap_72_168__w24__delta,0
TEMPORAL_SEQ,ema_gap_72_168__w24__diff_mean,0
TEMPORAL_SEQ,ema_gap_72_168__w24__diff_std,0
TEMPORAL_SEQ,ema_gap_72_168__w24__up_share,0
TEMPORAL_SEQ,ema_gap_72_168__w24__late_vs_prev,0
TEMPORAL_SEQ,ema_gap_72_168__w24__accel,0
TEMPORAL_SEQ,ema_gap_72_168__w72__mean,0
TEMPORAL_SEQ,ema_gap_72_168__w72__min,0
TEMPORAL_SEQ,ema_gap_72_168__w72__max,0
TEMPORAL_SEQ,ema_gap_72_168__w72__q10,0
TEMPORAL_SEQ,ema_gap_72_168__w72__q25,0
TEMPORAL_SEQ,ema_gap_72_168__w72__q75,0
TEMPORAL_SEQ,ema_gap_72_168__w72__q90,0
TEMPORAL_SEQ,ema_gap_72_168__w72__z,0
TEMPORAL_SEQ,ema_gap_72_168__w72__pos,0
TEMPORAL_SEQ,ema_gap_72_168__w72__delta,0
TEMPORAL_SEQ,ema_gap_72_168__w72__diff_mean,0
TEMPORAL_SEQ,ema_gap_72_168__w72__diff_std,0
TEMPORAL_SEQ,ema_gap_72_168__w72__up_share,0
TEMPORAL_SEQ,ema_gap_72_168__w72__late_vs_prev,0
TEMPORAL_SEQ,ema_gap_72_168__w72__accel,0
TEMPORAL_SEQ,ema_gap_72_168__w240__mean,0
TEMPORAL_SEQ,ema_gap_72_168__w240__std,0
TEMPORAL_SEQ,ema_gap_72_168__w240__min,0
TEMPORAL_SEQ,ema_gap_72_168__w240__max,0
TEMPORAL_SEQ,ema_gap_72_168__w240__q25,0
TEMPORAL_SEQ,ema_gap_72_168__w240__q75,0
TEMPORAL_SEQ,ema_gap_72_168__w240__q90,0
TEMPORAL_SEQ,ema_gap_72_168__w240__z,0
TEMPORAL_SEQ,ema_gap_72_168__w240__pos,0
TEMPORAL_SEQ,ema_gap_72_168__w240__diff_mean,0
TEMPORAL_SEQ,ema_gap_72_168__w240__diff_std,0
TEMPORAL_SEQ,ema_gap_72_168__w240__up_share,0
TEMPORAL_SEQ,ema_gap_72_168__w240__late_vs_prev,0
TEMPORAL_SEQ,ema_gap_72_168__w240__accel,0
TEMPORAL_SEQ,atr6_pct__now,0
TEMPORAL_SEQ,atr6_pct__d1,0
TEMPORAL_SEQ,atr6_pct__d3,0
TEMPORAL_SEQ,atr6_pct__d6,0
TEMPORAL_SEQ,atr6_pct__d12,0
TEMPORAL_SEQ,atr6_pct__d24,0
TEMPORAL_SEQ,atr6_pct__w24__mean,0
TEMPORAL_SEQ,atr6_pct__w24__std,0
TEMPORAL_SEQ,atr6_pct__w24__min,0
TEMPORAL_SEQ,atr6_pct__w24__max,0
TEMPORAL_SEQ,atr6_pct__w24__q10,0
TEMPORAL_SEQ,atr6_pct__w24__q25,0
TEMPORAL_SEQ,atr6_pct__w24__q75,0
TEMPORAL_SEQ,atr6_pct__w24__q90,0
TEMPORAL_SEQ,atr6_pct__w24__z,0
TEMPORAL_SEQ,atr6_pct__w24__pos,0
TEMPORAL_SEQ,atr6_pct__w24__delta,0
TEMPORAL_SEQ,atr6_pct__w24__diff_mean,0
TEMPORAL_SEQ,atr6_pct__w24__diff_std,0
TEMPORAL_SEQ,atr6_pct__w24__up_share,0
TEMPORAL_SEQ,atr6_pct__w24__late_vs_prev,0
TEMPORAL_SEQ,atr6_pct__w24__accel,0
TEMPORAL_SEQ,atr6_pct__w72__mean,0
TEMPORAL_SEQ,atr6_pct__w72__std,0
TEMPORAL_SEQ,atr6_pct__w72__min,0
TEMPORAL_SEQ,atr6_pct__w72__max,0
TEMPORAL_SEQ,atr6_pct__w72__q10,0
TEMPORAL_SEQ,atr6_pct__w72__q25,0
TEMPORAL_SEQ,atr6_pct__w72__q75,0
TEMPORAL_SEQ,atr6_pct__w72__q90,0
TEMPORAL_SEQ,atr6_pct__w72__z,0
TEMPORAL_SEQ,atr6_pct__w72__pos,0
TEMPORAL_SEQ,atr6_pct__w72__delta,0
TEMPORAL_SEQ,atr6_pct__w72__diff_mean,0
TEMPORAL_SEQ,atr6_pct__w72__diff_std,0
TEMPORAL_SEQ,atr6_pct__w72__up_share,0
TEMPORAL_SEQ,atr6_pct__w72__late_vs_prev,0
TEMPORAL_SEQ,atr6_pct__w72__accel,0
TEMPORAL_SEQ,atr6_pct__w240__mean,0
TEMPORAL_SEQ,atr6_pct__w240__std,0
TEMPORAL_SEQ,atr6_pct__w240__min,0
TEMPORAL_SEQ,atr6_pct__w240__max,0
TEMPORAL_SEQ,atr6_pct__w240__q10,0
TEMPORAL_SEQ,atr6_pct__w240__q25,0
TEMPORAL_SEQ,atr6_pct__w240__q75,0
TEMPORAL_SEQ,atr6_pct__w240__q90,0
TEMPORAL_SEQ,atr6_pct__w240__z,0
TEMPORAL_SEQ,atr6_pct__w240__pos,0
TEMPORAL_SEQ,atr6_pct__w240__delta,0
TEMPORAL_SEQ,atr6_pct__w240__diff_std,0
TEMPORAL_SEQ,atr6_pct__w240__up_share,0
TEMPORAL_SEQ,atr6_pct__w240__late_vs_prev,0
TEMPORAL_SEQ,atr6_pct__w240__accel,0
TEMPORAL_SEQ,atr24_pct__now,0
TEMPORAL_SEQ,atr24_pct__d1,0
TEMPORAL_SEQ,atr24_pct__d3,0
TEMPORAL_SEQ,atr24_pct__d6,0
TEMPORAL_SEQ,atr24_pct__d12,0
TEMPORAL_SEQ,atr24_pct__d24,0
TEMPORAL_SEQ,atr24_pct__w24__mean,0
TEMPORAL_SEQ,atr24_pct__w24__std,0
TEMPORAL_SEQ,atr24_pct__w24__min,0
TEMPORAL_SEQ,atr24_pct__w24__max,0
TEMPORAL_SEQ,atr24_pct__w24__q10,0
TEMPORAL_SEQ,atr24_pct__w24__q25,0
TEMPORAL_SEQ,atr24_pct__w24__q75,0
TEMPORAL_SEQ,atr24_pct__w24__q90,0
TEMPORAL_SEQ,atr24_pct__w24__z,0
TEMPORAL_SEQ,atr24_pct__w24__pos,0
TEMPORAL_SEQ,atr24_pct__w24__delta,0
TEMPORAL_SEQ,atr24_pct__w24__diff_mean,0
TEMPORAL_SEQ,atr24_pct__w24__diff_std,0
TEMPORAL_SEQ,atr24_pct__w24__up_share,0
TEMPORAL_SEQ,atr24_pct__w24__late_vs_prev,0
TEMPORAL_SEQ,atr24_pct__w24__accel,0
TEMPORAL_SEQ,atr24_pct__w72__mean,0
TEMPORAL_SEQ,atr24_pct__w72__std,0
TEMPORAL_SEQ,atr24_pct__w72__min,0
TEMPORAL_SEQ,atr24_pct__w72__max,0
TEMPORAL_SEQ,atr24_pct__w72__q10,0
TEMPORAL_SEQ,atr24_pct__w72__q25,0
TEMPORAL_SEQ,atr24_pct__w72__q75,0
TEMPORAL_SEQ,atr24_pct__w72__q90,0
TEMPORAL_SEQ,atr24_pct__w72__z,0
TEMPORAL_SEQ,atr24_pct__w72__pos,0
TEMPORAL_SEQ,atr24_pct__w72__delta,0
TEMPORAL_SEQ,atr24_pct__w72__diff_mean,0
TEMPORAL_SEQ,atr24_pct__w72__diff_std,0
TEMPORAL_SEQ,atr24_pct__w72__up_share,0
TEMPORAL_SEQ,atr24_pct__w72__late_vs_prev,0
TEMPORAL_SEQ,atr24_pct__w72__accel,0
TEMPORAL_SEQ,atr24_pct__w240__mean,0
TEMPORAL_SEQ,atr24_pct__w240__std,0
TEMPORAL_SEQ,atr24_pct__w240__min,0
TEMPORAL_SEQ,atr24_pct__w240__max,0
TEMPORAL_SEQ,atr24_pct__w240__q10,0
TEMPORAL_SEQ,atr24_pct__w240__q75,0
TEMPORAL_SEQ,atr24_pct__w240__q90,0
TEMPORAL_SEQ,atr24_pct__w240__z,0
TEMPORAL_SEQ,atr24_pct__w240__pos,0
TEMPORAL_SEQ,atr24_pct__w240__delta,0
TEMPORAL_SEQ,atr24_pct__w240__diff_mean,0
TEMPORAL_SEQ,atr24_pct__w240__diff_std,0
TEMPORAL_SEQ,atr24_pct__w240__up_share,0
TEMPORAL_SEQ,atr24_pct__w240__late_vs_prev,0
TEMPORAL_SEQ,atr24_pct__w240__accel,0
TEMPORAL_SEQ,atr72_pct__now,0
TEMPORAL_SEQ,atr72_pct__d1,0
TEMPORAL_SEQ,atr72_pct__d3,0
TEMPORAL_SEQ,atr72_pct__d6,0
TEMPORAL_SEQ,atr72_pct__d12,0
TEMPORAL_SEQ,atr72_pct__d24,0
TEMPORAL_SEQ,atr72_pct__w24__mean,0
TEMPORAL_SEQ,atr72_pct__w24__std,0
TEMPORAL_SEQ,atr72_pct__w24__min,0
TEMPORAL_SEQ,atr72_pct__w24__max,0
TEMPORAL_SEQ,atr72_pct__w24__q10,0
TEMPORAL_SEQ,atr72_pct__w24__q25,0
TEMPORAL_SEQ,atr72_pct__w24__q75,0
TEMPORAL_SEQ,atr72_pct__w24__q90,0
TEMPORAL_SEQ,atr72_pct__w24__pos,0
TEMPORAL_SEQ,atr72_pct__w24__delta,0
TEMPORAL_SEQ,atr72_pct__w24__diff_mean,0
TEMPORAL_SEQ,atr72_pct__w24__diff_std,0
TEMPORAL_SEQ,atr72_pct__w24__up_share,0
TEMPORAL_SEQ,atr72_pct__w24__late_vs_prev,0
TEMPORAL_SEQ,atr72_pct__w24__accel,0
TEMPORAL_SEQ,atr72_pct__w72__mean,0
TEMPORAL_SEQ,atr72_pct__w72__std,0
TEMPORAL_SEQ,atr72_pct__w72__min,0
TEMPORAL_SEQ,atr72_pct__w72__max,0
TEMPORAL_SEQ,atr72_pct__w72__q10,0
TEMPORAL_SEQ,atr72_pct__w72__q25,0
TEMPORAL_SEQ,atr72_pct__w72__q75,0
TEMPORAL_SEQ,atr72_pct__w72__q90,0
TEMPORAL_SEQ,atr72_pct__w72__z,0
TEMPORAL_SEQ,atr72_pct__w72__pos,0
TEMPORAL_SEQ,atr72_pct__w72__delta,0
TEMPORAL_SEQ,atr72_pct__w72__diff_mean,0
TEMPORAL_SEQ,atr72_pct__w72__diff_std,0
TEMPORAL_SEQ,atr72_pct__w72__up_share,0
TEMPORAL_SEQ,atr72_pct__w72__accel,0
TEMPORAL_SEQ,atr72_pct__w240__mean,0
TEMPORAL_SEQ,atr72_pct__w240__std,0
TEMPORAL_SEQ,atr72_pct__w240__min,0
TEMPORAL_SEQ,atr72_pct__w240__max,0
TEMPORAL_SEQ,atr72_pct__w240__q10,0
TEMPORAL_SEQ,atr72_pct__w240__q25,0
TEMPORAL_SEQ,atr72_pct__w240__q75,0
TEMPORAL_SEQ,atr72_pct__w240__q90,0
TEMPORAL_SEQ,atr72_pct__w240__z,0
TEMPORAL_SEQ,atr72_pct__w240__pos,0
TEMPORAL_SEQ,atr72_pct__w240__delta,0
TEMPORAL_SEQ,atr72_pct__w240__diff_mean,0
TEMPORAL_SEQ,atr72_pct__w240__diff_std,0
TEMPORAL_SEQ,atr72_pct__w240__up_share,0
TEMPORAL_SEQ,atr72_pct__w240__late_vs_prev,0
TEMPORAL_SEQ,atr72_pct__w240__accel,0
TEMPORAL_SEQ,close_vs_vwap240__now,0
TEMPORAL_SEQ,close_vs_vwap240__d1,0
TEMPORAL_SEQ,close_vs_vwap240__d3,0
TEMPORAL_SEQ,close_vs_vwap240__d6,0
TEMPORAL_SEQ,close_vs_vwap240__d12,0
TEMPORAL_SEQ,close_vs_vwap240__d24,0
TEMPORAL_SEQ,close_vs_vwap240__w24__mean,0
TEMPORAL_SEQ,close_vs_vwap240__w24__std,0
TEMPORAL_SEQ,close_vs_vwap240__w24__min,0
TEMPORAL_SEQ,close_vs_vwap240__w24__max,0
TEMPORAL_SEQ,close_vs_vwap240__w24__q10,0
TEMPORAL_SEQ,close_vs_vwap240__w24__q25,0
TEMPORAL_SEQ,close_vs_vwap240__w24__q75,0
TEMPORAL_SEQ,close_vs_vwap240__w24__q90,0
TEMPORAL_SEQ,close_vs_vwap240__w24__z,0
TEMPORAL_SEQ,close_vs_vwap240__w24__pos,0
TEMPORAL_SEQ,close_vs_vwap240__w24__delta,0
TEMPORAL_SEQ,close_vs_vwap240__w24__diff_mean,0
TEMPORAL_SEQ,close_vs_vwap240__w24__diff_std,0
TEMPORAL_SEQ,close_vs_vwap240__w24__up_share,0
TEMPORAL_SEQ,close_vs_vwap240__w24__late_vs_prev,0
TEMPORAL_SEQ,close_vs_vwap240__w24__accel,0
TEMPORAL_SEQ,close_vs_vwap240__w72__mean,0
TEMPORAL_SEQ,close_vs_vwap240__w72__std,0
TEMPORAL_SEQ,close_vs_vwap240__w72__min,0
TEMPORAL_SEQ,close_vs_vwap240__w72__max,0
TEMPORAL_SEQ,close_vs_vwap240__w72__q10,0
TEMPORAL_SEQ,close_vs_vwap240__w72__q25,0
TEMPORAL_SEQ,close_vs_vwap240__w72__q75,0
TEMPORAL_SEQ,close_vs_vwap240__w72__q90,0
TEMPORAL_SEQ,close_vs_vwap240__w72__z,0
TEMPORAL_SEQ,close_vs_vwap240__w72__pos,0
TEMPORAL_SEQ,close_vs_vwap240__w72__delta,0
TEMPORAL_SEQ,close_vs_vwap240__w72__diff_mean,0
TEMPORAL_SEQ,close_vs_vwap240__w72__diff_std,0
TEMPORAL_SEQ,close_vs_vwap240__w72__up_share,0
TEMPORAL_SEQ,close_vs_vwap240__w72__late_vs_prev,0
TEMPORAL_SEQ,close_vs_vwap240__w72__accel,0
TEMPORAL_SEQ,close_vs_vwap240__w240__mean,0
TEMPORAL_SEQ,close_vs_vwap240__w240__std,0
TEMPORAL_SEQ,close_vs_vwap240__w240__min,0
TEMPORAL_SEQ,close_vs_vwap240__w240__max,0
TEMPORAL_SEQ,close_vs_vwap240__w240__q10,0
TEMPORAL_SEQ,close_vs_vwap240__w240__q25,0
TEMPORAL_SEQ,close_vs_vwap240__w240__q75,0
TEMPORAL_SEQ,close_vs_vwap240__w240__q90,0
TEMPORAL_SEQ,close_vs_vwap240__w240__z,0
TEMPORAL_SEQ,close_vs_vwap240__w240__delta,0
TEMPORAL_SEQ,close_vs_vwap240__w240__diff_mean,0
TEMPORAL_SEQ,close_vs_vwap240__w240__diff_std,0
TEMPORAL_SEQ,close_vs_vwap240__w240__up_share,0
TEMPORAL_SEQ,close_vs_vwap240__w240__late_vs_prev,0
TEMPORAL_SEQ,close_vs_vwap240__w240__accel,0
TEMPORAL_SEQ,dist_high24__now,0
TEMPORAL_SEQ,dist_high24__d1,0
TEMPORAL_SEQ,dist_high24__d3,0
TEMPORAL_SEQ,dist_high24__d6,0
TEMPORAL_SEQ,dist_high24__d12,0
TEMPORAL_SEQ,dist_high24__d24,0
TEMPORAL_SEQ,dist_high24__w24__mean,0
TEMPORAL_SEQ,dist_high24__w24__std,0
TEMPORAL_SEQ,dist_high24__w24__min,0
TEMPORAL_SEQ,dist_high24__w24__max,0
TEMPORAL_SEQ,dist_high24__w24__q10,0
TEMPORAL_SEQ,dist_high24__w24__q25,0
TEMPORAL_SEQ,dist_high24__w24__q75,0
TEMPORAL_SEQ,dist_high24__w24__q90,0
TEMPORAL_SEQ,dist_high24__w24__z,0
TEMPORAL_SEQ,dist_high24__w24__pos,0
TEMPORAL_SEQ,dist_high24__w24__delta,0
TEMPORAL_SEQ,dist_high24__w24__diff_mean,0
TEMPORAL_SEQ,dist_high24__w24__diff_std,0
TEMPORAL_SEQ,dist_high24__w24__up_share,0
TEMPORAL_SEQ,dist_high24__w24__late_vs_prev,0
TEMPORAL_SEQ,dist_high24__w24__accel,0
TEMPORAL_SEQ,dist_high24__w72__mean,0
TEMPORAL_SEQ,dist_high24__w72__std,0
TEMPORAL_SEQ,dist_high24__w72__min,0
TEMPORAL_SEQ,dist_high24__w72__max,0
TEMPORAL_SEQ,dist_high24__w72__q10,0
TEMPORAL_SEQ,dist_high24__w72__q25,0
TEMPORAL_SEQ,dist_high24__w72__q75,0
TEMPORAL_SEQ,dist_high24__w72__q90,0
TEMPORAL_SEQ,dist_high24__w72__z,0
TEMPORAL_SEQ,dist_high24__w72__pos,0
TEMPORAL_SEQ,dist_high24__w72__delta,0
TEMPORAL_SEQ,dist_high24__w72__diff_mean,0
TEMPORAL_SEQ,dist_high24__w72__diff_std,0
TEMPORAL_SEQ,dist_high24__w72__up_share,0
TEMPORAL_SEQ,dist_high24__w72__late_vs_prev,0
TEMPORAL_SEQ,dist_high24__w72__accel,0
TEMPORAL_SEQ,dist_high24__w240__mean,0
TEMPORAL_SEQ,dist_high24__w240__std,0
TEMPORAL_SEQ,dist_high24__w240__min,0
TEMPORAL_SEQ,dist_high24__w240__max,0
TEMPORAL_SEQ,dist_high24__w240__q10,0
TEMPORAL_SEQ,dist_high24__w240__q25,0
TEMPORAL_SEQ,dist_high24__w240__q75,0
TEMPORAL_SEQ,dist_high24__w240__q90,0
TEMPORAL_SEQ,dist_high24__w240__z,0
TEMPORAL_SEQ,dist_high24__w240__pos,0
TEMPORAL_SEQ,dist_high24__w240__delta,0
TEMPORAL_SEQ,dist_high24__w240__diff_mean,0
TEMPORAL_SEQ,dist_high24__w240__diff_std,0
TEMPORAL_SEQ,dist_high24__w240__up_share,0
TEMPORAL_SEQ,dist_high24__w240__late_vs_prev,0
TEMPORAL_SEQ,dist_high24__w240__accel,0
TEMPORAL_SEQ,dist_high72__now,0
TEMPORAL_SEQ,dist_high72__d1,0
TEMPORAL_SEQ,dist_high72__d3,0
TEMPORAL_SEQ,dist_high72__d6,0
TEMPORAL_SEQ,dist_high72__d12,0
TEMPORAL_SEQ,dist_high72__d24,0
TEMPORAL_SEQ,dist_high72__w24__mean,0
TEMPORAL_SEQ,dist_high72__w24__std,0
TEMPORAL_SEQ,dist_high72__w24__min,0
TEMPORAL_SEQ,dist_high72__w24__max,0
TEMPORAL_SEQ,dist_high72__w24__q10,0
TEMPORAL_SEQ,dist_high72__w24__q25,0
TEMPORAL_SEQ,dist_high72__w24__q75,0
TEMPORAL_SEQ,dist_high72__w24__q90,0
TEMPORAL_SEQ,dist_high72__w24__z,0
TEMPORAL_SEQ,dist_high72__w24__pos,0
TEMPORAL_SEQ,dist_high72__w24__delta,0
TEMPORAL_SEQ,dist_high72__w24__diff_mean,0
TEMPORAL_SEQ,dist_high72__w24__diff_std,0
TEMPORAL_SEQ,dist_high72__w24__up_share,0
TEMPORAL_SEQ,dist_high72__w24__late_vs_prev,0
TEMPORAL_SEQ,dist_high72__w24__accel,0
TEMPORAL_SEQ,dist_high72__w72__mean,0
TEMPORAL_SEQ,dist_high72__w72__std,0
TEMPORAL_SEQ,dist_high72__w72__min,0
TEMPORAL_SEQ,dist_high72__w72__max,0
TEMPORAL_SEQ,dist_high72__w72__q10,0
TEMPORAL_SEQ,dist_high72__w72__q25,0
TEMPORAL_SEQ,dist_high72__w72__q75,0
TEMPORAL_SEQ,dist_high72__w72__q90,0
TEMPORAL_SEQ,dist_high72__w72__z,0
TEMPORAL_SEQ,dist_high72__w72__pos,0
TEMPORAL_SEQ,dist_high72__w72__delta,0
TEMPORAL_SEQ,dist_high72__w72__diff_mean,0
TEMPORAL_SEQ,dist_high72__w72__diff_std,0
TEMPORAL_SEQ,dist_high72__w72__up_share,0
TEMPORAL_SEQ,dist_high72__w72__late_vs_prev,0
TEMPORAL_SEQ,dist_high72__w72__accel,0
TEMPORAL_SEQ,dist_high72__w240__mean,0
TEMPORAL_SEQ,dist_high72__w240__std,0
TEMPORAL_SEQ,dist_high72__w240__min,0
TEMPORAL_SEQ,dist_high72__w240__max,0
TEMPORAL_SEQ,dist_high72__w240__q10,0
TEMPORAL_SEQ,dist_high72__w240__q25,0
TEMPORAL_SEQ,dist_high72__w240__q75,0
TEMPORAL_SEQ,dist_high72__w240__q90,0
TEMPORAL_SEQ,dist_high72__w240__z,0
TEMPORAL_SEQ,dist_high72__w240__pos,0
TEMPORAL_SEQ,dist_high72__w240__diff_mean,0
TEMPORAL_SEQ,dist_high72__w240__diff_std,0
TEMPORAL_SEQ,dist_high72__w240__up_share,0
TEMPORAL_SEQ,dist_high72__w240__late_vs_prev,0
TEMPORAL_SEQ,dist_high72__w240__accel,0
TEMPORAL_SEQ,dist_high240__now,0
TEMPORAL_SEQ,dist_high240__d1,0
TEMPORAL_SEQ,dist_high240__d3,0
TEMPORAL_SEQ,dist_high240__d6,0
TEMPORAL_SEQ,dist_high240__d12,0
TEMPORAL_SEQ,dist_high240__d24,0
TEMPORAL_SEQ,dist_high240__w24__mean,0
TEMPORAL_SEQ,dist_high240__w24__std,0
TEMPORAL_SEQ,dist_high240__w24__min,0
TEMPORAL_SEQ,dist_high240__w24__max,0
TEMPORAL_SEQ,dist_high240__w24__q10,0
TEMPORAL_SEQ,dist_high240__w24__q25,0
TEMPORAL_SEQ,dist_high240__w24__q75,0
TEMPORAL_SEQ,dist_high240__w24__q90,0
TEMPORAL_SEQ,dist_high240__w24__z,0
TEMPORAL_SEQ,dist_high240__w24__pos,0
TEMPORAL_SEQ,dist_high240__w24__delta,0
TEMPORAL_SEQ,dist_high240__w24__diff_mean,0
TEMPORAL_SEQ,dist_high240__w24__diff_std,0
TEMPORAL_SEQ,dist_high240__w24__up_share,0
TEMPORAL_SEQ,dist_high240__w24__late_vs_prev,0
TEMPORAL_SEQ,dist_high240__w24__accel,0
TEMPORAL_SEQ,dist_high240__w72__mean,0
TEMPORAL_SEQ,dist_high240__w72__std,0
TEMPORAL_SEQ,dist_high240__w72__min,0
TEMPORAL_SEQ,dist_high240__w72__max,0
TEMPORAL_SEQ,dist_high240__w72__q10,0
TEMPORAL_SEQ,dist_high240__w72__q25,0
TEMPORAL_SEQ,dist_high240__w72__q75,0
TEMPORAL_SEQ,dist_high240__w72__q90,0
TEMPORAL_SEQ,dist_high240__w72__z,0
TEMPORAL_SEQ,dist_high240__w72__pos,0
TEMPORAL_SEQ,dist_high240__w72__delta,0
TEMPORAL_SEQ,dist_high240__w72__diff_mean,0
TEMPORAL_SEQ,dist_high240__w72__diff_std,0
TEMPORAL_SEQ,dist_high240__w72__up_share,0
TEMPORAL_SEQ,dist_high240__w72__late_vs_prev,0
TEMPORAL_SEQ,dist_high240__w72__accel,0
TEMPORAL_SEQ,dist_high240__w240__mean,0
TEMPORAL_SEQ,dist_high240__w240__std,0
TEMPORAL_SEQ,dist_high240__w240__min,0
TEMPORAL_SEQ,dist_high240__w240__max,0
TEMPORAL_SEQ,dist_high240__w240__q10,0
TEMPORAL_SEQ,dist_high240__w240__q25,0
TEMPORAL_SEQ,dist_high240__w240__q75,0
TEMPORAL_SEQ,dist_high240__w240__q90,0
TEMPORAL_SEQ,dist_high240__w240__z,0
TEMPORAL_SEQ,dist_high240__w240__pos,0
TEMPORAL_SEQ,dist_high240__w240__delta,0
TEMPORAL_SEQ,dist_high240__w240__diff_mean,0
TEMPORAL_SEQ,dist_high240__w240__diff_std,0
TEMPORAL_SEQ,dist_high240__w240__up_share,0
TEMPORAL_SEQ,dist_high240__w240__late_vs_prev,0
TEMPORAL_SEQ,dist_high240__w240__accel,0
TEMPORAL_SEQ,rebound_low24__now,0
TEMPORAL_SEQ,rebound_low24__d1,0
TEMPORAL_SEQ,rebound_low24__d3,0
TEMPORAL_SEQ,rebound_low24__d6,0
TEMPORAL_SEQ,rebound_low24__d12,0
TEMPORAL_SEQ,rebound_low24__d24,0
TEMPORAL_SEQ,rebound_low24__w24__mean,0
TEMPORAL_SEQ,rebound_low24__w24__std,0
TEMPORAL_SEQ,rebound_low24__w24__min,0
TEMPORAL_SEQ,rebound_low24__w24__max,0
TEMPORAL_SEQ,rebound_low24__w24__q10,0
TEMPORAL_SEQ,rebound_low24__w24__q25,0
TEMPORAL_SEQ,rebound_low24__w24__q75,0
TEMPORAL_SEQ,rebound_low24__w24__q90,0
TEMPORAL_SEQ,rebound_low24__w24__pos,0
TEMPORAL_SEQ,rebound_low24__w24__delta,0
TEMPORAL_SEQ,rebound_low24__w24__diff_mean,0
TEMPORAL_SEQ,rebound_low24__w24__diff_std,0
TEMPORAL_SEQ,rebound_low24__w24__up_share,0
TEMPORAL_SEQ,rebound_low24__w24__late_vs_prev,0
TEMPORAL_SEQ,rebound_low24__w24__accel,0
TEMPORAL_SEQ,rebound_low24__w72__mean,0
TEMPORAL_SEQ,rebound_low24__w72__std,0
TEMPORAL_SEQ,rebound_low24__w72__min,0
TEMPORAL_SEQ,rebound_low24__w72__max,0
TEMPORAL_SEQ,rebound_low24__w72__q10,0
TEMPORAL_SEQ,rebound_low24__w72__q25,0
TEMPORAL_SEQ,rebound_low24__w72__q75,0
TEMPORAL_SEQ,rebound_low24__w72__q90,0
TEMPORAL_SEQ,rebound_low24__w72__pos,0
TEMPORAL_SEQ,rebound_low24__w72__diff_mean,0
TEMPORAL_SEQ,rebound_low24__w72__diff_std,0
TEMPORAL_SEQ,rebound_low24__w72__up_share,0
TEMPORAL_SEQ,rebound_low24__w72__late_vs_prev,0
TEMPORAL_SEQ,rebound_low24__w72__accel,0
TEMPORAL_SEQ,rebound_low24__w240__mean,0
TEMPORAL_SEQ,rebound_low24__w240__std,0
TEMPORAL_SEQ,rebound_low24__w240__min,0
TEMPORAL_SEQ,rebound_low24__w240__max,0
TEMPORAL_SEQ,rebound_low24__w240__q10,0
TEMPORAL_SEQ,rebound_low24__w240__q25,0
TEMPORAL_SEQ,rebound_low24__w240__q75,0
TEMPORAL_SEQ,rebound_low24__w240__q90,0
TEMPORAL_SEQ,rebound_low24__w240__z,0
TEMPORAL_SEQ,rebound_low24__w240__pos,0
TEMPORAL_SEQ,rebound_low24__w240__delta,0
TEMPORAL_SEQ,rebound_low24__w240__diff_mean,0
TEMPORAL_SEQ,rebound_low24__w240__diff_std,0
TEMPORAL_SEQ,rebound_low24__w240__up_share,0
TEMPORAL_SEQ,rebound_low24__w240__late_vs_prev,0
TEMPORAL_SEQ,rebound_low24__w240__accel,0
TEMPORAL_SEQ,rebound_low72__now,0
TEMPORAL_SEQ,rebound_low72__d1,0
TEMPORAL_SEQ,rebound_low72__d3,0
TEMPORAL_SEQ,rebound_low72__d6,0
TEMPORAL_SEQ,rebound_low72__d12,0
TEMPORAL_SEQ,rebound_low72__d24,0
TEMPORAL_SEQ,rebound_low72__w24__mean,0
TEMPORAL_SEQ,rebound_low72__w24__std,0
TEMPORAL_SEQ,rebound_low72__w24__min,0
TEMPORAL_SEQ,rebound_low72__w24__max,0
TEMPORAL_SEQ,rebound_low72__w24__q10,0
TEMPORAL_SEQ,rebound_low72__w24__q25,0
TEMPORAL_SEQ,rebound_low72__w24__q75,0
TEMPORAL_SEQ,rebound_low72__w24__q90,0
TEMPORAL_SEQ,rebound_low72__w24__z,0
TEMPORAL_SEQ,rebound_low72__w24__pos,0
TEMPORAL_SEQ,rebound_low72__w24__delta,0
TEMPORAL_SEQ,rebound_low72__w24__diff_mean,0
TEMPORAL_SEQ,rebound_low72__w24__diff_std,0
TEMPORAL_SEQ,rebound_low72__w24__up_share,0
TEMPORAL_SEQ,rebound_low72__w24__late_vs_prev,0
TEMPORAL_SEQ,rebound_low72__w24__accel,0
TEMPORAL_SEQ,rebound_low72__w72__mean,0
TEMPORAL_SEQ,rebound_low72__w72__min,0
TEMPORAL_SEQ,rebound_low72__w72__max,0
TEMPORAL_SEQ,rebound_low72__w72__q10,0
TEMPORAL_SEQ,rebound_low72__w72__q25,0
TEMPORAL_SEQ,rebound_low72__w72__q75,0
TEMPORAL_SEQ,rebound_low72__w72__q90,0
TEMPORAL_SEQ,rebound_low72__w72__z,0
TEMPORAL_SEQ,rebound_low72__w72__pos,0
TEMPORAL_SEQ,rebound_low72__w72__delta,0
TEMPORAL_SEQ,rebound_low72__w72__diff_mean,0
TEMPORAL_SEQ,rebound_low72__w72__up_share,0
TEMPORAL_SEQ,rebound_low72__w72__late_vs_prev,0
TEMPORAL_SEQ,rebound_low72__w72__accel,0
TEMPORAL_SEQ,rebound_low72__w240__mean,0
TEMPORAL_SEQ,rebound_low72__w240__std,0
TEMPORAL_SEQ,rebound_low72__w240__min,0
TEMPORAL_SEQ,rebound_low72__w240__max,0
TEMPORAL_SEQ,rebound_low72__w240__q75,0
TEMPORAL_SEQ,rebound_low72__w240__q90,0
TEMPORAL_SEQ,rebound_low72__w240__z,0
TEMPORAL_SEQ,rebound_low72__w240__delta,0
TEMPORAL_SEQ,rebound_low72__w240__diff_mean,0
TEMPORAL_SEQ,rebound_low72__w240__diff_std,0
TEMPORAL_SEQ,rebound_low72__w240__up_share,0
TEMPORAL_SEQ,rebound_low72__w240__late_vs_prev,0
TEMPORAL_SEQ,rebound_low72__w240__accel,0
TEMPORAL_SEQ,rebound_low240__now,0
TEMPORAL_SEQ,rebound_low240__d1,0
TEMPORAL_SEQ,rebound_low240__d3,0
TEMPORAL_SEQ,rebound_low240__d6,0
TEMPORAL_SEQ,rebound_low240__d12,0
TEMPORAL_SEQ,rebound_low240__d24,0
TEMPORAL_SEQ,rebound_low240__w24__mean,0
TEMPORAL_SEQ,rebound_low240__w24__std,0
TEMPORAL_SEQ,rebound_low240__w24__min,0
TEMPORAL_SEQ,rebound_low240__w24__max,0
TEMPORAL_SEQ,rebound_low240__w24__q10,0
TEMPORAL_SEQ,rebound_low240__w24__q25,0
TEMPORAL_SEQ,rebound_low240__w24__q75,0
TEMPORAL_SEQ,rebound_low240__w24__q90,0
TEMPORAL_SEQ,rebound_low240__w24__pos,0
TEMPORAL_SEQ,rebound_low240__w24__delta,0
TEMPORAL_SEQ,rebound_low240__w24__diff_mean,0
TEMPORAL_SEQ,rebound_low240__w24__diff_std,0
TEMPORAL_SEQ,rebound_low240__w24__up_share,0
TEMPORAL_SEQ,rebound_low240__w24__late_vs_prev,0
TEMPORAL_SEQ,rebound_low240__w24__accel,0
TEMPORAL_SEQ,rebound_low240__w72__mean,0
TEMPORAL_SEQ,rebound_low240__w72__std,0
TEMPORAL_SEQ,rebound_low240__w72__min,0
TEMPORAL_SEQ,rebound_low240__w72__max,0
TEMPORAL_SEQ,rebound_low240__w72__q10,0
TEMPORAL_SEQ,rebound_low240__w72__q25,0
TEMPORAL_SEQ,rebound_low240__w72__q75,0
TEMPORAL_SEQ,rebound_low240__w72__q90,0
TEMPORAL_SEQ,rebound_low240__w72__z,0
TEMPORAL_SEQ,rebound_low240__w72__pos,0
TEMPORAL_SEQ,rebound_low240__w72__delta,0
TEMPORAL_SEQ,rebound_low240__w72__diff_mean,0
TEMPORAL_SEQ,rebound_low240__w72__diff_std,0
TEMPORAL_SEQ,rebound_low240__w72__up_share,0
TEMPORAL_SEQ,rebound_low240__w72__late_vs_prev,0
TEMPORAL_SEQ,rebound_low240__w72__accel,0
TEMPORAL_SEQ,rebound_low240__w240__mean,0
TEMPORAL_SEQ,rebound_low240__w240__min,0
TEMPORAL_SEQ,rebound_low240__w240__max,0
TEMPORAL_SEQ,rebound_low240__w240__q10,0
TEMPORAL_SEQ,rebound_low240__w240__q25,0
TEMPORAL_SEQ,rebound_low240__w240__q75,0
TEMPORAL_SEQ,rebound_low240__w240__q90,0
TEMPORAL_SEQ,rebound_low240__w240__pos,0
TEMPORAL_SEQ,rebound_low240__w240__delta,0
TEMPORAL_SEQ,rebound_low240__w240__diff_std,0
TEMPORAL_SEQ,rebound_low240__w240__up_share,0
TEMPORAL_SEQ,rebound_low240__w240__late_vs_prev,0
TEMPORAL_SEQ,rebound_low240__w240__accel,0
TEMPORAL_SEQ,s24_0,0
TEMPORAL_SEQ,s24_1,0
TEMPORAL_SEQ,s24_2,0
TEMPORAL_SEQ,s24_3,0
TEMPORAL_SEQ,s24_4,0
TEMPORAL_SEQ,s24_5,0
TEMPORAL_SEQ,s24_6,0
TEMPORAL_SEQ,s24_7,0
TEMPORAL_SEQ,s24_8,0
TEMPORAL_SEQ,s24_9,0
TEMPORAL_SEQ,s24_10,0
TEMPORAL_SEQ,s24_11,0
TEMPORAL_SEQ,s24_12,0
TEMPORAL_SEQ,s24_13,0
TEMPORAL_SEQ,s24_14,0
TEMPORAL_SEQ,s24_15,0
TEMPORAL_SEQ,s24_16,0
TEMPORAL_SEQ,s24_17,0
TEMPORAL_SEQ,s24_18,0
TEMPORAL_SEQ,s24_19,0
TEMPORAL_SEQ,s24_20,0
TEMPORAL_SEQ,s24_21,0
TEMPORAL_SEQ,s24_22,0
TEMPORAL_SEQ,s24_23,0
TEMPORAL_SEQ,s24_24,0
TEMPORAL_SEQ,s24_25,0
TEMPORAL_SEQ,s24_26,0
TEMPORAL_SEQ,s24_27,0
TEMPORAL_SEQ,s24_28,0
TEMPORAL_SEQ,s24_29,0
TEMPORAL_SEQ,s24_30,0
TEMPORAL_SEQ,s24_31,0
TEMPORAL_SEQ,s24_32,0
TEMPORAL_SEQ,s24_33,0
TEMPORAL_SEQ,s24_34,0
TEMPORAL_SEQ,s24_35,0
TEMPORAL_SEQ,s24_36,0
TEMPORAL_SEQ,s24_37,0
TEMPORAL_SEQ,s24_38,0
TEMPORAL_SEQ,s24_39,0
TEMPORAL_SEQ,s24_41,0
TEMPORAL_SEQ,s24_42,0
TEMPORAL_SEQ,s24_43,0
TEMPORAL_SEQ,s24_44,0
TEMPORAL_SEQ,s24_45,0
TEMPORAL_SEQ,s24_46,0
TEMPORAL_SEQ,s24_47,0
TEMPORAL_SEQ,s24_48,0
TEMPORAL_SEQ,s24_49,0
TEMPORAL_SEQ,s24_50,0
TEMPORAL_SEQ,s24_51,0
TEMPORAL_SEQ,s24_52,0
TEMPORAL_SEQ,s24_53,0
TEMPORAL_SEQ,s24_54,0
TEMPORAL_SEQ,s24_55,0
TEMPORAL_SEQ,s24_56,0
TEMPORAL_SEQ,s24_57,0
TEMPORAL_SEQ,s24_58,0
TEMPORAL_SEQ,s24_59,0
TEMPORAL_SEQ,s24_60,0
TEMPORAL_SEQ,s24_61,0
TEMPORAL_SEQ,s24_62,0
TEMPORAL_SEQ,s24_63,0
TEMPORAL_SEQ,s24_64,0
TEMPORAL_SEQ,s24_65,0
TEMPORAL_SEQ,s24_66,0
TEMPORAL_SEQ,s24_67,0
TEMPORAL_SEQ,s24_68,0
TEMPORAL_SEQ,s24_69,0
TEMPORAL_SEQ,s24_70,0
TEMPORAL_SEQ,s24_71,0
TEMPORAL_SEQ,s24_72,0
TEMPORAL_SEQ,s24_73,0
TEMPORAL_SEQ,s24_74,0
TEMPORAL_SEQ,s24_75,0
TEMPORAL_SEQ,s24_76,0
TEMPORAL_SEQ,s24_77,0
TEMPORAL_SEQ,s24_78,0
TEMPORAL_SEQ,s24_79,0
TEMPORAL_SEQ,s24_80,0
TEMPORAL_SEQ,s24_81,0
TEMPORAL_SEQ,s24_82,0
TEMPORAL_SEQ,s24_83,0
TEMPORAL_SEQ,s24_84,0
TEMPORAL_SEQ,s24_85,0
TEMPORAL_SEQ,s24_86,0
TEMPORAL_SEQ,s24_87,0
TEMPORAL_SEQ,s24_88,0
TEMPORAL_SEQ,s24_89,0
TEMPORAL_SEQ,s24_90,0
TEMPORAL_SEQ,s24_91,0
TEMPORAL_SEQ,s24_92,0
TEMPORAL_SEQ,s24_93,0
TEMPORAL_SEQ,s24_94,0
TEMPORAL_SEQ,s24_95,0
TEMPORAL_SEQ,s24_96,0
TEMPORAL_SEQ,s24_97,0
TEMPORAL_SEQ,s24_98,0
TEMPORAL_SEQ,s24_99,0
TEMPORAL_SEQ,s24_100,0
TEMPORAL_SEQ,s24_101,0
TEMPORAL_SEQ,s24_102,0
TEMPORAL_SEQ,s24_103,0
TEMPORAL_SEQ,s24_104,0
TEMPORAL_SEQ,s24_105,0
TEMPORAL_SEQ,s24_106,0
TEMPORAL_SEQ,s24_107,0
TEMPORAL_SEQ,s24_108,0
TEMPORAL_SEQ,s24_109,0
TEMPORAL_SEQ,s24_110,0
TEMPORAL_SEQ,s24_111,0
TEMPORAL_SEQ,s24_112,0
TEMPORAL_SEQ,s24_113,0
TEMPORAL_SEQ,s24_114,0
TEMPORAL_SEQ,s24_115,0
TEMPORAL_SEQ,s24_116,0
TEMPORAL_SEQ,s24_117,0
TEMPORAL_SEQ,s24_118,0
TEMPORAL_SEQ,s24_119,0
TEMPORAL_SEQ,s24_120,0
TEMPORAL_SEQ,s24_121,0
TEMPORAL_SEQ,s24_122,0
TEMPORAL_SEQ,s24_123,0
TEMPORAL_SEQ,s24_124,0
TEMPORAL_SEQ,s24_125,0
TEMPORAL_SEQ,s24_126,0
TEMPORAL_SEQ,s24_127,0
TEMPORAL_SEQ,s24_128,0
TEMPORAL_SEQ,s24_129,0
TEMPORAL_SEQ,s24_130,0
TEMPORAL_SEQ,s24_131,0
TEMPORAL_SEQ,s24_132,0
TEMPORAL_SEQ,s24_133,0
TEMPORAL_SEQ,s24_134,0
TEMPORAL_SEQ,s24_135,0
TEMPORAL_SEQ,s24_136,0
TEMPORAL_SEQ,s24_137,0
TEMPORAL_SEQ,s24_138,0
TEMPORAL_SEQ,s24_139,0
TEMPORAL_SEQ,s24_140,0
TEMPORAL_SEQ,s24_141,0
TEMPORAL_SEQ,s24_142,0
TEMPORAL_SEQ,s24_143,0
TEMPORAL_SEQ,s24_144,0
TEMPORAL_SEQ,s24_145,0
TEMPORAL_SEQ,s24_146,0
TEMPORAL_SEQ,s24_147,0
TEMPORAL_SEQ,s24_148,0
TEMPORAL_SEQ,s24_149,0
TEMPORAL_SEQ,s24_150,0
TEMPORAL_SEQ,s24_151,0
TEMPORAL_SEQ,s24_152,0
TEMPORAL_SEQ,s24_153,0
TEMPORAL_SEQ,s24_154,0
TEMPORAL_SEQ,s24_155,0
TEMPORAL_SEQ,s24_156,0
TEMPORAL_SEQ,s24_157,0
TEMPORAL_SEQ,s24_158,0
TEMPORAL_SEQ,s24_159,0
TEMPORAL_SEQ,s24_160,0
TEMPORAL_SEQ,s24_161,0
TEMPORAL_SEQ,s24_162,0
TEMPORAL_SEQ,s24_163,0
TEMPORAL_SEQ,s24_164,0
TEMPORAL_SEQ,s24_165,0
TEMPORAL_SEQ,s24_166,0
TEMPORAL_SEQ,s24_167,0
TEMPORAL_SEQ,s24_168,0
TEMPORAL_SEQ,s24_169,0
TEMPORAL_SEQ,s24_170,0
TEMPORAL_SEQ,s24_171,0
TEMPORAL_SEQ,s24_172,0
TEMPORAL_SEQ,s24_173,0
TEMPORAL_SEQ,s24_174,0
TEMPORAL_SEQ,s24_175,0
TEMPORAL_SEQ,s24_176,0
TEMPORAL_SEQ,s24_177,0
TEMPORAL_SEQ,s24_178,0
TEMPORAL_SEQ,s24_179,0
TEMPORAL_SEQ,s24_180,0
TEMPORAL_SEQ,s24_181,0
TEMPORAL_SEQ,s24_182,0
TEMPORAL_SEQ,s24_183,0
TEMPORAL_SEQ,s24_184,0
TEMPORAL_SEQ,s24_185,0
TEMPORAL_SEQ,s24_186,0
TEMPORAL_SEQ,s24_187,0
TEMPORAL_SEQ,s24_188,0
TEMPORAL_SEQ,s24_189,0
TEMPORAL_SEQ,s24_190,0
TEMPORAL_SEQ,s24_191,0
TEMPORAL_SEQ,s24_192,0
TEMPORAL_SEQ,s24_193,0
TEMPORAL_SEQ,s24_194,0
TEMPORAL_SEQ,s24_195,0
TEMPORAL_SEQ,s24_196,0
TEMPORAL_SEQ,s24_197,0
TEMPORAL_SEQ,s24_198,0
TEMPORAL_SEQ,s24_199,0
TEMPORAL_SEQ,s24_200,0
TEMPORAL_SEQ,s24_201,0
TEMPORAL_SEQ,s24_202,0
TEMPORAL_SEQ,s24_203,0
TEMPORAL_SEQ,s24_204,0
TEMPORAL_SEQ,s24_205,0
TEMPORAL_SEQ,s24_206,0
TEMPORAL_SEQ,s24_207,0
TEMPORAL_SEQ,s24_208,0
TEMPORAL_SEQ,s24_209,0
TEMPORAL_SEQ,s24_210,0
TEMPORAL_SEQ,s24_211,0
TEMPORAL_SEQ,s24_212,0
TEMPORAL_SEQ,s24_213,0
TEMPORAL_SEQ,s24_214,0
TEMPORAL_SEQ,s24_215,0
TEMPORAL_SEQ,s24_216,0
TEMPORAL_SEQ,s24_217,0
TEMPORAL_SEQ,s24_218,0
TEMPORAL_SEQ,s24_219,0
TEMPORAL_SEQ,s24_220,0
TEMPORAL_SEQ,s24_221,0
TEMPORAL_SEQ,s24_222,0
TEMPORAL_SEQ,s24_223,0
TEMPORAL_SEQ,s24_224,0
TEMPORAL_SEQ,s24_225,0
TEMPORAL_SEQ,s24_226,0
TEMPORAL_SEQ,s24_227,0
TEMPORAL_SEQ,s24_228,0
TEMPORAL_SEQ,s24_229,0
TEMPORAL_SEQ,s24_230,0
TEMPORAL_SEQ,s24_231,0
TEMPORAL_SEQ,s24_232,0
TEMPORAL_SEQ,s24_233,0
TEMPORAL_SEQ,s24_234,0
TEMPORAL_SEQ,s24_235,0
TEMPORAL_SEQ,s24_236,0
TEMPORAL_SEQ,s24_237,0
TEMPORAL_SEQ,s24_238,0
TEMPORAL_SEQ,s24_239,0
TEMPORAL_SEQ,s24_240,0
TEMPORAL_SEQ,s24_241,0
TEMPORAL_SEQ,s24_242,0
TEMPORAL_SEQ,s24_243,0
TEMPORAL_SEQ,s24_244,0
TEMPORAL_SEQ,s24_245,0
TEMPORAL_SEQ,s24_246,0
TEMPORAL_SEQ,s24_247,0
TEMPORAL_SEQ,s24_248,0
TEMPORAL_SEQ,s24_249,0
TEMPORAL_SEQ,s24_250,0
TEMPORAL_SEQ,s24_251,0
TEMPORAL_SEQ,s24_252,0
TEMPORAL_SEQ,s24_253,0
TEMPORAL_SEQ,s24_254,0
TEMPORAL_SEQ,s24_255,0
TEMPORAL_SEQ,s24_256,0
TEMPORAL_SEQ,s24_257,0
TEMPORAL_SEQ,s24_258,0
TEMPORAL_SEQ,s24_259,0
TEMPORAL_SEQ,s24_260,0
TEMPORAL_SEQ,s24_261,0
TEMPORAL_SEQ,s24_262,0
TEMPORAL_SEQ,s24_263,0
TEMPORAL_SEQ,s24_264,0
TEMPORAL_SEQ,s24_265,0
TEMPORAL_SEQ,s24_266,0
TEMPORAL_SEQ,s24_267,0
TEMPORAL_SEQ,s24_268,0
TEMPORAL_SEQ,s24_269,0
TEMPORAL_SEQ,s24_270,0
TEMPORAL_SEQ,s24_271,0
TEMPORAL_SEQ,s24_272,0
TEMPORAL_SEQ,s24_273,0
TEMPORAL_SEQ,s24_274,0
TEMPORAL_SEQ,s24_275,0
TEMPORAL_SEQ,s24_276,0
TEMPORAL_SEQ,s24_277,0
TEMPORAL_SEQ,s24_278,0
TEMPORAL_SEQ,s24_279,0
TEMPORAL_SEQ,s24_280,0
TEMPORAL_SEQ,s24_281,0
TEMPORAL_SEQ,s24_282,0
TEMPORAL_SEQ,s24_283,0
TEMPORAL_SEQ,s24_284,0
TEMPORAL_SEQ,s24_285,0
TEMPORAL_SEQ,s24_286,0
TEMPORAL_SEQ,s24_287,0
TEMPORAL_SEQ,s24_288,0
TEMPORAL_SEQ,s24_289,0
TEMPORAL_SEQ,s24_290,0
TEMPORAL_SEQ,s24_291,0
TEMPORAL_SEQ,s24_292,0
TEMPORAL_SEQ,s24_293,0
TEMPORAL_SEQ,s24_294,0
TEMPORAL_SEQ,s24_295,0
TEMPORAL_SEQ,s24_296,0
TEMPORAL_SEQ,s24_297,0
TEMPORAL_SEQ,s24_298,0
TEMPORAL_SEQ,s24_299,0
TEMPORAL_SEQ,s24_300,0
TEMPORAL_SEQ,s24_301,0
TEMPORAL_SEQ,s24_302,0
TEMPORAL_SEQ,s24_303,0
TEMPORAL_SEQ,s24_304,0
TEMPORAL_SEQ,s24_305,0
TEMPORAL_SEQ,s24_306,0
TEMPORAL_SEQ,s24_307,0
TEMPORAL_SEQ,s24_308,0
TEMPORAL_SEQ,s24_309,0
TEMPORAL_SEQ,s24_310,0
TEMPORAL_SEQ,s24_311,0
TEMPORAL_SEQ,s24_312,0
TEMPORAL_SEQ,s24_313,0
TEMPORAL_SEQ,s24_314,0
TEMPORAL_SEQ,s24_315,0
TEMPORAL_SEQ,s24_316,0
TEMPORAL_SEQ,s24_317,0
TEMPORAL_SEQ,s24_318,0
TEMPORAL_SEQ,s24_319,0
TEMPORAL_SEQ,s24_320,0
TEMPORAL_SEQ,s24_321,0
TEMPORAL_SEQ,s24_322,0
TEMPORAL_SEQ,s24_323,0
TEMPORAL_SEQ,s24_324,0
TEMPORAL_SEQ,s24_325,0
TEMPORAL_SEQ,s24_326,0
TEMPORAL_SEQ,s24_327,0
TEMPORAL_SEQ,s24_328,0
TEMPORAL_SEQ,s24_329,0
TEMPORAL_SEQ,s24_330,0
TEMPORAL_SEQ,s24_331,0
TEMPORAL_SEQ,s24_332,0
TEMPORAL_SEQ,s24_333,0
TEMPORAL_SEQ,s24_334,0
TEMPORAL_SEQ,s24_335,0
TEMPORAL_SEQ,s24_336,0
TEMPORAL_SEQ,s24_337,0
TEMPORAL_SEQ,s24_338,0
TEMPORAL_SEQ,s24_339,0
TEMPORAL_SEQ,s24_340,0
TEMPORAL_SEQ,s24_341,0
TEMPORAL_SEQ,s24_342,0
TEMPORAL_SEQ,s24_343,0
TEMPORAL_SEQ,s24_344,0
TEMPORAL_SEQ,s24_345,0
TEMPORAL_SEQ,s24_346,0
TEMPORAL_SEQ,s24_347,0
TEMPORAL_SEQ,s24_348,0
TEMPORAL_SEQ,s24_349,0
TEMPORAL_SEQ,s24_350,0
TEMPORAL_SEQ,s24_351,0
TEMPORAL_SEQ,s24_352,0
TEMPORAL_SEQ,s24_353,0
TEMPORAL_SEQ,s24_354,0
TEMPORAL_SEQ,s24_355,0
TEMPORAL_SEQ,s24_356,0
TEMPORAL_SEQ,s24_357,0
TEMPORAL_SEQ,s24_358,0
TEMPORAL_SEQ,s24_359,0
TEMPORAL_SEQ,s72_0,0
TEMPORAL_SEQ,s72_1,0
TEMPORAL_SEQ,s72_2,0
TEMPORAL_SEQ,s72_3,0
TEMPORAL_SEQ,s72_4,0
TEMPORAL_SEQ,s72_5,0
TEMPORAL_SEQ,s72_6,0
TEMPORAL_SEQ,s72_7,0
TEMPORAL_SEQ,s72_8,0
TEMPORAL_SEQ,s72_9,0
TEMPORAL_SEQ,s72_10,0
TEMPORAL_SEQ,s72_11,0
TEMPORAL_SEQ,s72_12,0
TEMPORAL_SEQ,s72_13,0
TEMPORAL_SEQ,s72_14,0
TEMPORAL_SEQ,s72_15,0
TEMPORAL_SEQ,s72_16,0
TEMPORAL_SEQ,s72_17,0
TEMPORAL_SEQ,s72_18,0
TEMPORAL_SEQ,s72_19,0
TEMPORAL_SEQ,s72_20,0
TEMPORAL_SEQ,s72_21,0
TEMPORAL_SEQ,s72_22,0
TEMPORAL_SEQ,s72_23,0
TEMPORAL_SEQ,s72_24,0
TEMPORAL_SEQ,s72_25,0
TEMPORAL_SEQ,s72_26,0
TEMPORAL_SEQ,s72_27,0
TEMPORAL_SEQ,s72_28,0
TEMPORAL_SEQ,s72_29,0
TEMPORAL_SEQ,s72_30,0
TEMPORAL_SEQ,s72_31,0
TEMPORAL_SEQ,s72_32,0
TEMPORAL_SEQ,s72_33,0
TEMPORAL_SEQ,s72_34,0
TEMPORAL_SEQ,s72_35,0
TEMPORAL_SEQ,s72_36,0
TEMPORAL_SEQ,s72_37,0
TEMPORAL_SEQ,s72_38,0
TEMPORAL_SEQ,s72_39,0
TEMPORAL_SEQ,s72_40,0
TEMPORAL_SEQ,s72_41,0
TEMPORAL_SEQ,s72_42,0
TEMPORAL_SEQ,s72_43,0
TEMPORAL_SEQ,s72_44,0
TEMPORAL_SEQ,s72_45,0
TEMPORAL_SEQ,s72_46,0
TEMPORAL_SEQ,s72_47,0
TEMPORAL_SEQ,s72_48,0
TEMPORAL_SEQ,s72_49,0
TEMPORAL_SEQ,s72_50,0
TEMPORAL_SEQ,s72_51,0
TEMPORAL_SEQ,s72_52,0
TEMPORAL_SEQ,s72_53,0
TEMPORAL_SEQ,s72_54,0
TEMPORAL_SEQ,s72_55,0
TEMPORAL_SEQ,s72_56,0
TEMPORAL_SEQ,s72_57,0
TEMPORAL_SEQ,s72_58,0
TEMPORAL_SEQ,s72_59,0
TEMPORAL_SEQ,s72_60,0
TEMPORAL_SEQ,s72_61,0
TEMPORAL_SEQ,s72_62,0
TEMPORAL_SEQ,s72_63,0
TEMPORAL_SEQ,s72_64,0
TEMPORAL_SEQ,s72_65,0
TEMPORAL_SEQ,s72_66,0
TEMPORAL_SEQ,s72_67,0
TEMPORAL_SEQ,s72_68,0
TEMPORAL_SEQ,s72_69,0
TEMPORAL_SEQ,s72_70,0
TEMPORAL_SEQ,s72_71,0
TEMPORAL_SEQ,s72_72,0
TEMPORAL_SEQ,s72_73,0
TEMPORAL_SEQ,s72_74,0
TEMPORAL_SEQ,s72_75,0
TEMPORAL_SEQ,s72_76,0
TEMPORAL_SEQ,s72_77,0
TEMPORAL_SEQ,s72_78,0
TEMPORAL_SEQ,s72_79,0
TEMPORAL_SEQ,s72_80,0
TEMPORAL_SEQ,s72_81,0
TEMPORAL_SEQ,s72_82,0
TEMPORAL_SEQ,s72_83,0
TEMPORAL_SEQ,s72_84,0
TEMPORAL_SEQ,s72_85,0
TEMPORAL_SEQ,s72_86,0
TEMPORAL_SEQ,s72_87,0
TEMPORAL_SEQ,s72_88,0
TEMPORAL_SEQ,s72_89,0
TEMPORAL_SEQ,s72_90,0
TEMPORAL_SEQ,s72_91,0
TEMPORAL_SEQ,s72_92,0
TEMPORAL_SEQ,s72_93,0
TEMPORAL_SEQ,s72_94,0
TEMPORAL_SEQ,s72_95,0
TEMPORAL_SEQ,s72_96,0
TEMPORAL_SEQ,s72_97,0
TEMPORAL_SEQ,s72_98,0
TEMPORAL_SEQ,s72_99,0
TEMPORAL_SEQ,s72_100,0
TEMPORAL_SEQ,s72_101,0
TEMPORAL_SEQ,s72_102,0
TEMPORAL_SEQ,s72_103,0
TEMPORAL_SEQ,s72_104,0
TEMPORAL_SEQ,s72_105,0
TEMPORAL_SEQ,s72_106,0
TEMPORAL_SEQ,s72_107,0
TEMPORAL_SEQ,s72_108,0
TEMPORAL_SEQ,s72_109,0
TEMPORAL_SEQ,s72_110,0
TEMPORAL_SEQ,s72_111,0
TEMPORAL_SEQ,s72_112,0
TEMPORAL_SEQ,s72_113,0
TEMPORAL_SEQ,s72_114,0
TEMPORAL_SEQ,s72_115,0
TEMPORAL_SEQ,s72_116,0
TEMPORAL_SEQ,s72_117,0
TEMPORAL_SEQ,s72_118,0
TEMPORAL_SEQ,s72_119,0
TEMPORAL_SEQ,s72_120,0
TEMPORAL_SEQ,s72_121,0
TEMPORAL_SEQ,s72_122,0
TEMPORAL_SEQ,s72_123,0
TEMPORAL_SEQ,s72_124,0
TEMPORAL_SEQ,s72_125,0
TEMPORAL_SEQ,s72_126,0
TEMPORAL_SEQ,s72_127,0
TEMPORAL_SEQ,s72_128,0
TEMPORAL_SEQ,s72_129,0
TEMPORAL_SEQ,s72_130,0
TEMPORAL_SEQ,s72_131,0
TEMPORAL_SEQ,s72_132,0
TEMPORAL_SEQ,s72_133,0
TEMPORAL_SEQ,s72_134,0
TEMPORAL_SEQ,s72_135,0
TEMPORAL_SEQ,s72_136,0
TEMPORAL_SEQ,s72_137,0
TEMPORAL_SEQ,s72_138,0
TEMPORAL_SEQ,s72_139,0
TEMPORAL_SEQ,s72_140,0
TEMPORAL_SEQ,s72_141,0
TEMPORAL_SEQ,s72_142,0
TEMPORAL_SEQ,s72_143,0
TEMPORAL_SEQ,s72_144,0
TEMPORAL_SEQ,s72_145,0
TEMPORAL_SEQ,s72_146,0
TEMPORAL_SEQ,s72_147,0
TEMPORAL_SEQ,s72_148,0
TEMPORAL_SEQ,s72_149,0
TEMPORAL_SEQ,s72_150,0
TEMPORAL_SEQ,s72_151,0
TEMPORAL_SEQ,s72_152,0
TEMPORAL_SEQ,s72_153,0
TEMPORAL_SEQ,s72_154,0
TEMPORAL_SEQ,s72_155,0
TEMPORAL_SEQ,s72_156,0
TEMPORAL_SEQ,s72_157,0
TEMPORAL_SEQ,s72_158,0
TEMPORAL_SEQ,s72_159,0
TEMPORAL_SEQ,s72_160,0
TEMPORAL_SEQ,s72_161,0
TEMPORAL_SEQ,s72_162,0
TEMPORAL_SEQ,s72_163,0
TEMPORAL_SEQ,s72_164,0
TEMPORAL_SEQ,s72_165,0
TEMPORAL_SEQ,s72_166,0
TEMPORAL_SEQ,s72_167,0
TEMPORAL_SEQ,s72_168,0
TEMPORAL_SEQ,s72_169,0
TEMPORAL_SEQ,s72_170,0
TEMPORAL_SEQ,s72_171,0
TEMPORAL_SEQ,s72_172,0
TEMPORAL_SEQ,s72_173,0
TEMPORAL_SEQ,s72_174,0
TEMPORAL_SEQ,s72_175,0
TEMPORAL_SEQ,s72_176,0
TEMPORAL_SEQ,s72_177,0
TEMPORAL_SEQ,s72_178,0
TEMPORAL_SEQ,s72_179,0
TEMPORAL_SEQ,s72_180,0
TEMPORAL_SEQ,s72_181,0
TEMPORAL_SEQ,s72_182,0
TEMPORAL_SEQ,s72_183,0
TEMPORAL_SEQ,s72_184,0
TEMPORAL_SEQ,s72_185,0
TEMPORAL_SEQ,s72_186,0
TEMPORAL_SEQ,s72_187,0
TEMPORAL_SEQ,s72_188,0
TEMPORAL_SEQ,s72_189,0
TEMPORAL_SEQ,s72_190,0
TEMPORAL_SEQ,s72_191,0
TEMPORAL_SEQ,s72_192,0
TEMPORAL_SEQ,s72_193,0
TEMPORAL_SEQ,s72_194,0
TEMPORAL_SEQ,s72_195,0
TEMPORAL_SEQ,s72_196,0
TEMPORAL_SEQ,s72_197,0
TEMPORAL_SEQ,s72_198,0
TEMPORAL_SEQ,s72_199,0
TEMPORAL_SEQ,s72_200,0
TEMPORAL_SEQ,s72_201,0
TEMPORAL_SEQ,s72_202,0
TEMPORAL_SEQ,s72_203,0
TEMPORAL_SEQ,s72_204,0
TEMPORAL_SEQ,s72_205,0
TEMPORAL_SEQ,s72_206,0
TEMPORAL_SEQ,s72_207,0
TEMPORAL_SEQ,s72_208,0
TEMPORAL_SEQ,s72_209,0
TEMPORAL_SEQ,s72_210,0
TEMPORAL_SEQ,s72_211,0
TEMPORAL_SEQ,s72_212,0
TEMPORAL_SEQ,s72_213,0
TEMPORAL_SEQ,s72_214,0
TEMPORAL_SEQ,s72_215,0
TEMPORAL_SEQ,s72_216,0
TEMPORAL_SEQ,s72_217,0
TEMPORAL_SEQ,s72_218,0
TEMPORAL_SEQ,s72_219,0
TEMPORAL_SEQ,s72_220,0
TEMPORAL_SEQ,s72_221,0
TEMPORAL_SEQ,s72_222,0
TEMPORAL_SEQ,s72_223,0
TEMPORAL_SEQ,s72_224,0
TEMPORAL_SEQ,s72_225,0
TEMPORAL_SEQ,s72_226,0
TEMPORAL_SEQ,s72_227,0
TEMPORAL_SEQ,s72_228,0
TEMPORAL_SEQ,s72_229,0
TEMPORAL_SEQ,s72_230,0
TEMPORAL_SEQ,s72_231,0
TEMPORAL_SEQ,s72_232,0
TEMPORAL_SEQ,s72_233,0
TEMPORAL_SEQ,s72_234,0
TEMPORAL_SEQ,s72_235,0
TEMPORAL_SEQ,s72_236,0
TEMPORAL_SEQ,s72_237,0
TEMPORAL_SEQ,s72_238,0
TEMPORAL_SEQ,s72_239,0
TEMPORAL_SEQ,s72_240,0
TEMPORAL_SEQ,s72_241,0
TEMPORAL_SEQ,s72_242,0
TEMPORAL_SEQ,s72_243,0
TEMPORAL_SEQ,s72_244,0
TEMPORAL_SEQ,s72_245,0
TEMPORAL_SEQ,s72_246,0
TEMPORAL_SEQ,s72_247,0
TEMPORAL_SEQ,s72_248,0
TEMPORAL_SEQ,s72_249,0
TEMPORAL_SEQ,s72_250,0
TEMPORAL_SEQ,s72_251,0
TEMPORAL_SEQ,s72_252,0
TEMPORAL_SEQ,s72_253,0
TEMPORAL_SEQ,s72_254,0
TEMPORAL_SEQ,s72_255,0
TEMPORAL_SEQ,s72_256,0
TEMPORAL_SEQ,s72_257,0
TEMPORAL_SEQ,s72_258,0
TEMPORAL_SEQ,s72_259,0
TEMPORAL_SEQ,s72_260,0
TEMPORAL_SEQ,s72_261,0
TEMPORAL_SEQ,s72_262,0
TEMPORAL_SEQ,s72_263,0
TEMPORAL_SEQ,s72_264,0
TEMPORAL_SEQ,s72_265,0
TEMPORAL_SEQ,s72_266,0
TEMPORAL_SEQ,s72_267,0
TEMPORAL_SEQ,s72_268,0
TEMPORAL_SEQ,s72_269,0
TEMPORAL_SEQ,s72_270,0
TEMPORAL_SEQ,s72_271,0
TEMPORAL_SEQ,s72_272,0
TEMPORAL_SEQ,s72_273,0
TEMPORAL_SEQ,s72_274,0
TEMPORAL_SEQ,s72_275,0
TEMPORAL_SEQ,s72_276,0
TEMPORAL_SEQ,s72_277,0
TEMPORAL_SEQ,s72_278,0
TEMPORAL_SEQ,s72_279,0
TEMPORAL_SEQ,s72_280,0
TEMPORAL_SEQ,s72_281,0
TEMPORAL_SEQ,s72_282,0
TEMPORAL_SEQ,s72_283,0
TEMPORAL_SEQ,s72_284,0
TEMPORAL_SEQ,s72_285,0
TEMPORAL_SEQ,s72_286,0
TEMPORAL_SEQ,s72_287,0
TEMPORAL_SEQ,s72_288,0
TEMPORAL_SEQ,s72_289,0
TEMPORAL_SEQ,s72_290,0
TEMPORAL_SEQ,s72_291,0
TEMPORAL_SEQ,s72_292,0
TEMPORAL_SEQ,s72_293,0
TEMPORAL_SEQ,s72_294,0
TEMPORAL_SEQ,s72_295,0
TEMPORAL_SEQ,s72_296,0
TEMPORAL_SEQ,s72_297,0
TEMPORAL_SEQ,s72_298,0
TEMPORAL_SEQ,s72_299,0
TEMPORAL_SEQ,s72_300,0
TEMPORAL_SEQ,s72_301,0
TEMPORAL_SEQ,s72_302,0
TEMPORAL_SEQ,s72_303,0
TEMPORAL_SEQ,s72_304,0
TEMPORAL_SEQ,s72_305,0
TEMPORAL_SEQ,s72_306,0
TEMPORAL_SEQ,s72_307,0
TEMPORAL_SEQ,s72_308,0
TEMPORAL_SEQ,s72_309,0
TEMPORAL_SEQ,s72_310,0
TEMPORAL_SEQ,s72_311,0
TEMPORAL_SEQ,s72_312,0
TEMPORAL_SEQ,s72_313,0
TEMPORAL_SEQ,s72_314,0
TEMPORAL_SEQ,s72_315,0
TEMPORAL_SEQ,s72_316,0
TEMPORAL_SEQ,s72_317,0
TEMPORAL_SEQ,s72_318,0
TEMPORAL_SEQ,s72_319,0
TEMPORAL_SEQ,s72_320,0
TEMPORAL_SEQ,s72_321,0
TEMPORAL_SEQ,s72_322,0
TEMPORAL_SEQ,s72_323,0
TEMPORAL_SEQ,s72_324,0
TEMPORAL_SEQ,s72_325,0
TEMPORAL_SEQ,s72_326,0
TEMPORAL_SEQ,s72_327,0
TEMPORAL_SEQ,s72_328,0
TEMPORAL_SEQ,s72_329,0
TEMPORAL_SEQ,s72_330,0
TEMPORAL_SEQ,s72_331,0
TEMPORAL_SEQ,s72_332,0
TEMPORAL_SEQ,s72_333,0
TEMPORAL_SEQ,s72_334,0
TEMPORAL_SEQ,s72_335,0
TEMPORAL_SEQ,s72_336,0
TEMPORAL_SEQ,s72_337,0
TEMPORAL_SEQ,s72_338,0
TEMPORAL_SEQ,s72_339,0
TEMPORAL_SEQ,s72_340,0
TEMPORAL_SEQ,s72_341,0
TEMPORAL_SEQ,s72_342,0
TEMPORAL_SEQ,s72_343,0
TEMPORAL_SEQ,s72_344,0
TEMPORAL_SEQ,s72_345,0
TEMPORAL_SEQ,s72_346,0
TEMPORAL_SEQ,s72_347,0
TEMPORAL_SEQ,s72_348,0
TEMPORAL_SEQ,s72_349,0
TEMPORAL_SEQ,s72_350,0
TEMPORAL_SEQ,s72_351,0
TEMPORAL_SEQ,s72_352,0
TEMPORAL_SEQ,s72_353,0
TEMPORAL_SEQ,s72_354,0
TEMPORAL_SEQ,s72_355,0
TEMPORAL_SEQ,s72_356,0
TEMPORAL_SEQ,s72_357,0
TEMPORAL_SEQ,s72_358,0
TEMPORAL_SEQ,s72_359,0
TEMPORAL_SEQ,s240_0,0
TEMPORAL_SEQ,s240_1,0
TEMPORAL_SEQ,s240_2,0
TEMPORAL_SEQ,s240_4,0
TEMPORAL_SEQ,s240_5,0
TEMPORAL_SEQ,s240_6,0
TEMPORAL_SEQ,s240_7,0
TEMPORAL_SEQ,s240_8,0
TEMPORAL_SEQ,s240_9,0
TEMPORAL_SEQ,s240_10,0
TEMPORAL_SEQ,s240_11,0
TEMPORAL_SEQ,s240_12,0
TEMPORAL_SEQ,s240_13,0
TEMPORAL_SEQ,s240_14,0
TEMPORAL_SEQ,s240_15,0
TEMPORAL_SEQ,s240_16,0
TEMPORAL_SEQ,s240_17,0
TEMPORAL_SEQ,s240_18,0
TEMPORAL_SEQ,s240_19,0
TEMPORAL_SEQ,s240_20,0
TEMPORAL_SEQ,s240_21,0
TEMPORAL_SEQ,s240_22,0
TEMPORAL_SEQ,s240_23,0
TEMPORAL_SEQ,s240_24,0
TEMPORAL_SEQ,s240_25,0
TEMPORAL_SEQ,s240_26,0
TEMPORAL_SEQ,s240_27,0
TEMPORAL_SEQ,s240_28,0
TEMPORAL_SEQ,s240_29,0
TEMPORAL_SEQ,s240_30,0
TEMPORAL_SEQ,s240_31,0
TEMPORAL_SEQ,s240_32,0
TEMPORAL_SEQ,s240_33,0
TEMPORAL_SEQ,s240_34,0
TEMPORAL_SEQ,s240_35,0
TEMPORAL_SEQ,s240_36,0
TEMPORAL_SEQ,s240_37,0
TEMPORAL_SEQ,s240_39,0
TEMPORAL_SEQ,s240_40,0
TEMPORAL_SEQ,s240_41,0
TEMPORAL_SEQ,s240_42,0
TEMPORAL_SEQ,s240_43,0
TEMPORAL_SEQ,s240_44,0
TEMPORAL_SEQ,s240_45,0
TEMPORAL_SEQ,s240_46,0
TEMPORAL_SEQ,s240_47,0
TEMPORAL_SEQ,s240_48,0
TEMPORAL_SEQ,s240_49,0
TEMPORAL_SEQ,s240_50,0
TEMPORAL_SEQ,s240_51,0
TEMPORAL_SEQ,s240_52,0
TEMPORAL_SEQ,s240_53,0
TEMPORAL_SEQ,s240_54,0
TEMPORAL_SEQ,s240_55,0
TEMPORAL_SEQ,s240_56,0
TEMPORAL_SEQ,s240_57,0
TEMPORAL_SEQ,s240_58,0
TEMPORAL_SEQ,s240_59,0
TEMPORAL_SEQ,s240_60,0
TEMPORAL_SEQ,s240_61,0
TEMPORAL_SEQ,s240_62,0
TEMPORAL_SEQ,s240_63,0
TEMPORAL_SEQ,s240_64,0
TEMPORAL_SEQ,s240_65,0
TEMPORAL_SEQ,s240_66,0
TEMPORAL_SEQ,s240_67,0
TEMPORAL_SEQ,s240_68,0
TEMPORAL_SEQ,s240_69,0
TEMPORAL_SEQ,s240_70,0
TEMPORAL_SEQ,s240_71,0
TEMPORAL_SEQ,s240_72,0
TEMPORAL_SEQ,s240_73,0
TEMPORAL_SEQ,s240_74,0
TEMPORAL_SEQ,s240_75,0
TEMPORAL_SEQ,s240_76,0
TEMPORAL_SEQ,s240_77,0
TEMPORAL_SEQ,s240_78,0
TEMPORAL_SEQ,s240_79,0
TEMPORAL_SEQ,s240_80,0
TEMPORAL_SEQ,s240_81,0
TEMPORAL_SEQ,s240_82,0
TEMPORAL_SEQ,s240_83,0
TEMPORAL_SEQ,s240_84,0
TEMPORAL_SEQ,s240_85,0
TEMPORAL_SEQ,s240_86,0
TEMPORAL_SEQ,s240_89,0
TEMPORAL_SEQ,s240_90,0
TEMPORAL_SEQ,s240_91,0
TEMPORAL_SEQ,s240_92,0
TEMPORAL_SEQ,s240_93,0
TEMPORAL_SEQ,s240_94,0
TEMPORAL_SEQ,s240_95,0
TEMPORAL_SEQ,s240_96,0
TEMPORAL_SEQ,s240_97,0
TEMPORAL_SEQ,s240_98,0
TEMPORAL_SEQ,s240_99,0
TEMPORAL_SEQ,s240_100,0
TEMPORAL_SEQ,s240_101,0
TEMPORAL_SEQ,s240_102,0
TEMPORAL_SEQ,s240_103,0
TEMPORAL_SEQ,s240_104,0
TEMPORAL_SEQ,s240_105,0
TEMPORAL_SEQ,s240_107,0
TEMPORAL_SEQ,s240_108,0
TEMPORAL_SEQ,s240_109,0
TEMPORAL_SEQ,s240_110,0
TEMPORAL_SEQ,s240_111,0
TEMPORAL_SEQ,s240_112,0
TEMPORAL_SEQ,s240_113,0
TEMPORAL_SEQ,s240_114,0
TEMPORAL_SEQ,s240_115,0
TEMPORAL_SEQ,s240_116,0
TEMPORAL_SEQ,s240_117,0
TEMPORAL_SEQ,s240_118,0
TEMPORAL_SEQ,s240_119,0
TEMPORAL_SEQ,s240_120,0
TEMPORAL_SEQ,s240_121,0
TEMPORAL_SEQ,s240_122,0
TEMPORAL_SEQ,s240_123,0
TEMPORAL_SEQ,s240_124,0
TEMPORAL_SEQ,s240_125,0
TEMPORAL_SEQ,s240_126,0
TEMPORAL_SEQ,s240_127,0
TEMPORAL_SEQ,s240_128,0
TEMPORAL_SEQ,s240_129,0
TEMPORAL_SEQ,s240_131,0
TEMPORAL_SEQ,s240_132,0
TEMPORAL_SEQ,s240_133,0
TEMPORAL_SEQ,s240_134,0
TEMPORAL_SEQ,s240_135,0
TEMPORAL_SEQ,s240_136,0
TEMPORAL_SEQ,s240_137,0
TEMPORAL_SEQ,s240_138,0
TEMPORAL_SEQ,s240_139,0
TEMPORAL_SEQ,s240_140,0
TEMPORAL_SEQ,s240_141,0
TEMPORAL_SEQ,s240_142,0
TEMPORAL_SEQ,s240_143,0
TEMPORAL_SEQ,s240_144,0
TEMPORAL_SEQ,s240_145,0
TEMPORAL_SEQ,s240_146,0
TEMPORAL_SEQ,s240_147,0
TEMPORAL_SEQ,s240_149,0
TEMPORAL_SEQ,s240_150,0
TEMPORAL_SEQ,s240_151,0
TEMPORAL_SEQ,s240_152,0
TEMPORAL_SEQ,s240_153,0
TEMPORAL_SEQ,s240_154,0
TEMPORAL_SEQ,s240_155,0
TEMPORAL_SEQ,s240_157,0
TEMPORAL_SEQ,s240_158,0
TEMPORAL_SEQ,s240_160,0
TEMPORAL_SEQ,s240_161,0
TEMPORAL_SEQ,s240_162,0
TEMPORAL_SEQ,s240_163,0
TEMPORAL_SEQ,s240_165,0
TEMPORAL_SEQ,s240_166,0
TEMPORAL_SEQ,s240_167,0
TEMPORAL_SEQ,s240_168,0
TEMPORAL_SEQ,s240_169,0
TEMPORAL_SEQ,s240_170,0
TEMPORAL_SEQ,s240_171,0
TEMPORAL_SEQ,s240_172,0
TEMPORAL_SEQ,s240_173,0
TEMPORAL_SEQ,s240_174,0
TEMPORAL_SEQ,s240_175,0
TEMPORAL_SEQ,s240_176,0
TEMPORAL_SEQ,s240_178,0
TEMPORAL_SEQ,s240_179,0
TEMPORAL_SEQ,s240_180,0
TEMPORAL_SEQ,s240_181,0
TEMPORAL_SEQ,s240_182,0
TEMPORAL_SEQ,s240_183,0
TEMPORAL_SEQ,s240_184,0
TEMPORAL_SEQ,s240_185,0
TEMPORAL_SEQ,s240_186,0
TEMPORAL_SEQ,s240_187,0
TEMPORAL_SEQ,s240_188,0
TEMPORAL_SEQ,s240_189,0
TEMPORAL_SEQ,s240_190,0
TEMPORAL_SEQ,s240_191,0
TEMPORAL_SEQ,s240_192,0
TEMPORAL_SEQ,s240_194,0
TEMPORAL_SEQ,s240_195,0
TEMPORAL_SEQ,s240_196,0
TEMPORAL_SEQ,s240_197,0
TEMPORAL_SEQ,s240_198,0
TEMPORAL_SEQ,s240_199,0
TEMPORAL_SEQ,s240_200,0
TEMPORAL_SEQ,s240_201,0
TEMPORAL_SEQ,s240_202,0
TEMPORAL_SEQ,s240_203,0
TEMPORAL_SEQ,s240_204,0
TEMPORAL_SEQ,s240_205,0
TEMPORAL_SEQ,s240_206,0
TEMPORAL_SEQ,s240_207,0
TEMPORAL_SEQ,s240_208,0
TEMPORAL_SEQ,s240_209,0
TEMPORAL_SEQ,s240_210,0
TEMPORAL_SEQ,s240_212,0
TEMPORAL_SEQ,s240_213,0
TEMPORAL_SEQ,s240_214,0
TEMPORAL_SEQ,s240_216,0
TEMPORAL_SEQ,s240_217,0
TEMPORAL_SEQ,s240_218,0
TEMPORAL_SEQ,s240_219,0
TEMPORAL_SEQ,s240_220,0
TEMPORAL_SEQ,s240_221,0
TEMPORAL_SEQ,s240_222,0
TEMPORAL_SEQ,s240_223,0
TEMPORAL_SEQ,s240_224,0
TEMPORAL_SEQ,s240_225,0
TEMPORAL_SEQ,s240_226,0
TEMPORAL_SEQ,s240_227,0
TEMPORAL_SEQ,s240_228,0
TEMPORAL_SEQ,s240_229,0
TEMPORAL_SEQ,s240_230,0
TEMPORAL_SEQ,s240_231,0
TEMPORAL_SEQ,s240_232,0
TEMPORAL_SEQ,s240_233,0
TEMPORAL_SEQ,s240_235,0
TEMPORAL_SEQ,s240_236,0
TEMPORAL_SEQ,s240_237,0
TEMPORAL_SEQ,s240_238,0
TEMPORAL_SEQ,s240_239,0
TEMPORAL_SEQ,s240_240,0
TEMPORAL_SEQ,s240_241,0
TEMPORAL_SEQ,s240_242,0
TEMPORAL_SEQ,s240_243,0
TEMPORAL_SEQ,s240_244,0
TEMPORAL_SEQ,s240_245,0
TEMPORAL_SEQ,s240_246,0
TEMPORAL_SEQ,s240_247,0
TEMPORAL_SEQ,s240_248,0
TEMPORAL_SEQ,s240_249,0
TEMPORAL_SEQ,s240_250,0
TEMPORAL_SEQ,s240_251,0
TEMPORAL_SEQ,s240_252,0
TEMPORAL_SEQ,s240_253,0
TEMPORAL_SEQ,s240_254,0
TEMPORAL_SEQ,s240_255,0
TEMPORAL_SEQ,s240_256,0
TEMPORAL_SEQ,s240_257,0
TEMPORAL_SEQ,s240_258,0
TEMPORAL_SEQ,s240_259,0
TEMPORAL_SEQ,s240_260,0
TEMPORAL_SEQ,s240_261,0
TEMPORAL_SEQ,s240_262,0
TEMPORAL_SEQ,s240_263,0
TEMPORAL_SEQ,s240_264,0
TEMPORAL_SEQ,s240_265,0
TEMPORAL_SEQ,s240_266,0
TEMPORAL_SEQ,s240_267,0
TEMPORAL_SEQ,s240_268,0
TEMPORAL_SEQ,s240_269,0
TEMPORAL_SEQ,s240_270,0
TEMPORAL_SEQ,s240_271,0
TEMPORAL_SEQ,s240_272,0
TEMPORAL_SEQ,s240_273,0
TEMPORAL_SEQ,s240_274,0
TEMPORAL_SEQ,s240_275,0
TEMPORAL_SEQ,s240_276,0
TEMPORAL_SEQ,s240_277,0
TEMPORAL_SEQ,s240_278,0
TEMPORAL_SEQ,s240_279,0
TEMPORAL_SEQ,s240_280,0
TEMPORAL_SEQ,s240_281,0
TEMPORAL_SEQ,s240_282,0
TEMPORAL_SEQ,s240_283,0
TEMPORAL_SEQ,s240_284,0
TEMPORAL_SEQ,s240_285,0
TEMPORAL_SEQ,s240_286,0
TEMPORAL_SEQ,s240_287,0
TEMPORAL_SEQ,s240_288,0
TEMPORAL_SEQ,s240_289,0
TEMPORAL_SEQ,s240_290,0
TEMPORAL_SEQ,s240_291,0
TEMPORAL_SEQ,s240_292,0
TEMPORAL_SEQ,s240_293,0
TEMPORAL_SEQ,s240_294,0
TEMPORAL_SEQ,s240_296,0
TEMPORAL_SEQ,s240_297,0
TEMPORAL_SEQ,s240_298,0
TEMPORAL_SEQ,s240_299,0
TEMPORAL_SEQ,s240_300,0
TEMPORAL_SEQ,s240_301,0
TEMPORAL_SEQ,s240_302,0
TEMPORAL_SEQ,s240_303,0
TEMPORAL_SEQ,s240_304,0
TEMPORAL_SEQ,s240_305,0
TEMPORAL_SEQ,s240_306,0
TEMPORAL_SEQ,s240_307,0
TEMPORAL_SEQ,s240_308,0
TEMPORAL_SEQ,s240_309,0
TEMPORAL_SEQ,s240_310,0
TEMPORAL_SEQ,s240_311,0
TEMPORAL_SEQ,s240_312,0
TEMPORAL_SEQ,s240_313,0
TEMPORAL_SEQ,s240_314,0
TEMPORAL_SEQ,s240_315,0
TEMPORAL_SEQ,s240_316,0
TEMPORAL_SEQ,s240_317,0
TEMPORAL_SEQ,s240_318,0
TEMPORAL_SEQ,s240_319,0
TEMPORAL_SEQ,s240_320,0
TEMPORAL_SEQ,s240_321,0
TEMPORAL_SEQ,s240_322,0
TEMPORAL_SEQ,s240_323,0
TEMPORAL_SEQ,s240_324,0
TEMPORAL_SEQ,s240_325,0
TEMPORAL_SEQ,s240_326,0
TEMPORAL_SEQ,s240_327,0
TEMPORAL_SEQ,s240_328,0
TEMPORAL_SEQ,s240_329,0
TEMPORAL_SEQ,s240_330,0
TEMPORAL_SEQ,s240_331,0
TEMPORAL_SEQ,s240_332,0
TEMPORAL_SEQ,s240_333,0
TEMPORAL_SEQ,s240_334,0
TEMPORAL_SEQ,s240_335,0
TEMPORAL_SEQ,s240_336,0
TEMPORAL_SEQ,s240_337,0
TEMPORAL_SEQ,s240_338,0
TEMPORAL_SEQ,s240_339,0
TEMPORAL_SEQ,s240_340,0
TEMPORAL_SEQ,s240_341,0
TEMPORAL_SEQ,s240_342,0
TEMPORAL_SEQ,s240_343,0
TEMPORAL_SEQ,s240_344,0
TEMPORAL_SEQ,s240_345,0
TEMPORAL_SEQ,s240_346,0
TEMPORAL_SEQ,s240_347,0
TEMPORAL_SEQ,s240_348,0
TEMPORAL_SEQ,s240_349,0
TEMPORAL_SEQ,s240_350,0
TEMPORAL_SEQ,s240_351,0
TEMPORAL_SEQ,s240_352,0
TEMPORAL_SEQ,s240_353,0
TEMPORAL_SEQ,s240_354,0
TEMPORAL_SEQ,s240_355,0
TEMPORAL_SEQ,s240_356,0
TEMPORAL_SEQ,s240_357,0
TEMPORAL_SEQ,s240_358,0
TEMPORAL_SEQ,s240_359,0
