offset_h,feature,effect_2024,winner_median_2024,control_median_2024,abs_effect_2024,effect_2025,winner_median_2025,control_median_2025,abs_effect_2025,same_direction,min_abs_effect,mean_abs_effect
0,rsi6,-1.5473607210303657,25.920406479495437,52.51987665196843,1.5473607210303657,-1.084108950523654,26.322208431510063,49.882487676630056,1.084108950523654,True,1.084108950523654,1.3157348357770098
0,bb_z,-1.4890778926214463,-1.8127806341177797,0.2244870615884174,1.4890778926214463,-1.0195104276299023,-1.6962801494372155,0.0483121263747068,1.0195104276299023,True,1.0195104276299023,1.2542941601256743
0,stoch_k,-1.451165124165672,13.38102372624476,57.35428633043299,1.451165124165672,-0.914796784725838,14.364414717575386,50.97712252160657,0.914796784725838,True,0.914796784725838,1.182980954445755
0,cci20,-1.3775400863154064,-143.19660553099123,21.092315812983635,1.3775400863154064,-0.9272533616916236,-127.64479691256608,5.592422718421679,0.9272533616916236,True,0.9272533616916236,1.152396724003515
1,stoch_d,-1.2704851741317482,24.645802729124185,55.83814366566845,1.2704851741317482,-0.7471095573345744,29.058054680476413,52.47221046621767,0.7471095573345744,True,0.7471095573345744,1.0087973657331613
0,close_vs_ema6,-1.263281594096599,-0.0081774415261721,0.0004976114437769,1.263281594096599,-1.07337151949698,-0.0065968293714091,-7.659021252170994e-05,1.07337151949698,True,1.07337151949698,1.1683265567967895
1,cci20,-1.251607570233367,-125.48222220079764,17.408573981592863,1.251607570233367,-0.8156901911366872,-118.01167486410348,5.845202212734906,0.8156901911366872,True,0.8156901911366872,1.033648880685027
0,close_vs_ema12,-1.239363018379832,-0.0109011124681531,0.0006288744801169,1.239363018379832,-1.038989368374584,-0.0092322730460969,-2.6442218302946685e-05,1.038989368374584,True,1.038989368374584,1.139176193377208
0,rsi14,-1.2089547004993932,36.96119512997492,51.73901629205867,1.2089547004993932,-0.863567957635064,38.33740421652724,49.82329013682087,0.863567957635064,True,0.863567957635064,1.0362613290672287
0,stoch_d,-1.198478283310676,27.063799191696027,57.52213806049144,1.198478283310676,-0.7583515860266847,26.58338991772017,52.16759403880055,0.7583515860266847,True,0.7583515860266847,0.9784149346686803
0,close_vs_vwap24,-1.1778283659586366,-0.0136922887254147,0.0013087630274405,1.1778283659586366,-0.9815436171784768,-0.0101566686854935,0.0007225478210521,0.9815436171784768,True,0.9815436171784768,1.0796859915685566
0,ema6_slope_3h,-1.1519101074329772,-0.0059670162028572,0.0004861671185322,1.1519101074329772,-0.9186745265401544,-0.0040178313452905,0.0001991199820778,0.9186745265401544,True,0.9186745265401544,1.0352923169865658
0,macd_fast_hist_pct,-1.132193354416582,-0.0021813888363308,5.726385064268058e-05,1.132193354416582,-0.8627034971944864,-0.0013164042794743,-8.70956876397469e-06,0.8627034971944864,True,0.8627034971944864,0.9974484258055343
1,ema6_slope_3h,-1.125865681311668,-0.0063013720007453,0.0003606912905065,1.125865681311668,-0.9206665548800512,-0.0042161238821014,0.0001341166359689,0.9206665548800512,True,0.9206665548800512,1.0232661180958598
1,bb_z,-1.1083400144953717,-1.3505303329320184,0.1214225207119637,1.1083400144953717,-0.6590817803219554,-1.2347355914625948,0.0063898840797459,0.6590817803219554,True,0.6590817803219554,0.8837108974086636
0,close_vs_ema24,-1.0977240839080025,-0.0131131755783732,0.0009651813478297,1.0977240839080025,-0.9266048255456936,-0.0096236135573708,1.399876738350514e-05,0.9266048255456936,True,0.9266048255456936,1.012164454726848
-1,rsi6,-1.0672565483242191,33.67695228781558,53.63106688847773,1.0672565483242191,-0.7011468146834637,38.73548812816869,51.77480845960748,0.7011468146834637,True,0.7011468146834637,0.8842016815038414
2,stoch_d,-1.060632974337548,27.75431838819193,55.84288028523363,1.060632974337548,-0.6626179701210763,27.22781656104446,52.39873304152788,0.6626179701210763,True,0.6626179701210763,0.8616254722293122
1,macd_hist_pct,-1.0141666598439831,-0.0017021262965186,-6.561131910963526e-05,1.0141666598439831,-0.8085384415880692,-0.0010573975089227,-3.4899476230706216e-05,0.8085384415880692,True,0.8085384415880692,0.9113525507160262
-1,bb_z,-1.0116693709710594,-1.2735067803546356,0.2960234247331194,1.0116693709710594,-0.6640548660799453,-0.9741600587939204,0.1917617508385835,0.6640548660799453,True,0.6640548660799453,0.8378621185255024
1,rsi6,-1.0043171060520286,36.2771388433205,51.83500259498007,1.0043171060520286,-0.6777958881157976,36.0207517072841,50.90689797152708,0.6777958881157976,True,0.6777958881157976,0.8410564970839132
-1,stoch_k,-1.0001226318269207,25.43698039409616,59.80480694704748,1.0001226318269207,-0.5978475919209206,30.68311214567192,53.74830232337188,0.5978475919209206,True,0.5978475919209206,0.7989851118739206
0,body_pct,-0.9971374961971586,-0.0063220430955074,0.0003020054338834,0.9971374961971586,-0.8712747454565904,-0.0050356284321778,-9.050446793557045e-05,0.8712747454565904,True,0.8712747454565904,0.9342061208268746
-1,cci20,-0.9952096065586992,-105.59270028811004,22.067990377299047,0.9952096065586992,-0.6376957073877448,-73.50781842274912,19.81464527440548,0.6376957073877448,True,0.6376957073877448,0.816452656973222
0,log_ret,-0.994595228690438,-0.0063420420640123,0.0003020319347809,0.994595228690438,-0.8661463029510624,-0.0050482521948298,-9.050856371205447e-05,0.8661463029510624,True,0.8661463029510624,0.9303707658207503
0,macd_hist_pct,-0.9944868978035166,-0.0015878940583254,-4.3276644048362686e-05,0.9944868978035166,-0.7866368458972516,-0.0009354092982901,2.2279148638486652e-05,0.7866368458972516,True,0.7866368458972516,0.890561871850384
0,close_location,-0.982003035348168,0.1865335315434904,0.54124307134564,0.982003035348168,-0.7639687603224791,0.2208930146012309,0.4817645406012916,0.7639687603224791,True,0.7639687603224791,0.8729858978353235
0,rsi24,-0.9603025754694168,42.54609559355176,51.6840529691206,0.9603025754694168,-0.7100367212456724,42.88209764762461,49.58424338492445,0.7100367212456724,True,0.7100367212456724,0.8351696483575446
1,macd_fast_hist_pct,-0.9541167689644144,-0.0017912154788262,-7.002399149978211e-06,0.9541167689644144,-0.7576240331665032,-0.0011135893568848,-3.928896202093873e-05,0.7576240331665032,True,0.7576240331665032,0.8558704010654588
1,close_vs_vwap24,-0.9418730781686572,-0.0101938497834618,0.0007905507478163,0.9418730781686572,-0.8132845289312214,-0.0080011803009466,0.0009120368378947,0.8132845289312214,True,0.8132845289312214,0.8775788035499392
1,rsi14,-0.934521215464762,41.28059982961169,51.251040388193935,0.934521215464762,-0.6308480912565796,41.423839801291976,50.03442407655654,0.6308480912565796,True,0.6308480912565796,0.7826846533606708
1,stoch_k,-0.9315006196248108,28.42397935419984,55.49836700861569,0.9315006196248108,-0.5219541724136592,27.102838414445444,52.24175882719035,0.5219541724136592,True,0.5219541724136592,0.726727396019235
-1,close_vs_ema6,-0.9215561018451142,-0.0033847271646743,0.000571430614538,0.9215561018451142,-0.630442262281806,-0.0016274400506752,0.000163181798642,0.630442262281806,True,0.630442262281806,0.7759991820634601
-1,close_vs_ema12,-0.9155250035756856,-0.0056381592266348,0.0011811504099846,0.9155250035756856,-0.6600658686398639,-0.0023520121012653,0.0004915550123547,0.6600658686398639,True,0.6600658686398639,0.7877954361077748
1,close_vs_ema12,-0.9085775461175738,-0.0073899246831078,0.0004483975416202,0.9085775461175738,-0.769997000456128,-0.0061689435825064,8.189710443562426e-05,0.769997000456128,True,0.769997000456128,0.8392872732868508
1,close_vs_ema24,-0.8922556321999146,-0.0085774137570908,0.0009810989110801,0.8922556321999146,-0.7492809760910819,-0.0077475836830389,9.543493303687534e-05,0.7492809760910819,True,0.7492809760910819,0.8207683041454983
0,close_vs_ema48,-0.8836821385550732,-0.0136041809744928,0.0025920055918611,0.8836821385550732,-0.7816944371897248,-0.0101704809748542,-0.0005013724882676,0.7816944371897248,True,0.7816944371897248,0.8326882878723989
2,ema6_slope_3h,-0.8821786078691931,-0.0050037326334972,0.0001906335635475,0.8821786078691931,-0.8151960053831249,-0.0044132485122558,-5.695832404939427e-05,0.8151960053831249,True,0.8151960053831249,0.848687306626159
-1,ema6_slope_3h,-0.8759085686731805,-0.0034671373748449,0.0004042959318389,0.8759085686731805,-0.6144601662344871,-0.0018454385109542,0.000183068197529,0.6144601662344871,True,0.6144601662344871,0.7451843674538338
2,macd_hist_pct,-0.87323002169167,-0.0016107047413344,-0.0001009582911876,0.87323002169167,-0.7489708166766412,-0.001048394251204,-7.300603828002108e-05,0.7489708166766412,True,0.7489708166766412,0.8111004191841555
3,ema24_slope_6h,-0.8535610221131215,-0.0038609809088784,0.0005595187814881,0.8535610221131215,-0.7089724309453943,-0.0032994816401135,0.0001230057340979,0.7089724309453943,True,0.7089724309453943,0.7812667265292579
-1,close_vs_vwap24,-0.8474084196788023,-0.0083686574182916,0.0016828202460296,0.8474084196788023,-0.6523315213113792,-0.0039487445016073,0.0014371114894076,0.6523315213113792,True,0.6523315213113792,0.7498699704950907
2,ema24_slope_6h,-0.8439986980527114,-0.0038586007094238,0.0005928887447164,0.8439986980527114,-0.6908358980401769,-0.0025435545176321,7.451251254675384e-06,0.6908358980401769,True,0.6908358980401769,0.7674172980464442
-1,stoch_d,-0.8391531104778545,34.80692033682214,56.423229917880064,0.8391531104778545,-0.5384698356573877,30.689290846294018,53.83545153932229,0.5384698356573877,True,0.5384698356573877,0.6888114730676211
-1,rsi14,-0.8254677955919612,42.47530382675424,52.10629017952039,0.8254677955919612,-0.5538984781960027,45.36961933232996,50.340419147768905,0.5538984781960027,True,0.5538984781960027,0.689683136893982
4,ema24_slope_6h,-0.8179440174853876,-0.0037509961741258,0.0006281072349073,0.8179440174853876,-0.6783369167052976,-0.0036839416495066,-2.4640004300469087e-05,0.6783369167052976,True,0.6783369167052976,0.7481404670953427
-2,rsi6,-0.8179328165381543,37.79100321329743,52.621827718267774,0.8179328165381543,-0.5679854123383571,41.867386842247846,52.23733633498714,0.5679854123383571,True,0.5679854123383571,0.6929591144382556
0,mfi14,-0.8172055203077853,34.158794772205056,51.34603805617131,0.8172055203077853,-0.6918996798614168,35.82318376303232,51.56282347135119,0.6918996798614168,True,0.6918996798614168,0.754552600084601
2,cci20,-0.8135133429674906,-94.30119737929272,12.01405867025611,0.8135133429674906,-0.5523909243696774,-117.1582593901043,13.125573402291169,0.5523909243696774,True,0.5523909243696774,0.682952133668584
-1,macd_fast_hist_pct,-0.8077062506121253,-0.0012475382002378,0.0001078377778101,0.8077062506121253,-0.5296136900409888,-0.0005781469431115,-5.5013106348530905e-06,0.5296136900409888,True,0.5296136900409888,0.668659970326557
1,mfi14,-0.8004650810454844,36.60806357459302,51.53708177948084,0.8004650810454844,-0.6180209950201149,35.585396104656326,49.14751289533272,0.6180209950201149,True,0.6180209950201149,0.7092430380327996
-1,close_vs_ema24,-0.8000734482262963,-0.0055830602287874,0.0017225248087906,0.8000734482262963,-0.6005956513430006,-0.0030322027877758,0.0003843356290014,0.6005956513430006,True,0.6005956513430006,0.7003345497846485
6,macd_fast_hist_pct,0.7957612201762113,0.0005690971350719,-0.000384997325481,0.7957612201762113,0.7883656878187437,0.0006700195240411,-0.0001586728352505,0.7883656878187437,True,0.7883656878187437,0.7920634539974776
1,ema24_slope_6h,-0.7886203098195713,-0.003136675904035,0.0006543435045053,0.7886203098195713,-0.6335967564995795,-0.0020797791021908,0.0002337915822938,0.6335967564995795,True,0.6335967564995795,0.7111085331595755
0,close_vs_vwap72,-0.7782173195995861,-0.0118798884537177,0.0047366175405151,0.7782173195995861,-0.6477995937500965,-0.0095138044480687,7.657740864974727e-06,0.6477995937500965,True,0.6477995937500965,0.7130084566748414
1,rsi24,-0.7739852790630157,44.95308240851232,51.67235837808325,0.7739852790630157,-0.5448196827661287,44.32222549552893,49.66771319418389,0.5448196827661287,True,0.5448196827661287,0.6594024809145722
0,close_vs_ema72,-0.7539660781464937,-0.0106677976988052,0.0032381567594305,0.7539660781464937,-0.7116369970781201,-0.0113111457528586,-0.000864147423681,0.7116369970781201,True,0.7116369970781201,0.7328015376123069
-2,stoch_k,-0.7493095821574389,35.025609348707846,55.45379167168435,0.7493095821574389,-0.540601935670047,33.362187678863954,55.678773247022,0.540601935670047,True,0.540601935670047,0.6449557589137429
-2,bb_z,-0.7423230816726699,-0.8632269121680449,0.1964183729075033,0.7423230816726699,-0.5436863456583165,-0.7508259542804618,0.2044269719964336,0.5436863456583165,True,0.5436863456583165,0.6430047136654933
1,close_vs_ema48,-0.7406534376309062,-0.0086368286172317,0.0025494564533778,0.7406534376309062,-0.6516775396988992,-0.0081639696079895,-0.0005344218445104,0.6516775396988992,True,0.6516775396988992,0.6961654886649027
-2,close_vs_ema6,-0.7293510961794527,-0.0025091149381311,0.0006272260303089,0.7293510961794527,-0.5907833779005623,-0.0011089547544828,0.0003922443752875,0.5907833779005623,True,0.5907833779005623,0.6600672370400076
0,taker_share,-0.7278816786106677,0.4562020782383646,0.4944006903966624,0.7278816786106677,-0.4007409695438069,0.4428411763614576,0.4683168944812025,0.4007409695438069,True,0.4007409695438069,0.5643113240772373
5,ema24_slope_6h,-0.7254052622577559,-0.0035448753581535,0.0006528000366099,0.7254052622577559,-0.6055309116475374,-0.0033797645456274,-8.183588323618096e-05,0.6055309116475374,True,0.6055309116475374,0.6654680869526466
-2,close_vs_ema12,-0.713461420476611,-0.0039287207216199,0.0007908818450965,0.713461420476611,-0.591722867446947,-0.0023420068454607,0.0005574516539588,0.591722867446947,True,0.591722867446947,0.652592143961779
2,bb_z,-0.7082334670252289,-1.0311264670115174,0.0722962618410986,0.7082334670252289,-0.5184152804248793,-1.122408185050238,0.0477011921396987,0.5184152804248793,True,0.5184152804248793,0.6133243737250541
-1,macd_hist_pct,-0.7027782468241873,-0.001060580320788,-4.515495442511252e-05,0.7027782468241873,-0.5642733293205328,-0.0006657673454993,2.6815007944873027e-05,0.5642733293205328,True,0.5642733293205328,0.63352578807236
1,close_vs_ema6,-0.6974545489090658,-0.0032607517831527,0.0002300104677134,0.6974545489090658,-0.6376966692819818,-0.0030939173146543,-7.037754788874473e-05,0.6376966692819818,True,0.6376966692819818,0.6675756090955238
-2,cci20,-0.688254172870442,-79.80314377118697,15.530065504986446,0.688254172870442,-0.4991067617045272,-59.02716369251774,21.77678566261669,0.4991067617045272,True,0.4991067617045272,0.5936804672874846
-2,ema6_slope_3h,-0.6872732508309445,-0.0025159323985383,0.0003417589066747,0.6872732508309445,-0.4815372614715912,-0.0018996448683559,0.0002632252693084,0.4815372614715912,True,0.4815372614715912,0.5844052561512678
3,macd_hist_pct,-0.6830717134956683,-0.001293439050605,-0.0001615978387775,0.6830717134956683,-0.6072853823832116,-0.0008972039188407,-5.951171738628785e-05,0.6072853823832116,True,0.6072853823832116,0.64517854793944
2,close_vs_vwap24,-0.6739802272348974,-0.0087395095023789,0.0010260058097985,0.6739802272348974,-0.6985312975938117,-0.0071458711312505,0.0008122619208206,0.6985312975938117,True,0.6739802272348974,0.6862557624143546
0,ema24_slope_6h,-0.6734552927738064,-0.0024391499345908,0.000650742033038,0.6734552927738064,-0.5379166486543372,-0.0013557517602511,0.0001536139540401,0.5379166486543372,True,0.5379166486543372,0.6056859707140718
3,stoch_d,-0.6722772269548721,33.11545013926804,53.57207787347757,0.6722772269548721,-0.4179385598760617,34.009753981713835,50.97726009823518,0.4179385598760617,True,0.4179385598760617,0.545107893415467
2,rsi14,-0.6684475262524379,44.299512249190855,51.145080180867495,0.6684475262524379,-0.52111578897164,42.17560016887548,50.519823171821656,0.52111578897164,True,0.52111578897164,0.5947816576120389
2,close_vs_ema24,-0.6592406023012193,-0.0062133100056628,0.0009228240643907,0.6592406023012193,-0.6282600739272968,-0.0056290686288857,0.0005243819801639,0.6282600739272968,True,0.6282600739272968,0.643750338114258
2,mfi14,-0.6552441959257758,38.20713538451776,50.13193415380945,0.6552441959257758,-0.5302011363603298,38.37172980388293,48.99157612535871,0.5302011363603298,True,0.5302011363603298,0.5927226661430528
-2,close_vs_vwap24,-0.6506625956558816,-0.0049066581703015,0.0013060200724557,0.6506625956558816,-0.5500946030306344,-0.0027951812220493,0.0011707277258021,0.5500946030306344,True,0.5500946030306344,0.600378599343258
-1,rsi24,-0.6501097259958498,45.87663015157801,51.67019062276776,0.6501097259958498,-0.4483294678089569,46.61765120327514,50.25615915697575,0.4483294678089569,True,0.4483294678089569,0.5492195969024034
2,macd_pct,-0.6494184366131404,-0.0030076768363563,0.0006580932149103,0.6494184366131404,-0.5699445976774956,-0.0018444899933872,0.0001873707367187,0.5699445976774956,True,0.5699445976774956,0.609681517145318
1,close_vs_vwap72,-0.6491856683984037,-0.0073407231499326,0.0038456343190729,0.6491856683984037,-0.5406053373894537,-0.0088905622814684,-0.0004437244948651,0.5406053373894537,True,0.5406053373894537,0.5948955028939287
3,macd_pct,-0.6469313331094448,-0.0028366854958549,0.0005509851769157,0.6469313331094448,-0.5651974745263887,-0.0015925792761197,1.089579287453081e-05,0.5651974745263887,True,0.5651974745263887,0.6060644038179168
1,close_vs_ema72,-0.6347873845053147,-0.0071818616212478,0.0030143681126603,0.6347873845053147,-0.599930451775425,-0.0093415334271471,-0.0015470393833749,0.599930451775425,True,0.599930451775425,0.6173589181403698
4,macd_pct,-0.6281405337266165,-0.0023687378014638,0.0006321582119663,0.6281405337266165,-0.5418212741243306,-0.0019744519483126,-0.0001996848883944,0.5418212741243306,True,0.5418212741243306,0.5849809039254735
-1,close_vs_ema48,-0.6264574030395229,-0.0057763795189697,0.0027004844735455,0.6264574030395229,-0.5038645944519465,-0.0049094149644121,0.0001620014507752,0.5038645944519465,True,0.5038645944519465,0.5651609987457347
1,macd_pct,-0.6223668052592569,-0.0023786585068792,0.000704106325669,0.6223668052592569,-0.5385286317359279,-0.0015416342318887,0.0001720137260341,0.5385286317359279,True,0.5385286317359279,0.5804477184975925
-2,close_vs_ema24,-0.6178713911920471,-0.0044214512230859,0.0012309549751468,0.6178713911920471,-0.5220674557485309,-0.0023864595357393,0.0008876676766558,0.5220674557485309,True,0.5220674557485309,0.569969423470289
-2,macd_fast_hist_pct,-0.6160485840172325,-0.0010644845873998,4.502666256677923e-05,0.6160485840172325,-0.4206834097145895,-0.0004065173787871,5.439963091614034e-05,0.4206834097145895,True,0.4206834097145895,0.518365996865911
-2,rsi14,-0.6109000395966496,45.15618053261312,51.6056512806332,0.6109000395966496,-0.4448951439089761,46.43421341843171,51.36993482157732,0.4448951439089761,True,0.4448951439089761,0.5278975917528128
2,close_vs_ema48,-0.5974173605779111,-0.0065402081261216,0.0018542351169602,0.5974173605779111,-0.5759242476298876,-0.0077116942803346,-0.0003796170328049,0.5759242476298876,True,0.5759242476298876,0.5866708041038993
2,rsi24,-0.596575731132543,45.53317091079872,51.34794942196261,0.596575731132543,-0.4600292632818404,45.4268504212782,49.71641809388996,0.4600292632818404,True,0.4600292632818404,0.5283024972071917
1,log_ret,0.5942721479508034,0.0020816025712121,5.9463149263817724e-06,0.5942721479508034,0.4291021702793229,0.0015532724906108,-0.000384497713576,0.4291021702793229,True,0.4291021702793229,0.5116871591150631
1,body_pct,0.5936977191559178,0.0020836894062238,6.061008602731288e-06,0.5936977191559178,0.4296134718838646,0.0015544794431536,-0.0003845214348968,0.4296134718838646,True,0.4296134718838646,0.5116555955198913
-3,close_vs_ema6,-0.5932855417284549,-0.0020032012206562,0.0003230640795205,0.5932855417284549,-0.3556627443805978,-0.0010399146326871,0.0002051785988204,0.3556627443805978,True,0.3556627443805978,0.4744741430545264
5,macd_pct,-0.5851707382203635,-0.0022680479689924,0.0006086487314619,0.5851707382203635,-0.4926233971389405,-0.002255485699635,-0.0002282228668548,0.4926233971389405,True,0.4926233971389405,0.538897067679652
3,cci20,-0.5849118515489322,-76.49894903205887,-0.440933774923832,0.5849118515489322,-0.3682447476615476,-88.77083290313175,-0.2448341826373874,0.3682447476615476,True,0.3682447476615476,0.4765782996052399
-3,rsi6,-0.5817528935344783,41.14429606042461,52.495674741685264,0.5817528935344783,-0.3326864322442758,45.21649614002072,50.19174040785436,0.3326864322442758,True,0.3326864322442758,0.4572196628893771
-1,body_pct,-0.5780751793434297,-0.0018082173322542,0.0001539700222742,0.5780751793434297,-0.3481379558919944,-0.0014228308242643,-1.1509386666497257e-05,0.3481379558919944,True,0.3481379558919944,0.4631065676177121
-1,log_ret,-0.5770669655549033,-0.0018099326677075,0.0001540415153296,0.5770669655549033,-0.3474756536810532,-0.0014238440092161,-1.1509452899996182e-05,0.3474756536810532,True,0.3474756536810532,0.46227130961797824
3,bb_z,-0.5732397910278298,-0.8930832954105069,0.0393814632233591,0.5732397910278298,-0.3310955228754356,-0.905413969893515,-0.0568368266127666,0.3310955228754356,True,0.3310955228754356,0.45216765695163275
3,mfi14,-0.571524093418818,38.830927029995,49.69551285388661,0.571524093418818,-0.4305216134858428,41.78946909917533,47.75906077033562,0.4305216134858428,True,0.4305216134858428,0.5010228534523304
-3,close_vs_ema12,-0.5644907365618256,-0.0032644840499423,0.0006141675361091,0.5644907365618256,-0.3832172314351881,-0.0011636343908044,0.0001496558521647,0.3832172314351881,True,0.3832172314351881,0.47385398399850687
3,close_vs_vwap24,-0.5620918918165965,-0.0070802935695941,5.4496934349446136e-05,0.5620918918165965,-0.5330039546502526,-0.0045322023440369,0.0001426029175461,0.5330039546502526,True,0.5330039546502526,0.5475479232334246
-2,stoch_d,-0.5614992530891851,37.57713536217919,55.84367775956778,0.5614992530891851,-0.4188793422815514,39.34942920062605,54.69368111960642,0.4188793422815514,True,0.4188793422815514,0.49018929768536823
3,rsi14,-0.560687385544383,43.685231796668106,50.59514772175736,0.560687385544383,-0.387586435347602,43.67323433672188,49.424521105070745,0.387586435347602,True,0.387586435347602,0.4741369104459925
6,close_vs_ema6,0.5518001679042998,0.0007148792562785,-0.0004909620214293,0.5518001679042998,0.7080390258367031,0.0020638966450965,-0.0001962702662746,0.7080390258367031,True,0.5518001679042998,0.6299195968705014
2,rsi6,-0.5507590770748435,40.23786403927474,50.54004478954753,0.5507590770748435,-0.5107796169996905,38.979002965158514,49.35281290941298,0.5107796169996905,True,0.5107796169996905,0.530769347037267
0,trades_rel72,0.5474182660423242,1.7722076420582913,1.0918051515808227,0.5474182660423242,0.57318227349908,1.9328678711101517,0.991783464725168,0.57318227349908,True,0.5474182660423242,0.5603002697707021
0,macd_pct,-0.5459544820257216,-0.0017233767313153,0.0007083999248002,0.5459544820257216,-0.4731701403380177,-0.0012566731912721,0.0001586912165815,0.4731701403380177,True,0.4731701403380177,0.5095623111818697
-1,close_vs_vwap72,-0.5395010773879371,-0.0044969920335391,0.0051192733343798,0.5395010773879371,-0.3955429253032517,-0.004309267994644,0.0012718455397431,0.3955429253032517,True,0.3955429253032517,0.4675220013455944
2,macd_fast_hist_pct,-0.538237095068879,-0.0009908966315041,-5.420453557998954e-06,0.538237095068879,-0.5270297144022303,-0.0010021941121084,-4.193601233942833e-05,0.5270297144022303,True,0.5270297144022303,0.5326334047355546
-3,bb_z,-0.5382243866473507,-0.7925155018132181,0.1084141312453667,0.5382243866473507,-0.3229978868648701,-0.6296696132191316,0.1002447237700403,0.3229978868648701,True,0.3229978868648701,0.4306111367561104
3,close_vs_ema24,-0.5345867764901392,-0.005603361416154,0.0003820994851392,0.5345867764901392,-0.4655699989606903,-0.0058662719120388,-0.0004111762376143,0.4655699989606903,True,0.4655699989606903,0.5000783877254147
6,macd_signal_pct,-0.5344295456327468,-0.002193761439803,0.0006523850866559,0.5344295456327468,-0.4545332288978259,-0.0014458021703796,-0.0002048539699141,0.4545332288978259,True,0.4545332288978259,0.49448138726528634
6,ema24_slope_6h,-0.5312790581578406,-0.0025389821796985,0.0003638597726874,0.5312790581578406,-0.4132767422890747,-0.0024929214651511,-0.0001839647899921,0.4132767422890747,True,0.4132767422890747,0.4722779002234576
-1,mfi14,-0.5309093391230646,37.81918203903776,51.49083941564231,0.5309093391230646,-0.5059379417865442,39.556201205957,51.53939414761483,0.5059379417865442,True,0.5059379417865442,0.5184236404548044
5,macd_signal_pct,-0.5304435139681125,-0.0021402903003076,0.0006639564867913,0.5304435139681125,-0.4623778187189115,-0.0015289186695975,-7.432119463376094e-05,0.4623778187189115,True,0.4623778187189115,0.496410666343512
2,stoch_k,-0.5261078816191157,35.799123360154944,53.16241204340503,0.5261078816191157,-0.4095452041232749,32.68000208094888,52.32973690480232,0.4095452041232749,True,0.4095452041232749,0.4678265428711953
-1,close_vs_ema72,-0.5257582917309516,-0.0049630558468166,0.0038282581458953,0.5257582917309516,-0.4649022110765223,-0.0063174023714613,-0.0001505715419563,0.4649022110765223,True,0.4649022110765223,0.49533025140373693
2,close_vs_vwap72,-0.5256077588466976,-0.0072416054731241,0.0035458415787951,0.5256077588466976,-0.4899114255297748,-0.0065839231242794,-0.000614070715397,0.4899114255297748,True,0.4899114255297748,0.5077595921882362
0,range_pct,0.5243578963209458,0.0112409482279234,0.0072616683351353,0.5243578963209458,0.5838779771912077,0.0094751355934687,0.0054497085318305,0.5838779771912077,True,0.5243578963209458,0.5541179367560767
-3,ema6_slope_3h,-0.5226738029959443,-0.0011196735054147,0.0001993426163798,0.5226738029959443,-0.3041116570239665,-0.0009410942578419,0.0001333307682633,0.3041116570239665,True,0.3041116570239665,0.4133927300099554
2,close_vs_ema72,-0.5225717447837361,-0.0057452715901302,0.0019906710816196,0.5225717447837361,-0.5393224134941076,-0.009423317193754,-0.0009064788161675,0.5393224134941076,True,0.5225717447837361,0.5309470791389219
6,macd_pct,-0.521563863771395,-0.0021713963008379,0.0004265657308027,0.521563863771395,-0.4049564588551067,-0.0021556223376998,-0.0002731550432338,0.4049564588551067,True,0.4049564588551067,0.4632601613132509
-3,stoch_k,-0.5209275224481148,36.514885735749445,56.52701315734524,0.5209275224481148,-0.3502428892165846,39.84884348656579,52.89474182254045,0.3502428892165846,True,0.3502428892165846,0.4355852058323497
3,rsi24,-0.519710773775858,46.41561475772862,50.82281230419326,0.519710773775858,-0.3677581371004526,45.90865312428334,49.46092741509989,0.3677581371004526,True,0.3677581371004526,0.44373445543815526
3,close_vs_ema48,-0.5186802815413162,-0.0051121596791274,0.0012071767326464,0.5186802815413162,-0.4646683415715272,-0.0068055503988219,-0.0005756148019134,0.4646683415715272,True,0.4646683415715272,0.4916743115564217
2,close_vs_ema12,-0.5183633533436721,-0.0038910465321951,0.0001245239993913,0.5183633533436721,-0.568285492886242,-0.004421411839239,-7.298908457509246e-05,0.568285492886242,True,0.5183633533436721,0.543324423114957
-2,macd_hist_pct,-0.5156008235219612,-0.0007903922358699,-0.0001255787442985,0.5156008235219612,-0.4591354719684218,-0.0005812389456255,6.738283473704144e-05,0.4591354719684218,True,0.4591354719684218,0.48736814774519155
2,taker_share,0.5149250802278335,0.5187643523180228,0.4860353776015192,0.5149250802278335,0.0161964441692088,0.4829832011232975,0.4895917957996678,0.0161964441692088,True,0.0161964441692088,0.26556076219852115
5,macd_fast_hist_pct,0.5098053031464989,9.936997684877426e-05,-0.0003078687111573,0.5098053031464989,0.4976058322990789,0.0001690994679187,-0.0002619133775721,0.4976058322990789,True,0.4976058322990789,0.5037055677227888
4,macd_signal_pct,-0.5093487101977556,-0.0018619938400681,0.0006447546103272,0.5093487101977556,-0.4492589347021546,-0.0012742333145801,-2.871501371704204e-05,0.4492589347021546,True,0.4492589347021546,0.4793038224499551
0,volume_rel72,0.4999504474807729,1.896174674271696,1.0819382250559433,0.4999504474807729,0.5843554289591435,2.055997077921304,0.9954891799150152,0.5843554289591435,True,0.4999504474807729,0.5421529382199581
4,mfi14,-0.4909982833489817,39.85860775767819,49.21156945137636,0.4909982833489817,-0.360565173967108,42.9702180876096,48.40177482571938,0.360565173967108,True,0.360565173967108,0.42578172865804487
-3,cci20,-0.4896001901961553,-62.96114227424343,11.19379659547034,0.4896001901961553,-0.2828727738006404,-46.87890095954256,6.295540647232535,0.2828727738006404,True,0.2828727738006404,0.3862364819983979
-3,close_vs_vwap24,-0.4880629935330418,-0.0040470838707929,0.0015284485290735,0.4880629935330418,-0.3682103020351294,-0.0014857326965556,0.0010824748412714,0.3682103020351294,True,0.3682103020351294,0.42813664778408556
2,body_pct,0.4873377290592866,0.0014838359849633,-0.0003979000534101,0.4873377290592866,0.1788963890921866,7.726328752943878e-05,7.353251697028718e-05,0.1788963890921866,True,0.1788963890921866,0.3331170590757366
2,log_ret,0.4872489814858137,0.0014827361722929,-0.0003979250505658,0.4872489814858137,0.1775348465868577,7.7260302875374e-05,7.352981358728475e-05,0.1775348465868577,True,0.1775348465868577,0.3323919140363357
-2,close_vs_ema48,-0.4800533247619831,-0.004087661872253,0.0024289334524183,0.4800533247619831,-0.4308056024736502,-0.0022210006627977,0.0008518176548752,0.4308056024736502,True,0.4308056024736502,0.45542946361781667
-2,rsi24,-0.4799436903651976,47.34001710773258,51.68623798290304,0.4799436903651976,-0.3525984541962307,48.40141805412385,50.64208443157857,0.3525984541962307,True,0.3525984541962307,0.41627107228071414
-1,ema24_slope_6h,-0.4791464514279815,-0.0014076988185359,0.0006488584507445,0.4791464514279815,-0.3967192337049401,-0.0007524829207921,0.0001921489019616,0.3967192337049401,True,0.3967192337049401,0.4379328425664608
-3,close_vs_ema24,-0.4765371326471636,-0.0033939478491012,0.0008649450374255,0.4765371326471636,-0.3469722380424594,-0.0010904664634345,0.0002217746016286,0.3469722380424594,True,0.3469722380424594,0.4117546853448115
6,ema6_slope_3h,0.4764408347692621,0.0005626057743947,-0.0004423908965621,0.4764408347692621,0.5820755755492868,0.0010651649896147,-0.0002752650813298,0.5820755755492868,True,0.4764408347692621,0.5292582051592745
4,macd_hist_pct,-0.473632216337969,-0.0009445506741347,-0.0001894287935213,0.473632216337969,-0.4072165298632721,-0.0005493075194363,-0.0001033047542735,0.4072165298632721,True,0.4072165298632721,0.44042437310062055
3,macd_signal_pct,-0.4711527854712167,-0.0013248277016144,0.0007156475168714,0.4711527854712167,-0.4188511144585588,-0.0011825914598403,0.0001037418411179,0.4188511144585588,True,0.4188511144585588,0.44500194996488773
-2,body_pct,-0.4667873601711638,-0.001559760404631,0.0006138751220144,0.4667873601711638,-0.4838214550633544,-0.0011340006015134,0.000672858020196,0.4838214550633544,True,0.4667873601711638,0.4753044076172591
3,close_vs_vwap72,-0.4665131867183164,-0.0062668618573727,0.0040634807839221,0.4665131867183164,-0.3968978810934617,-0.0057649217157822,-0.0008537300501606,0.3968978810934617,True,0.3968978810934617,0.43170553390588906
-3,macd_fast_hist_pct,-0.4656716637633872,-0.0008004745517969,-7.219111382191779e-05,0.4656716637633872,-0.2779622180558969,-0.0001282762428943,1.6074000969249436e-05,0.2779622180558969,True,0.2779622180558969,0.371816940909642
-2,log_ret,-0.4650972034152533,-0.0015609064627986,0.000613686777051,0.4650972034152533,-0.4824821776978371,-0.001134526675328,0.0006725131247361,0.4824821776978371,True,0.4650972034152533,0.4737896905565452
3,close_vs_ema72,-0.462003440599635,-0.0058375126020951,0.0018608671840792,0.462003440599635,-0.4470401296545086,-0.0068840814594359,-0.0011576730643712,0.4470401296545086,True,0.4470401296545086,0.4545217851270718
4,rsi14,-0.458192906935828,44.93850722568435,50.86211439751707,0.458192906935828,-0.2761357703260665,44.5759750963582,48.89094725114334,0.2761357703260665,True,0.2761357703260665,0.3671643386309472
4,rsi24,-0.4501337919369497,45.85451053783113,51.00859254775425,0.4501337919369497,-0.2888382395024702,46.259600439344936,49.07928879908133,0.2888382395024702,True,0.2888382395024702,0.36948601571970996
2,close_location,0.4471174828025457,0.6595145595846632,0.4568689868734433,0.4471174828025457,0.1218830846167555,0.5550354856968673,0.4997954452475092,0.1218830846167555,True,0.1218830846167555,0.2845002837096506
4,stoch_d,-0.446556097967489,38.24581432222273,52.82537316633595,0.446556097967489,-0.278205042186741,37.78373201594534,52.794462061749705,0.278205042186741,True,0.278205042186741,0.362380570077115
5,mfi14,-0.4450490512379116,39.367630697409616,48.35529218210655,0.4450490512379116,-0.2793110054944587,41.437087141991206,49.01451344187707,0.2793110054944587,True,0.2793110054944587,0.3621800283661851
4,close_vs_ema48,-0.4445863570876605,-0.0067167384600453,0.0014812120779323,0.4445863570876605,-0.3737211079670025,-0.0063805823439144,-0.0010256850860339,0.3737211079670025,True,0.3737211079670025,0.40915373252733145
1,close_location,0.4441630704828533,0.7314143878879249,0.504411095095229,0.4441630704828533,0.3877542400030176,0.6523445998997318,0.4983217304823218,0.3877542400030176,True,0.3877542400030176,0.41595865524293546
4,close_vs_vwap24,-0.4427031136712231,-0.0060942398509499,0.0006888381982147,0.4427031136712231,-0.3966763951531321,-0.0041023604996044,0.0002894470753989,0.3966763951531321,True,0.3966763951531321,0.4196897544121776
6,ema72_slope_12h,-0.4382529687826725,-0.0012489635412395,0.000734185147123,0.4382529687826725,-0.4143158741324261,-0.0020393478190749,-0.0001990524371803,0.4143158741324261,True,0.4143158741324261,0.4262844214575493
-3,rsi14,-0.435724583273714,45.74355385266946,51.283019191012215,0.435724583273714,-0.2483247849463931,47.83054911027507,50.57795455240652,0.2483247849463931,True,0.2483247849463931,0.34202468411005355
5,close_vs_ema6,0.4331558781743855,0.0002601412231139,-0.0002734083874408,0.4331558781743855,0.4626995850494179,0.0007057618560608,-0.0003630049838148,0.4626995850494179,True,0.4331558781743855,0.4479277316119017
5,ema72_slope_12h,-0.4247636215146429,-0.0011406364906751,0.0007797458857392,0.4247636215146429,-0.4203553466659502,-0.0020607920942808,-0.0001283982435594,0.4203553466659502,True,0.4203553466659502,0.42255948409029653
2,macd_signal_pct,-0.4200197920691948,-0.0009230816822787,0.0006998997547713,0.4200197920691948,-0.3759277320681735,-0.0011009247920813,0.0002788240805736,0.3759277320681735,True,0.3759277320681735,0.3979737620686842
-4,close_vs_ema6,-0.4161776409927497,-0.000367571242945,0.0001790197713077,0.4161776409927497,-0.2722579948278287,-0.0004276800795789,0.0002055962591243,0.2722579948278287,True,0.2722579948278287,0.34421781791028916
4,close_vs_vwap72,-0.414939687123735,-0.0079638809930612,0.0039739763930032,0.414939687123735,-0.3335216420862937,-0.0069184005767177,-0.0007987910616749,0.3335216420862937,True,0.3335216420862937,0.37423066460501436
4,close_vs_ema24,-0.4134061692763913,-0.0048152996602252,0.0004763382211933,0.4134061692763913,-0.3200455456022115,-0.0044290082529909,-0.0006425719618773,0.3200455456022115,True,0.3200455456022115,0.3667258574393014
4,bb_z,-0.4130978373946469,-0.7532488299080999,-0.0088443419384389,0.4130978373946469,-0.2030140932841977,-0.7128622881968248,-0.0772873438412502,0.2030140932841977,True,0.2030140932841977,0.3080559653394223
-2,close_vs_vwap72,-0.4087870223447994,-0.004229007078228,0.0039967965366933,0.4087870223447994,-0.3295962412573922,-0.002940955062733,0.0012216984425188,0.3295962412573922,True,0.3295962412573922,0.3691916318010958
4,close_vs_ema72,-0.4063075447775782,-0.0063358700403731,0.0021147029478886,0.4063075447775782,-0.3758745616341414,-0.0072766197049162,-0.0013706500725769,0.3758745616341414,True,0.3758745616341414,0.3910910532058598
3,stoch_k,-0.4035178638536511,38.40318591175766,51.83745461056721,0.4035178638536511,-0.2211551471835523,36.71148706734866,52.00412721534377,0.2211551471835523,True,0.2211551471835523,0.3123365055186017
4,ema72_slope_12h,-0.4024599676951863,-0.0009634552881247,0.0009279598832198,0.4024599676951863,-0.4133587029215664,-0.0019679214172395,-0.0002611786502697,0.4133587029215664,True,0.4024599676951863,0.40790933530837636
-2,close_vs_ema72,-0.4012885179221068,-0.0028787398386351,0.0032342066201378,0.4012885179221068,-0.3980408399754722,-0.0043350257402929,0.0002765347424957,0.3980408399754722,True,0.3980408399754722,0.3996646789487895
-2,taker_share,-0.39963528764359,0.4763287266743314,0.4981121274355945,0.39963528764359,-0.2686869412039026,0.4800883599632065,0.4950771558411753,0.2686869412039026,True,0.2686869412039026,0.3341611144237463
3,taker_share,0.3967474068052875,0.5155301280099829,0.4901267362088173,0.3967474068052875,0.2145296968484284,0.4840664770484786,0.472540410611301,0.2145296968484284,True,0.2145296968484284,0.30563855182685795
-4,close_vs_ema12,-0.3947477675336576,-0.0005191119889837,0.0004090020947438,0.3947477675336576,-0.3060027722816145,-0.0012884530015008,4.724585237259049e-05,0.3060027722816145,True,0.3060027722816145,0.350375269907636
4,cci20,-0.3927646464532461,-68.4873432889699,6.637010134953726,0.3927646464532461,-0.2082420776000248,-62.599403219501006,-9.85378161268435,0.2082420776000248,True,0.2082420776000248,0.30050336202663547
-1,macd_pct,-0.3899620488622574,-0.0009189857028852,0.0006890388556073,0.3899620488622574,-0.3384429578461014,-0.000761531941397,0.0003768811853367,0.3384429578461014,True,0.3384429578461014,0.36420250335417936
0,lower_wick,-0.3795917712252304,0.1738182832583617,0.2453086847577834,0.3795917712252304,-0.2954651123688236,0.213530244790621,0.2528549423699832,0.2954651123688236,True,0.2954651123688236,0.337528441797027
3,rsi6,-0.377360904024785,42.70846973553386,49.68890026908031,0.377360904024785,-0.2428096438923475,42.65312740071739,48.85954716983492,0.2428096438923475,True,0.2428096438923475,0.3100852739585662
-3,macd_hist_pct,-0.3767280875031442,-0.0006516419409166,-8.74599795636819e-05,0.3767280875031442,-0.3642318616365572,-0.0002807224532595,1.1151944527975746e-05,0.3642318616365572,True,0.3642318616365572,0.3704799745698507
6,taker_share,0.3750763493904786,0.5113770135612619,0.4883806530600713,0.3750763493904786,0.2669430402469501,0.5063545929444547,0.4804215929242811,0.2669430402469501,True,0.2669430402469501,0.32100969481871433
3,ema72_slope_12h,-0.3723308963079263,-0.0008895953282815,0.0011980744003576,0.3723308963079263,-0.3966529066063353,-0.0017750608047334,-0.0001350423751439,0.3966529066063353,True,0.3723308963079263,0.3844919014571308
-3,body_pct,-0.3697847404869812,-0.0014587223001622,0.0003371744271544,0.3697847404869812,-0.209749760602918,-0.000681044248398,-7.091322487084994e-05,0.209749760602918,True,0.209749760602918,0.28976725054494956
-3,log_ret,-0.3691049085105656,-0.0014597872844101,0.0003371330393812,0.3691049085105656,-0.2088846060069966,-0.000681362070632,-7.08209355514614e-05,0.2088846060069966,True,0.2088846060069966,0.2889947572587811
5,log_ret,0.3658964629070247,0.000228286546918,-0.0001870660772427,0.3658964629070247,0.3898860184460632,0.0012267211562068,-9.29702928808104e-05,0.3898860184460632,True,0.3658964629070247,0.37789124067654395
5,body_pct,0.3648336741482577,0.000228240850716,-0.0001870424149524,0.3648336741482577,0.3906070154054118,0.0012274738863695,-9.29659712770592e-05,0.3906070154054118,True,0.3648336741482577,0.37772034477683475
-3,close_vs_ema48,-0.3636572093297868,-0.0027233315119052,0.0018786415004681,0.3636572093297868,-0.2933790942711191,-0.0015195859589992,0.0009370247695656,0.2933790942711191,True,0.2933790942711191,0.32851815180045296
-4,ema6_slope_3h,-0.3551409357233014,-0.0006620917155223,0.0001410785787513,0.3551409357233014,-0.2430079410068809,-0.0003875735646852,8.22641507558508e-06,0.2430079410068809,True,0.2430079410068809,0.2990744383650912
1,macd_signal_pct,-0.3547297945598279,-0.0006513184677753,0.0008685882942573,0.3547297945598279,-0.3172338854493013,-0.0009665746545978,0.0002951559755755,0.3172338854493013,True,0.3172338854493013,0.3359818400045646
5,rsi24,-0.351537145805982,46.5918841044602,50.427641574365936,0.351537145805982,-0.166456435611931,47.75960168322334,48.91057084501527,0.166456435611931,True,0.166456435611931,0.2589967907089565
-2,close_location,-0.3499511524753836,0.4124243718593821,0.5712436860939426,0.3499511524753836,-0.3082320227265704,0.3539731862299957,0.503353017715946,0.3082320227265704,True,0.3082320227265704,0.329091587600977
-2,ema24_slope_6h,-0.3498863440129881,-0.0009596564575886,0.0004485339582545,0.3498863440129881,-0.3253284980644485,-0.0005533505786967,0.0001005355083865,0.3253284980644485,True,0.3253284980644485,0.3376074210387183
-3,rsi24,-0.3448860719940752,48.37144985406098,51.46907817821389,0.3448860719940752,-0.1970788984611925,48.376917323013366,50.617213287594446,0.1970788984611925,True,0.1970788984611925,0.27098248522763385
6,close_location,0.3427516840118144,0.6412093639484651,0.4641461782736753,0.3427516840118144,0.4414969791523118,0.7741083223249154,0.5144511555932675,0.4414969791523118,True,0.3427516840118144,0.39212433158206306
-3,stoch_d,-0.3413254283839136,40.69647483977852,54.260574305665386,0.3413254283839136,-0.304039499674287,39.54019306294522,51.54657301033942,0.304039499674287,True,0.304039499674287,0.3226824640291003
-5,close_vs_ema6,-0.3378047301863262,-0.000418745728379,5.544870334384111e-05,0.3378047301863262,-0.1752720521910434,-0.0006757833761986,4.3501245825083856e-05,0.1752720521910434,True,0.1752720521910434,0.25653839118868477
-4,close_vs_ema24,-0.3364078585684438,-0.0019226686290406,0.0009439396363046,0.3364078585684438,-0.278077640808449,-0.0007088798497904,0.0005732961686137,0.278077640808449,True,0.278077640808449,0.3072427496884464
2,ema72_slope_12h,-0.3360210842066617,-0.0006541437074803,0.0011349414794572,0.3360210842066617,-0.3730202040102774,-0.0013981069952578,-4.2354404760858166e-05,0.3730202040102774,True,0.3360210842066617,0.35452064410846956
3,close_vs_ema12,-0.3343135016601266,-0.0034270210193146,-7.257155837103735e-05,0.3343135016601266,-0.2970496646199976,-0.0024809932245553,-0.0002993127615326,0.2970496646199976,True,0.2970496646199976,0.3156815831400621
-4,close_vs_vwap24,-0.3327083987136456,-0.0027948615535826,0.0009926821769173,0.3327083987136456,-0.3007278667396452,-0.0009660669766916,0.0008122619208206,0.3007278667396452,True,0.3007278667396452,0.3167181327266454
5,close_vs_ema48,-0.3316666450544706,-0.0053787972003749,0.0008035516310284,0.3316666450544706,-0.2526879488509851,-0.0032178269517114,-0.0015837815087355,0.2526879488509851,True,0.2526879488509851,0.29217729695272787
-2,mfi14,-0.3307853780472288,40.7866442064858,50.8182139148816,0.3307853780472288,-0.4340016931505587,41.13439004542657,50.74130677133719,0.4340016931505587,True,0.3307853780472288,0.3823935355988938
6,mfi14,-0.3269454339392209,41.69455178933024,47.421490509034825,0.3269454339392209,-0.1506031393380989,45.16051653392325,49.054905079225065,0.1506031393380989,True,0.1506031393380989,0.2387742866386599
-4,macd_fast_hist_pct,-0.3267327256663777,-0.0005529901526444,-0.0001381957843607,0.3267327256663777,-0.234391150370818,-0.0001619151379441,9.412689651566178e-06,0.234391150370818,True,0.234391150370818,0.28056193801859786
5,close_vs_vwap72,-0.3265067355798342,-0.0066884091425297,0.0023332435472859,0.3265067355798342,-0.2413433131703615,-0.0047240441804236,-0.0013526875155706,0.2413433131703615,True,0.2413433131703615,0.2839250243750978
-4,bb_z,-0.3264352657789842,-0.3952551532542041,0.0679515543165118,0.3264352657789842,-0.1949060342443256,-0.3843342021382171,0.0275038413150512,0.1949060342443256,True,0.1949060342443256,0.2606706500116549
5,rsi14,-0.3245475982945689,45.33236199234816,49.80957903030334,0.3245475982945689,-0.1110710233623038,46.30735686995334,48.52596801981287,0.1110710233623038,True,0.1110710233623038,0.21780931082843635
5,close_vs_ema72,-0.3201723484708276,-0.0059271688143835,0.0014831472746846,0.3201723484708276,-0.2804341148976792,-0.0052398642157011,-0.0020847030815751,0.2804341148976792,True,0.2804341148976792,0.30030323168425344
-4,rsi6,-0.3185769064589641,47.45030347196702,51.11442789279515,0.3185769064589641,-0.220888745503028,45.68880931825848,50.38134947853802,0.220888745503028,True,0.220888745503028,0.269732825980996
-4,cci20,-0.3136805117133119,-29.29943220309328,7.751985490340754,0.3136805117133119,-0.1525766277024041,-32.04277774381501,0.6742158700387066,0.1525766277024041,True,0.1525766277024041,0.233128569707858
5,stoch_d,-0.3124728062046371,38.74329629342211,51.80988469705278,0.3124728062046371,-0.0986659466364986,42.50471267487955,51.06066499499644,0.0986659466364986,True,0.0986659466364986,0.20556937642056783
5,upper_wick,0.3118449575750124,0.3016521137997082,0.1982692900214486,0.3118449575750124,0.0793891827847438,0.2497460991598244,0.2321445419378847,0.0793891827847438,True,0.0793891827847438,0.19561707017987812
4,stoch_k,-0.3094020290911192,40.78255919825335,51.43320488597036,0.3094020290911192,-0.1292717244678055,40.53814227232008,49.66358338372105,0.1292717244678055,True,0.1292717244678055,0.21933687677946234
3,ema6_slope_3h,-0.3092158791510287,-0.0018887294236028,-0.0001414894575795,0.3092158791510287,-0.3721296754786812,-0.0027025563586148,-0.0001393906811923,0.3721296754786812,True,0.3092158791510287,0.34067277731485496
0,upper_wick,-0.3072457591706881,0.1186267166895931,0.1917882460002687,0.3072457591706881,-0.2541441244814058,0.148583554547881,0.1904969129926523,0.2541441244814058,True,0.2541441244814058,0.28069494182604693
-3,close_vs_vwap72,-0.3066851339178162,-0.00206792303436,0.003689948375521,0.3066851339178162,-0.2141586330442172,-0.0005133667063123,0.0013213016345272,0.2141586330442172,True,0.2141586330442172,0.2604218834810167
-5,close_vs_ema12,-0.3059473884104085,-0.0008915195639637,0.0002890853972689,0.3059473884104085,-0.2328792979049292,-0.0008912885954678,0.0003816701831647,0.2328792979049292,True,0.2328792979049292,0.26941334315766885
-23,lower_wick,-0.3032118231653583,0.1944503761123157,0.2778379204248425,0.3032118231653583,-0.0387838065240434,0.2653595173602555,0.2495149816770823,0.0387838065240434,True,0.0387838065240434,0.17099781484470084
-3,close_vs_ema72,-0.3022303147804437,-0.0016704821290097,0.0033521396977627,0.3022303147804437,-0.2817535046985398,-0.0022193329107447,-4.012122326235712e-05,0.2817535046985398,True,0.2817535046985398,0.29199190973949174
-1,trades_rel72,0.3005460774646799,1.3489901026826383,1.040016508377868,0.3005460774646799,0.3369900153135063,1.512266789910243,1.0272898273409616,0.3369900153135063,True,0.3005460774646799,0.31876804638909306
-1,close_location,-0.2956654162950556,0.3955837416501762,0.498965733350847,0.2956654162950556,-0.254611934206958,0.3476589097608402,0.4916511055181208,0.254611934206958,True,0.254611934206958,0.27513867525100677
1,trades_rel72,0.2930601823896402,1.4288942766236516,1.055100187369436,0.2930601823896402,0.5860851631410757,1.5870640418489803,1.0093921425105477,0.5860851631410757,True,0.2930601823896402,0.43957267276535794
5,ema6_slope_3h,0.2922845932525585,-0.0001977214815285,-0.0002511612938522,0.2922845932525585,0.3284977022666653,0.0002580219652246,-0.0003353772044608,0.3284977022666653,True,0.2922845932525585,0.3103911477596119
1,ema72_slope_12h,-0.2920351390516578,0.0001240421682908,0.0010730469552309,0.2920351390516578,-0.3360940081886875,-0.0010660463924919,2.64388811788141e-05,0.3360940081886875,True,0.2920351390516578,0.31406457362017265
1,volume_rel72,0.2893964406931421,1.5491183912933095,1.0817129756069666,0.2893964406931421,0.5607290615647319,1.6446926334214822,1.036802690285209,0.5607290615647319,True,0.2893964406931421,0.425062751128937
1,range_pct,0.2889844148406186,0.0093818227310858,0.0069972598483557,0.2889844148406186,0.510298067862161,0.0084770598508141,0.005474767488802,0.510298067862161,True,0.2889844148406186,0.3996412413513898
-2,macd_pct,-0.2872960459477441,-0.0005240962202104,0.0006625740391109,0.2872960459477441,-0.2667096557426215,-0.0005852986686936,0.0003557457208569,0.2667096557426215,True,0.2667096557426215,0.27700285084518284
-5,body_pct,-0.2867572821648138,-0.0002059880329127,2.491889428735128e-05,0.2867572821648138,-0.0592250978284831,-0.0005555717266249,-9.492627768714625e-05,0.0592250978284831,True,0.0592250978284831,0.17299118999664845
-5,log_ret,-0.2862146699498004,-0.0002060095457058,2.4918581670071437e-05,0.2862146699498004,-0.060006543333402,-0.0005556115156463,-9.493078347139114e-05,0.060006543333402,True,0.060006543333402,0.1731106066416012
-3,close_location,-0.2797263733572328,0.4001607831831228,0.5278441583850325,0.2797263733572328,-0.0955420367369667,0.4708814192897656,0.5122607732529739,0.0955420367369667,True,0.0955420367369667,0.18763420504709977
0,macd_signal_pct,-0.2796889404507224,-0.0003226035389286,0.0006902674635712,0.2796889404507224,-0.2509425612908927,-0.0003945093451567,0.0001898269114952,0.2509425612908927,True,0.2509425612908927,0.26531575087080755
-4,rsi14,-0.2741728701985604,48.11598034120948,51.17998749198968,0.2741728701985604,-0.1714987620926479,48.69384457865484,50.94016147212327,0.1714987620926479,True,0.1714987620926479,0.22283581614560416
-1,range_pct,0.2741551596454167,0.0084454820275013,0.0070053363381615,0.2741551596454167,0.1967048421927686,0.0069287117442948,0.0058683441178273,0.1967048421927686,True,0.1967048421927686,0.23543000091909266
6,body_pct,0.2724043977012238,0.001592145305202,-0.0002798734553864,0.2724043977012238,0.5058298737523291,0.0015869231485443,4.41197710736585e-05,0.5058298737523291,True,0.2724043977012238,0.3891171357267765
6,log_ret,0.2720836339974314,0.0015908723189823,-0.0002800623037901,0.2720836339974314,0.5073217764667484,0.001585754244722,4.411879782518493e-05,0.5073217764667484,True,0.2720836339974314,0.3897027052320899
-1,taker_share,-0.2709427414428943,0.4717774182140889,0.4951729818439231,0.2709427414428943,-0.2491140549738903,0.4622555635474097,0.4810577485339525,0.2491140549738903,True,0.2491140549738903,0.2600283982083923
1,taker_share,0.2702029171407175,0.504122737420577,0.4896328752401476,0.2702029171407175,0.1864275320637325,0.4995728497266849,0.4842055622742994,0.1864275320637325,True,0.1864275320637325,0.22831522460222498
-4,stoch_k,-0.2640281533502007,46.72505401987912,53.27145257756905,0.2640281533502007,-0.2647516248077898,40.75582284887075,53.17091641553372,0.2647516248077898,True,0.2640281533502007,0.26438988907899524
-4,macd_hist_pct,-0.2625883343757548,-0.0004962696121235,-1.4312913765844184e-05,0.2625883343757548,-0.3309110062824411,-0.0003376858287769,2.634125951006656e-05,0.3309110062824411,True,0.2625883343757548,0.29674967032909794
3,log_ret,0.2601071095330535,0.0006607484278286,-0.0001879320531326,0.2601071095330535,0.4755701345535308,0.0012755744802913,-0.0001114816812947,0.4755701345535308,True,0.2601071095330535,0.36783862204329215
3,body_pct,0.2596662753925865,0.0006609668085213,-0.0001878628760597,0.2596662753925865,0.4750984202982483,0.0012763883714415,-0.000111475467443,0.4750984202982483,True,0.2596662753925865,0.3673823478454174
-19,lower_wick,0.2578495644069491,0.2877493432257636,0.2265309869382664,0.2578495644069491,0.2555836458970463,0.2286383285302707,0.2055192772161943,0.2555836458970463,True,0.2555836458970463,0.2567166051519977
-4,close_vs_ema48,-0.2577925393072983,-0.00091991827472,0.0022059888339871,0.2577925393072983,-0.2359207608100774,-0.0016482285653321,0.0006446428036217,0.2359207608100774,True,0.2359207608100774,0.24685665005868784
6,close_vs_vwap72,-0.2571937147711424,-0.0053252215085685,0.0032538392742668,0.2571937147711424,-0.0750060866877875,-0.0015597366936268,-0.0005659805636984,0.0750060866877875,True,0.0750060866877875,0.16609990072946496
-5,close_vs_ema24,-0.2552017378957842,-0.0009769900952065,0.0004518082252844,0.2552017378957842,-0.2208476951224454,-0.0015375726531707,0.0002448645416939,0.2208476951224454,True,0.2208476951224454,0.2380247165091148
-5,close_vs_vwap24,-0.2547805166376238,-0.000738455513065,0.0004729970761148,0.2547805166376238,-0.2389565746548519,-0.0015413626055624,0.0008122619208206,0.2389565746548519,True,0.2389565746548519,0.24686854564623784
-24,taker_share,0.2538825131559489,0.5053476813105,0.4912584216131386,0.2538825131559489,0.0613003238818625,0.4894317333494704,0.4766690381905823,0.0613003238818625,True,0.0613003238818625,0.1575914185189057
-3,ema24_slope_6h,-0.2537183535784429,-0.0007190813911364,0.00043520880231,0.2537183535784429,-0.2695859147638993,-0.0005629001179334,-2.9478151916340067e-05,0.2695859147638993,True,0.2537183535784429,0.2616521341711711
5,close_vs_vwap24,-0.2504756168627952,-0.0050320997111145,-0.0003694293355612,0.2504756168627952,-0.20439709202362,-0.0025159916375293,0.0001115792197829,0.20439709202362,True,0.20439709202362,0.2274363544432076
-5,ema6_slope_3h,-0.2474845837981237,-0.0004367871259849,7.90752844345155e-05,0.2474845837981237,-0.2258802427841066,-0.0004367056840925,0.0003029484430707,0.2258802427841066,True,0.2258802427841066,0.23668241329111514
-4,body_pct,-0.2443652528958457,-0.0005416281096174,-3.222041865641456e-05,0.2443652528958457,-0.1966663098213324,-0.0004289641865052,-5.694436535508274e-05,0.1966663098213324,True,0.1966663098213324,0.22051578135858907
6,close_vs_ema72,-0.2443168215923586,-0.0049835140658099,0.0009644167312495,0.2443168215923586,-0.1088453084800726,-0.0030998225785567,-0.0020416598054784,0.1088453084800726,True,0.1088453084800726,0.1765810650362156
-4,log_ret,-0.2442339968954512,-0.000541696058589,-3.2307671076444835e-05,0.2442339968954512,-0.1953372100130283,-0.0004289597781668,-5.694598674700863e-05,0.1953372100130283,True,0.1953372100130283,0.21978560345423975
6,trades_rel72,-0.2431626722133409,0.9462874818637024,1.0318064497838764,0.2431626722133409,0.0233377147542428,1.0862555756929944,0.9616676417690524,0.0233377147542428,False,0.0233377147542428,0.13325019348379186
-1,volume_rel72,0.2429335690040399,1.3547344290861276,1.089345468768082,0.2429335690040399,0.3423155002619588,1.220437240373984,1.021754946443964,0.3423155002619588,True,0.2429335690040399,0.2926245346329993
-3,taker_share,-0.2409538654666675,0.4776271722156794,0.493584109387862,0.2409538654666675,-0.0284423495803213,0.4873704958519352,0.474506150916672,0.0284423495803213,True,0.0284423495803213,0.1346981075234944
-5,macd_fast_hist_pct,-0.2384697002100015,-0.0005721847760455,-9.5542065013074e-05,0.2384697002100015,-0.2218719779635168,-0.0002047710452714,-1.6025938241532718e-05,0.2218719779635168,True,0.2218719779635168,0.23017083908675914
0,ema72_slope_12h,-0.2379548678019353,0.0003834380662448,0.0010386504935512,0.2379548678019353,-0.2901215822036656,-0.0009536061388317,2.748102904570615e-06,0.2901215822036656,True,0.2379548678019353,0.26403822500280044
6,rsi24,-0.2369078719030394,47.45883558874202,50.32940333088089,0.2369078719030394,0.023362243452605,48.77545736678142,48.93831198670078,0.023362243452605,False,0.023362243452605,0.1301350576778222
6,close_vs_ema48,-0.2353389887537063,-0.0041116521559027,0.0004780132085673,0.2353389887537063,-0.0394104862858723,-0.0016571808650019,-0.0013388161678092,0.0394104862858723,True,0.0394104862858723,0.1373747375197893
6,close_vs_ema12,0.2347282141200338,-0.0003106870531104,-0.0006870172706279,0.2347282141200338,0.4769622169730476,0.0021284294629229,-0.0003795276065003,0.4769622169730476,True,0.2347282141200338,0.3558452155465407
5,close_vs_ema24,-0.2328270094676927,-0.0038971683995006,-0.0002154643594766,0.2328270094676927,-0.13807460915129,-0.00328481101525,-0.0010546747953112,0.13807460915129,True,0.13807460915129,0.18545080930949134
-2,bb_width,-0.2324840063941126,0.0258788297250157,0.0303656743507573,0.2324840063941126,-0.0537686536544674,0.0235976152749938,0.027889182699958,0.0537686536544674,True,0.0537686536544674,0.14312633002429
4,rsi6,-0.2320975054389524,45.49940280975813,49.3365986543502,0.2320975054389524,-0.0807256778345432,45.68981644075645,48.48622298285097,0.0807256778345432,True,0.0807256778345432,0.1564115916367478
-3,bb_width,-0.2306166133704329,0.0255393628257706,0.0305426767887657,0.2306166133704329,-0.0581885251001275,0.0231166703556203,0.0264574741188433,0.0581885251001275,True,0.0581885251001275,0.1444025692352802
-19,taker_share,-0.2289670683039893,0.4823206879594017,0.4915585553736584,0.2289670683039893,-0.1409942951466236,0.4675676884007088,0.4825568757510307,0.1409942951466236,True,0.1409942951466236,0.18498068172530646
-1,lower_wick,0.2288212832125977,0.2692530879157758,0.2244174254569664,0.2288212832125977,0.2511281828389369,0.2753417990354526,0.2155960427951101,0.2511281828389369,True,0.2288212832125977,0.2399747330257673
4,close_vs_ema6,0.2281656241420107,0.0001327990341605,-0.0002149262638657,0.2281656241420107,0.2500738257147694,0.0001000912156927,-0.0003659172391878,0.2500738257147694,True,0.2281656241420107,0.23911972492839004
-4,rsi24,-0.2276058912485481,49.47325568194232,51.49171142604023,0.2276058912485481,-0.1402699683672247,48.36306224695978,50.51842522714576,0.1402699683672247,True,0.1402699683672247,0.1839379298078864
6,volume_rel72,-0.225980696779219,0.930052534937534,1.0321854225825975,0.225980696779219,-0.0313314236938025,1.0721461659538176,0.9815257392491646,0.0313314236938025,True,0.0313314236938025,0.12865606023651074
5,macd_hist_pct,-0.2247699188179685,-0.0006264828919263,-0.0002052728615868,0.2247699188179685,-0.1646552742352184,-0.0002255600444199,-0.0001538032401941,0.1646552742352184,True,0.1646552742352184,0.19471259652659345
-4,lower_wick,0.2245079366709832,0.2812717285262678,0.2441081175247199,0.2245079366709832,0.0351785667721222,0.2018926494077669,0.2251287972997048,0.0351785667721222,True,0.0351785667721222,0.1298432517215527
-5,rsi6,-0.2216953391374671,47.04738627129336,50.77956032132755,0.2216953391374671,-0.1618664206107343,46.32239226695272,51.32694266317794,0.1618664206107343,True,0.1618664206107343,0.1917808798741007
6,rsi6,0.2191922581748062,49.63866843920616,47.65412331991659,0.2191922581748062,0.474050496927814,55.88739506318394,48.346156138190985,0.474050496927814,True,0.2191922581748062,0.34662137755131006
-18,lower_wick,0.218991590827026,0.2646096690698927,0.2240079808855889,0.218991590827026,-0.0343001274320177,0.2484948002189301,0.2488872674206483,0.0343001274320177,False,0.0343001274320177,0.12664585912952184
-11,lower_wick,-0.2189601554758224,0.2142041075961603,0.2577584767826796,0.2189601554758224,0.1867804346327029,0.2651439566704286,0.2236469044898302,0.1867804346327029,False,0.1867804346327029,0.20287029505426266
4,log_ret,0.2146098892364528,0.0001509958679514,-0.000147646223736,0.2146098892364528,0.2309528222475892,7.37188123622556e-05,-0.0002563443168363,0.2309528222475892,True,0.2146098892364528,0.22278135574202101
-4,close_vs_ema72,-0.2144538663607416,-0.0007234451367555,0.0030274224181701,0.2144538663607416,-0.231554427769774,-0.0034973596303982,0.000804406127151,0.231554427769774,True,0.2144538663607416,0.22300414706525779
-4,bb_width,-0.2142500601988979,0.0250301525635269,0.0308728351677282,0.2142500601988979,-0.0494039126536426,0.0244081545005007,0.0265066137823181,0.0494039126536426,True,0.0494039126536426,0.13182698642627025
4,body_pct,0.2137637219199049,0.0001511544325867,-0.0001477148707913,0.2137637219199049,0.2317624772786784,7.372152966067524e-05,-0.0002563114634392,0.2317624772786784,True,0.2137637219199049,0.22276309959929164
-4,close_vs_vwap72,-0.2134894387334265,-0.0003434551785851,0.0036219000621904,0.2134894387334265,-0.1668585800899079,-0.0013139690423271,0.0004873814383412,0.1668585800899079,True,0.1668585800899079,0.19017400941166718
-3,mfi14,-0.2104556454555544,44.10157016973763,49.30950247192034,0.2104556454555544,-0.3023634696472819,43.050460839570114,50.6551196485359,0.3023634696472819,True,0.2104556454555544,0.25640955755141814
-3,macd_pct,-0.209807452060172,-0.0001203804289884,0.0005341187721155,0.209807452060172,-0.2040566907850998,-0.0008114851499195,0.0002753707288329,0.2040566907850998,True,0.2040566907850998,0.20693207142263592
-17,close_location,0.2090516467294156,0.5893765423856323,0.4997040008416734,0.2090516467294156,-0.1374233477467216,0.4286012235817563,0.5352656430968652,0.1374233477467216,False,0.1374233477467216,0.17323749723806858
-6,taker_share,-0.2083045751613374,0.4872912608804469,0.4969725651777998,0.2083045751613374,0.0141331476151977,0.4845644942733511,0.4852545732295053,0.0141331476151977,False,0.0141331476151977,0.11121886138826756
5,bb_z,-0.2075054208738598,-0.7180875172819454,-0.1262586759136015,0.2075054208738598,0.0101029341020068,-0.5456597139635121,-0.0659892665796398,0.0101029341020068,False,0.0101029341020068,0.1088041774879333
-5,lower_wick,0.2062421059093251,0.3119389256207296,0.2418573122086788,0.2062421059093251,0.1827427166000841,0.2851904160162349,0.2192358693850468,0.1827427166000841,True,0.1827427166000841,0.1944924112547046
-1,macd_signal_pct,-0.2021790489467747,2.2144536325645743e-05,0.0006802088161309,0.2021790489467747,-0.182785379048957,2.3659981313990643e-05,0.0001698916429755,0.182785379048957,True,0.182785379048957,0.19248221399786586
-11,close_location,-0.2018859729386143,0.4817622125344321,0.5660360360360299,0.2018859729386143,0.091344783657485,0.529083231167419,0.4415796279717676,0.091344783657485,False,0.091344783657485,0.14661537829804966
-2,trades_rel72,0.2018571530525071,1.0837236198105369,1.0228774352068557,0.2018571530525071,0.2634382722096056,1.2095819559248129,1.026419535595701,0.2634382722096056,True,0.2018571530525071,0.23264771263105632
-7,trades_rel72,-0.2009367702120033,0.9693098608851142,1.0550764026167028,0.2009367702120033,-0.0713848207605109,0.9544707305306528,1.0742262326383545,0.0713848207605109,True,0.0713848207605109,0.1361607954862571
4,adx14,0.2005956896677031,29.43650371262047,25.9888580861396,0.2005956896677031,0.1666662806649243,24.787583937007188,23.541600735723613,0.1666662806649243,True,0.1666662806649243,0.1836309851663137
-4,taker_share,-0.200315997860117,0.483231306635991,0.496112745122818,0.200315997860117,-0.1096366835454886,0.4802360215773384,0.4826912174904076,0.1096366835454886,True,0.1096366835454886,0.1549763407028028
-5,bb_z,-0.1992792976867659,-0.1698673873352884,0.0091223804753695,0.1992792976867659,-0.1568247200043603,-0.3134015393917247,0.027854917569032,0.1568247200043603,True,0.1568247200043603,0.1780520088455631
3,adx14,0.1987403663310277,29.23552405158236,26.34503362509265,0.1987403663310277,0.1736684980612832,24.48041295828687,24.041617026032142,0.1736684980612832,True,0.1736684980612832,0.18620443219615546
-5,close_vs_ema48,-0.1940842555626095,-0.000308499718569,0.0018934614857578,0.1940842555626095,-0.1918474972783235,-0.0024851383559187,-0.0001298044213831,0.1918474972783235,True,0.1918474972783235,0.1929658764204665
5,cci20,-0.1935937309901879,-55.97329447958078,-7.526895126169375,0.1935937309901879,-0.0172486927093825,-52.02652114468095,-4.301430363820414,0.0172486927093825,True,0.0172486927093825,0.1054212118497852
-1,bb_width,-0.193158817806429,0.0266292015505418,0.0306913595295119,0.193158817806429,-0.0253209223719708,0.0252915561792153,0.0281510935856043,0.0253209223719708,True,0.0253209223719708,0.1092398700891999
-7,volume_rel72,-0.1928477773365606,0.9564963780080022,1.0499792222149578,0.1928477773365606,-0.0857684140329203,0.7750445976343484,1.089706268527848,0.0857684140329203,True,0.0857684140329203,0.13930809568474045
2,adx14,0.1924127136480698,29.04477737863383,26.229824376548827,0.1924127136480698,0.1685182193774882,24.29771481634459,24.06161925706981,0.1685182193774882,True,0.1685182193774882,0.180465466512779
4,macd_fast_hist_pct,0.1920740775365096,-0.0003051392663459,-0.0002482908505559,0.1920740775365096,0.1926513097014633,-7.813189891196071e-05,-0.0001734134062501,0.1926513097014633,True,0.1920740775365096,0.19236269361898645
-6,close_vs_ema6,-0.189281062012648,-4.8040482803046736e-05,2.915621245958011e-05,0.189281062012648,-0.1979807162446354,-0.0001243800493868,0.0002323713001011,0.1979807162446354,True,0.189281062012648,0.19363088912864168
-4,stoch_d,-0.1880025686920204,45.02129145856388,54.77959001367952,0.1880025686920204,-0.244225709658725,41.84178231417544,52.992265701174965,0.244225709658725,True,0.1880025686920204,0.2161141391753727
5,adx14,0.1879506846390174,29.407385705252064,26.082584965010188,0.1879506846390174,0.1468502716214125,24.24533989378779,23.411798374674888,0.1468502716214125,True,0.1468502716214125,0.16740047813021497
-5,rsi14,-0.1872618756887448,47.99257235139064,50.54085812414608,0.1872618756887448,-0.1265325003033008,47.11772547391652,50.45028034334179,0.1265325003033008,True,0.1265325003033008,0.1568971879960228
-5,macd_hist_pct,-0.184091135443337,-0.0002709892131261,-3.8910944146796055e-05,0.184091135443337,-0.3122859212691512,-0.0004732105986796,-3.318236930167988e-05,0.3122859212691512,True,0.184091135443337,0.2481885283562441
-5,bb_width,-0.1817467510992055,0.0252923453592487,0.0307307673643512,0.1817467510992055,-0.0296743784874788,0.0253311674129652,0.0261869825207384,0.0296743784874788,True,0.0296743784874788,0.10571056479334215
-4,ema24_slope_6h,-0.1804862890599623,-0.0005409260968526,0.0004152251047019,0.1804862890599623,-0.245078299012476,-0.0005275363221793,8.646957198266136e-06,0.245078299012476,True,0.1804862890599623,0.21278229403621915
-15,lower_wick,0.1803630925183393,0.3094054093504171,0.2612318224922397,0.1803630925183393,-0.0989929539213155,0.2158769497496604,0.2266425011327479,0.0989929539213155,False,0.0989929539213155,0.1396780232198274
5,range_pct,-0.1798940975127043,0.0057498046845427,0.0066386271172919,0.1798940975127043,0.0396246650393056,0.0065755359257071,0.0054690194219639,0.0396246650393056,False,0.0396246650393056,0.10975938127600494
-18,taker_share,-0.1796296068149145,0.4833117301788401,0.4945872257802939,0.1796296068149145,-0.0841922826685379,0.4626440517286035,0.4824070491024223,0.0841922826685379,True,0.0841922826685379,0.1319109447417262
-16,range_pct,-0.1785218907320037,0.0056885310534823,0.0064479458823193,0.1785218907320037,-0.0110985679088997,0.0047859016527793,0.0049363412051997,0.0110985679088997,True,0.0110985679088997,0.0948102293204517
-6,close_vs_ema12,-0.1761962031590468,-0.0004200456770808,0.0002973861646536,0.1761962031590468,-0.2468010231500478,-0.0006572695286087,0.0002246680775079,0.2468010231500478,True,0.1761962031590468,0.2114986131545473
1,adx14,0.1759268774140894,28.295980321950232,25.88402573732333,0.1759268774140894,0.1324638732409714,24.647168586132448,24.012933210654577,0.1324638732409714,True,0.1324638732409714,0.15419537532753042
-1,upper_wick,-0.1758477246844664,0.1516386037456012,0.2217473516119276,0.1758477246844664,-0.0522355054437795,0.1581535619192706,0.261166635406332,0.0522355054437795,True,0.0522355054437795,0.11404161506412296
-20,close_location,-0.1746740457365869,0.4405076824381141,0.4985072444244007,0.1746740457365869,0.2968158018111664,0.6014140969908177,0.5173783218871186,0.2968158018111664,False,0.1746740457365869,0.23574492377387665
2,range_pct,0.1735919893393703,0.0076016576402989,0.0068371797567174,0.1735919893393703,0.4379422842750864,0.0080170328641624,0.0053016744186045,0.4379422842750864,True,0.1735919893393703,0.30576713680722833
-5,cci20,-0.1721835492481674,-24.007554667278164,5.843928843569868,0.1721835492481674,-0.1373250938566191,-32.7109687185235,9.6936899972855,0.1373250938566191,True,0.1373250938566191,0.15475432155239324
-23,cci20,0.1708843377247272,35.42508363127264,16.419794407321245,0.1708843377247272,0.1922780037923196,29.488849483915807,-16.29987745716137,0.1922780037923196,True,0.1708843377247272,0.1815811707585234
-4,upper_wick,-0.1699256035789751,0.1920996699422023,0.2320790369638664,0.1699256035789751,0.0749425024248425,0.2502396155351787,0.2275654106017228,0.0749425024248425,False,0.0749425024248425,0.1224340530019088
-1,ema72_slope_12h,-0.1682224039296995,0.0007001952646693,0.0008281919829163,0.1682224039296995,-0.2293276652424009,-0.0009309135701732,6.109958962108308e-06,0.2293276652424009,True,0.1682224039296995,0.1987750345860502
6,adx14,0.1670803111411866,29.335690922318367,26.05453666789812,0.1670803111411866,0.1160667471522253,24.21092006073155,23.55422136752012,0.1160667471522253,True,0.1160667471522253,0.14157352914670596
-9,range_pct,-0.1664139157472249,0.0065276063779319,0.0067107881477594,0.1664139157472249,-0.1609520075260479,0.0048409825780608,0.0057203219116488,0.1609520075260479,True,0.1609520075260479,0.1636829616366364
4,close_vs_ema12,-0.1640823041932413,-0.0015477981685886,-0.0001909433721289,0.1640823041932413,-0.0932240883283361,-0.0017086828771999,-0.0002898390103303,0.0932240883283361,True,0.0932240883283361,0.1286531962607887
-9,trades_rel72,-0.1627063501420384,0.9872905176413624,1.0214224396408904,0.1627063501420384,-0.2282944878282921,1.0047311396236325,1.0865876864526425,0.2282944878282921,True,0.1627063501420384,0.19550041898516524
-5,close_vs_ema72,-0.161856930094809,0.0003792109453341,0.0015301453941739,0.161856930094809,-0.1944150323630062,-0.0033803207572035,0.0004053316965435,0.1944150323630062,True,0.161856930094809,0.17813598122890761
-6,ema6_slope_3h,-0.1613954905038836,-0.0002721982430309,0.0001609626062704,0.1613954905038836,-0.2514057046150534,-7.769426195991525e-05,0.0001144943997182,0.2514057046150534,True,0.1613954905038836,0.2064005975594685
6,rsi14,-0.1601968394745083,47.50216265995632,48.77211892567766,0.1601968394745083,0.1387519815595444,49.04734480651718,48.47828613314489,0.1387519815595444,False,0.1387519815595444,0.14947441051702637
5,stoch_k,-0.1589029877490287,41.55359918304139,49.29493017489425,0.1589029877490287,0.0715789030979669,48.21616098042207,50.43212312549303,0.0715789030979669,False,0.0715789030979669,0.1152409454234978
-5,rsi24,-0.1578701287525226,49.79650649441498,51.16823833764933,0.1578701287525226,-0.1007738882584693,48.15351342411152,49.9561544376346,0.1007738882584693,True,0.1007738882584693,0.12932200850549594
-6,body_pct,-0.1571452013784286,-0.0002471849866606,0.000266192447497,0.1571452013784286,-0.0648184151553424,-0.0001160836657084,2.033508461884992e-05,0.0648184151553424,True,0.0648184151553424,0.1109818082668855
-5,close_vs_vwap72,-0.1570386425037785,0.0020511159562951,0.0033152481242888,0.1570386425037785,-0.1280974805811876,-0.0008397277877703,0.0004556078310393,0.1280974805811876,True,0.1280974805811876,0.14256806154248305
-6,log_ret,-0.1567533750865443,-0.0002472078846987,0.0002660051159636,0.1567533750865443,-0.0645173106568365,-0.0001160904039386,2.0224361105572488e-05,0.0645173106568365,True,0.0645173106568365,0.1106353428716904
4,atr14_pct,0.156003438919387,0.0080787220594926,0.0079489109825542,0.156003438919387,0.2477094469609133,0.0079354859328559,0.0068733503651667,0.2477094469609133,True,0.156003438919387,0.20185644294015015
-12,taker_share,-0.1557858692712178,0.4874557132447237,0.4947453024138723,0.1557858692712178,0.1111385365968399,0.489844858842718,0.4732586785302976,0.1111385365968399,False,0.1111385365968399,0.13346220293402886
6,stoch_d,-0.1551762031058932,43.3570293147029,50.51049578270913,0.1551762031058932,0.1068366438512747,50.32586471616272,51.44239471860876,0.1068366438512747,False,0.1068366438512747,0.13100642347858393
-15,volume_rel72,0.154291733304424,1.021432310700149,0.9723276802689912,0.154291733304424,-0.0825470018694047,0.9132551183601834,0.9949947405721056,0.0825470018694047,False,0.0825470018694047,0.11841936758691435
3,atr14_pct,0.1538809117127239,0.0081545819571372,0.0080504613001412,0.1538809117127239,0.2219273432363674,0.0074752753109628,0.0069001728926611,0.2219273432363674,True,0.1538809117127239,0.18790412747454566
-6,close_vs_ema24,-0.1532055251672527,-0.0007094538356501,0.0009281708144609,0.1532055251672527,-0.2208722714956169,-0.0006722071876308,2.34331699358048e-05,0.2208722714956169,True,0.1532055251672527,0.18703889833143478
-4,macd_pct,-0.1523292112093694,0.000298717010922,0.0006032197652282,0.1523292112093694,-0.1676324945249065,-0.0007217923421155,0.0003567393006911,0.1676324945249065,True,0.1523292112093694,0.15998085286713795
3,close_location,0.1519363692025441,0.589522604874992,0.5138783392391368,0.1519363692025441,0.3100681610647792,0.5722656015014921,0.4705347298787137,0.3100681610647792,True,0.1519363692025441,0.23100226513366165
-5,stoch_k,-0.1518628701742279,45.70432967615239,52.17599654003983,0.1518628701742279,-0.2253881430763779,40.88385520763942,50.64800051396172,0.2253881430763779,True,0.1518628701742279,0.1886255066253029
-6,close_vs_vwap24,-0.1517865315009411,-0.0009395413051042,0.0013428151221495,0.1517865315009411,-0.2381920451350285,-0.0013020611577491,0.0006464841137947,0.2381920451350285,True,0.1517865315009411,0.1949892883179848
-23,bb_z,0.1513849476810254,0.387092897971326,0.1454002611465219,0.1513849476810254,0.1877371128606313,0.4252657455837,-0.1287064741464631,0.1877371128606313,True,0.1513849476810254,0.16956103027082836
-15,upper_wick,-0.1506591415967195,0.2231953307288717,0.2134242997643974,0.1506591415967195,-0.0178180123055686,0.2225778686319873,0.2413541381512924,0.0178180123055686,True,0.0178180123055686,0.08423857695114405
-2,macd_signal_pct,-0.1489808348871612,5.815900985550955e-05,0.0007080031412315,0.1489808348871612,-0.1369913686646533,-1.0762595586439884e-05,0.0001110908780974,0.1369913686646533,True,0.1369913686646533,0.14298610177590726
2,atr14_pct,0.1488890653967463,0.0082567777612411,0.0081107963285886,0.1488890653967463,0.197458984233321,0.0073141911641943,0.0069142592926464,0.197458984233321,True,0.1488890653967463,0.17317402481503363
-8,range_pct,-0.1479932141532892,0.0060458938539776,0.0066771652629255,0.1479932141532892,-0.2051343877293804,0.0047991094447896,0.005780746959092,0.2051343877293804,True,0.1479932141532892,0.17656380094133478
-9,close_location,-0.1467696107335602,0.417065058156881,0.5285217305447012,0.1467696107335602,-0.0033869635863228,0.5122001868964728,0.4988950365363869,0.0033869635863228,True,0.0033869635863228,0.0750782871599415
-23,rsi6,0.146769185806495,54.72282591550178,51.68976660306068,0.146769185806495,0.1886782532928965,51.99602288217939,48.7295785765583,0.1886782532928965,True,0.146769185806495,0.16772371954969575
2,trades_rel72,0.1467131983776091,1.1485482603108812,1.0262566872978551,0.1467131983776091,0.4604833779963889,1.4697678925026796,0.8811706268891605,0.4604833779963889,True,0.1467131983776091,0.30359828818699897
3,macd_fast_hist_pct,-0.1462096446484027,-0.0005301252322964,-0.0001759994578837,0.1462096446484027,-0.1563303545080564,-0.0002005530091853,-9.652745524954126e-05,0.1563303545080564,True,0.1462096446484027,0.15126999957822956
-21,volume_rel72,0.1454533578262732,0.9638598078980338,0.9968405890236424,0.1454533578262732,-0.0420347313859747,0.942110241569083,0.9731128811494784,0.0420347313859747,False,0.0420347313859747,0.09374404460612396
-10,range_pct,-0.142041796156417,0.0059161229447706,0.0067810809463924,0.142041796156417,-0.1724234254979046,0.0053406440593739,0.005614284840957,0.1724234254979046,True,0.142041796156417,0.15723261082716078
-13,close_location,0.1420404727503547,0.6226899661879677,0.5336760535700003,0.1420404727503547,-0.2428813737340522,0.3735868448098554,0.5436249622001875,0.2428813737340522,False,0.1420404727503547,0.19246092324220343
6,atr14_pct,0.1415954656818092,0.0079921170252528,0.0078968224108718,0.1415954656818092,0.3031834591592115,0.0079380979551422,0.0065968290932842,0.3031834591592115,True,0.1415954656818092,0.22238946242051036
-5,stoch_d,-0.1415841754588,49.00498805063033,54.479613189798826,0.1415841754588,-0.2322642420234664,41.17444528798212,52.803535917301474,0.2322642420234664,True,0.1415841754588,0.1869242087411332
5,atr14_pct,0.1415669497640142,0.0081444376882681,0.0079782041081,0.1415669497640142,0.2682361830864155,0.0077730121153334,0.0066700386424059,0.2682361830864155,True,0.1415669497640142,0.20490156642521484
-10,lower_wick,0.1409653837719095,0.2637326860450485,0.2413210901876202,0.1409653837719095,0.0161300380388404,0.2240847683503537,0.1948862311954311,0.0161300380388404,True,0.0161300380388404,0.07854771090537495
-7,stoch_k,-0.1403820798730753,47.23105877508636,53.8108762661373,0.1403820798730753,-0.2226685566994368,41.32261852679126,51.993105465927336,0.2226685566994368,True,0.1403820798730753,0.18152531828625607
-18,ema6_slope_3h,-0.1399203659814713,1.1940388800424362e-05,0.0002086482308341,0.1399203659814713,0.2112363996513257,0.001046616865272,0.0001119117729846,0.2112363996513257,False,0.1399203659814713,0.1755783828163985
-6,bb_width,-0.1380804632712182,0.0272604068409933,0.0317723851433147,0.1380804632712182,-0.0094880840970885,0.0260302030147514,0.0269249608504191,0.0094880840970885,True,0.0094880840970885,0.07378427368415336
-19,close_vs_ema6,-0.1379732576026074,-0.0002018773249375,0.0001820150625563,0.1379732576026074,0.0905615530730676,0.0008207440573757,9.69807904280806e-05,0.0905615530730676,False,0.0905615530730676,0.1142674053378375
5,volume_rel72,-0.1377384254832686,1.0397650807282293,1.0380124748914268,0.1377384254832686,-0.1047339353216556,1.1090984943444124,0.9619987538969438,0.1047339353216556,True,0.1047339353216556,0.12123618040246209
-13,trades_rel72,-0.1371903436464534,0.9845647560045974,1.0026488520619414,0.1371903436464534,-0.0943111477321417,0.9305448461482504,0.9952009284229651,0.0943111477321417,True,0.0943111477321417,0.11575074568929755
1,atr14_pct,0.1369562032592075,0.0084026559158381,0.0079800732690297,0.1369562032592075,0.1610773884387525,0.0072212646995243,0.0069599946610143,0.1610773884387525,True,0.1369562032592075,0.14901679584897998
0,adx14,0.1365726825207963,27.535859771004525,25.493987876521004,0.1365726825207963,0.0810434298707713,23.48920589770053,24.09036196595541,0.0810434298707713,True,0.0810434298707713,0.10880805619578379
-2,volume_rel72,0.135850038648076,1.085684936110913,1.0233220383467778,0.135850038648076,0.2317877365851922,1.2586525757514615,1.0506507002876828,0.2317877365851922,True,0.135850038648076,0.1838188876166341
-6,rsi6,-0.1352323647202608,49.22533351598304,50.92058341701451,0.1352323647202608,-0.1456462999797795,47.85196328156687,50.5274977953299,0.1456462999797795,True,0.1352323647202608,0.14043933235002015
-6,macd_fast_hist_pct,-0.1351480691079607,-0.0002823164254517,-6.302106758915642e-05,0.1351480691079607,-0.2615452887695353,-0.0001659010794266,2.662829107033846e-05,0.2615452887695353,True,0.1351480691079607,0.19834667893874802
-18,close_location,0.1344657811486578,0.5685684395108945,0.5003862442348378,0.1344657811486578,-0.1034960170430706,0.5144708239205663,0.5584184567285745,0.1034960170430706,False,0.1034960170430706,0.11898089909586419
-16,lower_wick,-0.1340104749168637,0.2065771304645463,0.250940363803372,0.1340104749168637,0.1305169238719046,0.2506147205071019,0.2241214127073862,0.1305169238719046,False,0.1305169238719046,0.13226369939438415
-22,rsi6,0.1338352030607181,53.82164126575755,50.88375489487193,0.1338352030607181,0.2426368466374187,53.50776523998035,48.201967776866354,0.2426368466374187,True,0.1338352030607181,0.1882360248490684
-18,close_vs_ema6,-0.1333269779734528,-3.868794541045384e-05,0.0003618609011493,0.1333269779734528,0.099566026542214,0.0005312144177209,0.0002669482854584,0.099566026542214,False,0.099566026542214,0.1164465022578334
-20,log_ret,-0.1332191287554898,-0.0005733478664611,3.1374868534068296e-05,0.1332191287554898,0.3100852350552271,0.0003638600784922,7.628501302241669e-05,0.3100852350552271,False,0.1332191287554898,0.22165218190535846
-24,adx14,-0.1332095220250688,23.623070811274843,26.11903827201726,0.1332095220250688,-0.1175879786735838,23.67444805569353,25.487022267335195,0.1175879786735838,True,0.1175879786735838,0.1253987503493263
-20,body_pct,-0.132995342023719,-0.0005730668817588,3.137536235231497e-05,0.132995342023719,0.3092359297392099,0.0003639262836001,7.61685272838708e-05,0.3092359297392099,False,0.132995342023719,0.22111563588146443
-13,range_pct,-0.1324182150298736,0.0063610713419834,0.006383215694994,0.1324182150298736,-0.1780811775969144,0.0052556670910151,0.0055497258237127,0.1780811775969144,True,0.1324182150298736,0.155249696313394
-21,trades_rel72,0.1318739146666469,0.970479506266507,1.0061210814428985,0.1318739146666469,-0.0491420777091783,0.9753762480066948,0.9556580066879043,0.0491420777091783,False,0.0491420777091783,0.09050799618791261
-17,taker_share,0.1315513301038748,0.4954423881154676,0.4879529654558822,0.1315513301038748,0.0820206290250159,0.4965719134952638,0.4803724198442124,0.0820206290250159,True,0.0820206290250159,0.10678597956444535
2,close_vs_ema6,-0.1312612600535712,-0.0008752918968958,-6.363147588539508e-05,0.1312612600535712,-0.3292711327072224,-0.0018960351550924,-0.0002533788672857,0.3292711327072224,True,0.1312612600535712,0.2302661963803968
-2,range_pct,0.1309297844226919,0.0069954375223902,0.0067248623882996,0.1309297844226919,0.2035418675847538,0.0068554573380361,0.0059286200951467,0.2035418675847538,True,0.1309297844226919,0.16723582600372283
5,trades_rel72,-0.1308465035541156,0.927000159147104,1.0453084966233637,0.1308465035541156,0.0210182115143797,1.123093023849433,0.9150561858748169,0.0210182115143797,False,0.0210182115143797,0.07593235753424765
-18,macd_fast_hist_pct,-0.1308147308400926,-0.0001676625600604,-0.0001895520937396,0.1308147308400926,0.1187710479287372,0.0004238917652746,7.464931577508071e-05,0.1187710479287372,False,0.1187710479287372,0.1247928893844149
-7,bb_z,-0.1295775523905474,-0.1423721888838622,0.0623209749022269,0.1295775523905474,-0.2017686883212031,-0.1431939634966963,0.1036126797352658,0.2017686883212031,True,0.1295775523905474,0.16567312035587525
-9,volume_rel72,-0.1287765775160415,0.96390424047235,1.064280881753247,0.1287765775160415,-0.1650823828211824,1.05849844422702,1.041356152217055,0.1650823828211824,True,0.1287765775160415,0.14692948016861196
-7,rsi6,-0.1284478362202634,49.91164965450426,50.701698297904514,0.1284478362202634,-0.1930055685696332,47.55893779203902,51.624787762659984,0.1930055685696332,True,0.1284478362202634,0.1607267023949483
-15,trades_rel72,0.1281465426399333,1.018630358081509,0.9775519739585828,0.1281465426399333,-0.1022257775617924,0.976448537516142,0.9472810237760318,0.1022257775617924,False,0.1022257775617924,0.11518616010086286
-9,adx14,0.1279188848440323,25.671476488398973,25.399920092282574,0.1279188848440323,0.0038612281642203,23.79073621168313,24.66894137326953,0.0038612281642203,True,0.0038612281642203,0.0658900565041263
-23,stoch_k,0.1274271310871945,58.14173365524518,54.61322839319191,0.1274271310871945,0.2696748035327472,60.08484546617779,49.63429897254443,0.2696748035327472,True,0.1274271310871945,0.19855096730997085
-7,close_vs_ema6,-0.1272551496832737,-0.0004453829743048,0.0002491697024381,0.1272551496832737,-0.2140242386778564,-0.0003556240912709,0.0003527846497308,0.2140242386778564,True,0.1272551496832737,0.17063969418056504
-10,adx14,0.1271310871637425,26.00246037303925,25.20743055031448,0.1271310871637425,-0.0040808685035608,23.90340267560868,24.475968125306988,0.0040808685035608,False,0.0040808685035608,0.06560597783365164
-22,cci20,0.1260303502960746,18.75920224163025,12.106240004228788,0.1260303502960746,0.2747602994013267,46.19369968257599,-5.096521559815346,0.2747602994013267,True,0.1260303502960746,0.20039532484870065
-24,close_location,0.1258891299895693,0.5980470992007827,0.5058084871381933,0.1258891299895693,0.1397134757004156,0.6265078502949368,0.5290516858370058,0.1397134757004156,True,0.1258891299895693,0.13280130284499245
-8,adx14,0.1253987957649768,25.363329681771944,25.298457430689275,0.1253987957649768,0.0065776774785326,23.541600735723613,24.714511886307072,0.0065776774785326,True,0.0065776774785326,0.06598823662175471
-6,bb_z,-0.1251845996356081,-0.1493728566959989,0.0270416861041545,0.1251845996356081,-0.1776025105901882,-0.3341165760765722,0.0704385296742533,0.1776025105901882,True,0.1251845996356081,0.15139355511289815
2,volume_rel72,0.1248838823458634,1.189725981336694,1.046250097823487,0.1248838823458634,0.3788994380725104,1.4372925349211605,0.9425339962988274,0.3788994380725104,True,0.1248838823458634,0.2518916602091869
-5,ema24_slope_6h,-0.124562145334382,-0.0002822505764537,0.0003822521503109,0.124562145334382,-0.2244083865905319,-0.000729321981071,0.0001536139540401,0.2244083865905319,True,0.124562145334382,0.17448526596245695
-11,adx14,0.1232380327141182,26.43758217995031,25.22001076615604,0.1232380327141182,-0.012447912919701,24.21530082872097,24.30652672773661,0.012447912919701,False,0.012447912919701,0.0678429728169096
-9,upper_wick,0.123183618506254,0.2680760236407707,0.225481623184499,0.123183618506254,-0.1541485046444128,0.1416107769471779,0.2160810439400913,0.1541485046444128,False,0.123183618506254,0.1386660615753334
-24,body_pct,0.1227311978575992,0.0005585265945289,-8.550305711924056e-05,0.1227311978575992,0.2373637229124552,0.0006327250197886,-0.0001160836657084,0.2373637229124552,True,0.1227311978575992,0.1800474603850272
-24,log_ret,0.1224184248187182,0.0005585254377051,-8.5507297735104e-05,0.1224184248187182,0.2360273767059449,0.0006325249337084,-0.0001160904039386,0.2360273767059449,True,0.1224184248187182,0.17922290076233155
-7,close_vs_ema12,-0.1222043924811968,-0.0003092465520099,0.0001938332690338,0.1222043924811968,-0.2586500572155195,-0.0007064646686708,0.0004151388846587,0.2586500572155195,True,0.1222043924811968,0.19042722484835814
-2,ema72_slope_12h,-0.122148224091995,0.0008889425444899,0.0007331230410638,0.122148224091995,-0.190588293815504,-0.0008752267739029,2.8705958612373905e-06,0.190588293815504,True,0.122148224091995,0.1563682589537495
-17,ema6_slope_3h,-0.121593409968404,0.0002250588000961,0.0002406780087754,0.121593409968404,0.0902120852319631,0.0007444986061331,0.0001938484473713,0.0902120852319631,False,0.0902120852319631,0.10590274760018355
-22,stoch_d,0.1213219092832714,57.920677968079175,54.4766683452248,0.1213219092832714,0.3126675116526434,62.59272155969711,49.68712892674304,0.3126675116526434,True,0.1213219092832714,0.2169947104679574
6,close_vs_vwap24,-0.1204801130172392,-0.0025547736810086,-0.0012934768519515,0.1204801130172392,0.0878726323483773,-2.3077297853224543e-05,-2.713153125311063e-05,0.0878726323483773,False,0.0878726323483773,0.10417637268280824
-23,close_vs_ema6,0.1203124713005407,0.0008298204194836,2.912032892365968e-05,0.1203124713005407,0.0807521364908917,0.0001014858857326,0.0001015679544555,0.0807521364908917,True,0.0807521364908917,0.1005323038957162
-23,adx14,-0.1198470111966941,23.73531851046,25.78875659226984,0.1198470111966941,-0.1225770055848723,23.884630883067544,25.38247560690236,0.1225770055848723,True,0.1198470111966941,0.1212120083907832
-6,close_vs_ema48,-0.1189798671679742,-8.323263335702213e-05,0.0017659729355712,0.1189798671679742,-0.1889510933705818,-0.0011248611497509,0.0003593416314586,0.1889510933705818,True,0.1189798671679742,0.153965480269278
-7,range_pct,-0.1189200240394628,0.0064594535658231,0.0070035296009194,0.1189200240394628,-0.0834056866167522,0.0052675058796938,0.005959737015778,0.0834056866167522,True,0.0834056866167522,0.1011628553281075
-6,cci20,-0.1187897215809659,-17.79787204389673,10.59801033124902,0.1187897215809659,-0.1561846364571206,-23.90044142194239,6.016819064222092,0.1561846364571206,True,0.1187897215809659,0.13748717901904325
-12,adx14,0.117775737391571,26.99006034321248,25.42425193588459,0.117775737391571,-0.0196609228322025,24.162927234340792,24.29169627463064,0.0196609228322025,False,0.0196609228322025,0.06871833011188674
6,range_pct,-0.1157992341290152,0.0069574658451163,0.0067078098829216,0.1157992341290152,0.1709798121431039,0.0066288285328148,0.0052520937965447,0.1709798121431039,False,0.1157992341290152,0.14338952313605954
-16,stoch_k,0.1150231867640381,58.41620929129873,50.71882227822792,0.1150231867640381,0.0433391094780518,56.15586775623799,56.0868369081422,0.0433391094780518,True,0.0433391094780518,0.07918114812104494
-23,body_pct,0.114963508298087,0.0007026894385151,0.0001592574545589,0.114963508298087,-0.0521565645387915,-0.0001632094103735,-0.0001485769841307,0.0521565645387915,False,0.0521565645387915,0.08356003641843926
-23,log_ret,0.1149630317788619,0.0007025126205731,0.0001590886825177,0.1149630317788619,-0.0536280450964289,-0.0001632227304786,-0.0001485880227842,0.0536280450964289,False,0.0536280450964289,0.0842955384376454
-24,upper_wick,0.1149593694804735,0.2423424868585013,0.2142648533896177,0.1149593694804735,-0.0621898887590141,0.1691488865026509,0.2233803981508192,0.0621898887590141,False,0.0621898887590141,0.0885746291197438
-11,cci20,0.1143802955732711,23.634524056312188,3.5718543848555777,0.1143802955732711,-0.2626095630708733,-16.83495499661739,7.189568335220012,0.2626095630708733,False,0.1143802955732711,0.1884949293220722
-24,atr14_pct,-0.1142441919921762,0.0072775419909307,0.0073526068802616,0.1142441919921762,-0.0440714718348018,0.006016945535128,0.0066626794157968,0.0440714718348018,True,0.0440714718348018,0.07915783191348899
-17,stoch_k,0.1142411498448594,53.833513759994446,51.26103392967947,0.1142411498448594,0.1598040981520427,62.20500505561177,56.0868369081422,0.1598040981520427,True,0.1142411498448594,0.13702262399845105
-17,upper_wick,-0.1137874561282394,0.1739330804264663,0.2187024319173958,0.1137874561282394,-0.0796960424194672,0.192826056436894,0.2323831365452682,0.0796960424194672,True,0.0796960424194672,0.0967417492738533
-11,mfi14,0.1137703796995289,53.77253474493087,49.9674742784772,0.1137703796995289,0.0232257615920159,50.01239650022124,50.05402726745594,0.0232257615920159,True,0.0232257615920159,0.0684980706457724
-20,volume_rel72,0.1134585446372146,0.9447568409378296,1.0029001310088972,0.1134585446372146,0.0119263859334725,0.8986551367605685,0.9627008329982144,0.0119263859334725,True,0.0119263859334725,0.06269246528534354
-8,trades_rel72,-0.1128572098279095,1.033185950024488,1.05445512174213,0.1128572098279095,-0.1966102532780038,0.9002389556578343,1.0418344424193615,0.1966102532780038,True,0.1128572098279095,0.15473373155295667
-5,macd_pct,-0.112318918800903,0.0002344972806119,0.0005734039998491,0.112318918800903,-0.1378146672595194,-8.896949766821813e-05,0.0003292729342669,0.1378146672595194,True,0.112318918800903,0.1250667930302112
-20,lower_wick,-0.1120520120861885,0.2246920488489586,0.2298099507868913,0.1120520120861885,0.306574406961746,0.3017042720757669,0.2164696936091999,0.306574406961746,False,0.1120520120861885,0.20931320952396723
-6,macd_hist_pct,-0.1118838189671536,-0.0001766189810874,-7.935523435031455e-05,0.1118838189671536,-0.3127612069751738,-0.0003715295146822,-1.7636703008626175e-05,0.3127612069751738,True,0.1118838189671536,0.2123225129711637
-7,ema6_slope_3h,-0.1114507181497374,0.0001412313144234,0.0001092972721962,0.1114507181497374,-0.2924874672778709,-0.0007260678356685,4.095775634649357e-06,0.2924874672778709,True,0.1114507181497374,0.20196909271380414
-7,adx14,0.1108177581130624,25.437141001033424,25.47796474071063,0.1108177581130624,0.0044864114791167,23.30893360618119,24.49262494921303,0.0044864114791167,True,0.0044864114791167,0.05765208479608955
-6,stoch_d,-0.1106454340561191,50.119046536027625,54.412220967904574,0.1106454340561191,-0.2582098562065916,44.41476375831355,52.43263486165258,0.2582098562065916,True,0.1106454340561191,0.18442764513135534
-18,close_vs_ema12,-0.11058533681774,8.003496391206788e-05,0.0004178808794019,0.11058533681774,0.1754215943258236,0.00121219263687,0.000366804356523,0.1754215943258236,False,0.11058533681774,0.14300346557178178
-9,lower_wick,-0.1103460224058331,0.2230342930370796,0.2394720852435952,0.1103460224058331,0.1203633247412044,0.2464655478710657,0.207207207207213,0.1203633247412044,False,0.1103460224058331,0.11535467357351875
-22,bb_z,0.1102391191567431,0.3215361157393901,0.1448163847285321,0.1102391191567431,0.2768780436659893,0.4965588971850504,-0.0503929472086996,0.2768780436659893,True,0.1102391191567431,0.1935585814113662
-3,macd_signal_pct,-0.1098875674883077,0.0002333303637295,0.0006644916997095,0.1098875674883077,-0.0993437478441909,-0.000115041864098,8.016623477090166e-05,0.0993437478441909,True,0.0993437478441909,0.1046156576662493
-13,adx14,0.1094789709720577,26.16163705111064,25.360753072864547,0.1094789709720577,-0.0294711015102637,23.704203117216117,24.202437690987036,0.0294711015102637,False,0.0294711015102637,0.06947503624116069
-7,close_vs_ema24,-0.1092865806317377,-0.001613018056577,0.0006305613702898,0.1092865806317377,-0.2215927077871039,-0.0002680655426005,0.0004794824194194,0.2215927077871039,True,0.1092865806317377,0.1654396442094208
-3,upper_wick,-0.1091902752194215,0.2137084507459153,0.2282804778940642,0.1091902752194215,-0.1025372303577851,0.2310944314237305,0.2056401811445002,0.1025372303577851,True,0.1025372303577851,0.1058637527886033
-15,stoch_d,0.1090333253972803,57.3335791741221,52.84303824194764,0.1090333253972803,0.0569109724858719,55.62155624837737,56.44059354549878,0.0569109724858719,True,0.0569109724858719,0.0829721489415761
-7,close_vs_vwap24,-0.1082638551734936,-0.0008177289137955,0.000536546523474,0.1082638551734936,-0.2290587434819176,-0.0010529943690298,0.0005363687700394,0.2290587434819176,True,0.1082638551734936,0.1686612993277056
-24,bb_z,0.1064062697524571,0.2344916541984966,0.1639436636711609,0.1064062697524571,0.2246779091362548,0.3790095669250664,-0.123609459068353,0.2246779091362548,True,0.1064062697524571,0.16554208944435594
0,atr14_pct,0.1059131287516813,0.0082254263743681,0.0080094142924772,0.1059131287516813,0.0957361776296154,0.0069146127859436,0.0069765204566986,0.0957361776296154,True,0.0957361776296154,0.10082465319064834
-11,body_pct,-0.1057933051267556,-0.000657904943874,0.0001766795884213,0.1057933051267556,-0.1064660587082294,3.468987165100579e-05,-0.000110958320412,0.1064660587082294,True,0.1057933051267556,0.1061296819174925
-13,volume_rel72,-0.1057809105771178,0.906869177760004,1.0019656108507071,0.1057809105771178,-0.0987594894633898,0.9607718686883836,1.033610446274185,0.0987594894633898,True,0.0987594894633898,0.1022702000202538
-19,mfi14,-0.1056963695655902,48.601426529929824,51.20179966709435,0.1056963695655902,0.31756678827382,55.13357259580343,49.25815320101573,0.31756678827382,False,0.1056963695655902,0.2116315789197051
-24,bb_width,-0.1049997746817175,0.027186105063928,0.0293004842275703,0.1049997746817175,-0.1681785205536013,0.0214063076562612,0.0263696202250496,0.1681785205536013,True,0.1049997746817175,0.1365891476176594
4,lower_wick,-0.1048424074131135,0.2425138981214271,0.2549166015583283,0.1048424074131135,-0.0806576304537063,0.2085134168713583,0.2735089716910866,0.0806576304537063,True,0.0806576304537063,0.0927500189334099
-22,stoch_k,0.1044898835120912,55.39371024046805,53.80336387594686,0.1044898835120912,0.3168750042341416,63.02322541679997,49.70839724799874,0.3168750042341416,True,0.1044898835120912,0.2106824438731164
-11,log_ret,-0.1044321324889785,-0.000658121841104,0.0001766639813261,0.1044321324889785,-0.1062095700329636,3.468926997132296e-05,-0.0001109644767419,0.1062095700329636,True,0.1044321324889785,0.10532085126097104
-14,adx14,0.1044282648463076,26.47481888940564,25.290137770771253,0.1044282648463076,-0.0416828784759817,23.946325603111127,24.137939284756243,0.0416828784759817,False,0.0416828784759817,0.07305557166114465
-8,lower_wick,0.1037817490562486,0.269166433760528,0.2401528520543669,0.1037817490562486,-0.090150154170082,0.1839304452106071,0.2350216450216173,0.090150154170082,False,0.090150154170082,0.09696595161316529
-19,close_vs_ema12,-0.1036494368455661,9.329107052075124e-05,0.0006563158715164,0.1036494368455661,0.1717087284392997,0.0012767394349433,4.590619843725108e-05,0.1717087284392997,False,0.1036494368455661,0.1376790826424329
4,upper_wick,0.1034627838170841,0.248652157990943,0.2176351775527317,0.1034627838170841,-0.0601272955320606,0.1932153850937449,0.2294617234608639,0.0601272955320606,False,0.0601272955320606,0.08179503967457236
-17,macd_fast_hist_pct,-0.1033635080169809,-0.0001725048421109,-0.0002036389443461,0.1033635080169809,0.0498353334296331,0.0002226310909758,6.791246253434684e-05,0.0498353334296331,False,0.0498353334296331,0.076599420723307
-18,close_vs_vwap24,-0.1028837175074958,0.0016155190400402,0.0013903743132273,0.1028837175074958,0.3133232932358528,0.0039301091328987,0.0002854736704815,0.3133232932358528,False,0.1028837175074958,0.2081035053716743
-24,stoch_k,0.1028671624441494,58.040472619559054,56.00504577817252,0.1028671624441494,0.2743629928982222,61.06058072069023,48.55955127695127,0.2743629928982222,True,0.1028671624441494,0.1886150776711858
-4,mfi14,-0.1024895057635794,47.55515573441409,50.4886555519579,0.1024895057635794,-0.2727069427938966,40.94403680097012,52.110574053580265,0.2727069427938966,True,0.1024895057635794,0.187598224278738
-20,close_vs_ema6,-0.102073152260925,0.0002228860016887,0.0001313377934886,0.102073152260925,0.3766496519195166,0.001226928604302,-0.0003361515517855,0.3766496519195166,False,0.102073152260925,0.2393614020902208
-6,rsi14,-0.101997795007321,49.51837661441448,51.16942711574589,0.101997795007321,-0.1281739223259593,49.545432969051134,49.88978174653141,0.1281739223259593,True,0.101997795007321,0.11508585866664015
-12,cci20,0.1009446082268408,27.77676936886491,7.040700665433025,0.1009446082268408,-0.1858421651282636,-4.525907307381163,16.3182004622551,0.1858421651282636,False,0.1009446082268408,0.1433933866775522
-21,body_pct,-0.1008925282776726,0.0001610922596422,-3.583506564319716e-06,0.1008925282776726,0.1009900613517869,0.0006756506051248,-8.391236317129014e-06,0.1009900613517869,False,0.1008925282776726,0.10094129481472974
-21,log_ret,-0.1006928814962658,0.0001611564829373,-3.655049522420197e-06,0.1006928814962658,0.102139254173398,0.0006755319085734,-8.287676008297185e-06,0.102139254173398,False,0.1006928814962658,0.1014160678348319
-3,lower_wick,0.1006798232863114,0.2578806886108274,0.2136161495896422,0.1006798232863114,0.2164740828530804,0.270581630909665,0.2408020190689678,0.2164740828530804,True,0.1006798232863114,0.1585769530696959
-11,taker_share,-0.1004769389658841,0.4921204901499947,0.4953295576702826,0.1004769389658841,-0.1914903202852119,0.4573448694446624,0.4785683575080172,0.1914903202852119,True,0.1004769389658841,0.145983629625548
-6,close_vs_ema72,-0.1000379319646638,0.0008805962318957,0.0026966412343591,0.1000379319646638,-0.1935010168643438,-0.0020892879607832,-0.0006396236411023,0.1935010168643438,True,0.1000379319646638,0.1467694744145038
6,close_vs_ema24,-0.0998747267600804,-0.0017828576667307,-0.0011531503044292,0.0998747267600804,0.1619750718497788,-0.0002914144276517,-0.0009794118777617,0.1619750718497788,False,0.0998747267600804,0.1309248993049296
-22,ema6_slope_3h,0.0998704665507285,0.0007348807031889,-0.0001135978180683,0.0998704665507285,0.1838601460859419,0.0004708179213093,-9.262229666551214e-05,0.1838601460859419,True,0.0998704665507285,0.1418653063183352
-15,close_location,0.0992716715892336,0.6134765759780262,0.5492342374020456,0.0992716715892336,-0.0831934436551616,0.4525940563369647,0.5102954406419808,0.0831934436551616,False,0.0831934436551616,0.09123255762219759
-10,close_location,0.0988550454406976,0.5527435245352541,0.5000001643428923,0.0988550454406976,-0.0082543006321672,0.4715134874618492,0.5106766065485887,0.0082543006321672,False,0.0082543006321672,0.0535546730364324
-22,adx14,-0.0987112874366131,24.349416448278376,25.68540076070285,0.0987112874366131,-0.1213382291605651,23.75324327613982,25.27358358260326,0.1213382291605651,True,0.0987112874366131,0.1100247582985891
-19,close_vs_vwap24,-0.098318753693483,0.0010043503775971,0.00158933482194,0.098318753693483,0.3104881055284326,0.0033645411795333,-0.0001952059238864,0.3104881055284326,False,0.098318753693483,0.2044034296109578
5,taker_share,0.0983159249055599,0.5015298359780858,0.4893182040912753,0.0983159249055599,0.275298600540072,0.4949839750882106,0.4764289366623817,0.275298600540072,True,0.0983159249055599,0.18680726272281595
-7,stoch_d,-0.0980427721617231,52.36103278934554,54.23833678090247,0.0980427721617231,-0.2840443905649726,47.07520160049932,52.03718234553055,0.2840443905649726,True,0.0980427721617231,0.19104358136334784
-7,bb_width,-0.0971133729813171,0.0269663172163819,0.0304348016819165,0.0971133729813171,0.0240110681859234,0.0269126138853817,0.0268428556895528,0.0240110681859234,False,0.0240110681859234,0.06056222058362025
-6,stoch_k,-0.096605112338619,49.908891322186,54.31385883447079,0.096605112338619,-0.1956190629862873,47.950734249170566,52.76375319651064,0.1956190629862873,True,0.096605112338619,0.14611208766245315
-18,cci20,-0.0965255723157437,12.273027525864798,20.83416054590889,0.0965255723157437,0.28891614817571,59.90771834708968,-1.0871131028780077,0.28891614817571,False,0.0965255723157437,0.19272086024572685
-13,taker_share,0.0965237691546947,0.494315709952692,0.4927476796827935,0.0965237691546947,0.0598113024035245,0.4696389960038686,0.4828947420175616,0.0598113024035245,True,0.0598113024035245,0.07816753577910959
-10,cci20,0.096468439473014,12.707477559060184,10.24578928391855,0.096468439473014,-0.2611723462350269,-11.854597465520849,14.584673127466534,0.2611723462350269,False,0.096468439473014,0.17882039285402046
4,taker_share,0.0964190059951306,0.4999829936212159,0.4888534990255607,0.0964190059951306,0.1527799060953089,0.4882886881898931,0.4706061862564719,0.1527799060953089,True,0.0964190059951306,0.12459945604521974
-1,adx14,0.0961461165355106,26.590484649409795,25.33074692893255,0.0961461165355106,0.0382530472621516,23.46663843090753,23.97681998767633,0.0382530472621516,True,0.0382530472621516,0.0671995818988311
-10,bb_z,0.0960681407023637,0.1075985501518672,0.0879772558756683,0.0960681407023637,-0.2472581190399258,-0.1317202696880781,0.1169691598898345,0.2472581190399258,False,0.0960681407023637,0.17166312987114477
-23,close_vs_ema12,0.0960105013960647,0.0010482755269163,0.0005240248333289,0.0960105013960647,0.1121713298072021,0.0004580360201864,-0.0001495922719713,0.1121713298072021,True,0.0960105013960647,0.1040909156016334
-4,atr14_pct,-0.0959915337874251,0.0072847633384015,0.0076806294319018,0.0959915337874251,-0.0795101593269597,0.006215561929171,0.0067032351755268,0.0795101593269597,True,0.0795101593269597,0.0877508465571924
-23,bb_width,-0.0952564034747009,0.025905940772084,0.0295887939033931,0.0952564034747009,-0.1541423077564401,0.0221605212979944,0.0258647421691242,0.1541423077564401,True,0.0952564034747009,0.1246993556155705
5,lower_wick,-0.0951093026610349,0.2707535544849324,0.2706144415972825,0.0951093026610349,-0.0691120634853006,0.1787124463519288,0.2238347414803589,0.0691120634853006,True,0.0691120634853006,0.08211068307316775
-6,adx14,0.0950562535213034,24.413216169412262,25.996283084077028,0.0950562535213034,0.005400326063342,24.78130703323225,24.644837903215755,0.005400326063342,True,0.005400326063342,0.050228289792322696
-7,cci20,-0.0943503410759384,-11.7198163320514,9.784811241554957,0.0943503410759384,-0.2266175858609927,-26.48475608916567,2.6987475011131963,0.2266175858609927,True,0.0943503410759384,0.16048396346846555
-17,lower_wick,0.0939599797159543,0.2538873920657838,0.2617811654422102,0.0939599797159543,-0.1471566205254984,0.2199295223179245,0.2430666362738781,0.1471566205254984,False,0.0939599797159543,0.12055830012072635
-17,log_ret,0.0938734228880026,0.0007010097819329,-3.323648902660506e-05,0.0938734228880026,-0.0682830486505032,-0.000471121985227,0.0003486580386476,0.0682830486505032,False,0.0682830486505032,0.08107823576925291
-19,macd_fast_hist_pct,-0.0937997250626302,-0.0002152030208131,-0.0002458402796775,0.0937997250626302,0.1808520007177652,0.0002521038566047,-4.024358896942591e-05,0.1808520007177652,False,0.0937997250626302,0.1373258628901977
-6,close_vs_vwap72,-0.0936080166293133,0.0029908238502948,0.0033241567969529,0.0936080166293133,-0.1215434956785772,0.0014455336604952,0.0012253967159492,0.1215434956785772,True,0.0936080166293133,0.10757575615394524
-19,ema6_slope_3h,-0.0935294642708008,0.0001130789124943,0.0002086482308341,0.0935294642708008,0.2584835442459703,0.0011931411491037,2.7302754501690174e-06,0.2584835442459703,False,0.0935294642708008,0.17600650425838554
-17,body_pct,0.0932116953633837,0.0007012584584435,-3.0692290202027905e-05,0.0932116953633837,-0.0684043950899002,-0.0004704426672166,0.0003487188269262,0.0684043950899002,False,0.0684043950899002,0.08080804522664195
-24,cci20,0.0924164082197171,27.438683802342304,20.46439539673544,0.0924164082197171,0.1694474956862817,22.4460426504732,-11.83155857118537,0.1694474956862817,True,0.0924164082197171,0.1309319519529994
-12,upper_wick,-0.0924026843351345,0.2191805668565283,0.2357806782772921,0.0924026843351345,-0.0891243935748835,0.1826871510142439,0.2228064013347153,0.0891243935748835,True,0.0891243935748835,0.090763538955009
-15,adx14,0.0923246831823494,27.06038519706609,25.1212471429981,0.0923246831823494,-0.0491722430137538,24.276193280941893,24.22715371931551,0.0491722430137538,False,0.0491722430137538,0.0707484630980516
-19,body_pct,-0.0920649228176265,-0.0006182029767198,-1.3651556827753986e-05,0.0920649228176265,-0.240615261851373,0.0001566041028668,0.0003649358450645,0.240615261851373,True,0.0920649228176265,0.16634009233449976
-19,log_ret,-0.0916359062948158,-0.0006184692975288,-1.3646617704995004e-05,0.0916359062948158,-0.2400413746438285,0.0001565918417244,0.0003649606889742,0.2400413746438285,True,0.0916359062948158,0.16583864046932215
-23,atr14_pct,-0.0915280615942832,0.0072157914430285,0.007358736252497,0.0915280615942832,-0.0031594375764795,0.006315344223924,0.0066714762866624,0.0031594375764795,True,0.0031594375764795,0.04734374958538135
-8,close_vs_ema6,-0.0915236149313735,0.0005121004558331,0.000285565181783,0.0915236149313735,-0.238117439821844,-0.0005281042246685,0.0001021077288234,0.238117439821844,True,0.0915236149313735,0.16482052737660874
-15,taker_share,-0.091276177863161,0.4958837078502725,0.4967562959223792,0.091276177863161,0.0817622103353005,0.4827445161014287,0.474578765180648,0.0817622103353005,False,0.0817622103353005,0.08651919409923076
-5,adx14,0.0911912598376747,24.817737052664945,25.994405380856108,0.0911912598376747,0.0185509970073425,24.603768875259256,24.61522468476109,0.0185509970073425,True,0.0185509970073425,0.0548711284225086
-3,atr14_pct,-0.0909680271965699,0.0075224947828561,0.0077776555099796,0.0909680271965699,-0.0780422902040359,0.0061538276696243,0.006911894540198,0.0780422902040359,True,0.0780422902040359,0.0845051587003029
-22,rsi14,0.090941053622944,52.94498256335817,50.57141864943959,0.090941053622944,0.1911572495334556,52.264527676037424,48.47725784652287,0.1911572495334556,True,0.090941053622944,0.1410491515781998
-11,range_pct,-0.0908248192231172,0.0064532601235217,0.0068225666007665,0.0908248192231172,-0.0152784162507776,0.0055069265251552,0.0055183856325093,0.0152784162507776,True,0.0152784162507776,0.0530516177369474
-21,stoch_d,0.0907001376404585,56.62921597386897,54.05852939410295,0.0907001376404585,0.323104766914561,65.2309941766197,51.29876607143274,0.323104766914561,True,0.0907001376404585,0.20690245227750975
-23,rsi14,0.090076668858767,52.30294725197359,51.019581375810446,0.090076668858767,0.1371203208178141,50.55857098591488,48.61916863104256,0.1371203208178141,True,0.090076668858767,0.11359849483829056
-18,mfi14,-0.0896279138643375,47.59022306760106,50.05712292871812,0.0896279138643375,0.2869756022007166,53.76876296853202,48.86599446464683,0.2869756022007166,False,0.0896279138643375,0.18830175803252705
-23,stoch_d,0.0894920289891299,55.89875931348824,56.07423891990986,0.0894920289891299,0.2562250366529838,56.35235500882331,49.193304928717055,0.2562250366529838,True,0.0894920289891299,0.17285853282105684
-16,trades_rel72,-0.0894025315112151,0.9336478282082836,0.9756863705523932,0.0894025315112151,-0.0671087143321158,0.9651430295487544,0.9173603590497896,0.0671087143321158,True,0.0671087143321158,0.07825562292166545
-3,ema72_slope_12h,-0.0893036821445592,0.0009576875550663,0.0006765275189682,0.0893036821445592,-0.1548467144355491,-0.0006754861446044,-9.890728641437364e-05,0.1548467144355491,True,0.0893036821445592,0.12207519829005414
-22,close_vs_ema6,0.0877682338926527,0.0001393687331039,0.000234551362837,0.0877682338926527,0.2276155938102938,0.0003347889576148,-0.0001067191328022,0.2276155938102938,True,0.0877682338926527,0.15769191385147324
-6,rsi24,-0.0876418023574381,49.94331767150248,51.18890359738661,0.0876418023574381,-0.1080095077185256,49.15951633141037,50.21265049228539,0.1080095077185256,True,0.0876418023574381,0.09782565503798185
-8,close_vs_ema12,-0.0873931957869777,3.6568262322955736e-05,0.0006200279756938,0.0873931957869777,-0.2634461027344584,-0.0007002329176248,5.1256295559021225e-05,0.2634461027344584,True,0.0873931957869777,0.17541964926071804
-7,close_location,-0.0872343772349903,0.491441642686056,0.5417261982075539,0.0872343772349903,-0.1045374382554368,0.4767939831598105,0.5358192900681443,0.1045374382554368,True,0.0872343772349903,0.09588590774521355
-6,ema24_slope_6h,-0.0871851094281237,-7.656790035359684e-05,0.0005355407908413,0.0871851094281237,-0.2018066061546469,-0.0005404708356959,0.0001797531773222,0.2018066061546469,True,0.0871851094281237,0.1444958577913853
-9,body_pct,-0.0869211113405251,-0.000297948555192,0.0003182559043198,0.0869211113405251,-0.135056915461935,-5.461524975858279e-05,0.0001319577624037,0.135056915461935,True,0.0869211113405251,0.11098901340123005
-12,bb_z,0.0864002973597076,0.1945885168118802,0.1080470119200537,0.0864002973597076,-0.1655197533271126,0.0039986092739026,0.1035837682618908,0.1655197533271126,False,0.0864002973597076,0.1259600253434101
-22,macd_fast_hist_pct,0.0858654253467166,0.0001288928118606,-0.0002017890197244,0.0858654253467166,0.1702813875531125,0.0001082438582528,-0.0001296744917626,0.1702813875531125,True,0.0858654253467166,0.12807340644991455
-9,log_ret,-0.0857059944044906,-0.0002979940754115,0.0003183600545137,0.0857059944044906,-0.1344828121282636,-5.461674122564069e-05,0.0001318564548098,0.1344828121282636,True,0.0857059944044906,0.1100944032663771
-4,adx14,0.0855147114835903,25.03834174950392,25.79901932684832,0.0855147114835903,0.0301311449678631,24.30903707253576,24.359974773058244,0.0301311449678631,True,0.0301311449678631,0.0578229282257267
-21,rsi6,0.0853314209344341,53.95772958539642,52.035259343484505,0.0853314209344341,0.3142487961245602,53.30101286529999,49.21164973890739,0.3142487961245602,True,0.0853314209344341,0.19979010852949713
-7,log_ret,-0.0850400275548185,-0.0004490226861076,-0.0001785525917658,0.0850400275548185,-0.0809679197969936,-0.0003229533431322,0.0001848141787386,0.0809679197969936,True,0.0809679197969936,0.08300397367590605
-13,log_ret,0.0845532571948055,0.000372554267528,8.562094694072631e-05,0.0845532571948055,-0.1961378889365026,-6.353822868069058e-05,0.0002735786831767,0.1961378889365026,False,0.0845532571948055,0.14034557306565404
-23,taker_share,0.0845470913427473,0.5032997987179959,0.4961853423121359,0.0845470913427473,-0.0664240496313175,0.4825088292714167,0.4748729996881254,0.0664240496313175,False,0.0664240496313175,0.07548557048703239
-7,body_pct,-0.0844838418282641,-0.0004489157587661,-0.0001785352417463,0.0844838418282641,-0.0814769336228962,-0.0003229011993147,0.0001847416479439,0.0814769336228962,True,0.0814769336228962,0.08298038772558014
-3,trades_rel72,0.0843479052328988,1.108108425869848,1.0466582693297426,0.0843479052328988,0.0664251951997977,1.065697880697406,1.0436036729003413,0.0664251951997977,True,0.0664251951997977,0.07538655021634824
-7,close_vs_ema48,-0.0840735664831842,0.0004900621026967,0.0017621396238798,0.0840735664831842,-0.1845262961086425,-0.0023429909448254,0.000530505583165,0.1845262961086425,True,0.0840735664831842,0.13429993129591333
-13,body_pct,0.0840655931333564,0.0003727013682008,8.562464522487989e-05,0.0840655931333564,-0.1967434621752547,-6.362372004309336e-05,0.000273721294097,0.1967434621752547,False,0.0840655931333564,0.14040452765430556
4,volume_rel72,-0.0835279109541241,0.9757329966934118,1.0224275824636249,0.0835279109541241,0.0195951858049929,1.1246120143484866,0.9694312818683708,0.0195951858049929,False,0.0195951858049929,0.051561548379558494
-2,lower_wick,0.0833394870003459,0.2559490830653063,0.2355952800464381,0.0833394870003459,0.1125576999117702,0.2625227211776259,0.191511505000414,0.1125576999117702,True,0.0833394870003459,0.09794859345605805
-23,upper_wick,-0.0830140015241076,0.2310978849871562,0.2365726781750174,0.0830140015241076,0.2192127853501234,0.3007307075387434,0.2228145155023638,0.2192127853501234,False,0.0830140015241076,0.1511133934371155
-4,macd_signal_pct,-0.08300576244409,0.0002537644136643,0.0005590564258601,0.08300576244409,-0.0690220055066222,-0.0001581058227541,0.000163762002944,0.0690220055066222,True,0.0690220055066222,0.0760138839753561
-18,close_vs_ema24,-0.0825450676651695,0.0008650072948104,0.001231374190859,0.0825450676651695,0.1967323513680356,0.0023586227746157,0.0003306232022062,0.1967323513680356,False,0.0825450676651695,0.13963870951660257
-7,atr14_pct,-0.0824903465723215,0.0071817734729894,0.0075683673572165,0.0824903465723215,-0.1062621900092989,0.0060793378550725,0.0065239311079891,0.1062621900092989,True,0.0824903465723215,0.0943762682908102
-13,bb_z,0.0824365604389494,0.2059694790223292,0.0312735300563995,0.0824365604389494,-0.131640236887066,-0.0513568271218478,0.1800030455095944,0.131640236887066,False,0.0824365604389494,0.1070383986630077
-18,range_pct,0.0823107280839246,0.0067488389937286,0.0065410487501709,0.0823107280839246,0.0517964421012852,0.0044664218733452,0.0053496497373115,0.0517964421012852,True,0.0517964421012852,0.0670535850926049
-3,adx14,0.0818320048988358,24.987268450916684,25.43275744712668,0.0818320048988358,0.0334248036678446,23.158062036874707,24.15525902746925,0.0334248036678446,True,0.0334248036678446,0.0576284042833402
-15,body_pct,-0.0813621895530947,-0.0002977686529437,0.0002422141396608,0.0813621895530947,-0.1699493356588356,-0.0003080392185748,-0.0001170031365507,0.1699493356588356,True,0.0813621895530947,0.12565576260596514
-14,trades_rel72,-0.0811574746778107,0.9438156625601144,1.0172213925973184,0.0811574746778107,-0.2321228581977819,0.9474887751905609,1.008935324563615,0.2321228581977819,True,0.0811574746778107,0.1566401664377963
-15,log_ret,-0.0810019482643543,-0.0002978876994062,0.0002421847672602,0.0810019482643543,-0.1698793782367985,-0.0003079989868801,-0.0001170099819516,0.1698793782367985,True,0.0810019482643543,0.1254406632505764
-22,close_vs_ema12,0.0806756055348499,0.001087488313669,0.0004057101673867,0.0806756055348499,0.2295642379894502,0.0007532768419458,-0.0003432480636553,0.2295642379894502,True,0.0806756055348499,0.15511992176215006
-5,atr14_pct,-0.0806270838839227,0.0070442759957545,0.0076472099225333,0.0806270838839227,-0.0717792553540244,0.0063619472897645,0.0066223853484355,0.0717792553540244,True,0.0717792553540244,0.07620316961897355
-22,range_pct,0.0805567529327141,0.0065978129515013,0.0063926510057006,0.0805567529327141,0.0992267724650186,0.0057153776509388,0.0054818356142574,0.0992267724650186,True,0.0805567529327141,0.08989176269886634
-6,macd_pct,-0.080217957782552,0.0004240402177436,0.0007065170571876,0.080217957782552,-0.1131169358276865,-0.0001492220402384,0.0001543036038836,0.1131169358276865,True,0.080217957782552,0.09666744680511925
-16,stoch_d,0.0801994863202864,56.77131188962329,52.50708506573928,0.0801994863202864,0.1606007569052638,59.240267411088375,55.7578537017911,0.1606007569052638,True,0.0801994863202864,0.1204001216127751
-14,bb_width,0.0799278133896527,0.0283513055131665,0.0296223466812954,0.0799278133896527,0.107195449576258,0.0286731130046075,0.0245829238342474,0.107195449576258,True,0.0799278133896527,0.09356163148295535
-2,adx14,0.0797443378313219,25.886197690049137,25.122218871283025,0.0797443378313219,0.0326059205723283,22.40454080336164,24.21530082872097,0.0326059205723283,True,0.0326059205723283,0.0561751292018251
-7,rsi14,-0.0797045826715462,48.1982031046272,51.226974783348346,0.0797045826715462,-0.1415566245028889,49.35869737899405,50.73835843208869,0.1415566245028889,True,0.0797045826715462,0.11063060358721755
-8,close_vs_ema24,-0.0796838273889259,-0.0004606912044604,0.0005591869019142,0.0796838273889259,-0.2040892729153781,-0.0008584660685234,0.0001168037760159,0.2040892729153781,True,0.0796838273889259,0.141886550152152
-15,bb_width,0.0796232148189283,0.0282968394862163,0.0295293526042143,0.0796232148189283,0.0901874389137633,0.0281075149227674,0.024932378492423,0.0901874389137633,True,0.0796232148189283,0.0849053268663458
-8,volume_rel72,-0.0795512144538058,0.9127893098672204,1.018643139884524,0.0795512144538058,-0.139098069126409,1.0434923167444794,1.0439726579455182,0.139098069126409,True,0.0795512144538058,0.1093246417901074
-6,atr14_pct,-0.0783947773539898,0.0072112923028747,0.0075851764101553,0.0783947773539898,-0.0921164421548036,0.0063120656372315,0.0065356068183814,0.0921164421548036,True,0.0783947773539898,0.0852556097543967
5,close_vs_ema12,0.0782465531134659,-0.0015260677768763,-0.0002649244700885,0.0782465531134659,0.1422748730318836,-0.0004832169724841,-0.0001784581024034,0.1422748730318836,True,0.0782465531134659,0.11026071307267475
-7,taker_share,-0.0778790965942279,0.4921469179779839,0.4914093509132102,0.0778790965942279,0.1439782618834275,0.4812106308176546,0.4808726090983014,0.1439782618834275,False,0.0778790965942279,0.1109286792388277
-21,cci20,0.0774941091656349,30.134316398133635,21.844329661442707,0.0774941091656349,0.3497437258029868,46.41895984768307,-4.929279761006306,0.3497437258029868,True,0.0774941091656349,0.21361891748431083
-18,macd_hist_pct,-0.0770464144640254,-0.0001033191479622,-0.0001448683719695,0.0770464144640254,0.264823098165844,0.0003295085986797,-0.0001583421119038,0.264823098165844,False,0.0770464144640254,0.17093475631493468
-17,volume_rel72,0.0768399585355785,0.9599525446934818,1.0081563882019955,0.0768399585355785,-0.0037635265944011,1.0590074433213488,0.8854207978544871,0.0037635265944011,False,0.0037635265944011,0.0403017425649898
-7,macd_fast_hist_pct,-0.0766437473300308,-0.0002546327647049,-6.302106758915642e-05,0.0766437473300308,-0.30326703751866,-0.0003654250818637,8.344487304205168e-05,0.30326703751866,True,0.0766437473300308,0.18995539242434542
-19,rsi6,-0.076405228663219,50.20795721250504,52.45797654726137,0.076405228663219,0.2712493839121027,56.06877151374468,50.81873799386111,0.2712493839121027,False,0.076405228663219,0.17382730628766085
-15,stoch_k,0.0760944243614459,51.32526390941975,50.89430497011563,0.0760944243614459,-0.0439083475304471,51.88743274162279,57.00392743594557,0.0439083475304471,False,0.0439083475304471,0.0600013859459465
-18,bb_z,-0.0757854906364068,0.185091224124603,0.1902649741325624,0.0757854906364068,0.2809289661538369,0.6931371413836286,0.0768960672771673,0.2809289661538369,False,0.0757854906364068,0.17835722839512186
-17,macd_hist_pct,-0.0757608514185863,-0.0002122510149883,-0.0001657241415559,0.0757608514185863,0.2279152273296672,0.0004505969777853,-6.552285420571887e-05,0.2279152273296672,False,0.0757608514185863,0.15183803937412677
-24,rsi6,0.0753907503908866,53.18044566399625,52.179544851451794,0.0753907503908866,0.2236730731452391,52.3566947336154,49.848298600793846,0.2236730731452391,True,0.0753907503908866,0.14953191176806285
-11,upper_wick,0.0749911177360808,0.2250704316899519,0.2114176322557205,0.0749911177360808,-0.3410903748046014,0.2007286995515727,0.2640780399903,0.3410903748046014,False,0.0749911177360808,0.2080407462703411
3,close_vs_ema6,0.0749491611955385,-0.0003887449851334,-0.0001137091384461,0.0749491611955385,0.1019813465651148,2.9014811849137345e-05,-0.0002230373716116,0.1019813465651148,True,0.0749491611955385,0.08846525388032665
-14,range_pct,-0.0740640980303771,0.0063699715062106,0.0064358333775286,0.0740640980303771,-0.0937739499112013,0.005614284840957,0.0054386167388864,0.0937739499112013,True,0.0740640980303771,0.08391902397078921
-23,close_vs_ema24,0.0733151842055437,0.0010942869518068,0.0006667683978268,0.0733151842055437,0.093510257469225,0.001031311188657,-0.0008930185299788,0.093510257469225,True,0.0733151842055437,0.08341272083738435
-19,close_vs_ema24,-0.0730510946996954,0.0008083516795324,0.0012177850115026,0.0730510946996954,0.1838332071370854,0.0017768942630722,-0.0006629945122496,0.1838332071370854,False,0.0730510946996954,0.1284421509183904
-7,macd_hist_pct,-0.0727252916123954,-0.0001957088649682,-0.0001104052650323,0.0727252916123954,-0.3086166841182953,-0.0003287829877215,1.1359023942320732e-05,0.3086166841182953,True,0.0727252916123954,0.19067098786534534
-8,close_vs_vwap24,-0.0726369931977841,-1.4738731140551131e-05,0.0009764045111584,0.0726369931977841,-0.1990484756691663,-0.0009332774000045,0.0009173226470031,0.1990484756691663,True,0.0726369931977841,0.13584273443347522
-8,body_pct,-0.072255159321079,0.0001685470288498,0.0003265141185863,0.072255159321079,-0.0040516364504875,0.0002550117285382,3.800919372132228e-05,0.0040516364504875,True,0.0040516364504875,0.03815339788578325
-12,trades_rel72,-0.072060186963969,0.9761751688225426,1.0396345166552747,0.072060186963969,-0.000569999943457,0.9925932953398072,1.030477309718315,0.000569999943457,True,0.000569999943457,0.036315093453713
-16,adx14,0.0720123294543751,26.113908949449208,25.33887460242535,0.0720123294543751,-0.0479815396989131,24.85428363999887,24.835469401436328,0.0479815396989131,False,0.0479815396989131,0.0599969345766441
-5,upper_wick,-0.0717791905816328,0.1917192770466915,0.2250492036981586,0.0717791905816328,-0.0869452735736821,0.2064116703429028,0.2201896721047184,0.0869452735736821,True,0.0717791905816328,0.07936223207765745
-21,ema6_slope_3h,0.0717088419455616,0.0010240283342334,0.0002989173169123,0.0717088419455616,0.2024527233664963,0.0005356116008614,-0.0001466308355447,0.2024527233664963,True,0.0717088419455616,0.13708078265602897
-21,adx14,-0.0714419932023339,24.39044179169394,25.076060252752697,0.0714419932023339,-0.1140060429931671,23.920960295724598,25.301596961636577,0.1140060429931671,True,0.0714419932023339,0.0927240180977505
-13,cci20,0.0714334574570572,23.012712643966672,6.314583794923911,0.0714334574570572,-0.1202470152934596,-8.75974188890319,11.26266623292328,0.1202470152934596,False,0.0714334574570572,0.0958402363752584
-23,volume_rel72,0.0711888245141477,1.0388059349845,1.025255793889054,0.0711888245141477,0.200973345417797,1.248983001851431,1.0460201087919558,0.200973345417797,True,0.0711888245141477,0.13608108496597235
-24,mfi14,-0.0711265800123095,50.48417123150517,51.27920302362681,0.0711265800123095,0.1185994587913637,50.82517793602316,46.30138226331747,0.1185994587913637,False,0.0711265800123095,0.0948630194018366
-16,bb_width,0.0710230065824122,0.0280932858290249,0.0295330305960424,0.0710230065824122,0.0669790366542459,0.0287019291944806,0.0246818715362396,0.0669790366542459,True,0.0669790366542459,0.06900102161832905
-22,atr14_pct,-0.0709440392678114,0.0073518875120926,0.0074054967802931,0.0709440392678114,0.0111063033821483,0.0066191240393705,0.0067333198499464,0.0111063033821483,False,0.0111063033821483,0.04102517132497985
-13,bb_width,0.0709384821692164,0.0296627070376266,0.0296636144026188,0.0709384821692164,0.1043259936346191,0.0278034224009049,0.0257715370271899,0.1043259936346191,True,0.0709384821692164,0.08763223790191775
-11,bb_z,0.0708809228840608,0.2595179402951676,0.0331186370742419,0.0708809228840608,-0.2572396161656745,-0.3870282819370369,0.0550113205620076,0.2572396161656745,False,0.0708809228840608,0.16406026952486763
-8,log_ret,-0.0708287876472356,0.0001686534954647,0.0003264608068594,0.0708287876472356,-0.0027924823720601,0.0002549792185742,3.800847139022203e-05,0.0027924823720601,True,0.0027924823720601,0.03681063500964785
-12,mfi14,0.0703996598888478,50.83323307179542,49.48186639639041,0.0703996598888478,0.0550420438219642,51.195644187024016,50.7282534452633,0.0550420438219642,True,0.0550420438219642,0.062720851855406
-7,close_vs_ema72,-0.0702700055186598,0.0035153944884668,0.0025828766580106,0.0702700055186598,-0.1887542143043227,-0.0029227114003599,7.865769219184138e-05,0.1887542143043227,True,0.0702700055186598,0.12951210991149126
-16,volume_rel72,-0.0693516956209282,0.9811465337056228,0.9772110032664124,0.0693516956209282,-0.0075702842154682,0.908855368296936,0.8883442021802022,0.0075702842154682,True,0.0075702842154682,0.0384609899181982
-22,volume_rel72,0.0693184602847571,1.1975146647443464,1.0147970567954876,0.0693184602847571,0.077398934587061,1.033610446274185,0.9043525491879836,0.077398934587061,True,0.0693184602847571,0.07335869743590906
-21,bb_z,0.0691968693201175,0.3642707723036528,0.176694315174056,0.0691968693201175,0.3332203822025069,0.464601074784126,-0.1294532630422688,0.3332203822025069,True,0.0691968693201175,0.20120862576131218
-23,macd_fast_hist_pct,0.0690711367046421,0.0001072776224266,-0.0001604748936879,0.0690711367046421,0.1117621310563425,0.0001419490016151,-8.086826583519888e-05,0.1117621310563425,True,0.0690711367046421,0.0904166338804923
-7,mfi14,-0.0689789219632126,49.95965934296377,49.91771718362418,0.0689789219632126,-0.1970744478067472,44.85901920079922,53.26702775829557,0.1970744478067472,True,0.0689789219632126,0.1330266848849799
-13,upper_wick,-0.0688936775386721,0.1778833786505101,0.2010171716855396,0.0688936775386721,0.1665560507571916,0.2490660024906574,0.2375740105952014,0.1665560507571916,False,0.0688936775386721,0.11772486414793185
-9,taker_share,0.0688867240520198,0.4943692193981794,0.4941311752425054,0.0688867240520198,-0.1103561638763363,0.4775674121827084,0.4861950839460112,0.1103561638763363,False,0.0688867240520198,0.08962144396417805
-21,lower_wick,0.0681586501158546,0.2524500148085563,0.247341070928461,0.0681586501158546,-0.2413592576798187,0.1721737999219519,0.2351776178896382,0.2413592576798187,False,0.0681586501158546,0.15475895389783664
-18,upper_wick,-0.067486931608362,0.2183357560653998,0.2353169218840916,0.067486931608362,-0.0593251173339719,0.2139010434197296,0.2398330249171452,0.0593251173339719,True,0.0593251173339719,0.06340602447116694
-22,close_vs_ema24,0.067278362051814,0.0017566979970462,0.0007303310833691,0.067278362051814,0.1923014018909364,0.0011642817340165,-0.0007868760591843,0.1923014018909364,True,0.067278362051814,0.1297898819713752
-5,taker_share,-0.0669075991481318,0.4928763373070342,0.4962485057549124,0.0669075991481318,-0.0492633483801525,0.4714158491739004,0.4781996197213567,0.0492633483801525,True,0.0492633483801525,0.05808547376414215
-7,rsi24,-0.066776882067933,50.30877630415813,51.53749814369813,0.066776882067933,-0.1068548666274365,48.37454883603304,50.41055552466942,0.1068548666274365,True,0.066776882067933,0.08681587434768476
-8,bb_width,-0.0667450378249651,0.0283596277932026,0.0301964196578224,0.0667450378249651,0.0593007928587714,0.0260289651947893,0.0267009379868014,0.0593007928587714,False,0.0593007928587714,0.06302291534186825
-22,trades_rel72,0.0665733100513173,1.1066766910709565,1.0124795772934263,0.0665733100513173,0.1036393707389279,1.1040544249907156,0.9685711665443874,0.1036393707389279,True,0.0665733100513173,0.0851063403951226
-15,macd_hist_pct,-0.0661762450635679,-6.210846485327334e-05,-0.0002407446399612,0.0661762450635679,0.1204112570705506,0.0002099773510413,-2.361628518516197e-05,0.1204112570705506,False,0.0661762450635679,0.09329375106705926
-22,rsi24,0.065884071535163,52.92081070948712,51.25835932312011,0.065884071535163,0.1036384418527188,49.685570699022655,48.60400482002071,0.1036384418527188,True,0.065884071535163,0.0847612566939409
-7,close_vs_vwap72,-0.0657470694452617,0.0033988765120923,0.0034957676197752,0.0657470694452617,-0.1150925223802871,-0.0003198279664595,0.0008050468426172,0.1150925223802871,True,0.0657470694452617,0.0904197959127744
-17,bb_width,0.0656695476231746,0.0280599532849968,0.0288312081653737,0.0656695476231746,0.0494163591615808,0.0271399851983177,0.0251251426730723,0.0494163591615808,True,0.0494163591615808,0.0575429533923777
-17,range_pct,0.0656673357308326,0.0066733228269821,0.006440507145986,0.0656673357308326,-0.0245789625118236,0.0054536991528755,0.0051867062819215,0.0245789625118236,False,0.0245789625118236,0.0451231491213281
-4,ema72_slope_12h,-0.0654862692140213,0.001202115221055,0.000697350551243,0.0654862692140213,-0.1297119678444552,-0.0006608113151975,-6.061753574737594e-05,0.1297119678444552,True,0.0654862692140213,0.09759911852923825
-20,mfi14,-0.0654044267524609,50.87320797801912,51.489533142707046,0.0654044267524609,0.3345880421653189,56.0337277963526,49.439391102186455,0.3345880421653189,False,0.0654044267524609,0.1999962344588899
-11,trades_rel72,-0.0650733454373712,0.9692588635775756,1.0197099610240752,0.0650733454373712,0.0028292857441864,1.030079440683156,1.0215379341864717,0.0028292857441864,False,0.0028292857441864,0.0339513155907788
-5,macd_signal_pct,-0.0647971825406759,0.0003889123361838,0.0005505920258266,0.0647971825406759,-0.0404022894606269,-0.0001558207690664,0.0001221931488713,0.0404022894606269,True,0.0404022894606269,0.052599736000651404
-3,range_pct,0.0644752714139616,0.008064496494391,0.0068767907066826,0.0644752714139616,-0.0290002458026777,0.0054970299443919,0.0056060086193685,0.0290002458026777,False,0.0290002458026777,0.04673775860831965
-8,stoch_k,-0.0640156765586816,56.89560030632639,55.919957673681004,0.0640156765586816,-0.2923793198304105,48.54339088257244,53.55499450258592,0.2923793198304105,True,0.0640156765586816,0.17819749819454606
-9,stoch_k,-0.0639177696886523,52.26446267964765,55.95540091300171,0.0639177696886523,-0.2696670036169871,46.42048538091043,54.24994412694349,0.2696670036169871,True,0.0639177696886523,0.1667923866528197
-8,atr14_pct,-0.0638129857888842,0.007199210346294,0.0075567624876859,0.0638129857888842,-0.1058724324507935,0.006100900005578,0.0064794422653166,0.1058724324507935,True,0.0638129857888842,0.08484270911983885
-16,macd_hist_pct,-0.0638038942848684,-0.0001599621340984,-0.0002164394552717,0.0638038942848684,0.1897112200555784,0.0002668996863697,-1.7853609600624987e-05,0.1897112200555784,False,0.0638038942848684,0.1267575571702234
-20,close_vs_ema12,-0.0636849622789338,0.0003895402868034,0.0004699098503972,0.0636849622789338,0.3596485394601702,0.0013032353972204,-0.0002733455302704,0.3596485394601702,False,0.0636849622789338,0.211666750869552
-17,close_vs_vwap24,-0.0635942398281077,0.0015770158355993,0.0012910664275871,0.0635942398281077,0.2768428561931141,0.0037577136820243,0.0006426197741884,0.2768428561931141,False,0.0635942398281077,0.1702185480106109
-23,close_vs_vwap72,0.0635228782481733,0.0078779951470399,0.0045507348463477,0.0635228782481733,0.0504016583157152,0.0025399268967105,-0.0027162557854157,0.0504016583157152,True,0.0504016583157152,0.056962268281944256
-8,rsi6,-0.0634765202333386,49.55200094685775,51.84057767006172,0.0634765202333386,-0.2389413046141489,48.80146367748242,49.88442315621524,0.2389413046141489,True,0.0634765202333386,0.15120891242374374
-20,range_pct,0.0631160393515324,0.0068174433065592,0.0064012367026707,0.0631160393515324,-0.0991827060931596,0.0046407503908285,0.0052699350212788,0.0991827060931596,False,0.0631160393515324,0.081149372722346
-14,macd_hist_pct,-0.0630293912216516,-0.0001552516302031,-0.000216025547479,0.0630293912216516,0.0635780184081211,2.198540778213588e-05,6.736268433386222e-05,0.0635780184081211,False,0.0630293912216516,0.06330370481488636
-23,trades_rel72,0.0630264566992257,1.0662392269060008,1.003803852281715,0.0630264566992257,0.2352385125454043,1.101940958743342,1.057749100384663,0.2352385125454043,True,0.0630264566992257,0.149132484622315
-22,close_vs_vwap72,0.0626197804258848,0.0090216066283603,0.0041214394108697,0.0626197804258848,0.1228537420656853,0.0006180403524087,-0.0027764178644996,0.1228537420656853,True,0.0626197804258848,0.09273676124578506
-16,ema6_slope_3h,-0.0625370465604921,0.0001420314196225,8.810344025100836e-05,0.0625370465604921,0.0629823994866396,0.0001708074795967,0.0003863278935758,0.0629823994866396,False,0.0625370465604921,0.06275972302356585
-15,mfi14,0.062057539525438,52.59811046452323,49.66391640293651,0.062057539525438,0.1584157357273218,54.39443039303608,50.24323083920241,0.1584157357273218,True,0.062057539525438,0.11023663762637989
-20,taker_share,-0.0618347766984811,0.4863534250496057,0.4937901522822284,0.0618347766984811,0.2152099848983191,0.4964130069894801,0.4801321880130009,0.2152099848983191,False,0.0618347766984811,0.1385223807984001
-15,range_pct,0.0616537799596271,0.0064367189894211,0.0065486136096448,0.0616537799596271,-0.0032510322925885,0.0050182825887794,0.0054587806370791,0.0032510322925885,False,0.0032510322925885,0.0324524061261078
-14,close_location,-0.0615291718119132,0.4673905291491086,0.5038812728546981,0.0615291718119132,-0.0342287834623484,0.4757741755170668,0.4947741897692984,0.0342287834623484,True,0.0342287834623484,0.047878977637130796
-17,mfi14,-0.0614136242034239,49.86475285655676,49.96021724789319,0.0614136242034239,0.2726876330286459,56.39508769917525,49.45736483131295,0.2726876330286459,False,0.0614136242034239,0.1670506286160349
-7,ema24_slope_6h,-0.0613686470752412,0.0006264603739828,0.0004543405131557,0.0613686470752412,-0.1718930424809037,-0.0005074728857608,0.0001801705136721,0.1718930424809037,True,0.0613686470752412,0.11663084477807245
-15,close_vs_vwap24,-0.0608873648048133,0.0014768672579807,0.0008421105428011,0.0608873648048133,0.1682780943338139,0.001945754464673,0.0010754678177813,0.1682780943338139,False,0.0608873648048133,0.1145827295693136
-8,close_vs_ema48,-0.0608491807678864,0.0020591097413132,0.0022428752706482,0.0608491807678864,-0.1616710677789139,-0.0025002045645514,-0.0003539890134605,0.1616710677789139,True,0.0608491807678864,0.11126012427340015
4,trades_rel72,-0.0608478080937667,0.9120238027980028,1.031315235714399,0.0608478080937667,0.175747176229133,1.189424659800637,0.9193100512799725,0.175747176229133,False,0.0608478080937667,0.11829749216144984
-9,close_vs_ema6,-0.0606385264704341,0.0001573134085832,0.0003295720687045,0.0606385264704341,-0.295546276033955,-0.0004317707399162,-9.549271820341598e-05,0.295546276033955,True,0.0606385264704341,0.17809240125219455
-9,close_vs_ema12,-0.0603283549197447,2.7040798924404807e-05,0.0007043167393542,0.0603283549197447,-0.282938687114687,-0.0005259274524387,5.552283465348751e-05,0.282938687114687,True,0.0603283549197447,0.17163352101721585
-8,ema6_slope_3h,-0.0599305832040529,0.0002136068664334,0.0002682777380795,0.0599305832040529,-0.3236841937359689,-0.000771912064299,-4.5516472660933616e-05,0.3236841937359689,True,0.0599305832040529,0.19180738847001091
-7,macd_pct,-0.0599208945092994,0.000502386087816,0.0005831970670452,0.0599208945092994,-0.0839378854077146,-0.0001863368515266,0.0001760573658669,0.0839378854077146,True,0.0599208945092994,0.071929389958507
-23,rsi24,0.0596384784811637,52.5322232387431,51.37252041972266,0.0596384784811637,0.0547199234391405,48.964180750374624,48.72254776399898,0.0547199234391405,True,0.0547199234391405,0.057179200960152096
-20,close_vs_vwap24,-0.0588524356057324,0.0017387462903265,0.0017601341730585,0.0588524356057324,0.4462107972374671,0.0025979472999468,-0.0001781625200373,0.4462107972374671,False,0.0588524356057324,0.25253161642159977
-23,close_vs_ema48,0.0587105933621409,0.0037989921769495,0.002108946389036,0.0587105933621409,0.0215172726558984,-0.0012461083883188,-0.0017830523803841,0.0215172726558984,True,0.0215172726558984,0.04011393300901965
-9,close_vs_ema24,-0.0583162168658126,0.0003358050894299,0.0008556549943241,0.0583162168658126,-0.2056873368656145,-0.0012565678519569,0.0001856563291831,0.2056873368656145,True,0.0583162168658126,0.13200177686571354
-10,trades_rel72,-0.0582455968199533,0.9983342872245587,1.0258081878060228,0.0582455968199533,-0.1691975730764586,1.0660312293092034,1.0855687532198028,0.1691975730764586,True,0.0582455968199533,0.11372158494820596
-12,bb_width,0.0582067189194495,0.0288739361182798,0.0295410993716338,0.0582067189194495,0.1177725770280642,0.0276833260416992,0.0256313291037828,0.1177725770280642,True,0.0582067189194495,0.08798964797375684
0,bb_width,-0.0581937384264447,0.0290557525020551,0.0315075528091501,0.0581937384264447,0.075054085170851,0.0264815961911983,0.0278436645157338,0.075054085170851,False,0.0581937384264447,0.06662391179864785
-9,rsi6,-0.0581481618465446,50.164262282143625,52.91532248017638,0.0581481618465446,-0.2418278772917291,46.5767791825506,50.56770032486065,0.2418278772917291,True,0.0581481618465446,0.14998801956913685
-22,close_vs_ema48,0.0574408322741733,0.0045840503780941,0.0017591687498174,0.0574408322741733,0.1039239843021598,-0.0010647050670106,-0.0016100633109328,0.1039239843021598,True,0.0574408322741733,0.08068240828816654
-21,rsi14,0.0574199610164577,52.20472572112563,50.728552639688665,0.0574199610164577,0.2500105803773321,51.77539473162693,48.48482448911084,0.2500105803773321,True,0.0574199610164577,0.1537152706968949
-14,close_vs_vwap24,-0.0574152445994781,0.0005666074562976,0.0008497695242108,0.0574152445994781,0.148049991841599,0.0019093953848914,0.0010155267716915,0.148049991841599,False,0.0574152445994781,0.10273261822053856
-18,rsi6,-0.0572588194497859,50.17827503893997,51.25357060187862,0.0572588194497859,0.2002462063186615,54.75993840533149,51.60208836488623,0.2002462063186615,False,0.0572588194497859,0.1287525128842237
-12,range_pct,-0.0571597697280438,0.006320732267719,0.0066164773073633,0.0571597697280438,0.0092393914669425,0.0050606114136144,0.0056208830548925,0.0092393914669425,False,0.0092393914669425,0.03319958059749315
-10,log_ret,0.0570410126853924,7.468063026964513e-05,3.235063564710007e-05,0.0570410126853924,-0.1717165661810823,-0.0003902288322553,1.3581874564050382e-05,0.1717165661810823,False,0.0570410126853924,0.11437878943323734
-8,taker_share,-0.0569261705889128,0.4925224719313429,0.4956724621339669,0.0569261705889128,0.0283310194881714,0.4870333124819883,0.4800327842875629,0.0283310194881714,False,0.0283310194881714,0.0426285950385421
-11,close_vs_ema6,-0.0568462056524552,0.0004114560682324,0.0002725021035203,0.0568462056524552,-0.2342798555614524,-0.0008064457757377,-0.0001377505786709,0.2342798555614524,True,0.0568462056524552,0.1455630306069538
-18,trades_rel72,-0.0565545317124209,0.9005379532416344,0.9988482533699086,0.0565545317124209,-0.0248859023017394,0.9124597004703908,0.9872647758515078,0.0248859023017394,True,0.0248859023017394,0.040720217007080145
-22,bb_width,-0.0565029712471063,0.0262190380888049,0.0290257274195662,0.0565029712471063,-0.121397317901895,0.024475787395796,0.0265232762615306,0.121397317901895,True,0.0565029712471063,0.08895014457450065
-19,volume_rel72,0.0564919628772406,0.8037749112197715,1.0000012026124887,0.0564919628772406,-0.0524663738000631,0.8809035263413214,0.9906072425690604,0.0524663738000631,False,0.0524663738000631,0.05447916833865185
-18,bb_width,0.0561149938148228,0.028657364276678,0.028368668760875,0.0561149938148228,0.015601121247665,0.0258353546759883,0.0247579183200439,0.015601121247665,True,0.015601121247665,0.0358580575312439
-15,close_vs_ema12,-0.0559263890025562,0.0003189805371207,0.0002238909890871,0.0559263890025562,-0.0158909694631473,-0.0003346845032926,0.0005531171336798,0.0158909694631473,True,0.0158909694631473,0.03590867923285175
-10,body_pct,0.0559100210038649,7.48251698130531e-05,3.2272837789060205e-05,0.0559100210038649,-0.1732820616545488,-0.0003901527028875,1.3475856252664896e-05,0.1732820616545488,False,0.0559100210038649,0.11459604132920684
-4,volume_rel72,-0.055890738713639,1.047226795988303,1.1040260195800282,0.055890738713639,0.0784444167084255,1.006658703481598,0.9954891799150152,0.0784444167084255,False,0.055890738713639,0.06716757771103225
-24,close_vs_ema6,0.0558804186848431,0.0004692272710431,0.0002910560269681,0.0558804186848431,0.1615183565386307,0.0004006442175437,2.583364036023994e-07,0.1615183565386307,True,0.0558804186848431,0.10869938761173689
-4,range_pct,-0.0557193962005329,0.0062778308125411,0.0070383632751166,0.0557193962005329,-0.0056351051461681,0.0058707735232301,0.0056477825773277,0.0056351051461681,True,0.0056351051461681,0.0306772506733505
-14,ema24_slope_6h,-0.0556679427462537,0.0004030469672251,0.00046323553152,0.0556679427462537,0.1482851310431567,0.0006736208027018,0.0001494302854896,0.1482851310431567,False,0.0556679427462537,0.10197653689470519
-11,close_vs_ema12,-0.0555968884364429,0.0009325961597892,0.0004147503212317,0.0555968884364429,-0.184561110670036,-0.0005648457174648,-2.6084122984770808e-05,0.184561110670036,True,0.0555968884364429,0.12007899955323945
-15,ema24_slope_6h,-0.0547399738333408,0.0005132448578588,0.0004764013252442,0.0547399738333408,0.1953346992986685,0.0009504436825344,-3.4828676823472904e-05,0.1953346992986685,False,0.0547399738333408,0.12503733656600466
4,ema6_slope_3h,0.0546611636946512,-0.0010260102702591,-0.0003241407105876,0.0546611636946512,-0.0103693569220886,-0.000759772871913,-0.000310544658439,0.0103693569220886,False,0.0103693569220886,0.0325152603083699
-15,bb_z,0.0545300880892623,0.1695383667209709,0.0067230807077101,0.0545300880892623,0.0141651492470686,0.1430661468085719,0.1858757773440881,0.0141651492470686,True,0.0141651492470686,0.03434761866816545
-14,stoch_k,-0.0538849107175161,48.88210177553687,52.70635552929403,0.0538849107175161,-0.0274451752010302,51.54132593701351,56.47476916703916,0.0274451752010302,True,0.0274451752010302,0.04066504295927315
-24,volume_rel72,-0.0537862648100654,0.9914320575443558,1.0245778220902395,0.0537862648100654,0.1368857587455265,1.215004714532544,1.0096909699484415,0.1368857587455265,False,0.0537862648100654,0.09533601177779595
-19,bb_z,-0.0535344104858795,0.1046428390249718,0.2166595367751309,0.0535344104858795,0.3161701049461701,0.5769645190281766,-0.0417054835425596,0.3161701049461701,False,0.0535344104858795,0.1848522577160248
-16,macd_fast_hist_pct,-0.0532537126966374,-0.000108340916056,-0.0002004793869605,0.0532537126966374,-0.0089512195004962,-3.1405301366021264e-06,0.0001180888916613,0.0089512195004962,True,0.0089512195004962,0.031102466098566803
-18,close_vs_ema48,-0.0530809541293044,0.0011168775184263,0.0025830539105001,0.0530809541293044,0.1392542649399149,0.0010100397653303,-0.0007166167245084,0.1392542649399149,False,0.0530809541293044,0.09616760953460965
-9,cci20,0.0530122409381056,3.3113384939552266,16.98622428206176,0.0530122409381056,-0.279506897885163,-24.067352975796947,5.436174774011884,0.279506897885163,False,0.0530122409381056,0.16625956941163428
-11,close_vs_ema24,-0.0526110983438314,0.0012792013901818,0.0012137698124309,0.0526110983438314,-0.1040828944794386,-0.0014984210511074,0.0001460591020725,0.1040828944794386,True,0.0526110983438314,0.078346996411635
-17,close_vs_ema12,-0.0525774889373939,0.0011325205220921,0.0004496054086066,0.0525774889373939,0.1266947977140432,0.00075062528639,0.0004361642267878,0.1266947977140432,False,0.0525774889373939,0.08963614332571855
-19,cci20,-0.0525388152711535,13.650975231844823,21.855864882229035,0.0525388152711535,0.3350007876861007,68.256913820819,-6.13856340509763,0.3350007876861007,False,0.0525388152711535,0.1937698014786271
-16,rsi6,0.0523827430679635,52.74674116072204,51.811450160977,0.0523827430679635,0.0178610889985262,48.76589350736957,52.26789866095521,0.0178610889985262,True,0.0178610889985262,0.03512191603324485
-6,macd_signal_pct,-0.0519521667834812,0.0003024742445304,0.0004941271185509,0.0519521667834812,-0.0130340673316163,1.4572236637362976e-05,1.3792171945312446e-06,0.0130340673316163,True,0.0130340673316163,0.032493117057548745
-14,volume_rel72,-0.0516914171352534,0.9431756038501188,1.016339503410543,0.0516914171352534,-0.2242951662879579,0.9759270793995816,1.095671602135434,0.2242951662879579,True,0.0516914171352534,0.13799329171160565
-8,bb_z,-0.0516020007715719,0.0088119039411132,0.1559333594851427,0.0516020007715719,-0.3092210116759437,-0.3968262597668567,0.1140713713210581,0.3092210116759437,True,0.0516020007715719,0.1804115062237578
-10,mfi14,0.0515704103640099,50.14728794023051,49.563628593731096,0.0515704103640099,-0.0104564102971766,47.66468559371478,52.28403382425643,0.0104564102971766,False,0.0104564102971766,0.031013410330593252
-21,upper_wick,-0.0512836392641476,0.2136074252118964,0.2220893107530046,0.0512836392641476,0.2449998875002,0.2881828316610739,0.2237138939266473,0.2449998875002,False,0.0512836392641476,0.1481417633821738
-17,adx14,0.0511991433630702,25.87637696419276,25.64750395443445,0.0511991433630702,-0.0565656366429487,24.77022160407429,25.120526716721464,0.0565656366429487,False,0.0511991433630702,0.05388239000300945
-15,macd_fast_hist_pct,-0.0511839999219605,-0.0001374905515704,-0.0002041800119997,0.0511839999219605,-0.1084337185197244,3.614589615764782e-05,0.0001572108740061,0.1084337185197244,True,0.0511839999219605,0.07980885922084245
-8,close_vs_ema72,-0.0507610743193389,0.0044821353598283,0.0027764957942406,0.0507610743193389,-0.1665320163825226,-0.0026150788906996,-0.0002812820719887,0.1665320163825226,True,0.0507610743193389,0.10864654535093075
-23,ema6_slope_3h,0.0507523004998314,0.000389235713695,0.0001563806099643,0.0507523004998314,0.1018513932367161,0.0005336779611704,7.92417283943525e-05,0.1018513932367161,True,0.0507523004998314,0.07630184686827375
-6,range_pct,0.0505612383515397,0.0061476206825251,0.0067310738788827,0.0505612383515397,0.0390738910240342,0.0056511330306869,0.0056957769541745,0.0390738910240342,True,0.0390738910240342,0.04481756468778695
-5,mfi14,-0.0504836779356652,51.19144525837431,50.51303141837741,0.0504836779356652,-0.2379098835721445,43.67878518666869,51.66980548022114,0.2379098835721445,True,0.0504836779356652,0.14419678075390485
-19,stoch_k,-0.0503136491692751,50.400062534293085,53.98892529210596,0.0503136491692751,0.2937665397938803,63.871920569114224,52.84673941642619,0.2937665397938803,False,0.0503136491692751,0.1720400944815777
-14,stoch_d,0.0502778394033239,55.64586774444695,49.81314977506781,0.0502778394033239,-0.0113714219939535,51.79834561366236,55.34050443309602,0.0113714219939535,False,0.0113714219939535,0.0308246306986387
2,lower_wick,-0.0502650386819835,0.2410137878627881,0.2504718959731655,0.0502650386819835,0.0977004792358414,0.2551487818376641,0.2211964634286211,0.0977004792358414,False,0.0502650386819835,0.07398275895891245
-16,log_ret,0.0499870077766172,-3.5982758161779304e-05,2.7546436064223373e-05,0.0499870077766172,-0.0092212443826611,-9.052940778906077e-05,7.628501302241669e-05,0.0092212443826611,False,0.0092212443826611,0.02960412607963915
-15,close_vs_ema24,-0.0499099878823591,0.0012023374370154,0.000535594634197,0.0499099878823591,0.0585107532752637,-0.0002785601965016,0.0004700020163086,0.0585107532752637,False,0.0499099878823591,0.054210370578811395
-8,macd_hist_pct,-0.049679942320594,7.250056129386913e-05,-0.0001506156130228,0.049679942320594,-0.2907369858101244,-0.0003322259446531,-6.812585636452963e-05,0.2907369858101244,True,0.049679942320594,0.17020846406535922
-23,close_vs_vwap24,0.0495766527034548,0.0025014516432391,0.001808302473103,0.0495766527034548,0.2207212002235322,0.0016374737688658,-0.0004690704946463,0.2207212002235322,True,0.0495766527034548,0.1351489264634935
-15,close_vs_ema6,-0.0493960319667179,0.0003444677025629,8.696729868917785e-05,0.0493960319667179,-0.1130615990656456,4.203735387564578e-06,0.0002640358190151,0.1130615990656456,True,0.0493960319667179,0.08122881551618175
-24,range_pct,-0.0492826556940244,0.0061657053906435,0.0066295955965998,0.0492826556940244,0.1733029366580777,0.0061787641353527,0.0059175328292169,0.1733029366580777,False,0.0492826556940244,0.11129279617605105
-17,cci20,-0.0492778066739181,33.17596463089923,14.140925035336762,0.0492778066739181,0.2477028790886216,50.152634627064906,12.060008337857752,0.2477028790886216,False,0.0492778066739181,0.14849034288126986
1,lower_wick,0.0491710959158061,0.3073289584260371,0.2762989834396335,0.0491710959158061,-0.0233215443266363,0.2341033946771976,0.2544628099173626,0.0233215443266363,False,0.0233215443266363,0.0362463201212212
-8,macd_pct,-0.0487723176300685,0.0006142007571689,0.0005755977271646,0.0487723176300685,-0.0535002431376611,-8.548031434645891e-05,0.0001613999586819,0.0535002431376611,True,0.0487723176300685,0.0511362803838648
-12,lower_wick,0.0487216692724555,0.2380949760724917,0.2512288105187448,0.0487216692724555,-0.0338940382339793,0.2033597455340748,0.2333146935956146,0.0338940382339793,False,0.0338940382339793,0.0413078537532174
-16,body_pct,0.0482915584663894,-3.605867253020367e-05,2.7473048843984493e-05,0.0482915584663894,-0.0091548106987656,-9.063105440820785e-05,7.61685272838708e-05,0.0091548106987656,False,0.0091548106987656,0.0287231845825775
-21,range_pct,0.0479961254460968,0.0067085117418833,0.0064705921865316,0.0479961254460968,-0.0640582695256772,0.0061706892472386,0.0055342884846167,0.0640582695256772,False,0.0479961254460968,0.056027197485887
-9,close_vs_vwap24,-0.0479557047876997,0.0005990037824549,0.0011799510140231,0.0479557047876997,-0.1757251141114685,-0.0006159237484498,0.0008963294117305,0.1757251141114685,True,0.0479557047876997,0.1118404094495841
-5,ema72_slope_12h,-0.0478210778408901,0.0011934200769743,0.0006332322480209,0.0478210778408901,-0.1042651247590348,-0.0006058343742333,2.748102904570615e-06,0.1042651247590348,True,0.0478210778408901,0.07604310129996245
-14,lower_wick,0.0472464850179599,0.2302552925832234,0.2338811277324715,0.0472464850179599,-0.102656244506522,0.1892362568191438,0.2270860392459837,0.102656244506522,False,0.0472464850179599,0.07495136476224096
-8,close_vs_vwap72,-0.047133281023594,0.0049138668449226,0.0043229296204301,0.047133281023594,-0.0967748178560204,-0.0008537300501606,0.0005106509215815,0.0967748178560204,True,0.047133281023594,0.07195404943980721
-22,close_vs_ema72,0.0469859360008931,0.0059702886425961,0.0026175948898529,0.0469859360008931,0.0380629584601364,-0.0027528621248527,-0.0022876708057201,0.0380629584601364,True,0.0380629584601364,0.04252444723051475
-9,ema6_slope_3h,-0.0468526273377649,0.0001018039740539,0.0003226640351722,0.0468526273377649,-0.3182863681735219,-0.0010514319605865,6.29051790492774e-05,0.3182863681735219,True,0.0468526273377649,0.1825694977556434
-8,rsi14,-0.0466949231408759,50.125802486261406,51.14063306758885,0.0466949231408759,-0.157333083154992,47.94350267538794,50.55857098591488,0.157333083154992,True,0.0466949231408759,0.10201400314793395
-14,close_vs_ema12,-0.0465024120751438,3.234128179652185e-05,0.0004657868030996,0.0465024120751438,-0.0125446742860078,0.0003413650183368,0.0005459826168794,0.0125446742860078,True,0.0125446742860078,0.0295235431805758
-8,rsi24,-0.0462974839767358,51.14703144318943,51.59568142657262,0.0462974839767358,-0.1095148165258421,48.48989952796509,49.689315364036496,0.1095148165258421,True,0.0462974839767358,0.07790615025128896
-23,close_vs_ema72,0.0462419715673286,0.0041023393350595,0.0030167663781983,0.0462419715673286,-0.0343199940477862,-0.0023991432700644,-0.0022269641310043,0.0343199940477862,False,0.0343199940477862,0.0402809828075574
-19,macd_hist_pct,-0.046073338115078,8.754110443607216e-05,-0.0001161459659069,0.046073338115078,0.2871695724810621,0.0003217351872074,-0.0001362670224729,0.2871695724810621,False,0.046073338115078,0.16662145529807007
-14,taker_share,0.0457930026351608,0.4928783347735391,0.4921792293269441,0.0457930026351608,0.0976391168569112,0.4736552793135993,0.4777489301145999,0.0976391168569112,True,0.0457930026351608,0.07171605974603601
-21,atr14_pct,-0.0455498155472169,0.007434816776977,0.0074209445202923,0.0455498155472169,0.0037927426640358,0.0063640990830518,0.0066313903679201,0.0037927426640358,False,0.0037927426640358,0.02467127910562635
-11,close_vs_vwap24,-0.0454989422276455,0.0019106928882656,0.0008799780556527,0.0454989422276455,-0.0476984068002578,-0.0009806687970206,0.0007149575319351,0.0476984068002578,True,0.0454989422276455,0.04659867451395165
-2,atr14_pct,-0.0453717358796116,0.0077299513901486,0.0078451822893688,0.0453717358796116,-0.0494775287451355,0.0063450370263959,0.0069415796098692,0.0494775287451355,True,0.0453717358796116,0.04742463231237355
-14,upper_wick,-0.045337745105536,0.2163784431359324,0.2180363733234159,0.045337745105536,-0.0040828381406122,0.2144141340801394,0.2098839663796717,0.0040828381406122,True,0.0040828381406122,0.0247102916230741
5,rsi6,-0.0452642668857681,46.43957533410227,49.21973998706687,0.0452642668857681,0.1557226002097628,49.82077993515136,49.05983637178751,0.1557226002097628,False,0.0452642668857681,0.10049343354776545
-13,ema24_slope_6h,-0.0450653892904089,0.0004146679309287,0.0003361825470011,0.0450653892904089,0.1083020663030219,0.0003216712535636,0.0002396343174033,0.1083020663030219,False,0.0450653892904089,0.0766837277967154
-16,bb_z,0.0450242386172914,0.2208162722006098,0.0588806152952723,0.0450242386172914,0.1104538217298541,0.2583506937916178,0.1306002086665751,0.1104538217298541,True,0.0450242386172914,0.07773903017357275
-17,close_vs_ema24,-0.0448092108256219,0.0015968884687744,0.001055687133973,0.0448092108256219,0.1611536934212853,0.0020289663914123,0.0004388710342893,0.1611536934212853,False,0.0448092108256219,0.1029814521234536
-14,close_vs_ema24,-0.044715391244024,0.0003938615073865,0.0011047273673029,0.044715391244024,0.0520254495812738,0.0005682763495498,0.0003511951540395,0.0520254495812738,False,0.044715391244024,0.0483704204126489
-22,macd_hist_pct,0.0444944419838755,0.000138760451965,-9.886388248265265e-05,0.0444944419838755,0.2535613739253965,0.0002201298462185,-0.0001499253153302,0.2535613739253965,True,0.0444944419838755,0.149027907954636
-19,close_vs_ema48,-0.0444731688866114,0.0022741740687011,0.0020371948206177,0.0444731688866114,0.1227968901866898,0.0007130130797656,-0.0015599415252408,0.1227968901866898,False,0.0444731688866114,0.0836350295366506
-9,close_vs_ema48,-0.0444158399942134,0.0019953641015983,0.0012950718498914,0.0444158399942134,-0.1600390086540244,-0.0023350124895495,-0.0004618030098891,0.1600390086540244,True,0.0444158399942134,0.1022274243241189
-8,ema24_slope_6h,-0.0442816360490143,0.0008660775515662,0.0005908373635576,0.0442816360490143,-0.1350038369475662,-0.0004398058573424,0.0002892634856128,0.1350038369475662,True,0.0442816360490143,0.08964273649829026
-15,cci20,0.0439511575095849,21.955288227990916,6.825269410023498,0.0439511575095849,0.0124513562715942,18.40038948574377,17.45585171598096,0.0124513562715942,True,0.0124513562715942,0.02820125689058955
-10,stoch_k,0.0434451405323821,59.23536404730388,52.04603879050644,0.0434451405323821,-0.2514718492390388,43.89117575841439,55.27897851136704,0.2514718492390388,False,0.0434451405323821,0.14745849488571044
-19,rsi14,-0.0433376358736452,51.75363964614981,51.51288429296996,0.0433376358736452,0.2363438044043035,52.495234445559376,48.408752847206806,0.2363438044043035,False,0.0433376358736452,0.13984072013897436
-12,close_location,-0.0433113100745545,0.5178473447987617,0.5390380228329328,0.0433113100745545,0.0483675670341076,0.5264923532313538,0.4662218515429265,0.0483675670341076,False,0.0433113100745545,0.04583943855433105
-16,ema24_slope_6h,-0.0429836593338023,0.000634898212796,0.000486547702055,0.0429836593338023,0.2209562200242287,0.0012380340303246,-6.841779163657691e-05,0.2209562200242287,False,0.0429836593338023,0.1319699396790155
-21,rsi24,0.0426499176445931,52.18982775634947,50.86554766483341,0.0426499176445931,0.1515686917786384,50.58181127616314,48.9449071301738,0.1515686917786384,True,0.0426499176445931,0.09710930471161575
-16,cci20,0.0425997636290896,34.795820779436184,9.352050680240271,0.0425997636290896,0.1480356115815019,30.54670594100429,14.70475229821068,0.1480356115815019,True,0.0425997636290896,0.09531768760529576
-16,atr14_pct,-0.0425506879719215,0.0075050963533885,0.0075439128924901,0.0425506879719215,0.0383873484072817,0.0064290186096109,0.0063553224724011,0.0383873484072817,False,0.0383873484072817,0.0404690181896016
-18,body_pct,-0.0424508182109224,0.0001708778785489,0.0001438009843278,0.0424508182109224,0.0565816675952921,-0.0001203112704379,0.0002595959329729,0.0565816675952921,False,0.0424508182109224,0.04951624290310725
-18,close_vs_ema72,-0.0422663645382716,0.0021329608410658,0.0030061848627243,0.0422663645382716,0.0784089585283981,-0.0011187475335897,-0.001693727844831,0.0784089585283981,False,0.0422663645382716,0.06033766153333485
-6,lower_wick,0.0422129734907659,0.2466435008250844,0.2275303675665353,0.0422129734907659,-0.1551409430934676,0.1695892140689403,0.2410866974141187,0.1551409430934676,False,0.0422129734907659,0.09867695829211676
-17,rsi6,0.0420817224640328,53.78982564900295,51.54411799929544,0.0420817224640328,0.0817097266491475,53.66697967754384,52.54990424007176,0.0817097266491475,True,0.0420817224640328,0.06189572455659015
-18,log_ret,-0.042079122358819,0.0001708757685402,0.0001436170264614,0.042079122358819,0.0544530575553586,-0.0001203185084194,0.000259562243779,0.0544530575553586,False,0.042079122358819,0.048266089957088795
-7,macd_signal_pct,-0.0418859328360329,0.0005657990577111,0.0004792113789841,0.0418859328360329,0.0158508115958193,8.74256394085742e-05,-8.921370329013956e-05,0.0158508115958193,False,0.0158508115958193,0.0288683722159261
1,upper_wick,-0.0414627234036632,0.2114603590591799,0.2364087301587382,0.0414627234036632,-0.1204444846565183,0.1678890553173766,0.2099039172210051,0.1204444846565183,True,0.0414627234036632,0.08095360403009075
-13,macd_hist_pct,-0.0412949086681458,-0.0001510670993836,-0.0002072141703251,0.0412949086681458,-0.0122007001695289,-0.0001115316941397,6.783967450164207e-05,0.0122007001695289,True,0.0122007001695289,0.02674780441883735
-17,trades_rel72,0.0412855483544372,1.0005207879612192,0.980813187114608,0.0412855483544372,-0.0271309506272923,0.9827529853525796,0.919391682573458,0.0271309506272923,False,0.0271309506272923,0.03420824949086475
-5,range_pct,-0.0410344667021388,0.006311842602696,0.0069792202680453,0.0410344667021388,0.0888630026731627,0.0053020219476676,0.0057563648581138,0.0888630026731627,False,0.0410344667021388,0.06494873468765075
-16,close_vs_vwap24,-0.0410209967920749,0.001267896923074,0.0009524650186274,0.0410209967920749,0.2569455256265145,0.0020058971662451,0.0008885056636915,0.2569455256265145,False,0.0410209967920749,0.1489832612092947
-22,close_vs_vwap24,0.0409219770882605,0.0020549468719407,0.0015383078768633,0.0409219770882605,0.3211237259068507,0.0017574516031417,-0.0003195354770962,0.3211237259068507,True,0.0409219770882605,0.1810228514975556
-19,upper_wick,-0.0408656532499666,0.2082239446520689,0.2179498513966593,0.0408656532499666,-0.2427407106059095,0.1811274228695903,0.2356274946523436,0.2427407106059095,True,0.0408656532499666,0.14180318192793803
-2,upper_wick,-0.040652527518116,0.1936061401848973,0.2187692353209682,0.040652527518116,-0.1405035635735401,0.2199576203716041,0.2502694328438573,0.1405035635735401,True,0.040652527518116,0.09057804554582805
-8,macd_fast_hist_pct,-0.0404955716408508,1.3591750599752894e-05,-5.823996865363243e-05,0.0404955716408508,-0.3523386857466647,-0.0003570954618539,3.783582477617161e-05,0.3523386857466647,True,0.0404955716408508,0.19641712869375777
-13,close_vs_ema6,0.0404494117282827,0.0005622296418437,8.342772313763014e-05,0.0404494117282827,-0.1777109245339437,-0.0004081227028961,0.0002945648657688,0.1777109245339437,False,0.0404494117282827,0.1090801681311132
-20,stoch_d,0.0403425299568158,55.85643651664154,55.43939788785664,0.0403425299568158,0.3801692030475851,61.8535521689849,49.19304202770909,0.3801692030475851,True,0.0403425299568158,0.21025586650220046
-9,atr14_pct,-0.0402962764327567,0.0072061943690314,0.0074562342457833,0.0402962764327567,-0.0693636958092122,0.0062364767076474,0.0064652637941285,0.0693636958092122,True,0.0402962764327567,0.05482998612098445
-9,macd_pct,-0.0402612603022278,0.0006044733433856,0.0004764485398159,0.0402612603022278,-0.0225966286565998,0.0001087783797006,0.0002392472329053,0.0225966286565998,True,0.0225966286565998,0.0314289444794138
-21,macd_fast_hist_pct,0.0392800896286634,3.262772287828087e-05,-0.0001245465823792,0.0392800896286634,0.1983713721235604,0.0002161445490819,-1.4541585174645245e-05,0.1983713721235604,True,0.0392800896286634,0.1188257308761119
4,range_pct,-0.0391934325003536,0.0066947986085273,0.0066979618134386,0.0391934325003536,0.1854701814036806,0.0069385616598045,0.0051358503065608,0.1854701814036806,False,0.0391934325003536,0.1123318069520171
-19,atr14_pct,-0.0391825539342306,0.0077590240126268,0.0075252849210214,0.0391825539342306,0.0073477921000775,0.0064891412583097,0.0064794422653166,0.0073477921000775,False,0.0073477921000775,0.02326517301715405
-20,close_vs_ema24,-0.0388278278656178,0.0013414931386286,0.0012016995075545,0.0388278278656178,0.308356298360911,0.0024043985439661,-0.0006029549688234,0.308356298360911,False,0.0388278278656178,0.1735920631132644
-8,cci20,-0.0387207499497635,-1.2218727708201207,13.056857956517693,0.0387207499497635,-0.2781440534415047,-36.70849535389511,5.012423455312192,0.2781440534415047,True,0.0387207499497635,0.1584324016956341
-10,taker_share,0.0385892539236373,0.4956748183266485,0.4921690049995016,0.0385892539236373,-0.0759152069580395,0.4766290797811784,0.4851603051798765,0.0759152069580395,False,0.0385892539236373,0.057252230440838395
-14,macd_fast_hist_pct,-0.0385214854977601,-8.085290638001988e-05,-0.000194510599011,0.0385214854977601,-0.1529417603372506,-8.194726558306283e-05,0.0001168907170094,0.1529417603372506,True,0.0385214854977601,0.09573162291750535
-22,close_location,0.038417833340463,0.5244062311734619,0.5294454639812474,0.038417833340463,-0.0097853300948098,0.5137390621356598,0.5209429456323037,0.0097853300948098,False,0.0097853300948098,0.024101581717636402
-11,close_vs_ema48,-0.0383808684323046,0.0018418785303788,0.0015634885379792,0.0383808684323046,-0.0765187288431957,-0.0018403188190598,0.000517903551247,0.0765187288431957,True,0.0383808684323046,0.057449798637750155
-9,ema24_slope_6h,-0.0382344025745715,0.0007425518856634,0.0005367729099433,0.0382344025745715,-0.0897897502174356,-0.0001809794344105,0.0002476798876716,0.0897897502174356,True,0.0382344025745715,0.06401207639600355
6,stoch_k,0.0380609688307586,46.37237521709879,48.80574802632022,0.0380609688307586,0.3504165291646191,58.2928359136392,47.90229133341621,0.3504165291646191,True,0.0380609688307586,0.19423874899768884
-16,mfi14,0.0375421879183687,50.95522828048099,49.2874589003351,0.0375421879183687,0.2147373859303164,54.95443039814415,49.95734400157077,0.2147373859303164,True,0.0375421879183687,0.12613978692434255
-9,bb_width,-0.037323026114594,0.0271324049709885,0.0298746430117654,0.037323026114594,0.0935038213698518,0.0285985744961472,0.0259105463774513,0.0935038213698518,False,0.037323026114594,0.0654134237422229
-20,adx14,-0.0372595588174732,25.288233384456305,25.39258997882065,0.0372595588174732,-0.1046882942565227,24.21956162157599,25.447811350439345,0.1046882942565227,True,0.0372595588174732,0.07097392653699794
-9,close_vs_ema72,-0.0369649084826698,0.0035471154373942,0.001908348474692,0.0369649084826698,-0.1650036113181809,-0.0018416919596104,-0.0005982196578458,0.1650036113181809,True,0.0369649084826698,0.10098425990042534
-8,macd_signal_pct,-0.0369413179599298,0.0005150122130915,0.000369990587929,0.0369413179599298,0.0416815955690365,0.0003371155038777,-0.0001561008463225,0.0416815955690365,False,0.0369413179599298,0.03931145676448315
-24,close_vs_vwap72,0.0368612607065087,0.0066414151012881,0.0046766367652307,0.0368612607065087,0.0540894432167611,-0.0010160609987404,-0.0017293131975119,0.0540894432167611,True,0.0368612607065087,0.0454753519616349
-24,close_vs_ema12,0.0367823446085229,0.0007321482038394,0.0007110538383551,0.0367823446085229,0.167433764973737,0.0006189303069847,-8.17608453554941e-05,0.167433764973737,True,0.0367823446085229,0.10210805479112994
-10,ema24_slope_6h,-0.0366580620393044,0.0006084126315087,0.0005136895501055,0.0366580620393044,-0.0436300820542847,-2.606705694596645e-05,0.000228957810433,0.0436300820542847,True,0.0366580620393044,0.04014407204679455
3,trades_rel72,0.0366279564909686,1.0409421368027687,1.0711767433468244,0.0366279564909686,0.3321012997554974,1.4746592781189156,0.8961451635336536,0.3321012997554974,True,0.0366279564909686,0.184364628123233
-3,volume_rel72,0.0365415661270959,1.0838905683781903,1.057044319376948,0.0365415661270959,0.0237787905775364,0.936079771196262,1.0295042820711184,0.0237787905775364,True,0.0237787905775364,0.03016017835231615
-24,rsi14,0.0365178534016005,52.29607561510135,50.98147879499144,0.0365178534016005,0.1396635668474285,50.91401394372479,48.78145207944728,0.1396635668474285,True,0.0365178534016005,0.0880907101245145
-24,stoch_d,0.0364916912103235,57.18795043118458,56.54085577430233,0.0364916912103235,0.1849995984937324,56.62145701383772,50.29552326410118,0.1849995984937324,True,0.0364916912103235,0.11074564485202795
-24,lower_wick,-0.0363944744360888,0.2388247282122992,0.2531053831133865,0.0363944744360888,0.0256774161544543,0.2003622812178991,0.2341033946771976,0.0256774161544543,False,0.0256774161544543,0.031035945295271553
-14,mfi14,0.0363801149997005,53.10511781751772,49.53126857320411,0.0363801149997005,0.1315869959604244,53.57103367588164,50.01239650022124,0.1315869959604244,True,0.0363801149997005,0.08398355548006245
-17,close_vs_ema6,-0.036359478717522,0.000573455310174,0.0003094646350638,0.036359478717522,0.0364901392764722,0.0002580217653385,0.0004809006340451,0.0364901392764722,False,0.036359478717522,0.0364248089969971
-11,macd_pct,-0.0363194313492569,0.0004402914240093,0.000430550812122,0.0363194313492569,0.0525537677397811,0.0005071968237111,0.0002793572124634,0.0525537677397811,False,0.0363194313492569,0.044436599544519
-21,close_vs_vwap72,0.0361167399570335,0.0085852513948382,0.0041005580512279,0.0361167399570335,0.1424715766731395,0.0013153595278121,-0.0028917024576687,0.1424715766731395,True,0.0361167399570335,0.0892941583150865
-10,macd_pct,-0.0360551032454447,0.000397197938427,0.0004880690146081,0.0360551032454447,0.0158540090004363,0.0001506082095625,0.0002721610624751,0.0158540090004363,False,0.0158540090004363,0.025954556122940498
-11,macd_hist_pct,-0.036002624514871,-1.672303403129061e-05,-0.0002219011497774,0.036002624514871,-0.140427000498903,-0.0001800605305645,6.677133529967031e-05,0.140427000498903,True,0.036002624514871,0.088214812506887
-23,mfi14,-0.0359695368306938,51.9434204534296,50.71653460575234,0.0359695368306938,0.1401108178351524,50.47030550934815,47.91854897567155,0.1401108178351524,False,0.0359695368306938,0.0880401773329231
-12,stoch_k,0.0357358955552077,55.54545954429132,52.15977856313095,0.0357358955552077,-0.1143183567817858,46.93814738750655,54.90091336596815,0.1143183567817858,False,0.0357358955552077,0.07502712616849674
-14,macd_pct,-0.0356049000680921,0.000404366364866,0.0003179192550185,0.0356049000680921,0.1438398825472217,0.0010718163278418,-0.0001808339502753,0.1438398825472217,False,0.0356049000680921,0.0897223913076569
-6,ema72_slope_12h,-0.0355885471669475,0.0010472278390241,0.000571504906992,0.0355885471669475,-0.0811194072721409,-0.0007932682882847,-2.36727250777502e-05,0.0811194072721409,True,0.0355885471669475,0.058353977219544204
-14,cci20,0.0355453519865739,12.525038088495965,7.54186679065243,0.0355453519865739,-0.0607704030238126,21.568173473871926,15.367068816832026,0.0607704030238126,False,0.0355453519865739,0.04815787750519325
-11,ema24_slope_6h,-0.0352637003487598,0.0008195639982909,0.0003386970963046,0.0352637003487598,0.0102278134075255,-0.0001839647899921,0.0003381686453824,0.0102278134075255,False,0.0102278134075255,0.02274575687814265
-11,rsi6,-0.0350892521678494,53.41000166843202,51.55798429569987,0.0350892521678494,-0.1872602379080447,46.29149259409153,50.37809806414622,0.1872602379080447,True,0.0350892521678494,0.11117474503794705
-19,close_vs_ema72,-0.0349772670797759,0.0033835984457334,0.0025979326694105,0.0349772670797759,0.0630894239718194,-0.00143201727021,-0.0016910665577136,0.0630894239718194,False,0.0349772670797759,0.04903334552579765
-21,taker_share,-0.034778854046813,0.4872950998091615,0.4950844145848564,0.034778854046813,0.0951554646317397,0.4965378904732154,0.4791762648713397,0.0951554646317397,False,0.034778854046813,0.06496715933927635
-18,rsi14,-0.0347767201322413,51.601240693832274,51.982649845143214,0.0347767201322413,0.2211856489493927,54.05092702793889,50.35423702515077,0.2211856489493927,False,0.0347767201322413,0.127981184540817
-16,close_location,-0.0347606839229984,0.5510119412311896,0.4985594296339559,0.0347606839229984,-0.0905328595407473,0.4618504925632744,0.5188152464190335,0.0905328595407473,True,0.0347606839229984,0.06264677173187286
-22,mfi14,-0.0345805142427616,50.09133479856087,50.74122562809854,0.0345805142427616,0.2304665282257166,52.09985742534565,47.74205125476049,0.2304665282257166,False,0.0345805142427616,0.1325235212342391
-11,close_vs_vwap72,-0.0343795034452145,0.0045785257602009,0.0033956683339707,0.0343795034452145,-0.0195753662669877,-0.0016524801538877,0.000678671760335,0.0195753662669877,True,0.0195753662669877,0.0269774348561011
-9,macd_hist_pct,-0.0343407418897707,2.351929511093006e-05,-0.0002074329031906,0.0343407418897707,-0.2598565287401174,-0.0002638786163174,-6.060431410763628e-05,0.2598565287401174,True,0.0343407418897707,0.14709863531494405
-15,close_vs_ema48,-0.0338967781196726,0.002528679490429,0.0010819708423864,0.0338967781196726,0.0469233941001953,8.578192285835229e-06,-0.0003895502273657,0.0469233941001953,False,0.0338967781196726,0.04041008610993395
-14,close_vs_ema6,-0.0337378408227127,-9.741475757463204e-05,0.0001717376525202,0.0337378408227127,-0.0801552497568259,-0.0001869265785836,0.0001969986838088,0.0801552497568259,True,0.0337378408227127,0.05694654528976931
-12,ema24_slope_6h,-0.0334906356908709,0.0006524375711326,0.000272784949166,0.0334906356908709,0.058711491487488,0.0002429476221028,0.0002615849242466,0.058711491487488,False,0.0334906356908709,0.04610106358917945
-9,close_vs_vwap72,-0.0333294311073872,0.0044764892474605,0.0032660553935232,0.0333294311073872,-0.0952935728714126,-0.0006977695760238,-0.0007431458119755,0.0952935728714126,True,0.0333294311073872,0.0643115019893999
-19,rsi24,-0.0333283171166527,51.604290223727006,51.299052009164754,0.0333283171166527,0.152329221152825,50.69081220489444,48.79650834067744,0.152329221152825,False,0.0333283171166527,0.09282876913473884
3,upper_wick,0.033276009053816,0.2104778111940691,0.2088425706289365,0.033276009053816,0.0606775601037877,0.2590311986863636,0.2204548292970893,0.0606775601037877,True,0.033276009053816,0.04697678457880185
-8,upper_wick,-0.0330947898327209,0.209686279575438,0.2149232212045051,0.0330947898327209,0.0108361281018633,0.2316843944185355,0.2200743825579744,0.0108361281018633,False,0.0108361281018633,0.0219654589672921
-15,rsi6,0.032952421847217,50.961199383283486,50.66689264895385,0.032952421847217,-0.0397364231841874,48.43060694584256,52.19356799574523,0.0397364231841874,False,0.032952421847217,0.036344422515702204
-12,volume_rel72,-0.0329255680263167,0.9966311654630132,1.0285562225045817,0.0329255680263167,-0.0462488486144129,0.951483117140464,1.0910730373939697,0.0462488486144129,True,0.0329255680263167,0.0395872083203648
6,lower_wick,0.0327405527172206,0.2516976466912307,0.2443586159416167,0.0327405527172206,-0.0129582274388606,0.2396026103048756,0.2471238438980396,0.0129582274388606,False,0.0129582274388606,0.0228493900780406
-5,close_location,-0.0327292412663474,0.495105788571454,0.5084482615311302,0.0327292412663474,0.0575312680154746,0.5319234105010413,0.4997999999999593,0.0575312680154746,False,0.0327292412663474,0.045130254640911
-20,atr14_pct,-0.0327283036517932,0.0077541410494745,0.0074800393043433,0.0327283036517932,-0.0075605816706598,0.0064653497173313,0.0065455628066927,0.0075605816706598,True,0.0075605816706598,0.020144442661226503
-11,bb_width,0.0327179737046681,0.0291849619633831,0.0298342054269049,0.0327179737046681,0.1220389922306624,0.0275537409100471,0.0260302030147514,0.1220389922306624,True,0.0327179737046681,0.07737848296766525
-9,macd_signal_pct,-0.0325646173401363,0.0003950554181161,0.0003971064881865,0.0325646173401363,0.0667151380943254,0.0004421348500096,-0.0001627909268042,0.0667151380943254,False,0.0325646173401363,0.04963987771723085
-15,macd_pct,-0.0325630403998777,0.0005455081659615,0.0004384810518224,0.0325630403998777,0.1588609160191426,0.0008274271695853,-0.0003068316259283,0.1588609160191426,False,0.0325630403998777,0.09571197820951015
-8,close_location,0.032113716795228,0.540264240162958,0.5362980965421278,0.032113716795228,-0.0377510598911292,0.4958499978496922,0.4875152253349434,0.0377510598911292,False,0.032113716795228,0.034932388343178605
-22,upper_wick,-0.0320230330925213,0.2436321231711266,0.2295410961802079,0.0320230330925213,0.2816792552342562,0.2294617234608639,0.2006512514466006,0.2816792552342562,False,0.0320230330925213,0.15685114416338874
-13,macd_pct,-0.0319595659973805,0.0003022952528281,0.0003781901773192,0.0319595659973805,0.1152547576695617,0.0008628081726542,-0.0001057263846663,0.1152547576695617,False,0.0319595659973805,0.0736071618334711
-18,close_vs_vwap72,-0.0317644025465779,0.0063547721032175,0.0047162079571649,0.0317644025465779,0.166281962403545,0.0005920909035612,-0.0013637212327277,0.166281962403545,False,0.0317644025465779,0.09902318247506145
-9,rsi24,-0.0317631930282346,51.19326235057094,51.01721991913928,0.0317631930282346,-0.1010366818472687,48.02676098468765,49.72377706890574,0.1010366818472687,True,0.0317631930282346,0.06639993743775165
-11,close_vs_ema72,-0.0315181127123976,0.0019646646737209,0.002221979090566,0.0315181127123976,-0.0942752135870563,-0.002200759627616,-0.0001944931461526,0.0942752135870563,True,0.0315181127123976,0.06289666314972694
-6,mfi14,-0.0314621898282659,52.558025262629045,49.995590490732624,0.0314621898282659,-0.235677938890726,47.91243349634006,52.60055518735043,0.235677938890726,True,0.0314621898282659,0.13357006435949595
-7,upper_wick,0.0313765888870787,0.2191458580428714,0.2149220675903451,0.0313765888870787,0.0244454884823515,0.2445074415308432,0.2253076224295771,0.0244454884823515,True,0.0244454884823515,0.0279110386847151
-14,close_vs_ema48,-0.0313578557457671,0.0015127807378632,0.0011996150416662,0.0313578557457671,0.0440355350802756,0.002004661236729,-1.4049143330918668e-05,0.0440355350802756,False,0.0313578557457671,0.03769669541302135
-14,rsi6,-0.0313092853432918,49.72492778651237,51.65759968684961,0.0313092853432918,-0.0043049654718399,51.51678157038052,51.56177779912181,0.0043049654718399,True,0.0043049654718399,0.01780712540756585
-12,macd_pct,-0.0309558586220182,0.0004624889426698,0.0004122990662518,0.0309558586220182,0.0837399617523548,0.0006038954303047,0.0001103311015338,0.0837399617523548,False,0.0309558586220182,0.057347910187186504
-7,lower_wick,-0.03057924040442,0.2358113664431271,0.2616381817972355,0.03057924040442,-0.0039335635162689,0.2698339270018887,0.2544301248489599,0.0039335635162689,True,0.0039335635162689,0.01725640196034445
-10,macd_signal_pct,-0.0304525646091157,0.0001634387489288,0.0004380180001406,0.0304525646091157,0.0897846396979007,0.0005384781242673,-0.0002490200635702,0.0897846396979007,False,0.0304525646091157,0.0601186021535082
-20,macd_fast_hist_pct,-0.0304421713620944,3.5568681849839986e-05,-0.0001515504013861,0.0304421713620944,0.2718538079350169,0.0002428568541153,-2.346730046755544e-05,0.2718538079350169,False,0.0304421713620944,0.15114798964855564
-7,ema72_slope_12h,-0.0303472316008249,0.0007312324841413,0.000630639785747,0.0303472316008249,-0.0568487560707052,-0.0003652335810606,-0.0001457723763249,0.0568487560707052,True,0.0303472316008249,0.04359799383576505
-9,rsi14,-0.0301621717071744,51.122663069711024,50.98055273773464,0.0301621717071744,-0.1439691847292204,47.35451149180312,50.34445755814374,0.1439691847292204,True,0.0301621717071744,0.0870656782181974
-15,ema6_slope_3h,-0.0301300671432054,0.0004211091920015,0.0001588304948675,0.0301300671432054,-0.0259367033832578,-0.0003305796306523,0.0003855525341429,0.0259367033832578,True,0.0259367033832578,0.028033385263231597
-10,stoch_d,0.0301117918039434,56.7229934029867,51.90983682910119,0.0301117918039434,-0.2164047304254954,47.00719258433008,55.732501886063496,0.2164047304254954,False,0.0301117918039434,0.12325826111471941
-8,stoch_d,-0.0299275876102705,56.72148452713263,55.00346136404346,0.0299275876102705,-0.2931550045970442,44.16056457240263,53.64846086102653,0.2931550045970442,True,0.0299275876102705,0.16154129610365733
-16,upper_wick,0.0298651903269648,0.220694509863582,0.2111715757805901,0.0298651903269648,0.0959089243590257,0.2189439643931244,0.2173570716971508,0.0959089243590257,True,0.0298651903269648,0.06288705734299525
-14,rsi24,-0.0297007183223835,51.07010567578647,50.81394536923831,0.0297007183223835,0.0587032192286182,51.18799578710684,50.02417033160197,0.0587032192286182,False,0.0297007183223835,0.04420196877550085
5,bb_width,0.0296840754209157,0.0313216181829372,0.0322958609147247,0.0296840754209157,0.1617613989635665,0.0278418432611455,0.0264915316748706,0.1617613989635665,True,0.0296840754209157,0.0957227371922411
-21,macd_hist_pct,0.0296015934194263,0.0001170826433257,-9.522118834674188e-05,0.0296015934194263,0.2735380305825102,0.00032906422496,-0.0002179124111496,0.2735380305825102,True,0.0296015934194263,0.15156981200096825
-9,mfi14,0.029315213998501,52.94487699611014,50.60857433273057,0.029315213998501,-0.0488967376761034,50.514409602732805,51.91289433765337,0.0488967376761034,False,0.029315213998501,0.0391059758373022
4,bb_width,0.0293149938482166,0.0313366121293688,0.032110971121636,0.0293149938482166,0.1717459865576431,0.0283860737697067,0.0279164935590909,0.1717459865576431,True,0.0293149938482166,0.10053049020292984
-14,close_vs_vwap72,-0.0292539520627677,0.0030853029833941,0.0036150769664285,0.0292539520627677,0.0854221390142985,0.00233211161071,-0.0001640873340915,0.0854221390142985,False,0.0292539520627677,0.0573380455385331
-21,mfi14,-0.0291677944226188,51.478149704468215,50.60833709002506,0.0291677944226188,0.3166836855878504,54.05773834175112,48.76278477470719,0.3166836855878504,False,0.0291677944226188,0.1729257400052346
-20,trades_rel72,0.0290824660546995,1.0727020282927917,1.0145193472300875,0.0290824660546995,-0.0894159834255847,0.8534179025404106,0.995475859955024,0.0894159834255847,False,0.0290824660546995,0.0592492247401421
-14,ema6_slope_3h,-0.0290683162827983,0.0001254457713734,1.5662820978978864e-05,0.0290683162827983,-0.0700304094825805,-6.714423116627177e-05,0.0003919159958036,0.0700304094825805,True,0.0290683162827983,0.0495493628826894
-22,lower_wick,-0.0287937170971741,0.2427538316509088,0.2423956458400723,0.0287937170971741,-0.1832053199931753,0.1751587503175037,0.2515450582091533,0.1832053199931753,True,0.0287937170971741,0.1059995185451747
-10,close_vs_ema24,-0.028324527326509,0.0015759248828528,0.0008755493900755,0.028324527326509,-0.1588325115612957,-0.000280487244995,0.0006441066680158,0.1588325115612957,True,0.028324527326509,0.09357851944390234
-11,macd_signal_pct,-0.0283130972202238,0.0001943386543507,0.0003322271846786,0.0283130972202238,0.1090504927202643,0.0005933320176113,-0.0003340685956364,0.1090504927202643,False,0.0283130972202238,0.06868179497024406
-17,ema24_slope_6h,-0.0281345409810069,0.0006060278994604,0.000592353285118,0.0281345409810069,0.2260741364770761,0.0012087806745999,-0.0002219097418227,0.2260741364770761,False,0.0281345409810069,0.1271043387290415
-12,macd_hist_pct,-0.0278850585245916,-5.2672881848375626e-05,-0.0001558395492325,0.0278850585245916,-0.0822277698275709,3.585980365014283e-06,8.620463727402697e-05,0.0822277698275709,True,0.0278850585245916,0.05505641417608125
-15,close_vs_ema72,-0.0277586489889225,0.0012518675369435,0.0024400318896315,0.0277586489889225,0.0056033317017304,-0.0006021669403039,-0.0016678618471992,0.0056033317017304,False,0.0056033317017304,0.01668099034532645
-14,rsi14,-0.0277543473885638,50.95067239553347,51.56506345854118,0.0277543473885638,0.0742184094133214,51.59177800235215,50.855827481888014,0.0742184094133214,False,0.0277543473885638,0.050986378400942604
-18,atr14_pct,-0.0277349367930456,0.0075810993001074,0.007457451220998,0.0277349367930456,0.0207868740651395,0.0062684027454894,0.0064655880801589,0.0207868740651395,False,0.0207868740651395,0.02426090542909255
-18,rsi24,-0.0276041298744852,50.96726753111206,51.85753209825827,0.0276041298744852,0.1520001540514043,51.02002991668551,49.46032793720983,0.1520001540514043,False,0.0276041298744852,0.08980214196294475
-17,close_vs_ema48,-0.0275860335553097,0.0009082601398868,0.0023310401611812,0.0275860335553097,0.1152764066204523,0.0025126209086832,-0.0007867433916498,0.1152764066204523,False,0.0275860335553097,0.071431220087881
-21,close_location,0.0274086751825638,0.5863024645946511,0.509006832726626,0.0274086751825638,0.000871393066955,0.5545417075285417,0.5148338400251691,0.000871393066955,True,0.000871393066955,0.0141400341247594
-8,ema72_slope_12h,-0.0272698278950647,0.0003120704147338,0.0007501193538076,0.0272698278950647,-0.0347363688495718,-0.0001545787681109,-0.0002595697245313,0.0347363688495718,True,0.0272698278950647,0.03100309837231825
-10,macd_hist_pct,-0.0271307464419889,-8.744637958164281e-05,-0.0002518759128817,0.0271307464419889,-0.2020684156475245,-0.000181096558891,-1.7853609600624987e-05,0.2020684156475245,True,0.0271307464419889,0.1145995810447567
-16,macd_pct,-0.0267293726722257,0.0005310926954164,0.0006345796601763,0.0267293726722257,0.171830278368573,0.0012311437979063,-0.0004694189926265,0.171830278368573,False,0.0267293726722257,0.09927982552039935
-22,macd_pct,0.0264480550960426,0.001026188289012,0.0006032259928385,0.0264480550960426,0.057779338778407,-0.0001622236376254,-0.0006555275680802,0.057779338778407,True,0.0264480550960426,0.0421136969372248
-17,macd_pct,-0.0263830314295723,0.0006042839272594,0.000523871099512,0.0263830314295723,0.1664686622858858,0.0011214490636089,-0.0006640628018196,0.1664686622858858,False,0.0263830314295723,0.09642584685772905
-14,close_vs_ema72,-0.0260542994705379,-0.0005380272503863,0.0022217802184324,0.0260542994705379,0.0057650624016317,-0.0013127288859979,-0.0011899405062701,0.0057650624016317,False,0.0057650624016317,0.0159096809360848
-15,close_vs_vwap72,-0.0260210556239989,0.0029876664141621,0.0034238510875946,0.0260210556239989,0.0913938504273826,0.0015709725210419,-1.7354958205206827e-05,0.0913938504273826,False,0.0260210556239989,0.05870745302569075
-10,atr14_pct,-0.0260018553752288,0.0073872526440121,0.0074437138324873,0.0260018553752288,-0.0034732460468251,0.0062333704374778,0.0064891412583097,0.0034732460468251,True,0.0034732460468251,0.01473755071102695
6,bb_z,-0.0259215001852344,-0.4611776155812781,-0.1652250392053554,0.0259215001852344,0.3170885199590122,-0.040833578300297,-0.0964516556368849,0.3170885199590122,False,0.0259215001852344,0.17150501007212332
-12,macd_fast_hist_pct,0.0256208319521691,3.979220130429352e-05,-9.416032034748069e-05,0.0256208319521691,-0.2768542744572624,-0.0002925849641131,4.678112097189802e-05,0.2768542744572624,False,0.0256208319521691,0.15123755320471574
-22,ema24_slope_6h,0.0253784278984219,0.0008164947993996,0.000390757920143,0.0253784278984219,0.1015463158300767,0.0003231589609407,-0.0004308105626348,0.1015463158300767,True,0.0253784278984219,0.0634623718642493
-19,close_location,-0.0253655928098949,0.4707987874096874,0.5056085812756546,0.0253655928098949,0.0050843886133918,0.5400069637882942,0.5117791151298782,0.0050843886133918,False,0.0050843886133918,0.01522499071164335
-24,close_vs_ema24,0.0252699716219204,0.0016692320481033,0.0008860468337708,0.0252699716219204,0.1283837317463508,0.0010973350440111,-0.0007592568037383,0.1283837317463508,True,0.0252699716219204,0.0768268516841356
-12,macd_signal_pct,-0.025179405280535,0.0001252136860523,0.0003750417611087,0.025179405280535,0.1217571592052551,0.0006062091296669,-0.0003888827100883,0.1217571592052551,False,0.025179405280535,0.07346828224289505
-6,trades_rel72,-0.0250659828677027,1.0010713131552549,1.063651619777176,0.0250659828677027,-0.007817266579962,0.9925741206922404,1.0447275030852223,0.007817266579962,True,0.007817266579962,0.01644162472383235
-24,trades_rel72,0.0248765338484838,1.0283393397082612,1.0257934218490234,0.0248765338484838,0.1074171949916956,1.286167854242886,1.045986849392313,0.1074171949916956,True,0.0248765338484838,0.0661468644200897
-19,bb_width,0.0248429740342489,0.02791669046519,0.0283585082200809,0.0248429740342489,-0.0244703600396851,0.0258377825156655,0.0249609416432677,0.0244703600396851,False,0.0244703600396851,0.024656667036967
-13,lower_wick,0.0247524114919918,0.261500403476417,0.2430280027695364,0.0247524114919918,-0.1676329129463461,0.2166450912431803,0.2328535139712137,0.1676329129463461,False,0.0247524114919918,0.09619266221916896
-23,close_location,-0.0245245803531761,0.5263801832774273,0.5574633952824717,0.0245245803531761,-0.0868049168366037,0.4681424677230866,0.4942972019364921,0.0868049168366037,True,0.0245245803531761,0.0556647485948899
-18,adx14,0.0243902395488849,25.81149730137814,25.37035264741609,0.0243902395488849,-0.0744929539890933,24.59718623993773,25.20188556712628,0.0744929539890933,False,0.0243902395488849,0.0494415967689891
-21,macd_pct,0.0241577706190167,0.0010897456365573,0.0005245106507867,0.0241577706190167,0.089047960268992,-0.0001574895663854,-0.0006687705184327,0.089047960268992,True,0.0241577706190167,0.05660286544400435
-13,mfi14,0.0240951463977708,51.66700238170334,48.88620855411531,0.0240951463977708,0.1296269174598061,51.97912598309258,50.34585249352656,0.1296269174598061,True,0.0240951463977708,0.07686103192878845
-24,close_vs_ema48,0.024005161054117,0.0024628281915142,0.0022130210647103,0.024005161054117,0.0420221086677138,-0.0008261742851074,-0.0018631395047393,0.0420221086677138,True,0.024005161054117,0.0330136348609154
-9,ema72_slope_12h,-0.0239997285094097,0.0002419494109853,0.0007410962242981,0.0239997285094097,-0.0088682762928945,8.389063965252852e-05,-0.0004568886436969,0.0088682762928945,True,0.0088682762928945,0.0164340024011521
-21,ema24_slope_6h,0.0238636694229871,0.0008180882979669,0.0004951597398336,0.0238636694229871,0.1306171290228959,0.0003328219591025,-0.0003665483619189,0.1306171290228959,True,0.0238636694229871,0.0772403992229415
-18,stoch_d,-0.0238128540086165,51.41466829152149,53.865817219170026,0.0238128540086165,0.3469902507301319,65.36825852622682,53.83545153932229,0.3469902507301319,False,0.0238128540086165,0.1854015523693742
-19,close_vs_vwap72,-0.0234479668643556,0.0061770283837421,0.0047260825931638,0.0234479668643556,0.1517256369965171,0.0008428523353702,-0.0021819949846739,0.1517256369965171,False,0.0234479668643556,0.08758680193043634
-13,close_vs_vwap24,-0.0233920046688286,0.00114805907441,0.0009193938491111,0.0233920046688286,0.0550108974446937,0.0004374891622296,0.0011206200734232,0.0550108974446937,False,0.0233920046688286,0.03920145105676115
-11,rsi24,-0.0232648584618348,51.002914258629374,51.205002651504486,0.0232648584618348,-0.0407969245191877,48.3549094798613,50.39101154874809,0.0407969245191877,True,0.0232648584618348,0.03203089149051125
-13,atr14_pct,-0.0231033667537359,0.0075878900029711,0.0075999942376739,0.0231033667537359,0.0401157070930844,0.0063005349966895,0.0062566160328722,0.0401157070930844,False,0.0231033667537359,0.03160953692341015
-17,atr14_pct,-0.023001193363548,0.0077455482998909,0.0076082347763038,0.023001193363548,0.0323245084584349,0.006057148116711,0.0064595443665488,0.0323245084584349,False,0.023001193363548,0.02766285091099145
-16,close_vs_ema24,-0.0226604383040397,0.0015719454649252,0.0008638974517944,0.0226604383040397,0.1522181342268073,0.0006839403137524,0.0002776415123442,0.1522181342268073,False,0.0226604383040397,0.0874392862654235
-14,bb_z,0.0225394460373162,0.0068881218473697,0.1014776711692281,0.0225394460373162,-0.0317634936496106,0.2372350301760705,0.0834545998662483,0.0317634936496106,False,0.0225394460373162,0.0271514698434634
-10,close_vs_ema48,-0.0225362028131492,0.0022705628119237,0.0015429454908391,0.0225362028131492,-0.1184327814730004,-0.0022766311978175,-0.000339199148279,0.1184327814730004,True,0.0225362028131492,0.0704844921430748
-13,macd_signal_pct,-0.0223233899882828,0.0005020759963744,0.0003696698729025,0.0223233899882828,0.1297290639221511,0.0003598006669805,-0.0005865897055794,0.1297290639221511,False,0.0223233899882828,0.07602622695521695
-17,close_vs_ema72,-0.0220116871983104,0.0024236762301531,0.0023518923194115,0.0220116871983104,0.0602585045021242,0.0017660928692793,-0.0018676145832657,0.0602585045021242,False,0.0220116871983104,0.0411350958502173
-23,macd_hist_pct,0.0219708394218815,4.4820512107260455e-05,-8.94383031917028e-05,0.0219708394218815,0.2243637715083585,0.0002024490894123,-0.0001681813843246,0.2243637715083585,True,0.0219708394218815,0.12316730546512
6,bb_width,0.0217840285786757,0.0310560769632725,0.0318298695841563,0.0217840285786757,0.1446063507218759,0.0276885775875386,0.0267009379868014,0.1446063507218759,True,0.0217840285786757,0.0831951896502758
-21,close_vs_ema48,0.021701550063568,0.0035201615748757,0.0012000338072056,0.021701550063568,0.1278317742498203,0.0011213754316985,-0.0016365323734517,0.1278317742498203,True,0.021701550063568,0.07476666215669416
-17,stoch_d,0.0215511445841435,53.657107497864814,53.10310366329273,0.0215511445841435,0.2472587283473568,65.04752229548109,53.97541453138226,0.2472587283473568,True,0.0215511445841435,0.13440493646575014
-18,macd_pct,-0.0214885906680828,0.0008447899053501,0.000483051849497,0.0214885906680828,0.1638627653906157,0.0006274639962239,-0.0006521299279861,0.1638627653906157,False,0.0214885906680828,0.09267567802934926
-13,ema6_slope_3h,-0.0211313684816312,0.000248965411397,9.03681908072107e-05,0.0211313684816312,-0.1408604915322208,-0.0006322893991161,0.0003121134732506,0.1408604915322208,True,0.0211313684816312,0.080995930006926
-6,close_location,-0.0211126985204415,0.5245046162058202,0.5192838735918488,0.0211126985204415,-0.0136927002729387,0.5294698333430224,0.521113957524154,0.0136927002729387,True,0.0136927002729387,0.0174026993966901
-5,trades_rel72,0.0210501853919532,1.076815900659086,1.0559650682425572,0.0210501853919532,0.0449226771831623,0.9442746407864884,1.051328255619543,0.0449226771831623,True,0.0210501853919532,0.03298643128755775
-10,upper_wick,-0.0209654333177822,0.2223847797631697,0.2096667003916928,0.0209654333177822,-0.1405396764941701,0.1953403284109841,0.2593559896301227,0.1405396764941701,True,0.0209654333177822,0.08075255490597615
-14,atr14_pct,-0.0209043212944266,0.0075788566623263,0.0075875276998852,0.0209043212944266,0.0581880436663036,0.0064844994327458,0.006348085840489,0.0581880436663036,False,0.0209043212944266,0.0395461824803651
-23,ema24_slope_6h,0.0208477284904817,0.0006850768167325,0.0004279013275186,0.0208477284904817,0.0816759266033937,0.0003309868305172,-0.0003532451365583,0.0816759266033937,True,0.0208477284904817,0.0512618275469377
-4,trades_rel72,0.0205475421687539,1.0974148241846622,1.090470501027439,0.0205475421687539,-0.0225171216812315,1.027098083813297,1.0335323699399823,0.0225171216812315,False,0.0205475421687539,0.021532331924992702
3,bb_width,0.0204288091491882,0.0306043268424992,0.0322947322512909,0.0204288091491882,0.1733317538998098,0.0270354897177847,0.0279698739067091,0.1733317538998098,True,0.0204288091491882,0.096880281524499
-8,mfi14,-0.0203340158839394,52.03947985201591,50.21673385570254,0.0203340158839394,-0.0992789859429951,50.09865097359513,52.840409899115166,0.0992789859429951,True,0.0203340158839394,0.05980650091346725
-6,upper_wick,-0.0201565280123312,0.2249569681204532,0.2403269931484686,0.0201565280123312,-0.1056852590474615,0.19542074916851,0.230330340065493,0.1056852590474615,True,0.0201565280123312,0.06292089352989635
-21,bb_width,-0.0199679731723849,0.0281935571053613,0.0292770904392321,0.0199679731723849,-0.0937103455140444,0.0244110126900812,0.0253089097312877,0.0937103455140444,True,0.0199679731723849,0.05683915934321465
-12,close_vs_vwap24,-0.0198782370857,0.0022306988984277,0.0009675309131483,0.0198782370857,0.0050663686887996,5.894349774870911e-05,0.0010754387524818,0.0050663686887996,False,0.0050663686887996,0.012472302887249799
-24,rsi24,0.0198584205581139,51.69907203359588,51.40753768904301,0.0198584205581139,0.0526574419285131,49.22517294824571,48.7073334764508,0.0526574419285131,True,0.0198584205581139,0.0362579312433135
-10,close_vs_ema12,-0.0194320575717548,0.0008651107498752,0.0004393529386561,0.0194320575717548,-0.2463068028966379,-0.0012077022190362,0.0001723160446813,0.2463068028966379,True,0.0194320575717548,0.13286943023419634
-12,rsi6,0.0193125281137182,52.16011267287263,52.1010702636447,0.0193125281137182,-0.1068478253259436,46.54586832637851,51.1057483483339,0.1068478253259436,False,0.0193125281137182,0.0630801767198309
-20,ema24_slope_6h,0.0192255789940758,0.000829257843653,0.0004105690243129,0.0192255789940758,0.1777683600094657,0.0003662455643052,-0.0003964062623953,0.1777683600094657,True,0.0192255789940758,0.09849696950177075
-14,macd_signal_pct,-0.0191904883952802,0.0007165388068467,0.0005010503007818,0.0191904883952802,0.1323530728594416,0.0002536364958736,-0.0005826459261505,0.1323530728594416,False,0.0191904883952802,0.0757717806273609
-10,ema72_slope_12h,-0.019167585339324,0.0001765136140252,0.0007152185977085,0.019167585339324,0.0111521980244855,0.0002420122746562,-0.0005569283294937,0.0111521980244855,False,0.0111521980244855,0.01515989168190475
-21,close_vs_ema72,0.0191459445116459,0.003988278469179,0.0026463972061809,0.0191459445116459,0.060496730715061,-0.0005289924974504,-0.0024030580190325,0.060496730715061,True,0.0191459445116459,0.03982133761335345
-10,close_vs_ema72,-0.0190705725094523,0.0032311548770527,0.0022355997558249,0.0190705725094523,-0.1281981829770034,-0.0021222983976952,-0.0007041939360793,0.1281981829770034,True,0.0190705725094523,0.07363437774322784
-21,stoch_k,0.0190382536882909,54.07972461725867,55.93708255707473,0.0190382536882909,0.3064235616287437,60.03831188267,51.54132593701351,0.3064235616287437,True,0.0190382536882909,0.16273090765851728
-12,atr14_pct,-0.0185132775763297,0.0073865225717891,0.0075586541430761,0.0185132775763297,0.0490134984362252,0.0064146822590098,0.0063094514955979,0.0490134984362252,False,0.0185132775763297,0.03376338800627745
-16,close_vs_ema12,-0.0184881949648128,0.0009179667340535,0.0005001964459493,0.0184881949648128,0.1067227198945211,-0.0001055787389648,0.0004915550123547,0.1067227198945211,False,0.0184881949648128,0.06260545742966694
-11,rsi14,-0.0184402811486729,52.019455881807815,51.64270789213808,0.0184402811486729,-0.0700772542244022,47.75834639340838,50.22740093771905,0.0700772542244022,True,0.0184402811486729,0.044258767686537547
-10,ema6_slope_3h,-0.0184248025065608,0.0006711993451566,0.0001835858173135,0.0184248025065608,-0.272120213790829,-0.0009217892014815,2.2611081979206915e-05,0.272120213790829,True,0.0184248025065608,0.1452725081486949
-24,close_vs_ema72,0.0182000165337459,0.0024803750154015,0.0029326190193073,0.0182000165337459,-0.0185921676278993,-0.002754263656697,-0.002427537983291,0.0185921676278993,False,0.0182000165337459,0.0183960920808226
-10,close_vs_vwap72,-0.018172427005399,0.0047492460469737,0.0021941526827488,0.018172427005399,-0.0588196841371481,-0.0010562259439519,-0.0006633269618633,0.0588196841371481,True,0.018172427005399,0.03849605557127355
-20,close_vs_ema48,-0.0179826646101403,0.0034560475275197,0.0015261679141546,0.0179826646101403,0.2049311444148341,0.0016449234063999,-0.0016514368456619,0.2049311444148341,False,0.0179826646101403,0.1114569045124872
6,cci20,-0.0179763887310616,-43.53563990037308,-11.944486128602986,0.0179763887310616,0.2579757315560013,-16.295417190767886,-11.996787764117665,0.2579757315560013,False,0.0179763887310616,0.13797606014353145
-23,macd_pct,0.0177636697281454,0.0010877527817786,0.0005909890735002,0.0177636697281454,0.0239595315672365,-0.0003108601692843,-0.0006413987659805,0.0239595315672365,True,0.0177636697281454,0.02086160064769095
-22,taker_share,0.017735969147448,0.5013521628024632,0.4973486851226565,0.017735969147448,0.0653271599897672,0.4927139963417133,0.4802861267524012,0.0653271599897672,True,0.017735969147448,0.0415315645686076
-18,volume_rel72,0.0176934698180442,0.9254097356140084,0.963090521020166,0.0176934698180442,0.0066718273965543,0.9395727623261644,0.9639048012264144,0.0066718273965543,True,0.0066718273965543,0.01218264860729925
6,macd_hist_pct,0.0168792397801338,-0.0004498909112539,-0.0001838377837653,0.0168792397801338,0.1379543231299161,-4.667289455662858e-05,-0.0001661095288472,0.1379543231299161,True,0.0168792397801338,0.07741678145502495
-13,rsi6,0.0166649779480489,52.97690492566508,51.146377700759416,0.0166649779480489,-0.0936592444177856,48.2354562879304,53.362933074809874,0.0936592444177856,False,0.0166649779480489,0.05516211118291725
6,upper_wick,0.0166645741528221,0.2146967981611666,0.210764283093501,0.0166645741528221,-0.2375659662931614,0.178086986335621,0.2199058625171333,0.2375659662931614,False,0.0166645741528221,0.12711527022299174
-11,stoch_d,0.0164548728825025,56.31044880211661,53.04554247976776,0.0164548728825025,-0.1890804671057211,47.50817062453312,56.76036807520652,0.1890804671057211,False,0.0164548728825025,0.1027676699941118
-16,rsi14,0.016402889934422,52.46660623281044,51.260568368710565,0.016402889934422,0.1445503535236011,52.04969601458905,50.44273698611852,0.1445503535236011,True,0.016402889934422,0.08047662172901154
-11,atr14_pct,-0.0160794860159176,0.0073361272536055,0.0075510888334308,0.0160794860159176,0.02804493750772,0.0062649986225948,0.0064273247939326,0.02804493750772,False,0.0160794860159176,0.0220622117618188
2,upper_wick,0.0159879715745877,0.2221432212028622,0.221134385256313,0.0159879715745877,-0.03967285786928,0.2095053346266047,0.2129573402155816,0.03967285786928,False,0.0159879715745877,0.02783041472193385
-21,close_vs_ema24,0.0156896282832377,0.0017505498814317,0.0009528061728284,0.0156896282832377,0.2149705498781788,0.0012076422849289,-0.0007296597940802,0.2149705498781788,True,0.0156896282832377,0.11533008908070824
-21,macd_signal_pct,0.015612075643339,0.0010931659699855,0.0005814571045306,0.015612075643339,-0.0085123440391658,-0.0005127956079427,-0.0005971738923646,0.0085123440391658,False,0.0085123440391658,0.0120622098412524
-12,close_vs_ema6,0.0156009940185649,0.0003372234649335,0.0002852001771739,0.0156009940185649,-0.2044389309003476,-0.000596570645473,0.0001000326106723,0.2044389309003476,False,0.0156009940185649,0.11001996245945625
-15,rsi24,-0.0155242553120089,51.34452934044052,50.83229342331373,0.0155242553120089,0.0487399565580921,50.13019468133074,49.728619593758346,0.0487399565580921,False,0.0155242553120089,0.0321321059350505
-24,macd_hist_pct,-0.0152990995935425,-6.762007895256682e-05,-2.134718509451236e-05,0.0152990995935425,0.2464389703589075,0.0002410722552288,-0.0001520692614449,0.2464389703589075,False,0.0152990995935425,0.13086903497622498
-12,close_vs_ema24,-0.0152279113137301,0.0015704724914443,0.0012663606440908,0.0152279113137301,-0.0672880566651388,-0.0008567597846652,0.0004001170319571,0.0672880566651388,True,0.0152279113137301,0.04125798398943445
-19,stoch_d,-0.0151476090213417,51.75632790277933,54.77494009030998,0.0151476090213417,0.3710392011942072,63.01848724454222,51.985568614395696,0.3710392011942072,False,0.0151476090213417,0.19309340510777445
-12,close_vs_vwap72,-0.014960745727839,0.0047566477192243,0.0032915655776335,0.014960745727839,0.0050953577902696,-0.0010836783234555,-8.395828619678358e-05,0.0050953577902696,False,0.0050953577902696,0.0100280517590543
-10,close_vs_vwap24,-0.0147875652798705,0.001575745035098,0.0008807079738836,0.0147875652798705,-0.1154516855937737,-0.0003434364441474,0.0008471226284294,0.1154516855937737,True,0.0147875652798705,0.06511962543682209
-6,volume_rel72,-0.0147838081579184,0.9964420681412082,1.0500889788107783,0.0147838081579184,-0.0040670229956277,0.9887831960796568,1.0632829096684442,0.0040670229956277,True,0.0040670229956277,0.009425415576773049
-15,macd_signal_pct,-0.014553613375735,0.0009898815717575,0.0004342874190535,0.014553613375735,0.1274739680217688,0.0001373201238829,-0.0005940770646704,0.1274739680217688,False,0.014553613375735,0.0710137906987519
-20,macd_signal_pct,0.0143097959042892,0.0010569447519584,0.0006085662144251,0.0143097959042892,0.0219733019973522,-0.0002231497446445,-0.0007732068373625,0.0219733019973522,True,0.0143097959042892,0.0181415489508207
-20,cci20,0.0139189326555268,27.549144286251572,18.09445111923816,0.0139189326555268,0.3753091317832656,53.300432600824,-3.938550391195022,0.3753091317832656,True,0.0139189326555268,0.1946140322193962
-24,macd_fast_hist_pct,0.0138615202985569,-2.82772168064997e-05,-0.0001270171571895,0.0138615202985569,0.135891515349094,8.38794816460087e-05,-3.108159510135645e-05,0.135891515349094,True,0.0138615202985569,0.07487651782382544
-11,ema72_slope_12h,-0.0137691395410794,0.0001338380738931,0.000624847776663,0.0137691395410794,0.026044780315538,-9.890728641437364e-05,-0.0006447151493359,0.026044780315538,False,0.0137691395410794,0.0199069599283087
-12,log_ret,-0.0135747537542093,-0.0002773533153648,0.0002337368614474,0.0135747537542093,-0.1062403198716172,-0.0001203592625848,-0.0004164845242973,0.1062403198716172,True,0.0135747537542093,0.05990753681291325
-16,close_vs_ema48,-0.0134564118276695,0.0010266762566308,0.0020620359849408,0.0134564118276695,0.1121454726476469,0.0015559709863848,-0.0003539890134605,0.1121454726476469,False,0.0134564118276695,0.0628009422376582
-12,body_pct,-0.0134200000388976,-0.000277133251775,0.0002337641994741,0.0134200000388976,-0.1054084794280465,-0.0001204468483232,-0.0004163978066571,0.1054084794280465,True,0.0134200000388976,0.05941423973347205
-24,ema6_slope_3h,-0.0133096602455464,8.275661419820945e-05,0.0001568127215935,0.0133096602455464,0.0798852860423268,0.000440371808364,0.0002047769730655,0.0798852860423268,False,0.0133096602455464,0.0465974731439366
-10,rsi14,0.0131431096420897,52.38226013707313,50.55733441100407,0.0131431096420897,-0.1163426703708901,48.7067397499937,51.00226636123415,0.1163426703708901,False,0.0131431096420897,0.0647428900064899
-17,close_vs_vwap72,-0.0131137693668733,0.0038726864480951,0.0037643894574004,0.0131137693668733,0.1484475829821137,0.0032079276052148,-0.0014971294658719,0.1484475829821137,False,0.0131137693668733,0.0807806761744935
-15,atr14_pct,-0.0130239023697024,0.0074878307363003,0.0075157110302656,0.0130239023697024,0.0585798005059581,0.0065455628066927,0.0064117991808955,0.0585798005059581,False,0.0130239023697024,0.035801851437830254
-20,close_vs_ema72,-0.0130137357231719,0.0043948748267687,0.0014820455356695,0.0130137357231719,0.128083357309426,0.0002776250049321,-0.0022031624903813,0.128083357309426,False,0.0130137357231719,0.07054854651629895
-13,close_vs_vwap72,-0.0129970103732675,0.0031682365081863,0.003677611799211,0.0129970103732675,0.0332184273454872,-0.0002523371419239,0.0002197342807646,0.0332184273454872,False,0.0129970103732675,0.023107718859377353
-22,macd_signal_pct,0.0129558872693596,0.0009763969347352,0.0005772739029798,0.0129558872693596,-0.0346194061560762,-0.0006123879251533,-0.0005375922616596,0.0346194061560762,False,0.0129558872693596,0.0237876467127179
-9,macd_fast_hist_pct,-0.0126251765430029,-3.218835071073006e-05,-5.384046660755806e-05,0.0126251765430029,-0.3863440389625852,-0.0004844124099077,-9.807436714207262e-06,0.3863440389625852,True,0.0126251765430029,0.19948460775279403
-13,close_vs_ema24,-0.012367657878757,0.0011413498593018,0.0010470646537097,0.012367657878757,-0.0252303804175994,-6.263641817016996e-05,0.0005514778356532,0.0252303804175994,True,0.012367657878757,0.0187990191481782
-21,close_vs_ema6,-0.0122565721760012,0.0006028558216361,0.000180090222532,0.0122565721760012,0.2367836511378104,0.0004567585939803,-9.89189912221633e-05,0.2367836511378104,False,0.0122565721760012,0.12452011165690581
3,range_pct,-0.0122361710668254,0.0067390453342177,0.0069046759930765,0.0122361710668254,0.372669726367653,0.007043704288834,0.0051300720009264,0.372669726367653,False,0.0122361710668254,0.1924529487172392
2,bb_width,0.0118292227998687,0.0305131548886053,0.0320431002713339,0.0118292227998687,0.1658062638913023,0.0256856324700176,0.0279414123369809,0.1658062638913023,True,0.0118292227998687,0.0888177433455855
-20,bb_width,0.0114219798397732,0.0280380571424958,0.0289733668072657,0.0114219798397732,-0.0579207699123692,0.0248878857285892,0.0251326304340949,0.0579207699123692,False,0.0114219798397732,0.0346713748760712
-12,close_vs_ema48,-0.0114033087293528,0.0023514089633683,0.0015331136901466,0.0114033087293528,-0.0472240237889019,-0.0004159884184689,0.000235419224345,0.0472240237889019,True,0.0114033087293528,0.02931366625912735
-20,stoch_k,-0.0114025484847585,54.5609196597154,53.87500371827211,0.0114025484847585,0.4391891365570915,64.67169106197433,51.3218157148382,0.4391891365570915,False,0.0114025484847585,0.22529584252092502
-23,macd_signal_pct,0.0113005038180789,0.0008090149541331,0.0006043087485862,0.0113005038180789,-0.0590938782803003,-0.0007130214726605,-0.0005910046905676,0.0590938782803003,False,0.0113005038180789,0.0351971910491896
-20,macd_pct,0.0110535821676766,0.001100284071879,0.0004078317676058,0.0110535821676766,0.132263743500356,0.0002147500518926,-0.0006875910834124,0.132263743500356,True,0.0110535821676766,0.0716586628340163
1,bb_width,-0.011023180559989,0.0298529809496955,0.0310323455194755,0.011023180559989,0.1303020637422965,0.0258518810969503,0.0279201848568784,0.1303020637422965,False,0.011023180559989,0.07066262215114275
-16,close_vs_ema72,-0.0108920982227308,0.0009130664141935,0.002352082281585,0.0108920982227308,0.0574342230147819,0.0004390378327061,-0.0015301520338941,0.0574342230147819,False,0.0108920982227308,0.03416316061875635
-13,stoch_d,0.0108200825915763,51.73406467251949,51.69907326960672,0.0108200825915763,-0.0874675723692119,47.92059268238045,57.18732873691968,0.0874675723692119,False,0.0108200825915763,0.0491438274803941
-19,macd_signal_pct,0.0107218664080575,0.0011927254641957,0.0006249587750469,0.0107218664080575,0.0501967789394584,-0.000267237385662,-0.0007130214726605,0.0501967789394584,True,0.0107218664080575,0.03045932267375795
-16,taker_share,0.0105432460288278,0.492176977638181,0.4926397001500602,0.0105432460288278,0.0629364535580607,0.4789284839038107,0.484555636614526,0.0629364535580607,True,0.0105432460288278,0.036739849793444246
-17,bb_z,0.0105306141076151,0.3571735913323487,0.1550641320593662,0.0105306141076151,0.2154586969739174,0.604781065430061,0.1197066347410119,0.2154586969739174,True,0.0105306141076151,0.11299465554076625
-20,upper_wick,0.0104978678255002,0.2159212371438177,0.2180406572248896,0.0104978678255002,0.1383147313467495,0.2488593944421435,0.2216878006121622,0.1383147313467495,True,0.0104978678255002,0.07440629958612484
-19,ema24_slope_6h,0.010168303512647,0.0006514525063032,0.000258410563152,0.010168303512647,0.2025769470547381,0.0008166384542085,-0.0003735532688673,0.2025769470547381,True,0.010168303512647,0.10637262528369255
-10,bb_width,0.0100128397003055,0.0284260206119803,0.0294196135134026,0.0100128397003055,0.1183322954429282,0.0279164935590909,0.0253311674129652,0.1183322954429282,True,0.0100128397003055,0.06417256757161685
-20,ema6_slope_3h,-0.0099775478563804,0.0005874212246113,0.0003477564405512,0.0099775478563804,0.3016502931002386,0.0005559993800672,-0.0001396743521054,0.3016502931002386,False,0.0099775478563804,0.1558139204783095
-1,atr14_pct,-0.0098822789954242,0.0077457177393937,0.007897190009729,0.0098822789954242,-0.0196503189049128,0.0064098434998108,0.0069811854810863,0.0196503189049128,True,0.0098822789954242,0.0147662989501685
-10,volume_rel72,0.0097535334054758,1.0183833081536902,1.00888245408871,0.0097535334054758,-0.0928395880664312,1.1825081165877858,1.1066380197706935,0.0928395880664312,False,0.0097535334054758,0.0512965607359535
-12,close_vs_ema72,-0.0095312652469965,0.0012212118642485,0.0023454045998716,0.0095312652469965,-0.0698846185956698,-0.0013624473501063,-0.0009729897723687,0.0698846185956698,True,0.0095312652469965,0.03970794192133315
3,volume_rel72,0.0093018745419419,1.074731649399733,1.061725347537112,0.0093018745419419,0.2580867767818047,1.2911135657204251,0.904120725580028,0.2580867767818047,True,0.0093018745419419,0.1336943256618733
-12,rsi14,0.0092566412469678,52.71208239471517,51.53675587752126,0.0092566412469678,-0.0085557166315779,48.36402284093388,50.65872447003651,0.0085557166315779,False,0.0085557166315779,0.008906178939272851
-13,close_vs_ema48,-0.0092103856136872,0.001150905651797,0.0017322654139,0.0092103856136872,-0.0135891330994684,-0.000313368071191,0.000464814248321,0.0135891330994684,True,0.0092103856136872,0.011399759356577801
-24,macd_signal_pct,0.0091353372038646,0.0005859805257217,0.0007107584272986,0.0091353372038646,-0.0813631623521801,-0.000500303492941,-0.0005457374142587,0.0813631623521801,False,0.0091353372038646,0.045249249778022346
-18,ema24_slope_6h,-0.0090656293131578,0.000583600887464,0.0003810950787246,0.0090656293131578,0.2145352865359349,0.001260559977118,-0.0003091270610111,0.2145352865359349,False,0.0090656293131578,0.11180045792454635
-14,log_ret,0.0090215288065016,-0.000325901636408,0.000168952851028,0.0090215288065016,0.0003354062514193,-0.0002762201571283,2.5538028083182896e-05,0.0003354062514193,True,0.0003354062514193,0.0046784675289604505
-16,macd_signal_pct,-0.0087512774946003,0.0008946917045996,0.0005560491823315,0.0087512774946003,0.1169691634139914,-0.0001694927032164,-0.0006460220884593,0.1169691634139914,False,0.0087512774946003,0.06286022045429585
-13,macd_fast_hist_pct,0.0087121233637052,-0.0001511824566067,-0.0001559262319404,0.0087121233637052,-0.2229763634300279,-0.0001883697065035,0.0001021448768928,0.2229763634300279,False,0.0087121233637052,0.11584424339686655
-16,close_vs_ema6,0.0086747833780771,0.0002490661346328,0.0001483886641675,0.0086747833780771,0.0200352068671632,-8.114418532589873e-05,0.0003934921578752,0.0200352068671632,True,0.0086747833780771,0.014354995122620149
3,lower_wick,-0.0084647031041708,0.276074819825582,0.2795743478234666,0.0084647031041708,0.0434505196258559,0.2323279770162597,0.2253148111133198,0.0434505196258559,False,0.0084647031041708,0.02595761136501335
-10,rsi6,0.0083281607916215,52.81262343725663,50.982273094188926,0.0083281607916215,-0.2382711988695353,46.53397866357541,51.020447729592,0.2382711988695353,False,0.0083281607916215,0.1232996798305784
-21,close_vs_ema12,0.0081934517435774,0.0011247549551171,0.000669450573466,0.0081934517435774,0.2466491231242918,0.0007977813595609,-0.000148022045457,0.2466491231242918,True,0.0081934517435774,0.1274212874339346
-14,body_pct,0.0080759409917932,-0.0003259189130249,0.0001689731630465,0.0080759409917932,0.0003712910472837,-0.0002762772535601,2.553835418139805e-05,0.0003712910472837,True,0.0003712910472837,0.00422361601953845
-13,close_vs_ema72,-0.0078496800888097,-0.0006822309849929,0.0027649139252096,0.0078496800888097,-0.0410451160996372,-0.0006396236411023,-0.0006021669403039,0.0410451160996372,True,0.0078496800888097,0.02444739809422345
-12,ema72_slope_12h,-0.0075535298334842,0.000482450163709,0.0006779694325819,0.0075535298334842,0.031076418254716,-0.0002533573458392,-0.0006170517654591,0.031076418254716,False,0.0075535298334842,0.0193149740441001
-24,close_vs_vwap24,0.0074870986357844,0.0014704411304925,0.0016315560610868,0.0074870986357844,0.2176398023675798,0.0020121015977216,-0.0004213951354921,0.2176398023675798,True,0.0074870986357844,0.1125634505016821
-21,ema72_slope_12h,0.0072873339547384,0.001306866886927,0.0011338224843231,0.0072873339547384,-0.0652991357477833,-0.0006581885922776,-0.0007738559843084,0.0652991357477833,False,0.0072873339547384,0.036293234851260854
-13,rsi24,-0.0071810088887026,50.771485527722845,51.03320938529974,0.0071810088887026,0.0081960409740438,49.790376018610495,50.41877483467832,0.0081960409740438,False,0.0071810088887026,0.0076885249313732
-20,macd_hist_pct,-0.0070328343897571,6.042290689396428e-05,-7.73002820007363e-05,0.0070328343897571,0.3218749884342364,0.000318101727217,-0.000197188281762,0.3218749884342364,False,0.0070328343897571,0.16445391141199675
-16,close_vs_vwap72,-0.0069607580783408,0.0026853682388701,0.004298948117221,0.0069607580783408,0.1436276757199507,0.002084851518576,-0.0007132521882924,0.1436276757199507,False,0.0069607580783408,0.07529421689914574
-17,rsi14,0.0069603018349983,52.38309839290053,51.3670145167316,0.0069603018349983,0.1699517793752153,53.92037369098512,50.49764486597606,0.1699517793752153,True,0.0069603018349983,0.0884560406051068
-10,macd_fast_hist_pct,0.0069073341466881,-2.300613024935758e-05,-0.0001119324925917,0.0069073341466881,-0.3576276645709704,-0.0004629726081154,-1.779677074545623e-05,0.3576276645709704,False,0.0069073341466881,0.18226749935882924
-22,body_pct,0.0068559021451762,0.0004355099251021,0.0001186180769585,0.0068559021451762,0.2401506919580524,0.0004691526704678,-0.0001495746858685,0.2401506919580524,True,0.0068559021451762,0.1235032970516143
-23,range_pct,-0.0067074263858608,0.0070680567415618,0.0063420035526546,0.0067074263858608,0.2315339834352774,0.0061432709900386,0.005227751406746,0.2315339834352774,False,0.0067074263858608,0.1191207049105691
-22,ema72_slope_12h,0.0065872405941547,0.0010440683299224,0.0010812911574703,0.0065872405941547,-0.091844531025154,-0.0007432433364656,-0.0010147592642288,0.091844531025154,False,0.0065872405941547,0.04921588580965435
-22,log_ret,0.0063588504916777,0.0004354834853859,0.0001187361787651,0.0063588504916777,0.240556559758544,0.0004691457859112,-0.0001495858732774,0.240556559758544,True,0.0063588504916777,0.12345770512511085
-12,ema6_slope_3h,0.0062392438906964,0.0005686736977219,0.0002779725230825,0.0062392438906964,-0.1745877424119317,-0.0005705212862805,0.0001439138935632,0.1745877424119317,False,0.0062392438906964,0.09041349315131406
-20,ema72_slope_12h,0.0062074354810097,0.0014945672728388,0.001226128319407,0.0062074354810097,-0.040463258721188,-0.0005244363174321,-0.0008083402241624,0.040463258721188,False,0.0062074354810097,0.02333534710109885
-14,ema72_slope_12h,-0.0060883306380814,0.0009425402988191,0.0006976764474311,0.0060883306380814,0.0313738760727101,-0.0003823015791563,-0.0006267850130344,0.0313738760727101,False,0.0060883306380814,0.018731103355395747
-4,close_location,-0.0059750751152239,0.5051720802078461,0.5072162576799424,0.0059750751152239,-0.0518202009721146,0.4877342753409875,0.4642644431209081,0.0518202009721146,True,0.0059750751152239,0.028897638043669252
-19,adx14,-0.0057016406319477,25.775806864004352,25.671462482256416,0.0057016406319477,-0.0906555185720128,24.496834281295147,25.442288548134155,0.0906555185720128,True,0.0057016406319477,0.04817857960198025
-13,ema72_slope_12h,-0.0054617138253812,0.0006846966641843,0.0005611495592287,0.0054617138253812,0.0355114864315108,-0.0003757738303478,-0.0005710344943862,0.0355114864315108,False,0.0054617138253812,0.020486600128446
-9,stoch_d,-0.0053883250684054,55.90142775153158,52.24689969876656,0.0053883250684054,-0.2718827284870114,40.30459488419319,53.880761479529326,0.2718827284870114,True,0.0053883250684054,0.1386355267777084
-13,stoch_k,0.0053687551392872,54.47430684881026,51.09137764647808,0.0053687551392872,-0.1751856288367883,47.453100881637454,58.45191483086833,0.1751856288367883,False,0.0053687551392872,0.09027719198803774
-12,stoch_d,-0.0050868887424736,54.4916303603578,50.92391758295426,0.0050868887424736,-0.1122571353194153,50.66815866569897,56.55872909931062,0.1122571353194153,True,0.0050868887424736,0.058672012030944444
-20,bb_z,0.004986170881511,0.1791942505885184,0.2184634214892354,0.004986170881511,0.3985094877595078,0.7332869992599819,-0.1851235663967321,0.3985094877595078,True,0.004986170881511,0.2017478293205094
-12,rsi24,-0.0048640226352169,51.95876169193362,50.996441233388296,0.0048640226352169,0.0040532785536161,49.66771319418389,50.1848410215808,0.0040532785536161,False,0.0040532785536161,0.0044586505944165
-11,ema6_slope_3h,-0.0047247504296088,0.0005378816447344,0.0002702104006961,0.0047247504296088,-0.2320281721216442,-0.0007764841247694,0.0001098224317255,0.2320281721216442,True,0.0047247504296088,0.1183764612756265
-19,macd_pct,-0.0047151757001247,0.0010886747325413,0.0004520397629188,0.0047151757001247,0.1458372930618331,0.0003079906986126,-0.0006473641069135,0.1458372930618331,False,0.0047151757001247,0.0752762343809789
-18,stoch_k,-0.004603296703983,51.886829283710696,53.324457333611264,0.004603296703983,0.2413682178226481,63.22262346777888,54.24994412694349,0.2413682178226481,False,0.004603296703983,0.12298575726331555
-10,close_vs_ema6,-0.004494353884826,0.0003993977638665,0.0002537105975617,0.004494353884826,-0.2910567232037165,-0.0008079875584989,-0.0001097900591421,0.2910567232037165,True,0.004494353884826,0.14777553854427125
-24,macd_pct,0.0044254189830152,0.0008560597707286,0.0005457908609585,0.0044254189830152,0.0065009447494911,-0.0006640628018196,-0.0006585909233743,0.0065009447494911,True,0.0044254189830152,0.00546318186625315
-15,ema72_slope_12h,-0.0043965611452134,0.0010889708545476,0.0008089931822722,0.0043965611452134,0.0226045097961918,-0.000115292500197,-0.0006447151493359,0.0226045097961918,False,0.0043965611452134,0.0135005354707026
-19,ema72_slope_12h,0.004320622229872,0.0016778263023954,0.00125687021453,0.004320622229872,-0.0213107023961598,-0.000286860699645,-0.0008080339015574,0.0213107023961598,False,0.004320622229872,0.0128156623130159
-11,stoch_k,0.0040729770732813,55.93108175458348,51.41630494431513,0.0040729770732813,-0.2307851234683171,42.79949558638132,53.6104212548615,0.2307851234683171,False,0.0040729770732813,0.1174290502707992
-17,rsi24,-0.00405566340732,50.8121410127348,51.37692025514539,0.00405566340732,0.1270256639146916,51.74838477023928,49.53354326568636,0.1270256639146916,False,0.00405566340732,0.0655406636610058
-16,rsi24,0.0038793998423857,50.73776654200778,51.32886966101774,0.0038793998423857,0.1154334858055116,51.3573053394918,49.78262643367705,0.1154334858055116,True,0.0038793998423857,0.05965644282394865
-17,macd_signal_pct,-0.0038400539557413,0.0009907459194439,0.0006044899250903,0.0038400539557413,0.0975214495110081,-0.0001264053399238,-0.0006665378150315,0.0975214495110081,False,0.0038400539557413,0.0506807517333747
5,close_location,-0.0038087216097398,0.5045062877505613,0.503391838009501,0.0038087216097398,0.2529711063568622,0.6154247656429491,0.4780741597159084,0.2529711063568622,False,0.0038087216097398,0.128389913983301
-11,macd_fast_hist_pct,-0.0037105400005814,9.149023004772708e-05,-9.474625497468618e-05,0.0037105400005814,-0.3117803324038758,-0.0004174974165819,4.962450272288648e-05,0.3117803324038758,True,0.0037105400005814,0.1577454362022286
-12,close_vs_ema12,-0.0036839054878313,0.0010602604410723,0.0006640966828441,0.0036839054878313,-0.1463106987061579,-0.0005633008079207,0.0002329382352983,0.1463106987061579,True,0.0036839054878313,0.0749973020969946
-13,close_vs_ema12,0.0034515905578312,0.0006905715825696,0.0003817580020358,0.0034515905578312,-0.104014820324239,-0.0008132648045782,0.0006847516173351,0.104014820324239,False,0.0034515905578312,0.0537332054410351
-19,range_pct,-0.0034350188179661,0.0060810855922899,0.0065682149517068,0.0034350188179661,-0.1001476977534256,0.0052701770755771,0.005463708620442,0.1001476977534256,True,0.0034350188179661,0.051791358285695845
-20,rsi6,-0.0031797383280145,51.41447975109709,51.76682173741232,0.0031797383280145,0.4286758579784057,56.47850428544174,48.86602558489569,0.4286758579784057,False,0.0031797383280145,0.2159277981532101
-18,ema72_slope_12h,0.0031588948229185,0.001962344020182,0.0011422592211303,0.0031588948229185,-0.0063779298622927,-0.000170619526614,-0.0008288182142507,0.0063779298622927,False,0.0031588948229185,0.0047684123426056
-18,macd_signal_pct,0.0030068247981932,0.0009854574376856,0.0005949638586377,0.0030068247981932,0.078230385919434,-3.903830944737616e-05,-0.0007280246865056,0.078230385919434,True,0.0030068247981932,0.0406186053588136
-17,ema72_slope_12h,0.0029527723884641,0.0019040351907028,0.0010443275995887,0.0029527723884641,0.0039488308917849,-4.4848153520016254e-05,-0.0007738559843084,0.0039488308917849,True,0.0029527723884641,0.0034508016401245
-23,ema72_slope_12h,0.0027921909207341,0.0009366975519516,0.0009894471666093,0.0027921909207341,-0.114713637390861,-0.0008885886841871,-0.0008080339015574,0.114713637390861,False,0.0027921909207341,0.05875291415579755
-20,close_vs_vwap72,0.0025708766908792,0.0079186804568948,0.0044588790872414,0.0025708766908792,0.2162590217867315,0.0024262365645415,-0.002913820801807,0.2162590217867315,True,0.0025708766908792,0.10941494923880535
-10,rsi24,-0.002475175616212,51.41906349644054,51.19316160046305,0.002475175616212,-0.0771826444793259,48.252436490973146,49.795183726618006,0.0771826444793259,True,0.002475175616212,0.039828910047768944
-9,bb_z,-0.0016844953722025,-0.0659227160982223,0.2297785998264519,0.0016844953722025,-0.2746025358842308,-0.2825794198633617,0.0704385296742533,0.2746025358842308,True,0.0016844953722025,0.13814351562821664
-13,rsi14,0.0014690451586808,51.49089341892167,51.6571727069235,0.0014690451586808,0.0040449318010765,49.6788459391478,50.66236868499141,0.0040449318010765,True,0.0014690451586808,0.00275698847987865
-11,volume_rel72,-0.0014323250790615,0.9361186326825706,1.0141971428906496,0.0014323250790615,-0.0157017796210714,1.1204446346803765,1.0453368982925186,0.0157017796210714,True,0.0014323250790615,0.00856705235006645
-15,rsi14,-0.0013870914623106,51.39313701062471,50.83376928322008,0.0013870914623106,0.0623615309361218,50.25581197313753,50.648350742838346,0.0623615309361218,False,0.0013870914623106,0.0318743111992162
-20,rsi14,-0.0013121358285638,51.94853178668234,50.87909603159808,0.0013121358285638,0.3377215530555675,54.44548635737845,48.70069868529298,0.3377215530555675,False,0.0013121358285638,0.16951684444206566
-20,rsi24,-0.0011516997495453,52.362069410982144,51.129655704436814,0.0011516997495453,0.2288981972820595,51.042609685250525,48.58669551234513,0.2288981972820595,False,0.0011516997495453,0.1150249485158024
4,close_location,0.0005488671582538,0.5088650324654502,0.5145057920806491,0.0005488671582538,0.1241350011077772,0.5690812197769548,0.483087804162996,0.1241350011077772,True,0.0005488671582538,0.062341934133015496
-16,ema72_slope_12h,-0.0003728415647043,0.0015491416811272,0.0008547148455767,0.0003728415647043,0.0146870644541742,8.381061355056119e-05,-0.0007966548963971,0.0146870644541742,False,0.0003728415647043,0.0075299530094392495
-24,ema72_slope_12h,0.0003226744502769,0.0007816669663945,0.0009978836351375,0.0003226744502769,-0.1324828985889442,-0.000938529430152,-0.0007010017485846,0.1324828985889442,False,0.0003226744502769,0.06640278651961054
-5,volume_rel72,0.0002877738840116,1.0799836956444584,1.0534884926097263,0.0002877738840116,0.0823625513927525,1.03690601941013,1.007146329553426,0.0823625513927525,True,0.0002877738840116,0.041325162638382054
-19,trades_rel72,0.0002817001403219,0.9038050451843692,1.0317178510424674,0.0002817001403219,-0.1359273961399839,0.8678086248021611,0.9696152715842736,0.1359273961399839,False,0.0002817001403219,0.06810454814015289
-24,ema24_slope_6h,-4.963699614076285e-05,0.0007950083535823,0.0005962492566005,4.963699614076285e-05,0.0872840280195399,4.162845339816812e-05,-0.0005213041431492,0.0872840280195399,False,4.963699614076285e-05,0.04366683250784033
-21,close_vs_vwap24,-3.452171811491194e-05,0.0029143284286392,0.0012061212487194,3.452171811491194e-05,0.3359318580936739,0.001933195502461,8.842538383935228e-05,0.3359318580936739,False,3.452171811491194e-05,0.1679831899058944
