feature,auc,separation,direction,precision_top_9.9pct,n_top_9.9pct,precision_top_5pct,n_top_5pct,precision_top_2.5pct,n_top_2.5pct,precision_top_1pct,n_top_1pct
macd_fast_hist_pct__w72__max,0.6486357308169595,0.6486357308169595,high,0.1870824053452116,898,0.26292134831460673,445,0.30864197530864196,243,0.23770491803278687,122
atr72_pct__w24__std,0.6425968212456202,0.6425968212456202,high,0.21634062140391255,869,0.2942528735632184,435,0.29357798165137616,218,0.26436781609195403,87
mfi14__w240__min,0.36112866273185085,0.6388713372681492,low,0.1703011422637591,963,0.15625,480,0.0625,240,0.0625,240
atr24_pct__w72__std,0.6367704963625452,0.6367704963625452,high,0.23590333716915995,869,0.25287356321839083,435,0.3073394495412844,218,0.3448275862068966,87
rebound_low240__w72__diff_std,0.6362297166965112,0.6362297166965112,high,0.26352128883774456,869,0.2413793103448276,435,0.29357798165137616,218,0.4482758620689655,87
bb_width__w72__std,0.6355271097319196,0.6355271097319196,high,0.2773302646720368,869,0.296551724137931,435,0.38073394495412843,218,0.28735632183908044,87
ema6_slope_3h__w72__diff_std,0.6344292863497453,0.6344292863497453,high,0.22669735327963175,869,0.22298850574712645,435,0.24770642201834864,218,0.28735632183908044,87
volume_rel24__w240__q90,0.6339982212550535,0.6339982212550535,high,0.19074492099322798,886,0.22453222453222454,481,0.19736842105263158,228,0.3761467889908257,109
bb_width__w72__diff_std,0.6337770979404833,0.6337770979404833,high,0.2336018411967779,869,0.27816091954022987,435,0.23853211009174313,218,0.367816091954023,87
quote_volume_rel24__w240__q90,0.6330069951679508,0.6330069951679508,high,0.18556701030927836,873,0.19362186788154898,439,0.25,244,0.24,100
abs_body_pct__w72__std,0.6325545835074943,0.6325545835074943,high,0.27502876869965476,869,0.2,435,0.2981651376146789,218,0.367816091954023,87
body_pct__w72__max,0.631960539077362,0.631960539077362,high,0.18550106609808104,938,0.17984189723320157,506,0.2326388888888889,288,0.2847222222222222,144
log_ret__w72__max,0.6319507806472983,0.6319507806472983,high,0.18550106609808104,938,0.17984189723320157,506,0.2326388888888889,288,0.2847222222222222,144
macd_fast_hist_pct__w72__diff_std,0.631737586057155,0.631737586057155,high,0.23245109321058688,869,0.22298850574712645,435,0.26146788990825687,218,0.2988505747126437,87
rebound_low24__w24__diff_std,0.6316591120153923,0.6316591120153923,high,0.23935558112773303,869,0.25057471264367814,435,0.1743119266055046,218,0.28735632183908044,87
atr14_pct__w72__std,0.6300871238057444,0.6300871238057444,high,0.2243958573072497,869,0.24597701149425288,435,0.25688073394495414,218,0.3103448275862069,87
close_vs_sma24__w72__diff_std,0.6300038383158251,0.6300038383158251,high,0.24626006904487918,869,0.21379310344827587,435,0.28440366972477066,218,0.28735632183908044,87
ema_gap_6_24__w72__diff_std,0.6298538024535946,0.6298538024535946,high,0.22094361334867663,869,0.2850574712643678,435,0.30275229357798167,218,0.28735632183908044,87
macd_hist_pct__w72__diff_std,0.6294638718522964,0.6294638718522964,high,0.21058688147295743,869,0.2896551724137931,435,0.26605504587155965,218,0.28735632183908044,87
atr24_pct__w72__max,0.6291457063720922,0.6291457063720922,high,0.2562358276643991,882,0.26834381551362685,477,0.21929824561403508,228,0.28846153846153844,156
body_pct__w72__std,0.6290847161841937,0.6290847161841937,high,0.2554660529344074,869,0.21379310344827587,435,0.26146788990825687,218,0.28735632183908044,87
close_vs_ema48__w72__diff_std,0.629017423676879,0.629017423676879,high,0.2508630609896433,869,0.21379310344827587,435,0.26605504587155965,218,0.28735632183908044,87
close_vs_ema24__w72__diff_std,0.6289601606671297,0.6289601606671297,high,0.24971231300345226,869,0.21379310344827587,435,0.26605504587155965,218,0.28735632183908044,87
atr6_pct__w72__std,0.6288096504367711,0.6288096504367711,high,0.2243958573072497,869,0.24597701149425288,435,0.23853211009174313,218,0.22988505747126436,87
log_ret__w72__std,0.628765263133356,0.628765263133356,high,0.2554660529344074,869,0.21379310344827587,435,0.25229357798165136,218,0.28735632183908044,87
close_vs_sma72__w72__diff_std,0.628760383918324,0.628760383918324,high,0.2474108170310702,869,0.21379310344827587,435,0.26605504587155965,218,0.28735632183908044,87
close_vs_ema72__w72__diff_std,0.6286039102029266,0.6286039102029266,high,0.24856156501726123,869,0.21379310344827587,435,0.26146788990825687,218,0.28735632183908044,87
close_vs_ema12__w72__diff_std,0.6283897668765271,0.6283897668765271,high,0.2474108170310702,869,0.21379310344827587,435,0.26146788990825687,218,0.2988505747126437,87
atr6_pct__now,0.6282972650915476,0.6282972650915476,high,0.2140391254315305,869,0.296551724137931,435,0.3165137614678899,218,0.28735632183908044,87
range_pct__w24__q75,0.6273532725166286,0.6273532725166286,high,0.2002301495972382,869,0.24145785876993167,439,0.2909090909090909,220,0.34408602150537637,93
close_vs_ema168__w72__diff_std,0.6271684722472959,0.6271684722472959,high,0.24971231300345226,869,0.2206896551724138,435,0.25229357798165136,218,0.2988505747126437,87
close_vs_ema6__w72__diff_std,0.6270894560705296,0.6270894560705296,high,0.2508630609896433,869,0.21379310344827587,435,0.24770642201834864,218,0.2988505747126437,87
close_vs_ema6__w72__std,0.6268612172340381,0.6268612172340381,high,0.24050632911392406,869,0.25057471264367814,435,0.27522935779816515,218,0.28735632183908044,87
close_vs_ema240__w72__diff_std,0.6267329345388247,0.6267329345388247,high,0.2520138089758343,869,0.2206896551724138,435,0.25229357798165136,218,0.3448275862068966,87
close_vs_sma168__w72__diff_std,0.6265806623697046,0.6265806623697046,high,0.24971231300345226,869,0.2206896551724138,435,0.24311926605504589,218,0.2988505747126437,87
atr14_pct__now,0.6265669056939898,0.6265669056939898,high,0.23935558112773303,869,0.2620689655172414,435,0.30275229357798167,218,0.27586206896551724,87
close_vs_sma240__w72__diff_std,0.6256256237940885,0.6256256237940885,high,0.25316455696202533,869,0.2206896551724138,435,0.24311926605504589,218,0.367816091954023,87
dist_high240__w72__min,0.37444661569513366,0.6255533843048664,low,0.26927502876869963,869,0.2706422018348624,436,0.2918149466192171,281,0.36423841059602646,151
bb_width__w72__q90,0.6255231602784188,0.6255231602784188,high,0.25776754890678943,869,0.2528216704288939,443,0.2956521739130435,230,0.26881720430107525,93
ema24_slope_6h__w72__diff_std,0.6252224786520789,0.6252224786520789,high,0.22554660529344073,869,0.27816091954022987,435,0.30275229357798167,218,0.28735632183908044,87
atr6_pct__w240__q90,0.6249397552477313,0.6249397552477313,high,0.22784810126582278,869,0.1956521739130435,460,0.23394495412844038,218,0.152,125
dist_high24__w240__diff_std,0.6247459419839647,0.6247459419839647,high,0.2048331415420023,869,0.22528735632183908,435,0.23394495412844038,218,0.10344827586206896,87
close_vs_vwap72__w72__diff_std,0.6245656820952867,0.6245656820952867,high,0.2474108170310702,869,0.2160919540229885,435,0.26146788990825687,218,0.28735632183908044,87
close_vs_vwap240__w72__diff_std,0.6244750777828196,0.6244750777828196,high,0.24856156501726123,869,0.2206896551724138,435,0.24770642201834864,218,0.3103448275862069,87
abs_body_pct__w24__q75,0.6242500917563494,0.6242500917563494,high,0.19794050343249428,874,0.26773455377574373,437,0.3008849557522124,226,0.3448275862068966,87
atr24_pct__now,0.6241289245830575,0.6241289245830575,high,0.19447640966628307,869,0.2574712643678161,435,0.30275229357798167,218,0.27586206896551724,87
macd_pct__w240__q10,0.37631962436549876,0.6236803756345013,low,0.2026578073089701,903,0.2768878718535469,437,0.2606837606837607,234,0.3333333333333333,87
rebound_low240__w240__diff_std,0.623591872095173,0.623591872095173,high,0.1956271576524741,869,0.20229885057471264,435,0.22935779816513763,218,0.20689655172413793,87
macd_fast_hist_pct__w72__std,0.6235522962399143,0.6235522962399143,high,0.25891829689298046,869,0.296551724137931,435,0.2798165137614679,218,0.28735632183908044,87
macd_pct__w72__diff_std,0.6235496533317719,0.6235496533317719,high,0.26237054085155354,869,0.3057471264367816,435,0.24311926605504589,218,0.28735632183908044,87
range_pct__w24__mean,0.6233340869009883,0.6233340869009883,high,0.19447640966628307,869,0.25057471264367814,435,0.29357798165137616,218,0.2413793103448276,87
ema6_slope_3h__w72__std,0.6232772982593671,0.6232772982593671,high,0.238204833141542,869,0.2620689655172414,435,0.23853211009174313,218,0.28735632183908044,87
close_vs_sma168__w240__min,0.3768336361157328,0.6231663638842673,low,0.21485148514851485,1010,0.22653061224489796,490,0.275,240,0.275,240
close_vs_ema6__w72__max,0.6226831860623596,0.6226831860623596,high,0.18403547671840353,902,0.23010752688172043,465,0.26591760299625467,267,0.3194444444444444,144
atr14_pct__w72__max,0.6225427730964421,0.6225427730964421,high,0.24626006904487918,869,0.2553648068669528,466,0.3111111111111111,225,0.2945205479452055,146
close_vs_vwap24__w72__diff_std,0.6221020173385617,0.6221020173385617,high,0.25776754890678943,869,0.22988505747126436,435,0.26605504587155965,218,0.3218390804597701,87
dist_high24__w240__q10,0.3782519290518763,0.6217480709481237,low,0.2393258426966292,890,0.2903225806451613,496,0.23529411764705882,221,0.23357664233576642,137
close_vs_vwap72__w240__q10,0.3783444986037313,0.6216555013962687,low,0.21500559910414332,893,0.26545454545454544,550,0.26605504587155965,218,0.2980769230769231,104
body_pct__w72__diff_std,0.6213024359752115,0.6213024359752115,high,0.2474108170310702,869,0.25517241379310346,435,0.24770642201834864,218,0.40229885057471265,87
dist_high240__w72__q10,0.37875855421268717,0.6212414457873128,low,0.2541993281075028,893,0.24888888888888888,450,0.29389312977099236,262,0.2413793103448276,87
range_pct__w240__q90,0.6211450135235577,0.6211450135235577,high,0.23286180631120784,919,0.2188183807439825,457,0.2409090909090909,220,0.16091954022988506,87
log_ret__w72__diff_std,0.6210479713579234,0.6210479713579234,high,0.2474108170310702,869,0.25517241379310346,435,0.23394495412844038,218,0.41379310344827586,87
dist_high240__w240__diff_std,0.6208623578860856,0.6208623578860856,high,0.17261219792865362,869,0.1839080459770115,435,0.22935779816513763,218,0.2413793103448276,87
dist_high240__w72__std,0.6208254927058445,0.6208254927058445,high,0.24626006904487918,869,0.23908045977011494,435,0.23853211009174313,218,0.21839080459770116,87
close_vs_ema48__w240__q10,0.379207035394368,0.620792964605632,low,0.2068206820682068,909,0.2723112128146453,437,0.3119266055045872,218,0.35260115606936415,173
abs_body_pct__w24__q90,0.6206313406077008,0.6206313406077008,high,0.2218390804597701,870,0.2700228832951945,437,0.19724770642201836,218,0.11494252873563218,87
bb_width__w72__max,0.6203740975485197,0.6203740975485197,high,0.26659528907922914,934,0.2860215053763441,465,0.27307692307692305,260,0.27184466019417475,103
log_ret__w240__diff_std,0.620312768526244,0.620312768526244,high,0.19447640966628307,869,0.20919540229885059,435,0.19724770642201836,218,0.19540229885057472,87
abs_body_pct__w24__mean,0.6202678390878253,0.6202678390878253,high,0.19332566168009205,869,0.26666666666666666,435,0.24311926605504589,218,0.19540229885057472,87
body_pct__w240__diff_std,0.6199910114016411,0.6199910114016411,high,0.19447640966628307,869,0.20919540229885059,435,0.19724770642201836,218,0.19540229885057472,87
abs_body_pct__w72__q75,0.6199770514253,0.6199770514253,high,0.2571756601607348,871,0.22146118721461186,438,0.28,225,0.20212765957446807,94
close_vs_sma24__w240__q10,0.3801498081655289,0.6198501918344711,low,0.2254791431792559,887,0.2784552845528455,492,0.2146118721461187,219,0.26126126126126126,111
atr6_pct__w24__q75,0.6195005147571859,0.6195005147571859,high,0.1896551724137931,870,0.24263038548752835,441,0.3165137614678899,218,0.2727272727272727,88
dist_high72__w240__q10,0.38068442104589767,0.6193155789541023,low,0.21697099892588614,931,0.2074468085106383,564,0.2832618025751073,233,0.2755102040816326,98
dist_high240__w240__min,0.38071234099858015,0.6192876590014198,low,0.22021660649819494,1108,0.22176591375770022,487,0.175,240,0.175,240
ema_gap_6_24__w240__q10,0.3807451401662944,0.6192548598337055,low,0.20368474923234392,977,0.28286852589641437,502,0.2703862660944206,233,0.3333333333333333,87
atr6_pct__w24__mean,0.6191394528448263,0.6191394528448263,high,0.19332566168009205,869,0.23448275862068965,435,0.28440366972477066,218,0.2413793103448276,87
abs_body_pct__w72__mean,0.6191170220090547,0.6191170220090547,high,0.24971231300345226,869,0.22528735632183908,435,0.24770642201834864,218,0.367816091954023,87
dist_high72__w72__diff_std,0.6190108990821113,0.6190108990821113,high,0.24510932105868816,869,0.20689655172413793,435,0.24311926605504589,218,0.3103448275862069,87
rebound_low24__w72__diff_std,0.6189699678893437,0.6189699678893437,high,0.2566168009205984,869,0.23218390804597702,435,0.3211009174311927,218,0.3333333333333333,87
atr6_pct__w240__q75,0.618678502558064,0.618678502558064,high,0.23878923766816143,892,0.20642201834862386,436,0.24311926605504589,218,0.15384615384615385,104
range_pct__w240__mean,0.6186465165928551,0.6186465165928551,high,0.2002301495972382,869,0.2206896551724138,435,0.22018348623853212,218,0.11494252873563218,87
atr6_pct__w72__max,0.6186265931314748,0.6186265931314748,high,0.2459954233409611,874,0.27391304347826084,460,0.3031674208144796,221,0.28859060402684567,149
dist_high72__w240__q25,0.3813830297648381,0.6186169702351618,low,0.18961625282167044,886,0.28211009174311924,436,0.22943722943722944,231,0.3020833333333333,96
close_vs_ema24__w240__q10,0.38148027523109856,0.6185197247689014,low,0.22654462242562928,874,0.2775229357798165,436,0.22935779816513763,218,0.3333333333333333,87
rsi14__w240__min,0.3815624086841353,0.6184375913158646,low,0.19258496395468588,971,0.1375,480,0.12083333333333333,240,0.12083333333333333,240
dist_high24__w240__q90,0.3817552054447703,0.6182447945552296,low,0.17214043035107587,883,0.1649048625792812,473,0.25112107623318386,223,0.31683168316831684,101
atr24_pct__w240__std,0.6181842109685838,0.6181842109685838,high,0.238204833141542,869,0.24597701149425288,435,0.3073394495412844,218,0.367816091954023,87
close_vs_ema12__w72__std,0.6181081765343369,0.6181081765343369,high,0.23935558112773303,869,0.26436781609195403,435,0.22935779816513763,218,0.28735632183908044,87
range_pct__w72__std,0.6180903538460955,0.6180903538460955,high,0.24510932105868816,869,0.19080459770114944,435,0.26605504587155965,218,0.25287356321839083,87
close_vs_ema48__w240__std,0.6180343784069797,0.6180343784069797,high,0.17376294591484465,869,0.19540229885057472,435,0.22477064220183487,218,0.20689655172413793,87
abs_body_pct__w72__diff_std,0.6180006305030091,0.6180006305030091,high,0.2612197928653625,869,0.21149425287356322,435,0.3256880733944954,218,0.39080459770114945,87
close_vs_vwap24__w24__diff_std,0.6179611901815013,0.6179611901815013,high,0.22094361334867663,869,0.2689655172413793,435,0.21100917431192662,218,0.21839080459770116,87
dist_high72__w240__diff_std,0.6179277133450327,0.6179277133450327,high,0.17721518987341772,869,0.20229885057471264,435,0.20642201834862386,218,0.19540229885057472,87
atr6_pct__w240__mean,0.6177888590172501,0.6177888590172501,high,0.19677790563866512,869,0.21379310344827587,435,0.21559633027522937,218,0.08045977011494253,87
macd_hist_pct__w72__max,0.6177043537235729,0.6177043537235729,high,0.2037037037037037,918,0.226890756302521,476,0.2374429223744292,219,0.33793103448275863,145
close_vs_sma240__w240__min,0.3823897066995417,0.6176102933004584,low,0.22873563218390805,870,0.2277432712215321,483,0.275,240,0.275,240
close_vs_ema72__w240__std,0.6175943680847292,0.6175943680847292,high,0.1714614499424626,869,0.17011494252873563,435,0.21559633027522937,218,0.19540229885057472,87
ema_gap_72_168__w240__diff_std,0.6175773585989931,0.6175773585989931,high,0.20253164556962025,869,0.18620689655172415,435,0.22477064220183487,218,0.3793103448275862,87
atr24_pct__w72__q90,0.6175339200318342,0.6175339200318342,high,0.2386117136659436,922,0.28336755646817247,487,0.3394495412844037,218,0.4015151515151515,132
range_pct__now,0.6174521931800501,0.6174521931800501,high,0.18757192174913695,869,0.21379310344827587,435,0.22018348623853212,218,0.22988505747126436,87
close_vs_vwap24__w240__min,0.3827979343572095,0.6172020656427906,low,0.21380090497737556,884,0.21747967479674796,492,0.24583333333333332,240,0.24583333333333332,240
close_vs_ema6__w240__diff_std,0.617093638642082,0.617093638642082,high,0.19217491369390102,869,0.21839080459770116,435,0.23394495412844038,218,0.20689655172413793,87
abs_body_pct__w240__q90,0.617074663916958,0.617074663916958,high,0.21257142857142858,875,0.1831578947368421,475,0.1722689075630252,238,0.31868131868131866,91
body_pct__w72__q10,0.38301607592926,0.61698392407074,low,0.224,875,0.271264367816092,435,0.31363636363636366,220,0.32989690721649484,97
log_ret__w72__q10,0.38302488562306763,0.6169751143769324,low,0.224,875,0.271264367816092,435,0.31363636363636366,220,0.32989690721649484,97
atr6_pct__w72__q90,0.6168959626664152,0.6168959626664152,high,0.24165707710011508,869,0.23126338329764454,467,0.25301204819277107,249,0.13592233009708737,103
log_ret__w72__q90,0.6168549637067722,0.6168549637067722,high,0.23059360730593606,876,0.28216704288939054,443,0.3026315789473684,228,0.30434782608695654,92
bb_width__w240__std,0.6168395806260467,0.6168395806260467,high,0.19677790563866512,869,0.2160919540229885,435,0.22018348623853212,218,0.3218390804597701,87
range_pct__w24__q25,0.6168155233852645,0.6168155233852645,high,0.21010332950631458,871,0.21149425287356322,435,0.25225225225225223,222,0.26136363636363635,88
body_pct__w72__q90,0.6167717459837283,0.6167717459837283,high,0.2305045871559633,872,0.268348623853211,436,0.3026315789473684,228,0.30434782608695654,92
dist_high24__w240__std,0.6167213274283989,0.6167213274283989,high,0.24856156501726123,869,0.28735632183908044,435,0.23853211009174313,218,0.367816091954023,87
abs_body_pct__w240__mean,0.6166670461611692,0.6166670461611692,high,0.21173762945914845,869,0.21379310344827587,435,0.22018348623853212,218,0.16091954022988506,87
ema24_slope_6h__w240__q10,0.3833692768840682,0.6166307231159318,low,0.20732984293193718,955,0.2851485148514851,505,0.2672413793103448,232,0.3333333333333333,87
close_vs_vwap240__w240__diff_std,0.6166241497290138,0.6166241497290138,high,0.17951668584579977,869,0.20919540229885059,435,0.22935779816513763,218,0.2413793103448276,87
atr14_pct__w240__mean,0.61658301523562,0.61658301523562,high,0.19217491369390102,869,0.20229885057471264,435,0.21559633027522937,218,0.08045977011494253,87
close_vs_sma24__w240__diff_std,0.6165685808911507,0.6165685808911507,high,0.19102416570771003,869,0.21839080459770116,435,0.22935779816513763,218,0.1839080459770115,87
atr14_pct__w240__q75,0.6165137574889173,0.6165137574889173,high,0.21634062140391255,869,0.21581196581196582,468,0.23394495412844038,218,0.12612612612612611,111
log_ret__w240__std,0.6163286183852075,0.6163286183852075,high,0.19332566168009205,869,0.21839080459770116,435,0.22935779816513763,218,0.22988505747126436,87
body_pct__w240__std,0.6161682141910343,0.6161682141910343,high,0.18757192174913695,869,0.21839080459770116,435,0.22935779816513763,218,0.22988505747126436,87
close_vs_ema12__w240__diff_std,0.6161418528764869,0.6161418528764869,high,0.18872266973532797,869,0.21839080459770116,435,0.23394495412844038,218,0.20689655172413793,87
abs_body_pct__w72__max,0.6160697489210158,0.6160697489210158,high,0.22246696035242292,908,0.23667377398720682,469,0.25,288,0.2847222222222222,144
close_vs_sma240__w240__diff_std,0.6160028630149538,0.6160028630149538,high,0.1806674338319908,869,0.20919540229885059,435,0.22935779816513763,218,0.2413793103448276,87
atr14_pct__w240__std,0.6159194419912836,0.6159194419912836,high,0.2289988492520138,869,0.25517241379310346,435,0.3256880733944954,218,0.3103448275862069,87
close_vs_ema240__w240__diff_std,0.615905888616195,0.615905888616195,high,0.1806674338319908,869,0.21839080459770116,435,0.22935779816513763,218,0.22988505747126436,87
atr24_pct__w240__mean,0.615889963400466,0.615889963400466,high,0.19332566168009205,869,0.19770114942528735,435,0.19724770642201836,218,0.04597701149425287,87
dist_high240__w240__std,0.6158672614971926,0.6158672614971926,high,0.14384349827387802,869,0.25057471264367814,435,0.26605504587155965,218,0.22988505747126436,87
close_vs_ema168__w240__diff_std,0.6158257881694216,0.6158257881694216,high,0.17951668584579977,869,0.21379310344827587,435,0.22935779816513763,218,0.22988505747126436,87
atr24_pct__w24__max,0.6158226031262757,0.6158226031262757,high,0.22121896162528218,886,0.3057471264367816,435,0.32882882882882886,222,0.16091954022988506,87
close_vs_ema24__w240__diff_std,0.6158030862661481,0.6158030862661481,high,0.189873417721519,869,0.21839080459770116,435,0.22935779816513763,218,0.19540229885057472,87
close_vs_ema48__w240__diff_std,0.6156760233746927,0.6156760233746927,high,0.19102416570771003,869,0.21839080459770116,435,0.22935779816513763,218,0.19540229885057472,87
abs_body_pct__w240__q75,0.615675277939063,0.615675277939063,high,0.19447640966628307,869,0.2080536912751678,447,0.21559633027522937,218,0.18556701030927836,97
atr72_pct__w24__diff_std,0.6155480795138567,0.6155480795138567,high,0.2819332566168009,869,0.31724137931034485,435,0.25229357798165136,218,0.05747126436781609,87
close_vs_ema72__w240__diff_std,0.615509723462356,0.615509723462356,high,0.18872266973532797,869,0.23908045977011494,435,0.22935779816513763,218,0.19540229885057472,87
atr24_pct__w240__q75,0.6154578818026424,0.6154578818026424,high,0.19792865362485615,869,0.22538293216630198,457,0.2264957264957265,234,0.0990990990990991,111
body_pct__w240__q25,0.3845994489739824,0.6154005510260177,low,0.20022883295194507,874,0.2648401826484018,438,0.2687224669603524,227,0.20652173913043478,92
log_ret__w240__q25,0.3846239805828927,0.6153760194171073,low,0.20022883295194507,874,0.2648401826484018,438,0.2687224669603524,227,0.20652173913043478,92
abs_body_pct__w72__q90,0.6152715906620498,0.6152715906620498,high,0.2474108170310702,869,0.26304347826086955,460,0.2608695652173913,230,0.3173076923076923,104
close_vs_sma168__w240__diff_std,0.6151687205451276,0.6151687205451276,high,0.17951668584579977,869,0.21149425287356322,435,0.22935779816513763,218,0.2413793103448276,87
dist_high240__w72__diff_std,0.6150860449570873,0.6150860449570873,high,0.22784810126582278,869,0.2206896551724138,435,0.23394495412844038,218,0.3333333333333333,87
close_vs_sma240__w72__min,0.38492005406170254,0.6150799459382974,low,0.21979286536248563,869,0.25396825396825395,441,0.2673611111111111,288,0.3469387755102041,147
dist_high240__w72__q25,0.38515893229763865,0.6148410677023614,low,0.24856156501726123,869,0.23853211009174313,436,0.25675675675675674,222,0.2413793103448276,87
close_vs_ema72__w240__q10,0.3852153143380071,0.614784685661993,low,0.20917225950782997,894,0.2112676056338028,497,0.2971014492753623,276,0.36585365853658536,164
close_vs_sma24__w240__min,0.3852520439844971,0.6147479560155029,low,0.18369453044375644,969,0.2139917695473251,486,0.24583333333333332,240,0.24583333333333332,240
close_vs_sma72__w240__diff_std,0.6147344704072898,0.6147344704072898,high,0.18411967779056387,869,0.21839080459770116,435,0.22935779816513763,218,0.19540229885057472,87
rebound_low240__w24__diff_std,0.6146770040969142,0.6146770040969142,high,0.2243958573072497,869,0.2367816091954023,435,0.24311926605504589,218,0.11494252873563218,87
atr72_pct__w72__std,0.6145153123321075,0.6145153123321075,high,0.1668584579976985,869,0.1793103448275862,435,0.23853211009174313,218,0.21839080459770116,87
dist_high24__w240__min,0.3855302947750655,0.6144697052249345,low,0.18998978549540346,979,0.2222222222222222,486,0.275,240,0.275,240
close_vs_sma72__w240__q10,0.38563147072010173,0.6143685292798983,low,0.20750551876379691,906,0.21559633027522937,436,0.22391857506361323,393,0.3696969696969697,165
ema_gap_6_24__w240__std,0.614219577687675,0.614219577687675,high,0.16915995397008055,869,0.20229885057471264,435,0.22477064220183487,218,0.1724137931034483,87
macd_pct__w240__std,0.6141630601135555,0.6141630601135555,high,0.19102416570771003,869,0.20689655172413793,435,0.22477064220183487,218,0.1839080459770115,87
close_vs_ema168__w240__min,0.38590897607504016,0.6140910239249598,low,0.21485148514851485,1010,0.22821576763485477,482,0.275,240,0.275,240
ema72_slope_12h__w240__std,0.6139888992436675,0.6139888992436675,high,0.1806674338319908,869,0.15172413793103448,435,0.21100917431192662,218,0.16091954022988506,87
ema6_slope_3h__w72__max,0.6139718219910558,0.6139718219910558,high,0.1673960612691466,914,0.23010752688172043,465,0.3073394495412844,218,0.3287671232876712,146
log_ret__w240__q10,0.38605352282035976,0.6139464771796402,low,0.2297142857142857,875,0.24776785714285715,448,0.18468468468468469,222,0.3626373626373626,91
log_ret__w24__q25,0.3861134965051267,0.6138865034948733,low,0.23590333716915995,869,0.26146788990825687,436,0.3165137614678899,218,0.3563218390804598,87
body_pct__w240__q10,0.3861826864849539,0.6138173135150461,low,0.2297142857142857,875,0.24776785714285715,448,0.18468468468468469,222,0.3626373626373626,91
close_vs_sma24__w24__diff_std,0.6137555101246422,0.6137555101246422,high,0.22554660529344073,869,0.2942528735632184,435,0.22018348623853212,218,0.12643678160919541,87
bb_width__w240__max,0.6137528672165,0.6137528672165,high,0.13280475718533202,1009,0.17281553398058253,515,0.20416666666666666,240,0.20416666666666666,240
close_vs_vwap240__w240__min,0.38628609873687964,0.6137139012631203,low,0.21621621621621623,999,0.22406639004149378,482,0.175,240,0.175,240
ema168_slope_24h__w240__diff_std,0.6136516912714638,0.6136516912714638,high,0.18296892980437285,869,0.20689655172413793,435,0.22477064220183487,218,0.1839080459770115,87
abs_body_pct__w240__std,0.6134878309666429,0.6134878309666429,high,0.17376294591484465,869,0.25287356321839083,435,0.21559633027522937,218,0.22988505747126436,87
body_pct__w24__q25,0.3865123723339834,0.6134876276660166,low,0.23590333716915995,869,0.26146788990825687,436,0.3165137614678899,218,0.3563218390804598,87
range_pct__w240__q75,0.6134227069993424,0.6134227069993424,high,0.2125984251968504,889,0.189873417721519,474,0.20909090909090908,220,0.14772727272727273,88
atr72_pct__w240__diff_std,0.6133442329575796,0.6133442329575796,high,0.16800920598388952,869,0.2206896551724138,435,0.18807339449541285,218,0.22988505747126436,87
atr14_pct__w240__q90,0.6132325531468498,0.6132325531468498,high,0.21142857142857144,875,0.19389978213507625,459,0.226890756302521,238,0.1968503937007874,127
close_vs_vwap24__w240__diff_std,0.6131252781830236,0.6131252781830236,high,0.19217491369390102,869,0.23908045977011494,435,0.23394495412844038,218,0.16091954022988506,87
close_vs_vwap24__w240__q10,0.38694608033681765,0.6130539196631823,low,0.21979286536248563,869,0.2915766738660907,463,0.23076923076923078,221,0.2909090909090909,110
atr72_pct__w240__max,0.6129682623326226,0.6129682623326226,high,0.18280739934711643,919,0.20031055900621117,644,0.19583333333333333,240,0.19583333333333333,240
close_vs_vwap72__w24__diff_std,0.6129465091656053,0.6129465091656053,high,0.23705408515535098,869,0.2988505747126437,435,0.20642201834862386,218,0.14942528735632185,87
ema24_slope_6h__w240__std,0.6129408167480681,0.6129408167480681,high,0.16915995397008055,869,0.2,435,0.22477064220183487,218,0.1724137931034483,87
macd_fast_hist_pct__w240__max,0.6127814290570266,0.6127814290570266,high,0.16885553470919323,1066,0.24870466321243523,579,0.20416666666666666,240,0.20416666666666666,240
atr14_pct__w24__mean,0.612777498578251,0.612777498578251,high,0.19677790563866512,869,0.2160919540229885,435,0.2706422018348624,218,0.28735632183908044,87
close_vs_vwap72__w240__diff_std,0.6126891983395489,0.6126891983395489,high,0.18181818181818182,869,0.21839080459770116,435,0.22935779816513763,218,0.1839080459770115,87
atr24_pct__w24__q90,0.6126269205810169,0.6126269205810169,high,0.21420389461626574,873,0.28603603603603606,444,0.3394495412844037,218,0.24242424242424243,99
macd_signal_pct__w240__std,0.6124129127883683,0.6124129127883683,high,0.19792865362485615,869,0.17471264367816092,435,0.22477064220183487,218,0.1724137931034483,87
close_vs_ema240__w240__min,0.38767199910656147,0.6123280008934385,low,0.21666666666666667,1020,0.22821576763485477,482,0.275,240,0.275,240
close_vs_ema6__w24__diff_std,0.6123280008934384,0.6123280008934384,high,0.23014959723820483,869,0.296551724137931,435,0.24311926605504589,218,0.14942528735632185,87
close_vs_vwap240__w72__min,0.387727161343172,0.612272838656828,low,0.22675736961451248,882,0.2557077625570776,438,0.3230088495575221,226,0.3493150684931507,146
range_pct__w240__q25,0.6119697851898476,0.6119697851898476,high,0.20136518771331058,879,0.25287356321839083,435,0.2170212765957447,235,0.056818181818181816,88
atr24_pct__w240__diff_std,0.6119458634828163,0.6119458634828163,high,0.19447640966628307,869,0.2,435,0.1559633027522936,218,0.1839080459770115,87
ema6_slope_3h__w240__min,0.38807012949978836,0.6119298705002116,low,0.2302568981921979,1051,0.22453222453222454,481,0.225,240,0.225,240
atr6_pct__w240__std,0.6119115734438421,0.6119115734438421,high,0.22209436133486765,869,0.20689655172413793,435,0.23853211009174313,218,0.3218390804597701,87
macd_signal_pct__w240__q10,0.3880941867405705,0.6119058132594295,low,0.1986754966887417,906,0.22685185185185186,648,0.2543103448275862,232,0.3333333333333333,87
close_vs_sma72__w240__std,0.6117502882802882,0.6117502882802882,high,0.19102416570771003,869,0.1632183908045977,435,0.22018348623853212,218,0.3333333333333333,87
atr24_pct__w240__max,0.6116295954751244,0.6116295954751244,high,0.1824074074074074,1080,0.18089430894308944,492,0.2125,240,0.2125,240
dist_high24__w240__mean,0.3885537816898239,0.6114462183101761,low,0.22209436133486765,869,0.2206896551724138,435,0.27522935779816515,218,0.1839080459770115,87
atr14_pct__w72__q90,0.6114135546762125,0.6114135546762125,high,0.24040632054176073,886,0.2510729613733906,466,0.2815884476534296,277,0.2975206611570248,121
close_vs_ema12__w24__diff_std,0.6113930213129535,0.6113930213129535,high,0.22784810126582278,869,0.2896551724137931,435,0.23394495412844038,218,0.10344827586206896,87
rsi24__w240__min,0.3886231749702775,0.6113768250297225,low,0.18322981366459629,966,0.19750519750519752,481,0.275,240,0.275,240
atr24_pct__w240__q90,0.6111809787596927,0.6111809787596927,high,0.21943231441048036,916,0.2260127931769723,469,0.2553191489361702,235,0.23178807947019867,151
close_vs_ema168__w240__std,0.611143368143822,0.611143368143822,high,0.15765247410817032,869,0.2206896551724138,435,0.1834862385321101,218,0.11494252873563218,87
atr6_pct__w24__q25,0.6111359137875232,0.6111359137875232,high,0.18213058419243985,873,0.19770114942528735,435,0.26339285714285715,224,0.26136363636363635,88
dist_high72__w240__mean,0.3889390363767167,0.6110609636232833,low,0.2289988492520138,869,0.23218390804597702,435,0.2798165137614679,218,0.25287356321839083,87
atr72_pct__w240__mean,0.6110539158682373,0.6110539158682373,high,0.18642117376294592,869,0.1471264367816092,435,0.18807339449541285,218,0.2413793103448276,87
body_pct__w24__std,0.6110336535724799,0.6110336535724799,high,0.23245109321058688,869,0.2896551724137931,435,0.23853211009174313,218,0.13793103448275862,87
atr6_pct__w72__q75,0.610927462878661,0.610927462878661,high,0.22554660529344073,869,0.24669603524229075,454,0.2681818181818182,220,0.35714285714285715,98
rebound_low24__w72__max,0.6108736559795593,0.6108736559795593,high,0.23529411764705882,901,0.2885375494071146,506,0.2146118721461187,219,0.1875,144
body_pct__w72__q25,0.38913135876922345,0.6108686412307766,low,0.2520045819014891,873,0.2735632183908046,435,0.3130434782608696,230,0.23333333333333334,90
log_ret__w72__q25,0.3891370511867606,0.6108629488132393,low,0.2520045819014891,873,0.2735632183908046,435,0.3130434782608696,230,0.23333333333333334,90
log_ret__w24__std,0.6108398403087133,0.6108398403087133,high,0.23245109321058688,869,0.28735632183908044,435,0.23853211009174313,218,0.13793103448275862,87
close_vs_vwap240__w240__std,0.6108241861604861,0.6108241861604861,high,0.17031070195627157,869,0.11954022988505747,435,0.07339449541284404,218,0.04597701149425287,87
quote_volume_rel24__w72__q75,0.6107978926128143,0.6107978926128143,high,0.2445961319681456,879,0.35600907029478457,441,0.3893805309734513,226,0.5681818181818182,88
ema24_slope_6h__w240__min,0.389231992579256,0.610768007420744,low,0.2018867924528302,1060,0.2,480,0.12083333333333333,240,0.12083333333333333,240
close_vs_ema24__w240__std,0.6107553350150361,0.6107553350150361,high,0.1611047180667434,869,0.19540229885057472,435,0.22477064220183487,218,0.1724137931034483,87
close_vs_ema24__w24__diff_std,0.6107356826211576,0.6107356826211576,high,0.22784810126582278,869,0.2896551724137931,435,0.23853211009174313,218,0.12643678160919541,87
close_vs_sma72__w24__diff_std,0.6105917457777171,0.6105917457777171,high,0.21979286536248563,869,0.2942528735632184,435,0.23853211009174313,218,0.12643678160919541,87
macd_fast_hist_pct__w240__diff_std,0.6105581334074974,0.6105581334074974,high,0.18757192174913695,869,0.24367816091954023,435,0.22477064220183487,218,0.19540229885057472,87
close_vs_ema48__w24__diff_std,0.610520590558502,0.610520590558502,high,0.22324510932105868,869,0.29195402298850576,435,0.23853211009174313,218,0.12643678160919541,87
atr24_pct__w72__diff_std,0.6105108998953137,0.6105108998953137,high,0.24856156501726123,869,0.21149425287356322,435,0.2889908256880734,218,0.25287356321839083,87
bb_width__w240__diff_std,0.6104094528827758,0.6104094528827758,high,0.2186421173762946,869,0.17701149425287357,435,0.22477064220183487,218,0.25287356321839083,87
rebound_low72__w72__diff_std,0.6104070132752598,0.6104070132752598,high,0.23130034522439585,869,0.20229885057471264,435,0.25229357798165136,218,0.4482758620689655,87
close_vs_sma24__w240__std,0.6103320631110201,0.6103320631110201,high,0.15880322209436135,869,0.19310344827586207,435,0.22477064220183487,218,0.1724137931034483,87
close_vs_ema72__w24__diff_std,0.6102264823190802,0.6102264823190802,high,0.22094361334867663,869,0.29195402298850576,435,0.24311926605504589,218,0.12643678160919541,87
rebound_low24__w24__std,0.6102149619502548,0.6102149619502548,high,0.18296892980437285,869,0.23908045977011494,435,0.2889908256880734,218,0.22988505747126436,87
body_pct__w24__diff_std,0.6101610195174023,0.6101610195174023,high,0.24050632911392406,869,0.3103448275862069,435,0.26605504587155965,218,0.19540229885057472,87
volume_rel72__w72__mean,0.6101253741409194,0.6101253741409194,high,0.18642117376294592,869,0.17701149425287357,435,0.1926605504587156,218,0.1724137931034483,87
ema6_slope_3h__w240__diff_std,0.6101098555264428,0.6101098555264428,high,0.18757192174913695,869,0.23448275862068965,435,0.22477064220183487,218,0.21839080459770116,87
close_vs_vwap72__w240__std,0.6101013169001371,0.6101013169001371,high,0.189873417721519,869,0.22528735632183908,435,0.22477064220183487,218,0.20689655172413793,87
log_ret__w24__diff_std,0.6100115257901754,0.6100115257901754,high,0.23935558112773303,869,0.31264367816091954,435,0.27522935779816515,218,0.19540229885057472,87
ema_gap_24_72__w240__std,0.6099897048562828,0.6099897048562828,high,0.1714614499424626,869,0.20919540229885059,435,0.1926605504587156,218,0.10344827586206896,87
close_vs_ema6__w240__min,0.3900599682634169,0.6099400317365831,low,0.18426103646833014,1042,0.21364452423698385,557,0.17083333333333334,240,0.17083333333333334,240
dist_high24__w72__diff_std,0.6097987378012847,0.6097987378012847,high,0.25316455696202533,869,0.20689655172413793,435,0.24311926605504589,218,0.3218390804597701,87
dist_high24__w240__q25,0.3902989142662284,0.6097010857337716,low,0.2002301495972382,869,0.23972602739726026,438,0.2818181818181818,220,0.2805755395683453,139
close_vs_sma168__w72__min,0.3903188377276086,0.6096811622723914,low,0.20919540229885059,870,0.2798165137614679,436,0.29056603773584905,265,0.33116883116883117,154
volume_rel24__w72__q75,0.6095633156759963,0.6095633156759963,high,0.25227272727272726,880,0.33867276887871856,437,0.3559322033898305,236,0.5319148936170213,94
volume_rel72__w72__q75,0.6094635628353444,0.6094635628353444,high,0.1832579185520362,884,0.15560640732265446,437,0.21397379912663755,229,0.24107142857142858,112
close_vs_ema12__w240__q10,0.3906105741263901,0.6093894258736099,low,0.225,880,0.2923728813559322,472,0.24311926605504589,218,0.3333333333333333,87
rebound_low240__w240__std,0.609385630928585,0.609385630928585,high,0.16570771001150747,869,0.17011494252873563,435,0.22018348623853212,218,0.25287356321839083,87
atr72_pct__w72__diff_std,0.6092680553996918,0.6092680553996918,high,0.2508630609896433,869,0.22298850574712645,435,0.23394495412844038,218,0.16091954022988506,87
dist_high72__w72__min,0.3909918305676316,0.6090081694323684,low,0.22334455667789002,891,0.2791762013729977,437,0.3373015873015873,252,0.34579439252336447,107
dist_high240__w72__mean,0.39099840395454954,0.6090015960454505,low,0.23705408515535098,869,0.2482758620689655,435,0.25229357798165136,218,0.2413793103448276,87
close_vs_ema240__w72__min,0.390999691525183,0.609000308474817,low,0.2123510292524377,923,0.2528216704288939,443,0.2894736842105263,266,0.3493150684931507,146
dist_high72__w240__std,0.6089599194170531,0.6089599194170531,high,0.2336018411967779,869,0.18850574712643678,435,0.2981651376146789,218,0.5172413793103449,87
rebound_low72__w240__diff_std,0.608894863216628,0.608894863216628,high,0.1852704257767549,869,0.17701149425287357,435,0.1834862385321101,218,0.13793103448275862,87
rebound_low72__w24__max,0.608888764197838,0.608888764197838,high,0.17633674630261661,879,0.10619469026548672,452,0.09130434782608696,230,0.053763440860215055,93
atr14_pct__w240__diff_std,0.6088386167100103,0.6088386167100103,high,0.1956271576524741,869,0.19540229885057472,435,0.20642201834862386,218,0.16091954022988506,87
rebound_low24__w24__max,0.6087745092458414,0.6087745092458414,high,0.18850574712643678,870,0.2686230248306998,443,0.2918454935622318,233,0.11926605504587157,109
atr14_pct__w72__q75,0.6087184660398501,0.6087184660398501,high,0.21906923950056753,881,0.2745995423340961,437,0.277992277992278,259,0.36633663366336633,101
macd_hist_pct__w72__min,0.391347200062454,0.608652799937546,low,0.24946004319654427,926,0.24288840262582057,457,0.3022222222222222,225,0.34210526315789475,152
range_pct__w72__q75,0.6086389754949557,0.6086389754949557,high,0.2428078250863061,869,0.26436781609195403,435,0.2318181818181818,220,0.28735632183908044,87
ema72_slope_12h__w72__diff_std,0.6085930295534054,0.6085930295534054,high,0.24856156501726123,869,0.2735632183908046,435,0.24311926605504589,218,0.28735632183908044,87
ema_gap_24_72__w72__diff_std,0.608574596963285,0.608574596963285,high,0.23590333716915995,869,0.20919540229885059,435,0.24311926605504589,218,0.2988505747126437,87
close_vs_sma168__w240__q10,0.3914798876045711,0.6085201123954289,low,0.20683111954459202,1054,0.23620309050772628,453,0.2981651376146789,218,0.29081632653061223,196
atr14_pct__w24__q75,0.6085173339535358,0.6085173339535358,high,0.20387243735763097,878,0.23908045977011494,435,0.30275229357798167,218,0.2717391304347826,92
close_vs_sma240__w72__q10,0.39154053895809243,0.6084594610419076,low,0.17253121452894438,881,0.21052631578947367,475,0.26605504587155965,218,0.3798449612403101,129
macd_signal_pct__w72__diff_std,0.6084440101943067,0.6084440101943067,high,0.2520138089758343,869,0.25057471264367814,435,0.3073394495412844,218,0.3218390804597701,87
close_vs_ema168__w24__diff_std,0.6084417061205415,0.6084417061205415,high,0.22669735327963175,869,0.2827586206896552,435,0.24311926605504589,218,0.12643678160919541,87
atr14_pct__w24__max,0.6083348377579681,0.6083348377579681,high,0.2149425287356322,870,0.27522935779816515,436,0.3305439330543933,239,0.42045454545454547,88
atr14_pct__w24__q90,0.6083216909841322,0.6083216909841322,high,0.21149425287356322,870,0.2556053811659193,446,0.3165137614678899,218,0.33663366336633666,101
rsi6__w240__min,0.3916938953972196,0.6083061046027805,low,0.14641744548286603,963,0.20166320166320167,481,0.25,240,0.25,240
close_vs_ema240__w240__std,0.6082059451608758,0.6082059451608758,high,0.1611047180667434,869,0.19540229885057472,435,0.11467889908256881,218,0.04597701149425287,87
body_pct__w24__q10,0.39183261419125115,0.6081673858087489,low,0.22554660529344073,869,0.2692307692307692,442,0.3242009132420091,219,0.13829787234042554,94
log_ret__w24__q10,0.3918330207925038,0.6081669792074962,low,0.22554660529344073,869,0.2692307692307692,442,0.32272727272727275,220,0.13829787234042554,94
bb_width__w240__q90,0.608144141770472,0.608144141770472,high,0.20368474923234392,977,0.22048997772828507,449,0.22477064220183487,218,0.2413793103448276,203
macd_signal_pct__w24__diff_std,0.6081388559541874,0.6081388559541874,high,0.18757192174913695,869,0.2,435,0.25229357798165136,218,0.3103448275862069,87
body_pct__w240__q90,0.6081152053146579,0.6081152053146579,high,0.21444954128440366,872,0.20045558086560364,439,0.1826086956521739,230,0.06666666666666667,105
range_pct__w24__q10,0.6081151375477825,0.6081151375477825,high,0.19332566168009205,869,0.22018348623853212,436,0.29357798165137616,218,0.33707865168539325,89
rebound_low24__w240__diff_std,0.608110190565875,0.608110190565875,high,0.18872266973532797,869,0.167816091954023,435,0.1559633027522936,218,0.10344827586206896,87
macd_hist_pct__w24__std,0.6081015164058183,0.6081015164058183,high,0.18181818181818182,869,0.20919540229885059,435,0.26146788990825687,218,0.3103448275862069,87
log_ret__w240__q90,0.6080517755192433,0.6080517755192433,high,0.21444954128440366,872,0.20045558086560364,439,0.14767932489451477,237,0.10091743119266056,109
macd_hist_pct__w240__std,0.6080357147697634,0.6080357147697634,high,0.20713463751438435,869,0.19540229885057472,435,0.22477064220183487,218,0.16091954022988506,87
rebound_low72__w24__diff_std,0.6080091501545897,0.6080091501545897,high,0.23130034522439585,869,0.2413793103448276,435,0.13761467889908258,218,0.08045977011494253,87
volume_rel72__w72__q90,0.6079740469131104,0.6079740469131104,high,0.244173140954495,901,0.20229885057471264,435,0.11659192825112108,223,0.1415929203539823,113
close_vs_ema6__w240__q10,0.3920830127960125,0.6079169872039876,low,0.22435174746335965,887,0.2572062084257206,451,0.2391304347826087,230,0.32075471698113206,106
ema72_slope_12h__w240__q10,0.3922537853221285,0.6077462146778715,low,0.21091290661070305,953,0.19866071428571427,448,0.20518867924528303,424,0.3333333333333333,168
close_vs_sma168__w24__diff_std,0.6077233772408472,0.6077233772408472,high,0.23014959723820483,869,0.29195402298850576,435,0.24311926605504589,218,0.13793103448275862,87
close_vs_ema6__w240__std,0.6077191756945698,0.6077191756945698,high,0.19907940161104717,869,0.20689655172413793,435,0.22477064220183487,218,0.16091954022988506,87
macd_hist_pct__w72__std,0.6077058256201076,0.6077058256201076,high,0.25316455696202533,869,0.25287356321839083,435,0.3073394495412844,218,0.3563218390804598,87
atr24_pct__w24__q75,0.6076832592505851,0.6076832592505851,high,0.2048331415420023,869,0.2698412698412698,441,0.31555555555555553,225,0.2777777777777778,90
obv_delta__w24__q25,0.3924432615058667,0.6075567384941333,low,0.2057471264367816,870,0.2545871559633027,436,0.26146788990825687,218,0.2111111111111111,90
atr24_pct__w24__mean,0.6075522658803542,0.6075522658803542,high,0.22094361334867663,869,0.25287356321839083,435,0.28440366972477066,218,0.42528735632183906,87
close_vs_ema240__w24__diff_std,0.607484770072413,0.607484770072413,high,0.22784810126582278,869,0.2896551724137931,435,0.25229357798165136,218,0.13793103448275862,87
macd_signal_pct__w240__diff_std,0.6074564435184779,0.6074564435184779,high,0.21518987341772153,869,0.19540229885057472,435,0.22477064220183487,218,0.1724137931034483,87
range_pct__w72__q90,0.6074396373333679,0.6074396373333679,high,0.23623853211009174,872,0.22528735632183908,435,0.25862068965517243,232,0.34,100
quote_volume_rel72__w72__q75,0.607357774947833,0.607357774947833,high,0.1831626848691695,879,0.1574279379157428,451,0.12217194570135746,221,0.24545454545454545,110
range_pct__w240__std,0.6073179280250727,0.6073179280250727,high,0.19677790563866512,869,0.1793103448275862,435,0.21100917431192662,218,0.21839080459770116,87
macd_hist_pct__w240__diff_std,0.6072332194307691,0.6072332194307691,high,0.20253164556962025,869,0.2482758620689655,435,0.22477064220183487,218,0.08045977011494253,87
rebound_low24__w240__max,0.6071779216604076,0.6071779216604076,high,0.11819116135662898,973,0.075,480,0.05,240,0.05,240
close_vs_vwap240__w24__diff_std,0.6071611832421734,0.6071611832421734,high,0.23245109321058688,869,0.28045977011494255,435,0.25688073394495414,218,0.14942528735632185,87
dist_high240__w24__min,0.392900687915106,0.607099312084894,low,0.22460496613995484,886,0.28,450,0.19742489270386265,233,0.2717391304347826,92
close_vs_vwap72__w240__min,0.3929519874398162,0.6070480125601838,low,0.226890756302521,952,0.22916666666666666,480,0.175,240,0.175,240
atr6_pct__w24__q90,0.6067436037556944,0.6067436037556944,high,0.19886363636363635,880,0.26651480637813213,439,0.26146788990825687,218,0.3333333333333333,87
macd_hist_pct__w240__min,0.3934354363292255,0.6065645636707745,low,0.1932168550873587,973,0.23565573770491804,488,0.22916666666666666,240,0.22916666666666666,240
dist_high240__w240__q10,0.39344634679617185,0.6065536532038281,low,0.23967774420946628,993,0.2575107296137339,466,0.1926605504587156,218,0.18536585365853658,205
ema6_slope_3h__w240__q10,0.3935078113521986,0.6064921886478014,low,0.19936034115138593,938,0.23462414578587698,439,0.2420091324200913,219,0.3333333333333333,87
atr72_pct__w240__q90,0.6064503764856533,0.6064503764856533,high,0.17836593785960875,869,0.18664047151277013,509,0.21076233183856502,223,0.10091743119266056,109
close_vs_ema24__w72__std,0.6064344512699241,0.6064344512699241,high,0.23245109321058688,869,0.2160919540229885,435,0.26605504587155965,218,0.28735632183908044,87
atr72_pct__now,0.6064127658697824,0.6064127658697824,high,0.24971231300345226,869,0.2482758620689655,435,0.28440366972477066,218,0.4827586206896552,87
ema_gap_6_24__w240__diff_std,0.6063952142490427,0.6063952142490427,high,0.18296892980437285,869,0.23218390804597702,435,0.22477064220183487,218,0.10344827586206896,87
close_vs_sma24__w72__std,0.6063689207013708,0.6063689207013708,high,0.23705408515535098,869,0.2206896551724138,435,0.27522935779816515,218,0.28735632183908044,87
close_vs_ema12__w240__std,0.6063130130291305,0.6063130130291305,high,0.18411967779056387,869,0.19080459770114944,435,0.22477064220183487,218,0.1724137931034483,87
close_vs_sma240__w24__diff_std,0.6062931573346259,0.6062931573346259,high,0.23014959723820483,869,0.2827586206896552,435,0.26146788990825687,218,0.1724137931034483,87
ema72_slope_12h__w240__diff_std,0.606291801997117,0.606291801997117,high,0.18642117376294592,869,0.19540229885057472,435,0.22477064220183487,218,0.11494252873563218,87
bb_width__w24__diff_std,0.6062838055058146,0.6062838055058146,high,0.24395857307249713,869,0.22528735632183908,435,0.28440366972477066,218,0.20689655172413793,87
close_vs_ema168__w72__min,0.3937961594072079,0.6062038405927921,low,0.19187358916478556,886,0.2610619469026549,452,0.29924242424242425,264,0.3493150684931507,146
atr6_pct__w72__diff_std,0.606147051951171,0.606147051951171,high,0.23014959723820483,869,0.21839080459770116,435,0.25229357798165136,218,0.40229885057471265,87
close_vs_ema24__w240__min,0.39403259803562807,0.6059674019643719,low,0.18115942028985507,966,0.21666666666666667,480,0.1875,240,0.1875,240
quote_volume_rel72__w72__mean,0.6059198973846865,0.6059198973846865,high,0.1806674338319908,869,0.1310344827586207,435,0.18807339449541285,218,0.16091954022988506,87
body_pct__w240__min,0.3942585327983545,0.6057414672016455,low,0.19001919385796545,1042,0.2117437722419929,562,0.17083333333333334,240,0.17083333333333334,240
log_ret__w240__min,0.3942585327983545,0.6057414672016455,low,0.19001919385796545,1042,0.2117437722419929,562,0.17083333333333334,240,0.17083333333333334,240
ema_gap_24_72__w240__q10,0.3943195907531285,0.6056804092468715,low,0.20188284518828453,956,0.19419642857142858,448,0.2813852813852814,231,0.32941176470588235,170
macd_pct__w240__diff_std,0.6056368351459617,0.6056368351459617,high,0.19677790563866512,869,0.20689655172413793,435,0.22477064220183487,218,0.11494252873563218,87
close_vs_sma168__w240__std,0.6055721177799138,0.6055721177799138,high,0.17376294591484465,869,0.19540229885057472,435,0.21100917431192662,218,0.10344827586206896,87
atr14_pct__w240__max,0.6054912041306351,0.6054912041306351,high,0.1983640081799591,978,0.17634854771784234,482,0.2125,240,0.2125,240
macd_fast_hist_pct__w72__min,0.3945665332472423,0.6054334667527577,low,0.2632183908045977,870,0.2603938730853392,457,0.26605504587155965,218,0.27586206896551724,145
quote_volume_rel72__w72__q90,0.6051843557186298,0.6051843557186298,high,0.22732491389207807,871,0.1917808219178082,438,0.13692946058091288,241,0.15384615384615385,91
atr6_pct__w240__diff_std,0.6051777145648364,0.6051777145648364,high,0.1956271576524741,869,0.18620689655172415,435,0.23394495412844038,218,0.11494252873563218,87
range_pct__w72__mean,0.6051582654715844,0.6051582654715844,high,0.24856156501726123,869,0.24597701149425288,435,0.25688073394495414,218,0.3103448275862069,87
dist_high72__w240__min,0.3951322511234393,0.6048677488765607,low,0.19642857142857142,1008,0.24621212121212122,528,0.2833333333333333,240,0.2833333333333333,240
dist_high72__w24__diff_std,0.6048420652307679,0.6048420652307679,high,0.22209436133486765,869,0.2942528735632184,435,0.26146788990825687,218,0.1724137931034483,87
close_vs_sma168__w72__q10,0.3952660907024389,0.6047339092975611,low,0.19447640966628307,869,0.2482758620689655,435,0.2909090909090909,220,0.36,100
close_vs_vwap240__w72__q10,0.39543835409981465,0.6045616459001854,low,0.189873417721519,869,0.22298850574712645,435,0.3256880733944954,218,0.384,125
abs_body_pct__w240__diff_std,0.6044301103949508,0.6044301103949508,high,0.1760644418872267,869,0.2206896551724138,435,0.22477064220183487,218,0.08045977011494253,87
ema_gap_24_72__w240__diff_std,0.6043723730170735,0.6043723730170735,high,0.17261219792865362,869,0.19770114942528735,435,0.22477064220183487,218,0.14942528735632185,87
macd_fast_hist_pct__w24__diff_std,0.6043189727192245,0.6043189727192245,high,0.22209436133486765,869,0.2689655172413793,435,0.25688073394495414,218,0.09195402298850575,87
macd_hist_pct__w24__diff_std,0.6042967451840793,0.6042967451840793,high,0.2002301495972382,869,0.22758620689655173,435,0.22477064220183487,218,0.11494252873563218,87
dist_high24__w240__q75,0.3957641772369439,0.6042358227630561,low,0.18620689655172415,870,0.12585812356979406,437,0.2077922077922078,231,0.23595505617977527,89
close_vs_ema72__w240__min,0.39586616638448535,0.6041338336155146,low,0.19047619047619047,966,0.18125,480,0.175,240,0.175,240
close_vs_sma24__w24__std,0.6040632882981786,0.6040632882981786,high,0.19792865362485615,869,0.21379310344827587,435,0.19724770642201836,218,0.1839080459770115,87
close_vs_vwap24__w24__std,0.6039336502654564,0.6039336502654564,high,0.21058688147295743,869,0.19310344827586207,435,0.24770642201834864,218,0.2988505747126437,87
ema72_slope_12h__w24__diff_std,0.6039217232953784,0.6039217232953784,high,0.1622554660529344,869,0.21379310344827587,435,0.22018348623853212,218,0.2988505747126437,87
range_pct__w24__q90,0.6037286554672417,0.6037286554672417,high,0.17951668584579977,869,0.23569794050343248,437,0.21363636363636362,220,0.2222222222222222,90
rebound_low24__w72__std,0.6035422287928984,0.6035422287928984,high,0.238204833141542,869,0.26436781609195403,435,0.27522935779816515,218,0.3563218390804598,87
atr6_pct__w24__max,0.603445593228517,0.603445593228517,high,0.21749136939010358,869,0.2606741573033708,445,0.2511013215859031,227,0.22549019607843138,102
close_vs_sma72__w240__q25,0.3965582017165078,0.6034417982834922,low,0.1928817451205511,871,0.24890829694323144,458,0.3201754385964912,228,0.358974358974359,117
atr14_pct__w24__q25,0.6034300746140405,0.6034300746140405,high,0.17951668584579977,869,0.19080459770114944,435,0.23394495412844038,218,0.32954545454545453,88
range_pct__w72__max,0.603408728048276,0.603408728048276,high,0.2454337899543379,876,0.2505643340857788,443,0.21585903083700442,227,0.16666666666666666,144
atr14_pct__w24__min,0.6032993523113113,0.6032993523113113,high,0.1791044776119403,871,0.19911504424778761,452,0.2191780821917808,219,0.34408602150537637,93
atr24_pct__w24__min,0.6032805131199381,0.6032805131199381,high,0.2002301495972382,869,0.20634920634920634,441,0.24311926605504589,218,0.4148936170212766,94
bb_width__w24__max,0.6032275871902173,0.6032275871902173,high,0.2209695603156708,887,0.29910714285714285,448,0.3173913043478261,230,0.3103448275862069,87
close_vs_ema12__w72__max,0.6031314937608394,0.6031314937608394,high,0.1772972972972973,925,0.16768916155419222,489,0.23766816143497757,223,0.3194444444444444,144
macd_pct__w24__diff_std,0.6030229989932553,0.6030229989932553,high,0.19677790563866512,869,0.2206896551724138,435,0.20642201834862386,218,0.21839080459770116,87
ema_gap_24_72__w240__q25,0.3971111794201216,0.6028888205798784,low,0.20828538550057538,869,0.2559652928416486,461,0.3117408906882591,247,0.3374233128834356,163
dist_high72__w240__q90,0.39721079672702253,0.6027892032729775,low,0.18764302059496568,874,0.17471264367816092,435,0.14220183486238533,218,0.20454545454545456,88
close_vs_ema72__w240__q25,0.39732450954401566,0.6026754904559843,low,0.21954022988505748,870,0.25,492,0.31063829787234043,235,0.3684210526315789,114
ema6_slope_3h__w240__std,0.6026673584309312,0.6026673584309312,high,0.2002301495972382,869,0.19080459770114944,435,0.22477064220183487,218,0.1839080459770115,87
obv_delta__w240__q25,0.3974023059170241,0.6025976940829759,low,0.2219679633867277,874,0.22675736961451248,441,0.22123893805309736,226,0.22727272727272727,88
macd_fast_hist_pct__w24__std,0.6025841407078875,0.6025841407078875,high,0.17721518987341772,869,0.2160919540229885,435,0.19724770642201836,218,0.19540229885057472,87
atr24_pct__w24__q10,0.6024527407364036,0.6024527407364036,high,0.20598388952819333,869,0.22477064220183487,436,0.2557077625570776,219,0.39080459770114945,87
macd_fast_hist_pct__w240__q10,0.3975587118655462,0.6024412881344539,low,0.23738532110091742,872,0.192,500,0.22018348623853212,218,0.25,116
close_vs_ema12__w240__min,0.39768516485512256,0.6023148351448775,low,0.18497109826589594,1038,0.2139917695473251,486,0.22083333333333333,240,0.22083333333333333,240
bb_width__w72__mean,0.6022510665150858,0.6022510665150858,high,0.2336018411967779,869,0.2827586206896552,435,0.3119266055045872,218,0.28735632183908044,87
atr14_pct__w24__q10,0.6022090510523112,0.6022090510523112,high,0.1806674338319908,869,0.2045977011494253,435,0.22935779816513763,218,0.3448275862068966,87
macd_fast_hist_pct__w240__std,0.6021078073403996,0.6021078073403996,high,0.21058688147295743,869,0.2045977011494253,435,0.22477064220183487,218,0.1724137931034483,87
close_vs_vwap240__w72__std,0.6018372142067562,0.6018372142067562,high,0.21634062140391255,869,0.3218390804597701,435,0.3440366972477064,218,0.2988505747126437,87
ema168_slope_24h__w240__min,0.39828903548219385,0.6017109645178061,low,0.2177121771217712,1084,0.23517382413087934,489,0.25416666666666665,240,0.25416666666666665,240
close_vs_ema6__w24__std,0.6016707109937931,0.6016707109937931,high,0.1852704257767549,869,0.23908045977011494,435,0.19724770642201836,218,0.11494252873563218,87
dist_high240__w24__diff_std,0.6015999623758308,0.6015999623758308,high,0.23705408515535098,869,0.2735632183908046,435,0.24311926605504589,218,0.21839080459770116,87
ema_gap_6_24__w24__diff_std,0.601587289970123,0.601587289970123,high,0.19102416570771003,869,0.22988505747126436,435,0.21100917431192662,218,0.13793103448275862,87
body_pct__w24__q90,0.6015333475372704,0.6015333475372704,high,0.17257142857142857,875,0.2100456621004566,438,0.22272727272727272,220,0.29545454545454547,88
dist_high240__now,0.3984732258496475,0.6015267741503525,low,0.22209436133486765,869,0.2735632183908046,435,0.2798165137614679,218,0.3218390804597701,87
log_ret__w24__q90,0.6015082737933566,0.6015082737933566,high,0.17257142857142857,875,0.2100456621004566,438,0.22272727272727272,220,0.29545454545454547,88
ema_gap_6_24__w240__min,0.3985291335218879,0.6014708664781121,low,0.183991683991684,962,0.18958333333333333,480,0.25833333333333336,240,0.25833333333333336,240
close_vs_ema240__w72__q10,0.39855820551145293,0.6014417944885471,low,0.19506726457399104,892,0.20718816067653276,473,0.2748091603053435,262,0.3875968992248062,129
ema6_slope_3h__w24__diff_std,0.601347801832308,0.601347801832308,high,0.21749136939010358,869,0.2620689655172414,435,0.26605504587155965,218,0.10344827586206896,87
close_vs_vwap72__w240__q25,0.39866127892900144,0.6013387210709986,low,0.23450413223140495,968,0.26174496644295303,447,0.3031674208144796,221,0.3221476510067114,149
ema72_slope_12h__w240__min,0.3986684622177984,0.6013315377822016,low,0.18773946360153257,1044,0.22268041237113403,485,0.2625,240,0.2625,240
dist_high240__w24__q10,0.3987119685518328,0.6012880314481672,low,0.22413793103448276,870,0.2827586206896552,435,0.19909502262443438,221,0.2808988764044944,89
ema_gap_24_72__w240__min,0.3987258607612985,0.6012741392387015,low,0.2054665409990575,1061,0.22587268993839835,487,0.26666666666666666,240,0.26666666666666666,240
close_vs_ema48__w240__min,0.3987468007258103,0.6012531992741896,low,0.1914672216441207,961,0.18125,480,0.1875,240,0.1875,240
macd_signal_pct__w240__q25,0.3988116536256091,0.6011883463743909,low,0.2623318385650224,892,0.2682926829268293,492,0.3004115226337449,243,0.3283582089552239,134
ema_gap_24_72__w72__min,0.3988840964154575,0.6011159035845425,low,0.20437158469945355,915,0.2526539278131635,471,0.2679245283018868,265,0.3708609271523179,151
close_vs_ema168__w72__q10,0.3989988257355824,0.6010011742644177,low,0.18296892980437285,869,0.2444933920704846,454,0.2967479674796748,246,0.38345864661654133,133
range_pct__w240__diff_std,0.600919515179509,0.600919515179509,high,0.1956271576524741,869,0.13793103448275862,435,0.14220183486238533,218,0.11494252873563218,87
atr72_pct__w24__max,0.6008801426248767,0.6008801426248767,high,0.23085585585585586,888,0.3501144164759725,437,0.26146788990825687,218,0.3541666666666667,96
volume_rel24__w72__q90,0.6008390758983584,0.6008390758983584,high,0.22554660529344073,869,0.19540229885057472,435,0.26785714285714285,224,0.2905982905982906,117
atr24_pct__w24__q25,0.6007139104794154,0.6007139104794154,high,0.20713463751438435,869,0.24153498871331827,443,0.28440366972477066,218,0.3522727272727273,88
ema168_slope_24h__w72__min,0.39928642835496186,0.6007135716450381,low,0.18642117376294592,869,0.2597701149425287,435,0.26146788990825687,218,0.3464052287581699,153
macd_fast_hist_pct__w240__min,0.3994128813445382,0.6005871186554619,low,0.21079958463136034,963,0.1995841995841996,481,0.22083333333333333,240,0.22083333333333333,240
taker_share__w240__max,0.3994315850021604,0.6005684149978396,low,0.19170403587443946,892,0.2113970588235294,544,0.11504424778761062,226,0.04697986577181208,149
close_vs_ema168__w240__q10,0.39946933115178207,0.6005306688482179,low,0.20089285714285715,896,0.24597701149425288,435,0.3032069970845481,343,0.3431952662721893,169
mfi14__w240__q10,0.39968008613440936,0.6003199138655906,low,0.1564245810055866,895,0.15862068965517243,435,0.18352059925093633,267,0.27007299270072993,137
bb_width__w72__q75,0.6002920616797836,0.6002920616797836,high,0.20713463751438435,869,0.24152542372881355,472,0.3211009174311927,218,0.408,125
close_vs_ema12__w24__std,0.6002548576651655,0.6002548576651655,high,0.19447640966628307,869,0.20689655172413793,435,0.1926605504587156,218,0.1839080459770115,87
close_vs_ema12__w240__q25,0.3997973228289255,0.6002026771710745,low,0.22413793103448276,870,0.23623853211009174,436,0.26605504587155965,218,0.3384615384615385,130
ema168_slope_24h__w24__diff_std,0.6000729036046014,0.6000729036046014,high,0.20828538550057538,869,0.2160919540229885,435,0.25229357798165136,218,0.3103448275862069,87
rebound_low72__w24__q90,0.5999173108585847,0.5999173108585847,high,0.1756601607347876,871,0.10779816513761468,436,0.0963302752293578,218,0.009900990099009901,101
ema72_slope_12h__w240__q25,0.4000910922339703,0.5999089077660297,low,0.2508108108108108,925,0.27155172413793105,464,0.3185840707964602,226,0.3254437869822485,169
atr72_pct__w240__q75,0.5997875372921115,0.5997875372921115,high,0.19447640966628307,869,0.19881889763779528,508,0.18636363636363637,220,0.22839506172839505,162
stoch_d__w240__q75,0.40033586618806993,0.5996641338119301,low,0.12658227848101267,869,0.1103448275862069,435,0.1038961038961039,231,0.14018691588785046,107
atr6_pct__w72__mean,0.5996509192712188,0.5996509192712188,high,0.2428078250863061,869,0.2620689655172414,435,0.24770642201834864,218,0.22988505747126436,87
ema_gap_72_168__w72__min,0.4004440898881521,0.599555910111848,low,0.2205240174672489,916,0.286697247706422,436,0.3119266055045872,218,0.39080459770114945,87
close_vs_ema48__w240__q25,0.40054743437320256,0.5994525656267975,low,0.19332566168009205,869,0.289532293986637,449,0.29554655870445345,247,0.3384615384615385,130
ema24_slope_6h__w240__q25,0.40062509521246004,0.59937490478754,low,0.1739618406285073,891,0.25416666666666665,480,0.2754237288135593,236,0.35772357723577236,123
rebound_low72__w24__std,0.5991554078779806,0.5991554078779806,high,0.17836593785960875,869,0.1632183908045977,435,0.11009174311926606,218,0.0,87
ema_gap_24_72__w24__diff_std,0.5991278945265508,0.5991278945265508,high,0.19792865362485615,869,0.19540229885057472,435,0.2018348623853211,218,0.19540229885057472,87
ema168_slope_24h__w240__std,0.5991108172739391,0.5991108172739391,high,0.17376294591484465,869,0.19540229885057472,435,0.0963302752293578,218,0.04597701149425287,87
close_vs_sma240__w72__q25,0.40089812795361923,0.5991018720463808,low,0.20756880733944955,872,0.20642201834862386,436,0.25663716814159293,226,0.29545454545454547,88
close_vs_sma240__w240__std,0.5989792140018292,0.5989792140018292,high,0.16570771001150747,869,0.15862068965517243,435,0.06422018348623854,218,0.0,87
volume_rel72__w240__std,0.5988867799837251,0.5988867799837251,high,0.2243958573072497,869,0.15402298850574714,435,0.1743119266055046,218,0.28735632183908044,87
macd_pct__w240__min,0.40125586928908213,0.5987441307109178,low,0.20207743153918792,1059,0.17916666666666667,480,0.175,240,0.175,240
ema72_slope_12h__w72__min,0.40126860946166537,0.5987313905383347,low,0.21173762945914845,869,0.26327433628318586,452,0.32286995515695066,223,0.348993288590604,149
range_pct__w72__diff_std,0.5987147198869758,0.5987147198869758,high,0.21518987341772153,869,0.271264367816092,435,0.27522935779816515,218,0.20689655172413793,87
abs_body_pct__w240__q25,0.5985966699899542,0.5985966699899542,high,0.17869415807560138,873,0.1735159817351598,438,0.1774891774891775,231,0.24731182795698925,93
bb_width__w240__mean,0.5985152819725474,0.5985152819725474,high,0.21518987341772153,869,0.2206896551724138,435,0.22477064220183487,218,0.11494252873563218,87
atr72_pct__w24__q90,0.5983682956197118,0.5983682956197118,high,0.23590333716915995,869,0.336322869955157,446,0.25688073394495414,218,0.3111111111111111,90
atr72_pct__w240__q25,0.5983382748938907,0.5983382748938907,high,0.14864864864864866,888,0.18620689655172415,435,0.18807339449541285,218,0.2413793103448276,87
macd_hist_pct__w240__q10,0.4016863244818951,0.5983136755181049,low,0.22151898734177214,948,0.1934782608695652,460,0.21875,224,0.22377622377622378,143
dist_high72__w240__q75,0.40183771568163446,0.5981622843183656,low,0.18807339449541285,872,0.2,450,0.2557077625570776,219,0.2413793103448276,87
avg_trade_quote_rel240__w240__q10,0.40197785758005034,0.5980221424199497,low,0.1660939289805269,873,0.1237721021611002,509,0.0502092050209205,239,0.06716417910447761,134
cci20__w240__q10,0.40205097803865314,0.5979490219613468,low,0.16436781609195403,870,0.19690265486725664,452,0.2545454545454545,220,0.11224489795918367,98
atr6_pct__w240__q25,0.5979214408430416,0.5979214408430416,high,0.18181818181818182,869,0.25396825396825395,441,0.19913419913419914,231,0.07954545454545454,88
atr72_pct__w72__z,0.5977735057539499,0.5977735057539499,high,0.19677790563866512,869,0.21839080459770116,435,0.25229357798165136,218,0.26436781609195403,87
bb_width__w24__q90,0.5977042480072472,0.5977042480072472,high,0.21125143513203215,871,0.27740492170022374,447,0.34782608695652173,230,0.30097087378640774,103
close_vs_ema24__w240__q25,0.40230476498718665,0.5976952350128133,low,0.19322033898305085,885,0.2379862700228833,437,0.27235772357723576,246,0.3723404255319149,94
close_vs_vwap24__w240__std,0.5975631573725753,0.5975631573725753,high,0.16570771001150747,869,0.20689655172413793,435,0.22477064220183487,218,0.14942528735632185,87
macd_signal_pct__w240__min,0.40243853679931085,0.5975614632006891,low,0.19008264462809918,968,0.20997920997921,481,0.14583333333333334,240,0.14583333333333334,240
atr24_pct__w72__q75,0.5975176180322777,0.5975176180322777,high,0.22857142857142856,910,0.2505175983436853,483,0.32644628099173556,242,0.375,96
obv_delta__w240__q10,0.4025849132502674,0.5974150867497325,low,0.23007856341189675,891,0.27233115468409586,459,0.27631578947368424,228,0.3010752688172043,93
bb_width__now,0.5974117661728359,0.5974117661728359,high,0.19677790563866512,869,0.21379310344827587,435,0.19724770642201836,218,0.11494252873563218,87
ema_gap_72_168__w72__diff_std,0.5973421018248806,0.5973421018248806,high,0.2243958573072497,869,0.1839080459770115,435,0.26146788990825687,218,0.28735632183908044,87
atr6_pct__w24__std,0.597128839467862,0.597128839467862,high,0.22784810126582278,869,0.2850574712643678,435,0.23394495412844038,218,0.1839080459770115,87
close_vs_sma72__w240__min,0.4028892542878813,0.5971107457121188,low,0.18899273104880582,963,0.18125,480,0.1875,240,0.1875,240
ema24_slope_6h__w240__diff_std,0.5969932379501008,0.5969932379501008,high,0.189873417721519,869,0.21149425287356322,435,0.22477064220183487,218,0.10344827586206896,87
close_vs_sma24__w240__q25,0.4030302093888024,0.5969697906111976,low,0.20709382151029748,874,0.20169851380042464,471,0.26905829596412556,223,0.34375,128
close_vs_ema12__w72__min,0.40314737831644315,0.5968526216835568,low,0.24382384532760473,931,0.24885844748858446,438,0.23529411764705882,221,0.31333333333333335,150
rebound_low24__w24__q90,0.5968259893015078,0.5968259893015078,high,0.1760644418872267,869,0.24597701149425288,435,0.252212389380531,226,0.06896551724137931,87
dist_high24__w24__diff_std,0.5967800433599576,0.5967800433599576,high,0.24050632911392406,869,0.30344827586206896,435,0.3256880733944954,218,0.28735632183908044,87
cci20__w240__min,0.40322734322946574,0.5967726567705343,low,0.15520833333333334,960,0.17291666666666666,480,0.22083333333333333,240,0.22083333333333333,240
dist_high240__w24__q25,0.4032364917576504,0.5967635082423496,low,0.21954022988505748,870,0.2591743119266055,436,0.2018348623853211,218,0.26436781609195403,87
close_location__w240__q75,0.40327633868041085,0.5967236613195892,low,0.12416107382550336,894,0.12444444444444444,450,0.10550458715596331,218,0.18085106382978725,94
close_vs_sma168__w72__q25,0.4032893499204959,0.5967106500795041,low,0.20271800679501698,883,0.24008810572687225,454,0.3333333333333333,219,0.41379310344827586,87
close_vs_ema48__w72__std,0.5966661950092136,0.5966661950092136,high,0.2289988492520138,869,0.18850574712643678,435,0.30275229357798167,218,0.28735632183908044,87
ema6_slope_3h__w240__q25,0.4033668752260025,0.5966331247739975,low,0.2186421173762946,869,0.21040723981900453,442,0.24770642201834864,218,0.33035714285714285,112
atr24_pct__w240__q25,0.5965701693467111,0.5965701693467111,high,0.20091848450057406,871,0.2206896551724138,435,0.18807339449541285,218,0.06896551724137931,87
atr14_pct__w72__diff_std,0.5965620373216578,0.5965620373216578,high,0.21173762945914845,869,0.25517241379310346,435,0.3302752293577982,218,0.2988505747126437,87
rebound_low24__w240__std,0.5964802427029984,0.5964802427029984,high,0.14959723820483314,869,0.13793103448275862,435,0.22477064220183487,218,0.25287356321839083,87
ema6_slope_3h__w24__std,0.5964094940850361,0.5964094940850361,high,0.18411967779056387,869,0.22758620689655173,435,0.1834862385321101,218,0.16091954022988506,87
bb_width__w240__q75,0.5962681323828622,0.5962681323828622,high,0.21739130434782608,874,0.23628691983122363,474,0.21585903083700442,227,0.2636363636363636,110
atr6_pct__w240__max,0.596035353165716,0.596035353165716,high,0.16262626262626262,990,0.16494845360824742,485,0.12083333333333333,240,0.12083333333333333,240
atr14_pct__w24__diff_std,0.5960286442450472,0.5960286442450472,high,0.24050632911392406,869,0.28045977011494255,435,0.2706422018348624,218,0.3563218390804598,87
atr72_pct__w24__z,0.5960248493000224,0.5960248493000224,high,0.15995397008055237,869,0.1632183908045977,435,0.1651376146788991,218,0.13793103448275862,87
body_pct__w240__q75,0.5959630459096186,0.5959630459096186,high,0.18949771689497716,876,0.20689655172413793,435,0.12844036697247707,218,0.06521739130434782,92
log_ret__w240__q75,0.5959574212589567,0.5959574212589567,high,0.18949771689497716,876,0.20993227990970656,443,0.12844036697247707,218,0.06521739130434782,92
ema_gap_6_24__w240__q25,0.4041044498983226,0.5958955501016774,low,0.18642117376294592,869,0.2609603340292276,479,0.2711864406779661,236,0.36666666666666664,120
rebound_low24__w72__q75,0.5957878685365987,0.5957878685365987,high,0.2160919540229885,870,0.2882882882882883,444,0.384297520661157,242,0.2696629213483146,89
volume_rel72__w240__q90,0.595739550754408,0.595739550754408,high,0.21518987341772153,869,0.24330357142857142,448,0.319634703196347,219,0.3225806451612903,93
ema_gap_72_168__w72__q10,0.4044033018190255,0.5955966981809745,low,0.2243958573072497,869,0.28735632183908044,435,0.3073394495412844,218,0.3028169014084507,142
close_vs_ema240__w240__q10,0.40442458061791464,0.5955754193820854,low,0.21724890829694324,916,0.23448275862068965,435,0.1926605504587156,218,0.2,200
atr72_pct__w72__pos,0.5955666096882778,0.5955666096882778,high,0.17966360856269112,1308,0.17966360856269112,1308,0.17966360856269112,1308,0.17966360856269112,1308
macd_fast_hist_pct__w24__q25,0.4044895012845889,0.5955104987154112,low,0.17491369390103567,869,0.22528735632183908,435,0.3183856502242152,223,0.2717391304347826,92
bb_z__w240__min,0.4045304324773564,0.5954695675226436,low,0.175,960,0.1875,480,0.22083333333333333,240,0.22083333333333333,240
close_vs_ema72__w72__min,0.4045738032776398,0.5954261967223602,low,0.20666666666666667,900,0.2669491525423729,472,0.3302752293577982,218,0.25,144
macd_pct__w240__q25,0.40458295180582465,0.5954170481941754,low,0.22758620689655173,870,0.2651356993736952,479,0.26359832635983266,239,0.3548387096774194,124
volume_rel72__w240__mean,0.5953725931238849,0.5953725931238849,high,0.22094361334867663,869,0.22758620689655173,435,0.3073394495412844,218,0.3448275862068966,87
rsi24__w240__q10,0.40464489072997933,0.5953551092700207,low,0.22413793103448276,870,0.2484472049689441,483,0.3378995433789954,219,0.37341772151898733,158
abs_body_pct__w240__max,0.595344605404327,0.595344605404327,high,0.18327067669172933,1064,0.15625,480,0.1,240,0.1,240
bb_width__w24__mean,0.595294728984001,0.595294728984001,high,0.21288837744533948,869,0.25517241379310346,435,0.26146788990825687,218,0.3103448275862069,87
close_vs_sma24__w72__min,0.4047103535316572,0.5952896464683428,low,0.24274973147153597,931,0.27191011235955054,445,0.2927927927927928,222,0.31333333333333335,150
ema168_slope_24h__w72__q10,0.40473535950869555,0.5952646404913045,low,0.18181818181818182,869,0.22784810126582278,474,0.24014336917562723,279,0.366412213740458,131
atr6_pct__w24__q10,0.5952315024892129,0.5952315024892129,high,0.20045300113250283,883,0.18834080717488788,446,0.2643171806167401,227,0.21839080459770116,87
quote_volume_rel24__w72__q90,0.595217135911619,0.595217135911619,high,0.23421354764638347,871,0.19187358916478556,443,0.26605504587155965,218,0.2905982905982906,117
obv_delta__w24__q10,0.4048937306966055,0.5951062693033945,low,0.19907940161104717,869,0.23927765237020315,443,0.23660714285714285,224,0.20833333333333334,96
ema24_slope_6h__w24__diff_std,0.595098882713971,0.595098882713971,high,0.18296892980437285,869,0.2160919540229885,435,0.22477064220183487,218,0.13793103448275862,87
close_vs_ema6__w240__q25,0.4049499094363476,0.5950500905636524,low,0.2218390804597701,870,0.22654462242562928,437,0.26905829596412556,223,0.2247191011235955,89
close_vs_sma240__w24__min,0.4051031981085994,0.5948968018914006,low,0.19447640966628307,869,0.25274725274725274,455,0.275,240,0.17391304347826086,92
close_vs_vwap24__w72__up_share,0.4051938701879419,0.5948061298120582,low,0.1768595041322314,1210,0.21226415094339623,636,0.26229508196721313,305,0.2751677852348993,149
dist_high240__w72__q75,0.4053111746493335,0.5946888253506665,low,0.19332566168009205,869,0.22298850574712645,435,0.2706422018348624,218,0.23863636363636365,88
close_vs_sma168__w240__q25,0.4055973541643287,0.5944026458356713,low,0.1836734693877551,882,0.24269662921348314,445,0.3378995433789954,219,0.35,160
atr6_pct__w24__min,0.5943241040270331,0.5943241040270331,high,0.2202247191011236,890,0.19080459770114944,435,0.25229357798165136,218,0.19101123595505617,89
volume_rel24__w240__mean,0.5943161075357308,0.5943161075357308,high,0.18642117376294592,869,0.22528735632183908,435,0.24770642201834864,218,0.28735632183908044,87
close_vs_vwap24__w24__up_share,0.4057002920481264,0.5942997079518736,low,0.19584837545126355,1108,0.23123732251521298,493,0.23123732251521298,493,0.2222222222222222,153
abs_body_pct__w24__q25,0.5941853852330015,0.5941853852330015,high,0.20713463751438435,869,0.22477064220183487,436,0.19090909090909092,220,0.13793103448275862,87
close_location__w240__mean,0.4060379066215827,0.5939620933784173,low,0.15880322209436135,869,0.16091954022988506,435,0.12385321100917432,218,0.06896551724137931,87
close_vs_sma240__w72__std,0.5939038138655364,0.5939038138655364,high,0.20598388952819333,869,0.271264367816092,435,0.27522935779816515,218,0.3333333333333333,87
bb_z__w72__min,0.4061166517308473,0.5938833482691527,low,0.1685022026431718,908,0.19957983193277312,476,0.2361111111111111,288,0.3263888888888889,144
macd_hist_pct__w24__min,0.4061865871463044,0.5938134128536956,low,0.24510932105868816,869,0.27640449438202247,445,0.3013698630136986,219,0.28440366972477066,109
rebound_low24__w240__q90,0.5937667214765154,0.5937667214765154,high,0.14519650655021835,916,0.167816091954023,435,0.21777777777777776,225,0.12781954887218044,133
close_vs_ema72__w72__std,0.5937446294751211,0.5937446294751211,high,0.21979286536248563,869,0.22988505747126436,435,0.3302752293577982,218,0.28735632183908044,87
bb_width__w24__min,0.5937146765161754,0.5937146765161754,high,0.17701149425287357,870,0.1839080459770115,435,0.21559633027522937,218,0.3333333333333333,87
close_vs_sma168__w72__std,0.5936932621835355,0.5936932621835355,high,0.2243958573072497,869,0.2896551724137931,435,0.3119266055045872,218,0.3333333333333333,87
rebound_low72__w24__q75,0.5936489426469959,0.5936489426469959,high,0.176,875,0.17701149425287357,435,0.11467889908256881,218,0.022988505747126436,87
close_vs_ema240__w72__q25,0.40652494715539056,0.5934750528446094,low,0.20598388952819333,869,0.23476297968397292,443,0.26222222222222225,225,0.28735632183908044,87
abs_body_pct__w24__std,0.5934296490380627,0.5934296490380627,high,0.21749136939010358,869,0.2942528735632184,435,0.24311926605504589,218,0.10344827586206896,87
atr72_pct__w24__pos,0.5934011869503767,0.5934011869503767,high,0.1641938674579624,2022,0.1641938674579624,2022,0.1641938674579624,2022,0.1641938674579624,2022
close_vs_vwap72__w24__std,0.593327930958023,0.593327930958023,high,0.18642117376294592,869,0.2160919540229885,435,0.1559633027522936,218,0.0,87
dist_high240__w24__mean,0.4067142878053779,0.5932857121946221,low,0.21173762945914845,869,0.25287356321839083,435,0.23394495412844038,218,0.2413793103448276,87
volume_rel24__w72__mean,0.5932795454089569,0.5932795454089569,high,0.22324510932105868,869,0.22988505747126436,435,0.3623853211009174,218,0.47126436781609193,87
quote_volume_rel24__w72__mean,0.5932726331876617,0.5932726331876617,high,0.21058688147295743,869,0.24367816091954023,435,0.3348623853211009,218,0.3793103448275862,87
ema24_slope_6h__w72__std,0.5931919228390092,0.5931919228390092,high,0.24626006904487918,869,0.2160919540229885,435,0.26605504587155965,218,0.2988505747126437,87
atr72_pct__w24__q75,0.5931474000018432,0.5931474000018432,high,0.23475258918296893,869,0.31494252873563217,435,0.248868778280543,221,0.25287356321839083,87
dist_high240__w72__q90,0.40685863125007116,0.5931413687499288,low,0.19540229885057472,870,0.23218390804597702,435,0.26605504587155965,218,0.21839080459770116,87
trades_rel72__w240__q75,0.5930590319962658,0.5930590319962658,high,0.23927765237020315,886,0.23218390804597702,435,0.1651376146788991,218,0.3333333333333333,105
close_vs_ema24__w24__std,0.5929910618201967,0.5929910618201967,high,0.20598388952819333,869,0.2,435,0.2018348623853211,218,0.12643678160919541,87
dist_high72__w72__q10,0.4072586591158104,0.5927413408841896,low,0.18872266973532797,869,0.2706422018348624,436,0.36199095022624433,221,0.3488372093023256,129
atr72_pct__w240__std,0.5926144812933607,0.5926144812933607,high,0.20598388952819333,869,0.29195402298850576,435,0.37155963302752293,218,0.367816091954023,87
trades_rel72__w72__q90,0.5924417435278568,0.5924417435278568,high,0.27005649717514124,885,0.2548596112311015,463,0.13537117903930132,229,0.15151515151515152,99
rsi14__w240__q10,0.4075770278966409,0.5924229721033591,low,0.19102416570771003,869,0.24528301886792453,477,0.3111111111111111,225,0.42528735632183906,87
close_vs_ema24__w72__min,0.40760000086741605,0.5923999991325839,low,0.24093816631130063,938,0.2972972972972973,444,0.27927927927927926,222,0.3263888888888889,144
range_pct__w24__std,0.5923151550045296,0.5923151550045296,high,0.21749136939010358,869,0.28735632183908044,435,0.22018348623853212,218,0.11494252873563218,87
close_vs_ema6__w72__min,0.4077066659293631,0.5922933340706369,low,0.2534090909090909,880,0.2562929061784897,437,0.2534722222222222,288,0.2152777777777778,144
bb_z__w240__q10,0.40778907044990154,0.5922109295500985,low,0.18659217877094972,895,0.23448275862068965,435,0.1482889733840304,263,0.1724137931034483,87
rsi24__w240__q25,0.40780953604628534,0.5921904639537147,low,0.1782065834279228,881,0.24830699774266365,443,0.34545454545454546,220,0.37037037037037035,108
close_vs_ema168__w72__std,0.5920620457247505,0.5920620457247505,high,0.23014959723820483,869,0.29195402298850576,435,0.26146788990825687,218,0.28735632183908044,87
ema_gap_72_168__w24__min,0.4080028749419238,0.5919971250580762,low,0.18850574712643678,870,0.20229885057471264,435,0.26605504587155965,218,0.42528735632183906,87
close_vs_ema168__w72__q25,0.4080074830894539,0.5919925169105461,low,0.18757192174913695,869,0.25057471264367814,435,0.3080357142857143,224,0.3793103448275862,87
rebound_low24__w240__q75,0.5919795734373365,0.5919795734373365,high,0.13340807174887892,892,0.1828193832599119,454,0.23529411764705882,238,0.07476635514018691,107
ema_gap_6_24__w72__std,0.5918536625827637,0.5918536625827637,high,0.23590333716915995,869,0.21379310344827587,435,0.25688073394495414,218,0.2988505747126437,87
cci20__w240__q90,0.4081922155919111,0.5918077844080889,low,0.16685584562996594,881,0.16666666666666666,444,0.11659192825112108,223,0.2247191011235955,89
macd_hist_pct__w240__max,0.5916790951116229,0.5916790951116229,high,0.16201117318435754,1074,0.15176715176715178,481,0.1,240,0.1,240
log_ret__w24__max,0.5916432464345136,0.5916432464345136,high,0.2268041237113402,873,0.13100436681222707,458,0.0779816513761468,218,0.08333333333333333,96
body_pct__w24__max,0.5916268468506565,0.5916268468506565,high,0.2268041237113402,873,0.13100436681222707,458,0.0779816513761468,218,0.08333333333333333,96
rebound_low24__w72__q90,0.5915220114943464,0.5915220114943464,high,0.2474108170310702,869,0.22850678733031674,442,0.3073394495412844,218,0.2608695652173913,92
atr14_pct__w72__mean,0.5914577007295511,0.5914577007295511,high,0.238204833141542,869,0.2988505747126437,435,0.22018348623853212,218,0.1724137931034483,87
trades_rel72__w72__q75,0.5914467224957294,0.5914467224957294,high,0.224,875,0.17889908256880735,436,0.22935779816513763,218,0.24528301886792453,106
close_vs_sma72__w72__min,0.4085931921939065,0.5914068078060934,low,0.2261640798226164,902,0.26359832635983266,478,0.2557077625570776,219,0.25,144
dist_high240__w240__mean,0.40860525469773534,0.5913947453022647,low,0.1956271576524741,869,0.19080459770114944,435,0.1926605504587156,218,0.3103448275862069,87
close_vs_sma72__w72__std,0.5912143498798358,0.5912143498798358,high,0.20368239355581128,869,0.23218390804597702,435,0.24311926605504589,218,0.28735632183908044,87
taker_share__w72__max,0.40879561185085433,0.5912043881491457,low,0.11009174311926606,872,0.13100436681222707,458,0.13059701492537312,268,0.18681318681318682,91
obv_delta__w240__std,0.5910701419688934,0.5910701419688934,high,0.20598388952819333,869,0.2574712643678161,435,0.19724770642201836,218,0.3218390804597701,87
range_pct__w24__max,0.5910209432173219,0.5910209432173219,high,0.19570135746606335,884,0.23908045977011494,435,0.17256637168141592,226,0.17757009345794392,107
macd_hist_pct__w240__q90,0.5909154979591329,0.5909154979591329,high,0.17376294591484465,869,0.16424116424116425,481,0.18468468468468469,222,0.16541353383458646,133
atr24_pct__w24__diff_std,0.5908205565666373,0.5908205565666373,high,0.2600690448791715,869,0.2896551724137931,435,0.2706422018348624,218,0.3563218390804598,87
stoch_k__w240__q75,0.40920295853914135,0.5907970414608587,low,0.14959723820483314,869,0.1353211009174312,436,0.16956521739130434,230,0.16853932584269662,89
trades_rel24__w240__q75,0.590611631289647,0.590611631289647,high,0.19885057471264367,870,0.20823798627002288,437,0.15765765765765766,222,0.10204081632653061,98
stoch_d__w240__q90,0.4095953965148309,0.5904046034851691,low,0.1949828962371722,877,0.21615720524017468,458,0.22270742358078602,229,0.19318181818181818,88
ema_gap_72_168__w240__std,0.590326264977157,0.590326264977157,high,0.15535097813578827,869,0.17471264367816092,435,0.18807339449541285,218,0.06896551724137931,87
close_vs_vwap24__w72__min,0.409678343170373,0.590321656829627,low,0.24175824175824176,910,0.2818181818181818,440,0.2838427947598253,229,0.28205128205128205,156
close_vs_ema240__w72__std,0.5900693607523533,0.5900693607523533,high,0.23245109321058688,869,0.2597701149425287,435,0.26146788990825687,218,0.3218390804597701,87
close_vs_ema240__w24__min,0.4099980672887124,0.5900019327112875,low,0.22753128555176336,879,0.2045977011494253,435,0.26666666666666666,240,0.17582417582417584,91
obv_delta__w240__q90,0.5899786886730107,0.5899786886730107,high,0.208955223880597,871,0.23448275862068965,435,0.26953125,256,0.24742268041237114,97
atr72_pct__w72__max,0.5897945660724324,0.5897945660724324,high,0.23130034522439585,869,0.2857142857142857,497,0.3248175182481752,274,0.22727272727272727,88
ema_gap_72_168__w24__q10,0.41023226961024295,0.589767730389757,low,0.189873417721519,869,0.19775280898876405,445,0.2706422018348624,218,0.39080459770114945,87
close_vs_vwap240__w72__q25,0.41042621840776033,0.5895737815922397,low,0.20368239355581128,869,0.2085201793721973,446,0.28444444444444444,225,0.2403846153846154,104
quote_volume_rel72__w240__q90,0.5893536747808013,0.5893536747808013,high,0.2261251372118551,911,0.19427402862985685,489,0.28699551569506726,223,0.3225806451612903,93
cci20__w72__min,0.41074587475922425,0.5892541252407757,low,0.1668496158068057,911,0.22420634920634921,504,0.2569444444444444,288,0.24305555555555555,144
ema168_slope_24h__w240__q10,0.41076207104245516,0.5892379289575449,low,0.20184426229508196,976,0.2160919540229885,435,0.17889908256880735,218,0.18055555555555555,216
quote_volume_rel72__w240__std,0.5890054208079005,0.5890054208079005,high,0.20253164556962025,869,0.15402298850574714,435,0.1743119266055046,218,0.28735632183908044,87
close_vs_sma240__w72__mean,0.4112008615609476,0.5887991384390524,low,0.17951668584579977,869,0.1839080459770115,435,0.2889908256880734,218,0.45977011494252873,87
macd_hist_pct__w24__q10,0.4112062151441076,0.5887937848558924,low,0.21749136939010358,869,0.25389755011135856,449,0.3008849557522124,226,0.24731182795698925,93
ema6_slope_3h__w72__min,0.41124904380938754,0.5887509561906125,low,0.24498886414253898,898,0.30663615560640733,437,0.35294117647058826,289,0.35172413793103446,145
macd_fast_hist_pct__w24__min,0.4112932955790517,0.5887067044209483,low,0.2296211251435132,871,0.23218390804597702,435,0.2818181818181818,220,0.16161616161616163,99
ema_gap_24_72__w72__q10,0.4113145066110653,0.5886854933889347,low,0.17825112107623317,892,0.23742454728370221,497,0.2925764192139738,229,0.3560606060606061,132
close_vs_vwap72__w72__min,0.41136689040578267,0.5886331095942173,low,0.21191294387170675,873,0.2826086956521739,506,0.3194444444444444,288,0.3541666666666667,144
rebound_low24__w240__late_vs_prev,0.5885730003756996,0.5885730003756996,high,0.19102416570771003,869,0.09885057471264368,435,0.10091743119266056,218,0.12643678160919541,87
atr6_pct__w240__delta,0.5885093672796587,0.5885093672796587,high,0.19792865362485615,869,0.26436781609195403,435,0.3211009174311927,218,0.2988505747126437,87
atr72_pct__d12,0.5884661320131261,0.5884661320131261,high,0.2289988492520138,869,0.2597701149425287,435,0.2798165137614679,218,0.28735632183908044,87
atr14_pct__w240__q25,0.5884087334696261,0.5884087334696261,high,0.18376550169109357,887,0.22247706422018348,436,0.1963470319634703,219,0.08045977011494253,87
trades_rel72__w72__mean,0.5882483292754528,0.5882483292754528,high,0.22209436133486765,869,0.1793103448275862,435,0.11926605504587157,218,0.14942528735632185,87
dist_high240__w240__q25,0.4118047999548944,0.5881952000451056,low,0.22172452407614782,893,0.2191780821917808,438,0.1926605504587156,218,0.15254237288135594,177
quote_volume_rel24__w240__mean,0.5881383436366091,0.5881383436366091,high,0.18296892980437285,869,0.23448275862068965,435,0.1834862385321101,218,0.28735632183908044,87
rebound_low24__w240__mean,0.5881255356971504,0.5881255356971504,high,0.14499424626006904,869,0.18850574712643678,435,0.1559633027522936,218,0.04597701149425287,87
obv_delta__w240__diff_std,0.5881199110464886,0.5881199110464886,high,0.16455696202531644,869,0.19310344827586207,435,0.21100917431192662,218,0.3218390804597701,87
range_pct__w240__q10,0.5881158450339621,0.5881158450339621,high,0.15729047072330654,871,0.18344519015659955,447,0.20353982300884957,226,0.18888888888888888,90
close_vs_ema240__now,0.41190062231677055,0.5880993776832295,low,0.20598388952819333,869,0.23448275862068965,435,0.30275229357798167,218,0.27586206896551724,87
close_vs_sma240__w24__q10,0.41211388467378923,0.5878861153262107,low,0.19655172413793104,870,0.2367816091954023,435,0.18859649122807018,228,0.1724137931034483,87
body_pct__w24__min,0.41218998687491154,0.5878100131250885,low,0.18045977011494252,870,0.273972602739726,438,0.43171806167400884,227,0.29,100
log_ret__w24__min,0.4122164159563343,0.5877835840436657,low,0.18045977011494252,870,0.273972602739726,438,0.43171806167400884,227,0.29,100
mfi14__w240__diff_std,0.5877747743498581,0.5877747743498581,high,0.12888377445339472,869,0.14482758620689656,435,0.0963302752293578,218,0.011494252873563218,87
bb_width__w24__q75,0.5877242880276532,0.5877242880276532,high,0.20477815699658702,879,0.26666666666666666,435,0.3073394495412844,218,0.2808988764044944,89
close_location__w240__q90,0.4122957032006024,0.5877042967993976,low,0.1265678449258837,877,0.17006802721088435,441,0.10810810810810811,222,0.11650485436893204,103
atr6_pct__w24__diff_std,0.5876889814855475,0.5876889814855475,high,0.21749136939010358,869,0.2620689655172414,435,0.23394495412844038,218,0.19540229885057472,87
bb_width__w240__late_vs_prev,0.5876880327492913,0.5876880327492913,high,0.19332566168009205,869,0.167816091954023,435,0.14678899082568808,218,0.1839080459770115,87
close_vs_ema48__w72__min,0.4123468671915618,0.5876531328084382,low,0.2318181818181818,880,0.2906178489702517,437,0.31141868512110726,289,0.25,144
rebound_low24__w72__mean,0.5875877377736358,0.5875877377736358,high,0.18757192174913695,869,0.27586206896551724,435,0.21559633027522937,218,0.22988505747126436,87
close_vs_vwap24__w72__max,0.587538471255189,0.587538471255189,high,0.2248062015503876,903,0.27291666666666664,480,0.23423423423423423,222,0.19863013698630136,146
close_vs_vwap240__w240__q10,0.4127183652027395,0.5872816347972605,low,0.21428571428571427,882,0.2242152466367713,446,0.19090909090909092,220,0.2857142857142857,140
quote_volume_rel72__w240__late_vs_prev,0.5872734350053319,0.5872734350053319,high,0.2243958573072497,869,0.21149425287356322,435,0.22935779816513763,218,0.2988505747126437,87
ema_gap_6_24__w24__std,0.587270859864065,0.587270859864065,high,0.19792865362485615,869,0.21839080459770116,435,0.21559633027522937,218,0.12643678160919541,87
atr14_pct__w240__delta,0.5872261337262727,0.5872261337262727,high,0.18642117376294592,869,0.2413793103448276,435,0.27522935779816515,218,0.27586206896551724,87
rebound_low240__w240__q90,0.5871776804103311,0.5871776804103311,high,0.18888888888888888,990,0.18493150684931506,438,0.21610169491525424,236,0.20149253731343283,134
volume_rel72__w72__std,0.5871730044959256,0.5871730044959256,high,0.22324510932105868,869,0.1793103448275862,435,0.20642201834862386,218,0.20689655172413793,87
atr72_pct__w24__mean,0.5871336997081688,0.5871336997081688,high,0.24395857307249713,869,0.31494252873563217,435,0.22477064220183487,218,0.14942528735632185,87
ema_gap_72_168__w72__q25,0.4129410471554448,0.5870589528445552,low,0.21634062140391255,869,0.25057471264367814,435,0.2981651376146789,218,0.32142857142857145,112
ema_gap_72_168__w240__min,0.41298191058133676,0.5870180894186632,low,0.2252448313384113,919,0.2625250501002004,499,0.25416666666666665,240,0.25416666666666665,240
macd_fast_hist_pct__w24__q10,0.4130674323781457,0.5869325676218543,low,0.22107674684994272,873,0.2528216704288939,443,0.21367521367521367,234,0.2967032967032967,91
dist_high24__w72__min,0.4130831542932484,0.5869168457067516,low,0.21145374449339208,908,0.2668112798264642,461,0.29130434782608694,230,0.29333333333333333,150
atr14_pct__w240__diff_mean,0.5869095268842037,0.5869095268842037,high,0.189873417721519,869,0.23218390804597702,435,0.26605504587155965,218,0.25287356321839083,87
quote_volume_rel72__w240__mean,0.5868556522182267,0.5868556522182267,high,0.1956271576524741,869,0.25517241379310346,435,0.2798165137614679,218,0.3448275862068966,87
dist_high240__w24__q75,0.41315085340181584,0.5868491465981842,low,0.2186421173762946,869,0.23218390804597702,435,0.23348017621145375,227,0.21839080459770116,87
atr72_pct__w24__late_vs_prev,0.5868294264374303,0.5868294264374303,high,0.23130034522439585,869,0.24597701149425288,435,0.2798165137614679,218,0.3333333333333333,87
close_vs_sma240__now,0.41328415084581194,0.5867158491541881,low,0.21288837744533948,869,0.25057471264367814,435,0.2981651376146789,218,0.27586206896551724,87
rebound_low72__w24__mean,0.5866827789189719,0.5866827789189719,high,0.16455696202531644,869,0.17011494252873563,435,0.11009174311926606,218,0.034482758620689655,87
ema24_slope_6h__w72__min,0.4133237267010706,0.5866762732989295,low,0.2345415778251599,938,0.3274336283185841,452,0.3761467889908257,218,0.3680555555555556,144
trades_rel72__w240__q90,0.5866120980678851,0.5866120980678851,high,0.22246696035242292,908,0.22696629213483147,445,0.256140350877193,285,0.2733812949640288,139
atr24_pct__w72__mean,0.5865927845083839,0.5865927845083839,high,0.23590333716915995,869,0.32413793103448274,435,0.20642201834862386,218,0.16091954022988506,87
ema168_slope_24h__w72__q25,0.41345648201006313,0.5865435179899369,low,0.1867881548974943,878,0.18238993710691823,477,0.25,248,0.42727272727272725,110
ema24_slope_6h__w24__std,0.5865266440379516,0.5865266440379516,high,0.20253164556962025,869,0.20229885057471264,435,0.21100917431192662,218,0.1724137931034483,87
stoch_k__w240__q90,0.4135335329474416,0.5864664670525583,low,0.1672394043528064,873,0.17471264367816092,435,0.1688888888888889,225,0.12087912087912088,91
bb_width__w24__q10,0.5864609779356476,0.5864609779356476,high,0.18993135011441648,874,0.17701149425287357,435,0.21559633027522937,218,0.21052631578947367,95
close_vs_sma240__w240__q10,0.41356253717013125,0.5864374628298687,low,0.1958997722095672,878,0.2367816091954023,435,0.24561403508771928,399,0.2,200
close_vs_vwap24__w72__late_vs_prev,0.41356443464264353,0.5864355653573565,low,0.19792865362485615,869,0.2367816091954023,435,0.3211009174311927,218,0.28735632183908044,87
volume_rel72__w240__late_vs_prev,0.586344757744263,0.586344757744263,high,0.23590333716915995,869,0.22528735632183908,435,0.22477064220183487,218,0.28735632183908044,87
ema_gap_72_168__w24__q25,0.41370410217293135,0.5862958978270687,low,0.1760644418872267,869,0.19770114942528735,435,0.2544642857142857,224,0.367816091954023,87
dist_high240__w72__max,0.4137319543587383,0.5862680456412617,low,0.19957310565635006,937,0.2597701149425287,435,0.2895927601809955,221,0.38613861386138615,101
body_pct__w240__max,0.5861756116231577,0.5861756116231577,high,0.15208333333333332,960,0.15625,480,0.1,240,0.1,240
log_ret__w240__max,0.5861756116231577,0.5861756116231577,high,0.15208333333333332,960,0.15625,480,0.1,240,0.1,240
dist_high72__w24__std,0.5861460652654645,0.5861460652654645,high,0.20828538550057538,869,0.19540229885057472,435,0.11467889908256881,218,0.06896551724137931,87
abs_body_pct__w24__diff_std,0.5861094711527254,0.5861094711527254,high,0.20368239355581128,869,0.2597701149425287,435,0.29357798165137616,218,0.1724137931034483,87
rebound_low240__w72__std,0.5860847362431887,0.5860847362431887,high,0.1668584579976985,869,0.22528735632183908,435,0.2889908256880734,218,0.41379310344827586,87
macd_fast_hist_pct__w72__q10,0.41405655769210964,0.5859434423078904,low,0.24395857307249713,869,0.2543103448275862,464,0.2743362831858407,226,0.3490566037735849,106
volume_rel24__w240__std,0.5859098299376708,0.5859098299376708,high,0.1622554660529344,869,0.1471264367816092,435,0.13302752293577982,218,0.20689655172413793,87
macd_hist_pct__w72__late_vs_prev,0.4142080844255998,0.5857919155744002,low,0.19907940161104717,869,0.20689655172413793,435,0.24770642201834864,218,0.3448275862068966,87
atr6_pct__w240__diff_mean,0.5857787688005642,0.5857787688005642,high,0.20138089758342922,869,0.2597701149425287,435,0.3211009174311927,218,0.28735632183908044,87
avg_trade_quote_rel240__w240__q25,0.4142404092251861,0.5857595907748139,low,0.1450719822812846,903,0.10199556541019955,451,0.10196078431372549,255,0.07627118644067797,118
close_vs_vwap24__w24__diff_mean,0.41426948121475105,0.585730518785249,low,0.2289988492520138,869,0.2413793103448276,435,0.28440366972477066,218,0.367816091954023,87
close_vs_vwap24__d24,0.41426948121475105,0.585730518785249,low,0.2289988492520138,869,0.2413793103448276,435,0.28440366972477066,218,0.367816091954023,87
atr72_pct__d6,0.5855892926168259,0.5855892926168259,high,0.21518987341772153,869,0.2413793103448276,435,0.25229357798165136,218,0.3333333333333333,87
close_vs_ema6__w240__mean,0.4146232243045628,0.5853767756954372,low,0.21979286536248563,869,0.22988505747126436,435,0.20642201834862386,218,0.27586206896551724,87
close_vs_vwap240__w24__min,0.41496104217864543,0.5850389578213546,low,0.1743119266055046,872,0.2202247191011236,445,0.23853211009174313,218,0.30434782608695654,92
close_vs_vwap24__w240__q25,0.4150310453609778,0.5849689546390222,low,0.20709382151029748,874,0.2408256880733945,436,0.2922374429223744,219,0.3219178082191781,146
trades_rel24__w72__q75,0.5848377579681647,0.5848377579681647,high,0.19107551487414187,874,0.2367816091954023,435,0.24311926605504589,218,0.3118279569892473,93
close_vs_ema12__w240__mean,0.41520900117589077,0.5847909988241092,low,0.21979286536248563,869,0.25057471264367814,435,0.1926605504587156,218,0.27586206896551724,87
atr6_pct__w72__diff_mean,0.5847762256452627,0.5847762256452627,high,0.21634062140391255,869,0.2367816091954023,435,0.26146788990825687,218,0.3563218390804598,87
range_pct__w24__diff_std,0.5847691778902165,0.5847691778902165,high,0.19907940161104717,869,0.21149425287356322,435,0.20642201834862386,218,0.14942528735632185,87
close_vs_ema6__w72__q10,0.4153189190478591,0.5846810809521409,low,0.240990990990991,888,0.3082191780821918,438,0.3181818181818182,264,0.30708661417322836,127
log_ret__w240__mean,0.41533721610422875,0.5846627838957712,low,0.21634062140391255,869,0.21839080459770116,435,0.21559633027522937,218,0.27586206896551724,87
dist_high240__w24__q90,0.41540261113903104,0.584597388860969,low,0.22095671981776766,878,0.24944812362030905,453,0.27876106194690264,226,0.26436781609195403,87
bb_z__w240__q90,0.4154734275238688,0.5845265724761313,low,0.17249154453213078,887,0.13333333333333333,435,0.13304721030042918,233,0.20430107526881722,93
close_vs_ema168__w240__q25,0.41548244051830274,0.5845175594816973,low,0.20044792833146696,893,0.24269662921348314,445,0.3482142857142857,224,0.3482142857142857,224
close_vs_sma168__w24__min,0.41555725514879166,0.5844427448512084,low,0.2062780269058296,892,0.2425629290617849,437,0.30701754385964913,228,0.16091954022988506,87
volume_rel24__w72__std,0.5844143505303977,0.5844143505303977,high,0.2140391254315305,869,0.24597701149425288,435,0.1834862385321101,218,0.20689655172413793,87
close_vs_ema240__w72__mean,0.4156542295475504,0.5843457704524496,low,0.18411967779056387,869,0.2206896551724138,435,0.2889908256880734,218,0.367816091954023,87
atr72_pct__w240__q10,0.58433282697924,0.58433282697924,high,0.15304948216340622,869,0.1793103448275862,435,0.17889908256880735,218,0.22727272727272727,88
atr6_pct__w72__delta,0.5842155225178485,0.5842155225178485,high,0.21058688147295743,869,0.2367816091954023,435,0.24311926605504589,218,0.3563218390804598,87
dist_high240__w24__max,0.415789288930308,0.584210711069692,low,0.2072072072072072,888,0.25229357798165136,436,0.2889908256880734,218,0.25287356321839083,87
rebound_low72__w240__max,0.5840641313181091,0.5840641313181091,high,0.16355140186915887,1070,0.16460176991150444,565,0.20416666666666666,240,0.20416666666666666,240
close_vs_vwap24__w24__delta,0.4159574185482817,0.5840425814517183,low,0.2186421173762946,869,0.25057471264367814,435,0.26605504587155965,218,0.3448275862068966,87
macd_fast_hist_pct__w72__q25,0.41599286062413837,0.5840071393758617,low,0.2279495990836197,873,0.2482758620689655,435,0.29910714285714285,224,0.5632183908045977,87
close_vs_vwap24__w72__std,0.5839662759499697,0.5839662759499697,high,0.238204833141542,869,0.26666666666666666,435,0.3165137614678899,218,0.3448275862068966,87
close_vs_ema48__w24__std,0.5839356453222695,0.5839356453222695,high,0.1956271576524741,869,0.20919540229885059,435,0.17889908256880735,218,0.05747126436781609,87
close_vs_vwap72__w72__std,0.5839199234071666,0.5839199234071666,high,0.16800920598388952,869,0.19310344827586207,435,0.25688073394495414,218,0.2988505747126437,87
trades_rel72__w240__mean,0.5839140954558786,0.5839140954558786,high,0.238204833141542,869,0.27586206896551724,435,0.22018348623853212,218,0.39080459770114945,87
macd_fast_hist_pct__w240__q90,0.5838430757704145,0.5838430757704145,high,0.19732441471571907,897,0.23094170403587444,446,0.17937219730941703,223,0.22641509433962265,106
quote_volume_rel24__w72__std,0.5838083791301878,0.5838083791301878,high,0.2186421173762946,869,0.24597701149425288,435,0.1834862385321101,218,0.20689655172413793,87
dist_high72__w72__std,0.5837585704767372,0.5837585704767372,high,0.2336018411967779,869,0.21379310344827587,435,0.3486238532110092,218,0.5287356321839081,87
ema_gap_72_168__now,0.41646485691159785,0.5835351430884022,low,0.189873417721519,869,0.21149425287356322,435,0.26605504587155965,218,0.28735632183908044,87
ema6_slope_3h__w240__mean,0.41649589414055066,0.5835041058594493,low,0.21749136939010358,869,0.22988505747126436,435,0.19724770642201836,218,0.27586206896551724,87
quote_volume_rel72__w72__std,0.5834264450201918,0.5834264450201918,high,0.21979286536248563,869,0.17701149425287357,435,0.17889908256880735,218,0.22988505747126436,87
macd_hist_pct__w72__q10,0.41662681974390625,0.5833731802560937,low,0.27042577675489066,869,0.29116465863453816,498,0.2773109243697479,238,0.3333333333333333,135
close_vs_sma72__w24__std,0.583309411626302,0.583309411626302,high,0.17951668584579977,869,0.20919540229885059,435,0.10091743119266056,218,0.022988505747126436,87
macd_signal_pct__w72__min,0.4167286055908215,0.5832713944091785,low,0.22026431718061673,908,0.27472527472527475,455,0.30275229357798167,218,0.32413793103448274,145
bb_width__w24__std,0.5832420513521118,0.5832420513521118,high,0.19217491369390102,869,0.25057471264367814,435,0.38990825688073394,218,0.22988505747126436,87
atr72_pct__w72__q90,0.5832125049944188,0.5832125049944188,high,0.2428078250863061,869,0.27607361963190186,489,0.291044776119403,268,0.19540229885057472,87
ema_gap_72_168__w72__mean,0.41681812563328147,0.5831818743667185,low,0.20368239355581128,869,0.23448275862068965,435,0.26146788990825687,218,0.367816091954023,87
trades_rel24__w72__q90,0.5831277286332397,0.5831277286332397,high,0.17155756207674944,886,0.19080459770114944,435,0.26337448559670784,243,0.3626373626373626,91
rebound_low240__w24__std,0.5831197321419375,0.5831197321419375,high,0.1622554660529344,869,0.18160919540229886,435,0.15137614678899083,218,0.08045977011494253,87
close_vs_ema24__w240__mean,0.4169599617035833,0.5830400382964167,low,0.2186421173762946,869,0.22988505747126436,435,0.2018348623853211,218,0.2413793103448276,87
obv_delta__w72__q10,0.41701878335146775,0.5829812166485322,low,0.23435722411831628,879,0.27107061503416857,439,0.2894736842105263,228,0.3592233009708738,103
close_vs_sma24__w240__mean,0.41703382759781604,0.582966172402184,low,0.22094361334867663,869,0.2482758620689655,435,0.19724770642201836,218,0.26436781609195403,87
close_vs_ema240__w24__q10,0.4170532766910682,0.5829467233089318,low,0.23130034522439585,869,0.2160919540229885,435,0.24347826086956523,230,0.21348314606741572,89
macd_fast_hist_pct__w240__q25,0.4170883121656721,0.5829116878343279,low,0.21330275229357798,872,0.21896162528216703,443,0.23504273504273504,234,0.10112359550561797,89
obv_delta__w240__q75,0.5829041657111538,0.5829041657111538,high,0.1997716894977169,876,0.2255125284738041,439,0.22026431718061673,227,0.12087912087912088,91
atr14_pct__w72__delta,0.5828988121279938,0.5828988121279938,high,0.2289988492520138,869,0.23908045977011494,435,0.2889908256880734,218,0.3448275862068966,87
rebound_low72__w240__q90,0.5828971857229831,0.5828971857229831,high,0.14912280701754385,1026,0.14614121510673234,609,0.12234042553191489,376,0.15584415584415584,154
range_pct__w240__delta,0.5828912222379442,0.5828912222379442,high,0.17951668584579977,869,0.19770114942528735,435,0.25229357798165136,218,0.26436781609195403,87
ema168_slope_24h__w72__accel,0.4172021605164161,0.5827978394835839,low,0.1760644418872267,869,0.18620689655172415,435,0.22935779816513763,218,0.2988505747126437,87
ema168_slope_24h__w240__accel,0.4172021605164161,0.5827978394835839,low,0.1760644418872267,869,0.18620689655172415,435,0.22935779816513763,218,0.2988505747126437,87
ema_gap_72_168__w24__mean,0.41723699269039377,0.5827630073096062,low,0.16800920598388952,869,0.19770114942528735,435,0.2889908256880734,218,0.40229885057471265,87
close_vs_ema168__w24__min,0.41740783298338513,0.5825921670166149,low,0.21928817451205512,871,0.23008849557522124,452,0.25892857142857145,224,0.1797752808988764,89
rebound_low24__w24__q75,0.5825914215809849,0.5825914215809849,high,0.16340621403912542,869,0.22767857142857142,448,0.2706422018348624,218,0.20689655172413793,87
close_vs_ema72__w72__q10,0.41749579438771,0.58250420561229,low,0.2264367816091954,870,0.24367816091954023,435,0.319634703196347,219,0.3627450980392157,102
macd_pct__w240__mean,0.4175068403884072,0.5824931596115928,low,0.21058688147295743,869,0.23448275862068965,435,0.23853211009174313,218,0.19540229885057472,87
abs_body_pct__w240__late_vs_prev,0.5823715858370484,0.5823715858370484,high,0.21173762945914845,869,0.21149425287356322,435,0.24311926605504589,218,0.22988505747126436,87
macd_pct__w72__min,0.41764284850742095,0.582357151492579,low,0.2408675799086758,876,0.2786516853932584,445,0.3073394495412844,218,0.2569444444444444,144
atr72_pct__w24__up_share,0.5822974488753139,0.5822974488753139,high,0.17391304347826086,1058,0.19915254237288135,708,0.21393034825870647,402,0.24875621890547264,201
ema6_slope_3h__w72__late_vs_prev,0.41772477865983143,0.5822752213401685,low,0.20598388952819333,869,0.23448275862068965,435,0.29357798165137616,218,0.3218390804597701,87
close_vs_sma240__w24__q25,0.4177786533258085,0.5822213466741915,low,0.2072480181200453,883,0.22972972972972974,444,0.26666666666666666,225,0.25,88
dist_high24__w24__min,0.417887690228396,0.582112309771604,low,0.23024054982817868,873,0.3169642857142857,448,0.26406926406926406,231,0.34444444444444444,90
ema_gap_6_24__w240__mean,0.41792889248866527,0.5820711075113347,low,0.21288837744533948,869,0.22298850574712645,435,0.2018348623853211,218,0.21839080459770116,87
macd_pct__w72__std,0.5820332258279621,0.5820332258279621,high,0.2243958573072497,869,0.20229885057471264,435,0.25229357798165136,218,0.3103448275862069,87
obv_delta__w240__max,0.5818936938314253,0.5818936938314253,high,0.1650197628458498,1012,0.1657250470809793,531,0.15833333333333333,240,0.15833333333333333,240
body_pct__w240__mean,0.4181414094100542,0.5818585905899458,low,0.21058688147295743,869,0.21839080459770116,435,0.21559633027522937,218,0.27586206896551724,87
close_vs_ema6__w72__late_vs_prev,0.41818830408786056,0.5818116959121394,low,0.20253164556962025,869,0.24597701149425288,435,0.2981651376146789,218,0.3218390804597701,87
close_vs_ema6__w24__q25,0.41826908220338854,0.5817309177966115,low,0.20951302378255945,883,0.2689655172413793,435,0.3119266055045872,218,0.20224719101123595,89
close_vs_sma240__w24__std,0.5816578651048842,0.5816578651048842,high,0.17491369390103567,869,0.21379310344827587,435,0.1926605504587156,218,0.10344827586206896,87
close_vs_ema72__w24__std,0.5816488521104503,0.5816488521104503,high,0.19102416570771003,869,0.2045977011494253,435,0.15137614678899083,218,0.022988505747126436,87
rebound_low24__d24,0.41845259490208775,0.5815474050979123,low,0.22324510932105868,869,0.2735632183908046,435,0.3119266055045872,218,0.45977011494252873,87
rebound_low24__w24__diff_mean,0.41845259490208775,0.5815474050979123,low,0.22324510932105868,869,0.2735632183908046,435,0.3119266055045872,218,0.45977011494252873,87
close_vs_vwap24__w240__max,0.5815329029865675,0.5815329029865675,high,0.1906653426017875,1007,0.07676348547717843,482,0.05,240,0.05,240
close_vs_ema6__w24__min,0.4184998284142714,0.5815001715857286,low,0.20137299771167047,874,0.2853932584269663,445,0.3017241379310345,232,0.3541666666666667,96
rebound_low72__w240__std,0.5814652038780002,0.5814652038780002,high,0.17031070195627157,869,0.14022988505747128,435,0.22477064220183487,218,0.3218390804597701,87
atr14_pct__w72__diff_mean,0.5813855777993548,0.5813855777993548,high,0.22209436133486765,869,0.24597701149425288,435,0.28440366972477066,218,0.3333333333333333,87
trades_rel72__w240__late_vs_prev,0.5812950412537631,0.5812950412537631,high,0.24050632911392406,869,0.25057471264367814,435,0.22935779816513763,218,0.1724137931034483,87
ema168_slope_24h__w72__diff_std,0.5812634618898067,0.5812634618898067,high,0.2048331415420023,869,0.20689655172413793,435,0.22935779816513763,218,0.3333333333333333,87
ema_gap_6_24__w72__min,0.41873762238020035,0.5812623776197996,low,0.24431818181818182,880,0.2975929978118162,457,0.30275229357798167,218,0.3194444444444444,144
cci20__w240__mean,0.41873762238020035,0.5812623776197996,low,0.13118527042577677,869,0.1103448275862069,435,0.11926605504587157,218,0.1724137931034483,87
ema168_slope_24h__w72__mean,0.4187430437302358,0.5812569562697643,low,0.1806674338319908,869,0.19080459770114944,435,0.26146788990825687,218,0.3793103448275862,87
obv_delta__w24__diff_std,0.5812467912384478,0.5812467912384478,high,0.18757192174913695,869,0.22988505747126436,435,0.1926605504587156,218,0.19540229885057472,87
ema6_slope_3h__w24__q10,0.41887037768919294,0.5811296223108071,low,0.23130034522439585,869,0.2340909090909091,440,0.30454545454545456,220,0.32,100
bb_width__w24__q25,0.5811121384569428,0.5811121384569428,high,0.17491369390103567,869,0.17701149425287357,435,0.1834862385321101,218,0.21839080459770116,87
rsi6__w240__q75,0.418894570463726,0.581105429536274,low,0.09049255441008018,873,0.10804597701149425,435,0.14545454545454545,220,0.22826086956521738,92
rebound_low24__w24__mean,0.5810092005731452,0.5810092005731452,high,0.16570771001150747,869,0.21149425287356322,435,0.23394495412844038,218,0.2413793103448276,87
close_vs_ema12__w72__late_vs_prev,0.4189925613656164,0.5810074386343835,low,0.19102416570771003,869,0.2367816091954023,435,0.26605504587155965,218,0.2988505747126437,87
range_pct__w240__max,0.5808576738396549,0.5808576738396549,high,0.14933058702368693,971,0.14583333333333334,480,0.12083333333333333,240,0.12083333333333333,240
ema24_slope_6h__w240__mean,0.419145985571619,0.580854014428381,low,0.21288837744533948,869,0.22298850574712645,435,0.2018348623853211,218,0.21839080459770116,87
close_vs_ema168__w72__mean,0.41916333389173244,0.5808366661082676,low,0.1806674338319908,869,0.21839080459770116,435,0.2798165137614679,218,0.3448275862068966,87
quote_volume_rel240__w240__min,0.41916679000238,0.58083320999762,low,0.1526479750778816,963,0.16977225672877846,483,0.1625,240,0.1625,240
macd_fast_hist_pct__w240__q75,0.5808318546601111,0.5808318546601111,high,0.19425287356321838,870,0.2160919540229885,435,0.2,225,0.11009174311926606,109
ema_gap_72_168__w24__diff_std,0.5807939052098632,0.5807939052098632,high,0.19792865362485615,869,0.20689655172413793,435,0.17889908256880735,218,0.022988505747126436,87
close_vs_ema168__now,0.41924587394602186,0.5807541260539781,low,0.1956271576524741,869,0.2574712643678161,435,0.2798165137614679,218,0.3218390804597701,87
abs_body_pct__w24__max,0.5807180740762425,0.5807180740762425,high,0.16455696202531644,869,0.2540045766590389,437,0.2978723404255319,235,0.125,96
ema72_slope_12h__w72__q10,0.41932929496969196,0.580670705030308,low,0.21139101861993428,913,0.22967479674796748,492,0.3130434782608696,230,0.3511450381679389,131
obv_delta__w24__std,0.5806691463921728,0.5806691463921728,high,0.17951668584579977,869,0.22298850574712645,435,0.19724770642201836,218,0.16091954022988506,87
rebound_low72__w72__std,0.5805946028291857,0.5805946028291857,high,0.14384349827387802,869,0.1310344827586207,435,0.19724770642201836,218,0.28735632183908044,87
rsi6__w240__mean,0.4195238536690884,0.5804761463309116,low,0.15995397008055237,869,0.15862068965517243,435,0.0963302752293578,218,0.16091954022988506,87
atr72_pct__w72__q75,0.5804357572731477,0.5804357572731477,high,0.2297447280799112,901,0.26899383983572894,487,0.25210084033613445,238,0.11214953271028037,107
macd_signal_pct__w240__mean,0.41960259877835293,0.5803974012216471,low,0.20253164556962025,869,0.23448275862068965,435,0.24311926605504589,218,0.2413793103448276,87
atr72_pct__w24__q25,0.5803942839453766,0.5803942839453766,high,0.2428078250863061,869,0.30344827586206896,435,0.25688073394495414,218,0.13636363636363635,88
rebound_low24__w24__delta,0.4197035714227628,0.5802964285772372,low,0.2336018411967779,869,0.28045977011494255,435,0.3165137614678899,218,0.47126436781609193,87
dist_high240__w24__std,0.5802517024394449,0.5802517024394449,high,0.18872266973532797,869,0.22988505747126436,435,0.16055045871559634,218,0.12643678160919541,87
macd_hist_pct__w72__q90,0.5802428927456373,0.5802428927456373,high,0.24864864864864866,925,0.22818791946308725,447,0.21212121212121213,231,0.1694915254237288,118
macd_pct__w24__std,0.5802340152849543,0.5802340152849543,high,0.19102416570771003,869,0.23218390804597702,435,0.20642201834862386,218,0.12643678160919541,87
bb_z__w240__mean,0.4198404605111574,0.5801595394888426,low,0.12543153049482164,869,0.11724137931034483,435,0.12385321100917432,218,0.1839080459770115,87
ema6_slope_3h__w240__max,0.5800971261965597,0.5800971261965597,high,0.15960591133004925,1015,0.15145228215767634,482,0.20416666666666666,240,0.20416666666666666,240
close_vs_ema48__w240__mean,0.4202443510887968,0.5797556489112032,low,0.21518987341772153,869,0.2482758620689655,435,0.23853211009174313,218,0.22988505747126436,87
close_vs_ema6__w240__max,0.5796088658589941,0.5796088658589941,high,0.15217391304347827,1012,0.15208333333333332,480,0.20416666666666666,240,0.20416666666666666,240
close_vs_ema168__w24__std,0.5792445511366131,0.5792445511366131,high,0.1806674338319908,869,0.21149425287356322,435,0.16055045871559634,218,0.06896551724137931,87
cci20__w240__q75,0.42078445308607637,0.5792155469139236,low,0.08934707903780069,873,0.09887640449438202,445,0.13716814159292035,226,0.17346938775510204,98
dist_high24__w240__max,0.42086821294412374,0.5791317870558763,low,0.17857142857142858,896,0.18452380952380953,672,0.23853211009174313,218,0.37362637362637363,91
close_vs_sma72__w240__mean,0.4209167340269409,0.5790832659730591,low,0.22094361334867663,869,0.2413793103448276,435,0.25688073394495414,218,0.2413793103448276,87
rsi14__w240__mean,0.4209456027158795,0.5790543972841204,low,0.17376294591484465,869,0.18160919540229886,435,0.18807339449541285,218,0.1724137931034483,87
log_ret__w72__up_share,0.4210234668557633,0.5789765331442367,low,0.15675675675675677,925,0.1696035242290749,454,0.17040358744394618,223,0.19444444444444445,108
body_pct__w72__up_share,0.4210234668557633,0.5789765331442367,low,0.15675675675675677,925,0.1696035242290749,454,0.17040358744394618,223,0.19444444444444445,108
quote_volume_rel24__w240__std,0.5789639285054042,0.5789639285054042,high,0.1334867663981588,869,0.1793103448275862,435,0.23394495412844038,218,0.20689655172413793,87
close_vs_ema240__w24__std,0.5788943319243245,0.5788943319243245,high,0.17836593785960875,869,0.20689655172413793,435,0.1743119266055046,218,0.09195402298850575,87
close_vs_sma168__w72__mean,0.42125041812162145,0.5787495818783785,low,0.18296892980437285,869,0.20919540229885059,435,0.25229357798165136,218,0.3448275862068966,87
close_vs_ema6__w24__q10,0.4213096463707586,0.5786903536292414,low,0.23615819209039549,885,0.23908045977011494,435,0.2577777777777778,225,0.25806451612903225,93
close_vs_sma168__w24__std,0.5786723276403736,0.5786723276403736,high,0.1668584579976985,869,0.19770114942528735,435,0.1651376146788991,218,0.11494252873563218,87
dist_high24__w72__max,0.42134041253220955,0.5786595874677904,low,0.16884531590413943,918,0.18888888888888888,450,0.23660714285714285,224,0.17045454545454544,88
ema168_slope_24h__w240__q25,0.42153212502283743,0.5784678749771626,low,0.17791411042944785,978,0.23725055432372505,451,0.2793522267206478,247,0.32934131736526945,167
rsi24__w240__mean,0.42155679216549863,0.5784432078345014,low,0.189873417721519,869,0.22528735632183908,435,0.21100917431192662,218,0.1724137931034483,87
rebound_low72__w72__max,0.5783552464301764,0.5783552464301764,high,0.11926605504587157,872,0.12050739957716702,473,0.13100436681222707,229,0.2988505747126437,87
close_vs_vwap240__w24__q10,0.421717060825921,0.578282939174079,low,0.18620689655172415,870,0.22323462414578588,439,0.19313304721030042,233,0.28735632183908044,87
atr72_pct__w24__q10,0.5782762980202856,0.5782762980202856,high,0.24165707710011508,869,0.29195402298850576,435,0.22477064220183487,218,0.06315789473684211,95
trades_rel24__w72__mean,0.5782169342373976,0.5782169342373976,high,0.21288837744533948,869,0.22758620689655173,435,0.3165137614678899,218,0.3218390804597701,87
close_vs_ema12__w24__min,0.421850968171796,0.578149031828204,low,0.23738532110091742,872,0.2899543378995434,438,0.27615062761506276,239,0.3106796116504854,103
atr72_pct__w24__delta,0.5780961736653586,0.5780961736653586,high,0.23935558112773303,869,0.21839080459770116,435,0.29357798165137616,218,0.2988505747126437,87
close_vs_vwap240__now,0.4219532961537148,0.5780467038462852,low,0.21979286536248563,869,0.2482758620689655,435,0.3302752293577982,218,0.3103448275862069,87
cci20__w240__q25,0.4221258983854677,0.5778741016145323,low,0.13087248322147652,894,0.16289592760180996,442,0.18181818181818182,231,0.23863636363636365,88
rebound_low24__w24__up_share,0.4221856687696084,0.5778143312303916,low,0.15619223659889095,1082,0.1743119266055046,436,0.1743119266055046,436,0.21705426356589147,129
abs_body_pct__w240__q10,0.5777372802930132,0.5777372802930132,high,0.15614236509758897,871,0.15198237885462554,454,0.14601769911504425,226,0.2127659574468085,94
range_pct__w72__diff_mean,0.5776588062512502,0.5776588062512502,high,0.18872266973532797,869,0.19540229885057472,435,0.19724770642201836,218,0.25287356321839083,87
close_vs_sma240__w24__mean,0.4224367450431241,0.5775632549568759,low,0.19332566168009205,869,0.24367816091954023,435,0.26605504587155965,218,0.28735632183908044,87
dist_high24__w72__mean,0.42246778227207693,0.5775322177279231,low,0.22094361334867663,869,0.2689655172413793,435,0.40825688073394495,218,0.4482758620689655,87
rebound_low240__w240__max,0.5775098546590269,0.5775098546590269,high,0.14760914760914762,962,0.205761316872428,486,0.2125,240,0.2125,240
avg_trade_quote_rel72__w72__late_vs_prev,0.4225665863764726,0.5774334136235274,low,0.20828538550057538,869,0.22758620689655173,435,0.23394495412844038,218,0.3103448275862069,87
atr24_pct__w240__delta,0.5774087464808662,0.5774087464808662,high,0.18181818181818182,869,0.19540229885057472,435,0.24311926605504589,218,0.3448275862068966,87
ema168_slope_24h__w24__min,0.42260853407237176,0.5773914659276282,low,0.24404086265607264,881,0.19770114942528735,435,0.29545454545454547,220,0.39080459770114945,87
ema_gap_72_168__w24__q75,0.42260900844049987,0.5773909915595001,low,0.1806674338319908,869,0.2,435,0.2889908256880734,218,0.3793103448275862,87
volume_rel72__w240__max,0.5773814364300628,0.5773814364300628,high,0.1890495867768595,968,0.13958333333333334,480,0.12083333333333333,240,0.12083333333333333,240
close_vs_ema240__w24__q25,0.4228648961621721,0.5771351038378278,low,0.23401826484018265,876,0.20412844036697247,436,0.2052401746724891,229,0.2840909090909091,88
rebound_low24__w240__q25,0.5771324609296856,0.5771324609296856,high,0.15402298850574714,870,0.10297482837528604,437,0.17543859649122806,228,0.23863636363636365,88
close_vs_ema72__w72__q25,0.4229404562282909,0.5770595437717091,low,0.21518987341772153,869,0.23448275862068965,435,0.2838983050847458,236,0.25663716814159293,113
atr72_pct__w24__min,0.576981950699327,0.576981950699327,high,0.24626006904487918,869,0.2988505747126437,435,0.2018348623853211,218,0.06896551724137931,87
close_vs_ema12__w72__q10,0.42301804930067294,0.576981950699327,low,0.2744656917885264,889,0.2966292134831461,445,0.35,220,0.3979591836734694,98
close_vs_sma168__w24__q10,0.42306629931598827,0.5769337006840117,low,0.21058688147295743,869,0.2334096109839817,437,0.3008474576271186,236,0.16091954022988506,87
atr24_pct__w240__diff_mean,0.5769257041927095,0.5769257041927095,high,0.17721518987341772,869,0.19080459770114944,435,0.23853211009174313,218,0.3333333333333333,87
close_vs_sma24__w72__late_vs_prev,0.4231496525727829,0.5768503474272171,low,0.17951668584579977,869,0.21379310344827587,435,0.24311926605504589,218,0.2988505747126437,87
atr72_pct__w24__diff_mean,0.5768430286046692,0.5768430286046692,high,0.24050632911392406,869,0.22298850574712645,435,0.28440366972477066,218,0.2988505747126437,87
atr72_pct__d24,0.5768430286046692,0.5768430286046692,high,0.24050632911392406,869,0.22298850574712645,435,0.28440366972477066,218,0.2988505747126437,87
avg_trade_quote_rel240__w240__min,0.4235168812708079,0.5764831187291921,low,0.16289592760180996,884,0.19254658385093168,644,0.1625,240,0.1625,240
dist_high24__w72__q75,0.4237039856139056,0.5762960143860945,low,0.19908987485779295,879,0.21945701357466063,442,0.1743119266055046,218,0.2708333333333333,96
avg_trade_quote_rel24__w72__late_vs_prev,0.42386920125623523,0.5761307987437647,low,0.18411967779056387,869,0.20689655172413793,435,0.25688073394495414,218,0.3218390804597701,87
volume_rel24__w72__max,0.5760778050471684,0.5760778050471684,high,0.19079685746352412,891,0.21149425287356322,435,0.22491349480968859,289,0.125,144
dist_high24__w24__std,0.5759113696010808,0.5759113696010808,high,0.2186421173762946,869,0.2482758620689655,435,0.2981651376146789,218,0.3333333333333333,87
atr6_pct__w240__z,0.5758938857472166,0.5758938857472166,high,0.15420023014959724,869,0.167816091954023,435,0.18807339449541285,218,0.25287356321839083,87
obv_delta__w72__std,0.5758646782239007,0.5758646782239007,high,0.2336018411967779,869,0.2942528735632184,435,0.27522935779816515,218,0.09195402298850575,87
dist_high72__w72__mean,0.424276209110145,0.5757237908898549,low,0.19447640966628307,869,0.2045977011494253,435,0.21100917431192662,218,0.2988505747126437,87
close_vs_ema168__w24__q10,0.4242827147301875,0.5757172852698125,low,0.21979286536248563,869,0.20919540229885059,435,0.2772727272727273,220,0.2376237623762376,101
close_vs_sma24__w24__up_share,0.424295183835269,0.575704816164731,low,0.1516155758077879,1207,0.2007042253521127,568,0.2007042253521127,568,0.21962616822429906,214
close_vs_vwap240__w24__std,0.5756278329942279,0.5756278329942279,high,0.17376294591484465,869,0.20689655172413793,435,0.18807339449541285,218,0.13793103448275862,87
ema72_slope_12h__w72__std,0.5754372047736072,0.5754372047736072,high,0.20598388952819333,869,0.271264367816092,435,0.26146788990825687,218,0.28735632183908044,87
cci20__w240__std,0.5753575109280864,0.5753575109280864,high,0.15995397008055237,869,0.1793103448275862,435,0.1834862385321101,218,0.12643678160919541,87
rsi14__w240__up_share,0.4248158367392964,0.5751841632607035,low,0.12752858399296393,1137,0.09568480300187618,533,0.11818181818181818,220,0.12087912087912088,91
rsi6__w240__up_share,0.4248158367392964,0.5751841632607035,low,0.12752858399296393,1137,0.09568480300187618,533,0.11818181818181818,220,0.12087912087912088,91
rsi24__w240__up_share,0.4248158367392964,0.5751841632607035,low,0.12752858399296393,1137,0.09568480300187618,533,0.11818181818181818,220,0.12087912087912088,91
quote_volume_rel24__w72__max,0.5751097552314672,0.5751097552314672,high,0.19101123595505617,890,0.23478260869565218,460,0.22491349480968859,289,0.125,144
rebound_low240__w240__q75,0.5750053942432852,0.5750053942432852,high,0.15747126436781608,870,0.22762645914396887,514,0.21559633027522937,218,0.20512820512820512,117
dist_high240__w240__q75,0.425048819257069,0.5749511807429311,low,0.19102416570771003,869,0.2482758620689655,435,0.27522935779816515,218,0.3103448275862069,87
range_pct__w24__min,0.574946301527899,0.574946301527899,high,0.17721518987341772,869,0.2449438202247191,445,0.27522935779816515,218,0.31521739130434784,92
close_vs_vwap240__w72__mean,0.4250721988290968,0.5749278011709031,low,0.21288837744533948,869,0.21149425287356322,435,0.22935779816513763,218,0.27586206896551724,87
ema_gap_72_168__w24__q90,0.42514511598707333,0.5748548840129266,low,0.17951668584579977,869,0.19770114942528735,435,0.2648401826484018,219,0.3793103448275862,87
close_vs_vwap72__w24__up_share,0.42516463284720085,0.5748353671527991,low,0.15594059405940594,1212,0.12549019607843137,510,0.12549019607843137,510,0.13043478260869565,138
ema6_slope_3h__w24__min,0.4251980419167942,0.5748019580832058,low,0.2122587968217934,881,0.22272727272727272,440,0.30973451327433627,226,0.27835051546391754,97
range_pct__w240__diff_mean,0.574790505481256,0.574790505481256,high,0.17951668584579977,869,0.20229885057471264,435,0.23853211009174313,218,0.22988505747126436,87
close_vs_ema72__w240__mean,0.42525083231276417,0.5747491676872358,low,0.22209436133486765,869,0.2827586206896552,435,0.23853211009174313,218,0.2413793103448276,87
rsi6__w240__q25,0.4252839025479803,0.5747160974520197,low,0.17031070195627157,869,0.22298850574712645,435,0.27522935779816515,218,0.2840909090909091,88
taker_share__w24__diff_std,0.42540615399127923,0.5745938460087208,low,0.14614499424626007,869,0.14942528735632185,435,0.1559633027522936,218,0.21839080459770116,87
close_vs_sma72__w72__q10,0.42542573861828226,0.5745742613817177,low,0.2222222222222222,873,0.22153209109730848,483,0.2734375,256,0.2890625,128
close_vs_sma24__w24__min,0.42565695919729324,0.5743430408027068,low,0.25396825396825395,882,0.2689655172413793,435,0.2785388127853881,219,0.26666666666666666,105
trades_rel72__w240__std,0.5742875397317191,0.5742875397317191,high,0.18872266973532797,869,0.20919540229885059,435,0.13302752293577982,218,0.20689655172413793,87
close_vs_sma24__d24,0.4257787362724641,0.5742212637275359,low,0.20368239355581128,869,0.22298850574712645,435,0.26146788990825687,218,0.3333333333333333,87
close_vs_sma24__w24__diff_mean,0.4257787362724641,0.5742212637275359,low,0.20368239355581128,869,0.22298850574712645,435,0.26146788990825687,218,0.3333333333333333,87
bb_z__w240__q75,0.4257987952675952,0.5742012047324048,low,0.09758897818599312,871,0.09174311926605505,436,0.15137614678899083,218,0.09090909090909091,88
close_vs_sma24__w72__max,0.5741549877233529,0.5741549877233529,high,0.22918918918918918,925,0.22294372294372294,462,0.2324561403508772,228,0.3310810810810811,148
upper_wick__w240__q10,0.5740404617038544,0.5740404617038544,high,0.17198177676537585,878,0.2288329519450801,437,0.27802690582959644,223,0.3263157894736842,95
atr6_pct__w240__pos,0.5740349048200681,0.5740349048200681,high,0.14959723820483314,869,0.15172413793103448,435,0.18807339449541285,218,0.1834862385321101,109
volume_rel240__w240__min,0.4259966067770128,0.5740033932229872,low,0.153125,960,0.10625,480,0.05,240,0.05,240
range_pct__w72__delta,0.5739964132348165,0.5739964132348165,high,0.17031070195627157,869,0.19540229885057472,435,0.23394495412844038,218,0.19540229885057472,87
dist_high72__w72__q25,0.42611906152093804,0.573880938479062,low,0.2094361334867664,869,0.27586206896551724,435,0.351931330472103,233,0.4296875,128
atr6_pct__w240__q10,0.5738448865013264,0.5738448865013264,high,0.1425287356321839,870,0.19817767653758542,439,0.23555555555555555,225,0.14444444444444443,90
dist_high24__w24__q10,0.4261585018424458,0.5738414981575541,low,0.2192090395480226,885,0.29345372460496616,443,0.33620689655172414,232,0.367816091954023,87
atr72_pct__d3,0.5737421519181549,0.5737421519181549,high,0.19677790563866512,869,0.2206896551724138,435,0.24770642201834864,218,0.27586206896551724,87
ema_gap_72_168__w24__std,0.5737224995242765,0.5737224995242765,high,0.19102416570771003,869,0.23908045977011494,435,0.2706422018348624,218,0.2413793103448276,87
bb_z__w240__q25,0.4263264281597932,0.5736735718402068,low,0.12954545454545455,880,0.17547568710359407,473,0.242152466367713,223,0.29545454545454547,88
macd_fast_hist_pct__w24__mean,0.4264112045209722,0.5735887954790277,low,0.1956271576524741,869,0.22758620689655173,435,0.2706422018348624,218,0.27586206896551724,87
ema_gap_72_168__w72__q75,0.4264307891479753,0.5735692108520247,low,0.2048331415420023,869,0.2045977011494253,435,0.24770642201834864,218,0.367816091954023,87
close_vs_sma168__now,0.4265243074360863,0.5734756925639137,low,0.19102416570771003,869,0.2620689655172414,435,0.2981651376146789,218,0.3218390804597701,87
obv_delta__w24__mean,0.4265289155836165,0.5734710844163835,low,0.21518987341772153,869,0.25517241379310346,435,0.23853211009174313,218,0.16091954022988506,87
ema168_slope_24h__w24__q10,0.4265423334249541,0.5734576665750459,low,0.23401826484018265,876,0.19770114942528735,435,0.29357798165137616,218,0.3793103448275862,87
obv_delta__w72__q90,0.5734461462062206,0.5734461462062206,high,0.16930022573363432,886,0.22787610619469026,452,0.28451882845188287,239,0.24742268041237114,97
ema_gap_72_168__w24__max,0.42661626708606226,0.5733837329139377,low,0.17194570135746606,884,0.2,435,0.2330508474576271,236,0.3793103448275862,87
macd_hist_pct__w24__q25,0.42668593143401756,0.5733140685659824,low,0.1573546180159635,877,0.2545871559633027,436,0.30701754385964913,228,0.26595744680851063,94
atr72_pct__w72__mean,0.5729590379055374,0.5729590379055374,high,0.22554660529344073,869,0.28045977011494255,435,0.29357798165137616,218,0.04597701149425287,87
close_vs_ema48__w72__q10,0.42705648070893915,0.5729435192910608,low,0.22696629213483147,890,0.29638009049773756,442,0.2916666666666667,240,0.32,100
range_pct__w72__q25,0.5729271197072037,0.5729271197072037,high,0.2128146453089245,874,0.26436781609195403,435,0.19282511210762332,223,0.25287356321839083,87
close_vs_vwap72__w240__mean,0.4271217402099906,0.5728782597900094,low,0.22554660529344073,869,0.20689655172413793,435,0.22477064220183487,218,0.1724137931034483,87
obv_delta__w240__mean,0.4272584937646342,0.5727415062353658,low,0.20598388952819333,869,0.2045977011494253,435,0.16972477064220184,218,0.14942528735632185,87
range_pct__w240__late_vs_prev,0.5726726550899158,0.5726726550899158,high,0.22324510932105868,869,0.20689655172413793,435,0.1743119266055046,218,0.14942528735632185,87
macd_fast_hist_pct__w72__late_vs_prev,0.4274014818718187,0.5725985181281813,low,0.21749136939010358,869,0.22988505747126436,435,0.27522935779816515,218,0.42528735632183906,87
macd_signal_pct__w72__std,0.5725684296354847,0.5725684296354847,high,0.20828538550057538,869,0.22988505747126436,435,0.22935779816513763,218,0.3333333333333333,87
dist_high72__w24__min,0.4274325191007715,0.5725674808992285,low,0.20368239355581128,869,0.28604118993135014,437,0.34684684684684686,222,0.4095238095238095,105
log_ret__w72__min,0.4274445138377249,0.572555486162275,low,0.23429179978700745,939,0.27601809954751133,442,0.2590909090909091,220,0.2152777777777778,144
body_pct__w72__min,0.4274445138377249,0.572555486162275,low,0.23429179978700745,939,0.27601809954751133,442,0.2590909090909091,220,0.2152777777777778,144
close_vs_sma24__w24__delta,0.42748863007363824,0.5725113699263618,low,0.20368239355581128,869,0.2160919540229885,435,0.25229357798165136,218,0.3333333333333333,87
dist_high24__w72__q10,0.4275300356345338,0.5724699643654663,low,0.22784810126582278,869,0.24166666666666667,480,0.3256880733944954,218,0.34057971014492755,138
close_vs_vwap240__w24__q25,0.42754142046960814,0.5724585795303918,low,0.189873417721519,869,0.19770114942528735,435,0.20089285714285715,224,0.3956043956043956,91
range_pct__w240__z,0.572407483306308,0.572407483306308,high,0.13578826237054084,869,0.14022988505747128,435,0.15137614678899083,218,0.1724137931034483,87
close_vs_ema240__w24__mean,0.42761765820448144,0.5723823417955185,low,0.22094361334867663,869,0.21379310344827587,435,0.21100917431192662,218,0.28735632183908044,87
close_vs_ema6__w72__q25,0.4276195556769938,0.5723804443230063,low,0.2066590126291619,871,0.2460136674259681,439,0.2094017094017094,234,0.3218390804597701,87
rsi14__w240__q25,0.42766238434227366,0.5723376156577263,low,0.18556701030927836,873,0.22477064220183487,436,0.3486238532110092,218,0.39080459770114945,87
macd_signal_pct__w24__std,0.5722271556507544,0.5722271556507544,high,0.20713463751438435,869,0.22528735632183908,435,0.2018348623853211,218,0.1724137931034483,87
ema6_slope_3h__w24__q25,0.4279047186888573,0.5720952813111426,low,0.1853546910755149,874,0.2449438202247191,445,0.26244343891402716,221,0.25287356321839083,87
ema6_slope_3h__w72__q25,0.42793663688719097,0.572063363112809,low,0.20662100456621005,876,0.25892857142857145,448,0.23853211009174313,218,0.21428571428571427,98
volume_rel72__w240__diff_std,0.571947820590179,0.571947820590179,high,0.10701956271576525,869,0.15402298850574714,435,0.1743119266055046,218,0.40229885057471265,87
ema_gap_6_24__w24__delta,0.42811276299646694,0.571887237003533,low,0.20598388952819333,869,0.23448275862068965,435,0.2981651376146789,218,0.27586206896551724,87
volume_rel72__w72__max,0.571730085619381,0.571730085619381,high,0.19444444444444445,900,0.17727272727272728,440,0.17410714285714285,224,0.2222222222222222,144
close_vs_ema24__w72__max,0.5717222924287051,0.5717222924287051,high,0.14269406392694065,876,0.20489977728285078,449,0.23348017621145375,227,0.3310810810810811,148
dist_high24__now,0.42832670302223996,0.57167329697776,low,0.2508630609896433,869,0.27586206896551724,435,0.3073394495412844,218,0.27586206896551724,87
dist_high72__w72__q90,0.4283527932692855,0.5716472067307146,low,0.13876146788990826,872,0.17889908256880735,436,0.1651376146788991,218,0.26436781609195403,87
dist_high24__w72__q90,0.42837569847318513,0.5716243015268149,low,0.1913929784824462,883,0.2654462242562929,437,0.3291139240506329,237,0.4942528735632184,87
ema72_slope_12h__w240__mean,0.42840795550589594,0.5715920444941041,low,0.21288837744533948,869,0.28735632183908044,435,0.24311926605504589,218,0.2413793103448276,87
atr24_pct__w72__delta,0.571431979134308,0.571431979134308,high,0.23705408515535098,869,0.20229885057471264,435,0.29357798165137616,218,0.26436781609195403,87
atr14_pct__w240__z,0.5714264222505216,0.5714264222505216,high,0.18181818181818182,869,0.23448275862068965,435,0.22018348623853212,218,0.19540229885057472,87
rebound_low24__w72__late_vs_prev,0.4285926880083532,0.5714073119916467,low,0.18872266973532797,869,0.20919540229885059,435,0.26605504587155965,218,0.39080459770114945,87
close_location__w24__max,0.4286968456959089,0.5713031543040912,low,0.14416475972540047,874,0.09297052154195011,441,0.1415525114155251,219,0.14285714285714285,91
close_vs_ema24__w72__late_vs_prev,0.428914309599205,0.571085690400795,low,0.189873417721519,869,0.22528735632183908,435,0.26605504587155965,218,0.2988505747126437,87
atr24_pct__w72__diff_mean,0.5710589902518706,0.5710589902518706,high,0.23475258918296893,869,0.20919540229885059,435,0.30275229357798167,218,0.25287356321839083,87
rebound_low72__w24__q25,0.5710558729756001,0.5710558729756001,high,0.17376294591484465,869,0.18552036199095023,442,0.15137614678899083,218,0.06896551724137931,87
ema72_slope_12h__w24__std,0.5710396089254939,0.5710396089254939,high,0.17951668584579977,869,0.20229885057471264,435,0.18807339449541285,218,0.05747126436781609,87
abs_body_pct__w72__q25,0.5709330116304223,0.5709330116304223,high,0.20321469575200918,871,0.23218390804597702,435,0.22767857142857142,224,0.17582417582417584,91
stoch_k__w240__max,0.42917941361593737,0.5708205863840626,low,0.11810154525386314,906,0.09572301425661914,491,0.11160714285714286,224,0.07964601769911504,113
ema_gap_72_168__w72__q90,0.42919208602164527,0.5708079139783547,low,0.18757192174913695,869,0.1970954356846473,482,0.26146788990825687,218,0.36220472440944884,127
bb_width__w240__q25,0.5707928697320064,0.5707928697320064,high,0.19907940161104717,869,0.17701149425287357,435,0.18807339449541285,218,0.07954545454545454,88
dist_high240__w240__q90,0.42931786134246724,0.5706821386575327,low,0.16743119266055045,872,0.20689655172413793,435,0.24311926605504589,218,0.3103448275862069,87
dist_high24__w24__q25,0.429336497233214,0.570663502766786,low,0.23130034522439585,869,0.25287356321839083,435,0.33636363636363636,220,0.3225806451612903,93
atr14_pct__w24__std,0.5706602499567647,0.5706602499567647,high,0.22324510932105868,869,0.2735632183908046,435,0.2706422018348624,218,0.40229885057471265,87
ema_gap_6_24__w24__diff_mean,0.429436114540115,0.570563885459885,low,0.20368239355581128,869,0.2367816091954023,435,0.2889908256880734,218,0.25287356321839083,87
ema_gap_6_24__d24,0.429436114540115,0.570563885459885,low,0.20368239355581128,869,0.2367816091954023,435,0.2889908256880734,218,0.25287356321839083,87
rebound_low72__w240__mean,0.5705151610764416,0.5705151610764416,high,0.12428078250863062,869,0.13793103448275862,435,0.1926605504587156,218,0.06896551724137931,87
ema_gap_24_72__w240__mean,0.4295257023494504,0.5704742976505496,low,0.20253164556962025,869,0.28735632183908044,435,0.3211009174311927,218,0.2413793103448276,87
ema_gap_72_168__w240__diff_mean,0.42957523993539914,0.5704247600646009,low,0.19332566168009205,869,0.16091954022988506,435,0.15137614678899083,218,0.04597701149425287,87
close_vs_vwap24__w24__min,0.4296558147503008,0.5703441852496992,low,0.2227324913892078,871,0.2620689655172414,435,0.31092436974789917,238,0.27522935779816515,109
ema24_slope_6h__w24__delta,0.4296907824580292,0.5703092175419708,low,0.20138089758342922,869,0.22298850574712645,435,0.2981651376146789,218,0.28735632183908044,87
close_vs_ema6__w24__max,0.5702789257486478,0.5702789257486478,high,0.15922107674684993,873,0.1373873873873874,444,0.16593886462882096,229,0.27835051546391754,97
quote_volume_rel72__w240__max,0.5701618245878824,0.5701618245878824,high,0.1652892561983471,968,0.13958333333333334,480,0.12083333333333333,240,0.12083333333333333,240
range_pct__w240__pos,0.5701194025238553,0.5701194025238553,high,0.14039125431530494,869,0.15172413793103448,435,0.13761467889908258,218,0.13793103448275862,87
atr14_pct__w240__up_share,0.5700880264605254,0.5700880264605254,high,0.19389978213507625,918,0.2151639344262295,488,0.233201581027668,253,0.16666666666666666,120
rsi6__w72__min,0.42992234187141753,0.5700776581285825,low,0.16853932584269662,890,0.20993227990970656,443,0.21100917431192662,218,0.19310344827586207,145
volume_rel72__w240__q75,0.5700647146553729,0.5700647146553729,high,0.23015873015873015,882,0.2505592841163311,447,0.19383259911894274,227,0.391304347826087,92
ema_gap_72_168__w240__delta,0.4299767586723981,0.5700232413276018,low,0.19332566168009205,869,0.1632183908045977,435,0.15137614678899083,218,0.05747126436781609,87
close_vs_sma24__w72__q10,0.43003835876217567,0.5699616412378243,low,0.2395005675368899,881,0.30686695278969955,466,0.31981981981981983,222,0.36363636363636365,132
rebound_low72__w72__q90,0.5697852440610466,0.5697852440610466,high,0.12580645161290321,930,0.1275626423690205,439,0.12663755458515283,229,0.19083969465648856,131
ema6_slope_3h__w72__q10,0.43021800874897476,0.5697819912510252,low,0.23804100227790434,878,0.27455357142857145,448,0.33212996389891697,277,0.3076923076923077,91
close_vs_sma240__w24__q75,0.43023312076219844,0.5697668792378016,low,0.18556701030927836,873,0.21330275229357798,436,0.2648401826484018,219,0.28735632183908044,87
body_pct__w240__up_share,0.43027737253186266,0.5697226274681373,low,0.16233090530697192,961,0.1800356506238859,561,0.25961538461538464,312,0.5,90
log_ret__w240__up_share,0.43027737253186266,0.5697226274681373,low,0.16233090530697192,961,0.1800356506238859,561,0.25961538461538464,312,0.5,90
obv_delta__w72__max,0.5695614100714588,0.5695614100714588,high,0.22322435174746336,887,0.24173553719008264,484,0.2873134328358209,268,0.3089430894308943,123
mfi14__w72__min,0.4304532275736368,0.5695467724263632,low,0.18604651162790697,903,0.11990950226244344,442,0.03211009174311927,218,0.04861111111111111,144
close_vs_sma24__w72__up_share,0.4305014775889522,0.5694985224110478,low,0.16945107398568018,1257,0.14732142857142858,448,0.13909774436090225,266,0.10526315789473684,152
macd_hist_pct__w240__q25,0.43051943581094454,0.5694805641890555,low,0.19540229885057472,870,0.2085201793721973,446,0.270042194092827,237,0.1896551724137931,116
upper_wick__w240__q75,0.5694550160770135,0.5694550160770135,high,0.17573696145124718,882,0.2318181818181818,440,0.22123893805309736,226,0.14893617021276595,94
atr24_pct__w240__z,0.5694274349587083,0.5694274349587083,high,0.142692750287687,869,0.18160919540229886,435,0.18807339449541285,218,0.09195402298850575,87
rsi24__w72__diff_std,0.5694258085536976,0.5694258085536976,high,0.2243958573072497,869,0.25057471264367814,435,0.3302752293577982,218,0.4942528735632184,87
ema24_slope_6h__w24__diff_mean,0.4307350022417282,0.5692649977582718,low,0.19907940161104717,869,0.22528735632183908,435,0.29357798165137616,218,0.28735632183908044,87
ema24_slope_6h__d24,0.4307350022417282,0.5692649977582718,low,0.19907940161104717,869,0.22528735632183908,435,0.29357798165137616,218,0.28735632183908044,87
close_vs_sma168__w24__q25,0.4307881314720755,0.5692118685279245,low,0.20828538550057538,869,0.21839080459770116,435,0.26605504587155965,218,0.22988505747126436,87
dist_high24__w24__mean,0.43084078633429457,0.5691592136657054,low,0.21058688147295743,869,0.296551724137931,435,0.3119266055045872,218,0.3103448275862069,87
close_vs_ema24__w72__q10,0.43088463150270606,0.5691153684972939,low,0.2303370786516854,890,0.3169642857142857,448,0.34684684684684686,222,0.3979591836734694,98
trades_rel240__w240__up_share,0.4309197347441855,0.5690802652558145,low,0.18831734960767219,1147,0.15966386554621848,476,0.14792899408284024,338,0.12903225806451613,124
close_vs_vwap240__w240__q25,0.4309283411373667,0.5690716588626332,low,0.2018348623853211,981,0.2482758620689655,435,0.1926605504587156,218,0.2627118644067797,118
taker_share__w24__std,0.4309594461331949,0.5690405538668051,low,0.12658227848101267,869,0.1632183908045977,435,0.14220183486238533,218,0.20689655172413793,87
abs_body_pct__w24__q10,0.5689302971604595,0.5689302971604595,high,0.1823394495412844,872,0.24541284403669725,436,0.2863636363636364,220,0.1797752808988764,89
close_vs_ema240__w240__q25,0.43107376885206705,0.568926231147933,low,0.19932049830124576,883,0.23777777777777778,450,0.2869822485207101,338,0.25396825396825395,126
macd_fast_hist_pct__w72__q90,0.5688016078639935,0.5688016078639935,high,0.19690265486725664,904,0.2689655172413793,435,0.24770642201834864,218,0.3523809523809524,105
quote_volume_rel72__w72__max,0.5687250990616185,0.5687250990616185,high,0.22777777777777777,900,0.20909090909090908,440,0.17410714285714285,224,0.2222222222222222,144
close_vs_sma240__w240__q25,0.4313124437873768,0.5686875562126232,low,0.17848970251716248,874,0.24597701149425288,435,0.2926829268292683,328,0.248,125
close_vs_ema12__w72__q25,0.43134124470944,0.56865875529056,low,0.2002301495972382,869,0.24597701149425288,435,0.23318385650224216,223,0.3258426966292135,89
rebound_low72__w240__late_vs_prev,0.5686421524060765,0.5686421524060765,high,0.17261219792865362,869,0.14942528735632185,435,0.04128440366972477,218,0.0,87
macd_pct__w72__q10,0.4314202608862064,0.5685797391137937,low,0.2289988492520138,869,0.29606625258799174,483,0.3302752293577982,218,0.3384615384615385,130
ema_gap_72_168__w240__q10,0.4315128304380613,0.5684871695619387,low,0.229490022172949,902,0.22528735632183908,435,0.17889908256880735,218,0.1712962962962963,216
close_vs_ema168__w24__q25,0.43163880905950963,0.5683611909404904,low,0.21518987341772153,869,0.21846846846846846,444,0.25229357798165136,218,0.19540229885057472,87
log_ret__w72__q75,0.5683203952814737,0.5683203952814737,high,0.18543799772468714,879,0.20454545454545456,440,0.21171171171171171,222,0.1792452830188679,106
body_pct__w72__q75,0.5683114500539154,0.5683114500539154,high,0.18543799772468714,879,0.20454545454545456,440,0.21171171171171171,222,0.1792452830188679,106
ema_gap_24_72__w72__q25,0.43170840564058943,0.5682915943594106,low,0.1831626848691695,879,0.2111111111111111,450,0.28054298642533937,221,0.27956989247311825,93
ema24_slope_6h__w72__q10,0.43204452934278603,0.567955470657214,low,0.2243958573072497,869,0.2854122621564482,473,0.3218390804597701,261,0.3333333333333333,132
stoch_k__w72__max,0.4320759731729915,0.5679240268270085,low,0.18223234624145787,878,0.17286652078774617,457,0.1651376146788991,218,0.22988505747126436,87
ema_gap_24_72__w72__std,0.5678689323572734,0.5678689323572734,high,0.2094361334867664,869,0.2620689655172414,435,0.3073394495412844,218,0.28735632183908044,87
abs_body_pct__now,0.5678509063684056,0.5678509063684056,high,0.17491369390103567,869,0.2045977011494253,435,0.22018348623853212,218,0.19540229885057472,87
dist_high240__w240__diff_mean,0.43217809785428385,0.5678219021457162,low,0.22094361334867663,869,0.22758620689655173,435,0.2889908256880734,218,0.20689655172413793,87
close_location__w24__mean,0.4322121168257562,0.5677878831742438,low,0.1047180667433832,869,0.10804597701149425,435,0.09174311926605505,218,0.09195402298850575,87
taker_share__w240__q90,0.4322403756128158,0.5677596243871842,low,0.18397291196388263,886,0.1598173515981735,438,0.1471861471861472,231,0.03260869565217391,92
close_vs_ema48__w72__q25,0.43234663407351026,0.5676533659264897,low,0.21814006888633755,871,0.2413793103448276,435,0.3048780487804878,246,0.25210084033613445,119
ema168_slope_24h__w24__q25,0.4323662864673887,0.5676337135326113,low,0.22669735327963175,869,0.1839080459770115,435,0.2981651376146789,218,0.34065934065934067,91
close_location__w72__max,0.43237150451679784,0.5676284954832022,low,0.14432989690721648,873,0.17180616740088106,454,0.27876106194690264,226,0.3229166666666667,96
dist_high24__w72__std,0.5676234807344195,0.5676234807344195,high,0.2289988492520138,869,0.25057471264367814,435,0.2706422018348624,218,0.3333333333333333,87
ema_gap_72_168__w72__max,0.4324308682996857,0.5675691317003143,low,0.20591581342434584,879,0.19080459770114944,435,0.26146788990825687,218,0.3305084745762712,118
obv_delta__w72__q25,0.43246935988493723,0.5675306401150628,low,0.24569460390355913,871,0.2938496583143508,439,0.2986425339366516,221,0.2631578947368421,95
close_vs_vwap24__w240__mean,0.4325128662189716,0.5674871337810283,low,0.18296892980437285,869,0.1632183908045977,435,0.23394495412844038,218,0.25287356321839083,87
atr72_pct__w240__min,0.5673850768666114,0.5673850768666114,high,0.1655328798185941,882,0.15555555555555556,540,0.19724770642201836,218,0.2605633802816901,142
dist_high240__w240__delta,0.43265924266992817,0.5673407573300718,low,0.21979286536248563,869,0.22528735632183908,435,0.2981651376146789,218,0.21839080459770116,87
taker_share__w72__std,0.4328259491835176,0.5671740508164824,low,0.14844649021864212,869,0.15862068965517243,435,0.13761467889908258,218,0.21839080459770116,87
stoch_d__w240__mean,0.4328689133825483,0.5671310866174517,low,0.12197928653624857,869,0.15402298850574714,435,0.19724770642201836,218,0.10344827586206896,87
mfi14__w240__std,0.5671017435603849,0.5671017435603849,high,0.15535097813578827,869,0.19770114942528735,435,0.0963302752293578,218,0.034482758620689655,87
trades_rel72__now,0.5669721055276626,0.5669721055276626,high,0.13578826237054084,869,0.16551724137931034,435,0.19724770642201836,218,0.1724137931034483,87
rebound_low24__w72__up_share,0.43308841029210776,0.5669115897078922,low,0.16311399443929564,1079,0.18055555555555555,576,0.18888888888888888,270,0.16842105263157894,95
ema_gap_6_24__w72__q10,0.4331727122851587,0.5668272877148413,low,0.22628571428571428,875,0.2830188679245283,477,0.2656826568265683,271,0.34108527131782945,129
stoch_k__w240__mean,0.4332507119587934,0.5667492880412066,low,0.12197928653624857,869,0.15632183908045977,435,0.2018348623853211,218,0.09195402298850575,87
obv_delta__w72__late_vs_prev,0.43335859682449845,0.5666414031755016,low,0.19332566168009205,869,0.2206896551724138,435,0.22935779816513763,218,0.26436781609195403,87
trades_rel240__now,0.5665950506326987,0.5665950506326987,high,0.14154200230149597,869,0.1425287356321839,435,0.1559633027522936,218,0.13793103448275862,87
close_vs_vwap240__w24__mean,0.433496705716651,0.566503294283349,low,0.18296892980437285,869,0.18850574712643678,435,0.26605504587155965,218,0.40229885057471265,87
close_vs_sma240__w24__q90,0.4335105979261168,0.5664894020738832,low,0.19907940161104717,869,0.1945080091533181,437,0.26126126126126126,222,0.28735632183908044,87
dist_high24__w24__up_share,0.43352523557121236,0.5664747644287876,low,0.17324561403508773,912,0.17324561403508773,912,0.1387434554973822,382,0.07042253521126761,142
rsi24__w72__min,0.43354644660322605,0.566453553396774,low,0.2018348623853211,872,0.24944320712694878,449,0.2009132420091324,219,0.15862068965517243,145
rsi6__w240__q10,0.43355295222326856,0.5664470477767314,low,0.17893544733861835,883,0.1492204899777283,449,0.11312217194570136,221,0.12087912087912088,91
log_ret__w72__late_vs_prev,0.4336203124974587,0.5663796875025413,low,0.19447640966628307,869,0.2413793103448276,435,0.26146788990825687,218,0.26436781609195403,87
body_pct__w72__late_vs_prev,0.4337651980771555,0.5662348019228445,low,0.1956271576524741,869,0.2367816091954023,435,0.26146788990825687,218,0.26436781609195403,87
close_vs_vwap72__w72__q10,0.43385410821773657,0.5661458917822635,low,0.22209436133486765,869,0.273972602739726,438,0.37065637065637064,259,0.4838709677419355,124
trades_rel72__w72__std,0.5661166842589476,0.5661166842589476,high,0.23130034522439585,869,0.2367816091954023,435,0.16972477064220184,218,0.22988505747126436,87
atr6_pct__w240__late_vs_prev,0.5659953137850294,0.5659953137850294,high,0.2048331415420023,869,0.2045977011494253,435,0.16972477064220184,218,0.14942528735632185,87
rsi6__w24__up_share,0.43401003979813063,0.5659899602018694,low,0.1694747274529237,1009,0.1694747274529237,1009,0.17798594847775176,427,0.14084507042253522,142
rsi14__w24__up_share,0.43401003979813063,0.5659899602018694,low,0.1694747274529237,1009,0.1694747274529237,1009,0.17798594847775176,427,0.14084507042253522,142
rsi24__w24__up_share,0.43401003979813063,0.5659899602018694,low,0.1694747274529237,1009,0.1694747274529237,1009,0.17798594847775176,427,0.14084507042253522,142
ema_gap_24_72__w72__mean,0.43423970173900645,0.5657602982609935,low,0.1668584579976985,869,0.22298850574712645,435,0.22477064220183487,218,0.26436781609195403,87
atr14_pct__w240__pos,0.5657529116715703,0.5657529116715703,high,0.17721518987341772,869,0.23908045977011494,435,0.26605504587155965,218,0.2549019607843137,204
close_vs_ema24__d24,0.43433078041960166,0.5656692195803983,low,0.19332566168009205,869,0.21379310344827587,435,0.25688073394495414,218,0.3448275862068966,87
close_vs_ema24__w24__diff_mean,0.4343308481864771,0.5656691518135228,low,0.19332566168009205,869,0.21379310344827587,435,0.25688073394495414,218,0.3448275862068966,87
close_vs_ema240__w24__q75,0.43442301113707943,0.5655769888629205,low,0.21753986332574032,878,0.20412844036697247,436,0.22018348623853212,218,0.28735632183908044,87
trades_rel240__w240__q75,0.5654855035810727,0.5654855035810727,high,0.225,880,0.33715596330275227,436,0.3901345291479821,223,0.2840909090909091,88
close_vs_ema24__w24__up_share,0.43458931104941617,0.5654106889505839,low,0.1544327931363203,1049,0.19187358916478556,443,0.19187358916478556,443,0.24060150375939848,133
close_vs_vwap72__w240__max,0.5654068262386837,0.5654068262386837,high,0.1364503816793893,1048,0.15010141987829614,493,0.20416666666666666,240,0.20416666666666666,240
atr6_pct__w72__z,0.5653618290333895,0.5653618290333895,high,0.1277330264672037,869,0.1310344827586207,435,0.11467889908256881,218,0.16091954022988506,87
volume_rel24__w240__max,0.5653537647752118,0.5653537647752118,high,0.15608740894901144,961,0.11458333333333333,480,0.12083333333333333,240,0.12083333333333333,240
close_vs_vwap24__w240__q90,0.5653229308468855,0.5653229308468855,high,0.14156285390713477,883,0.22197802197802197,455,0.22943722943722944,231,0.11290322580645161,124
atr14_pct__w240__q10,0.5653047015573913,0.5653047015573913,high,0.14479638009049775,884,0.1789709172259508,447,0.26146788990825687,218,0.13636363636363635,110
cci20__w240__up_share,0.565262889395243,0.565262889395243,high,0.14871794871794872,975,0.17269076305220885,498,0.23766816143497757,223,0.2734375,128
close_vs_sma168__w240__mean,0.43490632449273786,0.5650936755072622,low,0.19447640966628307,869,0.29195402298850576,435,0.2981651376146789,218,0.2413793103448276,87
atr6_pct__w72__q25,0.5650883219241022,0.5650883219241022,high,0.2016036655211913,873,0.24549549549549549,444,0.22018348623853212,218,0.26436781609195403,87
avg_trade_quote_rel24__w24__up_share,0.4349353964823029,0.5650646035176972,low,0.15240328253223914,1706,0.19120458891013384,523,0.19120458891013384,523,0.2549019607843137,102
rebound_low72__w240__q75,0.5650580978976547,0.5650580978976547,high,0.13578826237054084,869,0.07142857142857142,504,0.1076923076923077,325,0.17796610169491525,118
obv_delta__w72__diff_std,0.5647462347368667,0.5647462347368667,high,0.22094361334867663,869,0.26666666666666666,435,0.3165137614678899,218,0.16091954022988506,87
dist_high24__w24__q90,0.4353295286298785,0.5646704713701215,low,0.16874292185730463,883,0.18850574712643678,435,0.26146788990825687,218,0.21839080459770116,87
ema72_slope_12h__w72__q25,0.435394652597179,0.564605347402821,low,0.18161180476730987,881,0.22394678492239467,451,0.26905829596412556,223,0.31746031746031744,126
atr72_pct__d1,0.5645617733019112,0.5645617733019112,high,0.15535097813578827,869,0.17701149425287357,435,0.21559633027522937,218,0.21839080459770116,87
macd_hist_pct__w240__q75,0.5645236205510369,0.5645236205510369,high,0.18296892980437285,869,0.1632183908045977,435,0.13302752293577982,218,0.21505376344086022,93
range_pct__w72__z,0.5644640534675226,0.5644640534675226,high,0.11852704257767549,869,0.11724137931034483,435,0.11926605504587157,218,0.09195402298850575,87
atr72_pct__w240__delta,0.5644491447549251,0.5644491447549251,high,0.20713463751438435,869,0.25057471264367814,435,0.27522935779816515,218,0.4482758620689655,87
volume_rel72__now,0.5644265106185272,0.5644265106185272,high,0.13578826237054084,869,0.14022988505747128,435,0.17889908256880735,218,0.21839080459770116,87
macd_pct__w240__q90,0.5643241826366086,0.5643241826366086,high,0.06976744186046512,903,0.06164383561643835,438,0.09716599190283401,247,0.15584415584415584,154
stoch_d__w240__max,0.43571037846986727,0.5642896215301327,low,0.1581798483206934,923,0.1894273127753304,454,0.1523809523809524,315,0.140625,192
cci20__w72__diff_std,0.5642768813575494,0.5642768813575494,high,0.1611047180667434,869,0.17471264367816092,435,0.22477064220183487,218,0.22988505747126436,87
trades_rel24__w240__mean,0.5641459557541938,0.5641459557541938,high,0.15765247410817032,869,0.17011494252873563,435,0.09174311926605505,218,0.04597701149425287,87
atr72_pct__w72__q25,0.5639844672900135,0.5639844672900135,high,0.2094361334867664,869,0.2936170212765957,470,0.3486238532110092,218,0.1724137931034483,87
atr14_pct__w72__up_share,0.5638988777263292,0.5638988777263292,high,0.18788958147818344,1123,0.26814516129032256,496,0.35555555555555557,225,0.3252032520325203,123
quote_volume_rel72__w240__diff_std,0.5638704156386432,0.5638704156386432,high,0.10701956271576525,869,0.1471264367816092,435,0.1743119266055046,218,0.41379310344827586,87
atr72_pct__w240__diff_mean,0.5638170153407942,0.5638170153407942,high,0.20828538550057538,869,0.2482758620689655,435,0.27522935779816515,218,0.4367816091954023,87
ema168_slope_24h__w72__q75,0.4362625429709758,0.5637374570290242,low,0.18757192174913695,869,0.20689655172413793,435,0.2317596566523605,233,0.2988505747126437,87
macd_pct__w24__delta,0.4362981883474587,0.5637018116525413,low,0.1956271576524741,869,0.2689655172413793,435,0.2798165137614679,218,0.26436781609195403,87
close_vs_ema240__w240__mean,0.4363078112437715,0.5636921887562285,low,0.1956271576524741,869,0.2735632183908046,435,0.28440366972477066,218,0.2988505747126437,87
atr14_pct__w72__z,0.5636694190860796,0.5636694190860796,high,0.14844649021864212,869,0.15632183908045977,435,0.17889908256880735,218,0.26436781609195403,87
volume_rel240__w72__q90,0.5635766462335984,0.5635766462335984,high,0.19117647058823528,884,0.15862068965517243,435,0.16600790513833993,253,0.18045112781954886,133
close_vs_ema12__w24__q25,0.436526562717701,0.5634734372822989,low,0.19748858447488585,876,0.2745995423340961,437,0.24553571428571427,224,0.24444444444444444,90
close_vs_ema12__w24__q10,0.43664108873719953,0.5633589112628005,low,0.22675736961451248,882,0.2219679633867277,437,0.30275229357798167,218,0.23076923076923078,104
rsi14__w72__up_share,0.4367154967664358,0.5632845032335643,low,0.17378497790868924,1358,0.21263157894736842,475,0.16810344827586207,232,0.08571428571428572,105
rsi6__w72__up_share,0.4367154967664358,0.5632845032335643,low,0.17378497790868924,1358,0.21263157894736842,475,0.16810344827586207,232,0.08571428571428572,105
rsi24__w72__up_share,0.4367154967664358,0.5632845032335643,low,0.17378497790868924,1358,0.21263157894736842,475,0.16810344827586207,232,0.08571428571428572,105
bb_z__w240__std,0.5632807082885394,0.5632807082885394,high,0.1852704257767549,869,0.18160919540229886,435,0.21100917431192662,218,0.20689655172413793,87
obv_delta__w24__q90,0.5632355755494944,0.5632355755494944,high,0.18922018348623854,872,0.1780821917808219,438,0.1336206896551724,232,0.044444444444444446,90
close_vs_ema24__w24__min,0.4368126066989454,0.5631873933010546,low,0.23024830699774265,886,0.2775229357798165,436,0.31601731601731603,231,0.24509803921568626,102
close_vs_ema24__w24__delta,0.43683408879846075,0.5631659112015392,low,0.19447640966628307,869,0.20919540229885059,435,0.26146788990825687,218,0.2988505747126437,87
dist_high72__w24__up_share,0.43688443958691475,0.5631155604130853,low,0.1761546723952739,931,0.1761546723952739,931,0.17486338797814208,366,0.11194029850746269,134
rebound_low24__w24__q25,0.5629341484875248,0.5629341484875248,high,0.16340621403912542,869,0.13958810068649885,437,0.19724770642201836,218,0.3448275862068966,87
quote_volume_rel72__w240__min,0.43708841788199787,0.5629115821180022,low,0.1676829268292683,984,0.21666666666666667,480,0.1375,240,0.1375,240
quote_volume_rel72__now,0.5628917264234974,0.5628917264234974,high,0.1323360184119678,869,0.13793103448275862,435,0.1743119266055046,218,0.22988505747126436,87
macd_fast_hist_pct__w24__max,0.562713702841709,0.562713702841709,high,0.18025258323765786,871,0.17439293598233996,453,0.21559633027522937,218,0.2857142857142857,98
lower_wick__w24__min,0.5627118731360721,0.5627118731360721,high,0.12429378531073447,885,0.13333333333333333,435,0.2009132420091324,219,0.12222222222222222,90
close_vs_ema240__w24__q90,0.43729625888898105,0.562703741111019,low,0.21173762945914845,869,0.20689655172413793,435,0.25229357798165136,218,0.2840909090909091,88
ema168_slope_24h__w24__mean,0.4373146914791015,0.5626853085208985,low,0.20598388952819333,869,0.18160919540229886,435,0.24770642201834864,218,0.2988505747126437,87
close_vs_sma168__w24__mean,0.4374178326635255,0.5625821673364745,low,0.189873417721519,869,0.21839080459770116,435,0.26605504587155965,218,0.26436781609195403,87
obv_delta__w24__q75,0.562526395197985,0.562526395197985,high,0.16380297823596793,873,0.17162471395881007,437,0.2100456621004566,219,0.13186813186813187,91
upper_wick__w240__q25,0.5625050486322205,0.5625050486322205,high,0.09770114942528736,870,0.09503239740820735,463,0.0752212389380531,226,0.12359550561797752,89
stoch_d__w72__late_vs_prev,0.4375198895779424,0.5624801104220576,low,0.15420023014959724,869,0.16091954022988506,435,0.14678899082568808,218,0.11494252873563218,87
trades_rel24__w72__std,0.5624702164582429,0.5624702164582429,high,0.1611047180667434,869,0.2206896551724138,435,0.24770642201834864,218,0.21839080459770116,87
avg_trade_quote_rel240__w240__mean,0.4376021585647301,0.5623978414352699,low,0.12543153049482164,869,0.12643678160919541,435,0.06880733944954129,218,0.0,87
cci20__w72__std,0.5623035099446534,0.5623035099446534,high,0.17951668584579977,869,0.17471264367816092,435,0.11926605504587157,218,0.2413793103448276,87
macd_signal_pct__d12,0.4377198018604989,0.5622801981395011,low,0.20828538550057538,869,0.23908045977011494,435,0.3211009174311927,218,0.26436781609195403,87
atr72_pct__w72__late_vs_prev,0.5622517360518151,0.5622517360518151,high,0.24510932105868816,869,0.23218390804597702,435,0.2798165137614679,218,0.26436781609195403,87
close_vs_ema168__w240__mean,0.43775192335945884,0.5622480766405411,low,0.1852704257767549,869,0.27816091954022987,435,0.2889908256880734,218,0.2413793103448276,87
ema_gap_24_72__w24__std,0.5621376166335692,0.5621376166335692,high,0.1611047180667434,869,0.15632183908045977,435,0.1743119266055046,218,0.10344827586206896,87
close_vs_sma24__w240__max,0.5621355158604306,0.5621355158604306,high,0.1330603889457523,977,0.15082644628099173,484,0.20416666666666666,240,0.20416666666666666,240
rebound_low72__w72__q75,0.5619834469919369,0.5619834469919369,high,0.17376294591484465,869,0.12444444444444444,450,0.21171171171171171,222,0.22641509433962265,106
dist_high240__w24__up_share,0.43802028018621253,0.5619797198137875,low,0.1521099116781158,1019,0.1521099116781158,1019,0.15384615384615385,416,0.1232876712328767,146
close_vs_ema24__w72__q25,0.4380315294875361,0.5619684705124639,low,0.195338512763596,901,0.26526315789473687,475,0.36818181818181817,220,0.3695652173913043,92
close_vs_sma240__w72__q75,0.4381334508682021,0.5618665491317979,low,0.19195402298850575,870,0.18620689655172415,435,0.26146788990825687,218,0.45454545454545453,88
obv_delta__w24__min,0.4381872577673037,0.5618127422326963,low,0.17465753424657535,876,0.18722466960352424,454,0.252212389380531,226,0.23958333333333334,96
close_vs_ema168__w24__mean,0.4382532627039851,0.5617467372960149,low,0.20713463751438435,869,0.2206896551724138,435,0.2706422018348624,218,0.25287356321839083,87
ema168_slope_24h__now,0.43825421144024124,0.5617457885597588,low,0.20713463751438435,869,0.2206896551724138,435,0.2706422018348624,218,0.25287356321839083,87
close_vs_sma72__w24__up_share,0.43827027218972125,0.5617297278102787,low,0.12771084337349398,1245,0.13672496025437203,629,0.11261261261261261,222,0.11261261261261261,222
atr24_pct__w72__z,0.5617018756244717,0.5617018756244717,high,0.15420023014959724,869,0.2,435,0.20642201834862386,218,0.20689655172413793,87
atr24_pct__w240__accel,0.5616503727991352,0.5616503727991352,high,0.17951668584579977,869,0.2,435,0.23853211009174313,218,0.21839080459770116,87
atr24_pct__w72__accel,0.5616503727991352,0.5616503727991352,high,0.17951668584579977,869,0.2,435,0.23853211009174313,218,0.21839080459770116,87
lower_wick__w240__std,0.43843758860518967,0.5615624113948103,low,0.1323360184119678,869,0.06666666666666667,435,0.045871559633027525,218,0.011494252873563218,87
close_vs_sma240__w24__max,0.4385085405237783,0.5614914594762217,low,0.19031531531531531,888,0.19642857142857142,448,0.24888888888888888,225,0.40229885057471265,87
dist_high72__now,0.4386432610721587,0.5613567389278413,low,0.238204833141542,869,0.2827586206896552,435,0.3532110091743119,218,0.3793103448275862,87
atr14_pct__w240__min,0.5613492168046672,0.5613492168046672,high,0.13534675615212527,894,0.15132924335378323,489,0.20527859237536658,341,0.19424460431654678,139
macd_signal_pct__w240__q90,0.5613100475506612,0.5613100475506612,high,0.10306406685236769,1077,0.07407407407407407,486,0.096,250,0.15483870967741936,155
macd_pct__w24__diff_mean,0.43879987032130713,0.5612001296786928,low,0.19217491369390102,869,0.26436781609195403,435,0.2706422018348624,218,0.2413793103448276,87
macd_pct__d24,0.43879987032130713,0.5612001296786928,low,0.19217491369390102,869,0.26436781609195403,435,0.2706422018348624,218,0.2413793103448276,87
stoch_k__w72__late_vs_prev,0.4388347024952848,0.5611652975047152,low,0.15420023014959724,869,0.1724137931034483,435,0.14220183486238533,218,0.12643678160919541,87
dist_high24__w24__max,0.43884947567413135,0.5611505243258686,low,0.15535097813578827,869,0.1628440366972477,436,0.19282511210762332,223,0.21839080459770116,87
avg_trade_quote_rel240__w72__late_vs_prev,0.43889515054817974,0.5611048494518203,low,0.17261219792865362,869,0.19080459770114944,435,0.22018348623853212,218,0.27586206896551724,87
macd_signal_pct__w72__q10,0.43892693321276255,0.5610730667872375,low,0.22308546059933407,901,0.25661914460285135,491,0.30324909747292417,277,0.35384615384615387,130
trades_rel240__w72__diff_mean,0.560782414658463,0.560782414658463,high,0.15765247410817032,869,0.1632183908045977,435,0.1559633027522936,218,0.14942528735632185,87
trades_rel240__w72__pos,0.5607811948547051,0.5607811948547051,high,0.11392405063291139,869,0.1103448275862069,435,0.10550458715596331,218,0.10738255033557047,149
trades_rel72__w240__max,0.5606687018414699,0.5606687018414699,high,0.16041666666666668,960,0.19791666666666666,480,0.12083333333333333,240,0.12083333333333333,240
volume_rel72__w240__z,0.5606601632151642,0.5606601632151642,high,0.12082853855005754,869,0.12873563218390804,435,0.15137614678899083,218,0.13793103448275862,87
volume_rel240__now,0.560546585931922,0.560546585931922,high,0.13693901035673187,869,0.1425287356321839,435,0.17889908256880735,218,0.1724137931034483,87
close_vs_vwap24__w24__max,0.5603788629152009,0.5603788629152009,high,0.1415525114155251,876,0.20898876404494382,445,0.28270042194092826,237,0.18269230769230768,104
ema_gap_72_168__w72__std,0.5603144166166547,0.5603144166166547,high,0.1714614499424626,869,0.19770114942528735,435,0.26146788990825687,218,0.2413793103448276,87
trades_rel240__w240__delta,0.5602897494739935,0.5602897494739935,high,0.1472957422324511,869,0.1471264367816092,435,0.13761467889908258,218,0.09195402298850575,87
atr6_pct__w72__pos,0.5602553239012685,0.5602553239012685,high,0.11622554660529344,869,0.12873563218390804,435,0.1027190332326284,331,0.1027190332326284,331
close_vs_ema24__w72__up_share,0.43974738677374914,0.5602526132262509,low,0.13544018058690746,1329,0.14845360824742268,485,0.10655737704918032,244,0.05,100
close_vs_ema6__w240__q75,0.5601015608608886,0.5601015608608886,high,0.15446224256292906,874,0.14606741573033707,445,0.11842105263157894,228,0.1368421052631579,95
macd_hist_pct__w24__diff_mean,0.4399003366116237,0.5600996633883764,low,0.20368239355581128,869,0.22528735632183908,435,0.26605504587155965,218,0.2988505747126437,87
macd_hist_pct__d24,0.4399003366116237,0.5600996633883764,low,0.20368239355581128,869,0.22528735632183908,435,0.26605504587155965,218,0.2988505747126437,87
atr14_pct__w72__pos,0.559929297463513,0.559929297463513,high,0.1668584579976985,869,0.16326530612244897,539,0.16326530612244897,539,0.16326530612244897,539
dist_high24__w72__up_share,0.44009069376474275,0.5599093062352573,low,0.15236051502145923,1398,0.2157676348547718,482,0.2558139534883721,301,0.3419354838709677,155
quote_volume_rel72__w240__z,0.5598889761726245,0.5598889761726245,high,0.12197928653624857,869,0.12183908045977011,435,0.15137614678899083,218,0.13793103448275862,87
volume_rel24__w240__q75,0.5598796243438133,0.5598796243438133,high,0.22451317296678122,873,0.2058165548098434,447,0.16818181818181818,220,0.3804347826086957,92
range_pct__w24__pos,0.5598574645755435,0.5598574645755435,high,0.12197928653624857,869,0.12873563218390804,435,0.12440191387559808,418,0.12440191387559808,418
macd_signal_pct__w24__z,0.4402063040542482,0.5597936959457518,low,0.17031070195627157,869,0.18850574712643678,435,0.2018348623853211,218,0.1724137931034483,87
trades_rel24__w240__q90,0.5597630653180516,0.5597630653180516,high,0.1839080459770115,870,0.2076271186440678,472,0.2330508474576271,236,0.0,92
rebound_low72__now,0.5597304694509636,0.5597304694509636,high,0.142692750287687,869,0.15172413793103448,435,0.03211009174311927,218,0.022988505747126436,87
body_pct__w24__q75,0.5597072931795621,0.5597072931795621,high,0.12298850574712644,870,0.12643678160919541,435,0.16143497757847533,223,0.20689655172413793,87
close_vs_vwap240__w240__diff_mean,0.4402994835079821,0.5597005164920179,low,0.1622554660529344,869,0.17701149425287357,435,0.23394495412844038,218,0.3448275862068966,87
log_ret__w24__q75,0.5596941464057262,0.5596941464057262,high,0.12298850574712644,870,0.12643678160919541,435,0.16143497757847533,223,0.20689655172413793,87
upper_wick__w240__mean,0.5596430501816423,0.5596430501816423,high,0.1380897583429229,869,0.09885057471264368,435,0.06880733944954129,218,0.0,87
close_vs_sma72__w72__q25,0.44036657271467056,0.5596334272853294,low,0.1858108108108108,888,0.18385650224215247,446,0.2644628099173554,242,0.23853211009174313,109
dist_high240__w240__up_share,0.4403688767884356,0.5596311232115644,low,0.13345356176735798,1109,0.08134920634920635,504,0.05830903790087463,343,0.009345794392523364,107
obv_delta__w24__max,0.5595937158963199,0.5595937158963199,high,0.17257142857142857,875,0.14823008849557523,452,0.16972477064220184,218,0.21649484536082475,97
ema_gap_6_24__w72__late_vs_prev,0.4404616496409169,0.5595383503590832,low,0.17376294591484465,869,0.19770114942528735,435,0.22935779816513763,218,0.2988505747126437,87
close_vs_vwap240__w24__q75,0.4405195225525451,0.5594804774474549,low,0.1784090909090909,880,0.18344519015659955,447,0.2876712328767123,219,0.31683168316831684,101
atr6_pct__w240__min,0.5594267383152287,0.5594267383152287,high,0.12848605577689243,1004,0.16393442622950818,488,0.13963963963963963,222,0.06962025316455696,158
volume_rel72__w72__diff_std,0.5594207070633143,0.5594207070633143,high,0.22324510932105868,869,0.11264367816091954,435,0.14678899082568808,218,0.3103448275862069,87
trades_rel24__w240__up_share,0.44058051274044363,0.5594194872595564,low,0.16710642040457344,1137,0.19550173010380623,578,0.19215686274509805,255,0.17391304347826086,115
mfi14__w240__mean,0.4406197497613251,0.5593802502386749,low,0.11162255466052934,869,0.06880733944954129,436,0.11009174311926606,218,0.20689655172413793,87
taker_share__w240__std,0.4408799067961502,0.5591200932038498,low,0.14384349827387802,869,0.1425287356321839,435,0.17889908256880735,218,0.05747126436781609,87
quote_volume_rel72__w240__q75,0.5590145124119098,0.5590145124119098,high,0.19332566168009205,869,0.22850678733031674,442,0.20491803278688525,244,0.32954545454545453,88
dist_high72__w24__q10,0.44099524601815393,0.5590047539818461,low,0.2094361334867664,869,0.2620689655172414,435,0.3562231759656652,233,0.3076923076923077,104
rsi24__w240__q75,0.4410643682311056,0.5589356317688944,low,0.14039125431530494,869,0.14692982456140352,456,0.14220183486238533,218,0.25287356321839083,87
range_pct__w72__q10,0.5588981566867744,0.5588981566867744,high,0.22502870264064295,871,0.22171945701357465,442,0.1688888888888889,225,0.19540229885057472,87
volume_rel72__w24__q10,0.5588835868085542,0.5588835868085542,high,0.1660939289805269,873,0.20871559633027523,436,0.2602739726027397,219,0.16853932584269662,89
close_vs_ema12__w24__max,0.5588397416401427,0.5588397416401427,high,0.16874292185730463,883,0.12582781456953643,453,0.15350877192982457,228,0.10679611650485436,103
ema24_slope_6h__w72__late_vs_prev,0.4411948872332086,0.5588051127667915,low,0.1714614499424626,869,0.19770114942528735,435,0.24311926605504589,218,0.2988505747126437,87
atr24_pct__w240__q10,0.5587979294779944,0.5587979294779944,high,0.14872364039955605,901,0.18850574712643678,435,0.18807339449541285,218,0.1875,112
volume_rel72__w240__min,0.44121298098895184,0.5587870190110482,low,0.1331236897274633,954,0.20208333333333334,480,0.1375,240,0.1375,240
ema_gap_72_168__w240__q25,0.4415061404921176,0.5584938595078823,low,0.18311403508771928,912,0.22298850574712645,435,0.22162162162162163,370,0.29444444444444445,180
close_vs_vwap240__w240__delta,0.4416361851260925,0.5583638148739075,low,0.15995397008055237,869,0.1793103448275862,435,0.22935779816513763,218,0.367816091954023,87
atr72_pct__w72__delta,0.5583081105022935,0.5583081105022935,high,0.1622554660529344,869,0.19540229885057472,435,0.1926605504587156,218,0.2413793103448276,87
atr6_pct__w24__pos,0.5582891357771695,0.5582891357771695,high,0.11475409836065574,915,0.11475409836065574,915,0.11475409836065574,915,0.11475409836065574,915
close_vs_ema12__w240__max,0.5582658917388925,0.5582658917388925,high,0.14167528438469493,967,0.15208333333333332,480,0.20416666666666666,240,0.20416666666666666,240
ema168_slope_24h__w240__mean,0.441749355808082,0.5582506441919179,low,0.18181818181818182,869,0.2735632183908046,435,0.23853211009174313,218,0.28735632183908044,87
quote_volume_rel72__w24__q10,0.5582444774062527,0.5582444774062527,high,0.16570771001150747,869,0.20776255707762556,438,0.2420091324200913,219,0.19101123595505617,89
close_vs_sma24__w24__q10,0.4417635190850496,0.5582364809149504,low,0.24626006904487918,869,0.2585034013605442,441,0.29545454545454547,220,0.25,100
close_vs_sma240__w240__diff_mean,0.4418577828087906,0.5581422171912094,low,0.1611047180667434,869,0.17011494252873563,435,0.22018348623853212,218,0.3103448275862069,87
atr14_pct__w240__late_vs_prev,0.5581338140986545,0.5581338140986545,high,0.18411967779056387,869,0.19080459770114944,435,0.1743119266055046,218,0.13793103448275862,87
dist_high24__w72__q25,0.44187892607392876,0.5581210739260712,low,0.2243958573072497,869,0.2791762013729977,437,0.33766233766233766,231,0.38392857142857145,112
atr24_pct__w240__pos,0.5580705198369909,0.5580705198369909,high,0.16915995397008055,869,0.2045977011494253,435,0.21933085501858737,269,0.21933085501858737,269
range_pct__w72__pos,0.5579456932524252,0.5579456932524252,high,0.12543153049482164,869,0.11954022988505747,435,0.12844036697247707,218,0.11450381679389313,131
macd_hist_pct__w24__delta,0.4420946958053388,0.5579053041946612,low,0.21518987341772153,869,0.22758620689655173,435,0.26146788990825687,218,0.3103448275862069,87
ema_gap_24_72__w72__accel,0.4421208538192598,0.5578791461807402,low,0.19677790563866512,869,0.21379310344827587,435,0.21559633027522937,218,0.21839080459770116,87
ema_gap_24_72__w240__accel,0.4421208538192598,0.5578791461807402,low,0.19677790563866512,869,0.21379310344827587,435,0.21559633027522937,218,0.21839080459770116,87
abs_body_pct__w24__min,0.5577640102593627,0.5577640102593627,high,0.18004587155963303,872,0.15,440,0.15454545454545454,220,0.19,100
close_vs_sma240__w72__q90,0.4422390392500321,0.5577609607499678,low,0.18878718535469108,874,0.16597510373443983,482,0.26200873362445415,229,0.32142857142857145,140
trades_rel240__w72__delta,0.5577376489448156,0.5577376489448156,high,0.14844649021864212,869,0.16091954022988506,435,0.16055045871559634,218,0.14942528735632185,87
close_vs_vwap240__w24__up_share,0.44239083705102417,0.5576091629489759,low,0.13085764809902742,1131,0.12233009708737864,515,0.12233009708737864,515,0.09895833333333333,192
ema72_slope_12h__w72__mean,0.44245081073579107,0.5575491892642089,low,0.17261219792865362,869,0.2045977011494253,435,0.24770642201834864,218,0.26436781609195403,87
atr6_pct__w72__q10,0.5575057506970501,0.5575057506970501,high,0.22209567198177677,878,0.2206896551724138,435,0.1598173515981735,219,0.14942528735632185,87
close_vs_ema240__w24__up_share,0.44261318016935214,0.5573868198306479,low,0.12822719449225473,1162,0.1225296442687747,506,0.1225296442687747,506,0.09202453987730061,163
dist_high24__w24__q75,0.4426626499884254,0.5573373500115746,low,0.16340621403912542,869,0.22988505747126436,435,0.2511415525114155,219,0.367816091954023,87
rsi14__w72__min,0.4426871815973358,0.5573128184026642,low,0.16647531572904709,871,0.25112107623318386,446,0.28634361233480177,227,0.2708333333333333,144
trades_rel240__w240__pos,0.5572846951493554,0.5572846951493554,high,0.11737629459148446,869,0.12183908045977011,435,0.12844036697247707,218,0.12643678160919541,87
close_vs_ema6__w72__up_share,0.442788222008621,0.557211777991379,low,0.16469661150512213,1269,0.1875,576,0.17786561264822134,253,0.18181818181818182,88
trades_rel72__w24__q10,0.5572095416844893,0.5572095416844893,high,0.16800920598388952,869,0.20229885057471264,435,0.2318181818181818,220,0.19101123595505617,89
close_vs_vwap72__w240__q90,0.5571865687137142,0.5571865687137142,high,0.13326848249027237,1028,0.19144981412639406,538,0.18206521739130435,368,0.1568627450980392,153
rebound_low72__w24__q10,0.5571178531020152,0.5571178531020152,high,0.17261219792865362,869,0.1743119266055046,436,0.1415525114155251,219,0.022988505747126436,87
rsi14__w240__q75,0.4428954292055717,0.5571045707944283,low,0.13641488162344984,887,0.12643678160919541,435,0.12,225,0.25287356321839083,87
quote_volume_rel24__w240__q75,0.557080174719269,0.557080174719269,high,0.2243958573072497,869,0.16344086021505377,465,0.19642857142857142,224,0.3645833333333333,96
close_vs_sma240__w240__delta,0.44298203527238766,0.5570179647276123,low,0.16570771001150747,869,0.17701149425287357,435,0.22935779816513763,218,0.3333333333333333,87
atr6_pct__w72__up_share,0.5569995321374919,0.5569995321374919,high,0.13010204081632654,1176,0.10430839002267574,441,0.12653061224489795,245,0.14166666666666666,120
volume_rel240__w240__delta,0.5569636156935072,0.5569636156935072,high,0.13924050632911392,869,0.15172413793103448,435,0.1743119266055046,218,0.14942528735632185,87
rebound_low72__w24__up_share,0.443080636076157,0.556919363923843,low,0.1542904290429043,1212,0.16205533596837945,506,0.16205533596837945,506,0.11413043478260869,184
adx14__w72__diff_std,0.5568843284492391,0.5568843284492391,high,0.15535097813578827,869,0.14022988505747128,435,0.12385321100917432,218,0.1724137931034483,87
atr72_pct__w72__q10,0.5567668206872212,0.5567668206872212,high,0.20316027088036118,886,0.3195402298850575,435,0.3669724770642202,218,0.1839080459770115,87
cci20__w72__late_vs_prev,0.4432569654860592,0.5567430345139408,low,0.17261219792865362,869,0.16091954022988506,435,0.13302752293577982,218,0.11494252873563218,87
atr72_pct__w72__diff_mean,0.5567090833093439,0.5567090833093439,high,0.16340621403912542,869,0.19080459770114944,435,0.1834862385321101,218,0.2413793103448276,87
trades_rel240__w240__diff_mean,0.5566575804840073,0.5566575804840073,high,0.1380897583429229,869,0.135632183908046,435,0.14220183486238533,218,0.08045977011494253,87
close_vs_ema72__now,0.4435249834784358,0.5564750165215642,low,0.19447640966628307,869,0.2413793103448276,435,0.27522935779816515,218,0.28735632183908044,87
range_pct__d24,0.5563831246384636,0.5563831246384636,high,0.16800920598388952,869,0.17471264367816092,435,0.19724770642201836,218,0.19540229885057472,87
range_pct__w24__diff_mean,0.5563831246384636,0.5563831246384636,high,0.16800920598388952,869,0.17471264367816092,435,0.19724770642201836,218,0.19540229885057472,87
atr72_pct__w72__min,0.5563291822056112,0.5563291822056112,high,0.2201117318435754,895,0.3288590604026846,447,0.319634703196347,219,0.13793103448275862,87
quote_volume_rel240__w72__diff_mean,0.5562562650476347,0.5562562650476347,high,0.13463751438434982,869,0.15402298850574714,435,0.16972477064220184,218,0.14942528735632185,87
ema_gap_6_24__w240__q90,0.5562503015625957,0.5562503015625957,high,0.11237113402061856,970,0.09386973180076628,522,0.10084033613445378,238,0.10084033613445378,238
quote_volume_rel240__now,0.556240543132532,0.556240543132532,high,0.13463751438434982,869,0.135632183908046,435,0.15137614678899083,218,0.16091954022988506,87
rsi6__w72__late_vs_prev,0.44380635154527454,0.5561936484547254,low,0.14959723820483314,869,0.14482758620689656,435,0.09174311926605505,218,0.08045977011494253,87
close_vs_ema240__w24__max,0.4438126538646907,0.5561873461353093,low,0.207909604519774,885,0.19646799116997793,453,0.22321428571428573,224,0.3218390804597701,87
bb_z__w72__late_vs_prev,0.4438159744415874,0.5561840255584126,low,0.16455696202531644,869,0.15862068965517243,435,0.12385321100917432,218,0.09195402298850575,87
dist_high24__d24,0.4438577188368602,0.5561422811631398,low,0.2002301495972382,869,0.2689655172413793,435,0.26605504587155965,218,0.20689655172413793,87
dist_high24__w24__diff_mean,0.4438577188368602,0.5561422811631398,low,0.2002301495972382,869,0.2689655172413793,435,0.26605504587155965,218,0.20689655172413793,87
macd_hist_pct__w24__up_share,0.4440896848515011,0.555910315148499,low,0.1568627450980392,1377,0.17215189873417722,790,0.19664268585131894,417,0.17258883248730963,197
close_vs_ema12__w72__up_share,0.44409124348963624,0.5559087565103638,low,0.17555938037865748,1162,0.18325434439178515,633,0.17491749174917492,303,0.16666666666666666,144
close_location__w240__max,0.44421769647921266,0.5557823035207874,low,0.18955732122587968,881,0.12450592885375494,506,0.11637931034482758,232,0.05521472392638037,163
volume_rel240__w72__diff_mean,0.5557709186857129,0.5557709186857129,high,0.13578826237054084,869,0.15402298850574714,435,0.17889908256880735,218,0.12643678160919541,87
rsi14__w240__std,0.5557487589174431,0.5557487589174431,high,0.22324510932105868,869,0.2574712643678161,435,0.25229357798165136,218,0.21839080459770116,87
close_vs_vwap240__w24__q90,0.44426323581951027,0.5557367641804898,low,0.16800920598388952,869,0.19954128440366972,436,0.273972602739726,219,0.3333333333333333,87
macd_signal_pct__w72__accel,0.4443257168786686,0.5556742831213314,low,0.2140391254315305,869,0.19540229885057472,435,0.21559633027522937,218,0.26436781609195403,87
macd_signal_pct__w240__accel,0.4443257168786686,0.5556742831213314,low,0.2140391254315305,869,0.19540229885057472,435,0.21559633027522937,218,0.26436781609195403,87
dist_high24__w72__late_vs_prev,0.4444479683219675,0.5555520316780325,low,0.16570771001150747,869,0.20919540229885059,435,0.20642201834862386,218,0.3103448275862069,87
ema24_slope_6h__w72__q25,0.4444903903859947,0.5555096096140053,low,0.1956271576524741,869,0.28045977011494255,435,0.3111111111111111,225,0.4117647058823529,119
volume_rel240__w72__q75,0.5554291703328547,0.5554291703328547,high,0.17002237136465326,894,0.15172413793103448,435,0.12669683257918551,221,0.18888888888888888,90
bb_z__w72__up_share,0.4445916340979063,0.5554083659020936,low,0.1946826758147513,1166,0.23728813559322035,590,0.19747899159663865,238,0.13385826771653545,127
close_vs_ema48__w24__diff_mean,0.4446091179517706,0.5553908820482294,low,0.18872266973532797,869,0.23448275862068965,435,0.25688073394495414,218,0.2988505747126437,87
close_vs_ema48__d24,0.44460911795177055,0.5553908820482294,low,0.18872266973532797,869,0.23448275862068965,435,0.25688073394495414,218,0.2988505747126437,87
ema168_slope_24h__w24__std,0.5553839698269343,0.5553839698269343,high,0.17031070195627157,869,0.2160919540229885,435,0.27522935779816515,218,0.27586206896551724,87
quote_volume_rel72__w72__diff_std,0.5553518483279742,0.5553518483279742,high,0.22094361334867663,869,0.1425287356321839,435,0.14678899082568808,218,0.28735632183908044,87
trades_rel72__w240__z,0.5553223019702813,0.5553223019702813,high,0.1277330264672037,869,0.135632183908046,435,0.13761467889908258,218,0.11494252873563218,87
trades_rel72__w24__q75,0.5551827022068689,0.5551827022068689,high,0.18850574712643678,870,0.27816091954022987,435,0.35344827586206895,232,0.3068181818181818,88
bb_z__w24__up_share,0.44485646704713694,0.5551435329528631,low,0.15586307356154405,1373,0.1927710843373494,664,0.22807017543859648,285,0.3181818181818182,110
trades_rel24__w240__max,0.5551230673564793,0.5551230673564793,high,0.13125,960,0.16458333333333333,480,0.12083333333333333,240,0.12083333333333333,240
ema_gap_6_24__w72__q25,0.44492375955445174,0.5550762404455483,low,0.19447640966628307,869,0.28442437923250563,443,0.32916666666666666,240,0.4117647058823529,119
close_vs_ema240__w72__q75,0.4450348294633026,0.5549651705366974,low,0.21149425287356322,870,0.20919540229885059,435,0.2374429223744292,219,0.2988505747126437,87
quote_volume_rel240__w72__q90,0.5549518882291106,0.5549518882291106,high,0.1781609195402299,870,0.10933940774487472,439,0.15384615384615385,234,0.18045112781954886,133
bb_width__w240__z,0.5549304738964707,0.5549304738964707,high,0.14959723820483314,869,0.14482758620689656,435,0.07339449541284404,218,0.09195402298850575,87
quote_volume_rel240__w240__late_vs_prev,0.5548833081511624,0.5548833081511624,high,0.18296892980437285,869,0.10574712643678161,435,0.09174311926605505,218,0.08045977011494253,87
trades_rel240__w24__pos,0.5548686027391914,0.5548686027391914,high,0.13463751438434982,869,0.12895927601809956,442,0.12895927601809956,442,0.12895927601809956,442
close_location__w24__q90,0.4451921163812055,0.5548078836187945,low,0.12988505747126436,870,0.12727272727272726,440,0.14285714285714285,224,0.15555555555555556,90
close_vs_ema72__w72__mean,0.44528881971246237,0.5547111802875376,low,0.18296892980437285,869,0.20919540229885059,435,0.26146788990825687,218,0.21839080459770116,87
range_pct__w24__delta,0.5546943741024277,0.5546943741024277,high,0.16340621403912542,869,0.19310344827586207,435,0.1926605504587156,218,0.19540229885057472,87
ema168_slope_24h__w72__std,0.5546069548331064,0.5546069548331064,high,0.21979286536248563,869,0.22758620689655173,435,0.25229357798165136,218,0.27586206896551724,87
close_vs_ema168__w24__up_share,0.44542001638331985,0.5545799836166801,low,0.12167952013710369,1167,0.11328125,512,0.11328125,512,0.09090909090909091,165
ema24_slope_6h__w240__q90,0.5545635162659477,0.5545635162659477,high,0.12777191129883844,947,0.10305343511450382,524,0.09876543209876543,243,0.0,87
close_vs_ema72__w24__min,0.4455190237883418,0.5544809762116583,low,0.224,875,0.2097130242825607,453,0.2889908256880734,218,0.2647058823529412,102
taker_share__w24__max,0.44553616880782887,0.5544638311921711,low,0.15657142857142858,875,0.22654462242562928,437,0.16055045871559634,218,0.11320754716981132,106
close_vs_sma240__w240__mean,0.44559526152321505,0.554404738476785,low,0.1806674338319908,869,0.26436781609195403,435,0.27522935779816515,218,0.2988505747126437,87
quote_volume_rel240__w72__delta,0.5543708550390636,0.5543708550390636,high,0.14039125431530494,869,0.1471264367816092,435,0.14220183486238533,218,0.1724137931034483,87
close_vs_ema48__w24__delta,0.44572767799783036,0.5542723220021697,low,0.1956271576524741,869,0.2367816091954023,435,0.2706422018348624,218,0.3103448275862069,87
ema_gap_72_168__w240__up_share,0.4457946994376433,0.5542053005623566,low,0.12557077625570776,876,0.10561797752808989,445,0.13135593220338984,236,0.15178571428571427,112
trades_rel240__w24__delta,0.5541713493577598,0.5541713493577598,high,0.1472957422324511,869,0.13333333333333333,435,0.15137614678899083,218,0.14942528735632185,87
atr24_pct__w72__pos,0.5540951116228865,0.5540951116228865,high,0.15535097813578827,869,0.16361071932299012,709,0.16361071932299012,709,0.16361071932299012,709
dist_high72__w72__q75,0.4459612704174819,0.5540387295825181,low,0.14844649021864212,869,0.15402298850574714,435,0.14220183486238533,218,0.11494252873563218,87
dist_high24__w24__delta,0.44599982976960884,0.5540001702303912,low,0.2094361334867664,869,0.2735632183908046,435,0.2798165137614679,218,0.21839080459770116,87
macd_signal_pct__w24__late_vs_prev,0.44603032486355815,0.5539696751364418,low,0.189873417721519,869,0.25517241379310346,435,0.3073394495412844,218,0.25287356321839083,87
close_vs_ema12__w24__diff_mean,0.4460326289373232,0.5539673710626768,low,0.18757192174913695,869,0.20919540229885059,435,0.2798165137614679,218,0.28735632183908044,87
close_vs_ema12__d24,0.4460326289373232,0.5539673710626768,low,0.18757192174913695,869,0.20919540229885059,435,0.2798165137614679,218,0.28735632183908044,87
ema_gap_72_168__w240__accel,0.44609971814401167,0.5539002818559884,low,0.2002301495972382,869,0.22988505747126436,435,0.29357798165137616,218,0.25287356321839083,87
ema_gap_72_168__w72__accel,0.44609971814401167,0.5539002818559884,low,0.2002301495972382,869,0.22988505747126436,435,0.29357798165137616,218,0.25287356321839083,87
close_vs_vwap24__w72__q10,0.44619601487401594,0.553803985125984,low,0.2313860252004582,873,0.27292110874200426,469,0.34763948497854075,233,0.37168141592920356,113
bb_width__w240__delta,0.5537858913702408,0.5537858913702408,high,0.14384349827387802,869,0.14942528735632185,435,0.1651376146788991,218,0.14942528735632185,87
log_ret__w24__mean,0.44624717886497534,0.5537528211350247,low,0.2094361334867664,869,0.24367816091954023,435,0.3165137614678899,218,0.25287356321839083,87
rsi24__w240__late_vs_prev,0.553739403293687,0.553739403293687,high,0.15304948216340622,869,0.15862068965517243,435,0.11009174311926606,218,0.21839080459770116,87
ema6_slope_3h__w240__q90,0.5536604548837961,0.5536604548837961,high,0.1552511415525114,876,0.16129032258064516,465,0.1651376146788991,218,0.07547169811320754,106
volume_rel24__w72__diff_std,0.553643309864309,0.553643309864309,high,0.20713463751438435,869,0.16551724137931034,435,0.1926605504587156,218,0.20689655172413793,87
atr24_pct__d1,0.5536405991892913,0.5536405991892913,high,0.16455696202531644,869,0.17701149425287357,435,0.18807339449541285,218,0.1839080459770115,87
atr24_pct__w240__late_vs_prev,0.5536121371016053,0.5536121371016053,high,0.16455696202531644,869,0.1839080459770115,435,0.16972477064220184,218,0.09195402298850575,87
trades_rel240__w72__z,0.5536042761440539,0.5536042761440539,high,0.11622554660529344,869,0.10804597701149425,435,0.10550458715596331,218,0.09195402298850575,87
volume_rel240__w72__delta,0.5535825907439123,0.5535825907439123,high,0.13924050632911392,869,0.14482758620689656,435,0.15137614678899083,218,0.14942528735632185,87
rebound_low72__w72__mean,0.5535758818232434,0.5535758818232434,high,0.15535097813578827,869,0.13333333333333333,435,0.1926605504587156,218,0.13793103448275862,87
close_vs_ema168__w24__q75,0.44645007289005123,0.5535499271099488,low,0.1852704257767549,869,0.20689655172413793,435,0.24545454545454545,220,0.3793103448275862,87
atr14_pct__w24__late_vs_prev,0.5535406430480131,0.5535406430480131,high,0.18872266973532797,869,0.2413793103448276,435,0.28440366972477066,218,0.367816091954023,87
close_vs_sma24__w72__q25,0.44650225338414223,0.5534977466158577,low,0.2234762979683973,886,0.2857142857142857,448,0.28112449799196787,249,0.2777777777777778,90
trades_rel24__w72__up_share,0.4465218380111452,0.5534781619888548,low,0.15809379727685324,1322,0.1690427698574338,491,0.13071895424836602,306,0.125,160
ema168_slope_24h__w72__q90,0.4465565346513719,0.5534434653486281,low,0.19447640966628307,869,0.19310344827586207,435,0.22018348623853212,218,0.20353982300884957,113
quote_volume_rel240__w72__z,0.5534419067104929,0.5534419067104929,high,0.11277330264672036,869,0.10574712643678161,435,0.13302752293577982,218,0.09195402298850575,87
volume_rel240__w72__z,0.5534021953214833,0.5534021953214833,high,0.11277330264672036,869,0.10344827586206896,435,0.13302752293577982,218,0.10344827586206896,87
atr72_pct__w240__z,0.5533878287438895,0.5533878287438895,high,0.13003452243958574,869,0.17471264367816092,435,0.22935779816513763,218,0.14942528735632185,87
stoch_d__w240__diff_std,0.4466456480925793,0.5533543519074207,low,0.12197928653624857,869,0.15862068965517243,435,0.15137614678899083,218,0.20689655172413793,87
quote_volume_rel240__w240__delta,0.5532327781328762,0.5532327781328762,high,0.13578826237054084,869,0.14022988505747128,435,0.1559633027522936,218,0.16091954022988506,87
macd_hist_pct__w72__up_share,0.4467693226402625,0.5532306773597375,low,0.16666666666666666,978,0.16923076923076924,455,0.16606498194945848,277,0.13580246913580246,162
close_vs_ema6__w240__q90,0.5532281699853461,0.5532281699853461,high,0.1565017261219793,869,0.21315192743764172,441,0.22807017543859648,228,0.07526881720430108,93
avg_trade_quote_rel24__w24__mean,0.44681066043428264,0.5531893395657174,low,0.11967779056386652,869,0.09655172413793103,435,0.13761467889908258,218,0.13793103448275862,87
close_location__w72__mean,0.44691109094368897,0.553088909056311,low,0.1622554660529344,869,0.15172413793103448,435,0.11009174311926606,218,0.16091954022988506,87
mfi14__w240__q25,0.4469636102721572,0.5530363897278427,low,0.12082853855005754,869,0.13378684807256236,441,0.06060606060606061,231,0.06796116504854369,103
trades_rel240__w240__mean,0.5530162629658362,0.5530162629658362,high,0.22669735327963175,869,0.24367816091954023,435,0.2981651376146789,218,0.3333333333333333,87
volume_rel72__w24__q75,0.553014975395203,0.553014975395203,high,0.1915137614678899,872,0.271264367816092,435,0.3211009174311927,218,0.3103448275862069,87
close_vs_sma240__w72__max,0.44699173352546595,0.553008266474534,low,0.21153846153846154,884,0.1793103448275862,435,0.2683982683982684,231,0.45977011494252873,87
mfi14__w72__diff_std,0.5529690294536527,0.5529690294536527,high,0.12888377445339472,869,0.12413793103448276,435,0.11009174311926606,218,0.04597701149425287,87
trades_rel72__w24__q25,0.5529613717967276,0.5529613717967276,high,0.15402298850574714,870,0.1724137931034483,435,0.24311926605504589,218,0.2988505747126437,87
close_vs_ema24__w240__q90,0.5528900132768861,0.5528900132768861,high,0.13631284916201117,895,0.1043956043956044,546,0.09561752988047809,251,0.07547169811320754,106
volume_rel240__w240__diff_mean,0.5527563769985129,0.5527563769985129,high,0.1334867663981588,869,0.14942528735632185,435,0.14678899082568808,218,0.13793103448275862,87
ema_gap_72_168__w240__mean,0.4472750668316926,0.5527249331683074,low,0.1668584579976985,869,0.2045977011494253,435,0.22935779816513763,218,0.3103448275862069,87
body_pct__w24__mean,0.4473412073021248,0.5526587926978752,low,0.2094361334867664,869,0.24367816091954023,435,0.3165137614678899,218,0.26436781609195403,87
quote_volume_rel240__w72__pos,0.55260979724693,0.55260979724693,high,0.11622554660529344,869,0.11494252873563218,435,0.11926605504587157,218,0.10666666666666667,150
volume_rel240__w240__late_vs_prev,0.552548264924028,0.552548264924028,high,0.18642117376294592,869,0.11724137931034483,435,0.0871559633027523,218,0.08045977011494253,87
close_location__w72__q90,0.44750554197507375,0.5524944580249262,low,0.17549668874172186,906,0.18,450,0.12669683257918551,221,0.03296703296703297,91
trades_rel24__w240__std,0.5524941869574245,0.5524941869574245,high,0.142692750287687,869,0.14482758620689656,435,0.13302752293577982,218,0.20689655172413793,87
close_vs_sma168__w24__q75,0.44759540085191096,0.552404599148089,low,0.1852704257767549,869,0.21739130434782608,437,0.23394495412844038,218,0.39080459770114945,87
close_vs_sma72__w240__max,0.5523964671230359,0.5523964671230359,high,0.10473313192346426,993,0.11967545638945233,493,0.20416666666666666,240,0.20416666666666666,240
close_vs_ema240__w72__q90,0.44763639981155384,0.5523636001884462,low,0.2289988492520138,869,0.19080459770114944,435,0.2,230,0.21839080459770116,87
trades_rel24__w240__min,0.5523063371786969,0.5523063371786969,high,0.1477162293488824,1029,0.19098712446351931,466,0.23344947735191637,287,0.216,125
atr14_pct__d12,0.5522578838627552,0.5522578838627552,high,0.18757192174913695,869,0.2482758620689655,435,0.3394495412844037,218,0.2988505747126437,87
trades_rel240__w72__up_share,0.4478721607712196,0.5521278392287804,low,0.12721893491124261,1014,0.13358778625954199,524,0.14074074074074075,270,0.13380281690140844,142
taker_share__w72__diff_std,0.4478920164657243,0.5521079835342757,low,0.12658227848101267,869,0.11954022988505747,435,0.11926605504587157,218,0.08045977011494253,87
ema168_slope_24h__w24__q75,0.4479670343968396,0.5520329656031604,low,0.17951668584579977,869,0.16444444444444445,450,0.22018348623853212,218,0.2717391304347826,92
trades_rel240__w72__q75,0.5520248335781073,0.5520248335781073,high,0.1859931113662457,871,0.1793103448275862,435,0.16818181818181818,220,0.12222222222222222,90
taker_share__w240__diff_std,0.447987296692597,0.5520127033074029,low,0.11737629459148446,869,0.11264367816091954,435,0.08256880733944955,218,0.05747126436781609,87
ema6_slope_3h__w24__max,0.5520007763373251,0.5520007763373251,high,0.12214611872146118,876,0.1425287356321839,435,0.1592920353982301,226,0.3069306930693069,101
close_vs_ema12__w24__up_share,0.44800139220268903,0.5519986077973109,low,0.13494809688581316,2023,0.16908212560386474,828,0.22950819672131148,305,0.34444444444444444,90
quote_volume_rel72__w24__q75,0.5518102836504553,0.5518102836504553,high,0.189873417721519,869,0.28045977011494255,435,0.2927927927927928,222,0.26436781609195403,87
quote_volume_rel72__w240__q10,0.44819662857083997,0.55180337142916,low,0.12598425196850394,889,0.16521739130434782,460,0.06772908366533864,251,0.009433962264150943,106
volume_rel240__w72__pos,0.5517310641730625,0.5517310641730625,high,0.11277330264672036,869,0.11264367816091954,435,0.12385321100917432,218,0.11764705882352941,153
atr72_pct__w240__pos,0.5517110729448069,0.5517110729448069,high,0.16915995397008055,869,0.1640926640926641,518,0.1640926640926641,518,0.1640926640926641,518
rebound_low72__w240__q25,0.5516877611396545,0.5516877611396545,high,0.0759493670886076,869,0.10574712643678161,435,0.16289592760180996,221,0.20689655172413793,87
quote_volume_rel72__w72__delta,0.5516851182315123,0.5516851182315123,high,0.1380897583429229,869,0.1471264367816092,435,0.1743119266055046,218,0.21839080459770116,87
bb_width__w240__diff_mean,0.5515602916469465,0.5515602916469465,high,0.14154200230149597,869,0.15862068965517243,435,0.16972477064220184,218,0.1724137931034483,87
close_vs_vwap72__w240__late_vs_prev,0.5515508042843845,0.5515508042843845,high,0.1852704257767549,869,0.1793103448275862,435,0.1651376146788991,218,0.1724137931034483,87
quote_volume_rel24__w240__max,0.5515332526636448,0.5515332526636448,high,0.15608740894901144,961,0.11458333333333333,480,0.12083333333333333,240,0.12083333333333333,240
atr14_pct__d6,0.5515304742217517,0.5515304742217517,high,0.1622554660529344,869,0.19540229885057472,435,0.24770642201834864,218,0.3218390804597701,87
range_pct__w72__min,0.5515194959879299,0.5515194959879299,high,0.18828932261768083,871,0.20518358531317496,463,0.25,264,0.1958762886597938,97
close_vs_sma24__w240__q90,0.5515154299754033,0.5515154299754033,high,0.11392405063291139,869,0.11284046692607004,514,0.1595744680851064,282,0.09401709401709402,117
macd_fast_hist_pct__w24__up_share,0.4486873962827971,0.5513126037172029,low,0.1513975155279503,1288,0.15915915915915915,666,0.15789473684210525,285,0.18181818181818182,99
quote_volume_rel24__w72__diff_std,0.5512967462683492,0.5512967462683492,high,0.20253164556962025,869,0.14942528735632185,435,0.1926605504587156,218,0.20689655172413793,87
mfi14__w240__up_share,0.44870535450478943,0.5512946454952106,low,0.1091703056768559,916,0.09821428571428571,448,0.0931899641577061,279,0.13836477987421383,159
trades_rel240__w240__q25,0.5512079716615191,0.5512079716615191,high,0.15252293577981652,872,0.13333333333333333,435,0.14035087719298245,228,0.23333333333333334,90
obv_delta__w72__mean,0.4488045652104379,0.5511954347895621,low,0.18411967779056387,869,0.2597701149425287,435,0.2798165137614679,218,0.3793103448275862,87
volume_rel72__w72__delta,0.5511391882829446,0.5511391882829446,high,0.14154200230149597,869,0.15402298850574714,435,0.1743119266055046,218,0.20689655172413793,87
abs_body_pct__w72__q10,0.5510660678243418,0.5510660678243418,high,0.17327293318233294,883,0.22573363431151242,443,0.31363636363636366,220,0.3595505617977528,89
trades_rel72__w72__delta,0.5510570548299079,0.5510570548299079,high,0.15304948216340622,869,0.18160919540229886,435,0.1834862385321101,218,0.1724137931034483,87
adx14__w240__max,0.5510485839704775,0.5510485839704775,high,0.13765182186234817,988,0.1540041067761807,487,0.275,240,0.275,240
dist_high72__w24__q25,0.4489794037490804,0.5510205962509196,low,0.22058823529411764,884,0.27045454545454545,440,0.3440366972477064,218,0.37894736842105264,95
atr14_pct__w24__pos,0.5510004017220377,0.5510004017220377,high,0.13284864507600794,1513,0.13284864507600794,1513,0.13284864507600794,1513,0.13284864507600794,1513
volume_rel72__w24__q25,0.5509903044575967,0.5509903044575967,high,0.18463302752293578,872,0.20871559633027523,436,0.273972602739726,219,0.28735632183908044,87
trades_rel72__w72__diff_mean,0.5509303307728297,0.5509303307728297,high,0.15535097813578827,869,0.167816091954023,435,0.19724770642201836,218,0.1724137931034483,87
avg_trade_quote_rel24__w24__q75,0.4490710923315546,0.5509289076684454,low,0.11609195402298851,870,0.1103448275862069,435,0.1318181818181818,220,0.17045454545454544,88
close_location__w72__q75,0.4491895488298287,0.5508104511701712,low,0.1079219288174512,871,0.09172259507829977,447,0.13004484304932734,223,0.14942528735632185,87
cci20__w240__diff_std,0.5508083503970325,0.5508083503970325,high,0.2243958573072497,869,0.18160919540229886,435,0.10091743119266056,218,0.06896551724137931,87
bb_width__w72__accel,0.5507556955348135,0.5507556955348135,high,0.20828538550057538,869,0.26666666666666666,435,0.3302752293577982,218,0.28735632183908044,87
bb_width__w240__accel,0.5507556955348135,0.5507556955348135,high,0.20828538550057538,869,0.26666666666666666,435,0.3302752293577982,218,0.28735632183908044,87
volume_rel240__w240__z,0.5507492576816464,0.5507492576816464,high,0.11852704257767549,869,0.12413793103448276,435,0.12844036697247707,218,0.14942528735632185,87
volume_rel72__w240__diff_mean,0.5506921979725236,0.5506921979725236,high,0.13693901035673187,869,0.1425287356321839,435,0.1834862385321101,218,0.19540229885057472,87
atr24_pct__w72__up_share,0.5506814908062035,0.5506814908062035,high,0.11752988047808766,1004,0.12133072407045009,511,0.09871244635193133,233,0.07142857142857142,98
macd_signal_pct__w24__delta,0.44951652400384046,0.5504834759961595,low,0.17836593785960875,869,0.21379310344827587,435,0.22018348623853212,218,0.27586206896551724,87
lower_wick__w240__q75,0.4495274344707868,0.5504725655292132,low,0.10459770114942529,870,0.06136363636363636,440,0.0653061224489796,245,0.08333333333333333,96
macd_signal_pct__w24__pos,0.44958354544365353,0.5504164545563465,low,0.12724879333040806,2279,0.12724879333040806,2279,0.12724879333040806,2279,0.12724879333040806,2279
trades_rel240__d24,0.5504068994269091,0.5504068994269091,high,0.1472957422324511,869,0.13793103448275862,435,0.1651376146788991,218,0.14942528735632185,87
trades_rel240__w24__diff_mean,0.5504068994269091,0.5504068994269091,high,0.1472957422324511,869,0.13793103448275862,435,0.1651376146788991,218,0.14942528735632185,87
rebound_low240__w240__mean,0.5503577684422131,0.5503577684422131,high,0.15995397008055237,869,0.20229885057471264,435,0.21559633027522937,218,0.09195402298850575,87
rebound_low24__w24__q10,0.5502503579446361,0.5502503579446361,high,0.16570771001150747,869,0.12873563218390804,435,0.14678899082568808,218,0.19540229885057472,87
quote_volume_rel72__w72__diff_mean,0.5502336195264017,0.5502336195264017,high,0.13693901035673187,869,0.15632183908045977,435,0.15137614678899083,218,0.20689655172413793,87
close_vs_ema168__w72__q75,0.44978447422934154,0.5502155257706585,low,0.19217491369390102,869,0.18850574712643678,435,0.2146118721461187,219,0.28735632183908044,87
close_location__w240__std,0.44982547318898447,0.5501745268110155,low,0.18411967779056387,869,0.19540229885057472,435,0.14678899082568808,218,0.13793103448275862,87
close_vs_ema48__now,0.44984559995099094,0.5501544000490091,low,0.18757192174913695,869,0.23448275862068965,435,0.26605504587155965,218,0.26436781609195403,87
quote_volume_rel72__w240__diff_mean,0.5501470812264612,0.5501470812264612,high,0.13463751438434982,869,0.13793103448275862,435,0.16972477064220184,218,0.1839080459770115,87
quote_volume_rel72__w24__q25,0.550138339299529,0.550138339299529,high,0.182548794489093,871,0.21100917431192662,436,0.26605504587155965,218,0.26436781609195403,87
range_pct__w240__up_share,0.5501170605006399,0.5501170605006399,high,0.13059701492537312,1072,0.14502164502164502,462,0.1342281879194631,298,0.23076923076923078,91
ema168_slope_24h__w240__diff_mean,0.4498857179412532,0.5501142820587468,low,0.1611047180667434,869,0.13333333333333333,435,0.16972477064220184,218,0.2413793103448276,87
close_vs_vwap24__w24__q10,0.44989086822378677,0.5501091317762132,low,0.21191294387170675,873,0.24660633484162897,442,0.3394495412844037,218,0.26732673267326734,101
cci20__w24__min,0.44996541178677396,0.550034588213226,low,0.11350737797956867,881,0.08904109589041095,438,0.1141552511415525,219,0.19791666666666666,96
atr14_pct__w72__q25,0.5499973841986079,0.5499973841986079,high,0.2048331415420023,869,0.27816091954022987,435,0.2645739910313901,223,0.1592920353982301,113
close_vs_sma168__w72__q75,0.45003799011037326,0.5499620098896267,low,0.1806674338319908,869,0.18807339449541285,436,0.24311926605504589,218,0.22727272727272727,88
close_vs_vwap240__w24__max,0.45006414812429424,0.5499358518757058,low,0.17391304347826086,874,0.18820861678004536,441,0.2420091324200913,219,0.4230769230769231,104
close_vs_ema6__w24__up_share,0.45007180578121936,0.5499281942187806,low,0.14093264248704662,1930,0.14652956298200515,778,0.1415525114155251,219,0.1415525114155251,219
quote_volume_rel240__w240__diff_mean,0.54983169418815,0.54983169418815,high,0.13003452243958574,869,0.1425287356321839,435,0.14220183486238533,218,0.16091954022988506,87
lower_wick__w24__q10,0.5498308809856448,0.5498308809856448,high,0.13895216400911162,878,0.15789473684210525,437,0.12272727272727273,220,0.09090909090909091,88
trades_rel72__w240__delta,0.5498026899654607,0.5498026899654607,high,0.1472957422324511,869,0.1632183908045977,435,0.1743119266055046,218,0.14942528735632185,87
atr72_pct__w240__accel,0.5497925249341442,0.5497925249341442,high,0.18411967779056387,869,0.2413793103448276,435,0.26146788990825687,218,0.22988505747126436,87
atr72_pct__w72__accel,0.5497925249341442,0.5497925249341442,high,0.18411967779056387,869,0.2413793103448276,435,0.26146788990825687,218,0.22988505747126436,87
mfi14__w240__q75,0.4502174367965459,0.5497825632034541,low,0.08,875,0.09070796460176991,452,0.07142857142857142,238,0.16091954022988506,87
trades_rel24__now,0.549758370428921,0.549758370428921,high,0.11277330264672036,869,0.11724137931034483,435,0.13302752293577982,218,0.12643678160919541,87
rsi6__w240__std,0.549747053360722,0.549747053360722,high,0.19677790563866512,869,0.2206896551724138,435,0.22477064220183487,218,0.20689655172413793,87
trades_rel240__w24__q75,0.5497366850287793,0.5497366850287793,high,0.14971428571428572,875,0.17391304347826086,437,0.22935779816513763,218,0.17045454545454544,88
close_vs_vwap24__w72__pos,0.450276665045683,0.549723334954317,low,0.10356731875719218,869,0.11494252873563218,435,0.10801393728222997,287,0.10801393728222997,287
ema72_slope_12h__w240__accel,0.4502841871688572,0.5497158128311428,low,0.21288837744533948,869,0.20919540229885059,435,0.18807339449541285,218,0.22988505747126436,87
ema72_slope_12h__w72__accel,0.4502841871688572,0.5497158128311428,low,0.21288837744533948,869,0.20919540229885059,435,0.18807339449541285,218,0.22988505747126436,87
avg_trade_quote_rel72__w24__up_share,0.4503020776239741,0.5496979223760259,low,0.1400560224089636,1785,0.2010221465076661,587,0.2010221465076661,587,0.28703703703703703,108
volume_rel72__w72__diff_mean,0.5496901969522254,0.5496901969522254,high,0.1380897583429229,869,0.15862068965517243,435,0.1651376146788991,218,0.1839080459770115,87
close_vs_ema48__w72__late_vs_prev,0.4503360965954464,0.5496639034045536,low,0.1806674338319908,869,0.2045977011494253,435,0.22018348623853212,218,0.28735632183908044,87
volume_rel72__w240__delta,0.549618364064256,0.549618364064256,high,0.13924050632911392,869,0.14482758620689656,435,0.1834862385321101,218,0.19540229885057472,87
lower_wick__w24__up_share,0.4504202630547464,0.5495797369452535,low,0.13138686131386862,1370,0.13138686131386862,1370,0.13812154696132597,362,0.13812154696132597,362
trades_rel24__w240__late_vs_prev,0.5495186112236041,0.5495186112236041,high,0.23705408515535098,869,0.25287356321839083,435,0.24770642201834864,218,0.25287356321839083,87
close_vs_vwap72__w72__q25,0.4505326205342306,0.5494673794657694,low,0.20828538550057538,869,0.24034334763948498,466,0.18018018018018017,222,0.3563218390804598,87
close_vs_vwap240__w240__mean,0.4505422434305435,0.5494577565694565,low,0.2002301495972382,869,0.27586206896551724,435,0.21559633027522937,218,0.28735632183908044,87
close_location__w24__q75,0.45063237337488254,0.5493676266251175,low,0.12627986348122866,879,0.10407239819004525,442,0.08256880733944955,218,0.04597701149425287,87
lower_wick__w240__diff_std,0.4506842150345963,0.5493157849654037,low,0.1806674338319908,869,0.1839080459770115,435,0.11926605504587157,218,0.022988505747126436,87
ema168_slope_24h__w240__delta,0.45069675190655323,0.5493032480934468,low,0.15995397008055237,869,0.13333333333333333,435,0.17889908256880735,218,0.2413793103448276,87
macd_pct__now,0.4507653319845014,0.5492346680154986,low,0.2002301495972382,869,0.2413793103448276,435,0.2706422018348624,218,0.28735632183908044,87
quote_volume_rel240__w240__z,0.5491488073843125,0.5491488073843125,high,0.11852704257767549,869,0.11954022988505747,435,0.12844036697247707,218,0.14942528735632185,87
close_vs_ema12__w24__delta,0.45085505532758774,0.5491449446724123,low,0.189873417721519,869,0.22298850574712645,435,0.24770642201834864,218,0.26436781609195403,87
bb_z__w24__min,0.45088799002905305,0.549112009970947,low,0.1515499425947187,871,0.12691466083150985,457,0.07916666666666666,240,0.19791666666666666,96
quote_volume_rel72__w240__delta,0.5491082150259221,0.5491082150259221,high,0.13693901035673187,869,0.1425287356321839,435,0.1743119266055046,218,0.1839080459770115,87
trades_rel240__w72__q90,0.5490884270982929,0.5490884270982929,high,0.1850574712643678,870,0.16592920353982302,452,0.18099547511312217,221,0.11458333333333333,96
volume_rel72__w24__mean,0.549070062275048,0.549070062275048,high,0.20138089758342922,869,0.27586206896551724,435,0.2798165137614679,218,0.1839080459770115,87
ema_gap_6_24__now,0.45104710665259284,0.5489528933474072,low,0.21058688147295743,869,0.24367816091954023,435,0.23853211009174313,218,0.25287356321839083,87
ema6_slope_3h__w72__up_share,0.4510509015976177,0.5489490984023824,low,0.16212232866617537,1357,0.1803921568627451,765,0.16331658291457288,398,0.1564245810055866,179
trades_rel72__w72__q25,0.5489350706591657,0.5489350706591657,high,0.15051311288483465,877,0.1559633027522936,436,0.13392857142857142,224,0.022727272727272728,88
quote_volume_rel240__w72__min,0.45108119339094055,0.5489188066090595,low,0.21444954128440366,872,0.2631578947368421,437,0.228310502283105,219,0.2653061224489796,147
ema168_slope_24h__w24__accel,0.4510938657966484,0.5489061342033517,low,0.1760644418872267,869,0.20229885057471264,435,0.22018348623853212,218,0.3218390804597701,87
rsi24__w72__q10,0.4512827998453831,0.5487172001546169,low,0.2050438596491228,912,0.27522935779816515,436,0.2798507462686567,268,0.152,125
volume_rel72__w72__q25,0.5486818258456357,0.5486818258456357,high,0.13463751438434982,869,0.061224489795918366,441,0.045871559633027525,218,0.034482758620689655,87
ema168_slope_24h__w24__q90,0.4513625614577793,0.5486374385422207,low,0.17031070195627157,869,0.16091954022988506,435,0.21100917431192662,218,0.2988505747126437,87
ema_gap_24_72__w24__min,0.4514117602093508,0.5485882397906492,low,0.20875420875420875,891,0.21379310344827587,435,0.26406926406926406,231,0.19540229885057472,87
close_vs_ema168__w24__q90,0.45149768860741235,0.5485023113925876,low,0.17031070195627157,869,0.22528735632183908,435,0.25229357798165136,218,0.41379310344827586,87
avg_trade_quote_rel240__w24__up_share,0.4515152402281521,0.5484847597718479,low,0.1419068736141907,1804,0.19931271477663232,582,0.19931271477663232,582,0.3103448275862069,116
close_vs_ema6__w24__mean,0.451603066098726,0.548396933901274,low,0.2094361334867664,869,0.23218390804597702,435,0.2889908256880734,218,0.27586206896551724,87
bb_width__w240__up_share,0.4516734758823112,0.5483265241176888,low,0.11446409989594172,961,0.100990099009901,505,0.1031390134529148,223,0.06060606060606061,132
close_vs_sma168__w24__q90,0.4517833937542795,0.5482166062457206,low,0.17951668584579977,869,0.21839080459770116,435,0.2602739726027397,219,0.42528735632183906,87
ema168_slope_24h__w72__max,0.45178712093242884,0.5482128790675711,low,0.19753086419753085,891,0.23448275862068965,435,0.20909090909090908,220,0.16666666666666666,102
trades_rel72__w24__mean,0.5480993695512044,0.5480993695512044,high,0.1806674338319908,869,0.2620689655172414,435,0.3348623853211009,218,0.1724137931034483,87
close_vs_ema12__w240__q90,0.5480949647043005,0.5480949647043005,high,0.15699658703071673,879,0.19495412844036697,436,0.23255813953488372,258,0.07547169811320754,106
rsi14__w72__q90,0.4519217059470583,0.5480782940529416,low,0.16912599318955732,881,0.1839080459770115,435,0.2100456621004566,219,0.36363636363636365,88
trades_rel72__w240__diff_mean,0.5480371595595478,0.5480371595595478,high,0.14844649021864212,869,0.15862068965517243,435,0.1651376146788991,218,0.14942528735632185,87
close_vs_sma24__w24__q25,0.45197395420802483,0.5480260457919752,low,0.21892816419612315,877,0.2689655172413793,435,0.2694063926940639,219,0.3218390804597701,87
trades_rel24__w24__delta,0.5480206922088153,0.5480206922088153,high,0.13003452243958574,869,0.12643678160919541,435,0.11467889908256881,218,0.11494252873563218,87
trades_rel24__w72__late_vs_prev,0.548005512428716,0.548005512428716,high,0.12658227848101267,869,0.15402298850574714,435,0.15137614678899083,218,0.19540229885057472,87
rebound_low240__w24__up_share,0.451998011448807,0.548001988551193,low,0.14685314685314685,1144,0.16666666666666666,552,0.18907563025210083,238,0.14444444444444443,90
rebound_low240__w24__delta,0.4520393492428272,0.5479606507571728,low,0.19217491369390102,869,0.2045977011494253,435,0.22935779816513763,218,0.367816091954023,87
close_vs_ema6__w72__q90,0.5478800759422713,0.5478800759422713,high,0.1653272101033295,871,0.18141592920353983,452,0.1891891891891892,222,0.16153846153846155,130
ema168_slope_24h__w24__max,0.4521241933708816,0.5478758066291184,low,0.17721518987341772,869,0.16551724137931034,435,0.1902654867256637,226,0.2988505747126437,87
macd_pct__w72__q25,0.45212649744464667,0.5478735025553534,low,0.19795221843003413,879,0.25667351129363447,487,0.30042918454935624,233,0.29,100
macd_hist_pct__w24__max,0.5478734347884779,0.5478734347884779,high,0.1768018018018018,888,0.167816091954023,435,0.21982758620689655,232,0.25,104
macd_signal_pct__w24__diff_mean,0.4521408640222405,0.5478591359777595,low,0.17491369390103567,869,0.20919540229885059,435,0.20642201834862386,218,0.2413793103448276,87
macd_signal_pct__d24,0.4521408640222405,0.5478591359777595,low,0.17491369390103567,869,0.20919540229885059,435,0.20642201834862386,218,0.2413793103448276,87
close_vs_ema48__w24__min,0.45215665370421865,0.5478433462957814,low,0.22043628013777267,871,0.2671232876712329,438,0.3133047210300429,233,0.25773195876288657,97
macd_hist_pct__w24__mean,0.45221256137645904,0.547787438623541,low,0.1760644418872267,869,0.2045977011494253,435,0.21100917431192662,218,0.26436781609195403,87
quote_volume_rel72__w24__mean,0.5477347159944463,0.5477347159944463,high,0.19907940161104717,869,0.271264367816092,435,0.2798165137614679,218,0.1839080459770115,87
trades_rel24__d24,0.547658613793324,0.547658613793324,high,0.12888377445339472,869,0.12873563218390804,435,0.11467889908256881,218,0.11494252873563218,87
trades_rel24__w24__diff_mean,0.5476585460264486,0.5476585460264486,high,0.12888377445339472,869,0.12873563218390804,435,0.11467889908256881,218,0.11494252873563218,87
bb_z__w72__diff_std,0.5476585460264486,0.5476585460264486,high,0.11737629459148446,869,0.1471264367816092,435,0.13302752293577982,218,0.16091954022988506,87
volume_rel240__w72__std,0.5476209354105778,0.5476209354105778,high,0.25776754890678943,869,0.2045977011494253,435,0.1559633027522936,218,0.21839080459770116,87
rsi14__w240__late_vs_prev,0.5476005375810695,0.5476005375810695,high,0.1622554660529344,869,0.15402298850574714,435,0.1834862385321101,218,0.1724137931034483,87
taker_share__w24__q25,0.547564350069583,0.547564350069583,high,0.1278538812785388,876,0.10114942528735632,435,0.09174311926605505,218,0.045454545454545456,88
taker_share__w24__q10,0.5475475438844732,0.5475475438844732,high,0.12197928653624857,869,0.13958810068649885,437,0.0867579908675799,219,0.07954545454545454,88
volume_rel240__w24__pos,0.5475242998461963,0.5475242998461963,high,0.12543153049482164,869,0.1244343891402715,442,0.1244343891402715,442,0.1244343891402715,442
rsi14__d24,0.45250924475714793,0.5474907552428521,low,0.1380897583429229,869,0.15402298850574714,435,0.11926605504587157,218,0.12643678160919541,87
rsi14__w24__diff_mean,0.45250924475714793,0.5474907552428521,low,0.1380897583429229,869,0.15402298850574714,435,0.11926605504587157,218,0.12643678160919541,87
ema24_slope_6h__w24__min,0.45251181989841477,0.5474881801015852,low,0.2110609480812641,886,0.27293577981651373,436,0.3532110091743119,218,0.33663366336633666,101
close_vs_ema168__w72__q90,0.45251683464719755,0.5474831653528025,low,0.19677790563866512,869,0.17889908256880735,436,0.1926605504587156,218,0.1724137931034483,87
taker_share__w72__q10,0.5474419630925332,0.5474419630925332,high,0.11972633979475485,877,0.16143497757847533,446,0.18099547511312217,221,0.23863636363636365,88
trades_rel24__w72__delta,0.5474361351412451,0.5474361351412451,high,0.11622554660529344,869,0.11494252873563218,435,0.12385321100917432,218,0.13793103448275862,87
close_vs_vwap72__w24__delta,0.4526095397328034,0.5473904602671966,low,0.19792865362485615,869,0.24597701149425288,435,0.28440366972477066,218,0.3333333333333333,87
close_vs_ema24__w24__q10,0.4526605004231363,0.5473394995768637,low,0.2243958573072497,869,0.24597701149425288,435,0.28054298642533937,221,0.23711340206185566,97
range_pct__w24__z,0.5472566884550725,0.5472566884550725,high,0.12082853855005754,869,0.11494252873563218,435,0.11467889908256881,218,0.13793103448275862,87
trades_rel240__w240__z,0.547251267105037,0.547251267105037,high,0.11162255466052934,869,0.12413793103448276,435,0.14678899082568808,218,0.14942528735632185,87
volume_rel72__w240__q10,0.452827545771103,0.5471724542288969,low,0.1285551763367463,879,0.17248062015503876,516,0.1036036036036036,222,0.010309278350515464,97
cci20__w24__q10,0.4528418445818214,0.5471581554181786,low,0.1415525114155251,876,0.21967963386727687,437,0.20851063829787234,235,0.19318181818181818,88
quote_volume_rel240__w24__pos,0.5471580876513031,0.5471580876513031,high,0.12543153049482164,869,0.11845102505694761,439,0.11845102505694761,439,0.11845102505694761,439
rebound_low24__w72__q10,0.5471443309755881,0.5471443309755881,high,0.16570771001150747,869,0.13566739606126915,457,0.12385321100917432,218,0.24444444444444444,90
macd_signal_pct__w24__up_share,0.45290764621787644,0.5470923537821235,low,0.09582542694497154,1054,0.09706546275395034,443,0.09706546275395034,443,0.09706546275395034,443
ema24_slope_6h__now,0.45305653004322444,0.5469434699567756,low,0.20598388952819333,869,0.24597701149425288,435,0.26605504587155965,218,0.2413793103448276,87
taker_share__w72__q25,0.546928222409801,0.546928222409801,high,0.09655172413793103,870,0.0774487471526196,439,0.08035714285714286,224,0.1111111111111111,90
atr24_pct__w240__min,0.5468059709665021,0.5468059709665021,high,0.13924050632911392,869,0.15163934426229508,488,0.12385321100917432,218,0.14814814814814814,108
close_vs_vwap240__w72__q75,0.45327229977463446,0.5467277002253655,low,0.19690265486725664,904,0.167816091954023,435,0.16055045871559634,218,0.2808988764044944,89
trades_rel240__w72__late_vs_prev,0.5466355372747632,0.5466355372747632,high,0.14154200230149597,869,0.18620689655172415,435,0.1926605504587156,218,0.22988505747126436,87
mfi14__w72__up_share,0.4534109508017906,0.5465890491982094,low,0.11209677419354838,1240,0.11920529801324503,755,0.10199004975124377,402,0.06382978723404255,94
obv_delta__w240__min,0.4534671973084081,0.5465328026915919,low,0.19791666666666666,960,0.16666666666666666,480,0.12083333333333333,240,0.12083333333333333,240
rsi14__w72__late_vs_prev,0.4535115168449478,0.5464884831550523,low,0.1334867663981588,869,0.11494252873563218,435,0.13302752293577982,218,0.12643678160919541,87
trades_rel72__w72__pos,0.546469169595551,0.546469169595551,high,0.11967779056386652,869,0.11264367816091954,435,0.10091743119266056,218,0.09941520467836257,171
abs_body_pct__w24__up_share,0.5464201063777303,0.5464201063777303,high,0.13639387890884896,1503,0.14414414414414414,444,0.14414414414414414,444,0.18095238095238095,105
close_vs_ema72__w24__up_share,0.45361316715811206,0.5463868328418879,low,0.12023708721422523,1181,0.12380952380952381,525,0.12380952380952381,525,0.14473684210526316,152
close_vs_sma168__w72__q90,0.4536164199681333,0.5463835800318667,low,0.19217491369390102,869,0.1655773420479303,459,0.19545454545454546,220,0.23076923076923078,91
stoch_k__w24__up_share,0.45365911309966234,0.5463408869003377,low,0.12002376708259062,1683,0.15373961218836565,722,0.15748031496062992,254,0.15748031496062992,254
volume_rel240__w24__q75,0.5463381084584445,0.5463381084584445,high,0.1622554660529344,869,0.1743119266055046,436,0.20361990950226244,221,0.13829787234042554,94
close_vs_vwap24__w72__q90,0.5462778637061758,0.5462778637061758,high,0.20847651775486828,873,0.25732217573221755,478,0.314410480349345,229,0.05102040816326531,98
rebound_low24__w240__accel,0.5462447934709598,0.5462447934709598,high,0.17721518987341772,869,0.19080459770114944,435,0.24311926605504589,218,0.2413793103448276,87
rebound_low24__w72__accel,0.5462447934709598,0.5462447934709598,high,0.17721518987341772,869,0.19080459770114944,435,0.24311926605504589,218,0.2413793103448276,87
macd_pct__d12,0.45376591369536023,0.5462340863046398,low,0.18411967779056387,869,0.23218390804597702,435,0.28440366972477066,218,0.2413793103448276,87
bb_width__w72__diff_mean,0.5462071150882135,0.5462071150882135,high,0.16915995397008055,869,0.2,435,0.1743119266055046,218,0.05747126436781609,87
rebound_low240__w24__diff_mean,0.45379803519432016,0.5462019648056798,low,0.1852704257767549,869,0.19770114942528735,435,0.25229357798165136,218,0.3793103448275862,87
rebound_low240__d24,0.45379803519432016,0.5462019648056798,low,0.1852704257767549,869,0.19770114942528735,435,0.25229357798165136,218,0.3793103448275862,87
close_vs_ema240__w240__diff_mean,0.453852790829678,0.546147209170322,low,0.16800920598388952,869,0.17701149425287357,435,0.28440366972477066,218,0.367816091954023,87
quote_volume_rel240__w72__q75,0.5461089886525723,0.5461089886525723,high,0.15074798619102417,869,0.13793103448275862,435,0.11864406779661017,236,0.16326530612244897,98
stoch_d__w240__min,0.45389561949495777,0.5461043805050423,low,0.11770833333333333,960,0.09583333333333334,480,0.12083333333333333,240,0.12083333333333333,240
trades_rel240__w240__q90,0.5460383755683608,0.5460383755683608,high,0.20441988950276244,905,0.2408256880733945,436,0.28448275862068967,232,0.2736842105263158,95
macd_signal_pct__w240__late_vs_prev,0.5460005616518636,0.5460005616518636,high,0.19677790563866512,869,0.22528735632183908,435,0.1926605504587156,218,0.12643678160919541,87
close_vs_vwap72__w24__diff_mean,0.4540361679946263,0.5459638320053737,low,0.19792865362485615,869,0.24367816091954023,435,0.2889908256880734,218,0.3103448275862069,87
close_vs_vwap72__d24,0.4540361679946263,0.5459638320053737,low,0.19792865362485615,869,0.24367816091954023,435,0.2889908256880734,218,0.3103448275862069,87
stoch_k__w72__up_share,0.4540397596390248,0.5459602403609751,low,0.1483221476510067,1490,0.18274111675126903,788,0.22282608695652173,368,0.25,124
bb_z__w72__q10,0.4540461974921919,0.5459538025078081,low,0.12943871706758306,873,0.1842696629213483,445,0.17269076305220885,249,0.2159090909090909,88
ema_gap_6_24__w24__min,0.4540573790266399,0.5459426209733601,low,0.23014959723820483,869,0.27790432801822323,439,0.3418803418803419,234,0.29591836734693877,98
trades_rel24__w72__diff_mean,0.5459382161264562,0.5459382161264562,high,0.12428078250863062,869,0.11724137931034483,435,0.13761467889908258,218,0.13793103448275862,87
trades_rel24__w240__delta,0.5459303551689049,0.5459303551689049,high,0.12082853855005754,869,0.11954022988505747,435,0.11926605504587157,218,0.14942528735632185,87
lower_wick__w72__max,0.4540961416793933,0.5459038583206067,low,0.13662456946039037,871,0.09271523178807947,453,0.1,220,0.0,108
abs_body_pct__w240__delta,0.5458755995335471,0.5458755995335471,high,0.1714614499424626,869,0.19770114942528735,435,0.20642201834862386,218,0.19540229885057472,87
mfi14__w72__std,0.5458400219239397,0.5458400219239397,high,0.13578826237054084,869,0.14942528735632185,435,0.12385321100917432,218,0.09195402298850575,87
volume_rel24__w240__min,0.45421405604266385,0.5457859439573362,low,0.1037344398340249,964,0.125,480,0.0,240,0.0,240
close_vs_ema48__w24__up_share,0.4542199517608274,0.5457800482391726,low,0.14462081128747795,1134,0.15702479338842976,484,0.15702479338842976,484,0.16551724137931034,145
rebound_low240__w72__up_share,0.45424495773786583,0.5457550422621342,low,0.15938864628820962,916,0.19387755102040816,588,0.27235772357723576,246,0.45918367346938777,98
rsi14__w24__delta,0.4542553260698086,0.5457446739301914,low,0.14154200230149597,869,0.1632183908045977,435,0.11926605504587157,218,0.11494252873563218,87
rsi14__w72__diff_std,0.5457196001862776,0.5457196001862776,high,0.19677790563866512,869,0.25287356321839083,435,0.29357798165137616,218,0.4482758620689655,87
trades_rel24__w24__q75,0.5457158052412527,0.5457158052412527,high,0.15384615384615385,871,0.1926605504587156,436,0.17903930131004367,229,0.25287356321839083,87
ema72_slope_12h__d12,0.4542903615444125,0.5457096384555875,low,0.20253164556962025,869,0.2597701149425287,435,0.29357798165137616,218,0.1839080459770115,87
taker_share__w24__q90,0.4543499963948022,0.5456500036051978,low,0.10364464692482915,878,0.07093821510297482,437,0.10550458715596331,218,0.11363636363636363,88
macd_pct__w24__up_share,0.4543737825680827,0.5456262174319173,low,0.09486607142857142,896,0.10069444444444445,576,0.10461538461538461,325,0.12060301507537688,199
close_vs_ema72__d24,0.45443897430225866,0.5455610256977413,low,0.19102416570771003,869,0.2413793103448276,435,0.25688073394495414,218,0.25287356321839083,87
close_vs_ema72__w24__diff_mean,0.45443897430225866,0.5455610256977413,low,0.19102416570771003,869,0.2413793103448276,435,0.25688073394495414,218,0.25287356321839083,87
macd_fast_hist_pct__w240__late_vs_prev,0.4544494104010769,0.5455505895989231,low,0.1806674338319908,869,0.21839080459770116,435,0.1926605504587156,218,0.14942528735632185,87
close_vs_vwap240__w72__q90,0.4544811252987842,0.5455188747012159,low,0.19792865362485615,869,0.19080459770114944,435,0.1926605504587156,218,0.21052631578947367,95
mfi14__w72__q10,0.4544934588701148,0.5455065411298852,low,0.16444444444444445,900,0.23958333333333334,480,0.23938223938223938,259,0.17054263565891473,129
close_vs_sma72__w240__late_vs_prev,0.5454998999760918,0.5454998999760918,high,0.20368239355581128,869,0.17701149425287357,435,0.1926605504587156,218,0.14942528735632185,87
quote_volume_rel24__w240__late_vs_prev,0.54549502076106,0.54549502076106,high,0.2243958573072497,869,0.19310344827586207,435,0.21100917431192662,218,0.2988505747126437,87
ema6_slope_3h__w24__up_share,0.45452422503156575,0.5454757749684342,low,0.15055762081784388,1076,0.15055762081784388,1076,0.1509433962264151,424,0.1103448275862069,145
bb_width__w72__delta,0.5454080080929913,0.5454080080929913,high,0.16915995397008055,869,0.20229885057471264,435,0.1743119266055046,218,0.05747126436781609,87
ema_gap_6_24__w24__up_share,0.45460710392023246,0.5453928960797676,low,0.12771996215704826,1057,0.13192182410423453,614,0.13564668769716087,317,0.15267175572519084,131
rsi24__w72__q90,0.45461144100026074,0.5453885589997393,low,0.1660939289805269,873,0.1480637813211845,439,0.136986301369863,219,0.3258426966292135,89
atr24_pct__d3,0.5453872714291058,0.5453872714291058,high,0.1518987341772152,869,0.19080459770114944,435,0.22935779816513763,218,0.28735632183908044,87
volume_rel24__w240__late_vs_prev,0.5453760221277824,0.5453760221277824,high,0.23130034522439585,869,0.21149425287356322,435,0.22018348623853212,218,0.3218390804597701,87
rsi14__w240__q90,0.45468239291884943,0.5453176070811505,low,0.1187214611872146,876,0.12614678899082568,436,0.11818181818181818,220,0.26136363636363635,88
close_vs_sma168__w24__up_share,0.4547058402577526,0.5452941597422474,low,0.11561691113028473,1159,0.12639405204460966,538,0.12639405204460966,538,0.11737089201877934,213
close_vs_ema72__w24__delta,0.45473972369547405,0.545260276304526,low,0.1956271576524741,869,0.23908045977011494,435,0.26146788990825687,218,0.26436781609195403,87
atr6_pct__w72__min,0.5452448254569249,0.5452448254569249,high,0.18940248027057496,887,0.21920668058455114,479,0.24031007751937986,258,0.15942028985507245,138
macd_pct__w24__z,0.454759918224356,0.545240081775644,low,0.1334867663981588,869,0.1471264367816092,435,0.14678899082568808,218,0.10344827586206896,87
quote_volume_rel72__w72__q25,0.545158829291988,0.545158829291988,high,0.1506228765571914,883,0.06349206349206349,441,0.05504587155963303,218,0.02197802197802198,91
range_pct__w240__min,0.5451563219175966,0.5451563219175966,high,0.1488933601609658,994,0.16163793103448276,464,0.13274336283185842,226,0.042105263157894736,95
volume_rel24__now,0.5451416842725009,0.5451416842725009,high,0.11852704257767549,869,0.11954022988505747,435,0.14678899082568808,218,0.1839080459770115,87
volume_rel24__w240__diff_std,0.5451105115097972,0.5451105115097972,high,0.17491369390103567,869,0.1103448275862069,435,0.13302752293577982,218,0.20689655172413793,87
close_vs_sma24__w24__max,0.5450825915571147,0.5450825915571147,high,0.12888377445339472,869,0.16703296703296702,455,0.2018348623853211,218,0.10344827586206896,87
trades_rel240__w240__late_vs_prev,0.5450374588180698,0.5450374588180698,high,0.1334867663981588,869,0.15402298850574714,435,0.15137614678899083,218,0.09195402298850575,87
volume_rel24__w240__q10,0.4549777887289048,0.5450222112710952,low,0.10616438356164383,876,0.0449438202247191,445,0.013043478260869565,230,0.0,93
close_location__w24__q25,0.45501729681728803,0.5449827031827119,low,0.12528735632183907,870,0.1340909090909091,440,0.10176991150442478,226,0.02247191011235955,89
volume_rel240__w72__mean,0.5449154106753973,0.5449154106753973,high,0.17491369390103567,869,0.15632183908045977,435,0.18807339449541285,218,0.25287356321839083,87
close_vs_ema240__w240__delta,0.45524905953130257,0.5447509404686974,low,0.17031070195627157,869,0.17701149425287357,435,0.28440366972477066,218,0.40229885057471265,87
abs_body_pct__w240__diff_mean,0.5446772101082156,0.5446772101082156,high,0.15880322209436135,869,0.1793103448275862,435,0.1834862385321101,218,0.19540229885057472,87
rsi6__w24__min,0.45540065403166824,0.5445993459683318,low,0.10693970420932879,879,0.13501144164759726,437,0.15254237288135594,236,0.1111111111111111,99
rebound_low72__w24__min,0.5445463522717354,0.5445463522717354,high,0.16590389016018306,874,0.1559633027522936,436,0.11061946902654868,226,0.022988505747126436,87
close_vs_sma72__w24__delta,0.45546862420773754,0.5445313757922625,low,0.18872266973532797,869,0.23218390804597702,435,0.2798165137614679,218,0.2413793103448276,87
stoch_d__w240__q25,0.45551714529055454,0.5444828547094455,low,0.15977011494252874,870,0.1422319474835886,457,0.09205020920502092,239,0.0,97
volume_rel240__w240__pos,0.5444746549175169,0.5444746549175169,high,0.12658227848101267,869,0.13793103448275862,435,0.13761467889908258,218,0.13793103448275862,87
close_vs_ema240__w72__max,0.4556144585236905,0.5443855414763095,low,0.22686230248307,886,0.2281449893390192,469,0.2,225,0.20634920634920634,126
macd_signal_pct__d6,0.45577750562600594,0.5442224943739941,low,0.19102416570771003,869,0.2482758620689655,435,0.27522935779816515,218,0.28735632183908044,87
rsi24__w240__std,0.5442106351707915,0.5442106351707915,high,0.22209436133486765,869,0.18850574712643678,435,0.2706422018348624,218,0.08045977011494253,87
macd_signal_pct__w72__q25,0.4557976323880125,0.5442023676119875,low,0.18872266973532797,869,0.2367816091954023,435,0.245136186770428,257,0.2916666666666667,96
rebound_low72__w24__delta,0.455808407321208,0.544191592678792,low,0.1852704257767549,869,0.25517241379310346,435,0.2889908256880734,218,0.19540229885057472,87
trades_rel240__w24__mean,0.5441198953245735,0.5441198953245735,high,0.13463751438434982,869,0.14022988505747128,435,0.22018348623853212,218,0.11494252873563218,87
close_vs_sma72__d24,0.4558824087491915,0.5441175912508085,low,0.19217491369390102,869,0.23218390804597702,435,0.26605504587155965,218,0.2413793103448276,87
close_vs_sma72__w24__diff_mean,0.4558824087491915,0.5441175912508085,low,0.19217491369390102,869,0.23218390804597702,435,0.26605504587155965,218,0.2413793103448276,87
trades_rel24__w240__diff_mean,0.5441140673732854,0.5441140673732854,high,0.12313003452243959,869,0.11954022988505747,435,0.12385321100917432,218,0.12643678160919541,87
abs_body_pct__w72__diff_mean,0.5440497566084901,0.5440497566084901,high,0.17261219792865362,869,0.18620689655172415,435,0.21559633027522937,218,0.16091954022988506,87
atr14_pct__w24__z,0.5439872077824565,0.5439872077824565,high,0.12197928653624857,869,0.11954022988505747,435,0.0963302752293578,218,0.10344827586206896,87
quote_volume_rel24__w240__q10,0.4560299372370306,0.5439700627629693,low,0.12189616252821671,886,0.04,450,0.02,250,0.0,93
close_vs_ema72__w24__q10,0.4560836763692569,0.5439163236307432,low,0.21724137931034482,870,0.25517241379310346,435,0.27522935779816515,218,0.28888888888888886,90
ema6_slope_3h__w24__mean,0.45608706471302896,0.543912935286971,low,0.2048331415420023,869,0.23218390804597702,435,0.27522935779816515,218,0.28735632183908044,87
ema72_slope_12h__now,0.45609167286055907,0.5439083271394409,low,0.19907940161104717,869,0.2827586206896552,435,0.3256880733944954,218,0.3448275862068966,87
bb_z__w24__q10,0.4560933670324452,0.5439066329675548,low,0.15252293577981652,872,0.1746031746031746,441,0.17105263157894737,228,0.20618556701030927,97
close_vs_sma72__now,0.4560935703330715,0.5439064296669285,low,0.18872266973532797,869,0.24597701149425288,435,0.30275229357798167,218,0.3103448275862069,87
quote_volume_rel24__now,0.5438057958568959,0.5438057958568959,high,0.11507479861910241,869,0.12413793103448276,435,0.15137614678899083,218,0.16091954022988506,87
atr14_pct__w72__q10,0.5437814675486119,0.5437814675486119,high,0.18411967779056387,869,0.23006833712984054,439,0.2168141592920354,226,0.13333333333333333,90
ema24_slope_6h__w24__up_share,0.4562457069684407,0.5437542930315593,low,0.13452914798206278,1115,0.16143497757847533,446,0.1566265060240964,249,0.12605042016806722,119
macd_fast_hist_pct__w72__q75,0.5436985208930698,0.5436985208930698,high,0.18885096700796358,879,0.23853211009174313,436,0.33195020746887965,241,0.24242424242424243,99
close_vs_ema6__w240__up_share,0.4563233000408228,0.5436766999591772,low,0.10187110187110188,962,0.11038961038961038,462,0.11203319502074689,241,0.10344827586206896,116
volume_rel24__w24__pos,0.5436363786682887,0.5436363786682887,high,0.13463751438434982,869,0.12184873949579832,476,0.12184873949579832,476,0.12184873949579832,476
ema168_slope_24h__w72__late_vs_prev,0.54359144922987,0.54359144922987,high,0.15880322209436135,869,0.14942528735632185,435,0.21559633027522937,218,0.28735632183908044,87
dist_high72__w24__mean,0.45642129094271316,0.5435787090572868,low,0.19677790563866512,869,0.26436781609195403,435,0.3853211009174312,218,0.47126436781609193,87
ema6_slope_3h__w72__q90,0.5435549228840064,0.5435549228840064,high,0.12514220705346984,879,0.2045977011494253,435,0.16517857142857142,224,0.26,100
stoch_d__w72__max,0.45650654167202026,0.5434934583279798,low,0.15290178571428573,896,0.1891891891891892,481,0.18141592920353983,226,0.20175438596491227,114
atr14_pct__d3,0.5434802437872683,0.5434802437872683,high,0.15880322209436135,869,0.15862068965517243,435,0.1743119266055046,218,0.22988505747126436,87
dist_high72__w72__max,0.4565310055140551,0.5434689944859449,low,0.15891032917139614,881,0.1564625850340136,441,0.20784313725490197,255,0.27586206896551724,87
volume_rel240__w24__q10,0.5433359003425751,0.5433359003425751,high,0.13013698630136986,876,0.11711711711711711,444,0.1324200913242009,219,0.16091954022988506,87
close_vs_ema72__w240__max,0.5432753845228047,0.5432753845228047,high,0.12703252032520326,984,0.12040816326530612,490,0.20416666666666666,240,0.20416666666666666,240
close_vs_sma24__now,0.4567644623999557,0.5432355376000443,low,0.20138089758342922,869,0.2367816091954023,435,0.24770642201834864,218,0.19540229885057472,87
quote_volume_rel24__w24__pos,0.543152862012004,0.543152862012004,high,0.1323360184119678,869,0.12159329140461216,477,0.12159329140461216,477,0.12159329140461216,477
atr6_pct__w24__z,0.543142764747563,0.543142764747563,high,0.11047180667433831,869,0.09425287356321839,435,0.0963302752293578,218,0.10344827586206896,87
close_vs_sma168__w72__max,0.4569523799455588,0.5430476200544412,low,0.1943502824858757,885,0.1622222222222222,450,0.1917808219178082,219,0.20224719101123595,89
lower_wick__w240__mean,0.4569759628182129,0.5430240371817872,low,0.11392405063291139,869,0.10804597701149425,435,0.10091743119266056,218,0.022988505747126436,87
atr14_pct__w240__accel,0.5430036393522788,0.5430036393522788,high,0.19677790563866512,869,0.2689655172413793,435,0.3256880733944954,218,0.40229885057471265,87
atr14_pct__w72__accel,0.5430036393522788,0.5430036393522788,high,0.19677790563866512,869,0.2689655172413793,435,0.3256880733944954,218,0.40229885057471265,87
stoch_k__w24__min,0.4570046282065252,0.5429953717934748,low,0.14479638009049775,884,0.07972665148063782,439,0.1125,240,0.125,216
atr24_pct__w72__q25,0.5429627081595113,0.5429627081595113,high,0.19217491369390102,869,0.26666666666666666,435,0.2706422018348624,218,0.3181818181818182,88
trades_rel240__w24__q10,0.5429451565387715,0.5429451565387715,high,0.13683010262257697,877,0.1252847380410023,439,0.15765765765765766,222,0.27586206896551724,87
quote_volume_rel240__w240__pos,0.5428507572812796,0.5428507572812796,high,0.12543153049482164,869,0.13793103448275862,435,0.13302752293577982,218,0.13793103448275862,87
close_vs_sma240__w24__up_share,0.4572105717409961,0.5427894282590039,low,0.12390924956369982,1146,0.12352941176470589,510,0.12352941176470589,510,0.107981220657277,213
close_location__w240__q25,0.4572411346018208,0.5427588653981792,low,0.11910112359550562,890,0.14058956916099774,441,0.16972477064220184,218,0.06666666666666667,105
avg_trade_quote_rel24__w24__diff_std,0.4572516384675145,0.5427483615324855,low,0.13118527042577677,869,0.09425287356321839,435,0.0779816513761468,218,0.04597701149425287,87
trades_rel72__w72__max,0.5427462607593468,0.5427462607593468,high,0.22209821428571427,896,0.15476190476190477,504,0.1736111111111111,288,0.1388888888888889,144
trades_rel72__w24__pos,0.5427398906730552,0.5427398906730552,high,0.13118527042577677,869,0.11416490486257928,473,0.11416490486257928,473,0.11416490486257928,473
volume_rel240__w24__q25,0.5426278720279482,0.5426278720279482,high,0.12658227848101267,869,0.1275626423690205,439,0.15137614678899083,218,0.16091954022988506,87
quote_volume_rel24__w240__min,0.4573917803659303,0.5426082196340697,low,0.10395010395010396,962,0.125,480,0.0,240,0.0,240
volume_rel240__w240__q90,0.5425908713139564,0.5425908713139564,high,0.2103448275862069,870,0.2033898305084746,472,0.2968036529680365,219,0.27472527472527475,91
ema_gap_24_72__w72__q75,0.45741414343482645,0.5425858565651736,low,0.18757192174913695,869,0.1845102505694761,439,0.18807339449541285,218,0.16,100
close_location__w24__q10,0.45747784429774274,0.5425221557022573,low,0.12041284403669725,872,0.06531531531531531,444,0.06422018348623854,218,0.01098901098901099,91
atr14_pct__w24__up_share,0.542490576338301,0.542490576338301,high,0.1320754716981132,1272,0.13617886178861788,492,0.145985401459854,274,0.22764227642276422,123
ema72_slope_12h__w24__late_vs_prev,0.4575627561926726,0.5424372438073274,low,0.19217491369390102,869,0.24597701149425288,435,0.29357798165137616,218,0.1839080459770115,87
macd_pct__w24__pos,0.45757698723651563,0.5424230127634844,low,0.11981297486849796,1711,0.11981297486849796,1711,0.11981297486849796,1711,0.11981297486849796,1711
trades_rel24__w240__z,0.5424015984308445,0.5424015984308445,high,0.11392405063291139,869,0.10344827586206896,435,0.11009174311926606,218,0.14942528735632185,87
stoch_d__w240__q10,0.4576488878913605,0.5423511121086395,low,0.1285878300803674,871,0.05747126436781609,435,0.020491803278688523,244,0.01020408163265306,98
ema72_slope_12h__w24__min,0.4577298693075147,0.5422701306924853,low,0.21191294387170675,873,0.25517241379310346,435,0.2706422018348624,218,0.3448275862068966,87
macd_pct__w240__late_vs_prev,0.542231368039732,0.542231368039732,high,0.18181818181818182,869,0.2206896551724138,435,0.1926605504587156,218,0.10344827586206896,87
rsi24__d24,0.4577756797153141,0.5422243202846859,low,0.142692750287687,869,0.12643678160919541,435,0.12844036697247707,218,0.10344827586206896,87
rsi24__w24__diff_mean,0.4577756797153141,0.5422243202846859,low,0.142692750287687,869,0.12643678160919541,435,0.12844036697247707,218,0.10344827586206896,87
dist_high72__w24__diff_mean,0.4577819142678548,0.5422180857321452,low,0.20138089758342922,869,0.2367816091954023,435,0.24770642201834864,218,0.25287356321839083,87
dist_high72__d24,0.4577819142678548,0.5422180857321452,low,0.20138089758342922,869,0.2367816091954023,435,0.24770642201834864,218,0.25287356321839083,87
trades_rel72__w240__pos,0.5421347324753505,0.5421347324753505,high,0.13118527042577677,869,0.1103448275862069,435,0.12844036697247707,218,0.10344827586206896,87
dist_high72__w24__delta,0.4579108068649471,0.5420891931350529,low,0.21058688147295743,869,0.25057471264367814,435,0.26146788990825687,218,0.2413793103448276,87
rsi24__w24__delta,0.4579181256874949,0.5420818743125051,low,0.15074798619102417,869,0.15172413793103448,435,0.13302752293577982,218,0.10344827586206896,87
dist_high240__w72__up_share,0.4579983616680193,0.5420016383319807,low,0.17070484581497797,908,0.18411552346570398,554,0.17041800643086816,311,0.09803921568627451,153
mfi14__w240__late_vs_prev,0.5418978340017077,0.5418978340017077,high,0.0970414201183432,845,0.07801418439716312,423,0.0660377358490566,212,0.047058823529411764,85
trades_rel72__w240__up_share,0.458102519355575,0.541897480644425,low,0.17579908675799086,876,0.1628721541155867,571,0.15450643776824036,233,0.16901408450704225,142
stoch_d__d24,0.45816235750659107,0.5418376424934089,low,0.15420023014959724,869,0.1632183908045977,435,0.13761467889908258,218,0.12643678160919541,87
stoch_d__w24__diff_mean,0.45816235750659107,0.5418376424934089,low,0.15420023014959724,869,0.1632183908045977,435,0.13761467889908258,218,0.12643678160919541,87
ema_gap_72_168__w240__late_vs_prev,0.4581694052616371,0.5418305947383629,low,0.12197928653624857,869,0.1632183908045977,435,0.18807339449541285,218,0.12643678160919541,87
cci20__w72__q10,0.45820159452747244,0.5417984054725276,low,0.14959723820483314,869,0.14192139737991266,458,0.2457627118644068,236,0.3333333333333333,102
rebound_low72__w72__up_share,0.4582059993743762,0.5417940006256238,low,0.155299055613851,953,0.16753926701570682,573,0.20175438596491227,342,0.2094240837696335,191
ema_gap_24_72__w24__q10,0.4582629913166236,0.5417370086833764,low,0.2094361334867664,869,0.19955654101995565,451,0.25688073394495414,218,0.26666666666666666,105
close_vs_vwap24__w24__q25,0.4583273020814189,0.5416726979185811,low,0.20919540229885059,870,0.25900900900900903,444,0.3105022831050228,219,0.3431372549019608,102
atr24_pct__w24__std,0.5416486406777989,0.5416486406777989,high,0.20713463751438435,869,0.25057471264367814,435,0.3073394495412844,218,0.40229885057471265,87
volume_rel24__w240__z,0.5416423383583826,0.5416423383583826,high,0.09781357882623705,869,0.11494252873563218,435,0.12385321100917432,218,0.14942528735632185,87
trades_rel72__w24__min,0.5415450251252468,0.5415450251252468,high,0.18586088939566706,877,0.20229885057471264,435,0.22972972972972974,222,0.2159090909090909,88
close_vs_ema48__w240__late_vs_prev,0.5414689229241244,0.5414689229241244,high,0.189873417721519,869,0.18850574712643678,435,0.1743119266055046,218,0.10344827586206896,87
atr6_pct__d24,0.5414066451655923,0.5414066451655923,high,0.15535097813578827,869,0.22988505747126436,435,0.2981651376146789,218,0.3448275862068966,87
atr6_pct__w24__diff_mean,0.5414066451655923,0.5414066451655923,high,0.15535097813578827,869,0.22988505747126436,435,0.2981651376146789,218,0.3448275862068966,87
close_vs_vwap24__w72__q75,0.5413646974696933,0.5413646974696933,high,0.1653272101033295,871,0.17333333333333334,450,0.26180257510729615,233,0.2,90
taker_share__w240__q25,0.5413269513200716,0.5413269513200716,high,0.15005727376861397,873,0.16926503340757237,449,0.12556053811659193,223,0.09278350515463918,97
macd_fast_hist_pct__w240__accel,0.5411298852462838,0.5411298852462838,high,0.19332566168009205,869,0.21839080459770116,435,0.2706422018348624,218,0.27586206896551724,87
macd_fast_hist_pct__w72__accel,0.5411298852462838,0.5411298852462838,high,0.19332566168009205,869,0.21839080459770116,435,0.2706422018348624,218,0.27586206896551724,87
mfi14__w72__late_vs_prev,0.45887465710799147,0.5411253428920085,low,0.14153132250580047,862,0.12761020881670534,431,0.08333333333333333,216,0.06896551724137931,87
close_vs_ema240__w72__up_share,0.45887838231252026,0.5411216176874798,low,0.15478615071283094,982,0.1705685618729097,598,0.11275964391691394,337,0.045714285714285714,175
rsi24__w240__diff_std,0.5411047437354944,0.5411047437354944,high,0.12313003452243959,869,0.167816091954023,435,0.1651376146788991,218,0.2413793103448276,87
adx14__w72__max,0.5410048553610918,0.5410048553610918,high,0.1323360184119678,869,0.10504201680672269,476,0.10572687224669604,227,0.0728476821192053,151
close_vs_ema12__w24__mean,0.4591155663765702,0.5408844336234298,low,0.1852704257767549,869,0.24597701149425288,435,0.2889908256880734,218,0.3103448275862069,87
ema6_slope_3h__d24,0.4591906520745609,0.5408093479254391,low,0.19102416570771003,869,0.2367816091954023,435,0.27522935779816515,218,0.3103448275862069,87
ema6_slope_3h__w24__diff_mean,0.45919065207456095,0.540809347925439,low,0.19102416570771003,869,0.2367816091954023,435,0.27522935779816515,218,0.3103448275862069,87
rsi24__w72__q25,0.4592140316465887,0.5407859683534113,low,0.1735632183908046,870,0.18403547671840353,451,0.2889908256880734,218,0.17475728155339806,103
trades_rel240__w72__std,0.5407566252963445,0.5407566252963445,high,0.20368239355581128,869,0.23218390804597702,435,0.1926605504587156,218,0.20689655172413793,87
ema72_slope_12h__w24__up_share,0.45929392879273584,0.5407060712072642,low,0.09843400447427293,894,0.11620294599018004,611,0.14565826330532214,357,0.12834224598930483,187
bb_width__w240__pos,0.5407056646060115,0.5407056646060115,high,0.1323360184119678,869,0.11264367816091954,435,0.10091743119266056,218,0.1076923076923077,195
mfi14__d24,0.4593778853151715,0.5406221146848285,low,0.13018433179723501,868,0.12211981566820276,434,0.0967741935483871,217,0.05747126436781609,87
rsi24__w72__mean,0.4593841942708257,0.5406158057291743,low,0.1323360184119678,869,0.16551724137931034,435,0.1926605504587156,218,0.14942528735632185,87
close_vs_ema48__w72__up_share,0.4594051342353375,0.5405948657646624,low,0.12414578587699317,878,0.11377245508982035,501,0.10408921933085502,269,0.09230769230769231,130
mfi14__w24__delta,0.4594107439632418,0.5405892560367582,low,0.1382488479262673,868,0.1336405529953917,434,0.10138248847926268,217,0.08045977011494253,87
quote_volume_rel24__w240__z,0.5405791438495597,0.5405791438495597,high,0.09666283084004602,869,0.11494252873563218,435,0.13302752293577982,218,0.13793103448275862,87
rsi6__w72__q90,0.4594339351574008,0.5405660648425992,low,0.15331807780320367,874,0.1720183486238532,436,0.2669683257918552,221,0.2647058823529412,102
stoch_d__w24__delta,0.45946497238635364,0.5405350276136464,low,0.15880322209436135,869,0.1724137931034483,435,0.1743119266055046,218,0.11494252873563218,87
rebound_low72__d24,0.4594919436027799,0.5405080563972201,low,0.18757192174913695,869,0.25517241379310346,435,0.28440366972477066,218,0.12643678160919541,87
rebound_low72__w24__diff_mean,0.4594919436027799,0.5405080563972201,low,0.18757192174913695,869,0.25517241379310346,435,0.28440366972477066,218,0.12643678160919541,87
avg_trade_quote_rel24__w72__up_share,0.45950000786095757,0.5404999921390424,low,0.12313432835820895,1072,0.15333333333333332,450,0.15333333333333332,450,0.18181818181818182,143
close_vs_sma168__w24__max,0.4595713663807989,0.5404286336192011,low,0.17376294591484465,869,0.18850574712643678,435,0.2374429223744292,219,0.45977011494252873,87
atr24_pct__d6,0.5403916329052093,0.5403916329052093,high,0.15420023014959724,869,0.2206896551724138,435,0.28440366972477066,218,0.3563218390804598,87
ema6_slope_3h__w72__pos,0.4596129752423208,0.5403870247576792,low,0.11162255466052934,869,0.11954022988505747,435,0.12280701754385964,285,0.12280701754385964,285
close_vs_ema24__now,0.4596413017962559,0.540358698203744,low,0.1956271576524741,869,0.21839080459770116,435,0.23394495412844038,218,0.21839080459770116,87
rebound_low240__w24__max,0.5403582916024914,0.5403582916024914,high,0.08040770101925254,883,0.11337868480725624,441,0.1598173515981735,219,0.12643678160919541,87
trades_rel240__w24__z,0.5403550387924703,0.5403550387924703,high,0.11392405063291139,869,0.11954022988505747,435,0.13761467889908258,218,0.16091954022988506,87
ema_gap_24_72__now,0.4597077133341899,0.5402922866658101,low,0.19792865362485615,869,0.2827586206896552,435,0.3073394495412844,218,0.3333333333333333,87
avg_trade_quote_rel24__w24__q90,0.4597449851156835,0.5402550148843165,low,0.09885057471264368,870,0.07568807339449542,436,0.0639269406392694,219,0.04597701149425287,87
macd_hist_pct__w72__pos,0.45976558624581815,0.5402344137541819,low,0.12197928653624857,869,0.10804597701149425,435,0.11475409836065574,366,0.11475409836065574,366
ema6_slope_3h__w24__delta,0.45979174425973907,0.540208255740261,low,0.189873417721519,869,0.24597701149425288,435,0.24770642201834864,218,0.3218390804597701,87
volume_rel240__w24__mean,0.5401189389984273,0.5401189389984273,high,0.15304948216340622,869,0.14942528735632185,435,0.1926605504587156,218,0.09195402298850575,87
volume_rel72__w24__min,0.5400827514869408,0.5400827514869408,high,0.16515837104072398,884,0.18223234624145787,439,0.28440366972477066,218,0.10752688172043011,93
volume_rel24__w240__q25,0.4599256516056141,0.540074348394386,low,0.1103448275862069,870,0.12643678160919541,435,0.14678899082568808,218,0.2222222222222222,90
ema72_slope_12h__w240__late_vs_prev,0.5399714782774636,0.5399714782774636,high,0.1956271576524741,869,0.2,435,0.19724770642201836,218,0.20689655172413793,87
close_vs_ema24__w240__max,0.5399693775043249,0.5399693775043249,high,0.13271604938271606,972,0.15082644628099173,484,0.20416666666666666,240,0.20416666666666666,240
atr6_pct__w24__delta,0.5398991710213661,0.5398991710213661,high,0.16570771001150747,869,0.22988505747126436,435,0.30275229357798167,218,0.3448275862068966,87
mfi14__w24__diff_mean,0.46012434408441255,0.5398756559155875,low,0.12888377445339472,869,0.12183908045977011,435,0.0963302752293578,218,0.05747126436781609,87
rebound_low24__w72__q25,0.5398594596323565,0.5398594596323565,high,0.1622554660529344,869,0.17701149425287357,435,0.22171945701357465,221,0.17777777777777778,90
close_vs_ema168__w24__max,0.4602182689737764,0.5397817310262236,low,0.17673888255416192,877,0.21149425287356322,435,0.20454545454545456,220,0.45977011494252873,87
close_vs_vwap24__now,0.4602755997504011,0.5397244002495989,low,0.2048331415420023,869,0.23218390804597702,435,0.26605504587155965,218,0.25287356321839083,87
rebound_low240__w72__max,0.5396369809802777,0.5396369809802777,high,0.08089887640449438,890,0.14410480349344978,458,0.23018867924528302,265,0.3333333333333333,150
quote_volume_rel240__w24__q75,0.5396123138376165,0.5396123138376165,high,0.16455696202531644,869,0.15575620767494355,443,0.14678899082568808,218,0.07777777777777778,90
atr72_pct__w72__up_share,0.539597405125019,0.539597405125019,high,0.10221285563751317,949,0.11958762886597939,485,0.12455516014234876,281,0.1262135922330097,103
volume_rel240__w72__min,0.46040449234749337,0.5395955076525066,low,0.2149425287356322,870,0.2631578947368421,437,0.2638888888888889,288,0.22916666666666666,144
atr6_pct__d12,0.5394712232029445,0.5394712232029445,high,0.1806674338319908,869,0.19540229885057472,435,0.26146788990825687,218,0.3333333333333333,87
cci20__w72__accel,0.5394437098515146,0.5394437098515146,high,0.13463751438434982,869,0.15172413793103448,435,0.15137614678899083,218,0.13793103448275862,87
cci20__w240__accel,0.5394437098515146,0.5394437098515146,high,0.13463751438434982,869,0.15172413793103448,435,0.15137614678899083,218,0.13793103448275862,87
ema72_slope_12h__w240__q75,0.460556696749738,0.539443303250262,low,0.1246040126715945,947,0.17889908256880735,436,0.1506849315068493,219,0.2413793103448276,87
lower_wick__w240__q10,0.5393743843379366,0.5393743843379366,high,0.1299559471365639,908,0.19310344827586207,435,0.22317596566523606,233,0.25742574257425743,101
quote_volume_rel72__w24__min,0.5393733000679295,0.5393733000679295,high,0.167816091954023,870,0.19383259911894274,454,0.28054298642533937,221,0.1111111111111111,90
obv_delta__w240__up_share,0.4606620064741762,0.5393379935258238,low,0.1715438950554995,991,0.18809980806142035,521,0.21897810218978103,274,0.1523809523809524,105
taker_share__w72__q90,0.46067596645051745,0.5393240335494826,low,0.104,875,0.12557077625570776,438,0.09090909090909091,220,0.07954545454545454,88
bb_z__w240__accel,0.5392508453240042,0.5392508453240042,high,0.12888377445339472,869,0.13333333333333333,435,0.14220183486238533,218,0.14942528735632185,87
bb_z__w72__accel,0.5392508453240042,0.5392508453240042,high,0.12888377445339472,869,0.13333333333333333,435,0.14220183486238533,218,0.14942528735632185,87
close_vs_ema168__w72__max,0.46081272000516116,0.5391872799948388,low,0.2002301495972382,869,0.234375,448,0.15289256198347106,242,0.17543859649122806,114
macd_pct__w72__late_vs_prev,0.46083101706153073,0.5391689829384693,low,0.15420023014959724,869,0.1724137931034483,435,0.21559633027522937,218,0.28735632183908044,87
close_vs_ema72__w240__late_vs_prev,0.5391521767533595,0.5391521767533595,high,0.19447640966628307,869,0.19310344827586207,435,0.18807339449541285,218,0.13793103448275862,87
lower_wick__w240__late_vs_prev,0.46091186294393405,0.539088137056066,low,0.15880322209436135,869,0.16091954022988506,435,0.14220183486238533,218,0.1724137931034483,87
close_vs_vwap24__w72__q25,0.46092148584024695,0.539078514159753,low,0.19954648526077098,882,0.19909502262443438,442,0.3302752293577982,218,0.375,120
rsi6__w72__q10,0.46100063755076415,0.5389993624492359,low,0.14785553047404063,886,0.16173120728929385,439,0.1908713692946058,241,0.2923076923076923,130
quote_volume_rel240__w72__std,0.5389664277477706,0.5389664277477706,high,0.23245109321058688,869,0.19540229885057472,435,0.1559633027522936,218,0.20689655172413793,87
avg_trade_quote_rel72__w72__min,0.538966021146518,0.538966021146518,high,0.18514285714285714,875,0.2597701149425287,435,0.15948275862068967,232,0.14782608695652175,115
rebound_low72__w72__diff_mean,0.5389643269746319,0.5389643269746319,high,0.15074798619102417,869,0.07816091954022988,435,0.03211009174311927,218,0.011494252873563218,87
trades_rel72__w240__diff_std,0.5389449456482552,0.5389449456482552,high,0.13924050632911392,869,0.12643678160919541,435,0.12844036697247707,218,0.20689655172413793,87
abs_body_pct__w240__z,0.5389053697929966,0.5389053697929966,high,0.142692750287687,869,0.14022988505747128,435,0.15137614678899083,218,0.14942528735632185,87
dist_high72__w72__up_share,0.46110404980269,0.5388959501973101,low,0.15784832451499117,1134,0.18446601941747573,721,0.19157088122605365,261,0.08148148148148149,135
ema24_slope_6h__w240__late_vs_prev,0.5388685723796311,0.5388685723796311,high,0.17721518987341772,869,0.18850574712643678,435,0.14678899082568808,218,0.12643678160919541,87
trades_rel240__w24__q25,0.5387890140678612,0.5387890140678612,high,0.12888377445339472,869,0.13926940639269406,438,0.16972477064220184,218,0.26136363636363635,88
macd_signal_pct__d3,0.4612448693698602,0.5387551306301398,low,0.18642117376294592,869,0.23908045977011494,435,0.27522935779816515,218,0.22988505747126436,87
macd_fast_hist_pct__w72__up_share,0.46124873208176054,0.5387512679182395,low,0.1577350859453994,989,0.16,625,0.19172932330827067,266,0.14606741573033707,89
volume_rel240__w240__q75,0.538744762298197,0.538744762298197,high,0.21534936998854526,873,0.23076923076923078,442,0.36160714285714285,224,0.37383177570093457,107
close_location__w72__q10,0.461272992623169,0.538727007376831,low,0.13333333333333333,870,0.11161731207289294,439,0.07423580786026202,229,0.1839080459770115,87
dist_high24__w240__diff_mean,0.4613384554248468,0.5386615445751533,low,0.20598388952819333,869,0.25057471264367814,435,0.26146788990825687,218,0.22988505747126436,87
macd_hist_pct__w72__z,0.4613880607776709,0.5386119392223291,low,0.15074798619102417,869,0.14942528735632185,435,0.16972477064220184,218,0.1839080459770115,87
close_vs_ema72__w72__up_share,0.46153951974428575,0.5384604802557142,low,0.12817904374364192,983,0.12347826086956522,575,0.09931506849315068,292,0.057971014492753624,138
stoch_k__w24__q25,0.46154487332744576,0.5384551266725542,low,0.14124293785310735,885,0.13063063063063063,444,0.14222222222222222,225,0.24489795918367346,98
avg_trade_quote_rel24__w240__q10,0.4615473807018372,0.5384526192981628,low,0.1714614499424626,869,0.175054704595186,457,0.17256637168141592,226,0.0,105
atr14_pct__w72__min,0.5384488921200136,0.5384488921200136,high,0.1714922048997773,898,0.20361990950226244,442,0.13839285714285715,224,0.09574468085106383,94
bb_width__w72__q25,0.5383574746050411,0.5383574746050411,high,0.17720090293453725,886,0.22988505747126436,435,0.25229357798165136,218,0.21839080459770116,87
bb_width__d6,0.5383304356217393,0.5383304356217393,high,0.14384349827387802,869,0.18160919540229886,435,0.18807339449541285,218,0.13793103448275862,87
abs_body_pct__w72__delta,0.5383269117442164,0.5383269117442164,high,0.16800920598388952,869,0.17471264367816092,435,0.20642201834862386,218,0.20689655172413793,87
close_vs_ema24__w24__max,0.5383053618778255,0.5383053618778255,high,0.14156285390713477,883,0.13901345291479822,446,0.07468879668049792,241,0.07407407407407407,108
dist_high240__d12,0.4617617273288629,0.5382382726711371,low,0.17491369390103567,869,0.20689655172413793,435,0.22018348623853212,218,0.26436781609195403,87
close_vs_vwap24__w72__z,0.4617641669363788,0.5382358330636212,low,0.12197928653624857,869,0.14022988505747128,435,0.15137614678899083,218,0.19540229885057472,87
cci20__w24__std,0.5382075065096861,0.5382075065096861,high,0.10356731875719218,869,0.08505747126436781,435,0.05963302752293578,218,0.06896551724137931,87
quote_volume_rel24__w240__q25,0.4617987280428547,0.5382012719571453,low,0.10919540229885058,870,0.14317673378076062,447,0.17928286852589642,251,0.2222222222222222,90
atr24_pct__w24__accel,0.5381953084721063,0.5381953084721063,high,0.1622554660529344,869,0.17471264367816092,435,0.21559633027522937,218,0.26436781609195403,87
dist_high240__w24__delta,0.46186310657452545,0.5381368934254745,low,0.19447640966628307,869,0.23448275862068965,435,0.2889908256880734,218,0.27586206896551724,87
cci20__w24__q25,0.4618801160602615,0.5381198839397385,low,0.18098510882016036,873,0.14285714285714285,441,0.07589285714285714,224,0.08045977011494253,87
close_vs_ema48__w72__mean,0.46200094439917616,0.5379990556008238,low,0.1760644418872267,869,0.20689655172413793,435,0.2798165137614679,218,0.367816091954023,87
volume_rel240__w24__z,0.5379583954755581,0.5379583954755581,high,0.11737629459148446,869,0.11954022988505747,435,0.11009174311926606,218,0.16091954022988506,87
quote_volume_rel24__w240__diff_std,0.5379236310684559,0.5379236310684559,high,0.1714614499424626,869,0.1103448275862069,435,0.13302752293577982,218,0.20689655172413793,87
volume_rel24__w72__delta,0.5378800569675461,0.5378800569675461,high,0.10817031070195628,869,0.10114942528735632,435,0.12844036697247707,218,0.1724137931034483,87
adx14__w240__std,0.5378778206606566,0.5378778206606566,high,0.20598388952819333,869,0.24367816091954023,435,0.2018348623853211,218,0.1724137931034483,87
ema24_slope_6h__w24__q10,0.46213444514379864,0.5378655548562014,low,0.2233560090702948,882,0.26436781609195403,435,0.319634703196347,219,0.3368421052631579,95
rsi14__w72__q10,0.46218960738040915,0.5378103926195908,low,0.1780673181324647,921,0.2706422018348624,436,0.26778242677824265,239,0.2767857142857143,112
atr72_pct__w240__up_share,0.5377973813795058,0.5377973813795058,high,0.11063372717508056,931,0.10538116591928251,446,0.13043478260869565,230,0.0,97
volume_rel72__w24__q90,0.5377937897351074,0.5377937897351074,high,0.20253164556962025,869,0.27802690582959644,446,0.23809523809523808,231,0.28735632183908044,87
rsi6__w24__diff_mean,0.46221427452307023,0.5377857254769298,low,0.13118527042577677,869,0.13793103448275862,435,0.13302752293577982,218,0.13793103448275862,87
rsi6__d24,0.46221427452307023,0.5377857254769298,low,0.13118527042577677,869,0.13793103448275862,435,0.13302752293577982,218,0.13793103448275862,87
ema_gap_6_24__w240__late_vs_prev,0.5377762381143677,0.5377762381143677,high,0.17376294591484465,869,0.18620689655172415,435,0.15137614678899083,218,0.12643678160919541,87
avg_trade_quote_rel24__w240__q25,0.46224890339642155,0.5377510966035784,low,0.15074798619102417,869,0.19550561797752808,445,0.19915254237288135,236,0.0898876404494382,89
avg_trade_quote_rel240__w240__q75,0.46227058879656335,0.5377294112034366,low,0.10241657077100115,869,0.15331807780320367,437,0.11818181818181818,220,0.0,94
range_pct__w72__late_vs_prev,0.5377050828951527,0.5377050828951527,high,0.1622554660529344,869,0.21379310344827587,435,0.3119266055045872,218,0.28735632183908044,87
macd_signal_pct__now,0.46230589533866906,0.5376941046613309,low,0.19102416570771003,869,0.2482758620689655,435,0.3211009174311927,218,0.2988505747126437,87
macd_hist_pct__w72__q75,0.5376832619612602,0.5376832619612602,high,0.1731651376146789,872,0.21252796420581654,447,0.2190082644628099,242,0.367816091954023,87
ema_gap_72_168__w24__up_share,0.5376756720712105,0.5376756720712105,high,0.13970588235294118,1768,0.13970588235294118,1768,0.13970588235294118,1768,0.13970588235294118,1768
close_vs_sma72__w72__mean,0.462329749278825,0.537670250721175,low,0.17721518987341772,869,0.20229885057471264,435,0.24311926605504589,218,0.25287356321839083,87
trades_rel72__w72__z,0.5376667946105276,0.5376667946105276,high,0.11162255466052934,869,0.09885057471264368,435,0.0871559633027523,218,0.10344827586206896,87
stoch_d__w24__q10,0.46242828231571875,0.5375717176842812,low,0.10376282782212087,877,0.11185682326621924,447,0.10267857142857142,224,0.20588235294117646,102
upper_wick__w72__q90,0.46249028900674904,0.537509710993251,low,0.13333333333333333,870,0.11581291759465479,449,0.12727272727272726,220,0.10344827586206896,87
stoch_k__w24__max,0.4625198353644421,0.5374801646355579,low,0.11301369863013698,876,0.15632183908045977,435,0.18807339449541285,218,0.07954545454545454,88
stoch_k__w24__diff_mean,0.4625911938842835,0.5374088061157165,low,0.14959723820483314,869,0.14942528735632185,435,0.1651376146788991,218,0.11494252873563218,87
stoch_k__d24,0.4625911938842835,0.5374088061157165,low,0.14959723820483314,869,0.14942528735632185,435,0.1651376146788991,218,0.11494252873563218,87
bb_width__w72__z,0.5374039269006847,0.5374039269006847,high,0.10817031070195628,869,0.11264367816091954,435,0.12844036697247707,218,0.12643678160919541,87
avg_trade_quote_rel72__w24__diff_mean,0.4626412058383603,0.5373587941616397,low,0.14154200230149597,869,0.12873563218390804,435,0.14220183486238533,218,0.14942528735632185,87
avg_trade_quote_rel72__d24,0.4626412058383603,0.5373587941616397,low,0.14154200230149597,869,0.12873563218390804,435,0.14220183486238533,218,0.14942528735632185,87
close_vs_ema6__w72__pos,0.46265625008470856,0.5373437499152914,low,0.11737629459148446,869,0.11494252873563218,435,0.10091743119266056,218,0.10857142857142857,175
stoch_d__w24__std,0.5373386673996332,0.5373386673996332,high,0.1380897583429229,869,0.11264367816091954,435,0.11009174311926606,218,0.08045977011494253,87
close_vs_ema24__w24__q25,0.46268051062611715,0.5373194893738829,low,0.19525959367945825,886,0.2623318385650224,446,0.26605504587155965,218,0.25252525252525254,99
close_location__w72__up_share,0.46268173042987515,0.5373182695701249,low,0.11986754966887417,1510,0.13283208020050125,798,0.16353887399463807,373,0.17901234567901234,162
avg_trade_quote_rel72__w240__std,0.5372774739111082,0.5372774739111082,high,0.15880322209436135,869,0.11954022988505747,435,0.13302752293577982,218,0.0,87
avg_trade_quote_rel72__w72__q10,0.5371814482486057,0.5371814482486057,high,0.14039125431530494,869,0.11060948081264109,443,0.0410958904109589,219,0.09782608695652174,92
quote_volume_rel24__w72__delta,0.5371170019500596,0.5371170019500596,high,0.10701956271576525,869,0.10114942528735632,435,0.12844036697247707,218,0.16091954022988506,87
macd_hist_pct__w72__q25,0.4629027182106943,0.5370972817893057,low,0.17391304347826086,897,0.23356009070294784,441,0.3623853211009174,218,0.4666666666666667,105
ema_gap_6_24__w24__q10,0.46292874069086437,0.5370712593091356,low,0.22120866590649943,877,0.2768878718535469,437,0.3378995433789954,219,0.2696629213483146,89
stoch_k__w240__q25,0.4629293505927433,0.5370706494072567,low,0.10825892857142858,896,0.13926940639269406,438,0.09049773755656108,221,0.06818181818181818,88
close_vs_ema6__w72__accel,0.5370408319820619,0.5370408319820619,high,0.15995397008055237,869,0.18850574712643678,435,0.21559633027522937,218,0.27586206896551724,87
close_vs_ema6__w240__accel,0.5370408319820619,0.5370408319820619,high,0.15995397008055237,869,0.18850574712643678,435,0.21559633027522937,218,0.27586206896551724,87
close_vs_sma24__w72__pos,0.46296790994487025,0.5370320900551298,low,0.09321058688147296,869,0.10344827586206896,435,0.09863945578231292,294,0.09863945578231292,294
close_vs_sma168__w240__diff_mean,0.46297570313554626,0.5370242968644537,low,0.1611047180667434,869,0.16091954022988506,435,0.22477064220183487,218,0.39080459770114945,87
quote_volume_rel240__w24__z,0.5370238224963256,0.5370238224963256,high,0.11852704257767549,869,0.11954022988505747,435,0.10550458715596331,218,0.14942528735632185,87
volume_rel24__w240__diff_mean,0.5369985454517855,0.5369985454517855,high,0.1093210586881473,869,0.11494252873563218,435,0.13761467889908258,218,0.1724137931034483,87
dist_high24__d12,0.46310513786764207,0.5368948621323579,low,0.18411967779056387,869,0.23448275862068965,435,0.22477064220183487,218,0.1724137931034483,87
close_vs_ema72__w72__late_vs_prev,0.4631163871689656,0.5368836128310344,low,0.17721518987341772,869,0.20919540229885059,435,0.21100917431192662,218,0.25287356321839083,87
dist_high24__w240__delta,0.46316057117175435,0.5368394288282456,low,0.20598388952819333,869,0.2597701149425287,435,0.24311926605504589,218,0.25287356321839083,87
close_vs_ema168__w72__up_share,0.46316063893862974,0.5368393610613702,low,0.15784008307372793,963,0.16040955631399317,586,0.09508196721311475,305,0.025477707006369428,157
close_vs_vwap240__w24__delta,0.46316639912304247,0.5368336008769575,low,0.1852704257767549,869,0.23448275862068965,435,0.2798165137614679,218,0.3103448275862069,87
rebound_low24__now,0.536808865967421,0.536808865967421,high,0.11737629459148446,869,0.13333333333333333,435,0.12844036697247707,218,0.034482758620689655,87
quote_volume_rel24__w240__diff_mean,0.5366739421184142,0.5366739421184142,high,0.11162255466052934,869,0.11494252873563218,435,0.13761467889908258,218,0.1724137931034483,87
bb_z__w72__std,0.5366628283508416,0.5366628283508416,high,0.13578826237054084,869,0.15632183908045977,435,0.1834862385321101,218,0.27586206896551724,87
quote_volume_rel72__w24__q90,0.5365892335241107,0.5365892335241107,high,0.17983963344788087,873,0.28054298642533937,442,0.15,220,0.26804123711340205,97
close_vs_vwap72__w72__up_share,0.46344254914047206,0.5365574508595279,low,0.13877551020408163,980,0.13175675675675674,592,0.09907120743034056,323,0.03355704697986577,149
trades_rel72__w24__max,0.5365552145526383,0.5365552145526383,high,0.15550510783200908,881,0.22991071428571427,448,0.16521739130434782,230,0.03125,96
avg_trade_quote_rel240__w240__late_vs_prev,0.5365516906751153,0.5365516906751153,high,0.1334867663981588,869,0.135632183908046,435,0.0963302752293578,218,0.13793103448275862,87
rebound_low240__w240__diff_mean,0.46346321803748214,0.5365367819625179,low,0.11967779056386652,869,0.13333333333333333,435,0.17889908256880735,218,0.22988505747126436,87
quote_volume_rel240__w240__q90,0.5364904294197149,0.5364904294197149,high,0.20823798627002288,874,0.19693654266958424,457,0.24904214559386972,261,0.26881720430107525,93
close_vs_vwap240__w72__max,0.4635182447403417,0.5364817552596584,low,0.19114470842332612,926,0.2191780821917808,438,0.19909502262443438,221,0.19607843137254902,102
dist_high240__w24__diff_mean,0.46354860430054007,0.5364513956994599,low,0.1956271576524741,869,0.24367816091954023,435,0.2981651376146789,218,0.26436781609195403,87
dist_high240__d24,0.46354860430054007,0.5364513956994599,low,0.1956271576524741,869,0.24367816091954023,435,0.2981651376146789,218,0.26436781609195403,87
cci20__w24__mean,0.4636125762309582,0.5363874237690418,low,0.11507479861910241,869,0.16091954022988506,435,0.20642201834862386,218,0.1839080459770115,87
quote_volume_rel240__w24__q10,0.5363817313515046,0.5363817313515046,high,0.13693901035673187,869,0.08520179372197309,446,0.11467889908256881,218,0.15384615384615385,91
rebound_low72__w72__delta,0.5363620789576262,0.5363620789576262,high,0.14959723820483314,869,0.07816091954022988,435,0.03211009174311927,218,0.011494252873563218,87
avg_trade_quote_rel24__w240__std,0.5363525238281888,0.5363525238281888,high,0.16455696202531644,869,0.15862068965517243,435,0.12385321100917432,218,0.04597701149425287,87
rebound_low240__w72__late_vs_prev,0.46371775042164554,0.5362822495783545,low,0.15765247410817032,869,0.18160919540229886,435,0.21100917431192662,218,0.3793103448275862,87
ema6_slope_3h__w240__accel,0.5362435546924766,0.5362435546924766,high,0.15995397008055237,869,0.19080459770114944,435,0.22018348623853212,218,0.25287356321839083,87
ema6_slope_3h__w72__accel,0.5362435546924766,0.5362435546924766,high,0.15995397008055237,869,0.19080459770114944,435,0.22018348623853212,218,0.25287356321839083,87
adx14__w240__diff_std,0.5361976765178018,0.5361976765178018,high,0.15880322209436135,869,0.18160919540229886,435,0.28440366972477066,218,0.08045977011494253,87
rsi24__w72__q75,0.4638198751029379,0.5361801248970621,low,0.13280363223609534,881,0.12585812356979406,437,0.14678899082568808,218,0.27586206896551724,87
rsi6__w72__accel,0.5361635220125787,0.5361635220125787,high,0.12428078250863062,869,0.12183908045977011,435,0.12385321100917432,218,0.05747126436781609,87
rsi6__w240__accel,0.5361635220125787,0.5361635220125787,high,0.12428078250863062,869,0.12183908045977011,435,0.12385321100917432,218,0.05747126436781609,87
ema72_slope_12h__w240__max,0.5360996856159115,0.5360996856159115,high,0.09009009009009009,999,0.11812627291242363,491,0.20416666666666666,240,0.20416666666666666,240
mfi14__w240__q90,0.46390444816349063,0.5360955518365094,low,0.0730593607305936,876,0.0963302752293578,436,0.08547008547008547,234,0.07920792079207921,101
quote_volume_rel72__w240__pos,0.5360941287321251,0.5360941287321251,high,0.12428078250863062,869,0.14942528735632185,435,0.12844036697247707,218,0.08045977011494253,87
close_vs_sma72__w24__min,0.4639293186067781,0.5360706813932219,low,0.22018348623853212,872,0.2930648769574944,447,0.2981651376146789,218,0.25252525252525254,99
rsi6__w240__q90,0.46394558265688435,0.5360544173431157,low,0.10201793721973094,892,0.08616780045351474,441,0.15418502202643172,227,0.17525773195876287,97
close_vs_ema168__w240__diff_mean,0.46396279544324687,0.5360372045567532,low,0.14844649021864212,869,0.19080459770114944,435,0.28440366972477066,218,0.42528735632183906,87
ema72_slope_12h__w24__delta,0.46396794572578054,0.5360320542742194,low,0.18181818181818182,869,0.2206896551724138,435,0.22018348623853212,218,0.22988505747126436,87
stoch_k__w240__accel,0.5360079970334372,0.5360079970334372,high,0.12888377445339472,869,0.1425287356321839,435,0.12385321100917432,218,0.09195402298850575,87
stoch_k__w72__accel,0.5360079970334372,0.5360079970334372,high,0.12888377445339472,869,0.1425287356321839,435,0.12385321100917432,218,0.09195402298850575,87
trades_rel72__w24__std,0.5359984419039998,0.5359984419039998,high,0.1668584579976985,869,0.22298850574712645,435,0.19724770642201836,218,0.10344827586206896,87
volume_rel24__w24__delta,0.535950869557439,0.535950869557439,high,0.11967779056386652,869,0.11724137931034483,435,0.13761467889908258,218,0.1724137931034483,87
quote_volume_rel240__w24__q25,0.5359461936430334,0.5359461936430334,high,0.12758620689655173,870,0.12413793103448276,435,0.14220183486238533,218,0.07446808510638298,94
ema_gap_24_72__w240__q75,0.4640665465295499,0.5359334534704501,low,0.16996047430830039,1012,0.20919540229885059,435,0.1926605504587156,218,0.2413793103448276,87
close_vs_sma168__w240__delta,0.46406973157269565,0.5359302684273044,low,0.15420023014959724,869,0.167816091954023,435,0.22477064220183487,218,0.40229885057471265,87
ema_gap_24_72__w72__up_share,0.5359001799346077,0.5359001799346077,high,0.12551867219917012,964,0.09111111111111111,450,0.09090909090909091,220,0.010752688172043012,93
ema72_slope_12h__w24__z,0.46416467296519115,0.5358353270348089,low,0.14499424626006904,869,0.1471264367816092,435,0.11926605504587157,218,0.12643678160919541,87
close_vs_vwap24__w24__q90,0.5357720327731452,0.5357720327731452,high,0.1347678369195923,883,0.1839080459770115,435,0.2616033755274262,237,0.17582417582417584,91
taker_share__w240__late_vs_prev,0.5357422153479504,0.5357422153479504,high,0.16455696202531644,869,0.17011494252873563,435,0.13302752293577982,218,0.1724137931034483,87
volume_rel24__w240__delta,0.5356972859095318,0.5356972859095318,high,0.12082853855005754,869,0.12183908045977011,435,0.14220183486238533,218,0.1724137931034483,87
bb_z__w72__q90,0.4643926407341809,0.535607359265819,low,0.16800920598388952,869,0.16055045871559634,436,0.2785388127853881,219,0.29213483146067415,89
stoch_d__w24__q25,0.46440693954489937,0.5355930604551007,low,0.12643678160919541,870,0.10909090909090909,440,0.10619469026548672,226,0.15555555555555556,90
close_vs_sma24__w72__z,0.4644232035950056,0.5355767964049944,low,0.1277330264672037,869,0.14942528735632185,435,0.14678899082568808,218,0.13793103448275862,87
close_vs_sma24__w72__q90,0.5355202110639996,0.5355202110639996,high,0.1528735632183908,870,0.16299559471365638,454,0.19540229885057472,261,0.35384615384615387,130
quote_volume_rel24__w240__delta,0.5354674206680297,0.5354674206680297,high,0.11852704257767549,869,0.12413793103448276,435,0.14220183486238533,218,0.16091954022988506,87
close_vs_ema12__w72__pos,0.46458930020671607,0.5354106997932839,low,0.09551208285385501,869,0.0896551724137931,435,0.11009174311926606,218,0.11320754716981132,212
volume_rel240__w24__delta,0.5353759353861817,0.5353759353861817,high,0.13003452243958574,869,0.1425287356321839,435,0.16972477064220184,218,0.1839080459770115,87
ema24_slope_6h__w240__max,0.5352856699080918,0.5352856699080918,high,0.13217213114754098,976,0.15082644628099173,484,0.20416666666666666,240,0.20416666666666666,240
ema_gap_6_24__w72__z,0.464737099762057,0.535262900237943,low,0.14499424626006904,869,0.17471264367816092,435,0.2018348623853211,218,0.16091954022988506,87
dist_high240__w24__late_vs_prev,0.4647467226583698,0.5352532773416302,low,0.1852704257767549,869,0.22758620689655173,435,0.25688073394495414,218,0.22988505747126436,87
trades_rel72__w72__diff_std,0.5352200038057877,0.5352200038057877,high,0.17376294591484465,869,0.18850574712643678,435,0.10091743119266056,218,0.21839080459770116,87
lower_wick__w240__up_share,0.4648096780856563,0.5351903219143437,low,0.09922822491730982,907,0.07985480943738657,551,0.10344827586206896,232,0.027777777777777776,108
obv_delta__w72__q75,0.5351673489435685,0.5351673489435685,high,0.19677790563866512,869,0.275626423690205,439,0.21818181818181817,220,0.2553191489361702,94
quote_volume_rel240__w24__delta,0.5351489163534482,0.5351489163534482,high,0.13003452243958574,869,0.14022988505747128,435,0.16055045871559634,218,0.1724137931034483,87
quote_volume_rel240__w240__q75,0.5351247913457906,0.5351247913457906,high,0.21928817451205512,871,0.22121896162528218,443,0.3215686274509804,255,0.24752475247524752,101
macd_pct__w24__late_vs_prev,0.46489621638559675,0.5351037836144033,low,0.18411967779056387,869,0.22758620689655173,435,0.26146788990825687,218,0.2413793103448276,87
quote_volume_rel24__w24__delta,0.5350986333318697,0.5350986333318697,high,0.12082853855005754,869,0.11954022988505747,435,0.13302752293577982,218,0.1724137931034483,87
rebound_low240__w240__delta,0.46495124308845637,0.5350487569115436,low,0.11507479861910241,869,0.13793103448275862,435,0.1743119266055046,218,0.2413793103448276,87
macd_hist_pct__w24__q90,0.5350408281871168,0.5350408281871168,high,0.16091954022988506,870,0.18101545253863136,453,0.20869565217391303,230,0.24719101123595505,89
quote_volume_rel240__w72__mean,0.5350356779045831,0.5350356779045831,high,0.1518987341772152,869,0.14022988505747128,435,0.10550458715596331,218,0.25287356321839083,87
volume_rel24__d24,0.5350017266999862,0.5350017266999862,high,0.11967779056386652,869,0.11954022988505747,435,0.13761467889908258,218,0.1839080459770115,87
volume_rel24__w24__diff_mean,0.5350017266999862,0.5350017266999862,high,0.11967779056386652,869,0.11954022988505747,435,0.13761467889908258,218,0.1839080459770115,87
rebound_low72__w72__q25,0.5349719770416669,0.5349719770416669,high,0.12428078250863062,869,0.1310344827586207,435,0.09090909090909091,220,0.14432989690721648,97
stoch_k__w240__std,0.4650303270320982,0.5349696729679019,low,0.17721518987341772,869,0.10804597701149425,435,0.022935779816513763,218,0.0,87
close_vs_vwap240__w24__diff_mean,0.46517717785118284,0.5348228221488172,low,0.17721518987341772,869,0.24367816091954023,435,0.28440366972477066,218,0.2988505747126437,87
close_vs_vwap240__d24,0.46517717785118284,0.5348228221488172,low,0.17721518987341772,869,0.24367816091954023,435,0.28440366972477066,218,0.2988505747126437,87
close_vs_ema48__w24__q10,0.4651968302450613,0.5348031697549387,low,0.2186421173762946,869,0.27586206896551724,435,0.2981651376146789,218,0.1590909090909091,88
ema24_slope_6h__w72__up_share,0.46523071368278274,0.5347692863172173,low,0.1529535864978903,948,0.125948406676783,659,0.08695652173913043,299,0.030303030303030304,132
atr14_pct__d1,0.5347420440332893,0.5347420440332893,high,0.15074798619102417,869,0.167816091954023,435,0.16055045871559634,218,0.16091954022988506,87
close_vs_ema168__w240__delta,0.46537641246498485,0.5346235875350152,low,0.1565017261219793,869,0.18850574712643678,435,0.2889908256880734,218,0.4482758620689655,87
ema72_slope_12h__w72__q75,0.46537763226874285,0.5346223677312572,low,0.1625,880,0.16551724137931034,435,0.182648401826484,219,0.19101123595505617,89
ema_gap_72_168__w72__late_vs_prev,0.5346089498899196,0.5346089498899196,high,0.1565017261219793,869,0.15632183908045977,435,0.16055045871559634,218,0.11494252873563218,87
close_vs_ema12__w72__q90,0.5346060359142755,0.5346060359142755,high,0.16294642857142858,896,0.12698412698412698,441,0.16289592760180996,221,0.1791044776119403,134
macd_pct__w72__z,0.46541436191523283,0.5345856380847671,low,0.15304948216340622,869,0.17471264367816092,435,0.21100917431192662,218,0.14942528735632185,87
mfi14__w24__up_share,0.46545122709547376,0.5345487729045262,low,0.1310116086235489,1206,0.13846153846153847,585,0.15384615384615385,247,0.15384615384615385,247
volume_rel24__w24__z,0.5345017426929689,0.5345017426929689,high,0.11967779056386652,869,0.11494252873563218,435,0.11009174311926606,218,0.16091954022988506,87
volume_rel72__w240__pos,0.5344858174772398,0.5344858174772398,high,0.12428078250863062,869,0.1425287356321839,435,0.13302752293577982,218,0.09195402298850575,87
stoch_d__w240__accel,0.5344774821515603,0.5344774821515603,high,0.13924050632911392,869,0.15172413793103448,435,0.12385321100917432,218,0.12643678160919541,87
stoch_d__w72__accel,0.5344774821515603,0.5344774821515603,high,0.13924050632911392,869,0.15172413793103448,435,0.12385321100917432,218,0.12643678160919541,87
cci20__w72__q90,0.4655327506466316,0.5344672493533684,low,0.1668584579976985,869,0.182648401826484,438,0.2672413793103448,232,0.22988505747126436,87
trades_rel24__w24__mean,0.5344667749852404,0.5344667749852404,high,0.15420023014959724,869,0.17471264367816092,435,0.21100917431192662,218,0.25287356321839083,87
rsi24__w72__std,0.5344635221752191,0.5344635221752191,high,0.19217491369390102,869,0.2045977011494253,435,0.1743119266055046,218,0.034482758620689655,87
dist_high72__w24__q75,0.4655439321810796,0.5344560678189204,low,0.19542857142857142,875,0.27586206896551724,435,0.3470319634703196,219,0.48314606741573035,89
close_vs_ema168__w24__delta,0.46555003119986943,0.5344499688001305,low,0.19447640966628307,869,0.23448275862068965,435,0.26146788990825687,218,0.26436781609195403,87
bb_width__w72__late_vs_prev,0.46556263583870183,0.5344373641612982,low,0.19217491369390102,869,0.22758620689655173,435,0.3440366972477064,218,0.5632183908045977,87
close_vs_ema48__w240__q90,0.5343985337416695,0.5343985337416695,high,0.07821782178217822,1010,0.07236842105263158,456,0.09876543209876543,243,0.15483870967741936,155
quote_volume_rel240__w24__mean,0.5343841671640754,0.5343841671640754,high,0.15880322209436135,869,0.1425287356321839,435,0.1743119266055046,218,0.05747126436781609,87
close_vs_ema72__w240__q75,0.46564985180739676,0.5343501481926032,low,0.1611047180667434,869,0.16424116424116425,481,0.1689497716894977,219,0.20689655172413793,87
volume_rel24__w72__diff_mean,0.5343494027569733,0.5343494027569733,high,0.11047180667433831,869,0.11724137931034483,435,0.13302752293577982,218,0.1839080459770115,87
bb_z__w24__q25,0.4656862426195096,0.5343137573804904,low,0.1277330264672037,869,0.11161731207289294,439,0.10550458715596331,218,0.056818181818181816,88
quote_volume_rel24__w24__diff_mean,0.5342889547040783,0.5342889547040783,high,0.11967779056386652,869,0.11724137931034483,435,0.13761467889908258,218,0.1724137931034483,87
quote_volume_rel24__d24,0.5342889547040783,0.5342889547040783,high,0.11967779056386652,869,0.11724137931034483,435,0.13761467889908258,218,0.1724137931034483,87
upper_wick__w72__late_vs_prev,0.46571714431471145,0.5342828556852885,low,0.12197928653624857,869,0.10574712643678161,435,0.11009174311926606,218,0.13793103448275862,87
ema24_slope_6h__w72__z,0.46577108674756407,0.5342289132524359,low,0.15420023014959724,869,0.1839080459770115,435,0.19724770642201836,218,0.1839080459770115,87
bb_z__w24__mean,0.4657850467239053,0.5342149532760947,low,0.11967779056386652,869,0.1471264367816092,435,0.16055045871559634,218,0.1724137931034483,87
rebound_low240__w24__q90,0.5341732766476973,0.5341732766476973,high,0.07940161104718067,869,0.1103448275862069,435,0.1651376146788991,218,0.12643678160919541,87
volume_rel72__w24__pos,0.5341585712357262,0.5341585712357262,high,0.11967779056386652,869,0.11182795698924732,465,0.11182795698924732,465,0.11182795698924732,465
ema24_slope_6h__w24__z,0.4658641984344225,0.5341358015655775,low,0.13118527042577677,869,0.14482758620689656,435,0.14678899082568808,218,0.14942528735632185,87
dist_high72__w72__late_vs_prev,0.4658862904358169,0.534113709564183,low,0.16570771001150747,869,0.20919540229885059,435,0.27522935779816515,218,0.3218390804597701,87
rebound_low24__w240__up_share,0.46591929290415757,0.5340807070958424,low,0.1434468524251806,969,0.15845824411134904,467,0.15331010452961671,287,0.15333333333333332,150
close_vs_vwap240__w240__z,0.46592532415607196,0.5340746758439281,low,0.13693901035673187,869,0.11494252873563218,435,0.12844036697247707,218,0.09195402298850575,87
close_vs_ema72__w24__q25,0.4659371833592745,0.5340628166407255,low,0.20885357548240635,881,0.27816091954022987,435,0.2409090909090909,220,0.14432989690721648,97
close_vs_ema240__w24__delta,0.4659785889201701,0.5340214110798299,low,0.18872266973532797,869,0.23908045977011494,435,0.2798165137614679,218,0.25287356321839083,87
trades_rel72__w24__q90,0.5339047165203173,0.5339047165203173,high,0.20771850170261066,881,0.26905829596412556,446,0.30603448275862066,232,0.21839080459770116,87
close_vs_ema168__w24__diff_mean,0.466117375481077,0.533882624518923,low,0.19447640966628307,869,0.24597701149425288,435,0.25688073394495414,218,0.20689655172413793,87
close_vs_ema168__d24,0.466117375481077,0.533882624518923,low,0.19447640966628307,869,0.24597701149425288,435,0.25688073394495414,218,0.20689655172413793,87
bb_width__w24__z,0.5338822179176703,0.5338822179176703,high,0.12197928653624857,869,0.12873563218390804,435,0.13761467889908258,218,0.14942528735632185,87
body_pct__w72__pos,0.466120424990472,0.533879575009528,low,0.12428078250863062,869,0.11264367816091954,435,0.10550458715596331,218,0.12307692307692308,130
quote_volume_rel72__w24__pos,0.5338691389107099,0.5338691389107099,high,0.11967779056386652,869,0.11471861471861472,462,0.11471861471861472,462,0.11471861471861472,462
adx14__w72__q90,0.5338323414973443,0.5338323414973443,high,0.11277330264672036,869,0.11963882618510158,443,0.13302752293577982,218,0.07575757575757576,132
close_vs_ema6__d24,0.46617795906772297,0.533822040932277,low,0.18181818181818182,869,0.21379310344827587,435,0.24770642201834864,218,0.3218390804597701,87
close_vs_ema6__w24__diff_mean,0.46617795906772297,0.533822040932277,low,0.18181818181818182,869,0.21379310344827587,435,0.24770642201834864,218,0.3218390804597701,87
ema168_slope_24h__d1,0.4662136044442059,0.5337863955557941,low,0.19447640966628307,869,0.24597701149425288,435,0.25688073394495414,218,0.21839080459770116,87
avg_trade_quote_rel72__w24__delta,0.46621617958547273,0.5337838204145273,low,0.13463751438434982,869,0.14942528735632185,435,0.12844036697247707,218,0.14942528735632185,87
trades_rel24__w24__pos,0.5337740619844635,0.5337740619844635,high,0.12428078250863062,869,0.13763440860215054,465,0.13763440860215054,465,0.13763440860215054,465
close_location__w24__up_share,0.4662335956724616,0.5337664043275384,low,0.11177347242921014,1342,0.11177347242921014,1342,0.11484593837535013,357,0.11484593837535013,357
quote_volume_rel24__w72__diff_mean,0.53374749736929,0.53374749736929,high,0.11047180667433831,869,0.11954022988505747,435,0.13302752293577982,218,0.1839080459770115,87
quote_volume_rel24__w24__z,0.5336806792301032,0.5336806792301032,high,0.12082853855005754,869,0.11724137931034483,435,0.10550458715596331,218,0.16091954022988506,87
ema72_slope_12h__w24__q10,0.46632447105243047,0.5336755289475695,low,0.21518987341772153,869,0.2942528735632184,435,0.2599118942731278,227,0.25773195876288657,97
bb_width__w240__min,0.5336374439635707,0.5336374439635707,high,0.1456953642384106,906,0.18604651162790697,473,0.21145374449339208,227,0.21145374449339208,227
close_vs_ema12__w72__accel,0.5336156230296781,0.5336156230296781,high,0.15765247410817032,869,0.18850574712643678,435,0.22018348623853212,218,0.26436781609195403,87
close_vs_ema12__w240__accel,0.5336156230296781,0.5336156230296781,high,0.15765247410817032,869,0.18850574712643678,435,0.22018348623853212,218,0.26436781609195403,87
ema72_slope_12h__w24__diff_mean,0.4663850546390763,0.5336149453609237,low,0.1806674338319908,869,0.21379310344827587,435,0.22018348623853212,218,0.22988505747126436,87
ema72_slope_12h__d24,0.4663850546390763,0.5336149453609237,low,0.1806674338319908,869,0.21379310344827587,435,0.22018348623853212,218,0.22988505747126436,87
volume_rel72__w72__pos,0.5335616128299501,0.5335616128299501,high,0.11392405063291139,869,0.10344827586206896,435,0.11009174311926606,218,0.10062893081761007,159
quote_volume_rel72__w72__pos,0.5335605963268185,0.5335605963268185,high,0.11392405063291139,869,0.10114942528735632,435,0.10550458715596331,218,0.10828025477707007,157
cci20__w240__late_vs_prev,0.5335296946316166,0.5335296946316166,high,0.12428078250863062,869,0.10574712643678161,435,0.11467889908256881,218,0.05747126436781609,87
bb_z__w24__q90,0.4664941593085393,0.5335058406914607,low,0.11098398169336385,874,0.15454545454545454,440,0.1780821917808219,219,0.1839080459770115,87
obv_delta__w72__min,0.4665157769418056,0.5334842230581944,low,0.21094640820980615,877,0.23446893787575152,499,0.3263888888888889,288,0.2986111111111111,144
cci20__w24__q90,0.46653000798564864,0.5334699920143513,low,0.10894495412844037,872,0.11724137931034483,435,0.21100917431192662,218,0.3103448275862069,87
rebound_low240__w72__q90,0.5334459347735692,0.5334459347735692,high,0.09041394335511982,918,0.1434878587196468,453,0.2798165137614679,218,0.36065573770491804,122
volume_rel240__w240__std,0.5334199800602746,0.5334199800602746,high,0.15304948216340622,869,0.21149425287356322,435,0.13302752293577982,218,0.26436781609195403,87
ema_gap_24_72__w72__q90,0.4666561899077232,0.5333438100922768,low,0.18296892980437285,869,0.19080459770114944,435,0.1896551724137931,232,0.13333333333333333,90
macd_signal_pct__d1,0.46667048871844163,0.5333295112815584,low,0.18181818181818182,869,0.21839080459770116,435,0.22935779816513763,218,0.21839080459770116,87
macd_hist_pct__now,0.46667658773723153,0.5333234122627685,low,0.18181818181818182,869,0.22758620689655173,435,0.24770642201834864,218,0.2413793103448276,87
ema24_slope_6h__w24__pos,0.466709861273074,0.533290138726926,low,0.12092686459087618,1381,0.12092686459087618,1381,0.12092686459087618,1381,0.12092686459087618,1381
close_vs_ema240__w240__q75,0.46680209199055167,0.5331979080094483,low,0.16340621403912542,869,0.1720183486238532,436,0.22477064220183487,218,0.2413793103448276,87
close_vs_sma72__w240__q90,0.5331772391124383,0.5331772391124383,high,0.08116545265348596,961,0.09106239460370995,593,0.08991825613079019,367,0.04225352112676056,213
abs_body_pct__w72__z,0.5331641601054777,0.5331641601054777,high,0.13578826237054084,869,0.1310344827586207,435,0.11467889908256881,218,0.05747126436781609,87
mfi14__w24__diff_std,0.533113538249522,0.533113538249522,high,0.13118527042577677,869,0.15172413793103448,435,0.13761467889908258,218,0.10344827586206896,87
dist_high240__d6,0.46689032446237827,0.5331096755376217,low,0.17491369390103567,869,0.20229885057471264,435,0.21559633027522937,218,0.1839080459770115,87
close_vs_ema240__d24,0.4669011671624491,0.5330988328375509,low,0.19102416570771003,869,0.2482758620689655,435,0.27522935779816515,218,0.20689655172413793,87
close_vs_ema240__w24__diff_mean,0.4669011671624491,0.5330988328375509,low,0.19102416570771003,869,0.2482758620689655,435,0.27522935779816515,218,0.20689655172413793,87
stoch_d__w240__up_share,0.46694386029397816,0.5330561397060218,low,0.06707855251544571,1133,0.07093425605536333,578,0.05514705882352941,272,0.07079646017699115,113
volume_rel24__w72__z,0.5330482787484705,0.5330482787484705,high,0.11162255466052934,869,0.10574712643678161,435,0.11926605504587157,218,0.12643678160919541,87
quote_volume_rel72__w72__z,0.5330379781834031,0.5330379781834031,high,0.10701956271576525,869,0.10114942528735632,435,0.0963302752293578,218,0.12643678160919541,87
ema_gap_6_24__w24__z,0.4669635126878566,0.5330364873121434,low,0.12313003452243959,869,0.13793103448275862,435,0.14678899082568808,218,0.14942528735632185,87
volume_rel72__w72__z,0.532974751688615,0.532974751688615,high,0.10356731875719218,869,0.09655172413793103,435,0.11009174311926606,218,0.12643678160919541,87
volume_rel240__w24__diff_mean,0.5329090855863109,0.5329090855863109,high,0.13118527042577677,869,0.14022988505747128,435,0.16055045871559634,218,0.19540229885057472,87
volume_rel240__d24,0.5329090855863109,0.5329090855863109,high,0.13118527042577677,869,0.14022988505747128,435,0.16055045871559634,218,0.19540229885057472,87
ema72_slope_12h__d6,0.46710324798501973,0.5328967520149803,low,0.1806674338319908,869,0.22298850574712645,435,0.26146788990825687,218,0.14942528735632185,87
volume_rel240__d12,0.5328246480595091,0.5328246480595091,high,0.11507479861910241,869,0.12643678160919541,435,0.1651376146788991,218,0.16091954022988506,87
trades_rel240__w72__mean,0.5327925265605491,0.5327925265605491,high,0.17491369390103567,869,0.1793103448275862,435,0.1834862385321101,218,0.16091954022988506,87
dist_high240__w240__max,0.46723376698712266,0.5327662330128773,low,0.13160518444666003,1003,0.1556350626118068,559,0.22983870967741934,248,0.3103448275862069,87
rsi24__w72__late_vs_prev,0.46723708756401927,0.5327629124359807,low,0.10241657077100115,869,0.11494252873563218,435,0.14678899082568808,218,0.13793103448275862,87
atr24_pct__w72__min,0.5327438021771058,0.5327438021771058,high,0.1952326901248581,881,0.22958057395143489,453,0.2570281124497992,249,0.11235955056179775,89
close_vs_vwap24__w240__accel,0.5327303165688927,0.5327303165688927,high,0.16340621403912542,869,0.18160919540229886,435,0.23394495412844038,218,0.27586206896551724,87
close_vs_vwap24__w72__accel,0.5327303165688927,0.5327303165688927,high,0.16340621403912542,869,0.18160919540229886,435,0.23394495412844038,218,0.27586206896551724,87
log_ret__w72__pos,0.4673285050789918,0.5326714949210082,low,0.12428078250863062,869,0.11264367816091954,435,0.10550458715596331,218,0.12307692307692308,130
close_vs_ema24__w240__late_vs_prev,0.5326190433594155,0.5326190433594155,high,0.17491369390103567,869,0.16551724137931034,435,0.11926605504587157,218,0.09195402298850575,87
close_location__w72__q25,0.4674209390970958,0.5325790609029042,low,0.1672316384180791,885,0.19318181818181818,440,0.1409090909090909,220,0.2222222222222222,90
quote_volume_rel240__w24__diff_mean,0.5325526318214815,0.5325526318214815,high,0.12082853855005754,869,0.135632183908046,435,0.14220183486238533,218,0.1839080459770115,87
quote_volume_rel240__d24,0.5325526318214815,0.5325526318214815,high,0.12082853855005754,869,0.135632183908046,435,0.14220183486238533,218,0.1839080459770115,87
ema24_slope_6h__w72__max,0.5325463972689407,0.5325463972689407,high,0.14132762312633834,934,0.2178649237472767,459,0.21397379912663755,229,0.3310810810810811,148
macd_pct__w24__min,0.4674538060316856,0.5325461939683144,low,0.21173762945914845,869,0.30114942528735633,435,0.3212669683257919,221,0.3431372549019608,102
bb_z__w240__late_vs_prev,0.5324997736586361,0.5324997736586361,high,0.12543153049482164,869,0.10344827586206896,435,0.11009174311926606,218,0.022988505747126436,87
volume_rel240__w240__mean,0.5324742255465942,0.5324742255465942,high,0.17836593785960875,869,0.22988505747126436,435,0.38073394495412843,218,0.28735632183908044,87
close_vs_vwap72__w72__late_vs_prev,0.46755979342487825,0.5324402065751217,low,0.1668584579976985,869,0.18620689655172415,435,0.21559633027522937,218,0.3218390804597701,87
trades_rel24__w72__z,0.5324066619717776,0.5324066619717776,high,0.11392405063291139,869,0.1103448275862069,435,0.11467889908256881,218,0.13793103448275862,87
ema6_slope_3h__w240__up_share,0.46768102836504544,0.5323189716349546,low,0.17233809001097694,911,0.19715447154471544,492,0.21266968325791855,221,0.18840579710144928,138
lower_wick__w24__max,0.4676913289301128,0.5323086710698872,low,0.06538895152198422,887,0.06206896551724138,435,0.05829596412556054,223,0.044444444444444446,90
bb_width__w24__late_vs_prev,0.5322566261095472,0.5322566261095472,high,0.1611047180667434,869,0.19540229885057472,435,0.18807339449541285,218,0.14942528735632185,87
rsi6__w24__delta,0.4677603833761891,0.5322396166238109,low,0.12888377445339472,869,0.1425287356321839,435,0.14220183486238533,218,0.13793103448275862,87
trades_rel240__w24__max,0.5322215906349431,0.5322215906349431,high,0.1345496009122007,877,0.14187643020594964,437,0.07589285714285714,224,0.13541666666666666,96
ema_gap_24_72__d12,0.467832284031034,0.532167715968966,low,0.19907940161104717,869,0.26436781609195403,435,0.25229357798165136,218,0.16091954022988506,87
close_vs_vwap72__now,0.4678522074924142,0.5321477925075858,low,0.16570771001150747,869,0.2,435,0.22935779816513763,218,0.26436781609195403,87
trades_rel72__w240__q25,0.5321463016363261,0.5321463016363261,high,0.13058419243986255,873,0.10250569476082004,439,0.04128440366972477,218,0.0,89
rsi6__w24__q10,0.4678621692231042,0.5321378307768958,low,0.09897610921501707,879,0.1103448275862069,435,0.11688311688311688,231,0.23333333333333334,90
bb_z__w24__diff_mean,0.467872673088798,0.532127326911202,low,0.14844649021864212,869,0.1632183908045977,435,0.18807339449541285,218,0.14942528735632185,87
bb_z__d24,0.467872673088798,0.532127326911202,low,0.14844649021864212,869,0.1632183908045977,435,0.18807339449541285,218,0.14942528735632185,87
lower_wick__w24__q75,0.46790486235463336,0.5320951376453666,low,0.12055109070034443,871,0.11670480549199085,437,0.11363636363636363,220,0.1590909090909091,88
quote_volume_rel240__d12,0.5320605087720154,0.5320605087720154,high,0.11622554660529344,869,0.12643678160919541,435,0.15137614678899083,218,0.1839080459770115,87
volume_rel240__w72__up_share,0.46801247615283653,0.5319875238471634,low,0.11777777777777777,900,0.12903225806451613,496,0.13761467889908258,218,0.13761467889908258,218
ema_gap_24_72__w240__late_vs_prev,0.5319847454052703,0.5319847454052703,high,0.17491369390103567,869,0.17701149425287357,435,0.21100917431192662,218,0.3218390804597701,87
volume_rel72__w24__std,0.5319551990475773,0.5319551990475773,high,0.18757192174913695,869,0.24597701149425288,435,0.23394495412844038,218,0.16091954022988506,87
quote_volume_rel24__w72__z,0.5319180627998346,0.5319180627998346,high,0.11507479861910241,869,0.10574712643678161,435,0.11926605504587157,218,0.12643678160919541,87
macd_signal_pct__w240__max,0.5318672376432524,0.5318672376432524,high,0.12690355329949238,985,0.1862348178137652,494,0.20416666666666666,240,0.20416666666666666,240
dist_high24__w72__z,0.4681727448132589,0.5318272551867411,low,0.12888377445339472,869,0.13333333333333333,435,0.1559633027522936,218,0.1839080459770115,87
dist_high240__w240__z,0.4682002581646887,0.5317997418353113,low,0.16570771001150747,869,0.1839080459770115,435,0.17889908256880735,218,0.09195402298850575,87
ema6_slope_3h__w240__q75,0.5317923552458881,0.5317923552458881,high,0.15747126436781608,870,0.12413793103448276,435,0.13901345291479822,223,0.06896551724137931,87
close_vs_sma72__w72__late_vs_prev,0.46822933015425366,0.5317706698457463,low,0.16340621403912542,869,0.15632183908045977,435,0.1834862385321101,218,0.27586206896551724,87
bb_z__w24__std,0.5317670782013479,0.5317670782013479,high,0.10356731875719218,869,0.10344827586206896,435,0.0779816513761468,218,0.09195402298850575,87
adx14__w72__std,0.5317093408234705,0.5317093408234705,high,0.11622554660529344,869,0.15862068965517243,435,0.1743119266055046,218,0.19540229885057472,87
rsi24__w240__q90,0.46834704121689796,0.531652958783102,low,0.12543153049482164,869,0.12814645308924486,437,0.18807339449541285,218,0.20224719101123595,89
close_vs_sma72__w72__up_share,0.46844570978754274,0.5315542902124573,low,0.11447492904446546,1057,0.09748892171344166,677,0.10079575596816977,377,0.10194174757281553,206
abs_body_pct__w24__delta,0.5315429053773829,0.5315429053773829,high,0.16340621403912542,869,0.18160919540229886,435,0.22018348623853212,218,0.1839080459770115,87
dist_high24__w240__z,0.4685195756817754,0.5314804243182246,low,0.14959723820483314,869,0.15402298850574714,435,0.16055045871559634,218,0.12643678160919541,87
rebound_low240__w72__q75,0.5314710724894134,0.5314710724894134,high,0.10857142857142857,875,0.14541387024608501,447,0.27522935779816515,218,0.30303030303030304,99
ema_gap_6_24__w24__pos,0.46858815575972357,0.5314118442402764,low,0.11178707224334601,1315,0.11178707224334601,1315,0.11178707224334601,1315,0.11178707224334601,1315
atr6_pct__w24__up_share,0.5313690155749965,0.5313690155749965,high,0.11288483466362599,877,0.11288483466362599,877,0.1100244498777506,409,0.13142857142857142,175
rsi24__now,0.468664122427095,0.531335877572905,low,0.1277330264672037,869,0.1425287356321839,435,0.16972477064220184,218,0.19540229885057472,87
ema168_slope_24h__d3,0.468668391740248,0.531331608259752,low,0.19792865362485615,869,0.2367816091954023,435,0.2706422018348624,218,0.20689655172413793,87
rsi6__w240__late_vs_prev,0.5312763104893907,0.5312763104893907,high,0.12658227848101267,869,0.12643678160919541,435,0.027522935779816515,218,0.011494252873563218,87
quote_volume_rel240__w72__q10,0.4687393436588367,0.5312606563411633,low,0.22939866369710468,898,0.22123893805309736,452,0.21818181818181817,220,0.13513513513513514,111
stoch_k__w24__delta,0.46877315932968255,0.5312268406703174,low,0.14844649021864212,869,0.15402298850574714,435,0.14220183486238533,218,0.19540229885057472,87
close_vs_vwap72__w24__max,0.5312115253564673,0.5312115253564673,high,0.12888377445339472,869,0.07568807339449542,436,0.10267857142857142,224,0.0898876404494382,89
trades_rel240__w24__min,0.5311874681156852,0.5311874681156852,high,0.1012514220705347,879,0.12585812356979406,437,0.1630901287553648,233,0.22988505747126436,87
dist_high24__w72__delta,0.4688569191877299,0.5311430808122701,low,0.20368239355581128,869,0.23448275862068965,435,0.23394495412844038,218,0.22988505747126436,87
macd_hist_pct__w72__accel,0.5311236994858933,0.5311236994858933,high,0.1760644418872267,869,0.18850574712643678,435,0.25229357798165136,218,0.2988505747126437,87
macd_hist_pct__w240__accel,0.5311236994858933,0.5311236994858933,high,0.1760644418872267,869,0.18850574712643678,435,0.25229357798165136,218,0.2988505747126437,87
trades_rel24__w72__max,0.5311206499764984,0.5311206499764984,high,0.19594594594594594,888,0.1610337972166998,503,0.19444444444444445,288,0.2777777777777778,144
rsi6__w24__q25,0.4688845003060352,0.5311154996939649,low,0.10689655172413794,870,0.09662921348314607,445,0.09691629955947137,227,0.1346153846153846,104
dist_high24__w240__up_share,0.46890706667555765,0.5310929333244423,low,0.17070484581497797,908,0.15370705244122965,553,0.15765765765765766,222,0.009900990099009901,101
ema168_slope_24h__w24__up_share,0.5310830393606276,0.5310830393606276,high,0.11297071129707113,956,0.11297071129707113,956,0.11297071129707113,956,0.11297071129707113,956
close_vs_ema6__w24__q90,0.531063048132372,0.531063048132372,high,0.10633484162895927,884,0.15632183908045977,435,0.13761467889908258,218,0.1134020618556701,97
taker_share__w24__min,0.5310529508679311,0.5310529508679311,high,0.14057142857142857,875,0.09885057471264368,435,0.0730593607305936,219,0.0,89
dist_high72__w24__q90,0.4689494887395849,0.5310505112604151,low,0.1839080459770115,870,0.271264367816092,435,0.3607305936073059,219,0.5402298850574713,87
rsi6__w72__mean,0.468958840568396,0.531041159431604,low,0.14499424626006904,869,0.18620689655172415,435,0.22477064220183487,218,0.1839080459770115,87
trades_rel72__w24__z,0.5310051074538684,0.5310051074538684,high,0.10817031070195628,869,0.10574712643678161,435,0.11926605504587157,218,0.14942528735632185,87
volume_rel240__w24__q90,0.5309756966299262,0.5309756966299262,high,0.16628440366972477,872,0.17225950782997762,447,0.14414414414414414,222,0.10344827586206896,87
taker_share__w240__pos,0.5309483865791227,0.5309483865791227,high,0.11162255466052934,869,0.09195402298850575,435,0.10550458715596331,218,0.08045977011494253,87
range_pct__d12,0.5309445238672225,0.5309445238672225,high,0.15074798619102417,869,0.17011494252873563,435,0.1926605504587156,218,0.1724137931034483,87
ema24_slope_6h__d12,0.4690896306380007,0.5309103693619993,low,0.18411967779056387,869,0.20229885057471264,435,0.16972477064220184,218,0.14942528735632185,87
avg_trade_quote_rel24__w24__q25,0.46910467488434904,0.530895325115651,low,0.1278538812785388,876,0.2160919540229885,435,0.12669683257918551,221,0.15053763440860216,93
upper_wick__w24__q10,0.5308681505985984,0.5308681505985984,high,0.09621993127147767,873,0.06896551724137931,435,0.05045871559633028,218,0.0898876404494382,89
upper_wick__w240__max,0.4691516373290309,0.530848362670969,low,0.07568807339449542,872,0.08839779005524862,543,0.05167173252279635,329,0.0,136
stoch_k__w72__std,0.46916817244663905,0.530831827553361,low,0.11162255466052934,869,0.09425287356321839,435,0.07339449541284404,218,0.13793103448275862,87
cci20__w24__diff_mean,0.46919480482868803,0.530805195171312,low,0.14959723820483314,869,0.1724137931034483,435,0.1834862385321101,218,0.21839080459770116,87
cci20__d24,0.46919480482868803,0.530805195171312,low,0.14959723820483314,869,0.1724137931034483,435,0.1834862385321101,218,0.21839080459770116,87
rsi14__w72__mean,0.46919704113557764,0.5308029588644223,low,0.12658227848101267,869,0.1839080459770115,435,0.24311926605504589,218,0.14942528735632185,87
ema_gap_6_24__d12,0.4691988708412146,0.5308011291587854,low,0.18411967779056387,869,0.2045977011494253,435,0.19724770642201836,218,0.1724137931034483,87
quote_volume_rel72__w24__std,0.5307619599047794,0.5307619599047794,high,0.1760644418872267,869,0.23448275862068965,435,0.22018348623853212,218,0.14942528735632185,87
ema_gap_6_24__w72__max,0.5307557931191141,0.5307557931191141,high,0.12460063897763578,939,0.16417910447761194,469,0.21120689655172414,232,0.32450331125827814,151
bb_width__d3,0.5307420364433992,0.5307420364433992,high,0.1380897583429229,869,0.1471264367816092,435,0.1559633027522936,218,0.13793103448275862,87
volume_rel24__w72__up_share,0.4693162430694816,0.5306837569305184,low,0.09484193011647254,1202,0.10385259631490787,597,0.11587982832618025,233,0.11587982832618025,233
ema_gap_24_72__w24__q25,0.46932830557331046,0.5306716944266896,low,0.19592298980747452,883,0.21896162528216703,443,0.2798165137614679,218,0.28735632183908044,87
avg_trade_quote_rel72__w72__q90,0.5306475016521565,0.5306475016521565,high,0.1864406779661017,885,0.16363636363636364,440,0.16818181818181818,220,0.08411214953271028,107
trades_rel240__w240__q10,0.5305915939799161,0.5305915939799161,high,0.1285878300803674,871,0.1463963963963964,444,0.10550458715596331,218,0.06382978723404255,94
macd_fast_hist_pct__w24__q90,0.5305459191058676,0.5305459191058676,high,0.17951668584579977,869,0.1473922902494331,441,0.1794871794871795,234,0.10227272727272728,88
lower_wick__w24__std,0.46946661776608933,0.5305333822339107,low,0.12197928653624857,869,0.11954022988505747,435,0.11009174311926606,218,0.12643678160919541,87
atr24_pct__w24__z,0.5305188123556904,0.5305188123556904,high,0.11737629459148446,869,0.11724137931034483,435,0.13302752293577982,218,0.12643678160919541,87
taker_share__w240__q75,0.46948118764430957,0.5305188123556904,low,0.07692307692307693,871,0.1159090909090909,440,0.14522821576763487,241,0.21739130434782608,92
ema_gap_6_24__w72__up_share,0.46949460548564725,0.5305053945143527,low,0.14486486486486486,925,0.14710743801652892,605,0.1320754716981132,265,0.08602150537634409,93
avg_trade_quote_rel72__w240__q10,0.46950314411195304,0.530496855888047,low,0.09312169312169312,945,0.07972665148063782,439,0.03765690376569038,239,0.09473684210526316,95
ema6_slope_3h__w24__q90,0.5304893337648728,0.5304893337648728,high,0.10795454545454546,880,0.133630289532294,449,0.14163090128755365,233,0.11235955056179775,89
bb_z__w240__max,0.46953675648217275,0.5304632435178273,low,0.12971926427879962,1033,0.138671875,512,0.054474708171206226,257,0.12371134020618557,97
trades_rel24__w72__min,0.5304574155665391,0.5304574155665391,high,0.10090702947845805,882,0.1227364185110664,497,0.16216216216216217,222,0.22115384615384615,104
ema_gap_24_72__w72__max,0.4697035307626376,0.5302964692373624,low,0.17299107142857142,896,0.21839080459770116,435,0.1834862385321101,218,0.1956521739130435,138
abs_body_pct__w24__pos,0.5302639411371498,0.5302639411371498,high,0.12197928653624857,869,0.11724137931034483,435,0.11893203883495146,412,0.11893203883495146,412
ema72_slope_12h__w24__pos,0.46973978604099953,0.5302602139590005,low,0.11504007543611504,2121,0.11504007543611504,2121,0.11504007543611504,2121,0.11504007543611504,2121
trades_rel72__w24__delta,0.5301936668873156,0.5301936668873156,high,0.1277330264672037,869,0.14942528735632185,435,0.19724770642201836,218,0.1724137931034483,87
dist_high24__w24__late_vs_prev,0.46992926222473774,0.5300707377752623,low,0.18642117376294592,869,0.22988505747126436,435,0.2889908256880734,218,0.1839080459770115,87
trades_rel240__w24__std,0.5300657230264795,0.5300657230264795,high,0.1380897583429229,869,0.13793103448275862,435,0.0871559633027523,218,0.08045977011494253,87
rebound_low72__w240__z,0.5300253339687155,0.5300253339687155,high,0.13003452243958574,869,0.11264367816091954,435,0.01834862385321101,218,0.011494252873563218,87
atr24_pct__w72__q10,0.5299978206172858,0.5299978206172858,high,0.19447640966628307,869,0.22298850574712645,435,0.22477064220183487,218,0.13636363636363635,88
abs_body_pct__w240__pos,0.5299866390828377,0.5299866390828377,high,0.1334867663981588,869,0.15862068965517243,435,0.14220183486238533,218,0.12643678160919541,87
macd_hist_pct__w240__z,0.4700170880953116,0.5299829119046884,low,0.13924050632911392,869,0.14022988505747128,435,0.1559633027522936,218,0.11494252873563218,87
bb_z__w240__diff_std,0.5299741022108808,0.5299741022108808,high,0.1518987341772152,869,0.06666666666666667,435,0.08256880733944955,218,0.011494252873563218,87
stoch_k__w24__std,0.5299255811280636,0.5299255811280636,high,0.12543153049482164,869,0.12873563218390804,435,0.10091743119266056,218,0.05747126436781609,87
stoch_d__w240__late_vs_prev,0.529830300901191,0.529830300901191,high,0.12313003452243959,869,0.12643678160919541,435,0.11926605504587157,218,0.022988505747126436,87
adx14__w240__mean,0.5297885565059182,0.5297885565059182,high,0.1760644418872267,869,0.18850574712643678,435,0.20642201834862386,218,0.14942528735632185,87
close_location__w72__std,0.47021171456158356,0.5297882854384164,low,0.12658227848101267,869,0.08275862068965517,435,0.0779816513761468,218,0.05747126436781609,87
volume_rel72__w24__max,0.5297260076798844,0.5297260076798844,high,0.17775229357798164,872,0.24770642201834864,436,0.23660714285714285,224,0.17307692307692307,104
bb_width__w72__pos,0.5296815526095939,0.5296815526095939,high,0.11162255466052934,869,0.11022364217252396,626,0.11022364217252396,626,0.11022364217252396,626
close_vs_vwap72__w72__max,0.5296483468406269,0.5296483468406269,high,0.11672278338945005,891,0.16964285714285715,448,0.2145922746781116,233,0.3184713375796178,157
rsi6__w72__q75,0.4703957693952864,0.5296042306047136,low,0.12888377445339472,869,0.1425287356321839,435,0.15546218487394958,238,0.21348314606741572,89
range_pct__w24__up_share,0.5295800378301806,0.5295800378301806,high,0.12114882506527415,1915,0.1570945945945946,592,0.1570945945945946,592,0.20300751879699247,133
close_vs_ema48__w240__max,0.5295058331015706,0.5295058331015706,high,0.10612244897959183,980,0.15163934426229508,488,0.20416666666666666,240,0.20416666666666666,240
macd_signal_pct__w72__mean,0.4705188340410906,0.5294811659589094,low,0.17836593785960875,869,0.2,435,0.25229357798165136,218,0.25287356321839083,87
avg_trade_quote_rel72__w72__mean,0.5294766933451301,0.5294766933451301,high,0.18872266973532797,869,0.1793103448275862,435,0.11009174311926606,218,0.09195402298850575,87
dist_high72__w240__max,0.470579485394612,0.5294205146053881,low,0.11011011011011011,999,0.2165991902834008,494,0.22282608695652173,368,0.18181818181818182,88
avg_trade_quote_rel24__w240__accel,0.5293846659282788,0.5293846659282788,high,0.12888377445339472,869,0.1310344827586207,435,0.12844036697247707,218,0.10344827586206896,87
avg_trade_quote_rel24__w72__accel,0.5293846659282788,0.5293846659282788,high,0.12888377445339472,869,0.1310344827586207,435,0.12844036697247707,218,0.10344827586206896,87
trades_rel24__w24__q90,0.5293757884675958,0.5293757884675958,high,0.18129988597491448,877,0.182648401826484,438,0.1689497716894977,219,0.21359223300970873,103
rsi24__w72__max,0.470652944687592,0.529347055312408,low,0.13333333333333333,870,0.13742071881606766,473,0.09954751131221719,221,0.19791666666666666,96
close_vs_ema24__w72__pos,0.47066392292141374,0.5293360770785862,low,0.08860759493670886,869,0.09655172413793103,435,0.10740740740740741,270,0.10740740740740741,270
dist_high24__w72__diff_mean,0.4706740201858547,0.5293259798141453,low,0.20713463751438435,869,0.24597701149425288,435,0.24311926605504589,218,0.25287356321839083,87
close_vs_vwap72__w24__min,0.47070810692420245,0.5292918930757975,low,0.20709382151029748,874,0.25165562913907286,453,0.3486238532110092,218,0.2604166666666667,96
avg_trade_quote_rel24__w24__max,0.47071454477736957,0.5292854552226305,low,0.13559322033898305,885,0.1232876712328767,438,0.08256880733944955,218,0.05555555555555555,90
bb_z__w240__up_share,0.5292837610507444,0.5292837610507444,high,0.14314928425357873,978,0.16952380952380952,525,0.18025751072961374,233,0.2717391304347826,92
cci20__w24__delta,0.4707486992825928,0.5292513007174072,low,0.14844649021864212,869,0.18160919540229886,435,0.19724770642201836,218,0.16091954022988506,87
close_vs_sma24__w24__mean,0.4707820405853107,0.5292179594146893,low,0.1714614499424626,869,0.24367816091954023,435,0.3073394495412844,218,0.2988505747126437,87
close_vs_ema48__w240__up_share,0.5291684895956161,0.5291684895956161,high,0.1079219288174512,871,0.09030837004405286,454,0.06930693069306931,303,0.0425531914893617,94
rebound_low240__w240__up_share,0.47085678744892406,0.529143212551076,low,0.11638418079096045,885,0.10413223140495868,605,0.15246636771300448,223,0.24489795918367346,98
ema_gap_72_168__w72__pos,0.5291381300354177,0.5291381300354177,high,0.13839701770736254,2146,0.13839701770736254,2146,0.13839701770736254,2146,0.13839701770736254,2146
dist_high240__w240__pos,0.4708695953883828,0.5291304046116172,low,0.1518987341772152,869,0.19080459770114944,435,0.16972477064220184,218,0.16990291262135923,206
rebound_low240__w240__pos,0.4708742035359129,0.5291257964640871,low,0.11277330264672036,869,0.08505747126436781,435,0.0871559633027523,218,0.08530805687203792,211
ema_gap_6_24__w24__max,0.5291190197765427,0.5291190197765427,high,0.12570145903479238,891,0.08968609865470852,446,0.05429864253393665,221,0.11363636363636363,88
abs_body_pct__w72__up_share,0.529083103332558,0.529083103332558,high,0.1523687580025608,1562,0.1561771561771562,858,0.09433962264150944,424,0.0427807486631016,187
rsi6__w24__mean,0.4709187263730789,0.529081273626921,low,0.1334867663981588,869,0.12643678160919541,435,0.12844036697247707,218,0.19540229885057472,87
avg_trade_quote_rel72__w240__q90,0.5290447472810574,0.5290447472810574,high,0.17678958785249457,922,0.19310344827586207,435,0.2088888888888889,225,0.29545454545454547,88
ema24_slope_6h__w24__max,0.5290372929247587,0.5290372929247587,high,0.10971428571428571,875,0.08390022675736962,441,0.10550458715596331,218,0.12643678160919541,87
bb_z__w72__mean,0.47097314317405947,0.5290268568259405,low,0.12543153049482164,869,0.1724137931034483,435,0.21100917431192662,218,0.22988505747126436,87
rsi14__w72__q75,0.4709740919103157,0.5290259080896843,low,0.12658227848101267,869,0.1492204899777283,449,0.1872146118721461,219,0.19540229885057472,87
cci20__w72__mean,0.4710278988094173,0.5289721011905827,low,0.12428078250863062,869,0.15862068965517243,435,0.1834862385321101,218,0.22988505747126436,87
stoch_k__w240__late_vs_prev,0.5288975576275955,0.5288975576275955,high,0.11507479861910241,869,0.11724137931034483,435,0.11467889908256881,218,0.011494252873563218,87
cci20__w72__q75,0.47111016779620496,0.528889832203795,low,0.12413793103448276,870,0.13656387665198239,454,0.1552511415525114,219,0.21839080459770116,87
log_ret__w72__mean,0.47113334406760643,0.5288666559323936,low,0.19332566168009205,869,0.25517241379310346,435,0.3302752293577982,218,0.39080459770114945,87
ema168_slope_24h__w72__diff_mean,0.5288421243234833,0.5288421243234833,high,0.17376294591484465,869,0.19080459770114944,435,0.14220183486238533,218,0.08045977011494253,87
ema168_slope_24h__w72__delta,0.5288147465058044,0.5288147465058044,high,0.17261219792865362,869,0.19540229885057472,435,0.14678899082568808,218,0.09195402298850575,87
rsi6__w24__q90,0.4711956895930138,0.5288043104069862,low,0.12082853855005754,869,0.19310344827586207,435,0.18181818181818182,220,0.1724137931034483,87
rsi14__w72__q25,0.4711958928936401,0.5288041071063598,low,0.168,875,0.19495412844036697,436,0.13963963963963963,222,0.1523809523809524,105
trades_rel240__d12,0.5287446755565964,0.5287446755565964,high,0.11622554660529344,869,0.11494252873563218,435,0.14220183486238533,218,0.16091954022988506,87
ema_gap_6_24__w240__max,0.5287430491515859,0.5287430491515859,high,0.13217213114754098,976,0.14989733059548255,487,0.20416666666666666,240,0.20416666666666666,240
avg_trade_quote_rel240__w24__diff_std,0.47126040695906174,0.5287395930409382,low,0.11277330264672036,869,0.08735632183908046,435,0.09174311926605505,218,0.10344827586206896,87
ema24_slope_6h__w24__q25,0.4712631854009549,0.5287368145990451,low,0.2,870,0.25740318906605925,439,0.3105022831050228,219,0.3103448275862069,87
stoch_k__w24__mean,0.4713735776410513,0.5286264223589487,low,0.14614499424626007,869,0.1724137931034483,435,0.14678899082568808,218,0.10344827586206896,87
bb_width__d12,0.5286091418057108,0.5286091418057108,high,0.1714614499424626,869,0.18850574712643678,435,0.15137614678899083,218,0.14942528735632185,87
close_vs_sma240__w240__z,0.4714263680370213,0.5285736319629787,low,0.14039125431530494,869,0.15632183908045977,435,0.14678899082568808,218,0.16091954022988506,87
close_vs_sma24__w72__q75,0.5285730220610997,0.5285730220610997,high,0.17031070195627157,869,0.12472160356347439,449,0.13026819923371646,261,0.26136363636363635,88
trades_rel240__w24__q90,0.528549506955321,0.528549506955321,high,0.13043478260869565,874,0.15265486725663716,452,0.1872146118721461,219,0.06896551724137931,87
close_vs_ema168__w240__q75,0.4714937283112115,0.5285062716887885,low,0.16458569807037457,881,0.20229885057471264,435,0.2889908256880734,218,0.2413793103448276,87
macd_signal_pct__w72__z,0.4716026974469236,0.5283973025530764,low,0.16340621403912542,869,0.1839080459770115,435,0.1834862385321101,218,0.21839080459770116,87
ema_gap_72_168__w240__z,0.4716209945032932,0.5283790054967068,low,0.15074798619102417,869,0.1632183908045977,435,0.18807339449541285,218,0.011494252873563218,87
rebound_low240__w24__q75,0.5283171343394275,0.5283171343394275,high,0.07249712313003452,869,0.09655172413793103,435,0.17889908256880735,218,0.17204301075268819,93
abs_body_pct__d24,0.5283163889037976,0.5283163889037976,high,0.15880322209436135,869,0.18160919540229886,435,0.2018348623853211,218,0.21839080459770116,87
abs_body_pct__w24__diff_mean,0.5283163889037976,0.5283163889037976,high,0.15880322209436135,869,0.18160919540229886,435,0.2018348623853211,218,0.21839080459770116,87
bb_z__w24__delta,0.47168591516996744,0.5283140848300325,low,0.15304948216340622,869,0.1632183908045977,435,0.18807339449541285,218,0.20689655172413793,87
dist_high72__d12,0.4719411252228852,0.5280588747771148,low,0.17491369390103567,869,0.23218390804597702,435,0.22477064220183487,218,0.1724137931034483,87
bb_width__w72__q10,0.528047286641414,0.528047286641414,high,0.19026047565118911,883,0.2,435,0.2052401746724891,229,0.12643678160919541,87
ema168_slope_24h__w72__pos,0.5279743017165621,0.5279743017165621,high,0.11084481725584182,1669,0.11084481725584182,1669,0.11084481725584182,1669,0.11084481725584182,1669
avg_trade_quote_rel240__w24__diff_mean,0.4720782853787816,0.5279217146212184,low,0.11967779056386652,869,0.13333333333333333,435,0.12844036697247707,218,0.14942528735632185,87
avg_trade_quote_rel240__d24,0.4720782853787816,0.5279217146212184,low,0.11967779056386652,869,0.13333333333333333,435,0.12844036697247707,218,0.14942528735632185,87
atr24_pct__w24__up_share,0.5278856626434828,0.5278856626434828,high,0.12050359712230216,1112,0.15696649029982362,567,0.1651376146788991,218,0.1651376146788991,218
ema_gap_24_72__w24__late_vs_prev,0.4721496438986229,0.5278503561013771,low,0.19907940161104717,869,0.2482758620689655,435,0.26146788990825687,218,0.20689655172413793,87
mfi14__w24__std,0.5278277897318546,0.5278277897318546,high,0.1277330264672037,869,0.10344827586206896,435,0.0779816513761468,218,0.022988505747126436,87
ema_gap_6_24__w24__q25,0.472179800158195,0.5278201998418051,low,0.20361990950226244,884,0.2597701149425287,435,0.3333333333333333,231,0.2696629213483146,89
quote_volume_rel72__w24__max,0.5278077307367235,0.5278077307367235,high,0.17586206896551723,870,0.24770642201834864,436,0.17857142857142858,224,0.09615384615384616,104
close_location__w240__q10,0.4721966741101803,0.5278033258898197,low,0.12141280353200883,906,0.1031578947368421,475,0.12385321100917432,218,0.2621359223300971,103
close_vs_ema6__w72__q75,0.5277461984138214,0.5277461984138214,high,0.14678899082568808,872,0.12217194570135746,442,0.10909090909090909,220,0.14942528735632185,87
avg_trade_quote_rel72__w72__q25,0.5276852759927982,0.5276852759927982,high,0.12614678899082568,872,0.15825688073394495,436,0.14220183486238533,218,0.05555555555555555,90
macd_pct__d6,0.4723722580844527,0.5276277419155473,low,0.18642117376294592,869,0.20919540229885059,435,0.24770642201834864,218,0.21839080459770116,87
rsi14__now,0.4724005168715124,0.5275994831284876,low,0.13924050632911392,869,0.11724137931034483,435,0.12385321100917432,218,0.16091954022988506,87
trades_rel24__w24__std,0.5275557057269515,0.5275557057269515,high,0.14499424626006904,869,0.1793103448275862,435,0.14220183486238533,218,0.1724137931034483,87
taker_share__w72__mean,0.527552723984432,0.527552723984432,high,0.09666283084004602,869,0.07816091954022988,435,0.06880733944954129,218,0.12643678160919541,87
close_vs_ema6__w24__delta,0.47245181639622263,0.5275481836037774,low,0.16915995397008055,869,0.21379310344827587,435,0.24770642201834864,218,0.26436781609195403,87
rebound_low240__w72__min,0.4724814305207911,0.5275185694792088,low,0.12084257206208426,902,0.15079365079365079,504,0.09722222222222222,288,0.0625,144
ema168_slope_24h__w240__up_share,0.4725751521095286,0.5274248478904714,low,0.11594202898550725,897,0.14072494669509594,469,0.11894273127753303,227,0.18947368421052632,95
ema_gap_24_72__w72__diff_mean,0.5274045855947139,0.5274045855947139,high,0.16915995397008055,869,0.19310344827586207,435,0.17889908256880735,218,0.25287356321839083,87
cci20__w240__max,0.4725971085771721,0.5274028914228279,low,0.10664172123479888,1069,0.13793103448275862,493,0.1318181818181818,220,0.1588785046728972,107
atr24_pct__w24__late_vs_prev,0.527349491124979,0.527349491124979,high,0.16570771001150747,869,0.2367816091954023,435,0.3302752293577982,218,0.367816091954023,87
avg_trade_quote_rel240__w240__q90,0.4726875773558883,0.5273124226441117,low,0.10689655172413794,870,0.11724137931034483,435,0.16055045871559634,218,0.10989010989010989,91
upper_wick__w72__mean,0.47278035020836956,0.5272196497916304,low,0.11507479861910241,869,0.07816091954022988,435,0.045871559633027525,218,0.04597701149425287,87
ema168_slope_24h__d6,0.47280257774351486,0.5271974222564851,low,0.19447640966628307,869,0.2413793103448276,435,0.24311926605504589,218,0.20689655172413793,87
close_vs_ema24__w24__mean,0.4728230433398986,0.5271769566601014,low,0.1852704257767549,869,0.25057471264367814,435,0.3211009174311927,218,0.3218390804597701,87
close_vs_sma24__w240__late_vs_prev,0.5271636743525145,0.5271636743525145,high,0.17721518987341772,869,0.14482758620689656,435,0.12844036697247707,218,0.08045977011494253,87
stoch_k__w240__q10,0.47286919258207516,0.5271308074179248,low,0.06098964326812428,869,0.06092436974789916,476,0.004329004329004329,231,0.011111111111111112,90
ema_gap_24_72__d6,0.47288145838653034,0.5271185416134696,low,0.189873417721519,869,0.2413793103448276,435,0.27522935779816515,218,0.26436781609195403,87
macd_pct__w72__mean,0.4728996199091491,0.5271003800908509,low,0.17951668584579977,869,0.20689655172413793,435,0.3165137614678899,218,0.3563218390804598,87
stoch_d__w72__std,0.47293939906503396,0.5270606009349661,low,0.11277330264672036,869,0.09885057471264368,435,0.0779816513761468,218,0.14942528735632185,87
close_vs_sma240__w24__delta,0.4729866325772176,0.5270133674227824,low,0.18642117376294592,869,0.2413793103448276,435,0.2889908256880734,218,0.25287356321839083,87
quote_volume_rel240__w240__mean,0.5269642364380863,0.5269642364380863,high,0.20138089758342922,869,0.22528735632183908,435,0.28440366972477066,218,0.28735632183908044,87
close_vs_sma240__w72__pos,0.526901145477049,0.526901145477049,high,0.11737629459148446,869,0.11464968152866242,471,0.11464968152866242,471,0.11464968152866242,471
rebound_low72__w240__min,0.5268827128869286,0.5268827128869286,high,0.08873720136518772,879,0.057208237986270026,437,0.08433734939759036,249,0.11976047904191617,167
close_vs_ema12__now,0.4731502218145367,0.5268497781854633,low,0.1760644418872267,869,0.2,435,0.1926605504587156,218,0.19540229885057472,87
macd_fast_hist_pct__w72__pos,0.47315794723833715,0.5268420527616628,low,0.11392405063291139,869,0.12643678160919541,435,0.12167300380228137,263,0.12167300380228137,263
volume_rel24__w240__up_share,0.47321988616249194,0.5267801138375081,low,0.11707317073170732,1025,0.19230769230769232,442,0.14388489208633093,278,0.05194805194805195,154
close_vs_sma168__w72__pos,0.5267444684610251,0.5267444684610251,high,0.1093210586881473,869,0.12368972746331237,477,0.12368972746331237,477,0.12368972746331237,477
quote_volume_rel240__w72__up_share,0.47330310388553576,0.5266968961144642,low,0.11740041928721175,954,0.12815533980582525,515,0.12815533980582525,515,0.1339712918660287,209
stoch_k__w24__q10,0.4733165894937489,0.5266834105062511,low,0.08515535097813579,869,0.09360730593607305,438,0.05357142857142857,224,0.0891089108910891,101
close_vs_vwap240__w72__up_share,0.4733203166718982,0.5266796833281018,low,0.1533396048918156,1063,0.17889908256880735,436,0.14056224899598393,249,0.12403100775193798,129
macd_pct__w240__max,0.5266598954004724,0.5266598954004724,high,0.13922764227642276,984,0.14867617107942974,491,0.20416666666666666,240,0.20416666666666666,240
close_vs_ema12__w72__q75,0.5266429536816117,0.5266429536816117,high,0.1506849315068493,876,0.14350797266514806,439,0.11926605504587157,218,0.17475728155339806,103
stoch_d__w24__min,0.4733870670442095,0.5266129329557905,low,0.10701956271576525,869,0.09706546275395034,443,0.15,240,0.11458333333333333,96
rebound_low72__w240__delta,0.5265757289411724,0.5265757289411724,high,0.1277330264672037,869,0.09655172413793103,435,0.03669724770642202,218,0.04597701149425287,87
rsi14__w240__accel,0.526556076547294,0.526556076547294,high,0.12197928653624857,869,0.12183908045977011,435,0.0963302752293578,218,0.08045977011494253,87
rsi14__w72__accel,0.526556076547294,0.526556076547294,high,0.12197928653624857,869,0.12183908045977011,435,0.0963302752293578,218,0.08045977011494253,87
volume_rel72__w24__diff_std,0.5265529592710236,0.5265529592710236,high,0.1668584579976985,869,0.22988505747126436,435,0.25229357798165136,218,0.10344827586206896,87
trades_rel72__w72__q10,0.5265375084234226,0.5265375084234226,high,0.136,875,0.08520179372197309,446,0.026905829596412557,223,0.010869565217391304,92
close_vs_sma72__d12,0.47355126618340754,0.5264487338165924,low,0.16455696202531644,869,0.20689655172413793,435,0.21100917431192662,218,0.1839080459770115,87
ema_gap_24_72__w72__delta,0.5263737836523528,0.5263737836523528,high,0.16570771001150747,869,0.18620689655172415,435,0.17889908256880735,218,0.2413793103448276,87
rebound_low72__w240__diff_mean,0.5263274311095497,0.5263274311095497,high,0.1277330264672037,869,0.09195402298850575,435,0.03669724770642202,218,0.04597701149425287,87
atr24_pct__w24__pos,0.5262787744929818,0.5262787744929818,high,0.11874656404617923,1819,0.11874656404617923,1819,0.11874656404617923,1819,0.11874656404617923,1819
avg_trade_quote_rel72__w72__q75,0.5262565469578364,0.5262565469578364,high,0.1706758304696449,873,0.15402298850574714,435,0.15450643776824036,233,0.20408163265306123,98
close_vs_sma24__w24__q90,0.5261853239717462,0.5261853239717462,high,0.12485939257592801,889,0.13544018058690746,443,0.14285714285714285,231,0.06382978723404255,94
macd_hist_pct__w240__pos,0.47395942607419983,0.5260405739258002,low,0.13578826237054084,869,0.12413793103448276,435,0.13302752293577982,218,0.1,100
macd_hist_pct__w72__delta,0.47395962937482616,0.5260403706251738,low,0.17376294591484465,869,0.2160919540229885,435,0.26146788990825687,218,0.3793103448275862,87
close_vs_ema24__w72__z,0.47398619398999975,0.5260138060100003,low,0.11852704257767549,869,0.13793103448275862,435,0.13761467889908258,218,0.13793103448275862,87
ema_gap_72_168__w240__max,0.473991276505658,0.526008723494342,low,0.14410480349344978,916,0.1343612334801762,454,0.1952191235059761,251,0.42696629213483145,89
macd_signal_pct__w24__q90,0.5258912157323241,0.5258912157323241,high,0.1001150747986191,869,0.07568807339449542,436,0.09502262443438914,221,0.13333333333333333,105
rsi6__w24__q75,0.4741281655940526,0.5258718344059474,low,0.12385321100917432,872,0.12183908045977011,435,0.1278538812785388,219,0.05747126436781609,87
macd_pct__w24__max,0.5258187051756003,0.5258187051756003,high,0.08170310701956271,869,0.08144796380090498,442,0.08438818565400844,237,0.13333333333333333,90
cci20__now,0.4741831245300367,0.5258168754699633,low,0.12197928653624857,869,0.11954022988505747,435,0.12844036697247707,218,0.11494252873563218,87
ema72_slope_12h__d3,0.47421145108397184,0.5257885489160281,low,0.1714614499424626,869,0.2160919540229885,435,0.21100917431192662,218,0.14942528735632185,87
macd_signal_pct__w24__max,0.5257223406787206,0.5257223406787206,high,0.07657657657657657,888,0.059770114942528735,435,0.08256880733944955,218,0.1590909090909091,88
close_vs_ema48__w24__q25,0.47433119515287936,0.5256688048471206,low,0.20998864926220204,881,0.2896551724137931,435,0.2918454935622318,233,0.20224719101123595,89
dist_high240__w240__late_vs_prev,0.47435958947368995,0.52564041052631,low,0.1622554660529344,869,0.2045977011494253,435,0.25229357798165136,218,0.13793103448275862,87
close_vs_sma72__w24__q10,0.47436006384181806,0.5256399361581819,low,0.21274175199089876,879,0.28798185941043086,441,0.28695652173913044,230,0.2840909090909091,88
abs_body_pct__w72__late_vs_prev,0.5256306520962464,0.5256306520962464,high,0.17836593785960875,869,0.20229885057471264,435,0.23394495412844038,218,0.19540229885057472,87
trades_rel72__w24__diff_std,0.5256213002674353,0.5256213002674353,high,0.14384349827387802,869,0.17701149425287357,435,0.21100917431192662,218,0.022988505747126436,87
trades_rel72__w72__late_vs_prev,0.5255472988394515,0.5255472988394515,high,0.12313003452243959,869,0.17701149425287357,435,0.23394495412844038,218,0.28735632183908044,87
upper_wick__w24__q75,0.5255233771324203,0.5255233771324203,high,0.12528735632183907,870,0.135632183908046,435,0.14220183486238533,218,0.2413793103448276,87
body_pct__w72__mean,0.4744838739232521,0.5255161260767479,low,0.19217491369390102,869,0.2574712643678161,435,0.3302752293577982,218,0.40229885057471265,87
adx14__w240__q90,0.5255043346404209,0.5255043346404209,high,0.18786127167630057,1038,0.1257995735607676,469,0.15284974093264247,386,0.20161290322580644,124
avg_trade_quote_rel24__w240__min,0.474510641839052,0.525489358160948,low,0.078125,960,0.075,480,0.1125,240,0.1125,240
quote_volume_rel240__w24__q90,0.5254483592013051,0.5254483592013051,high,0.14742857142857144,875,0.18077803203661327,437,0.0867579908675799,219,0.08791208791208792,91
close_vs_ema12__w240__q75,0.5254394139737466,0.5254394139737466,high,0.1093210586881473,869,0.11777777777777777,450,0.13761467889908258,218,0.08181818181818182,110
dist_high72__w24__max,0.47456648174441696,0.525433518255583,low,0.18140068886337543,871,0.26436781609195403,435,0.3378995433789954,219,0.5444444444444444,90
rebound_low24__w72__pos,0.47460341469153333,0.5253965853084667,low,0.11622554660529344,869,0.10114942528735632,435,0.09174311926605505,218,0.0893854748603352,179
close_vs_ema48__w72__max,0.5253786948533498,0.5253786948533498,high,0.1334056399132321,922,0.16382978723404254,470,0.21645021645021645,231,0.32894736842105265,152
dist_high72__w24__late_vs_prev,0.47465410431436456,0.5253458956856354,low,0.1806674338319908,869,0.25057471264367814,435,0.29357798165137616,218,0.21839080459770116,87
volume_rel240__w24__min,0.5253246846536218,0.5253246846536218,high,0.12031782065834279,881,0.11060948081264109,443,0.13596491228070176,228,0.12903225806451613,93
macd_signal_pct__w24__min,0.47467809378827136,0.5253219062117287,low,0.2140391254315305,869,0.2984054669703872,439,0.33617021276595743,235,0.40384615384615385,104
dist_high24__w240__pos,0.4746923248321143,0.5253076751678857,low,0.1472957422324511,869,0.16091954022988506,435,0.1651376146788991,218,0.17346938775510204,98
quote_volume_rel240__w240__up_share,0.4747080467472171,0.5252919532527829,low,0.12177777777777778,1125,0.13982300884955753,565,0.14345991561181434,237,0.11403508771929824,114
close_vs_sma240__w24__diff_mean,0.47472864787735175,0.5252713521226482,low,0.189873417721519,869,0.25057471264367814,435,0.2981651376146789,218,0.2413793103448276,87
close_vs_sma240__d24,0.47472864787735175,0.5252713521226482,low,0.189873417721519,869,0.25057471264367814,435,0.2981651376146789,218,0.2413793103448276,87
quote_volume_rel72__w24__diff_std,0.5252640333001004,0.5252640333001004,high,0.14959723820483314,869,0.22758620689655173,435,0.25688073394495414,218,0.04597701149425287,87
macd_fast_hist_pct__d12,0.5252595606863213,0.5252595606863213,high,0.15074798619102417,869,0.17011494252873563,435,0.22477064220183487,218,0.22988505747126436,87
ema_gap_24_72__w24__z,0.47474348882307366,0.5252565111769263,low,0.1323360184119678,869,0.14022988505747128,435,0.15137614678899083,218,0.10344827586206896,87
adx14__w72__mean,0.5252563078763,0.5252563078763,high,0.12313003452243959,869,0.06896551724137931,435,0.11009174311926606,218,0.19540229885057472,87
avg_trade_quote_rel72__w24__diff_std,0.47474897793998455,0.5252510220600155,low,0.07479861910241657,869,0.09195402298850575,435,0.0963302752293578,218,0.04597701149425287,87
close_vs_ema72__w72__q75,0.4747656485913435,0.5252343514086565,low,0.17031070195627157,869,0.20229885057471264,435,0.18421052631578946,228,0.1717171717171717,99
close_vs_sma72__w240__up_share,0.5252115139716322,0.5252115139716322,high,0.13255360623781676,1026,0.1168032786885246,488,0.10561056105610561,303,0.09243697478991597,119
dist_high24__w72__pos,0.47481518617729224,0.5251848138227078,low,0.12082853855005754,869,0.12183908045977011,435,0.11989100817438691,367,0.11989100817438691,367
range_pct__w72__up_share,0.5251720736501244,0.5251720736501244,high,0.13829787234042554,1410,0.16289592760180996,663,0.2465753424657534,292,0.3162393162393162,117
dist_high24__w24__z,0.4748332799330355,0.5251667200669645,low,0.12082853855005754,869,0.11954022988505747,435,0.14220183486238533,218,0.16091954022988506,87
ema_gap_72_168__w72__z,0.525156690569399,0.525156690569399,high,0.1472957422324511,869,0.1632183908045977,435,0.1651376146788991,218,0.10344827586206896,87
volume_rel240__w72__max,0.5251495072806021,0.5251495072806021,high,0.2322654462242563,874,0.2314410480349345,458,0.1736111111111111,288,0.2222222222222222,144
cci20__w24__q75,0.47491785299358813,0.5250821470064119,low,0.1112372304199773,881,0.13073394495412843,436,0.19555555555555557,225,0.22988505747126436,87
avg_trade_quote_rel24__w24__q10,0.47493269393931015,0.5250673060606899,low,0.20828538550057538,869,0.12072892938496584,439,0.10091743119266056,218,0.0,92
adx14__w240__late_vs_prev,0.5250421645499005,0.5250421645499005,high,0.12082853855005754,869,0.07816091954022988,435,0.08256880733944955,218,0.09195402298850575,87
close_vs_vwap24__w240__late_vs_prev,0.52501912381225,0.52501912381225,high,0.1565017261219793,869,0.13793103448275862,435,0.1651376146788991,218,0.1839080459770115,87
ema_gap_24_72__w24__mean,0.4749949039309667,0.5250050960690333,low,0.17836593785960875,869,0.2206896551724138,435,0.26605504587155965,218,0.3448275862068966,87
ema72_slope_12h__w72__q90,0.47505521645011084,0.5249447835498892,low,0.17261219792865362,869,0.14022988505747128,435,0.17937219730941703,223,0.23863636363636365,88
avg_trade_quote_rel24__w24__diff_mean,0.47513267398874204,0.524867326011258,low,0.13118527042577677,869,0.12183908045977011,435,0.13302752293577982,218,0.14942528735632185,87
avg_trade_quote_rel24__d24,0.47513267398874204,0.524867326011258,low,0.13118527042577677,869,0.12183908045977011,435,0.13302752293577982,218,0.14942528735632185,87
quote_volume_rel24__w240__pos,0.5248272080209958,0.5248272080209958,high,0.1047180667433832,869,0.10574712643678161,435,0.11467889908256881,218,0.14942528735632185,87
close_vs_ema6__w72__mean,0.47525113048701617,0.5247488695129838,low,0.18296892980437285,869,0.26666666666666666,435,0.3486238532110092,218,0.39080459770114945,87
ema_gap_24_72__w240__max,0.5247119365658675,0.5247119365658675,high,0.09000989119683482,1011,0.11788617886178862,492,0.20416666666666666,240,0.20416666666666666,240
stoch_d__w24__mean,0.47531998163246614,0.5246800183675339,low,0.142692750287687,869,0.1632183908045977,435,0.13761467889908258,218,0.10344827586206896,87
ema_gap_24_72__d3,0.4753290623937754,0.5246709376062246,low,0.17951668584579977,869,0.20919540229885059,435,0.24311926605504589,218,0.21839080459770116,87
atr6_pct__w72__accel,0.5246554867586237,0.5246554867586237,high,0.17491369390103567,869,0.21149425287356322,435,0.23853211009174313,218,0.3218390804597701,87
atr6_pct__w240__accel,0.5246554867586237,0.5246554867586237,high,0.17491369390103567,869,0.21149425287356322,435,0.23853211009174313,218,0.3218390804597701,87
ema6_slope_3h__w72__q75,0.5246446440585527,0.5246446440585527,high,0.1565017261219793,869,0.12141280353200883,453,0.1350210970464135,237,0.12244897959183673,98
close_vs_vwap24__w24__pos,0.47539940441048517,0.5246005955895148,low,0.1093210586881473,869,0.10403916768665851,817,0.10403916768665851,817,0.10403916768665851,817
trades_rel24__w72__pos,0.5245553273167191,0.5245553273167191,high,0.10586881472957423,869,0.11724137931034483,435,0.13302752293577982,218,0.16216216216216217,148
atr24_pct__d12,0.524543535880392,0.524543535880392,high,0.1760644418872267,869,0.25057471264367814,435,0.3302752293577982,218,0.3218390804597701,87
stoch_d__w240__std,0.4755176576081329,0.5244823423918671,low,0.18872266973532797,869,0.14942528735632185,435,0.08256880733944955,218,0.022988505747126436,87
stoch_d__now,0.4755312787500969,0.5244687212499031,low,0.11967779056386652,869,0.10574712643678161,435,0.09174311926605505,218,0.10344827586206896,87
avg_trade_quote_rel240__w24__delta,0.47557478508413126,0.5244252149158688,low,0.12658227848101267,869,0.12643678160919541,435,0.13302752293577982,218,0.1724137931034483,87
avg_trade_quote_rel72__w240__q75,0.5244043427182323,0.5244043427182323,high,0.18411967779056387,869,0.1425287356321839,435,0.0625,224,0.0449438202247191,89
volume_rel240__w24__late_vs_prev,0.5243949908894213,0.5243949908894213,high,0.1611047180667434,869,0.167816091954023,435,0.18807339449541285,218,0.27586206896551724,87
close_vs_vwap24__d12,0.47560500911057874,0.5243949908894212,low,0.1668584579976985,869,0.18850574712643678,435,0.1926605504587156,218,0.21839080459770116,87
volume_rel240__w240__max,0.5243735087899059,0.5243735087899059,high,0.16041666666666668,960,0.13958333333333334,480,0.12083333333333333,240,0.12083333333333333,240
mfi14__w72__mean,0.47564817661023584,0.5243518233897642,low,0.09551208285385501,869,0.10574712643678161,435,0.1559633027522936,218,0.2413793103448276,87
ema24_slope_6h__w72__pos,0.47566057794844185,0.5243394220515581,low,0.12543153049482164,869,0.148,500,0.148,500,0.148,500
trades_rel72__d24,0.5242887324287269,0.5242887324287269,high,0.11967779056386652,869,0.1632183908045977,435,0.18807339449541285,218,0.1839080459770115,87
trades_rel72__w24__diff_mean,0.5242887324287269,0.5242887324287269,high,0.11967779056386652,869,0.1632183908045977,435,0.18807339449541285,218,0.1839080459770115,87
abs_body_pct__w24__z,0.5241640413779121,0.5241640413779121,high,0.12888377445339472,869,0.12413793103448276,435,0.12844036697247707,218,0.09195402298850575,87
volume_rel24__w240__pos,0.524156858089115,0.524156858089115,high,0.10356731875719218,869,0.11264367816091954,435,0.11926605504587157,218,0.13793103448275862,87
close_vs_sma168__w72__up_share,0.4759027767612746,0.5240972232387253,low,0.14439461883408072,1115,0.14425770308123248,714,0.1345646437994723,379,0.008264462809917356,121
quote_volume_rel240__w24__late_vs_prev,0.5240888201461704,0.5240888201461704,high,0.1565017261219793,869,0.167816091954023,435,0.17889908256880735,218,0.27586206896551724,87
volume_rel72__w24__z,0.5240764865748399,0.5240764865748399,high,0.11162255466052934,869,0.11494252873563218,435,0.10091743119266056,218,0.1724137931034483,87
rsi14__w72__std,0.5240459914808906,0.5240459914808906,high,0.18872266973532797,869,0.15632183908045977,435,0.14678899082568808,218,0.011494252873563218,87
ema_gap_6_24__w24__late_vs_prev,0.4759544151203621,0.5240455848796379,low,0.1668584579976985,869,0.18620689655172415,435,0.21559633027522937,218,0.19540229885057472,87
ema168_slope_24h__w72__up_share,0.5239765982004371,0.5239765982004371,high,0.12869198312236288,948,0.12667946257197696,521,0.11261261261261261,222,0.10784313725490197,102
trades_rel24__w24__z,0.5239378355476838,0.5239378355476838,high,0.11392405063291139,869,0.11494252873563218,435,0.13302752293577982,218,0.13793103448275862,87
close_vs_sma72__w24__late_vs_prev,0.47608628945997394,0.523913710540026,low,0.17261219792865362,869,0.2160919540229885,435,0.26605504587155965,218,0.20689655172413793,87
dist_high24__w24__pos,0.4761044509825926,0.5238955490174074,low,0.11211778029445074,883,0.11211778029445074,883,0.11211778029445074,883,0.11211778029445074,883
close_vs_vwap24__w240__pos,0.4761533108997869,0.5238466891002131,low,0.12658227848101267,869,0.1471264367816092,435,0.11467889908256881,218,0.16091954022988506,87
quote_volume_rel24__w72__up_share,0.47619722383507385,0.5238027761649262,low,0.09507640067911714,1178,0.10499139414802065,581,0.1125,240,0.1125,240
rebound_low240__w24__mean,0.5237465296583086,0.5237465296583086,high,0.07249712313003452,869,0.0896551724137931,435,0.16972477064220184,218,0.1839080459770115,87
close_vs_vwap240__w240__up_share,0.4763073450076685,0.5236926549923315,low,0.13539445628997868,938,0.13821138211382114,492,0.12232415902140673,327,0.12389380530973451,113
volume_rel240__w240__up_share,0.4763291659415611,0.5236708340584388,low,0.11433597185576078,1137,0.13878326996197718,526,0.16138328530259366,347,0.13043478260869565,184
close_vs_ema24__w72__accel,0.5236636507696419,0.5236636507696419,high,0.142692750287687,869,0.1839080459770115,435,0.22935779816513763,218,0.2413793103448276,87
close_vs_ema24__w240__accel,0.5236636507696419,0.5236636507696419,high,0.142692750287687,869,0.1839080459770115,435,0.22935779816513763,218,0.2413793103448276,87
rsi6__w240__max,0.47633892437162484,0.5236610756283752,low,0.11310190369540873,893,0.12698412698412698,441,0.0776255707762557,219,0.01904761904761905,105
close_vs_sma72__w240__q75,0.47636738645931087,0.5236326135406891,low,0.1471264367816092,870,0.1662870159453303,439,0.19148936170212766,235,0.1724137931034483,87
macd_pct__w24__q10,0.4764365086722626,0.5235634913277374,low,0.20253164556962025,869,0.29357798165137616,436,0.3167420814479638,221,0.3333333333333333,87
upper_wick__w240__q90,0.5235580022108266,0.5235580022108266,high,0.1875,880,0.21896162528216703,443,0.13513513513513514,222,0.22105263157894736,95
avg_trade_quote_rel24__w24__std,0.4764502653479775,0.5235497346520225,low,0.08630609896432681,869,0.11954022988505747,435,0.12385321100917432,218,0.11494252873563218,87
volume_rel72__d12,0.5234989772623159,0.5234989772623159,high,0.11507479861910241,869,0.12413793103448276,435,0.14220183486238533,218,0.19540229885057472,87
abs_body_pct__w72__pos,0.5234895576666293,0.5234895576666293,high,0.14154200230149597,869,0.12413793103448276,435,0.11009174311926606,218,0.07352941176470588,136
macd_hist_pct__w240__late_vs_prev,0.4765224370703241,0.523477562929676,low,0.15420023014959724,869,0.19310344827586207,435,0.22018348623853212,218,0.2413793103448276,87
atr14_pct__w24__delta,0.5234718705121386,0.5234718705121386,high,0.17261219792865362,869,0.23908045977011494,435,0.3256880733944954,218,0.28735632183908044,87
volume_rel240__w72__q10,0.4766116860452824,0.5233883139547175,low,0.232662192393736,894,0.2159090909090909,440,0.2077922077922078,231,0.1320754716981132,106
ema_gap_6_24__w72__pos,0.47666501857625587,0.5233349814237441,low,0.12082853855005754,869,0.1292929292929293,495,0.1292929292929293,495,0.1292929292929293,495
quote_volume_rel72__w24__z,0.5233332194849826,0.5233332194849826,high,0.11162255466052934,869,0.11724137931034483,435,0.10091743119266056,218,0.1724137931034483,87
trades_rel24__w24__q25,0.523313702624855,0.523313702624855,high,0.11852704257767549,869,0.1598173515981735,438,0.2374429223744292,219,0.31521739130434784,92
macd_signal_pct__w24__q75,0.523297777409126,0.523297777409126,high,0.12169919632606199,871,0.07482993197278912,441,0.0963302752293578,218,0.10576923076923077,104
close_vs_ema72__w24__mean,0.4767157081990872,0.5232842918009128,low,0.19907940161104717,869,0.29195402298850576,435,0.2798165137614679,218,0.27586206896551724,87
trades_rel240__w240__std,0.5232304849018112,0.5232304849018112,high,0.19217491369390102,869,0.20919540229885059,435,0.13302752293577982,218,0.20689655172413793,87
rebound_low240__w240__z,0.4767715481044521,0.5232284518955479,low,0.1093210586881473,869,0.11494252873563218,435,0.11467889908256881,218,0.08045977011494253,87
upper_wick__w24__diff_std,0.5232271643249145,0.5232271643249145,high,0.06904487917146145,869,0.04827586206896552,435,0.04128440366972477,218,0.034482758620689655,87
ema_gap_72_168__w24__accel,0.47685490136124675,0.5231450986387532,low,0.17031070195627157,869,0.2,435,0.23394495412844038,218,0.19540229885057472,87
close_vs_vwap24__w240__q75,0.5231368988468246,0.5231368988468246,high,0.11277330264672036,869,0.19080459770114944,435,0.14220183486238533,218,0.07547169811320754,106
close_vs_sma72__w24__z,0.4769231426048177,0.5230768573951823,low,0.12082853855005754,869,0.12413793103448276,435,0.13302752293577982,218,0.13793103448275862,87
close_vs_ema48__w24__pos,0.47692348143919494,0.5230765185608051,low,0.10817031070195628,869,0.10947109471094711,813,0.10947109471094711,813,0.10947109471094711,813
bb_z__w72__q75,0.47692944492423395,0.523070555075766,low,0.12641083521444696,886,0.16703296703296702,455,0.2100456621004566,219,0.18,100
close_vs_vwap240__d12,0.4769833873570864,0.5230166126429137,low,0.17261219792865362,869,0.18850574712643678,435,0.2018348623853211,218,0.19540229885057472,87
bb_z__w24__q75,0.47700276868346314,0.5229972313165369,low,0.12643678160919541,870,0.1310344827586207,435,0.16972477064220184,218,0.16666666666666666,90
ema24_slope_6h__w24__q90,0.5229601628356696,0.5229601628356696,high,0.12994350282485875,885,0.0772626931567329,453,0.09174311926605505,218,0.09375,96
close_vs_ema168__w240__max,0.52294796479809,0.52294796479809,high,0.12665985699693566,979,0.11042944785276074,489,0.0375,240,0.0375,240
quote_volume_rel72__d12,0.522901002353408,0.522901002353408,high,0.11392405063291139,869,0.11954022988505747,435,0.14678899082568808,218,0.20689655172413793,87
close_vs_ema24__w72__mean,0.47713328768556607,0.5228667123144339,low,0.17721518987341772,869,0.23218390804597702,435,0.3165137614678899,218,0.45977011494252873,87
quote_volume_rel240__w240__std,0.5228633917375373,0.5228633917375373,high,0.15304948216340622,869,0.19080459770114944,435,0.13302752293577982,218,0.20689655172413793,87
close_vs_vwap72__d12,0.4771774716883548,0.5228225283116452,low,0.17836593785960875,869,0.20919540229885059,435,0.22018348623853212,218,0.1724137931034483,87
macd_pct__w72__accel,0.47727248084772567,0.5227275191522743,low,0.18181818181818182,869,0.15632183908045977,435,0.12844036697247707,218,0.13793103448275862,87
macd_pct__w240__accel,0.47727248084772567,0.5227275191522743,low,0.18181818181818182,869,0.15632183908045977,435,0.12844036697247707,218,0.13793103448275862,87
close_vs_vwap72__w24__late_vs_prev,0.47734322946568797,0.522656770534312,low,0.17721518987341772,869,0.22298850574712645,435,0.24770642201834864,218,0.19540229885057472,87
volume_rel72__w72__up_share,0.4774019833466969,0.5225980166533031,low,0.10857538035961273,1446,0.11070110701107011,813,0.12679425837320574,418,0.10240963855421686,166
avg_trade_quote_rel24__w72__mean,0.5225825658057021,0.5225825658057021,high,0.14499424626006904,869,0.1793103448275862,435,0.2018348623853211,218,0.19540229885057472,87
avg_trade_quote_rel240__w240__max,0.4774778822471929,0.5225221177528071,low,0.16303219106957426,963,0.10217391304347827,460,0.07971014492753623,276,0.0,88
avg_trade_quote_rel24__w24__late_vs_prev,0.5224958919720106,0.5224958919720106,high,0.10241657077100115,869,0.10114942528735632,435,0.08256880733944955,218,0.09195402298850575,87
ema_gap_6_24__w72__mean,0.47750492123049465,0.5224950787695053,low,0.1806674338319908,869,0.2206896551724138,435,0.3256880733944954,218,0.39080459770114945,87
close_vs_sma168__w24__delta,0.4775206431455975,0.5224793568544025,low,0.17261219792865362,869,0.23218390804597702,435,0.25229357798165136,218,0.27586206896551724,87
ema_gap_6_24__w24__q90,0.5224646514424315,0.5224646514424315,high,0.11839080459770115,870,0.08505747126436781,435,0.05045871559633028,218,0.09,100
close_vs_sma24__w240__accel,0.5224285316978204,0.5224285316978204,high,0.14384349827387802,869,0.1793103448275862,435,0.22018348623853212,218,0.25287356321839083,87
close_vs_sma24__w72__accel,0.5224285316978204,0.5224285316978204,high,0.14384349827387802,869,0.1793103448275862,435,0.22018348623853212,218,0.25287356321839083,87
quote_volume_rel240__w240__max,0.522308177727034,0.522308177727034,high,0.16041666666666668,960,0.13958333333333334,480,0.12083333333333333,240,0.12083333333333333,240
macd_signal_pct__w240__up_share,0.47769216110734325,0.5223078388926568,low,0.09197860962566845,935,0.08167330677290836,502,0.1415525114155251,219,0.16363636363636364,110
avg_trade_quote_rel240__w240__diff_std,0.4777475266445801,0.5222524733554199,low,0.12082853855005754,869,0.14482758620689656,435,0.1559633027522936,218,0.034482758620689655,87
close_vs_ema12__w240__late_vs_prev,0.5222398687165876,0.5222398687165876,high,0.1622554660529344,869,0.135632183908046,435,0.10091743119266056,218,0.04597701149425287,87
avg_trade_quote_rel72__w24__min,0.5221538725516506,0.5221538725516506,high,0.14810562571756603,871,0.08181818181818182,440,0.07272727272727272,220,0.05747126436781609,87
taker_share__w72__pos,0.5221418100478218,0.5221418100478218,high,0.11047180667433831,869,0.10574712643678161,435,0.0963302752293578,218,0.07971014492753623,138
rebound_low72__w240__pos,0.522101149922556,0.522101149922556,high,0.13003452243958574,869,0.12413793103448276,435,0.10091743119266056,218,0.09523809523809523,168
close_vs_ema168__w72__late_vs_prev,0.4779055589981128,0.5220944410018872,low,0.16800920598388952,869,0.22758620689655173,435,0.19724770642201836,218,0.27586206896551724,87
avg_trade_quote_rel24__w240__diff_std,0.522089968388108,0.522089968388108,high,0.13693901035673187,869,0.20689655172413793,435,0.22018348623853212,218,0.27586206896551724,87
lower_wick__w72__std,0.47796221210598305,0.522037787894017,low,0.09896432681242807,869,0.0735632183908046,435,0.08256880733944955,218,0.09195402298850575,87
bb_z__now,0.4779662781185096,0.5220337218814903,low,0.12082853855005754,869,0.11724137931034483,435,0.12385321100917432,218,0.14942528735632185,87
rebound_low72__w72__q10,0.5219786274117554,0.5219786274117554,high,0.11576626240352811,907,0.12253829321663019,457,0.12385321100917432,218,0.06741573033707865,89
mfi14__w240__max,0.4780322152883156,0.5219677847116844,low,0.09186906019007392,947,0.06290672451193059,461,0.027522935779816515,327,0.0,131
close_vs_ema48__w24__max,0.5219304451633154,0.5219304451633154,high,0.09851088201603665,873,0.10112359550561797,445,0.04017857142857143,224,0.09195402298850575,87
avg_trade_quote_rel72__w240__q25,0.4782692638186147,0.5217307361813853,low,0.10677382319173363,871,0.04597701149425287,435,0.04090909090909091,220,0.033707865168539325,89
close_vs_ema48__w24__late_vs_prev,0.47828830631061403,0.521711693689386,low,0.17031070195627157,869,0.20229885057471264,435,0.23853211009174313,218,0.20689655172413793,87
close_vs_ema240__w240__z,0.47829765813942515,0.5217023418605748,low,0.1472957422324511,869,0.1632183908045977,435,0.1651376146788991,218,0.1839080459770115,87
avg_trade_quote_rel72__w72__accel,0.5216897372217424,0.5216897372217424,high,0.12197928653624857,869,0.12413793103448276,435,0.10550458715596331,218,0.09195402298850575,87
avg_trade_quote_rel72__w240__accel,0.5216897372217424,0.5216897372217424,high,0.12197928653624857,869,0.12413793103448276,435,0.10550458715596331,218,0.09195402298850575,87
avg_trade_quote_rel24__w72__std,0.5216864166448457,0.5216864166448457,high,0.16340621403912542,869,0.1632183908045977,435,0.1743119266055046,218,0.27586206896551724,87
volume_rel240__w24__std,0.5216793011229243,0.5216793011229243,high,0.15420023014959724,869,0.2160919540229885,435,0.2018348623853211,218,0.14942528735632185,87
rsi6__w24__std,0.5216144482231254,0.5216144482231254,high,0.06904487917146145,869,0.08275862068965517,435,0.08256880733944955,218,0.04597701149425287,87
close_vs_ema12__w72__mean,0.4783875847831378,0.5216124152168622,low,0.1760644418872267,869,0.26436781609195403,435,0.3348623853211009,218,0.47126436781609193,87
ema72_slope_12h__w24__q25,0.4783898210900275,0.5216101789099725,low,0.19907940161104717,869,0.2747747747747748,444,0.24770642201834864,218,0.23529411764705882,102
avg_trade_quote_rel24__w72__max,0.5215965577680086,0.5215965577680086,high,0.10332950631458095,871,0.15079365079365079,504,0.22569444444444445,288,0.3472222222222222,144
ema168_slope_24h__w72__z,0.5215864605035675,0.5215864605035675,high,0.1334867663981588,869,0.16091954022988506,435,0.1559633027522936,218,0.11494252873563218,87
avg_trade_quote_rel240__w72__accel,0.5215776508097599,0.5215776508097599,high,0.12428078250863062,869,0.13333333333333333,435,0.10550458715596331,218,0.12643678160919541,87
avg_trade_quote_rel240__w240__accel,0.5215776508097599,0.5215776508097599,high,0.12428078250863062,869,0.13333333333333333,435,0.10550458715596331,218,0.12643678160919541,87
taker_share__w72__late_vs_prev,0.5215470201820598,0.5215470201820598,high,0.09666283084004602,869,0.06896551724137931,435,0.04128440366972477,218,0.011494252873563218,87
ema72_slope_12h__w72__diff_mean,0.5215331957394694,0.5215331957394694,high,0.13693901035673187,869,0.15862068965517243,435,0.13302752293577982,218,0.25287356321839083,87
ema_gap_24_72__w240__diff_mean,0.47848184850687886,0.5215181514931211,low,0.14959723820483314,869,0.19770114942528735,435,0.25229357798165136,218,0.28735632183908044,87
trades_rel24__w240__pos,0.5214974148292356,0.5214974148292356,high,0.09781357882623705,869,0.0896551724137931,435,0.11467889908256881,218,0.16091954022988506,87
trades_rel24__w72__q10,0.5214868431966665,0.5214868431966665,high,0.13068181818181818,880,0.08237986270022883,437,0.11659192825112108,223,0.16129032258064516,93
lower_wick__w72__q75,0.47852474493903424,0.5214752550609658,low,0.09703196347031963,876,0.0738255033557047,447,0.10176991150442478,226,0.18181818181818182,88
lower_wick__w24__diff_std,0.4785311827922013,0.5214688172077987,low,0.10126582278481013,869,0.09655172413793103,435,0.0963302752293578,218,0.10344827586206896,87
taker_share__w240__q10,0.5214627181890089,0.5214627181890089,high,0.1377726750861079,871,0.10730593607305935,438,0.11965811965811966,234,0.031914893617021274,94
rebound_low240__w240__q10,0.5214491648139203,0.5214491648139203,high,0.12428078250863062,869,0.1651376146788991,436,0.12385321100917432,218,0.0,87
mfi14__d3,0.5214353325618623,0.5214353325618623,high,0.09907834101382489,868,0.10368663594470046,434,0.08755760368663594,217,0.06896551724137931,87
close_vs_vwap24__w24__mean,0.4785659471993035,0.5214340528006964,low,0.16340621403912542,869,0.22988505747126436,435,0.2798165137614679,218,0.2413793103448276,87
macd_fast_hist_pct__w24__diff_mean,0.4785933927838578,0.5214066072161422,low,0.17721518987341772,869,0.2045977011494253,435,0.24770642201834864,218,0.3103448275862069,87
macd_fast_hist_pct__d24,0.4785933927838578,0.5214066072161422,low,0.17721518987341772,869,0.2045977011494253,435,0.24770642201834864,218,0.3103448275862069,87
close_vs_ema12__w24__q90,0.5213878357916445,0.5213878357916445,high,0.112,875,0.1310344827586207,435,0.14347826086956522,230,0.09782608695652174,92
close_vs_vwap72__w24__q90,0.5213664214590046,0.5213664214590046,high,0.15420023014959724,869,0.08944954128440367,436,0.08370044052863436,227,0.05,100
stoch_d__w240__pos,0.4786538408367529,0.5213461591632471,low,0.11737629459148446,869,0.08505747126436781,435,0.08256880733944955,218,0.05747126436781609,87
adx14__w72__q75,0.5212642290108367,0.5212642290108367,high,0.13058419243986255,873,0.13793103448275862,435,0.11440677966101695,236,0.13636363636363635,110
adx14__w24__std,0.4787443773823445,0.5212556226176555,low,0.15074798619102417,869,0.16091954022988506,435,0.08256880733944955,218,0.04597701149425287,87
close_vs_sma24__d12,0.478750883002387,0.521249116997613,low,0.17031070195627157,869,0.19080459770114944,435,0.17889908256880735,218,0.13793103448275862,87
ema_gap_24_72__d1,0.4787621323037105,0.5212378676962894,low,0.16455696202531644,869,0.18620689655172415,435,0.22018348623853212,218,0.1724137931034483,87
trades_rel72__w240__min,0.5212275671312221,0.5212275671312221,high,0.1459227467811159,932,0.15901060070671377,566,0.11637931034482758,232,0.13846153846153847,130
close_vs_sma168__d24,0.4787915431276527,0.5212084568723473,low,0.1760644418872267,869,0.23908045977011494,435,0.25229357798165136,218,0.21839080459770116,87
close_vs_sma168__w24__diff_mean,0.47879154312765276,0.5212084568723472,low,0.1760644418872267,869,0.23908045977011494,435,0.25229357798165136,218,0.21839080459770116,87
close_vs_vwap72__w24__z,0.47879601574143194,0.5212039842585681,low,0.12082853855005754,869,0.135632183908046,435,0.12385321100917432,218,0.13793103448275862,87
bb_width__w24__pos,0.5211917862209883,0.5211917862209883,high,0.11626468769325912,1617,0.11626468769325912,1617,0.11626468769325912,1617,0.11626468769325912,1617
macd_pct__w24__q90,0.5211425197025413,0.5211425197025413,high,0.13693901035673187,869,0.07936507936507936,441,0.06422018348623854,218,0.10377358490566038,106
macd_hist_pct__w72__diff_mean,0.4789044427421405,0.5210955572578595,low,0.17261219792865362,869,0.22528735632183908,435,0.25688073394495414,218,0.39080459770114945,87
trades_rel72__d12,0.5210954217241086,0.5210954217241086,high,0.11852704257767549,869,0.11494252873563218,435,0.13302752293577982,218,0.14942528735632185,87
trades_rel240__w24__up_share,0.5210564557707289,0.5210564557707289,high,0.12116892373485388,1403,0.17633928571428573,448,0.17633928571428573,448,0.3617021276595745,94
avg_trade_quote_rel240__w240__std,0.5210343637693347,0.5210343637693347,high,0.12082853855005754,869,0.12183908045977011,435,0.06880733944954129,218,0.04597701149425287,87
rebound_low240__w240__q25,0.520998786159727,0.520998786159727,high,0.1285878300803674,871,0.19134396355353075,439,0.22018348623853212,218,0.25,112
rebound_low24__w24__pos,0.47902228933853563,0.5209777106614644,low,0.11277330264672036,869,0.1136079900124844,801,0.1136079900124844,801,0.1136079900124844,801
ema6_slope_3h__now,0.4790235769091691,0.5209764230908309,low,0.17951668584579977,869,0.2045977011494253,435,0.22477064220183487,218,0.19540229885057472,87
close_vs_vwap24__w24__late_vs_prev,0.47907453759950214,0.5209254624004979,low,0.16800920598388952,869,0.20689655172413793,435,0.25688073394495414,218,0.21839080459770116,87
volume_rel24__d12,0.5209254624004979,0.5209254624004979,high,0.11047180667433831,869,0.11724137931034483,435,0.12844036697247707,218,0.16091954022988506,87
taker_share__w72__min,0.5209108247554022,0.5209108247554022,high,0.14942528735632185,870,0.1141552511415525,438,0.09691629955947137,227,0.1308411214953271,107
macd_hist_pct__d1,0.5208192039398035,0.5208192039398035,high,0.16570771001150747,869,0.23908045977011494,435,0.24770642201834864,218,0.28735632183908044,87
bb_width__d1,0.5208124272522592,0.5208124272522592,high,0.11967779056386652,869,0.13793103448275862,435,0.15137614678899083,218,0.11494252873563218,87
close_vs_vwap24__w24__z,0.4791994997178188,0.5208005002821812,low,0.11047180667433831,869,0.11954022988505747,435,0.13761467889908258,218,0.14942528735632185,87
ema168_slope_24h__w240__q75,0.47932256436362286,0.5206774356363771,low,0.14384349827387802,869,0.2045977011494253,435,0.29357798165137616,218,0.2840909090909091,88
close_vs_ema48__w240__q75,0.4793290022167901,0.5206709977832099,low,0.13974799541809851,873,0.14022988505747128,435,0.15137614678899083,218,0.2087912087912088,91
abs_body_pct__d1,0.5206501933524491,0.5206501933524491,high,0.15765247410817032,869,0.17011494252873563,435,0.19724770642201836,218,0.1839080459770115,87
close_vs_vwap24__w72__delta,0.47936159808387807,0.5206384019161219,low,0.1622554660529344,869,0.23218390804597702,435,0.30275229357798167,218,0.3218390804597701,87
close_vs_sma240__w240__up_share,0.4793807761096284,0.5206192238903715,low,0.11604439959636731,991,0.11181434599156118,474,0.13592233009708737,309,0.2222222222222222,126
close_vs_vwap72__w72__mean,0.4794009028716349,0.5205990971283652,low,0.1472957422324511,869,0.2,435,0.1926605504587156,218,0.26436781609195403,87
ema_gap_72_168__w240__q90,0.4794407497943953,0.5205592502056047,low,0.14154200230149597,869,0.18160919540229886,435,0.2602739726027397,219,0.3103448275862069,87
ema24_slope_6h__w72__mean,0.4794530833657259,0.5205469166342741,low,0.17951668584579977,869,0.22298850574712645,435,0.3165137614678899,218,0.40229885057471265,87
trades_rel24__w24__max,0.5205280096760256,0.5205280096760256,high,0.15480225988700566,885,0.16400911161731208,439,0.13302752293577982,218,0.020833333333333332,96
ema72_slope_12h__w72__delta,0.5205100514540332,0.5205100514540332,high,0.13463751438434982,869,0.15402298850574714,435,0.12385321100917432,218,0.22988505747126436,87
rebound_low240__w72__accel,0.520485248777621,0.520485248777621,high,0.13578826237054084,869,0.18850574712643678,435,0.23394495412844038,218,0.25287356321839083,87
rebound_low240__w240__accel,0.520485248777621,0.520485248777621,high,0.13578826237054084,869,0.18850574712643678,435,0.23394495412844038,218,0.25287356321839083,87
atr6_pct__d6,0.5204265626634876,0.5204265626634876,high,0.16915995397008055,869,0.20689655172413793,435,0.20642201834862386,218,0.26436781609195403,87
close_vs_ema240__w72__late_vs_prev,0.4796195188118135,0.5203804811881865,low,0.16915995397008055,869,0.22758620689655173,435,0.23853211009174313,218,0.27586206896551724,87
close_vs_ema72__w24__late_vs_prev,0.4796233137568384,0.5203766862431616,low,0.17261219792865362,869,0.20689655172413793,435,0.24311926605504589,218,0.19540229885057472,87
mfi14__w72__q25,0.47963530849379177,0.5203646915062082,low,0.12217194570135746,884,0.1319910514541387,447,0.12831858407079647,226,0.14942528735632185,87
range_pct__w24__late_vs_prev,0.5203625907330696,0.5203625907330696,high,0.16915995397008055,869,0.2,435,0.21100917431192662,218,0.2413793103448276,87
ema6_slope_3h__w72__mean,0.47963774810130766,0.5203622518986923,low,0.1806674338319908,869,0.26666666666666666,435,0.3440366972477064,218,0.40229885057471265,87
close_vs_sma24__w24__late_vs_prev,0.47968050899971215,0.5203194910002878,low,0.17261219792865362,869,0.19540229885057472,435,0.21100917431192662,218,0.1724137931034483,87
close_vs_ema72__d12,0.4797314696900452,0.5202685303099548,low,0.15880322209436135,869,0.2045977011494253,435,0.2018348623853211,218,0.1724137931034483,87
trades_rel240__w72__min,0.4797339092975611,0.5202660907024389,low,0.16095890410958905,876,0.1073558648111332,503,0.11836734693877551,245,0.1917808219178082,146
quote_volume_rel24__d12,0.5202322072647174,0.5202322072647174,high,0.11047180667433831,869,0.11954022988505747,435,0.12385321100917432,218,0.1724137931034483,87
rsi14__w24__std,0.5201997469313804,0.5201997469313804,high,0.09205983889528194,869,0.09425287356321839,435,0.0871559633027523,218,0.08045977011494253,87
rebound_low240__w72__mean,0.5201683031011749,0.5201683031011749,high,0.09666283084004602,869,0.08735632183908046,435,0.1651376146788991,218,0.3218390804597701,87
ema72_slope_12h__d1,0.47983352660446205,0.520166473395538,low,0.15880322209436135,869,0.2045977011494253,435,0.2018348623853211,218,0.1724137931034483,87
close_vs_ema48__d12,0.4798415230957644,0.5201584769042356,low,0.15995397008055237,869,0.2045977011494253,435,0.2018348623853211,218,0.1724137931034483,87
close_vs_ema72__w72__q90,0.47992040373877987,0.5200795962612201,low,0.17721518987341772,869,0.18099547511312217,442,0.1926605504587156,218,0.22727272727272727,88
ema_gap_24_72__w240__delta,0.47992758702757676,0.5200724129724232,low,0.14844649021864212,869,0.2,435,0.25229357798165136,218,0.28735632183908044,87
ema_gap_24_72__w24__delta,0.47995564251401013,0.5200443574859899,low,0.15304948216340622,869,0.19310344827586207,435,0.19724770642201836,218,0.26436781609195403,87
trades_rel240__w24__late_vs_prev,0.5200102029807667,0.5200102029807667,high,0.14959723820483314,869,0.1632183908045977,435,0.1743119266055046,218,0.16091954022988506,87
quote_volume_rel24__w240__up_share,0.47999386303175984,0.5200061369682402,low,0.12360688956433637,987,0.1714922048997773,449,0.13309352517985612,278,0.07407407407407407,162
avg_trade_quote_rel72__w240__late_vs_prev,0.5199916348568954,0.5199916348568954,high,0.14384349827387802,869,0.167816091954023,435,0.13302752293577982,218,0.08045977011494253,87
obv_delta__w24__z,0.5199891952493794,0.5199891952493794,high,0.13578826237054084,869,0.11954022988505747,435,0.13302752293577982,218,0.1724137931034483,87
macd_fast_hist_pct__w24__delta,0.48004116431081895,0.5199588356891811,low,0.17721518987341772,869,0.20689655172413793,435,0.24770642201834864,218,0.2988505747126437,87
quote_volume_rel72__w72__up_share,0.4800478732314879,0.5199521267685121,low,0.11165387299371947,1433,0.11057108140947752,823,0.12315270935960591,406,0.07333333333333333,150
rebound_low24__w72__min,0.5199289504971106,0.5199289504971106,high,0.09059633027522936,872,0.09655172413793103,435,0.048327137546468404,269,0.027522935779816515,109
close_vs_ema48__w72__z,0.48016056954534925,0.5198394304546508,low,0.11737629459148446,869,0.135632183908046,435,0.14220183486238533,218,0.16091954022988506,87
close_vs_sma72__w24__pos,0.4802138343094474,0.5197861656905526,low,0.11447084233261338,926,0.11447084233261338,926,0.11447084233261338,926,0.11447084233261338,926
ema_gap_24_72__w72__pos,0.5197140617350813,0.5197140617350813,high,0.11312217194570136,1326,0.11312217194570136,1326,0.11312217194570136,1326,0.11312217194570136,1326
ema168_slope_24h__w24__z,0.48029623882998596,0.519703761170014,low,0.13003452243958574,869,0.13793103448275862,435,0.1559633027522936,218,0.16091954022988506,87
ema72_slope_12h__w72__max,0.4802974586337439,0.5197025413662562,low,0.16647919010123735,889,0.22645290581162325,499,0.1902654867256637,226,0.24719101123595505,89
obv_delta__w240__accel,0.5196957646787119,0.5196957646787119,high,0.14384349827387802,869,0.167816091954023,435,0.2018348623853211,218,0.19540229885057472,87
obv_delta__w72__accel,0.5196957646787119,0.5196957646787119,high,0.14384349827387802,869,0.167816091954023,435,0.2018348623853211,218,0.19540229885057472,87
macd_fast_hist_pct__d1,0.5196696066647909,0.5196696066647909,high,0.18296892980437285,869,0.20229885057471264,435,0.2706422018348624,218,0.2413793103448276,87
rsi14__w240__diff_std,0.5196361298283221,0.5196361298283221,high,0.10126582278481013,869,0.10344827586206896,435,0.14678899082568808,218,0.14942528735632185,87
rsi14__w24__min,0.4803686138529589,0.5196313861470411,low,0.1125,880,0.12866817155756208,443,0.18018018018018017,222,0.2616822429906542,107
mfi14__w24__max,0.5196308440120376,0.5196308440120376,high,0.11697247706422019,872,0.15077605321507762,451,0.17727272727272728,220,0.08333333333333333,96
volume_rel24__w72__min,0.4804116458188651,0.5195883541811349,low,0.11459459459459459,925,0.14840182648401826,438,0.11926605504587157,218,0.18055555555555555,144
ema24_slope_6h__w24__late_vs_prev,0.4804217430833061,0.5195782569166939,low,0.16455696202531644,869,0.19310344827586207,435,0.2018348623853211,218,0.16091954022988506,87
trades_rel72__w24__up_share,0.5195220781769518,0.5195220781769518,high,0.12870619946091644,1484,0.18238993710691823,477,0.18238993710691823,477,0.33980582524271846,103
lower_wick__w24__q90,0.48052468096710377,0.5194753190328962,low,0.13203214695752008,871,0.08863636363636364,440,0.04954954954954955,222,0.03409090909090909,88
trades_rel72__w72__up_share,0.48055185548415635,0.5194481445158436,low,0.13326226012793177,938,0.14173228346456693,508,0.144,250,0.14049586776859505,121
quote_volume_rel240__w72__max,0.5194160907837592,0.5194160907837592,high,0.22322435174746336,887,0.2314410480349345,458,0.1736111111111111,288,0.2222222222222222,144
atr14_pct__d24,0.5193993523655247,0.5193993523655247,high,0.17721518987341772,869,0.2482758620689655,435,0.3165137614678899,218,0.28735632183908044,87
atr14_pct__w24__diff_mean,0.5193993523655247,0.5193993523655247,high,0.17721518987341772,869,0.2482758620689655,435,0.3165137614678899,218,0.28735632183908044,87
close_vs_ema12__w72__z,0.4806265345808944,0.5193734654191056,low,0.11852704257767549,869,0.11724137931034483,435,0.13761467889908258,218,0.16091954022988506,87
lower_wick__w72__q25,0.4806348021396984,0.5193651978603016,low,0.10971428571428571,875,0.0896551724137931,435,0.07207207207207207,222,0.09574468085106383,94
abs_body_pct__w72__min,0.5193430380920318,0.5193430380920318,high,0.1626848691695108,879,0.1724137931034483,435,0.1828358208955224,268,0.06896551724137931,87
lower_wick__w72__mean,0.4806819678850066,0.5193180321149934,low,0.1380897583429229,869,0.13793103448275862,435,0.14220183486238533,218,0.11494252873563218,87
stoch_d__w24__up_share,0.4807312344034536,0.5192687655965464,low,0.10973837209302326,1376,0.08192090395480225,708,0.07371794871794872,312,0.037383177570093455,107
adx14__w72__q25,0.5192635475471373,0.5192635475471373,high,0.12219730941704036,892,0.10114942528735632,435,0.1031390134529148,223,0.13793103448275862,87
upper_wick__w240__up_share,0.5192279021706544,0.5192279021706544,high,0.13908629441624365,985,0.13616071428571427,448,0.13409961685823754,261,0.12280701754385964,114
atr6_pct__w24__late_vs_prev,0.519222480820619,0.519222480820619,high,0.18296892980437285,869,0.20689655172413793,435,0.25229357798165136,218,0.3448275862068966,87
ema_gap_72_168__d24,0.5192147553968185,0.5192147553968185,high,0.1334867663981588,869,0.11954022988505747,435,0.15137614678899083,218,0.05747126436781609,87
ema_gap_72_168__w24__diff_mean,0.5192147553968184,0.5192147553968184,high,0.1334867663981588,869,0.11954022988505747,435,0.15137614678899083,218,0.05747126436781609,87
ema_gap_72_168__w240__q75,0.4808399324716639,0.5191600675283361,low,0.12082853855005754,869,0.1793103448275862,435,0.28440366972477066,218,0.3103448275862069,87
rsi14__w240__max,0.48088547181196156,0.5191145281880385,low,0.091005291005291,945,0.0998003992015968,501,0.20982142857142858,224,0.18947368421052632,95
close_vs_ema24__w24__pos,0.48096008314182415,0.5190399168581759,low,0.11277330264672036,869,0.11748251748251748,715,0.11748251748251748,715,0.11748251748251748,715
avg_trade_quote_rel240__w24__q75,0.48096909613625805,0.519030903863742,low,0.13142857142857142,875,0.11467889908256881,436,0.09174311926605505,218,0.12222222222222222,90
quote_volume_rel24__w24__late_vs_prev,0.5190106415679845,0.5190106415679845,high,0.13693901035673187,869,0.16551724137931034,435,0.1559633027522936,218,0.11494252873563218,87
abs_body_pct__w240__up_share,0.5190033905123121,0.5190033905123121,high,0.163003663003663,1092,0.1705263157894737,475,0.13777777777777778,225,0.1391304347826087,115
volume_rel24__w24__late_vs_prev,0.5189763515290104,0.5189763515290104,high,0.1380897583429229,869,0.1632183908045977,435,0.1651376146788991,218,0.09195402298850575,87
ema6_slope_3h__w240__late_vs_prev,0.5189469407050682,0.5189469407050682,high,0.1334867663981588,869,0.11494252873563218,435,0.08256880733944955,218,0.034482758620689655,87
ema_gap_72_168__w240__pos,0.481055092301195,0.5189449076988051,low,0.12729124236252545,982,0.12729124236252545,982,0.12729124236252545,982,0.12729124236252545,982
quote_volume_rel240__w24__min,0.5189211892923999,0.5189211892923999,high,0.11967779056386652,869,0.11467889908256881,436,0.12727272727272726,220,0.18085106382978725,94
upper_wick__w24__min,0.5188945569103509,0.5188945569103509,high,0.13714285714285715,875,0.14189189189189189,444,0.15450643776824036,233,0.28888888888888886,90
macd_pct__d3,0.4811484750555553,0.5188515249444448,low,0.15995397008055237,869,0.18620689655172415,435,0.21559633027522937,218,0.20689655172413793,87
ema72_slope_12h__w72__up_share,0.5188063922053998,0.5188063922053998,high,0.10253583241455347,907,0.10504201680672269,476,0.08771929824561403,285,0.14130434782608695,92
close_vs_vwap24__w240__z,0.48122979530608667,0.5187702046939133,low,0.13924050632911392,869,0.135632183908046,435,0.14220183486238533,218,0.1724137931034483,87
close_vs_vwap240__w72__late_vs_prev,0.4812487700312107,0.5187512299687893,low,0.17031070195627157,869,0.24597701149425288,435,0.23394495412844038,218,0.3563218390804598,87
stoch_d__w72__q90,0.4812572408906411,0.518742759109359,low,0.14844649021864212,869,0.21252796420581654,447,0.2445414847161572,229,0.1839080459770115,87
dist_high240__w72__accel,0.48126137467004315,0.5187386253299568,low,0.16340621403912542,869,0.15862068965517243,435,0.1651376146788991,218,0.16091954022988506,87
dist_high240__w240__accel,0.48126137467004315,0.5187386253299568,low,0.16340621403912542,869,0.15862068965517243,435,0.1651376146788991,218,0.16091954022988506,87
bb_z__w72__q25,0.4812785874564055,0.5187214125435945,low,0.13578826237054084,869,0.16404494382022472,445,0.1598173515981735,219,0.20224719101123595,89
close_vs_ema48__w24__z,0.4812806204626689,0.518719379537331,low,0.11737629459148446,869,0.11724137931034483,435,0.12385321100917432,218,0.12643678160919541,87
close_vs_vwap240__w24__late_vs_prev,0.48129119209523796,0.518708807904762,low,0.17721518987341772,869,0.22298850574712645,435,0.23394495412844038,218,0.19540229885057472,87
close_vs_vwap72__w240__delta,0.5186857671671115,0.5186857671671115,high,0.06559263521288838,869,0.06436781609195402,435,0.07339449541284404,218,0.034482758620689655,87
bb_z__d3,0.5186712650557667,0.5186712650557667,high,0.11737629459148446,869,0.10344827586206896,435,0.10550458715596331,218,0.1724137931034483,87
avg_trade_quote_rel24__w24__delta,0.48134974267562053,0.5186502573243794,low,0.13924050632911392,869,0.12413793103448276,435,0.12844036697247707,218,0.1839080459770115,87
atr72_pct__w24__accel,0.5186389402561805,0.5186389402561805,high,0.1565017261219793,869,0.19540229885057472,435,0.21559633027522937,218,0.22988505747126436,87
rsi24__w72__diff_mean,0.518638872489305,0.518638872489305,high,0.09551208285385501,869,0.1103448275862069,435,0.11926605504587157,218,0.06896551724137931,87
taker_share__w24__mean,0.5185964504252778,0.5185964504252778,high,0.09666283084004602,869,0.07586206896551724,435,0.06422018348623854,218,0.05747126436781609,87
stoch_k__w24__diff_std,0.4814264547786219,0.5185735452213781,low,0.09666283084004602,869,0.0896551724137931,435,0.04128440366972477,218,0.022988505747126436,87
lower_wick__w24__q25,0.5185723931844957,0.5185723931844957,high,0.05172413793103448,870,0.045662100456621,438,0.04524886877828054,221,0.10344827586206896,87
macd_fast_hist_pct__w24__z,0.5185328850961124,0.5185328850961124,high,0.1277330264672037,869,0.14482758620689656,435,0.11926605504587157,218,0.10344827586206896,87
macd_pct__w72__pos,0.4814716552845423,0.5185283447154577,low,0.13118527042577677,869,0.1280120481927711,664,0.1280120481927711,664,0.1280120481927711,664
ema_gap_72_168__w24__pos,0.5185102509597145,0.5185102509597145,high,0.11867192636423406,3042,0.11867192636423406,3042,0.11867192636423406,3042,0.11867192636423406,3042
rsi14__w72__max,0.4815095369679149,0.5184904630320851,low,0.11891279728199321,883,0.11467889908256881,436,0.08045977011494253,261,0.06666666666666667,90
ema168_slope_24h__w24__late_vs_prev,0.48157920131587006,0.5184207986841299,low,0.1806674338319908,869,0.22988505747126436,435,0.22477064220183487,218,0.21839080459770116,87
close_vs_sma24__w24__z,0.48160115778351353,0.5183988422164865,low,0.11277330264672036,869,0.12413793103448276,435,0.14678899082568808,218,0.10344827586206896,87
dist_high240__w24__z,0.48162162337989733,0.5183783766201027,low,0.11967779056386652,869,0.10114942528735632,435,0.10550458715596331,218,0.13793103448275862,87
stoch_k__w72__min,0.5183783766201027,0.5183783766201027,high,0.08399545970488081,881,0.14414414414414414,444,0.06967213114754098,244,0.0,89
close_vs_ema240__d12,0.4817513291794949,0.5182486708205051,low,0.17836593785960875,869,0.20689655172413793,435,0.19724770642201836,218,0.21839080459770116,87
close_vs_vwap240__w72__pos,0.5182089594314956,0.5182089594314956,high,0.10817031070195628,869,0.09761388286334056,461,0.09761388286334056,461,0.09761388286334056,461
cci20__w24__max,0.4818124549011444,0.5181875450988556,low,0.10241657077100115,869,0.12780269058295965,446,0.1565217391304348,230,0.29545454545454547,88
avg_trade_quote_rel72__w72__pos,0.4818160465455429,0.5181839534544571,low,0.1380897583429229,869,0.15172413793103448,435,0.11467889908256881,218,0.1111111111111111,144
upper_wick__d12,0.5181374653779034,0.5181374653779034,high,0.11622554660529344,869,0.10804597701149425,435,0.0963302752293578,218,0.05747126436781609,87
trades_rel24__w72__diff_std,0.518072070343101,0.518072070343101,high,0.15304948216340622,869,0.11494252873563218,435,0.1834862385321101,218,0.20689655172413793,87
close_vs_ema12__w240__up_share,0.48193945002572436,0.5180605499742756,low,0.11982758620689656,1160,0.11627906976744186,559,0.06329113924050633,237,0.00819672131147541,122
volume_rel72__w24__late_vs_prev,0.5180571616305035,0.5180571616305035,high,0.15880322209436135,869,0.1724137931034483,435,0.21559633027522937,218,0.19540229885057472,87
adx14__now,0.5180566194955,0.5180566194955,high,0.11047180667433831,869,0.1471264367816092,435,0.14678899082568808,218,0.13793103448275862,87
close_vs_vwap24__w72__diff_mean,0.48195869581835005,0.51804130418165,low,0.16800920598388952,869,0.23448275862068965,435,0.2981651376146789,218,0.3218390804597701,87
avg_trade_quote_rel24__w240__max,0.5180126387933376,0.5180126387933376,high,0.16979166666666667,960,0.18958333333333333,480,0.2791666666666667,240,0.2791666666666667,240
trades_rel240__w240__min,0.48199074955043447,0.5180092504495655,low,0.12335692618806876,989,0.11618257261410789,482,0.05,240,0.05,240
close_vs_vwap240__w240__max,0.518007352977053,0.518007352977053,high,0.08053691275167785,1043,0.1213235294117647,544,0.1875,240,0.1875,240
avg_trade_quote_rel24__w24__min,0.48199861050798587,0.5180013894920141,low,0.149438202247191,890,0.15945330296127563,439,0.045662100456621,219,0.0,96
dist_high24__d6,0.4820134514537079,0.5179865485462921,low,0.17836593785960875,869,0.21379310344827587,435,0.23853211009174313,218,0.19540229885057472,87
close_vs_ema72__w240__up_share,0.5179673705205418,0.5179673705205418,high,0.11869436201780416,1011,0.07659574468085106,470,0.08906882591093117,247,0.11956521739130435,92
mfi14__now,0.48203392010210055,0.5179660798978994,low,0.11967779056386652,869,0.11494252873563218,435,0.10091743119266056,218,0.13793103448275862,87
stoch_d__w72__q10,0.5179304375734254,0.5179304375734254,high,0.13863636363636364,880,0.06997742663656885,443,0.02262443438914027,221,0.0,88
ema168_slope_24h__d12,0.4820767457153715,0.5179232542846285,low,0.16455696202531644,869,0.21839080459770116,435,0.22477064220183487,218,0.26436781609195403,87
volume_rel240__w24__max,0.5178873378406438,0.5178873378406438,high,0.12780269058295965,892,0.20776255707762556,438,0.23236514522821577,241,0.03125,96
cci20__d1,0.5178865246381384,0.5178865246381384,high,0.11967779056386652,869,0.12413793103448276,435,0.12385321100917432,218,0.12643678160919541,87
rebound_low240__w24__q25,0.517822349407094,0.517822349407094,high,0.08191126279863481,879,0.08735632183908046,435,0.1559633027522936,218,0.13793103448275862,87
volume_rel240__w240__diff_std,0.5178142851489164,0.5178142851489164,high,0.1760644418872267,869,0.1471264367816092,435,0.12844036697247707,218,0.20689655172413793,87
adx14__w72__up_share,0.4821868668879662,0.5178131331120338,low,0.1309192200557103,1077,0.10080645161290322,496,0.07605633802816901,355,0.057692307692307696,104
close_vs_ema168__d12,0.48218693465484164,0.5178130653451584,low,0.1714614499424626,869,0.2,435,0.1926605504587156,218,0.20689655172413793,87
close_vs_ema240__w72__pos,0.5177975467306819,0.5177975467306819,high,0.10817031070195628,869,0.10114942528735632,435,0.0985576923076923,416,0.0985576923076923,416
rsi24__w24__pos,0.48220821345373066,0.5177917865462693,low,0.11277330264672036,869,0.11290322580645161,806,0.11290322580645161,806,0.11290322580645161,806
close_vs_sma24__w72__mean,0.48221444800627145,0.5177855519937286,low,0.17261219792865362,869,0.2574712643678161,435,0.3073394495412844,218,0.45977011494252873,87
cci20__d3,0.5177780976374299,0.5177780976374299,high,0.11852704257767549,869,0.09885057471264368,435,0.11009174311926606,218,0.1839080459770115,87
quote_volume_rel72__w24__late_vs_prev,0.517763731059836,0.517763731059836,high,0.1565017261219793,869,0.1632183908045977,435,0.21559633027522937,218,0.1724137931034483,87
close_vs_vwap72__w240__diff_mean,0.5176874255580873,0.5176874255580873,high,0.06559263521288838,869,0.05517241379310345,435,0.08256880733944955,218,0.04597701149425287,87
rsi24__w240__pos,0.5176601832741593,0.5176601832741593,high,0.07479861910241657,869,0.07586206896551724,435,0.0871559633027523,218,0.09836065573770492,122
ema_gap_72_168__w24__delta,0.5176112555900896,0.5176112555900896,high,0.1334867663981588,869,0.11494252873563218,435,0.1559633027522936,218,0.04597701149425287,87
avg_trade_quote_rel240__w72__std,0.4824132760188208,0.5175867239811792,low,0.13003452243958574,869,0.11264367816091954,435,0.11009174311926606,218,0.11494252873563218,87
bb_width__w240__q10,0.517544301917152,0.517544301917152,high,0.18848758465011287,886,0.203579418344519,447,0.1732283464566929,254,0.05747126436781609,87
close_vs_ema72__w24__pos,0.48250232169315266,0.5174976783068473,low,0.10817031070195628,869,0.1070154577883472,841,0.1070154577883472,841,0.1070154577883472,841
dist_high72__w240__diff_mean,0.48251370652822706,0.517486293471773,low,0.18872266973532797,869,0.23908045977011494,435,0.3486238532110092,218,0.41379310344827586,87
close_vs_sma168__w240__q75,0.4825632441141758,0.5174367558858242,low,0.1653363740022805,877,0.18850574712643678,435,0.2831050228310502,219,0.2413793103448276,87
ema_gap_24_72__d24,0.4825714439061044,0.5174285560938956,low,0.14959723820483314,869,0.18160919540229886,435,0.2018348623853211,218,0.27586206896551724,87
ema_gap_24_72__w24__diff_mean,0.48257144390610435,0.5174285560938956,low,0.14959723820483314,869,0.18160919540229886,435,0.2018348623853211,218,0.27586206896551724,87
trades_rel24__w24__q10,0.5174240157132409,0.5174240157132409,high,0.1093210586881473,869,0.1444954128440367,436,0.19909502262443438,221,0.3258426966292135,89
close_vs_vwap72__w24__q10,0.48259258717124254,0.5174074128287575,low,0.18594104308390022,882,0.2482758620689655,435,0.319634703196347,219,0.32038834951456313,103
trades_rel24__w72__q25,0.5173967056624376,0.5173967056624376,high,0.11277330264672036,869,0.12045454545454545,440,0.1743119266055046,218,0.23404255319148937,94
rsi24__w72__delta,0.5173889802386369,0.5173889802386369,high,0.09896432681242807,869,0.10804597701149425,435,0.11926605504587157,218,0.05747126436781609,87
stoch_k__w240__up_share,0.4826738396548985,0.5173261603451015,low,0.14471243042671614,1078,0.17485549132947978,692,0.22164948453608246,388,0.2835820895522388,201
dist_high72__d6,0.482695186220663,0.517304813779337,low,0.1714614499424626,869,0.2,435,0.24311926605504589,218,0.19540229885057472,87
upper_wick__w72__accel,0.5173018320368175,0.5173018320368175,high,0.11162255466052934,869,0.1103448275862069,435,0.11009174311926606,218,0.13793103448275862,87
upper_wick__w240__accel,0.5173018320368175,0.5173018320368175,high,0.11162255466052934,869,0.1103448275862069,435,0.11009174311926606,218,0.13793103448275862,87
close_vs_sma240__w72__up_share,0.48271117920326756,0.5172888207967324,low,0.14669051878354203,1118,0.13882863340563992,461,0.09929078014184398,282,0.06707317073170732,164
close_vs_sma168__w72__diff_mean,0.5172867877904692,0.5172867877904692,high,0.1565017261219793,869,0.10574712643678161,435,0.11467889908256881,218,0.09195402298850575,87
dist_high72__w72__pos,0.5172342006951255,0.5172342006951255,high,0.08975834292289989,869,0.09195402298850575,435,0.09809264305177112,367,0.09809264305177112,367
macd_fast_hist_pct__w24__accel,0.4827873491712653,0.5172126508287347,low,0.1622554660529344,869,0.19770114942528735,435,0.17889908256880735,218,0.20689655172413793,87
volume_rel240__w240__accel,0.5171997751224005,0.5171997751224005,high,0.13463751438434982,869,0.14022988505747128,435,0.14678899082568808,218,0.13793103448275862,87
volume_rel240__w72__accel,0.5171997751224005,0.5171997751224005,high,0.13463751438434982,869,0.14022988505747128,435,0.14678899082568808,218,0.13793103448275862,87
adx14__w240__q75,0.5171252315594134,0.5171252315594134,high,0.1611047180667434,869,0.20222222222222222,450,0.2047244094488189,254,0.07608695652173914,92
volume_rel24__w72__late_vs_prev,0.5171194713750007,0.5171194713750007,high,0.12888377445339472,869,0.15402298850574714,435,0.21100917431192662,218,0.1839080459770115,87
adx14__w240__up_share,0.48291990117963157,0.5170800988203684,low,0.16717019133937563,993,0.23858921161825727,482,0.21212121212121213,231,0.17391304347826086,92
dist_high24__w240__late_vs_prev,0.4829308794134533,0.5170691205865467,low,0.19102416570771003,869,0.20919540229885059,435,0.30275229357798167,218,0.3103448275862069,87
close_vs_ema24__w24__late_vs_prev,0.4829640851824203,0.5170359148175797,low,0.16455696202531644,869,0.18850574712643678,435,0.23394495412844038,218,0.13793103448275862,87
taker_share__w240__up_share,0.4829675412930679,0.5170324587069322,low,0.10610932475884244,933,0.10244988864142539,449,0.09053497942386832,243,0.13740458015267176,131
quote_volume_rel240__w24__std,0.5170264274550177,0.5170264274550177,high,0.1518987341772152,869,0.21839080459770116,435,0.23394495412844038,218,0.05747126436781609,87
volume_rel24__w72__pos,0.5170187697980927,0.5170187697980927,high,0.11162255466052934,869,0.12413793103448276,435,0.14220183486238533,218,0.12857142857142856,140
avg_trade_quote_rel24__w72__q90,0.5169796683109621,0.5169796683109621,high,0.15279361459521096,877,0.18949771689497716,438,0.23636363636363636,220,0.28735632183908044,87
ema_gap_6_24__d6,0.4830383576779057,0.5169616423220943,low,0.16340621403912542,869,0.19080459770114944,435,0.22477064220183487,218,0.14942528735632185,87
cci20__w72__q25,0.48305509609614006,0.5169449039038599,low,0.1093210586881473,869,0.08735632183908046,435,0.11261261261261261,222,0.00909090909090909,110
ema24_slope_6h__d6,0.48305746793678056,0.5169425320632195,low,0.16340621403912542,869,0.18850574712643678,435,0.22935779816513763,218,0.13793103448275862,87
rsi24__w24__std,0.51686073744456,0.51686073744456,high,0.10126582278481013,869,0.10344827586206896,435,0.07339449541284404,218,0.10344827586206896,87
close_vs_sma24__w240__z,0.48318175238634276,0.5168182476136572,low,0.1380897583429229,869,0.1425287356321839,435,0.16055045871559634,218,0.16091954022988506,87
close_vs_ema168__w240__late_vs_prev,0.5167884301884624,0.5167884301884624,high,0.15765247410817032,869,0.1724137931034483,435,0.1743119266055046,218,0.3103448275862069,87
bb_width__w24__up_share,0.5167878880534589,0.5167878880534589,high,0.10356731875719218,869,0.12008281573498965,483,0.13688212927756654,263,0.11504424778761062,113
ema6_slope_3h__w72__delta,0.48322444551787175,0.5167755544821282,low,0.1518987341772152,869,0.17471264367816092,435,0.21559633027522937,218,0.28735632183908044,87
stoch_k__now,0.4832335940460566,0.5167664059539434,low,0.11622554660529344,869,0.11954022988505747,435,0.12385321100917432,218,0.08045977011494253,87
mfi14__d1,0.5167223680907507,0.5167223680907507,high,0.11981566820276497,868,0.11981566820276497,434,0.11981566820276497,217,0.12643678160919541,87
macd_fast_hist_pct__w240__pos,0.48328028542323664,0.5167197145767634,low,0.10817031070195628,869,0.12643678160919541,435,0.12385321100917432,218,0.13793103448275862,87
abs_body_pct__w24__late_vs_prev,0.5166835270652768,0.5166835270652768,high,0.16340621403912542,869,0.18850574712643678,435,0.20642201834862386,218,0.22988505747126436,87
ema6_slope_3h__w24__accel,0.48334317308364766,0.5166568269163523,low,0.15880322209436135,869,0.19540229885057472,435,0.21100917431192662,218,0.19540229885057472,87
avg_trade_quote_rel240__w24__q90,0.48335313481433767,0.5166468651856624,low,0.12888377445339472,869,0.13073394495412843,436,0.11261261261261261,222,0.11956521739130435,92
rsi6__now,0.4833779374907498,0.5166220625092501,low,0.1277330264672037,869,0.1425287356321839,435,0.12385321100917432,218,0.13793103448275862,87
stoch_d__w72__pos,0.483383629908287,0.516616370091713,low,0.1093210586881473,869,0.11954022988505747,435,0.11818181818181818,220,0.11818181818181818,220
close_vs_ema168__w72__pos,0.5165921773171799,0.5165921773171799,high,0.1001150747986191,869,0.10804597701149425,435,0.10579345088161209,397,0.10579345088161209,397
stoch_d__w24__diff_std,0.48341534480599424,0.5165846551940058,low,0.10356731875719218,869,0.09655172413793103,435,0.03669724770642202,218,0.0,87
close_vs_sma24__w24__pos,0.48341907198414363,0.5165809280158564,low,0.11162255466052934,869,0.11124401913875598,836,0.11124401913875598,836,0.11124401913875598,836
close_vs_sma168__w72__delta,0.5165791660770949,0.5165791660770949,high,0.15420023014959724,869,0.10344827586206896,435,0.10091743119266056,218,0.09195402298850575,87
rsi6__w72__q25,0.48343208322422865,0.5165679167757713,low,0.1285551763367463,879,0.11648351648351649,455,0.11926605504587157,218,0.2413793103448276,87
rebound_low24__w240__q10,0.5164685705363721,0.5164685705363721,high,0.12989921612541994,893,0.08836206896551724,464,0.09821428571428571,224,0.09345794392523364,107
body_pct__w72__accel,0.5164160512079039,0.5164160512079039,high,0.15420023014959724,869,0.167816091954023,435,0.1743119266055046,218,0.19540229885057472,87
body_pct__w240__accel,0.5164160512079039,0.5164160512079039,high,0.15420023014959724,869,0.167816091954023,435,0.1743119266055046,218,0.19540229885057472,87
stoch_d__w72__mean,0.4835897767433842,0.5164102232566158,low,0.12428078250863062,869,0.14022988505747128,435,0.1651376146788991,218,0.20689655172413793,87
close_vs_sma24__w240__q75,0.5163980929859115,0.5163980929859115,high,0.09249183895538629,919,0.12694877505567928,449,0.13761467889908258,218,0.07547169811320754,106
stoch_k__w72__mean,0.48361383398416635,0.5163861660158336,low,0.13118527042577677,869,0.14022988505747128,435,0.1743119266055046,218,0.21839080459770116,87
rebound_low24__d3,0.5163377126998919,0.5163377126998919,high,0.15074798619102417,869,0.167816091954023,435,0.19724770642201836,218,0.20689655172413793,87
avg_trade_quote_rel24__d12,0.5163312748467249,0.5163312748467249,high,0.12543153049482164,869,0.10114942528735632,435,0.10091743119266056,218,0.08045977011494253,87
ema_gap_6_24__w240__up_share,0.4836708936932893,0.5163291063067107,low,0.08061002178649238,918,0.06086956521739131,460,0.06551724137931035,290,0.04597701149425287,87
close_vs_ema6__w240__late_vs_prev,0.516296713740249,0.516296713740249,high,0.1323360184119678,869,0.1103448275862069,435,0.06422018348623854,218,0.034482758620689655,87
close_vs_ema72__w240__q90,0.5162912246233382,0.5162912246233382,high,0.10011123470522804,899,0.0625,528,0.08943089430894309,369,0.04225352112676056,213
volume_rel240__w72__diff_std,0.5162880395801923,0.5162880395801923,high,0.18296892980437285,869,0.23908045977011494,435,0.1559633027522936,218,0.20689655172413793,87
volume_rel24__w72__q25,0.4837161619660851,0.516283838033915,low,0.14580941446613088,871,0.1564625850340136,441,0.12658227848101267,237,0.06896551724137931,87
log_ret__w72__accel,0.516257680019994,0.516257680019994,high,0.15420023014959724,869,0.167816091954023,435,0.1743119266055046,218,0.19540229885057472,87
log_ret__w240__accel,0.516257680019994,0.516257680019994,high,0.15420023014959724,869,0.167816091954023,435,0.1743119266055046,218,0.19540229885057472,87
body_pct__w24__up_share,0.48377830419086626,0.5162216958091337,low,0.13193116634799235,1569,0.12008733624454149,458,0.12008733624454149,458,0.06315789473684211,95
log_ret__w24__up_share,0.48377830419086626,0.5162216958091337,low,0.13193116634799235,1569,0.12008733624454149,458,0.12008733624454149,458,0.06315789473684211,95
quote_volume_rel24__w72__min,0.4837983631859973,0.5162016368140028,low,0.11351351351351352,925,0.14840182648401826,438,0.11926605504587157,218,0.18055555555555555,144
dist_high72__w240__delta,0.4838260798380534,0.5161739201619466,low,0.19447640966628307,869,0.24367816091954023,435,0.3623853211009174,218,0.39080459770114945,87
quote_volume_rel240__w72__accel,0.5161446448717553,0.5161446448717553,high,0.12658227848101267,869,0.13793103448275862,435,0.15137614678899083,218,0.12643678160919541,87
quote_volume_rel240__w240__accel,0.5161446448717553,0.5161446448717553,high,0.12658227848101267,869,0.13793103448275862,435,0.15137614678899083,218,0.12643678160919541,87
ema6_slope_3h__w72__z,0.48386755316582447,0.5161324468341755,low,0.11852704257767549,869,0.12413793103448276,435,0.13302752293577982,218,0.16091954022988506,87
avg_trade_quote_rel24__d6,0.5161221462691082,0.5161221462691082,high,0.11162255466052934,869,0.10804597701149425,435,0.09174311926605505,218,0.09195402298850575,87
adx14__w24__diff_std,0.5161047979489949,0.5161047979489949,high,0.13924050632911392,869,0.1103448275862069,435,0.09174311926605505,218,0.08045977011494253,87
close_vs_sma24__d3,0.5160295767172534,0.5160295767172534,high,0.15420023014959724,869,0.1793103448275862,435,0.21100917431192662,218,0.25287356321839083,87
abs_body_pct__d12,0.5160082979183642,0.5160082979183642,high,0.1622554660529344,869,0.17471264367816092,435,0.1651376146788991,218,0.16091954022988506,87
trades_rel240__w72__max,0.5159833597082013,0.5159833597082013,high,0.15290178571428573,896,0.18863636363636363,440,0.21180555555555555,288,0.1388888888888889,144
rsi24__w72__accel,0.5159734657443866,0.5159734657443866,high,0.11277330264672036,869,0.11724137931034483,435,0.10550458715596331,218,0.09195402298850575,87
rsi24__w240__accel,0.5159734657443866,0.5159734657443866,high,0.11277330264672036,869,0.11724137931034483,435,0.10550458715596331,218,0.09195402298850575,87
quote_volume_rel24__w72__late_vs_prev,0.5159581504305365,0.5159581504305365,high,0.1277330264672037,869,0.15172413793103448,435,0.21559633027522937,218,0.1724137931034483,87
rsi6__w72__diff_std,0.5159570661605295,0.5159570661605295,high,0.12428078250863062,869,0.18850574712643678,435,0.21100917431192662,218,0.2988505747126437,87
dist_high240__w24__accel,0.48406516137461586,0.5159348386253841,low,0.15420023014959724,869,0.17701149425287357,435,0.1743119266055046,218,0.19540229885057472,87
quote_volume_rel24__w72__pos,0.5159193877777832,0.5159193877777832,high,0.11047180667433831,869,0.12413793103448276,435,0.13761467889908258,218,0.12949640287769784,139
rebound_low72__w24__z,0.48408305182973277,0.5159169481702672,low,0.13924050632911392,869,0.12873563218390804,435,0.14678899082568808,218,0.12643678160919541,87
macd_fast_hist_pct__w24__q75,0.48417399497657704,0.5158260050234229,low,0.13448275862068965,870,0.12018140589569161,441,0.1743119266055046,218,0.23863636363636365,88
obv_delta__w24__pos,0.5157620330930048,0.5157620330930048,high,0.12082853855005754,869,0.12413793103448276,435,0.12439024390243902,410,0.12439024390243902,410
macd_fast_hist_pct__w72__delta,0.48423945777825483,0.5157605422217452,low,0.16570771001150747,869,0.1839080459770115,435,0.1834862385321101,218,0.2413793103448276,87
close_vs_vwap24__w24__q75,0.5157349263428277,0.5157349263428277,high,0.11353211009174312,872,0.15862068965517243,435,0.25229357798165136,218,0.10112359550561797,89
rsi14__w24__pos,0.4842723924797201,0.5157276075202799,low,0.11507479861910241,869,0.12041884816753927,764,0.12041884816753927,764,0.12041884816753927,764
close_vs_sma72__w24__q25,0.4842858780879332,0.5157141219120668,low,0.2094361334867664,869,0.298876404494382,445,0.26521739130434785,230,0.1827956989247312,93
avg_trade_quote_rel24__w72__pos,0.48429021516796167,0.5157097848320383,low,0.12543153049482164,869,0.11954022988505747,435,0.11009174311926606,218,0.11888111888111888,143
cci20__w24__pos,0.5156870829287651,0.5156870829287651,high,0.13003452243958574,869,0.1224764468371467,743,0.1224764468371467,743,0.1224764468371467,743
close_vs_sma72__d6,0.4843340603363731,0.515665939663627,low,0.15765247410817032,869,0.18160919540229886,435,0.20642201834862386,218,0.20689655172413793,87
rebound_low72__w240__accel,0.515656316767314,0.515656316767314,high,0.12658227848101267,869,0.13793103448275862,435,0.16055045871559634,218,0.1839080459770115,87
rebound_low72__w72__accel,0.515656316767314,0.515656316767314,high,0.12658227848101267,869,0.13793103448275862,435,0.16055045871559634,218,0.1839080459770115,87
volume_rel240__w240__q25,0.5156532672579192,0.5156532672579192,high,0.16073478760045926,871,0.20224719101123595,445,0.2785388127853881,219,0.39325842696629215,89
stoch_d__d1,0.5156143013045394,0.5156143013045394,high,0.12082853855005754,869,0.1310344827586207,435,0.12844036697247707,218,0.13793103448275862,87
stoch_k__d3,0.5156143013045394,0.5156143013045394,high,0.12082853855005754,869,0.1310344827586207,435,0.12844036697247707,218,0.13793103448275862,87
close_vs_sma240__d12,0.4843976256655385,0.5156023743344615,low,0.1760644418872267,869,0.20919540229885059,435,0.19724770642201836,218,0.25287356321839083,87
avg_trade_quote_rel72__w72__up_share,0.48439918430367374,0.5156008156963263,low,0.12683347713546161,1159,0.13394495412844037,545,0.13394495412844037,545,0.10050251256281408,199
rebound_low24__w240__diff_mean,0.5155409775453103,0.5155409775453103,high,0.08975834292289989,869,0.10344827586206896,435,0.11467889908256881,218,0.11494252873563218,87
ema72_slope_12h__w240__diff_mean,0.48447216922852565,0.5155278307714743,low,0.1518987341772152,869,0.23908045977011494,435,0.28440366972477066,218,0.3218390804597701,87
close_vs_ema168__w240__z,0.4844824697935929,0.5155175302064071,low,0.14154200230149597,869,0.15632183908045977,435,0.16055045871559634,218,0.16091954022988506,87
rsi24__w240__max,0.4845768690510849,0.5154231309489151,low,0.09871244635193133,932,0.10772357723577236,492,0.19196428571428573,224,0.26956521739130435,115
close_location__w72__late_vs_prev,0.4846078385131622,0.5153921614868378,low,0.10817031070195628,869,0.09655172413793103,435,0.06880733944954129,218,0.08045977011494253,87
trades_rel72__w72__min,0.5153662067735432,0.5153662067735432,high,0.11035267349260523,879,0.08893709327548807,461,0.03643724696356275,247,0.010638297872340425,94
close_vs_sma72__w24__max,0.515365867939166,0.515365867939166,high,0.08740068104426787,881,0.09955752212389381,452,0.05128205128205128,234,0.0673076923076923,104
ema168_slope_24h__d24,0.5153642415341553,0.5153642415341553,high,0.15304948216340622,869,0.135632183908046,435,0.17889908256880735,218,0.2413793103448276,87
ema168_slope_24h__w24__diff_mean,0.5153642415341553,0.5153642415341553,high,0.15304948216340622,869,0.135632183908046,435,0.17889908256880735,218,0.2413793103448276,87
close_vs_vwap240__w240__pos,0.48463833360711145,0.5153616663928886,low,0.11852704257767549,869,0.11724137931034483,435,0.11467889908256881,218,0.12195121951219512,205
trades_rel24__w240__q25,0.484653716687837,0.5153462833121629,low,0.13073394495412843,872,0.1444954128440367,436,0.15584415584415584,231,0.14285714285714285,91
stoch_k__w240__pos,0.4846696419035661,0.5153303580964339,low,0.11737629459148446,869,0.11264367816091954,435,0.11467889908256881,218,0.10344827586206896,87
macd_pct__w24__q75,0.5153245979120213,0.5153245979120213,high,0.14154200230149597,869,0.07517084282460136,439,0.05701754385964912,228,0.10344827586206896,87
avg_trade_quote_rel72__w240__min,0.484686922456804,0.515313077543196,low,0.028455284552845527,984,0.05357142857142857,504,0.0375,240,0.0375,240
close_vs_ema72__w24__z,0.4847013568012734,0.5152986431987265,low,0.11162255466052934,869,0.1103448275862069,435,0.12385321100917432,218,0.13793103448275862,87
bb_width__w72__up_share,0.48473923848464595,0.515260761515354,low,0.1141732283464567,1016,0.1168032786885246,488,0.12367491166077739,283,0.0660377358490566,106
ema24_slope_6h__w240__up_share,0.4847771879348939,0.5152228120651061,low,0.1147695202257761,1063,0.11231101511879049,463,0.0735930735930736,231,0.08,150
close_vs_vwap72__w24__pos,0.4847947395556336,0.5152052604443664,low,0.11073825503355705,894,0.11073825503355705,894,0.11073825503355705,894,0.11073825503355705,894
rebound_low72__d12,0.48480937720072925,0.5151906227992707,low,0.1668584579976985,869,0.22298850574712645,435,0.20642201834862386,218,0.1839080459770115,87
rebound_low24__w240__delta,0.5151842527129792,0.5151842527129792,high,0.08860759493670886,869,0.09885057471264368,435,0.11467889908256881,218,0.10344827586206896,87
close_vs_ema168__w24__late_vs_prev,0.4848366194846573,0.5151633805153427,low,0.17261219792865362,869,0.2160919540229885,435,0.25688073394495414,218,0.19540229885057472,87
close_vs_ema48__w24__mean,0.48485315460226536,0.5151468453977346,low,0.19677790563866512,869,0.27586206896551724,435,0.3532110091743119,218,0.3103448275862069,87
trades_rel24__w24__up_share,0.5151283450407388,0.5151283450407388,high,0.1142527409117138,1733,0.16134453781512606,595,0.16134453781512606,595,0.28448275862068967,116
bb_width__w72__min,0.5151200097150592,0.5151200097150592,high,0.1839080459770115,870,0.22779043280182232,439,0.1762295081967213,244,0.10344827586206896,87
lower_wick__w72__q10,0.5151097769168673,0.5151097769168673,high,0.10057142857142858,875,0.10091743119266056,436,0.13716814159292035,226,0.11827956989247312,93
mfi14__w240__accel,0.5150992049416421,0.5150992049416421,high,0.1303344867358708,867,0.12903225806451613,434,0.14285714285714285,217,0.1839080459770115,87
mfi14__w72__accel,0.5150992049416421,0.5150992049416421,high,0.1303344867358708,867,0.12903225806451613,434,0.14285714285714285,217,0.1839080459770115,87
close_location__w24__std,0.4849529752097927,0.5150470247902073,low,0.11507479861910241,869,0.10574712643678161,435,0.045871559633027525,218,0.011494252873563218,87
obv_delta__w72__pos,0.48498428350624734,0.5150157164937527,low,0.12888377445339472,869,0.11724137931034483,435,0.10091743119266056,218,0.10119047619047619,168
close_vs_ema24__w24__q90,0.5149732266628501,0.5149732266628501,high,0.11891279728199321,883,0.06696428571428571,448,0.0871559633027523,218,0.05154639175257732,97
trades_rel240__w24__diff_std,0.5149679408465655,0.5149679408465655,high,0.12888377445339472,869,0.07816091954022988,435,0.09174311926605505,218,0.11494252873563218,87
close_vs_sma168__d3,0.5149653657052986,0.5149653657052986,high,0.14959723820483314,869,0.15172413793103448,435,0.1743119266055046,218,0.1724137931034483,87
avg_trade_quote_rel72__w72__diff_mean,0.4850443927247651,0.5149556072752348,low,0.12082853855005754,869,0.12873563218390804,435,0.12844036697247707,218,0.10344827586206896,87
close_vs_sma240__w240__q75,0.4850548288235833,0.5149451711764167,low,0.14269535673839184,883,0.17011494252873563,435,0.2922374429223744,219,0.2413793103448276,87
close_vs_vwap24__d3,0.5149195552974993,0.5149195552974993,high,0.14844649021864212,869,0.1839080459770115,435,0.23853211009174313,218,0.26436781609195403,87
close_vs_ema12__d3,0.5149039689161474,0.5149039689161474,high,0.1714614499424626,869,0.19310344827586207,435,0.23394495412844038,218,0.22988505747126436,87
quote_volume_rel240__w72__late_vs_prev,0.5148852652585252,0.5148852652585252,high,0.14384349827387802,869,0.19770114942528735,435,0.20642201834862386,218,0.2413793103448276,87
volume_rel72__w72__accel,0.5148802505097424,0.5148802505097424,high,0.1334867663981588,869,0.13793103448275862,435,0.1651376146788991,218,0.1839080459770115,87
volume_rel72__w240__accel,0.5148802505097424,0.5148802505097424,high,0.1334867663981588,869,0.13793103448275862,435,0.1651376146788991,218,0.1839080459770115,87
ema24_slope_6h__w24__q75,0.5148756423622123,0.5148756423622123,high,0.12076749435665914,886,0.09339407744874716,439,0.039647577092511016,227,0.06,100
ema72_slope_12h__w240__q90,0.5148692722759207,0.5148692722759207,high,0.06783369803063458,914,0.06864988558352403,437,0.04128440366972477,218,0.041666666666666664,216
close_vs_vwap240__d6,0.48527263156125666,0.5147273684387433,low,0.1668584579976985,869,0.17701149425287357,435,0.20642201834862386,218,0.16091954022988506,87
dist_high72__w240__late_vs_prev,0.514713543996153,0.514713543996153,high,0.15765247410817032,869,0.2160919540229885,435,0.2798165137614679,218,0.28735632183908044,87
close_vs_ema240__w24__late_vs_prev,0.4853405339704504,0.5146594660295496,low,0.17376294591484465,869,0.21839080459770116,435,0.25229357798165136,218,0.19540229885057472,87
bb_z__d6,0.5146555355507739,0.5146555355507739,high,0.12197928653624857,869,0.10114942528735632,435,0.0871559633027523,218,0.04597701149425287,87
avg_trade_quote_rel240__w72__diff_std,0.48538309156822845,0.5146169084317715,low,0.12428078250863062,869,0.11264367816091954,435,0.05963302752293578,218,0.10344827586206896,87
close_vs_ema24__w24__z,0.48540260842835603,0.514597391571644,low,0.11852704257767549,869,0.12183908045977011,435,0.11926605504587157,218,0.12643678160919541,87
rsi6__d3,0.5145942742953736,0.5145942742953736,high,0.12428078250863062,869,0.13333333333333333,435,0.12385321100917432,218,0.19540229885057472,87
rebound_low240__d12,0.48549002769767735,0.5145099723023226,low,0.16340621403912542,869,0.18160919540229886,435,0.2018348623853211,218,0.22988505747126436,87
close_vs_sma168__w240__z,0.4854907053664318,0.5145092946335682,low,0.14154200230149597,869,0.15632183908045977,435,0.14220183486238533,218,0.1839080459770115,87
close_vs_sma24__w240__up_share,0.5144995362035044,0.5144995362035044,high,0.09186906019007392,947,0.0661764705882353,544,0.045584045584045586,351,0.02912621359223301,103
upper_wick__w72__std,0.48552004842349855,0.5144799515765015,low,0.1047180667433832,869,0.13333333333333333,435,0.11009174311926606,218,0.14942528735632185,87
adx14__w240__q25,0.5144624677226372,0.5144624677226372,high,0.17660550458715596,872,0.16666666666666666,444,0.11926605504587157,218,0.13043478260869565,115
lower_wick__w72__q90,0.5144475590100398,0.5144475590100398,high,0.12598425196850394,889,0.13777777777777778,450,0.15625,224,0.2524271844660194,103
ema_gap_24_72__w72__late_vs_prev,0.5143616983788537,0.5143616983788537,high,0.16455696202531644,869,0.15172413793103448,435,0.16055045871559634,218,0.19540229885057472,87
quote_volume_rel72__w24__delta,0.5143502457769039,0.5143502457769039,high,0.12197928653624857,869,0.1471264367816092,435,0.17889908256880735,218,0.20689655172413793,87
macd_signal_pct__w72__up_share,0.48566750914446216,0.5143324908555378,low,0.11577752553916004,881,0.088659793814433,485,0.0873015873015873,252,0.0,98
upper_wick__w72__q10,0.514301453626585,0.514301453626585,high,0.09184845005740529,871,0.12557077625570776,438,0.2,220,0.21875,96
ema24_slope_6h__w72__q90,0.5142862738464857,0.5142862738464857,high,0.13631284916201117,895,0.14859437751004015,498,0.26436781609195403,261,0.3712121212121212,132
log_ret__w24__z,0.5142827499689628,0.5142827499689628,high,0.14039125431530494,869,0.14942528735632185,435,0.13761467889908258,218,0.11494252873563218,87
close_vs_vwap72__w72__z,0.48573405621614707,0.5142659437838529,low,0.11047180667433831,869,0.12873563218390804,435,0.13302752293577982,218,0.14942528735632185,87
quote_volume_rel240__w240__q10,0.4857394097993071,0.5142605902006929,low,0.16857798165137614,872,0.13704496788008566,467,0.15606936416184972,346,0.1595744680851064,94
avg_trade_quote_rel24__w72__q25,0.5142199300754273,0.5142199300754273,high,0.13507377979568672,881,0.09234234234234234,444,0.027522935779816515,218,0.0,87
macd_signal_pct__w24__q10,0.48578508467335557,0.5142149153266444,low,0.20677966101694914,885,0.2896551724137931,435,0.3940677966101695,236,0.4111111111111111,90
body_pct__w24__z,0.5141895705152288,0.5141895705152288,high,0.14039125431530494,869,0.14942528735632185,435,0.13761467889908258,218,0.11494252873563218,87
volume_rel72__w24__delta,0.5141827938276845,0.5141827938276845,high,0.12428078250863062,869,0.14942528735632185,435,0.1834862385321101,218,0.19540229885057472,87
avg_trade_quote_rel240__w24__late_vs_prev,0.5141784567476562,0.5141784567476562,high,0.11277330264672036,869,0.10114942528735632,435,0.0871559633027523,218,0.08045977011494253,87
atr6_pct__w72__late_vs_prev,0.5141653099738203,0.5141653099738203,high,0.15535097813578827,869,0.20919540229885059,435,0.2706422018348624,218,0.2988505747126437,87
dist_high72__w24__z,0.4858425509837311,0.5141574490162689,low,0.12658227848101267,869,0.11264367816091954,435,0.12385321100917432,218,0.14942528735632185,87
close_vs_sma24__d1,0.5141556870775075,0.5141556870775075,high,0.1622554660529344,869,0.19770114942528735,435,0.1926605504587156,218,0.26436781609195403,87
rebound_low24__w24__z,0.48586559172138166,0.5141344082786183,low,0.11162255466052934,869,0.11954022988505747,435,0.14220183486238533,218,0.1724137931034483,87
ema_gap_24_72__w24__q75,0.4858751468508191,0.5141248531491809,low,0.15420023014959724,869,0.23059360730593606,438,0.2600896860986547,223,0.3218390804597701,87
ema_gap_24_72__w240__q90,0.513955774794951,0.513955774794951,high,0.0896551724137931,870,0.06864988558352403,437,0.04128440366972477,218,0.041666666666666664,216
bb_z__d12,0.5139471006348943,0.5139471006348943,high,0.12658227848101267,869,0.12643678160919541,435,0.12385321100917432,218,0.08045977011494253,87
rebound_low24__w72__diff_mean,0.5139442544261257,0.5139442544261257,high,0.13924050632911392,869,0.12873563218390804,435,0.10550458715596331,218,0.05747126436781609,87
lower_wick__w24__mean,0.48606008265390266,0.5139399173460973,low,0.08285385500575373,869,0.05747126436781609,435,0.05963302752293578,218,0.06896551724137931,87
cci20__d6,0.5139279903760194,0.5139279903760194,high,0.1277330264672037,869,0.09885057471264368,435,0.10550458715596331,218,0.12643678160919541,87
trades_rel72__w24__late_vs_prev,0.5139271771735141,0.5139271771735141,high,0.13118527042577677,869,0.16091954022988506,435,0.1926605504587156,218,0.1724137931034483,87
avg_trade_quote_rel24__w72__diff_mean,0.48607946398027935,0.5139205360197207,low,0.12428078250863062,869,0.12643678160919541,435,0.1559633027522936,218,0.14942528735632185,87
avg_trade_quote_rel240__w72__q25,0.48617189799838334,0.5138281020016167,low,0.1565017261219793,869,0.13073394495412843,436,0.11312217194570136,221,0.056179775280898875,89
quote_volume_rel72__w72__accel,0.513827695400364,0.513827695400364,high,0.13003452243958574,869,0.1425287356321839,435,0.16972477064220184,218,0.1724137931034483,87
quote_volume_rel72__w240__accel,0.513827695400364,0.513827695400364,high,0.13003452243958574,869,0.1425287356321839,435,0.16972477064220184,218,0.1724137931034483,87
bb_z__d1,0.5138195633753109,0.5138195633753109,high,0.12197928653624857,869,0.12413793103448276,435,0.10550458715596331,218,0.12643678160919541,87
volume_rel240__w72__late_vs_prev,0.5138167171665423,0.5138167171665423,high,0.15074798619102417,869,0.21149425287356322,435,0.22018348623853212,218,0.2988505747126437,87
ema6_slope_3h__d1,0.5138149552277808,0.5138149552277808,high,0.1806674338319908,869,0.18620689655172415,435,0.22018348623853212,218,0.25287356321839083,87
close_vs_ema6__d3,0.5138101437796243,0.5138101437796243,high,0.18181818181818182,869,0.18620689655172415,435,0.21559633027522937,218,0.26436781609195403,87
avg_trade_quote_rel24__w240__q75,0.5138032315583292,0.5138032315583292,high,0.1206896551724138,870,0.16517857142857142,448,0.17467248908296942,229,0.22105263157894736,95
volume_rel240__w24__diff_std,0.5137721265625008,0.5137721265625008,high,0.12888377445339472,869,0.20689655172413793,435,0.1926605504587156,218,0.04597701149425287,87
ema_gap_6_24__w72__q90,0.5137599285249211,0.5137599285249211,high,0.10749185667752444,921,0.167816091954023,435,0.250936329588015,267,0.3684210526315789,133
rebound_low240__w24__late_vs_prev,0.48628127373534813,0.5137187262646519,low,0.17491369390103567,869,0.19540229885057472,435,0.20642201834862386,218,0.19540229885057472,87
close_vs_vwap72__w240__z,0.5137110008408513,0.5137110008408513,high,0.11507479861910241,869,0.10344827586206896,435,0.10550458715596331,218,0.034482758620689655,87
atr6_pct__d3,0.5136970408645101,0.5136970408645101,high,0.1472957422324511,869,0.17701149425287357,435,0.2018348623853211,218,0.26436781609195403,87
macd_fast_hist_pct__w72__diff_mean,0.4863273552106493,0.5136726447893507,low,0.15535097813578827,869,0.19080459770114944,435,0.1926605504587156,218,0.2413793103448276,87
stoch_k__w24__q75,0.4863342674319444,0.5136657325680556,low,0.13003452243958574,869,0.14545454545454545,440,0.12385321100917432,218,0.06741573033707865,89
cci20__d12,0.5136165338164841,0.5136165338164841,high,0.1323360184119678,869,0.1310344827586207,435,0.14220183486238533,218,0.11494252873563218,87
rebound_low72__w240__q10,0.5135779066974817,0.5135779066974817,high,0.11609195402298851,870,0.13211845102505695,439,0.17889908256880735,218,0.23333333333333334,120
close_vs_ema24__d3,0.5135211180558605,0.5135211180558605,high,0.15995397008055237,869,0.18850574712643678,435,0.22018348623853212,218,0.25287356321839083,87
macd_signal_pct__w72__pos,0.4864925708529789,0.5135074291470211,low,0.13257965056526208,973,0.13257965056526208,973,0.13257965056526208,973,0.13257965056526208,973
trades_rel24__w24__min,0.5135067514782666,0.5135067514782666,high,0.10159817351598173,876,0.14221218961625282,443,0.1415525114155251,219,0.24719101123595505,89
close_vs_vwap72__w24__q75,0.5134926559681745,0.5134926559681745,high,0.14384349827387802,869,0.09425287356321839,435,0.09174311926605505,218,0.022988505747126436,87
lower_wick__w240__q25,0.5134724614392926,0.5134724614392926,high,0.1425287356321839,870,0.16704805491990846,437,0.24324324324324326,222,0.3258426966292135,89
rsi14__w72__z,0.48653905892953275,0.5134609410704672,low,0.11622554660529344,869,0.11494252873563218,435,0.12385321100917432,218,0.13793103448275862,87
body_pct__w240__late_vs_prev,0.513459992334211,0.513459992334211,high,0.1334867663981588,869,0.09885057471264368,435,0.05963302752293578,218,0.05747126436781609,87
close_vs_sma72__w72__z,0.4865496305621018,0.5134503694378982,low,0.12082853855005754,869,0.13793103448275862,435,0.1559633027522936,218,0.1839080459770115,87
ema_gap_6_24__w24__mean,0.4865650814097028,0.5134349185902972,low,0.17951668584579977,869,0.25517241379310346,435,0.3348623853211009,218,0.3333333333333333,87
stoch_k__w72__q10,0.5134267865652441,0.5134267865652441,high,0.10586881472957423,869,0.13063063063063063,444,0.08,225,0.0,94
bb_width__w24__accel,0.5134125555214011,0.5134125555214011,high,0.1714614499424626,869,0.2206896551724138,435,0.26146788990825687,218,0.25287356321839083,87
close_vs_ema6__w24__z,0.5134063209688603,0.5134063209688603,high,0.11967779056386652,869,0.13333333333333333,435,0.14678899082568808,218,0.11494252873563218,87
ema72_slope_12h__w240__delta,0.4866439620527183,0.5133560379472817,low,0.1472957422324511,869,0.23908045977011494,435,0.2889908256880734,218,0.3448275862068966,87
avg_trade_quote_rel72__w72__diff_std,0.5133007401769203,0.5133007401769203,high,0.11967779056386652,869,0.1310344827586207,435,0.11467889908256881,218,0.12643678160919541,87
avg_trade_quote_rel72__w240__diff_std,0.5132671278067007,0.5132671278067007,high,0.11392405063291139,869,0.12183908045977011,435,0.22018348623853212,218,0.367816091954023,87
stoch_d__w72__z,0.4867342275308082,0.5132657724691918,low,0.09551208285385501,869,0.11264367816091954,435,0.12844036697247707,218,0.11494252873563218,87
close_vs_ema24__w72__q90,0.513246526676566,0.513246526676566,high,0.1310344827586207,870,0.16247139588100687,437,0.24253731343283583,268,0.1937984496124031,129
avg_trade_quote_rel24__w72__q75,0.5132358872771214,0.5132358872771214,high,0.12888377445339472,869,0.21232876712328766,438,0.23580786026200873,229,0.22580645161290322,93
upper_wick__w240__pos,0.5132327022339757,0.5132327022339757,high,0.11967779056386652,869,0.09425287356321839,435,0.0963302752293578,218,0.11494252873563218,87
rebound_low72__w24__late_vs_prev,0.48676905970478584,0.5132309402952142,low,0.17836593785960875,869,0.2206896551724138,435,0.22935779816513763,218,0.14942528735632185,87
close_vs_ema24__d12,0.48680768682378817,0.5131923131762118,low,0.15880322209436135,869,0.1839080459770115,435,0.16972477064220184,218,0.13793103448275862,87
taker_share__w24__accel,0.4868159543825923,0.5131840456174077,low,0.09781357882623705,869,0.09885057471264368,435,0.07339449541284404,218,0.04597701149425287,87
rebound_low24__d12,0.4868399438564991,0.5131600561435009,low,0.17261219792865362,869,0.2206896551724138,435,0.26605504587155965,218,0.4367816091954023,87
close_vs_vwap72__d6,0.4868410281265061,0.5131589718734939,low,0.15535097813578827,869,0.19080459770114944,435,0.21100917431192662,218,0.20689655172413793,87
ema_gap_24_72__w24__pos,0.4868619680910179,0.5131380319089821,low,0.10426731078904992,2484,0.10426731078904992,2484,0.10426731078904992,2484,0.10426731078904992,2484
rsi24__w24__late_vs_prev,0.4868727430242134,0.5131272569757865,low,0.1277330264672037,869,0.1471264367816092,435,0.1559633027522936,218,0.09195402298850575,87
adx14__w24__min,0.5131249529020215,0.5131249529020215,high,0.13318025258323765,871,0.13793103448275862,435,0.19004524886877827,221,0.27586206896551724,87
stoch_d__w240__z,0.48687857097550147,0.5131214290244985,low,0.11737629459148446,869,0.09885057471264368,435,0.09174311926605505,218,0.05747126436781609,87
adx14__w240__q10,0.5131129581650682,0.5131129581650682,high,0.12570145903479238,891,0.16444444444444445,450,0.18,250,0.19540229885057472,87
obv_delta__d12,0.513099472556855,0.513099472556855,high,0.1518987341772152,869,0.15632183908045977,435,0.1559633027522936,218,0.1839080459770115,87
ema_gap_24_72__w24__max,0.48690655869505933,0.5130934413049406,low,0.14988558352402745,874,0.2206896551724138,435,0.2981651376146789,218,0.3448275862068966,87
dist_high72__w24__accel,0.4869333266108592,0.5130666733891408,low,0.15535097813578827,869,0.2,435,0.1834862385321101,218,0.22988505747126436,87
rsi24__w24__diff_std,0.513061523106607,0.513061523106607,high,0.1565017261219793,869,0.19540229885057472,435,0.17889908256880735,218,0.16091954022988506,87
close_vs_ema240__w240__max,0.513056779425326,0.513056779425326,high,0.09988518943742825,871,0.10975609756097561,492,0.0375,240,0.0375,240
close_vs_ema168__w72__diff_mean,0.5130490540015256,0.5130490540015256,high,0.14614499424626007,869,0.10114942528735632,435,0.11009174311926606,218,0.10344827586206896,87
rebound_low240__w24__pos,0.4869558929803817,0.5130441070196183,low,0.11638418079096045,885,0.11638418079096045,885,0.11638418079096045,885,0.11638418079096045,885
quote_volume_rel240__w24__max,0.5130353650926861,0.5130353650926861,high,0.1380897583429229,869,0.20776255707762556,438,0.23236514522821577,241,0.03125,96
upper_wick__w72__pos,0.5130338742214263,0.5130338742214263,high,0.11507479861910241,869,0.10344827586206896,435,0.10091743119266056,218,0.104,125
mfi14__w24__accel,0.5130141847152334,0.5130141847152334,high,0.13264129181084197,867,0.1336405529953917,434,0.10138248847926268,217,0.10344827586206896,87
avg_trade_quote_rel240__w72__up_share,0.48699987368254416,0.5130001263174558,low,0.14622641509433962,1272,0.13754045307443366,618,0.10943396226415095,265,0.10943396226415095,265
rebound_low240__now,0.5129954504030503,0.5129954504030503,high,0.0667433831990794,869,0.09885057471264368,435,0.0871559633027523,218,0.0,87
close_vs_sma240__w240__pos,0.48704331224970304,0.5129566877502969,low,0.13118527042577677,869,0.13333333333333333,435,0.12385321100917432,218,0.12682926829268293,205
quote_volume_rel24__w72__q25,0.48705510368603017,0.5129448963139698,low,0.1310344827586207,870,0.1590909090909091,440,0.11739130434782609,230,0.06896551724137931,87
obv_delta__w72__up_share,0.48712348046335197,0.512876519536648,low,0.10333604556550041,1229,0.10420168067226891,595,0.1227154046997389,383,0.13541666666666666,192
rebound_low72__w72__late_vs_prev,0.48712727540837675,0.5128727245916233,low,0.15535097813578827,869,0.1724137931034483,435,0.1651376146788991,218,0.06896551724137931,87
upper_wick__w72__z,0.5128667611065844,0.5128667611065844,high,0.11622554660529344,869,0.10574712643678161,435,0.10550458715596331,218,0.12643678160919541,87
bb_z__w24__max,0.48713371326154387,0.5128662867384561,low,0.10628571428571429,875,0.11830357142857142,448,0.2100456621004566,219,0.1978021978021978,91
avg_trade_quote_rel72__w240__max,0.5128366048470123,0.5128366048470123,high,0.12708333333333333,960,0.18958333333333333,480,0.2791666666666667,240,0.2791666666666667,240
stoch_d__w24__max,0.4871898242344105,0.5128101757655895,low,0.12372304199772985,881,0.11954022988505747,435,0.1552511415525114,219,0.13333333333333333,90
log_ret__w240__late_vs_prev,0.5127954703536184,0.5127954703536184,high,0.1323360184119678,869,0.1103448275862069,435,0.05963302752293578,218,0.05747126436781609,87
stoch_d__w72__q75,0.48724037832349093,0.5127596216765091,low,0.143348623853211,872,0.14220183486238533,436,0.1141552511415525,219,0.20212765957446807,94
close_vs_sma240__w240__q90,0.4872673495399171,0.5127326504600829,low,0.12629161882893225,871,0.19080459770114944,435,0.27927927927927926,222,0.18681318681318682,91
close_vs_ema6__d12,0.5127183516493644,0.5127183516493644,high,0.13924050632911392,869,0.1471264367816092,435,0.19724770642201836,218,0.20689655172413793,87
rsi14__d3,0.5127163186431012,0.5127163186431012,high,0.13118527042577677,869,0.14482758620689656,435,0.11926605504587157,218,0.11494252873563218,87
avg_trade_quote_rel240__w24__mean,0.4872861887312902,0.5127138112687097,low,0.13578826237054084,869,0.135632183908046,435,0.10091743119266056,218,0.13793103448275862,87
ema72_slope_12h__w24__mean,0.4873125500458375,0.5126874499541625,low,0.17951668584579977,869,0.26436781609195403,435,0.2706422018348624,218,0.2988505747126437,87
ema168_slope_24h__w24__delta,0.5126518045776796,0.5126518045776796,high,0.1472957422324511,869,0.1310344827586207,435,0.17889908256880735,218,0.2413793103448276,87
close_vs_sma168__w240__up_share,0.5126403519757297,0.5126403519757297,high,0.10451045104510451,909,0.07939508506616257,529,0.05704697986577181,298,0.06896551724137931,87
close_vs_sma72__w72__diff_mean,0.5125900011872757,0.5125900011872757,high,0.12197928653624857,869,0.12413793103448276,435,0.11926605504587157,218,0.14942528735632185,87
avg_trade_quote_rel72__w72__std,0.5125885780828914,0.5125885780828914,high,0.17951668584579977,869,0.15402298850574714,435,0.2018348623853211,218,0.08045977011494253,87
lower_wick__d1,0.48745879096304323,0.5125412090369568,low,0.10126582278481013,869,0.09425287356321839,435,0.0871559633027523,218,0.05747126436781609,87
close_vs_ema72__d6,0.4874612305705591,0.5125387694294409,low,0.1565017261219793,869,0.16551724137931034,435,0.20642201834862386,218,0.20689655172413793,87
ema24_slope_6h__d3,0.48749646934578944,0.5125035306542105,low,0.15535097813578827,869,0.18620689655172415,435,0.20642201834862386,218,0.14942528735632185,87
rsi24__w24__z,0.48749748584892105,0.512502514151079,low,0.11277330264672036,869,0.11494252873563218,435,0.12385321100917432,218,0.16091954022988506,87
rsi6__w72__max,0.4875086673833692,0.5124913326166308,low,0.11161731207289294,878,0.15261958997722094,439,0.25,220,0.07272727272727272,110
ema6_slope_3h__w240__pos,0.48750961611962534,0.5124903838803747,low,0.11392405063291139,869,0.10804597701149425,435,0.12385321100917432,218,0.1839080459770115,87
rebound_low72__w24__accel,0.4875111069908851,0.5124888930091149,low,0.1714614499424626,869,0.18160919540229886,435,0.1743119266055046,218,0.1724137931034483,87
close_vs_ema72__w72__diff_mean,0.5124729000265104,0.5124729000265104,high,0.11622554660529344,869,0.12183908045977011,435,0.11467889908256881,218,0.13793103448275862,87
close_vs_sma24__w72__delta,0.48753414772853565,0.5124658522714644,low,0.1714614499424626,869,0.22988505747126436,435,0.26146788990825687,218,0.3103448275862069,87
close_vs_ema12__d1,0.5124537897676356,0.5124537897676356,high,0.1611047180667434,869,0.19310344827586207,435,0.22018348623853212,218,0.27586206896551724,87
rebound_low24__d1,0.5124483684176001,0.5124483684176001,high,0.15304948216340622,869,0.17701149425287357,435,0.1926605504587156,218,0.27586206896551724,87
ema_gap_6_24__w24__q75,0.5124062851879501,0.5124062851879501,high,0.11622554660529344,869,0.09131403118040089,449,0.04,225,0.06818181818181818,88
rsi6__d12,0.5123987630647759,0.5123987630647759,high,0.11392405063291139,869,0.1103448275862069,435,0.11009174311926606,218,0.08045977011494253,87
ema_gap_24_72__w24__q90,0.48761634894844785,0.5123836510515521,low,0.15420023014959724,869,0.21839080459770116,435,0.27522935779816515,218,0.34444444444444444,90
close_vs_ema48__d6,0.4876210248628534,0.5123789751371466,low,0.1518987341772152,869,0.16551724137931034,435,0.1926605504587156,218,0.19540229885057472,87
avg_trade_quote_rel72__w72__z,0.487640541722981,0.512359458277019,low,0.10241657077100115,869,0.11264367816091954,435,0.10091743119266056,218,0.08045977011494253,87
macd_fast_hist_pct__d3,0.5123484800431974,0.5123484800431974,high,0.17951668584579977,869,0.2,435,0.24311926605504589,218,0.26436781609195403,87
close_vs_ema6__w240__delta,0.5123437363619163,0.5123437363619163,high,0.12082853855005754,869,0.13793103448275862,435,0.13761467889908258,218,0.10344827586206896,87
rebound_low72__w24__pos,0.4876703591481758,0.5123296408518242,low,0.12371134020618557,873,0.12371134020618557,873,0.12371134020618557,873,0.12371134020618557,873
avg_trade_quote_rel72__w72__max,0.5122843048121529,0.5122843048121529,high,0.16979051819184124,907,0.18452380952380953,504,0.1736111111111111,288,0.3472222222222222,144
ema_gap_24_72__w24__accel,0.48772348837852303,0.5122765116214769,low,0.16455696202531644,869,0.19080459770114944,435,0.1834862385321101,218,0.11494252873563218,87
close_vs_ema48__w72__pos,0.4878196495747764,0.5121803504252236,low,0.10241657077100115,869,0.10114942528735632,435,0.10493827160493827,324,0.10493827160493827,324
close_vs_ema168__w72__delta,0.5121382671955735,0.5121382671955735,high,0.14614499424626007,869,0.10344827586206896,435,0.10091743119266056,218,0.10344827586206896,87
avg_trade_quote_rel240__w240__pos,0.512119970139204,0.512119970139204,high,0.12082853855005754,869,0.11264367816091954,435,0.11926605504587157,218,0.11494252873563218,87
body_pct__d6,0.5120733465288994,0.5120733465288994,high,0.15535097813578827,869,0.17701149425287357,435,0.2018348623853211,218,0.1839080459770115,87
close_vs_ema12__w72__delta,0.48794373072371233,0.5120562692762877,low,0.14959723820483314,869,0.18850574712643678,435,0.23394495412844038,218,0.2988505747126437,87
rsi14__w24__q10,0.48794488276059483,0.5120551172394052,low,0.11161731207289294,878,0.11954022988505747,435,0.17272727272727273,220,0.24210526315789474,95
log_ret__d6,0.5120527453987647,0.5120527453987647,high,0.1565017261219793,869,0.17471264367816092,435,0.1926605504587156,218,0.1724137931034483,87
ema24_slope_6h__w24__mean,0.4879824933764656,0.5120175066235344,low,0.17951668584579977,869,0.25287356321839083,435,0.3211009174311927,218,0.3333333333333333,87
rsi24__d12,0.48800004499720534,0.5119999550027947,low,0.1334867663981588,869,0.09655172413793103,435,0.10091743119266056,218,0.09195402298850575,87
avg_trade_quote_rel72__w24__pos,0.4880056018809916,0.5119943981190084,low,0.12658227848101267,869,0.11842105263157894,456,0.11842105263157894,456,0.11842105263157894,456
rebound_low24__w240__z,0.5119551610981269,0.5119551610981269,high,0.08975834292289989,869,0.06666666666666667,435,0.06880733944954129,218,0.05747126436781609,87
close_vs_ema240__w240__up_share,0.4880508023869119,0.5119491976130881,low,0.117,1000,0.12269938650306748,489,0.16139240506329114,316,0.23711340206185566,97
mfi14__d6,0.5119285039267443,0.5119285039267443,high,0.09101382488479262,868,0.08294930875576037,434,0.05069124423963134,217,0.04597701149425287,87
obv_delta__d6,0.5119124679665981,0.5119124679665981,high,0.15420023014959724,869,0.18850574712643678,435,0.22018348623853212,218,0.22988505747126436,87
avg_trade_quote_rel240__w72__q75,0.48809546075782884,0.5119045392421712,low,0.15172413793103448,870,0.11467889908256881,436,0.11467889908256881,218,0.0,88
stoch_k__w72__q90,0.4880979003653448,0.5119020996346553,low,0.14614499424626007,869,0.18651685393258427,445,0.17105263157894737,228,0.1839080459770115,87
avg_trade_quote_rel72__w24__q10,0.5119012864321499,0.5119012864321499,high,0.11737629459148446,869,0.135632183908046,435,0.1409090909090909,220,0.02197802197802198,91
stoch_k__d12,0.5118975592540006,0.5118975592540006,high,0.1093210586881473,869,0.1103448275862069,435,0.11009174311926606,218,0.12643678160919541,87
taker_share__w24__pos,0.5118974237202497,0.5118974237202497,high,0.09781357882623705,869,0.11264367816091954,435,0.1174934725848564,383,0.1174934725848564,383
avg_trade_quote_rel240__d6,0.5118892916951965,0.5118892916951965,high,0.10586881472957423,869,0.10344827586206896,435,0.0871559633027523,218,0.05747126436781609,87
adx14__w72__q10,0.5118824472407768,0.5118824472407768,high,0.12895927601809956,884,0.1324200913242009,438,0.11926605504587157,218,0.20909090909090908,110
macd_pct__w24__q25,0.4881275144899133,0.5118724855100867,low,0.19610091743119265,872,0.2735632183908046,435,0.35909090909090907,220,0.29292929292929293,99
rsi14__w24__q25,0.48815292706820435,0.5118470729317957,low,0.1277330264672037,869,0.1461187214611872,438,0.1598173515981735,219,0.28888888888888886,90
avg_trade_quote_rel240__w72__q90,0.48815889055324335,0.5118411094467566,low,0.12385321100917432,872,0.1504424778761062,452,0.1278538812785388,219,0.14772727272727273,88
rsi14__w24__diff_std,0.5117943503027012,0.5117943503027012,high,0.11047180667433831,869,0.135632183908046,435,0.08256880733944955,218,0.13793103448275862,87
upper_wick__w72__max,0.48823024907308465,0.5117697509269153,low,0.12721238938053098,904,0.16400911161731208,439,0.21641791044776118,268,0.17391304347826086,92
upper_wick__w72__min,0.4882361447912482,0.5117638552087518,low,0.11229285184269107,8086,0.11229285184269107,8086,0.11229285184269107,8086,0.11229285184269107,8086
quote_volume_rel24__w24__min,0.5117627709387448,0.5117627709387448,high,0.1001150747986191,869,0.1310344827586207,435,0.1324200913242009,219,0.21839080459770116,87
rsi6__w240__diff_std,0.48827768588589465,0.5117223141141054,low,0.0805523590333717,869,0.06666666666666667,435,0.08256880733944955,218,0.05747126436781609,87
close_location__w24__diff_std,0.5117062533646254,0.5117062533646254,high,0.09205983889528194,869,0.052873563218390804,435,0.05045871559633028,218,0.06896551724137931,87
mfi14__w72__q75,0.48832878210997854,0.5116712178900215,low,0.10817031070195628,869,0.10068649885583524,437,0.1,220,0.25287356321839083,87
close_vs_ema72__w24__q75,0.48833528773002105,0.5116647122699789,low,0.16647531572904709,871,0.2597701149425287,435,0.3274336283185841,226,0.3103448275862069,87
rebound_low240__d3,0.5116493969561289,0.5116493969561289,high,0.14959723820483314,869,0.1632183908045977,435,0.18807339449541285,218,0.21839080459770116,87
stoch_k__w72__q75,0.4883542624551452,0.5116457375448549,low,0.15765247410817032,869,0.14578587699316628,439,0.11818181818181818,220,0.24719101123595505,89
macd_fast_hist_pct__w24__late_vs_prev,0.5116168688559162,0.5116168688559162,high,0.17261219792865362,869,0.18620689655172415,435,0.21559633027522937,218,0.2413793103448276,87
obv_delta__d3,0.511564959429327,0.511564959429327,high,0.1518987341772152,869,0.20689655172413793,435,0.25229357798165136,218,0.3333333333333333,87
rebound_low24__w72__delta,0.5115398856854132,0.5115398856854132,high,0.1380897583429229,869,0.12643678160919541,435,0.0963302752293578,218,0.05747126436781609,87
avg_trade_quote_rel240__w24__std,0.48846905954214537,0.5115309404578546,low,0.1001150747986191,869,0.06666666666666667,435,0.10091743119266056,218,0.12643678160919541,87
ema72_slope_12h__w72__z,0.48846905954214537,0.5115309404578546,low,0.17376294591484465,869,0.17701149425287357,435,0.1743119266055046,218,0.22988505747126436,87
close_vs_sma240__d3,0.5115226728990507,0.5115226728990507,high,0.14844649021864212,869,0.15172413793103448,435,0.1834862385321101,218,0.16091954022988506,87
close_vs_ema48__w240__accel,0.5115172515490153,0.5115172515490153,high,0.13693901035673187,869,0.167816091954023,435,0.19724770642201836,218,0.25287356321839083,87
close_vs_ema48__w72__accel,0.5115172515490153,0.5115172515490153,high,0.13693901035673187,869,0.167816091954023,435,0.19724770642201836,218,0.25287356321839083,87
rebound_low240__w24__z,0.48848884746977456,0.5115111525302254,low,0.12313003452243959,869,0.10114942528735632,435,0.12385321100917432,218,0.11494252873563218,87
upper_wick__w24__pos,0.5115027494376705,0.5115027494376705,high,0.11047180667433831,869,0.10344827586206896,435,0.09944751381215469,362,0.09944751381215469,362
stoch_k__w72__pos,0.48850741559364597,0.511492584406354,low,0.12197928653624857,869,0.11724137931034483,435,0.12844036697247707,218,0.13924050632911392,158
volume_rel72__w24__diff_mean,0.5114610050423977,0.5114610050423977,high,0.1277330264672037,869,0.1425287356321839,435,0.1743119266055046,218,0.21839080459770116,87
volume_rel72__d24,0.5114610050423977,0.5114610050423977,high,0.1277330264672037,869,0.1425287356321839,435,0.1743119266055046,218,0.21839080459770116,87
avg_trade_quote_rel24__w240__up_share,0.5114532118517218,0.5114532118517218,high,0.06538461538461539,1040,0.08179012345679013,648,0.06273062730627306,271,0.05102040816326531,98
close_vs_sma72__w72__q75,0.48856176462775114,0.5114382353722489,low,0.1518987341772152,869,0.19080459770114944,435,0.16972477064220184,218,0.21839080459770116,87
close_vs_sma168__w72__z,0.511435660230982,0.511435660230982,high,0.09321058688147296,869,0.08735632183908046,435,0.05963302752293578,218,0.022988505747126436,87
close_vs_ema6__w72__delta,0.48856501743777236,0.5114349825622276,low,0.1472957422324511,869,0.18160919540229886,435,0.21100917431192662,218,0.22988505747126436,87
close_vs_ema24__d1,0.5114279348071815,0.5114279348071815,high,0.16340621403912542,869,0.19310344827586207,435,0.19724770642201836,218,0.27586206896551724,87
close_vs_sma72__w72__delta,0.5113925604982004,0.5113925604982004,high,0.12082853855005754,869,0.12643678160919541,435,0.10091743119266056,218,0.14942528735632185,87
close_vs_sma168__w24__pos,0.5113702651961797,0.5113702651961797,high,0.12030905077262694,906,0.12030905077262694,906,0.12030905077262694,906,0.12030905077262694,906
dist_high240__w24__pos,0.48863820566325067,0.5113617943367493,low,0.11392405063291139,869,0.11613691931540342,818,0.11613691931540342,818,0.11613691931540342,818
lower_wick__w24__z,0.48864525341829673,0.5113547465817032,low,0.09781357882623705,869,0.0896551724137931,435,0.07339449541284404,218,0.06896551724137931,87
close_vs_sma168__d1,0.511351493771682,0.511351493771682,high,0.15074798619102417,869,0.18620689655172415,435,0.18807339449541285,218,0.27586206896551724,87
atr72_pct__w240__late_vs_prev,0.4886523011733428,0.5113476988266572,low,0.1323360184119678,869,0.11724137931034483,435,0.11926605504587157,218,0.10344827586206896,87
trades_rel24__d12,0.5113474955260309,0.5113474955260309,high,0.11967779056386652,869,0.11494252873563218,435,0.11926605504587157,218,0.13793103448275862,87
ema24_slope_6h__w72__q75,0.5113262844940174,0.5113262844940174,high,0.13904338153503892,899,0.09885057471264368,435,0.06756756756756757,222,0.017857142857142856,112
macd_signal_pct__w24__mean,0.5113131377201814,0.5113131377201814,high,0.15304948216340622,869,0.07586206896551724,435,0.05504587155963303,218,0.04597701149425287,87
macd_hist_pct__w240__up_share,0.5112913845531641,0.5112913845531641,high,0.09070548712206047,893,0.07045454545454545,440,0.09282700421940929,237,0.12371134020618557,97
upper_wick__now,0.5112385263903187,0.5112385263903187,high,0.11622554660529344,869,0.10344827586206896,435,0.11926605504587157,218,0.11494252873563218,87
mfi14__w24__pos,0.48877503236086595,0.511224967639134,low,0.10466439135381114,879,0.10466439135381114,879,0.10466439135381114,879,0.10466439135381114,879
close_vs_sma240__w72__z,0.5112155534195436,0.5112155534195436,high,0.10356731875719218,869,0.09425287356321839,435,0.0779816513761468,218,0.034482758620689655,87
ema6_slope_3h__w72__diff_mean,0.4887847854148336,0.5112152145851664,low,0.15074798619102417,869,0.18850574712643678,435,0.22477064220183487,218,0.3333333333333333,87
close_vs_sma168__w240__late_vs_prev,0.5111858715280997,0.5111858715280997,high,0.13924050632911392,869,0.17471264367816092,435,0.28440366972477066,218,0.3448275862068966,87
obv_delta__w24__up_share,0.5111732668892673,0.5111732668892673,high,0.10522088353413654,1245,0.10522088353413654,1245,0.10401891252955082,423,0.08411214953271028,107
upper_wick__w72__up_share,0.5111636439929543,0.5111636439929543,high,0.12590579710144928,1104,0.1232638888888889,576,0.12542372881355932,295,0.13740458015267176,131
upper_wick__w240__diff_std,0.5111561896366557,0.5111561896366557,high,0.11737629459148446,869,0.11264367816091954,435,0.15137614678899083,218,0.2413793103448276,87
volume_rel24__w24__q75,0.511115393977639,0.511115393977639,high,0.1492027334851936,878,0.16818181818181818,440,0.22666666666666666,225,0.39325842696629215,89
obv_delta__w240__pos,0.48889626192493707,0.5111037380750629,low,0.11967779056386652,869,0.12183908045977011,435,0.16055045871559634,218,0.12643678160919541,87
obv_delta__d1,0.5111025182713049,0.5111025182713049,high,0.1380897583429229,869,0.167816091954023,435,0.16972477064220184,218,0.20689655172413793,87
dist_high240__w72__late_vs_prev,0.4888992436674566,0.5111007563325434,low,0.1760644418872267,869,0.23448275862068965,435,0.27522935779816515,218,0.3218390804597701,87
quote_volume_rel24__w24__q10,0.5110985877925293,0.5110985877925293,high,0.12197928653624857,869,0.15945330296127563,439,0.22018348623853212,218,0.2840909090909091,88
obv_delta__w240__diff_mean,0.5110844922824371,0.5110844922824371,high,0.15074798619102417,869,0.15862068965517243,435,0.14220183486238533,218,0.10344827586206896,87
macd_fast_hist_pct__w240__diff_mean,0.5110648398885587,0.5110648398885587,high,0.13003452243958574,869,0.1632183908045977,435,0.16972477064220184,218,0.22988505747126436,87
rsi6__d1,0.5109965986449878,0.5109965986449878,high,0.12082853855005754,869,0.14022988505747128,435,0.14678899082568808,218,0.1724137931034483,87
close_vs_ema48__w72__q75,0.4890391144983706,0.5109608855016294,low,0.16455696202531644,869,0.17471264367816092,435,0.21559633027522937,218,0.21052631578947367,95
stoch_k__w240__diff_std,0.4890524645728329,0.5109475354271671,low,0.11392405063291139,869,0.12183908045977011,435,0.16055045871559634,218,0.19540229885057472,87
quote_volume_rel72__w24__diff_mean,0.5109339142852032,0.5109339142852032,high,0.12658227848101267,869,0.14022988505747128,435,0.16972477064220184,218,0.21839080459770116,87
quote_volume_rel72__d24,0.5109339142852032,0.5109339142852032,high,0.12658227848101267,869,0.14022988505747128,435,0.16972477064220184,218,0.21839080459770116,87
adx14__w240__delta,0.489071913666085,0.510928086333915,low,0.11507479861910241,869,0.09885057471264368,435,0.0779816513761468,218,0.04597701149425287,87
taker_share__w24__late_vs_prev,0.48908641577742973,0.5109135842225703,low,0.11162255466052934,869,0.10804597701149425,435,0.11467889908256881,218,0.10344827586206896,87
volume_rel24__w24__min,0.5109072819031542,0.5109072819031542,high,0.10896708286038592,881,0.12844036697247707,436,0.15,220,0.21839080459770116,87
rebound_low240__w240__min,0.4891060681713082,0.5108939318286918,low,0.06979166666666667,960,0.03958333333333333,480,0.0375,240,0.0375,240
rsi24__w240__delta,0.5108733306985571,0.5108733306985571,high,0.05983889528193326,869,0.03218390804597701,435,0.027522935779816515,218,0.034482758620689655,87
range_pct__d1,0.5108265715545016,0.5108265715545016,high,0.15535097813578827,869,0.16091954022988506,435,0.1651376146788991,218,0.16091954022988506,87
close_location__w24__min,0.4891752581511353,0.5108247418488647,low,0.0999346832135859,1531,0.0999346832135859,1531,0.0999346832135859,1531,0.0999346832135859,1531
close_vs_ema24__w72__q75,0.5108235898119822,0.5108235898119822,high,0.14925373134328357,871,0.10344827586206896,435,0.12173913043478261,230,0.029411764705882353,136
adx14__w24__q25,0.5107613120534501,0.5107613120534501,high,0.12313003452243959,869,0.1310344827586207,435,0.19090909090909092,220,0.2413793103448276,87
close_vs_sma240__w72__diff_mean,0.5107471487764826,0.5107471487764826,high,0.1334867663981588,869,0.09195402298850575,435,0.0779816513761468,218,0.12643678160919541,87
rebound_low24__w240__pos,0.48926857313862016,0.5107314268613798,low,0.11162255466052934,869,0.12183908045977011,435,0.11467889908256881,218,0.10344827586206896,87
rebound_low24__w24__late_vs_prev,0.4892884966000003,0.5107115033999997,low,0.1622554660529344,869,0.20229885057471264,435,0.26605504587155965,218,0.3448275862068966,87
close_vs_ema72__w72__delta,0.5107104191299926,0.5107104191299926,high,0.11622554660529344,869,0.11954022988505747,435,0.10550458715596331,218,0.13793103448275862,87
taker_share__w72__diff_mean,0.5107093348599856,0.5107093348599856,high,0.1093210586881473,869,0.10114942528735632,435,0.09174311926605505,218,0.09195402298850575,87
stoch_d__w24__pos,0.48929452785191474,0.5107054721480853,low,0.10126582278481013,869,0.10287081339712918,836,0.10287081339712918,836,0.10287081339712918,836
ema_gap_6_24__w240__z,0.4893038119138504,0.5106961880861496,low,0.13118527042577677,869,0.1632183908045977,435,0.19724770642201836,218,0.14942528735632185,87
close_vs_ema240__d6,0.48930706472387164,0.5106929352761284,low,0.16455696202531644,869,0.18160919540229886,435,0.2018348623853211,218,0.16091954022988506,87
avg_trade_quote_rel240__w240__z,0.510657832034649,0.510657832034649,high,0.10356731875719218,869,0.09655172413793103,435,0.11009174311926606,218,0.05747126436781609,87
cci20__w24__late_vs_prev,0.5106513264146064,0.5106513264146064,high,0.13118527042577677,869,0.09655172413793103,435,0.0871559633027523,218,0.10344827586206896,87
taker_share__w72__delta,0.5106480736045852,0.5106480736045852,high,0.11162255466052934,869,0.10574712643678161,435,0.11926605504587157,218,0.11494252873563218,87
lower_wick__w24__pos,0.4893599906535926,0.5106400093464074,low,0.09205983889528194,869,0.09195402298850575,435,0.09280742459396751,431,0.09280742459396751,431
adx14__w72__min,0.5106337070269913,0.5106337070269913,high,0.14659090909090908,880,0.13793103448275862,435,0.14678899082568808,218,0.2391304347826087,92
close_vs_ema168__d3,0.5106254394681873,0.5106254394681873,high,0.14844649021864212,869,0.15172413793103448,435,0.1743119266055046,218,0.1724137931034483,87
adx14__w72__pos,0.48937977858122184,0.5106202214187782,low,0.1047180667433832,869,0.09933774834437085,755,0.09933774834437085,755,0.09933774834437085,755
cci20__w24__z,0.5106062614424369,0.5106062614424369,high,0.11622554660529344,869,0.10804597701149425,435,0.11009174311926606,218,0.12643678160919541,87
close_vs_ema168__d6,0.4894037002882532,0.5105962997117468,low,0.1622554660529344,869,0.17471264367816092,435,0.2018348623853211,218,0.1724137931034483,87
close_vs_ema72__w72__z,0.4894569650523513,0.5105430349476487,low,0.11047180667433831,869,0.1425287356321839,435,0.14220183486238533,218,0.14942528735632185,87
avg_trade_quote_rel240__w72__mean,0.48948081899250717,0.5105191810074928,low,0.14959723820483314,869,0.135632183908046,435,0.11009174311926606,218,0.0,87
lower_wick__w72__diff_std,0.4895216824183992,0.5104783175816008,low,0.08975834292289989,869,0.052873563218390804,435,0.03211009174311927,218,0.0,87
close_vs_sma240__w24__late_vs_prev,0.4895460107266832,0.5104539892733169,low,0.17721518987341772,869,0.2367816091954023,435,0.25229357798165136,218,0.21839080459770116,87
quote_volume_rel240__w240__diff_std,0.510448364622655,0.510448364622655,high,0.15304948216340622,869,0.12183908045977011,435,0.18807339449541285,218,0.20689655172413793,87
adx14__w24__q10,0.5104164464243215,0.5104164464243215,high,0.12082853855005754,869,0.1425287356321839,435,0.19724770642201836,218,0.22988505747126436,87
obv_delta__w24__accel,0.510407501196763,0.510407501196763,high,0.14844649021864212,869,0.1724137931034483,435,0.1651376146788991,218,0.21839080459770116,87
taker_share__w72__q75,0.4895992754907813,0.5104007245092187,low,0.06880733944954129,872,0.07110091743119266,436,0.07657657657657657,222,0.09090909090909091,88
close_vs_ema48__d3,0.5103767350353119,0.5103767350353119,high,0.15535097813578827,869,0.17011494252873563,435,0.21559633027522937,218,0.22988505747126436,87
close_vs_ema240__d3,0.5103665700039955,0.5103665700039955,high,0.1472957422324511,869,0.14942528735632185,435,0.17889908256880735,218,0.1724137931034483,87
mfi14__w24__min,0.4896487453098545,0.5103512546901454,low,0.09567198177676538,878,0.10804597701149425,435,0.11587982832618025,233,0.04040404040404041,99
range_pct__d6,0.5103414962600817,0.5103414962600817,high,0.14614499424626007,869,0.15862068965517243,435,0.1834862385321101,218,0.1839080459770115,87
close_vs_vwap24__d1,0.5103413607263309,0.5103413607263309,high,0.16455696202531644,869,0.19310344827586207,435,0.21559633027522937,218,0.28735632183908044,87
close_vs_ema240__w240__q90,0.4896589103411709,0.5103410896588291,low,0.12402234636871508,895,0.17471264367816092,435,0.2511415525114155,219,0.28735632183908044,87
close_vs_ema6__w240__diff_mean,0.5103318733637688,0.5103318733637688,high,0.12543153049482164,869,0.135632183908046,435,0.1559633027522936,218,0.14942528735632185,87
cci20__w240__z,0.48967287031751217,0.5103271296824878,low,0.1047180667433832,869,0.10114942528735632,435,0.11467889908256881,218,0.09195402298850575,87
macd_hist_pct__d3,0.5103206240624453,0.5103206240624453,high,0.15304948216340622,869,0.20229885057471264,435,0.23853211009174313,218,0.27586206896551724,87
quote_volume_rel24__w24__q75,0.5103196075593136,0.5103196075593136,high,0.13302752293577982,872,0.1724137931034483,435,0.2236842105263158,228,0.39325842696629215,89
rsi24__w240__diff_mean,0.5103160159149152,0.5103160159149152,high,0.0667433831990794,869,0.02528735632183908,435,0.01834862385321101,218,0.022988505747126436,87
volume_rel24__w24__q10,0.5103035468098337,0.5103035468098337,high,0.12428078250863062,869,0.15419501133786848,441,0.22018348623853212,218,0.29213483146067415,89
close_vs_ema6__w72__diff_mean,0.4897089222952479,0.5102910777047521,low,0.14614499424626007,869,0.1793103448275862,435,0.21100917431192662,218,0.3103448275862069,87
close_vs_ema6__d1,0.5102615313470591,0.5102615313470591,high,0.15420023014959724,869,0.18160919540229886,435,0.21559633027522937,218,0.28735632183908044,87
avg_trade_quote_rel24__w240__pos,0.4897640167649828,0.5102359832350172,low,0.12082853855005754,869,0.11494252873563218,435,0.11467889908256881,218,0.034482758620689655,87
lower_wick__now,0.48977309752629217,0.5102269024737078,low,0.08630609896432681,869,0.06436781609195402,435,0.06538461538461539,260,0.06538461538461539,260
ema_gap_6_24__d1,0.5102204646205408,0.5102204646205408,high,0.14844649021864212,869,0.1724137931034483,435,0.2018348623853211,218,0.22988505747126436,87
close_vs_vwap240__w240__q75,0.48982554908788495,0.5101744509121151,low,0.12419700214132762,934,0.20689655172413793,435,0.29357798165137616,218,0.2413793103448276,87
adx14__w240__min,0.4898279886954009,0.5101720113045991,low,0.11570247933884298,968,0.19166666666666668,480,0.1875,240,0.1875,240
rsi24__d3,0.5101566282238735,0.5101566282238735,high,0.12082853855005754,869,0.14022988505747128,435,0.11926605504587157,218,0.10344827586206896,87
avg_trade_quote_rel24__w72__delta,0.4898576028199694,0.5101423971800306,low,0.12658227848101267,869,0.1310344827586207,435,0.1559633027522936,218,0.10344827586206896,87
lower_wick__w240__q90,0.48986078786311527,0.5101392121368847,low,0.0505166475315729,871,0.02412280701754386,456,0.0182648401826484,219,0.0,88
volume_rel240__d6,0.5101261331299243,0.5101261331299243,high,0.12888377445339472,869,0.12873563218390804,435,0.14220183486238533,218,0.1724137931034483,87
close_vs_vwap72__w72__diff_mean,0.5100829656302672,0.5100829656302672,high,0.10817031070195628,869,0.135632183908046,435,0.14678899082568808,218,0.16091954022988506,87
rsi24__w24__min,0.4899211681491348,0.5100788318508652,low,0.17031070195627157,869,0.17889908256880735,436,0.1743119266055046,218,0.23529411764705882,102
close_vs_sma24__w24__q75,0.510074223703335,0.510074223703335,high,0.11617312072892938,878,0.13968957871396895,451,0.16055045871559634,218,0.05747126436781609,87
quote_volume_rel240__w240__q25,0.510048811125044,0.510048811125044,high,0.16953035509736541,873,0.18807339449541285,436,0.2798165137614679,218,0.37362637362637363,91
rebound_low72__d6,0.48995220537808765,0.5100477946219124,low,0.17491369390103567,869,0.2160919540229885,435,0.22018348623853212,218,0.22988505747126436,87
stoch_k__d1,0.5100271934917777,0.5100271934917777,high,0.12658227848101267,869,0.12643678160919541,435,0.10550458715596331,218,0.09195402298850575,87
bb_width__w24__diff_mean,0.48997334864322584,0.5100266513567742,low,0.17721518987341772,869,0.24597701149425288,435,0.37155963302752293,218,0.5287356321839081,87
bb_width__d24,0.48997334864322584,0.5100266513567742,low,0.17721518987341772,869,0.24597701149425288,435,0.37155963302752293,218,0.5287356321839081,87
rsi14__d1,0.5100113360429241,0.5100113360429241,high,0.1334867663981588,869,0.1425287356321839,435,0.16055045871559634,218,0.14942528735632185,87
bb_z__w24__z,0.5099756228995658,0.5099756228995658,high,0.11277330264672036,869,0.09425287356321839,435,0.0963302752293578,218,0.08045977011494253,87
rsi24__w72__z,0.4900701197413582,0.5099298802586418,low,0.11622554660529344,869,0.09655172413793103,435,0.10550458715596331,218,0.10344827586206896,87
avg_trade_quote_rel24__w72__z,0.49016485783322733,0.5098351421667726,low,0.10701956271576525,869,0.10804597701149425,435,0.10550458715596331,218,0.09195402298850575,87
avg_trade_quote_rel24__w240__q90,0.4901714312201453,0.5098285687798547,low,0.18834080717488788,892,0.23476297968397292,443,0.26244343891402716,221,0.367816091954023,87
ema24_slope_6h__w240__z,0.4901738030607858,0.5098261969392142,low,0.13693901035673187,869,0.17011494252873563,435,0.23394495412844038,218,0.19540229885057472,87
rsi24__w24__q90,0.4901935909884151,0.5098064090115849,low,0.11967779056386652,869,0.16091954022988506,435,0.16972477064220184,218,0.13793103448275862,87
close_vs_sma168__d12,0.4901992834059523,0.5098007165940477,low,0.1714614499424626,869,0.18160919540229886,435,0.18807339449541285,218,0.22988505747126436,87
quote_volume_rel240__d6,0.5097933977714999,0.5097933977714999,high,0.12428078250863062,869,0.12183908045977011,435,0.13302752293577982,218,0.1839080459770115,87
close_vs_sma240__w72__delta,0.5097913647652366,0.5097913647652366,high,0.13118527042577677,869,0.0896551724137931,435,0.07339449541284404,218,0.09195402298850575,87
upper_wick__w24__z,0.5097891962252223,0.5097891962252223,high,0.11162255466052934,869,0.09195402298850575,435,0.0963302752293578,218,0.12643678160919541,87
adx14__w24__accel,0.5097751007151303,0.5097751007151303,high,0.14614499424626007,869,0.14942528735632185,435,0.16972477064220184,218,0.09195402298850575,87
avg_trade_quote_rel72__w72__delta,0.49023872372746,0.50976127627254,low,0.12428078250863062,869,0.12413793103448276,435,0.11009174311926606,218,0.04597701149425287,87
cci20__w72__max,0.5097555160881273,0.5097555160881273,high,0.11295681063122924,903,0.16923076923076924,455,0.1384083044982699,289,0.2638888888888889,144
rebound_low240__w72__z,0.4902465846850115,0.5097534153149885,low,0.10817031070195628,869,0.09655172413793103,435,0.09174311926605505,218,0.06896551724137931,87
close_vs_ema72__d3,0.5097451477561845,0.5097451477561845,high,0.15074798619102417,869,0.17471264367816092,435,0.19724770642201836,218,0.21839080459770116,87
close_vs_vwap24__w240__up_share,0.509736338062377,0.509736338062377,high,0.09220532319391635,1052,0.09210526315789473,532,0.061946902654867256,226,0.014814814814814815,135
close_vs_ema48__d1,0.5097351182586191,0.5097351182586191,high,0.1611047180667434,869,0.19310344827586207,435,0.19724770642201836,218,0.27586206896551724,87
avg_trade_quote_rel72__w240__diff_mean,0.5097318654485977,0.5097318654485977,high,0.1047180667433832,869,0.10574712643678161,435,0.11009174311926606,218,0.06896551724137931,87
upper_wick__d6,0.509714923729737,0.509714923729737,high,0.11162255466052934,869,0.10114942528735632,435,0.0963302752293578,218,0.12643678160919541,87
body_pct__d12,0.5097028612259082,0.5097028612259082,high,0.15420023014959724,869,0.1632183908045977,435,0.1834862385321101,218,0.2413793103448276,87
log_ret__d12,0.5096876136789334,0.5096876136789334,high,0.15420023014959724,869,0.1632183908045977,435,0.1834862385321101,218,0.2413793103448276,87
rsi14__w24__z,0.4903213993155004,0.5096786006844995,low,0.1093210586881473,869,0.11954022988505747,435,0.11467889908256881,218,0.16091954022988506,87
rsi14__w24__q90,0.49032885367179907,0.5096711463282009,low,0.11277330264672036,869,0.12873563218390804,435,0.16964285714285715,224,0.19540229885057472,87
macd_fast_hist_pct__now,0.4903408484087524,0.5096591515912476,low,0.14614499424626007,869,0.1724137931034483,435,0.17889908256880735,218,0.13793103448275862,87
stoch_d__d3,0.5096510873330699,0.5096510873330699,high,0.1093210586881473,869,0.12643678160919541,435,0.11926605504587157,218,0.12643678160919541,87
macd_fast_hist_pct__w24__pos,0.509627707761042,0.509627707761042,high,0.11737629459148446,869,0.11425061425061425,814,0.11425061425061425,814,0.11425061425061425,814
adx14__w240__diff_mean,0.4903760194171073,0.5096239805828927,low,0.12082853855005754,869,0.08735632183908046,435,0.07339449541284404,218,0.034482758620689655,87
rebound_low240__w24__q10,0.5096228285460102,0.5096228285460102,high,0.08515535097813579,869,0.08027522935779817,436,0.14414414414414414,222,0.12643678160919541,87
volume_rel24__w24__q90,0.509618830300359,0.509618830300359,high,0.18411967779056387,869,0.15384615384615385,442,0.22510822510822512,231,0.20689655172413793,87
lower_wick__w240__pos,0.49038164406776896,0.509618355932231,low,0.08630609896432681,869,0.06666666666666667,435,0.06538461538461539,260,0.06538461538461539,260
upper_wick__w24__q25,0.49041539197173956,0.5095846080282604,low,0.12528735632183907,870,0.08944954128440367,436,0.12556053811659193,223,0.1595744680851064,94
macd_signal_pct__w72__diff_mean,0.5095474040136423,0.5095474040136423,high,0.13463751438434982,869,0.11264367816091954,435,0.13302752293577982,218,0.1839080459770115,87
avg_trade_quote_rel72__w24__late_vs_prev,0.5095408983935998,0.5095408983935998,high,0.1047180667433832,869,0.08505747126436781,435,0.06880733944954129,218,0.05747126436781609,87
close_vs_sma72__w72__q90,0.49046459072331106,0.5095354092766889,low,0.16570771001150747,869,0.13063063063063063,444,0.167420814479638,221,0.27586206896551724,87
taker_share__w72__up_share,0.4904890545653459,0.509510945434654,low,0.11892797319932999,1194,0.12200435729847495,459,0.12200435729847495,459,0.2,115
atr6_pct__d1,0.5094286764478664,0.5094286764478664,high,0.15074798619102417,869,0.15172413793103448,435,0.16972477064220184,218,0.1724137931034483,87
dist_high72__w240__pos,0.4905831149884607,0.5094168850115393,low,0.1334867663981588,869,0.14942528735632185,435,0.17889908256880735,218,0.15037593984962405,133
mfi14__w72__z,0.4905870644984412,0.5094129355015589,low,0.11047180667433831,869,0.1103448275862069,435,0.13302752293577982,218,0.10344827586206896,87
macd_pct__w72__up_share,0.4905887396391224,0.5094112603608776,low,0.11692015209125475,1052,0.09734513274336283,452,0.08949416342412451,257,0.0,102
avg_trade_quote_rel72__w24__q75,0.4905974137991791,0.5094025862008209,low,0.09310344827586207,870,0.0821917808219178,438,0.1004566210045662,219,0.11494252873563218,87
stoch_k__w24__q90,0.4906030384498408,0.5093969615501592,low,0.14154200230149597,869,0.16551724137931034,435,0.13761467889908258,218,0.10227272727272728,88
close_vs_ema72__d1,0.5093954706788995,0.5093954706788995,high,0.15995397008055237,869,0.19310344827586207,435,0.19724770642201836,218,0.28735632183908044,87
mfi14__w72__diff_mean,0.509391133598871,0.509391133598871,high,0.11507479861910241,869,0.09885057471264368,435,0.07339449541284404,218,0.04597701149425287,87
dist_high24__w24__accel,0.4906094763030079,0.5093905236969921,low,0.14384349827387802,869,0.18620689655172415,435,0.19724770642201836,218,0.2413793103448276,87
close_vs_vwap72__w240__pos,0.5093882873901024,0.5093882873901024,high,0.12197928653624857,869,0.12183908045977011,435,0.12844036697247707,218,0.1206896551724138,116
cci20__w72__z,0.49061361008240995,0.5093863899175901,low,0.10701956271576525,869,0.10804597701149425,435,0.12844036697247707,218,0.10344827586206896,87
lower_wick__w72__up_share,0.4906204545368297,0.5093795454631703,low,0.1033672670321065,1277,0.0855457227138643,678,0.0425531914893617,329,0.008849557522123894,113
close_vs_ema168__d1,0.5093788000275404,0.5093788000275404,high,0.15420023014959724,869,0.1839080459770115,435,0.1926605504587156,218,0.27586206896551724,87
rsi6__w72__std,0.5093615194743025,0.5093615194743025,high,0.16570771001150747,869,0.12183908045977011,435,0.05504587155963303,218,0.0,87
rsi14__w24__mean,0.4906658583433764,0.5093341416566236,low,0.12658227848101267,869,0.15632183908045977,435,0.17889908256880735,218,0.26436781609195403,87
close_vs_sma240__d1,0.5092972087095072,0.5092972087095072,high,0.15304948216340622,869,0.18850574712643678,435,0.17889908256880735,218,0.26436781609195403,87
avg_trade_quote_rel240__w240__diff_mean,0.5092935492982333,0.5092935492982333,high,0.12082853855005754,869,0.11954022988505747,435,0.0963302752293578,218,0.06896551724137931,87
close_vs_ema6__now,0.49071254972055656,0.5092874502794434,low,0.1622554660529344,869,0.20229885057471264,435,0.19724770642201836,218,0.1724137931034483,87
ema_gap_24_72__w240__z,0.5092153463239723,0.5092153463239723,high,0.08515535097813579,869,0.0735632183908046,435,0.06422018348623854,218,0.0,87
quote_volume_rel240__w24__diff_std,0.5092030127526417,0.5092030127526417,high,0.11277330264672036,869,0.1839080459770115,435,0.18807339449541285,218,0.04597701149425287,87
close_vs_sma168__w72__late_vs_prev,0.49079847811861804,0.5092015218813819,low,0.16455696202531644,869,0.2160919540229885,435,0.2018348623853211,218,0.25287356321839083,87
close_vs_sma24__w72__diff_mean,0.4907994268548742,0.5092005731451258,low,0.17836593785960875,869,0.22758620689655173,435,0.26146788990825687,218,0.2988505747126437,87
close_vs_sma240__w72__late_vs_prev,0.49080417053615527,0.5091958294638448,low,0.17261219792865362,869,0.2482758620689655,435,0.26146788990825687,218,0.28735632183908044,87
close_vs_ema6__w240__pos,0.49085689316524983,0.5091431068347502,low,0.13578826237054084,869,0.11724137931034483,435,0.11467889908256881,218,0.13793103448275862,87
avg_trade_quote_rel240__w72__max,0.4908619079140326,0.5091380920859674,low,0.13977272727272727,880,0.1571753986332574,439,0.0776255707762557,219,0.0,102
ema_gap_24_72__w240__pos,0.5091330773371847,0.5091330773371847,high,0.06444188722669736,869,0.055327868852459015,488,0.055327868852459015,488,0.055327868852459015,488
close_vs_ema240__w72__diff_mean,0.5090928238131717,0.5090928238131717,high,0.13924050632911392,869,0.09195402298850575,435,0.07339449541284404,218,0.09195402298850575,87
quote_volume_rel24__w24__q90,0.5090657170629945,0.5090657170629945,high,0.16704805491990846,874,0.15560640732265446,437,0.2318181818181818,220,0.20689655172413793,87
log_ret__w24__pos,0.5090392879815717,0.5090392879815717,high,0.12313003452243959,869,0.1425287356321839,435,0.14609571788413098,397,0.14609571788413098,397
avg_trade_quote_rel240__d12,0.5090146208389106,0.5090146208389106,high,0.11622554660529344,869,0.10114942528735632,435,0.08256880733944955,218,0.04597701149425287,87
close_vs_ema240__d1,0.5090075730838645,0.5090075730838645,high,0.15535097813578827,869,0.1839080459770115,435,0.18807339449541285,218,0.26436781609195403,87
upper_wick__w72__q25,0.49099256244988637,0.5090074375501137,low,0.11288483466362599,877,0.08466819221967964,437,0.07657657657657657,222,0.04040404040404041,99
quote_volume_rel72__w72__min,0.49107679667606186,0.5089232033239381,low,0.11147540983606558,915,0.17105263157894737,456,0.1589958158995816,239,0.2638888888888889,144
ema6_slope_3h__w240__diff_mean,0.5089078202432126,0.5089078202432126,high,0.11852704257767549,869,0.12643678160919541,435,0.16055045871559634,218,0.09195402298850575,87
close_vs_ema24__w240__z,0.49109895644433166,0.5089010435556683,low,0.13693901035673187,869,0.135632183908046,435,0.1559633027522936,218,0.14942528735632185,87
rsi14__w240__delta,0.5088878967818324,0.5088878967818324,high,0.07249712313003452,869,0.04597701149425287,435,0.05045871559633028,218,0.04597701149425287,87
avg_trade_quote_rel72__d6,0.5088506250003388,0.5088506250003388,high,0.10817031070195628,869,0.0896551724137931,435,0.08256880733944955,218,0.05747126436781609,87
stoch_d__w72__min,0.5088372749258766,0.5088372749258766,high,0.13205417607223477,886,0.08533916849015317,457,0.0125,240,0.0,90
bb_z__w24__late_vs_prev,0.5088344964839834,0.5088344964839834,high,0.13463751438434982,869,0.1103448275862069,435,0.0871559633027523,218,0.09195402298850575,87
rsi14__w240__diff_mean,0.508832599011471,0.508832599011471,high,0.07710011507479862,869,0.05517241379310345,435,0.04128440366972477,218,0.04597701149425287,87
upper_wick__d3,0.5088297528027024,0.5088297528027024,high,0.11047180667433831,869,0.1103448275862069,435,0.0963302752293578,218,0.09195402298850575,87
lower_wick__w72__late_vs_prev,0.5088172836976209,0.5088172836976209,high,0.142692750287687,869,0.1425287356321839,435,0.13761467889908258,218,0.10344827586206896,87
macd_signal_pct__w72__late_vs_prev,0.49120806111379467,0.5087919388862053,low,0.12658227848101267,869,0.16091954022988506,435,0.20642201834862386,218,0.27586206896551724,87
avg_trade_quote_rel72__w24__z,0.49122920437893286,0.5087707956210672,low,0.13003452243958574,869,0.14022988505747128,435,0.11926605504587157,218,0.13793103448275862,87
close_location__w240__up_share,0.4912339480602139,0.5087660519397861,low,0.12049180327868853,1220,0.1037037037037037,540,0.1111111111111111,333,0.12921348314606743,178
close_vs_sma24__w240__pos,0.49125251618408516,0.5087474838159148,low,0.1047180667433832,869,0.10804597701149425,435,0.11926605504587157,218,0.16091954022988506,87
avg_trade_quote_rel240__w72__delta,0.5087323040358156,0.5087323040358156,high,0.10126582278481013,869,0.0896551724137931,435,0.07339449541284404,218,0.05747126436781609,87
mfi14__w72__delta,0.5087089583973499,0.5087089583973499,high,0.11175115207373272,868,0.0944700460829493,434,0.07834101382488479,217,0.034482758620689655,87
body_pct__d3,0.5087047906843858,0.5087047906843858,high,0.16455696202531644,869,0.19770114942528735,435,0.27522935779816515,218,0.22988505747126436,87
log_ret__d3,0.508702080009368,0.508702080009368,high,0.16455696202531644,869,0.19770114942528735,435,0.27522935779816515,218,0.22988505747126436,87
close_vs_ema12__w72__diff_mean,0.49137137928361196,0.508628620716388,low,0.15420023014959724,869,0.19770114942528735,435,0.23394495412844038,218,0.3103448275862069,87
avg_trade_quote_rel24__now,0.49143670655153887,0.5085632934484612,low,0.11737629459148446,869,0.11954022988505747,435,0.12385321100917432,218,0.06896551724137931,87
close_vs_vwap72__w72__delta,0.5085593629696854,0.5085593629696854,high,0.10817031070195628,869,0.135632183908046,435,0.13302752293577982,218,0.14942528735632185,87
rsi14__w24__q75,0.4914522929328907,0.5085477070671093,low,0.12399540757749714,871,0.1489841986455982,443,0.1834862385321101,218,0.19318181818181818,88
rsi24__d1,0.5085398461095578,0.5085398461095578,high,0.1323360184119678,869,0.15632183908045977,435,0.1651376146788991,218,0.13793103448275862,87
lower_wick__w240__z,0.49147018338800763,0.5085298166119924,low,0.0805523590333717,869,0.08275862068965517,435,0.09174311926605505,218,0.09195402298850575,87
rsi24__w240__z,0.5085062337393382,0.5085062337393382,high,0.08285385500575373,869,0.07126436781609195,435,0.0963302752293578,218,0.09195402298850575,87
body_pct__w24__pos,0.50846977516035,0.50846977516035,high,0.12313003452243959,869,0.1425287356321839,435,0.14609571788413098,397,0.14609571788413098,397
close_vs_sma240__w240__late_vs_prev,0.49155272344229706,0.5084472765577029,low,0.1472957422324511,869,0.14942528735632185,435,0.22018348623853212,218,0.21839080459770116,87
volume_rel72__w240__up_share,0.4915584836267096,0.5084415163732904,low,0.14094650205761317,972,0.14135338345864662,665,0.148014440433213,277,0.21,100
range_pct__w72__accel,0.5084334521151126,0.5084334521151126,high,0.15074798619102417,869,0.1839080459770115,435,0.19724770642201836,218,0.21839080459770116,87
range_pct__w240__accel,0.5084334521151126,0.5084334521151126,high,0.15074798619102417,869,0.1839080459770115,435,0.19724770642201836,218,0.21839080459770116,87
upper_wick__w24__late_vs_prev,0.5084285051332053,0.5084285051332053,high,0.11392405063291139,869,0.11954022988505747,435,0.10091743119266056,218,0.06896551724137931,87
close_vs_sma240__d6,0.49157549311244586,0.5084245068875541,low,0.1714614499424626,869,0.19310344827586207,435,0.2018348623853211,218,0.16091954022988506,87
trades_rel24__d3,0.49159500997257344,0.5084049900274266,low,0.1323360184119678,869,0.13793103448275862,435,0.15137614678899083,218,0.12643678160919541,87
upper_wick__w24__std,0.5083858797685518,0.5083858797685518,high,0.08515535097813579,869,0.07586206896551724,435,0.05504587155963303,218,0.0,87
bb_width__w24__delta,0.4916161532377115,0.5083838467622885,low,0.1852704257767549,869,0.24367816091954023,435,0.3669724770642202,218,0.5172413793103449,87
mfi14__w24__z,0.49162504045956096,0.508374959540439,low,0.09205983889528194,869,0.10804597701149425,435,0.0963302752293578,218,0.12643678160919541,87
ema_gap_6_24__w72__q75,0.5083593829202535,0.5083593829202535,high,0.12843029637760703,911,0.10091743119266056,436,0.04484304932735426,223,0.0,108
stoch_d__w24__q75,0.4916823614750192,0.5083176385249808,low,0.1334867663981588,869,0.1425287356321839,435,0.13636363636363635,220,0.10112359550561797,89
close_vs_ema12__w240__delta,0.5083159443530947,0.5083159443530947,high,0.11852704257767549,869,0.12183908045977011,435,0.11926605504587157,218,0.08045977011494253,87
close_location__w240__delta,0.5083142501812086,0.5083142501812086,high,0.1001150747986191,869,0.09195402298850575,435,0.0871559633027523,218,0.05747126436781609,87
bb_z__w24__pos,0.5083134369787032,0.5083134369787032,high,0.1093210586881473,869,0.11390532544378698,676,0.11390532544378698,676,0.11390532544378698,676
stoch_k__d6,0.5082329299306771,0.5082329299306771,high,0.12082853855005754,869,0.11264367816091954,435,0.11009174311926606,218,0.09195402298850575,87
trades_rel24__w72__accel,0.49176835763995624,0.5082316423600437,low,0.11622554660529344,869,0.1103448275862069,435,0.11009174311926606,218,0.1724137931034483,87
trades_rel24__w240__accel,0.49176835763995624,0.5082316423600437,low,0.11622554660529344,869,0.1103448275862069,435,0.11009174311926606,218,0.1724137931034483,87
volume_rel240__w240__q10,0.49177926810690253,0.5082207318930975,low,0.16436781609195403,870,0.19419642857142858,448,0.200836820083682,239,0.200836820083682,239
dist_high240__w72__delta,0.4918162010540189,0.5081837989459811,low,0.19217491369390102,869,0.26666666666666666,435,0.3073394495412844,218,0.41379310344827586,87
stoch_k__w72__diff_std,0.5081588607358182,0.5081588607358182,high,0.08515535097813579,869,0.08735632183908046,435,0.07339449541284404,218,0.034482758620689655,87
rsi6__d6,0.508137581936929,0.508137581936929,high,0.11967779056386652,869,0.10804597701149425,435,0.10550458715596331,218,0.06896551724137931,87
abs_body_pct__d6,0.5081306697156339,0.5081306697156339,high,0.15304948216340622,869,0.16551724137931034,435,0.1834862385321101,218,0.1724137931034483,87
macd_signal_pct__w240__z,0.5081216567212,0.5081216567212,high,0.10701956271576525,869,0.08275862068965517,435,0.05045871559633028,218,0.011494252873563218,87
log_ret__w240__z,0.508104376167962,0.508104376167962,high,0.13118527042577677,869,0.14942528735632185,435,0.1559633027522936,218,0.20689655172413793,87
close_vs_ema240__w72__delta,0.5080939400691439,0.5080939400691439,high,0.1323360184119678,869,0.09655172413793103,435,0.06880733944954129,218,0.08045977011494253,87
log_ret__w24__late_vs_prev,0.4919326245460297,0.5080673754539703,low,0.14959723820483314,869,0.1793103448275862,435,0.1743119266055046,218,0.20689655172413793,87
body_pct__w24__late_vs_prev,0.49195254800740995,0.50804745199259,low,0.1518987341772152,869,0.17701149425287357,435,0.16972477064220184,218,0.20689655172413793,87
body_pct__w240__z,0.5080259698930748,0.5080259698930748,high,0.13118527042577677,869,0.14942528735632185,435,0.16055045871559634,218,0.20689655172413793,87
taker_share__w240__delta,0.4920060160721343,0.5079939839278658,low,0.10817031070195628,869,0.11494252873563218,435,0.09174311926605505,218,0.022988505747126436,87
close_vs_vwap240__w24__accel,0.4920083879127748,0.5079916120872252,low,0.14499424626006904,869,0.1632183908045977,435,0.16055045871559634,218,0.1839080459770115,87
upper_wick__w240__late_vs_prev,0.4920230255578705,0.5079769744421295,low,0.05523590333716916,869,0.06666666666666667,435,0.07339449541284404,218,0.05747126436781609,87
adx14__w24__mean,0.5079729761964784,0.5079729761964784,high,0.10701956271576525,869,0.1310344827586207,435,0.1743119266055046,218,0.22988505747126436,87
close_vs_ema72__w24__max,0.5079689101839517,0.5079689101839517,high,0.09339407744874716,878,0.10068649885583524,437,0.05405405405405406,222,0.011494252873563218,87
avg_trade_quote_rel24__w240__late_vs_prev,0.5079662672758096,0.5079662672758096,high,0.10126582278481013,869,0.0896551724137931,435,0.0871559633027523,218,0.05747126436781609,87
rsi6__w24__diff_std,0.5079520362319666,0.5079520362319666,high,0.08745684695051784,869,0.0735632183908046,435,0.06422018348623854,218,0.11494252873563218,87
avg_trade_quote_rel240__w24__q25,0.4920540627868233,0.5079459372131767,low,0.13578826237054084,869,0.12643678160919541,435,0.1461187214611872,219,0.1797752808988764,89
dist_high240__w72__diff_mean,0.4920635501493853,0.5079364498506147,low,0.189873417721519,869,0.2735632183908046,435,0.3256880733944954,218,0.42528735632183906,87
atr24_pct__w72__late_vs_prev,0.49207046237068053,0.5079295376293195,low,0.14614499424626007,869,0.15402298850574714,435,0.21100917431192662,218,0.2988505747126437,87
macd_signal_pct__w72__delta,0.5078959252590999,0.5078959252590999,high,0.1277330264672037,869,0.11264367816091954,435,0.13761467889908258,218,0.16091954022988506,87
upper_wick__w24__delta,0.4921199321897538,0.5078800678102462,low,0.11047180667433831,869,0.1103448275862069,435,0.10550458715596331,218,0.09195402298850575,87
rebound_low24__w72__z,0.49213890691487777,0.5078610930851222,low,0.1001150747986191,869,0.10574712643678161,435,0.13302752293577982,218,0.11494252873563218,87
close_vs_sma240__w24__accel,0.4921459546699237,0.5078540453300763,low,0.14844649021864212,869,0.1724137931034483,435,0.16055045871559634,218,0.20689655172413793,87
close_vs_ema24__d6,0.49217712743262754,0.5078228725673725,low,0.14384349827387802,869,0.1632183908045977,435,0.1834862385321101,218,0.1724137931034483,87
atr6_pct__w24__accel,0.5078029491059922,0.5078029491059922,high,0.1565017261219793,869,0.20229885057471264,435,0.23394495412844038,218,0.2988505747126437,87
body_pct__w24__delta,0.5077719118770394,0.5077719118770394,high,0.14614499424626007,869,0.15862068965517243,435,0.17889908256880735,218,0.1839080459770115,87
ema24_slope_6h__d1,0.49222849472421326,0.5077715052757867,low,0.142692750287687,869,0.1632183908045977,435,0.1834862385321101,218,0.1724137931034483,87
rsi14__w72__diff_mean,0.5077523950169119,0.5077523950169119,high,0.10356731875719218,869,0.10114942528735632,435,0.10091743119266056,218,0.06896551724137931,87
rebound_low24__w24__accel,0.5077458216299939,0.5077458216299939,high,0.15765247410817032,869,0.19770114942528735,435,0.22935779816513763,218,0.2413793103448276,87
log_ret__w24__delta,0.5077449406606132,0.5077449406606132,high,0.1472957422324511,869,0.15862068965517243,435,0.17889908256880735,218,0.1839080459770115,87
dist_high72__w24__pos,0.49225709234565007,0.5077429076543499,low,0.11392405063291139,869,0.1162227602905569,826,0.1162227602905569,826,0.1162227602905569,826
bb_z__w240__z,0.4922595319531661,0.5077404680468339,low,0.1001150747986191,869,0.1103448275862069,435,0.10091743119266056,218,0.09195402298850575,87
close_vs_sma72__d1,0.5076915403627642,0.5076915403627642,high,0.15880322209436135,869,0.18620689655172415,435,0.19724770642201836,218,0.28735632183908044,87
atr14_pct__w72__late_vs_prev,0.49231130584600435,0.5076886941539956,low,0.13118527042577677,869,0.16091954022988506,435,0.22935779816513763,218,0.39080459770114945,87
adx14__d6,0.5076811042639461,0.5076811042639461,high,0.12082853855005754,869,0.14022988505747128,435,0.16972477064220184,218,0.21839080459770116,87
lower_wick__w72__min,0.5076757506807861,0.5076757506807861,high,0.12514220705346984,879,0.09395973154362416,447,0.05909090909090909,220,0.0,88
close_vs_sma240__w24__pos,0.507667618655733,0.507667618655733,high,0.1076581576026637,901,0.1076581576026637,901,0.1076581576026637,901,0.1076581576026637,901
ema_gap_72_168__d3,0.4923435628787151,0.5076564371212848,low,0.1760644418872267,869,0.2413793103448276,435,0.26605504587155965,218,0.3333333333333333,87
rsi24__w24__q75,0.4923944558021727,0.5076055441978273,low,0.13448275862068965,870,0.16551724137931034,435,0.17889908256880735,218,0.29213483146067415,89
close_vs_ema12__w24__late_vs_prev,0.4923984540478239,0.5076015459521761,low,0.1611047180667434,869,0.19080459770114944,435,0.2018348623853211,218,0.13793103448275862,87
lower_wick__d3,0.4924567335607048,0.5075432664392951,low,0.10356731875719218,869,0.11264367816091954,435,0.0963302752293578,218,0.06896551724137931,87
close_vs_sma72__w240__delta,0.5075349988804911,0.5075349988804911,high,0.06904487917146145,869,0.06896551724137931,435,0.03669724770642202,218,0.011494252873563218,87
trades_rel240__w24__accel,0.4924885839921629,0.5075114160078371,low,0.12658227848101267,869,0.12413793103448276,435,0.14678899082568808,218,0.16091954022988506,87
dist_high72__w72__delta,0.4925078297847887,0.5074921702152113,low,0.1852704257767549,869,0.25517241379310346,435,0.30275229357798167,218,0.4482758620689655,87
obv_delta__w72__z,0.5074810564476386,0.5074810564476386,high,0.12658227848101267,869,0.12183908045977011,435,0.13761467889908258,218,0.16091954022988506,87
avg_trade_quote_rel240__now,0.49251907908611214,0.5074809209138879,low,0.1323360184119678,869,0.135632183908046,435,0.1651376146788991,218,0.14942528735632185,87
ema_gap_72_168__w72__delta,0.5074721112200802,0.5074721112200802,high,0.14154200230149597,869,0.13793103448275862,435,0.1926605504587156,218,0.1839080459770115,87
macd_pct__w240__up_share,0.5074401930217467,0.5074401930217467,high,0.13138686131386862,959,0.1571969696969697,528,0.17578125,256,0.20212765957446807,94
trades_rel72__w24__accel,0.4925872525628077,0.5074127474371923,low,0.12888377445339472,869,0.14942528735632185,435,0.1559633027522936,218,0.1724137931034483,87
abs_body_pct__w24__accel,0.5073844208832572,0.5073844208832572,high,0.13578826237054084,869,0.15172413793103448,435,0.20642201834862386,218,0.21839080459770116,87
macd_hist_pct__w72__mean,0.5073261413703762,0.5073261413703762,high,0.12658227848101267,869,0.1103448275862069,435,0.12844036697247707,218,0.1724137931034483,87
close_vs_sma72__w24__mean,0.49267982211466266,0.5073201778853373,low,0.19102416570771003,869,0.29195402298850576,435,0.30275229357798167,218,0.25287356321839083,87
trades_rel24__w240__q10,0.5073006610252098,0.5073006610252098,high,0.1379703534777651,877,0.21232876712328766,438,0.15178571428571427,224,0.2391304347826087,92
bb_z__w240__pos,0.49274575928446857,0.5072542407155314,low,0.1093210586881473,869,0.09195402298850575,435,0.09174311926605505,218,0.06896551724137931,87
ema72_slope_12h__w240__z,0.5072460409236029,0.5072460409236029,high,0.08400460299194476,869,0.07126436781609195,435,0.05504587155963303,218,0.0,87
taker_share__w240__diff_mean,0.49276981652525076,0.5072301834747492,low,0.1093210586881473,869,0.11264367816091954,435,0.0871559633027523,218,0.05747126436781609,87
close_vs_sma168__w24__accel,0.4927864871766097,0.5072135128233903,low,0.1518987341772152,869,0.17471264367816092,435,0.1651376146788991,218,0.20689655172413793,87
cci20__w24__accel,0.4927942126004101,0.5072057873995899,low,0.09781357882623705,869,0.10114942528735632,435,0.10091743119266056,218,0.09195402298850575,87
taker_share__d6,0.4928248432281104,0.5071751567718896,low,0.10356731875719218,869,0.09885057471264368,435,0.10091743119266056,218,0.09195402298850575,87
close_vs_vwap240__d3,0.5071550300098832,0.5071550300098832,high,0.14614499424626007,869,0.15172413793103448,435,0.17889908256880735,218,0.1839080459770115,87
ema_gap_72_168__d1,0.49284612202699946,0.5071538779730005,low,0.17261219792865362,869,0.22528735632183908,435,0.25229357798165136,218,0.28735632183908044,87
close_vs_sma168__w24__late_vs_prev,0.4928674008258885,0.5071325991741116,low,0.16800920598388952,869,0.21379310344827587,435,0.24311926605504589,218,0.19540229885057472,87
stoch_d__d12,0.5071262968546953,0.5071262968546953,high,0.13003452243958574,869,0.09885057471264368,435,0.0871559633027523,218,0.11494252873563218,87
close_vs_ema24__w240__delta,0.5071103716389662,0.5071103716389662,high,0.10817031070195628,869,0.0896551724137931,435,0.0871559633027523,218,0.08045977011494253,87
close_vs_ema24__w72__delta,0.4928977603860868,0.5071022396139132,low,0.15880322209436135,869,0.20689655172413793,435,0.25229357798165136,218,0.3103448275862069,87
trades_rel72__w240__q10,0.507087669735693,0.507087669735693,high,0.10435779816513761,872,0.09195402298850575,435,0.0735930735930736,231,0.038461538461538464,104
macd_fast_hist_pct__w240__z,0.49291253356493336,0.5070874664350666,low,0.12658227848101267,869,0.10344827586206896,435,0.10550458715596331,218,0.14942528735632185,87
dist_high24__d1,0.5070790633425116,0.5070790633425116,high,0.15304948216340622,869,0.17701149425287357,435,0.19724770642201836,218,0.22988505747126436,87
macd_signal_pct__w240__pos,0.507057242408619,0.507057242408619,high,0.09781357882623705,869,0.041379310344827586,435,0.03680981595092025,326,0.03680981595092025,326
log_ret__w240__pos,0.5070558870711102,0.5070558870711102,high,0.1334867663981588,869,0.1425287356321839,435,0.13761467889908258,218,0.19540229885057472,87
close_vs_ema240__w24__accel,0.4929522449539429,0.507047755046057,low,0.15074798619102417,869,0.1724137931034483,435,0.1651376146788991,218,0.20689655172413793,87
obv_delta__w240__delta,0.5070379966159932,0.5070379966159932,high,0.15420023014959724,869,0.15632183908045977,435,0.12844036697247707,218,0.14942528735632185,87
close_vs_ema168__w24__accel,0.49300205360739346,0.5069979463926065,low,0.15074798619102417,869,0.17011494252873563,435,0.1651376146788991,218,0.20689655172413793,87
rsi24__w24__q25,0.4930089658286886,0.5069910341713114,low,0.14499424626006904,869,0.1839080459770115,435,0.22510822510822512,231,0.2967032967032967,91
lower_wick__w72__z,0.49302678851693005,0.50697321148307,low,0.08975834292289989,869,0.07816091954022988,435,0.0779816513761468,218,0.12643678160919541,87
rebound_low72__w72__pos,0.5069719239124365,0.5069719239124365,high,0.11277330264672036,869,0.10256410256410256,468,0.10256410256410256,468,0.10256410256410256,468
rsi24__w24__mean,0.49304820284956996,0.50695179715043,low,0.14384349827387802,869,0.19080459770114944,435,0.24770642201834864,218,0.2988505747126437,87
ema6_slope_3h__w240__delta,0.5069507128804229,0.5069507128804229,high,0.11392405063291139,869,0.12183908045977011,435,0.12844036697247707,218,0.10344827586206896,87
close_vs_vwap72__w24__q25,0.49304942265332796,0.506950577346672,low,0.19336384439359267,874,0.25517241379310346,435,0.30275229357798167,218,0.34831460674157305,89
avg_trade_quote_rel240__w240__delta,0.5069406156159819,0.5069406156159819,high,0.1001150747986191,869,0.1103448275862069,435,0.11467889908256881,218,0.09195402298850575,87
trades_rel240__w72__q25,0.5068740007774216,0.5068740007774216,high,0.13958810068649885,874,0.09403669724770643,436,0.12385321100917432,218,0.16091954022988506,87
trades_rel240__d6,0.5068437089840986,0.5068437089840986,high,0.11622554660529344,869,0.10574712643678161,435,0.12844036697247707,218,0.14942528735632185,87
adx14__w24__max,0.5068286647377502,0.5068286647377502,high,0.10919540229885058,870,0.1310344827586207,435,0.08296943231441048,229,0.1590909090909091,88
quote_volume_rel240__w72__diff_std,0.506811790785765,0.506811790785765,high,0.17261219792865362,869,0.23448275862068965,435,0.21559633027522937,218,0.20689655172413793,87
body_pct__w24__accel,0.5067795337530543,0.5067795337530543,high,0.14844649021864212,869,0.15402298850574714,435,0.1743119266055046,218,0.1724137931034483,87
close_vs_vwap24__w240__diff_mean,0.4932243967257215,0.5067756032742785,low,0.1622554660529344,869,0.2160919540229885,435,0.25688073394495414,218,0.19540229885057472,87
close_vs_ema72__w72__accel,0.5067741124030188,0.5067741124030188,high,0.13693901035673187,869,0.167816091954023,435,0.21100917431192662,218,0.22988505747126436,87
close_vs_ema72__w240__accel,0.5067741124030188,0.5067741124030188,high,0.13693901035673187,869,0.167816091954023,435,0.21100917431192662,218,0.22988505747126436,87
stoch_d__w24__z,0.49323266428452545,0.5067673357154745,low,0.11047180667433831,869,0.12413793103448276,435,0.14220183486238533,218,0.14942528735632185,87
ema72_slope_12h__w24__accel,0.5067579838866634,0.5067579838866634,high,0.13924050632911392,869,0.15632183908045977,435,0.2018348623853211,218,0.19540229885057472,87
macd_fast_hist_pct__w240__delta,0.5067413132353045,0.5067413132353045,high,0.12543153049482164,869,0.15172413793103448,435,0.16972477064220184,218,0.20689655172413793,87
log_ret__w24__accel,0.5067283019952195,0.5067283019952195,high,0.14614499424626007,869,0.15402298850574714,435,0.1743119266055046,218,0.1724137931034483,87
close_vs_sma72__w24__accel,0.49327339217666666,0.5067266078233333,low,0.15304948216340622,869,0.1724137931034483,435,0.17889908256880735,218,0.20689655172413793,87
stoch_k__w72__z,0.493277729256695,0.506722270743305,low,0.10356731875719218,869,0.10574712643678161,435,0.10550458715596331,218,0.13793103448275862,87
mfi14__w72__max,0.5066901492443452,0.5066901492443452,high,0.1444954128440367,872,0.11067193675889328,506,0.052083333333333336,288,0.0625,144
upper_wick__w72__diff_std,0.4933358054689495,0.5066641945310505,low,0.11967779056386652,869,0.10114942528735632,435,0.045871559633027525,218,0.011494252873563218,87
close_vs_ema12__w240__diff_mean,0.506646981744688,0.506646981744688,high,0.11852704257767549,869,0.12873563218390804,435,0.12844036697247707,218,0.11494252873563218,87
close_vs_vwap72__d1,0.5066467106771863,0.5066467106771863,high,0.1565017261219793,869,0.19080459770114944,435,0.20642201834862386,218,0.26436781609195403,87
dist_high240__w72__pos,0.5066450165053002,0.5066450165053002,high,0.09781357882623705,869,0.08441558441558442,462,0.08441558441558442,462,0.08441558441558442,462
avg_trade_quote_rel24__d3,0.5066358679771154,0.5066358679771154,high,0.10701956271576525,869,0.09655172413793103,435,0.08256880733944955,218,0.10344827586206896,87
close_vs_ema12__w240__z,0.4933652162928917,0.5066347837071083,low,0.12428078250863062,869,0.11954022988505747,435,0.13302752293577982,218,0.13793103448275862,87
avg_trade_quote_rel24__w240__z,0.4933786341342294,0.5066213658657706,low,0.10701956271576525,869,0.1103448275862069,435,0.10091743119266056,218,0.06896551724137931,87
lower_wick__d12,0.49340492768190114,0.5065950723180989,low,0.11622554660529344,869,0.11724137931034483,435,0.11926605504587157,218,0.10344827586206896,87
close_vs_ema48__w24__q90,0.5065874146611737,0.5065874146611737,high,0.08934707903780069,873,0.06561085972850679,442,0.06382978723404255,235,0.054945054945054944,91
close_vs_vwap240__d1,0.5065268988414033,0.5065268988414033,high,0.1565017261219793,869,0.19080459770114944,435,0.18807339449541285,218,0.26436781609195403,87
close_vs_sma168__w240__max,0.5065257468045208,0.5065257468045208,high,0.09954233409610984,874,0.1125,480,0.1875,240,0.1875,240
dist_high72__w72__diff_mean,0.4934968195650017,0.5065031804349983,low,0.18411967779056387,869,0.25287356321839083,435,0.3119266055045872,218,0.4482758620689655,87
close_location__w240__diff_mean,0.5064913889986712,0.5064913889986712,high,0.10356731875719218,869,0.10344827586206896,435,0.11926605504587157,218,0.13793103448275862,87
ema_gap_72_168__w72__diff_mean,0.5064688903960242,0.5064688903960242,high,0.14384349827387802,869,0.14022988505747128,435,0.2018348623853211,218,0.1724137931034483,87
close_vs_vwap72__w24__accel,0.4935601138266653,0.5064398861733347,low,0.1565017261219793,869,0.1724137931034483,435,0.1834862385321101,218,0.21839080459770116,87
rebound_low240__w72__delta,0.4935689235204729,0.5064310764795271,low,0.15995397008055237,869,0.19770114942528735,435,0.2798165137614679,218,0.3103448275862069,87
volume_rel24__w72__accel,0.5064211825157124,0.5064211825157124,high,0.12428078250863062,869,0.135632183908046,435,0.14220183486238533,218,0.19540229885057472,87
volume_rel24__w240__accel,0.5064211825157124,0.5064211825157124,high,0.12428078250863062,869,0.135632183908046,435,0.14220183486238533,218,0.19540229885057472,87
stoch_k__w240__diff_mean,0.5064168454356841,0.5064168454356841,high,0.09781357882623705,869,0.0896551724137931,435,0.10091743119266056,218,0.11494252873563218,87
trades_rel240__w240__max,0.5064123050550294,0.5064123050550294,high,0.17395833333333333,960,0.19791666666666666,480,0.12083333333333333,240,0.12083333333333333,240
close_location__w24__late_vs_prev,0.49359792774316247,0.5064020722568375,low,0.11622554660529344,869,0.11494252873563218,435,0.11467889908256881,218,0.10344827586206896,87
close_vs_vwap72__w72__q90,0.5064000392505742,0.5064000392505742,high,0.11938663745892661,913,0.1632183908045977,435,0.13574660633484162,221,0.1953125,128
mfi14__w24__q75,0.5063895353848806,0.5063895353848806,high,0.08040770101925254,883,0.06636155606407322,437,0.0779816513761468,218,0.14444444444444443,90
close_vs_sma72__w72__max,0.5063819454948311,0.5063819454948311,high,0.1285878300803674,871,0.16382978723404254,470,0.20161290322580644,248,0.16560509554140126,157
bb_z__w72__z,0.4936326243833892,0.5063673756166108,low,0.10586881472957423,869,0.10804597701149425,435,0.11467889908256881,218,0.11494252873563218,87
cci20__w72__delta,0.4936468554272322,0.5063531445727678,low,0.1047180667433832,869,0.09655172413793103,435,0.0963302752293578,218,0.10344827586206896,87
rsi14__w72__delta,0.5063451480814656,0.5063451480814656,high,0.10356731875719218,869,0.11264367816091954,435,0.11009174311926606,218,0.05747126436781609,87
upper_wick__w240__z,0.5062897147773533,0.5062897147773533,high,0.11392405063291139,869,0.09655172413793103,435,0.0963302752293578,218,0.11494252873563218,87
close_vs_ema12__w240__pos,0.4937122504620345,0.5062877495379655,low,0.10356731875719218,869,0.08735632183908046,435,0.10091743119266056,218,0.10344827586206896,87
close_vs_sma24__d6,0.49371353803266793,0.5062864619673321,low,0.14959723820483314,869,0.1632183908045977,435,0.18807339449541285,218,0.16091954022988506,87
adx14__w24__q90,0.506283547991688,0.506283547991688,high,0.1244343891402715,884,0.12413793103448276,435,0.13983050847457626,236,0.1839080459770115,87
lower_wick__w240__diff_mean,0.5062554925052547,0.5062554925052547,high,0.10586881472957423,869,0.09425287356321839,435,0.10550458715596331,218,0.06896551724137931,87
close_vs_ema72__w24__accel,0.49374837020664564,0.5062516297933544,low,0.14844649021864212,869,0.167816091954023,435,0.16972477064220184,218,0.20689655172413793,87
close_location__now,0.49375663776544965,0.5062433622345504,low,0.11852704257767549,869,0.08505747126436781,435,0.0779816513761468,218,0.05747126436781609,87
obv_delta__w24__delta,0.5062387540870202,0.5062387540870202,high,0.1518987341772152,869,0.1632183908045977,435,0.1651376146788991,218,0.22988505747126436,87
close_vs_vwap72__w72__q75,0.5062384152526431,0.5062384152526431,high,0.1277330264672037,869,0.11724137931034483,435,0.1969111969111969,259,0.24489795918367346,98
taker_share__w240__mean,0.4937842188837549,0.5062157811162451,low,0.08745684695051784,869,0.10114942528735632,435,0.045871559633027525,218,0.022988505747126436,87
avg_trade_quote_rel72__w24__q25,0.5062133415087292,0.5062133415087292,high,0.142692750287687,869,0.12385321100917432,436,0.1210762331838565,223,0.08695652173913043,92
rsi14__w240__pos,0.5062129349074765,0.5062129349074765,high,0.09090909090909091,869,0.09195402298850575,435,0.10550458715596331,218,0.10989010989010989,91
close_vs_vwap24__w240__delta,0.4937906567369219,0.5062093432630781,low,0.17031070195627157,869,0.21149425287356322,435,0.23394495412844038,218,0.2413793103448276,87
close_vs_ema48__w72__diff_mean,0.50617139381283,0.50617139381283,high,0.11277330264672036,869,0.11264367816091954,435,0.10550458715596331,218,0.11494252873563218,87
stoch_k__w240__z,0.49382874172092084,0.5061712582790792,low,0.1093210586881473,869,0.10114942528735632,435,0.09174311926605505,218,0.06896551724137931,87
quote_volume_rel24__w240__accel,0.5061623130515207,0.5061623130515207,high,0.12197928653624857,869,0.13333333333333333,435,0.13302752293577982,218,0.20689655172413793,87
quote_volume_rel24__w72__accel,0.5061623130515207,0.5061623130515207,high,0.12197928653624857,869,0.13333333333333333,435,0.13302752293577982,218,0.20689655172413793,87
rebound_low240__w24__accel,0.4938421595622585,0.5061578404377415,low,0.14154200230149597,869,0.15172413793103448,435,0.1559633027522936,218,0.1839080459770115,87
lower_wick__w24__late_vs_prev,0.49384487023727625,0.5061551297627238,low,0.11162255466052934,869,0.12183908045977011,435,0.11009174311926606,218,0.10344827586206896,87
body_pct__w240__diff_mean,0.5061445581301547,0.5061445581301547,high,0.13924050632911392,869,0.1632183908045977,435,0.1743119266055046,218,0.13793103448275862,87
close_location__w240__pos,0.49385652613985237,0.5061434738601476,low,0.11852704257767549,869,0.08505747126436781,435,0.0779816513761468,218,0.04597701149425287,87
cci20__w72__diff_mean,0.4938573393423577,0.5061426606576422,low,0.11507479861910241,869,0.10114942528735632,435,0.09174311926605505,218,0.06896551724137931,87
stoch_k__w240__delta,0.5061334443625821,0.5061334443625821,high,0.10241657077100115,869,0.09655172413793103,435,0.0963302752293578,218,0.08045977011494253,87
dist_high72__d1,0.5061281585462976,0.5061281585462976,high,0.14959723820483314,869,0.18620689655172415,435,0.1926605504587156,218,0.2413793103448276,87
close_vs_ema168__w24__z,0.49388986744257024,0.5061101325574298,low,0.11047180667433831,869,0.09655172413793103,435,0.12385321100917432,218,0.12643678160919541,87
volume_rel72__w72__late_vs_prev,0.49390260761515353,0.5060973923848464,low,0.12082853855005754,869,0.16091954022988506,435,0.23394495412844038,218,0.27586206896551724,87
close_vs_sma72__w240__diff_mean,0.5060971213173447,0.5060971213173447,high,0.0667433831990794,869,0.06896551724137931,435,0.05045871559633028,218,0.022988505747126436,87
log_ret__w240__diff_mean,0.5060937329735725,0.5060937329735725,high,0.13693901035673187,869,0.16091954022988506,435,0.1743119266055046,218,0.14942528735632185,87
lower_wick__w72__pos,0.4939223955427829,0.5060776044572171,low,0.08745684695051784,869,0.06206896551724138,435,0.06498194945848375,277,0.06498194945848375,277
close_vs_vwap240__w24__z,0.49392673262281117,0.5060732673771888,low,0.10701956271576525,869,0.0896551724137931,435,0.10550458715596331,218,0.14942528735632185,87
ema6_slope_3h__d3,0.5060708277696728,0.5060708277696728,high,0.17491369390103567,869,0.2,435,0.24311926605504589,218,0.27586206896551724,87
quote_volume_rel72__w72__late_vs_prev,0.4939436743416719,0.5060563256583281,low,0.11507479861910241,869,0.15862068965517243,435,0.22477064220183487,218,0.27586206896551724,87
trades_rel24__w24__late_vs_prev,0.5059870679116254,0.5059870679116254,high,0.13118527042577677,869,0.1425287356321839,435,0.1559633027522936,218,0.09195402298850575,87
rebound_low240__d1,0.5059868646109992,0.5059868646109992,high,0.15765247410817032,869,0.18160919540229886,435,0.1834862385321101,218,0.26436781609195403,87
log_ret__w72__z,0.5059384112950576,0.5059384112950576,high,0.12658227848101267,869,0.1471264367816092,435,0.14678899082568808,218,0.11494252873563218,87
close_vs_ema168__w240__up_share,0.4940821220682017,0.5059178779317983,low,0.11758893280632411,1012,0.14132762312633834,467,0.16901408450704225,284,0.23125,160
close_vs_sma72__w24__q90,0.5059165225942894,0.5059165225942894,high,0.09321058688147296,869,0.10114942528735632,435,0.04128440366972477,218,0.0,90
avg_trade_quote_rel240__w24__max,0.4940844261419668,0.5059155738580332,low,0.09038901601830664,874,0.1085972850678733,442,0.09545454545454546,220,0.10344827586206896,87
rsi6__w24__z,0.5059087294036135,0.5059087294036135,high,0.10356731875719218,869,0.12413793103448276,435,0.11926605504587157,218,0.11494252873563218,87
avg_trade_quote_rel72__w240__delta,0.5058549225045119,0.5058549225045119,high,0.10241657077100115,869,0.09195402298850575,435,0.08256880733944955,218,0.06896551724137931,87
macd_pct__w72__max,0.5058426567000568,0.5058426567000568,high,0.10154525386313466,906,0.14285714285714285,490,0.2094017094017094,234,0.3161290322580645,155
avg_trade_quote_rel240__w24__pos,0.4941590374718293,0.5058409625281707,low,0.12313003452243959,869,0.11422413793103449,464,0.11422413793103449,464,0.11422413793103449,464
ema168_slope_24h__w240__z,0.49416513649061916,0.5058348635093808,low,0.13693901035673187,869,0.17471264367816092,435,0.1743119266055046,218,0.10344827586206896,87
body_pct__w72__z,0.50582937439247,0.50582937439247,high,0.12658227848101267,869,0.1471264367816092,435,0.15137614678899083,218,0.12643678160919541,87
close_vs_vwap24__d6,0.494180722871971,0.505819277128029,low,0.1518987341772152,869,0.17471264367816092,435,0.22935779816513763,218,0.25287356321839083,87
macd_pct__d1,0.4941811294732236,0.5058188705267763,low,0.15420023014959724,869,0.1724137931034483,435,0.1651376146788991,218,0.19540229885057472,87
rebound_low72__d3,0.5058183961586482,0.5058183961586482,high,0.14384349827387802,869,0.167816091954023,435,0.1926605504587156,218,0.20689655172413793,87
lower_wick__w72__accel,0.49419739352333003,0.50580260647667,low,0.12888377445339472,869,0.14482758620689656,435,0.13761467889908258,218,0.12643678160919541,87
lower_wick__w240__accel,0.49419739352333003,0.50580260647667,low,0.12888377445339472,869,0.14482758620689656,435,0.13761467889908258,218,0.12643678160919541,87
obv_delta__w240__late_vs_prev,0.4942043057446251,0.505795694255375,low,0.15074798619102417,869,0.1839080459770115,435,0.27522935779816515,218,0.3793103448275862,87
close_vs_vwap72__d3,0.5057943389178661,0.5057943389178661,high,0.15535097813578827,869,0.16551724137931034,435,0.1926605504587156,218,0.21839080459770116,87
adx14__d1,0.505788375432827,0.505788375432827,high,0.13003452243958574,869,0.1103448275862069,435,0.1559633027522936,218,0.12643678160919541,87
volume_rel24__d6,0.505771704781468,0.505771704781468,high,0.11852704257767549,869,0.12643678160919541,435,0.12385321100917432,218,0.13793103448275862,87
rsi14__w24__late_vs_prev,0.4942300571572934,0.5057699428427066,low,0.12082853855005754,869,0.1471264367816092,435,0.14678899082568808,218,0.10344827586206896,87
quote_volume_rel24__d6,0.5057500193813265,0.5057500193813265,high,0.11622554660529344,869,0.12643678160919541,435,0.12385321100917432,218,0.13793103448275862,87
close_vs_ema12__w24__accel,0.4942560796374635,0.5057439203625365,low,0.14614499424626007,869,0.1724137931034483,435,0.1926605504587156,218,0.20689655172413793,87
rebound_low240__w72__diff_mean,0.49426014564999,0.50573985435001,low,0.15880322209436135,869,0.18620689655172415,435,0.2889908256880734,218,0.3218390804597701,87
macd_fast_hist_pct__w72__z,0.49426326292626044,0.5057367370737396,low,0.1093210586881473,869,0.10574712643678161,435,0.11467889908256881,218,0.1724137931034483,87
close_vs_sma72__d3,0.505727927379932,0.505727927379932,high,0.14499424626006904,869,0.15862068965517243,435,0.18807339449541285,218,0.1839080459770115,87
volume_rel72__w72__q10,0.5057272497111776,0.5057272497111776,high,0.10677382319173363,871,0.05803571428571429,448,0.0045871559633027525,218,0.011494252873563218,87
upper_wick__w72__delta,0.5057200664223807,0.5057200664223807,high,0.12888377445339472,869,0.09425287356321839,435,0.0871559633027523,218,0.06896551724137931,87
dist_high24__d3,0.5057166780786084,0.5057166780786084,high,0.15535097813578827,869,0.17011494252873563,435,0.19724770642201836,218,0.21839080459770116,87
rebound_low240__w72__q10,0.4942852193939039,0.5057147806060961,low,0.11021814006888633,871,0.07203389830508475,472,0.1409090909090909,220,0.25287356321839083,87
mfi14__w240__z,0.4942956427935587,0.5057043572064412,low,0.10241657077100115,869,0.09885057471264368,435,0.05504587155963303,218,0.06896551724137931,87
rsi24__w24__q10,0.49429829840086437,0.5057017015991356,low,0.14742857142857144,875,0.18160919540229886,435,0.21100917431192662,218,0.21649484536082475,97
rebound_low72__w72__z,0.4942994504377469,0.5057005495622531,low,0.12428078250863062,869,0.12873563218390804,435,0.14678899082568808,218,0.11494252873563218,87
stoch_d__w24__late_vs_prev,0.5056907911321893,0.5056907911321893,high,0.12658227848101267,869,0.14482758620689656,435,0.13302752293577982,218,0.10344827586206896,87
bb_z__w24__diff_std,0.49434532861242175,0.5056546713875782,low,0.08400460299194476,869,0.08045977011494253,435,0.04128440366972477,218,0.011494252873563218,87
ema_gap_6_24__w240__q75,0.5056514863444324,0.5056514863444324,high,0.10114942528735632,870,0.1444954128440367,436,0.19574468085106383,235,0.08411214953271028,107
adx14__w24__late_vs_prev,0.5056456583931443,0.5056456583931443,high,0.11277330264672036,869,0.12183908045977011,435,0.13761467889908258,218,0.16091954022988506,87
rebound_low240__d6,0.49436904701882667,0.5056309529811733,low,0.17031070195627157,869,0.17701149425287357,435,0.1834862385321101,218,0.20689655172413793,87
macd_pct__w240__q75,0.494384091265175,0.505615908734825,low,0.12197928653624857,869,0.12155963302752294,436,0.16216216216216217,259,0.1724137931034483,87
adx14__w24__pos,0.5055991703165905,0.5055991703165905,high,0.10511523327712198,1779,0.10511523327712198,1779,0.10511523327712198,1779,0.10511523327712198,1779
quote_volume_rel24__w24__diff_std,0.4944045568615588,0.5055954431384412,low,0.11162255466052934,869,0.11494252873563218,435,0.12385321100917432,218,0.011494252873563218,87
ema168_slope_24h__w240__max,0.5055742321064276,0.5055742321064276,high,0.09279368213228036,1013,0.05976095617529881,502,0.0375,240,0.0375,240
lower_wick__w240__max,0.5055675909526341,0.5055675909526341,high,0.08637236084452975,1042,0.10416666666666667,480,0.125,240,0.125,240
avg_trade_quote_rel24__w24__z,0.505558374657574,0.505558374657574,high,0.11507479861910241,869,0.12643678160919541,435,0.11926605504587157,218,0.09195402298850575,87
body_pct__w240__delta,0.5055526144731612,0.5055526144731612,high,0.15074798619102417,869,0.167816091954023,435,0.16055045871559634,218,0.20689655172413793,87
close_vs_ema48__w24__accel,0.4944559919200199,0.5055440080799801,low,0.14844649021864212,869,0.1632183908045977,435,0.17889908256880735,218,0.19540229885057472,87
body_pct__w240__pos,0.5055388577974465,0.5055388577974465,high,0.1323360184119678,869,0.14022988505747128,435,0.13761467889908258,218,0.19540229885057472,87
ema6_slope_3h__d6,0.49446127773630444,0.5055387222636956,low,0.14959723820483314,869,0.1793103448275862,435,0.1926605504587156,218,0.1839080459770115,87
stoch_k__w24__z,0.5055345207174181,0.5055345207174181,high,0.11277330264672036,869,0.12183908045977011,435,0.12844036697247707,218,0.13793103448275862,87
ema_gap_6_24__d3,0.49448892662148514,0.5055110733785149,low,0.14844649021864212,869,0.17011494252873563,435,0.2018348623853211,218,0.16091954022988506,87
log_ret__w240__delta,0.5054994174759386,0.5054994174759386,high,0.15074798619102417,869,0.167816091954023,435,0.1651376146788991,218,0.19540229885057472,87
quote_volume_rel24__w24__max,0.4945039708678334,0.5054960291321666,low,0.12984054669703873,878,0.16481069042316257,449,0.11818181818181818,220,0.2127659574468085,94
close_location__w24__z,0.5054899301133767,0.5054899301133767,high,0.11277330264672036,869,0.11264367816091954,435,0.09174311926605505,218,0.11494252873563218,87
close_vs_sma72__w240__z,0.5054556400744026,0.5054556400744026,high,0.09781357882623705,869,0.10344827586206896,435,0.12844036697247707,218,0.12643678160919541,87
close_location__w72__min,0.5054386305886664,0.5054386305886664,high,0.0728476821192053,906,0.02968036529680365,438,0.05240174672489083,229,0.09574468085106383,94
taker_share__w240__min,0.494586239854621,0.505413760145379,low,0.175,960,0.20625,480,0.2125,240,0.2125,240
avg_trade_quote_rel240__w72__diff_mean,0.5054058991878275,0.5054058991878275,high,0.09321058688147296,869,0.08735632183908046,435,0.08256880733944955,218,0.034482758620689655,87
stoch_d__w72__diff_std,0.4945976246896954,0.5054023753103045,low,0.08285385500575373,869,0.04597701149425287,435,0.01834862385321101,218,0.011494252873563218,87
close_location__w24__delta,0.5053890930027177,0.5053890930027177,high,0.09090909090909091,869,0.09655172413793103,435,0.0871559633027523,218,0.08045977011494253,87
volume_rel72__d6,0.5053784536032733,0.5053784536032733,high,0.12082853855005754,869,0.11954022988505747,435,0.13761467889908258,218,0.1724137931034483,87
ema6_slope_3h__w240__z,0.4946252735748762,0.5053747264251238,low,0.13003452243958574,869,0.12643678160919541,435,0.12385321100917432,218,0.19540229885057472,87
close_vs_ema6__d6,0.5053713380813516,0.5053713380813516,high,0.15535097813578827,869,0.17011494252873563,435,0.21100917431192662,218,0.21839080459770116,87
avg_trade_quote_rel72__w240__up_share,0.5053712703144764,0.5053712703144764,high,0.055449330783938815,1046,0.060240963855421686,498,0.05128205128205128,312,0.04310344827586207,116
close_vs_ema240__w240__late_vs_prev,0.5053495171474591,0.5053495171474591,high,0.1472957422324511,869,0.17011494252873563,435,0.1743119266055046,218,0.3448275862068966,87
adx14__d3,0.5053123808997164,0.5053123808997164,high,0.1323360184119678,869,0.1425287356321839,435,0.16055045871559634,218,0.12643678160919541,87
mfi14__w24__q10,0.4947011724753721,0.505298827524628,low,0.09648127128263337,881,0.11185682326621924,447,0.16071428571428573,224,0.18181818181818182,88
adx14__w24__q75,0.5052978110214962,0.5052978110214962,high,0.13578826237054084,869,0.1130820399113082,451,0.13675213675213677,234,0.1836734693877551,98
close_vs_ema48__w72__q90,0.4947069326597848,0.5052930673402152,low,0.16455696202531644,869,0.16289592760180996,442,0.1917808219178082,219,0.29347826086956524,92
quote_volume_rel72__w72__q10,0.5052865617201727,0.5052865617201727,high,0.09626274065685164,883,0.04794520547945205,438,0.0045662100456621,219,0.0,87
close_vs_ema24__w240__diff_mean,0.5052793106645003,0.5052793106645003,high,0.1047180667433832,869,0.0896551724137931,435,0.0779816513761468,218,0.09195402298850575,87
close_vs_vwap72__w240__q75,0.49473959629374825,0.5052604037062518,low,0.14959723820483314,869,0.18237704918032788,488,0.14220183486238533,218,0.16853932584269662,89
macd_hist_pct__w240__mean,0.4947583677182459,0.5052416322817541,low,0.1611047180667434,869,0.2574712643678161,435,0.3165137614678899,218,0.26436781609195403,87
stoch_k__w24__late_vs_prev,0.5052340423917044,0.5052340423917044,high,0.12543153049482164,869,0.14022988505747128,435,0.13761467889908258,218,0.09195402298850575,87
close_vs_vwap72__w240__up_share,0.49479929891101343,0.5052007010889865,low,0.13071297989031078,1094,0.16100178890876565,559,0.16317991631799164,239,0.23076923076923078,143
close_vs_ema6__w24__accel,0.49481149694859305,0.505188503051407,low,0.15880322209436135,869,0.17471264367816092,435,0.20642201834862386,218,0.20689655172413793,87
macd_signal_pct__w72__max,0.494822949550543,0.505177050449457,low,0.17686318131256953,899,0.11648351648351649,455,0.17333333333333334,225,0.27586206896551724,87
adx14__w24__z,0.5051631582399913,0.5051631582399913,high,0.12543153049482164,869,0.11264367816091954,435,0.08256880733944955,218,0.09195402298850575,87
quote_volume_rel240__w72__q25,0.49484693902444976,0.5051530609755502,low,0.16294642857142858,896,0.18807339449541285,436,0.14220183486238533,218,0.21296296296296297,108
avg_trade_quote_rel24__w72__min,0.4948530380432396,0.5051469619567603,low,0.12082853855005754,869,0.10119047619047619,504,0.08680555555555555,288,0.027777777777777776,144
quote_volume_rel72__d6,0.5051303590722769,0.5051303590722769,high,0.11737629459148446,869,0.12183908045977011,435,0.13761467889908258,218,0.1724137931034483,87
close_location__w240__late_vs_prev,0.494886311579082,0.505113688420918,low,0.11507479861910241,869,0.1310344827586207,435,0.15137614678899083,218,0.19540229885057472,87
volume_rel72__w240__q25,0.505057848515553,0.505057848515553,high,0.14236902050113895,878,0.1050228310502283,438,0.13274336283185842,226,0.10576923076923077,104
rebound_low24__w240__min,0.5050539180367772,0.5050539180367772,high,0.08167141500474834,1053,0.07494646680942184,467,0.03319502074688797,241,0.0,87
ema24_slope_6h__w24__accel,0.5050371118516676,0.5050371118516676,high,0.1622554660529344,869,0.17701149425287357,435,0.18807339449541285,218,0.22988505747126436,87
close_vs_vwap240__w72__z,0.5050356209804078,0.5050356209804078,high,0.09321058688147296,869,0.08505747126436781,435,0.07339449541284404,218,0.022988505747126436,87
ema24_slope_6h__w240__pos,0.4949653955227239,0.5050346044772761,low,0.12543153049482164,869,0.15632183908045977,435,0.18807339449541285,218,0.20155038759689922,129
rsi6__w240__diff_mean,0.5050315549678812,0.5050315549678812,high,0.08860759493670886,869,0.08505747126436781,435,0.0779816513761468,218,0.06896551724137931,87
close_vs_ema12__w24__pos,0.4949814562722038,0.5050185437277962,low,0.12313003452243959,869,0.12861736334405144,622,0.12861736334405144,622,0.12861736334405144,622
close_vs_ema6__w72__z,0.49499101140164126,0.5050089885983587,low,0.11392405063291139,869,0.11264367816091954,435,0.10550458715596331,218,0.12643678160919541,87
close_vs_ema48__w240__delta,0.5050047192852058,0.5050047192852058,high,0.07940161104718067,869,0.06666666666666667,435,0.06422018348623854,218,0.022988505747126436,87
ema_gap_6_24__w72__delta,0.4950042259423526,0.5049957740576474,low,0.17261219792865362,869,0.22298850574712645,435,0.25229357798165136,218,0.3333333333333333,87
ema6_slope_3h__d12,0.5049852024250783,0.5049852024250783,high,0.13924050632911392,869,0.15862068965517243,435,0.17889908256880735,218,0.21839080459770116,87
body_pct__w24__diff_mean,0.4950325524962877,0.5049674475037123,low,0.15765247410817032,869,0.18160919540229886,435,0.19724770642201836,218,0.22988505747126436,87
body_pct__d24,0.4950325524962877,0.5049674475037123,low,0.15765247410817032,869,0.18160919540229886,435,0.19724770642201836,218,0.22988505747126436,87
volume_rel240__w72__q25,0.504967108669335,0.504967108669335,high,0.10898876404494381,890,0.15402298850574714,435,0.091324200913242,219,0.19540229885057472,87
log_ret__d24,0.4950335689994194,0.5049664310005806,low,0.15765247410817032,869,0.18160919540229886,435,0.19724770642201836,218,0.22988505747126436,87
log_ret__w24__diff_mean,0.4950335689994194,0.5049664310005806,low,0.15765247410817032,869,0.18160919540229886,435,0.19724770642201836,218,0.22988505747126436,87
close_vs_sma168__d6,0.49504624140512715,0.5049537585948729,low,0.15535097813578827,869,0.1724137931034483,435,0.19724770642201836,218,0.1839080459770115,87
quote_volume_rel24__w24__accel,0.4950492231476467,0.5049507768523533,low,0.13463751438434982,869,0.13333333333333333,435,0.14678899082568808,218,0.1839080459770115,87
stoch_d__d6,0.5049377656122682,0.5049377656122682,high,0.12428078250863062,869,0.14022988505747128,435,0.12385321100917432,218,0.09195402298850575,87
macd_hist_pct__w24__q75,0.5049219759302901,0.5049219759302901,high,0.17031070195627157,869,0.19310344827586207,435,0.19909502262443438,221,0.1935483870967742,93
volume_rel24__w24__mean,0.5049123530339772,0.5049123530339772,high,0.17261219792865362,869,0.2367816091954023,435,0.2798165137614679,218,0.20689655172413793,87
trades_rel24__w240__diff_std,0.5048965633519991,0.5048965633519991,high,0.09436133486766399,869,0.11494252873563218,435,0.11926605504587157,218,0.20689655172413793,87
avg_trade_quote_rel240__w72__q10,0.49511055216992245,0.5048894478300776,low,0.13318025258323765,871,0.12527472527472527,455,0.1037344398340249,241,0.03409090909090909,88
rsi6__w240__delta,0.5048888379281985,0.5048888379281985,high,0.09436133486766399,869,0.06896551724137931,435,0.0871559633027523,218,0.11494252873563218,87
avg_trade_quote_rel240__w72__min,0.4951149570168262,0.5048850429831738,low,0.1358695652173913,920,0.16865079365079366,504,0.20833333333333334,288,0.3680555555555556,144
close_vs_ema72__w240__diff_mean,0.49512417331188646,0.5048758266881135,low,0.1668584579976985,869,0.23218390804597702,435,0.2981651376146789,218,0.3218390804597701,87
avg_trade_quote_rel24__w72__diff_std,0.5048659327242989,0.5048659327242989,high,0.12197928653624857,869,0.167816091954023,435,0.22477064220183487,218,0.41379310344827586,87
close_vs_ema72__w24__q90,0.4951407761963699,0.50485922380363,low,0.1482758620689655,870,0.22988505747126436,435,0.3073394495412844,218,0.25,100
trades_rel24__w24__diff_std,0.5048324558878301,0.5048324558878301,high,0.11622554660529344,869,0.16551724137931034,435,0.12844036697247707,218,0.06896551724137931,87
rsi6__w24__late_vs_prev,0.5048267634702929,0.5048267634702929,high,0.11737629459148446,869,0.11954022988505747,435,0.12385321100917432,218,0.06896551724137931,87
rsi6__w240__pos,0.4952172172318695,0.5047827827681305,low,0.11852704257767549,869,0.11494252873563218,435,0.0963302752293578,218,0.06896551724137931,87
macd_signal_pct__w72__q75,0.4952176238331222,0.5047823761668778,low,0.12984054669703873,878,0.1471264367816092,435,0.22935779816513763,218,0.20689655172413793,87
close_vs_ema24__w24__accel,0.4952311094413353,0.5047688905586647,low,0.14844649021864212,869,0.16091954022988506,435,0.17889908256880735,218,0.19540229885057472,87
stoch_d__w24__q90,0.49524811892707143,0.5047518810729286,low,0.12888377445339472,869,0.15632183908045977,435,0.1506849315068493,219,0.125,88
stoch_k__w240__min,0.4952615367684091,0.5047384632315909,low,0.10357142857142858,1960,0.10357142857142858,1960,0.10357142857142858,1960,0.10357142857142858,1960
rebound_low240__w72__q25,0.5047382599309646,0.5047382599309646,high,0.060674157303370786,890,0.09655172413793103,435,0.16289592760180996,221,0.3103448275862069,87
atr24_pct__w24__delta,0.5047180654020825,0.5047180654020825,high,0.15880322209436135,869,0.2413793103448276,435,0.2798165137614679,218,0.3448275862068966,87
ema_gap_72_168__w24__z,0.5047173877333281,0.5047173877333281,high,0.09205983889528194,869,0.07816091954022988,435,0.06880733944954129,218,0.034482758620689655,87
close_vs_sma72__w240__pos,0.5047007170819692,0.5047007170819692,high,0.09551208285385501,869,0.10804597701149425,435,0.11467889908256881,218,0.12280701754385964,114
close_location__w72__pos,0.49530538193682067,0.5046946180631793,low,0.11047180667433831,869,0.07816091954022988,435,0.07339449541284404,218,0.08633093525179857,139
mfi14__w72__q90,0.4953120908574895,0.5046879091425105,low,0.12314709236031927,877,0.0853932584269663,445,0.16666666666666666,222,0.27586206896551724,87
dist_high72__d3,0.504655855410426,0.504655855410426,high,0.14614499424626007,869,0.14942528735632185,435,0.14678899082568808,218,0.1839080459770115,87
close_vs_ema6__w24__late_vs_prev,0.4953727422110109,0.5046272577889891,low,0.1472957422324511,869,0.18620689655172415,435,0.16972477064220184,218,0.14942528735632185,87
close_vs_ema240__w24__z,0.4953846691810888,0.5046153308189112,low,0.11162255466052934,869,0.10114942528735632,435,0.11926605504587157,218,0.13793103448275862,87
volume_rel24__w24__accel,0.4953924623717648,0.5046075376282352,low,0.13463751438434982,869,0.135632183908046,435,0.1559633027522936,218,0.1839080459770115,87
body_pct__d1,0.5046035393825842,0.5046035393825842,high,0.1472957422324511,869,0.15632183908045977,435,0.18807339449541285,218,0.2413793103448276,87
log_ret__d1,0.5045723666198804,0.5045723666198804,high,0.1472957422324511,869,0.15632183908045977,435,0.18807339449541285,218,0.2413793103448276,87
avg_trade_quote_rel24__w240__delta,0.4954312927913935,0.5045687072086065,low,0.1001150747986191,869,0.09425287356321839,435,0.10091743119266056,218,0.10344827586206896,87
rsi6__w24__accel,0.4954340034664112,0.5045659965335888,low,0.11392405063291139,869,0.11494252873563218,435,0.09174311926605505,218,0.06896551724137931,87
ema_gap_6_24__w240__pos,0.49544633703774177,0.5045536629622582,low,0.12082853855005754,869,0.13793103448275862,435,0.1559633027522936,218,0.1590909090909091,132
macd_hist_pct__d12,0.4954529781915352,0.5045470218084648,low,0.1611047180667434,869,0.135632183908046,435,0.11926605504587157,218,0.08045977011494253,87
rsi14__d12,0.4954578574065671,0.5045421425934329,low,0.11622554660529344,869,0.10574712643678161,435,0.0963302752293578,218,0.08045977011494253,87
abs_body_pct__w240__accel,0.504537263378401,0.504537263378401,high,0.15880322209436135,869,0.17011494252873563,435,0.18807339449541285,218,0.22988505747126436,87
abs_body_pct__w72__accel,0.504537263378401,0.504537263378401,high,0.15880322209436135,869,0.17011494252873563,435,0.18807339449541285,218,0.22988505747126436,87
avg_trade_quote_rel72__w24__std,0.49554215939961804,0.5044578406003819,low,0.1001150747986191,869,0.10344827586206896,435,0.11926605504587157,218,0.09195402298850575,87
atr24_pct__w24__diff_mean,0.5044366973352439,0.5044366973352439,high,0.15995397008055237,869,0.24367816091954023,435,0.2706422018348624,218,0.3563218390804598,87
atr24_pct__d24,0.5044366973352439,0.5044366973352439,high,0.15995397008055237,869,0.24367816091954023,435,0.2706422018348624,218,0.3563218390804598,87
trades_rel240__w72__q10,0.5044199589170094,0.5044199589170094,high,0.11507479861910241,869,0.09213483146067415,445,0.08256880733944955,218,0.19540229885057472,87
volume_rel24__w72__q10,0.495581938555503,0.5044180614444971,low,0.10372040586245772,887,0.08793456032719836,489,0.07894736842105263,266,0.0,95
volume_rel72__w72__min,0.4956105361769399,0.5043894638230602,low,0.09902067464635474,919,0.1337719298245614,456,0.1589958158995816,239,0.16666666666666666,144
close_vs_vwap240__w240__late_vs_prev,0.4956150765575945,0.5043849234424055,low,0.14384349827387802,869,0.15862068965517243,435,0.18807339449541285,218,0.26436781609195403,87
ema6_slope_3h__w24__pos,0.4956249027545337,0.5043750972454664,low,0.1334867663981588,869,0.13375,800,0.13375,800,0.13375,800
trades_rel24__d6,0.4956305274051955,0.5043694725948045,low,0.13578826237054084,869,0.14482758620689656,435,0.14220183486238533,218,0.13793103448275862,87
avg_trade_quote_rel240__w24__q10,0.4956564821184901,0.5043435178815099,low,0.14022988505747128,870,0.12018140589569161,441,0.1050228310502283,219,0.1568627450980392,102
obv_delta__w240__z,0.5043422303108764,0.5043422303108764,high,0.13118527042577677,869,0.13333333333333333,435,0.1559633027522936,218,0.1839080459770115,87
avg_trade_quote_rel24__w72__q10,0.5042739890673055,0.5042739890673055,high,0.12884834663625996,877,0.18820861678004536,441,0.20089285714285715,224,0.1875,96
bb_z__w24__accel,0.4957308223808509,0.504269177619149,low,0.09781357882623705,869,0.09195402298850575,435,0.11009174311926606,218,0.09195402298850575,87
close_location__d3,0.5042687032510209,0.5042687032510209,high,0.10241657077100115,869,0.1103448275862069,435,0.09174311926605505,218,0.08045977011494253,87
log_ret__now,0.5042329901076625,0.5042329901076625,high,0.15304948216340622,869,0.18620689655172415,435,0.1926605504587156,218,0.27586206896551724,87
body_pct__now,0.5042255357513639,0.5042255357513639,high,0.15304948216340622,869,0.18620689655172415,435,0.1926605504587156,218,0.27586206896551724,87
ema24_slope_6h__w240__q75,0.5042227573094707,0.5042227573094707,high,0.09655172413793103,870,0.13333333333333333,480,0.1917808219178082,219,0.08571428571428572,105
upper_wick__w72__diff_mean,0.5041797253435646,0.5041797253435646,high,0.12082853855005754,869,0.11724137931034483,435,0.11467889908256881,218,0.09195402298850575,87
macd_hist_pct__w24__z,0.49586174798420657,0.5041382520157934,low,0.1093210586881473,869,0.10804597701149425,435,0.11926605504587157,218,0.12643678160919541,87
bb_z__w72__max,0.49589739336068944,0.5041026066393106,low,0.11940298507462686,871,0.10675381263616558,459,0.1222707423580786,229,0.033707865168539325,89
upper_wick__w24__q90,0.49590267917697406,0.5040973208230259,low,0.11264367816091954,870,0.10804597701149425,435,0.1210762331838565,223,0.125,88
avg_trade_quote_rel72__d12,0.5040914928717379,0.5040914928717379,high,0.1093210586881473,869,0.08735632183908046,435,0.0779816513761468,218,0.04597701149425287,87
mfi14__w72__pos,0.4959244029552504,0.5040755970447496,low,0.1001150747986191,869,0.09885057471264368,435,0.10861423220973783,267,0.10861423220973783,267
ema_gap_72_168__d6,0.4959369692159481,0.5040630307840519,low,0.18411967779056387,869,0.25287356321839083,435,0.3119266055045872,218,0.3218390804597701,87
ema72_slope_12h__w72__pos,0.49593751135095165,0.5040624886490483,low,0.1330049261083744,1015,0.1330049261083744,1015,0.1330049261083744,1015,0.1330049261083744,1015
ema_gap_72_168__w72__up_share,0.5040561863296321,0.5040561863296321,high,0.12639821029082773,894,0.16563146997929606,483,0.14936708860759493,395,0.14936708860759493,395
adx14__d12,0.5040177625112561,0.5040177625112561,high,0.1093210586881473,869,0.12643678160919541,435,0.14220183486238533,218,0.12643678160919541,87
stoch_d__w72__delta,0.49598406719438093,0.5040159328056191,low,0.11622554660529344,869,0.12643678160919541,435,0.11467889908256881,218,0.11494252873563218,87
adx14__w24__up_share,0.5040039380686657,0.5040039380686657,high,0.11140350877192982,1140,0.08608058608058608,546,0.08695652173913043,230,0.11333333333333333,150
upper_wick__w24__mean,0.5039990588536338,0.5039990588536338,high,0.11162255466052934,869,0.10804597701149425,435,0.07339449541284404,218,0.05747126436781609,87
rsi14__w72__pos,0.49600446502388923,0.5039955349761107,low,0.1047180667433832,869,0.1103448275862069,435,0.11864406779661017,295,0.11864406779661017,295
trades_rel72__d3,0.4960233042152622,0.5039766957847378,low,0.14499424626006904,869,0.17471264367816092,435,0.1834862385321101,218,0.1724137931034483,87
quote_volume_rel24__w24__mean,0.5039766957847377,0.5039766957847377,high,0.17376294591484465,869,0.22988505747126436,435,0.23853211009174313,218,0.20689655172413793,87
close_vs_ema48__w72__delta,0.503975069379727,0.503975069379727,high,0.11277330264672036,869,0.1103448275862069,435,0.09174311926605505,218,0.11494252873563218,87
mfi14__w24__q25,0.49602913216655037,0.5039708678334496,low,0.10332950631458095,871,0.10804597701149425,435,0.13761467889908258,218,0.19318181818181818,88
rsi24__d6,0.49603116517281365,0.5039688348271864,low,0.11737629459148446,869,0.11264367816091954,435,0.13302752293577982,218,0.13793103448275862,87
adx14__w72__z,0.49605135970169567,0.5039486402983043,low,0.09205983889528194,869,0.08505747126436781,435,0.06422018348623854,218,0.05747126436781609,87
close_location__d1,0.503938475266988,0.503938475266988,high,0.11622554660529344,869,0.10344827586206896,435,0.12385321100917432,218,0.05747126436781609,87
close_vs_ema240__w72__z,0.5039219401493799,0.5039219401493799,high,0.10126582278481013,869,0.09885057471264368,435,0.05963302752293578,218,0.04597701149425287,87
quote_volume_rel72__w24__accel,0.4961140440614803,0.5038859559385197,low,0.1334867663981588,869,0.16091954022988506,435,0.1834862385321101,218,0.19540229885057472,87
adx14__w72__delta,0.49612847840594965,0.5038715215940504,low,0.11737629459148446,869,0.08735632183908046,435,0.022935779816513763,218,0.022988505747126436,87
macd_pct__w240__z,0.4961296982097076,0.5038703017902924,low,0.14154200230149597,869,0.15862068965517243,435,0.2018348623853211,218,0.12643678160919541,87
close_vs_sma240__w240__max,0.5038682010171537,0.5038682010171537,high,0.08030592734225621,1046,0.12199630314232902,541,0.1875,240,0.1875,240
stoch_d__w72__q25,0.4961651402855642,0.5038348597144358,low,0.1,870,0.12331838565022421,446,0.11894273127753303,227,0.13793103448275862,87
cci20__w24__up_share,0.4962251139703311,0.5037748860296689,low,0.113915857605178,1545,0.12914691943127962,844,0.1308641975308642,405,0.14893617021276595,188
avg_trade_quote_rel240__d3,0.5037614004214558,0.5037614004214558,high,0.09205983889528194,869,0.10114942528735632,435,0.09174311926605505,218,0.05747126436781609,87
lower_wick__w240__delta,0.503740324923193,0.503740324923193,high,0.11162255466052934,869,0.11954022988505747,435,0.10550458715596331,218,0.05747126436781609,87
abs_body_pct__w240__min,0.5037122694367597,0.5037122694367597,high,0.1389452332657201,986,0.16952789699570817,466,0.20198675496688742,302,0.1368421052631579,95
bb_z__w72__delta,0.4962945072507846,0.5037054927492154,low,0.1093210586881473,869,0.11494252873563218,435,0.0963302752293578,218,0.08045977011494253,87
rebound_low240__w72__pos,0.4963018938402079,0.503698106159792,low,0.09896432681242807,869,0.1115702479338843,484,0.1115702479338843,484,0.1115702479338843,484
quote_volume_rel24__w24__up_share,0.5036962764541552,0.5036962764541552,high,0.10596330275229358,2180,0.1,800,0.1,800,0.06698564593301436,209
dist_high240__d3,0.49630677305523974,0.5036932269447603,low,0.15765247410817032,869,0.18160919540229886,435,0.2018348623853211,218,0.19540229885057472,87
taker_share__w24__q75,0.49632039419720386,0.5036796058027961,low,0.07364787111622555,869,0.08486238532110092,436,0.11009174311926606,218,0.12643678160919541,87
close_vs_vwap240__w72__diff_mean,0.5036522279851173,0.5036522279851173,high,0.12543153049482164,869,0.11494252873563218,435,0.08256880733944955,218,0.12643678160919541,87
volume_rel24__w24__diff_std,0.49635183802740923,0.5036481619725908,low,0.11277330264672036,869,0.11494252873563218,435,0.11467889908256881,218,0.011494252873563218,87
lower_wick__w24__delta,0.4963651203349961,0.5036348796650039,low,0.1093210586881473,869,0.11264367816091954,435,0.12844036697247707,218,0.11494252873563218,87
lower_wick__d6,0.4964026631839914,0.5035973368160086,low,0.10241657077100115,869,0.12183908045977011,435,0.11467889908256881,218,0.10344827586206896,87
close_vs_ema72__w240__delta,0.49640523832525824,0.5035947616747418,low,0.1622554660529344,869,0.22528735632183908,435,0.3165137614678899,218,0.3333333333333333,87
ema72_slope_12h__w24__q90,0.5035843255759236,0.5035843255759236,high,0.09551208285385501,869,0.08027522935779817,436,0.057777777777777775,225,0.0,87
ema72_slope_12h__w24__max,0.5035644698814188,0.5035644698814188,high,0.1004566210045662,876,0.08783783783783784,444,0.06422018348623854,218,0.0,95
ema24_slope_6h__w72__delta,0.49644223903925006,0.50355776096075,low,0.17836593785960875,869,0.20919540229885059,435,0.24311926605504589,218,0.3103448275862069,87
upper_wick__w240__diff_mean,0.49644752485553456,0.5035524751444654,low,0.12082853855005754,869,0.10574712643678161,435,0.12385321100917432,218,0.14942528735632185,87
close_vs_ema24__w72__diff_mean,0.4964646021081462,0.5035353978918538,low,0.15995397008055237,869,0.21839080459770116,435,0.23394495412844038,218,0.3218390804597701,87
macd_hist_pct__d6,0.5035250973267865,0.5035250973267865,high,0.15420023014959724,869,0.20689655172413793,435,0.22018348623853212,218,0.21839080459770116,87
avg_trade_quote_rel72__w240__mean,0.49651847677412325,0.5034815232258767,low,0.14499424626006904,869,0.18160919540229886,435,0.12844036697247707,218,0.12643678160919541,87
close_vs_sma24__w240__delta,0.5034756275077132,0.5034756275077132,high,0.11622554660529344,869,0.0896551724137931,435,0.0963302752293578,218,0.10344827586206896,87
macd_pct__w24__accel,0.5034642426726388,0.5034642426726388,high,0.1611047180667434,869,0.18620689655172415,435,0.19724770642201836,218,0.25287356321839083,87
rsi6__w72__z,0.496543076149909,0.503456923850091,low,0.10586881472957423,869,0.11494252873563218,435,0.12385321100917432,218,0.13793103448275862,87
ema_gap_72_168__d12,0.5034533999725679,0.5034533999725679,high,0.12082853855005754,869,0.09885057471264368,435,0.06422018348623854,218,0.0,87
close_vs_ema168__w72__z,0.5034458100825183,0.5034458100825183,high,0.09781357882623705,869,0.09195402298850575,435,0.05504587155963303,218,0.034482758620689655,87
close_vs_ema48__w240__diff_mean,0.5034340186461913,0.5034340186461913,high,0.08630609896432681,869,0.059770114942528735,435,0.06422018348623854,218,0.04597701149425287,87
ema_gap_72_168__w24__late_vs_prev,0.5034181611973377,0.5034181611973377,high,0.11967779056386652,869,0.12413793103448276,435,0.05045871559633028,218,0.0,87
atr6_pct__w240__up_share,0.49660067799403546,0.5033993220059645,low,0.13202725724020442,1174,0.15498154981549817,542,0.1448087431693989,366,0.21238938053097345,113
ema_gap_6_24__w240__accel,0.5033921387171676,0.5033921387171676,high,0.1277330264672037,869,0.14942528735632185,435,0.21559633027522937,218,0.21839080459770116,87
ema_gap_6_24__w72__accel,0.5033921387171676,0.5033921387171676,high,0.1277330264672037,869,0.14942528735632185,435,0.21559633027522937,218,0.21839080459770116,87
cci20__w72__up_share,0.49661206282910986,0.5033879371708901,low,0.11446886446886446,1092,0.0855614973262032,561,0.06493506493506493,231,0.05555555555555555,144
stoch_k__w24__pos,0.5033873272690113,0.5033873272690113,high,0.12082853855005754,869,0.13051146384479717,567,0.13051146384479717,567,0.13051146384479717,567
close_vs_vwap72__w240__accel,0.5033856330971251,0.5033856330971251,high,0.1380897583429229,869,0.1839080459770115,435,0.24311926605504589,218,0.2413793103448276,87
close_vs_vwap72__w72__accel,0.5033856330971251,0.5033856330971251,high,0.1380897583429229,869,0.1839080459770115,435,0.24311926605504589,218,0.2413793103448276,87
close_vs_vwap24__w24__accel,0.5033826513546056,0.5033826513546056,high,0.1668584579976985,869,0.19310344827586207,435,0.24311926605504589,218,0.2413793103448276,87
upper_wick__w24__max,0.5033747226301788,0.5033747226301788,high,0.07807118254879448,871,0.08501118568232663,447,0.058333333333333334,240,0.0,96
volume_rel72__w24__accel,0.4966330705604971,0.5033669294395029,low,0.13118527042577677,869,0.1632183908045977,435,0.17889908256880735,218,0.1839080459770115,87
dist_high72__w240__accel,0.49666966467323626,0.5033303353267637,low,0.1565017261219793,869,0.1425287356321839,435,0.15137614678899083,218,0.09195402298850575,87
dist_high72__w72__accel,0.49666966467323626,0.5033303353267637,low,0.1565017261219793,869,0.1425287356321839,435,0.15137614678899083,218,0.09195402298850575,87
macd_fast_hist_pct__w240__up_share,0.5033293865905075,0.5033293865905075,high,0.15597147950089127,1122,0.1337099811676083,531,0.0867579908675799,219,0.07954545454545454,88
mfi14__d12,0.49668942331714844,0.5033105766828516,low,0.11635944700460829,868,0.11981566820276497,434,0.11059907834101383,217,0.022988505747126436,87
close_vs_vwap72__w72__pos,0.5033079044909922,0.5033079044909922,high,0.08630609896432681,869,0.09655172413793103,435,0.0979020979020979,429,0.0979020979020979,429
ema168_slope_24h__w24__pos,0.49669412851527117,0.5033058714847288,low,0.1014747191011236,2848,0.1014747191011236,2848,0.1014747191011236,2848,0.1014747191011236,2848
macd_pct__w72__q90,0.503303906245341,0.503303906245341,high,0.09539842873176206,891,0.15945330296127563,439,0.18352059925093633,267,0.362962962962963,135
close_vs_ema6__w24__pos,0.5032797812376834,0.5032797812376834,high,0.11162255466052934,869,0.13513513513513514,481,0.13513513513513514,481,0.13513513513513514,481
avg_trade_quote_rel24__w24__pos,0.5032595867088013,0.5032595867088013,high,0.12888377445339472,869,0.12984054669703873,439,0.12984054669703873,439,0.12984054669703873,439
avg_trade_quote_rel240__w24__z,0.49674054882494945,0.5032594511750506,low,0.11507479861910241,869,0.12873563218390804,435,0.15137614678899083,218,0.14942528735632185,87
rebound_low240__w24__min,0.5032538942912642,0.5032538942912642,high,0.05178365937859609,869,0.05829596412556054,446,0.11467889908256881,218,0.14285714285714285,91
volume_rel24__w24__up_share,0.49676928198013726,0.5032307180198627,low,0.093841642228739,1023,0.093841642228739,1023,0.07024793388429752,242,0.07024793388429752,242
close_vs_ema6__w240__z,0.503206728545956,0.503206728545956,high,0.10586881472957423,869,0.11264367816091954,435,0.14220183486238533,218,0.13793103448275862,87
close_vs_sma168__w24__z,0.503158071929388,0.503158071929388,high,0.10701956271576525,869,0.11494252873563218,435,0.12385321100917432,218,0.13793103448275862,87
macd_fast_hist_pct__w72__mean,0.4968729652995649,0.5031270347004351,low,0.17836593785960875,869,0.21839080459770116,435,0.23853211009174313,218,0.25287356321839083,87
rsi24__w72__pos,0.503097013974614,0.503097013974614,high,0.0805523590333717,869,0.08735632183908046,435,0.08516483516483517,364,0.08516483516483517,364
dist_high24__w72__accel,0.49690562893352824,0.5030943710664717,low,0.15765247410817032,869,0.17701149425287357,435,0.1834862385321101,218,0.1724137931034483,87
dist_high24__w240__accel,0.49690562893352824,0.5030943710664717,low,0.15765247410817032,869,0.17701149425287357,435,0.1834862385321101,218,0.1724137931034483,87
taker_share__d24,0.4969107792160619,0.5030892207839381,low,0.09666283084004602,869,0.09425287356321839,435,0.0963302752293578,218,0.06896551724137931,87
taker_share__w24__diff_mean,0.4969107792160619,0.5030892207839381,low,0.09666283084004602,869,0.09425287356321839,435,0.0963302752293578,218,0.06896551724137931,87
adx14__w72__diff_mean,0.4969349042237196,0.5030650957762803,low,0.11507479861910241,869,0.08735632183908046,435,0.022935779816513763,218,0.022988505747126436,87
dist_high240__w72__z,0.4969354463587231,0.5030645536412769,low,0.12197928653624857,869,0.12183908045977011,435,0.11926605504587157,218,0.10344827586206896,87
ema_gap_24_72__w240__up_share,0.5030548629780884,0.5030548629780884,high,0.09111617312072894,878,0.0898876404494382,445,0.11914893617021277,235,0.1188118811881188,101
obv_delta__w72__delta,0.5029905522132934,0.5029905522132934,high,0.13924050632911392,869,0.14942528735632185,435,0.16055045871559634,218,0.2413793103448276,87
range_pct__w24__accel,0.502989739010788,0.502989739010788,high,0.1472957422324511,869,0.16091954022988506,435,0.18807339449541285,218,0.19540229885057472,87
volume_rel24__w24__max,0.4970171732105072,0.5029828267894928,low,0.12899543378995434,876,0.17303370786516853,445,0.11818181818181818,220,0.11458333333333333,96
close_vs_ema168__w24__pos,0.4970270671743219,0.5029729328256781,low,0.10356731875719218,869,0.10105757931844889,851,0.10105757931844889,851,0.10105757931844889,851
close_vs_vwap240__w72__delta,0.5029696800156568,0.5029696800156568,high,0.12658227848101267,869,0.10344827586206896,435,0.08256880733944955,218,0.10344827586206896,87
ema168_slope_24h__w240__q90,0.502952399462419,0.502952399462419,high,0.10256410256410256,897,0.06787330316742081,442,0.04128440366972477,218,0.041666666666666664,216
close_vs_ema24__w240__q75,0.5029443352042412,0.5029443352042412,high,0.08239277652370203,886,0.13215859030837004,454,0.17889908256880735,218,0.09482758620689655,116
trades_rel24__w24__accel,0.49706244148330303,0.502937558516697,low,0.1334867663981588,869,0.1425287356321839,435,0.1559633027522936,218,0.1839080459770115,87
avg_trade_quote_rel72__w240__pos,0.4970677272995876,0.5029322727004124,low,0.11852704257767549,869,0.12643678160919541,435,0.16055045871559634,218,0.13793103448275862,87
rebound_low24__d6,0.5029295620253947,0.5029295620253947,high,0.13118527042577677,869,0.15172413793103448,435,0.17889908256880735,218,0.14942528735632185,87
close_vs_vwap72__w24__mean,0.5029290198903912,0.5029290198903912,high,0.12543153049482164,869,0.11494252873563218,435,0.05963302752293578,218,0.0,87
upper_wick__w240__std,0.49708839619659767,0.5029116038034023,low,0.11622554660529344,869,0.10804597701149425,435,0.12385321100917432,218,0.09195402298850575,87
upper_wick__w24__up_share,0.502909570797139,0.502909570797139,high,0.12387938060309699,1227,0.12387938060309699,1227,0.10909090909090909,385,0.09195402298850575,87
rebound_low72__w72__min,0.5029062502202424,0.5029062502202424,high,0.096,875,0.09862385321100918,436,0.09745762711864407,236,0.1724137931034483,87
close_location__w240__min,0.4971303438924968,0.5028696561075032,low,0.11010659829982458,7411,0.11010659829982458,7411,0.11010659829982458,7411,0.11010659829982458,7411
rsi6__w72__delta,0.4971444394025889,0.5028555605974111,low,0.10817031070195628,869,0.12413793103448276,435,0.11926605504587157,218,0.10344827586206896,87
avg_trade_quote_rel72__w24__max,0.49715026735387696,0.502849732646123,low,0.09436133486766399,869,0.060810810810810814,444,0.03619909502262444,221,0.08602150537634409,93
quote_volume_rel72__w240__up_share,0.49718930107413206,0.5028106989258679,low,0.125,944,0.11276948590381426,603,0.1615720524017467,229,0.10714285714285714,112
quote_volume_rel240__w24__accel,0.49719228281665157,0.5028077171833485,low,0.12658227848101267,869,0.1471264367816092,435,0.1559633027522936,218,0.19540229885057472,87
mfi14__w24__mean,0.5027980942870355,0.5027980942870355,high,0.0713463751438435,869,0.052873563218390804,435,0.05963302752293578,218,0.05747126436781609,87
volume_rel24__w24__q25,0.5027951803113915,0.5027951803113915,high,0.13073394495412843,872,0.1839080459770115,435,0.25,224,0.3218390804597701,87
close_vs_ema24__w24__q75,0.5027851508138259,0.5027851508138259,high,0.12313003452243959,869,0.08744394618834081,446,0.05963302752293578,218,0.04040404040404041,99
rsi6__w24__max,0.49722345557935527,0.5027765444206447,low,0.11958997722095673,878,0.14840182648401826,438,0.24311926605504589,218,0.2808988764044944,89
close_vs_ema48__w240__z,0.4972371444881948,0.5027628555118052,low,0.13924050632911392,869,0.13793103448275862,435,0.1559633027522936,218,0.11494252873563218,87
close_location__d24,0.49725103669766046,0.5027489633023395,low,0.11392405063291139,869,0.1103448275862069,435,0.11009174311926606,218,0.05747126436781609,87
close_location__w24__diff_mean,0.49725103669766046,0.5027489633023395,low,0.11392405063291139,869,0.1103448275862069,435,0.11009174311926606,218,0.05747126436781609,87
lower_wick__w72__delta,0.5027244994603046,0.5027244994603046,high,0.11967779056386652,869,0.11954022988505747,435,0.0871559633027523,218,0.034482758620689655,87
macd_fast_hist_pct__w240__mean,0.4973008453511111,0.5026991546488889,low,0.1806674338319908,869,0.2206896551724138,435,0.25688073394495414,218,0.26436781609195403,87
close_vs_vwap24__w72__mean,0.49730531796489025,0.5026946820351097,low,0.15535097813578827,869,0.20919540229885059,435,0.21100917431192662,218,0.3793103448275862,87
rebound_low72__w240__up_share,0.49732246298437727,0.5026775370156227,low,0.10590858416945373,897,0.1330049261083744,609,0.1930835734870317,347,0.3235294117647059,102
taker_share__w240__z,0.5026750296412313,0.5026750296412313,high,0.09205983889528194,869,0.08045977011494253,435,0.08256880733944955,218,0.09195402298850575,87
bb_z__w72__diff_mean,0.49733181481318844,0.5026681851868116,low,0.11737629459148446,869,0.10804597701149425,435,0.06880733944954129,218,0.06896551724137931,87
taker_share__d3,0.4973392014026117,0.5026607985973883,low,0.09666283084004602,869,0.0735632183908046,435,0.08256880733944955,218,0.05747126436781609,87
ema168_slope_24h__w240__late_vs_prev,0.4973522126426967,0.5026477873573033,low,0.13003452243958574,869,0.12873563218390804,435,0.17889908256880735,218,0.13793103448275862,87
ema6_slope_3h__w24__z,0.5026395197984993,0.5026395197984993,high,0.11392405063291139,869,0.1103448275862069,435,0.11926605504587157,218,0.10344827586206896,87
rsi14__d6,0.5026385710622431,0.5026385710622431,high,0.11737629459148446,869,0.11954022988505747,435,0.09174311926605505,218,0.06896551724137931,87
taker_share__w24__delta,0.5026358603872254,0.5026358603872254,high,0.10586881472957423,869,0.10804597701149425,435,0.10091743119266056,218,0.034482758620689655,87
range_pct__d3,0.5026355893197236,0.5026355893197236,high,0.14844649021864212,869,0.15862068965517243,435,0.17889908256880735,218,0.19540229885057472,87
ema6_slope_3h__w24__late_vs_prev,0.49736508834903087,0.5026349116509692,low,0.14614499424626007,869,0.18620689655172415,435,0.1743119266055046,218,0.1839080459770115,87
ema24_slope_6h__w240__delta,0.5026229846808912,0.5026229846808912,high,0.09090909090909091,869,0.07816091954022988,435,0.06422018348623854,218,0.10344827586206896,87
rsi6__w72__diff_mean,0.4973809457978845,0.5026190542021155,low,0.11622554660529344,869,0.12183908045977011,435,0.11926605504587157,218,0.10344827586206896,87
close_vs_ema240__w240__pos,0.4973841308410303,0.5026158691589697,low,0.13578826237054084,869,0.1310344827586207,435,0.14678899082568808,218,0.13725490196078433,153
close_location__w24__accel,0.5026125485820729,0.5026125485820729,high,0.10356731875719218,869,0.09195402298850575,435,0.0963302752293578,218,0.06896551724137931,87
rebound_low72__d1,0.5026029934526356,0.5026029934526356,high,0.15304948216340622,869,0.17471264367816092,435,0.17889908256880735,218,0.26436781609195403,87
quote_volume_rel24__w24__q25,0.5025695166161668,0.5025695166161668,high,0.12729357798165136,872,0.18620689655172415,435,0.23214285714285715,224,0.3522727272727273,88
avg_trade_quote_rel72__d3,0.5025590127504732,0.5025590127504732,high,0.09896432681242807,869,0.09425287356321839,435,0.09174311926605505,218,0.06896551724137931,87
close_vs_sma72__w72__pos,0.5025542013023166,0.5025542013023166,high,0.09666283084004602,869,0.09425287356321839,435,0.0951219512195122,410,0.0951219512195122,410
ema_gap_6_24__w240__delta,0.5025460692772636,0.5025460692772636,high,0.08515535097813579,869,0.07126436781609195,435,0.05504587155963303,218,0.10344827586206896,87
close_location__w72__diff_std,0.502515845250816,0.502515845250816,high,0.12428078250863062,869,0.10344827586206896,435,0.0871559633027523,218,0.10344827586206896,87
trades_rel240__w240__accel,0.5025042571151153,0.5025042571151153,high,0.11967779056386652,869,0.13333333333333333,435,0.11009174311926606,218,0.10344827586206896,87
trades_rel240__w72__accel,0.5025042571151153,0.5025042571151153,high,0.11967779056386652,869,0.13333333333333333,435,0.11009174311926606,218,0.10344827586206896,87
close_vs_ema168__w240__pos,0.4975133622724998,0.5024866377275001,low,0.12543153049482164,869,0.11954022988505747,435,0.12844036697247707,218,0.12751677852348994,149
abs_body_pct__d3,0.502483249383728,0.502483249383728,high,0.15765247410817032,869,0.18160919540229886,435,0.17889908256880735,218,0.19540229885057472,87
macd_signal_pct__w240__q75,0.4975314560282431,0.5024685439717569,low,0.12197928653624857,869,0.1328976034858388,459,0.19583333333333333,240,0.14285714285714285,105
atr14_pct__w24__accel,0.5024683406711307,0.5024683406711307,high,0.15420023014959724,869,0.1793103448275862,435,0.25688073394495414,218,0.3218390804597701,87
close_vs_vwap240__w240__q90,0.502420361723317,0.502420361723317,high,0.08975834292289989,869,0.12688172043010754,465,0.20444444444444446,225,0.21176470588235294,170
adx14__w240__accel,0.5024194129870609,0.5024194129870609,high,0.11852704257767549,869,0.13793103448275862,435,0.16972477064220184,218,0.05747126436781609,87
adx14__w72__accel,0.5024194129870609,0.5024194129870609,high,0.11852704257767549,869,0.13793103448275862,435,0.16972477064220184,218,0.05747126436781609,87
macd_pct__w72__diff_mean,0.5024081636857374,0.5024081636857374,high,0.11392405063291139,869,0.09195402298850575,435,0.11009174311926606,218,0.12643678160919541,87
trades_rel72__w72__accel,0.5023852584818377,0.5023852584818377,high,0.12428078250863062,869,0.14942528735632185,435,0.13302752293577982,218,0.16091954022988506,87
trades_rel72__w240__accel,0.5023852584818377,0.5023852584818377,high,0.12428078250863062,869,0.14942528735632185,435,0.13302752293577982,218,0.16091954022988506,87
volume_rel72__d1,0.497616367923173,0.502383632076827,low,0.12543153049482164,869,0.14482758620689656,435,0.1651376146788991,218,0.16091954022988506,87
avg_trade_quote_rel240__w24__min,0.502381328003062,0.502381328003062,high,0.13250283125707815,883,0.14678899082568808,436,0.23555555555555555,225,0.04716981132075472,106
close_vs_ema24__w240__up_share,0.5023771264567845,0.5023771264567845,high,0.11587591240875912,1096,0.1297539149888143,447,0.11739130434782609,230,0.1553398058252427,103
upper_wick__w240__delta,0.4976302601326388,0.5023697398673612,low,0.1277330264672037,869,0.11954022988505747,435,0.14220183486238533,218,0.16091954022988506,87
stoch_d__w72__diff_mean,0.4976352071145461,0.5023647928854539,low,0.12197928653624857,869,0.11954022988505747,435,0.11926605504587157,218,0.08045977011494253,87
quote_volume_rel240__d3,0.50236113347418,0.50236113347418,high,0.12428078250863062,869,0.1103448275862069,435,0.13761467889908258,218,0.19540229885057472,87
obv_delta__now,0.5023435140865649,0.5023435140865649,high,0.16570771001150747,869,0.18160919540229886,435,0.20642201834862386,218,0.20689655172413793,87
close_location__w72__delta,0.5023103083175978,0.5023103083175978,high,0.10701956271576525,869,0.12643678160919541,435,0.12844036697247707,218,0.11494252873563218,87
rsi14__w24__max,0.502294112034367,0.502294112034367,high,0.11136363636363636,880,0.07929515418502203,454,0.008968609865470852,223,0.022727272727272728,88
ema72_slope_12h__w240__up_share,0.49770846310689976,0.5022915368931002,low,0.1,940,0.10180995475113122,442,0.13793103448275862,232,0.13333333333333333,105
ema72_slope_12h__w240__pos,0.5022684961554497,0.5022684961554497,high,0.08285385500575373,869,0.05057471264367816,435,0.057926829268292686,328,0.057926829268292686,328
ema6_slope_3h__w24__q75,0.4977678268897877,0.5022321731102123,low,0.15384615384615385,871,0.1776765375854214,439,0.26605504587155965,218,0.28735632183908044,87
stoch_d__w24__accel,0.4977718251354389,0.5022281748645612,low,0.12658227848101267,869,0.12873563218390804,435,0.14220183486238533,218,0.09195402298850575,87
close_vs_ema168__w240__accel,0.5022225502138993,0.5022225502138993,high,0.12658227848101267,869,0.16091954022988506,435,0.20642201834862386,218,0.1839080459770115,87
close_vs_ema168__w72__accel,0.5022225502138993,0.5022225502138993,high,0.12658227848101267,869,0.16091954022988506,435,0.20642201834862386,218,0.1839080459770115,87
ema24_slope_6h__w240__accel,0.5021964599668539,0.5021964599668539,high,0.14154200230149597,869,0.1425287356321839,435,0.2018348623853211,218,0.20689655172413793,87
ema24_slope_6h__w72__accel,0.5021964599668539,0.5021964599668539,high,0.14154200230149597,869,0.1425287356321839,435,0.2018348623853211,218,0.20689655172413793,87
volume_rel240__d3,0.5021961888993521,0.5021961888993521,high,0.12428078250863062,869,0.11264367816091954,435,0.12385321100917432,218,0.1724137931034483,87
quote_volume_rel24__w72__q10,0.4978042177019006,0.5021957822980994,low,0.10562571756601608,871,0.08793456032719836,489,0.07865168539325842,267,0.0,95
avg_trade_quote_rel24__w240__diff_mean,0.4978078771131744,0.5021921228868256,low,0.10241657077100115,869,0.10114942528735632,435,0.0871559633027523,218,0.06896551724137931,87
mfi14__w240__delta,0.5021796689151757,0.5021796689151757,high,0.07142857142857142,868,0.09907834101382489,434,0.12442396313364056,217,0.1839080459770115,87
macd_hist_pct__w24__pos,0.49788465698305123,0.5021153430169487,low,0.10548172757475083,1204,0.10548172757475083,1204,0.10548172757475083,1204,0.10548172757475083,1204
close_vs_sma24__w240__diff_mean,0.5021067366237675,0.5021067366237675,high,0.11507479861910241,869,0.09655172413793103,435,0.0871559633027523,218,0.11494252873563218,87
close_vs_sma240__w24__z,0.5020264328763677,0.5020264328763677,high,0.11852704257767549,869,0.11954022988505747,435,0.13302752293577982,218,0.14942528735632185,87
mfi14__w240__diff_mean,0.49801917423080533,0.5019808257691947,low,0.09666283084004602,869,0.10804597701149425,435,0.13302752293577982,218,0.16091954022988506,87
close_location__w72__accel,0.5019657815228464,0.5019657815228464,high,0.09896432681242807,869,0.09655172413793103,435,0.08256880733944955,218,0.08045977011494253,87
close_location__w240__accel,0.5019657815228464,0.5019657815228464,high,0.09896432681242807,869,0.09655172413793103,435,0.08256880733944955,218,0.08045977011494253,87
trades_rel24__d1,0.4980414017659506,0.5019585982340494,low,0.11967779056386652,869,0.12413793103448276,435,0.11467889908256881,218,0.12643678160919541,87
cci20__w240__delta,0.4980424860359577,0.5019575139640423,low,0.1047180667433832,869,0.09655172413793103,435,0.11467889908256881,218,0.10344827586206896,87
close_location__w240__diff_std,0.49807589510555095,0.501924104894449,low,0.1668584579976985,869,0.1471264367816092,435,0.1559633027522936,218,0.16091954022988506,87
macd_pct__w72__q75,0.5019049268686987,0.5019049268686987,high,0.1265678449258837,877,0.12643678160919541,435,0.18834080717488788,223,0.2037037037037037,108
volume_rel24__d1,0.4980962929350593,0.5019037070649407,low,0.11967779056386652,869,0.11954022988505747,435,0.10550458715596331,218,0.14942528735632185,87
taker_share__now,0.5018897470885996,0.5018897470885996,high,0.09551208285385501,869,0.08045977011494253,435,0.08256880733944955,218,0.06896551724137931,87
atr24_pct__w240__up_share,0.4981389182997128,0.5018610817002872,low,0.12429378531073447,885,0.18077803203661327,437,0.12345679012345678,243,0.022988505747126436,87
rebound_low240__w240__late_vs_prev,0.5018519331721024,0.5018519331721024,high,0.13118527042577677,869,0.14942528735632185,435,0.16055045871559634,218,0.022988505747126436,87
quote_volume_rel72__d1,0.4981556567179472,0.5018443432820527,low,0.12543153049482164,869,0.14022988505747128,435,0.16055045871559634,218,0.13793103448275862,87
taker_share__w72__accel,0.4982213905871268,0.5017786094128732,low,0.10126582278481013,869,0.08045977011494253,435,0.05963302752293578,218,0.08045977011494253,87
taker_share__w240__accel,0.4982213905871268,0.5017786094128732,low,0.10126582278481013,869,0.08045977011494253,435,0.05963302752293578,218,0.08045977011494253,87
taker_share__w24__z,0.5017703418540692,0.5017703418540692,high,0.09896432681242807,869,0.1103448275862069,435,0.0963302752293578,218,0.09195402298850575,87
adx14__w240__pos,0.5017317147350667,0.5017317147350667,high,0.10126582278481013,869,0.10344827586206896,435,0.0954356846473029,241,0.0954356846473029,241
macd_signal_pct__w72__q90,0.4982724190443353,0.5017275809556647,low,0.13118527042577677,869,0.14725274725274726,455,0.16216216216216217,222,0.29473684210526313,95
volume_rel240__w24__accel,0.4982902417325767,0.5017097582674233,low,0.12543153049482164,869,0.1471264367816092,435,0.1559633027522936,218,0.16091954022988506,87
avg_trade_quote_rel72__now,0.49829796715637725,0.5017020328436228,low,0.11392405063291139,869,0.12183908045977011,435,0.12844036697247707,218,0.12643678160919541,87
macd_fast_hist_pct__d6,0.5017018973098719,0.5017018973098719,high,0.17836593785960875,869,0.19080459770114944,435,0.21100917431192662,218,0.20689655172413793,87
close_location__d6,0.5016987800336015,0.5016987800336015,high,0.1047180667433832,869,0.09425287356321839,435,0.0779816513761468,218,0.05747126436781609,87
avg_trade_quote_rel24__w240__mean,0.4983224309984121,0.5016775690015879,low,0.12888377445339472,869,0.15172413793103448,435,0.22477064220183487,218,0.13793103448275862,87
macd_hist_pct__w240__delta,0.4983329348641057,0.5016670651358943,low,0.13924050632911392,869,0.15862068965517243,435,0.1743119266055046,218,0.14942528735632185,87
macd_pct__w240__delta,0.5016571711720796,0.5016571711720796,high,0.07364787111622555,869,0.06896551724137931,435,0.08256880733944955,218,0.08045977011494253,87
macd_signal_pct__w240__diff_mean,0.4983540781292439,0.5016459218707561,low,0.1565017261219793,869,0.25517241379310346,435,0.3302752293577982,218,0.26436781609195403,87
quote_volume_rel24__d3,0.5016384675144574,0.5016384675144574,high,0.1093210586881473,869,0.11494252873563218,435,0.14220183486238533,218,0.14942528735632185,87
rsi6__w240__z,0.4983666827680763,0.5016333172319237,low,0.11507479861910241,869,0.11494252873563218,435,0.10091743119266056,218,0.09195402298850575,87
trades_rel240__w240__diff_std,0.49839961746954153,0.5016003825304585,low,0.19102416570771003,869,0.20229885057471264,435,0.26146788990825687,218,0.19540229885057472,87
close_vs_ema168__w240__q90,0.5015972652541881,0.5015972652541881,high,0.08515535097813579,869,0.06637168141592921,452,0.04128440366972477,218,0.04265402843601896,211
quote_volume_rel24__d1,0.49840409008332076,0.5015959099166792,low,0.12197928653624857,869,0.11494252873563218,435,0.10550458715596331,218,0.14942528735632185,87
log_ret__w72__delta,0.4984187277284164,0.5015812722715836,low,0.1472957422324511,869,0.167816091954023,435,0.1834862385321101,218,0.19540229885057472,87
ema_gap_6_24__w72__diff_mean,0.4984374313860386,0.5015625686139614,low,0.17376294591484465,869,0.20919540229885059,435,0.24770642201834864,218,0.3103448275862069,87
volume_rel24__d3,0.5015544365889083,0.5015544365889083,high,0.11047180667433831,869,0.11724137931034483,435,0.14220183486238533,218,0.14942528735632185,87
body_pct__w72__delta,0.4984539665036466,0.5015460334963534,low,0.1472957422324511,869,0.167816091954023,435,0.1834862385321101,218,0.19540229885057472,87
quote_volume_rel240__d1,0.50153939234256,0.50153939234256,high,0.11737629459148446,869,0.13793103448275862,435,0.12844036697247707,218,0.13793103448275862,87
ema_gap_6_24__w240__diff_mean,0.5015173003411655,0.5015173003411655,high,0.08170310701956271,869,0.06896551724137931,435,0.05504587155963303,218,0.10344827586206896,87
bb_z__w240__diff_mean,0.5015162160711584,0.5015162160711584,high,0.08975834292289989,869,0.0896551724137931,435,0.12385321100917432,218,0.12643678160919541,87
close_vs_sma168__w240__accel,0.5015118789911301,0.5015118789911301,high,0.12082853855005754,869,0.16551724137931034,435,0.20642201834862386,218,0.16091954022988506,87
close_vs_sma168__w72__accel,0.5015118789911301,0.5015118789911301,high,0.12082853855005754,869,0.16551724137931034,435,0.20642201834862386,218,0.16091954022988506,87
cci20__w72__pos,0.49849787943893364,0.5015021205610664,low,0.09436133486766399,869,0.10114942528735632,435,0.10091743119266056,218,0.08,175
taker_share__d1,0.49852058134220695,0.5014794186577931,low,0.08630609896432681,869,0.06896551724137931,435,0.05963302752293578,218,0.022988505747126436,87
ema168_slope_24h__w240__pos,0.4985232920172247,0.5014767079827753,low,0.11162255466052934,869,0.12,650,0.12,650,0.12,650
close_vs_ema240__w240__accel,0.5014759625471453,0.5014759625471453,high,0.11852704257767549,869,0.1632183908045977,435,0.20642201834862386,218,0.1724137931034483,87
close_vs_ema240__w72__accel,0.5014759625471453,0.5014759625471453,high,0.11852704257767549,869,0.1632183908045977,435,0.20642201834862386,218,0.1724137931034483,87
ema24_slope_6h__w240__diff_mean,0.5014723031358714,0.5014723031358714,high,0.09090909090909091,869,0.0735632183908046,435,0.05504587155963303,218,0.08045977011494253,87
macd_signal_pct__w24__q25,0.5014520408401141,0.5014520408401141,high,0.14908256880733944,872,0.09425287356321839,435,0.1,230,0.06896551724137931,87
obv_delta__w72__diff_mean,0.5014399105694098,0.5014399105694098,high,0.14844649021864212,869,0.1632183908045977,435,0.1926605504587156,218,0.19540229885057472,87
adx14__w240__z,0.4985768956157,0.5014231043843,low,0.09781357882623705,869,0.08505747126436781,435,0.11009174311926606,218,0.12643678160919541,87
ema_gap_24_72__w24__up_share,0.4985818425976073,0.5014181574023927,low,0.08530318602261049,973,0.08494783904619971,671,0.10512129380053908,371,0.10512129380053908,371
ema_gap_24_72__w72__z,0.501392812590977,0.501392812590977,high,0.10356731875719218,869,0.08735632183908046,435,0.07339449541284404,218,0.08045977011494253,87
volume_rel72__d3,0.49861186332342855,0.5013881366765714,low,0.14499424626006904,869,0.17471264367816092,435,0.1834862385321101,218,0.22988505747126436,87
trades_rel72__d1,0.4986123376915566,0.5013876623084434,low,0.1277330264672037,869,0.13793103448275862,435,0.16055045871559634,218,0.16091954022988506,87
stoch_d__w240__delta,0.5013755998046145,0.5013755998046145,high,0.09666283084004602,869,0.08505747126436781,435,0.10550458715596331,218,0.10344827586206896,87
adx14__w24__delta,0.49863300658856663,0.5013669934114333,low,0.1001150747986191,869,0.1103448275862069,435,0.10550458715596331,218,0.0,87
volume_rel72__w24__up_share,0.4986338197910719,0.5013661802089281,low,0.11071744906997343,1129,0.11071744906997343,1129,0.09375,288,0.09375,288
avg_trade_quote_rel240__w240__up_share,0.5013634017670349,0.5013634017670349,high,0.05236656596173213,993,0.05253623188405797,552,0.04657534246575343,365,0.05982905982905983,117
volume_rel24__w24__std,0.5013617753620242,0.5013617753620242,high,0.18181818181818182,869,0.20919540229885059,435,0.23853211009174313,218,0.10344827586206896,87
volume_rel240__d1,0.5013594035213838,0.5013594035213838,high,0.12313003452243959,869,0.13793103448275862,435,0.12385321100917432,218,0.14942528735632185,87
avg_trade_quote_rel72__w24__accel,0.5013504582938253,0.5013504582938253,high,0.09666283084004602,869,0.07816091954022988,435,0.0963302752293578,218,0.08045977011494253,87
trades_rel240__w72__diff_std,0.5013341264768435,0.5013341264768435,high,0.12313003452243959,869,0.18620689655172415,435,0.16972477064220184,218,0.21839080459770116,87
avg_trade_quote_rel240__w72__pos,0.49869921482587437,0.5013007851741256,low,0.14154200230149597,869,0.14482758620689656,435,0.13302752293577982,218,0.09615384615384616,156
close_vs_ema72__w72__pos,0.49872239109727584,0.5012776089027242,low,0.10126582278481013,869,0.10344827586206896,435,0.09831460674157304,356,0.09831460674157304,356
close_vs_ema72__w240__z,0.49873587670548897,0.501264123294511,low,0.1334867663981588,869,0.14022988505747128,435,0.1559633027522936,218,0.14942528735632185,87
macd_pct__w240__pos,0.49874787144244237,0.5012521285575576,low,0.13003452243958574,869,0.12873563218390804,435,0.13302752293577982,218,0.1411764705882353,170
mfi14__w24__q90,0.5012294266542843,0.5012294266542843,high,0.09920182440136831,877,0.12387387387387387,444,0.1826086956521739,230,0.2608695652173913,92
close_vs_sma168__w240__pos,0.5012169575492028,0.5012169575492028,high,0.09666283084004602,869,0.0735632183908046,435,0.0779816513761468,218,0.08247422680412371,194
avg_trade_quote_rel24__d1,0.5012126204691745,0.5012126204691745,high,0.1047180667433832,869,0.09885057471264368,435,0.08256880733944955,218,0.06896551724137931,87
dist_high72__w240__up_share,0.5012082833891461,0.5012082833891461,high,0.12280701754385964,1140,0.10135135135135136,592,0.06115107913669065,278,0.02197802197802198,91
rsi24__w24__max,0.49882776858858946,0.5011722314114105,low,0.1285878300803674,871,0.12984054669703873,439,0.17889908256880735,218,0.1702127659574468,94
close_vs_ema12__w24__z,0.5011239813960952,0.5011239813960952,high,0.1047180667433832,869,0.12643678160919541,435,0.12385321100917432,218,0.13793103448275862,87
dist_high72__w72__z,0.5011086660822451,0.5011086660822451,high,0.07710011507479862,869,0.0735632183908046,435,0.0871559633027523,218,0.09195402298850575,87
quote_volume_rel72__d3,0.49891451018915633,0.5010854898108437,low,0.14384349827387802,869,0.17011494252873563,435,0.18807339449541285,218,0.19540229885057472,87
close_vs_vwap240__w24__pos,0.49894724158999526,0.5010527584100047,low,0.10241657077100115,869,0.10241657077100115,869,0.10241657077100115,869,0.10241657077100115,869
dist_high240__d1,0.498959304093824,0.501040695906176,low,0.14499424626006904,869,0.1632183908045977,435,0.2018348623853211,218,0.16091954022988506,87
stoch_d__w240__diff_mean,0.5010327671817492,0.5010327671817492,high,0.1001150747986191,869,0.0896551724137931,435,0.0963302752293578,218,0.08045977011494253,87
close_vs_ema12__d12,0.5010059992659492,0.5010059992659492,high,0.1334867663981588,869,0.15632183908045977,435,0.1926605504587156,218,0.21839080459770116,87
avg_trade_quote_rel72__w24__q90,0.498995559372186,0.501004440627814,low,0.04602991944764097,869,0.0639269406392694,438,0.1050228310502283,219,0.11235955056179775,89
mfi14__w240__pos,0.5009856803677052,0.5009856803677052,high,0.09666283084004602,869,0.08045977011494253,435,0.09174311926605505,218,0.10344827586206896,87
close_location__w72__diff_mean,0.5009830262951741,0.5009830262951741,high,0.1047180667433832,869,0.10344827586206896,435,0.11009174311926606,218,0.11494252873563218,87
close_vs_vwap240__w72__accel,0.5009683886500784,0.5009683886500784,high,0.1277330264672037,869,0.167816091954023,435,0.22935779816513763,218,0.21839080459770116,87
close_vs_vwap240__w240__accel,0.5009683886500784,0.5009683886500784,high,0.1277330264672037,869,0.167816091954023,435,0.22935779816513763,218,0.21839080459770116,87
cci20__w240__pos,0.5009650680731818,0.5009650680731818,high,0.10817031070195628,869,0.12183908045977011,435,0.12844036697247707,218,0.1839080459770115,87
avg_trade_quote_rel240__w24__accel,0.5009616119625342,0.5009616119625342,high,0.1047180667433832,869,0.0896551724137931,435,0.0779816513761468,218,0.06896551724137931,87
cci20__w24__diff_std,0.5009597144900217,0.5009597144900217,high,0.08860759493670886,869,0.10114942528735632,435,0.11009174311926606,218,0.11494252873563218,87
stoch_k__w24__accel,0.4990508571425473,0.5009491428574526,low,0.11277330264672036,869,0.11494252873563218,435,0.13302752293577982,218,0.10344827586206896,87
adx14__d24,0.4990916528015639,0.5009083471984361,low,0.09896432681242807,869,0.10114942528735632,435,0.11009174311926606,218,0.0,87
adx14__w24__diff_mean,0.4990916528015639,0.5009083471984361,low,0.09896432681242807,869,0.10114942528735632,435,0.11009174311926606,218,0.0,87
rsi6__w72__pos,0.5008879493689278,0.5008879493689278,high,0.09896432681242807,869,0.0896551724137931,435,0.07777777777777778,270,0.07777777777777778,270
quote_volume_rel72__w24__up_share,0.49914003835063014,0.5008599616493699,low,0.10670194003527336,1134,0.10670194003527336,1134,0.0979020979020979,286,0.0979020979020979,286
close_vs_ema12__w24__q75,0.49917622586211663,0.5008237741378834,low,0.14886363636363636,880,0.17701149425287357,435,0.21363636363636362,220,0.2222222222222222,90
taker_share__w72__z,0.5008214700641183,0.5008214700641183,high,0.09781357882623705,869,0.08505747126436781,435,0.0871559633027523,218,0.08045977011494253,87
close_vs_ema48__w240__pos,0.5008161164809584,0.5008161164809584,high,0.11737629459148446,869,0.08735632183908046,435,0.08256880733944955,218,0.10344827586206896,87
close_vs_ema72__w72__max,0.49922867742370947,0.5007713225762905,low,0.13761467889908258,872,0.10526315789473684,437,0.15702479338842976,242,0.22857142857142856,105
stoch_k__w72__q25,0.5007680019993939,0.5007680019993939,high,0.1112372304199773,881,0.09885057471264368,435,0.10714285714285714,224,0.0,87
taker_share__w24__up_share,0.5007427249548537,0.5007427249548537,high,0.11776447105788423,1503,0.11825726141078838,482,0.11825726141078838,482,0.11825726141078838,482
avg_trade_quote_rel72__d1,0.4992805868502986,0.5007194131497015,low,0.10356731875719218,869,0.09195402298850575,435,0.05963302752293578,218,0.022988505747126436,87
rsi6__w24__pos,0.5007128397627834,0.5007128397627834,high,0.11852704257767549,869,0.11432506887052342,726,0.11432506887052342,726,0.11432506887052342,726
close_location__w24__pos,0.49928865110847637,0.5007113488915236,low,0.10586881472957423,869,0.09195402298850575,435,0.08288770053475936,374,0.08288770053475936,374
close_vs_sma72__w24__q75,0.500678956325062,0.500678956325062,high,0.09507445589919816,873,0.09151785714285714,448,0.0365296803652968,219,0.0,92
close_vs_ema72__w240__pos,0.500676042349418,0.500676042349418,high,0.10241657077100115,869,0.08735632183908046,435,0.07339449541284404,218,0.11009174311926606,109
stoch_d__w72__up_share,0.5006693334287491,0.5006693334287491,high,0.08984725965858041,1113,0.0770440251572327,636,0.09090909090909091,374,0.07692307692307693,91
upper_wick__w72__q75,0.49934022170068837,0.5006597782993116,low,0.08400460299194476,869,0.09425287356321839,435,0.05045871559633028,218,0.03409090909090909,88
trades_rel240__d1,0.5006556445199096,0.5006556445199096,high,0.12197928653624857,869,0.12413793103448276,435,0.10550458715596331,218,0.13793103448275862,87
cci20__w240__diff_mean,0.49935472381203305,0.500645276187967,low,0.10817031070195628,869,0.09885057471264368,435,0.0963302752293578,218,0.12643678160919541,87
rsi24__w24__accel,0.5006352466904014,0.5006352466904014,high,0.11967779056386652,869,0.13793103448275862,435,0.16055045871559634,218,0.12643678160919541,87
trades_rel72__d6,0.5005550107098771,0.5005550107098771,high,0.1093210586881473,869,0.11264367816091954,435,0.12844036697247707,218,0.1839080459770115,87
volume_rel240__w24__up_share,0.49945149491016544,0.5005485050898346,low,0.0992234685073339,1159,0.0992234685073339,1159,0.1157556270096463,311,0.1157556270096463,311
ema24_slope_6h__w72__diff_mean,0.5005152993208675,0.5005152993208675,high,0.11622554660529344,869,0.1103448275862069,435,0.0963302752293578,218,0.05747126436781609,87
taker_share__d12,0.500491038779459,0.500491038779459,high,0.08630609896432681,869,0.08045977011494253,435,0.0779816513761468,218,0.04597701149425287,87
macd_hist_pct__w240__diff_mean,0.4995140437361993,0.5004859562638007,low,0.13693901035673187,869,0.14942528735632185,435,0.16055045871559634,218,0.13793103448275862,87
avg_trade_quote_rel24__w24__accel,0.5004854818956727,0.5004854818956727,high,0.10126582278481013,869,0.08275862068965517,435,0.08256880733944955,218,0.04597701149425287,87
ema72_slope_12h__w72__late_vs_prev,0.5004768077356159,0.5004768077356159,high,0.14844649021864212,869,0.16551724137931034,435,0.17889908256880735,218,0.22988505747126436,87
close_vs_ema240__w24__pos,0.4995246831356438,0.5004753168643562,low,0.10126582278481013,869,0.10316529894490035,853,0.10316529894490035,853,0.10316529894490035,853
quote_volume_rel24__w24__std,0.49952549633814913,0.5004745036618509,low,0.14154200230149597,869,0.16091954022988506,435,0.17889908256880735,218,0.13793103448275862,87
macd_signal_pct__w24__accel,0.49953349282945136,0.5004665071705486,low,0.1622554660529344,869,0.15632183908045977,435,0.15137614678899083,218,0.12643678160919541,87
close_vs_sma168__w240__q90,0.5004643386305344,0.5004643386305344,high,0.10686164229471316,889,0.0812274368231047,554,0.04128440366972477,218,0.04205607476635514,214
stoch_k__w72__delta,0.49954189592200626,0.5004581040779937,low,0.10126582278481013,869,0.10804597701149425,435,0.11926605504587157,218,0.06896551724137931,87
avg_trade_quote_rel240__d1,0.49958079410851053,0.5004192058914895,low,0.10126582278481013,869,0.09195402298850575,435,0.0779816513761468,218,0.022988505747126436,87
avg_trade_quote_rel240__w72__z,0.49958255604727203,0.500417443952728,low,0.1047180667433832,869,0.09885057471264368,435,0.11009174311926606,218,0.10344827586206896,87
macd_pct__w72__delta,0.4996102049324527,0.5003897950675473,low,0.16915995397008055,869,0.20919540229885059,435,0.26605504587155965,218,0.25287356321839083,87
trades_rel240__d3,0.49961427094497923,0.5003857290550208,low,0.14154200230149597,869,0.15402298850574714,435,0.1651376146788991,218,0.1839080459770115,87
bb_z__w240__delta,0.5003721756799322,0.5003721756799322,high,0.08975834292289989,869,0.09195402298850575,435,0.10091743119266056,218,0.14942528735632185,87
avg_trade_quote_rel72__w24__mean,0.5003679063667793,0.5003679063667793,high,0.11852704257767549,869,0.11954022988505747,435,0.12844036697247707,218,0.06896551724137931,87
close_vs_ema24__w240__pos,0.49963683731450176,0.5003631626854983,low,0.09205983889528194,869,0.10114942528735632,435,0.11926605504587157,218,0.11494252873563218,87
upper_wick__w24__accel,0.499653711266487,0.5003462887335131,low,0.11047180667433831,869,0.09885057471264368,435,0.0963302752293578,218,0.10344827586206896,87
upper_wick__d1,0.4996817667529203,0.5003182332470797,low,0.12082853855005754,869,0.12183908045977011,435,0.10550458715596331,218,0.12643678160919541,87
close_location__w240__z,0.4997042653555674,0.5002957346444326,low,0.11162255466052934,869,0.0896551724137931,435,0.06880733944954129,218,0.06896551724137931,87
close_vs_ema6__w24__q75,0.49970785699996584,0.5002921430000342,low,0.13908045977011493,870,0.1839080459770115,435,0.18584070796460178,226,0.2247191011235955,89
dist_high72__w240__z,0.4997087379693466,0.5002912620306534,low,0.13463751438434982,869,0.1632183908045977,435,0.1559633027522936,218,0.10344827586206896,87
close_vs_ema48__w24__q75,0.49971483698813646,0.5002851630118635,low,0.1565017261219793,869,0.2482758620689655,435,0.3211009174311927,218,0.367816091954023,87
mfi14__w24__late_vs_prev,0.4997241030287447,0.5002758969712553,low,0.12009237875288684,866,0.13163972286374134,433,0.11059907834101383,217,0.11494252873563218,87
lower_wick__w72__diff_mean,0.4997602407946832,0.5002397592053168,low,0.11162255466052934,869,0.10804597701149425,435,0.09174311926605505,218,0.11494252873563218,87
quote_volume_rel72__w240__q25,0.500237793965929,0.500237793965929,high,0.11392405063291139,869,0.1111111111111111,441,0.1036036036036036,222,0.011111111111111112,90
close_location__d12,0.4997647134084624,0.5002352865915376,low,0.09666283084004602,869,0.08045977011494253,435,0.0963302752293578,218,0.10344827586206896,87
close_vs_ema12__d6,0.49978463686984254,0.5002153631301575,low,0.1472957422324511,869,0.1632183908045977,435,0.1651376146788991,218,0.19540229885057472,87
close_location__w72__z,0.500206282368848,0.500206282368848,high,0.1047180667433832,869,0.11954022988505747,435,0.10091743119266056,218,0.09195402298850575,87
obv_delta__w24__late_vs_prev,0.5001841903674537,0.5001841903674537,high,0.1472957422324511,869,0.15172413793103448,435,0.2018348623853211,218,0.19540229885057472,87
lower_wick__w24__diff_mean,0.4998282787376278,0.5001717212623722,low,0.11737629459148446,869,0.11954022988505747,435,0.11467889908256881,218,0.12643678160919541,87
macd_hist_pct__w24__late_vs_prev,0.5001714501948704,0.5001714501948704,high,0.14499424626006904,869,0.17701149425287357,435,0.23853211009174313,218,0.2413793103448276,87
lower_wick__d24,0.4998289564063822,0.5001710435936177,low,0.11737629459148446,869,0.11954022988505747,435,0.11467889908256881,218,0.12643678160919541,87
bb_z__w72__pos,0.5001563381816467,0.5001563381816467,high,0.09090909090909091,869,0.09655172413793103,435,0.10091743119266056,218,0.1111111111111111,189
stoch_k__w72__diff_mean,0.49984562705774116,0.5001543729422588,low,0.10701956271576525,869,0.11494252873563218,435,0.0963302752293578,218,0.06896551724137931,87
lower_wick__w24__accel,0.5001413617021738,0.5001413617021738,high,0.1001150747986191,869,0.09885057471264368,435,0.12385321100917432,218,0.14942528735632185,87
macd_pct__w240__diff_mean,0.5001378378246507,0.5001378378246507,high,0.06789413118527042,869,0.06666666666666667,435,0.0779816513761468,218,0.08045977011494253,87
rsi14__w240__z,0.5001085625344595,0.5001085625344595,high,0.0805523590333717,869,0.08505747126436781,435,0.11009174311926606,218,0.13793103448275862,87
close_vs_sma24__w24__accel,0.500092569551855,0.500092569551855,high,0.16570771001150747,869,0.18620689655172415,435,0.20642201834862386,218,0.2413793103448276,87
log_ret__w72__diff_mean,0.4999219325594898,0.5000780674405102,low,0.14039125431530494,869,0.167816091954023,435,0.2018348623853211,218,0.22988505747126436,87
rsi14__w24__accel,0.500066411537934,0.500066411537934,high,0.12082853855005754,869,0.13793103448275862,435,0.1651376146788991,218,0.14942528735632185,87
macd_hist_pct__w24__accel,0.5000639719304181,0.5000639719304181,high,0.1622554660529344,869,0.18620689655172415,435,0.20642201834862386,218,0.19540229885057472,87
adx14__w72__late_vs_prev,0.5000630231941618,0.5000630231941618,high,0.09321058688147296,869,0.10344827586206896,435,0.14220183486238533,218,0.16091954022988506,87
close_vs_sma240__w72__accel,0.4999409072846139,0.5000590927153861,low,0.142692750287687,869,0.1310344827586207,435,0.13302752293577982,218,0.10344827586206896,87
close_vs_sma240__w240__accel,0.4999409072846139,0.5000590927153861,low,0.142692750287687,869,0.1310344827586207,435,0.13302752293577982,218,0.10344827586206896,87
rebound_low24__w24__min,0.49994158495336827,0.5000584150466317,low,0.14564220183486237,872,0.1252847380410023,439,0.07207207207207207,222,0.16666666666666666,96
macd_signal_pct__w240__delta,0.5000523160278418,0.5000523160278418,high,0.06098964326812428,869,0.06206896551724138,435,0.09174311926605505,218,0.09195402298850575,87
ema_gap_6_24__w24__accel,0.5000500119540767,0.5000500119540767,high,0.16455696202531644,869,0.18850574712643678,435,0.19724770642201836,218,0.20689655172413793,87
body_pct__w72__diff_mean,0.499951343383432,0.500048656616568,low,0.14039125431530494,869,0.16551724137931034,435,0.2018348623853211,218,0.22988505747126436,87
macd_pct__w24__mean,0.4999533763896953,0.5000466236103047,low,0.18411967779056387,869,0.28045977011494255,435,0.3577981651376147,218,0.3448275862068966,87
ema72_slope_12h__w24__q75,0.4999546639603287,0.5000453360396713,low,0.15706214689265538,885,0.25057471264367814,435,0.2981651376146789,218,0.3229166666666667,96
avg_trade_quote_rel72__w240__z,0.4999670652985348,0.5000329347014651,low,0.1001150747986191,869,0.09655172413793103,435,0.11009174311926606,218,0.06896551724137931,87
quote_volume_rel240__w24__up_share,0.5000301562595721,0.5000301562595721,high,0.09645177411294353,2001,0.06639566395663957,738,0.06639566395663957,738,0.02336448598130841,214
upper_wick__d24,0.49997241888169475,0.5000275811183053,low,0.11162255466052934,869,0.11724137931034483,435,0.10091743119266056,218,0.13793103448275862,87
upper_wick__w24__diff_mean,0.49997241888169475,0.5000275811183053,low,0.11162255466052934,869,0.11724137931034483,435,0.10091743119266056,218,0.13793103448275862,87
close_vs_sma72__w240__accel,0.49997465518858436,0.5000253448114156,low,0.14154200230149597,869,0.135632183908046,435,0.13302752293577982,218,0.11494252873563218,87
close_vs_sma72__w72__accel,0.49997465518858436,0.5000253448114156,low,0.14154200230149597,869,0.135632183908046,435,0.13302752293577982,218,0.11494252873563218,87
obv_delta__d24,0.5000187036576222,0.5000187036576222,high,0.13693901035673187,869,0.14022988505747128,435,0.16055045871559634,218,0.25287356321839083,87
obv_delta__w24__diff_mean,0.5000187036576222,0.5000187036576222,high,0.13693901035673187,869,0.14022988505747128,435,0.16055045871559634,218,0.25287356321839083,87
lower_wick__w240__min,0.5,0.5,high,0.10980662983425414,8688,0.10980662983425414,8688,0.10980662983425414,8688,0.10980662983425414,8688
upper_wick__w240__min,0.5,0.5,high,0.10980662983425414,8688,0.10980662983425414,8688,0.10980662983425414,8688,0.10980662983425414,8688
