variant,decision_idx,decision_time,year,state,setup_score,transition_score,fast_score,total_score,w3_2_24h,target3_hour_24h_label,stop2_hour_24h_label,entry_idx,entry_time,exit_idx,exit_time,oco_result,oco_net_return,holding_hours,S_rsi6_oversold,S_bb_depressed,S_stoch_oversold,S_cci_oversold,S_below_vwap24,S_below_ema24,S_below_ema72,M_ema_gap_worsening,M_vwap_dislocation_3h,M_ema24_dislocation_3h,M_macd_worsening,M_fast_trend_down,M_atr_accelerating,F_red_impulse,F_close_near_low,F_range_expansion,F_trade_participation,F_volume_participation,F_seller_dominance,portfolio_status
BALANCED,1469,2024-01-01 05:00:00+00:00,2024,TRIGGERED,5,6,3,14,1,14.0,54.0,1470,2024-01-01 06:00:00+00:00,1484,2024-01-01 20:00:00+00:00,TARGET,0.03,14,1,1,1,1,1,0,0,1,1,1,1,1,1,1,1,0,0,0,1,TAKEN
BALANCED,1508,2024-01-02 20:00:00+00:00,2024,TRIGGERED,5,5,5,15,0,,14.0,1509,2024-01-02 21:00:00+00:00,1523,2024-01-03 11:00:00+00:00,STOP,-0.02,14,1,1,1,1,1,0,0,1,1,1,1,1,0,1,1,0,1,1,1,TAKEN
BALANCED,1523,2024-01-03 11:00:00+00:00,2024,TRIGGERED,7,6,6,19,0,,0.0,1524,2024-01-03 12:00:00+00:00,1524,2024-01-03 12:00:00+00:00,STOP,-0.02,0,1,1,1,1,1,1,1,1,1,1,1,1,1,1,1,1,1,1,1,TAKEN
BALANCED,1529,2024-01-03 17:00:00+00:00,2024,TRIGGERED,5,2,2,9,0,21.0,0.0,1530,2024-01-03 18:00:00+00:00,1530,2024-01-03 18:00:00+00:00,STOP,-0.02,0,1,1,0,0,1,1,1,0,0,0,0,1,1,0,0,0,1,1,0,TAKEN
BALANCED,1561,2024-01-05 01:00:00+00:00,2024,TRIGGERED,4,5,5,14,0,,,1562,2024-01-05 02:00:00+00:00,1644,2024-01-08 12:00:00+00:00,TARGET,0.03,82,1,0,0,0,1,1,1,1,1,1,0,1,1,1,0,1,1,1,1,TAKEN
BALANCED,1574,2024-01-05 14:00:00+00:00,2024,TRIGGERED,4,5,5,14,0,69.0,,1575,2024-01-05 15:00:00+00:00,1644,2024-01-08 12:00:00+00:00,TARGET,0.03,69,0,1,0,0,1,1,1,1,1,1,1,0,1,1,0,1,1,1,1,MISSED_ALREADY_POSITIONED
BALANCED,1576,2024-01-05 16:00:00+00:00,2024,TRIGGERED,7,6,4,17,0,66.0,,1577,2024-01-05 17:00:00+00:00,1643,2024-01-08 11:00:00+00:00,TARGET,0.03,66,1,1,1,1,1,1,1,1,1,1,1,1,1,1,1,0,1,1,0,MISSED_ALREADY_POSITIONED
BALANCED,1590,2024-01-06 06:00:00+00:00,2024,TRIGGERED,5,5,3,13,0,53.0,,1591,2024-01-06 07:00:00+00:00,1644,2024-01-08 12:00:00+00:00,TARGET,0.03,53,1,1,0,0,1,1,1,1,1,1,1,1,0,1,1,0,0,0,1,MISSED_ALREADY_POSITIONED
BALANCED,1632,2024-01-08 00:00:00+00:00,2024,TRIGGERED,7,6,6,19,1,11.0,,1633,2024-01-08 01:00:00+00:00,1644,2024-01-08 12:00:00+00:00,TARGET,0.03,11,1,1,1,1,1,1,1,1,1,1,1,1,1,1,1,1,1,1,1,MISSED_ALREADY_POSITIONED
BALANCED,1634,2024-01-08 02:00:00+00:00,2024,TRIGGERED,7,6,5,18,1,9.0,,1635,2024-01-08 03:00:00+00:00,1644,2024-01-08 12:00:00+00:00,TARGET,0.03,9,1,1,1,1,1,1,1,1,1,1,1,1,1,1,0,1,1,1,1,MISSED_ALREADY_POSITIONED
BALANCED,1677,2024-01-09 21:00:00+00:00,2024,TRIGGERED,6,6,5,17,0,24.0,14.0,1678,2024-01-09 22:00:00+00:00,1692,2024-01-10 12:00:00+00:00,STOP,-0.02,14,1,1,1,1,1,1,0,1,1,1,1,1,1,1,1,1,1,1,0,TAKEN
BALANCED,1679,2024-01-09 23:00:00+00:00,2024,TRIGGERED,4,4,3,11,0,23.0,8.0,1680,2024-01-10 00:00:00+00:00,1688,2024-01-10 08:00:00+00:00,STOP,-0.02,8,0,1,0,1,1,1,0,0,1,1,0,1,1,0,0,0,1,1,1,MISSED_ALREADY_POSITIONED
BALANCED,1687,2024-01-10 07:00:00+00:00,2024,TRIGGERED,4,3,2,9,0,15.0,4.0,1688,2024-01-10 08:00:00+00:00,1692,2024-01-10 12:00:00+00:00,STOP,-0.02,4,1,1,0,0,1,1,0,0,1,0,1,1,0,1,1,0,0,0,0,MISSED_ALREADY_POSITIONED
BALANCED,1691,2024-01-10 11:00:00+00:00,2024,TRIGGERED,4,2,3,9,0,11.0,0.0,1692,2024-01-10 12:00:00+00:00,1692,2024-01-10 12:00:00+00:00,STOP,-0.02,0,0,1,0,1,1,1,0,0,0,0,0,1,1,0,0,1,1,1,0,MISSED_ALREADY_POSITIONED
BALANCED,1731,2024-01-12 03:00:00+00:00,2024,TRIGGERED,4,5,2,11,0,,11.0,1732,2024-01-12 04:00:00+00:00,1743,2024-01-12 15:00:00+00:00,STOP,-0.02,11,1,0,1,0,1,1,0,0,1,1,1,1,1,0,1,0,0,0,1,TAKEN
BALANCED,1741,2024-01-12 13:00:00+00:00,2024,TRIGGERED,7,3,2,12,0,,1.0,1742,2024-01-12 14:00:00+00:00,1743,2024-01-12 15:00:00+00:00,STOP,-0.02,1,1,1,1,1,1,1,1,0,1,1,0,1,0,0,0,0,1,0,1,MISSED_ALREADY_POSITIONED
BALANCED,1750,2024-01-12 22:00:00+00:00,2024,TRIGGERED,7,6,5,18,0,,48.0,1751,2024-01-12 23:00:00+00:00,1799,2024-01-14 23:00:00+00:00,STOP,-0.02,48,1,1,1,1,1,1,1,1,1,1,1,1,1,1,0,1,1,1,1,TAKEN
BALANCED,1752,2024-01-13 00:00:00+00:00,2024,TRIGGERED,5,4,2,11,0,,44.0,1753,2024-01-13 01:00:00+00:00,1797,2024-01-14 21:00:00+00:00,STOP,-0.02,44,1,1,0,0,1,1,1,0,1,1,0,1,1,0,1,0,0,1,0,MISSED_ALREADY_POSITIONED
BALANCED,1762,2024-01-13 10:00:00+00:00,2024,TRIGGERED,4,3,3,10,0,,36.0,1763,2024-01-13 11:00:00+00:00,1799,2024-01-14 23:00:00+00:00,STOP,-0.02,36,1,0,0,0,1,1,1,0,1,1,0,1,0,1,1,0,0,0,1,MISSED_ALREADY_POSITIONED
BALANCED,1776,2024-01-14 00:00:00+00:00,2024,TRIGGERED,5,2,3,10,0,,22.0,1777,2024-01-14 01:00:00+00:00,1799,2024-01-14 23:00:00+00:00,STOP,-0.02,22,1,1,1,0,0,1,1,0,1,1,0,0,0,1,1,0,0,0,1,MISSED_ALREADY_POSITIONED
BALANCED,1780,2024-01-14 04:00:00+00:00,2024,TRIGGERED,7,2,2,11,0,,18.0,1781,2024-01-14 05:00:00+00:00,1799,2024-01-14 23:00:00+00:00,STOP,-0.02,18,1,1,1,1,1,1,1,0,1,0,0,1,0,0,1,0,0,0,1,MISSED_ALREADY_POSITIONED
BALANCED,1795,2024-01-14 19:00:00+00:00,2024,TRIGGERED,5,3,6,14,0,,3.0,1796,2024-01-14 20:00:00+00:00,1799,2024-01-14 23:00:00+00:00,STOP,-0.02,3,1,1,1,0,0,1,1,1,1,1,0,0,0,1,1,1,1,1,1,MISSED_ALREADY_POSITIONED
BALANCED,1814,2024-01-15 14:00:00+00:00,2024,TRIGGERED,6,5,6,17,0,,,1815,2024-01-15 15:00:00+00:00,1890,2024-01-18 18:00:00+00:00,STOP,-0.02,75,1,1,1,0,1,1,1,1,1,1,0,1,1,1,1,1,1,1,1,TAKEN
BALANCED,1855,2024-01-17 07:00:00+00:00,2024,TRIGGERED,7,4,4,15,0,,32.0,1856,2024-01-17 08:00:00+00:00,1888,2024-01-18 16:00:00+00:00,STOP,-0.02,32,1,1,1,1,1,1,1,0,1,1,1,1,0,1,1,0,0,1,1,MISSED_ALREADY_POSITIONED
BALANCED,1861,2024-01-17 13:00:00+00:00,2024,TRIGGERED,5,4,3,12,0,,26.0,1862,2024-01-17 14:00:00+00:00,1888,2024-01-18 16:00:00+00:00,STOP,-0.02,26,0,1,0,1,1,1,1,0,1,1,1,1,0,1,0,0,1,1,0,MISSED_ALREADY_POSITIONED
BALANCED,1882,2024-01-18 10:00:00+00:00,2024,TRIGGERED,5,5,6,16,0,,6.0,1883,2024-01-18 11:00:00+00:00,1889,2024-01-18 17:00:00+00:00,STOP,-0.02,6,1,1,1,0,0,1,1,1,1,1,0,1,1,1,1,1,1,1,1,MISSED_ALREADY_POSITIONED
BALANCED,1888,2024-01-18 16:00:00+00:00,2024,TRIGGERED,7,6,6,19,0,,2.0,1889,2024-01-18 17:00:00+00:00,1891,2024-01-18 19:00:00+00:00,STOP,-0.02,2,1,1,1,1,1,1,1,1,1,1,1,1,1,1,1,1,1,1,1,MISSED_ALREADY_POSITIONED
BALANCED,1898,2024-01-19 02:00:00+00:00,2024,TRIGGERED,6,2,3,11,0,,13.0,1899,2024-01-19 03:00:00+00:00,1912,2024-01-19 16:00:00+00:00,STOP,-0.02,13,1,1,1,0,1,1,1,0,0,0,0,1,1,1,1,0,0,0,1,TAKEN
BALANCED,1910,2024-01-19 14:00:00+00:00,2024,TRIGGERED,5,5,6,16,0,,,1911,2024-01-19 15:00:00+00:00,1986,2024-01-22 18:00:00+00:00,STOP,-0.02,75,1,1,0,0,1,1,1,1,1,1,0,1,1,1,1,1,1,1,1,MISSED_ALREADY_POSITIONED
BALANCED,1969,2024-01-22 01:00:00+00:00,2024,TRIGGERED,7,6,6,19,0,,7.0,1970,2024-01-22 02:00:00+00:00,1977,2024-01-22 09:00:00+00:00,STOP,-0.02,7,1,1,1,1,1,1,1,1,1,1,1,1,1,1,1,1,1,1,1,TAKEN
BALANCED,1983,2024-01-22 15:00:00+00:00,2024,TRIGGERED,5,2,4,11,0,,3.0,1984,2024-01-22 16:00:00+00:00,1987,2024-01-22 19:00:00+00:00,STOP,-0.02,3,0,1,0,1,1,1,1,0,0,0,0,1,1,0,0,1,1,1,1,TAKEN
BALANCED,1986,2024-01-22 18:00:00+00:00,2024,TRIGGERED,7,6,6,19,0,,0.0,1987,2024-01-22 19:00:00+00:00,1987,2024-01-22 19:00:00+00:00,STOP,-0.02,0,1,1,1,1,1,1,1,1,1,1,1,1,1,1,1,1,1,1,1,MISSED_ALREADY_POSITIONED
BALANCED,1999,2024-01-23 07:00:00+00:00,2024,TRIGGERED,4,2,4,10,0,,1.0,2000,2024-01-23 08:00:00+00:00,2001,2024-01-23 09:00:00+00:00,STOP,-0.02,1,1,0,0,0,1,1,1,0,1,1,0,0,0,1,0,0,1,1,1,TAKEN
BALANCED,2036,2024-01-24 20:00:00+00:00,2024,TRIGGERED,7,5,5,17,0,38.0,,2037,2024-01-24 21:00:00+00:00,2075,2024-01-26 11:00:00+00:00,TARGET,0.03,38,1,1,1,1,1,1,1,1,1,1,1,1,0,1,1,1,1,1,0,TAKEN
BALANCED,2056,2024-01-25 16:00:00+00:00,2024,TRIGGERED,7,5,4,16,1,18.0,,2057,2024-01-25 17:00:00+00:00,2075,2024-01-26 11:00:00+00:00,TARGET,0.03,18,1,1,1,1,1,1,1,1,1,1,1,1,0,0,1,0,1,1,1,MISSED_ALREADY_POSITIONED
BALANCED,2130,2024-01-28 18:00:00+00:00,2024,TRIGGERED,6,6,5,17,0,30.0,,2131,2024-01-28 19:00:00+00:00,2161,2024-01-30 01:00:00+00:00,TARGET,0.03,30,1,1,1,1,1,1,0,1,1,1,1,1,1,1,1,0,1,1,1,TAKEN
BALANCED,2134,2024-01-28 22:00:00+00:00,2024,TRIGGERED,6,2,2,10,1,17.0,,2135,2024-01-28 23:00:00+00:00,2152,2024-01-29 16:00:00+00:00,TARGET,0.03,17,1,1,1,1,1,1,0,0,0,0,0,1,1,0,0,1,0,0,1,MISSED_ALREADY_POSITIONED
BALANCED,2183,2024-01-30 23:00:00+00:00,2024,TRIGGERED,6,6,5,17,0,,25.0,2184,2024-01-31 00:00:00+00:00,2209,2024-02-01 01:00:00+00:00,STOP,-0.02,25,1,1,1,1,1,1,0,1,1,1,1,1,1,1,0,1,1,1,1,TAKEN
BALANCED,2193,2024-01-31 09:00:00+00:00,2024,TRIGGERED,6,6,6,18,0,,15.0,2194,2024-01-31 10:00:00+00:00,2209,2024-02-01 01:00:00+00:00,STOP,-0.02,15,1,1,1,1,1,1,0,1,1,1,1,1,1,1,1,1,1,1,1,MISSED_ALREADY_POSITIONED
BALANCED,2204,2024-01-31 20:00:00+00:00,2024,TRIGGERED,6,5,5,16,0,,,2205,2024-01-31 21:00:00+00:00,2372,2024-02-07 20:00:00+00:00,TARGET,0.03,167,1,1,1,0,1,1,1,1,1,1,0,1,1,1,1,1,1,1,0,MISSED_ALREADY_POSITIONED
BALANCED,2207,2024-01-31 23:00:00+00:00,2024,TRIGGERED,4,3,3,10,0,,,2208,2024-02-01 00:00:00+00:00,2372,2024-02-07 20:00:00+00:00,TARGET,0.03,164,0,0,1,0,1,1,1,1,0,0,1,1,0,0,1,0,0,1,1,MISSED_ALREADY_POSITIONED
BALANCED,2245,2024-02-02 13:00:00+00:00,2024,TRIGGERED,6,5,5,16,0,,,2246,2024-02-02 14:00:00+00:00,2372,2024-02-07 20:00:00+00:00,TARGET,0.03,126,1,1,1,1,1,1,0,1,1,1,1,1,0,1,1,1,1,1,0,TAKEN
BALANCED,2286,2024-02-04 06:00:00+00:00,2024,TRIGGERED,7,4,4,15,0,,,2287,2024-02-04 07:00:00+00:00,2372,2024-02-07 20:00:00+00:00,TARGET,0.03,85,1,1,1,1,1,1,1,0,1,1,1,1,0,0,1,1,1,0,1,MISSED_ALREADY_POSITIONED
BALANCED,2299,2024-02-04 19:00:00+00:00,2024,TRIGGERED,7,5,5,17,0,,,2300,2024-02-04 20:00:00+00:00,2372,2024-02-07 20:00:00+00:00,TARGET,0.03,72,1,1,1,1,1,1,1,1,1,1,1,1,0,1,1,1,1,1,0,MISSED_ALREADY_POSITIONED
BALANCED,2302,2024-02-04 22:00:00+00:00,2024,TRIGGERED,6,4,5,15,0,69.0,,2303,2024-02-04 23:00:00+00:00,2372,2024-02-07 20:00:00+00:00,TARGET,0.03,69,1,1,0,1,1,1,1,1,0,0,1,1,1,1,0,1,1,1,1,MISSED_ALREADY_POSITIONED
BALANCED,2319,2024-02-05 15:00:00+00:00,2024,TRIGGERED,5,4,6,15,0,52.0,,2320,2024-02-05 16:00:00+00:00,2372,2024-02-07 20:00:00+00:00,TARGET,0.03,52,1,0,1,0,1,1,1,1,1,1,0,0,1,1,1,1,1,1,1,MISSED_ALREADY_POSITIONED
BALANCED,2324,2024-02-05 20:00:00+00:00,2024,TRIGGERED,6,5,6,17,0,47.0,,2325,2024-02-05 21:00:00+00:00,2372,2024-02-07 20:00:00+00:00,TARGET,0.03,47,1,1,1,0,1,1,1,1,1,1,1,1,0,1,1,1,1,1,1,MISSED_ALREADY_POSITIONED
BALANCED,2355,2024-02-07 03:00:00+00:00,2024,TRIGGERED,4,5,6,15,1,16.0,,2356,2024-02-07 04:00:00+00:00,2372,2024-02-07 20:00:00+00:00,TARGET,0.03,16,1,1,1,0,1,0,0,1,1,1,1,1,0,1,1,1,1,1,1,MISSED_ALREADY_POSITIONED
BALANCED,2433,2024-02-10 09:00:00+00:00,2024,TRIGGERED,4,5,2,11,0,38.0,,2434,2024-02-10 10:00:00+00:00,2472,2024-02-12 00:00:00+00:00,TARGET,0.03,38,1,1,1,0,1,0,0,1,1,1,1,1,0,0,1,0,0,0,1,TAKEN
BALANCED,2481,2024-02-12 09:00:00+00:00,2024,TRIGGERED,5,5,5,15,1,5.0,,2482,2024-02-12 10:00:00+00:00,2487,2024-02-12 15:00:00+00:00,TARGET,0.03,5,1,1,1,1,1,0,0,1,1,1,1,1,0,1,1,0,1,1,1,TAKEN
BALANCED,2510,2024-02-13 14:00:00+00:00,2024,TRIGGERED,6,6,6,18,1,17.0,,2511,2024-02-13 15:00:00+00:00,2528,2024-02-14 08:00:00+00:00,TARGET,0.03,17,1,1,1,1,1,1,0,1,1,1,1,1,1,1,1,1,1,1,1,TAKEN
BALANCED,2564,2024-02-15 20:00:00+00:00,2024,TRIGGERED,4,5,6,15,0,,41.0,2565,2024-02-15 21:00:00+00:00,2606,2024-02-17 14:00:00+00:00,STOP,-0.02,41,0,1,1,1,1,0,0,1,1,1,1,1,0,1,1,1,1,1,1,TAKEN
BALANCED,2600,2024-02-17 08:00:00+00:00,2024,TRIGGERED,5,3,2,10,0,,5.0,2601,2024-02-17 09:00:00+00:00,2606,2024-02-17 14:00:00+00:00,STOP,-0.02,5,1,1,1,1,1,0,0,0,1,0,1,1,0,0,1,0,0,0,1,MISSED_ALREADY_POSITIONED
BALANCED,2605,2024-02-17 13:00:00+00:00,2024,TRIGGERED,7,5,6,18,0,71.0,,2606,2024-02-17 14:00:00+00:00,2677,2024-02-20 13:00:00+00:00,TARGET,0.03,71,1,1,1,1,1,1,1,1,1,1,1,1,0,1,1,1,1,1,1,MISSED_ALREADY_POSITIONED
BALANCED,2656,2024-02-19 16:00:00+00:00,2024,TRIGGERED,6,6,6,18,0,,24.0,2657,2024-02-19 17:00:00+00:00,2681,2024-02-20 17:00:00+00:00,STOP,-0.02,24,1,1,1,1,1,1,0,1,1,1,1,1,1,1,1,1,1,1,1,TAKEN
BALANCED,2659,2024-02-19 19:00:00+00:00,2024,TRIGGERED,4,3,3,10,0,,21.0,2660,2024-02-19 20:00:00+00:00,2681,2024-02-20 17:00:00+00:00,STOP,-0.02,21,0,1,1,1,1,0,0,0,0,0,1,1,1,0,1,0,1,1,0,MISSED_ALREADY_POSITIONED
BALANCED,2664,2024-02-20 00:00:00+00:00,2024,TRIGGERED,6,4,4,14,0,,16.0,2665,2024-02-20 01:00:00+00:00,2681,2024-02-20 17:00:00+00:00,STOP,-0.02,16,1,1,1,1,1,1,0,0,1,1,1,1,0,0,0,1,1,1,1,MISSED_ALREADY_POSITIONED
BALANCED,2680,2024-02-20 16:00:00+00:00,2024,TRIGGERED,7,6,6,19,0,,,2681,2024-02-20 17:00:00+00:00,2824,2024-02-26 16:00:00+00:00,TARGET,0.03,143,1,1,1,1,1,1,1,1,1,1,1,1,1,1,1,1,1,1,1,MISSED_ALREADY_POSITIONED
BALANCED,2695,2024-02-21 07:00:00+00:00,2024,TRIGGERED,5,6,3,14,0,,4.0,2696,2024-02-21 08:00:00+00:00,2700,2024-02-21 12:00:00+00:00,STOP,-0.02,4,1,1,0,0,1,1,1,1,1,1,1,1,1,0,0,0,1,1,1,TAKEN
BALANCED,2697,2024-02-21 09:00:00+00:00,2024,TRIGGERED,7,6,6,19,0,,,2698,2024-02-21 10:00:00+00:00,2823,2024-02-26 15:00:00+00:00,TARGET,0.03,125,1,1,1,1,1,1,1,1,1,1,1,1,1,1,1,1,1,1,1,MISSED_ALREADY_POSITIONED
BALANCED,2706,2024-02-21 18:00:00+00:00,2024,TRIGGERED,6,4,3,13,0,,,2707,2024-02-21 19:00:00+00:00,2823,2024-02-26 15:00:00+00:00,TARGET,0.03,116,1,1,1,0,1,1,1,0,1,1,1,1,0,0,1,0,1,1,0,TAKEN
BALANCED,2725,2024-02-22 13:00:00+00:00,2024,TRIGGERED,5,5,5,15,0,,,2726,2024-02-22 14:00:00+00:00,2824,2024-02-26 16:00:00+00:00,TARGET,0.03,98,1,1,1,0,0,1,1,1,1,1,1,1,0,1,0,1,1,1,1,MISSED_ALREADY_POSITIONED
BALANCED,2738,2024-02-23 02:00:00+00:00,2024,TRIGGERED,7,4,4,15,0,,,2739,2024-02-23 03:00:00+00:00,2823,2024-02-26 15:00:00+00:00,TARGET,0.03,84,1,1,1,1,1,1,1,1,1,0,1,1,0,1,1,1,0,0,1,MISSED_ALREADY_POSITIONED
BALANCED,2743,2024-02-23 07:00:00+00:00,2024,TRIGGERED,7,5,5,17,0,,,2744,2024-02-23 08:00:00+00:00,2823,2024-02-26 15:00:00+00:00,TARGET,0.03,79,1,1,1,1,1,1,1,1,1,1,1,1,0,1,1,1,0,1,1,MISSED_ALREADY_POSITIONED
BALANCED,2758,2024-02-23 22:00:00+00:00,2024,TRIGGERED,7,4,4,15,0,64.0,,2759,2024-02-23 23:00:00+00:00,2823,2024-02-26 15:00:00+00:00,TARGET,0.03,64,1,1,1,1,1,1,1,0,1,1,1,1,0,1,1,1,0,0,1,MISSED_ALREADY_POSITIONED
BALANCED,2761,2024-02-24 01:00:00+00:00,2024,TRIGGERED,7,2,4,13,0,61.0,,2762,2024-02-24 02:00:00+00:00,2823,2024-02-26 15:00:00+00:00,TARGET,0.03,61,1,1,1,1,1,1,1,0,0,0,1,1,0,1,1,1,0,0,1,MISSED_ALREADY_POSITIONED
BALANCED,2800,2024-02-25 16:00:00+00:00,2024,TRIGGERED,4,6,5,15,1,23.0,,2801,2024-02-25 17:00:00+00:00,2824,2024-02-26 16:00:00+00:00,TARGET,0.03,23,1,1,1,1,0,0,0,1,1,1,1,1,1,0,1,1,1,1,1,MISSED_ALREADY_POSITIONED
BALANCED,2810,2024-02-26 02:00:00+00:00,2024,TRIGGERED,4,4,2,10,1,13.0,,2811,2024-02-26 03:00:00+00:00,2824,2024-02-26 16:00:00+00:00,TARGET,0.03,13,1,1,1,1,0,0,0,0,1,1,1,1,0,0,1,0,0,0,1,MISSED_ALREADY_POSITIONED
BALANCED,2815,2024-02-26 07:00:00+00:00,2024,TRIGGERED,5,4,6,15,1,8.0,,2816,2024-02-26 08:00:00+00:00,2824,2024-02-26 16:00:00+00:00,TARGET,0.03,8,1,1,1,1,1,0,0,0,1,1,1,1,0,1,1,1,1,1,1,MISSED_ALREADY_POSITIONED
BALANCED,2897,2024-02-29 17:00:00+00:00,2024,TRIGGERED,6,5,6,17,0,26.0,,2898,2024-02-29 18:00:00+00:00,2924,2024-03-01 20:00:00+00:00,TARGET,0.03,26,1,1,1,1,1,1,0,1,1,1,1,1,0,1,1,1,1,1,1,TAKEN
BALANCED,2901,2024-02-29 21:00:00+00:00,2024,TRIGGERED,4,2,5,11,0,,,2902,2024-02-29 22:00:00+00:00,2976,2024-03-04 00:00:00+00:00,TARGET,0.03,74,0,1,0,1,1,1,0,1,0,0,0,1,0,1,0,1,1,1,1,MISSED_ALREADY_POSITIONED
BALANCED,2950,2024-03-02 22:00:00+00:00,2024,TRIGGERED,4,4,2,10,0,25.0,68.0,2951,2024-03-02 23:00:00+00:00,2976,2024-03-04 00:00:00+00:00,TARGET,0.03,25,0,1,1,1,1,0,0,0,1,1,1,1,0,0,1,0,0,0,1,TAKEN
BALANCED,3016,2024-03-05 16:00:00+00:00,2024,TRIGGERED,6,6,5,17,0,45.0,0.0,3017,2024-03-05 17:00:00+00:00,3017,2024-03-05 17:00:00+00:00,STOP,-0.02,0,1,1,1,1,1,1,0,1,1,1,1,1,1,1,0,1,1,1,1,TAKEN
BALANCED,3025,2024-03-06 01:00:00+00:00,2024,TRIGGERED,4,2,3,9,1,3.0,,3026,2024-03-06 02:00:00+00:00,3029,2024-03-06 05:00:00+00:00,TARGET,0.03,3,0,1,0,0,1,1,1,0,0,0,0,1,1,1,1,0,0,0,1,TAKEN
BALANCED,3142,2024-03-10 22:00:00+00:00,2024,TRIGGERED,6,6,5,17,0,8.0,1.0,3143,2024-03-10 23:00:00+00:00,3144,2024-03-11 00:00:00+00:00,STOP,-0.02,1,1,1,1,1,1,1,0,1,1,1,1,1,1,1,0,1,1,1,1,TAKEN
BALANCED,3144,2024-03-11 00:00:00+00:00,2024,TRIGGERED,5,6,5,16,1,6.0,,3145,2024-03-11 01:00:00+00:00,3151,2024-03-11 07:00:00+00:00,TARGET,0.03,6,1,1,0,1,1,1,0,1,1,1,1,1,1,1,0,1,1,1,1,TAKEN
BALANCED,3184,2024-03-12 16:00:00+00:00,2024,TRIGGERED,6,6,6,18,0,14.0,0.0,3185,2024-03-12 17:00:00+00:00,3185,2024-03-12 17:00:00+00:00,STOP,-0.02,0,1,1,1,1,1,1,0,1,1,1,1,1,1,1,1,1,1,1,1,TAKEN
BALANCED,3229,2024-03-14 13:00:00+00:00,2024,TRIGGERED,6,5,5,16,0,,1.0,3230,2024-03-14 14:00:00+00:00,3231,2024-03-14 15:00:00+00:00,STOP,-0.02,1,1,1,1,1,1,1,0,1,1,1,1,1,0,1,0,1,1,1,1,TAKEN
BALANCED,3242,2024-03-15 02:00:00+00:00,2024,TRIGGERED,7,6,6,19,0,,0.0,3243,2024-03-15 03:00:00+00:00,3243,2024-03-15 03:00:00+00:00,STOP,-0.02,0,1,1,1,1,1,1,1,1,1,1,1,1,1,1,1,1,1,1,1,TAKEN
BALANCED,3248,2024-03-15 08:00:00+00:00,2024,TRIGGERED,7,4,6,17,0,9.0,0.0,3249,2024-03-15 09:00:00+00:00,3249,2024-03-15 09:00:00+00:00,STOP,-0.02,0,1,1,1,1,1,1,1,1,0,0,1,1,1,1,1,1,1,1,1,TAKEN
BALANCED,3275,2024-03-16 11:00:00+00:00,2024,TRIGGERED,7,5,4,16,0,,6.0,3276,2024-03-16 12:00:00+00:00,3282,2024-03-16 18:00:00+00:00,STOP,-0.02,6,1,1,1,1,1,1,1,1,1,1,1,1,0,0,0,1,1,1,1,TAKEN
BALANCED,3281,2024-03-16 17:00:00+00:00,2024,TRIGGERED,7,5,6,18,0,,3.0,3282,2024-03-16 18:00:00+00:00,3285,2024-03-16 21:00:00+00:00,STOP,-0.02,3,1,1,1,1,1,1,1,1,1,1,1,1,0,1,1,1,1,1,1,MISSED_ALREADY_POSITIONED
BALANCED,3285,2024-03-16 21:00:00+00:00,2024,TRIGGERED,7,5,6,18,0,19.0,1.0,3286,2024-03-16 22:00:00+00:00,3287,2024-03-16 23:00:00+00:00,STOP,-0.02,1,1,1,1,1,1,1,1,1,1,1,1,1,0,1,1,1,1,1,1,TAKEN
BALANCED,3294,2024-03-17 06:00:00+00:00,2024,TRIGGERED,7,6,6,19,1,3.0,48.0,3295,2024-03-17 07:00:00+00:00,3298,2024-03-17 10:00:00+00:00,TARGET,0.03,3,1,1,1,1,1,1,1,1,1,1,1,1,1,1,1,1,1,1,1,TAKEN
BALANCED,3325,2024-03-18 13:00:00+00:00,2024,TRIGGERED,4,4,6,14,0,,11.0,3326,2024-03-18 14:00:00+00:00,3337,2024-03-19 01:00:00+00:00,STOP,-0.02,11,0,1,0,0,1,1,1,1,1,1,1,0,0,1,1,1,1,1,1,TAKEN
BALANCED,3336,2024-03-19 00:00:00+00:00,2024,TRIGGERED,4,4,6,14,0,,0.0,3337,2024-03-19 01:00:00+00:00,3337,2024-03-19 01:00:00+00:00,STOP,-0.02,0,0,1,0,0,1,1,1,1,1,1,1,0,0,1,1,1,1,1,1,MISSED_ALREADY_POSITIONED
BALANCED,3358,2024-03-19 22:00:00+00:00,2024,TRIGGERED,7,5,6,18,0,18.0,0.0,3359,2024-03-19 23:00:00+00:00,3359,2024-03-19 23:00:00+00:00,STOP,-0.02,0,1,1,1,1,1,1,1,1,1,1,0,1,1,1,1,1,1,1,1,TAKEN
BALANCED,3361,2024-03-20 01:00:00+00:00,2024,TRIGGERED,6,4,5,15,0,15.0,2.0,3362,2024-03-20 02:00:00+00:00,3364,2024-03-20 04:00:00+00:00,STOP,-0.02,2,0,1,1,1,1,1,1,1,0,0,1,1,1,1,0,1,1,1,1,TAKEN
BALANCED,3363,2024-03-20 03:00:00+00:00,2024,TRIGGERED,7,6,6,19,0,7.0,1.0,3364,2024-03-20 04:00:00+00:00,3365,2024-03-20 05:00:00+00:00,STOP,-0.02,1,1,1,1,1,1,1,1,1,1,1,1,1,1,1,1,1,1,1,1,MISSED_ALREADY_POSITIONED
BALANCED,3401,2024-03-21 17:00:00+00:00,2024,TRIGGERED,6,5,5,16,0,,2.0,3402,2024-03-21 18:00:00+00:00,3404,2024-03-21 20:00:00+00:00,STOP,-0.02,2,1,1,1,1,1,1,0,1,1,1,1,1,0,1,1,1,1,0,1,TAKEN
BALANCED,3404,2024-03-21 20:00:00+00:00,2024,TRIGGERED,6,2,4,12,0,,14.0,3405,2024-03-21 21:00:00+00:00,3419,2024-03-22 11:00:00+00:00,STOP,-0.02,14,1,1,0,1,1,1,1,0,1,0,0,1,0,0,0,1,1,1,1,TAKEN
BALANCED,3417,2024-03-22 09:00:00+00:00,2024,TRIGGERED,4,5,3,12,0,67.0,1.0,3418,2024-03-22 10:00:00+00:00,3419,2024-03-22 11:00:00+00:00,STOP,-0.02,1,1,0,0,0,1,1,1,1,1,1,1,1,0,1,1,0,0,0,1,MISSED_ALREADY_POSITIONED
BALANCED,3429,2024-03-22 21:00:00+00:00,2024,TRIGGERED,7,5,5,17,1,16.0,,3430,2024-03-22 22:00:00+00:00,3446,2024-03-23 14:00:00+00:00,TARGET,0.03,16,1,1,1,1,1,1,1,1,1,1,1,1,0,1,0,1,1,1,1,TAKEN
BALANCED,3455,2024-03-23 23:00:00+00:00,2024,TRIGGERED,6,5,4,15,1,20.0,,3456,2024-03-24 00:00:00+00:00,3476,2024-03-24 20:00:00+00:00,TARGET,0.03,20,1,1,1,0,1,1,1,1,1,1,1,1,0,1,1,1,0,0,1,TAKEN
BALANCED,3458,2024-03-24 02:00:00+00:00,2024,TRIGGERED,5,2,2,9,1,17.0,,3459,2024-03-24 03:00:00+00:00,3476,2024-03-24 20:00:00+00:00,TARGET,0.03,17,0,1,1,0,1,1,1,0,0,0,1,1,0,0,1,0,0,0,1,MISSED_ALREADY_POSITIONED
BALANCED,3520,2024-03-26 16:00:00+00:00,2024,TRIGGERED,5,5,5,15,0,,21.0,3521,2024-03-26 17:00:00+00:00,3542,2024-03-27 14:00:00+00:00,STOP,-0.02,21,1,1,1,1,1,0,0,1,1,1,1,1,0,1,1,1,1,1,0,TAKEN
BALANCED,3523,2024-03-26 19:00:00+00:00,2024,TRIGGERED,6,3,5,14,0,,,3524,2024-03-26 20:00:00+00:00,3663,2024-04-01 15:00:00+00:00,STOP,-0.02,139,1,1,1,1,1,1,0,1,0,0,1,1,0,1,1,0,1,1,1,MISSED_ALREADY_POSITIONED
BALANCED,3535,2024-03-27 07:00:00+00:00,2024,TRIGGERED,5,5,6,16,0,,6.0,3536,2024-03-27 08:00:00+00:00,3542,2024-03-27 14:00:00+00:00,STOP,-0.02,6,1,1,1,0,1,1,0,1,1,1,1,1,0,1,1,1,1,1,1,MISSED_ALREADY_POSITIONED
BALANCED,3543,2024-03-27 15:00:00+00:00,2024,TRIGGERED,6,6,6,18,1,21.0,,3544,2024-03-27 16:00:00+00:00,3565,2024-03-28 13:00:00+00:00,TARGET,0.03,21,1,1,1,1,1,1,0,1,1,1,1,1,1,1,1,1,1,1,1,TAKEN
BALANCED,3581,2024-03-29 05:00:00+00:00,2024,TRIGGERED,5,5,2,12,0,,,3582,2024-03-29 06:00:00+00:00,3654,2024-04-01 06:00:00+00:00,STOP,-0.02,72,1,1,1,1,1,0,0,1,1,1,1,1,0,0,1,0,0,0,1,TAKEN
BALANCED,3583,2024-03-29 07:00:00+00:00,2024,TRIGGERED,6,5,6,17,0,,,3584,2024-03-29 08:00:00+00:00,3663,2024-04-01 15:00:00+00:00,STOP,-0.02,79,1,1,1,1,1,1,0,1,1,1,1,1,0,1,1,1,1,1,1,MISSED_ALREADY_POSITIONED
BALANCED,3591,2024-03-29 15:00:00+00:00,2024,TRIGGERED,7,5,6,18,0,,,3592,2024-03-29 16:00:00+00:00,3674,2024-04-02 02:00:00+00:00,STOP,-0.02,82,1,1,1,1,1,1,1,1,1,1,1,1,0,1,1,1,1,1,1,MISSED_ALREADY_POSITIONED
BALANCED,3620,2024-03-30 20:00:00+00:00,2024,TRIGGERED,4,3,2,9,0,,41.0,3621,2024-03-30 21:00:00+00:00,3662,2024-04-01 14:00:00+00:00,STOP,-0.02,41,1,1,1,1,0,0,0,0,1,0,1,1,0,0,1,0,0,0,1,MISSED_ALREADY_POSITIONED
BALANCED,3623,2024-03-30 23:00:00+00:00,2024,TRIGGERED,5,3,3,11,0,,39.0,3624,2024-03-31 00:00:00+00:00,3663,2024-04-01 15:00:00+00:00,STOP,-0.02,39,1,1,1,1,1,0,0,0,1,0,1,1,0,0,1,1,0,0,1,MISSED_ALREADY_POSITIONED
BALANCED,3653,2024-04-01 05:00:00+00:00,2024,TRIGGERED,7,6,6,19,0,,20.0,3654,2024-04-01 06:00:00+00:00,3674,2024-04-02 02:00:00+00:00,STOP,-0.02,20,1,1,1,1,1,1,1,1,1,1,1,1,1,1,1,1,1,1,1,MISSED_ALREADY_POSITIONED
BALANCED,3662,2024-04-01 14:00:00+00:00,2024,TRIGGERED,7,5,6,18,0,,11.0,3663,2024-04-01 15:00:00+00:00,3674,2024-04-02 02:00:00+00:00,STOP,-0.02,11,1,1,1,1,1,1,1,1,1,1,1,0,1,1,1,1,1,1,1,TAKEN
BALANCED,3674,2024-04-02 02:00:00+00:00,2024,TRIGGERED,7,6,6,19,0,63.0,6.0,3675,2024-04-02 03:00:00+00:00,3681,2024-04-02 09:00:00+00:00,STOP,-0.02,6,1,1,1,1,1,1,1,1,1,1,1,1,1,1,1,1,1,1,1,TAKEN
BALANCED,3680,2024-04-02 08:00:00+00:00,2024,TRIGGERED,7,2,4,13,0,56.0,2.0,3681,2024-04-02 09:00:00+00:00,3683,2024-04-02 11:00:00+00:00,STOP,-0.02,2,1,1,1,1,1,1,1,0,1,0,0,1,0,0,1,1,1,1,0,MISSED_ALREADY_POSITIONED
BALANCED,3696,2024-04-03 00:00:00+00:00,2024,TRIGGERED,4,2,4,10,0,37.0,,3697,2024-04-03 01:00:00+00:00,3734,2024-04-04 14:00:00+00:00,TARGET,0.03,37,0,0,0,1,1,1,1,0,0,0,0,1,1,0,0,1,1,1,1,TAKEN
BALANCED,3722,2024-04-04 02:00:00+00:00,2024,TRIGGERED,5,3,4,12,1,11.0,,3723,2024-04-04 03:00:00+00:00,3734,2024-04-04 14:00:00+00:00,TARGET,0.03,11,0,1,1,1,1,0,1,1,1,1,0,0,0,1,0,1,1,0,1,MISSED_ALREADY_POSITIONED
BALANCED,3724,2024-04-04 04:00:00+00:00,2024,TRIGGERED,6,6,2,14,1,9.0,,3725,2024-04-04 05:00:00+00:00,3734,2024-04-04 14:00:00+00:00,TARGET,0.03,9,1,1,0,1,1,1,1,1,1,1,1,1,1,0,0,1,0,0,1,MISSED_ALREADY_POSITIONED
BALANCED,3749,2024-04-05 05:00:00+00:00,2024,TRIGGERED,5,6,5,16,0,41.0,,3750,2024-04-05 06:00:00+00:00,3791,2024-04-06 23:00:00+00:00,TARGET,0.03,41,1,1,1,0,1,1,0,1,1,1,1,1,1,1,0,1,1,1,1,TAKEN
BALANCED,3753,2024-04-05 09:00:00+00:00,2024,TRIGGERED,7,6,4,17,0,36.0,,3754,2024-04-05 10:00:00+00:00,3790,2024-04-06 22:00:00+00:00,TARGET,0.03,36,1,1,1,1,1,1,1,1,1,1,1,1,1,1,0,0,1,1,1,MISSED_ALREADY_POSITIONED
BALANCED,3755,2024-04-05 11:00:00+00:00,2024,TRIGGERED,7,6,4,17,0,34.0,,3756,2024-04-05 12:00:00+00:00,3790,2024-04-06 22:00:00+00:00,TARGET,0.03,34,1,1,1,1,1,1,1,1,1,1,1,1,1,1,1,0,1,0,1,MISSED_ALREADY_POSITIONED
BALANCED,3811,2024-04-07 19:00:00+00:00,2024,TRIGGERED,4,6,5,15,1,12.0,64.0,3812,2024-04-07 20:00:00+00:00,3824,2024-04-08 08:00:00+00:00,TARGET,0.03,12,1,1,1,1,0,0,0,1,1,1,1,1,1,1,0,1,1,1,1,TAKEN
BALANCED,3813,2024-04-07 21:00:00+00:00,2024,TRIGGERED,4,6,3,13,1,10.0,62.0,3814,2024-04-07 22:00:00+00:00,3824,2024-04-08 08:00:00+00:00,TARGET,0.03,10,0,1,1,1,1,0,0,1,1,1,1,1,1,1,1,0,0,0,1,MISSED_ALREADY_POSITIONED
BALANCED,3844,2024-04-09 04:00:00+00:00,2024,TRIGGERED,4,3,3,10,0,,3.0,3845,2024-04-09 05:00:00+00:00,3848,2024-04-09 08:00:00+00:00,STOP,-0.02,3,1,1,0,1,1,0,0,0,0,0,1,1,1,0,0,0,1,1,1,TAKEN
BALANCED,3853,2024-04-09 13:00:00+00:00,2024,TRIGGERED,6,5,6,17,0,,0.0,3854,2024-04-09 14:00:00+00:00,3854,2024-04-09 14:00:00+00:00,STOP,-0.02,0,1,1,1,1,1,1,0,1,1,1,1,1,0,1,1,1,1,1,1,TAKEN
BALANCED,3866,2024-04-10 02:00:00+00:00,2024,TRIGGERED,6,5,6,17,1,19.0,62.0,3867,2024-04-10 03:00:00+00:00,3886,2024-04-10 22:00:00+00:00,TARGET,0.03,19,1,1,1,0,1,1,1,0,1,1,1,1,1,1,1,1,1,1,1,TAKEN
BALANCED,3876,2024-04-10 12:00:00+00:00,2024,TRIGGERED,7,6,6,19,1,9.0,53.0,3877,2024-04-10 13:00:00+00:00,3886,2024-04-10 22:00:00+00:00,TARGET,0.03,9,1,1,1,1,1,1,1,1,1,1,1,1,1,1,1,1,1,1,1,MISSED_ALREADY_POSITIONED
BALANCED,3902,2024-04-11 14:00:00+00:00,2024,TRIGGERED,6,5,5,16,0,,26.0,3903,2024-04-11 15:00:00+00:00,3929,2024-04-12 17:00:00+00:00,STOP,-0.02,26,1,1,1,1,1,1,0,1,1,1,1,1,0,1,1,1,1,1,0,TAKEN
BALANCED,3925,2024-04-12 13:00:00+00:00,2024,TRIGGERED,6,5,6,17,0,,2.0,3926,2024-04-12 14:00:00+00:00,3928,2024-04-12 16:00:00+00:00,STOP,-0.02,2,1,1,1,1,1,1,0,1,1,1,1,1,0,1,1,1,1,1,1,MISSED_ALREADY_POSITIONED
BALANCED,3936,2024-04-13 00:00:00+00:00,2024,TRIGGERED,5,2,3,10,0,,0.0,3937,2024-04-13 01:00:00+00:00,3937,2024-04-13 01:00:00+00:00,STOP,-0.02,0,1,1,0,0,1,1,1,0,0,0,0,1,1,0,0,0,1,1,1,TAKEN
BALANCED,3953,2024-04-13 17:00:00+00:00,2024,TRIGGERED,5,4,6,15,0,,1.0,3954,2024-04-13 18:00:00+00:00,3955,2024-04-13 19:00:00+00:00,STOP,-0.02,1,1,1,1,0,0,1,1,1,1,1,0,1,0,1,1,1,1,1,1,TAKEN
BALANCED,3955,2024-04-13 19:00:00+00:00,2024,TRIGGERED,7,5,6,18,0,,0.0,3956,2024-04-13 20:00:00+00:00,3956,2024-04-13 20:00:00+00:00,STOP,-0.02,0,1,1,1,1,1,1,1,1,1,1,1,1,0,1,1,1,1,1,1,TAKEN
BALANCED,3998,2024-04-15 14:00:00+00:00,2024,TRIGGERED,6,6,6,18,0,,3.0,3999,2024-04-15 15:00:00+00:00,4002,2024-04-15 18:00:00+00:00,STOP,-0.02,3,1,1,1,0,1,1,1,1,1,1,1,1,1,1,1,1,1,1,1,TAKEN
BALANCED,4011,2024-04-16 03:00:00+00:00,2024,TRIGGERED,6,2,5,13,0,,0.0,4012,2024-04-16 04:00:00+00:00,4012,2024-04-16 04:00:00+00:00,STOP,-0.02,0,1,1,1,0,1,1,1,0,0,0,0,1,1,1,1,0,1,1,1,TAKEN
BALANCED,4018,2024-04-16 10:00:00+00:00,2024,TRIGGERED,6,5,5,16,0,67.0,27.0,4019,2024-04-16 11:00:00+00:00,4046,2024-04-17 14:00:00+00:00,STOP,-0.02,27,1,1,0,1,1,1,1,1,1,1,0,1,1,1,0,1,1,1,1,TAKEN
BALANCED,4022,2024-04-16 14:00:00+00:00,2024,TRIGGERED,7,5,6,18,1,6.0,23.0,4023,2024-04-16 15:00:00+00:00,4029,2024-04-16 21:00:00+00:00,TARGET,0.03,6,1,1,1,1,1,1,1,1,1,1,1,1,0,1,1,1,1,1,1,MISSED_ALREADY_POSITIONED
BALANCED,4042,2024-04-17 10:00:00+00:00,2024,TRIGGERED,4,5,2,11,0,44.0,3.0,4043,2024-04-17 11:00:00+00:00,4046,2024-04-17 14:00:00+00:00,STOP,-0.02,3,1,0,1,0,0,1,1,1,1,1,1,1,0,1,1,0,0,0,0,MISSED_ALREADY_POSITIONED
BALANCED,4052,2024-04-17 20:00:00+00:00,2024,TRIGGERED,5,3,2,10,1,14.0,29.0,4053,2024-04-17 21:00:00+00:00,4067,2024-04-18 11:00:00+00:00,TARGET,0.03,14,1,1,0,0,1,1,1,0,1,0,0,1,1,0,1,0,0,0,1,TAKEN
BALANCED,4081,2024-04-19 01:00:00+00:00,2024,TRIGGERED,6,6,6,18,0,4.0,0.0,4082,2024-04-19 02:00:00+00:00,4082,2024-04-19 02:00:00+00:00,STOP,-0.02,0,1,1,1,0,1,1,1,1,1,1,1,1,1,1,1,1,1,1,1,TAKEN
BALANCED,4104,2024-04-20 00:00:00+00:00,2024,TRIGGERED,4,6,4,14,0,26.0,,4105,2024-04-20 01:00:00+00:00,4131,2024-04-21 03:00:00+00:00,TARGET,0.03,26,1,1,1,0,0,1,0,1,1,1,1,1,1,1,1,0,1,1,0,TAKEN
BALANCED,4144,2024-04-21 16:00:00+00:00,2024,TRIGGERED,5,5,5,15,0,24.0,,4145,2024-04-21 17:00:00+00:00,4169,2024-04-22 17:00:00+00:00,TARGET,0.03,24,1,1,1,1,1,0,0,1,1,1,1,1,0,1,0,1,1,1,1,TAKEN
BALANCED,4147,2024-04-21 19:00:00+00:00,2024,TRIGGERED,5,2,3,10,1,21.0,,4148,2024-04-21 20:00:00+00:00,4169,2024-04-22 17:00:00+00:00,TARGET,0.03,21,1,1,1,1,1,0,0,0,0,0,1,1,0,1,1,0,0,0,1,MISSED_ALREADY_POSITIONED
BALANCED,4213,2024-04-24 13:00:00+00:00,2024,TRIGGERED,6,5,5,16,0,,0.0,4214,2024-04-24 14:00:00+00:00,4214,2024-04-24 14:00:00+00:00,STOP,-0.02,0,1,1,1,1,1,1,0,1,1,1,1,1,0,1,0,1,1,1,1,TAKEN
BALANCED,4222,2024-04-24 22:00:00+00:00,2024,TRIGGERED,6,2,3,11,0,,14.0,4223,2024-04-24 23:00:00+00:00,4237,2024-04-25 13:00:00+00:00,STOP,-0.02,14,1,1,1,0,1,1,1,0,0,0,0,1,1,1,0,1,0,0,1,TAKEN
BALANCED,4232,2024-04-25 08:00:00+00:00,2024,TRIGGERED,4,2,3,9,0,,4.0,4233,2024-04-25 09:00:00+00:00,4237,2024-04-25 13:00:00+00:00,STOP,-0.02,4,1,0,0,0,1,1,1,0,0,0,0,1,1,0,0,0,1,1,1,MISSED_ALREADY_POSITIONED
BALANCED,4234,2024-04-25 10:00:00+00:00,2024,TRIGGERED,7,5,6,18,0,,,4235,2024-04-25 11:00:00+00:00,4323,2024-04-29 03:00:00+00:00,STOP,-0.02,88,1,1,1,1,1,1,1,1,1,1,0,1,1,1,1,1,1,1,1,MISSED_ALREADY_POSITIONED
BALANCED,4236,2024-04-25 12:00:00+00:00,2024,TRIGGERED,7,5,6,18,0,,,4237,2024-04-25 13:00:00+00:00,4323,2024-04-29 03:00:00+00:00,STOP,-0.02,86,1,1,1,1,1,1,1,0,1,1,1,1,1,1,1,1,1,1,1,MISSED_ALREADY_POSITIONED
BALANCED,4262,2024-04-26 14:00:00+00:00,2024,TRIGGERED,6,5,6,17,0,,10.0,4263,2024-04-26 15:00:00+00:00,4273,2024-04-27 01:00:00+00:00,STOP,-0.02,10,0,1,1,1,1,1,1,1,1,1,1,1,0,1,1,1,1,1,1,TAKEN
BALANCED,4272,2024-04-27 00:00:00+00:00,2024,TRIGGERED,7,6,5,18,0,,52.0,4273,2024-04-27 01:00:00+00:00,4325,2024-04-29 05:00:00+00:00,STOP,-0.02,52,1,1,1,1,1,1,1,1,1,1,1,1,1,1,0,1,1,1,1,MISSED_ALREADY_POSITIONED
BALANCED,4288,2024-04-27 16:00:00+00:00,2024,TRIGGERED,5,2,3,10,0,,64.0,4289,2024-04-27 17:00:00+00:00,4353,2024-04-30 09:00:00+00:00,STOP,-0.02,64,1,0,1,0,1,1,1,0,1,1,0,0,0,0,1,0,0,1,1,TAKEN
BALANCED,4318,2024-04-28 22:00:00+00:00,2024,TRIGGERED,6,6,4,16,0,,6.0,4319,2024-04-28 23:00:00+00:00,4325,2024-04-29 05:00:00+00:00,STOP,-0.02,6,1,1,0,1,1,1,1,1,1,1,1,1,1,1,0,1,1,1,0,MISSED_ALREADY_POSITIONED
BALANCED,4322,2024-04-29 02:00:00+00:00,2024,TRIGGERED,7,6,6,19,0,,30.0,4323,2024-04-29 03:00:00+00:00,4353,2024-04-30 09:00:00+00:00,STOP,-0.02,30,1,1,1,1,1,1,1,1,1,1,1,1,1,1,1,1,1,1,1,MISSED_ALREADY_POSITIONED
BALANCED,4333,2024-04-29 13:00:00+00:00,2024,TRIGGERED,6,5,6,17,1,9.0,22.0,4334,2024-04-29 14:00:00+00:00,4343,2024-04-29 23:00:00+00:00,TARGET,0.03,9,1,1,1,0,1,1,1,0,1,1,1,1,1,1,1,1,1,1,1,MISSED_ALREADY_POSITIONED
BALANCED,4352,2024-04-30 08:00:00+00:00,2024,TRIGGERED,7,6,6,19,0,,3.0,4353,2024-04-30 09:00:00+00:00,4356,2024-04-30 12:00:00+00:00,STOP,-0.02,3,1,1,1,1,1,1,1,1,1,1,1,1,1,1,1,1,1,1,1,MISSED_ALREADY_POSITIONED
BALANCED,4360,2024-04-30 16:00:00+00:00,2024,TRIGGERED,7,4,6,17,0,,2.0,4361,2024-04-30 17:00:00+00:00,4363,2024-04-30 19:00:00+00:00,STOP,-0.02,2,1,1,1,1,1,1,1,1,0,0,1,1,1,1,1,1,1,1,1,TAKEN
BALANCED,4370,2024-05-01 02:00:00+00:00,2024,TRIGGERED,4,3,3,10,0,59.0,4.0,4371,2024-05-01 03:00:00+00:00,4375,2024-05-01 07:00:00+00:00,STOP,-0.02,4,1,0,0,0,1,1,1,0,1,1,0,1,0,0,0,0,1,1,1,TAKEN
BALANCED,4374,2024-05-01 06:00:00+00:00,2024,TRIGGERED,7,5,5,17,0,54.0,0.0,4375,2024-05-01 07:00:00+00:00,4375,2024-05-01 07:00:00+00:00,STOP,-0.02,0,1,1,1,1,1,1,1,1,1,1,0,1,1,1,1,0,1,1,1,MISSED_ALREADY_POSITIONED
BALANCED,4383,2024-05-01 15:00:00+00:00,2024,TRIGGERED,6,5,6,17,1,2.0,,4384,2024-05-01 16:00:00+00:00,4386,2024-05-01 18:00:00+00:00,TARGET,0.03,2,1,1,1,0,1,1,1,1,1,1,1,1,0,1,1,1,1,1,1,TAKEN
BALANCED,4385,2024-05-01 17:00:00+00:00,2024,TRIGGERED,4,2,3,9,1,0.0,,4386,2024-05-01 18:00:00+00:00,4386,2024-05-01 18:00:00+00:00,TARGET,0.03,0,0,0,1,0,1,1,1,0,0,0,0,1,1,0,0,1,1,1,0,MISSED_ALREADY_POSITIONED
BALANCED,4387,2024-05-01 19:00:00+00:00,2024,TRIGGERED,5,2,6,13,1,16.0,,4388,2024-05-01 20:00:00+00:00,4404,2024-05-02 12:00:00+00:00,TARGET,0.03,16,0,1,1,0,1,1,1,1,0,0,0,0,1,1,1,1,1,1,1,TAKEN
BALANCED,4393,2024-05-02 01:00:00+00:00,2024,TRIGGERED,4,4,5,13,1,10.0,,4394,2024-05-02 02:00:00+00:00,4404,2024-05-02 12:00:00+00:00,TARGET,0.03,10,0,0,1,0,1,1,1,1,1,1,0,0,1,1,1,1,1,1,0,MISSED_ALREADY_POSITIONED
BALANCED,4466,2024-05-05 02:00:00+00:00,2024,TRIGGERED,5,6,2,13,0,29.0,,4467,2024-05-05 03:00:00+00:00,4496,2024-05-06 08:00:00+00:00,TARGET,0.03,29,1,1,1,1,1,0,0,1,1,1,1,1,1,0,1,0,0,0,1,TAKEN
BALANCED,4500,2024-05-06 12:00:00+00:00,2024,TRIGGERED,5,6,6,17,0,,34.0,4501,2024-05-06 13:00:00+00:00,4535,2024-05-07 23:00:00+00:00,STOP,-0.02,34,1,1,1,0,1,1,0,1,1,1,1,1,1,1,1,1,1,1,1,TAKEN
BALANCED,4502,2024-05-06 14:00:00+00:00,2024,TRIGGERED,6,6,6,18,0,,33.0,4503,2024-05-06 15:00:00+00:00,4536,2024-05-08 00:00:00+00:00,STOP,-0.02,33,1,1,1,1,1,1,0,1,1,1,1,1,1,1,1,1,1,1,1,MISSED_ALREADY_POSITIONED
BALANCED,4504,2024-05-06 16:00:00+00:00,2024,TRIGGERED,6,6,6,18,0,,31.0,4505,2024-05-06 17:00:00+00:00,4536,2024-05-08 00:00:00+00:00,STOP,-0.02,31,1,1,1,1,1,1,0,1,1,1,1,1,1,1,1,1,1,1,1,MISSED_ALREADY_POSITIONED
BALANCED,4525,2024-05-07 13:00:00+00:00,2024,TRIGGERED,4,5,6,15,0,,10.0,4526,2024-05-07 14:00:00+00:00,4536,2024-05-08 00:00:00+00:00,STOP,-0.02,10,1,1,1,0,0,1,0,1,1,1,1,1,0,1,1,1,1,1,1,MISSED_ALREADY_POSITIONED
BALANCED,4530,2024-05-07 18:00:00+00:00,2024,TRIGGERED,5,5,4,14,0,,12.0,4531,2024-05-07 19:00:00+00:00,4543,2024-05-08 07:00:00+00:00,STOP,-0.02,12,0,1,1,1,1,1,0,1,1,1,1,1,0,0,0,1,1,1,1,MISSED_ALREADY_POSITIONED
BALANCED,4534,2024-05-07 22:00:00+00:00,2024,TRIGGERED,7,2,4,13,0,,14.0,4535,2024-05-07 23:00:00+00:00,4549,2024-05-08 13:00:00+00:00,STOP,-0.02,14,1,1,1,1,1,1,1,0,0,0,1,1,0,1,1,0,1,1,0,MISSED_ALREADY_POSITIONED
BALANCED,4542,2024-05-08 06:00:00+00:00,2024,TRIGGERED,5,4,4,13,0,,13.0,4543,2024-05-08 07:00:00+00:00,4556,2024-05-08 20:00:00+00:00,STOP,-0.02,13,0,1,0,1,1,1,1,0,1,1,0,1,1,0,0,1,1,1,1,TAKEN
BALANCED,4556,2024-05-08 20:00:00+00:00,2024,TRIGGERED,7,6,6,19,0,,43.0,4557,2024-05-08 21:00:00+00:00,4600,2024-05-10 16:00:00+00:00,STOP,-0.02,43,1,1,1,1,1,1,1,1,1,1,1,1,1,1,1,1,1,1,1,TAKEN
BALANCED,4569,2024-05-09 09:00:00+00:00,2024,TRIGGERED,4,2,4,10,1,12.0,31.0,4570,2024-05-09 10:00:00+00:00,4582,2024-05-09 22:00:00+00:00,TARGET,0.03,12,1,0,0,0,1,1,1,0,1,0,0,1,0,0,0,1,1,1,1,MISSED_ALREADY_POSITIONED
BALANCED,4598,2024-05-10 14:00:00+00:00,2024,TRIGGERED,7,6,6,19,0,66.0,,4599,2024-05-10 15:00:00+00:00,4665,2024-05-13 09:00:00+00:00,TARGET,0.03,66,1,1,1,1,1,1,1,1,1,1,1,1,1,1,1,1,1,1,1,MISSED_ALREADY_POSITIONED
BALANCED,4658,2024-05-13 02:00:00+00:00,2024,TRIGGERED,4,5,6,15,1,5.0,,4659,2024-05-13 03:00:00+00:00,4664,2024-05-13 08:00:00+00:00,TARGET,0.03,5,1,1,1,0,0,0,1,1,1,1,1,0,1,1,1,1,1,1,1,TAKEN
BALANCED,4660,2024-05-13 04:00:00+00:00,2024,TRIGGERED,5,6,4,15,1,3.0,,4661,2024-05-13 05:00:00+00:00,4664,2024-05-13 08:00:00+00:00,TARGET,0.03,3,1,1,1,1,0,0,1,1,1,1,1,1,1,0,1,0,1,1,1,MISSED_ALREADY_POSITIONED
BALANCED,4683,2024-05-14 03:00:00+00:00,2024,TRIGGERED,4,5,3,12,0,33.0,2.0,4684,2024-05-14 04:00:00+00:00,4686,2024-05-14 06:00:00+00:00,STOP,-0.02,2,1,1,1,1,0,0,0,1,1,1,1,1,0,0,1,0,1,1,0,TAKEN
BALANCED,4686,2024-05-14 06:00:00+00:00,2024,TRIGGERED,5,6,5,16,0,29.0,,4687,2024-05-14 07:00:00+00:00,4716,2024-05-15 12:00:00+00:00,TARGET,0.03,29,1,1,0,1,1,1,0,1,1,1,1,1,1,1,0,1,1,1,1,TAKEN
BALANCED,4693,2024-05-14 13:00:00+00:00,2024,TRIGGERED,4,2,3,9,1,22.0,,4694,2024-05-14 14:00:00+00:00,4716,2024-05-15 12:00:00+00:00,TARGET,0.03,22,1,1,0,0,1,1,0,0,0,0,0,1,1,0,0,1,1,1,0,MISSED_ALREADY_POSITIONED
BALANCED,4696,2024-05-14 16:00:00+00:00,2024,TRIGGERED,7,3,5,15,1,19.0,,4697,2024-05-14 17:00:00+00:00,4716,2024-05-15 12:00:00+00:00,TARGET,0.03,19,1,1,1,1,1,1,1,0,0,0,1,1,1,1,0,1,1,1,1,MISSED_ALREADY_POSITIONED
BALANCED,4704,2024-05-15 00:00:00+00:00,2024,TRIGGERED,4,2,4,10,1,11.0,,4705,2024-05-15 01:00:00+00:00,4716,2024-05-15 12:00:00+00:00,TARGET,0.03,11,1,0,0,0,1,1,1,0,0,1,1,0,0,0,1,1,0,1,1,MISSED_ALREADY_POSITIONED
BALANCED,4744,2024-05-16 16:00:00+00:00,2024,TRIGGERED,6,6,5,17,1,22.0,,4745,2024-05-16 17:00:00+00:00,4767,2024-05-17 15:00:00+00:00,TARGET,0.03,22,1,1,1,1,1,1,0,1,1,1,1,1,1,1,1,1,1,1,0,TAKEN
BALANCED,4816,2024-05-19 16:00:00+00:00,2024,TRIGGERED,5,5,4,14,0,26.0,,4817,2024-05-19 17:00:00+00:00,4843,2024-05-20 19:00:00+00:00,TARGET,0.03,26,1,1,1,1,1,0,0,1,1,1,1,1,0,0,0,1,1,1,1,TAKEN
BALANCED,4818,2024-05-19 18:00:00+00:00,2024,TRIGGERED,6,5,2,13,0,24.0,,4819,2024-05-19 19:00:00+00:00,4843,2024-05-20 19:00:00+00:00,TARGET,0.03,24,1,1,1,1,1,1,0,0,1,1,1,1,1,0,1,0,0,0,1,MISSED_ALREADY_POSITIONED
BALANCED,4863,2024-05-21 15:00:00+00:00,2024,TRIGGERED,5,6,6,17,0,,45.0,4864,2024-05-21 16:00:00+00:00,4909,2024-05-23 13:00:00+00:00,STOP,-0.02,45,1,1,1,1,1,0,0,1,1,1,1,1,1,1,1,1,1,1,1,TAKEN
BALANCED,4867,2024-05-21 19:00:00+00:00,2024,TRIGGERED,6,5,6,17,0,,41.0,4868,2024-05-21 20:00:00+00:00,4909,2024-05-23 13:00:00+00:00,STOP,-0.02,41,1,1,1,1,1,1,0,1,1,1,1,1,0,1,1,1,1,1,1,MISSED_ALREADY_POSITIONED
BALANCED,4876,2024-05-22 04:00:00+00:00,2024,TRIGGERED,4,6,5,15,0,,32.0,4877,2024-05-22 05:00:00+00:00,4909,2024-05-23 13:00:00+00:00,STOP,-0.02,32,1,1,0,0,1,1,0,1,1,1,1,1,1,1,0,1,1,1,1,MISSED_ALREADY_POSITIONED
BALANCED,4890,2024-05-22 18:00:00+00:00,2024,TRIGGERED,4,6,5,15,0,,18.0,4891,2024-05-22 19:00:00+00:00,4909,2024-05-23 13:00:00+00:00,STOP,-0.02,18,0,1,1,1,0,1,0,1,1,1,1,1,1,1,0,1,1,1,1,MISSED_ALREADY_POSITIONED
BALANCED,4892,2024-05-22 20:00:00+00:00,2024,TRIGGERED,6,5,4,15,0,,16.0,4893,2024-05-22 21:00:00+00:00,4909,2024-05-23 13:00:00+00:00,STOP,-0.02,16,1,1,1,1,1,1,0,1,1,1,1,1,0,0,1,1,1,1,0,MISSED_ALREADY_POSITIONED
BALANCED,4909,2024-05-23 13:00:00+00:00,2024,TRIGGERED,7,6,6,19,0,,4.0,4910,2024-05-23 14:00:00+00:00,4914,2024-05-23 18:00:00+00:00,STOP,-0.02,4,1,1,1,1,1,1,1,1,1,1,1,1,1,1,1,1,1,1,1,TAKEN
BALANCED,4925,2024-05-24 05:00:00+00:00,2024,TRIGGERED,5,5,4,14,0,29.0,,4926,2024-05-24 06:00:00+00:00,4955,2024-05-25 11:00:00+00:00,TARGET,0.03,29,1,1,0,0,1,1,1,1,1,1,0,1,1,1,0,1,1,1,0,TAKEN
BALANCED,4928,2024-05-24 08:00:00+00:00,2024,TRIGGERED,5,2,3,10,0,25.0,,4929,2024-05-24 09:00:00+00:00,4954,2024-05-25 10:00:00+00:00,TARGET,0.03,25,0,1,0,1,1,1,1,0,0,0,0,1,1,0,0,1,1,1,0,MISSED_ALREADY_POSITIONED
BALANCED,4984,2024-05-26 16:00:00+00:00,2024,TRIGGERED,4,5,3,12,0,,35.0,4985,2024-05-26 17:00:00+00:00,5020,2024-05-28 04:00:00+00:00,STOP,-0.02,35,1,1,1,1,0,0,0,0,1,1,1,1,1,0,0,1,1,1,0,TAKEN
BALANCED,4989,2024-05-26 21:00:00+00:00,2024,TRIGGERED,5,5,4,14,0,,44.0,4990,2024-05-26 22:00:00+00:00,5034,2024-05-28 18:00:00+00:00,STOP,-0.02,44,1,1,0,1,1,1,0,0,1,1,1,1,1,0,0,1,1,1,1,MISSED_ALREADY_POSITIONED
BALANCED,4997,2024-05-27 05:00:00+00:00,2024,TRIGGERED,4,5,5,14,0,,36.0,4998,2024-05-27 06:00:00+00:00,5034,2024-05-28 18:00:00+00:00,STOP,-0.02,36,1,1,0,1,1,0,0,0,1,1,1,1,1,1,0,1,1,1,1,MISSED_ALREADY_POSITIONED
BALANCED,5017,2024-05-28 01:00:00+00:00,2024,TRIGGERED,5,6,6,17,0,,16.0,5018,2024-05-28 02:00:00+00:00,5034,2024-05-28 18:00:00+00:00,STOP,-0.02,16,1,0,1,0,1,1,1,1,1,1,1,1,1,1,1,1,1,1,1,MISSED_ALREADY_POSITIONED
BALANCED,5029,2024-05-28 13:00:00+00:00,2024,TRIGGERED,6,6,5,17,0,,,5030,2024-05-28 14:00:00+00:00,5173,2024-06-03 13:00:00+00:00,TARGET,0.03,143,1,1,1,0,1,1,1,1,1,1,1,1,1,1,1,1,1,1,0,TAKEN
BALANCED,5032,2024-05-28 16:00:00+00:00,2024,TRIGGERED,5,3,6,14,0,,,5033,2024-05-28 17:00:00+00:00,5173,2024-06-03 13:00:00+00:00,TARGET,0.03,140,0,1,1,0,1,1,1,1,0,0,1,1,0,1,1,1,1,1,1,MISSED_ALREADY_POSITIONED
BALANCED,5047,2024-05-29 07:00:00+00:00,2024,TRIGGERED,4,4,6,14,0,,56.0,5048,2024-05-29 08:00:00+00:00,5104,2024-05-31 16:00:00+00:00,STOP,-0.02,56,1,1,0,0,0,1,1,1,1,1,0,1,0,1,1,1,1,1,1,MISSED_ALREADY_POSITIONED
BALANCED,5051,2024-05-29 11:00:00+00:00,2024,TRIGGERED,6,2,3,11,0,,,5052,2024-05-29 12:00:00+00:00,5173,2024-06-03 13:00:00+00:00,TARGET,0.03,121,1,1,1,0,1,1,1,0,0,0,1,1,0,0,1,0,1,0,1,MISSED_ALREADY_POSITIONED
BALANCED,5054,2024-05-29 14:00:00+00:00,2024,TRIGGERED,7,2,4,13,0,,,5055,2024-05-29 15:00:00+00:00,5173,2024-06-03 13:00:00+00:00,TARGET,0.03,118,1,1,1,1,1,1,1,0,0,0,1,1,0,1,1,0,1,1,0,MISSED_ALREADY_POSITIONED
BALANCED,5059,2024-05-29 19:00:00+00:00,2024,TRIGGERED,6,3,3,12,1,21.0,,5060,2024-05-29 20:00:00+00:00,5081,2024-05-30 17:00:00+00:00,TARGET,0.03,21,1,1,1,0,1,1,1,0,1,0,1,1,0,0,1,1,0,0,1,MISSED_ALREADY_POSITIONED
BALANCED,5097,2024-05-31 09:00:00+00:00,2024,TRIGGERED,7,4,3,14,0,,6.0,5098,2024-05-31 10:00:00+00:00,5104,2024-05-31 16:00:00+00:00,STOP,-0.02,6,1,1,1,1,1,1,1,0,1,1,1,1,0,0,1,0,0,1,1,MISSED_ALREADY_POSITIONED
BALANCED,5102,2024-05-31 14:00:00+00:00,2024,TRIGGERED,7,6,6,19,0,69.0,,5103,2024-05-31 15:00:00+00:00,5172,2024-06-03 12:00:00+00:00,TARGET,0.03,69,1,1,1,1,1,1,1,1,1,1,1,1,1,1,1,1,1,1,1,MISSED_ALREADY_POSITIONED
BALANCED,5145,2024-06-02 09:00:00+00:00,2024,TRIGGERED,4,3,4,11,0,26.0,,5146,2024-06-02 10:00:00+00:00,5172,2024-06-03 12:00:00+00:00,TARGET,0.03,26,1,1,0,1,0,0,1,0,1,1,1,0,0,0,0,1,1,1,1,MISSED_ALREADY_POSITIONED
BALANCED,5193,2024-06-04 09:00:00+00:00,2024,TRIGGERED,5,2,3,10,1,6.0,,5194,2024-06-04 10:00:00+00:00,5200,2024-06-04 16:00:00+00:00,TARGET,0.03,6,1,1,1,1,1,0,0,0,0,0,1,1,0,0,0,0,1,1,1,TAKEN
BALANCED,5251,2024-06-06 19:00:00+00:00,2024,TRIGGERED,6,5,6,17,0,,22.0,5252,2024-06-06 20:00:00+00:00,5274,2024-06-07 18:00:00+00:00,STOP,-0.02,22,1,1,1,1,1,1,0,1,1,1,1,1,0,1,1,1,1,1,1,TAKEN
BALANCED,5273,2024-06-07 17:00:00+00:00,2024,TRIGGERED,7,6,6,19,0,,0.0,5274,2024-06-07 18:00:00+00:00,5274,2024-06-07 18:00:00+00:00,STOP,-0.02,0,1,1,1,1,1,1,1,1,1,1,1,1,1,1,1,1,1,1,1,MISSED_ALREADY_POSITIONED
BALANCED,5335,2024-06-10 07:00:00+00:00,2024,TRIGGERED,5,5,5,15,0,,18.0,5336,2024-06-10 08:00:00+00:00,5354,2024-06-11 02:00:00+00:00,STOP,-0.02,18,1,1,1,1,0,0,1,0,1,1,1,1,1,0,1,1,1,1,1,TAKEN
BALANCED,5353,2024-06-11 01:00:00+00:00,2024,TRIGGERED,7,6,6,19,0,,4.0,5354,2024-06-11 02:00:00+00:00,5358,2024-06-11 06:00:00+00:00,STOP,-0.02,4,1,1,1,1,1,1,1,1,1,1,1,1,1,1,1,1,1,1,1,MISSED_ALREADY_POSITIONED
BALANCED,5395,2024-06-12 19:00:00+00:00,2024,TRIGGERED,5,5,6,16,0,,19.0,5396,2024-06-12 20:00:00+00:00,5415,2024-06-13 15:00:00+00:00,STOP,-0.02,19,1,0,1,0,1,1,1,1,1,1,0,1,1,1,1,1,1,1,1,TAKEN
BALANCED,5402,2024-06-13 02:00:00+00:00,2024,TRIGGERED,5,6,5,16,0,,12.0,5403,2024-06-13 03:00:00+00:00,5415,2024-06-13 15:00:00+00:00,STOP,-0.02,12,1,0,1,0,1,1,1,1,1,1,1,1,1,1,1,0,1,1,1,MISSED_ALREADY_POSITIONED
BALANCED,5414,2024-06-13 14:00:00+00:00,2024,TRIGGERED,5,2,4,11,0,,25.0,5415,2024-06-13 15:00:00+00:00,5440,2024-06-14 16:00:00+00:00,STOP,-0.02,25,1,1,0,0,1,1,1,0,0,1,1,0,0,0,0,1,1,1,1,MISSED_ALREADY_POSITIONED
BALANCED,5419,2024-06-13 19:00:00+00:00,2024,TRIGGERED,7,2,2,11,0,,20.0,5420,2024-06-13 20:00:00+00:00,5440,2024-06-14 16:00:00+00:00,STOP,-0.02,20,1,1,1,1,1,1,1,0,0,0,1,1,0,1,1,0,0,0,0,TAKEN
BALANCED,5439,2024-06-14 15:00:00+00:00,2024,TRIGGERED,7,4,6,17,0,,0.0,5440,2024-06-14 16:00:00+00:00,5440,2024-06-14 16:00:00+00:00,STOP,-0.02,0,1,1,1,1,1,1,1,1,1,1,0,1,0,1,1,1,1,1,1,MISSED_ALREADY_POSITIONED
BALANCED,5498,2024-06-17 02:00:00+00:00,2024,TRIGGERED,4,5,3,12,0,,10.0,5499,2024-06-17 03:00:00+00:00,5509,2024-06-17 13:00:00+00:00,STOP,-0.02,10,1,1,1,1,0,0,0,0,1,1,1,1,1,0,0,1,1,1,0,TAKEN
BALANCED,5502,2024-06-17 06:00:00+00:00,2024,TRIGGERED,6,2,5,13,0,,18.0,5503,2024-06-17 07:00:00+00:00,5521,2024-06-18 01:00:00+00:00,STOP,-0.02,18,1,1,1,1,1,0,1,0,0,0,1,0,1,0,1,1,1,1,1,MISSED_ALREADY_POSITIONED
BALANCED,5520,2024-06-18 00:00:00+00:00,2024,TRIGGERED,4,5,6,15,0,,0.0,5521,2024-06-18 01:00:00+00:00,5521,2024-06-18 01:00:00+00:00,STOP,-0.02,0,1,0,0,0,1,1,1,1,1,1,0,1,1,1,1,1,1,1,1,TAKEN
BALANCED,5531,2024-06-18 11:00:00+00:00,2024,TRIGGERED,4,3,2,9,0,,7.0,5532,2024-06-18 12:00:00+00:00,5539,2024-06-18 19:00:00+00:00,STOP,-0.02,7,1,0,0,0,1,1,1,0,1,1,0,1,0,0,0,0,1,1,0,TAKEN
BALANCED,5582,2024-06-20 14:00:00+00:00,2024,TRIGGERED,5,6,4,15,0,,17.0,5583,2024-06-20 15:00:00+00:00,5600,2024-06-21 08:00:00+00:00,STOP,-0.02,17,1,0,1,0,1,1,1,1,1,1,1,1,1,0,0,1,1,1,1,TAKEN
BALANCED,5592,2024-06-21 00:00:00+00:00,2024,TRIGGERED,6,2,2,10,0,,7.0,5593,2024-06-21 01:00:00+00:00,5600,2024-06-21 08:00:00+00:00,STOP,-0.02,7,1,1,1,0,1,1,1,0,1,0,0,1,0,0,0,0,1,0,1,MISSED_ALREADY_POSITIONED
BALANCED,5595,2024-06-21 03:00:00+00:00,2024,TRIGGERED,7,6,4,17,0,,9.0,5596,2024-06-21 04:00:00+00:00,5605,2024-06-21 13:00:00+00:00,STOP,-0.02,9,1,1,1,1,1,1,1,1,1,1,1,1,1,1,0,1,0,1,1,MISSED_ALREADY_POSITIONED
BALANCED,5599,2024-06-21 07:00:00+00:00,2024,TRIGGERED,7,5,6,18,0,,64.0,5600,2024-06-21 08:00:00+00:00,5664,2024-06-24 00:00:00+00:00,STOP,-0.02,64,1,1,1,1,1,1,1,1,1,1,1,1,0,1,1,1,1,1,1,MISSED_ALREADY_POSITIONED
BALANCED,5609,2024-06-21 17:00:00+00:00,2024,TRIGGERED,5,4,3,12,0,,59.0,5610,2024-06-21 18:00:00+00:00,5669,2024-06-24 05:00:00+00:00,STOP,-0.02,59,0,1,1,0,1,1,1,0,1,1,0,1,1,0,0,1,1,1,0,TAKEN
BALANCED,5655,2024-06-23 15:00:00+00:00,2024,TRIGGERED,5,4,4,13,0,,8.0,5656,2024-06-23 16:00:00+00:00,5664,2024-06-24 00:00:00+00:00,STOP,-0.02,8,1,1,1,1,0,0,1,0,1,1,1,1,0,0,1,1,1,1,0,MISSED_ALREADY_POSITIONED
BALANCED,5660,2024-06-23 20:00:00+00:00,2024,TRIGGERED,7,6,6,19,0,,7.0,5661,2024-06-23 21:00:00+00:00,5668,2024-06-24 04:00:00+00:00,STOP,-0.02,7,1,1,1,1,1,1,1,1,1,1,1,1,1,1,1,1,1,1,1,MISSED_ALREADY_POSITIONED
BALANCED,5728,2024-06-26 16:00:00+00:00,2024,TRIGGERED,6,3,3,12,0,,50.0,5729,2024-06-26 17:00:00+00:00,5779,2024-06-28 19:00:00+00:00,STOP,-0.02,50,1,1,1,1,1,0,1,0,1,1,1,0,0,0,0,1,1,0,1,TAKEN
BALANCED,5767,2024-06-28 07:00:00+00:00,2024,TRIGGERED,4,5,5,14,0,65.0,11.0,5768,2024-06-28 08:00:00+00:00,5779,2024-06-28 19:00:00+00:00,STOP,-0.02,11,1,1,1,1,0,0,0,1,1,1,1,1,0,1,1,1,1,1,0,MISSED_ALREADY_POSITIONED
BALANCED,5773,2024-06-28 13:00:00+00:00,2024,TRIGGERED,4,3,4,11,0,59.0,5.0,5774,2024-06-28 14:00:00+00:00,5779,2024-06-28 19:00:00+00:00,STOP,-0.02,5,1,1,1,0,1,0,0,0,1,1,1,0,0,0,1,1,1,1,0,MISSED_ALREADY_POSITIONED
BALANCED,5779,2024-06-28 19:00:00+00:00,2024,TRIGGERED,7,6,6,19,0,48.0,,5780,2024-06-28 20:00:00+00:00,5828,2024-06-30 20:00:00+00:00,TARGET,0.03,48,1,1,1,1,1,1,1,1,1,1,1,1,1,1,1,1,1,1,1,TAKEN
BALANCED,5810,2024-06-30 02:00:00+00:00,2024,TRIGGERED,5,2,4,11,1,19.0,,5811,2024-06-30 03:00:00+00:00,5830,2024-06-30 22:00:00+00:00,TARGET,0.03,19,1,1,1,1,0,0,1,0,1,0,1,0,0,0,0,1,1,1,1,MISSED_ALREADY_POSITIONED
BALANCED,5812,2024-06-30 04:00:00+00:00,2024,TRIGGERED,5,3,2,10,1,17.0,,5813,2024-06-30 05:00:00+00:00,5830,2024-06-30 22:00:00+00:00,TARGET,0.03,17,1,1,1,1,0,0,1,0,1,0,1,1,0,0,1,0,0,0,1,MISSED_ALREADY_POSITIONED
BALANCED,5863,2024-07-02 07:00:00+00:00,2024,TRIGGERED,5,5,5,15,0,,17.0,5864,2024-07-02 08:00:00+00:00,5881,2024-07-03 01:00:00+00:00,STOP,-0.02,17,1,1,1,1,1,0,0,1,1,1,1,1,0,1,1,0,1,1,1,TAKEN
BALANCED,5870,2024-07-02 14:00:00+00:00,2024,TRIGGERED,7,6,6,19,0,,12.0,5871,2024-07-02 15:00:00+00:00,5883,2024-07-03 03:00:00+00:00,STOP,-0.02,12,1,1,1,1,1,1,1,1,1,1,1,1,1,1,1,1,1,1,1,MISSED_ALREADY_POSITIONED
BALANCED,5877,2024-07-02 21:00:00+00:00,2024,TRIGGERED,6,3,2,11,0,,5.0,5878,2024-07-02 22:00:00+00:00,5883,2024-07-03 03:00:00+00:00,STOP,-0.02,5,1,1,1,0,1,1,1,0,1,1,0,1,0,0,1,0,1,0,0,MISSED_ALREADY_POSITIONED
BALANCED,5881,2024-07-03 01:00:00+00:00,2024,TRIGGERED,7,6,5,18,0,,6.0,5882,2024-07-03 02:00:00+00:00,5888,2024-07-03 08:00:00+00:00,STOP,-0.02,6,1,1,1,1,1,1,1,1,1,1,1,1,1,1,0,1,1,1,1,TAKEN
BALANCED,5888,2024-07-03 08:00:00+00:00,2024,TRIGGERED,7,5,6,18,0,,12.0,5889,2024-07-03 09:00:00+00:00,5901,2024-07-03 21:00:00+00:00,STOP,-0.02,12,1,1,1,1,1,1,1,1,1,1,1,1,0,1,1,1,1,1,1,TAKEN
BALANCED,5899,2024-07-03 19:00:00+00:00,2024,TRIGGERED,7,5,6,18,0,,5.0,5900,2024-07-03 20:00:00+00:00,5905,2024-07-04 01:00:00+00:00,STOP,-0.02,5,1,1,1,1,1,1,1,1,1,1,1,1,0,1,1,1,1,1,1,MISSED_ALREADY_POSITIONED
BALANCED,5905,2024-07-04 01:00:00+00:00,2024,TRIGGERED,7,6,6,19,0,,6.0,5906,2024-07-04 02:00:00+00:00,5912,2024-07-04 08:00:00+00:00,STOP,-0.02,6,1,1,1,1,1,1,1,1,1,1,1,1,1,1,1,1,1,1,1,TAKEN
BALANCED,5910,2024-07-04 06:00:00+00:00,2024,TRIGGERED,6,3,4,13,0,,1.0,5911,2024-07-04 07:00:00+00:00,5912,2024-07-04 08:00:00+00:00,STOP,-0.02,1,1,1,0,1,1,1,1,0,1,0,0,1,1,0,0,1,1,1,1,MISSED_ALREADY_POSITIONED
BALANCED,5916,2024-07-04 12:00:00+00:00,2024,TRIGGERED,7,4,6,17,0,,13.0,5917,2024-07-04 13:00:00+00:00,5930,2024-07-05 02:00:00+00:00,STOP,-0.02,13,1,1,1,1,1,1,1,1,1,0,1,1,0,1,1,1,1,1,1,TAKEN
BALANCED,5927,2024-07-04 23:00:00+00:00,2024,TRIGGERED,7,5,6,18,0,,2.0,5928,2024-07-05 00:00:00+00:00,5930,2024-07-05 02:00:00+00:00,STOP,-0.02,2,1,1,1,1,1,1,1,1,1,1,0,1,1,1,1,1,1,1,1,MISSED_ALREADY_POSITIONED
BALANCED,5989,2024-07-07 13:00:00+00:00,2024,TRIGGERED,7,5,6,18,0,62.0,9.0,5990,2024-07-07 14:00:00+00:00,5999,2024-07-07 23:00:00+00:00,STOP,-0.02,9,1,1,1,1,1,1,1,1,1,1,1,1,0,1,1,1,1,1,1,TAKEN
BALANCED,5997,2024-07-07 21:00:00+00:00,2024,TRIGGERED,7,6,5,18,0,54.0,2.0,5998,2024-07-07 22:00:00+00:00,6000,2024-07-08 00:00:00+00:00,STOP,-0.02,2,1,1,1,1,1,1,1,1,1,1,1,1,1,1,0,1,1,1,1,MISSED_ALREADY_POSITIONED
BALANCED,6015,2024-07-08 15:00:00+00:00,2024,TRIGGERED,4,5,5,14,1,14.0,,6016,2024-07-08 16:00:00+00:00,6030,2024-07-09 06:00:00+00:00,TARGET,0.03,14,1,0,0,0,1,1,1,1,1,1,0,1,1,1,1,1,1,1,0,TAKEN
BALANCED,6061,2024-07-10 13:00:00+00:00,2024,TRIGGERED,4,6,5,15,0,,35.0,6062,2024-07-10 14:00:00+00:00,6097,2024-07-12 01:00:00+00:00,STOP,-0.02,35,1,0,1,0,1,1,0,1,1,1,1,1,1,1,0,1,1,1,1,TAKEN
BALANCED,6067,2024-07-10 19:00:00+00:00,2024,TRIGGERED,5,5,2,12,1,16.0,,6068,2024-07-10 20:00:00+00:00,6084,2024-07-11 12:00:00+00:00,TARGET,0.03,16,1,1,1,0,1,1,0,1,1,1,1,1,0,1,1,0,0,0,0,MISSED_ALREADY_POSITIONED
BALANCED,6087,2024-07-11 15:00:00+00:00,2024,TRIGGERED,6,6,5,17,0,54.0,,6088,2024-07-11 16:00:00+00:00,6142,2024-07-13 22:00:00+00:00,TARGET,0.03,54,1,1,1,0,1,1,1,1,1,1,1,1,1,1,1,1,1,1,0,MISSED_ALREADY_POSITIONED
BALANCED,6091,2024-07-11 19:00:00+00:00,2024,TRIGGERED,7,6,6,19,0,50.0,,6092,2024-07-11 20:00:00+00:00,6142,2024-07-13 22:00:00+00:00,TARGET,0.03,50,1,1,1,1,1,1,1,1,1,1,1,1,1,1,1,1,1,1,1,MISSED_ALREADY_POSITIONED
BALANCED,6096,2024-07-12 00:00:00+00:00,2024,TRIGGERED,7,3,3,13,0,45.0,,6097,2024-07-12 01:00:00+00:00,6142,2024-07-13 22:00:00+00:00,TARGET,0.03,45,1,1,1,1,1,1,1,0,1,0,1,1,0,0,1,0,1,0,1,MISSED_ALREADY_POSITIONED
BALANCED,6099,2024-07-12 03:00:00+00:00,2024,TRIGGERED,7,3,4,14,0,29.0,,6100,2024-07-12 04:00:00+00:00,6129,2024-07-13 09:00:00+00:00,TARGET,0.03,29,1,1,1,1,1,1,1,0,1,0,1,1,0,1,1,1,0,0,1,TAKEN
BALANCED,6105,2024-07-12 09:00:00+00:00,2024,TRIGGERED,4,3,2,9,1,23.0,,6106,2024-07-12 10:00:00+00:00,6129,2024-07-13 09:00:00+00:00,TARGET,0.03,23,0,1,0,0,1,1,1,0,0,1,1,0,1,1,1,0,0,0,0,MISSED_ALREADY_POSITIONED
BALANCED,6198,2024-07-16 06:00:00+00:00,2024,TRIGGERED,5,6,6,17,1,9.0,,6199,2024-07-16 07:00:00+00:00,6208,2024-07-16 16:00:00+00:00,TARGET,0.03,9,1,1,1,0,1,1,0,1,1,1,1,1,1,1,1,1,1,1,1,TAKEN
BALANCED,6232,2024-07-17 16:00:00+00:00,2024,TRIGGERED,6,5,5,16,0,47.0,,6233,2024-07-17 17:00:00+00:00,6280,2024-07-19 16:00:00+00:00,TARGET,0.03,47,1,1,1,1,1,1,0,1,1,1,1,1,0,1,0,1,1,1,1,TAKEN
BALANCED,6239,2024-07-17 23:00:00+00:00,2024,TRIGGERED,6,3,2,11,0,40.0,,6240,2024-07-18 00:00:00+00:00,6280,2024-07-19 16:00:00+00:00,TARGET,0.03,40,1,1,1,1,1,1,0,0,1,1,0,1,0,0,1,0,0,0,1,MISSED_ALREADY_POSITIONED
BALANCED,6254,2024-07-18 14:00:00+00:00,2024,TRIGGERED,6,5,6,17,0,25.0,,6255,2024-07-18 15:00:00+00:00,6280,2024-07-19 16:00:00+00:00,TARGET,0.03,25,1,1,1,1,1,1,0,1,1,1,1,1,0,1,1,1,1,1,1,MISSED_ALREADY_POSITIONED
BALANCED,6264,2024-07-19 00:00:00+00:00,2024,TRIGGERED,5,2,4,11,1,13.0,,6265,2024-07-19 01:00:00+00:00,6278,2024-07-19 14:00:00+00:00,TARGET,0.03,13,0,1,1,0,1,1,1,0,1,0,1,0,0,1,1,1,0,0,1,MISSED_ALREADY_POSITIONED
BALANCED,6350,2024-07-22 14:00:00+00:00,2024,TRIGGERED,6,6,6,18,0,,28.0,6351,2024-07-22 15:00:00+00:00,6379,2024-07-23 19:00:00+00:00,STOP,-0.02,28,1,1,1,1,1,1,0,1,1,1,1,1,1,1,1,1,1,1,1,TAKEN
BALANCED,6364,2024-07-23 04:00:00+00:00,2024,TRIGGERED,5,6,6,17,0,,12.0,6365,2024-07-23 05:00:00+00:00,6377,2024-07-23 17:00:00+00:00,STOP,-0.02,12,1,1,1,0,1,1,0,1,1,1,1,1,1,1,1,1,1,1,1,MISSED_ALREADY_POSITIONED
BALANCED,6372,2024-07-23 12:00:00+00:00,2024,TRIGGERED,7,4,3,14,0,,32.0,6373,2024-07-23 13:00:00+00:00,6405,2024-07-24 21:00:00+00:00,STOP,-0.02,32,1,1,1,1,1,1,1,0,1,1,1,1,0,0,0,0,1,1,1,MISSED_ALREADY_POSITIONED
BALANCED,6376,2024-07-23 16:00:00+00:00,2024,TRIGGERED,7,3,6,16,0,,32.0,6377,2024-07-23 17:00:00+00:00,6409,2024-07-25 01:00:00+00:00,STOP,-0.02,32,1,1,1,1,1,1,1,1,0,0,1,0,1,1,1,1,1,1,1,MISSED_ALREADY_POSITIONED
BALANCED,6402,2024-07-24 18:00:00+00:00,2024,TRIGGERED,5,4,6,15,0,42.0,6.0,6403,2024-07-24 19:00:00+00:00,6409,2024-07-25 01:00:00+00:00,STOP,-0.02,6,0,1,1,0,1,1,1,1,1,1,0,1,0,1,1,1,1,1,1,TAKEN
BALANCED,6405,2024-07-24 21:00:00+00:00,2024,TRIGGERED,5,4,5,14,0,39.0,3.0,6406,2024-07-24 22:00:00+00:00,6409,2024-07-25 01:00:00+00:00,STOP,-0.02,3,0,1,0,1,1,1,1,1,0,0,1,1,1,1,0,1,1,1,1,MISSED_ALREADY_POSITIONED
BALANCED,6409,2024-07-25 01:00:00+00:00,2024,TRIGGERED,7,6,6,19,0,24.0,,6410,2024-07-25 02:00:00+00:00,6434,2024-07-26 02:00:00+00:00,TARGET,0.03,24,1,1,1,1,1,1,1,1,1,1,1,1,1,1,1,1,1,1,1,TAKEN
BALANCED,6476,2024-07-27 20:00:00+00:00,2024,TRIGGERED,4,6,4,14,0,40.0,44.0,6477,2024-07-27 21:00:00+00:00,6517,2024-07-29 13:00:00+00:00,TARGET,0.03,40,1,1,0,1,0,1,0,1,1,1,1,1,1,1,0,1,1,1,0,TAKEN
BALANCED,6484,2024-07-28 04:00:00+00:00,2024,TRIGGERED,5,6,4,15,1,21.0,43.0,6485,2024-07-28 05:00:00+00:00,6506,2024-07-29 02:00:00+00:00,TARGET,0.03,21,1,1,0,1,1,1,0,1,1,1,1,1,1,1,1,1,0,0,1,MISSED_ALREADY_POSITIONED
BALANCED,6518,2024-07-29 14:00:00+00:00,2024,TRIGGERED,5,6,6,17,0,,1.0,6519,2024-07-29 15:00:00+00:00,6520,2024-07-29 16:00:00+00:00,STOP,-0.02,1,1,1,1,0,1,1,0,1,1,1,1,1,1,1,1,1,1,1,1,TAKEN
BALANCED,6526,2024-07-29 22:00:00+00:00,2024,TRIGGERED,6,2,3,11,0,,1.0,6527,2024-07-29 23:00:00+00:00,6528,2024-07-30 00:00:00+00:00,STOP,-0.02,1,1,1,1,0,1,1,1,0,0,0,0,1,1,1,1,0,0,0,1,TAKEN
BALANCED,6542,2024-07-30 14:00:00+00:00,2024,TRIGGERED,7,4,6,17,0,,29.0,6543,2024-07-30 15:00:00+00:00,6572,2024-07-31 20:00:00+00:00,STOP,-0.02,29,1,1,1,1,1,1,1,1,0,1,1,1,0,1,1,1,1,1,1,TAKEN
BALANCED,6545,2024-07-30 17:00:00+00:00,2024,TRIGGERED,7,2,4,13,0,,26.0,6546,2024-07-30 18:00:00+00:00,6572,2024-07-31 20:00:00+00:00,STOP,-0.02,26,1,1,1,1,1,1,1,0,0,0,1,1,0,1,0,0,1,1,1,MISSED_ALREADY_POSITIONED
BALANCED,6556,2024-07-31 04:00:00+00:00,2024,TRIGGERED,6,3,5,14,0,,15.0,6557,2024-07-31 05:00:00+00:00,6572,2024-07-31 20:00:00+00:00,STOP,-0.02,15,1,1,0,1,1,1,1,0,1,1,0,1,0,1,0,1,1,1,1,MISSED_ALREADY_POSITIONED
BALANCED,6571,2024-07-31 19:00:00+00:00,2024,TRIGGERED,7,6,6,19,0,,5.0,6572,2024-07-31 20:00:00+00:00,6577,2024-08-01 01:00:00+00:00,STOP,-0.02,5,1,1,1,1,1,1,1,1,1,1,1,1,1,1,1,1,1,1,1,MISSED_ALREADY_POSITIONED
BALANCED,6575,2024-07-31 23:00:00+00:00,2024,TRIGGERED,7,4,3,14,0,,15.0,6576,2024-08-01 00:00:00+00:00,6591,2024-08-01 15:00:00+00:00,STOP,-0.02,15,1,1,1,1,1,1,1,1,0,0,1,1,1,1,1,0,0,0,1,TAKEN
BALANCED,6590,2024-08-01 14:00:00+00:00,2024,TRIGGERED,5,3,6,14,0,,0.0,6591,2024-08-01 15:00:00+00:00,6591,2024-08-01 15:00:00+00:00,STOP,-0.02,0,1,1,0,0,1,1,1,1,1,1,0,0,0,1,1,1,1,1,1,MISSED_ALREADY_POSITIONED
BALANCED,6614,2024-08-02 14:00:00+00:00,2024,TRIGGERED,7,6,6,19,0,,6.0,6615,2024-08-02 15:00:00+00:00,6621,2024-08-02 21:00:00+00:00,STOP,-0.02,6,1,1,1,1,1,1,1,1,1,1,1,1,1,1,1,1,1,1,1,TAKEN
BALANCED,6639,2024-08-03 15:00:00+00:00,2024,TRIGGERED,7,4,6,17,0,,22.0,6640,2024-08-03 16:00:00+00:00,6662,2024-08-04 14:00:00+00:00,STOP,-0.02,22,1,1,1,1,1,1,1,1,1,1,0,1,0,1,1,1,1,1,1,TAKEN
BALANCED,6662,2024-08-04 14:00:00+00:00,2024,TRIGGERED,7,5,6,18,0,,2.0,6663,2024-08-04 15:00:00+00:00,6665,2024-08-04 17:00:00+00:00,STOP,-0.02,2,1,1,1,1,1,1,1,1,1,1,0,1,1,1,1,1,1,1,1,TAKEN
BALANCED,6669,2024-08-04 21:00:00+00:00,2024,TRIGGERED,6,4,6,16,0,,2.0,6670,2024-08-04 22:00:00+00:00,6672,2024-08-05 00:00:00+00:00,STOP,-0.02,2,1,1,0,1,1,1,1,1,0,0,1,1,1,1,1,1,1,1,1,TAKEN
BALANCED,6734,2024-08-07 14:00:00+00:00,2024,TRIGGERED,7,5,5,17,0,21.0,3.0,6735,2024-08-07 15:00:00+00:00,6738,2024-08-07 18:00:00+00:00,STOP,-0.02,3,1,1,1,1,1,1,1,1,1,1,1,1,0,1,0,1,1,1,1,TAKEN
BALANCED,6737,2024-08-07 17:00:00+00:00,2024,TRIGGERED,7,6,5,18,0,8.0,4.0,6738,2024-08-07 18:00:00+00:00,6742,2024-08-07 22:00:00+00:00,STOP,-0.02,4,1,1,1,1,1,1,1,1,1,1,1,1,1,1,1,1,0,1,1,MISSED_ALREADY_POSITIONED
BALANCED,6783,2024-08-09 15:00:00+00:00,2024,TRIGGERED,6,5,5,16,0,41.0,52.0,6784,2024-08-09 16:00:00+00:00,6825,2024-08-11 09:00:00+00:00,TARGET,0.03,41,1,1,1,1,1,1,0,1,1,1,1,1,0,1,1,1,1,0,1,TAKEN
BALANCED,6827,2024-08-11 11:00:00+00:00,2024,TRIGGERED,5,6,5,16,0,,7.0,6828,2024-08-11 12:00:00+00:00,6835,2024-08-11 19:00:00+00:00,STOP,-0.02,7,1,1,1,1,1,0,0,1,1,1,1,1,1,1,0,1,1,1,1,TAKEN
BALANCED,6835,2024-08-11 19:00:00+00:00,2024,TRIGGERED,7,6,6,19,0,64.0,0.0,6836,2024-08-11 20:00:00+00:00,6836,2024-08-11 20:00:00+00:00,STOP,-0.02,0,1,1,1,1,1,1,1,1,1,1,1,1,1,1,1,1,1,1,1,TAKEN
BALANCED,6846,2024-08-12 06:00:00+00:00,2024,TRIGGERED,6,2,3,11,1,7.0,,6847,2024-08-12 07:00:00+00:00,6854,2024-08-12 14:00:00+00:00,TARGET,0.03,7,1,1,1,0,1,1,1,0,0,0,0,1,1,0,0,0,1,1,1,TAKEN
BALANCED,6848,2024-08-12 08:00:00+00:00,2024,TRIGGERED,5,2,5,12,1,5.0,,6849,2024-08-12 09:00:00+00:00,6854,2024-08-12 14:00:00+00:00,TARGET,0.03,5,1,1,0,0,1,1,1,0,0,0,0,1,1,1,1,1,1,1,0,MISSED_ALREADY_POSITIONED
BALANCED,6853,2024-08-12 13:00:00+00:00,2024,TRIGGERED,5,4,6,15,1,0.0,,6854,2024-08-12 14:00:00+00:00,6854,2024-08-12 14:00:00+00:00,TARGET,0.03,0,0,1,1,0,1,1,1,1,1,1,0,0,1,1,1,1,1,1,1,MISSED_ALREADY_POSITIONED
BALANCED,6874,2024-08-13 10:00:00+00:00,2024,TRIGGERED,7,5,4,16,1,5.0,55.0,6875,2024-08-13 11:00:00+00:00,6880,2024-08-13 16:00:00+00:00,TARGET,0.03,5,1,1,1,1,1,1,1,1,1,1,1,1,0,1,0,0,1,1,1,TAKEN
BALANCED,6901,2024-08-14 13:00:00+00:00,2024,TRIGGERED,7,6,6,19,0,,8.0,6902,2024-08-14 14:00:00+00:00,6910,2024-08-14 22:00:00+00:00,STOP,-0.02,8,1,1,1,1,1,1,1,1,1,1,1,1,1,1,1,1,1,1,1,TAKEN
BALANCED,6911,2024-08-14 23:00:00+00:00,2024,TRIGGERED,6,3,3,12,0,,18.0,6912,2024-08-15 00:00:00+00:00,6930,2024-08-15 18:00:00+00:00,STOP,-0.02,18,1,1,1,0,1,1,1,0,1,1,0,1,0,1,1,0,0,0,1,TAKEN
BALANCED,6913,2024-08-15 01:00:00+00:00,2024,TRIGGERED,6,6,5,17,0,,17.0,6914,2024-08-15 02:00:00+00:00,6931,2024-08-15 19:00:00+00:00,STOP,-0.02,17,1,1,1,0,1,1,1,1,1,1,1,1,1,1,1,1,0,1,1,MISSED_ALREADY_POSITIONED
BALANCED,6918,2024-08-15 06:00:00+00:00,2024,TRIGGERED,7,2,5,14,0,67.0,12.0,6919,2024-08-15 07:00:00+00:00,6931,2024-08-15 19:00:00+00:00,STOP,-0.02,12,1,1,1,1,1,1,1,0,0,0,0,1,1,1,0,1,1,1,1,MISSED_ALREADY_POSITIONED
BALANCED,6930,2024-08-15 18:00:00+00:00,2024,TRIGGERED,6,5,6,17,0,24.0,0.0,6931,2024-08-15 19:00:00+00:00,6931,2024-08-15 19:00:00+00:00,STOP,-0.02,0,1,1,1,0,1,1,1,1,1,1,0,1,1,1,1,1,1,1,1,TAKEN
BALANCED,7005,2024-08-18 21:00:00+00:00,2024,TRIGGERED,4,3,4,11,0,69.0,1.0,7006,2024-08-18 22:00:00+00:00,7007,2024-08-18 23:00:00+00:00,STOP,-0.02,1,1,1,1,0,1,0,0,1,0,0,1,0,1,1,1,1,0,0,1,TAKEN
BALANCED,7017,2024-08-19 09:00:00+00:00,2024,TRIGGERED,6,6,6,18,1,14.0,,7018,2024-08-19 10:00:00+00:00,7032,2024-08-20 00:00:00+00:00,TARGET,0.03,14,1,1,1,0,1,1,1,1,1,1,1,1,1,1,1,1,1,1,1,TAKEN
BALANCED,7046,2024-08-20 14:00:00+00:00,2024,TRIGGERED,5,6,6,17,0,28.0,,7047,2024-08-20 15:00:00+00:00,7075,2024-08-21 19:00:00+00:00,TARGET,0.03,28,1,1,1,0,1,1,0,1,1,1,1,1,1,1,1,1,1,1,1,TAKEN
BALANCED,7055,2024-08-20 23:00:00+00:00,2024,TRIGGERED,6,3,3,12,1,19.0,,7056,2024-08-21 00:00:00+00:00,7075,2024-08-21 19:00:00+00:00,TARGET,0.03,19,1,1,1,0,1,1,1,0,1,1,0,1,0,1,1,0,0,0,1,MISSED_ALREADY_POSITIONED
BALANCED,7095,2024-08-22 15:00:00+00:00,2024,TRIGGERED,4,5,4,13,0,25.0,,7096,2024-08-22 16:00:00+00:00,7121,2024-08-23 17:00:00+00:00,TARGET,0.03,25,1,1,0,1,1,0,0,1,1,1,1,1,0,0,0,1,1,1,1,TAKEN
BALANCED,7149,2024-08-24 21:00:00+00:00,2024,TRIGGERED,5,5,6,16,0,,60.0,7150,2024-08-24 22:00:00+00:00,7210,2024-08-27 10:00:00+00:00,STOP,-0.02,60,1,1,1,1,1,0,0,1,1,1,1,1,0,1,1,1,1,1,1,TAKEN
BALANCED,7182,2024-08-26 06:00:00+00:00,2024,TRIGGERED,5,6,4,15,0,,26.0,7183,2024-08-26 07:00:00+00:00,7209,2024-08-27 09:00:00+00:00,STOP,-0.02,26,1,1,1,1,1,0,0,1,1,1,1,1,1,0,0,1,1,1,1,MISSED_ALREADY_POSITIONED
BALANCED,7188,2024-08-26 12:00:00+00:00,2024,TRIGGERED,5,3,5,13,0,,21.0,7189,2024-08-26 13:00:00+00:00,7210,2024-08-27 10:00:00+00:00,STOP,-0.02,21,1,1,1,1,1,0,0,0,1,0,1,0,1,1,0,1,1,1,1,MISSED_ALREADY_POSITIONED
BALANCED,7190,2024-08-26 14:00:00+00:00,2024,TRIGGERED,5,5,5,15,0,,19.0,7191,2024-08-26 15:00:00+00:00,7210,2024-08-27 10:00:00+00:00,STOP,-0.02,19,1,1,0,1,1,1,0,0,1,1,1,1,1,1,0,1,1,1,1,MISSED_ALREADY_POSITIONED
BALANCED,7193,2024-08-26 17:00:00+00:00,2024,TRIGGERED,5,3,5,13,0,,16.0,7194,2024-08-26 18:00:00+00:00,7210,2024-08-27 10:00:00+00:00,STOP,-0.02,16,1,1,0,1,1,1,0,0,0,0,1,1,1,1,1,1,1,1,0,MISSED_ALREADY_POSITIONED
BALANCED,7195,2024-08-26 19:00:00+00:00,2024,TRIGGERED,4,5,6,15,0,,14.0,7196,2024-08-26 20:00:00+00:00,7210,2024-08-27 10:00:00+00:00,STOP,-0.02,14,0,1,0,1,1,1,0,0,1,1,1,1,1,1,1,1,1,1,1,MISSED_ALREADY_POSITIONED
BALANCED,7197,2024-08-26 21:00:00+00:00,2024,TRIGGERED,6,5,5,16,0,,16.0,7198,2024-08-26 22:00:00+00:00,7214,2024-08-27 14:00:00+00:00,STOP,-0.02,16,1,1,0,1,1,1,1,0,1,1,1,1,1,1,0,1,1,1,1,MISSED_ALREADY_POSITIONED
BALANCED,7209,2024-08-27 09:00:00+00:00,2024,TRIGGERED,7,2,4,13,0,,5.0,7210,2024-08-27 10:00:00+00:00,7215,2024-08-27 15:00:00+00:00,STOP,-0.02,5,1,1,1,1,1,1,1,0,0,0,1,1,0,0,1,0,1,1,1,MISSED_ALREADY_POSITIONED
BALANCED,7213,2024-08-27 13:00:00+00:00,2024,TRIGGERED,7,2,3,12,0,,7.0,7214,2024-08-27 14:00:00+00:00,7221,2024-08-27 21:00:00+00:00,STOP,-0.02,7,1,1,1,1,1,1,1,0,0,0,1,1,0,0,1,0,1,1,0,TAKEN
BALANCED,7221,2024-08-27 21:00:00+00:00,2024,TRIGGERED,7,6,6,19,0,,0.0,7222,2024-08-27 22:00:00+00:00,7222,2024-08-27 22:00:00+00:00,STOP,-0.02,0,1,1,1,1,1,1,1,1,1,1,1,1,1,1,1,1,1,1,1,TAKEN
BALANCED,7229,2024-08-28 05:00:00+00:00,2024,TRIGGERED,5,2,4,11,0,,10.0,7230,2024-08-28 06:00:00+00:00,7240,2024-08-28 16:00:00+00:00,STOP,-0.02,10,1,1,0,0,1,1,1,0,0,0,0,1,1,0,1,0,1,1,1,TAKEN
BALANCED,7239,2024-08-28 15:00:00+00:00,2024,TRIGGERED,5,4,4,13,0,23.0,0.0,7240,2024-08-28 16:00:00+00:00,7240,2024-08-28 16:00:00+00:00,STOP,-0.02,0,1,0,0,1,1,1,1,0,1,1,0,1,1,0,0,1,1,1,1,MISSED_ALREADY_POSITIONED
BALANCED,7243,2024-08-28 19:00:00+00:00,2024,TRIGGERED,4,2,5,11,1,18.0,44.0,7244,2024-08-28 20:00:00+00:00,7262,2024-08-29 14:00:00+00:00,TARGET,0.03,18,0,1,0,0,1,1,1,0,0,0,0,1,1,1,1,1,1,1,0,TAKEN
BALANCED,7266,2024-08-29 18:00:00+00:00,2024,TRIGGERED,5,4,6,15,0,,20.0,7267,2024-08-29 19:00:00+00:00,7287,2024-08-30 15:00:00+00:00,STOP,-0.02,20,1,0,1,0,1,1,1,1,1,1,0,1,0,1,1,1,1,1,1,TAKEN
BALANCED,7270,2024-08-29 22:00:00+00:00,2024,TRIGGERED,6,3,5,14,0,,16.0,7271,2024-08-29 23:00:00+00:00,7287,2024-08-30 15:00:00+00:00,STOP,-0.02,16,1,1,1,0,1,1,1,1,0,0,1,1,0,1,0,1,1,1,1,MISSED_ALREADY_POSITIONED
BALANCED,7272,2024-08-30 00:00:00+00:00,2024,TRIGGERED,5,4,2,11,0,,14.0,7273,2024-08-30 01:00:00+00:00,7287,2024-08-30 15:00:00+00:00,STOP,-0.02,14,0,1,1,0,1,1,1,0,1,0,1,1,1,0,1,0,0,0,1,MISSED_ALREADY_POSITIONED
BALANCED,7276,2024-08-30 04:00:00+00:00,2024,TRIGGERED,6,2,2,10,0,,10.0,7277,2024-08-30 05:00:00+00:00,7287,2024-08-30 15:00:00+00:00,STOP,-0.02,10,1,1,1,0,1,1,1,0,1,0,0,1,0,0,1,0,0,0,1,MISSED_ALREADY_POSITIONED
BALANCED,7286,2024-08-30 14:00:00+00:00,2024,TRIGGERED,7,6,6,19,0,,47.0,7287,2024-08-30 15:00:00+00:00,7334,2024-09-01 14:00:00+00:00,STOP,-0.02,47,1,1,1,1,1,1,1,1,1,1,1,1,1,1,1,1,1,1,1,MISSED_ALREADY_POSITIONED
BALANCED,7322,2024-09-01 02:00:00+00:00,2024,TRIGGERED,6,5,5,16,0,,11.0,7323,2024-09-01 03:00:00+00:00,7334,2024-09-01 14:00:00+00:00,STOP,-0.02,11,1,1,0,1,1,1,1,1,1,1,1,1,0,1,0,1,1,1,1,TAKEN
BALANCED,7328,2024-09-01 08:00:00+00:00,2024,TRIGGERED,5,2,4,11,0,,5.0,7329,2024-09-01 09:00:00+00:00,7334,2024-09-01 14:00:00+00:00,STOP,-0.02,5,0,1,0,1,1,1,1,0,0,0,0,1,1,1,1,1,0,0,1,MISSED_ALREADY_POSITIONED
BALANCED,7330,2024-09-01 10:00:00+00:00,2024,TRIGGERED,7,5,6,18,0,,62.0,7331,2024-09-01 11:00:00+00:00,7393,2024-09-04 01:00:00+00:00,STOP,-0.02,62,1,1,1,1,1,1,1,0,1,1,1,1,1,1,1,1,1,1,1,MISSED_ALREADY_POSITIONED
BALANCED,7334,2024-09-01 14:00:00+00:00,2024,TRIGGERED,6,4,5,15,0,35.0,58.0,7335,2024-09-01 15:00:00+00:00,7370,2024-09-03 02:00:00+00:00,TARGET,0.03,35,1,1,0,1,1,1,1,0,0,1,1,1,1,1,0,1,1,1,1,TAKEN
BALANCED,7342,2024-09-01 22:00:00+00:00,2024,TRIGGERED,7,6,6,19,1,21.0,50.0,7343,2024-09-01 23:00:00+00:00,7364,2024-09-02 20:00:00+00:00,TARGET,0.03,21,1,1,1,1,1,1,1,1,1,1,1,1,1,1,1,1,1,1,1,MISSED_ALREADY_POSITIONED
BALANCED,7381,2024-09-03 13:00:00+00:00,2024,TRIGGERED,7,6,6,19,0,,10.0,7382,2024-09-03 14:00:00+00:00,7392,2024-09-04 00:00:00+00:00,STOP,-0.02,10,1,1,1,1,1,1,1,1,1,1,1,1,1,1,1,1,1,1,1,TAKEN
BALANCED,7391,2024-09-03 23:00:00+00:00,2024,TRIGGERED,7,5,6,18,0,,1.0,7392,2024-09-04 00:00:00+00:00,7393,2024-09-04 01:00:00+00:00,STOP,-0.02,1,1,1,1,1,1,1,1,1,1,1,1,1,0,1,1,1,1,1,1,MISSED_ALREADY_POSITIONED
BALANCED,7397,2024-09-04 05:00:00+00:00,2024,TRIGGERED,7,4,6,17,1,9.0,49.0,7398,2024-09-04 06:00:00+00:00,7407,2024-09-04 15:00:00+00:00,TARGET,0.03,9,1,1,1,1,1,1,1,1,1,0,1,1,0,1,1,1,1,1,1,TAKEN
BALANCED,7422,2024-09-05 06:00:00+00:00,2024,TRIGGERED,6,4,5,15,0,,8.0,7423,2024-09-05 07:00:00+00:00,7431,2024-09-05 15:00:00+00:00,STOP,-0.02,8,1,1,1,0,1,1,1,1,1,0,1,1,0,1,0,1,1,1,1,TAKEN
BALANCED,7424,2024-09-05 08:00:00+00:00,2024,TRIGGERED,5,3,2,10,0,,6.0,7425,2024-09-05 09:00:00+00:00,7431,2024-09-05 15:00:00+00:00,STOP,-0.02,6,1,1,0,0,1,1,1,0,1,0,1,1,0,0,1,0,0,0,1,MISSED_ALREADY_POSITIONED
BALANCED,7430,2024-09-05 14:00:00+00:00,2024,TRIGGERED,6,2,6,14,0,,16.0,7431,2024-09-05 15:00:00+00:00,7447,2024-09-06 07:00:00+00:00,STOP,-0.02,16,1,1,1,0,1,1,1,0,0,0,1,1,0,1,1,1,1,1,1,MISSED_ALREADY_POSITIONED
BALANCED,7435,2024-09-05 19:00:00+00:00,2024,TRIGGERED,7,3,5,15,0,,18.0,7436,2024-09-05 20:00:00+00:00,7454,2024-09-06 14:00:00+00:00,STOP,-0.02,18,1,1,1,1,1,1,1,1,0,0,1,1,0,1,0,1,1,1,1,TAKEN
BALANCED,7437,2024-09-05 21:00:00+00:00,2024,TRIGGERED,5,4,3,12,0,,16.0,7438,2024-09-05 22:00:00+00:00,7454,2024-09-06 14:00:00+00:00,STOP,-0.02,16,0,1,0,1,1,1,1,0,1,1,0,1,1,0,0,1,0,1,1,MISSED_ALREADY_POSITIONED
BALANCED,7447,2024-09-06 07:00:00+00:00,2024,TRIGGERED,6,5,5,16,0,,6.0,7448,2024-09-06 08:00:00+00:00,7454,2024-09-06 14:00:00+00:00,STOP,-0.02,6,1,1,0,1,1,1,1,1,1,1,0,1,1,1,0,1,1,1,1,MISSED_ALREADY_POSITIONED
BALANCED,7453,2024-09-06 13:00:00+00:00,2024,TRIGGERED,4,4,6,14,0,,0.0,7454,2024-09-06 14:00:00+00:00,7454,2024-09-06 14:00:00+00:00,STOP,-0.02,0,0,1,0,0,1,1,1,1,1,1,0,0,1,1,1,1,1,1,1,MISSED_ALREADY_POSITIONED
BALANCED,7485,2024-09-07 21:00:00+00:00,2024,TRIGGERED,7,4,5,16,0,39.0,,7486,2024-09-07 22:00:00+00:00,7525,2024-09-09 13:00:00+00:00,TARGET,0.03,39,1,1,1,1,1,1,1,1,1,1,0,1,0,1,1,1,0,1,1,TAKEN
BALANCED,7503,2024-09-08 15:00:00+00:00,2024,TRIGGERED,7,6,6,19,1,17.0,,7504,2024-09-08 16:00:00+00:00,7521,2024-09-09 09:00:00+00:00,TARGET,0.03,17,1,1,1,1,1,1,1,1,1,1,1,1,1,1,1,1,1,1,1,MISSED_ALREADY_POSITIONED
BALANCED,7561,2024-09-11 01:00:00+00:00,2024,TRIGGERED,5,6,6,17,0,61.0,11.0,7562,2024-09-11 02:00:00+00:00,7573,2024-09-11 13:00:00+00:00,STOP,-0.02,11,1,1,1,0,1,1,0,1,1,1,1,1,1,1,1,1,1,1,1,TAKEN
BALANCED,7564,2024-09-11 04:00:00+00:00,2024,TRIGGERED,6,4,5,15,0,21.0,9.0,7565,2024-09-11 05:00:00+00:00,7574,2024-09-11 14:00:00+00:00,STOP,-0.02,9,1,1,1,1,1,1,0,1,0,0,1,1,1,1,0,1,1,1,1,MISSED_ALREADY_POSITIONED
BALANCED,7573,2024-09-11 13:00:00+00:00,2024,TRIGGERED,7,6,6,19,1,3.0,,7574,2024-09-11 14:00:00+00:00,7577,2024-09-11 17:00:00+00:00,TARGET,0.03,3,1,1,1,1,1,1,1,1,1,1,1,1,1,1,1,1,1,1,1,TAKEN
BALANCED,7599,2024-09-12 15:00:00+00:00,2024,TRIGGERED,4,4,4,12,1,23.0,,7600,2024-09-12 16:00:00+00:00,7623,2024-09-13 15:00:00+00:00,TARGET,0.03,23,1,1,1,0,1,0,0,1,1,0,1,1,0,0,1,1,1,1,0,TAKEN
BALANCED,7673,2024-09-15 17:00:00+00:00,2024,TRIGGERED,4,6,4,14,0,,5.0,7674,2024-09-15 18:00:00+00:00,7679,2024-09-15 23:00:00+00:00,STOP,-0.02,5,1,1,1,1,0,0,0,1,1,1,1,1,1,0,0,1,1,1,1,TAKEN
BALANCED,7676,2024-09-15 20:00:00+00:00,2024,TRIGGERED,4,2,3,9,0,,2.0,7677,2024-09-15 21:00:00+00:00,7679,2024-09-15 23:00:00+00:00,STOP,-0.02,2,1,1,1,1,0,0,0,0,0,0,1,1,0,0,0,1,1,0,1,MISSED_ALREADY_POSITIONED
BALANCED,7693,2024-09-16 13:00:00+00:00,2024,TRIGGERED,4,2,3,9,0,25.0,3.0,7694,2024-09-16 14:00:00+00:00,7697,2024-09-16 17:00:00+00:00,STOP,-0.02,3,1,0,0,0,1,1,1,0,0,0,0,1,1,0,0,1,1,1,0,TAKEN
BALANCED,7700,2024-09-16 20:00:00+00:00,2024,TRIGGERED,7,5,5,17,1,17.0,,7701,2024-09-16 21:00:00+00:00,7718,2024-09-17 14:00:00+00:00,TARGET,0.03,17,1,1,1,1,1,1,1,0,1,1,1,1,1,1,1,1,1,1,0,TAKEN
BALANCED,7704,2024-09-17 00:00:00+00:00,2024,TRIGGERED,5,2,6,13,1,13.0,,7705,2024-09-17 01:00:00+00:00,7718,2024-09-17 14:00:00+00:00,TARGET,0.03,13,0,1,1,0,1,1,1,0,1,1,0,0,0,1,1,1,1,1,1,MISSED_ALREADY_POSITIONED
BALANCED,7737,2024-09-18 09:00:00+00:00,2024,TRIGGERED,6,6,6,18,1,13.0,,7738,2024-09-18 10:00:00+00:00,7751,2024-09-18 23:00:00+00:00,TARGET,0.03,13,1,1,1,1,1,1,0,1,1,1,1,1,1,1,1,1,1,1,1,TAKEN
BALANCED,7741,2024-09-18 13:00:00+00:00,2024,TRIGGERED,6,5,5,16,1,9.0,,7742,2024-09-18 14:00:00+00:00,7751,2024-09-18 23:00:00+00:00,TARGET,0.03,9,1,1,1,1,1,1,0,1,1,1,1,1,0,1,1,1,1,1,0,MISSED_ALREADY_POSITIONED
BALANCED,7789,2024-09-20 13:00:00+00:00,2024,TRIGGERED,4,5,6,15,0,,,7790,2024-09-20 14:00:00+00:00,7934,2024-09-26 14:00:00+00:00,TARGET,0.03,144,1,1,1,0,1,0,0,1,1,1,1,1,0,1,1,1,1,1,1,TAKEN
BALANCED,7792,2024-09-20 16:00:00+00:00,2024,TRIGGERED,4,3,3,10,0,,,7793,2024-09-20 17:00:00+00:00,7934,2024-09-26 14:00:00+00:00,TARGET,0.03,141,1,1,1,0,1,0,0,1,0,0,1,1,0,1,1,0,1,0,0,MISSED_ALREADY_POSITIONED
BALANCED,7826,2024-09-22 02:00:00+00:00,2024,TRIGGERED,4,4,2,10,0,,,7827,2024-09-22 03:00:00+00:00,7934,2024-09-26 14:00:00+00:00,TARGET,0.03,107,1,1,1,1,0,0,0,0,1,1,1,1,0,0,0,1,0,0,1,MISSED_ALREADY_POSITIONED
BALANCED,7830,2024-09-22 06:00:00+00:00,2024,TRIGGERED,4,4,3,11,0,,,7831,2024-09-22 07:00:00+00:00,7934,2024-09-26 14:00:00+00:00,TARGET,0.03,103,1,1,1,1,0,0,0,0,1,1,1,1,0,0,1,1,0,0,1,MISSED_ALREADY_POSITIONED
BALANCED,7834,2024-09-22 10:00:00+00:00,2024,TRIGGERED,6,5,2,13,1,16.0,,7835,2024-09-22 11:00:00+00:00,7851,2024-09-23 03:00:00+00:00,TARGET,0.03,16,1,1,1,1,1,1,0,0,1,1,1,1,1,0,0,1,0,0,1,MISSED_ALREADY_POSITIONED
BALANCED,7837,2024-09-22 13:00:00+00:00,2024,TRIGGERED,6,2,5,13,1,13.0,,7838,2024-09-22 14:00:00+00:00,7851,2024-09-23 03:00:00+00:00,TARGET,0.03,13,1,1,1,1,1,1,0,0,0,0,1,0,1,0,1,1,1,1,1,MISSED_ALREADY_POSITIONED
BALANCED,7872,2024-09-24 00:00:00+00:00,2024,TRIGGERED,6,5,6,17,0,61.0,,7873,2024-09-24 01:00:00+00:00,7934,2024-09-26 14:00:00+00:00,TARGET,0.03,61,1,1,1,1,1,1,0,1,1,1,1,1,0,1,1,1,1,1,1,MISSED_ALREADY_POSITIONED
BALANCED,7911,2024-09-25 15:00:00+00:00,2024,TRIGGERED,4,2,6,12,0,25.0,,7912,2024-09-25 16:00:00+00:00,7937,2024-09-26 17:00:00+00:00,TARGET,0.03,25,0,1,1,0,1,1,0,0,1,0,1,0,0,1,1,1,1,1,1,MISSED_ALREADY_POSITIONED
BALANCED,7915,2024-09-25 19:00:00+00:00,2024,TRIGGERED,7,3,3,13,1,19.0,,7916,2024-09-25 20:00:00+00:00,7935,2024-09-26 15:00:00+00:00,TARGET,0.03,19,1,1,1,1,1,1,1,0,1,0,1,1,0,0,1,0,1,0,1,MISSED_ALREADY_POSITIONED
BALANCED,7919,2024-09-25 23:00:00+00:00,2024,TRIGGERED,6,3,3,12,1,15.0,,7920,2024-09-26 00:00:00+00:00,7935,2024-09-26 15:00:00+00:00,TARGET,0.03,15,0,1,1,1,1,1,1,0,1,1,0,1,0,0,0,0,1,1,1,MISSED_ALREADY_POSITIONED
BALANCED,7976,2024-09-28 08:00:00+00:00,2024,TRIGGERED,4,5,2,11,0,,41.0,7977,2024-09-28 09:00:00+00:00,8018,2024-09-30 02:00:00+00:00,STOP,-0.02,41,1,1,1,1,0,0,0,1,1,1,1,1,0,0,1,0,0,0,1,TAKEN
BALANCED,7998,2024-09-29 06:00:00+00:00,2024,TRIGGERED,4,4,2,10,0,,19.0,7999,2024-09-29 07:00:00+00:00,8018,2024-09-30 02:00:00+00:00,STOP,-0.02,19,1,1,1,1,0,0,0,0,1,1,1,1,0,0,1,0,0,0,1,MISSED_ALREADY_POSITIONED
BALANCED,8017,2024-09-30 01:00:00+00:00,2024,TRIGGERED,7,6,6,19,0,,7.0,8018,2024-09-30 02:00:00+00:00,8025,2024-09-30 09:00:00+00:00,STOP,-0.02,7,1,1,1,1,1,1,1,1,1,1,1,1,1,1,1,1,1,1,1,MISSED_ALREADY_POSITIONED
BALANCED,8023,2024-09-30 07:00:00+00:00,2024,TRIGGERED,5,2,3,10,0,,2.0,8024,2024-09-30 08:00:00+00:00,8026,2024-09-30 10:00:00+00:00,STOP,-0.02,2,0,1,1,0,1,1,1,0,0,0,0,1,1,0,0,1,1,1,0,TAKEN
BALANCED,8029,2024-09-30 13:00:00+00:00,2024,TRIGGERED,4,2,4,10,0,,23.0,8030,2024-09-30 14:00:00+00:00,8053,2024-10-01 13:00:00+00:00,STOP,-0.02,23,0,1,0,0,1,1,1,0,0,0,0,1,1,0,1,0,1,1,1,TAKEN
BALANCED,8031,2024-09-30 15:00:00+00:00,2024,TRIGGERED,6,4,5,15,0,,22.0,8032,2024-09-30 16:00:00+00:00,8054,2024-10-01 14:00:00+00:00,STOP,-0.02,22,1,1,1,0,1,1,1,0,1,1,0,1,1,0,1,1,1,1,1,MISSED_ALREADY_POSITIONED
BALANCED,8034,2024-09-30 18:00:00+00:00,2024,TRIGGERED,7,2,5,14,0,,20.0,8035,2024-09-30 19:00:00+00:00,8055,2024-10-01 15:00:00+00:00,STOP,-0.02,20,1,1,1,1,1,1,1,0,0,0,0,1,1,1,0,1,1,1,1,MISSED_ALREADY_POSITIONED
BALANCED,8039,2024-09-30 23:00:00+00:00,2024,TRIGGERED,6,4,4,14,0,,15.0,8040,2024-10-01 00:00:00+00:00,8055,2024-10-01 15:00:00+00:00,STOP,-0.02,15,1,1,0,1,1,1,1,0,1,1,0,1,1,0,0,1,1,1,1,MISSED_ALREADY_POSITIONED
BALANCED,8053,2024-10-01 13:00:00+00:00,2024,TRIGGERED,7,6,6,19,0,,3.0,8054,2024-10-01 14:00:00+00:00,8057,2024-10-01 17:00:00+00:00,STOP,-0.02,3,1,1,1,1,1,1,1,1,1,1,1,1,1,1,1,1,1,1,1,TAKEN
BALANCED,8074,2024-10-02 10:00:00+00:00,2024,TRIGGERED,4,4,4,12,0,,8.0,8075,2024-10-02 11:00:00+00:00,8083,2024-10-02 19:00:00+00:00,STOP,-0.02,8,1,0,0,0,1,1,1,0,1,1,0,1,1,0,1,0,1,1,1,TAKEN
BALANCED,8082,2024-10-02 18:00:00+00:00,2024,TRIGGERED,6,3,6,15,0,,,8083,2024-10-02 19:00:00+00:00,8174,2024-10-06 14:00:00+00:00,TARGET,0.03,91,1,1,1,0,1,1,1,1,1,1,0,0,0,1,1,1,1,1,1,MISSED_ALREADY_POSITIONED
BALANCED,8096,2024-10-03 08:00:00+00:00,2024,TRIGGERED,7,5,6,18,0,33.0,,8097,2024-10-03 09:00:00+00:00,8130,2024-10-04 18:00:00+00:00,TARGET,0.03,33,1,1,1,1,1,1,1,1,1,1,0,1,1,1,1,1,1,1,1,TAKEN
BALANCED,8100,2024-10-03 12:00:00+00:00,2024,TRIGGERED,4,4,5,13,0,31.0,,8101,2024-10-03 13:00:00+00:00,8132,2024-10-04 20:00:00+00:00,TARGET,0.03,31,0,1,0,0,1,1,1,1,1,0,1,1,0,1,1,0,1,1,1,MISSED_ALREADY_POSITIONED
BALANCED,8104,2024-10-03 16:00:00+00:00,2024,TRIGGERED,6,2,6,14,1,23.0,,8105,2024-10-03 17:00:00+00:00,8128,2024-10-04 16:00:00+00:00,TARGET,0.03,23,0,1,1,1,1,1,1,0,0,0,1,1,0,1,1,1,1,1,1,MISSED_ALREADY_POSITIONED
BALANCED,8154,2024-10-05 18:00:00+00:00,2024,TRIGGERED,4,4,2,10,0,30.0,,8155,2024-10-05 19:00:00+00:00,8185,2024-10-07 01:00:00+00:00,TARGET,0.03,30,1,1,1,1,0,0,0,0,1,1,1,1,0,0,1,0,0,0,1,TAKEN
BALANCED,8156,2024-10-05 20:00:00+00:00,2024,TRIGGERED,5,4,2,11,0,28.0,,8157,2024-10-05 21:00:00+00:00,8185,2024-10-07 01:00:00+00:00,TARGET,0.03,28,1,1,1,1,1,0,0,0,1,1,1,1,0,0,1,0,0,0,1,MISSED_ALREADY_POSITIONED
BALANCED,8202,2024-10-07 18:00:00+00:00,2024,TRIGGERED,5,5,6,16,0,,41.0,8203,2024-10-07 19:00:00+00:00,8244,2024-10-09 12:00:00+00:00,STOP,-0.02,41,1,1,1,0,1,1,0,1,1,1,1,0,1,1,1,1,1,1,1,TAKEN
BALANCED,8206,2024-10-07 22:00:00+00:00,2024,TRIGGERED,6,6,6,18,0,,43.0,8207,2024-10-07 23:00:00+00:00,8250,2024-10-09 18:00:00+00:00,STOP,-0.02,43,1,1,1,1,1,1,0,1,1,1,1,1,1,1,1,1,1,1,1,MISSED_ALREADY_POSITIONED
BALANCED,8215,2024-10-08 07:00:00+00:00,2024,TRIGGERED,7,3,3,13,0,,34.0,8216,2024-10-08 08:00:00+00:00,8250,2024-10-09 18:00:00+00:00,STOP,-0.02,34,1,1,1,1,1,1,1,0,1,1,0,1,0,0,0,0,1,1,1,MISSED_ALREADY_POSITIONED
BALANCED,8223,2024-10-08 15:00:00+00:00,2024,TRIGGERED,4,2,5,11,0,,26.0,8224,2024-10-08 16:00:00+00:00,8250,2024-10-09 18:00:00+00:00,STOP,-0.02,26,0,1,0,0,1,1,1,1,0,0,0,0,1,1,0,1,1,1,1,MISSED_ALREADY_POSITIONED
BALANCED,8226,2024-10-08 18:00:00+00:00,2024,TRIGGERED,6,3,6,15,0,,24.0,8227,2024-10-08 19:00:00+00:00,8251,2024-10-09 19:00:00+00:00,STOP,-0.02,24,0,1,1,1,1,1,1,1,0,0,1,1,0,1,1,1,1,1,1,MISSED_ALREADY_POSITIONED
BALANCED,8232,2024-10-09 00:00:00+00:00,2024,TRIGGERED,5,3,3,11,0,,18.0,8233,2024-10-09 01:00:00+00:00,8251,2024-10-09 19:00:00+00:00,STOP,-0.02,18,0,1,1,1,0,1,1,0,1,1,0,1,0,0,0,0,1,1,1,MISSED_ALREADY_POSITIONED
BALANCED,8244,2024-10-09 12:00:00+00:00,2024,TRIGGERED,6,4,5,15,0,,6.0,8245,2024-10-09 13:00:00+00:00,8251,2024-10-09 19:00:00+00:00,STOP,-0.02,6,1,1,0,1,1,1,1,0,1,1,1,1,0,1,0,1,1,1,1,TAKEN
BALANCED,8250,2024-10-09 18:00:00+00:00,2024,TRIGGERED,7,5,6,18,0,48.0,22.0,8251,2024-10-09 19:00:00+00:00,8273,2024-10-10 17:00:00+00:00,STOP,-0.02,22,1,1,1,1,1,1,1,1,1,1,1,1,0,1,1,1,1,1,1,MISSED_ALREADY_POSITIONED
BALANCED,8256,2024-10-10 00:00:00+00:00,2024,TRIGGERED,7,3,5,15,0,38.0,17.0,8257,2024-10-10 01:00:00+00:00,8274,2024-10-10 18:00:00+00:00,STOP,-0.02,17,1,1,1,1,1,1,1,0,1,1,0,1,0,0,1,1,1,1,1,TAKEN
BALANCED,8270,2024-10-10 14:00:00+00:00,2024,TRIGGERED,6,5,6,17,0,26.0,3.0,8271,2024-10-10 15:00:00+00:00,8274,2024-10-10 18:00:00+00:00,STOP,-0.02,3,1,1,1,0,1,1,1,1,1,1,0,1,1,1,1,1,1,1,1,MISSED_ALREADY_POSITIONED
BALANCED,8272,2024-10-10 16:00:00+00:00,2024,TRIGGERED,7,4,6,17,0,22.0,1.0,8273,2024-10-10 17:00:00+00:00,8274,2024-10-10 18:00:00+00:00,STOP,-0.02,1,1,1,1,1,1,1,1,1,1,1,0,1,0,1,1,1,1,1,1,MISSED_ALREADY_POSITIONED
BALANCED,8331,2024-10-13 03:00:00+00:00,2024,TRIGGERED,4,5,2,11,0,28.0,,8332,2024-10-13 04:00:00+00:00,8360,2024-10-14 08:00:00+00:00,TARGET,0.03,28,1,1,1,1,0,0,0,1,1,1,1,1,0,0,1,0,0,0,1,TAKEN
BALANCED,8339,2024-10-13 11:00:00+00:00,2024,TRIGGERED,5,4,5,14,1,19.0,,8340,2024-10-13 12:00:00+00:00,8359,2024-10-14 07:00:00+00:00,TARGET,0.03,19,1,1,1,1,1,0,0,0,1,1,1,1,0,0,1,1,1,1,1,MISSED_ALREADY_POSITIONED
BALANCED,8342,2024-10-13 14:00:00+00:00,2024,TRIGGERED,6,5,6,17,1,12.0,,8343,2024-10-13 15:00:00+00:00,8355,2024-10-14 03:00:00+00:00,TARGET,0.03,12,1,1,1,1,1,1,0,1,1,1,1,1,0,1,1,1,1,1,1,MISSED_ALREADY_POSITIONED
BALANCED,8428,2024-10-17 04:00:00+00:00,2024,TRIGGERED,5,5,3,13,0,,,8429,2024-10-17 05:00:00+00:00,8520,2024-10-21 00:00:00+00:00,TARGET,0.03,91,1,1,1,1,1,0,0,1,1,1,1,1,0,1,1,0,0,0,1,TAKEN
BALANCED,8430,2024-10-17 06:00:00+00:00,2024,TRIGGERED,5,5,3,13,0,,,8431,2024-10-17 07:00:00+00:00,8518,2024-10-20 22:00:00+00:00,TARGET,0.03,87,1,1,1,1,1,0,0,1,1,1,1,1,0,0,1,0,0,1,1,MISSED_ALREADY_POSITIONED
BALANCED,8435,2024-10-17 11:00:00+00:00,2024,TRIGGERED,6,5,6,17,0,,,8436,2024-10-17 12:00:00+00:00,8518,2024-10-20 22:00:00+00:00,TARGET,0.03,82,1,1,1,1,1,1,0,1,1,1,1,1,0,1,1,1,1,1,1,MISSED_ALREADY_POSITIONED
BALANCED,8443,2024-10-17 19:00:00+00:00,2024,TRIGGERED,6,4,2,12,0,,,8444,2024-10-17 20:00:00+00:00,8518,2024-10-20 22:00:00+00:00,TARGET,0.03,74,1,1,1,1,1,1,0,0,1,1,1,1,0,0,1,0,0,0,1,MISSED_ALREADY_POSITIONED
BALANCED,8483,2024-10-19 11:00:00+00:00,2024,TRIGGERED,5,4,2,11,0,,51.0,8484,2024-10-19 12:00:00+00:00,8535,2024-10-21 15:00:00+00:00,STOP,-0.02,51,1,1,1,1,1,0,0,0,1,1,1,1,0,0,1,0,0,0,1,MISSED_ALREADY_POSITIONED
BALANCED,8528,2024-10-21 08:00:00+00:00,2024,TRIGGERED,6,6,5,17,0,,5.0,8529,2024-10-21 09:00:00+00:00,8534,2024-10-21 14:00:00+00:00,STOP,-0.02,5,1,1,1,1,1,1,0,1,1,1,1,1,1,0,1,1,1,1,1,TAKEN
BALANCED,8543,2024-10-21 23:00:00+00:00,2024,TRIGGERED,5,3,5,13,0,,33.0,8544,2024-10-22 00:00:00+00:00,8577,2024-10-23 09:00:00+00:00,STOP,-0.02,33,1,1,0,0,1,1,1,0,1,1,1,0,0,1,1,0,1,1,1,TAKEN
BALANCED,8552,2024-10-22 08:00:00+00:00,2024,TRIGGERED,6,4,6,16,0,,32.0,8553,2024-10-22 09:00:00+00:00,8585,2024-10-23 17:00:00+00:00,STOP,-0.02,32,1,1,0,1,1,1,1,1,1,1,0,1,0,1,1,1,1,1,1,MISSED_ALREADY_POSITIONED
BALANCED,8556,2024-10-22 12:00:00+00:00,2024,TRIGGERED,5,2,6,13,0,,27.0,8557,2024-10-22 13:00:00+00:00,8584,2024-10-23 16:00:00+00:00,STOP,-0.02,27,0,1,0,1,1,1,1,0,0,0,1,0,1,1,1,1,1,1,1,MISSED_ALREADY_POSITIONED
BALANCED,8574,2024-10-23 06:00:00+00:00,2024,TRIGGERED,5,2,2,9,0,,10.0,8575,2024-10-23 07:00:00+00:00,8585,2024-10-23 17:00:00+00:00,STOP,-0.02,10,1,1,1,0,0,1,1,0,0,0,1,1,0,0,1,0,0,1,0,MISSED_ALREADY_POSITIONED
BALANCED,8584,2024-10-23 16:00:00+00:00,2024,TRIGGERED,7,5,6,18,0,26.0,,8585,2024-10-23 17:00:00+00:00,8611,2024-10-24 19:00:00+00:00,TARGET,0.03,26,1,1,1,1,1,1,1,1,1,1,1,1,0,1,1,1,1,1,1,TAKEN
BALANCED,8623,2024-10-25 07:00:00+00:00,2024,TRIGGERED,4,5,4,13,0,,10.0,8624,2024-10-25 08:00:00+00:00,8634,2024-10-25 18:00:00+00:00,STOP,-0.02,10,1,1,1,1,0,0,0,1,1,0,1,1,1,0,0,1,1,1,1,TAKEN
BALANCED,8633,2024-10-25 17:00:00+00:00,2024,TRIGGERED,7,6,6,19,0,66.0,5.0,8634,2024-10-25 18:00:00+00:00,8639,2024-10-25 23:00:00+00:00,STOP,-0.02,5,1,1,1,1,1,1,1,1,1,1,1,1,1,1,1,1,1,1,1,MISSED_ALREADY_POSITIONED
BALANCED,8638,2024-10-25 22:00:00+00:00,2024,TRIGGERED,7,3,5,15,0,59.0,,8639,2024-10-25 23:00:00+00:00,8698,2024-10-28 10:00:00+00:00,TARGET,0.03,59,1,1,1,1,1,1,1,1,0,0,1,1,0,1,1,1,1,0,1,TAKEN
BALANCED,8747,2024-10-30 11:00:00+00:00,2024,TRIGGERED,4,4,5,13,0,,26.0,8748,2024-10-30 12:00:00+00:00,8774,2024-10-31 14:00:00+00:00,STOP,-0.02,26,0,1,1,1,1,0,0,1,1,1,1,0,0,1,1,0,1,1,1,TAKEN
BALANCED,8773,2024-10-31 13:00:00+00:00,2024,TRIGGERED,6,6,6,18,0,,5.0,8774,2024-10-31 14:00:00+00:00,8779,2024-10-31 19:00:00+00:00,STOP,-0.02,5,1,1,1,1,1,1,0,1,1,1,1,1,1,1,1,1,1,1,1,MISSED_ALREADY_POSITIONED
BALANCED,8778,2024-10-31 18:00:00+00:00,2024,TRIGGERED,7,2,4,13,0,,6.0,8779,2024-10-31 19:00:00+00:00,8785,2024-11-01 01:00:00+00:00,STOP,-0.02,6,1,1,1,1,1,1,1,0,0,0,0,1,1,0,0,1,1,1,1,TAKEN
BALANCED,8785,2024-11-01 01:00:00+00:00,2024,TRIGGERED,7,6,6,19,0,,48.0,8786,2024-11-01 02:00:00+00:00,8834,2024-11-03 02:00:00+00:00,STOP,-0.02,48,1,1,1,1,1,1,1,1,1,1,1,1,1,1,1,1,1,1,1,TAKEN
BALANCED,8790,2024-11-01 06:00:00+00:00,2024,TRIGGERED,7,2,5,14,1,7.0,43.0,8791,2024-11-01 07:00:00+00:00,8798,2024-11-01 14:00:00+00:00,TARGET,0.03,7,1,1,1,1,1,1,1,0,0,0,0,1,1,1,1,0,1,1,1,MISSED_ALREADY_POSITIONED
BALANCED,8799,2024-11-01 15:00:00+00:00,2024,TRIGGERED,4,4,6,14,0,,34.0,8800,2024-11-01 16:00:00+00:00,8834,2024-11-03 02:00:00+00:00,STOP,-0.02,34,0,0,1,0,1,1,1,1,1,1,0,0,1,1,1,1,1,1,1,MISSED_ALREADY_POSITIONED
BALANCED,8801,2024-11-01 17:00:00+00:00,2024,TRIGGERED,4,5,6,15,0,,32.0,8802,2024-11-01 18:00:00+00:00,8834,2024-11-03 02:00:00+00:00,STOP,-0.02,32,0,0,1,0,1,1,1,1,1,1,0,1,1,1,1,1,1,1,1,MISSED_ALREADY_POSITIONED
BALANCED,8822,2024-11-02 14:00:00+00:00,2024,TRIGGERED,6,2,4,12,0,,11.0,8823,2024-11-02 15:00:00+00:00,8834,2024-11-03 02:00:00+00:00,STOP,-0.02,11,1,1,0,1,1,1,1,0,0,1,0,1,0,0,0,1,1,1,1,MISSED_ALREADY_POSITIONED
BALANCED,8832,2024-11-03 00:00:00+00:00,2024,TRIGGERED,6,4,2,12,0,71.0,1.0,8833,2024-11-03 01:00:00+00:00,8834,2024-11-03 02:00:00+00:00,STOP,-0.02,1,1,1,1,1,0,1,1,0,1,1,1,1,0,0,1,0,0,0,1,MISSED_ALREADY_POSITIONED
BALANCED,8837,2024-11-03 05:00:00+00:00,2024,TRIGGERED,6,2,2,10,0,66.0,35.0,8838,2024-11-03 06:00:00+00:00,8873,2024-11-04 17:00:00+00:00,STOP,-0.02,35,1,1,0,1,1,1,1,0,0,0,0,1,1,0,1,0,0,0,1,TAKEN
BALANCED,8841,2024-11-03 09:00:00+00:00,2024,TRIGGERED,7,3,2,12,0,54.0,35.0,8842,2024-11-03 10:00:00+00:00,8877,2024-11-04 21:00:00+00:00,STOP,-0.02,35,1,1,1,1,1,1,1,0,1,0,0,1,1,0,1,0,0,0,1,MISSED_ALREADY_POSITIONED
BALANCED,8843,2024-11-03 11:00:00+00:00,2024,TRIGGERED,4,2,3,9,0,60.0,33.0,8844,2024-11-03 12:00:00+00:00,8877,2024-11-04 21:00:00+00:00,STOP,-0.02,33,0,1,0,0,1,1,1,0,0,0,0,1,1,0,1,0,1,0,1,MISSED_ALREADY_POSITIONED
BALANCED,8845,2024-11-03 13:00:00+00:00,2024,TRIGGERED,6,5,6,17,0,48.0,31.0,8846,2024-11-03 14:00:00+00:00,8877,2024-11-04 21:00:00+00:00,STOP,-0.02,31,1,1,1,0,1,1,1,0,1,1,1,1,1,1,1,1,1,1,1,MISSED_ALREADY_POSITIONED
BALANCED,8870,2024-11-04 14:00:00+00:00,2024,TRIGGERED,6,5,4,15,0,33.0,6.0,8871,2024-11-04 15:00:00+00:00,8877,2024-11-04 21:00:00+00:00,STOP,-0.02,6,1,1,1,1,0,1,1,1,1,1,1,1,0,1,0,0,1,1,1,MISSED_ALREADY_POSITIONED
BALANCED,8872,2024-11-04 16:00:00+00:00,2024,TRIGGERED,7,6,6,19,1,21.0,,8873,2024-11-04 17:00:00+00:00,8894,2024-11-05 14:00:00+00:00,TARGET,0.03,21,1,1,1,1,1,1,1,1,1,1,1,1,1,1,1,1,1,1,1,MISSED_ALREADY_POSITIONED
BALANCED,8876,2024-11-04 20:00:00+00:00,2024,TRIGGERED,7,5,5,17,1,17.0,,8877,2024-11-04 21:00:00+00:00,8894,2024-11-05 14:00:00+00:00,TARGET,0.03,17,1,1,1,1,1,1,1,1,1,1,1,1,0,1,1,0,1,1,1,TAKEN
BALANCED,8992,2024-11-09 16:00:00+00:00,2024,TRIGGERED,5,4,3,12,1,11.0,,8993,2024-11-09 17:00:00+00:00,9004,2024-11-10 04:00:00+00:00,TARGET,0.03,11,1,1,1,1,1,0,0,0,1,1,1,1,0,0,1,0,0,1,1,TAKEN
BALANCED,9060,2024-11-12 12:00:00+00:00,2024,TRIGGERED,4,6,5,15,1,6.0,,9061,2024-11-12 13:00:00+00:00,9067,2024-11-12 19:00:00+00:00,TARGET,0.03,6,1,1,1,0,1,0,0,1,1,1,1,1,1,1,1,1,1,1,0,TAKEN
BALANCED,9077,2024-11-13 05:00:00+00:00,2024,TRIGGERED,5,6,4,15,1,7.0,,9078,2024-11-13 06:00:00+00:00,9085,2024-11-13 13:00:00+00:00,TARGET,0.03,7,1,1,1,0,1,1,0,1,1,1,1,1,1,1,1,0,1,0,1,TAKEN
BALANCED,9093,2024-11-13 21:00:00+00:00,2024,TRIGGERED,4,6,5,15,1,13.0,23.0,9094,2024-11-13 22:00:00+00:00,9107,2024-11-14 11:00:00+00:00,TARGET,0.03,13,1,0,1,0,1,1,0,1,1,1,1,1,1,1,0,1,1,1,1,TAKEN
BALANCED,9110,2024-11-14 14:00:00+00:00,2024,TRIGGERED,5,5,6,16,0,30.0,6.0,9111,2024-11-14 15:00:00+00:00,9117,2024-11-14 21:00:00+00:00,STOP,-0.02,6,1,1,1,0,1,1,0,1,1,1,1,1,0,1,1,1,1,1,1,TAKEN
BALANCED,9116,2024-11-14 20:00:00+00:00,2024,TRIGGERED,6,5,6,17,1,15.0,,9117,2024-11-14 21:00:00+00:00,9132,2024-11-15 12:00:00+00:00,TARGET,0.03,15,1,1,1,1,1,1,0,1,1,1,1,1,0,1,1,1,1,1,1,MISSED_ALREADY_POSITIONED
BALANCED,9124,2024-11-15 04:00:00+00:00,2024,TRIGGERED,5,4,3,12,1,7.0,,9125,2024-11-15 05:00:00+00:00,9132,2024-11-15 12:00:00+00:00,TARGET,0.03,7,1,1,0,0,1,1,1,1,1,1,1,0,0,1,0,1,0,0,1,TAKEN
BALANCED,9166,2024-11-16 22:00:00+00:00,2024,TRIGGERED,5,5,4,14,0,67.0,23.0,9167,2024-11-16 23:00:00+00:00,9190,2024-11-17 22:00:00+00:00,STOP,-0.02,23,1,1,1,1,1,0,0,1,1,1,1,1,0,1,1,1,0,0,1,TAKEN
BALANCED,9169,2024-11-17 01:00:00+00:00,2024,TRIGGERED,4,3,4,11,0,63.0,20.0,9170,2024-11-17 02:00:00+00:00,9190,2024-11-17 22:00:00+00:00,STOP,-0.02,20,0,1,1,1,1,0,0,1,0,0,1,1,0,1,0,1,1,0,1,MISSED_ALREADY_POSITIONED
BALANCED,9186,2024-11-17 18:00:00+00:00,2024,TRIGGERED,6,3,4,13,0,46.0,,9187,2024-11-17 19:00:00+00:00,9233,2024-11-19 17:00:00+00:00,TARGET,0.03,46,1,1,1,1,1,1,0,1,0,0,1,1,0,1,1,1,0,0,1,MISSED_ALREADY_POSITIONED
BALANCED,9188,2024-11-17 20:00:00+00:00,2024,TRIGGERED,7,6,4,17,0,40.0,,9189,2024-11-17 21:00:00+00:00,9229,2024-11-19 13:00:00+00:00,TARGET,0.03,40,1,1,1,1,1,1,1,1,1,1,1,1,1,1,1,1,0,0,1,MISSED_ALREADY_POSITIONED
BALANCED,9205,2024-11-18 13:00:00+00:00,2024,TRIGGERED,6,6,6,18,1,1.0,,9206,2024-11-18 14:00:00+00:00,9207,2024-11-18 15:00:00+00:00,TARGET,0.03,1,1,1,1,0,1,1,1,1,1,1,1,1,1,1,1,1,1,1,1,TAKEN
BALANCED,9301,2024-11-22 13:00:00+00:00,2024,TRIGGERED,4,5,5,14,0,,49.0,9302,2024-11-22 14:00:00+00:00,9351,2024-11-24 15:00:00+00:00,STOP,-0.02,49,1,1,1,1,0,0,0,1,1,1,1,1,0,1,0,1,1,1,1,TAKEN
BALANCED,9328,2024-11-23 16:00:00+00:00,2024,TRIGGERED,6,5,6,17,0,,22.0,9329,2024-11-23 17:00:00+00:00,9351,2024-11-24 15:00:00+00:00,STOP,-0.02,22,1,1,1,1,1,1,0,1,1,1,1,1,0,1,1,1,1,1,1,MISSED_ALREADY_POSITIONED
BALANCED,9331,2024-11-23 19:00:00+00:00,2024,TRIGGERED,6,2,3,11,0,,20.0,9332,2024-11-23 20:00:00+00:00,9352,2024-11-24 16:00:00+00:00,STOP,-0.02,20,1,1,1,1,1,1,0,0,0,0,1,1,0,0,1,1,0,0,1,MISSED_ALREADY_POSITIONED
BALANCED,9347,2024-11-24 11:00:00+00:00,2024,TRIGGERED,6,6,6,18,0,,26.0,9348,2024-11-24 12:00:00+00:00,9374,2024-11-25 14:00:00+00:00,STOP,-0.02,26,1,1,1,1,1,1,0,1,1,1,1,1,1,1,1,1,1,1,1,MISSED_ALREADY_POSITIONED
BALANCED,9374,2024-11-25 14:00:00+00:00,2024,TRIGGERED,7,6,6,19,0,,6.0,9375,2024-11-25 15:00:00+00:00,9381,2024-11-25 21:00:00+00:00,STOP,-0.02,6,1,1,1,1,1,1,1,1,1,1,1,1,1,1,1,1,1,1,1,TAKEN
BALANCED,9392,2024-11-26 08:00:00+00:00,2024,TRIGGERED,6,6,4,16,0,31.0,2.0,9393,2024-11-26 09:00:00+00:00,9395,2024-11-26 11:00:00+00:00,STOP,-0.02,2,1,1,0,1,1,1,1,1,1,1,1,1,1,1,0,1,1,1,0,TAKEN
BALANCED,9402,2024-11-26 18:00:00+00:00,2024,TRIGGERED,5,4,6,15,1,20.0,,9403,2024-11-26 19:00:00+00:00,9423,2024-11-27 15:00:00+00:00,TARGET,0.03,20,0,1,1,0,1,1,1,1,1,1,0,0,1,1,1,1,1,1,1,TAKEN
BALANCED,9441,2024-11-28 09:00:00+00:00,2024,TRIGGERED,4,5,3,12,0,29.0,,9442,2024-11-28 10:00:00+00:00,9471,2024-11-29 15:00:00+00:00,TARGET,0.03,29,1,1,1,0,1,0,0,1,1,1,1,1,0,1,1,0,0,0,1,TAKEN
BALANCED,9490,2024-11-30 10:00:00+00:00,2024,TRIGGERED,6,5,5,16,0,,54.0,9491,2024-11-30 11:00:00+00:00,9545,2024-12-02 17:00:00+00:00,STOP,-0.02,54,1,1,1,1,1,1,0,1,1,1,1,1,0,1,1,1,1,0,1,TAKEN
BALANCED,9505,2024-12-01 01:00:00+00:00,2024,TRIGGERED,6,2,4,12,0,,39.0,9506,2024-12-01 02:00:00+00:00,9545,2024-12-02 17:00:00+00:00,STOP,-0.02,39,1,1,1,1,1,1,0,0,0,0,1,1,0,0,1,1,1,0,1,MISSED_ALREADY_POSITIONED
BALANCED,9531,2024-12-02 03:00:00+00:00,2024,TRIGGERED,6,5,6,17,0,70.0,6.0,9532,2024-12-02 04:00:00+00:00,9538,2024-12-02 10:00:00+00:00,STOP,-0.02,6,1,1,1,1,1,1,0,1,1,1,1,0,1,1,1,1,1,1,1,MISSED_ALREADY_POSITIONED
BALANCED,9533,2024-12-02 05:00:00+00:00,2024,TRIGGERED,6,6,6,18,0,68.0,11.0,9534,2024-12-02 06:00:00+00:00,9545,2024-12-02 17:00:00+00:00,STOP,-0.02,11,1,1,1,1,1,1,0,1,1,1,1,1,1,1,1,1,1,1,1,MISSED_ALREADY_POSITIONED
BALANCED,9545,2024-12-02 17:00:00+00:00,2024,TRIGGERED,6,5,6,17,0,50.0,,9546,2024-12-02 18:00:00+00:00,9596,2024-12-04 20:00:00+00:00,TARGET,0.03,50,1,1,1,0,1,1,1,1,1,1,1,0,1,1,1,1,1,1,1,TAKEN
BALANCED,9561,2024-12-03 09:00:00+00:00,2024,TRIGGERED,6,3,3,12,0,34.0,4.0,9562,2024-12-03 10:00:00+00:00,9566,2024-12-03 14:00:00+00:00,STOP,-0.02,4,1,1,1,0,1,1,1,0,1,0,1,1,0,0,1,0,0,1,1,MISSED_ALREADY_POSITIONED
BALANCED,9592,2024-12-04 16:00:00+00:00,2024,TRIGGERED,7,5,6,18,1,3.0,29.0,9593,2024-12-04 17:00:00+00:00,9596,2024-12-04 20:00:00+00:00,TARGET,0.03,3,1,1,1,1,1,1,1,1,1,1,1,1,0,1,1,1,1,1,1,MISSED_ALREADY_POSITIONED
BALANCED,9618,2024-12-05 18:00:00+00:00,2024,TRIGGERED,4,6,6,16,0,,1.0,9619,2024-12-05 19:00:00+00:00,9620,2024-12-05 20:00:00+00:00,STOP,-0.02,1,1,0,1,0,1,1,0,1,1,1,1,1,1,1,1,1,1,1,1,TAKEN
BALANCED,9680,2024-12-08 08:00:00+00:00,2024,TRIGGERED,6,5,4,15,0,,34.0,9681,2024-12-08 09:00:00+00:00,9715,2024-12-09 19:00:00+00:00,STOP,-0.02,34,1,1,1,1,1,1,0,1,1,1,1,1,0,1,1,1,0,0,1,TAKEN
BALANCED,9698,2024-12-09 02:00:00+00:00,2024,TRIGGERED,5,6,5,16,0,,13.0,9699,2024-12-09 03:00:00+00:00,9712,2024-12-09 16:00:00+00:00,STOP,-0.02,13,0,1,1,1,1,1,0,1,1,1,1,1,1,0,1,1,1,1,1,MISSED_ALREADY_POSITIONED
BALANCED,9702,2024-12-09 06:00:00+00:00,2024,TRIGGERED,5,2,2,9,0,,10.0,9703,2024-12-09 07:00:00+00:00,9713,2024-12-09 17:00:00+00:00,STOP,-0.02,10,0,1,1,1,1,1,0,0,0,0,1,1,0,1,0,0,1,0,0,MISSED_ALREADY_POSITIONED
BALANCED,9704,2024-12-09 08:00:00+00:00,2024,TRIGGERED,6,5,6,17,0,,10.0,9705,2024-12-09 09:00:00+00:00,9715,2024-12-09 19:00:00+00:00,STOP,-0.02,10,0,1,1,1,1,1,1,0,1,1,1,1,1,1,1,1,1,1,1,MISSED_ALREADY_POSITIONED
BALANCED,9711,2024-12-09 15:00:00+00:00,2024,TRIGGERED,5,5,6,16,0,48.0,4.0,9712,2024-12-09 16:00:00+00:00,9716,2024-12-09 20:00:00+00:00,STOP,-0.02,4,0,1,1,0,1,1,1,1,1,1,1,0,1,1,1,1,1,1,1,MISSED_ALREADY_POSITIONED
BALANCED,9722,2024-12-10 02:00:00+00:00,2024,TRIGGERED,4,4,6,14,0,36.0,13.0,9723,2024-12-10 03:00:00+00:00,9736,2024-12-10 16:00:00+00:00,STOP,-0.02,13,0,1,0,0,1,1,1,1,1,1,1,0,0,1,1,1,1,1,1,TAKEN
BALANCED,9735,2024-12-10 15:00:00+00:00,2024,TRIGGERED,7,4,6,17,1,21.0,,9736,2024-12-10 16:00:00+00:00,9757,2024-12-11 13:00:00+00:00,TARGET,0.03,21,1,1,1,1,1,1,1,1,1,1,0,1,0,1,1,1,1,1,1,MISSED_ALREADY_POSITIONED
BALANCED,9745,2024-12-11 01:00:00+00:00,2024,TRIGGERED,4,4,5,13,1,12.0,,9746,2024-12-11 02:00:00+00:00,9758,2024-12-11 14:00:00+00:00,TARGET,0.03,12,0,1,0,0,1,1,1,1,1,1,0,1,0,1,1,0,1,1,1,TAKEN
BALANCED,9787,2024-12-12 19:00:00+00:00,2024,TRIGGERED,6,5,6,17,0,56.0,,9788,2024-12-12 20:00:00+00:00,9844,2024-12-15 04:00:00+00:00,TARGET,0.03,56,1,1,1,1,1,1,0,1,1,1,1,1,0,1,1,1,1,1,1,TAKEN
BALANCED,9793,2024-12-13 01:00:00+00:00,2024,TRIGGERED,6,6,4,16,1,23.0,,9794,2024-12-13 02:00:00+00:00,9817,2024-12-14 01:00:00+00:00,TARGET,0.03,23,1,1,1,1,1,1,0,1,1,1,1,1,1,1,1,1,0,0,1,MISSED_ALREADY_POSITIONED
BALANCED,9829,2024-12-14 13:00:00+00:00,2024,TRIGGERED,4,4,4,12,0,33.0,,9830,2024-12-14 14:00:00+00:00,9863,2024-12-15 23:00:00+00:00,TARGET,0.03,33,1,1,1,1,0,0,0,0,1,1,1,1,0,0,0,1,1,1,1,MISSED_ALREADY_POSITIONED
BALANCED,9833,2024-12-14 17:00:00+00:00,2024,TRIGGERED,5,4,5,14,0,29.0,,9834,2024-12-14 18:00:00+00:00,9863,2024-12-15 23:00:00+00:00,TARGET,0.03,29,1,1,1,1,1,0,0,1,1,1,1,0,0,1,1,1,0,1,1,MISSED_ALREADY_POSITIONED
BALANCED,9836,2024-12-14 20:00:00+00:00,2024,TRIGGERED,6,2,4,12,0,26.0,,9837,2024-12-14 21:00:00+00:00,9863,2024-12-15 23:00:00+00:00,TARGET,0.03,26,1,1,1,1,1,1,0,0,0,0,1,1,0,1,1,1,0,0,1,MISSED_ALREADY_POSITIONED
BALANCED,9910,2024-12-17 22:00:00+00:00,2024,TRIGGERED,6,5,5,16,0,,5.0,9911,2024-12-17 23:00:00+00:00,9916,2024-12-18 04:00:00+00:00,STOP,-0.02,5,1,1,1,1,1,1,0,1,1,1,1,1,0,1,0,1,1,1,1,TAKEN
BALANCED,9913,2024-12-18 01:00:00+00:00,2024,TRIGGERED,6,6,6,18,0,,2.0,9914,2024-12-18 02:00:00+00:00,9916,2024-12-18 04:00:00+00:00,STOP,-0.02,2,1,1,1,1,1,1,0,1,1,1,1,1,1,1,1,1,1,1,1,MISSED_ALREADY_POSITIONED
BALANCED,9931,2024-12-18 19:00:00+00:00,2024,TRIGGERED,7,6,6,19,0,,0.0,9932,2024-12-18 20:00:00+00:00,9932,2024-12-18 20:00:00+00:00,STOP,-0.02,0,1,1,1,1,1,1,1,1,1,1,1,1,1,1,1,1,1,1,1,TAKEN
BALANCED,9937,2024-12-19 01:00:00+00:00,2024,TRIGGERED,7,5,6,18,0,,15.0,9938,2024-12-19 02:00:00+00:00,9953,2024-12-19 17:00:00+00:00,STOP,-0.02,15,1,1,1,1,1,1,1,1,1,1,1,1,0,1,1,1,1,1,1,TAKEN
BALANCED,9950,2024-12-19 14:00:00+00:00,2024,TRIGGERED,4,5,5,14,0,,2.0,9951,2024-12-19 15:00:00+00:00,9953,2024-12-19 17:00:00+00:00,STOP,-0.02,2,1,0,0,0,1,1,1,1,1,1,0,1,1,1,1,1,1,1,0,MISSED_ALREADY_POSITIONED
BALANCED,9959,2024-12-19 23:00:00+00:00,2024,TRIGGERED,6,2,3,11,0,,8.0,9960,2024-12-20 00:00:00+00:00,9968,2024-12-20 08:00:00+00:00,STOP,-0.02,8,1,1,1,0,1,1,1,0,0,0,0,1,1,1,1,0,0,1,0,TAKEN
BALANCED,9961,2024-12-20 01:00:00+00:00,2024,TRIGGERED,7,6,6,19,0,29.0,8.0,9962,2024-12-20 02:00:00+00:00,9970,2024-12-20 10:00:00+00:00,STOP,-0.02,8,1,1,1,1,1,1,1,1,1,1,1,1,1,1,1,1,1,1,1,MISSED_ALREADY_POSITIONED
BALANCED,9965,2024-12-20 05:00:00+00:00,2024,TRIGGERED,5,4,3,12,0,,3.0,9966,2024-12-20 06:00:00+00:00,9969,2024-12-20 09:00:00+00:00,STOP,-0.02,3,0,1,1,0,1,1,1,0,1,1,0,1,1,1,1,0,0,0,1,MISSED_ALREADY_POSITIONED
BALANCED,9968,2024-12-20 08:00:00+00:00,2024,TRIGGERED,6,5,6,17,0,20.0,2.0,9969,2024-12-20 09:00:00+00:00,9971,2024-12-20 11:00:00+00:00,STOP,-0.02,2,1,1,1,0,1,1,1,1,1,1,0,1,1,1,1,1,1,1,1,TAKEN
BALANCED,9996,2024-12-21 12:00:00+00:00,2024,TRIGGERED,4,4,5,13,0,,25.0,9997,2024-12-21 13:00:00+00:00,10022,2024-12-22 14:00:00+00:00,STOP,-0.02,25,1,0,1,0,0,1,1,1,1,1,0,1,0,1,1,1,1,1,0,TAKEN
BALANCED,10005,2024-12-21 21:00:00+00:00,2024,TRIGGERED,6,5,3,14,0,,17.0,10006,2024-12-21 22:00:00+00:00,10023,2024-12-22 15:00:00+00:00,STOP,-0.02,17,1,1,1,0,1,1,1,1,1,1,1,1,0,1,0,1,0,0,1,MISSED_ALREADY_POSITIONED
BALANCED,10010,2024-12-22 02:00:00+00:00,2024,TRIGGERED,6,4,3,13,0,,16.0,10011,2024-12-22 03:00:00+00:00,10027,2024-12-22 19:00:00+00:00,STOP,-0.02,16,1,1,1,0,1,1,1,0,1,1,1,1,0,1,1,0,0,0,1,MISSED_ALREADY_POSITIONED
BALANCED,10012,2024-12-22 04:00:00+00:00,2024,TRIGGERED,7,6,4,17,0,61.0,15.0,10013,2024-12-22 05:00:00+00:00,10028,2024-12-22 20:00:00+00:00,STOP,-0.02,15,1,1,1,1,1,1,1,1,1,1,1,1,1,1,1,1,0,0,1,MISSED_ALREADY_POSITIONED
BALANCED,10015,2024-12-22 07:00:00+00:00,2024,TRIGGERED,6,2,3,11,0,58.0,12.0,10016,2024-12-22 08:00:00+00:00,10028,2024-12-22 20:00:00+00:00,STOP,-0.02,12,0,1,1,1,1,1,1,0,0,0,1,1,0,1,1,0,0,0,1,MISSED_ALREADY_POSITIONED
BALANCED,10022,2024-12-22 14:00:00+00:00,2024,TRIGGERED,7,5,6,18,0,49.0,11.0,10023,2024-12-22 15:00:00+00:00,10034,2024-12-23 02:00:00+00:00,STOP,-0.02,11,1,1,1,1,1,1,1,1,1,1,1,1,0,1,1,1,1,1,1,TAKEN
BALANCED,10027,2024-12-22 19:00:00+00:00,2024,TRIGGERED,7,6,6,19,0,43.0,19.0,10028,2024-12-22 20:00:00+00:00,10047,2024-12-23 15:00:00+00:00,STOP,-0.02,19,1,1,1,1,1,1,1,1,1,1,1,1,1,1,1,1,1,1,1,MISSED_ALREADY_POSITIONED
BALANCED,10031,2024-12-22 23:00:00+00:00,2024,TRIGGERED,4,2,4,10,0,40.0,15.0,10032,2024-12-23 00:00:00+00:00,10047,2024-12-23 15:00:00+00:00,STOP,-0.02,15,0,1,0,0,1,1,1,0,0,0,0,1,1,1,1,1,0,0,1,MISSED_ALREADY_POSITIONED
BALANCED,10046,2024-12-23 14:00:00+00:00,2024,TRIGGERED,7,5,5,17,0,24.0,3.0,10047,2024-12-23 15:00:00+00:00,10050,2024-12-23 18:00:00+00:00,STOP,-0.02,3,1,1,1,1,1,1,1,1,1,1,0,1,1,1,0,1,1,1,1,TAKEN
BALANCED,10110,2024-12-26 06:00:00+00:00,2024,TRIGGERED,5,5,2,12,0,,1.0,10111,2024-12-26 07:00:00+00:00,10112,2024-12-26 08:00:00+00:00,STOP,-0.02,1,1,1,1,1,1,0,0,1,1,1,1,1,0,0,1,0,0,0,1,TAKEN
BALANCED,10119,2024-12-26 15:00:00+00:00,2024,TRIGGERED,4,2,3,9,0,,23.0,10120,2024-12-26 16:00:00+00:00,10143,2024-12-27 15:00:00+00:00,STOP,-0.02,23,0,0,1,0,1,1,1,0,0,0,0,1,1,0,0,1,1,1,0,TAKEN
BALANCED,10135,2024-12-27 07:00:00+00:00,2024,TRIGGERED,7,5,6,18,0,,59.0,10136,2024-12-27 08:00:00+00:00,10195,2024-12-29 19:00:00+00:00,STOP,-0.02,59,1,1,1,1,1,1,1,1,1,1,0,1,1,1,1,1,1,1,1,MISSED_ALREADY_POSITIONED
BALANCED,10143,2024-12-27 15:00:00+00:00,2024,TRIGGERED,7,6,5,18,0,,69.0,10144,2024-12-27 16:00:00+00:00,10213,2024-12-30 13:00:00+00:00,STOP,-0.02,69,1,1,1,1,1,1,1,1,1,1,1,1,1,1,0,1,1,1,1,TAKEN
BALANCED,10190,2024-12-29 14:00:00+00:00,2024,TRIGGERED,4,4,4,12,0,,8.0,10191,2024-12-29 15:00:00+00:00,10199,2024-12-29 23:00:00+00:00,STOP,-0.02,8,1,1,0,1,0,0,1,0,1,1,1,1,0,0,0,1,1,1,1,MISSED_ALREADY_POSITIONED
BALANCED,10197,2024-12-29 21:00:00+00:00,2024,TRIGGERED,7,3,6,16,0,,17.0,10198,2024-12-29 22:00:00+00:00,10215,2024-12-30 15:00:00+00:00,STOP,-0.02,17,1,1,1,1,1,1,1,0,0,0,1,1,1,1,1,1,1,1,1,MISSED_ALREADY_POSITIONED
BALANCED,10200,2024-12-30 00:00:00+00:00,2024,TRIGGERED,4,2,4,10,0,,13.0,10201,2024-12-30 01:00:00+00:00,10214,2024-12-30 14:00:00+00:00,STOP,-0.02,13,0,1,0,0,1,1,1,0,0,0,0,1,1,0,1,1,1,1,0,MISSED_ALREADY_POSITIONED
BALANCED,10204,2024-12-30 04:00:00+00:00,2024,TRIGGERED,6,4,6,16,0,,10.0,10205,2024-12-30 05:00:00+00:00,10215,2024-12-30 15:00:00+00:00,STOP,-0.02,10,1,1,1,0,1,1,1,0,1,1,1,0,1,1,1,1,1,1,1,MISSED_ALREADY_POSITIONED
BALANCED,10213,2024-12-30 13:00:00+00:00,2024,TRIGGERED,7,6,6,19,1,23.0,,10214,2024-12-30 14:00:00+00:00,10237,2024-12-31 13:00:00+00:00,TARGET,0.03,23,1,1,1,1,1,1,1,1,1,1,1,1,1,1,1,1,1,1,1,TAKEN
BALANCED,10221,2024-12-30 21:00:00+00:00,2024,TRIGGERED,6,4,6,16,1,15.0,,10222,2024-12-30 22:00:00+00:00,10237,2024-12-31 13:00:00+00:00,TARGET,0.03,15,1,1,1,0,1,1,1,1,1,1,0,0,1,1,1,1,1,1,1,MISSED_ALREADY_POSITIONED
BALANCED,10224,2024-12-31 00:00:00+00:00,2024,TRIGGERED,4,3,4,11,1,12.0,,10225,2024-12-31 01:00:00+00:00,10237,2024-12-31 13:00:00+00:00,TARGET,0.03,12,0,1,0,0,1,1,1,1,0,0,1,1,0,1,1,0,0,1,1,MISSED_ALREADY_POSITIONED
BALANCED,10303,2025-01-03 07:00:00+00:00,2025,TRIGGERED,5,5,3,13,0,68.0,,10304,2025-01-03 08:00:00+00:00,10372,2025-01-06 04:00:00+00:00,TARGET,0.03,68,1,1,1,1,1,0,0,1,1,1,1,1,0,0,1,0,0,1,1,TAKEN
BALANCED,10335,2025-01-04 15:00:00+00:00,2025,TRIGGERED,4,2,6,12,0,46.0,,10336,2025-01-04 16:00:00+00:00,10382,2025-01-06 14:00:00+00:00,TARGET,0.03,46,1,1,1,1,0,0,0,0,1,0,1,0,0,1,1,1,1,1,1,MISSED_ALREADY_POSITIONED
BALANCED,10353,2025-01-05 09:00:00+00:00,2025,TRIGGERED,4,5,2,11,0,28.0,68.0,10354,2025-01-05 10:00:00+00:00,10382,2025-01-06 14:00:00+00:00,TARGET,0.03,28,1,1,1,1,0,0,0,1,1,1,1,1,0,0,1,0,0,0,1,MISSED_ALREADY_POSITIONED
BALANCED,10403,2025-01-07 11:00:00+00:00,2025,TRIGGERED,5,5,5,15,0,,3.0,10404,2025-01-07 12:00:00+00:00,10407,2025-01-07 15:00:00+00:00,STOP,-0.02,3,1,1,1,1,1,0,0,1,1,1,1,1,0,1,0,1,1,1,1,TAKEN
BALANCED,10419,2025-01-08 03:00:00+00:00,2025,TRIGGERED,5,4,5,14,0,,7.0,10420,2025-01-08 04:00:00+00:00,10427,2025-01-08 11:00:00+00:00,STOP,-0.02,7,1,0,1,0,1,1,1,0,1,1,0,1,1,1,0,1,1,1,1,TAKEN
BALANCED,10425,2025-01-08 09:00:00+00:00,2025,TRIGGERED,7,2,3,12,0,,7.0,10426,2025-01-08 10:00:00+00:00,10433,2025-01-08 17:00:00+00:00,STOP,-0.02,7,1,1,1,1,1,1,1,0,0,0,0,1,1,1,1,0,0,0,1,MISSED_ALREADY_POSITIONED
BALANCED,10427,2025-01-08 11:00:00+00:00,2025,TRIGGERED,7,5,5,17,0,,5.0,10428,2025-01-08 12:00:00+00:00,10433,2025-01-08 17:00:00+00:00,STOP,-0.02,5,1,1,1,1,1,1,1,0,1,1,1,1,1,1,0,1,1,1,1,TAKEN
BALANCED,10433,2025-01-08 17:00:00+00:00,2025,TRIGGERED,6,3,5,14,0,,19.0,10434,2025-01-08 18:00:00+00:00,10453,2025-01-09 13:00:00+00:00,STOP,-0.02,19,1,1,0,1,1,1,1,1,0,1,0,1,0,1,0,1,1,1,1,TAKEN
BALANCED,10443,2025-01-09 03:00:00+00:00,2025,TRIGGERED,5,5,4,14,0,,9.0,10444,2025-01-09 04:00:00+00:00,10453,2025-01-09 13:00:00+00:00,STOP,-0.02,9,1,1,0,0,1,1,1,1,1,1,0,1,1,1,1,0,0,1,1,MISSED_ALREADY_POSITIONED
BALANCED,10447,2025-01-09 07:00:00+00:00,2025,TRIGGERED,7,4,6,17,0,,12.0,10448,2025-01-09 08:00:00+00:00,10460,2025-01-09 20:00:00+00:00,STOP,-0.02,12,1,1,1,1,1,1,1,1,1,1,0,1,0,1,1,1,1,1,1,MISSED_ALREADY_POSITIONED
BALANCED,10453,2025-01-09 13:00:00+00:00,2025,TRIGGERED,7,5,6,18,1,20.0,,10454,2025-01-09 14:00:00+00:00,10474,2025-01-10 10:00:00+00:00,TARGET,0.03,20,1,1,1,1,1,1,1,1,1,1,1,1,0,1,1,1,1,1,1,TAKEN
BALANCED,10459,2025-01-09 19:00:00+00:00,2025,TRIGGERED,7,5,6,18,1,11.0,,10460,2025-01-09 20:00:00+00:00,10471,2025-01-10 07:00:00+00:00,TARGET,0.03,11,1,1,1,1,1,1,1,1,1,1,1,1,0,1,1,1,1,1,1,MISSED_ALREADY_POSITIONED
BALANCED,10520,2025-01-12 08:00:00+00:00,2025,TRIGGERED,4,4,2,10,0,48.0,25.0,10521,2025-01-12 09:00:00+00:00,10546,2025-01-13 10:00:00+00:00,STOP,-0.02,25,1,1,1,1,0,0,0,0,1,1,1,1,0,0,1,0,0,0,1,TAKEN
BALANCED,10534,2025-01-12 22:00:00+00:00,2025,TRIGGERED,7,5,6,18,0,34.0,11.0,10535,2025-01-12 23:00:00+00:00,10546,2025-01-13 10:00:00+00:00,STOP,-0.02,11,1,1,1,1,1,1,1,1,1,1,1,1,0,1,1,1,1,1,1,MISSED_ALREADY_POSITIONED
BALANCED,10542,2025-01-13 06:00:00+00:00,2025,TRIGGERED,7,6,5,18,0,26.0,3.0,10543,2025-01-13 07:00:00+00:00,10546,2025-01-13 10:00:00+00:00,STOP,-0.02,3,1,1,1,1,1,1,1,1,1,1,1,1,1,1,0,1,1,1,1,MISSED_ALREADY_POSITIONED
BALANCED,10622,2025-01-16 14:00:00+00:00,2025,TRIGGERED,6,5,6,17,1,10.0,,10623,2025-01-16 15:00:00+00:00,10633,2025-01-17 01:00:00+00:00,TARGET,0.03,10,1,1,1,1,1,1,0,1,1,1,1,1,0,1,1,1,1,1,1,TAKEN
BALANCED,10661,2025-01-18 05:00:00+00:00,2025,TRIGGERED,4,6,6,16,0,38.0,41.0,10662,2025-01-18 06:00:00+00:00,10700,2025-01-19 20:00:00+00:00,TARGET,0.03,38,1,1,1,0,1,0,0,1,1,1,1,1,1,1,1,1,1,1,1,TAKEN
BALANCED,10663,2025-01-18 07:00:00+00:00,2025,TRIGGERED,4,6,3,13,0,36.0,39.0,10664,2025-01-18 08:00:00+00:00,10700,2025-01-19 20:00:00+00:00,TARGET,0.03,36,1,1,1,0,1,0,0,1,1,1,1,1,1,1,1,0,0,0,1,MISSED_ALREADY_POSITIONED
BALANCED,10701,2025-01-19 21:00:00+00:00,2025,TRIGGERED,6,5,6,17,0,8.0,0.0,10702,2025-01-19 22:00:00+00:00,10702,2025-01-19 22:00:00+00:00,STOP,-0.02,0,1,1,1,1,1,1,0,1,1,1,1,0,1,1,1,1,1,1,1,TAKEN
BALANCED,10721,2025-01-20 17:00:00+00:00,2025,TRIGGERED,4,6,5,15,0,22.0,6.0,10722,2025-01-20 18:00:00+00:00,10728,2025-01-21 00:00:00+00:00,STOP,-0.02,6,1,0,0,0,1,1,1,1,1,1,1,1,1,1,0,1,1,1,1,TAKEN
BALANCED,10725,2025-01-20 21:00:00+00:00,2025,TRIGGERED,5,5,4,14,0,18.0,3.0,10726,2025-01-20 22:00:00+00:00,10729,2025-01-21 01:00:00+00:00,STOP,-0.02,3,1,1,0,0,1,1,1,1,1,1,1,1,0,1,1,0,1,0,1,MISSED_ALREADY_POSITIONED
BALANCED,10727,2025-01-20 23:00:00+00:00,2025,TRIGGERED,6,5,6,17,0,16.0,1.0,10728,2025-01-21 00:00:00+00:00,10729,2025-01-21 01:00:00+00:00,STOP,-0.02,1,1,1,1,0,1,1,1,1,1,1,1,1,0,1,1,1,1,1,1,MISSED_ALREADY_POSITIONED
BALANCED,10733,2025-01-21 05:00:00+00:00,2025,TRIGGERED,6,6,3,15,1,7.0,,10734,2025-01-21 06:00:00+00:00,10741,2025-01-21 13:00:00+00:00,TARGET,0.03,7,1,1,1,0,1,1,1,1,1,1,1,1,1,1,1,0,0,0,1,TAKEN
BALANCED,10765,2025-01-22 13:00:00+00:00,2025,TRIGGERED,6,5,6,17,0,,12.0,10766,2025-01-22 14:00:00+00:00,10778,2025-01-23 02:00:00+00:00,STOP,-0.02,12,1,1,1,1,1,1,0,1,1,1,1,1,0,1,1,1,1,1,1,TAKEN
BALANCED,10774,2025-01-22 22:00:00+00:00,2025,TRIGGERED,5,3,2,10,0,,5.0,10775,2025-01-22 23:00:00+00:00,10780,2025-01-23 04:00:00+00:00,STOP,-0.02,5,0,1,1,0,1,1,1,0,1,1,0,1,0,0,1,0,0,0,1,MISSED_ALREADY_POSITIONED
BALANCED,10776,2025-01-23 00:00:00+00:00,2025,TRIGGERED,7,5,2,14,0,15.0,9.0,10777,2025-01-23 01:00:00+00:00,10786,2025-01-23 10:00:00+00:00,STOP,-0.02,9,1,1,1,1,1,1,1,1,1,1,1,1,0,1,0,0,0,0,1,MISSED_ALREADY_POSITIONED
BALANCED,10780,2025-01-23 04:00:00+00:00,2025,TRIGGERED,7,6,4,17,1,9.0,,10781,2025-01-23 05:00:00+00:00,10790,2025-01-23 14:00:00+00:00,TARGET,0.03,9,1,1,1,1,1,1,1,1,1,1,1,1,1,1,0,1,0,1,1,TAKEN
BALANCED,10782,2025-01-23 06:00:00+00:00,2025,TRIGGERED,7,2,2,11,1,7.0,,10783,2025-01-23 07:00:00+00:00,10790,2025-01-23 14:00:00+00:00,TARGET,0.03,7,1,1,1,1,1,1,1,0,0,0,0,1,1,0,1,0,0,0,1,MISSED_ALREADY_POSITIONED
BALANCED,10785,2025-01-23 09:00:00+00:00,2025,TRIGGERED,7,4,3,14,1,4.0,,10786,2025-01-23 10:00:00+00:00,10790,2025-01-23 14:00:00+00:00,TARGET,0.03,4,1,1,1,1,1,1,1,0,1,0,1,1,1,1,1,0,0,0,1,MISSED_ALREADY_POSITIONED
BALANCED,10824,2025-01-25 00:00:00+00:00,2025,TRIGGERED,6,5,3,14,0,,46.0,10825,2025-01-25 01:00:00+00:00,10871,2025-01-26 23:00:00+00:00,STOP,-0.02,46,1,1,1,1,1,1,0,1,1,1,1,1,0,1,1,0,0,0,1,TAKEN
BALANCED,10829,2025-01-25 05:00:00+00:00,2025,TRIGGERED,5,2,2,9,0,,41.0,10830,2025-01-25 06:00:00+00:00,10871,2025-01-26 23:00:00+00:00,STOP,-0.02,41,0,1,1,1,1,1,0,0,1,0,1,0,0,0,1,0,0,0,1,MISSED_ALREADY_POSITIONED
BALANCED,10869,2025-01-26 21:00:00+00:00,2025,TRIGGERED,4,3,4,11,0,,1.0,10870,2025-01-26 22:00:00+00:00,10871,2025-01-26 23:00:00+00:00,STOP,-0.02,1,1,1,1,1,0,0,0,0,1,1,1,0,0,1,1,1,0,0,1,MISSED_ALREADY_POSITIONED
BALANCED,10916,2025-01-28 20:00:00+00:00,2025,TRIGGERED,7,5,6,18,1,23.0,,10917,2025-01-28 21:00:00+00:00,10940,2025-01-29 20:00:00+00:00,TARGET,0.03,23,1,1,1,1,1,1,1,1,1,1,1,1,0,1,1,1,1,1,1,TAKEN
BALANCED,10970,2025-01-31 02:00:00+00:00,2025,TRIGGERED,5,5,2,12,0,,16.0,10971,2025-01-31 03:00:00+00:00,10987,2025-01-31 19:00:00+00:00,STOP,-0.02,16,1,1,1,1,1,0,0,1,1,1,1,1,0,1,1,0,0,0,0,TAKEN
BALANCED,10986,2025-01-31 18:00:00+00:00,2025,TRIGGERED,7,6,6,19,0,,27.0,10987,2025-01-31 19:00:00+00:00,11014,2025-02-01 22:00:00+00:00,STOP,-0.02,27,1,1,1,1,1,1,1,1,1,1,1,1,1,1,1,1,1,1,1,MISSED_ALREADY_POSITIONED
BALANCED,11001,2025-02-01 09:00:00+00:00,2025,TRIGGERED,5,4,3,12,0,,17.0,11002,2025-02-01 10:00:00+00:00,11019,2025-02-02 03:00:00+00:00,STOP,-0.02,17,1,0,1,0,1,1,1,0,1,1,1,1,0,0,0,1,1,0,1,TAKEN
BALANCED,11012,2025-02-01 20:00:00+00:00,2025,TRIGGERED,7,3,4,14,0,,6.0,11013,2025-02-01 21:00:00+00:00,11019,2025-02-02 03:00:00+00:00,STOP,-0.02,6,1,1,1,1,1,1,1,0,1,1,0,1,0,0,0,1,1,1,1,MISSED_ALREADY_POSITIONED
BALANCED,11018,2025-02-02 02:00:00+00:00,2025,TRIGGERED,7,3,6,16,0,,8.0,11019,2025-02-02 03:00:00+00:00,11027,2025-02-02 11:00:00+00:00,STOP,-0.02,8,1,1,1,1,1,1,1,0,0,0,1,1,1,1,1,1,1,1,1,MISSED_ALREADY_POSITIONED
BALANCED,11023,2025-02-02 07:00:00+00:00,2025,TRIGGERED,7,2,6,15,0,,9.0,11024,2025-02-02 08:00:00+00:00,11033,2025-02-02 17:00:00+00:00,STOP,-0.02,9,1,1,1,1,1,1,1,0,0,0,1,0,1,1,1,1,1,1,1,TAKEN
BALANCED,11027,2025-02-02 11:00:00+00:00,2025,TRIGGERED,7,6,6,19,0,34.0,5.0,11028,2025-02-02 12:00:00+00:00,11033,2025-02-02 17:00:00+00:00,STOP,-0.02,5,1,1,1,1,1,1,1,1,1,1,1,1,1,1,1,1,1,1,1,MISSED_ALREADY_POSITIONED
BALANCED,11032,2025-02-02 16:00:00+00:00,2025,TRIGGERED,7,3,6,16,0,26.0,4.0,11033,2025-02-02 17:00:00+00:00,11037,2025-02-02 21:00:00+00:00,STOP,-0.02,4,1,1,1,1,1,1,1,1,0,0,1,0,1,1,1,1,1,1,1,MISSED_ALREADY_POSITIONED
BALANCED,11071,2025-02-04 07:00:00+00:00,2025,TRIGGERED,4,5,5,14,0,,13.0,11072,2025-02-04 08:00:00+00:00,11085,2025-02-04 21:00:00+00:00,STOP,-0.02,13,1,0,1,0,0,1,1,1,1,1,1,1,0,1,1,1,0,1,1,TAKEN
BALANCED,11085,2025-02-04 21:00:00+00:00,2025,TRIGGERED,7,6,6,19,0,64.0,,11086,2025-02-04 22:00:00+00:00,11150,2025-02-07 14:00:00+00:00,TARGET,0.03,64,1,1,1,1,1,1,1,1,1,1,1,1,1,1,1,1,1,1,1,TAKEN
BALANCED,11105,2025-02-05 17:00:00+00:00,2025,TRIGGERED,5,4,4,13,0,,25.0,11106,2025-02-05 18:00:00+00:00,11131,2025-02-06 19:00:00+00:00,STOP,-0.02,25,0,1,1,0,1,1,1,1,1,1,0,1,0,1,1,1,0,0,1,MISSED_ALREADY_POSITIONED
BALANCED,11109,2025-02-05 21:00:00+00:00,2025,TRIGGERED,7,2,3,12,0,40.0,,11110,2025-02-05 22:00:00+00:00,11150,2025-02-07 14:00:00+00:00,TARGET,0.03,40,1,1,1,1,1,1,1,0,0,0,1,1,0,1,1,0,0,0,1,MISSED_ALREADY_POSITIONED
BALANCED,11127,2025-02-06 15:00:00+00:00,2025,TRIGGERED,4,4,5,13,0,,28.0,11128,2025-02-06 16:00:00+00:00,11156,2025-02-07 20:00:00+00:00,STOP,-0.02,28,1,0,1,0,0,1,1,1,1,1,0,1,0,1,0,1,1,1,1,MISSED_ALREADY_POSITIONED
BALANCED,11155,2025-02-07 19:00:00+00:00,2025,TRIGGERED,4,5,5,14,0,,49.0,11156,2025-02-07 20:00:00+00:00,11205,2025-02-09 21:00:00+00:00,STOP,-0.02,49,0,0,1,0,1,1,1,1,1,1,1,1,0,1,1,1,1,1,0,TAKEN
BALANCED,11197,2025-02-09 13:00:00+00:00,2025,TRIGGERED,7,6,6,19,0,,71.0,11198,2025-02-09 14:00:00+00:00,11269,2025-02-12 13:00:00+00:00,STOP,-0.02,71,1,1,1,1,1,1,1,1,1,1,1,1,1,1,1,1,1,1,1,MISSED_ALREADY_POSITIONED
BALANCED,11205,2025-02-09 21:00:00+00:00,2025,TRIGGERED,7,6,6,19,1,15.0,,11206,2025-02-09 22:00:00+00:00,11221,2025-02-10 13:00:00+00:00,TARGET,0.03,15,1,1,1,1,1,1,1,1,1,1,1,1,1,1,1,1,1,1,1,TAKEN
BALANCED,11209,2025-02-10 01:00:00+00:00,2025,TRIGGERED,4,3,6,13,0,,,11210,2025-02-10 02:00:00+00:00,11321,2025-02-14 17:00:00+00:00,TARGET,0.03,111,0,1,0,0,1,1,1,1,0,0,1,0,1,1,1,1,1,1,1,MISSED_ALREADY_POSITIONED
BALANCED,11245,2025-02-11 13:00:00+00:00,2025,TRIGGERED,7,5,6,18,0,,5.0,11246,2025-02-11 14:00:00+00:00,11251,2025-02-11 19:00:00+00:00,STOP,-0.02,5,1,1,1,1,1,1,1,1,1,1,1,1,0,1,1,1,1,1,1,TAKEN
BALANCED,11254,2025-02-11 22:00:00+00:00,2025,TRIGGERED,5,2,6,13,0,66.0,,11255,2025-02-11 23:00:00+00:00,11321,2025-02-14 17:00:00+00:00,TARGET,0.03,66,0,1,1,0,1,1,1,0,0,0,0,1,1,1,1,1,1,1,1,TAKEN
BALANCED,11259,2025-02-12 03:00:00+00:00,2025,TRIGGERED,6,5,4,15,0,61.0,,11260,2025-02-12 04:00:00+00:00,11321,2025-02-14 17:00:00+00:00,TARGET,0.03,61,1,1,1,0,1,1,1,0,1,1,1,1,1,0,0,1,1,1,1,MISSED_ALREADY_POSITIONED
BALANCED,11269,2025-02-12 13:00:00+00:00,2025,TRIGGERED,6,5,5,16,1,8.0,,11270,2025-02-12 14:00:00+00:00,11278,2025-02-12 22:00:00+00:00,TARGET,0.03,8,1,1,0,1,1,1,1,1,1,1,0,1,1,1,0,1,1,1,1,MISSED_ALREADY_POSITIONED
BALANCED,11286,2025-02-13 06:00:00+00:00,2025,TRIGGERED,4,6,6,16,0,,,11287,2025-02-13 07:00:00+00:00,11417,2025-02-18 17:00:00+00:00,STOP,-0.02,130,1,0,1,0,0,1,1,1,1,1,1,1,1,1,1,1,1,1,1,MISSED_ALREADY_POSITIONED
BALANCED,11292,2025-02-13 12:00:00+00:00,2025,TRIGGERED,6,2,3,11,0,,,11293,2025-02-13 13:00:00+00:00,11417,2025-02-18 17:00:00+00:00,STOP,-0.02,124,1,1,1,1,0,1,1,0,1,0,0,1,0,0,0,0,1,1,1,MISSED_ALREADY_POSITIONED
BALANCED,11294,2025-02-13 14:00:00+00:00,2025,TRIGGERED,6,2,3,11,0,,,11295,2025-02-13 15:00:00+00:00,11417,2025-02-18 17:00:00+00:00,STOP,-0.02,122,1,1,1,0,1,1,1,0,1,0,0,1,0,0,0,0,1,1,1,MISSED_ALREADY_POSITIONED
BALANCED,11296,2025-02-13 16:00:00+00:00,2025,TRIGGERED,6,5,5,16,0,24.0,,11297,2025-02-13 17:00:00+00:00,11321,2025-02-14 17:00:00+00:00,TARGET,0.03,24,1,1,1,0,1,1,1,1,1,1,1,1,0,1,1,0,1,1,1,MISSED_ALREADY_POSITIONED
BALANCED,11360,2025-02-16 08:00:00+00:00,2025,TRIGGERED,4,4,2,10,0,,31.0,11361,2025-02-16 09:00:00+00:00,11392,2025-02-17 16:00:00+00:00,STOP,-0.02,31,1,1,1,1,0,0,0,0,1,1,1,1,0,0,1,0,0,0,1,TAKEN
BALANCED,11365,2025-02-16 13:00:00+00:00,2025,TRIGGERED,6,2,5,13,0,,42.0,11366,2025-02-16 14:00:00+00:00,11408,2025-02-18 08:00:00+00:00,STOP,-0.02,42,1,1,1,1,1,1,0,0,0,0,1,1,0,0,1,1,1,1,1,MISSED_ALREADY_POSITIONED
BALANCED,11375,2025-02-16 23:00:00+00:00,2025,TRIGGERED,7,6,6,19,0,,41.0,11376,2025-02-17 00:00:00+00:00,11417,2025-02-18 17:00:00+00:00,STOP,-0.02,41,1,1,1,1,1,1,1,1,1,1,1,1,1,1,1,1,1,1,1,MISSED_ALREADY_POSITIONED
BALANCED,11378,2025-02-17 02:00:00+00:00,2025,TRIGGERED,7,3,4,14,0,,38.0,11379,2025-02-17 03:00:00+00:00,11417,2025-02-18 17:00:00+00:00,STOP,-0.02,38,1,1,1,1,1,1,1,0,0,0,1,1,1,0,1,1,1,1,0,MISSED_ALREADY_POSITIONED
BALANCED,11380,2025-02-17 04:00:00+00:00,2025,TRIGGERED,7,5,3,15,0,,36.0,11381,2025-02-17 05:00:00+00:00,11417,2025-02-18 17:00:00+00:00,STOP,-0.02,36,1,1,1,1,1,1,1,0,1,1,1,1,1,0,1,0,0,1,1,MISSED_ALREADY_POSITIONED
BALANCED,11391,2025-02-17 15:00:00+00:00,2025,TRIGGERED,6,4,6,16,0,,26.0,11392,2025-02-17 16:00:00+00:00,11418,2025-02-18 18:00:00+00:00,STOP,-0.02,26,1,1,1,0,1,1,1,1,1,1,0,0,1,1,1,1,1,1,1,MISSED_ALREADY_POSITIONED
BALANCED,11406,2025-02-18 06:00:00+00:00,2025,TRIGGERED,7,4,3,14,0,61.0,11.0,11407,2025-02-18 07:00:00+00:00,11418,2025-02-18 18:00:00+00:00,STOP,-0.02,11,1,1,1,1,1,1,1,1,1,1,0,1,0,0,0,0,1,1,1,TAKEN
BALANCED,11416,2025-02-18 16:00:00+00:00,2025,TRIGGERED,7,6,6,19,0,45.0,,11417,2025-02-18 17:00:00+00:00,11462,2025-02-20 14:00:00+00:00,TARGET,0.03,45,1,1,1,1,1,1,1,1,1,1,1,1,1,1,1,1,1,1,1,MISSED_ALREADY_POSITIONED
BALANCED,11489,2025-02-21 17:00:00+00:00,2025,TRIGGERED,6,6,6,18,0,,1.0,11490,2025-02-21 18:00:00+00:00,11491,2025-02-21 19:00:00+00:00,STOP,-0.02,1,1,1,1,1,1,1,0,1,1,1,1,1,1,1,1,1,1,1,1,TAKEN
BALANCED,11532,2025-02-23 12:00:00+00:00,2025,TRIGGERED,7,4,6,17,0,,26.0,11533,2025-02-23 13:00:00+00:00,11559,2025-02-24 15:00:00+00:00,STOP,-0.02,26,1,1,1,1,1,1,1,0,1,1,1,1,0,1,1,1,1,1,1,TAKEN
BALANCED,11534,2025-02-23 14:00:00+00:00,2025,TRIGGERED,7,4,6,17,0,,24.0,11535,2025-02-23 15:00:00+00:00,11559,2025-02-24 15:00:00+00:00,STOP,-0.02,24,1,1,1,1,1,1,1,0,1,1,1,1,0,1,1,1,1,1,1,MISSED_ALREADY_POSITIONED
BALANCED,11547,2025-02-24 03:00:00+00:00,2025,TRIGGERED,6,5,6,17,0,,15.0,11548,2025-02-24 04:00:00+00:00,11563,2025-02-24 19:00:00+00:00,STOP,-0.02,15,1,1,1,1,0,1,1,1,1,1,0,1,1,1,1,1,1,1,1,MISSED_ALREADY_POSITIONED
BALANCED,11558,2025-02-24 14:00:00+00:00,2025,TRIGGERED,7,6,6,19,0,,7.0,11559,2025-02-24 15:00:00+00:00,11566,2025-02-24 22:00:00+00:00,STOP,-0.02,7,1,1,1,1,1,1,1,1,1,1,1,1,1,1,1,1,1,1,1,MISSED_ALREADY_POSITIONED
BALANCED,11574,2025-02-25 06:00:00+00:00,2025,TRIGGERED,6,5,6,17,0,,0.0,11575,2025-02-25 07:00:00+00:00,11575,2025-02-25 07:00:00+00:00,STOP,-0.02,0,1,1,1,0,1,1,1,0,1,1,1,1,1,1,1,1,1,1,1,TAKEN
BALANCED,11604,2025-02-26 12:00:00+00:00,2025,TRIGGERED,4,4,4,12,0,,1.0,11605,2025-02-26 13:00:00+00:00,11606,2025-02-26 14:00:00+00:00,STOP,-0.02,1,1,0,1,0,0,1,1,1,1,1,0,1,0,1,0,1,1,1,0,TAKEN
BALANCED,11632,2025-02-27 16:00:00+00:00,2025,TRIGGERED,6,4,6,16,0,70.0,3.0,11633,2025-02-27 17:00:00+00:00,11636,2025-02-27 20:00:00+00:00,STOP,-0.02,3,1,1,1,0,1,1,1,1,1,1,0,1,0,1,1,1,1,1,1,TAKEN
BALANCED,11635,2025-02-27 19:00:00+00:00,2025,TRIGGERED,7,4,2,13,0,67.0,5.0,11636,2025-02-27 20:00:00+00:00,11641,2025-02-28 01:00:00+00:00,STOP,-0.02,5,1,1,1,1,1,1,1,1,1,0,1,1,0,1,0,0,0,1,0,MISSED_ALREADY_POSITIONED
BALANCED,11641,2025-02-28 01:00:00+00:00,2025,TRIGGERED,7,6,6,19,0,13.0,0.0,11642,2025-02-28 02:00:00+00:00,11642,2025-02-28 02:00:00+00:00,STOP,-0.02,0,1,1,1,1,1,1,1,1,1,1,1,1,1,1,1,1,1,1,1,TAKEN
BALANCED,11702,2025-03-02 14:00:00+00:00,2025,TRIGGERED,6,5,6,17,1,0.0,34.0,11703,2025-03-02 15:00:00+00:00,11703,2025-03-02 15:00:00+00:00,TARGET,0.03,0,1,1,1,1,1,1,0,1,1,1,1,1,0,1,1,1,1,1,1,TAKEN
BALANCED,11726,2025-03-03 14:00:00+00:00,2025,TRIGGERED,6,6,6,18,0,61.0,3.0,11727,2025-03-03 15:00:00+00:00,11730,2025-03-03 18:00:00+00:00,STOP,-0.02,3,1,1,1,1,1,1,0,1,1,1,1,1,1,1,1,1,1,1,1,TAKEN
BALANCED,11737,2025-03-04 01:00:00+00:00,2025,TRIGGERED,7,6,6,19,0,16.0,13.0,11738,2025-03-04 02:00:00+00:00,11751,2025-03-04 15:00:00+00:00,STOP,-0.02,13,1,1,1,1,1,1,1,1,1,1,1,1,1,1,1,1,1,1,1,TAKEN
BALANCED,11749,2025-03-04 13:00:00+00:00,2025,TRIGGERED,6,4,5,15,1,4.0,,11750,2025-03-04 14:00:00+00:00,11754,2025-03-04 18:00:00+00:00,TARGET,0.03,4,1,1,1,0,1,1,1,0,1,1,0,1,1,1,0,1,1,1,1,MISSED_ALREADY_POSITIONED
BALANCED,11797,2025-03-06 13:00:00+00:00,2025,TRIGGERED,6,6,5,17,0,,3.0,11798,2025-03-06 14:00:00+00:00,11801,2025-03-06 17:00:00+00:00,STOP,-0.02,3,1,1,1,1,1,1,0,1,1,1,1,1,1,1,1,0,1,1,1,TAKEN
BALANCED,11800,2025-03-06 16:00:00+00:00,2025,TRIGGERED,6,4,6,16,0,,7.0,11801,2025-03-06 17:00:00+00:00,11808,2025-03-07 00:00:00+00:00,STOP,-0.02,7,1,1,1,1,1,1,0,1,1,0,1,1,0,1,1,1,1,1,1,MISSED_ALREADY_POSITIONED
BALANCED,11803,2025-03-06 19:00:00+00:00,2025,TRIGGERED,7,5,3,15,0,,4.0,11804,2025-03-06 20:00:00+00:00,11808,2025-03-07 00:00:00+00:00,STOP,-0.02,4,1,1,1,1,1,1,1,1,1,1,0,1,1,0,0,1,0,1,1,TAKEN
BALANCED,11808,2025-03-07 00:00:00+00:00,2025,TRIGGERED,7,6,6,19,1,0.0,60.0,11809,2025-03-07 01:00:00+00:00,11809,2025-03-07 01:00:00+00:00,TARGET,0.03,0,1,1,1,1,1,1,1,1,1,1,1,1,1,1,1,1,1,1,1,TAKEN
BALANCED,11824,2025-03-07 16:00:00+00:00,2025,TRIGGERED,6,5,6,17,0,,4.0,11825,2025-03-07 17:00:00+00:00,11829,2025-03-07 21:00:00+00:00,STOP,-0.02,4,1,1,1,0,1,1,1,1,1,1,0,1,1,1,1,1,1,1,1,TAKEN
BALANCED,11828,2025-03-07 20:00:00+00:00,2025,TRIGGERED,5,6,6,17,0,,4.0,11829,2025-03-07 21:00:00+00:00,11833,2025-03-08 01:00:00+00:00,STOP,-0.02,4,0,1,1,0,1,1,1,1,1,1,1,1,1,1,1,1,1,1,1,MISSED_ALREADY_POSITIONED
BALANCED,11833,2025-03-08 01:00:00+00:00,2025,TRIGGERED,7,5,4,16,0,,33.0,11834,2025-03-08 02:00:00+00:00,11867,2025-03-09 11:00:00+00:00,STOP,-0.02,33,1,1,1,1,1,1,1,1,1,1,1,1,0,1,0,1,0,1,1,TAKEN
BALANCED,11841,2025-03-08 09:00:00+00:00,2025,TRIGGERED,5,2,2,9,0,,26.0,11842,2025-03-08 10:00:00+00:00,11868,2025-03-09 12:00:00+00:00,STOP,-0.02,26,1,0,1,0,1,1,1,0,1,0,0,1,0,0,1,0,0,0,1,MISSED_ALREADY_POSITIONED
BALANCED,11865,2025-03-09 09:00:00+00:00,2025,TRIGGERED,7,3,2,12,0,,3.0,11866,2025-03-09 10:00:00+00:00,11869,2025-03-09 13:00:00+00:00,STOP,-0.02,3,1,1,1,1,1,1,1,0,1,0,1,1,0,0,0,1,0,0,1,MISSED_ALREADY_POSITIONED
BALANCED,11888,2025-03-10 08:00:00+00:00,2025,TRIGGERED,5,5,6,16,1,0.0,5.0,11889,2025-03-10 09:00:00+00:00,11889,2025-03-10 09:00:00+00:00,TARGET,0.03,0,1,1,0,0,1,1,1,1,1,1,0,1,1,1,1,1,1,1,1,TAKEN
BALANCED,11894,2025-03-10 14:00:00+00:00,2025,TRIGGERED,7,5,6,18,0,27.0,2.0,11895,2025-03-10 15:00:00+00:00,11897,2025-03-10 17:00:00+00:00,STOP,-0.02,2,1,1,1,1,1,1,1,1,1,1,0,1,1,1,1,1,1,1,1,TAKEN
BALANCED,11903,2025-03-10 23:00:00+00:00,2025,TRIGGERED,6,2,5,13,0,8.0,0.0,11904,2025-03-11 00:00:00+00:00,11904,2025-03-11 00:00:00+00:00,STOP,-0.02,0,1,1,1,0,1,1,1,0,1,1,0,0,0,1,1,0,1,1,1,TAKEN
BALANCED,11934,2025-03-12 06:00:00+00:00,2025,TRIGGERED,4,5,3,12,1,5.0,34.0,11935,2025-03-12 07:00:00+00:00,11940,2025-03-12 12:00:00+00:00,TARGET,0.03,5,1,0,1,0,0,1,1,1,1,1,1,1,0,1,1,0,0,0,1,TAKEN
BALANCED,11942,2025-03-12 14:00:00+00:00,2025,TRIGGERED,5,5,6,16,1,11.0,26.0,11943,2025-03-12 15:00:00+00:00,11954,2025-03-13 02:00:00+00:00,TARGET,0.03,11,0,1,1,0,1,1,1,1,1,1,1,0,1,1,1,1,1,1,1,TAKEN
BALANCED,11964,2025-03-13 12:00:00+00:00,2025,TRIGGERED,4,5,5,14,0,26.0,2.0,11965,2025-03-13 13:00:00+00:00,11967,2025-03-13 15:00:00+00:00,STOP,-0.02,2,1,1,1,0,0,1,0,1,1,1,1,1,0,1,1,1,1,1,0,TAKEN
BALANCED,11971,2025-03-13 19:00:00+00:00,2025,TRIGGERED,7,2,3,12,1,13.0,,11972,2025-03-13 20:00:00+00:00,11985,2025-03-14 09:00:00+00:00,TARGET,0.03,13,1,1,1,1,1,1,1,1,0,0,0,1,0,1,1,1,0,0,0,TAKEN
BALANCED,12033,2025-03-16 09:00:00+00:00,2025,TRIGGERED,4,3,4,11,0,,1.0,12034,2025-03-16 10:00:00+00:00,12035,2025-03-16 11:00:00+00:00,STOP,-0.02,1,1,1,1,1,0,0,0,0,1,1,1,0,0,1,1,1,0,0,1,TAKEN
BALANCED,12043,2025-03-16 19:00:00+00:00,2025,TRIGGERED,4,4,5,13,0,70.0,41.0,12044,2025-03-16 20:00:00+00:00,12085,2025-03-18 13:00:00+00:00,STOP,-0.02,41,0,1,0,0,1,1,1,0,1,1,1,0,1,1,0,1,1,1,1,TAKEN
BALANCED,12045,2025-03-16 21:00:00+00:00,2025,TRIGGERED,6,6,5,17,0,68.0,39.0,12046,2025-03-16 22:00:00+00:00,12085,2025-03-18 13:00:00+00:00,STOP,-0.02,39,1,1,1,0,1,1,1,1,1,1,1,1,1,1,1,1,1,0,1,MISSED_ALREADY_POSITIONED
BALANCED,12076,2025-03-18 04:00:00+00:00,2025,TRIGGERED,7,3,3,13,0,37.0,8.0,12077,2025-03-18 05:00:00+00:00,12085,2025-03-18 13:00:00+00:00,STOP,-0.02,8,1,1,1,1,1,1,1,1,0,0,1,1,0,0,0,0,1,1,1,MISSED_ALREADY_POSITIONED
BALANCED,12084,2025-03-18 12:00:00+00:00,2025,TRIGGERED,7,4,4,15,0,29.0,,12085,2025-03-18 13:00:00+00:00,12114,2025-03-19 18:00:00+00:00,TARGET,0.03,29,1,1,1,1,1,1,1,0,1,1,1,1,0,0,1,0,1,1,1,MISSED_ALREADY_POSITIONED
BALANCED,12135,2025-03-20 15:00:00+00:00,2025,TRIGGERED,6,6,6,18,0,,21.0,12136,2025-03-20 16:00:00+00:00,12157,2025-03-21 13:00:00+00:00,STOP,-0.02,21,1,1,1,1,1,1,0,1,1,1,1,1,1,1,1,1,1,1,1,TAKEN
BALANCED,12151,2025-03-21 07:00:00+00:00,2025,TRIGGERED,6,6,3,15,0,68.0,,12152,2025-03-21 08:00:00+00:00,12220,2025-03-24 04:00:00+00:00,TARGET,0.03,68,1,1,1,0,1,1,1,1,1,1,1,1,1,0,0,1,0,1,1,MISSED_ALREADY_POSITIONED
BALANCED,12156,2025-03-21 12:00:00+00:00,2025,TRIGGERED,7,5,6,18,0,59.0,,12157,2025-03-21 13:00:00+00:00,12216,2025-03-24 00:00:00+00:00,TARGET,0.03,59,1,1,1,1,1,1,1,1,1,1,1,1,0,1,1,1,1,1,1,MISSED_ALREADY_POSITIONED
BALANCED,12188,2025-03-22 20:00:00+00:00,2025,TRIGGERED,4,3,3,10,0,31.0,,12189,2025-03-22 21:00:00+00:00,12220,2025-03-24 04:00:00+00:00,TARGET,0.03,31,1,1,1,1,0,0,0,0,1,1,1,0,0,0,1,1,0,0,1,TAKEN
BALANCED,12241,2025-03-25 01:00:00+00:00,2025,TRIGGERED,4,5,5,14,0,,,12242,2025-03-25 02:00:00+00:00,12319,2025-03-28 07:00:00+00:00,STOP,-0.02,77,1,1,1,0,1,0,0,1,1,1,1,1,0,1,0,1,1,1,1,TAKEN
BALANCED,12277,2025-03-26 13:00:00+00:00,2025,TRIGGERED,6,5,6,17,0,,41.0,12278,2025-03-26 14:00:00+00:00,12319,2025-03-28 07:00:00+00:00,STOP,-0.02,41,1,1,1,1,1,1,0,1,1,1,1,1,0,1,1,1,1,1,1,MISSED_ALREADY_POSITIONED
BALANCED,12282,2025-03-26 18:00:00+00:00,2025,TRIGGERED,7,5,4,16,0,,43.0,12283,2025-03-26 19:00:00+00:00,12326,2025-03-28 14:00:00+00:00,STOP,-0.02,43,1,1,1,1,1,1,1,1,1,1,1,1,0,1,1,1,0,0,1,MISSED_ALREADY_POSITIONED
BALANCED,12301,2025-03-27 13:00:00+00:00,2025,TRIGGERED,6,5,5,16,0,,20.0,12302,2025-03-27 14:00:00+00:00,12322,2025-03-28 10:00:00+00:00,STOP,-0.02,20,1,1,0,1,1,1,1,1,1,1,1,1,0,1,0,1,1,1,1,MISSED_ALREADY_POSITIONED
BALANCED,12316,2025-03-28 04:00:00+00:00,2025,TRIGGERED,7,6,5,18,0,,6.0,12317,2025-03-28 05:00:00+00:00,12323,2025-03-28 11:00:00+00:00,STOP,-0.02,6,1,1,1,1,1,1,1,1,1,1,1,1,1,1,0,1,1,1,1,MISSED_ALREADY_POSITIONED
BALANCED,12326,2025-03-28 14:00:00+00:00,2025,TRIGGERED,7,5,6,18,0,,20.0,12327,2025-03-28 15:00:00+00:00,12347,2025-03-29 11:00:00+00:00,STOP,-0.02,20,1,1,1,1,1,1,1,1,1,1,1,1,0,1,1,1,1,1,1,TAKEN
BALANCED,12338,2025-03-29 02:00:00+00:00,2025,TRIGGERED,6,2,4,12,0,,8.0,12339,2025-03-29 03:00:00+00:00,12347,2025-03-29 11:00:00+00:00,STOP,-0.02,8,1,1,1,0,1,1,1,0,1,1,0,0,0,1,1,1,0,0,1,MISSED_ALREADY_POSITIONED
BALANCED,12346,2025-03-29 10:00:00+00:00,2025,TRIGGERED,7,6,6,19,0,,37.0,12347,2025-03-29 11:00:00+00:00,12384,2025-03-31 00:00:00+00:00,STOP,-0.02,37,1,1,1,1,1,1,1,1,1,1,1,1,1,1,1,1,1,1,1,MISSED_ALREADY_POSITIONED
BALANCED,12352,2025-03-29 16:00:00+00:00,2025,TRIGGERED,7,3,4,14,0,70.0,,12353,2025-03-29 17:00:00+00:00,12423,2025-04-01 15:00:00+00:00,TARGET,0.03,70,1,1,1,1,1,1,1,0,1,1,0,1,0,0,1,1,1,0,1,TAKEN
BALANCED,12354,2025-03-29 18:00:00+00:00,2025,TRIGGERED,5,2,2,9,0,68.0,,12355,2025-03-29 19:00:00+00:00,12423,2025-04-01 15:00:00+00:00,TARGET,0.03,68,1,1,0,0,1,1,1,0,0,0,0,1,1,0,1,0,1,0,0,MISSED_ALREADY_POSITIONED
BALANCED,12376,2025-03-30 16:00:00+00:00,2025,TRIGGERED,7,5,6,18,0,46.0,,12377,2025-03-30 17:00:00+00:00,12423,2025-04-01 15:00:00+00:00,TARGET,0.03,46,1,1,1,1,1,1,1,1,1,1,1,1,0,1,1,1,1,1,1,MISSED_ALREADY_POSITIONED
BALANCED,12381,2025-03-30 21:00:00+00:00,2025,TRIGGERED,7,4,3,14,0,41.0,,12382,2025-03-30 22:00:00+00:00,12423,2025-04-01 15:00:00+00:00,TARGET,0.03,41,1,1,1,1,1,1,1,0,1,1,1,1,0,1,1,1,0,0,0,MISSED_ALREADY_POSITIONED
BALANCED,12384,2025-03-31 00:00:00+00:00,2025,TRIGGERED,7,6,5,18,0,32.0,,12385,2025-03-31 01:00:00+00:00,12417,2025-04-01 09:00:00+00:00,TARGET,0.03,32,1,1,1,1,1,1,1,1,1,1,1,1,1,1,0,1,1,1,1,MISSED_ALREADY_POSITIONED
BALANCED,12393,2025-03-31 09:00:00+00:00,2025,TRIGGERED,7,5,6,18,1,22.0,,12394,2025-03-31 10:00:00+00:00,12416,2025-04-01 08:00:00+00:00,TARGET,0.03,22,1,1,1,1,1,1,1,0,1,1,1,1,1,1,1,1,1,1,1,MISSED_ALREADY_POSITIONED
BALANCED,12453,2025-04-02 21:00:00+00:00,2025,TRIGGERED,4,6,5,15,0,,0.0,12454,2025-04-02 22:00:00+00:00,12454,2025-04-02 22:00:00+00:00,STOP,-0.02,0,1,0,1,0,1,1,0,1,1,1,1,1,1,1,0,1,1,1,1,TAKEN
BALANCED,12461,2025-04-03 05:00:00+00:00,2025,TRIGGERED,5,2,2,9,0,,6.0,12462,2025-04-03 06:00:00+00:00,12468,2025-04-03 12:00:00+00:00,STOP,-0.02,6,0,1,1,0,1,1,1,0,1,0,0,1,0,0,1,0,0,0,1,TAKEN
BALANCED,12468,2025-04-03 12:00:00+00:00,2025,TRIGGERED,7,6,6,19,1,20.0,,12469,2025-04-03 13:00:00+00:00,12489,2025-04-04 09:00:00+00:00,TARGET,0.03,20,1,1,1,1,1,1,1,1,1,1,1,1,1,1,1,1,1,1,1,TAKEN
BALANCED,12517,2025-04-05 13:00:00+00:00,2025,TRIGGERED,7,5,6,18,0,,27.0,12518,2025-04-05 14:00:00+00:00,12545,2025-04-06 17:00:00+00:00,STOP,-0.02,27,1,1,1,1,1,1,1,1,1,1,1,1,0,1,1,1,1,1,1,TAKEN
BALANCED,12519,2025-04-05 15:00:00+00:00,2025,TRIGGERED,7,5,3,15,0,,25.0,12520,2025-04-05 16:00:00+00:00,12545,2025-04-06 17:00:00+00:00,STOP,-0.02,25,1,1,1,1,1,1,1,1,1,1,1,1,0,1,0,1,0,0,1,MISSED_ALREADY_POSITIONED
BALANCED,12540,2025-04-06 12:00:00+00:00,2025,TRIGGERED,6,4,3,13,0,,4.0,12541,2025-04-06 13:00:00+00:00,12545,2025-04-06 17:00:00+00:00,STOP,-0.02,4,1,1,1,1,0,1,1,0,1,1,1,1,0,0,1,0,1,0,1,MISSED_ALREADY_POSITIONED
BALANCED,12544,2025-04-06 16:00:00+00:00,2025,TRIGGERED,7,4,6,17,0,,0.0,12545,2025-04-06 17:00:00+00:00,12545,2025-04-06 17:00:00+00:00,STOP,-0.02,0,1,1,1,1,1,1,1,1,0,0,1,1,1,1,1,1,1,1,1,MISSED_ALREADY_POSITIONED
BALANCED,12554,2025-04-07 02:00:00+00:00,2025,TRIGGERED,6,2,6,14,0,11.0,1.0,12555,2025-04-07 03:00:00+00:00,12556,2025-04-07 04:00:00+00:00,STOP,-0.02,1,1,1,1,0,1,1,1,0,0,0,0,1,1,1,1,1,1,1,1,TAKEN
BALANCED,12590,2025-04-08 14:00:00+00:00,2025,TRIGGERED,6,5,6,17,0,26.0,2.0,12591,2025-04-08 15:00:00+00:00,12593,2025-04-08 17:00:00+00:00,STOP,-0.02,2,1,1,1,0,1,1,1,1,1,1,1,1,0,1,1,1,1,1,1,TAKEN
BALANCED,12599,2025-04-08 23:00:00+00:00,2025,TRIGGERED,7,5,3,15,0,17.0,1.0,12600,2025-04-09 00:00:00+00:00,12601,2025-04-09 01:00:00+00:00,STOP,-0.02,1,1,1,1,1,1,1,1,1,1,1,1,1,0,1,1,0,0,0,1,TAKEN
BALANCED,12637,2025-04-10 13:00:00+00:00,2025,TRIGGERED,5,5,6,16,0,27.0,1.0,12638,2025-04-10 14:00:00+00:00,12639,2025-04-10 15:00:00+00:00,STOP,-0.02,1,1,1,1,1,1,0,0,1,1,1,1,1,0,1,1,1,1,1,1,TAKEN
BALANCED,12639,2025-04-10 15:00:00+00:00,2025,TRIGGERED,7,6,6,19,1,15.0,,12640,2025-04-10 16:00:00+00:00,12655,2025-04-11 07:00:00+00:00,TARGET,0.03,15,1,1,1,1,1,1,1,1,1,1,1,1,1,1,1,1,1,1,1,TAKEN
BALANCED,12648,2025-04-11 00:00:00+00:00,2025,TRIGGERED,6,5,4,15,1,7.0,,12649,2025-04-11 01:00:00+00:00,12656,2025-04-11 08:00:00+00:00,TARGET,0.03,7,1,1,1,0,1,1,1,1,1,1,1,1,0,1,1,1,0,0,1,MISSED_ALREADY_POSITIONED
BALANCED,12709,2025-04-13 13:00:00+00:00,2025,TRIGGERED,6,6,6,18,0,47.0,,12710,2025-04-13 14:00:00+00:00,12757,2025-04-15 13:00:00+00:00,TARGET,0.03,47,1,1,1,1,1,1,0,1,1,1,1,1,1,1,1,1,1,1,1,TAKEN
BALANCED,12715,2025-04-13 19:00:00+00:00,2025,TRIGGERED,4,4,5,13,0,,,12716,2025-04-13 20:00:00+00:00,12888,2025-04-21 00:00:00+00:00,TARGET,0.03,172,0,1,0,1,1,1,0,1,0,1,1,0,1,1,0,1,1,1,1,MISSED_ALREADY_POSITIONED
BALANCED,12761,2025-04-15 17:00:00+00:00,2025,TRIGGERED,6,5,5,16,0,,,12762,2025-04-15 18:00:00+00:00,12889,2025-04-21 01:00:00+00:00,TARGET,0.03,127,1,1,1,1,1,1,0,1,1,1,1,1,0,1,1,1,1,0,1,TAKEN
BALANCED,12767,2025-04-15 23:00:00+00:00,2025,TRIGGERED,7,2,3,12,0,,,12768,2025-04-16 00:00:00+00:00,12888,2025-04-21 00:00:00+00:00,TARGET,0.03,120,1,1,1,1,1,1,1,0,1,0,0,1,0,0,1,0,0,1,1,MISSED_ALREADY_POSITIONED
BALANCED,12773,2025-04-16 05:00:00+00:00,2025,TRIGGERED,6,3,3,12,0,,,12774,2025-04-16 06:00:00+00:00,12888,2025-04-21 00:00:00+00:00,TARGET,0.03,114,1,1,1,0,1,1,1,0,1,1,0,1,0,0,1,1,0,1,0,MISSED_ALREADY_POSITIONED
BALANCED,12775,2025-04-16 07:00:00+00:00,2025,TRIGGERED,5,2,2,9,0,,,12776,2025-04-16 08:00:00+00:00,12888,2025-04-21 00:00:00+00:00,TARGET,0.03,112,0,1,1,0,1,1,1,0,0,0,0,1,1,0,1,0,0,0,1,MISSED_ALREADY_POSITIONED
BALANCED,12785,2025-04-16 17:00:00+00:00,2025,TRIGGERED,5,4,6,15,0,,,12786,2025-04-16 18:00:00+00:00,12888,2025-04-21 00:00:00+00:00,TARGET,0.03,102,0,1,1,0,1,1,1,1,1,1,0,0,1,1,1,1,1,1,1,MISSED_ALREADY_POSITIONED
BALANCED,12831,2025-04-18 15:00:00+00:00,2025,TRIGGERED,5,2,2,9,0,57.0,,12832,2025-04-18 16:00:00+00:00,12889,2025-04-21 01:00:00+00:00,TARGET,0.03,57,1,1,1,1,1,0,0,0,1,0,1,0,0,0,1,0,0,0,1,MISSED_ALREADY_POSITIONED
BALANCED,12871,2025-04-20 07:00:00+00:00,2025,TRIGGERED,5,4,4,13,1,18.0,,12872,2025-04-20 08:00:00+00:00,12890,2025-04-21 02:00:00+00:00,TARGET,0.03,18,1,1,1,1,1,0,0,0,1,1,1,1,0,0,0,1,1,1,1,MISSED_ALREADY_POSITIONED
BALANCED,12963,2025-04-24 03:00:00+00:00,2025,TRIGGERED,4,5,5,14,0,34.0,,12964,2025-04-24 04:00:00+00:00,12998,2025-04-25 14:00:00+00:00,TARGET,0.03,34,1,1,0,1,1,0,0,1,1,1,1,1,0,1,1,1,1,0,1,TAKEN
BALANCED,12967,2025-04-24 07:00:00+00:00,2025,TRIGGERED,6,5,4,15,0,30.0,,12968,2025-04-24 08:00:00+00:00,12998,2025-04-25 14:00:00+00:00,TARGET,0.03,30,1,1,1,1,1,1,0,1,1,1,1,1,0,0,1,0,1,1,1,MISSED_ALREADY_POSITIONED
BALANCED,13016,2025-04-26 08:00:00+00:00,2025,TRIGGERED,5,4,2,11,0,,,13017,2025-04-26 09:00:00+00:00,13166,2025-05-02 14:00:00+00:00,TARGET,0.03,149,1,1,1,1,1,0,0,0,1,1,1,1,0,0,1,0,0,0,1,TAKEN
BALANCED,13018,2025-04-26 10:00:00+00:00,2025,TRIGGERED,5,4,2,11,0,,,13019,2025-04-26 11:00:00+00:00,13143,2025-05-01 15:00:00+00:00,TARGET,0.03,124,1,1,1,1,1,0,0,0,1,1,1,1,0,0,1,0,0,0,1,MISSED_ALREADY_POSITIONED
BALANCED,13037,2025-04-27 05:00:00+00:00,2025,TRIGGERED,4,4,4,12,0,,,13038,2025-04-27 06:00:00+00:00,13143,2025-05-01 15:00:00+00:00,TARGET,0.03,105,0,1,1,1,1,0,0,0,1,1,1,1,0,0,0,1,1,1,1,MISSED_ALREADY_POSITIONED
BALANCED,13044,2025-04-27 12:00:00+00:00,2025,TRIGGERED,5,4,3,12,0,,,13045,2025-04-27 13:00:00+00:00,13142,2025-05-01 14:00:00+00:00,TARGET,0.03,97,1,1,1,1,1,0,0,0,1,1,1,1,0,0,1,0,1,0,1,MISSED_ALREADY_POSITIONED
BALANCED,13055,2025-04-27 23:00:00+00:00,2025,TRIGGERED,5,4,2,11,0,,,13056,2025-04-28 00:00:00+00:00,13142,2025-05-01 14:00:00+00:00,TARGET,0.03,86,1,1,1,1,1,0,0,0,1,1,1,1,0,0,0,0,1,0,1,MISSED_ALREADY_POSITIONED
BALANCED,13072,2025-04-28 16:00:00+00:00,2025,TRIGGERED,4,4,3,11,0,69.0,,13073,2025-04-28 17:00:00+00:00,13142,2025-05-01 14:00:00+00:00,TARGET,0.03,69,1,0,1,0,1,1,0,1,0,0,1,1,1,0,0,1,1,1,0,MISSED_ALREADY_POSITIONED
BALANCED,13102,2025-04-29 22:00:00+00:00,2025,TRIGGERED,6,6,6,18,0,40.0,,13103,2025-04-29 23:00:00+00:00,13143,2025-05-01 15:00:00+00:00,TARGET,0.03,40,1,1,1,1,1,1,0,1,1,1,1,1,1,1,1,1,1,1,1,MISSED_ALREADY_POSITIONED
BALANCED,13117,2025-04-30 13:00:00+00:00,2025,TRIGGERED,7,6,6,19,1,20.0,,13118,2025-04-30 14:00:00+00:00,13138,2025-05-01 10:00:00+00:00,TARGET,0.03,20,1,1,1,1,1,1,1,1,1,1,1,1,1,1,1,1,1,1,1,MISSED_ALREADY_POSITIONED
BALANCED,13179,2025-05-03 03:00:00+00:00,2025,TRIGGERED,5,3,3,11,0,,43.0,13180,2025-05-03 04:00:00+00:00,13223,2025-05-04 23:00:00+00:00,STOP,-0.02,43,1,1,1,1,1,0,0,0,1,0,1,1,0,0,1,0,0,1,1,TAKEN
BALANCED,13182,2025-05-03 06:00:00+00:00,2025,TRIGGERED,5,2,3,10,0,,40.0,13183,2025-05-03 07:00:00+00:00,13223,2025-05-04 23:00:00+00:00,STOP,-0.02,40,1,1,1,1,1,0,0,0,0,0,1,1,0,0,1,0,0,1,1,MISSED_ALREADY_POSITIONED
BALANCED,13186,2025-05-03 10:00:00+00:00,2025,TRIGGERED,6,4,5,15,0,,36.0,13187,2025-05-03 11:00:00+00:00,13223,2025-05-04 23:00:00+00:00,STOP,-0.02,36,1,1,1,1,1,1,0,0,1,1,1,1,0,1,1,1,0,1,1,MISSED_ALREADY_POSITIONED
BALANCED,13199,2025-05-03 23:00:00+00:00,2025,TRIGGERED,4,4,5,13,0,,23.0,13200,2025-05-04 00:00:00+00:00,13223,2025-05-04 23:00:00+00:00,STOP,-0.02,23,1,1,1,1,0,0,0,0,1,1,1,1,0,0,1,1,1,1,1,MISSED_ALREADY_POSITIONED
BALANCED,13208,2025-05-04 08:00:00+00:00,2025,TRIGGERED,4,3,4,11,0,,16.0,13209,2025-05-04 09:00:00+00:00,13225,2025-05-05 01:00:00+00:00,STOP,-0.02,16,1,1,1,1,0,0,0,0,1,1,1,0,0,0,0,1,1,1,1,MISSED_ALREADY_POSITIONED
BALANCED,13210,2025-05-04 10:00:00+00:00,2025,TRIGGERED,7,4,2,13,0,,14.0,13211,2025-05-04 11:00:00+00:00,13225,2025-05-05 01:00:00+00:00,STOP,-0.02,14,1,1,1,1,1,1,1,0,1,1,1,1,0,0,0,0,0,1,1,MISSED_ALREADY_POSITIONED
BALANCED,13222,2025-05-04 22:00:00+00:00,2025,TRIGGERED,6,4,5,15,0,,38.0,13223,2025-05-04 23:00:00+00:00,13261,2025-05-06 13:00:00+00:00,STOP,-0.02,38,1,1,0,1,1,1,1,1,1,1,0,0,1,1,0,1,1,1,1,MISSED_ALREADY_POSITIONED
BALANCED,13234,2025-05-05 10:00:00+00:00,2025,TRIGGERED,5,3,6,14,0,37.0,,13235,2025-05-05 11:00:00+00:00,13272,2025-05-07 00:00:00+00:00,TARGET,0.03,37,1,1,0,0,1,1,1,0,1,1,0,1,0,1,1,1,1,1,1,TAKEN
BALANCED,13238,2025-05-05 14:00:00+00:00,2025,TRIGGERED,5,3,6,14,0,33.0,,13239,2025-05-05 15:00:00+00:00,13272,2025-05-07 00:00:00+00:00,TARGET,0.03,33,1,1,0,0,1,1,1,0,0,0,1,1,1,1,1,1,1,1,1,MISSED_ALREADY_POSITIONED
BALANCED,13258,2025-05-06 10:00:00+00:00,2025,TRIGGERED,6,4,4,14,1,13.0,,13259,2025-05-06 11:00:00+00:00,13272,2025-05-07 00:00:00+00:00,TARGET,0.03,13,1,1,1,1,0,1,1,0,1,1,1,1,0,0,1,0,1,1,1,MISSED_ALREADY_POSITIONED
BALANCED,13261,2025-05-06 13:00:00+00:00,2025,TRIGGERED,7,2,4,13,1,9.0,,13262,2025-05-06 14:00:00+00:00,13271,2025-05-06 23:00:00+00:00,TARGET,0.03,9,1,1,1,1,1,1,1,0,0,0,1,1,0,0,0,1,1,1,1,MISSED_ALREADY_POSITIONED
BALANCED,13291,2025-05-07 19:00:00+00:00,2025,TRIGGERED,4,6,5,15,1,8.0,,13292,2025-05-07 20:00:00+00:00,13300,2025-05-08 04:00:00+00:00,TARGET,0.03,8,1,1,1,1,0,0,0,1,1,1,1,1,1,1,0,1,1,1,1,TAKEN
BALANCED,13403,2025-05-12 11:00:00+00:00,2025,TRIGGERED,4,4,6,14,0,,6.0,13404,2025-05-12 12:00:00+00:00,13410,2025-05-12 18:00:00+00:00,STOP,-0.02,6,1,1,1,0,1,0,0,1,1,1,1,0,0,1,1,1,1,1,1,TAKEN
BALANCED,13406,2025-05-12 14:00:00+00:00,2025,TRIGGERED,7,6,6,19,0,,3.0,13407,2025-05-12 15:00:00+00:00,13410,2025-05-12 18:00:00+00:00,STOP,-0.02,3,1,1,1,1,1,1,1,1,1,1,1,1,1,1,1,1,1,1,1,MISSED_ALREADY_POSITIONED
BALANCED,13418,2025-05-13 02:00:00+00:00,2025,TRIGGERED,4,4,4,12,0,,,13419,2025-05-13 03:00:00+00:00,13550,2025-05-18 14:00:00+00:00,TARGET,0.03,131,0,1,0,0,1,1,1,0,1,1,1,1,0,0,0,1,1,1,1,TAKEN
BALANCED,13448,2025-05-14 08:00:00+00:00,2025,TRIGGERED,5,5,6,16,0,,29.0,13449,2025-05-14 09:00:00+00:00,13478,2025-05-15 14:00:00+00:00,STOP,-0.02,29,1,1,1,1,1,0,0,1,1,1,1,1,0,1,1,1,1,1,1,MISSED_ALREADY_POSITIONED
BALANCED,13454,2025-05-14 14:00:00+00:00,2025,TRIGGERED,4,4,5,13,0,,18.0,13455,2025-05-14 15:00:00+00:00,13473,2025-05-15 09:00:00+00:00,STOP,-0.02,18,1,1,0,1,1,0,0,1,1,1,1,0,0,1,0,1,1,1,1,MISSED_ALREADY_POSITIONED
BALANCED,13465,2025-05-15 01:00:00+00:00,2025,TRIGGERED,5,4,5,14,0,,,13466,2025-05-15 02:00:00+00:00,13559,2025-05-18 23:00:00+00:00,TARGET,0.03,93,1,1,1,0,1,1,0,1,1,1,1,0,0,1,1,1,1,0,1,MISSED_ALREADY_POSITIONED
BALANCED,13467,2025-05-15 03:00:00+00:00,2025,TRIGGERED,7,5,2,14,0,,,13468,2025-05-15 04:00:00+00:00,13559,2025-05-18 23:00:00+00:00,TARGET,0.03,91,1,1,1,1,1,1,1,0,1,1,1,1,1,0,1,0,0,0,1,MISSED_ALREADY_POSITIONED
BALANCED,13469,2025-05-15 05:00:00+00:00,2025,TRIGGERED,7,5,4,16,0,,,13470,2025-05-15 06:00:00+00:00,13552,2025-05-18 16:00:00+00:00,TARGET,0.03,82,1,1,1,1,1,1,1,1,1,1,1,1,0,1,1,1,0,0,1,MISSED_ALREADY_POSITIONED
BALANCED,13473,2025-05-15 09:00:00+00:00,2025,TRIGGERED,7,2,5,14,0,,,13474,2025-05-15 10:00:00+00:00,13550,2025-05-18 14:00:00+00:00,TARGET,0.03,76,1,1,1,1,1,1,1,0,0,0,1,1,0,1,0,1,1,1,1,MISSED_ALREADY_POSITIONED
BALANCED,13512,2025-05-17 00:00:00+00:00,2025,TRIGGERED,4,2,3,9,0,47.0,,13513,2025-05-17 01:00:00+00:00,13560,2025-05-19 00:00:00+00:00,TARGET,0.03,47,1,1,1,1,0,0,0,0,0,0,1,1,0,0,0,0,1,1,1,MISSED_ALREADY_POSITIONED
BALANCED,13521,2025-05-17 09:00:00+00:00,2025,TRIGGERED,7,5,6,18,0,37.0,,13522,2025-05-17 10:00:00+00:00,13559,2025-05-18 23:00:00+00:00,TARGET,0.03,37,1,1,1,1,1,1,1,1,1,1,1,1,0,1,1,1,1,1,1,MISSED_ALREADY_POSITIONED
BALANCED,13563,2025-05-19 03:00:00+00:00,2025,TRIGGERED,5,6,6,17,0,39.0,,13564,2025-05-19 04:00:00+00:00,13603,2025-05-20 19:00:00+00:00,TARGET,0.03,39,1,1,1,0,1,1,0,1,1,1,1,1,1,1,1,1,1,1,1,TAKEN
BALANCED,13570,2025-05-19 10:00:00+00:00,2025,TRIGGERED,5,2,4,11,1,13.0,,13571,2025-05-19 11:00:00+00:00,13584,2025-05-20 00:00:00+00:00,TARGET,0.03,13,0,1,1,0,1,1,1,0,0,0,0,1,1,0,1,0,1,1,1,MISSED_ALREADY_POSITIONED
BALANCED,13572,2025-05-19 12:00:00+00:00,2025,TRIGGERED,6,4,4,14,1,11.0,,13573,2025-05-19 13:00:00+00:00,13584,2025-05-20 00:00:00+00:00,TARGET,0.03,11,1,1,1,0,1,1,1,0,1,1,0,1,1,1,0,0,1,1,1,MISSED_ALREADY_POSITIONED
BALANCED,13596,2025-05-20 12:00:00+00:00,2025,TRIGGERED,4,5,2,11,0,25.0,,13597,2025-05-20 13:00:00+00:00,13622,2025-05-21 14:00:00+00:00,TARGET,0.03,25,1,1,1,1,0,0,0,1,1,1,1,1,0,1,1,0,0,0,0,MISSED_ALREADY_POSITIONED
BALANCED,13662,2025-05-23 06:00:00+00:00,2025,TRIGGERED,5,5,2,12,0,,5.0,13663,2025-05-23 07:00:00+00:00,13668,2025-05-23 12:00:00+00:00,STOP,-0.02,5,1,1,1,1,1,0,0,1,1,1,1,1,0,0,1,0,0,0,1,TAKEN
BALANCED,13667,2025-05-23 11:00:00+00:00,2025,TRIGGERED,6,6,6,18,0,,11.0,13668,2025-05-23 12:00:00+00:00,13679,2025-05-23 23:00:00+00:00,STOP,-0.02,11,1,1,1,1,1,1,0,1,1,1,1,1,1,1,1,1,1,1,1,MISSED_ALREADY_POSITIONED
BALANCED,13671,2025-05-23 15:00:00+00:00,2025,TRIGGERED,5,4,6,15,0,,7.0,13672,2025-05-23 16:00:00+00:00,13679,2025-05-23 23:00:00+00:00,STOP,-0.02,7,1,1,0,1,1,1,0,1,0,0,1,1,1,1,1,1,1,1,1,TAKEN
BALANCED,13674,2025-05-23 18:00:00+00:00,2025,TRIGGERED,4,2,3,9,0,,4.0,13675,2025-05-23 19:00:00+00:00,13679,2025-05-23 23:00:00+00:00,STOP,-0.02,4,1,1,0,0,1,1,0,0,0,0,0,1,1,1,1,1,0,0,0,MISSED_ALREADY_POSITIONED
BALANCED,13676,2025-05-23 20:00:00+00:00,2025,TRIGGERED,7,4,3,14,0,,,13677,2025-05-23 21:00:00+00:00,13817,2025-05-29 17:00:00+00:00,STOP,-0.02,140,1,1,1,1,1,1,1,0,1,1,1,1,0,1,1,0,0,0,1,MISSED_ALREADY_POSITIONED
BALANCED,13678,2025-05-23 22:00:00+00:00,2025,TRIGGERED,7,5,4,16,0,,,13679,2025-05-23 23:00:00+00:00,13818,2025-05-29 18:00:00+00:00,STOP,-0.02,139,1,1,1,1,1,1,1,0,1,1,1,1,1,1,1,1,0,0,1,MISSED_ALREADY_POSITIONED
BALANCED,13687,2025-05-24 07:00:00+00:00,2025,TRIGGERED,5,3,2,10,0,,,13688,2025-05-24 08:00:00+00:00,13819,2025-05-29 19:00:00+00:00,STOP,-0.02,131,1,1,0,0,1,1,1,0,1,1,0,0,1,0,1,0,0,0,1,TAKEN
BALANCED,13702,2025-05-24 22:00:00+00:00,2025,TRIGGERED,5,4,4,13,0,,,13703,2025-05-24 23:00:00+00:00,13817,2025-05-29 17:00:00+00:00,STOP,-0.02,114,1,1,1,0,0,1,1,1,1,1,0,1,0,1,1,1,0,0,1,MISSED_ALREADY_POSITIONED
BALANCED,13712,2025-05-25 08:00:00+00:00,2025,TRIGGERED,7,5,6,18,0,52.0,,13713,2025-05-25 09:00:00+00:00,13765,2025-05-27 13:00:00+00:00,TARGET,0.03,52,1,1,1,1,1,1,1,1,1,1,1,1,0,1,1,1,1,1,1,MISSED_ALREADY_POSITIONED
BALANCED,13719,2025-05-25 15:00:00+00:00,2025,TRIGGERED,7,3,5,15,0,45.0,,13720,2025-05-25 16:00:00+00:00,13765,2025-05-27 13:00:00+00:00,TARGET,0.03,45,1,1,1,1,1,1,1,0,0,1,1,0,1,1,0,1,1,1,1,MISSED_ALREADY_POSITIONED
BALANCED,13753,2025-05-27 01:00:00+00:00,2025,TRIGGERED,5,5,5,15,0,,60.0,13754,2025-05-27 02:00:00+00:00,13814,2025-05-29 14:00:00+00:00,STOP,-0.02,60,1,1,0,1,1,1,0,1,1,1,1,1,0,1,0,1,1,1,1,MISSED_ALREADY_POSITIONED
BALANCED,13773,2025-05-27 21:00:00+00:00,2025,TRIGGERED,4,5,5,14,0,,17.0,13774,2025-05-27 22:00:00+00:00,13791,2025-05-28 15:00:00+00:00,STOP,-0.02,17,1,1,1,0,0,1,0,1,1,1,1,1,0,1,1,1,1,0,1,MISSED_ALREADY_POSITIONED
BALANCED,13777,2025-05-28 01:00:00+00:00,2025,TRIGGERED,6,3,5,14,0,,18.0,13778,2025-05-28 02:00:00+00:00,13796,2025-05-28 20:00:00+00:00,STOP,-0.02,18,1,1,1,1,1,1,0,0,1,0,1,1,0,1,1,1,1,0,1,MISSED_ALREADY_POSITIONED
BALANCED,13789,2025-05-28 13:00:00+00:00,2025,TRIGGERED,7,5,6,18,0,,27.0,13790,2025-05-28 14:00:00+00:00,13817,2025-05-29 17:00:00+00:00,STOP,-0.02,27,1,1,1,1,1,1,1,1,1,1,1,1,0,1,1,1,1,1,1,MISSED_ALREADY_POSITIONED
BALANCED,13795,2025-05-28 19:00:00+00:00,2025,TRIGGERED,7,2,6,15,0,,28.0,13796,2025-05-28 20:00:00+00:00,13824,2025-05-30 00:00:00+00:00,STOP,-0.02,28,1,1,1,1,1,1,1,0,0,0,1,1,0,1,1,1,1,1,1,MISSED_ALREADY_POSITIONED
BALANCED,13815,2025-05-29 15:00:00+00:00,2025,TRIGGERED,7,6,6,19,0,,8.0,13816,2025-05-29 16:00:00+00:00,13824,2025-05-30 00:00:00+00:00,STOP,-0.02,8,1,1,1,1,1,1,1,1,1,1,1,1,1,1,1,1,1,1,1,MISSED_ALREADY_POSITIONED
BALANCED,13823,2025-05-29 23:00:00+00:00,2025,TRIGGERED,7,2,4,13,0,,16.0,13824,2025-05-30 00:00:00+00:00,13840,2025-05-30 16:00:00+00:00,STOP,-0.02,16,1,1,1,1,1,1,1,0,1,0,0,1,0,0,0,1,1,1,1,TAKEN
BALANCED,13831,2025-05-30 07:00:00+00:00,2025,TRIGGERED,7,6,6,19,0,,18.0,13832,2025-05-30 08:00:00+00:00,13850,2025-05-31 02:00:00+00:00,STOP,-0.02,18,1,1,1,1,1,1,1,1,1,1,1,1,1,1,1,1,1,1,1,MISSED_ALREADY_POSITIONED
BALANCED,13840,2025-05-30 16:00:00+00:00,2025,TRIGGERED,7,6,6,19,0,,,13841,2025-05-30 17:00:00+00:00,13987,2025-06-05 19:00:00+00:00,STOP,-0.02,146,1,1,1,1,1,1,1,1,1,1,1,1,1,1,1,1,1,1,1,TAKEN
BALANCED,13846,2025-05-30 22:00:00+00:00,2025,TRIGGERED,7,4,5,16,0,,,13847,2025-05-30 23:00:00+00:00,13987,2025-06-05 19:00:00+00:00,STOP,-0.02,140,1,1,1,1,1,1,1,0,1,1,1,1,0,1,1,1,1,0,1,MISSED_ALREADY_POSITIONED
BALANCED,13881,2025-06-01 09:00:00+00:00,2025,TRIGGERED,5,3,6,14,0,,,13882,2025-06-01 10:00:00+00:00,13987,2025-06-05 19:00:00+00:00,STOP,-0.02,105,1,1,1,1,0,0,1,0,1,0,1,1,0,1,1,1,1,1,1,MISSED_ALREADY_POSITIONED
BALANCED,13906,2025-06-02 10:00:00+00:00,2025,TRIGGERED,6,6,4,16,0,,,13907,2025-06-02 11:00:00+00:00,13986,2025-06-05 18:00:00+00:00,STOP,-0.02,79,1,1,1,1,1,0,1,1,1,1,1,1,1,0,1,0,1,1,1,MISSED_ALREADY_POSITIONED
BALANCED,13955,2025-06-04 11:00:00+00:00,2025,TRIGGERED,4,4,6,14,0,,28.0,13956,2025-06-04 12:00:00+00:00,13984,2025-06-05 16:00:00+00:00,STOP,-0.02,28,1,1,1,0,1,0,0,0,1,1,1,0,1,1,1,1,1,1,1,MISSED_ALREADY_POSITIONED
BALANCED,13964,2025-06-04 20:00:00+00:00,2025,TRIGGERED,7,4,4,15,0,,21.0,13965,2025-06-04 21:00:00+00:00,13986,2025-06-05 18:00:00+00:00,STOP,-0.02,21,1,1,1,1,1,1,1,0,1,1,1,1,0,0,0,1,1,1,1,MISSED_ALREADY_POSITIONED
BALANCED,13974,2025-06-05 06:00:00+00:00,2025,TRIGGERED,7,5,2,14,0,,11.0,13975,2025-06-05 07:00:00+00:00,13986,2025-06-05 18:00:00+00:00,STOP,-0.02,11,1,1,1,1,1,1,1,0,1,1,1,1,1,0,1,0,0,0,1,MISSED_ALREADY_POSITIONED
BALANCED,13984,2025-06-05 16:00:00+00:00,2025,TRIGGERED,7,6,6,19,0,,3.0,13985,2025-06-05 17:00:00+00:00,13988,2025-06-05 20:00:00+00:00,STOP,-0.02,3,1,1,1,1,1,1,1,1,1,1,1,1,1,1,1,1,1,1,1,MISSED_ALREADY_POSITIONED
BALANCED,14049,2025-06-08 09:00:00+00:00,2025,TRIGGERED,4,2,4,10,0,33.0,,14050,2025-06-08 10:00:00+00:00,14083,2025-06-09 19:00:00+00:00,TARGET,0.03,33,1,1,1,1,0,0,0,0,1,0,1,0,0,0,1,1,0,1,1,TAKEN
BALANCED,14102,2025-06-10 14:00:00+00:00,2025,TRIGGERED,5,5,6,16,0,,46.0,14103,2025-06-10 15:00:00+00:00,14149,2025-06-12 13:00:00+00:00,STOP,-0.02,46,1,1,1,1,1,0,0,1,1,1,1,1,0,1,1,1,1,1,1,TAKEN
BALANCED,14104,2025-06-10 16:00:00+00:00,2025,TRIGGERED,4,4,4,12,0,,44.0,14105,2025-06-10 17:00:00+00:00,14149,2025-06-12 13:00:00+00:00,STOP,-0.02,44,0,1,1,1,1,0,0,0,1,1,1,1,0,0,1,1,1,1,0,MISSED_ALREADY_POSITIONED
BALANCED,14129,2025-06-11 17:00:00+00:00,2025,TRIGGERED,5,5,6,16,0,,17.0,14130,2025-06-11 18:00:00+00:00,14147,2025-06-12 11:00:00+00:00,STOP,-0.02,17,1,1,1,1,1,0,0,1,1,1,1,1,0,1,1,1,1,1,1,MISSED_ALREADY_POSITIONED
BALANCED,14133,2025-06-11 21:00:00+00:00,2025,TRIGGERED,6,2,5,13,0,,15.0,14134,2025-06-11 22:00:00+00:00,14149,2025-06-12 13:00:00+00:00,STOP,-0.02,15,1,1,1,1,1,1,0,0,0,0,1,1,0,1,1,1,1,0,1,MISSED_ALREADY_POSITIONED
BALANCED,14139,2025-06-12 03:00:00+00:00,2025,TRIGGERED,7,6,6,19,0,,16.0,14140,2025-06-12 04:00:00+00:00,14156,2025-06-12 20:00:00+00:00,STOP,-0.02,16,1,1,1,1,1,1,1,1,1,1,1,1,1,1,1,1,1,1,1,MISSED_ALREADY_POSITIONED
BALANCED,14147,2025-06-12 11:00:00+00:00,2025,TRIGGERED,7,4,5,16,0,,12.0,14148,2025-06-12 12:00:00+00:00,14160,2025-06-13 00:00:00+00:00,STOP,-0.02,12,1,1,1,1,1,1,1,0,1,1,1,1,0,1,1,0,1,1,1,MISSED_ALREADY_POSITIONED
BALANCED,14155,2025-06-12 19:00:00+00:00,2025,TRIGGERED,6,4,6,16,0,,4.0,14156,2025-06-12 20:00:00+00:00,14160,2025-06-13 00:00:00+00:00,STOP,-0.02,4,0,1,1,1,1,1,1,1,1,1,0,0,1,1,1,1,1,1,1,TAKEN
BALANCED,14193,2025-06-14 09:00:00+00:00,2025,TRIGGERED,5,2,2,9,0,57.0,,14194,2025-06-14 10:00:00+00:00,14251,2025-06-16 19:00:00+00:00,TARGET,0.03,57,1,1,1,1,0,0,1,0,0,0,1,1,0,0,1,0,0,0,1,TAKEN
BALANCED,14200,2025-06-14 16:00:00+00:00,2025,TRIGGERED,7,4,5,16,0,48.0,,14201,2025-06-14 17:00:00+00:00,14249,2025-06-16 17:00:00+00:00,TARGET,0.03,48,1,1,1,1,1,1,1,0,1,1,1,1,0,1,1,1,0,1,1,MISSED_ALREADY_POSITIONED
BALANCED,14228,2025-06-15 20:00:00+00:00,2025,TRIGGERED,7,5,6,18,1,21.0,,14229,2025-06-15 21:00:00+00:00,14250,2025-06-16 18:00:00+00:00,TARGET,0.03,21,1,1,1,1,1,1,1,1,1,1,1,1,0,1,1,1,1,1,1,MISSED_ALREADY_POSITIONED
BALANCED,14263,2025-06-17 07:00:00+00:00,2025,TRIGGERED,5,4,3,12,0,,6.0,14264,2025-06-17 08:00:00+00:00,14270,2025-06-17 14:00:00+00:00,STOP,-0.02,6,1,1,1,1,1,0,0,0,1,1,1,1,0,0,0,0,1,1,1,TAKEN
BALANCED,14290,2025-06-18 10:00:00+00:00,2025,TRIGGERED,4,4,5,13,0,,54.0,14291,2025-06-18 11:00:00+00:00,14345,2025-06-20 17:00:00+00:00,STOP,-0.02,54,1,0,1,0,0,1,1,1,1,1,0,1,0,1,1,0,1,1,1,TAKEN
BALANCED,14298,2025-06-18 18:00:00+00:00,2025,TRIGGERED,7,5,6,18,0,,,14299,2025-06-18 19:00:00+00:00,14373,2025-06-21 21:00:00+00:00,STOP,-0.02,74,1,1,1,1,1,1,1,1,1,1,1,1,0,1,1,1,1,1,1,MISSED_ALREADY_POSITIONED
BALANCED,14317,2025-06-19 13:00:00+00:00,2025,TRIGGERED,4,5,4,13,0,,27.0,14318,2025-06-19 14:00:00+00:00,14345,2025-06-20 17:00:00+00:00,STOP,-0.02,27,1,1,1,0,0,0,1,1,1,1,1,1,0,1,1,1,0,0,1,MISSED_ALREADY_POSITIONED
BALANCED,14342,2025-06-20 14:00:00+00:00,2025,TRIGGERED,6,6,6,18,0,,30.0,14343,2025-06-20 15:00:00+00:00,14373,2025-06-21 21:00:00+00:00,STOP,-0.02,30,1,1,1,0,1,1,1,1,1,1,1,1,1,1,1,1,1,1,1,MISSED_ALREADY_POSITIONED
BALANCED,14350,2025-06-20 22:00:00+00:00,2025,TRIGGERED,7,2,6,15,0,,22.0,14351,2025-06-20 23:00:00+00:00,14373,2025-06-21 21:00:00+00:00,STOP,-0.02,22,1,1,1,1,1,1,1,0,0,0,0,1,1,1,1,1,1,1,1,TAKEN
BALANCED,14369,2025-06-21 17:00:00+00:00,2025,TRIGGERED,5,2,5,12,0,,3.0,14370,2025-06-21 18:00:00+00:00,14373,2025-06-21 21:00:00+00:00,STOP,-0.02,3,1,1,1,0,0,1,1,0,1,0,0,1,0,0,1,1,1,1,1,MISSED_ALREADY_POSITIONED
BALANCED,14389,2025-06-22 13:00:00+00:00,2025,TRIGGERED,7,6,6,19,0,31.0,0.0,14390,2025-06-22 14:00:00+00:00,14390,2025-06-22 14:00:00+00:00,STOP,-0.02,0,1,1,1,1,1,1,1,1,1,1,1,1,1,1,1,1,1,1,1,TAKEN
BALANCED,14485,2025-06-26 13:00:00+00:00,2025,TRIGGERED,4,4,5,13,0,,,14486,2025-06-26 14:00:00+00:00,14617,2025-07-02 01:00:00+00:00,STOP,-0.02,131,1,1,1,1,0,0,0,0,1,1,1,1,0,0,1,1,1,1,1,TAKEN
BALANCED,14496,2025-06-27 00:00:00+00:00,2025,TRIGGERED,6,3,3,12,0,,,14497,2025-06-27 01:00:00+00:00,14649,2025-07-03 09:00:00+00:00,TARGET,0.03,152,1,1,1,1,1,1,0,0,1,0,1,1,0,0,1,1,0,0,1,MISSED_ALREADY_POSITIONED
BALANCED,14508,2025-06-27 12:00:00+00:00,2025,TRIGGERED,4,3,5,12,0,,,14509,2025-06-27 13:00:00+00:00,14649,2025-07-03 09:00:00+00:00,TARGET,0.03,140,1,1,1,1,0,0,0,0,1,0,1,1,0,0,1,1,1,1,1,MISSED_ALREADY_POSITIONED
BALANCED,14510,2025-06-27 14:00:00+00:00,2025,TRIGGERED,4,2,5,11,0,,,14511,2025-06-27 15:00:00+00:00,14649,2025-07-03 09:00:00+00:00,TARGET,0.03,138,1,1,1,1,0,0,0,0,0,0,1,1,0,0,1,1,1,1,1,MISSED_ALREADY_POSITIONED
BALANCED,14582,2025-06-30 14:00:00+00:00,2025,TRIGGERED,7,5,6,18,0,70.0,,14583,2025-06-30 15:00:00+00:00,14653,2025-07-03 13:00:00+00:00,TARGET,0.03,70,1,1,1,1,1,1,1,1,1,1,1,1,0,1,1,1,1,1,1,MISSED_ALREADY_POSITIONED
BALANCED,14601,2025-07-01 09:00:00+00:00,2025,TRIGGERED,7,3,4,14,0,47.0,,14602,2025-07-01 10:00:00+00:00,14649,2025-07-03 09:00:00+00:00,TARGET,0.03,47,1,1,1,1,1,1,1,0,0,0,1,1,1,0,1,0,1,1,1,MISSED_ALREADY_POSITIONED
BALANCED,14606,2025-07-01 14:00:00+00:00,2025,TRIGGERED,7,6,6,19,0,25.0,,14607,2025-07-01 15:00:00+00:00,14632,2025-07-02 16:00:00+00:00,TARGET,0.03,25,1,1,1,1,1,1,1,1,1,1,1,1,1,1,1,1,1,1,1,MISSED_ALREADY_POSITIONED
BALANCED,14610,2025-07-01 18:00:00+00:00,2025,TRIGGERED,7,2,6,15,1,21.0,,14611,2025-07-01 19:00:00+00:00,14632,2025-07-02 16:00:00+00:00,TARGET,0.03,21,1,1,1,1,1,1,1,0,0,0,1,1,0,1,1,1,1,1,1,MISSED_ALREADY_POSITIONED
BALANCED,14616,2025-07-02 00:00:00+00:00,2025,TRIGGERED,7,2,3,12,1,15.0,,14617,2025-07-02 01:00:00+00:00,14632,2025-07-02 16:00:00+00:00,TARGET,0.03,15,1,1,1,1,1,1,1,0,0,0,1,1,0,0,1,0,1,0,1,MISSED_ALREADY_POSITIONED
BALANCED,14666,2025-07-04 02:00:00+00:00,2025,TRIGGERED,4,4,3,11,0,,16.0,14667,2025-07-04 03:00:00+00:00,14683,2025-07-04 19:00:00+00:00,STOP,-0.02,16,1,1,1,1,0,0,0,0,1,1,1,1,0,0,1,0,1,0,1,TAKEN
BALANCED,14668,2025-07-04 04:00:00+00:00,2025,TRIGGERED,5,4,2,11,0,,,14669,2025-07-04 05:00:00+00:00,14824,2025-07-10 16:00:00+00:00,TARGET,0.03,155,1,1,1,1,1,0,0,0,1,1,1,1,0,0,1,0,0,0,1,MISSED_ALREADY_POSITIONED
BALANCED,14671,2025-07-04 07:00:00+00:00,2025,TRIGGERED,5,2,5,12,0,,,14672,2025-07-04 08:00:00+00:00,14824,2025-07-10 16:00:00+00:00,TARGET,0.03,152,1,1,1,1,1,0,0,0,0,0,1,1,0,0,1,1,1,1,1,MISSED_ALREADY_POSITIONED
BALANCED,14677,2025-07-04 13:00:00+00:00,2025,TRIGGERED,7,5,6,18,0,,,14678,2025-07-04 14:00:00+00:00,14803,2025-07-09 19:00:00+00:00,TARGET,0.03,125,1,1,1,1,1,1,1,1,1,1,1,1,0,1,1,1,1,1,1,MISSED_ALREADY_POSITIONED
BALANCED,14748,2025-07-07 12:00:00+00:00,2025,TRIGGERED,5,4,4,13,0,54.0,,14749,2025-07-07 13:00:00+00:00,14803,2025-07-09 19:00:00+00:00,TARGET,0.03,54,1,1,1,1,1,0,0,0,1,1,1,1,0,0,1,0,1,1,1,TAKEN
BALANCED,14750,2025-07-07 14:00:00+00:00,2025,TRIGGERED,5,3,4,12,0,52.0,,14751,2025-07-07 15:00:00+00:00,14803,2025-07-09 19:00:00+00:00,TARGET,0.03,52,1,1,1,1,1,0,0,0,1,0,1,1,0,0,0,1,1,1,1,MISSED_ALREADY_POSITIONED
BALANCED,14752,2025-07-07 16:00:00+00:00,2025,TRIGGERED,6,5,5,16,0,50.0,,14753,2025-07-07 17:00:00+00:00,14803,2025-07-09 19:00:00+00:00,TARGET,0.03,50,1,1,1,1,1,1,0,0,1,1,1,1,1,0,1,1,1,1,1,MISSED_ALREADY_POSITIONED
BALANCED,14762,2025-07-08 02:00:00+00:00,2025,TRIGGERED,5,3,4,12,0,40.0,,14763,2025-07-08 03:00:00+00:00,14803,2025-07-09 19:00:00+00:00,TARGET,0.03,40,1,1,0,1,1,0,1,0,0,1,1,1,0,0,0,1,1,1,1,MISSED_ALREADY_POSITIONED
BALANCED,14871,2025-07-12 15:00:00+00:00,2025,TRIGGERED,4,5,4,13,0,35.0,,14872,2025-07-12 16:00:00+00:00,14907,2025-07-14 03:00:00+00:00,TARGET,0.03,35,1,1,1,1,0,0,0,1,1,1,1,1,0,0,0,1,1,1,1,TAKEN
BALANCED,14876,2025-07-12 20:00:00+00:00,2025,TRIGGERED,4,3,4,11,0,30.0,,14877,2025-07-12 21:00:00+00:00,14907,2025-07-14 03:00:00+00:00,TARGET,0.03,30,1,1,1,1,0,0,0,0,1,1,1,0,0,1,1,1,0,0,1,MISSED_ALREADY_POSITIONED
BALANCED,14919,2025-07-14 15:00:00+00:00,2025,TRIGGERED,4,6,6,16,0,,10.0,14920,2025-07-14 16:00:00+00:00,14930,2025-07-15 02:00:00+00:00,STOP,-0.02,10,1,0,1,0,1,1,0,1,1,1,1,1,1,1,1,1,1,1,1,TAKEN
BALANCED,14922,2025-07-14 18:00:00+00:00,2025,TRIGGERED,5,4,3,12,0,,8.0,14923,2025-07-14 19:00:00+00:00,14931,2025-07-15 03:00:00+00:00,STOP,-0.02,8,1,1,1,0,1,1,0,1,0,0,1,1,1,0,1,0,1,1,0,MISSED_ALREADY_POSITIONED
BALANCED,14928,2025-07-15 00:00:00+00:00,2025,TRIGGERED,5,3,4,12,0,,2.0,14929,2025-07-15 01:00:00+00:00,14931,2025-07-15 03:00:00+00:00,STOP,-0.02,2,1,1,1,0,1,1,0,0,1,1,0,1,0,0,0,1,1,1,1,MISSED_ALREADY_POSITIONED
BALANCED,14942,2025-07-15 14:00:00+00:00,2025,TRIGGERED,6,5,6,17,0,27.0,,14943,2025-07-15 15:00:00+00:00,14970,2025-07-16 18:00:00+00:00,TARGET,0.03,27,1,1,1,0,1,1,1,1,1,1,1,0,1,1,1,1,1,1,1,TAKEN
BALANCED,14947,2025-07-15 19:00:00+00:00,2025,TRIGGERED,5,3,3,11,0,49.0,,14948,2025-07-15 20:00:00+00:00,14997,2025-07-17 21:00:00+00:00,TARGET,0.03,49,0,1,1,0,1,1,1,0,1,1,0,0,1,0,1,0,1,1,0,MISSED_ALREADY_POSITIONED
BALANCED,14977,2025-07-17 01:00:00+00:00,2025,TRIGGERED,5,6,4,15,0,,,14978,2025-07-17 02:00:00+00:00,15097,2025-07-22 01:00:00+00:00,STOP,-0.02,119,1,1,1,1,1,0,0,1,1,1,1,1,1,1,0,1,1,0,1,TAKEN
BALANCED,14988,2025-07-17 12:00:00+00:00,2025,TRIGGERED,5,5,2,12,0,,,14989,2025-07-17 13:00:00+00:00,15171,2025-07-25 03:00:00+00:00,STOP,-0.02,182,1,1,1,1,1,0,0,0,1,1,1,1,1,0,0,0,1,1,0,MISSED_ALREADY_POSITIONED
BALANCED,15008,2025-07-18 08:00:00+00:00,2025,TRIGGERED,5,6,6,17,0,,61.0,15009,2025-07-18 09:00:00+00:00,15070,2025-07-20 22:00:00+00:00,STOP,-0.02,61,1,1,1,0,1,1,0,1,1,1,1,1,1,1,1,1,1,1,1,MISSED_ALREADY_POSITIONED
BALANCED,15014,2025-07-18 14:00:00+00:00,2025,TRIGGERED,7,6,5,18,0,,,15015,2025-07-18 15:00:00+00:00,15171,2025-07-25 03:00:00+00:00,STOP,-0.02,156,1,1,1,1,1,1,1,1,1,1,1,1,1,1,0,1,1,1,1,MISSED_ALREADY_POSITIONED
BALANCED,15038,2025-07-19 14:00:00+00:00,2025,TRIGGERED,4,3,6,13,0,,,15039,2025-07-19 15:00:00+00:00,15171,2025-07-25 03:00:00+00:00,STOP,-0.02,132,1,1,1,0,0,0,1,0,1,1,0,1,0,1,1,1,1,1,1,MISSED_ALREADY_POSITIONED
BALANCED,15070,2025-07-20 22:00:00+00:00,2025,TRIGGERED,5,6,5,16,0,,,15071,2025-07-20 23:00:00+00:00,15171,2025-07-25 03:00:00+00:00,STOP,-0.02,100,1,1,0,1,0,1,1,1,1,1,1,1,1,1,0,1,1,1,1,MISSED_ALREADY_POSITIONED
BALANCED,15090,2025-07-21 18:00:00+00:00,2025,TRIGGERED,6,6,5,17,0,,,15091,2025-07-21 19:00:00+00:00,15172,2025-07-25 04:00:00+00:00,STOP,-0.02,81,1,1,1,0,1,1,1,1,1,1,1,1,1,1,1,1,1,1,0,MISSED_ALREADY_POSITIONED
BALANCED,15098,2025-07-22 02:00:00+00:00,2025,TRIGGERED,4,2,6,12,0,,,15099,2025-07-22 03:00:00+00:00,15175,2025-07-25 07:00:00+00:00,STOP,-0.02,76,0,1,0,0,1,1,1,0,0,0,1,0,1,1,1,1,1,1,1,TAKEN
BALANCED,15100,2025-07-22 04:00:00+00:00,2025,TRIGGERED,6,5,4,15,0,,,15101,2025-07-22 05:00:00+00:00,15336,2025-08-01 00:00:00+00:00,STOP,-0.02,235,1,1,1,0,1,1,1,0,1,1,1,1,1,1,1,0,1,1,0,MISSED_ALREADY_POSITIONED
BALANCED,15126,2025-07-23 06:00:00+00:00,2025,TRIGGERED,4,4,2,10,0,,43.0,15127,2025-07-23 07:00:00+00:00,15170,2025-07-25 02:00:00+00:00,STOP,-0.02,43,1,1,1,1,0,0,0,1,1,0,1,1,0,0,1,0,0,0,1,MISSED_ALREADY_POSITIONED
BALANCED,15129,2025-07-23 09:00:00+00:00,2025,TRIGGERED,6,3,2,11,0,,41.0,15130,2025-07-23 10:00:00+00:00,15171,2025-07-25 03:00:00+00:00,STOP,-0.02,41,1,1,1,1,1,1,0,0,1,0,1,1,0,0,1,0,0,0,1,MISSED_ALREADY_POSITIONED
BALANCED,15133,2025-07-23 13:00:00+00:00,2025,TRIGGERED,7,5,6,18,0,,37.0,15134,2025-07-23 14:00:00+00:00,15171,2025-07-25 03:00:00+00:00,STOP,-0.02,37,1,1,1,1,1,1,1,1,1,1,1,1,0,1,1,1,1,1,1,MISSED_ALREADY_POSITIONED
BALANCED,15149,2025-07-24 05:00:00+00:00,2025,TRIGGERED,6,6,3,15,0,,21.0,15150,2025-07-24 06:00:00+00:00,15171,2025-07-25 03:00:00+00:00,STOP,-0.02,21,1,1,1,1,0,1,1,1,1,1,1,1,1,0,1,0,1,1,0,MISSED_ALREADY_POSITIONED
BALANCED,15168,2025-07-25 00:00:00+00:00,2025,TRIGGERED,7,5,6,18,0,,2.0,15169,2025-07-25 01:00:00+00:00,15171,2025-07-25 03:00:00+00:00,STOP,-0.02,2,1,1,1,1,1,1,1,1,1,1,1,1,0,1,1,1,1,1,1,MISSED_ALREADY_POSITIONED
BALANCED,15182,2025-07-25 14:00:00+00:00,2025,TRIGGERED,6,6,6,18,0,49.0,,15183,2025-07-25 15:00:00+00:00,15232,2025-07-27 16:00:00+00:00,TARGET,0.03,49,1,1,1,0,1,1,1,1,1,1,1,1,1,1,1,1,1,1,1,TAKEN
BALANCED,15253,2025-07-28 13:00:00+00:00,2025,TRIGGERED,5,3,4,12,0,,53.0,15254,2025-07-28 14:00:00+00:00,15307,2025-07-30 19:00:00+00:00,STOP,-0.02,53,1,1,1,1,1,0,0,0,0,0,1,1,1,0,1,1,1,1,0,TAKEN
BALANCED,15257,2025-07-28 17:00:00+00:00,2025,TRIGGERED,7,2,4,13,0,,,15258,2025-07-28 18:00:00+00:00,15335,2025-07-31 23:00:00+00:00,STOP,-0.02,77,1,1,1,1,1,1,1,0,0,0,1,1,0,0,1,0,1,1,1,MISSED_ALREADY_POSITIONED
BALANCED,15278,2025-07-29 14:00:00+00:00,2025,TRIGGERED,4,5,6,15,0,,28.0,15279,2025-07-29 15:00:00+00:00,15307,2025-07-30 19:00:00+00:00,STOP,-0.02,28,1,1,1,0,0,1,0,1,1,1,1,1,0,1,1,1,1,1,1,MISSED_ALREADY_POSITIONED
BALANCED,15282,2025-07-29 18:00:00+00:00,2025,TRIGGERED,6,2,2,10,0,,52.0,15283,2025-07-29 19:00:00+00:00,15335,2025-07-31 23:00:00+00:00,STOP,-0.02,52,1,1,0,1,1,1,1,0,0,0,1,1,0,0,0,0,1,0,1,MISSED_ALREADY_POSITIONED
BALANCED,15306,2025-07-30 18:00:00+00:00,2025,TRIGGERED,7,6,6,19,0,,29.0,15307,2025-07-30 19:00:00+00:00,15336,2025-08-01 00:00:00+00:00,STOP,-0.02,29,1,1,1,1,1,1,1,1,1,1,1,1,1,1,1,1,1,1,1,MISSED_ALREADY_POSITIONED
BALANCED,15330,2025-07-31 18:00:00+00:00,2025,TRIGGERED,4,4,3,11,0,,4.0,15331,2025-07-31 19:00:00+00:00,15335,2025-07-31 23:00:00+00:00,STOP,-0.02,4,1,1,1,1,0,0,0,0,1,1,1,1,0,0,0,1,1,1,0,TAKEN
BALANCED,15341,2025-08-01 05:00:00+00:00,2025,TRIGGERED,5,2,2,9,0,,13.0,15342,2025-08-01 06:00:00+00:00,15355,2025-08-01 19:00:00+00:00,STOP,-0.02,13,1,1,0,0,1,1,1,0,0,0,0,1,1,0,0,0,1,0,1,TAKEN
BALANCED,15349,2025-08-01 13:00:00+00:00,2025,TRIGGERED,6,3,6,15,0,,28.0,15350,2025-08-01 14:00:00+00:00,15378,2025-08-02 18:00:00+00:00,STOP,-0.02,28,1,1,1,0,1,1,1,1,0,0,1,0,1,1,1,1,1,1,1,MISSED_ALREADY_POSITIONED
BALANCED,15353,2025-08-01 17:00:00+00:00,2025,TRIGGERED,6,4,5,15,0,,24.0,15354,2025-08-01 18:00:00+00:00,15378,2025-08-02 18:00:00+00:00,STOP,-0.02,24,0,1,1,1,1,1,1,0,1,1,0,1,1,1,1,0,1,1,1,MISSED_ALREADY_POSITIONED
BALANCED,15358,2025-08-01 22:00:00+00:00,2025,TRIGGERED,7,3,5,15,0,,,15359,2025-08-01 23:00:00+00:00,15499,2025-08-07 19:00:00+00:00,TARGET,0.03,140,1,1,1,1,1,1,1,0,0,0,1,1,1,1,0,1,1,1,1,TAKEN
BALANCED,15374,2025-08-02 14:00:00+00:00,2025,TRIGGERED,7,2,4,13,0,,,15375,2025-08-02 15:00:00+00:00,15499,2025-08-07 19:00:00+00:00,TARGET,0.03,124,1,1,1,1,1,1,1,0,0,1,0,1,0,0,1,1,1,0,1,MISSED_ALREADY_POSITIONED
BALANCED,15377,2025-08-02 17:00:00+00:00,2025,TRIGGERED,7,2,4,13,0,,,15378,2025-08-02 18:00:00+00:00,15491,2025-08-07 11:00:00+00:00,TARGET,0.03,113,1,1,1,1,1,1,1,0,0,0,1,1,0,1,1,1,0,0,1,MISSED_ALREADY_POSITIONED
BALANCED,15435,2025-08-05 03:00:00+00:00,2025,TRIGGERED,4,5,6,15,0,,,15436,2025-08-05 04:00:00+00:00,15555,2025-08-10 03:00:00+00:00,TARGET,0.03,119,1,1,1,1,0,0,0,1,1,1,1,1,0,1,1,1,1,1,1,MISSED_ALREADY_POSITIONED
BALANCED,15438,2025-08-05 06:00:00+00:00,2025,TRIGGERED,5,2,3,10,0,,,15439,2025-08-05 07:00:00+00:00,15555,2025-08-10 03:00:00+00:00,TARGET,0.03,116,1,1,1,1,1,0,0,0,0,0,1,1,0,0,1,0,0,1,1,MISSED_ALREADY_POSITIONED
BALANCED,15444,2025-08-05 12:00:00+00:00,2025,TRIGGERED,7,5,5,17,0,,,15445,2025-08-05 13:00:00+00:00,15538,2025-08-09 10:00:00+00:00,TARGET,0.03,93,1,1,1,1,1,1,1,1,1,1,1,0,1,1,0,1,1,1,1,MISSED_ALREADY_POSITIONED
BALANCED,15446,2025-08-05 14:00:00+00:00,2025,TRIGGERED,7,6,6,19,0,44.0,,15447,2025-08-05 15:00:00+00:00,15491,2025-08-07 11:00:00+00:00,TARGET,0.03,44,1,1,1,1,1,1,1,1,1,1,1,1,1,1,1,1,1,1,1,MISSED_ALREADY_POSITIONED
BALANCED,15520,2025-08-08 16:00:00+00:00,2025,TRIGGERED,4,4,2,10,0,57.0,,15521,2025-08-08 17:00:00+00:00,15578,2025-08-11 02:00:00+00:00,TARGET,0.03,57,0,1,1,1,1,0,0,0,1,1,1,1,0,0,0,0,1,1,0,TAKEN
BALANCED,15593,2025-08-11 17:00:00+00:00,2025,TRIGGERED,5,6,5,16,0,52.0,70.0,15594,2025-08-11 18:00:00+00:00,15646,2025-08-13 22:00:00+00:00,TARGET,0.03,52,1,1,1,0,1,1,0,1,1,1,1,1,1,1,1,0,1,1,1,TAKEN
BALANCED,15595,2025-08-11 19:00:00+00:00,2025,TRIGGERED,6,6,5,17,0,50.0,,15596,2025-08-11 20:00:00+00:00,15646,2025-08-13 22:00:00+00:00,TARGET,0.03,50,1,1,1,1,1,1,0,1,1,1,1,1,1,1,0,1,1,1,1,MISSED_ALREADY_POSITIONED
BALANCED,15658,2025-08-14 10:00:00+00:00,2025,TRIGGERED,6,5,6,17,0,,1.0,15659,2025-08-14 11:00:00+00:00,15660,2025-08-14 12:00:00+00:00,STOP,-0.02,1,1,1,1,1,1,1,0,1,1,1,1,1,0,1,1,1,1,1,1,TAKEN
BALANCED,15660,2025-08-14 12:00:00+00:00,2025,TRIGGERED,7,6,5,18,0,,26.0,15661,2025-08-14 13:00:00+00:00,15687,2025-08-15 15:00:00+00:00,STOP,-0.02,26,1,1,1,1,1,1,1,1,1,1,1,1,1,1,0,1,1,1,1,TAKEN
BALANCED,15666,2025-08-14 18:00:00+00:00,2025,TRIGGERED,7,2,3,12,0,,,15667,2025-08-14 19:00:00+00:00,15746,2025-08-18 02:00:00+00:00,STOP,-0.02,79,1,1,1,1,1,1,1,0,0,0,0,1,1,0,0,1,1,0,1,MISSED_ALREADY_POSITIONED
BALANCED,15685,2025-08-15 13:00:00+00:00,2025,TRIGGERED,6,4,6,16,0,,60.0,15686,2025-08-15 14:00:00+00:00,15746,2025-08-18 02:00:00+00:00,STOP,-0.02,60,1,1,1,0,1,1,1,1,1,1,0,1,0,1,1,1,1,1,1,MISSED_ALREADY_POSITIONED
BALANCED,15690,2025-08-15 18:00:00+00:00,2025,TRIGGERED,7,2,4,13,0,,56.0,15691,2025-08-15 19:00:00+00:00,15747,2025-08-18 03:00:00+00:00,STOP,-0.02,56,1,1,1,1,1,1,1,0,0,0,1,1,0,1,1,1,0,0,1,TAKEN
BALANCED,15738,2025-08-17 18:00:00+00:00,2025,TRIGGERED,4,5,4,13,0,,7.0,15739,2025-08-17 19:00:00+00:00,15746,2025-08-18 02:00:00+00:00,STOP,-0.02,7,1,1,1,0,0,0,1,0,1,1,1,1,1,0,0,1,1,1,1,MISSED_ALREADY_POSITIONED
BALANCED,15744,2025-08-18 00:00:00+00:00,2025,TRIGGERED,5,3,4,12,0,,2.0,15745,2025-08-18 01:00:00+00:00,15747,2025-08-18 03:00:00+00:00,STOP,-0.02,2,1,1,1,1,0,0,1,0,1,0,1,0,1,0,0,1,1,1,1,MISSED_ALREADY_POSITIONED
BALANCED,15771,2025-08-19 03:00:00+00:00,2025,TRIGGERED,6,5,6,17,0,,14.0,15772,2025-08-19 04:00:00+00:00,15786,2025-08-19 18:00:00+00:00,STOP,-0.02,14,1,1,1,0,1,1,1,1,1,1,1,1,0,1,1,1,1,1,1,TAKEN
BALANCED,15773,2025-08-19 05:00:00+00:00,2025,TRIGGERED,5,5,4,14,0,,12.0,15774,2025-08-19 06:00:00+00:00,15786,2025-08-19 18:00:00+00:00,STOP,-0.02,12,1,1,1,0,0,1,1,0,1,1,1,1,1,0,1,0,1,1,1,MISSED_ALREADY_POSITIONED
BALANCED,15782,2025-08-19 14:00:00+00:00,2025,TRIGGERED,7,6,6,19,0,,69.0,15783,2025-08-19 15:00:00+00:00,15852,2025-08-22 12:00:00+00:00,STOP,-0.02,69,1,1,1,1,1,1,1,1,1,1,1,1,1,1,1,1,1,1,1,MISSED_ALREADY_POSITIONED
BALANCED,15788,2025-08-19 20:00:00+00:00,2025,TRIGGERED,5,2,3,10,0,69.0,,15789,2025-08-19 21:00:00+00:00,15858,2025-08-22 18:00:00+00:00,TARGET,0.03,69,0,1,0,1,1,1,1,0,0,0,0,1,1,0,0,1,1,1,0,TAKEN
BALANCED,15791,2025-08-19 23:00:00+00:00,2025,TRIGGERED,7,3,4,14,0,63.0,,15792,2025-08-20 00:00:00+00:00,15855,2025-08-22 15:00:00+00:00,TARGET,0.03,63,1,1,1,1,1,1,1,0,1,1,0,1,0,0,1,0,1,1,1,MISSED_ALREADY_POSITIONED
BALANCED,15805,2025-08-20 13:00:00+00:00,2025,TRIGGERED,7,5,6,18,0,49.0,,15806,2025-08-20 14:00:00+00:00,15855,2025-08-22 15:00:00+00:00,TARGET,0.03,49,1,1,1,1,1,1,1,1,1,1,0,1,1,1,1,1,1,1,1,MISSED_ALREADY_POSITIONED
BALANCED,15825,2025-08-21 09:00:00+00:00,2025,TRIGGERED,5,4,2,11,0,29.0,,15826,2025-08-21 10:00:00+00:00,15855,2025-08-22 15:00:00+00:00,TARGET,0.03,29,1,1,1,1,0,0,1,0,1,1,1,1,0,0,1,0,0,0,1,MISSED_ALREADY_POSITIONED
BALANCED,15827,2025-08-21 11:00:00+00:00,2025,TRIGGERED,7,3,2,12,0,27.0,,15828,2025-08-21 12:00:00+00:00,15855,2025-08-22 15:00:00+00:00,TARGET,0.03,27,1,1,1,1,1,1,1,0,1,0,1,1,0,0,1,0,0,0,1,MISSED_ALREADY_POSITIONED
BALANCED,15832,2025-08-21 16:00:00+00:00,2025,TRIGGERED,7,5,6,18,1,21.0,,15833,2025-08-21 17:00:00+00:00,15854,2025-08-22 14:00:00+00:00,TARGET,0.03,21,1,1,1,1,1,1,1,1,1,1,1,1,0,1,1,1,1,1,1,MISSED_ALREADY_POSITIONED
BALANCED,15835,2025-08-21 19:00:00+00:00,2025,TRIGGERED,7,2,6,15,1,18.0,,15836,2025-08-21 20:00:00+00:00,15854,2025-08-22 14:00:00+00:00,TARGET,0.03,18,1,1,1,1,1,1,1,0,0,0,1,1,0,1,1,1,1,1,1,MISSED_ALREADY_POSITIONED
BALANCED,15851,2025-08-22 11:00:00+00:00,2025,TRIGGERED,5,3,2,10,1,2.0,,15852,2025-08-22 12:00:00+00:00,15854,2025-08-22 14:00:00+00:00,TARGET,0.03,2,1,1,1,0,0,1,1,0,1,1,0,1,0,0,0,0,0,1,1,MISSED_ALREADY_POSITIONED
BALANCED,15875,2025-08-23 11:00:00+00:00,2025,TRIGGERED,4,4,2,10,0,,31.0,15876,2025-08-23 12:00:00+00:00,15907,2025-08-24 19:00:00+00:00,STOP,-0.02,31,1,1,1,1,0,0,0,0,1,1,1,1,0,0,1,0,0,0,1,TAKEN
BALANCED,15904,2025-08-24 16:00:00+00:00,2025,TRIGGERED,6,2,4,12,0,,2.0,15905,2025-08-24 17:00:00+00:00,15907,2025-08-24 19:00:00+00:00,STOP,-0.02,2,1,1,1,1,1,1,0,0,0,0,1,1,0,0,1,0,1,1,1,MISSED_ALREADY_POSITIONED
BALANCED,15907,2025-08-24 19:00:00+00:00,2025,TRIGGERED,6,6,5,17,0,,17.0,15908,2025-08-24 20:00:00+00:00,15925,2025-08-25 13:00:00+00:00,STOP,-0.02,17,1,1,0,1,1,1,1,1,1,1,1,1,1,1,0,1,1,1,1,TAKEN
BALANCED,15912,2025-08-25 00:00:00+00:00,2025,TRIGGERED,6,3,5,14,0,,12.0,15913,2025-08-25 01:00:00+00:00,15925,2025-08-25 13:00:00+00:00,STOP,-0.02,12,1,1,0,1,1,1,1,0,0,0,1,1,1,1,0,1,1,1,1,MISSED_ALREADY_POSITIONED
BALANCED,15917,2025-08-25 05:00:00+00:00,2025,TRIGGERED,5,5,6,16,0,,14.0,15918,2025-08-25 06:00:00+00:00,15932,2025-08-25 20:00:00+00:00,STOP,-0.02,14,1,1,0,0,1,1,1,0,1,1,1,1,1,1,1,1,1,1,1,MISSED_ALREADY_POSITIONED
BALANCED,15931,2025-08-25 19:00:00+00:00,2025,TRIGGERED,6,4,6,16,0,,5.0,15932,2025-08-25 20:00:00+00:00,15937,2025-08-26 01:00:00+00:00,STOP,-0.02,5,1,1,1,0,1,1,1,1,1,1,0,1,0,1,1,1,1,1,1,TAKEN
BALANCED,15936,2025-08-26 00:00:00+00:00,2025,TRIGGERED,7,4,6,17,0,51.0,,15937,2025-08-26 01:00:00+00:00,15988,2025-08-28 04:00:00+00:00,TARGET,0.03,51,1,1,1,1,1,1,1,1,1,0,1,1,0,1,1,1,1,1,1,MISSED_ALREADY_POSITIONED
BALANCED,16003,2025-08-28 19:00:00+00:00,2025,TRIGGERED,4,5,4,13,0,,11.0,16004,2025-08-28 20:00:00+00:00,16015,2025-08-29 07:00:00+00:00,STOP,-0.02,11,1,1,1,0,1,0,0,1,1,1,1,1,0,1,1,1,0,0,1,TAKEN
BALANCED,16009,2025-08-29 01:00:00+00:00,2025,TRIGGERED,7,4,6,17,0,,7.0,16010,2025-08-29 02:00:00+00:00,16017,2025-08-29 09:00:00+00:00,STOP,-0.02,7,1,1,1,1,1,1,1,1,1,1,1,0,0,1,1,1,1,1,1,MISSED_ALREADY_POSITIONED
BALANCED,16015,2025-08-29 07:00:00+00:00,2025,TRIGGERED,7,6,6,19,0,,6.0,16016,2025-08-29 08:00:00+00:00,16022,2025-08-29 14:00:00+00:00,STOP,-0.02,6,1,1,1,1,1,1,1,1,1,1,1,1,1,1,1,1,1,1,1,TAKEN
BALANCED,16021,2025-08-29 13:00:00+00:00,2025,TRIGGERED,7,6,6,19,0,,,16022,2025-08-29 14:00:00+00:00,16183,2025-09-05 07:00:00+00:00,TARGET,0.03,161,1,1,1,1,1,1,1,1,1,1,1,1,1,1,1,1,1,1,1,MISSED_ALREADY_POSITIONED
BALANCED,16028,2025-08-29 20:00:00+00:00,2025,TRIGGERED,7,2,5,14,0,,,16029,2025-08-29 21:00:00+00:00,16118,2025-09-02 14:00:00+00:00,TARGET,0.03,89,1,1,1,1,1,1,1,0,0,0,0,1,1,1,0,1,1,1,1,TAKEN
BALANCED,16033,2025-08-30 01:00:00+00:00,2025,TRIGGERED,6,4,6,16,0,,,16034,2025-08-30 02:00:00+00:00,16117,2025-09-02 13:00:00+00:00,TARGET,0.03,83,1,1,1,0,1,1,1,0,1,1,1,1,0,1,1,1,1,1,1,MISSED_ALREADY_POSITIONED
BALANCED,16066,2025-08-31 10:00:00+00:00,2025,TRIGGERED,4,2,3,9,0,,,16067,2025-08-31 11:00:00+00:00,16142,2025-09-03 14:00:00+00:00,TARGET,0.03,75,0,1,1,1,0,0,1,0,0,0,1,0,1,0,0,0,1,1,1,MISSED_ALREADY_POSITIONED
BALANCED,16079,2025-08-31 23:00:00+00:00,2025,TRIGGERED,6,6,6,18,0,60.0,,16080,2025-09-01 00:00:00+00:00,16140,2025-09-03 12:00:00+00:00,TARGET,0.03,60,1,1,1,1,0,1,1,1,1,1,1,1,1,1,1,1,1,1,1,MISSED_ALREADY_POSITIONED
BALANCED,16101,2025-09-01 21:00:00+00:00,2025,TRIGGERED,6,6,6,18,1,16.0,,16102,2025-09-01 22:00:00+00:00,16118,2025-09-02 14:00:00+00:00,TARGET,0.03,16,1,1,1,0,1,1,1,1,1,1,1,1,1,1,1,1,1,1,1,MISSED_ALREADY_POSITIONED
BALANCED,16116,2025-09-02 12:00:00+00:00,2025,TRIGGERED,4,5,6,15,0,25.0,,16117,2025-09-02 13:00:00+00:00,16142,2025-09-03 14:00:00+00:00,TARGET,0.03,25,1,0,1,0,1,1,0,1,1,1,1,1,0,1,1,1,1,1,1,MISSED_ALREADY_POSITIONED
BALANCED,16156,2025-09-04 04:00:00+00:00,2025,TRIGGERED,6,5,2,13,0,,,16157,2025-09-04 05:00:00+00:00,16333,2025-09-11 13:00:00+00:00,TARGET,0.03,176,1,1,1,1,1,1,0,1,1,1,1,1,0,0,1,0,0,0,1,TAKEN
BALANCED,16166,2025-09-04 14:00:00+00:00,2025,TRIGGERED,7,5,5,17,0,,,16167,2025-09-04 15:00:00+00:00,16308,2025-09-10 12:00:00+00:00,TARGET,0.03,141,1,1,1,1,1,1,1,1,1,1,1,1,0,1,1,1,1,1,0,MISSED_ALREADY_POSITIONED
BALANCED,16190,2025-09-05 14:00:00+00:00,2025,TRIGGERED,5,4,6,15,0,,,16191,2025-09-05 15:00:00+00:00,16309,2025-09-10 13:00:00+00:00,TARGET,0.03,118,1,1,1,0,1,1,0,1,1,1,0,0,1,1,1,1,1,1,1,MISSED_ALREADY_POSITIONED
BALANCED,16197,2025-09-05 21:00:00+00:00,2025,TRIGGERED,4,5,6,15,0,,,16198,2025-09-05 22:00:00+00:00,16309,2025-09-10 13:00:00+00:00,TARGET,0.03,111,0,1,1,0,1,1,0,1,1,1,1,0,1,1,1,1,1,1,1,MISSED_ALREADY_POSITIONED
BALANCED,16199,2025-09-05 23:00:00+00:00,2025,TRIGGERED,4,4,2,10,0,,,16200,2025-09-06 00:00:00+00:00,16323,2025-09-11 03:00:00+00:00,TARGET,0.03,123,0,1,1,0,1,1,0,0,1,1,1,1,0,0,1,0,0,0,1,MISSED_ALREADY_POSITIONED
BALANCED,16215,2025-09-06 15:00:00+00:00,2025,TRIGGERED,5,2,5,12,0,,,16216,2025-09-06 16:00:00+00:00,16309,2025-09-10 13:00:00+00:00,TARGET,0.03,93,1,1,1,1,0,0,1,0,0,1,1,0,0,1,1,1,0,1,1,MISSED_ALREADY_POSITIONED
BALANCED,16219,2025-09-06 19:00:00+00:00,2025,TRIGGERED,7,2,2,11,0,,,16220,2025-09-06 20:00:00+00:00,16309,2025-09-10 13:00:00+00:00,TARGET,0.03,89,1,1,1,1,1,1,1,0,0,0,1,1,0,0,1,0,0,0,1,MISSED_ALREADY_POSITIONED
BALANCED,16273,2025-09-09 01:00:00+00:00,2025,TRIGGERED,5,5,4,14,0,68.0,,16274,2025-09-09 02:00:00+00:00,16342,2025-09-11 22:00:00+00:00,TARGET,0.03,68,1,1,1,1,1,0,0,1,1,1,1,1,0,0,1,1,1,1,0,MISSED_ALREADY_POSITIONED
BALANCED,16287,2025-09-09 15:00:00+00:00,2025,TRIGGERED,7,6,6,19,0,45.0,,16288,2025-09-09 16:00:00+00:00,16333,2025-09-11 13:00:00+00:00,TARGET,0.03,45,1,1,1,1,1,1,1,1,1,1,1,1,1,1,1,1,1,1,1,MISSED_ALREADY_POSITIONED
BALANCED,16297,2025-09-10 01:00:00+00:00,2025,TRIGGERED,6,3,4,13,0,35.0,,16298,2025-09-10 02:00:00+00:00,16333,2025-09-11 13:00:00+00:00,TARGET,0.03,35,1,1,1,0,1,1,1,0,1,1,0,1,0,0,1,0,1,1,1,MISSED_ALREADY_POSITIONED
BALANCED,16384,2025-09-13 16:00:00+00:00,2025,TRIGGERED,5,4,6,15,0,,,16385,2025-09-13 17:00:00+00:00,16590,2025-09-22 06:00:00+00:00,STOP,-0.02,205,1,1,1,1,1,0,0,0,1,1,1,1,0,1,1,1,1,1,1,TAKEN
BALANCED,16405,2025-09-14 13:00:00+00:00,2025,TRIGGERED,4,4,6,14,0,,,16406,2025-09-14 14:00:00+00:00,16590,2025-09-22 06:00:00+00:00,STOP,-0.02,184,1,1,1,1,0,0,0,0,1,1,1,1,0,1,1,1,1,1,1,MISSED_ALREADY_POSITIONED
BALANCED,16407,2025-09-14 15:00:00+00:00,2025,TRIGGERED,4,4,3,11,0,,,16408,2025-09-14 16:00:00+00:00,16590,2025-09-22 06:00:00+00:00,STOP,-0.02,182,1,1,1,1,0,0,0,0,1,1,1,1,0,0,1,0,1,1,0,MISSED_ALREADY_POSITIONED
BALANCED,16416,2025-09-15 00:00:00+00:00,2025,TRIGGERED,4,6,4,14,0,,,16417,2025-09-15 01:00:00+00:00,16590,2025-09-22 06:00:00+00:00,STOP,-0.02,173,1,1,1,1,0,0,0,1,1,1,1,1,1,0,0,1,1,1,1,MISSED_ALREADY_POSITIONED
BALANCED,16424,2025-09-15 08:00:00+00:00,2025,TRIGGERED,7,6,6,19,0,,,16425,2025-09-15 09:00:00+00:00,16590,2025-09-22 06:00:00+00:00,STOP,-0.02,165,1,1,1,1,1,1,1,1,1,1,1,1,1,1,1,1,1,1,1,MISSED_ALREADY_POSITIONED
BALANCED,16428,2025-09-15 12:00:00+00:00,2025,TRIGGERED,6,2,4,12,0,,,16429,2025-09-15 13:00:00+00:00,16590,2025-09-22 06:00:00+00:00,STOP,-0.02,161,0,1,1,1,1,1,1,0,0,0,1,1,0,0,1,0,1,1,1,MISSED_ALREADY_POSITIONED
BALANCED,16476,2025-09-17 12:00:00+00:00,2025,TRIGGERED,4,3,4,11,0,,,16477,2025-09-17 13:00:00+00:00,16586,2025-09-22 02:00:00+00:00,STOP,-0.02,109,1,1,1,1,0,0,0,0,1,0,1,1,0,0,1,1,1,1,0,MISSED_ALREADY_POSITIONED
BALANCED,16518,2025-09-19 06:00:00+00:00,2025,TRIGGERED,5,2,3,10,0,,65.0,16519,2025-09-19 07:00:00+00:00,16584,2025-09-22 00:00:00+00:00,STOP,-0.02,65,1,1,1,1,1,0,0,0,0,0,1,1,0,0,1,0,0,1,1,MISSED_ALREADY_POSITIONED
BALANCED,16524,2025-09-19 12:00:00+00:00,2025,TRIGGERED,6,2,3,11,0,,61.0,16525,2025-09-19 13:00:00+00:00,16586,2025-09-22 02:00:00+00:00,STOP,-0.02,61,1,1,1,1,1,1,0,0,0,0,1,1,0,0,1,0,0,1,1,MISSED_ALREADY_POSITIONED
BALANCED,16526,2025-09-19 14:00:00+00:00,2025,TRIGGERED,7,2,5,14,0,,62.0,16527,2025-09-19 15:00:00+00:00,16589,2025-09-22 05:00:00+00:00,STOP,-0.02,62,1,1,1,1,1,1,1,0,0,0,1,1,0,0,1,1,1,1,1,MISSED_ALREADY_POSITIONED
BALANCED,16529,2025-09-19 17:00:00+00:00,2025,TRIGGERED,7,2,4,13,0,,60.0,16530,2025-09-19 18:00:00+00:00,16590,2025-09-22 06:00:00+00:00,STOP,-0.02,60,1,1,1,1,1,1,1,0,0,0,1,1,0,1,1,1,0,0,1,MISSED_ALREADY_POSITIONED
BALANCED,16584,2025-09-22 00:00:00+00:00,2025,TRIGGERED,7,6,6,19,0,,5.0,16585,2025-09-22 01:00:00+00:00,16590,2025-09-22 06:00:00+00:00,STOP,-0.02,5,1,1,1,1,1,1,1,1,1,1,1,1,1,1,1,1,1,1,1,MISSED_ALREADY_POSITIONED
BALANCED,16588,2025-09-22 04:00:00+00:00,2025,TRIGGERED,7,2,5,14,0,,1.0,16589,2025-09-22 05:00:00+00:00,16590,2025-09-22 06:00:00+00:00,STOP,-0.02,1,1,1,1,1,1,1,1,0,0,0,0,1,1,0,1,1,1,1,1,MISSED_ALREADY_POSITIONED
BALANCED,16600,2025-09-22 16:00:00+00:00,2025,TRIGGERED,4,2,4,10,0,,68.0,16601,2025-09-22 17:00:00+00:00,16669,2025-09-25 13:00:00+00:00,STOP,-0.02,68,1,0,0,0,1,1,1,0,1,0,0,0,1,0,1,0,1,1,1,TAKEN
BALANCED,16603,2025-09-22 19:00:00+00:00,2025,TRIGGERED,6,3,5,14,0,,69.0,16604,2025-09-22 20:00:00+00:00,16673,2025-09-25 17:00:00+00:00,STOP,-0.02,69,1,1,1,0,1,1,1,0,0,0,1,1,1,0,1,1,1,1,1,MISSED_ALREADY_POSITIONED
BALANCED,16610,2025-09-23 02:00:00+00:00,2025,TRIGGERED,7,3,5,15,0,,62.0,16611,2025-09-23 03:00:00+00:00,16673,2025-09-25 17:00:00+00:00,STOP,-0.02,62,1,1,1,1,1,1,1,0,1,1,0,1,0,0,1,1,1,1,1,MISSED_ALREADY_POSITIONED
BALANCED,16625,2025-09-23 17:00:00+00:00,2025,TRIGGERED,7,5,6,18,0,,47.0,16626,2025-09-23 18:00:00+00:00,16673,2025-09-25 17:00:00+00:00,STOP,-0.02,47,1,1,1,1,1,1,1,1,1,1,0,1,1,1,1,1,1,1,1,MISSED_ALREADY_POSITIONED
BALANCED,16635,2025-09-24 03:00:00+00:00,2025,TRIGGERED,6,3,5,14,0,,37.0,16636,2025-09-24 04:00:00+00:00,16673,2025-09-25 17:00:00+00:00,STOP,-0.02,37,1,1,1,0,1,1,1,0,1,1,1,0,0,1,1,0,1,1,1,MISSED_ALREADY_POSITIONED
BALANCED,16657,2025-09-25 01:00:00+00:00,2025,TRIGGERED,4,5,6,15,0,,11.0,16658,2025-09-25 02:00:00+00:00,16669,2025-09-25 13:00:00+00:00,STOP,-0.02,11,1,1,1,0,0,0,1,1,1,1,1,1,0,1,1,1,1,1,1,MISSED_ALREADY_POSITIONED
BALANCED,16659,2025-09-25 03:00:00+00:00,2025,TRIGGERED,5,5,3,13,0,,13.0,16660,2025-09-25 04:00:00+00:00,16673,2025-09-25 17:00:00+00:00,STOP,-0.02,13,1,1,1,1,0,0,1,0,1,1,1,1,1,0,0,1,1,1,0,MISSED_ALREADY_POSITIONED
BALANCED,16665,2025-09-25 09:00:00+00:00,2025,TRIGGERED,7,2,4,13,0,,7.0,16666,2025-09-25 10:00:00+00:00,16673,2025-09-25 17:00:00+00:00,STOP,-0.02,7,1,1,1,1,1,1,1,0,0,0,0,1,1,0,1,1,0,1,1,MISSED_ALREADY_POSITIONED
BALANCED,16667,2025-09-25 11:00:00+00:00,2025,TRIGGERED,7,2,4,13,0,,5.0,16668,2025-09-25 12:00:00+00:00,16673,2025-09-25 17:00:00+00:00,STOP,-0.02,5,1,1,1,1,1,1,1,0,0,0,0,1,1,0,1,0,1,1,1,MISSED_ALREADY_POSITIONED
BALANCED,16673,2025-09-25 17:00:00+00:00,2025,TRIGGERED,7,6,6,19,0,,,16674,2025-09-25 18:00:00+00:00,16764,2025-09-29 12:00:00+00:00,TARGET,0.03,90,1,1,1,1,1,1,1,1,1,1,1,1,1,1,1,1,1,1,1,TAKEN
BALANCED,16679,2025-09-25 23:00:00+00:00,2025,TRIGGERED,7,2,5,14,0,,,16680,2025-09-26 00:00:00+00:00,16765,2025-09-29 13:00:00+00:00,TARGET,0.03,85,1,1,1,1,1,1,1,0,0,0,0,1,1,1,1,1,1,1,0,MISSED_ALREADY_POSITIONED
BALANCED,16784,2025-09-30 08:00:00+00:00,2025,TRIGGERED,4,5,3,12,0,29.0,,16785,2025-09-30 09:00:00+00:00,16814,2025-10-01 14:00:00+00:00,TARGET,0.03,29,1,1,1,1,0,0,0,1,1,1,1,1,0,0,1,0,1,1,0,TAKEN
BALANCED,16792,2025-09-30 16:00:00+00:00,2025,TRIGGERED,4,3,5,12,1,15.0,,16793,2025-09-30 17:00:00+00:00,16808,2025-10-01 08:00:00+00:00,TARGET,0.03,15,1,1,1,0,1,0,0,0,1,1,1,0,0,0,1,1,1,1,1,MISSED_ALREADY_POSITIONED
BALANCED,16887,2025-10-04 15:00:00+00:00,2025,TRIGGERED,5,2,4,11,0,50.0,,16888,2025-10-04 16:00:00+00:00,16938,2025-10-06 18:00:00+00:00,TARGET,0.03,50,1,1,1,1,1,0,0,0,1,0,1,0,0,0,1,0,1,1,1,TAKEN
BALANCED,16890,2025-10-04 18:00:00+00:00,2025,TRIGGERED,5,2,2,9,1,9.0,,16891,2025-10-04 19:00:00+00:00,16900,2025-10-05 04:00:00+00:00,TARGET,0.03,9,1,1,1,1,1,0,0,0,0,0,1,1,0,0,1,0,0,0,1,MISSED_ALREADY_POSITIONED
BALANCED,16950,2025-10-07 06:00:00+00:00,2025,TRIGGERED,5,5,5,15,0,,8.0,16951,2025-10-07 07:00:00+00:00,16959,2025-10-07 15:00:00+00:00,STOP,-0.02,8,1,1,1,1,1,0,0,1,1,1,1,1,0,1,1,0,1,1,1,TAKEN
BALANCED,16958,2025-10-07 14:00:00+00:00,2025,TRIGGERED,7,6,6,19,0,,3.0,16959,2025-10-07 15:00:00+00:00,16962,2025-10-07 18:00:00+00:00,STOP,-0.02,3,1,1,1,1,1,1,1,1,1,1,1,1,1,1,1,1,1,1,1,MISSED_ALREADY_POSITIONED
BALANCED,16994,2025-10-09 02:00:00+00:00,2025,TRIGGERED,7,6,6,19,0,,36.0,16995,2025-10-09 03:00:00+00:00,17031,2025-10-10 15:00:00+00:00,STOP,-0.02,36,1,1,1,1,1,1,1,1,1,1,1,1,1,1,1,1,1,1,1,TAKEN
BALANCED,17000,2025-10-09 08:00:00+00:00,2025,TRIGGERED,7,5,6,18,0,,30.0,17001,2025-10-09 09:00:00+00:00,17031,2025-10-10 15:00:00+00:00,STOP,-0.02,30,1,1,1,1,1,1,1,1,1,1,1,1,0,1,1,1,1,1,1,MISSED_ALREADY_POSITIONED
BALANCED,17006,2025-10-09 14:00:00+00:00,2025,TRIGGERED,6,5,5,16,0,,24.0,17007,2025-10-09 15:00:00+00:00,17031,2025-10-10 15:00:00+00:00,STOP,-0.02,24,0,1,1,1,1,1,1,1,1,1,1,0,1,1,0,1,1,1,1,MISSED_ALREADY_POSITIONED
BALANCED,17030,2025-10-10 14:00:00+00:00,2025,TRIGGERED,7,4,6,17,0,,1.0,17031,2025-10-10 15:00:00+00:00,17032,2025-10-10 16:00:00+00:00,STOP,-0.02,1,1,1,1,1,1,1,1,1,1,1,0,1,0,1,1,1,1,1,1,MISSED_ALREADY_POSITIONED
BALANCED,17045,2025-10-11 05:00:00+00:00,2025,TRIGGERED,4,3,4,11,0,,1.0,17046,2025-10-11 06:00:00+00:00,17047,2025-10-11 07:00:00+00:00,STOP,-0.02,1,0,1,0,0,1,1,1,0,1,0,0,1,1,1,0,0,1,1,1,TAKEN
BALANCED,17060,2025-10-11 20:00:00+00:00,2025,TRIGGERED,7,4,5,16,1,19.0,,17061,2025-10-11 21:00:00+00:00,17080,2025-10-12 16:00:00+00:00,TARGET,0.03,19,1,1,1,1,1,1,1,1,1,1,0,1,0,1,0,1,1,1,1,TAKEN
BALANCED,17064,2025-10-12 00:00:00+00:00,2025,TRIGGERED,7,4,6,17,1,14.0,,17065,2025-10-12 01:00:00+00:00,17079,2025-10-12 15:00:00+00:00,TARGET,0.03,14,1,1,1,1,1,1,1,1,1,1,0,1,0,1,1,1,1,1,1,MISSED_ALREADY_POSITIONED
BALANCED,17102,2025-10-13 14:00:00+00:00,2025,TRIGGERED,4,4,6,14,0,,15.0,17103,2025-10-13 15:00:00+00:00,17118,2025-10-14 06:00:00+00:00,STOP,-0.02,15,0,1,1,1,0,0,1,1,1,0,1,0,1,1,1,1,1,1,1,TAKEN
BALANCED,17113,2025-10-14 01:00:00+00:00,2025,TRIGGERED,4,5,4,13,0,,4.0,17114,2025-10-14 02:00:00+00:00,17118,2025-10-14 06:00:00+00:00,STOP,-0.02,4,1,1,1,0,1,0,0,1,1,1,1,1,0,1,1,1,0,0,1,MISSED_ALREADY_POSITIONED
BALANCED,17148,2025-10-15 12:00:00+00:00,2025,TRIGGERED,7,4,2,13,0,,20.0,17149,2025-10-15 13:00:00+00:00,17169,2025-10-16 09:00:00+00:00,STOP,-0.02,20,1,1,1,1,1,1,1,0,1,1,1,1,0,0,0,0,0,1,1,TAKEN
BALANCED,17157,2025-10-15 21:00:00+00:00,2025,TRIGGERED,6,2,2,10,0,,17.0,17158,2025-10-15 22:00:00+00:00,17175,2025-10-16 15:00:00+00:00,STOP,-0.02,17,1,1,1,0,1,1,1,0,1,1,0,0,0,0,0,1,0,0,1,MISSED_ALREADY_POSITIONED
BALANCED,17160,2025-10-16 00:00:00+00:00,2025,TRIGGERED,7,2,3,12,0,,14.0,17161,2025-10-16 01:00:00+00:00,17175,2025-10-16 15:00:00+00:00,STOP,-0.02,14,1,1,1,1,1,1,1,0,0,0,1,1,0,0,1,0,1,0,1,MISSED_ALREADY_POSITIONED
BALANCED,17167,2025-10-16 07:00:00+00:00,2025,TRIGGERED,5,2,5,12,0,,7.0,17168,2025-10-16 08:00:00+00:00,17175,2025-10-16 15:00:00+00:00,STOP,-0.02,7,0,1,1,0,1,1,1,1,0,0,0,0,1,1,1,1,0,1,1,MISSED_ALREADY_POSITIONED
BALANCED,17174,2025-10-16 14:00:00+00:00,2025,TRIGGERED,5,4,4,13,0,,0.0,17175,2025-10-16 15:00:00+00:00,17175,2025-10-16 15:00:00+00:00,STOP,-0.02,0,1,1,0,1,0,1,1,1,1,1,0,1,0,0,0,1,1,1,1,TAKEN
BALANCED,17190,2025-10-17 06:00:00+00:00,2025,TRIGGERED,7,6,6,19,0,68.0,1.0,17191,2025-10-17 07:00:00+00:00,17192,2025-10-17 08:00:00+00:00,STOP,-0.02,1,1,1,1,1,1,1,1,1,1,1,1,1,1,1,1,1,1,1,1,TAKEN
BALANCED,17198,2025-10-17 14:00:00+00:00,2025,TRIGGERED,4,2,5,11,0,49.0,,17199,2025-10-17 15:00:00+00:00,17248,2025-10-19 16:00:00+00:00,TARGET,0.03,49,0,1,0,0,1,1,1,0,0,0,0,1,1,1,0,1,1,1,1,TAKEN
BALANCED,17240,2025-10-19 08:00:00+00:00,2025,TRIGGERED,5,4,5,14,1,18.0,,17241,2025-10-19 09:00:00+00:00,17259,2025-10-20 03:00:00+00:00,TARGET,0.03,18,1,1,1,1,0,0,1,0,1,1,1,1,0,0,1,1,1,1,1,MISSED_ALREADY_POSITIONED
BALANCED,17281,2025-10-21 01:00:00+00:00,2025,TRIGGERED,5,5,5,15,0,13.0,2.0,17282,2025-10-21 02:00:00+00:00,17284,2025-10-21 04:00:00+00:00,STOP,-0.02,2,1,1,1,1,1,0,0,1,1,1,1,1,0,1,0,1,1,1,1,TAKEN
BALANCED,17302,2025-10-21 22:00:00+00:00,2025,TRIGGERED,4,6,5,15,0,,12.0,17303,2025-10-21 23:00:00+00:00,17315,2025-10-22 11:00:00+00:00,STOP,-0.02,12,1,0,1,0,1,1,0,1,1,1,1,1,1,1,0,1,1,1,1,TAKEN
BALANCED,17310,2025-10-22 06:00:00+00:00,2025,TRIGGERED,5,2,2,9,0,53.0,,17311,2025-10-22 07:00:00+00:00,17364,2025-10-24 12:00:00+00:00,TARGET,0.03,53,1,0,1,0,1,1,1,0,1,0,0,1,0,0,1,0,0,0,1,MISSED_ALREADY_POSITIONED
BALANCED,17314,2025-10-22 10:00:00+00:00,2025,TRIGGERED,5,3,2,10,0,30.0,,17315,2025-10-22 11:00:00+00:00,17345,2025-10-23 17:00:00+00:00,TARGET,0.03,30,1,0,1,0,1,1,1,0,1,1,0,1,0,0,1,0,0,0,1,MISSED_ALREADY_POSITIONED
BALANCED,17321,2025-10-22 17:00:00+00:00,2025,TRIGGERED,4,2,5,11,0,34.0,,17322,2025-10-22 18:00:00+00:00,17356,2025-10-24 04:00:00+00:00,TARGET,0.03,34,0,1,0,0,1,1,1,0,0,1,0,1,0,1,1,0,1,1,1,TAKEN
BALANCED,17325,2025-10-22 21:00:00+00:00,2025,TRIGGERED,7,5,5,17,1,19.0,,17326,2025-10-22 22:00:00+00:00,17345,2025-10-23 17:00:00+00:00,TARGET,0.03,19,1,1,1,1,1,1,1,1,1,1,1,1,0,1,0,1,1,1,1,MISSED_ALREADY_POSITIONED
BALANCED,17367,2025-10-24 15:00:00+00:00,2025,TRIGGERED,4,6,2,12,0,44.0,,17368,2025-10-24 16:00:00+00:00,17412,2025-10-26 12:00:00+00:00,TARGET,0.03,44,1,1,1,0,1,0,0,1,1,1,1,1,1,0,1,0,1,0,0,TAKEN
BALANCED,17403,2025-10-26 03:00:00+00:00,2025,TRIGGERED,4,3,2,9,1,18.0,,17404,2025-10-26 04:00:00+00:00,17422,2025-10-26 22:00:00+00:00,TARGET,0.03,18,1,1,1,1,0,0,0,0,1,1,1,0,0,0,1,0,0,0,1,MISSED_ALREADY_POSITIONED
BALANCED,17444,2025-10-27 20:00:00+00:00,2025,TRIGGERED,5,6,5,16,0,,23.0,17445,2025-10-27 21:00:00+00:00,17468,2025-10-28 20:00:00+00:00,STOP,-0.02,23,1,1,1,1,1,0,0,1,1,1,1,1,1,1,1,0,1,1,1,TAKEN
BALANCED,17467,2025-10-28 19:00:00+00:00,2025,TRIGGERED,5,6,6,17,0,,19.0,17468,2025-10-28 20:00:00+00:00,17487,2025-10-29 15:00:00+00:00,STOP,-0.02,19,1,1,1,0,1,1,0,1,1,1,1,1,1,1,1,1,1,1,1,MISSED_ALREADY_POSITIONED
BALANCED,17471,2025-10-28 23:00:00+00:00,2025,TRIGGERED,7,2,2,11,0,,16.0,17472,2025-10-29 00:00:00+00:00,17488,2025-10-29 16:00:00+00:00,STOP,-0.02,16,1,1,1,1,1,1,1,0,0,0,1,1,0,0,1,0,0,0,1,TAKEN
BALANCED,17486,2025-10-29 14:00:00+00:00,2025,TRIGGERED,6,2,4,12,0,,3.0,17487,2025-10-29 15:00:00+00:00,17490,2025-10-29 18:00:00+00:00,STOP,-0.02,3,1,1,0,1,1,1,1,0,0,1,0,1,0,0,0,1,1,1,1,MISSED_ALREADY_POSITIONED
BALANCED,17490,2025-10-29 18:00:00+00:00,2025,TRIGGERED,6,4,4,14,0,,9.0,17491,2025-10-29 19:00:00+00:00,17500,2025-10-30 04:00:00+00:00,STOP,-0.02,9,1,1,0,1,1,1,1,1,0,0,1,1,1,1,0,1,1,1,0,TAKEN
BALANCED,17495,2025-10-29 23:00:00+00:00,2025,TRIGGERED,7,6,6,19,0,,4.0,17496,2025-10-30 00:00:00+00:00,17500,2025-10-30 04:00:00+00:00,STOP,-0.02,4,1,1,1,1,1,1,1,1,1,1,1,1,1,1,1,1,1,1,1,MISSED_ALREADY_POSITIONED
BALANCED,17500,2025-10-30 04:00:00+00:00,2025,TRIGGERED,7,6,6,19,0,,14.0,17501,2025-10-30 05:00:00+00:00,17515,2025-10-30 19:00:00+00:00,STOP,-0.02,14,1,1,1,1,1,1,1,1,1,1,1,1,1,1,1,1,1,1,1,TAKEN
BALANCED,17507,2025-10-30 11:00:00+00:00,2025,TRIGGERED,5,3,4,12,0,,1.0,17508,2025-10-30 12:00:00+00:00,17509,2025-10-30 13:00:00+00:00,STOP,-0.02,1,0,1,0,1,1,1,1,0,1,1,0,1,0,1,1,0,1,0,1,MISSED_ALREADY_POSITIONED
BALANCED,17513,2025-10-30 17:00:00+00:00,2025,TRIGGERED,7,3,5,15,1,20.0,,17514,2025-10-30 18:00:00+00:00,17534,2025-10-31 14:00:00+00:00,TARGET,0.03,20,1,1,1,1,1,1,1,0,0,0,1,1,1,1,0,1,1,1,1,MISSED_ALREADY_POSITIONED
BALANCED,17590,2025-11-02 22:00:00+00:00,2025,TRIGGERED,4,2,4,10,0,,4.0,17591,2025-11-02 23:00:00+00:00,17595,2025-11-03 03:00:00+00:00,STOP,-0.02,4,1,1,1,1,0,0,0,0,0,0,1,1,0,0,0,1,1,1,1,TAKEN
BALANCED,17593,2025-11-03 01:00:00+00:00,2025,TRIGGERED,6,2,3,11,0,,2.0,17594,2025-11-03 02:00:00+00:00,17596,2025-11-03 04:00:00+00:00,STOP,-0.02,2,1,1,1,1,1,0,1,0,0,0,1,0,1,0,0,0,1,1,1,MISSED_ALREADY_POSITIONED
BALANCED,17600,2025-11-03 08:00:00+00:00,2025,TRIGGERED,7,2,4,13,0,,6.0,17601,2025-11-03 09:00:00+00:00,17607,2025-11-03 15:00:00+00:00,STOP,-0.02,6,1,1,1,1,1,1,1,0,0,0,0,1,1,0,0,1,1,1,1,TAKEN
BALANCED,17607,2025-11-03 15:00:00+00:00,2025,TRIGGERED,7,6,6,19,0,,16.0,17608,2025-11-03 16:00:00+00:00,17624,2025-11-04 08:00:00+00:00,STOP,-0.02,16,1,1,1,1,1,1,1,1,1,1,1,1,1,1,1,1,1,1,1,TAKEN
BALANCED,17612,2025-11-03 20:00:00+00:00,2025,TRIGGERED,5,4,4,13,0,,8.0,17613,2025-11-03 21:00:00+00:00,17621,2025-11-04 05:00:00+00:00,STOP,-0.02,8,0,1,0,1,1,1,1,0,1,1,0,1,1,1,0,0,1,1,1,MISSED_ALREADY_POSITIONED
BALANCED,17614,2025-11-03 22:00:00+00:00,2025,TRIGGERED,5,3,5,13,0,,6.0,17615,2025-11-03 23:00:00+00:00,17621,2025-11-04 05:00:00+00:00,STOP,-0.02,6,0,1,0,1,1,1,1,0,1,0,0,1,1,1,0,1,1,1,1,MISSED_ALREADY_POSITIONED
BALANCED,17621,2025-11-04 05:00:00+00:00,2025,TRIGGERED,7,6,6,19,0,,10.0,17622,2025-11-04 06:00:00+00:00,17632,2025-11-04 16:00:00+00:00,STOP,-0.02,10,1,1,1,1,1,1,1,1,1,1,1,1,1,1,1,1,1,1,1,MISSED_ALREADY_POSITIONED
BALANCED,17631,2025-11-04 15:00:00+00:00,2025,TRIGGERED,6,4,6,16,0,,1.0,17632,2025-11-04 16:00:00+00:00,17633,2025-11-04 17:00:00+00:00,STOP,-0.02,1,1,1,1,0,1,1,1,1,0,1,1,1,0,1,1,1,1,1,1,TAKEN
BALANCED,17641,2025-11-05 01:00:00+00:00,2025,TRIGGERED,4,2,4,10,1,16.0,,17642,2025-11-05 02:00:00+00:00,17658,2025-11-05 18:00:00+00:00,TARGET,0.03,16,0,1,0,0,1,1,1,0,0,0,0,1,1,0,0,1,1,1,1,TAKEN
BALANCED,17673,2025-11-06 09:00:00+00:00,2025,TRIGGERED,5,5,3,13,0,,6.0,17674,2025-11-06 10:00:00+00:00,17680,2025-11-06 16:00:00+00:00,STOP,-0.02,6,1,1,1,1,0,0,1,1,1,1,1,1,0,1,1,0,0,0,1,TAKEN
BALANCED,17676,2025-11-06 12:00:00+00:00,2025,TRIGGERED,7,4,4,15,0,,3.0,17677,2025-11-06 13:00:00+00:00,17680,2025-11-06 16:00:00+00:00,STOP,-0.02,3,1,1,1,1,1,1,1,1,1,0,1,1,0,1,1,1,0,0,1,MISSED_ALREADY_POSITIONED
BALANCED,17678,2025-11-06 14:00:00+00:00,2025,TRIGGERED,7,6,6,19,0,,1.0,17679,2025-11-06 15:00:00+00:00,17680,2025-11-06 16:00:00+00:00,STOP,-0.02,1,1,1,1,1,1,1,1,1,1,1,1,1,1,1,1,1,1,1,1,MISSED_ALREADY_POSITIONED
BALANCED,17697,2025-11-07 09:00:00+00:00,2025,TRIGGERED,6,4,2,12,0,56.0,2.0,17698,2025-11-07 10:00:00+00:00,17700,2025-11-07 12:00:00+00:00,STOP,-0.02,2,1,1,1,0,1,1,1,1,1,1,0,1,0,1,0,0,0,1,0,TAKEN
BALANCED,17723,2025-11-08 11:00:00+00:00,2025,TRIGGERED,4,5,4,13,0,35.0,,17724,2025-11-08 12:00:00+00:00,17759,2025-11-09 23:00:00+00:00,TARGET,0.03,35,1,1,1,0,0,0,1,1,1,1,1,1,0,1,1,1,0,0,1,TAKEN
BALANCED,17725,2025-11-08 13:00:00+00:00,2025,TRIGGERED,5,4,3,12,0,33.0,,17726,2025-11-08 14:00:00+00:00,17759,2025-11-09 23:00:00+00:00,TARGET,0.03,33,1,1,1,1,0,0,1,0,1,1,1,1,0,0,1,0,0,1,1,MISSED_ALREADY_POSITIONED
BALANCED,17738,2025-11-09 02:00:00+00:00,2025,TRIGGERED,5,4,3,12,1,17.0,,17739,2025-11-09 03:00:00+00:00,17756,2025-11-09 20:00:00+00:00,TARGET,0.03,17,1,1,1,1,0,0,1,0,1,1,1,1,0,1,1,0,0,0,1,MISSED_ALREADY_POSITIONED
BALANCED,17789,2025-11-11 05:00:00+00:00,2025,TRIGGERED,4,6,5,15,0,,9.0,17790,2025-11-11 06:00:00+00:00,17799,2025-11-11 15:00:00+00:00,STOP,-0.02,9,1,1,1,0,1,0,0,1,1,1,1,1,1,1,1,0,1,1,1,TAKEN
BALANCED,17796,2025-11-11 12:00:00+00:00,2025,TRIGGERED,6,5,6,17,0,,7.0,17797,2025-11-11 13:00:00+00:00,17804,2025-11-11 20:00:00+00:00,STOP,-0.02,7,1,1,1,1,1,1,0,1,0,1,1,1,1,1,1,1,1,1,1,MISSED_ALREADY_POSITIONED
BALANCED,17804,2025-11-11 20:00:00+00:00,2025,TRIGGERED,7,2,4,13,0,,22.0,17805,2025-11-11 21:00:00+00:00,17827,2025-11-12 19:00:00+00:00,STOP,-0.02,22,1,1,1,1,1,1,1,0,1,0,0,1,0,0,1,0,1,1,1,TAKEN
BALANCED,17823,2025-11-12 15:00:00+00:00,2025,TRIGGERED,6,5,6,17,0,,25.0,17824,2025-11-12 16:00:00+00:00,17849,2025-11-13 17:00:00+00:00,STOP,-0.02,25,1,1,1,0,1,1,1,1,1,1,0,1,1,1,1,1,1,1,1,MISSED_ALREADY_POSITIONED
BALANCED,17847,2025-11-13 15:00:00+00:00,2025,TRIGGERED,6,6,5,17,0,,1.0,17848,2025-11-13 16:00:00+00:00,17849,2025-11-13 17:00:00+00:00,STOP,-0.02,1,1,1,1,0,1,1,1,1,1,1,1,1,1,1,1,1,1,1,0,TAKEN
BALANCED,17857,2025-11-14 01:00:00+00:00,2025,TRIGGERED,4,2,3,9,0,,2.0,17858,2025-11-14 02:00:00+00:00,17860,2025-11-14 04:00:00+00:00,STOP,-0.02,2,0,0,1,0,1,1,1,0,1,0,0,0,1,0,0,0,1,1,1,TAKEN
BALANCED,17860,2025-11-14 04:00:00+00:00,2025,TRIGGERED,7,6,5,18,0,,1.0,17861,2025-11-14 05:00:00+00:00,17862,2025-11-14 06:00:00+00:00,STOP,-0.02,1,1,1,1,1,1,1,1,1,1,1,1,1,1,1,0,1,1,1,1,TAKEN
BALANCED,17867,2025-11-14 11:00:00+00:00,2025,TRIGGERED,7,5,5,17,0,,8.0,17868,2025-11-14 12:00:00+00:00,17876,2025-11-14 20:00:00+00:00,STOP,-0.02,8,1,1,1,1,1,1,1,0,1,1,1,1,1,1,0,1,1,1,1,TAKEN
BALANCED,17874,2025-11-14 18:00:00+00:00,2025,TRIGGERED,7,5,6,18,0,,50.0,17875,2025-11-14 19:00:00+00:00,17925,2025-11-16 21:00:00+00:00,STOP,-0.02,50,1,1,1,1,1,1,1,1,1,1,0,1,1,1,1,1,1,1,1,MISSED_ALREADY_POSITIONED
BALANCED,17900,2025-11-15 20:00:00+00:00,2025,TRIGGERED,6,4,4,14,0,,24.0,17901,2025-11-15 21:00:00+00:00,17925,2025-11-16 21:00:00+00:00,STOP,-0.02,24,1,1,1,1,0,1,1,1,1,1,0,1,0,1,1,1,0,0,1,TAKEN
BALANCED,17905,2025-11-16 01:00:00+00:00,2025,TRIGGERED,6,3,2,11,0,,19.0,17906,2025-11-16 02:00:00+00:00,17925,2025-11-16 21:00:00+00:00,STOP,-0.02,19,1,1,0,1,1,1,1,0,1,0,1,1,0,0,0,1,0,0,1,MISSED_ALREADY_POSITIONED
BALANCED,17919,2025-11-16 15:00:00+00:00,2025,TRIGGERED,7,6,5,18,0,,25.0,17920,2025-11-16 16:00:00+00:00,17945,2025-11-17 17:00:00+00:00,STOP,-0.02,25,1,1,1,1,1,1,1,1,1,1,1,1,1,1,1,1,0,1,1,MISSED_ALREADY_POSITIONED
BALANCED,17941,2025-11-17 13:00:00+00:00,2025,TRIGGERED,6,6,6,18,0,,5.0,17942,2025-11-17 14:00:00+00:00,17947,2025-11-17 19:00:00+00:00,STOP,-0.02,5,1,1,1,0,1,1,1,1,1,1,1,1,1,1,1,1,1,1,1,TAKEN
BALANCED,17943,2025-11-17 15:00:00+00:00,2025,TRIGGERED,6,6,5,17,0,,3.0,17944,2025-11-17 16:00:00+00:00,17947,2025-11-17 19:00:00+00:00,STOP,-0.02,3,1,1,1,0,1,1,1,1,1,1,1,1,1,1,1,1,1,1,0,MISSED_ALREADY_POSITIONED
BALANCED,17945,2025-11-17 17:00:00+00:00,2025,TRIGGERED,7,6,6,19,0,,8.0,17946,2025-11-17 18:00:00+00:00,17954,2025-11-18 02:00:00+00:00,STOP,-0.02,8,1,1,1,1,1,1,1,1,1,1,1,1,1,1,1,1,1,1,1,MISSED_ALREADY_POSITIONED
BALANCED,17954,2025-11-18 02:00:00+00:00,2025,TRIGGERED,7,5,6,18,0,,1.0,17955,2025-11-18 03:00:00+00:00,17956,2025-11-18 04:00:00+00:00,STOP,-0.02,1,1,1,1,1,1,1,1,1,1,1,1,1,0,1,1,1,1,1,1,TAKEN
BALANCED,17980,2025-11-19 04:00:00+00:00,2025,TRIGGERED,6,5,4,15,0,,11.0,17981,2025-11-19 05:00:00+00:00,17992,2025-11-19 16:00:00+00:00,STOP,-0.02,11,1,1,1,0,1,1,1,1,1,1,1,1,0,1,1,0,0,1,1,TAKEN
BALANCED,17991,2025-11-19 15:00:00+00:00,2025,TRIGGERED,7,5,6,18,1,12.0,24.0,17992,2025-11-19 16:00:00+00:00,18004,2025-11-20 04:00:00+00:00,TARGET,0.03,12,1,1,1,1,1,1,1,1,1,1,1,1,0,1,1,1,1,1,1,MISSED_ALREADY_POSITIONED
BALANCED,18014,2025-11-20 14:00:00+00:00,2025,TRIGGERED,4,6,5,15,0,,1.0,18015,2025-11-20 15:00:00+00:00,18016,2025-11-20 16:00:00+00:00,STOP,-0.02,1,1,0,1,0,0,1,1,1,1,1,1,1,1,1,0,1,1,1,1,TAKEN
BALANCED,18023,2025-11-20 23:00:00+00:00,2025,TRIGGERED,6,2,5,13,0,,7.0,18024,2025-11-21 00:00:00+00:00,18031,2025-11-21 07:00:00+00:00,STOP,-0.02,7,1,1,1,0,1,1,1,0,0,0,0,1,1,1,1,1,1,0,1,TAKEN
BALANCED,18025,2025-11-21 01:00:00+00:00,2025,TRIGGERED,4,3,2,9,0,,0.0,18026,2025-11-21 02:00:00+00:00,18026,2025-11-21 02:00:00+00:00,STOP,-0.02,0,0,0,1,0,1,1,1,0,1,1,0,1,0,0,0,0,1,0,1,MISSED_ALREADY_POSITIONED
BALANCED,18031,2025-11-21 07:00:00+00:00,2025,TRIGGERED,6,6,5,17,0,44.0,1.0,18032,2025-11-21 08:00:00+00:00,18033,2025-11-21 09:00:00+00:00,STOP,-0.02,1,1,1,0,1,1,1,1,1,1,1,1,1,1,1,0,1,1,1,1,TAKEN
BALANCED,18057,2025-11-22 09:00:00+00:00,2025,TRIGGERED,5,3,2,10,1,18.0,,18058,2025-11-22 10:00:00+00:00,18076,2025-11-23 04:00:00+00:00,TARGET,0.03,18,0,1,1,1,0,1,1,0,1,1,0,1,0,0,0,0,0,1,1,TAKEN
BALANCED,18105,2025-11-24 09:00:00+00:00,2025,TRIGGERED,7,6,6,19,1,9.0,,18106,2025-11-24 10:00:00+00:00,18115,2025-11-24 19:00:00+00:00,TARGET,0.03,9,1,1,1,1,1,1,1,1,1,1,1,1,1,1,1,1,1,1,1,TAKEN
BALANCED,18108,2025-11-24 12:00:00+00:00,2025,TRIGGERED,7,2,3,12,1,7.0,,18109,2025-11-24 13:00:00+00:00,18116,2025-11-24 20:00:00+00:00,TARGET,0.03,7,1,1,1,1,1,1,1,0,0,0,1,1,0,0,1,0,0,1,1,MISSED_ALREADY_POSITIONED
BALANCED,18133,2025-11-25 13:00:00+00:00,2025,TRIGGERED,6,3,5,14,0,28.0,,18134,2025-11-25 14:00:00+00:00,18162,2025-11-26 18:00:00+00:00,TARGET,0.03,28,1,1,1,1,1,1,0,0,1,1,1,0,0,1,1,1,1,1,0,TAKEN
BALANCED,18153,2025-11-26 09:00:00+00:00,2025,TRIGGERED,4,5,5,14,1,7.0,,18154,2025-11-26 10:00:00+00:00,18161,2025-11-26 17:00:00+00:00,TARGET,0.03,7,1,1,1,0,0,1,0,1,1,1,1,1,0,1,1,1,0,1,1,MISSED_ALREADY_POSITIONED
BALANCED,18156,2025-11-26 12:00:00+00:00,2025,TRIGGERED,7,4,5,16,1,4.0,,18157,2025-11-26 13:00:00+00:00,18161,2025-11-26 17:00:00+00:00,TARGET,0.03,4,1,1,1,1,1,1,1,1,0,0,1,1,1,1,0,1,1,1,1,MISSED_ALREADY_POSITIONED
BALANCED,18193,2025-11-28 01:00:00+00:00,2025,TRIGGERED,4,5,4,13,0,,70.0,18194,2025-11-28 02:00:00+00:00,18264,2025-12-01 00:00:00+00:00,STOP,-0.02,70,1,1,0,1,1,0,0,1,1,1,1,1,0,1,1,0,1,0,1,TAKEN
BALANCED,18208,2025-11-28 16:00:00+00:00,2025,TRIGGERED,5,5,6,16,0,,55.0,18209,2025-11-28 17:00:00+00:00,18264,2025-12-01 00:00:00+00:00,STOP,-0.02,55,1,1,1,0,1,1,0,1,1,1,1,0,1,1,1,1,1,1,1,MISSED_ALREADY_POSITIONED
BALANCED,18263,2025-11-30 23:00:00+00:00,2025,TRIGGERED,7,6,6,19,0,52.0,0.0,18264,2025-12-01 00:00:00+00:00,18264,2025-12-01 00:00:00+00:00,STOP,-0.02,0,1,1,1,1,1,1,1,1,1,1,1,1,1,1,1,1,1,1,1,MISSED_ALREADY_POSITIONED
BALANCED,18275,2025-12-01 11:00:00+00:00,2025,TRIGGERED,5,2,6,13,0,26.0,3.0,18276,2025-12-01 12:00:00+00:00,18279,2025-12-01 15:00:00+00:00,STOP,-0.02,3,1,0,1,0,1,1,1,0,1,0,0,1,0,1,1,1,1,1,1,TAKEN
BALANCED,18279,2025-12-01 15:00:00+00:00,2025,TRIGGERED,7,4,5,16,1,18.0,,18280,2025-12-01 16:00:00+00:00,18298,2025-12-02 10:00:00+00:00,TARGET,0.03,18,1,1,1,1,1,1,1,1,0,0,1,1,1,1,0,1,1,1,1,TAKEN
BALANCED,18283,2025-12-01 19:00:00+00:00,2025,TRIGGERED,5,2,3,10,1,17.0,,18284,2025-12-01 20:00:00+00:00,18301,2025-12-02 13:00:00+00:00,TARGET,0.03,17,0,1,0,1,1,1,1,0,0,0,0,1,1,0,0,0,1,1,1,MISSED_ALREADY_POSITIONED
BALANCED,18349,2025-12-04 13:00:00+00:00,2025,TRIGGERED,5,6,5,16,0,,5.0,18350,2025-12-04 14:00:00+00:00,18355,2025-12-04 19:00:00+00:00,STOP,-0.02,5,1,1,1,1,1,0,0,1,1,1,1,1,1,1,1,0,1,1,1,TAKEN
BALANCED,18354,2025-12-04 18:00:00+00:00,2025,TRIGGERED,5,4,2,11,0,,18.0,18355,2025-12-04 19:00:00+00:00,18373,2025-12-05 13:00:00+00:00,STOP,-0.02,18,0,1,1,1,1,1,0,0,1,1,1,1,0,0,0,0,1,0,1,MISSED_ALREADY_POSITIONED
BALANCED,18369,2025-12-05 09:00:00+00:00,2025,TRIGGERED,7,6,6,19,0,,6.0,18370,2025-12-05 10:00:00+00:00,18376,2025-12-05 16:00:00+00:00,STOP,-0.02,6,1,1,1,1,1,1,1,1,1,1,1,1,1,1,1,1,1,1,1,TAKEN
BALANCED,18373,2025-12-05 13:00:00+00:00,2025,TRIGGERED,7,5,6,18,0,,2.0,18374,2025-12-05 14:00:00+00:00,18376,2025-12-05 16:00:00+00:00,STOP,-0.02,2,1,1,1,1,1,1,1,1,1,1,1,1,0,1,1,1,1,1,1,MISSED_ALREADY_POSITIONED
BALANCED,18407,2025-12-06 23:00:00+00:00,2025,TRIGGERED,5,2,3,10,0,33.0,,18408,2025-12-07 00:00:00+00:00,18441,2025-12-08 09:00:00+00:00,TARGET,0.03,33,1,1,1,1,0,0,1,0,1,0,0,1,0,0,0,1,0,1,1,TAKEN
BALANCED,18417,2025-12-07 09:00:00+00:00,2025,TRIGGERED,6,3,3,12,1,23.0,,18418,2025-12-07 10:00:00+00:00,18441,2025-12-08 09:00:00+00:00,TARGET,0.03,23,1,1,1,1,1,0,1,0,1,1,0,1,0,0,1,1,0,0,1,MISSED_ALREADY_POSITIONED
BALANCED,18421,2025-12-07 13:00:00+00:00,2025,TRIGGERED,4,2,5,11,1,19.0,,18422,2025-12-07 14:00:00+00:00,18441,2025-12-08 09:00:00+00:00,TARGET,0.03,19,0,1,0,1,1,0,1,0,0,0,1,0,1,1,0,1,1,1,1,MISSED_ALREADY_POSITIONED
BALANCED,18447,2025-12-08 15:00:00+00:00,2025,TRIGGERED,7,5,6,18,0,24.0,,18448,2025-12-08 16:00:00+00:00,18472,2025-12-09 16:00:00+00:00,TARGET,0.03,24,1,1,1,1,1,1,1,1,1,1,1,1,0,1,1,1,1,1,1,TAKEN
BALANCED,18457,2025-12-09 01:00:00+00:00,2025,TRIGGERED,6,5,4,15,1,14.0,,18458,2025-12-09 02:00:00+00:00,18472,2025-12-09 16:00:00+00:00,TARGET,0.03,14,1,1,1,0,1,1,1,1,1,1,1,1,0,1,1,0,1,1,0,MISSED_ALREADY_POSITIONED
BALANCED,18460,2025-12-09 04:00:00+00:00,2025,TRIGGERED,5,2,5,12,1,11.0,,18461,2025-12-09 05:00:00+00:00,18472,2025-12-09 16:00:00+00:00,TARGET,0.03,11,0,1,1,0,1,1,1,0,0,0,1,1,0,1,1,1,0,1,1,MISSED_ALREADY_POSITIONED
BALANCED,18491,2025-12-10 11:00:00+00:00,2025,TRIGGERED,4,6,4,14,0,,14.0,18492,2025-12-10 12:00:00+00:00,18506,2025-12-11 02:00:00+00:00,STOP,-0.02,14,0,1,1,1,1,0,0,1,1,1,1,1,1,0,0,1,1,1,1,TAKEN
BALANCED,18494,2025-12-10 14:00:00+00:00,2025,TRIGGERED,5,3,3,11,0,,11.0,18495,2025-12-10 15:00:00+00:00,18506,2025-12-11 02:00:00+00:00,STOP,-0.02,11,1,1,1,1,1,0,0,0,1,0,1,1,0,0,0,0,1,1,1,MISSED_ALREADY_POSITIONED
BALANCED,18504,2025-12-11 00:00:00+00:00,2025,TRIGGERED,6,6,5,17,0,,2.0,18505,2025-12-11 01:00:00+00:00,18507,2025-12-11 03:00:00+00:00,STOP,-0.02,2,1,1,1,1,1,1,0,1,1,1,1,1,1,1,0,1,1,1,1,MISSED_ALREADY_POSITIONED
BALANCED,18518,2025-12-11 14:00:00+00:00,2025,TRIGGERED,6,5,6,17,1,6.0,,18519,2025-12-11 15:00:00+00:00,18525,2025-12-11 21:00:00+00:00,TARGET,0.03,6,1,1,1,0,1,1,1,0,1,1,1,1,1,1,1,1,1,1,1,TAKEN
BALANCED,18520,2025-12-11 16:00:00+00:00,2025,TRIGGERED,4,2,4,10,1,4.0,,18521,2025-12-11 17:00:00+00:00,18525,2025-12-11 21:00:00+00:00,TARGET,0.03,4,1,0,0,0,1,1,1,0,0,0,0,1,1,0,0,1,1,1,1,MISSED_ALREADY_POSITIONED
BALANCED,18543,2025-12-12 15:00:00+00:00,2025,TRIGGERED,7,6,6,19,0,,52.0,18544,2025-12-12 16:00:00+00:00,18596,2025-12-14 20:00:00+00:00,STOP,-0.02,52,1,1,1,1,1,1,1,1,1,1,1,1,1,1,1,1,1,1,1,TAKEN
BALANCED,18586,2025-12-14 10:00:00+00:00,2025,TRIGGERED,5,4,4,13,0,,11.0,18587,2025-12-14 11:00:00+00:00,18598,2025-12-14 22:00:00+00:00,STOP,-0.02,11,1,1,1,1,0,0,1,0,1,1,1,1,0,0,1,1,1,0,1,MISSED_ALREADY_POSITIONED
BALANCED,18614,2025-12-15 14:00:00+00:00,2025,TRIGGERED,6,6,6,18,0,,1.0,18615,2025-12-15 15:00:00+00:00,18616,2025-12-15 16:00:00+00:00,STOP,-0.02,1,1,1,1,0,1,1,1,1,1,1,1,1,1,1,1,1,1,1,1,TAKEN
BALANCED,18652,2025-12-17 04:00:00+00:00,2025,TRIGGERED,5,5,4,14,1,9.0,38.0,18653,2025-12-17 05:00:00+00:00,18662,2025-12-17 14:00:00+00:00,TARGET,0.03,9,1,1,1,0,0,1,1,1,1,1,1,1,0,1,1,1,0,0,1,TAKEN
BALANCED,18656,2025-12-17 08:00:00+00:00,2025,TRIGGERED,7,4,4,15,1,5.0,34.0,18657,2025-12-17 09:00:00+00:00,18662,2025-12-17 14:00:00+00:00,TARGET,0.03,5,1,1,1,1,1,1,1,1,1,0,1,1,0,1,1,1,0,0,1,MISSED_ALREADY_POSITIONED
BALANCED,18665,2025-12-17 17:00:00+00:00,2025,TRIGGERED,5,6,5,16,1,20.0,25.0,18666,2025-12-17 18:00:00+00:00,18686,2025-12-18 14:00:00+00:00,TARGET,0.03,20,0,1,1,0,1,1,1,1,1,1,1,1,1,1,1,1,1,1,0,TAKEN
BALANCED,18689,2025-12-18 17:00:00+00:00,2025,TRIGGERED,4,4,5,13,0,21.0,1.0,18690,2025-12-18 18:00:00+00:00,18691,2025-12-18 19:00:00+00:00,STOP,-0.02,1,1,0,0,0,1,1,1,1,1,1,0,1,0,1,0,1,1,1,1,TAKEN
BALANCED,18746,2025-12-21 02:00:00+00:00,2025,TRIGGERED,4,4,3,11,0,,,18747,2025-12-21 03:00:00+00:00,18830,2025-12-24 14:00:00+00:00,STOP,-0.02,83,1,1,1,1,0,0,0,0,1,1,1,1,0,0,1,1,0,1,0,TAKEN
BALANCED,18757,2025-12-21 13:00:00+00:00,2025,TRIGGERED,6,6,6,18,1,22.0,,18758,2025-12-21 14:00:00+00:00,18780,2025-12-22 12:00:00+00:00,TARGET,0.03,22,1,1,1,1,1,1,0,1,1,1,1,1,1,1,1,1,1,1,1,MISSED_ALREADY_POSITIONED
BALANCED,18787,2025-12-22 19:00:00+00:00,2025,TRIGGERED,7,6,6,19,0,,42.0,18788,2025-12-22 20:00:00+00:00,18830,2025-12-24 14:00:00+00:00,STOP,-0.02,42,1,1,1,1,1,1,1,1,1,1,1,1,1,1,1,1,1,1,1,MISSED_ALREADY_POSITIONED
BALANCED,18794,2025-12-23 02:00:00+00:00,2025,TRIGGERED,5,4,4,13,0,,11.0,18795,2025-12-23 03:00:00+00:00,18806,2025-12-23 14:00:00+00:00,STOP,-0.02,11,1,1,1,0,1,1,0,0,1,1,1,1,0,0,1,1,1,1,0,MISSED_ALREADY_POSITIONED
BALANCED,18806,2025-12-23 14:00:00+00:00,2025,TRIGGERED,7,5,6,18,0,,,18807,2025-12-23 15:00:00+00:00,18939,2025-12-29 03:00:00+00:00,TARGET,0.03,132,1,1,1,1,1,1,1,1,1,1,1,1,0,1,1,1,1,1,1,MISSED_ALREADY_POSITIONED
BALANCED,18818,2025-12-24 02:00:00+00:00,2025,TRIGGERED,6,2,6,14,0,,,18819,2025-12-24 03:00:00+00:00,18939,2025-12-29 03:00:00+00:00,TARGET,0.03,120,1,1,0,1,1,1,1,0,1,1,0,0,0,1,1,1,1,1,1,MISSED_ALREADY_POSITIONED
BALANCED,18863,2025-12-25 23:00:00+00:00,2025,TRIGGERED,7,6,4,17,0,,,18864,2025-12-26 00:00:00+00:00,18939,2025-12-29 03:00:00+00:00,TARGET,0.03,75,1,1,1,1,1,1,1,1,1,1,1,1,1,1,0,1,1,1,0,TAKEN
BALANCED,18878,2025-12-26 14:00:00+00:00,2025,TRIGGERED,6,6,6,18,0,61.0,,18879,2025-12-26 15:00:00+00:00,18940,2025-12-29 04:00:00+00:00,TARGET,0.03,61,1,1,1,0,1,1,1,1,1,1,1,1,1,1,1,1,1,1,1,MISSED_ALREADY_POSITIONED
BALANCED,18882,2025-12-26 18:00:00+00:00,2025,TRIGGERED,5,2,3,10,0,56.0,,18883,2025-12-26 19:00:00+00:00,18939,2025-12-29 03:00:00+00:00,TARGET,0.03,56,0,1,1,0,1,1,1,0,0,0,0,1,1,0,0,0,1,1,1,MISSED_ALREADY_POSITIONED
BALANCED,18931,2025-12-28 19:00:00+00:00,2025,TRIGGERED,4,3,4,11,0,,,18932,2025-12-28 20:00:00+00:00,19007,2025-12-31 23:00:00+00:00,END_MARK,-0.0015434134496176144,75,1,1,1,1,0,0,0,0,1,0,1,1,0,0,1,1,1,0,1,MISSED_ALREADY_POSITIONED
