time,event,reason,sleeve,symbol,family,score,balance_before,raw_price,balance_after,net_return,held_hours
2026-01-01 01:00:00+00:00,ENTRY,FREE_SLEEVE,1,CVXUSDT,A,0.908846138097338,1000.0,1.577,,,
2026-01-01 11:00:00+00:00,EXIT,TARGET,1,CVXUSDT,A,0.908846138097338,1000.0,1.6291902479317735,1030.0,0.030000000000000027,10.0
2026-01-01 14:00:00+00:00,ENTRY,FREE_SLEEVE,1,CHZUSDT,B,0.9245794820848854,1030.0,0.04185,,,
2026-01-02 00:00:00+00:00,EXIT,STOP,1,CHZUSDT,B,0.9245794820848854,1030.0,0.04113622377404917,1009.4,-0.020000000000000018,10.0
2026-01-02 00:00:00+00:00,ENTRY,FREE_SLEEVE,1,CHZUSDT,B,0.9016769531100952,1009.4,0.04111,,,
2026-01-02 02:00:00+00:00,EXIT,TARGET,1,CHZUSDT,B,0.9016769531100952,1009.4,0.04247052066739075,1039.6820000000002,0.03000000000000025,2.0
2026-01-02 09:00:00+00:00,ENTRY,FREE_SLEEVE,1,QIUSDT,A,0.9042397767264923,1039.6820000000002,0.00323,,,
2026-01-02 09:00:00+00:00,ENTRY,FREE_SLEEVE,2,ZECUSDT,A,0.9026142599450185,1000.0,511.37,,,
2026-01-02 12:00:00+00:00,EXIT,STOP,2,ZECUSDT,A,0.9026142599450185,1000.0,502.64828557552033,979.9999999999999,-0.02000000000000013,3.0
2026-01-02 12:00:00+00:00,ENTRY,FREE_SLEEVE,2,ZECUSDT,B,0.8824012966127722,979.9999999999999,501.0,,,
2026-01-02 14:00:00+00:00,EXIT,STOP,2,ZECUSDT,B,0.8824012966127722,979.9999999999999,492.45515199040955,960.3999999999999,-0.020000000000000018,2.0
2026-01-02 15:00:00+00:00,EXIT,STOP,1,QIUSDT,A,0.9042397767264923,1039.6820000000002,0.003174910460936173,1018.8883600000001,-0.02000000000000013,6.0
2026-01-02 16:00:00+00:00,ENTRY,FREE_SLEEVE,1,ZENUSDT,C,0.8400455633309154,1018.8883600000001,9.126,,,
2026-01-03 00:00:00+00:00,EXIT,TARGET,1,ZENUSDT,C,0.8400455633309154,1018.8883600000001,9.428021688411773,1049.4550108000003,0.03000000000000025,8.0
2026-01-03 07:00:00+00:00,ENTRY,FREE_SLEEVE,1,BATUSDT,C,0.8677418110725386,1049.4550108000003,0.2201,,,
2026-01-03 08:00:00+00:00,EXIT,STOP,1,BATUSDT,C,0.8677418110725386,1049.4550108000003,0.216346065774629,1028.465910584,-0.02000000000000024,1.0
2026-01-03 11:00:00+00:00,ENTRY,FREE_SLEEVE,1,PEOPLEUSDT,B,0.8787180984415056,1028.465910584,0.01031,,,
2026-01-03 12:00:00+00:00,EXIT,STOP,1,PEOPLEUSDT,B,0.8787180984415056,1028.465910584,0.010134156920201842,1007.8965923723201,-0.019999999999999907,1.0
2026-01-04 10:00:00+00:00,ENTRY,FREE_SLEEVE,1,CHZUSDT,B,0.8780579648038027,1007.8965923723201,0.04531,,,
2026-01-04 10:00:00+00:00,ENTRY,FREE_SLEEVE,2,CVXUSDT,B,0.8813014931595888,960.3999999999999,2.126,,,
2026-01-04 11:00:00+00:00,EXIT,STOP,2,CVXUSDT,B,0.8813014931595888,960.3999999999999,2.0897398266100007,941.1919999999997,-0.02000000000000024,1.0
2026-01-04 13:00:00+00:00,ENTRY,FREE_SLEEVE,2,BCHUSDT,C,0.8556197468294718,941.1919999999997,639.6,,,
2026-01-05 07:00:00+00:00,EXIT,TARGET,2,BCHUSDT,C,0.8556197468294718,941.1919999999997,660.7673320083464,969.4277599999998,0.03000000000000025,18.0
2026-01-05 07:00:00+00:00,ENTRY,FREE_SLEEVE,2,PEOPLEUSDT,A,0.906680021045573,969.4277599999998,0.01102,,,
2026-01-05 08:00:00+00:00,EXIT,TARGET,1,CHZUSDT,B,0.8780579648038027,1007.8965923723201,0.046809518157126605,1038.1334901434898,0.030000000000000027,22.0
2026-01-05 16:00:00+00:00,EXIT,TARGET,2,PEOPLEUSDT,A,0.906680021045573,969.4277599999998,0.011384702937354564,998.5105927999999,0.030000000000000027,9.0
2026-01-06 03:00:00+00:00,ENTRY,FREE_SLEEVE,1,CHZUSDT,B,0.9109693588693217,1038.1334901434898,0.04451,,,
2026-01-06 08:00:00+00:00,EXIT,STOP,1,CHZUSDT,B,0.9109693588693217,1038.1334901434898,0.043750855918349554,1017.37082034062,-0.020000000000000018,5.0
2026-01-07 03:00:00+00:00,ENTRY,FREE_SLEEVE,1,STXUSDT,A,0.901493903693136,1017.37082034062,0.3607,,,
2026-01-07 15:00:00+00:00,EXIT,STOP,1,STXUSDT,A,0.901493903693136,1017.37082034062,0.3545480505447919,997.0234039338076,-0.020000000000000018,12.0
2026-01-08 00:00:00+00:00,ENTRY,FREE_SLEEVE,1,BONKUSDT,A,0.9357136500441038,997.0234039338076,1.118e-05,,,
2026-01-08 00:00:00+00:00,ENTRY,FREE_SLEEVE,2,ZECUSDT,A,0.9355374705667141,998.5105927999999,469.54,,,
2026-01-08 04:00:00+00:00,EXIT,STOP,2,ZECUSDT,A,0.9355374705667141,998.5105927999999,461.53172068977426,978.540380944,-0.019999999999999907,4.0
2026-01-08 04:00:00+00:00,ENTRY,FREE_SLEEVE,2,PEOPLEUSDT,C,0.8488851420328835,978.540380944,0.01074,,,
2026-01-08 07:00:00+00:00,EXIT,STOP,1,BONKUSDT,A,0.9357136500441038,997.0234039338076,1.0989318561382791e-05,977.0829358551314,-0.020000000000000018,7.0
2026-01-08 08:00:00+00:00,ENTRY,FREE_SLEEVE,1,ZECUSDT,A,0.9069689703103845,977.0829358551314,444.53,,,
2026-01-08 09:00:00+00:00,EXIT,STOP,1,ZECUSDT,A,0.9069689703103845,977.0829358551314,436.9482808668598,957.5412771380288,-0.019999999999999907,1.0
2026-01-08 10:00:00+00:00,EXIT,STOP,2,PEOPLEUSDT,C,0.8488851420328835,978.540380944,0.010556823018716563,958.96957332512,-0.020000000000000018,6.0
2026-01-08 19:00:00+00:00,ENTRY,FREE_SLEEVE,1,CVXUSDT,C,0.8668229021432443,957.5412771380288,1.978,,,
2026-01-09 04:00:00+00:00,ENTRY,FREE_SLEEVE,2,PENDLEUSDT,A,0.9293101439138347,958.96957332512,2.082,,,
2026-01-09 09:00:00+00:00,EXIT,STOP,2,PENDLEUSDT,A,0.9293101439138347,958.96957332512,2.046490272343378,939.7901818586175,-0.020000000000000018,5.0
2026-01-09 21:00:00+00:00,ENTRY,FREE_SLEEVE,2,ZECUSDT,A,0.942752393798456,939.7901818586175,415.58,,,
2026-01-10 01:00:00+00:00,EXIT,STOP,2,ZECUSDT,A,0.942752393798456,939.7901818586175,408.4920400482523,920.9943782214452,-0.019999999999999907,4.0
2026-01-10 04:00:00+00:00,ENTRY,FREE_SLEEVE,2,ZECUSDT,A,0.9366030574070856,920.9943782214452,391.55,,,
2026-01-10 04:00:00+00:00,EXIT,REPLACED_AFTER_24H,1,CVXUSDT,C,0.8668229021432443,957.5412771380288,2.017,973.4961348402695,0.016662318464147896,33.0
2026-01-10 04:00:00+00:00,ENTRY,FREE_SLEEVE,1,ZENUSDT,A,0.9079667018372148,973.4961348402695,8.907,,,
2026-01-10 05:00:00+00:00,EXIT,STOP,2,ZECUSDT,A,0.9366030574070856,920.9943782214452,384.87188575218534,902.5744906570164,-0.019999999999999907,1.0
2026-01-10 06:00:00+00:00,ENTRY,FREE_SLEEVE,2,BONKUSDT,A,0.9099587054684681,902.5744906570164,1.043e-05,,,
2026-01-10 11:00:00+00:00,EXIT,STOP,1,ZENUSDT,A,0.9079667018372148,973.4961348402695,8.755085905745664,954.026212143464,-0.02000000000000013,7.0
2026-01-10 11:00:00+00:00,ENTRY,FREE_SLEEVE,1,ZENUSDT,A,0.9049243154258158,954.026212143464,8.748,,,
2026-01-10 14:00:00+00:00,EXIT,TARGET,2,BONKUSDT,A,0.9099587054684681,902.5744906570164,1.0775177099510715e-05,929.651725376727,0.030000000000000027,8.0
2026-01-10 15:00:00+00:00,ENTRY,FREE_SLEEVE,2,ZECUSDT,C,0.8654418301837591,929.651725376727,378.23,,,
2026-01-10 16:00:00+00:00,EXIT,STOP,1,ZENUSDT,A,0.9049243154258158,954.026212143464,8.59879774373673,934.9456879005946,-0.02000000000000013,5.0
2026-01-10 16:00:00+00:00,ENTRY,FREE_SLEEVE,1,ZENUSDT,A,0.9150392478676933,934.9456879005946,8.625,,,
2026-01-10 18:00:00+00:00,EXIT,STOP,1,ZENUSDT,A,0.9150392478676933,934.9456879005946,8.477895580673216,916.2467741425828,-0.019999999999999907,2.0
2026-01-10 18:00:00+00:00,EXIT,STOP,2,ZECUSDT,C,0.8654418301837591,929.651725376727,371.77906614238043,911.0586908691923,-0.02000000000000013,3.0
2026-01-10 18:00:00+00:00,ENTRY,FREE_SLEEVE,1,ZECUSDT,B,0.8845407130531323,916.2467741425828,367.18,,,
2026-01-10 20:00:00+00:00,EXIT,TARGET,1,ZECUSDT,B,0.8845407130531323,916.2467741425828,379.3316900669554,943.7341773668604,0.03000000000000025,2.0
2026-01-11 07:00:00+00:00,ENTRY,FREE_SLEEVE,1,CRVUSDT,C,0.8491202172923286,943.7341773668604,0.4047,,,
2026-01-11 14:00:00+00:00,ENTRY,FREE_SLEEVE,2,MANAUSDT,B,0.9236273749891462,911.0586908691923,0.1429,,,
2026-01-11 21:00:00+00:00,EXIT,STOP,2,MANAUSDT,B,0.9236273749891462,911.0586908691923,0.14046275692500904,892.8375170518086,-0.019999999999999907,7.0
2026-01-12 00:00:00+00:00,EXIT,STOP,1,CRVUSDT,C,0.8491202172923286,943.7341773668604,0.39779760481141463,924.8594938195233,-0.019999999999999907,17.0
2026-01-12 01:00:00+00:00,ENTRY,FREE_SLEEVE,1,STXUSDT,A,0.911974245226425,924.8594938195233,0.3761,,,
2026-01-12 03:00:00+00:00,EXIT,TARGET,1,STXUSDT,A,0.911974245226425,924.8594938195233,0.38854689425944194,952.605278634109,0.030000000000000027,2.0
2026-01-12 03:00:00+00:00,ENTRY,FREE_SLEEVE,1,GALAUSDT,A,0.9006897550296693,952.605278634109,0.00722,,,
2026-01-12 05:00:00+00:00,EXIT,STOP,1,GALAUSDT,A,0.9006897550296693,952.605278634109,0.00709685867738674,933.5531730614268,-0.020000000000000018,2.0
2026-01-12 19:00:00+00:00,ENTRY,FREE_SLEEVE,1,FETUSDT,A,0.9275076875916507,933.5531730614268,0.2848,,,
2026-01-12 21:00:00+00:00,ENTRY,FREE_SLEEVE,2,MANAUSDT,C,0.8391221687266511,892.8375170518086,0.1358,,,
2026-01-12 22:00:00+00:00,EXIT,STOP,1,FETUSDT,A,0.9275076875916507,933.5531730614268,0.27994256943486756,914.8821096001984,-0.019999999999999907,3.0
2026-01-13 00:00:00+00:00,ENTRY,FREE_SLEEVE,1,ATOMUSDT,C,0.8595014063429207,914.8821096001984,2.486,,,
2026-01-13 09:00:00+00:00,EXIT,TARGET,2,MANAUSDT,C,0.8391221687266511,892.8375170518086,0.14029425216812608,919.6226425633631,0.03000000000000025,12.0
2026-01-13 14:00:00+00:00,EXIT,TARGET,1,ATOMUSDT,C,0.8595014063429207,914.8821096001984,2.5682732760674627,942.3285728882043,0.030000000000000027,14.0
2026-01-13 16:00:00+00:00,ENTRY,FREE_SLEEVE,1,ZECUSDT,A,0.9220276022683985,942.3285728882043,392.56,,,
2026-01-13 20:00:00+00:00,ENTRY,FREE_SLEEVE,2,ACEUSDT,A,0.9131274214543481,919.6226425633631,0.286,,,
2026-01-13 23:00:00+00:00,EXIT,TARGET,1,ZECUSDT,A,0.9220276022683985,942.3285728882043,405.55163204064496,970.5984300748507,0.03000000000000025,7.0
2026-01-13 23:00:00+00:00,EXIT,TARGET,2,ACEUSDT,A,0.9131274214543481,919.6226425633631,0.29546506715820364,947.211321840264,0.030000000000000027,3.0
2026-01-13 23:00:00+00:00,ENTRY,FREE_SLEEVE,1,VETUSDT,A,0.9283001405123286,970.5984300748507,0.01237,,,
2026-01-14 00:00:00+00:00,EXIT,STOP,1,VETUSDT,A,0.9283001405123286,970.5984300748507,0.012159022415411908,951.1864614733537,-0.020000000000000018,1.0
2026-01-14 16:00:00+00:00,ENTRY,FREE_SLEEVE,1,PEPEUSDT,A,0.9580250990734063,951.1864614733537,6.44e-06,,,
2026-01-14 18:00:00+00:00,EXIT,STOP,1,PEPEUSDT,A,0.9580250990734063,951.1864614733537,6.330162033569336e-06,932.1627322438867,-0.019999999999999907,2.0
2026-01-14 18:00:00+00:00,ENTRY,FREE_SLEEVE,1,PEPEUSDT,B,0.8800618172883876,932.1627322438867,6.31e-06,,,
2026-01-14 18:00:00+00:00,ENTRY,FREE_SLEEVE,2,TIAUSDT,B,0.885746237836376,947.211321840264,0.5932,,,
2026-01-14 19:00:00+00:00,EXIT,STOP,1,PEPEUSDT,B,0.8800618172883876,932.1627322438867,6.202379259599768e-06,913.5194775990091,-0.019999999999999907,1.0
2026-01-14 19:00:00+00:00,EXIT,STOP,2,TIAUSDT,B,0.885746237836376,947.211321840264,0.5830826270672872,928.2670954034586,-0.02000000000000013,1.0
2026-01-14 19:00:00+00:00,ENTRY,FREE_SLEEVE,1,ACEUSDT,C,0.84215297307566,913.5194775990091,0.286,,,
2026-01-14 19:00:00+00:00,ENTRY,FREE_SLEEVE,2,DOTUSDT,C,0.8583430308235267,928.2670954034586,2.214,,,
2026-01-15 02:00:00+00:00,EXIT,TARGET,1,ACEUSDT,C,0.84215297307566,913.5194775990091,0.29546506715820364,940.9250619269794,0.030000000000000027,7.0
2026-01-15 04:00:00+00:00,EXIT,STOP,2,DOTUSDT,C,0.8583430308235267,928.2670954034586,2.1762389351432465,909.7017534953895,-0.019999999999999907,9.0
2026-01-15 11:00:00+00:00,ENTRY,FREE_SLEEVE,1,PEPEUSDT,A,0.9291543016525565,940.9250619269794,6e-06,,,
2026-01-15 13:00:00+00:00,ENTRY,FREE_SLEEVE,2,RAYUSDT,A,0.929271331324695,909.7017534953895,1.193,,,
2026-01-15 15:00:00+00:00,EXIT,STOP,2,RAYUSDT,A,0.929271331324695,909.7017534953895,1.172652687274568,891.5077184254817,-0.020000000000000018,2.0
2026-01-15 15:00:00+00:00,ENTRY,FREE_SLEEVE,2,MEMEUSDT,B,0.8854347773479728,891.5077184254817,0.001137,,,
2026-01-15 16:00:00+00:00,EXIT,STOP,1,PEPEUSDT,A,0.9291543016525565,940.9250619269794,5.897666490903109e-06,922.1065606884399,-0.019999999999999907,5.0
2026-01-15 16:00:00+00:00,EXIT,STOP,2,MEMEUSDT,B,0.8854347773479728,891.5077184254817,0.0011176078000261391,873.6775640569722,-0.019999999999999907,1.0
2026-01-16 04:00:00+00:00,ENTRY,FREE_SLEEVE,1,PEPEUSDT,C,0.9040532079637533,922.1065606884399,5.83e-06,,,
2026-01-16 12:00:00+00:00,ENTRY,FREE_SLEEVE,2,DOGEUSDT,C,0.846835736490968,873.6775640569722,0.13801,,,
2026-01-16 16:00:00+00:00,EXIT,STOP,1,PEPEUSDT,C,0.9040532079637533,922.1065606884399,5.73056594032752e-06,903.6644294746711,-0.020000000000000018,12.0
2026-01-16 16:00:00+00:00,EXIT,STOP,2,DOGEUSDT,C,0.846835736490968,873.6775640569722,0.13565615873492298,856.2040127758329,-0.019999999999999796,4.0
2026-01-16 23:00:00+00:00,ENTRY,FREE_SLEEVE,1,DASHUSDT,A,0.9246545319003018,903.6644294746711,87.48,,,
2026-01-17 00:00:00+00:00,EXIT,STOP,1,DASHUSDT,A,0.9246545319003018,903.6644294746711,85.98797743736733,885.5911408851778,-0.019999999999999907,1.0
2026-01-17 01:00:00+00:00,ENTRY,FREE_SLEEVE,1,ICPUSDT,B,0.8986614795806508,885.5911408851778,4.131,,,
2026-01-17 04:00:00+00:00,ENTRY,FREE_SLEEVE,2,DASHUSDT,A,0.9137991433636209,856.2040127758329,82.97,,,
2026-01-17 05:00:00+00:00,EXIT,STOP,2,DASHUSDT,A,0.9137991433636209,856.2040127758329,81.55489812503848,839.0799325203164,-0.019999999999999796,1.0
2026-01-17 06:00:00+00:00,ENTRY,FREE_SLEEVE,2,DASHUSDT,B,0.8798038897553402,839.0799325203164,81.59,,,
2026-01-17 07:00:00+00:00,EXIT,STOP,1,ICPUSDT,B,0.8986614795806508,885.5911408851778,4.0605433789867895,867.8793180674741,-0.02000000000000013,6.0
2026-01-17 07:00:00+00:00,EXIT,STOP,2,DASHUSDT,B,0.8798038897553402,839.0799325203164,80.19843483213077,822.2983338699103,-0.019999999999999796,1.0
2026-01-17 07:00:00+00:00,ENTRY,FREE_SLEEVE,1,ICPUSDT,A,0.9482728534580466,867.8793180674741,4.016,,,
2026-01-17 09:00:00+00:00,EXIT,STOP,1,ICPUSDT,A,0.9482728534580466,867.8793180674741,3.94750477124448,850.5217317061246,-0.020000000000000018,2.0
2026-01-17 09:00:00+00:00,ENTRY,FREE_SLEEVE,1,GLMRUSDT,A,0.9350659073424656,850.5217317061246,0.0268,,,
2026-01-17 09:00:00+00:00,ENTRY,FREE_SLEEVE,2,ICPUSDT,A,0.9632529703370064,822.2983338699103,3.965,,,
2026-01-17 10:00:00+00:00,EXIT,STOP,1,GLMRUSDT,A,0.9350659073424656,850.5217317061246,0.026342910326033885,833.5112970720021,-0.020000000000000018,1.0
2026-01-17 13:00:00+00:00,ENTRY,FREE_SLEEVE,1,DASHUSDT,A,0.9003965164431327,833.5112970720021,75.52,,,
2026-01-17 17:00:00+00:00,EXIT,STOP,1,DASHUSDT,A,0.9003965164431327,833.5112970720021,74.23196223216712,816.841071130562,-0.020000000000000018,4.0
2026-01-17 17:00:00+00:00,ENTRY,FREE_SLEEVE,1,DASHUSDT,A,0.9210489426814125,816.841071130562,74.18,,,
2026-01-17 20:00:00+00:00,EXIT,TARGET,1,DASHUSDT,A,0.9210489426814125,816.841071130562,76.63496042585857,841.3463032644789,0.030000000000000027,3.0
2026-01-17 21:00:00+00:00,ENTRY,FREE_SLEEVE,1,MEMEUSDT,C,0.8607869121202513,841.3463032644789,0.001136,,,
2026-01-18 06:00:00+00:00,EXIT,TARGET,2,ICPUSDT,A,0.9632529703370064,822.2983338699103,4.096220249238733,846.9672838860077,0.03000000000000025,21.0
2026-01-18 08:00:00+00:00,EXIT,STOP,1,MEMEUSDT,C,0.8607869121202513,841.3463032644789,0.0011166248556109884,824.5193771991895,-0.019999999999999796,11.0
2026-01-18 13:00:00+00:00,ENTRY,FREE_SLEEVE,1,ZECUSDT,B,0.9013262449610151,824.5193771991895,389.45,,,
2026-01-18 15:00:00+00:00,ENTRY,FREE_SLEEVE,2,FILUSDT,B,0.8841985718131464,846.9672838860077,1.509,,,
2026-01-18 17:00:00+00:00,EXIT,TARGET,2,FILUSDT,B,0.8841985718131464,846.9672838860077,1.558939812383669,872.376302402588,0.030000000000000027,2.0
2026-01-19 00:00:00+00:00,EXIT,STOP,1,ZECUSDT,B,0.9013262449610151,824.5193771991895,382.80770248036924,808.0289896552058,-0.019999999999999907,11.0
2026-01-19 07:00:00+00:00,ENTRY,FREE_SLEEVE,1,AIUSDT,A,0.9021241846594814,808.0289896552058,0.0373,,,
2026-01-19 08:00:00+00:00,ENTRY,FREE_SLEEVE,2,ACEUSDT,A,0.9117456483638823,872.376302402588,0.25,,,
2026-01-19 17:00:00+00:00,EXIT,TARGET,1,AIUSDT,A,0.9021241846594814,808.0289896552058,0.03853443008741607,832.269859344862,0.030000000000000027,10.0
2026-01-19 20:00:00+00:00,EXIT,TARGET,2,ACEUSDT,A,0.9117456483638823,872.376302402588,0.2582736601033249,898.5475914746658,0.03000000000000025,12.0
2026-01-19 22:00:00+00:00,ENTRY,FREE_SLEEVE,1,DASHUSDT,A,0.9216810609022059,832.269859344862,76.12,,,
2026-01-19 22:00:00+00:00,ENTRY,FREE_SLEEVE,2,ICPUSDT,A,0.9379217900710554,898.5475914746658,3.866,,,
2026-01-20 01:00:00+00:00,EXIT,STOP,1,DASHUSDT,A,0.9216810609022059,832.269859344862,74.82172888125744,815.6244621579647,-0.020000000000000018,3.0
2026-01-20 02:00:00+00:00,ENTRY,FREE_SLEEVE,1,DASHUSDT,B,0.8914690330127182,815.6244621579647,74.44,,,
2026-01-20 03:00:00+00:00,EXIT,STOP,2,ICPUSDT,A,0.9379217900710554,898.5475914746658,3.8000631089719024,880.5766396451725,-0.020000000000000018,5.0
2026-01-20 05:00:00+00:00,ENTRY,FREE_SLEEVE,2,CHZUSDT,B,0.8819235354025429,880.5766396451725,0.05588,,,
2026-01-20 06:00:00+00:00,EXIT,STOP,1,DASHUSDT,B,0.8914690330127182,815.6244621579647,73.17038226380456,799.3119729148053,-0.020000000000000018,4.0
2026-01-20 07:00:00+00:00,EXIT,STOP,2,CHZUSDT,B,0.8819235354025429,880.5766396451725,0.05492693391861095,862.965106852269,-0.02000000000000013,2.0
2026-01-20 10:00:00+00:00,ENTRY,FREE_SLEEVE,1,CHZUSDT,B,0.9009737972197764,799.3119729148053,0.05344,,,
2026-01-20 14:00:00+00:00,ENTRY,FREE_SLEEVE,2,CVXUSDT,B,0.8822982375418995,862.965106852269,1.991,,,
2026-01-20 16:00:00+00:00,EXIT,STOP,2,CVXUSDT,B,0.8822982375418995,862.965106852269,1.9570423305646816,845.7058047152236,-0.019999999999999907,2.0
2026-01-20 19:00:00+00:00,EXIT,TARGET,1,CHZUSDT,B,0.9009737972197764,799.3119729148053,0.055208577583686726,823.2913321022495,0.030000000000000027,9.0
2026-01-21 01:00:00+00:00,ENTRY,FREE_SLEEVE,1,DASHUSDT,A,0.9315511627464276,823.2913321022495,69.24,,,
2026-01-21 04:00:00+00:00,EXIT,STOP,1,DASHUSDT,A,0.9315511627464276,823.2913321022495,68.05907130502186,806.8255054602046,-0.019999999999999907,3.0
2026-01-21 04:00:00+00:00,ENTRY,FREE_SLEEVE,1,DASHUSDT,A,0.9123384377398119,806.8255054602046,68.53,,,
2026-01-21 06:00:00+00:00,EXIT,TARGET,1,DASHUSDT,A,0.9123384377398119,806.8255054602046,70.7979757075234,831.0302706240107,0.030000000000000027,2.0
2026-01-21 20:00:00+00:00,ENTRY,FREE_SLEEVE,1,APEUSDT,B,0.878580223269315,831.0302706240107,0.1927,,,
2026-01-21 20:00:00+00:00,ENTRY,FREE_SLEEVE,2,APTUSDT,B,0.894465392502274,845.7058047152236,1.594,,,
2026-01-21 21:00:00+00:00,EXIT,STOP,2,APTUSDT,B,0.894465392502274,845.7058047152236,1.566813397749926,828.7916886209191,-0.020000000000000018,1.0
2026-01-22 00:00:00+00:00,EXIT,STOP,1,APEUSDT,B,0.878580223269315,831.0302706240107,0.1894133887995048,814.4096652115303,-0.02000000000000013,4.0
2026-01-22 19:00:00+00:00,ENTRY,FREE_SLEEVE,1,DASHUSDT,B,0.9058918251377355,814.4096652115303,63.5,,,
2026-01-22 19:00:00+00:00,ENTRY,FREE_SLEEVE,2,FILUSDT,C,0.841700226910266,828.7916886209191,1.311,,,
2026-01-23 00:00:00+00:00,EXIT,STOP,1,DASHUSDT,B,0.9058918251377355,814.4096652115303,62.416970362057896,798.1214719072998,-0.019999999999999907,5.0
2026-01-23 00:00:00+00:00,ENTRY,FREE_SLEEVE,1,DASHUSDT,A,0.9461306397171246,798.1214719072998,62.77,,,
2026-01-23 02:00:00+00:00,EXIT,TARGET,1,DASHUSDT,A,0.9461306397171246,798.1214719072998,64.8473505787428,822.0651160645187,0.030000000000000027,2.0
2026-01-23 05:00:00+00:00,EXIT,TARGET,2,FILUSDT,C,0.841700226910266,828.7916886209191,1.3543870735818357,853.6554392795467,0.030000000000000027,10.0
2026-01-23 13:00:00+00:00,ENTRY,FREE_SLEEVE,1,PENDLEUSDT,B,0.8853620520129127,822.0651160645187,2.087,,,
2026-01-23 15:00:00+00:00,EXIT,STOP,1,PENDLEUSDT,B,0.8853620520129127,822.0651160645187,2.0514049944191313,805.6238137432284,-0.019999999999999907,2.0
2026-01-23 15:00:00+00:00,ENTRY,FREE_SLEEVE,1,WLDUSDT,C,0.8567646637343688,805.6238137432284,0.4611,,,
2026-01-23 17:00:00+00:00,EXIT,TARGET,1,WLDUSDT,C,0.8567646637343688,805.6238137432284,0.4763599386945725,829.7925281555254,0.030000000000000027,2.0
2026-01-24 03:00:00+00:00,ENTRY,FREE_SLEEVE,1,MANAUSDT,C,0.8839137453655136,829.7925281555254,0.1621,,,
2026-01-24 03:00:00+00:00,ENTRY,FREE_SLEEVE,2,PHAUSDT,C,0.8725139359638319,853.6554392795467,0.0382,,,
2026-01-24 14:00:00+00:00,EXIT,STOP,1,MANAUSDT,C,0.8839137453655136,829.7925281555254,0.159335289695899,813.196677592415,-0.019999999999999907,11.0
2026-01-24 14:00:00+00:00,ENTRY,FREE_SLEEVE,1,ATOMUSDT,C,0.8490061665745289,813.196677592415,2.303,,,
2026-01-24 16:00:00+00:00,EXIT,STOP,2,PHAUSDT,C,0.8725139359638319,853.6554392795467,0.03754847665874979,836.582330493956,-0.019999999999999796,13.0
2026-01-24 17:00:00+00:00,ENTRY,FREE_SLEEVE,2,QNTUSDT,C,0.8730754588380231,836.582330493956,78.05,,,
2026-01-25 06:00:00+00:00,EXIT,STOP,2,QNTUSDT,C,0.8730754588380231,836.582330493956,76.71881160249794,819.8506838840768,-0.020000000000000018,13.0
2026-01-25 06:00:00+00:00,ENTRY,FREE_SLEEVE,2,QNTUSDT,A,0.9011112557704533,819.8506838840768,76.75,,,
2026-01-25 14:00:00+00:00,EXIT,STOP,1,ATOMUSDT,C,0.8490061665745289,813.196677592415,2.263720988091643,796.9327440405666,-0.02000000000000013,24.0
2026-01-25 14:00:00+00:00,ENTRY,FREE_SLEEVE,1,SANDUSDT,A,0.9003019969313814,796.9327440405666,0.1377,,,
2026-01-25 16:00:00+00:00,EXIT,STOP,1,SANDUSDT,A,0.9003019969313814,796.9327440405666,0.1353514459662263,780.9940891597552,-0.02000000000000013,2.0
2026-01-25 17:00:00+00:00,EXIT,STOP,2,QNTUSDT,A,0.9011112557704533,819.8506838840768,75.44098386280226,803.4536702063953,-0.020000000000000018,11.0
2026-01-25 21:00:00+00:00,ENTRY,FREE_SLEEVE,1,ZECUSDT,A,0.9166312306399327,780.9940891597552,328.43,,,
2026-01-26 02:00:00+00:00,EXIT,TARGET,1,ZECUSDT,A,0.9166312306399327,780.9940891597552,339.29927275093996,804.423911834548,0.03000000000000025,5.0
2026-01-26 08:00:00+00:00,ENTRY,FREE_SLEEVE,1,PHAUSDT,A,0.9425384175301332,804.423911834548,0.0394,,,
2026-01-26 09:00:00+00:00,EXIT,STOP,1,PHAUSDT,A,0.9425384175301332,804.423911834548,0.03872800995693041,788.3354335978572,-0.019999999999999796,1.0
2026-01-27 07:00:00+00:00,ENTRY,FREE_SLEEVE,1,PENDLEUSDT,C,0.8539010419864375,788.3354335978572,1.904,,,
2026-01-27 14:00:00+00:00,EXIT,STOP,1,PENDLEUSDT,C,0.8539010419864375,788.3354335978572,1.871526166446586,772.5687249259001,-0.019999999999999907,7.0
2026-01-27 14:00:00+00:00,ENTRY,FREE_SLEEVE,1,MANAUSDT,B,0.9060872995643535,772.5687249259001,0.1383,,,
2026-01-27 14:00:00+00:00,ENTRY,FREE_SLEEVE,2,SANDUSDT,A,0.903797151627726,803.4536702063953,0.1271,,,
2026-01-27 16:00:00+00:00,EXIT,STOP,2,SANDUSDT,A,0.903797151627726,803.4536702063953,0.12493223516563082,787.3845968022673,-0.020000000000000018,2.0
2026-01-27 16:00:00+00:00,ENTRY,FREE_SLEEVE,2,AXSUSDT,A,0.9313908195368794,787.3845968022673,2.479,,,
2026-01-27 17:00:00+00:00,EXIT,STOP,2,AXSUSDT,A,0.9313908195368794,787.3845968022673,2.436719205158134,771.6369048662219,-0.020000000000000018,1.0
2026-01-28 12:00:00+00:00,ENTRY,FREE_SLEEVE,2,AXSUSDT,A,0.9619869588714778,771.6369048662219,2.387,,,
2026-01-28 13:00:00+00:00,EXIT,STOP,2,AXSUSDT,A,0.9619869588714778,771.6369048662219,2.346288318964287,756.2041667688975,-0.020000000000000018,1.0
2026-01-28 14:00:00+00:00,ENTRY,FREE_SLEEVE,2,AXSUSDT,A,0.9160154143625144,756.2041667688975,2.305,,,
2026-01-28 14:00:00+00:00,EXIT,REPLACED_AFTER_24H,1,MANAUSDT,B,0.9060872995643535,772.5687249259001,0.1371,763.5711551089897,-0.011646303463518248,24.0
2026-01-28 14:00:00+00:00,ENTRY,FREE_SLEEVE,1,ZENUSDT,A,0.906424494216399,763.5711551089897,9.073,,,
2026-01-28 15:00:00+00:00,EXIT,STOP,2,AXSUSDT,A,0.9160154143625144,756.2041667688975,2.265686876921944,741.0800834335196,-0.019999999999999907,1.0
2026-01-28 17:00:00+00:00,EXIT,STOP,1,ZENUSDT,A,0.906424494216399,763.5711551089897,8.918254678660652,748.2997320068099,-0.020000000000000018,3.0
2026-01-28 17:00:00+00:00,ENTRY,FREE_SLEEVE,1,ALGOUSDT,C,0.863980694723998,748.2997320068099,0.1197,,,
2026-01-28 22:00:00+00:00,ENTRY,FREE_SLEEVE,2,ZECUSDT,A,0.9014303713659232,741.0800834335196,375.14,,,
2026-01-29 00:00:00+00:00,EXIT,TARGET,1,ALGOUSDT,C,0.863980694723998,748.2997320068099,0.12366142845747197,770.7487239670143,0.030000000000000027,7.0
2026-01-29 01:00:00+00:00,EXIT,STOP,2,ZECUSDT,A,0.9014303713659232,741.0800834335196,368.74176789956533,726.2584817648491,-0.02000000000000013,3.0
2026-01-29 01:00:00+00:00,ENTRY,FREE_SLEEVE,1,PEPEUSDT,C,0.8398441092583253,770.7487239670143,4.91e-06,,,
2026-01-29 03:00:00+00:00,EXIT,STOP,1,PEPEUSDT,C,0.8398441092583253,770.7487239670143,4.826257078389043e-06,755.3337494876739,-0.02000000000000013,2.0
2026-01-29 09:00:00+00:00,ENTRY,FREE_SLEEVE,1,CHZUSDT,A,0.9017142170776284,755.3337494876739,0.05132,,,
2026-01-29 09:00:00+00:00,ENTRY,FREE_SLEEVE,2,PHAUSDT,C,0.8416804364827547,726.2584817648491,0.0376,,,
2026-01-29 12:00:00+00:00,EXIT,STOP,1,CHZUSDT,A,0.9017142170776284,755.3337494876739,0.050444707385524576,740.2270744979204,-0.020000000000000018,3.0
2026-01-29 13:00:00+00:00,EXIT,STOP,2,PHAUSDT,C,0.8416804364827547,726.2584817648491,0.03695871000965948,711.7333121295522,-0.019999999999999796,4.0
2026-01-29 17:00:00+00:00,ENTRY,FREE_SLEEVE,1,CHZUSDT,A,0.9128637902905932,740.2270744979204,0.04752,,,
2026-01-29 19:00:00+00:00,EXIT,STOP,1,CHZUSDT,A,0.9128637902905932,740.2270744979204,0.04670951860795262,725.422533007962,-0.020000000000000018,2.0
2026-01-29 20:00:00+00:00,ENTRY,FREE_SLEEVE,1,ZECUSDT,A,0.9063323152533354,725.422533007962,347.01,,,
2026-01-30 02:00:00+00:00,EXIT,STOP,1,ZECUSDT,A,0.9063323152533354,725.422533007962,341.09154150138124,710.9140823478027,-0.020000000000000018,6.0
2026-01-30 11:00:00+00:00,ENTRY,FREE_SLEEVE,1,MEMEUSDT,A,0.9093381859292092,710.9140823478027,0.000934,,,
2026-01-30 13:00:00+00:00,ENTRY,FREE_SLEEVE,2,DASHUSDT,B,0.9176312068844548,711.7333121295522,51.1,,,
2026-01-30 16:00:00+00:00,EXIT,STOP,2,DASHUSDT,B,0.9176312068844548,711.7333121295522,50.228459614191465,697.4986458869613,-0.019999999999999907,3.0
2026-01-30 16:00:00+00:00,ENTRY,FREE_SLEEVE,2,DASHUSDT,A,0.9661911940302348,697.4986458869613,49.81,,,
2026-01-30 19:00:00+00:00,EXIT,TARGET,1,MEMEUSDT,A,0.9093381859292092,710.9140823478027,0.000964910394146022,732.2415048182369,0.030000000000000027,8.0
2026-01-30 19:00:00+00:00,EXIT,TARGET,2,DASHUSDT,A,0.9661911940302348,697.4986458869613,51.45844403898646,718.4236052635702,0.030000000000000027,3.0
2026-01-30 20:00:00+00:00,ENTRY,FREE_SLEEVE,1,PENDLEUSDT,A,0.9417070241337766,732.2415048182369,1.783,,,
2026-01-30 21:00:00+00:00,EXIT,STOP,1,PENDLEUSDT,A,0.9417070241337766,732.2415048182369,1.7525898922133736,717.5966747218722,-0.019999999999999907,1.0
2026-01-31 00:00:00+00:00,ENTRY,FREE_SLEEVE,1,BATUSDT,C,0.8522335297006494,717.5966747218722,0.145,,,
2026-01-31 03:00:00+00:00,ENTRY,FREE_SLEEVE,2,AXSUSDT,B,0.9216738239073013,718.4236052635702,1.932,,,
2026-01-31 07:00:00+00:00,EXIT,STOP,1,BATUSDT,C,0.8522335297006494,717.5966747218722,0.1425269401968251,703.2447412274348,-0.019999999999999907,7.0
2026-01-31 07:00:00+00:00,ENTRY,FREE_SLEEVE,1,DASHUSDT,C,0.8425459867515532,703.2447412274348,48.43,,,
2026-01-31 09:00:00+00:00,EXIT,STOP,1,DASHUSDT,C,0.8425459867515532,703.2447412274348,47.603998025739585,689.1798464028861,-0.020000000000000018,2.0
2026-01-31 09:00:00+00:00,EXIT,STOP,2,AXSUSDT,B,0.9216738239073013,718.4236052635702,1.8990486100708008,704.0551331582988,-0.020000000000000018,6.0
2026-01-31 10:00:00+00:00,ENTRY,FREE_SLEEVE,1,APTUSDT,A,0.9010046892138467,689.1798464028861,1.381,,,
2026-01-31 14:00:00+00:00,EXIT,STOP,1,APTUSDT,A,0.9010046892138467,689.1798464028861,1.3574462373228655,675.3962494748284,-0.020000000000000018,4.0
2026-02-01 03:00:00+00:00,ENTRY,FREE_SLEEVE,1,AXSUSDT,A,0.9169642088707005,675.3962494748284,1.718,,,
2026-02-01 05:00:00+00:00,ENTRY,FREE_SLEEVE,2,AUCTIONUSDT,A,0.9527213378190428,704.0551331582988,4.84,,,
2026-02-01 06:00:00+00:00,EXIT,STOP,1,AXSUSDT,A,0.9169642088707005,675.3962494748284,1.6886985052285899,661.8883244853319,-0.020000000000000018,3.0
2026-02-01 10:00:00+00:00,EXIT,STOP,2,AUCTIONUSDT,A,0.9527213378190428,704.0551331582988,4.757450969328507,689.9740304951328,-0.020000000000000018,5.0
2026-02-01 15:00:00+00:00,ENTRY,FREE_SLEEVE,1,SOLUSDT,C,0.8393941921220204,661.8883244853319,102.96,,,
2026-02-01 16:00:00+00:00,EXIT,STOP,1,SOLUSDT,C,0.8393941921220204,661.8883244853319,101.20395698389733,648.6505579956251,-0.02000000000000013,1.0
2026-02-01 19:00:00+00:00,ENTRY,FREE_SLEEVE,1,CVXUSDT,A,0.9010038670988233,648.6505579956251,1.832,,,
2026-02-01 20:00:00+00:00,EXIT,STOP,1,CVXUSDT,A,0.9010038670988233,648.6505579956251,1.800754168555749,635.6775468357125,-0.02000000000000024,1.0
2026-02-01 20:00:00+00:00,ENTRY,FREE_SLEEVE,1,AUCTIONUSDT,B,0.890724291480298,635.6775468357125,4.46,,,
2026-02-01 21:00:00+00:00,EXIT,STOP,1,AUCTIONUSDT,B,0.890724291480298,635.6775468357125,4.38393209157131,622.9639958989983,-0.020000000000000018,1.0
2026-02-02 01:00:00+00:00,ENTRY,FREE_SLEEVE,1,SYNUSDT,A,0.9217412022792169,622.9639958989983,0.0786,,,
2026-02-02 02:00:00+00:00,EXIT,STOP,1,SYNUSDT,A,0.9217412022792169,622.9639958989983,0.07725943103083072,610.5047159810183,-0.020000000000000018,1.0
2026-02-02 02:00:00+00:00,ENTRY,FREE_SLEEVE,1,CRVUSDT,A,0.9126649644878312,610.5047159810183,0.2782,,,
2026-02-02 04:00:00+00:00,EXIT,STOP,1,CRVUSDT,A,0.9126649644878312,610.5047159810183,0.2734551362948741,598.294621661398,-0.019999999999999907,2.0
2026-02-02 04:00:00+00:00,ENTRY,FREE_SLEEVE,1,PAXGUSDT,C,0.8520336374723713,598.294621661398,4671.24,,,
2026-02-02 06:00:00+00:00,EXIT,STOP,1,PAXGUSDT,C,0.8520336374723713,598.294621661398,4591.569269827706,586.3287292281702,-0.019999999999999574,2.0
2026-02-02 13:00:00+00:00,ENTRY,FREE_SLEEVE,1,SYNUSDT,A,0.9746932201987756,586.3287292281702,0.0756,,,
2026-02-02 15:00:00+00:00,EXIT,STOP,1,SYNUSDT,A,0.9746932201987756,586.3287292281702,0.07431059778537916,574.6021546436068,-0.020000000000000018,2.0
2026-02-02 19:00:00+00:00,ENTRY,FREE_SLEEVE,1,SYNUSDT,C,0.8428822132239617,574.6021546436068,0.0744,,,
2026-02-02 20:00:00+00:00,EXIT,STOP,1,SYNUSDT,C,0.8428822132239617,574.6021546436068,0.07313106448719854,563.1101115507348,-0.019999999999999796,1.0
2026-02-03 01:00:00+00:00,ENTRY,FREE_SLEEVE,1,CHZUSDT,B,0.9170990440213933,563.1101115507348,0.04563,,,
2026-02-03 02:00:00+00:00,ENTRY,FREE_SLEEVE,2,ZECUSDT,B,0.8886560877702818,689.9740304951328,289.14,,,
2026-02-03 03:00:00+00:00,EXIT,STOP,1,CHZUSDT,B,0.9170990440213933,563.1101115507348,0.04485175366331813,551.8479093197201,-0.020000000000000018,2.0
2026-02-03 03:00:00+00:00,EXIT,STOP,2,ZECUSDT,B,0.8886560877702818,689.9740304951328,284.20854819662077,676.1745498852302,-0.019999999999999796,1.0
2026-02-03 06:00:00+00:00,ENTRY,FREE_SLEEVE,1,CHZUSDT,C,0.8495237551890669,551.8479093197201,0.04456,,,
2026-02-03 07:00:00+00:00,EXIT,STOP,1,CHZUSDT,C,0.8495237551890669,551.8479093197201,0.04380000313910709,540.8109511333257,-0.019999999999999907,1.0
2026-02-03 07:00:00+00:00,ENTRY,FREE_SLEEVE,1,PENDLEUSDT,A,0.90731139689289,540.8109511333257,1.522,,,
2026-02-03 10:00:00+00:00,ENTRY,FREE_SLEEVE,2,SHIBUSDT,C,0.8653663116521623,676.1745498852302,6.79e-06,,,
2026-02-03 16:00:00+00:00,EXIT,TARGET,1,PENDLEUSDT,A,0.90731139689289,540.8109511333257,1.5723700427090421,557.0352796673254,0.029999999999999805,9.0
2026-02-03 16:00:00+00:00,EXIT,TARGET,2,SHIBUSDT,C,0.8653663116521623,676.1745498852302,7.014712608406305e-06,696.4597863817872,0.030000000000000027,6.0
2026-02-03 16:00:00+00:00,ENTRY,FREE_SLEEVE,1,OPUSDT,B,0.9017364174800875,557.0352796673254,0.224,,,
2026-02-03 17:00:00+00:00,EXIT,STOP,1,OPUSDT,B,0.9017364174800875,557.0352796673254,0.22017954899371606,545.8945740739789,-0.020000000000000018,1.0
2026-02-04 00:00:00+00:00,ENTRY,FREE_SLEEVE,1,SOLUSDT,C,0.8562376465261646,545.8945740739789,97.89,,,
2026-02-04 12:00:00+00:00,EXIT,STOP,1,SOLUSDT,C,0.8562376465261646,545.8945740739789,96.2204287990842,534.9766825924993,-0.020000000000000018,12.0
2026-02-04 12:00:00+00:00,ENTRY,FREE_SLEEVE,1,SOLUSDT,B,0.9112999071347633,534.9766825924993,96.12,,,
2026-02-04 14:00:00+00:00,EXIT,STOP,1,SOLUSDT,B,0.9112999071347633,534.9766825924993,94.48061718426779,524.2771489406493,-0.019999999999999907,2.0
2026-02-04 21:00:00+00:00,ENTRY,FREE_SLEEVE,1,CVXUSDT,C,0.843197898805322,524.2771489406493,1.864,,,
2026-02-04 22:00:00+00:00,ENTRY,FREE_SLEEVE,2,ZECUSDT,A,0.90739736353774,696.4597863817872,257.37,,,
2026-02-04 23:00:00+00:00,EXIT,STOP,1,CVXUSDT,C,0.843197898805322,524.2771489406493,1.8322083898405657,513.7916059618364,-0.020000000000000018,2.0
2026-02-04 23:00:00+00:00,ENTRY,FREE_SLEEVE,1,BNBUSDT,C,0.8632814440564334,513.7916059618364,691.24,,,
2026-02-05 00:00:00+00:00,EXIT,STOP,2,ZECUSDT,A,0.90739736353774,696.4597863817872,252.9804041272888,682.5305906541514,-0.02000000000000013,2.0
2026-02-05 00:00:00+00:00,ENTRY,FREE_SLEEVE,2,ZECUSDT,A,0.9425597148715498,682.5305906541514,251.78,,,
2026-02-05 02:00:00+00:00,EXIT,STOP,2,ZECUSDT,A,0.9425597148715498,682.5305906541514,247.48574484659744,668.8799788410685,-0.019999999999999907,2.0
2026-02-05 05:00:00+00:00,ENTRY,FREE_SLEEVE,2,CVXUSDT,C,0.840802912799193,668.8799788410685,1.749,,,
2026-02-05 12:00:00+00:00,EXIT,STOP,1,BNBUSDT,C,0.8632814440564334,513.7916059618364,679.4504975286441,503.51577384259963,-0.020000000000000018,13.0
2026-02-05 12:00:00+00:00,EXIT,STOP,2,CVXUSDT,C,0.840802912799193,668.8799788410685,1.7191697820982559,655.502379264247,-0.02000000000000013,7.0
2026-02-05 15:00:00+00:00,ENTRY,FREE_SLEEVE,1,WLDUSDT,A,0.9048944754612506,503.51577384259963,0.3885,,,
2026-02-05 16:00:00+00:00,EXIT,STOP,1,WLDUSDT,A,0.9048944754612506,503.51577384259963,0.3818739052859762,493.4454583657477,-0.019999999999999907,1.0
2026-02-06 09:00:00+00:00,ENTRY,FREE_SLEEVE,1,OPUSDT,A,0.9082696727288149,493.4454583657477,0.1713,,,
2026-02-06 10:00:00+00:00,EXIT,TARGET,1,OPUSDT,A,0.9082696727288149,493.4454583657477,0.17696911190279827,508.24882211672025,0.03000000000000025,1.0
2026-02-06 11:00:00+00:00,ENTRY,FREE_SLEEVE,1,SYNUSDT,A,0.9157806162686605,508.24882211672025,0.0614,,,
2026-02-06 13:00:00+00:00,EXIT,STOP,1,SYNUSDT,A,0.9157806162686605,508.24882211672025,0.06035278709024181,498.0838456743859,-0.019999999999999907,2.0
2026-02-06 13:00:00+00:00,ENTRY,FREE_SLEEVE,1,SYNUSDT,B,0.8851241196142317,498.0838456743859,0.0582,,,
2026-02-06 14:00:00+00:00,EXIT,STOP_AMBIGUOUS_BAR,1,SYNUSDT,B,0.8851241196142317,498.0838456743859,0.057207364961760154,488.12216876089815,-0.020000000000000018,1.0
2026-02-07 04:00:00+00:00,ENTRY,FREE_SLEEVE,1,API3USDT,A,0.9134232969443562,488.12216876089815,0.3695,,,
2026-02-07 04:00:00+00:00,ENTRY,FREE_SLEEVE,2,ARKUSDT,B,0.8832460154151504,655.502379264247,0.1892,,,
2026-02-07 05:00:00+00:00,EXIT,TARGET,1,API3USDT,A,0.9134232969443562,488.12216876089815,0.3817284696327141,502.7658338237251,0.030000000000000027,1.0
2026-02-07 08:00:00+00:00,EXIT,STOP_AMBIGUOUS_BAR,2,ARKUSDT,B,0.8832460154151504,655.502379264247,0.18597308334647802,642.3923316789621,-0.019999999999999907,4.0
2026-02-08 07:00:00+00:00,ENTRY,FREE_SLEEVE,1,APEUSDT,B,0.8913776036327671,502.7658338237251,0.1286,,,
2026-02-08 08:00:00+00:00,ENTRY,FREE_SLEEVE,2,NMRUSDT,B,0.8907615294776443,642.3923316789621,8.62,,,
2026-02-08 17:00:00+00:00,EXIT,STOP,1,APEUSDT,B,0.8913776036327671,502.7658338237251,0.1264066517883566,492.7105171472506,-0.020000000000000018,10.0
2026-02-08 17:00:00+00:00,EXIT,STOP,2,NMRUSDT,B,0.8907615294776443,642.3923316789621,8.472980858597465,629.5444850453829,-0.020000000000000018,9.0
2026-02-08 23:00:00+00:00,ENTRY,FREE_SLEEVE,1,GALAUSDT,A,0.9105318517173446,492.7105171472506,0.00408,,,
2026-02-09 07:00:00+00:00,ENTRY,FREE_SLEEVE,2,PENDLEUSDT,B,0.8803736716251861,629.5444850453829,1.141,,,
2026-02-09 09:00:00+00:00,EXIT,STOP,2,PENDLEUSDT,B,0.8803736716251861,629.5444850453829,1.1215395776867414,616.9535953444754,-0.019999999999999796,2.0
2026-02-09 11:00:00+00:00,EXIT,STOP,1,GALAUSDT,A,0.9105318517173446,492.7105171472506,0.004010413213814114,482.8563068043056,-0.020000000000000018,12.0
2026-02-09 16:00:00+00:00,ENTRY,FREE_SLEEVE,1,APTUSDT,A,0.9154142419664605,482.8563068043056,1.029,,,
2026-02-09 18:00:00+00:00,EXIT,TARGET,1,APTUSDT,A,0.9154142419664605,482.8563068043056,1.0630543849852852,497.34199600843476,0.030000000000000027,2.0
2026-02-09 20:00:00+00:00,ENTRY,FREE_SLEEVE,1,NMRUSDT,C,0.8605083055880013,497.34199600843476,8.1,,,
2026-02-09 22:00:00+00:00,ENTRY,FREE_SLEEVE,2,ARUSDT,C,0.8618979430790011,616.9535953444754,1.91,,,
2026-02-10 04:00:00+00:00,EXIT,STOP,2,ARUSDT,C,0.8618979430790011,616.9535953444754,1.8774238329374893,604.6145234375858,-0.02000000000000013,6.0
2026-02-10 11:00:00+00:00,ENTRY,FREE_SLEEVE,2,CVXUSDT,B,0.8810145050511258,604.6145234375858,1.851,,,
2026-02-10 16:00:00+00:00,EXIT,TARGET,1,NMRUSDT,C,0.8605083055880013,497.34199600843476,8.368066587347725,512.2622558886878,0.030000000000000027,20.0
2026-02-10 16:00:00+00:00,ENTRY,FREE_SLEEVE,1,APTUSDT,A,0.9283706685241991,512.2622558886878,0.989,,,
2026-02-10 17:00:00+00:00,EXIT,STOP,1,APTUSDT,A,0.9283706685241991,512.2622558886878,0.9721320265838622,502.017010770914,-0.02000000000000013,1.0
2026-02-10 18:00:00+00:00,ENTRY,FREE_SLEEVE,1,ALGOUSDT,A,0.944111191753114,502.017010770914,0.0922,,,
2026-02-10 19:00:00+00:00,EXIT,STOP,1,ALGOUSDT,A,0.944111191753114,502.017010770914,0.09062747507687775,491.97667055549573,-0.020000000000000018,1.0
2026-02-10 19:00:00+00:00,EXIT,STOP,2,CVXUSDT,B,0.8810145050511258,604.6145234375858,1.8194301124436087,592.522232968834,-0.02000000000000013,8.0
2026-02-10 19:00:00+00:00,ENTRY,FREE_SLEEVE,1,FILUSDT,A,0.9020472309426482,491.97667055549573,0.89,,,
2026-02-10 19:00:00+00:00,ENTRY,FREE_SLEEVE,2,SOLUSDT,B,0.8912063411991505,592.522232968834,82.93,,,
2026-02-11 07:00:00+00:00,EXIT,STOP,1,FILUSDT,A,0.9020472309426482,491.97667055549573,0.8748205294839609,482.13713714438575,-0.02000000000000013,12.0
2026-02-11 07:00:00+00:00,EXIT,STOP,2,SOLUSDT,B,0.8912063411991505,592.522232968834,81.51558034843247,580.6717883094573,-0.02000000000000013,12.0
2026-02-11 16:00:00+00:00,ENTRY,FREE_SLEEVE,1,APTUSDT,A,0.9024377796571669,482.13713714438575,0.931,,,
2026-02-11 17:00:00+00:00,ENTRY,FREE_SLEEVE,2,IOTAUSDT,C,0.843723244016781,580.6717883094573,0.0636,,,
2026-02-11 22:00:00+00:00,EXIT,TARGET,2,IOTAUSDT,C,0.843723244016781,580.6717883094573,0.06570481913028586,598.0919419587411,0.03000000000000025,5.0
2026-02-12 01:00:00+00:00,EXIT,TARGET,1,APTUSDT,A,0.9024377796571669,482.13713714438575,0.9618111102247819,496.6012512587174,0.03000000000000025,9.0
2026-02-12 06:00:00+00:00,ENTRY,FREE_SLEEVE,1,AXSUSDT,A,0.9291004765491907,496.6012512587174,1.463,,,
2026-02-12 09:00:00+00:00,ENTRY,FREE_SLEEVE,2,ZECUSDT,A,0.9198904129824218,598.0919419587411,236.04,,,
2026-02-12 10:00:00+00:00,EXIT,STOP,1,AXSUSDT,A,0.9291004765491907,496.6012512587174,1.438047679365208,486.6692262335431,-0.019999999999999907,4.0
2026-02-12 10:00:00+00:00,ENTRY,FREE_SLEEVE,1,AXSUSDT,A,0.933152670736705,486.6692262335431,1.445,,,
2026-02-12 14:00:00+00:00,EXIT,STOP,1,AXSUSDT,A,0.933152670736705,486.6692262335431,1.4203546798924984,476.93584170887215,-0.02000000000000024,4.0
2026-02-12 14:00:00+00:00,ENTRY,FREE_SLEEVE,1,AXSUSDT,A,0.9204158248248594,476.93584170887215,1.427,,,
2026-02-12 17:00:00+00:00,EXIT,STOP,1,AXSUSDT,A,0.9204158248248594,476.93584170887215,1.4026616804197891,467.39712487469467,-0.02000000000000013,3.0
2026-02-12 17:00:00+00:00,EXIT,STOP,2,ZECUSDT,A,0.9198904129824218,598.0919419587411,232.01419975212823,586.1301031195662,-0.02000000000000013,8.0
2026-02-13 01:00:00+00:00,ENTRY,FREE_SLEEVE,1,AXSUSDT,C,0.867146529323815,467.39712487469467,1.36,,,
2026-02-13 04:00:00+00:00,ENTRY,FREE_SLEEVE,2,ACEUSDT,B,0.9141797115084136,586.1301031195662,0.163,,,
2026-02-13 06:00:00+00:00,EXIT,STOP,1,AXSUSDT,C,0.867146529323815,467.39712487469467,1.3368044046047047,458.04918237720074,-0.02000000000000013,5.0
2026-02-13 06:00:00+00:00,EXIT,STOP,2,ACEUSDT,B,0.9141797115084136,586.1301031195662,0.16021993966953443,574.4075010571748,-0.02000000000000013,2.0
2026-02-13 13:00:00+00:00,ENTRY,FREE_SLEEVE,1,INJUSDT,C,0.8438271258465805,458.04918237720074,2.989,,,
2026-02-13 16:00:00+00:00,EXIT,TARGET,1,INJUSDT,C,0.8438271258465805,458.04918237720074,3.0879198801953525,471.79065784851673,0.030000000000000027,3.0
2026-02-14 06:00:00+00:00,ENTRY,FREE_SLEEVE,1,STXUSDT,B,0.8935215749415013,471.79065784851673,0.2681,,,
2026-02-14 13:00:00+00:00,EXIT,TARGET,1,STXUSDT,B,0.8935215749415013,471.79065784851673,0.27697267309480567,485.9443775839723,0.03000000000000025,7.0
2026-02-15 11:00:00+00:00,ENTRY,FREE_SLEEVE,1,QNTUSDT,B,0.8811980887618841,485.9443775839723,71.88,,,
2026-02-15 13:00:00+00:00,EXIT,STOP,1,QNTUSDT,B,0.8811980887618841,485.9443775839723,70.65404456101923,476.22549003229284,-0.020000000000000018,2.0
2026-02-15 17:00:00+00:00,ENTRY,FREE_SLEEVE,1,ZECUSDT,A,0.9068865659040694,476.22549003229284,291.79,,,
2026-02-15 21:00:00+00:00,ENTRY,FREE_SLEEVE,2,PEPEUSDT,A,0.9315118619211511,574.4075010571748,4.39e-06,,,
2026-02-16 01:00:00+00:00,EXIT,TARGET,1,ZECUSDT,A,0.9068865659040694,476.22549003229284,301.4466851261967,490.51225473326156,0.029999999999999805,8.0
2026-02-16 04:00:00+00:00,ENTRY,FREE_SLEEVE,1,AXSUSDT,A,0.9235229665920967,490.51225473326156,1.364,,,
2026-02-16 05:00:00+00:00,EXIT,TARGET,2,PEPEUSDT,A,0.9315118619211511,574.4075010571748,4.5352854714143845e-06,591.6397260888901,0.030000000000000027,8.0
2026-02-17 01:00:00+00:00,EXIT,TARGET,1,AXSUSDT,A,0.9235229665920967,490.51225473326156,1.4091410895237406,505.22762237525944,0.030000000000000027,21.0
2026-02-18 22:00:00+00:00,ENTRY,FREE_SLEEVE,1,ZECUSDT,A,0.9008609949896499,505.22762237525944,266.85,,,
2026-02-19 00:00:00+00:00,EXIT,STOP,1,ZECUSDT,A,0.9008609949896499,505.22762237525944,262.29871718291577,495.1230699277543,-0.020000000000000018,2.0
2026-02-19 03:00:00+00:00,ENTRY,FREE_SLEEVE,1,APEUSDT,A,0.9142980076981081,495.1230699277543,0.1141,,,
2026-02-19 03:00:00+00:00,ENTRY,FREE_SLEEVE,2,OPUSDT,A,0.940039362709928,591.6397260888901,0.1597,,,
2026-02-19 05:00:00+00:00,EXIT,STOP,2,OPUSDT,A,0.940039362709928,591.6397260888901,0.15697622309953774,579.8069315671123,-0.020000000000000018,2.0
2026-02-19 05:00:00+00:00,ENTRY,FREE_SLEEVE,2,OPUSDT,A,0.9109863745156619,579.8069315671123,0.155,,,
2026-02-19 06:00:00+00:00,EXIT,STOP,1,APEUSDT,A,0.9142980076981081,495.1230699277543,0.11215395776867411,485.2206085291993,-0.019999999999999796,3.0
2026-02-19 06:00:00+00:00,EXIT,STOP,2,OPUSDT,A,0.9109863745156619,579.8069315671123,0.1523563843483303,568.21079293577,-0.02000000000000013,1.0
2026-02-19 06:00:00+00:00,ENTRY,FREE_SLEEVE,1,ZECUSDT,C,0.8570670811015888,485.2206085291993,261.12,,,
2026-02-19 09:00:00+00:00,ENTRY,FREE_SLEEVE,2,ARBUSDT,B,0.8912131082226771,568.21079293577,0.1044,,,
2026-02-19 11:00:00+00:00,EXIT,STOP,1,ZECUSDT,C,0.8570670811015888,485.2206085291993,256.6664456841033,475.51619635861545,-0.019999999999999685,5.0
2026-02-19 14:00:00+00:00,EXIT,STOP,2,ARBUSDT,B,0.8912131082226771,568.21079293577,0.10261939694171408,556.8465770770546,-0.020000000000000018,5.0
2026-02-19 15:00:00+00:00,ENTRY,FREE_SLEEVE,1,ARBUSDT,A,0.9209846514910379,475.51619635861545,0.1004,,,
2026-02-19 15:00:00+00:00,ENTRY,FREE_SLEEVE,2,OPUSDT,A,0.9037009852591781,556.8465770770546,0.1384,,,
2026-02-19 16:00:00+00:00,EXIT,STOP,1,ARBUSDT,A,0.9209846514910379,475.51619635861545,0.09868761928111201,466.0058724314431,-0.02000000000000013,1.0
2026-02-19 18:00:00+00:00,EXIT,STOP,2,OPUSDT,A,0.9037009852591781,556.8465770770546,0.1360395070568317,545.7096455355136,-0.019999999999999796,3.0
2026-02-19 20:00:00+00:00,ENTRY,FREE_SLEEVE,1,ARBUSDT,A,0.9248058895791267,466.0058724314431,0.0984,,,
2026-02-19 20:00:00+00:00,ENTRY,FREE_SLEEVE,2,ATOMUSDT,B,0.8837858728394301,545.7096455355136,2.273,,,
2026-02-20 02:00:00+00:00,EXIT,STOP,1,ARBUSDT,A,0.9248058895791267,466.0058724314431,0.09672173045081098,456.6857549828142,-0.020000000000000018,6.0
2026-02-20 03:00:00+00:00,ENTRY,FREE_SLEEVE,1,DASHUSDT,A,0.9121135415092394,456.6857549828142,34.25,,,
2026-02-20 12:00:00+00:00,EXIT,STOP,1,DASHUSDT,A,0.9121135415092394,456.6857549828142,33.665846218905244,447.5520398831579,-0.02000000000000013,9.0
2026-02-20 13:00:00+00:00,EXIT,TARGET,2,ATOMUSDT,B,0.8837858728394301,545.7096455355136,2.3482241176594303,562.0809349015791,0.03000000000000025,17.0
2026-02-20 13:00:00+00:00,ENTRY,FREE_SLEEVE,1,CHZUSDT,A,0.9029821525778526,447.5520398831579,0.0354,,,
2026-02-20 13:00:00+00:00,ENTRY,FREE_SLEEVE,2,OPUSDT,A,0.9029801541280834,562.0809349015791,0.127,,,
2026-02-20 14:00:00+00:00,EXIT,STOP,2,OPUSDT,A,0.9029801541280834,562.0809349015791,0.1248339407241158,550.8393162035475,-0.02000000000000013,1.0
2026-02-20 16:00:00+00:00,EXIT,TARGET,1,CHZUSDT,A,0.9029821525778526,447.5520398831579,0.03657155027063081,460.97860107965266,0.030000000000000027,3.0
2026-02-21 08:00:00+00:00,ENTRY,FREE_SLEEVE,1,RAYUSDT,A,0.9196099231877928,460.97860107965266,0.643,,,
2026-02-21 15:00:00+00:00,ENTRY,FREE_SLEEVE,2,OPUSDT,B,0.8788070658430791,550.8393162035475,0.1295,,,
2026-02-21 18:00:00+00:00,EXIT,STOP,2,OPUSDT,B,0.8788070658430791,550.8393162035475,0.12729130176199208,539.8225298794765,-0.020000000000000018,3.0
2026-02-22 09:00:00+00:00,EXIT,STOP,1,RAYUSDT,A,0.9196099231877928,460.97860107965266,0.6320332589417831,451.7590290580596,-0.020000000000000018,25.0
2026-02-22 09:00:00+00:00,ENTRY,FREE_SLEEVE,1,ZECUSDT,B,0.8868139755337996,451.7590290580596,250.19,,,
2026-02-22 11:00:00+00:00,ENTRY,FREE_SLEEVE,2,INJUSDT,B,0.9018740982520909,539.8225298794765,3.582,,,
2026-02-22 16:00:00+00:00,EXIT,STOP,1,ZECUSDT,B,0.8868139755337996,451.7590290580596,245.9228632265081,442.7238484768984,-0.019999999999999907,7.0
2026-02-22 17:00:00+00:00,EXIT,STOP,2,INJUSDT,B,0.9018740982520909,539.8225298794765,3.5209068950691553,529.026079281887,-0.020000000000000018,6.0
2026-02-24 01:00:00+00:00,ENTRY,FREE_SLEEVE,1,BEAMXUSDT,C,0.8864537493741299,442.7238484768984,0.001918,,,
2026-02-24 02:00:00+00:00,EXIT,STOP,1,BEAMXUSDT,C,0.8864537493741299,442.7238484768984,0.0018852873882586932,433.8693715073604,-0.020000000000000018,1.0
2026-02-24 02:00:00+00:00,ENTRY,FREE_SLEEVE,1,BCHUSDT,C,0.888862410034275,433.8693715073604,489.0,,,
2026-02-24 09:00:00+00:00,EXIT,STOP,1,BCHUSDT,C,0.888862410034275,433.8693715073604,480.6598190086033,425.1919840772132,-0.020000000000000018,7.0
2026-02-24 21:00:00+00:00,ENTRY,FREE_SLEEVE,1,CHZUSDT,B,0.8963757923228965,425.1919840772132,0.03346,,,
2026-02-25 02:00:00+00:00,EXIT,TARGET,1,CHZUSDT,B,0.8963757923228965,425.1919840772132,0.034567346668229,437.94774359952953,0.029999999999999805,5.0
2026-02-25 21:00:00+00:00,ENTRY,FREE_SLEEVE,1,ATOMUSDT,C,0.8403177652284572,437.94774359952953,2.009,,,
2026-02-25 23:00:00+00:00,EXIT,STOP,1,ATOMUSDT,C,0.8403177652284572,437.94774359952953,1.9747353300373907,429.18878872753896,-0.019999999999999907,2.0
2026-02-26 05:00:00+00:00,ENTRY,FREE_SLEEVE,1,BATUSDT,A,0.9067149006235952,429.18878872753896,0.1181,,,
2026-02-26 06:00:00+00:00,EXIT,STOP,1,BATUSDT,A,0.9067149006235952,429.18878872753896,0.11608573542927617,420.6050129529882,-0.019999999999999907,1.0
2026-02-26 14:00:00+00:00,ENTRY,FREE_SLEEVE,1,CHZUSDT,B,0.9214762405310909,420.6050129529882,0.03288,,,
2026-02-26 15:00:00+00:00,EXIT,STOP,1,CHZUSDT,B,0.9214762405310909,420.6050129529882,0.032319212370149036,412.1929126939284,-0.02000000000000013,1.0
2026-02-26 16:00:00+00:00,ENTRY,FREE_SLEEVE,1,ATOMUSDT,B,0.91982359138868,412.1929126939284,1.872,,,
2026-02-26 17:00:00+00:00,EXIT,STOP,1,ATOMUSDT,B,0.91982359138868,412.1929126939284,1.8400719451617698,403.9490544400498,-0.02000000000000013,1.0
2026-02-26 18:00:00+00:00,ENTRY,FREE_SLEEVE,1,AAVEUSDT,A,0.9173413810615274,403.9490544400498,112.01,,,
2026-02-26 20:00:00+00:00,ENTRY,FREE_SLEEVE,2,CVXUSDT,A,0.953131360733569,529.026079281887,1.729,,,
2026-02-26 21:00:00+00:00,EXIT,TARGET,1,AAVEUSDT,A,0.9173413810615274,403.9490544400498,115.71693067269369,416.0675260732513,0.030000000000000027,3.0
2026-02-26 21:00:00+00:00,ENTRY,FREE_SLEEVE,1,ARUSDT,C,0.8706171759317903,416.0675260732513,1.62,,,
2026-02-27 02:00:00+00:00,EXIT,STOP,2,CVXUSDT,A,0.953131360733569,529.026079281887,1.6995108937952457,518.4455576962492,-0.019999999999999907,6.0
2026-02-27 04:00:00+00:00,ENTRY,FREE_SLEEVE,2,CVXUSDT,A,0.9018522704577009,518.4455576962492,1.707,,,
2026-02-27 05:00:00+00:00,EXIT,TARGET,1,ARUSDT,C,0.8706171759317903,416.0675260732513,1.6736133174695458,428.5495518554489,0.030000000000000027,8.0
2026-02-27 05:00:00+00:00,ENTRY,FREE_SLEEVE,1,BATUSDT,B,0.9127929345576593,428.5495518554489,0.11,,,
2026-02-27 06:00:00+00:00,EXIT,STOP,1,BATUSDT,B,0.9127929345576593,428.5495518554489,0.10812388566655698,419.97856081833993,-0.020000000000000018,1.0
2026-02-27 10:00:00+00:00,ENTRY,FREE_SLEEVE,1,ETHUSDT,C,0.8559532013904704,419.97856081833993,2010.0,,,
2026-02-27 12:00:00+00:00,EXIT,STOP,1,ETHUSDT,C,0.8559532013904704,419.97856081833993,1975.7182744525414,411.57898960197315,-0.019999999999999907,2.0
2026-02-27 12:00:00+00:00,EXIT,STOP,2,CVXUSDT,A,0.9018522704577009,518.4455576962492,1.6778861166619343,508.0766465423243,-0.019999999999999907,8.0
2026-02-27 23:00:00+00:00,ENTRY,FREE_SLEEVE,1,BONKUSDT,C,0.8819215036368535,411.57898960197315,5.88e-06,,,
2026-02-27 23:00:00+00:00,ENTRY,FREE_SLEEVE,2,FETUSDT,C,0.8445375939524442,508.0766465423243,0.1557,,,
2026-02-28 07:00:00+00:00,EXIT,STOP,1,BONKUSDT,C,0.8819215036368535,411.57898960197315,5.779713161085046e-06,403.3474098099337,-0.019999999999999907,8.0
2026-02-28 07:00:00+00:00,EXIT,STOP,2,FETUSDT,C,0.8445375939524442,508.0766465423243,0.15304444543893567,497.9151136114778,-0.020000000000000018,8.0
2026-02-28 10:00:00+00:00,ENTRY,FREE_SLEEVE,1,ARUSDT,C,0.8488327691383261,403.3474098099337,1.49,,,
2026-02-28 11:00:00+00:00,ENTRY,FREE_SLEEVE,2,ARBUSDT,C,0.8431970157264093,497.9151136114778,0.0919,,,
2026-02-28 14:00:00+00:00,EXIT,TARGET,1,ARUSDT,C,0.8488327691383261,403.3474098099337,1.5393110142158164,415.4478321042317,0.029999999999999805,4.0
2026-02-28 19:00:00+00:00,EXIT,TARGET,2,ARBUSDT,C,0.8431970157264093,497.9151136114778,0.09494139745398222,512.8525670198221,0.030000000000000027,8.0
2026-03-01 15:00:00+00:00,ENTRY,FREE_SLEEVE,1,DASHUSDT,C,0.8646234139820942,415.4478321042317,32.39,,,
2026-03-01 20:00:00+00:00,EXIT,STOP,1,DASHUSDT,C,0.8646234139820942,415.4478321042317,31.83756960672527,407.138875462147,-0.02000000000000013,5.0
2026-03-02 19:00:00+00:00,ENTRY,FREE_SLEEVE,1,ALICEUSDT,A,0.9124385716265719,407.138875462147,0.1433,,,
2026-03-02 20:00:00+00:00,ENTRY,FREE_SLEEVE,2,ACEUSDT,B,0.8779524158539466,512.8525670198221,0.156,,,
2026-03-03 00:00:00+00:00,EXIT,STOP,2,ACEUSDT,B,0.8779524158539466,512.8525670198221,0.1533393287634808,502.59551567942566,-0.020000000000000018,4.0
2026-03-03 01:00:00+00:00,EXIT,STOP,1,ALICEUSDT,A,0.9124385716265719,407.138875462147,0.14085593469106922,398.99609795290405,-0.020000000000000018,6.0
2026-03-03 01:00:00+00:00,ENTRY,FREE_SLEEVE,1,ALICEUSDT,B,0.904784508891079,398.99609795290405,0.1402,,,
2026-03-03 03:00:00+00:00,ENTRY,FREE_SLEEVE,2,ACEUSDT,B,0.8792454068170393,502.59551567942566,0.15,,,
2026-03-03 05:00:00+00:00,EXIT,STOP,1,ALICEUSDT,B,0.904784508891079,398.99609795290405,0.1378088070041026,391.016175993846,-0.019999999999999907,4.0
2026-03-03 07:00:00+00:00,ENTRY,FREE_SLEEVE,1,ALICEUSDT,A,0.9000810992410614,391.016175993846,0.1369,,,
2026-03-03 10:00:00+00:00,EXIT,STOP,1,ALICEUSDT,A,0.9000810992410614,391.016175993846,0.13456509043410594,383.19585247396907,-0.020000000000000018,3.0
2026-03-03 10:00:00+00:00,EXIT,STOP,2,ACEUSDT,B,0.8792454068170393,502.59551567942566,0.14744166227257768,492.54360536583715,-0.020000000000000018,7.0
2026-03-03 11:00:00+00:00,ENTRY,FREE_SLEEVE,1,AAVEUSDT,A,0.9273506121617936,383.19585247396907,113.42,,,
2026-03-03 11:00:00+00:00,ENTRY,FREE_SLEEVE,2,APEUSDT,A,0.9162443940515266,492.54360536583715,0.0984,,,
2026-03-03 12:00:00+00:00,EXIT,STOP,1,AAVEUSDT,A,0.9273506121617936,383.19585247396907,111.48555556637174,375.5319354244896,-0.02000000000000024,1.0
2026-03-03 14:00:00+00:00,ENTRY,FREE_SLEEVE,1,AAVEUSDT,C,0.8416918026117407,375.5319354244896,109.88,,,
2026-03-03 17:00:00+00:00,EXIT,TARGET,2,APEUSDT,A,0.9162443940515266,492.54360536583715,0.10165651261666868,507.3199135268122,0.029999999999999805,6.0
2026-03-03 22:00:00+00:00,EXIT,STOP,1,AAVEUSDT,C,0.8416918026117407,375.5319354244896,108.00593233673891,368.02129671599977,-0.020000000000000018,8.0
2026-03-03 23:00:00+00:00,ENTRY,FREE_SLEEVE,1,ALICEUSDT,A,0.9229168262747715,368.02129671599977,0.1321,,,
2026-03-04 01:00:00+00:00,EXIT,STOP,1,ALICEUSDT,A,0.9229168262747715,368.02129671599977,0.12984695724138343,360.6608707816798,-0.019999999999999907,2.0
2026-03-04 15:00:00+00:00,ENTRY,FREE_SLEEVE,1,JSTUSDT,B,0.8829077302751244,360.6608707816798,0.0472,,,
2026-03-04 18:00:00+00:00,ENTRY,FREE_SLEEVE,2,NEARUSDT,A,0.9213449250470601,507.3199135268122,1.321,,,
2026-03-04 20:00:00+00:00,EXIT,STOP,1,JSTUSDT,B,0.8829077302751244,360.6608707816798,0.04639497639510445,353.4476533660462,-0.020000000000000018,5.0
2026-03-04 20:00:00+00:00,ENTRY,FREE_SLEEVE,1,JSTUSDT,B,0.8923651252747966,353.4476533660462,0.04628,,,
2026-03-05 01:00:00+00:00,EXIT,STOP,2,NEARUSDT,A,0.9213449250470601,507.3199135268122,1.2984695724138344,497.17351525627595,-0.019999999999999907,7.0
2026-03-05 01:00:00+00:00,ENTRY,FREE_SLEEVE,2,NEARUSDT,A,0.9104108339090012,497.17351525627595,1.277,,,
2026-03-05 02:00:00+00:00,EXIT,STOP,2,NEARUSDT,A,0.9104108339090012,497.17351525627595,1.2552200181472117,487.2300449511505,-0.019999999999999907,1.0
2026-03-05 05:00:00+00:00,EXIT,TARGET,1,JSTUSDT,B,0.8923651252747966,353.4476533660462,0.04781161995832751,364.0510829670276,0.030000000000000027,9.0
2026-03-05 17:00:00+00:00,ENTRY,FREE_SLEEVE,1,PEPEUSDT,B,0.8811762695701776,364.0510829670276,3.44e-06,,,
2026-03-05 17:00:00+00:00,ENTRY,FREE_SLEEVE,2,SANDUSDT,B,0.8836821276178463,487.2300449511505,0.0836,,,
2026-03-06 13:00:00+00:00,EXIT,STOP,2,SANDUSDT,B,0.8836821276178463,487.2300449511505,0.08217415310658331,477.48544405212755,-0.019999999999999907,20.0
2026-03-06 13:00:00+00:00,ENTRY,FREE_SLEEVE,2,SOLUSDT,B,0.889968683147776,477.48544405212755,86.47,,,
2026-03-06 15:00:00+00:00,EXIT,STOP,1,PEPEUSDT,B,0.8811762695701776,364.0510829670276,3.381328788117782e-06,356.77006130768706,-0.019999999999999907,22.0
2026-03-06 15:00:00+00:00,EXIT,STOP,2,SOLUSDT,B,0.889968683147776,477.48544405212755,84.99520357806527,467.93573517108496,-0.02000000000000013,2.0
2026-03-06 17:00:00+00:00,ENTRY,FREE_SLEEVE,1,ZECUSDT,A,0.9010783885987801,356.77006130768706,208.39,,,
2026-03-07 13:00:00+00:00,ENTRY,FREE_SLEEVE,2,APEUSDT,C,0.8486850064059669,467.93573517108496,0.0951,,,
2026-03-07 18:00:00+00:00,EXIT,REPLACED_AFTER_24H,1,ZECUSDT,A,0.9010783885987801,356.77006130768706,208.03,355.0868699169151,-0.004717860530680462,25.0
2026-03-07 18:00:00+00:00,ENTRY,FREE_SLEEVE,1,PHAUSDT,A,0.9154245059854149,355.0868699169151,0.0363,,,
2026-03-07 20:00:00+00:00,EXIT,STOP,1,PHAUSDT,A,0.9154245059854149,355.0868699169151,0.035680882269963805,347.98513251857685,-0.019999999999999796,2.0
2026-03-07 23:00:00+00:00,ENTRY,FREE_SLEEVE,1,ZECUSDT,C,0.8456235028596568,347.98513251857685,194.93,,,
2026-03-08 03:00:00+00:00,EXIT,STOP,2,APEUSDT,C,0.8486850064059669,467.93573517108496,0.09347801388081427,458.5770204676632,-0.02000000000000013,14.0
2026-03-08 04:00:00+00:00,ENTRY,FREE_SLEEVE,2,PHAUSDT,B,0.8819924937452992,458.5770204676632,0.0336,,,
2026-03-08 08:00:00+00:00,EXIT,STOP,2,PHAUSDT,B,0.8819924937452992,458.5770204676632,0.0330269323490574,449.40548005830993,-0.020000000000000018,4.0
2026-03-08 09:00:00+00:00,ENTRY,FREE_SLEEVE,2,PHAUSDT,A,0.9277335733479956,449.40548005830993,0.0332,,,
2026-03-08 10:00:00+00:00,EXIT,TARGET,2,PHAUSDT,A,0.9277335733479956,449.40548005830993,0.03429874206172155,462.88764446005933,0.03000000000000025,1.0
2026-03-08 20:00:00+00:00,EXIT,TARGET,1,ZECUSDT,C,0.8456235028596568,347.98513251857685,201.3811382557645,358.4246864941341,0.029999999999999805,21.0
2026-03-08 23:00:00+00:00,ENTRY,FREE_SLEEVE,1,ZENUSDT,C,0.8410665091915751,358.4246864941341,5.16,,,
2026-03-09 06:00:00+00:00,EXIT,TARGET,1,ZENUSDT,C,0.8410665091915751,358.4246864941341,5.330768344532626,369.17742708895815,0.030000000000000027,7.0
2026-03-09 13:00:00+00:00,ENTRY,FREE_SLEEVE,1,AUDIOUSDT,B,0.8794882467415288,369.17742708895815,0.02043,,,
2026-03-10 01:00:00+00:00,ENTRY,FREE_SLEEVE,2,PHAUSDT,A,0.9205472965478867,462.88764446005933,0.0356,,,
2026-03-10 02:00:00+00:00,EXIT,STOP,2,PHAUSDT,A,0.9205472965478867,462.88764446005933,0.034992821179358445,453.6298915708582,-0.019999999999999907,1.0
2026-03-10 07:00:00+00:00,ENTRY,FREE_SLEEVE,2,PHAUSDT,A,0.96338029608784,453.6298915708582,0.0349,,,
2026-03-10 09:00:00+00:00,EXIT,STOP,2,PHAUSDT,A,0.96338029608784,453.6298915708582,0.03430476008875308,444.5572937394411,-0.019999999999999907,2.0
2026-03-10 09:00:00+00:00,ENTRY,FREE_SLEEVE,2,PHAUSDT,A,0.9484170639758683,444.5572937394411,0.0345,,,
2026-03-10 17:00:00+00:00,EXIT,REPLACED_AFTER_24H,1,AUDIOUSDT,B,0.8794882467415288,369.17742708895815,0.02061,371.31447535212084,0.0057886753261535695,28.0
2026-03-10 17:00:00+00:00,ENTRY,FREE_SLEEVE,1,CHZUSDT,A,0.921047897470937,371.31447535212084,0.03927,,,
2026-03-10 19:00:00+00:00,EXIT,STOP,1,CHZUSDT,A,0.921047897470937,371.31447535212084,0.03860022718296084,363.8881858450784,-0.020000000000000018,2.0
2026-03-10 19:00:00+00:00,EXIT,STOP,2,PHAUSDT,A,0.9484170639758683,444.5572937394411,0.033911582322692875,435.66614786465226,-0.020000000000000018,10.0
2026-03-10 23:00:00+00:00,ENTRY,FREE_SLEEVE,1,FILUSDT,B,0.8808465157808067,363.8881858450784,0.86,,,
2026-03-11 01:00:00+00:00,ENTRY,FREE_SLEEVE,2,PHAUSDT,C,0.8413802529883473,435.66614786465226,0.0317,,,
2026-03-11 04:00:00+00:00,EXIT,STOP,2,PHAUSDT,C,0.8413802529883473,435.66614786465226,0.031159337960271417,426.95282490735923,-0.020000000000000018,3.0
2026-03-11 04:00:00+00:00,ENTRY,FREE_SLEEVE,2,CHZUSDT,A,0.9117799528910269,426.95282490735923,0.03775,,,
2026-03-11 10:00:00+00:00,EXIT,TARGET,1,FILUSDT,B,0.8808465157808067,363.8881858450784,0.8884613907554376,374.8048314204308,0.030000000000000027,11.0
2026-03-11 10:00:00+00:00,ENTRY,FREE_SLEEVE,1,CVXUSDT,A,0.9127280390929497,374.8048314204308,2.175,,,
2026-03-11 14:00:00+00:00,EXIT,TARGET,1,CVXUSDT,A,0.9127280390929497,374.8048314204308,2.246980842898926,386.0489763630437,0.030000000000000027,4.0
2026-03-11 19:00:00+00:00,ENTRY,FREE_SLEEVE,1,CRVUSDT,B,0.9103966098230789,386.0489763630437,0.2365,,,
2026-03-12 03:00:00+00:00,EXIT,STOP,1,CRVUSDT,B,0.9103966098230789,386.0489763630437,0.23246635418309752,378.3279968357829,-0.019999999999999796,8.0
2026-03-12 04:00:00+00:00,ENTRY,FREE_SLEEVE,1,ACEUSDT,A,0.9138497928305663,378.3279968357829,0.147,,,
2026-03-12 11:00:00+00:00,EXIT,REPLACED_AFTER_24H,2,CHZUSDT,A,0.9117799528910269,426.95282490735923,0.03822,430.97366630710536,0.009417530849265665,31.0
2026-03-12 11:00:00+00:00,ENTRY,FREE_SLEEVE,2,CVXUSDT,A,0.9482643359546395,430.97366630710536,2.072,,,
2026-03-12 19:00:00+00:00,EXIT,STOP,2,CVXUSDT,A,0.9482643359546395,430.97366630710536,2.036660828191873,422.35419298096326,-0.020000000000000018,8.0
2026-03-12 21:00:00+00:00,ENTRY,FREE_SLEEVE,2,CVXUSDT,B,0.9142358558596579,422.35419298096326,2.014,,,
2026-03-13 01:00:00+00:00,EXIT,TARGET,2,CVXUSDT,B,0.9142358558596579,422.35419298096326,2.080652605792385,435.02481877039213,0.030000000000000027,4.0
2026-03-13 01:00:00+00:00,ENTRY,FREE_SLEEVE,2,BEAMXUSDT,A,0.9710974883313478,435.02481877039213,0.002014,,,
2026-03-13 04:00:00+00:00,EXIT,TARGET,1,ACEUSDT,A,0.9138497928305663,378.3279968357829,0.15186491214075504,389.67783674085643,0.030000000000000027,24.0
2026-03-13 06:00:00+00:00,EXIT,TARGET,2,BEAMXUSDT,A,0.9710974883313478,435.02481877039213,0.0020806526057923855,448.0755633335039,0.030000000000000027,5.0
2026-03-13 16:00:00+00:00,ENTRY,FREE_SLEEVE,1,CVXUSDT,A,0.9122710067935077,389.67783674085643,2.054,,,
2026-03-13 18:00:00+00:00,EXIT,STOP,1,CVXUSDT,A,0.9122710067935077,389.67783674085643,2.0189678287191635,381.88428000603926,-0.02000000000000013,2.0
2026-03-13 21:00:00+00:00,ENTRY,FREE_SLEEVE,1,ARUSDT,B,0.8805274895289353,381.88428000603926,1.84,,,
2026-03-13 23:00:00+00:00,EXIT,STOP,1,ARUSDT,B,0.8805274895289353,381.88428000603926,1.8086177238769532,374.24659440591853,-0.019999999999999907,2.0
2026-03-14 07:00:00+00:00,ENTRY,FREE_SLEEVE,1,ARBUSDT,C,0.8471645224471049,374.24659440591853,0.101,,,
2026-03-14 13:00:00+00:00,ENTRY,FREE_SLEEVE,2,WLDUSDT,C,0.854625674976192,448.0755633335039,0.3491,,,
2026-03-15 03:00:00+00:00,EXIT,TARGET,2,WLDUSDT,C,0.854625674976192,448.0755633335039,0.3606533389682829,461.517830233509,0.030000000000000027,14.0
2026-03-15 05:00:00+00:00,ENTRY,FREE_SLEEVE,2,ARUSDT,A,0.9336683079941405,461.517830233509,1.8,,,
2026-03-15 07:00:00+00:00,EXIT,REPLACED_AFTER_24H,1,ARBUSDT,C,0.8471645224471049,374.24659440591853,0.1014,374.6032616677817,0.0009530274081166468,24.0
2026-03-15 07:00:00+00:00,ENTRY,FREE_SLEEVE,1,BONKUSDT,B,0.9258699373772461,374.6032616677817,5.96e-06,,,
2026-03-15 23:00:00+00:00,EXIT,TARGET,2,ARUSDT,A,0.9336683079941405,461.517830233509,1.8595703527439393,475.36336514051425,0.029999999999999805,18.0
2026-03-16 01:00:00+00:00,EXIT,TARGET,1,BONKUSDT,B,0.9258699373772461,374.6032616677817,6.157244056863265e-06,385.84135951781514,0.030000000000000027,18.0
2026-03-17 11:00:00+00:00,ENTRY,FREE_SLEEVE,1,PEPEUSDT,C,0.8917838599736208,385.84135951781514,3.75e-06,,,
2026-03-17 13:00:00+00:00,EXIT,STOP,1,PEPEUSDT,C,0.8917838599736208,385.84135951781514,3.6860415568144424e-06,378.12453232745884,-0.020000000000000018,2.0
2026-03-17 16:00:00+00:00,ENTRY,FREE_SLEEVE,1,ARUSDT,B,0.9019170138979988,378.12453232745884,1.86,,,
2026-03-18 02:00:00+00:00,ENTRY,FREE_SLEEVE,2,PENDLEUSDT,B,0.8847631427697246,475.36336514051425,1.334,,,
2026-03-18 12:00:00+00:00,EXIT,STOP,1,ARUSDT,B,0.9019170138979988,378.12453232745884,1.8282766121799636,370.56204168090966,-0.020000000000000018,20.0
2026-03-18 12:00:00+00:00,EXIT,STOP,2,PENDLEUSDT,B,0.8847631427697246,475.36336514051425,1.3112478498107911,465.856097837704,-0.019999999999999907,10.0
2026-03-18 18:00:00+00:00,ENTRY,FREE_SLEEVE,1,ZECUSDT,A,0.9156880561044574,370.56204168090966,246.04,,,
2026-03-19 03:00:00+00:00,EXIT,TARGET,1,ZECUSDT,A,0.9156880561044574,370.56204168090966,254.18260532728826,381.678902931337,0.03000000000000025,9.0
2026-03-19 15:00:00+00:00,ENTRY,FREE_SLEEVE,1,CVXUSDT,B,0.8780724524658672,381.678902931337,1.723,,,
2026-03-19 16:00:00+00:00,EXIT,STOP,1,CVXUSDT,B,0.8780724524658672,381.678902931337,1.6936132273043425,374.04532487271024,-0.020000000000000018,1.0
2026-03-19 17:00:00+00:00,ENTRY,FREE_SLEEVE,1,ZECUSDT,B,0.881910834877473,374.04532487271024,231.81,,,
2026-03-19 17:00:00+00:00,ENTRY,FREE_SLEEVE,2,ZENUSDT,B,0.8827633042076842,465.856097837704,5.704,,,
2026-03-19 22:00:00+00:00,EXIT,TARGET,1,ZECUSDT,B,0.881910834877473,374.04532487271024,239.48166859420698,385.26668461889153,0.030000000000000027,5.0
2026-03-20 12:00:00+00:00,ENTRY,FREE_SLEEVE,1,WLDUSDT,A,0.9170215946959477,385.26668461889153,0.3222,,,
2026-03-20 14:00:00+00:00,EXIT,STOP,1,WLDUSDT,A,0.9170215946959477,385.26668461889153,0.31670469056149686,377.56135092651374,-0.019999999999999907,2.0
2026-03-20 15:00:00+00:00,EXIT,STOP,2,ZENUSDT,B,0.8827633042076842,465.856097837704,5.606714944018555,456.53897588095,-0.019999999999999907,22.0
2026-03-21 03:00:00+00:00,ENTRY,FREE_SLEEVE,1,ENJUSDT,A,0.9607508582202448,377.56135092651374,0.02362,,,
2026-03-21 04:00:00+00:00,EXIT,TARGET,1,ENJUSDT,A,0.9607508582202448,377.56135092651374,0.024401695406562132,388.8881914543091,0.029999999999999805,1.0
2026-03-21 08:00:00+00:00,ENTRY,FREE_SLEEVE,1,ALICEUSDT,B,0.8813616985975892,388.8881914543091,0.1181,,,
2026-03-21 09:00:00+00:00,ENTRY,FREE_SLEEVE,2,QNTUSDT,B,0.8842968934955937,456.53897588095,78.1,,,
2026-03-22 00:00:00+00:00,EXIT,STOP,1,ALICEUSDT,B,0.8813616985975892,388.8881914543091,0.11608573542927617,381.11042762522294,-0.019999999999999907,16.0
2026-03-22 00:00:00+00:00,EXIT,STOP,2,QNTUSDT,B,0.8842968934955937,456.53897588095,76.76795882325544,447.40819636333094,-0.020000000000000018,15.0
2026-03-22 07:00:00+00:00,ENTRY,FREE_SLEEVE,1,PHAUSDT,A,0.9086380788318729,381.11042762522294,0.0381,,,
2026-03-22 13:00:00+00:00,EXIT,TARGET,1,PHAUSDT,A,0.9086380788318729,381.11042762522294,0.039360905799746715,392.5437404539797,0.03000000000000025,6.0
2026-03-22 13:00:00+00:00,ENTRY,FREE_SLEEVE,1,APTUSDT,A,0.9213338677296735,392.5437404539797,0.933,,,
2026-03-22 13:00:00+00:00,ENTRY,FREE_SLEEVE,2,FETUSDT,A,0.9367502677033095,447.40819636333094,0.2083,,,
2026-03-22 19:00:00+00:00,EXIT,STOP,1,APTUSDT,A,0.9213338677296735,392.5437404539797,0.9170871393354334,384.6928656449001,-0.020000000000000018,6.0
2026-03-22 22:00:00+00:00,EXIT,STOP,2,FETUSDT,A,0.9367502677033095,447.40819636333094,0.2047473216758529,438.4600324360643,-0.020000000000000018,9.0
2026-03-22 22:00:00+00:00,ENTRY,FREE_SLEEVE,1,FILUSDT,C,0.8546424126649167,384.6928656449001,0.851,,,
2026-03-22 23:00:00+00:00,ENTRY,FREE_SLEEVE,2,ENJUSDT,A,0.9542191354355236,438.4600324360643,0.02089,,,
2026-03-23 03:00:00+00:00,EXIT,TARGET,2,ENJUSDT,A,0.9542191354355236,438.4600324360643,0.021581347038233827,451.61383340914625,0.030000000000000027,4.0
2026-03-23 10:00:00+00:00,ENTRY,FREE_SLEEVE,2,QNTUSDT,A,0.9054125228367298,451.61383340914625,68.65,,,
2026-03-23 12:00:00+00:00,EXIT,TARGET,1,FILUSDT,C,0.8546424126649167,384.6928656449001,0.879163538991718,396.2336516142471,0.030000000000000027,14.0
2026-03-23 12:00:00+00:00,EXIT,TARGET,2,QNTUSDT,A,0.9054125228367298,451.61383340914625,70.92194706437301,465.1622484114206,0.029999999999999805,2.0
2026-03-23 12:00:00+00:00,ENTRY,FREE_SLEEVE,1,APTUSDT,A,0.9095076595706915,396.2336516142471,0.942,,,
2026-03-23 16:00:00+00:00,EXIT,TARGET,1,APTUSDT,A,0.9095076595706915,396.2336516142471,0.9731751512693283,408.1206611626746,0.03000000000000025,4.0
2026-03-24 08:00:00+00:00,ENTRY,FREE_SLEEVE,1,JSTUSDT,B,0.880848488415954,408.1206611626746,0.06159,,,
2026-03-24 10:00:00+00:00,EXIT,STOP,1,JSTUSDT,B,0.880848488415954,408.1206611626746,0.06053954652912041,399.95824793942114,-0.019999999999999907,2.0
2026-03-24 12:00:00+00:00,ENTRY,FREE_SLEEVE,1,ENJUSDT,B,0.8923082083651764,399.95824793942114,0.02075,,,
2026-03-25 00:00:00+00:00,ENTRY,FREE_SLEEVE,2,SUNUSDT,A,0.9178970259344188,465.1622484114206,0.0177,,,
2026-03-25 01:00:00+00:00,EXIT,TARGET,1,ENJUSDT,B,0.8923082083651764,399.95824793942114,0.021436713788575968,411.95699537760385,0.03000000000000025,13.0
2026-03-25 01:00:00+00:00,EXIT,STOP,2,SUNUSDT,A,0.9178970259344188,465.1622484114206,0.01739811614816417,455.85900344319225,-0.019999999999999796,1.0
2026-03-25 11:00:00+00:00,ENTRY,FREE_SLEEVE,1,JSTUSDT,A,0.900260662945545,411.95699537760385,0.0581,,,
2026-03-25 12:00:00+00:00,EXIT,STOP,1,JSTUSDT,A,0.900260662945545,411.95699537760385,0.057109070520245095,403.71785547005175,-0.020000000000000018,1.0
2026-03-26 16:00:00+00:00,ENTRY,FREE_SLEEVE,1,BATUSDT,A,0.9078986062052915,403.71785547005175,0.1015,,,
2026-03-27 05:00:00+00:00,ENTRY,FREE_SLEEVE,2,WLDUSDT,A,0.9426353196205999,455.85900344319225,0.2853,,,
2026-03-27 06:00:00+00:00,EXIT,STOP,1,BATUSDT,A,0.9078986062052915,403.71785547005175,0.09976885813777758,395.64349836065077,-0.019999999999999907,14.0
2026-03-27 08:00:00+00:00,EXIT,STOP,2,WLDUSDT,A,0.9426353196205999,455.85900344319225,0.28043404164244273,446.74182337432836,-0.02000000000000013,3.0
2026-03-27 20:00:00+00:00,ENTRY,FREE_SLEEVE,1,WLDUSDT,A,0.9032417449443255,395.64349836065077,0.2615,,,
2026-03-27 22:00:00+00:00,EXIT,STOP,1,WLDUSDT,A,0.9032417449443255,395.64349836065077,0.25703996456186046,387.73062839343766,-0.02000000000000024,2.0
2026-03-27 22:00:00+00:00,ENTRY,FREE_SLEEVE,1,WLDUSDT,A,0.9055222086528817,387.73062839343766,0.2558,,,
2026-03-27 23:00:00+00:00,ENTRY,FREE_SLEEVE,2,ENJUSDT,A,0.9068729609195092,446.74182337432836,0.02034,,,
2026-03-28 00:00:00+00:00,EXIT,STOP,1,WLDUSDT,A,0.9055222086528817,387.73062839343766,0.2514371813955025,379.97601582556894,-0.019999999999999907,2.0
2026-03-28 00:00:00+00:00,ENTRY,FREE_SLEEVE,1,CRVUSDT,B,0.9101063707890796,379.97601582556894,0.2076,,,
2026-03-28 02:00:00+00:00,EXIT,TARGET,2,ENJUSDT,A,0.9068729609195092,446.74182337432836,0.021013144986006517,460.14407807555824,0.030000000000000027,3.0
2026-03-28 06:00:00+00:00,ENTRY,FREE_SLEEVE,2,ALICEUSDT,A,0.9000562372981975,460.14407807555824,0.1063,,,
2026-03-28 12:00:00+00:00,EXIT,TARGET,1,CRVUSDT,B,0.9101063707890796,379.97601582556894,0.214470447349801,391.375296300336,0.030000000000000027,12.0
2026-03-28 16:00:00+00:00,ENTRY,FREE_SLEEVE,1,JSTUSDT,B,0.9259330605152902,391.375296300336,0.05895,,,
2026-03-29 11:00:00+00:00,EXIT,TARGET,1,JSTUSDT,B,0.9259330605152902,391.375296300336,0.06090092905236401,403.1165551893461,0.030000000000000027,19.0
2026-03-29 13:00:00+00:00,EXIT,STOP,2,ALICEUSDT,A,0.9000562372981975,460.14407807555824,0.10448699133050007,450.9411965140472,-0.019999999999999796,31.0
2026-03-29 18:00:00+00:00,ENTRY,FREE_SLEEVE,1,FETUSDT,A,0.9343997737218189,403.1165551893461,0.2317,,,
2026-03-29 23:00:00+00:00,EXIT,STOP,1,FETUSDT,A,0.9343997737218189,403.1165551893461,0.22774822099037503,395.0542240855592,-0.019999999999999907,5.0
2026-03-30 01:00:00+00:00,ENTRY,FREE_SLEEVE,1,JSTUSDT,A,0.9440348266326478,395.0542240855592,0.0579,,,
2026-03-30 14:00:00+00:00,EXIT,TARGET,1,JSTUSDT,A,0.9440348266326478,395.0542240855592,0.05981617967993005,406.905850808126,0.030000000000000027,13.0
2026-03-31 12:00:00+00:00,ENTRY,FREE_SLEEVE,1,PHAUSDT,A,0.9372766574898419,406.905850808126,0.035,,,
2026-03-31 20:00:00+00:00,ENTRY,FREE_SLEEVE,2,CHZUSDT,A,0.9030652801614553,450.9411965140472,0.04188,,,
2026-04-01 02:00:00+00:00,EXIT,STOP,1,PHAUSDT,A,0.9372766574898419,406.905850808126,0.03440305453026813,398.76773379196345,-0.020000000000000018,14.0
2026-04-01 02:00:00+00:00,EXIT,STOP,2,CHZUSDT,A,0.9030652801614553,450.9411965140472,0.041165712106503695,441.92237258376633,-0.019999999999999796,6.0
2026-04-01 02:00:00+00:00,ENTRY,FREE_SLEEVE,1,PHAUSDT,C,0.8511733031690124,398.76773379196345,0.0342,,,
2026-04-01 05:00:00+00:00,ENTRY,FREE_SLEEVE,2,ZECUSDT,A,0.932147631511601,441.92237258376633,243.69,,,
2026-04-01 08:00:00+00:00,EXIT,STOP,1,PHAUSDT,C,0.8511733031690124,398.76773379196345,0.03361669899814772,390.79237911612415,-0.02000000000000013,6.0
2026-04-01 14:00:00+00:00,EXIT,STOP,2,ZECUSDT,A,0.932147631511601,441.92237258376633,239.53372452802972,433.083925132091,-0.020000000000000018,9.0
2026-04-01 23:00:00+00:00,ENTRY,FREE_SLEEVE,1,AXSUSDT,C,0.8472794028741257,390.79237911612415,1.13,,,
2026-04-02 02:00:00+00:00,EXIT,STOP,1,AXSUSDT,C,0.8472794028741257,390.79237911612415,1.1107271891200854,382.97653153380173,-0.019999999999999796,3.0
2026-04-02 15:00:00+00:00,ENTRY,FREE_SLEEVE,1,MOVRUSDT,A,0.9512010058868545,382.97653153380173,1.213,,,
2026-04-02 16:00:00+00:00,EXIT,STOP,1,MOVRUSDT,A,0.9512010058868545,382.97653153380173,1.1923115755775784,375.3170009031257,-0.020000000000000018,1.0
2026-04-02 18:00:00+00:00,ENTRY,FREE_SLEEVE,1,UNIUSDT,B,0.8895225758255508,375.3170009031257,3.131,,,
2026-04-02 19:00:00+00:00,ENTRY,FREE_SLEEVE,2,ZENUSDT,B,0.904166706976752,433.083925132091,5.02,,,
2026-04-03 06:00:00+00:00,EXIT,TARGET,1,UNIUSDT,B,0.8895225758255508,375.3170009031257,3.234619319134041,386.5765109302195,0.03000000000000025,12.0
2026-04-03 09:00:00+00:00,EXIT,TARGET,2,ZENUSDT,B,0.904166706976752,433.083925132091,5.186135094874764,446.07644288605377,0.030000000000000027,14.0
2026-04-03 13:00:00+00:00,ENTRY,FREE_SLEEVE,1,JSTUSDT,B,0.8921727560979186,386.5765109302195,0.06277,,,
2026-04-03 17:00:00+00:00,EXIT,STOP,1,JSTUSDT,B,0.8921727560979186,386.5765109302195,0.061699420938998016,378.8449807116151,-0.020000000000000018,4.0
2026-04-03 17:00:00+00:00,ENTRY,FREE_SLEEVE,1,JSTUSDT,B,0.8918497032001911,378.8449807116151,0.06171,,,
2026-04-04 02:00:00+00:00,ENTRY,FREE_SLEEVE,2,RAYUSDT,A,0.9172524063011631,446.07644288605377,0.622,,,
2026-04-04 05:00:00+00:00,EXIT,STOP,1,JSTUSDT,B,0.8918497032001911,378.8449807116151,0.060657499858938466,371.2680810973828,-0.02000000000000013,12.0
2026-04-04 05:00:00+00:00,ENTRY,FREE_SLEEVE,1,CHZUSDT,A,0.9009125778464342,371.2680810973828,0.03893,,,
2026-04-05 02:00:00+00:00,EXIT,STOP,2,RAYUSDT,A,0.9172524063011631,446.07644288605377,0.6113914262236222,437.15491402833266,-0.02000000000000013,24.0
2026-04-05 02:00:00+00:00,ENTRY,FREE_SLEEVE,2,ALGOUSDT,B,0.8936148464287076,437.15491402833266,0.1172,,,
2026-04-05 07:00:00+00:00,EXIT,STOP,1,CHZUSDT,A,0.9009125778464342,371.2680810973828,0.03826602608180966,363.8427194754351,-0.020000000000000018,26.0
2026-04-05 09:00:00+00:00,EXIT,STOP,2,ALGOUSDT,B,0.8936148464287076,437.15491402833266,0.1152010854556407,428.411815747766,-0.020000000000000018,7.0
2026-04-05 19:00:00+00:00,ENTRY,FREE_SLEEVE,1,VETUSDT,C,0.8423479595860481,363.8427194754351,0.007311,,,
2026-04-05 21:00:00+00:00,ENTRY,FREE_SLEEVE,2,WLDUSDT,C,0.8403825181376803,428.411815747766,0.2428,,,
2026-04-06 01:00:00+00:00,EXIT,TARGET,2,WLDUSDT,C,0.8403825181376803,428.411815747766,0.2508353786923491,441.264170220199,0.030000000000000027,4.0
2026-04-06 22:00:00+00:00,ENTRY,FREE_SLEEVE,2,QNTUSDT,C,0.8695115835642541,441.264170220199,73.8,,,
2026-04-06 23:00:00+00:00,EXIT,STOP,1,VETUSDT,C,0.8423479595860481,363.8427194754351,0.007186306619165437,356.5658650859263,-0.02000000000000024,28.0
2026-04-07 01:00:00+00:00,ENTRY,FREE_SLEEVE,1,ALGOUSDT,A,0.9015757621177121,356.5658650859263,0.1165,,,
2026-04-07 03:00:00+00:00,EXIT,STOP,1,ALGOUSDT,A,0.9015757621177121,356.5658650859263,0.11451302436503535,349.4345477842078,-0.020000000000000018,2.0
2026-04-07 05:00:00+00:00,EXIT,STOP,2,QNTUSDT,C,0.8695115835642541,441.264170220199,72.54129783810822,432.438886815795,-0.020000000000000018,7.0
2026-04-07 05:00:00+00:00,ENTRY,FREE_SLEEVE,1,ALGOUSDT,A,0.9389197993650822,349.4345477842078,0.1131,,,
2026-04-07 05:00:00+00:00,ENTRY,FREE_SLEEVE,2,ETCUSDT,C,0.8433336115774018,432.438886815795,8.24,,,
2026-04-07 19:00:00+00:00,EXIT,STOP,1,ALGOUSDT,A,0.9389197993650822,349.4345477842078,0.11117101335352358,342.4458568285236,-0.02000000000000013,14.0
2026-04-07 20:00:00+00:00,ENTRY,FREE_SLEEVE,1,JSTUSDT,B,0.9015749800410708,342.4458568285236,0.06276,,,
2026-04-07 22:00:00+00:00,EXIT,TARGET,2,ETCUSDT,C,0.8433336115774018,432.438886815795,8.512699837005588,445.4120534202689,0.030000000000000027,17.0
2026-04-08 05:00:00+00:00,EXIT,TARGET,1,JSTUSDT,B,0.9015749800410708,342.4458568285236,0.06483701963233869,352.71923253337934,0.03000000000000025,9.0
2026-04-08 18:00:00+00:00,ENTRY,FREE_SLEEVE,1,ALICEUSDT,B,0.9004168725073577,352.71923253337934,0.1176,,,
2026-04-08 19:00:00+00:00,EXIT,STOP,1,ALICEUSDT,B,0.9004168725073577,352.71923253337934,0.11559426322170092,345.66484788271174,-0.020000000000000018,1.0
2026-04-09 04:00:00+00:00,ENTRY,FREE_SLEEVE,1,ALGOUSDT,B,0.8889642542080698,345.66484788271174,0.1104,,,
2026-04-09 04:00:00+00:00,ENTRY,FREE_SLEEVE,2,FETUSDT,A,0.9406754036853383,445.4120534202689,0.234,,,
2026-04-09 10:00:00+00:00,EXIT,TARGET,2,FETUSDT,A,0.9406754036853383,445.4120534202689,0.2417441458567121,458.774415022877,0.03000000000000025,6.0
2026-04-09 11:00:00+00:00,ENTRY,FREE_SLEEVE,2,ZECUSDT,B,0.8966869092161331,458.774415022877,314.8,,,
2026-04-09 14:00:00+00:00,EXIT,STOP,2,ZECUSDT,B,0.8966869092161331,458.774415022877,309.4309018893831,449.5989267224195,-0.019999999999999907,3.0
2026-04-09 14:00:00+00:00,ENTRY,FREE_SLEEVE,2,ZECUSDT,B,0.8890623479697195,449.5989267224195,310.15,,,
2026-04-09 15:00:00+00:00,EXIT,TARGET,1,ALGOUSDT,B,0.8889642542080698,345.66484788271174,0.11405364830162827,356.0347933191931,0.030000000000000027,11.0
2026-04-09 16:00:00+00:00,EXIT,TARGET,2,ZECUSDT,B,0.8890623479697195,449.5989267224195,320.4143027241849,463.0868945240921,0.030000000000000027,2.0
2026-04-10 03:00:00+00:00,ENTRY,FREE_SLEEVE,1,NMRUSDT,C,0.8459224350571941,356.0347933191931,8.08,,,
2026-04-10 10:00:00+00:00,ENTRY,FREE_SLEEVE,2,ALGOUSDT,A,0.9229758026169811,463.0868945240921,0.1094,,,
2026-04-10 15:00:00+00:00,EXIT,TARGET,1,NMRUSDT,C,0.8459224350571941,356.0347933191931,8.347404694539462,366.71583711876895,0.030000000000000027,12.0
2026-04-10 17:00:00+00:00,EXIT,TARGET,2,ALGOUSDT,A,0.9229758026169811,463.0868945240921,0.11302055366121497,476.97950135981495,0.03000000000000025,7.0
2026-04-10 17:00:00+00:00,ENTRY,FREE_SLEEVE,1,JSTUSDT,C,0.8863804202205265,366.71583711876895,0.06828,,,
2026-04-10 20:00:00+00:00,EXIT,STOP,1,JSTUSDT,C,0.8863804202205265,366.71583711876895,0.06711544466647737,359.38152037639355,-0.020000000000000018,3.0
2026-04-11 00:00:00+00:00,ENTRY,FREE_SLEEVE,1,ENJUSDT,A,0.9528700247558803,359.38152037639355,0.02833,,,
2026-04-11 01:00:00+00:00,EXIT,STOP,1,ENJUSDT,A,0.9528700247558803,359.38152037639355,0.027846815281214177,352.1938899688657,-0.020000000000000018,1.0
2026-04-11 02:00:00+00:00,ENTRY,FREE_SLEEVE,1,ALGOUSDT,B,0.8883293644935335,352.1938899688657,0.1089,,,
2026-04-11 07:00:00+00:00,EXIT,STOP,1,ALGOUSDT,B,0.8883293644935335,352.1938899688657,0.10704264680989141,345.1500121694883,-0.02000000000000013,5.0
2026-04-11 13:00:00+00:00,ENTRY,FREE_SLEEVE,1,ARUSDT,C,0.8395593023481079,345.1500121694883,1.72,,,
2026-04-11 13:00:00+00:00,ENTRY,FREE_SLEEVE,2,GALAUSDT,B,0.9020217659066851,476.97950135981495,0.00299,,,
2026-04-11 14:00:00+00:00,EXIT,STOP,1,ARUSDT,C,0.8395593023481079,345.1500121694883,1.690664394058891,338.2470119260986,-0.019999999999999907,1.0
2026-04-11 14:00:00+00:00,ENTRY,FREE_SLEEVE,1,BONKUSDT,B,0.9001630101901161,338.2470119260986,5.84e-06,,,
2026-04-11 20:00:00+00:00,EXIT,TARGET,1,BONKUSDT,B,0.9001630101901161,338.2470119260986,6.0332727000136685e-06,348.3944222838816,0.03000000000000025,6.0
2026-04-11 20:00:00+00:00,EXIT,TARGET,2,GALAUSDT,B,0.9020217659066851,476.97950135981495,0.0030889529748357658,491.28888640060944,0.030000000000000027,7.0
2026-04-13 05:00:00+00:00,ENTRY,FREE_SLEEVE,1,PHAUSDT,A,0.9175388758242636,348.3944222838816,0.0388,,,
2026-04-13 11:00:00+00:00,ENTRY,FREE_SLEEVE,2,FETUSDT,B,0.893916776934807,491.28888640060944,0.2269,,,
2026-04-13 12:00:00+00:00,EXIT,TARGET,1,PHAUSDT,A,0.9175388758242636,348.3944222838816,0.04008407204803602,358.8462549523981,0.030000000000000027,7.0
2026-04-13 18:00:00+00:00,EXIT,TARGET,2,FETUSDT,B,0.893916776934807,491.28888640060944,0.23440917390977767,506.0275529926277,0.030000000000000027,7.0
2026-04-13 19:00:00+00:00,ENTRY,FREE_SLEEVE,1,DASHUSDT,A,0.962384021201934,358.8462549523981,40.04,,,
2026-04-13 20:00:00+00:00,ENTRY,FREE_SLEEVE,2,NMRUSDT,A,0.9175830324932895,506.0275529926277,8.48,,,
2026-04-13 23:00:00+00:00,EXIT,TARGET,1,DASHUSDT,A,0.962384021201934,358.8462549523981,41.36510940214851,369.61164260097,0.029999999999999805,4.0
2026-04-14 12:00:00+00:00,ENTRY,FREE_SLEEVE,1,PHAUSDT,B,0.8848427092579936,369.61164260097,0.0387,,,
2026-04-14 13:00:00+00:00,EXIT,STOP,1,PHAUSDT,B,0.8848427092579936,369.61164260097,0.03803994886632505,362.2194097489507,-0.019999999999999796,1.0
2026-04-14 16:00:00+00:00,ENTRY,FREE_SLEEVE,1,FETUSDT,B,0.8781434847374466,362.2194097489507,0.2292,,,
2026-04-14 20:00:00+00:00,EXIT,REPLACED_AFTER_24H,2,NMRUSDT,A,0.9175830324932895,506.0275529926277,8.52,506.8915171849873,0.0017073461459760075,24.0
2026-04-14 20:00:00+00:00,ENTRY,FREE_SLEEVE,2,WLDUSDT,A,0.9055265347868244,506.8915171849873,0.2958,,,
2026-04-15 06:00:00+00:00,EXIT,STOP,1,FETUSDT,B,0.8781434847374466,362.2194097489507,0.22529085995249873,354.97502155397166,-0.020000000000000018,14.0
2026-04-15 15:00:00+00:00,ENTRY,FREE_SLEEVE,1,JSTUSDT,A,0.9317133959414615,354.97502155397166,0.07329,,,
2026-04-15 16:00:00+00:00,EXIT,STOP,1,JSTUSDT,A,0.9317133959414615,354.97502155397166,0.07203999618638146,347.87552112289217,-0.02000000000000013,1.0
2026-04-15 18:00:00+00:00,ENTRY,FREE_SLEEVE,1,JSTUSDT,A,0.9326262360923435,347.87552112289217,0.06966,,,
2026-04-15 19:00:00+00:00,EXIT,STOP,1,JSTUSDT,A,0.9326262360923435,347.87552112289217,0.06847190795938508,340.9180107004343,-0.020000000000000018,1.0
2026-04-15 21:00:00+00:00,ENTRY,FREE_SLEEVE,1,ZECUSDT,B,0.89501644107463,340.9180107004343,347.56,,,
2026-04-15 22:00:00+00:00,EXIT,TARGET,2,WLDUSDT,A,0.9055265347868244,506.8915171849873,0.30558939463425405,522.098262700537,0.03000000000000025,26.0
2026-04-15 22:00:00+00:00,ENTRY,FREE_SLEEVE,2,JSTUSDT,A,0.9291801965512204,522.098262700537,0.06771,,,
2026-04-16 00:00:00+00:00,EXIT,STOP,2,JSTUSDT,A,0.9291801965512204,522.098262700537,0.06655516634984159,511.65629744652625,-0.020000000000000018,2.0
2026-04-16 00:00:00+00:00,ENTRY,FREE_SLEEVE,2,JSTUSDT,A,0.9594449424626246,511.65629744652625,0.06586,,,
2026-04-16 01:00:00+00:00,EXIT,TARGET,2,JSTUSDT,A,0.9594449424626246,511.65629744652625,0.0680396130176199,527.005986369922,0.029999999999999805,1.0
2026-04-16 02:00:00+00:00,EXIT,STOP,1,ZECUSDT,B,0.89501644107463,340.9180107004343,341.632160929714,334.0996504864257,-0.019999999999999796,5.0
2026-04-16 02:00:00+00:00,ENTRY,FREE_SLEEVE,1,JSTUSDT,C,0.8890142970947987,334.0996504864257,0.06534,,,
2026-04-16 03:00:00+00:00,EXIT,STOP,1,JSTUSDT,C,0.8890142970947987,334.0996504864257,0.06422558808593486,327.41765747669723,-0.019999999999999796,1.0
2026-04-16 03:00:00+00:00,ENTRY,FREE_SLEEVE,1,ZECUSDT,A,0.9523831397553185,327.41765747669723,338.78,,,
2026-04-16 08:00:00+00:00,ENTRY,FREE_SLEEVE,2,JSTUSDT,C,0.8411252687484253,527.005986369922,0.0594,,,
2026-04-16 09:00:00+00:00,EXIT,STOP,2,JSTUSDT,C,0.8411252687484253,527.005986369922,0.05838689825994077,516.4658666425236,-0.019999999999999907,1.0
2026-04-16 12:00:00+00:00,ENTRY,FREE_SLEEVE,2,JSTUSDT,A,0.9323324972932483,516.4658666425236,0.05851,,,
2026-04-16 14:00:00+00:00,EXIT,TARGET,2,JSTUSDT,A,0.9323324972932483,516.4658666425236,0.06044636741058216,531.9598426417994,0.03000000000000025,2.0
2026-04-16 15:00:00+00:00,ENTRY,FREE_SLEEVE,2,DASHUSDT,C,0.8670037096864754,531.9598426417994,36.69,,,
2026-04-16 17:00:00+00:00,EXIT,STOP,1,ZECUSDT,A,0.9523831397553185,327.41765747669723,333.00190896469246,320.8693043271633,-0.019999999999999907,14.0
2026-04-16 19:00:00+00:00,EXIT,TARGET,2,DASHUSDT,C,0.8670037096864754,531.9598426417994,37.90424235676395,547.9186379210533,0.030000000000000027,4.0
2026-04-16 21:00:00+00:00,ENTRY,FREE_SLEEVE,1,DASHUSDT,C,0.8531102296345787,320.8693043271633,36.84,,,
2026-04-17 04:00:00+00:00,ENTRY,FREE_SLEEVE,2,CHZUSDT,B,0.8871643949102989,547.9186379210533,0.04135,,,
2026-04-17 06:00:00+00:00,EXIT,STOP,2,CHZUSDT,B,0.8871643949102989,547.9186379210533,0.040644751566473916,536.9602651626323,-0.020000000000000018,2.0
2026-04-17 08:00:00+00:00,ENTRY,FREE_SLEEVE,2,PEOPLEUSDT,A,0.9006054742706716,536.9602651626323,0.00811,,,
2026-04-17 14:00:00+00:00,EXIT,TARGET,1,DASHUSDT,C,0.8531102296345787,320.8693043271633,38.059206552825955,330.4953834569782,0.029999999999999805,17.0
2026-04-17 14:00:00+00:00,EXIT,TARGET,2,PEOPLEUSDT,A,0.9006054742706716,536.9602651626323,0.00837839753375186,553.0690731175112,0.029999999999999805,6.0
2026-04-17 22:00:00+00:00,ENTRY,FREE_SLEEVE,1,WLDUSDT,C,0.8499751235994817,330.4953834569782,0.2841,,,
2026-04-17 23:00:00+00:00,EXIT,STOP,1,WLDUSDT,C,0.8499751235994817,330.4953834569782,0.27925450834426224,323.8854757878387,-0.019999999999999796,1.0
2026-04-18 00:00:00+00:00,ENTRY,FREE_SLEEVE,1,FILUSDT,C,0.8536620116289234,323.8854757878387,0.982,,,
2026-04-18 02:00:00+00:00,ENTRY,FREE_SLEEVE,2,FETUSDT,C,0.8715201968923402,553.0690731175112,0.2283,,,
2026-04-18 10:00:00+00:00,EXIT,STOP,1,FILUSDT,C,0.8536620116289234,323.8854757878387,0.9652514156778086,317.4077662720819,-0.020000000000000018,10.0
2026-04-18 11:00:00+00:00,EXIT,STOP,2,FETUSDT,C,0.8715201968923402,553.0690731175112,0.22440620997886326,542.0076916551609,-0.020000000000000018,9.0
2026-04-18 11:00:00+00:00,ENTRY,FREE_SLEEVE,1,AAVEUSDT,B,0.903618329135534,317.4077662720819,111.79,,,
2026-04-18 17:00:00+00:00,ENTRY,FREE_SLEEVE,2,FETUSDT,A,0.9017810478998761,542.0076916551609,0.2208,,,
2026-04-18 19:00:00+00:00,EXIT,STOP,1,AAVEUSDT,B,0.903618329135534,317.4077662720819,109.88335616967642,311.0596109466403,-0.019999999999999907,8.0
2026-04-18 19:00:00+00:00,EXIT,STOP,2,FETUSDT,A,0.9017810478998761,542.0076916551609,0.21703412686523438,531.1675378220577,-0.019999999999999907,2.0
2026-04-18 19:00:00+00:00,ENTRY,FREE_SLEEVE,1,DASHUSDT,B,0.8838832373783553,311.0596109466403,34.3,,,
2026-04-18 19:00:00+00:00,ENTRY,FREE_SLEEVE,2,LDOUSDT,B,0.8919151039411344,531.1675378220577,0.3941,,,
2026-04-19 01:00:00+00:00,EXIT,STOP,2,LDOUSDT,B,0.8919151039411344,531.1675378220577,0.38737839401081914,520.5441870656165,-0.02000000000000024,6.0
2026-04-19 01:00:00+00:00,ENTRY,FREE_SLEEVE,2,LDOUSDT,A,0.921848542464582,520.5441870656165,0.3794,,,
2026-04-19 02:00:00+00:00,EXIT,STOP,2,LDOUSDT,A,0.921848542464582,520.5441870656165,0.37292911110810656,510.13330332430417,-0.020000000000000018,1.0
2026-04-19 02:00:00+00:00,ENTRY,FREE_SLEEVE,2,ACEUSDT,C,0.8494246078245618,510.13330332430417,0.122,,,
2026-04-19 03:00:00+00:00,EXIT,STOP,1,DASHUSDT,B,0.8838832373783553,311.0596109466403,33.71499343966277,304.8384187277075,-0.020000000000000018,8.0
2026-04-19 03:00:00+00:00,EXIT,STOP,2,ACEUSDT,C,0.8494246078245618,510.13330332430417,0.11991921864836319,499.93063725781803,-0.02000000000000013,1.0
2026-04-19 03:00:00+00:00,ENTRY,FREE_SLEEVE,1,JSTUSDT,B,0.8886930556748437,304.8384187277075,0.06748,,,
2026-04-19 04:00:00+00:00,ENTRY,FREE_SLEEVE,2,PENDLEUSDT,A,0.904695760253358,499.93063725781803,1.329,,,
2026-04-19 06:00:00+00:00,EXIT,STOP,2,PENDLEUSDT,A,0.904695760253358,499.93063725781803,1.3063331277350383,489.93202451266166,-0.020000000000000018,2.0
2026-04-19 06:00:00+00:00,ENTRY,FREE_SLEEVE,2,AAVEUSDT,C,0.8696449257063085,489.93202451266166,93.02,,,
2026-04-19 07:00:00+00:00,EXIT,TARGET,1,JSTUSDT,B,0.8886930556748437,304.8384187277075,0.06971322633508946,313.9835712895388,0.03000000000000025,4.0
2026-04-19 07:00:00+00:00,EXIT,STOP,2,AAVEUSDT,C,0.8696449257063085,489.93202451266166,91.43348949730118,480.1333840224084,-0.020000000000000018,1.0
2026-04-19 07:00:00+00:00,ENTRY,FREE_SLEEVE,1,QIUSDT,A,0.9021880981687382,313.9835712895388,0.00151,,,
2026-04-19 08:00:00+00:00,EXIT,STOP,1,QIUSDT,A,0.9021880981687382,313.9835712895388,0.0014842460668772822,307.70389986374806,-0.019999999999999907,1.0
2026-04-19 09:00:00+00:00,ENTRY,FREE_SLEEVE,1,AAVEUSDT,C,0.8672124334241184,307.70389986374806,91.38,,,
2026-04-19 11:00:00+00:00,ENTRY,FREE_SLEEVE,2,PEPEUSDT,B,0.8977952997656884,480.1333840224084,3.71e-06,,,
2026-04-19 13:00:00+00:00,EXIT,STOP,1,AAVEUSDT,C,0.8672124334241184,307.70389986374806,89.82146065645433,301.54982186647317,-0.019999999999999796,4.0
2026-04-19 15:00:00+00:00,EXIT,TARGET,2,PEPEUSDT,B,0.8977952997656884,480.1333840224084,3.832781115933341e-06,494.5373855430806,0.029999999999999805,4.0
2026-04-19 15:00:00+00:00,ENTRY,FREE_SLEEVE,1,QIUSDT,A,0.9317455238451233,301.54982186647317,0.00144,,,
2026-04-19 17:00:00+00:00,EXIT,TARGET,1,QIUSDT,A,0.9317455238451233,301.54982186647317,0.0014876562821951513,310.59631652246736,0.030000000000000027,2.0
2026-04-20 02:00:00+00:00,ENTRY,FREE_SLEEVE,1,API3USDT,A,0.9429850792346738,310.59631652246736,0.3178,,,
2026-04-20 06:00:00+00:00,ENTRY,FREE_SLEEVE,2,PHAUSDT,C,0.8442373116240449,494.5373855430806,0.0295,,,
2026-04-20 09:00:00+00:00,EXIT,STOP,1,API3USDT,A,0.9429850792346738,310.59631652246736,0.31237973513483464,304.3843901920181,-0.019999999999999796,7.0
2026-04-20 13:00:00+00:00,EXIT,TARGET,2,PHAUSDT,C,0.8442373116240449,494.5373855430806,0.030476291892192336,509.3735071093731,0.03000000000000025,7.0
2026-04-20 16:00:00+00:00,ENTRY,FREE_SLEEVE,1,AAVEUSDT,A,0.9570602384195107,304.3843901920181,87.23,,,
2026-04-20 16:00:00+00:00,ENTRY,FREE_SLEEVE,2,LDOUSDT,A,0.9477766715127317,509.3735071093731,0.3548,,,
2026-04-20 17:00:00+00:00,EXIT,STOP,2,LDOUSDT,A,0.9477766715127317,509.3735071093731,0.3487486784954038,499.1860369671857,-0.019999999999999907,1.0
2026-04-20 18:00:00+00:00,ENTRY,FREE_SLEEVE,2,ALICEUSDT,A,0.9398573237994708,499.1860369671857,0.1608,,,
2026-04-20 19:00:00+00:00,EXIT,TARGET,1,AAVEUSDT,A,0.9570602384195107,304.3843901920181,90.11684548325212,313.51592189777864,0.030000000000000027,3.0
2026-04-21 00:00:00+00:00,ENTRY,FREE_SLEEVE,1,MEMEUSDT,B,0.9006490467171671,313.51592189777864,0.000578,,,
2026-04-21 04:00:00+00:00,EXIT,TARGET,2,ALICEUSDT,A,0.9398573237994708,499.1860369671857,0.16612161817845855,514.1616180762013,0.030000000000000027,10.0
2026-04-21 07:00:00+00:00,ENTRY,FREE_SLEEVE,2,ENJUSDT,A,0.9145078277986991,514.1616180762013,0.06057,,,
2026-04-21 14:00:00+00:00,EXIT,STOP,2,ENJUSDT,A,0.9145078277986991,514.1616180762013,0.059536943225666876,503.8783857146773,-0.020000000000000018,7.0
2026-04-21 16:00:00+00:00,ENTRY,FREE_SLEEVE,2,ENJUSDT,B,0.9015199921500051,503.8783857146773,0.0591,,,
2026-04-21 17:00:00+00:00,EXIT,STOP,2,ENJUSDT,B,0.9015199921500051,503.8783857146773,0.05809201493539562,493.8008180003838,-0.019999999999999907,1.0
2026-04-21 18:00:00+00:00,EXIT,STOP,1,MEMEUSDT,B,0.9006490467171671,313.51592189777864,0.0005681418719569993,307.24560345982303,-0.02000000000000013,18.0
2026-04-21 18:00:00+00:00,ENTRY,FREE_SLEEVE,1,GALAUSDT,C,0.8512853437386206,307.24560345982303,0.00317,,,
2026-04-22 01:00:00+00:00,ENTRY,FREE_SLEEVE,2,ALICEUSDT,A,0.9028685100767193,493.8008180003838,0.1491,,,
2026-04-22 04:00:00+00:00,EXIT,TARGET,2,ALICEUSDT,A,0.9028685100767193,493.8008180003838,0.15403441088562297,508.61484254039533,0.030000000000000027,3.0
2026-04-22 05:00:00+00:00,EXIT,TARGET,1,GALAUSDT,C,0.8512853437386206,307.24560345982303,0.0032749100101101595,316.46297156361777,0.03000000000000025,11.0
2026-04-22 06:00:00+00:00,ENTRY,FREE_SLEEVE,1,JSTUSDT,A,0.9012768374556407,316.46297156361777,0.07986,,,
2026-04-22 10:00:00+00:00,ENTRY,FREE_SLEEVE,2,MOVRUSDT,A,0.9261134139975387,508.61484254039533,1.743,,,
2026-04-22 11:00:00+00:00,EXIT,TARGET,1,JSTUSDT,A,0.9012768374556407,316.46297156361777,0.0825029379834061,325.95686071052637,0.03000000000000025,5.0
2026-04-22 12:00:00+00:00,EXIT,STOP,2,MOVRUSDT,A,0.9261134139975387,508.61484254039533,1.713272115607353,498.4425456895874,-0.020000000000000018,2.0
2026-04-22 14:00:00+00:00,ENTRY,FREE_SLEEVE,1,MOVRUSDT,A,0.9073574771629828,325.95686071052637,1.707,,,
2026-04-22 16:00:00+00:00,ENTRY,FREE_SLEEVE,2,CHZUSDT,A,0.9058671225638194,498.4425456895874,0.04609,,,
2026-04-22 21:00:00+00:00,EXIT,TARGET,2,CHZUSDT,A,0.9058671225638194,498.4425456895874,0.04761533197664898,513.395822060275,0.030000000000000027,5.0
2026-04-22 23:00:00+00:00,EXIT,STOP,1,MOVRUSDT,A,0.9073574771629828,325.95686071052637,1.6778861166619343,319.43772349631587,-0.019999999999999907,9.0
2026-04-22 23:00:00+00:00,ENTRY,FREE_SLEEVE,1,API3USDT,C,0.8624320695636601,319.43772349631587,0.3102,,,
2026-04-22 23:00:00+00:00,ENTRY,FREE_SLEEVE,2,TRBUSDT,C,0.8432343126007666,513.395822060275,18.56,,,
2026-04-23 00:00:00+00:00,EXIT,STOP,2,TRBUSDT,C,0.8432343126007666,513.395822060275,18.243448345193613,503.12790561906945,-0.02000000000000013,1.0
2026-04-23 00:00:00+00:00,ENTRY,FREE_SLEEVE,2,TIAUSDT,C,0.8419505310629715,503.12790561906945,0.366,,,
2026-04-23 01:00:00+00:00,EXIT,STOP,1,API3USDT,C,0.8624320695636601,319.43772349631587,0.3049093575796907,313.0489690263896,-0.019999999999999796,2.0
2026-04-23 03:00:00+00:00,EXIT,STOP,2,TIAUSDT,C,0.8419505310629715,503.12790561906945,0.35975765594508957,493.06534750668806,-0.020000000000000018,3.0
2026-04-23 03:00:00+00:00,ENTRY,FREE_SLEEVE,1,API3USDT,C,0.8564254256819902,313.0489690263896,0.3029,,,
2026-04-23 03:00:00+00:00,ENTRY,FREE_SLEEVE,2,TIAUSDT,C,0.8473525572757011,493.06534750668806,0.3576,,,
2026-04-23 10:00:00+00:00,EXIT,STOP,1,API3USDT,C,0.8564254256819902,313.0489690263896,0.2977338633490919,306.78798964586184,-0.019999999999999907,7.0
2026-04-23 16:00:00+00:00,ENTRY,FREE_SLEEVE,1,JSTUSDT,B,0.8777651593803713,306.78798964586184,0.081,,,
2026-04-23 18:00:00+00:00,EXIT,TARGET,1,JSTUSDT,B,0.8777651593803713,306.78798964586184,0.08368066587347728,315.99162933523775,0.03000000000000025,2.0
2026-04-23 21:00:00+00:00,ENTRY,FREE_SLEEVE,1,JSTUSDT,B,0.8791299576068345,315.99162933523775,0.08153,,,
2026-04-24 01:00:00+00:00,EXIT,STOP,1,JSTUSDT,B,0.8791299576068345,315.99162933523775,0.08013945816722175,309.671796748533,-0.020000000000000018,4.0
2026-04-24 06:00:00+00:00,ENTRY,FREE_SLEEVE,1,NMRUSDT,B,0.8921658098955938,309.671796748533,9.11,,,
2026-04-24 12:00:00+00:00,EXIT,REPLACED_AFTER_24H,2,TIAUSDT,C,0.8473525572757011,493.06534750668806,0.3622,497.9119316860926,0.009829496645652691,33.0
2026-04-24 12:00:00+00:00,ENTRY,FREE_SLEEVE,2,AIUSDT,A,0.9340515561954335,497.9119316860926,0.019,,,
2026-04-24 13:00:00+00:00,EXIT,STOP,2,AIUSDT,A,0.9340515561954335,497.9119316860926,0.01867594388785984,487.9536930523708,-0.019999999999999907,1.0
2026-04-24 16:00:00+00:00,ENTRY,FREE_SLEEVE,2,AUDIOUSDT,A,0.9480789304587933,487.9536930523708,0.02142,,,
2026-04-24 19:00:00+00:00,EXIT,STOP,1,NMRUSDT,B,0.8921658098955938,309.671796748533,8.954623622021218,303.47836081356235,-0.019999999999999907,13.0
2026-04-25 01:00:00+00:00,ENTRY,FREE_SLEEVE,1,JSTUSDT,A,0.9360304168235631,303.47836081356235,0.07825,,,
2026-04-25 03:00:00+00:00,EXIT,STOP,1,JSTUSDT,A,0.9360304168235631,303.47836081356235,0.07691540048552803,297.4087935972911,-0.020000000000000018,2.0
2026-04-25 05:00:00+00:00,ENTRY,FREE_SLEEVE,1,AIUSDT,C,0.8428253620915107,297.4087935972911,0.0195,,,
2026-04-25 14:00:00+00:00,EXIT,STOP,2,AUDIOUSDT,A,0.9480789304587933,487.9536930523708,0.021054669372524096,478.1946191913234,-0.020000000000000018,22.0
2026-04-25 16:00:00+00:00,EXIT,STOP,1,AIUSDT,C,0.8428253620915107,297.4087935972911,0.0191674160954351,291.46061772534534,-0.019999999999999796,11.0
2026-04-25 19:00:00+00:00,ENTRY,FREE_SLEEVE,1,AUDIOUSDT,A,0.9393296903929845,291.46061772534534,0.02016,,,
2026-04-25 19:00:00+00:00,ENTRY,FREE_SLEEVE,2,DASHUSDT,C,0.8461948658271274,478.1946191913234,35.83,,,
2026-04-25 21:00:00+00:00,EXIT,TARGET,1,AUDIOUSDT,A,0.9393296903929845,291.46061772534534,0.02082718795073212,300.2044362571057,0.030000000000000027,2.0
2026-04-26 00:00:00+00:00,ENTRY,FREE_SLEEVE,1,GTCUSDT,A,0.9253466094504513,300.2044362571057,0.095,,,
2026-04-26 01:00:00+00:00,EXIT,STOP,1,GTCUSDT,A,0.9253466094504513,300.2044362571057,0.0933797194392992,294.2003475319636,-0.02000000000000013,1.0
2026-04-26 02:00:00+00:00,ENTRY,FREE_SLEEVE,1,GTCUSDT,A,0.9177308869899942,294.2003475319636,0.093,,,
2026-04-26 11:00:00+00:00,EXIT,STOP,1,GTCUSDT,A,0.9177308869899942,294.2003475319636,0.09141383060899817,288.31634058132437,-0.019999999999999796,9.0
2026-04-26 11:00:00+00:00,ENTRY,FREE_SLEEVE,1,ZECUSDT,A,0.9376779560949853,288.31634058132437,353.37,,,
2026-04-26 15:00:00+00:00,EXIT,TARGET,2,DASHUSDT,C,0.8461948658271274,478.1946191913234,37.01578096600852,492.5404577670632,0.03000000000000025,20.0
2026-04-26 15:00:00+00:00,ENTRY,FREE_SLEEVE,2,APEUSDT,A,0.9151599002870642,492.5404577670632,0.1496,,,
2026-04-26 17:00:00+00:00,EXIT,STOP,2,APEUSDT,A,0.9151599002870642,492.5404577670632,0.14704848450651747,482.6896486117219,-0.020000000000000018,2.0
2026-04-26 20:00:00+00:00,ENTRY,FREE_SLEEVE,2,ATOMUSDT,A,0.9040940927701104,482.6896486117219,2.004,,,
2026-04-27 06:00:00+00:00,EXIT,STOP,2,ATOMUSDT,A,0.9040940927701104,482.6896486117219,1.9698206079616378,473.0358556394875,-0.019999999999999907,10.0
2026-04-27 09:00:00+00:00,ENTRY,FREE_SLEEVE,2,ALICEUSDT,A,0.9296510062424773,473.0358556394875,0.1479,,,
2026-04-27 14:00:00+00:00,EXIT,REPLACED_AFTER_24H,1,ZECUSDT,A,0.9376779560949853,288.31634058132437,356.16,289.7222434550107,0.004876251102700735,27.0
2026-04-27 14:00:00+00:00,ENTRY,FREE_SLEEVE,1,AIUSDT,A,0.9177194955926031,289.7222434550107,0.0179,,,
2026-04-27 16:00:00+00:00,EXIT,STOP,2,ALICEUSDT,A,0.9296510062424773,473.0358556394875,0.14537747900076164,463.57513852669786,-0.019999999999999796,7.0
2026-04-28 03:00:00+00:00,EXIT,STOP,1,AIUSDT,A,0.9177194955926031,289.7222434550107,0.017594705031194275,283.9277985859105,-0.019999999999999907,13.0
2026-04-28 04:00:00+00:00,ENTRY,FREE_SLEEVE,1,AIUSDT,C,0.8591812702790329,283.9277985859105,0.0174,,,
2026-04-28 05:00:00+00:00,EXIT,STOP,1,AIUSDT,C,0.8591812702790329,283.9277985859105,0.017103232823619016,278.2492426141923,-0.019999999999999907,1.0
2026-04-28 05:00:00+00:00,ENTRY,FREE_SLEEVE,1,ZECUSDT,A,0.9127686840217963,278.2492426141923,339.87,,,
2026-04-28 06:00:00+00:00,ENTRY,FREE_SLEEVE,2,ENJUSDT,A,0.9039061692345499,463.57513852669786,0.05842,,,
2026-04-28 09:00:00+00:00,EXIT,STOP,1,ZECUSDT,A,0.9127686840217963,278.2492426141923,334.07331837720653,272.68425776190844,-0.02000000000000013,4.0
2026-04-28 11:00:00+00:00,ENTRY,FREE_SLEEVE,1,CHZUSDT,A,0.9003279771735015,272.68425776190844,0.0471,,,
2026-04-28 12:00:00+00:00,EXIT,STOP,1,CHZUSDT,A,0.9003279771735015,272.68425776190844,0.0462966819535894,267.2305726066703,-0.019999999999999907,1.0
2026-04-28 17:00:00+00:00,EXIT,STOP,2,ENJUSDT,A,0.9039061692345499,463.57513852669786,0.05742361273309326,454.30363575616394,-0.019999999999999907,11.0
2026-04-28 18:00:00+00:00,ENTRY,FREE_SLEEVE,1,ALGOUSDT,B,0.9004531297084489,267.2305726066703,0.1113,,,
2026-04-28 18:00:00+00:00,ENTRY,FREE_SLEEVE,2,CHZUSDT,A,0.9095952208489418,454.30363575616394,0.04544,,,
2026-04-29 04:00:00+00:00,EXIT,TARGET,2,CHZUSDT,A,0.9095952208489418,454.30363575616394,0.046943820460380335,467.9327448288489,0.030000000000000027,10.0
2026-04-29 10:00:00+00:00,ENTRY,FREE_SLEEVE,2,APEUSDT,A,0.958207129620595,467.9327448288489,0.1502,,,
2026-04-29 12:00:00+00:00,EXIT,STOP,2,APEUSDT,A,0.958207129620595,467.9327448288489,0.14763825115560783,458.574089932272,-0.019999999999999907,2.0
2026-04-29 19:00:00+00:00,EXIT,STOP,1,ALGOUSDT,B,0.9004531297084489,267.2305726066703,0.10940171340625264,261.88596115453686,-0.02000000000000013,25.0
2026-04-30 01:00:00+00:00,ENTRY,FREE_SLEEVE,1,ENJUSDT,A,0.9432690482646444,261.88596115453686,0.05574,,,
2026-04-30 04:00:00+00:00,ENTRY,FREE_SLEEVE,2,CHZUSDT,A,0.9292786190615496,458.574089932272,0.04098,,,
2026-04-30 05:00:00+00:00,EXIT,STOP,2,CHZUSDT,A,0.9292786190615496,458.574089932272,0.04028106213286824,449.4026081336266,-0.019999999999999907,1.0
2026-04-30 12:00:00+00:00,EXIT,STOP,1,ENJUSDT,A,0.9432690482646444,261.88596115453686,0.05478932170048987,256.64824193144614,-0.019999999999999907,11.0
2026-04-30 12:00:00+00:00,ENTRY,FREE_SLEEVE,1,ENJUSDT,A,0.9477310340239334,256.64824193144614,0.05467,,,
2026-04-30 14:00:00+00:00,ENTRY,FREE_SLEEVE,2,AXSUSDT,A,0.91127537013172,449.4026081336266,1.349,,,
2026-05-01 00:00:00+00:00,EXIT,TARGET,1,ENJUSDT,A,0.9477310340239334,256.64824193144614,0.05647928399139509,264.34768918938954,0.030000000000000027,12.0
2026-05-01 04:00:00+00:00,EXIT,TARGET,2,AXSUSDT,A,0.91127537013172,449.4026081336266,1.393644669917541,462.88468637763543,0.030000000000000027,14.0
2026-05-01 14:00:00+00:00,ENTRY,FREE_SLEEVE,1,JSTUSDT,C,0.8498377113310516,264.34768918938954,0.08385,,,
2026-05-01 16:00:00+00:00,EXIT,STOP,1,JSTUSDT,C,0.8498377113310516,264.34768918938954,0.08241988921037094,259.06073540560175,-0.020000000000000018,2.0
2026-05-01 16:00:00+00:00,ENTRY,FREE_SLEEVE,1,AXSUSDT,A,0.932682977312218,259.06073540560175,1.38,,,
2026-05-01 16:00:00+00:00,ENTRY,FREE_SLEEVE,2,JSTUSDT,A,0.9021865155942977,462.88468637763543,0.08272,,,
2026-05-01 18:00:00+00:00,EXIT,TARGET,2,JSTUSDT,A,0.9021865155942977,462.88468637763543,0.08545758865498815,476.77122696896464,0.03000000000000025,2.0
2026-05-02 01:00:00+00:00,EXIT,TARGET,1,AXSUSDT,A,0.932682977312218,259.06073540560175,1.4256706037703533,266.83255746776985,0.03000000000000025,9.0
2026-05-02 16:00:00+00:00,ENTRY,FREE_SLEEVE,1,QIUSDT,A,0.934607636572275,266.83255746776985,0.00178,,,
2026-05-02 21:00:00+00:00,EXIT,TARGET,1,QIUSDT,A,0.934607636572275,266.83255746776985,0.001838908459935673,274.83753419180294,0.030000000000000027,5.0
2026-05-02 22:00:00+00:00,ENTRY,FREE_SLEEVE,1,MOVRUSDT,A,0.9049812100713053,274.83753419180294,2.524,,,
2026-05-03 01:00:00+00:00,ENTRY,FREE_SLEEVE,2,ENJUSDT,B,0.9225466875558509,476.77122696896464,0.05405,,,
2026-05-03 02:00:00+00:00,EXIT,STOP,2,ENJUSDT,B,0.9225466875558509,476.77122696896464,0.05312814563888551,467.2358024295855,-0.019999999999999685,1.0
2026-05-03 03:00:00+00:00,ENTRY,FREE_SLEEVE,2,APEUSDT,A,0.9257867354632233,467.2358024295855,0.1727,,,
2026-05-03 04:00:00+00:00,EXIT,TARGET,1,MOVRUSDT,A,0.9049812100713053,274.83753419180294,2.607530872403168,283.082660217557,0.030000000000000027,6.0
2026-05-03 04:00:00+00:00,ENTRY,FREE_SLEEVE,1,ENJUSDT,A,0.9290765471297904,283.082660217557,0.05204,,,
2026-05-03 18:00:00+00:00,EXIT,STOP,2,APEUSDT,A,0.9257867354632233,467.2358024295855,0.16975450049649446,457.89108638099384,-0.019999999999999796,15.0
2026-05-03 19:00:00+00:00,EXIT,TARGET,1,ENJUSDT,A,0.9290765471297904,283.082660217557,0.053762245087108106,291.5751400240838,0.03000000000000025,15.0
2026-05-03 19:00:00+00:00,ENTRY,FREE_SLEEVE,1,APEUSDT,A,0.9010545564145457,291.5751400240838,0.1686,,,
2026-05-03 22:00:00+00:00,EXIT,STOP,1,APEUSDT,A,0.9010545564145457,291.5751400240838,0.16572442839437732,285.7436372236021,-0.02000000000000013,3.0
2026-05-04 01:00:00+00:00,ENTRY,FREE_SLEEVE,1,RAYUSDT,A,0.9013600139423072,285.7436372236021,0.803,,,
2026-05-04 09:00:00+00:00,ENTRY,FREE_SLEEVE,2,JSTUSDT,A,0.9037732139062,457.89108638099384,0.08234,,,
2026-05-04 11:00:00+00:00,EXIT,STOP,1,RAYUSDT,A,0.9013600139423072,285.7436372236021,0.789304365365866,280.02876447913,-0.02000000000000013,10.0
2026-05-04 14:00:00+00:00,EXIT,STOP,2,JSTUSDT,A,0.9037732139062,457.89108638099384,0.08093564314349365,448.733264653374,-0.019999999999999907,5.0
2026-05-04 17:00:00+00:00,ENTRY,FREE_SLEEVE,1,APEUSDT,A,0.9226011916839754,280.02876447913,0.1645,,,
2026-05-04 18:00:00+00:00,ENTRY,FREE_SLEEVE,2,MOVRUSDT,A,0.9140330448084638,448.733264653374,2.384,,,
2026-05-04 20:00:00+00:00,EXIT,STOP,2,MOVRUSDT,A,0.9140330448084638,448.733264653374,2.343339485718835,439.75859936030656,-0.019999999999999907,2.0
2026-05-04 20:00:00+00:00,ENTRY,FREE_SLEEVE,2,MOVRUSDT,A,0.9079657090181251,439.75859936030656,2.34,,,
2026-05-04 21:00:00+00:00,EXIT,STOP,2,MOVRUSDT,A,0.9079657090181251,439.75859936030656,2.3000899314522116,430.96342737310044,-0.020000000000000018,1.0
2026-05-04 23:00:00+00:00,EXIT,STOP,1,APEUSDT,A,0.9226011916839754,280.02876447913,0.16169435629226023,274.4281891895474,-0.020000000000000018,6.0
2026-05-04 23:00:00+00:00,ENTRY,FREE_SLEEVE,1,MOVRUSDT,B,0.8939997874983714,274.4281891895474,2.252,,,
2026-05-05 01:00:00+00:00,ENTRY,FREE_SLEEVE,2,API3USDT,A,0.8995696422953806,430.96342737310044,0.3639,,,
2026-05-05 04:00:00+00:00,EXIT,STOP,1,MOVRUSDT,B,0.8939997874983714,274.4281891895474,2.2135908229189662,268.9396254057565,-0.019999999999999907,5.0
2026-05-05 04:00:00+00:00,ENTRY,FREE_SLEEVE,1,MOVRUSDT,A,0.9514041231205644,268.9396254057565,2.204,,,
2026-05-05 09:00:00+00:00,EXIT,STOP,1,MOVRUSDT,A,0.9514041231205644,268.9396254057565,2.1664094909917417,263.5608328976414,-0.019999999999999907,5.0
2026-05-05 09:00:00+00:00,ENTRY,FREE_SLEEVE,1,MOVRUSDT,A,0.9121039500304602,263.5608328976414,2.178,,,
2026-05-05 16:00:00+00:00,EXIT,STOP,1,MOVRUSDT,A,0.9121039500304602,263.5608328976414,2.140852936197828,258.2896162396885,-0.02000000000000024,7.0
2026-05-05 16:00:00+00:00,ENTRY,FREE_SLEEVE,1,MOVRUSDT,A,0.9205682583186561,258.2896162396885,2.138,,,
2026-05-05 17:00:00+00:00,EXIT,STOP,1,MOVRUSDT,A,0.9205682583186561,258.2896162396885,2.101535159591807,253.1238239148947,-0.020000000000000018,1.0
2026-05-05 22:00:00+00:00,EXIT,TARGET,2,API3USDT,A,0.8995696422953806,430.96342737310044,0.37594313964639975,443.89233019429344,0.030000000000000027,21.0
2026-05-05 22:00:00+00:00,ENTRY,FREE_SLEEVE,1,ENJUSDT,A,0.9046502477590711,253.1238239148947,0.04931,,,
2026-05-06 04:00:00+00:00,ENTRY,FREE_SLEEVE,2,JSTUSDT,B,0.9104131885025016,443.89233019429344,0.0841,,,
2026-05-06 16:00:00+00:00,EXIT,TARGET,1,ENJUSDT,A,0.9046502477590711,253.1238239148947,0.05094189671877981,260.71753863234153,0.030000000000000027,18.0
2026-05-06 16:00:00+00:00,EXIT,STOP,2,JSTUSDT,B,0.9104131885025016,443.89233019429344,0.08266562531415857,435.01448359040756,-0.020000000000000018,12.0
2026-05-06 23:00:00+00:00,ENTRY,FREE_SLEEVE,1,JSTUSDT,C,0.86739285514689,260.71753863234153,0.07925,,,
2026-05-07 00:00:00+00:00,EXIT,STOP,1,JSTUSDT,C,0.86739285514689,260.71753863234153,0.07789834490067857,255.50318785969475,-0.019999999999999796,1.0
2026-05-07 00:00:00+00:00,ENTRY,FREE_SLEEVE,1,ZENUSDT,A,0.9227383619714221,255.50318785969475,7.326,,,
2026-05-07 02:00:00+00:00,EXIT,STOP,1,ZENUSDT,A,0.9227383619714221,255.50318785969475,7.201050785392695,250.39312410250088,-0.019999999999999907,2.0
2026-05-07 02:00:00+00:00,ENTRY,FREE_SLEEVE,1,APEUSDT,B,0.894928244648704,250.39312410250088,0.1562,,,
2026-05-07 03:00:00+00:00,EXIT,STOP,1,APEUSDT,B,0.894928244648704,250.39312410250088,0.15353591764651095,245.3852616204509,-0.019999999999999796,1.0
2026-05-07 03:00:00+00:00,ENTRY,FREE_SLEEVE,1,DASHUSDT,A,0.9283375322193657,245.3852616204509,50.62,,,
2026-05-07 03:00:00+00:00,ENTRY,FREE_SLEEVE,2,ZENUSDT,A,0.9004290044311265,435.01448359040756,7.13,,,
2026-05-07 06:00:00+00:00,EXIT,TARGET,1,DASHUSDT,A,0.9283375322193657,245.3852616204509,52.29525069772122,252.74681946906443,0.030000000000000027,3.0
2026-05-07 15:00:00+00:00,EXIT,STOP,2,ZENUSDT,A,0.9004290044311265,435.01448359040756,7.008393680023194,426.3141939185994,-0.020000000000000018,12.0
2026-05-07 17:00:00+00:00,ENTRY,FREE_SLEEVE,1,STXUSDT,A,0.9175688431002188,252.74681946906443,0.2477,,,
2026-05-08 01:00:00+00:00,EXIT,TARGET,1,STXUSDT,A,0.9175688431002188,252.74681946906443,0.25589754243037427,260.3292240531364,0.030000000000000027,8.0
2026-05-08 05:00:00+00:00,ENTRY,FREE_SLEEVE,1,DASHUSDT,A,0.9175967301986092,260.3292240531364,49.11,,,
2026-05-08 12:00:00+00:00,EXIT,TARGET,1,DASHUSDT,A,0.9175967301986092,260.3292240531364,50.73527779069715,268.1391007747305,0.030000000000000027,7.0
2026-05-08 19:00:00+00:00,ENTRY,FREE_SLEEVE,1,DASHUSDT,A,0.9187130969096227,268.1391007747305,49.01,,,
2026-05-08 20:00:00+00:00,EXIT,STOP,1,DASHUSDT,A,0.9187130969096227,268.1391007747305,48.17410578652689,262.7763187592359,-0.019999999999999907,1.0
2026-05-08 20:00:00+00:00,ENTRY,FREE_SLEEVE,1,JSTUSDT,B,0.8928828217106292,262.7763187592359,0.08302,,,
2026-05-09 06:00:00+00:00,ENTRY,FREE_SLEEVE,2,MOVRUSDT,A,0.915565937029841,426.3141939185994,2.626,,,
2026-05-09 08:00:00+00:00,EXIT,TARGET,2,MOVRUSDT,A,0.915565937029841,426.3141939185994,2.7129065257253244,439.10361973615744,0.030000000000000027,2.0
2026-05-09 11:00:00+00:00,ENTRY,FREE_SLEEVE,2,ARUSDT,A,0.9229316751373722,439.10361973615744,2.52,,,
2026-05-09 14:00:00+00:00,EXIT,STOP,2,ARUSDT,A,0.9229316751373722,439.10361973615744,2.4770199261793056,430.3215473414344,-0.019999999999999796,3.0
2026-05-09 14:00:00+00:00,ENTRY,FREE_SLEEVE,2,ARUSDT,A,0.9121552829124676,430.3215473414344,2.46,,,
2026-05-09 23:00:00+00:00,EXIT,TARGET,2,ARUSDT,A,0.9121552829124676,430.3215473414344,2.5414128154167175,443.2311937616775,0.03000000000000025,9.0
2026-05-10 01:00:00+00:00,ENTRY,FREE_SLEEVE,2,APTUSDT,C,0.8502541371539751,443.2311937616775,1.091,,,
2026-05-10 01:00:00+00:00,EXIT,REPLACED_AFTER_24H,1,JSTUSDT,B,0.8928828217106292,262.7763187592359,0.08373,264.2297432063204,0.0055310328341122705,29.0
2026-05-10 01:00:00+00:00,ENTRY,FREE_SLEEVE,1,INJUSDT,C,0.8448211567869015,264.2297432063204,4.171,,,
2026-05-10 07:00:00+00:00,EXIT,STOP,1,INJUSDT,C,0.8448211567869015,264.2297432063204,4.099861155592811,258.945148342194,-0.020000000000000018,6.0
2026-05-10 07:00:00+00:00,ENTRY,FREE_SLEEVE,1,OPUSDT,A,0.9130118487991808,258.945148342194,0.161,,,
2026-05-10 17:00:00+00:00,EXIT,TARGET,2,APTUSDT,C,0.8502541371539751,443.2311937616775,1.1271062526909097,456.52812957452795,0.03000000000000025,16.0
2026-05-10 17:00:00+00:00,ENTRY,FREE_SLEEVE,2,ZECUSDT,A,0.9385033691865716,456.52812957452795,588.22,,,
2026-05-10 21:00:00+00:00,EXIT,STOP,1,OPUSDT,A,0.9130118487991808,258.945148342194,0.1582540508392334,253.76624537535008,-0.02000000000000013,14.0
2026-05-10 21:00:00+00:00,EXIT,STOP,2,ZECUSDT,A,0.9385033691865716,456.52812957452795,578.1875638798376,447.39756698303734,-0.02000000000000013,4.0
2026-05-11 07:00:00+00:00,ENTRY,FREE_SLEEVE,1,UNIUSDT,B,0.8836904193052627,253.76624537535008,3.896,,,
2026-05-11 07:00:00+00:00,ENTRY,FREE_SLEEVE,2,ZECUSDT,A,0.9087760566166984,447.39756698303734,570.15,,,
2026-05-11 14:00:00+00:00,EXIT,STOP,2,ZECUSDT,A,0.9087760566166984,447.39756698303734,560.4257582980679,438.44961564337655,-0.02000000000000013,7.0
2026-05-11 15:00:00+00:00,EXIT,STOP,1,UNIUSDT,B,0.8836904193052627,253.76624537535008,3.829551441426418,248.6909204678431,-0.019999999999999907,8.0
2026-05-11 15:00:00+00:00,ENTRY,FREE_SLEEVE,1,ZECUSDT,A,0.9165978734400536,248.6909204678431,551.99,,,
2026-05-11 22:00:00+00:00,ENTRY,FREE_SLEEVE,2,ARUSDT,A,0.9039627096470865,438.44961564337655,2.38,,,
2026-05-12 02:00:00+00:00,EXIT,STOP,2,ARUSDT,A,0.9039627096470865,438.44961564337655,2.3394077080582325,429.680623330509,-0.02000000000000013,4.0
2026-05-12 11:00:00+00:00,EXIT,STOP,1,ZECUSDT,A,0.9165978734400536,248.6909204678431,542.5754877189345,243.71710205848626,-0.019999999999999907,20.0
2026-05-12 18:00:00+00:00,ENTRY,FREE_SLEEVE,1,GTCUSDT,A,0.9021093104064566,243.71710205848626,0.134,,,
2026-05-12 20:00:00+00:00,EXIT,TARGET,1,GTCUSDT,A,0.9021093104064566,243.71710205848626,0.13843468181538215,251.0286151202409,0.03000000000000025,2.0
2026-05-12 22:00:00+00:00,ENTRY,FREE_SLEEVE,1,MOVRUSDT,A,0.9074448423792992,251.0286151202409,2.64,,,
2026-05-13 04:00:00+00:00,EXIT,TARGET,1,MOVRUSDT,A,0.9074448423792992,251.0286151202409,2.727369850691111,258.5594735738481,0.030000000000000027,6.0
2026-05-13 04:00:00+00:00,ENTRY,FREE_SLEEVE,1,AIUSDT,A,0.9357949010361588,258.5594735738481,0.0236,,,
2026-05-13 09:00:00+00:00,EXIT,STOP,1,AIUSDT,A,0.9357949010361588,258.5594735738481,0.023197488197552223,253.38828410237113,-0.020000000000000018,5.0
2026-05-13 09:00:00+00:00,ENTRY,FREE_SLEEVE,1,AIUSDT,A,0.9479032360316344,253.38828410237113,0.0233,,,
2026-05-13 10:00:00+00:00,ENTRY,FREE_SLEEVE,2,GTCUSDT,A,0.9104311909595153,429.680623330509,0.124,,,
2026-05-13 11:00:00+00:00,EXIT,STOP,2,GTCUSDT,A,0.9104311909595153,429.680623330509,0.12188510747866423,421.0870108638988,-0.020000000000000018,1.0
2026-05-13 12:00:00+00:00,EXIT,STOP,1,AIUSDT,A,0.9479032360316344,253.38828410237113,0.02290260487300707,248.32051842032374,-0.019999999999999907,3.0
2026-05-13 22:00:00+00:00,ENTRY,FREE_SLEEVE,1,ZECUSDT,A,0.8998032073355496,248.32051842032374,521.22,,,
2026-05-13 23:00:00+00:00,ENTRY,FREE_SLEEVE,2,TIAUSDT,A,0.9583201628613487,421.0870108638988,0.451,,,
2026-05-14 06:00:00+00:00,EXIT,TARGET,2,TIAUSDT,A,0.9583201628613487,421.0870108638988,0.4659256828263981,433.71962118981577,0.030000000000000027,7.0
2026-05-14 10:00:00+00:00,ENTRY,FREE_SLEEVE,2,ICPUSDT,A,0.9206758060642523,433.71962118981577,2.943,,,
2026-05-14 14:00:00+00:00,EXIT,STOP,2,ICPUSDT,A,0.9206758060642523,433.71962118981577,2.892805413787974,425.0452287660194,-0.02000000000000013,4.0
2026-05-14 14:00:00+00:00,ENTRY,FREE_SLEEVE,2,ICPUSDT,A,0.9322441844883937,425.0452287660194,2.883,,,
2026-05-14 15:00:00+00:00,EXIT,TARGET,1,ZECUSDT,A,0.8998032073355496,248.32051842032374,538.4695884762199,255.77013397293345,0.030000000000000027,17.0
2026-05-14 15:00:00+00:00,ENTRY,FREE_SLEEVE,1,GTCUSDT,A,0.95966157500243,255.77013397293345,0.115,,,
2026-05-14 16:00:00+00:00,EXIT,STOP,1,GTCUSDT,A,0.95966157500243,255.77013397293345,0.11303860774230957,250.6547312934748,-0.019999999999999907,1.0
2026-05-14 20:00:00+00:00,EXIT,STOP,2,ICPUSDT,A,0.9322441844883937,425.0452287660194,2.8338287488789433,416.54432419069894,-0.02000000000000024,6.0
2026-05-15 08:00:00+00:00,ENTRY,FREE_SLEEVE,1,ICPUSDT,A,0.9622113377325402,250.6547312934748,2.719,,,
2026-05-15 09:00:00+00:00,ENTRY,FREE_SLEEVE,2,MOVRUSDT,C,0.8528558580757203,416.54432419069894,2.415,,,
2026-05-15 10:00:00+00:00,EXIT,STOP,1,ICPUSDT,A,0.9622113377325402,250.6547312934748,2.6726258647942585,245.6416366676053,-0.020000000000000018,2.0
2026-05-15 10:00:00+00:00,ENTRY,FREE_SLEEVE,1,CRVUSDT,C,0.8613341396970744,245.6416366676053,0.2602,,,
2026-05-15 14:00:00+00:00,EXIT,STOP,1,CRVUSDT,C,0.8613341396970744,245.6416366676053,0.25576213682216475,240.7288039342532,-0.020000000000000018,4.0
2026-05-15 14:00:00+00:00,EXIT,STOP,2,MOVRUSDT,C,0.8528558580757203,416.54432419069894,2.373810762588501,408.2134377068849,-0.02000000000000013,5.0
2026-05-15 15:00:00+00:00,ENTRY,FREE_SLEEVE,1,SUIUSDT,A,0.9265451550128908,240.7288039342532,1.0875,,,
2026-05-16 01:00:00+00:00,ENTRY,FREE_SLEEVE,2,RUNEUSDT,A,0.9223184349675658,408.2134377068849,0.487,,,
2026-05-16 03:00:00+00:00,EXIT,STOP,2,RUNEUSDT,A,0.9223184349675658,408.2134377068849,0.47869393017830225,400.0491689527472,-0.020000000000000018,2.0
2026-05-16 03:00:00+00:00,ENTRY,FREE_SLEEVE,2,ZECUSDT,C,0.8524834899472798,400.0491689527472,510.06,,,
2026-05-16 05:00:00+00:00,EXIT,STOP,2,ZECUSDT,C,0.8524834899472798,400.0491689527472,501.36062839167323,392.04818557369225,-0.020000000000000018,2.0
2026-05-16 07:00:00+00:00,EXIT,STOP,1,SUIUSDT,A,0.9265451550128908,240.7288039342532,1.068952051476188,235.9142278555681,-0.02000000000000013,16.0
2026-05-16 11:00:00+00:00,ENTRY,FREE_SLEEVE,1,MOVRUSDT,C,0.8620022381608294,235.9142278555681,2.226,,,
2026-05-16 11:00:00+00:00,ENTRY,FREE_SLEEVE,2,PENDLEUSDT,B,0.8792132778557585,392.04818557369225,1.844,,,
2026-05-16 14:00:00+00:00,EXIT,STOP,2,PENDLEUSDT,B,0.8792132778557585,392.04818557369225,1.8125495015375555,384.20722186221843,-0.019999999999999907,3.0
2026-05-16 14:00:00+00:00,ENTRY,FREE_SLEEVE,2,RUNEUSDT,C,0.8472792209659402,384.20722186221843,0.415,,,
2026-05-16 15:00:00+00:00,EXIT,TARGET,2,RUNEUSDT,C,0.8472792209659402,384.20722186221843,0.4287342757715193,395.73343851808505,0.03000000000000025,1.0
2026-05-17 03:00:00+00:00,EXIT,TARGET,1,MOVRUSDT,C,0.8620022381608294,235.9142278555681,2.299668669560005,242.9916546912352,0.03000000000000025,16.0
2026-05-17 19:00:00+00:00,ENTRY,FREE_SLEEVE,1,NMRUSDT,A,0.9163446767388925,242.9916546912352,9.55,,,
2026-05-17 22:00:00+00:00,EXIT,TARGET,1,NMRUSDT,A,0.9163446767388925,242.9916546912352,9.866053815947012,250.28140433197228,0.030000000000000027,3.0
2026-05-18 14:00:00+00:00,ENTRY,FREE_SLEEVE,1,PENDLEUSDT,A,0.9502337079355153,250.28140433197228,1.763,,,
2026-05-18 16:00:00+00:00,ENTRY,FREE_SLEEVE,2,NMRUSDT,A,0.9047526821718902,395.73343851808505,9.32,,,
2026-05-18 19:00:00+00:00,EXIT,STOP,1,PENDLEUSDT,A,0.9502337079355153,250.28140433197228,1.7329310039103631,245.27577624533282,-0.020000000000000018,5.0
2026-05-19 14:00:00+00:00,ENTRY,FREE_SLEEVE,1,AIUSDT,A,0.9209611312443655,245.27577624533282,0.0289,,,
2026-05-19 16:00:00+00:00,EXIT,STOP,2,NMRUSDT,A,0.9047526821718902,395.73343851808505,9.161041949202827,387.8187697477233,-0.02000000000000013,24.0
2026-05-19 17:00:00+00:00,ENTRY,FREE_SLEEVE,2,CHZUSDT,A,0.9136013104241273,387.8187697477233,0.04714,,,
2026-05-19 19:00:00+00:00,EXIT,STOP,1,AIUSDT,A,0.9209611312443655,245.27577624533282,0.02840709359784997,240.37026072042616,-0.020000000000000018,5.0
2026-05-20 01:00:00+00:00,ENTRY,FREE_SLEEVE,1,SUIUSDT,A,0.9044786153683652,240.37026072042616,1.0352,,,
2026-05-20 04:00:00+00:00,EXIT,STOP,2,CHZUSDT,A,0.9136013104241273,387.8187697477233,0.04633599973019542,380.0623943527688,-0.020000000000000018,11.0
2026-05-20 04:00:00+00:00,ENTRY,FREE_SLEEVE,2,CHZUSDT,A,0.9261282457537432,380.0623943527688,0.04639,,,
2026-05-20 12:00:00+00:00,EXIT,STOP,2,CHZUSDT,A,0.9261282457537432,380.0623943527688,0.04559879141883253,372.46114646571345,-0.020000000000000018,8.0
2026-05-20 12:00:00+00:00,ENTRY,FREE_SLEEVE,2,CHZUSDT,C,0.8553713766926759,372.46114646571345,0.04533,,,
2026-05-20 14:00:00+00:00,EXIT,STOP,2,CHZUSDT,C,0.8553713766926759,372.46114646571345,0.04455687033877299,365.01192353639914,-0.02000000000000013,2.0
2026-05-20 15:00:00+00:00,EXIT,TARGET,1,SUIUSDT,A,0.9044786153683652,240.37026072042616,1.069459571755848,247.58136854203897,0.030000000000000027,14.0
2026-05-21 06:00:00+00:00,ENTRY,FREE_SLEEVE,1,CHZUSDT,A,0.8994838366424871,247.58136854203897,0.04443,,,
2026-05-21 09:00:00+00:00,EXIT,STOP,1,CHZUSDT,A,0.8994838366424871,247.58136854203897,0.043672220365137515,242.6297411711982,-0.020000000000000018,3.0
2026-05-21 09:00:00+00:00,ENTRY,FREE_SLEEVE,1,PENDLEUSDT,A,0.907030485422453,242.6297411711982,1.848,,,
2026-05-21 11:00:00+00:00,EXIT,STOP,1,PENDLEUSDT,A,0.907030485422453,242.6297411711982,1.8164812791981573,237.77714634777422,-0.020000000000000018,2.0
2026-05-22 02:00:00+00:00,ENTRY,FREE_SLEEVE,1,ALGOUSDT,A,0.9189651065373621,237.77714634777422,0.1133,,,
2026-05-22 07:00:00+00:00,ENTRY,FREE_SLEEVE,2,AIUSDT,A,0.914494967977761,365.01192353639914,0.0278,,,
2026-05-22 08:00:00+00:00,EXIT,STOP,2,AIUSDT,A,0.914494967977761,365.01192353639914,0.027325854741184395,357.71168506567113,-0.020000000000000018,1.0
2026-05-22 09:00:00+00:00,ENTRY,FREE_SLEEVE,2,AIUSDT,A,0.945609971581199,357.71168506567113,0.0275,,,
2026-05-22 10:00:00+00:00,EXIT,TARGET,1,ALGOUSDT,A,0.9189651065373621,237.77714634777422,0.11704962275882685,244.9104607382075,0.03000000000000025,8.0
2026-05-22 10:00:00+00:00,ENTRY,FREE_SLEEVE,1,DASHUSDT,B,0.8778757491482612,244.9104607382075,45.65,,,
2026-05-22 15:00:00+00:00,EXIT,STOP,1,DASHUSDT,B,0.8778757491482612,244.9104607382075,44.87141255162115,240.01225152344335,-0.019999999999999907,5.0
2026-05-22 20:00:00+00:00,EXIT,TARGET,2,AIUSDT,A,0.945609971581199,357.71168506567113,0.02841010261136574,368.44303561764127,0.030000000000000027,11.0
2026-05-22 21:00:00+00:00,ENTRY,FREE_SLEEVE,1,ZECUSDT,A,0.9282229785518012,240.01225152344335,597.11,,,
2026-05-23 00:00:00+00:00,EXIT,STOP,1,ZECUSDT,A,0.9282229785518012,240.01225152344335,586.9259397305258,235.2120064929745,-0.019999999999999907,3.0
2026-05-23 06:00:00+00:00,ENTRY,FREE_SLEEVE,1,MOVRUSDT,C,0.8653732014766099,235.2120064929745,2.086,,,
2026-05-23 07:00:00+00:00,ENTRY,FREE_SLEEVE,2,NEARUSDT,A,0.9117871660275336,368.44303561764127,2.06,,,
2026-05-23 08:00:00+00:00,EXIT,STOP,1,MOVRUSDT,C,0.8653732014766099,235.2120064929745,2.0504220500039803,230.50776636311502,-0.019999999999999907,2.0
2026-05-23 08:00:00+00:00,EXIT,STOP,2,NEARUSDT,A,0.9117871660275336,368.44303561764127,2.0248654952100673,361.07417490528843,-0.020000000000000018,1.0
2026-05-24 12:00:00+00:00,ENTRY,FREE_SLEEVE,1,ARBUSDT,B,0.8843386751647498,230.50776636311502,0.1065,,,
2026-05-24 12:00:00+00:00,ENTRY,FREE_SLEEVE,2,PENDLEUSDT,B,0.901962408955839,361.07417490528843,1.836,,,
2026-05-24 15:00:00+00:00,EXIT,STOP,2,PENDLEUSDT,B,0.901962408955839,361.07417490528843,1.8046859462163514,353.85269140718265,-0.020000000000000018,3.0
2026-05-24 22:00:00+00:00,EXIT,STOP,1,ARBUSDT,B,0.8843386751647498,230.50776636311502,0.10468358021353016,225.89761103585272,-0.020000000000000018,10.0
2026-05-25 03:00:00+00:00,ENTRY,FREE_SLEEVE,1,PHAUSDT,A,0.8996829142076888,225.89761103585272,0.0366,,,
2026-05-25 08:00:00+00:00,EXIT,TARGET,1,PHAUSDT,A,0.8996829142076888,225.89761103585272,0.037811263839126766,232.6745393669283,0.030000000000000027,5.0
2026-05-26 04:00:00+00:00,ENTRY,FREE_SLEEVE,1,ZECUSDT,A,0.9274428333536379,232.6745393669283,618.81,,,
2026-05-26 05:00:00+00:00,ENTRY,FREE_SLEEVE,2,QNTUSDT,B,0.915708234581174,353.85269140718265,78.84,,,
2026-05-26 09:00:00+00:00,EXIT,STOP,2,QNTUSDT,B,0.915708234581174,353.85269140718265,77.49533769046684,346.77563757903897,-0.020000000000000018,4.0
2026-05-26 10:00:00+00:00,EXIT,STOP,1,ZECUSDT,A,0.9274428333536379,232.6745393669283,608.255833539292,228.02104857958977,-0.019999999999999796,6.0
2026-05-26 13:00:00+00:00,ENTRY,FREE_SLEEVE,1,QNTUSDT,B,0.9009267146913951,228.02104857958977,76.96,,,
2026-05-26 16:00:00+00:00,EXIT,STOP,1,QNTUSDT,B,0.9009267146913951,228.02104857958977,75.64740218998385,223.46062760799796,-0.020000000000000018,3.0
2026-05-26 23:00:00+00:00,ENTRY,FREE_SLEEVE,1,ZECUSDT,B,0.8852259211977485,223.46062760799796,571.51,,,
2026-05-27 00:00:00+00:00,ENTRY,FREE_SLEEVE,2,NEARUSDT,A,0.9397181617547086,346.77563757903897,2.554,,,
2026-05-27 03:00:00+00:00,EXIT,STOP,1,ZECUSDT,B,0.8852259211977485,223.46062760799796,561.7625627026725,218.99141505583802,-0.019999999999999907,4.0
2026-05-27 03:00:00+00:00,EXIT,STOP,2,NEARUSDT,A,0.9397181617547086,346.77563757903897,2.5104400362944235,339.8401248274582,-0.019999999999999907,3.0
2026-05-27 03:00:00+00:00,ENTRY,FREE_SLEEVE,1,NEARUSDT,A,0.9189784767088276,218.99141505583802,2.511,,,
2026-05-27 03:00:00+00:00,ENTRY,FREE_SLEEVE,2,ZECUSDT,A,0.9000316083064817,339.8401248274582,565.0,,,
2026-05-27 11:00:00+00:00,EXIT,STOP,1,NEARUSDT,A,0.9189784767088276,218.99141505583802,2.4681734264429513,214.61158675472132,-0.019999999999999685,8.0
2026-05-27 11:00:00+00:00,ENTRY,FREE_SLEEVE,1,PENDLEUSDT,A,0.9253695287140599,214.61158675472132,1.728,,,
2026-05-27 12:00:00+00:00,EXIT,STOP,1,PENDLEUSDT,A,0.9253695287140599,214.61158675472132,1.698527949380095,210.3193550196269,-0.020000000000000018,1.0
2026-05-27 13:00:00+00:00,ENTRY,FREE_SLEEVE,1,ATOMUSDT,A,0.9001709127737754,210.3193550196269,2.192,,,
2026-05-27 17:00:00+00:00,EXIT,STOP,2,ZECUSDT,A,0.9000316083064817,339.8401248274582,555.3635945600427,333.04332233090906,-0.020000000000000018,14.0
2026-05-27 17:00:00+00:00,ENTRY,FREE_SLEEVE,2,ZECUSDT,A,0.9480819907342184,333.04332233090906,557.65,,,
2026-05-27 18:00:00+00:00,EXIT,STOP,1,ATOMUSDT,A,0.9001709127737754,210.3193550196269,2.154614158009936,206.1129679192344,-0.019999999999999796,5.0
2026-05-27 18:00:00+00:00,ENTRY,FREE_SLEEVE,1,SUIUSDT,C,0.8408295218041748,206.1129679192344,0.9742,,,
2026-05-27 19:00:00+00:00,EXIT,STOP,2,ZECUSDT,A,0.9480819907342184,333.04332233090906,548.1389531086863,326.38245588429083,-0.02000000000000013,2.0
2026-05-27 20:00:00+00:00,ENTRY,FREE_SLEEVE,2,PENDLEUSDT,C,0.8558781638039106,326.38245588429083,1.624,,,
2026-05-27 21:00:00+00:00,EXIT,STOP,2,PENDLEUSDT,C,0.8558781638039106,326.38245588429083,1.5963017302044413,319.854806766605,-0.020000000000000018,1.0
2026-05-27 21:00:00+00:00,ENTRY,FREE_SLEEVE,2,INJUSDT,B,0.8798611901261196,319.854806766605,5.58,,,
2026-05-27 22:00:00+00:00,EXIT,STOP,1,SUIUSDT,C,0.8408295218041748,206.1129679192344,0.9575844492396346,201.9907085608497,-0.020000000000000018,4.0
2026-05-27 22:00:00+00:00,EXIT,STOP,2,INJUSDT,B,0.8798611901261196,319.854806766605,5.484829836539891,313.45771063127296,-0.019999999999999796,1.0
2026-05-28 01:00:00+00:00,ENTRY,FREE_SLEEVE,1,ZECUSDT,B,0.912837105373335,201.9907085608497,536.03,,,
2026-05-28 02:00:00+00:00,EXIT,STOP,1,ZECUSDT,B,0.912837105373335,201.9907085608497,526.8876948531322,197.9508943896327,-0.020000000000000018,1.0
2026-05-28 12:00:00+00:00,ENTRY,FREE_SLEEVE,1,FETUSDT,C,0.8432333934325482,197.9508943896327,0.2191,,,
2026-05-28 12:00:00+00:00,ENTRY,FREE_SLEEVE,2,WLDUSDT,A,0.8999663775091303,313.45771063127296,0.2934,,,
2026-05-28 14:00:00+00:00,EXIT,STOP,2,WLDUSDT,A,0.8999663775091303,313.45771063127296,0.28839589140516203,307.1885564186476,-0.019999999999999796,2.0
2026-05-28 14:00:00+00:00,ENTRY,FREE_SLEEVE,2,PENDLEUSDT,A,0.9100983020627185,307.1885564186476,1.48,,,
2026-05-28 17:00:00+00:00,EXIT,TARGET,1,FETUSDT,C,0.8432333934325482,197.9508943896327,0.22635103571455392,203.88942122132167,0.029999999999999805,5.0
2026-05-28 19:00:00+00:00,EXIT,TARGET,2,PENDLEUSDT,A,0.9100983020627185,307.1885564186476,1.5289800678116836,316.4042131112071,0.03000000000000047,5.0
2026-05-28 20:00:00+00:00,ENTRY,FREE_SLEEVE,1,PENDLEUSDT,C,0.8716219663581486,203.88942122132167,1.468,,,
2026-05-29 02:00:00+00:00,EXIT,STOP,1,PENDLEUSDT,C,0.8716219663581486,203.88942122132167,1.4429624014409606,199.81163279689522,-0.020000000000000018,6.0
2026-05-29 02:00:00+00:00,ENTRY,FREE_SLEEVE,1,PENDLEUSDT,B,0.8922028364584498,199.81163279689522,1.449,,,
2026-05-29 10:00:00+00:00,EXIT,STOP,1,PENDLEUSDT,B,0.8922028364584498,199.81163279689522,1.424286457553101,195.81540014095734,-0.019999999999999907,8.0
2026-05-29 10:00:00+00:00,ENTRY,FREE_SLEEVE,1,PENDLEUSDT,A,0.9631935697800658,195.81540014095734,1.418,,,
2026-05-29 13:00:00+00:00,EXIT,STOP,1,PENDLEUSDT,A,0.9631935697800658,195.81540014095734,1.3938151806834345,191.8990921381382,-0.019999999999999907,3.0
2026-05-29 14:00:00+00:00,ENTRY,FREE_SLEEVE,1,SEIUSDT,A,0.9106878016798132,191.8990921381382,0.06362,,,
2026-05-29 16:00:00+00:00,EXIT,TARGET,1,SEIUSDT,A,0.9106878016798132,191.8990921381382,0.06572548102309413,197.6560649022824,0.03000000000000025,2.0
2026-05-30 05:00:00+00:00,ENTRY,FREE_SLEEVE,1,NEARUSDT,A,0.9230605302879619,197.6560649022824,2.31,,,
2026-05-30 07:00:00+00:00,EXIT,TARGET,1,NEARUSDT,A,0.9230605302879619,197.6560649022824,2.386448619354722,203.58574684935087,0.030000000000000027,2.0
2026-05-30 10:00:00+00:00,ENTRY,FREE_SLEEVE,1,PENDLEUSDT,A,0.9026660851630831,203.58574684935087,1.338,,,
2026-05-30 16:00:00+00:00,ENTRY,FREE_SLEEVE,2,BATUSDT,A,0.9053054219755755,316.4042131112071,0.1152,,,
2026-05-30 18:00:00+00:00,EXIT,STOP,1,PENDLEUSDT,A,0.9026660851630831,203.58574684935087,1.3151796274713934,199.5140319123639,-0.019999999999999796,8.0
2026-05-30 18:00:00+00:00,ENTRY,FREE_SLEEVE,1,AIUSDT,A,0.9482700443809158,199.5140319123639,0.0262,,,
2026-05-30 19:00:00+00:00,EXIT,STOP,1,AIUSDT,A,0.9482700443809158,199.5140319123639,0.025753143676943573,195.52375127411662,-0.020000000000000018,1.0
2026-05-30 20:00:00+00:00,ENTRY,FREE_SLEEVE,1,NEARUSDT,C,0.8707366855134061,195.52375127411662,2.305,,,
2026-05-30 22:00:00+00:00,EXIT,TARGET,2,BATUSDT,A,0.9053054219755755,316.4042131112071,0.1190125025756121,325.8963395045434,0.03000000000000025,6.0
2026-05-30 23:00:00+00:00,EXIT,STOP,1,NEARUSDT,C,0.8707366855134061,195.52375127411662,2.265686876921944,191.61327624863426,-0.02000000000000013,3.0
2026-05-30 23:00:00+00:00,ENTRY,FREE_SLEEVE,1,IOTAUSDT,C,0.8395424028897139,191.61327624863426,0.063,,,
2026-05-30 23:00:00+00:00,ENTRY,FREE_SLEEVE,2,NEARUSDT,B,0.8926906608742936,325.8963395045434,2.268,,,
2026-05-31 00:00:00+00:00,EXIT,STOP,1,IOTAUSDT,C,0.8395424028897139,191.61327624863426,0.06192549815448263,187.7810107236616,-0.019999999999999796,1.0
2026-05-31 00:00:00+00:00,EXIT,STOP,2,NEARUSDT,B,0.8926906608742936,325.8963395045434,2.2293179335613744,319.37841271445245,-0.02000000000000024,1.0
2026-05-31 00:00:00+00:00,ENTRY,FREE_SLEEVE,1,ARBUSDT,B,0.8835050491629942,187.7810107236616,0.1034,,,
2026-05-31 01:00:00+00:00,ENTRY,FREE_SLEEVE,2,HBARUSDT,B,0.8856607965818084,319.37841271445245,0.09426,,,
2026-05-31 09:00:00+00:00,EXIT,TARGET,2,HBARUSDT,B,0.8856607965818084,319.37841271445245,0.09737950080535761,328.95976509588604,0.030000000000000027,8.0
2026-05-31 10:00:00+00:00,ENTRY,FREE_SLEEVE,2,OPUSDT,B,0.8891836115067508,328.95976509588604,0.119,,,
2026-05-31 15:00:00+00:00,EXIT,STOP,1,ARBUSDT,B,0.8835050491629942,187.7810107236616,0.10163645252656356,184.02539050918836,-0.02000000000000013,15.0
2026-05-31 15:00:00+00:00,EXIT,STOP,2,OPUSDT,B,0.8891836115067508,328.95976509588604,0.11697038540291163,322.3805697939683,-0.02000000000000013,5.0
2026-05-31 16:00:00+00:00,ENTRY,FREE_SLEEVE,1,PHAUSDT,A,0.9111014196953995,184.02539050918836,0.0393,,,
2026-05-31 19:00:00+00:00,EXIT,STOP,1,PHAUSDT,A,0.9111014196953995,184.02539050918836,0.03862971551541536,180.34488269900461,-0.019999999999999907,3.0
2026-05-31 19:00:00+00:00,ENTRY,FREE_SLEEVE,1,PHAUSDT,B,0.8914069539707786,180.34488269900461,0.0385,,,
2026-06-01 04:00:00+00:00,EXIT,TARGET,1,PHAUSDT,B,0.8914069539707786,180.34488269900461,0.03977414365591203,185.75522917997478,0.030000000000000027,9.0
2026-06-01 13:00:00+00:00,ENTRY,FREE_SLEEVE,1,DASHUSDT,C,0.8575833826515085,185.75522917997478,38.82,,,
2026-06-01 14:00:00+00:00,EXIT,STOP,1,DASHUSDT,C,0.8575833826515085,185.75522917997478,38.15790219614311,182.0401245963753,-0.019999999999999907,1.0
2026-06-01 15:00:00+00:00,ENTRY,FREE_SLEEVE,1,ZECUSDT,B,0.882888694438657,182.0401245963753,535.44,,,
2026-06-01 16:00:00+00:00,ENTRY,FREE_SLEEVE,2,BATUSDT,A,0.9228597667319027,322.3805697939683,0.1114,,,
2026-06-01 18:00:00+00:00,EXIT,TARGET,1,ZECUSDT,B,0.882888694438657,182.0401245963753,553.1601942628971,187.50132833426656,0.030000000000000027,3.0
2026-06-02 00:00:00+00:00,ENTRY,FREE_SLEEVE,1,XLMUSDT,A,0.9390959400172164,187.50132833426656,0.2432,,,
2026-06-02 01:00:00+00:00,EXIT,STOP,1,XLMUSDT,A,0.9390959400172164,187.50132833426656,0.239052081764606,183.75130176758123,-0.020000000000000018,1.0
2026-06-02 03:00:00+00:00,EXIT,STOP,2,BATUSDT,A,0.9228597667319027,322.3805697939683,0.1095000078477677,315.93295839808894,-0.019999999999999907,11.0
2026-06-02 05:00:00+00:00,ENTRY,FREE_SLEEVE,1,MEMEUSDT,C,0.8392680426244382,183.75130176758123,0.000528,,,
2026-06-02 05:00:00+00:00,ENTRY,FREE_SLEEVE,2,ONEUSDT,B,0.8811897119700141,315.93295839808894,0.00193,,,
2026-06-02 07:00:00+00:00,EXIT,STOP,1,MEMEUSDT,C,0.8392680426244382,183.75130176758123,0.0005189946511994735,180.07627573222956,-0.02000000000000024,2.0
2026-06-02 15:00:00+00:00,EXIT,STOP,2,ONEUSDT,B,0.8811897119700141,315.93295839808894,0.0018970827212405,309.6142992301272,-0.019999999999999907,10.0
2026-06-02 22:00:00+00:00,ENTRY,FREE_SLEEVE,1,APTUSDT,B,0.897614248264927,180.07627573222956,0.844,,,
2026-06-02 23:00:00+00:00,EXIT,STOP,1,APTUSDT,B,0.897614248264927,180.07627573222956,0.8296050863870371,176.47475021758498,-0.019999999999999907,1.0
2026-06-03 01:00:00+00:00,ENTRY,FREE_SLEEVE,1,INJUSDT,A,0.9184573592935561,176.47475021758498,6.53,,,
2026-06-03 01:00:00+00:00,ENTRY,FREE_SLEEVE,2,SEIUSDT,A,0.9065016001265479,309.6142992301272,0.06236,,,
2026-06-03 03:00:00+00:00,EXIT,STOP,1,INJUSDT,A,0.9184573592935561,176.47475021758498,6.418627030932883,172.94525521323328,-0.020000000000000018,2.0
2026-06-03 04:00:00+00:00,EXIT,STOP,2,SEIUSDT,A,0.9065016001265479,309.6142992301272,0.06129641372878631,303.4220132455247,-0.019999999999999907,3.0
2026-06-03 15:00:00+00:00,ENTRY,FREE_SLEEVE,1,BCHUSDT,A,0.9116106880164716,172.94525521323328,243.4,,,
2026-06-03 17:00:00+00:00,ENTRY,FREE_SLEEVE,2,JSTUSDT,C,0.852821921275358,303.4220132455247,0.07769,,,
2026-06-03 19:00:00+00:00,EXIT,TARGET,1,BCHUSDT,A,0.9116106880164716,172.94525521323328,251.45523547659712,178.1336128696303,0.030000000000000027,4.0
2026-06-03 21:00:00+00:00,EXIT,STOP,2,JSTUSDT,C,0.852821921275358,303.4220132455247,0.07636495161304374,297.3535729806142,-0.019999999999999907,4.0
2026-06-04 03:00:00+00:00,ENTRY,FREE_SLEEVE,1,JSTUSDT,A,0.9122197258024046,178.1336128696303,0.07204,,,
2026-06-04 07:00:00+00:00,EXIT,TARGET,1,JSTUSDT,A,0.9122197258024046,178.1336128696303,0.07442413789537411,183.47762125571924,0.03000000000000025,4.0
2026-06-04 09:00:00+00:00,ENTRY,FREE_SLEEVE,1,SEIUSDT,A,0.9039318624688293,183.47762125571924,0.05362,,,
2026-06-04 10:00:00+00:00,EXIT,STOP,1,SEIUSDT,A,0.9039318624688293,183.47762125571924,0.052705479540370775,179.8080688306049,-0.019999999999999796,1.0
2026-06-04 12:00:00+00:00,ENTRY,FREE_SLEEVE,1,INJUSDT,A,0.9193560765294959,179.8080688306049,5.875,,,
2026-06-04 12:00:00+00:00,ENTRY,FREE_SLEEVE,2,TRBUSDT,A,0.9329635931649476,297.3535729806142,13.91,,,
2026-06-04 13:00:00+00:00,EXIT,TARGET,2,TRBUSDT,A,0.9329635931649476,297.3535729806142,14.370346448148998,306.2741801700327,0.03000000000000025,1.0
2026-06-04 13:00:00+00:00,ENTRY,FREE_SLEEVE,2,ZECUSDT,A,0.9191872041270611,306.2741801700327,533.76,,,
2026-06-04 14:00:00+00:00,EXIT,STOP,1,INJUSDT,A,0.9193560765294959,179.8080688306049,5.7747984390092935,176.2119074539928,-0.019999999999999907,2.0
2026-06-04 14:00:00+00:00,EXIT,STOP,2,ZECUSDT,A,0.9191872041270611,306.2741801700327,524.6564110307405,300.1486965666321,-0.019999999999999796,1.0
2026-06-04 14:00:00+00:00,ENTRY,FREE_SLEEVE,1,CHZUSDT,A,0.9024789193749385,176.2119074539928,0.02766,,,
2026-06-04 14:00:00+00:00,ENTRY,FREE_SLEEVE,2,INJUSDT,A,0.9302763465950923,300.1486965666321,5.796,,,
2026-06-04 15:00:00+00:00,EXIT,STOP,2,INJUSDT,A,0.9302763465950923,300.1486965666321,5.697145830212404,294.14572263529953,-0.019999999999999796,1.0
2026-06-04 16:00:00+00:00,EXIT,STOP,1,CHZUSDT,A,0.9024789193749385,176.2119074539928,0.02718824252306333,172.687669304913,-0.019999999999999796,2.0
2026-06-04 16:00:00+00:00,ENTRY,FREE_SLEEVE,1,XLMUSDT,A,0.9089745343191395,172.687669304913,0.2072,,,
2026-06-04 17:00:00+00:00,ENTRY,FREE_SLEEVE,2,SEIUSDT,C,0.8423242344709516,294.14572263529953,0.05296,,,
2026-06-04 21:00:00+00:00,EXIT,STOP,2,SEIUSDT,C,0.8423242344709516,294.14572263529953,0.052056736226371435,288.2628081825936,-0.019999999999999907,4.0
2026-06-04 22:00:00+00:00,EXIT,STOP,1,XLMUSDT,A,0.9089745343191395,172.687669304913,0.20366608281918733,169.23391591881472,-0.020000000000000018,6.0
2026-06-05 00:00:00+00:00,ENTRY,FREE_SLEEVE,1,ADAUSDT,A,0.9330564513786492,169.23391591881472,0.1798,,,
2026-06-05 01:00:00+00:00,EXIT,STOP,1,ADAUSDT,A,0.9330564513786492,169.23391591881472,0.17673340584406314,165.8492376004384,-0.020000000000000018,1.0
2026-06-05 05:00:00+00:00,ENTRY,FREE_SLEEVE,1,ZECUSDT,A,0.9285071437403698,165.8492376004384,398.62,,,
2026-06-05 06:00:00+00:00,EXIT,STOP,1,ZECUSDT,A,0.9285071437403698,165.8492376004384,391.82130276729947,162.53225284842964,-0.020000000000000018,1.0
2026-06-05 08:00:00+00:00,ENTRY,FREE_SLEEVE,1,INJUSDT,C,0.8401788353589165,162.53225284842964,5.163,,,
2026-06-05 09:00:00+00:00,EXIT,STOP,1,INJUSDT,C,0.8401788353589165,162.53225284842964,5.074942015422125,159.28160779146106,-0.019999999999999907,1.0
2026-06-05 13:00:00+00:00,ENTRY,FREE_SLEEVE,1,AIUSDT,C,0.8736105132865816,159.28160779146106,0.0219,,,
2026-06-05 13:00:00+00:00,ENTRY,FREE_SLEEVE,2,ARBUSDT,B,0.883130510636581,288.2628081825936,0.0814,,,
2026-06-05 14:00:00+00:00,EXIT,TARGET,2,ARBUSDT,B,0.883130510636581,288.2628081825936,0.08409390372964258,296.9106924280714,0.030000000000000027,1.0
2026-06-05 15:00:00+00:00,ENTRY,FREE_SLEEVE,2,ETHUSDT,C,0.849090290913104,296.9106924280714,1600.96,,,
2026-06-05 16:00:00+00:00,EXIT,STOP,2,ETHUSDT,C,0.849090290913104,296.9106924280714,1573.6546908793732,290.9724785795099,-0.02000000000000013,1.0
2026-06-05 20:00:00+00:00,EXIT,STOP,1,AIUSDT,C,0.8736105132865816,159.28160779146106,0.021526482691796345,156.09597563563187,-0.019999999999999796,7.0
2026-06-05 20:00:00+00:00,ENTRY,FREE_SLEEVE,1,AVAXUSDT,C,0.8699812636182007,156.09597563563187,6.697,,,
2026-06-05 21:00:00+00:00,EXIT,TARGET,1,AVAXUSDT,C,0.8699812636182007,156.09597563563187,6.918634806847868,160.77885490470084,0.030000000000000027,1.0
2026-06-06 00:00:00+00:00,ENTRY,FREE_SLEEVE,1,BCHUSDT,B,0.8827640528139905,160.77885490470084,209.9,,,
2026-06-06 05:00:00+00:00,EXIT,STOP,1,BCHUSDT,B,0.8827640528139905,160.77885490470084,206.32003274009375,157.56327780660683,-0.019999999999999907,5.0
2026-06-06 09:00:00+00:00,ENTRY,FREE_SLEEVE,1,WLDUSDT,A,0.9267998365031519,157.56327780660683,0.4213,,,
2026-06-06 10:00:00+00:00,EXIT,STOP,1,WLDUSDT,A,0.9267998365031519,157.56327780660683,0.41411448210291324,154.4120122504747,-0.020000000000000018,1.0
2026-06-06 10:00:00+00:00,ENTRY,FREE_SLEEVE,1,PHAUSDT,C,0.8776983641649259,154.4120122504747,0.0307,,,
2026-06-06 12:00:00+00:00,ENTRY,FREE_SLEEVE,2,ZECUSDT,A,0.9326476890716355,290.9724785795099,366.15,,,
2026-06-06 13:00:00+00:00,EXIT,STOP,2,ZECUSDT,A,0.9326476890716355,290.9724785795099,359.9050976073621,285.1530290079197,-0.020000000000000018,1.0
2026-06-06 13:00:00+00:00,ENTRY,FREE_SLEEVE,2,WLDUSDT,A,0.9116454378046551,285.1530290079197,0.4115,,,
2026-06-06 14:00:00+00:00,EXIT,TARGET,2,WLDUSDT,A,0.9116454378046551,285.1530290079197,0.42511844453007275,293.70761987815735,0.03000000000000025,1.0
2026-06-06 15:00:00+00:00,ENTRY,FREE_SLEEVE,2,NEARUSDT,A,0.9215668116212204,293.70761987815735,1.851,,,
2026-06-06 17:00:00+00:00,EXIT,TARGET,1,PHAUSDT,C,0.8776983641649259,154.4120122504747,0.0317160054606883,159.04437261798893,0.029999999999999805,7.0
2026-06-06 17:00:00+00:00,EXIT,TARGET,2,NEARUSDT,A,0.9215668116212204,293.70761987815735,1.9122581794050175,302.51884847450214,0.03000000000000025,2.0
2026-06-06 20:00:00+00:00,ENTRY,FREE_SLEEVE,1,LTCUSDT,C,0.8454625062076094,159.04437261798893,41.15,,,
2026-06-07 04:00:00+00:00,ENTRY,FREE_SLEEVE,2,NEARUSDT,A,0.904397836544421,302.51884847450214,1.849,,,
2026-06-07 07:00:00+00:00,EXIT,TARGET,2,NEARUSDT,A,0.904397836544421,302.51884847450214,1.9101919901241913,311.59441392873725,0.03000000000000025,3.0
2026-06-07 08:00:00+00:00,ENTRY,FREE_SLEEVE,2,JSTUSDT,B,0.8999486492039929,311.59441392873725,0.08143,,,
2026-06-07 09:00:00+00:00,EXIT,TARGET,1,LTCUSDT,C,0.8454625062076094,159.04437261798893,42.51184445300728,163.8157037965286,0.030000000000000027,13.0
2026-06-07 14:00:00+00:00,EXIT,STOP,2,JSTUSDT,B,0.8999486492039929,311.59441392873725,0.08004116372570667,305.36252565016247,-0.02000000000000013,6.0
2026-06-07 15:00:00+00:00,ENTRY,FREE_SLEEVE,1,JSTUSDT,A,0.9561006066686427,163.8157037965286,0.07745,,,
2026-06-07 17:00:00+00:00,EXIT,STOP,1,JSTUSDT,A,0.9561006066686427,163.8157037965286,0.07612904495340762,160.53938972059805,-0.019999999999999796,2.0
2026-06-08 16:00:00+00:00,ENTRY,FREE_SLEEVE,1,XLMUSDT,A,0.8994926268467485,160.53938972059805,0.1997,,,
2026-06-08 21:00:00+00:00,ENTRY,FREE_SLEEVE,2,MEMEUSDT,A,0.9158666299242536,305.36252565016247,0.000559,,,
2026-06-08 22:00:00+00:00,EXIT,TARGET,1,XLMUSDT,A,0.8994926268467485,160.53938972059805,0.20630899969053593,165.35557141221602,0.03000000000000025,6.0
2026-06-08 22:00:00+00:00,EXIT,STOP,2,MEMEUSDT,A,0.9158666299242536,305.36252565016247,0.0005494659280691397,299.25527513715923,-0.019999999999999907,1.0
2026-06-08 22:00:00+00:00,ENTRY,FREE_SLEEVE,1,QNTUSDT,A,0.9217249432355941,165.35557141221602,67.02,,,
2026-06-09 01:00:00+00:00,EXIT,STOP,1,QNTUSDT,A,0.9217249432355941,165.35557141221602,65.8769347033877,162.0484599839717,-0.020000000000000018,3.0
2026-06-09 23:00:00+00:00,ENTRY,FREE_SLEEVE,1,DASHUSDT,B,0.8804387268191772,162.0484599839717,35.25,,,
2026-06-10 00:00:00+00:00,ENTRY,FREE_SLEEVE,2,SYNUSDT,C,0.9043693522616068,299.25527513715923,0.0308,,,
2026-06-10 01:00:00+00:00,EXIT,STOP,2,SYNUSDT,C,0.9043693522616068,299.25527513715923,0.03027468798663595,293.27016963441605,-0.020000000000000018,1.0
2026-06-10 01:00:00+00:00,ENTRY,FREE_SLEEVE,2,INJUSDT,A,0.9308870491617065,293.27016963441605,5.466,,,
2026-06-10 03:00:00+00:00,EXIT,STOP,1,DASHUSDT,B,0.8804387268191772,162.0484599839717,34.64879063405576,158.80749078429227,-0.019999999999999907,4.0
2026-06-10 03:00:00+00:00,EXIT,STOP,2,INJUSDT,A,0.9308870491617065,293.27016963441605,5.372774173212732,287.4047662417277,-0.020000000000000018,2.0
2026-06-10 06:00:00+00:00,ENTRY,FREE_SLEEVE,1,INJUSDT,A,0.9129024413015369,158.80749078429227,5.28,,,
2026-06-10 09:00:00+00:00,EXIT,STOP,1,INJUSDT,A,0.9129024413015369,158.80749078429227,5.189946511994735,155.63134096860642,-0.020000000000000018,3.0
2026-06-10 09:00:00+00:00,ENTRY,FREE_SLEEVE,1,INJUSDT,C,0.8526380999116501,155.63134096860642,5.135,,,
2026-06-10 10:00:00+00:00,ENTRY,FREE_SLEEVE,2,SYNUSDT,A,0.9032244540493617,287.4047662417277,0.0288,,,
2026-06-10 13:00:00+00:00,EXIT,STOP,1,INJUSDT,C,0.8526380999116501,155.63134096860642,5.047419571797909,152.51871414923428,-0.020000000000000018,4.0
2026-06-10 17:00:00+00:00,EXIT,STOP,2,SYNUSDT,A,0.9032244540493617,287.4047662417277,0.02830879915633492,281.6566709168931,-0.02000000000000013,7.0
2026-06-10 19:00:00+00:00,ENTRY,FREE_SLEEVE,1,ARUSDT,B,0.9002522004979547,152.51871414923428,1.85,,,
2026-06-10 19:00:00+00:00,ENTRY,FREE_SLEEVE,2,UNIUSDT,C,0.8543691700331697,281.6566709168931,2.407,,,
2026-06-10 20:00:00+00:00,EXIT,STOP,1,ARUSDT,B,0.9002522004979547,152.51871414923428,1.8184471680284584,149.4683398662496,-0.019999999999999907,1.0
2026-06-11 04:00:00+00:00,EXIT,TARGET,2,UNIUSDT,C,0.8543691700331697,281.6566709168931,2.486658799474812,290.10637104439985,0.029999999999999805,9.0
2026-06-11 08:00:00+00:00,ENTRY,FREE_SLEEVE,1,CHZUSDT,A,0.9575276304215856,149.4683398662496,0.02645,,,
2026-06-11 11:00:00+00:00,EXIT,TARGET,1,CHZUSDT,A,0.9575276304215856,149.4683398662496,0.027325353238931777,153.9523900622371,0.030000000000000027,3.0
2026-06-11 16:00:00+00:00,ENTRY,FREE_SLEEVE,1,ALGOUSDT,A,0.9109512943233521,153.9523900622371,0.0868,,,
2026-06-11 16:00:00+00:00,ENTRY,FREE_SLEEVE,2,XLMUSDT,A,0.8994801540160529,290.10637104439985,0.186,,,
2026-06-11 18:00:00+00:00,EXIT,TARGET,1,ALGOUSDT,A,0.9109512943233521,153.9523900622371,0.08967261478787442,158.57096176410423,0.030000000000000027,2.0
2026-06-11 18:00:00+00:00,EXIT,TARGET,2,XLMUSDT,A,0.8994801540160529,290.10637104439985,0.19215560311687369,298.80956217573186,0.030000000000000027,2.0
2026-06-11 21:00:00+00:00,ENTRY,FREE_SLEEVE,1,JSTUSDT,C,0.8479355511600408,158.57096176410423,0.0729,,,
2026-06-12 04:00:00+00:00,ENTRY,FREE_SLEEVE,2,CHZUSDT,B,0.8796019527776255,298.80956217573186,0.02759,,,
2026-06-12 07:00:00+00:00,EXIT,STOP,2,CHZUSDT,B,0.8796019527776255,298.80956217573186,0.02711943641400279,292.83337093221724,-0.019999999999999907,3.0
2026-06-12 12:00:00+00:00,ENTRY,FREE_SLEEVE,2,MEMEUSDT,A,0.9144568229202199,292.83337093221724,0.000573,,,
2026-06-12 16:00:00+00:00,EXIT,TARGET,1,JSTUSDT,C,0.8479355511600408,158.57096176410423,0.07531259928612954,163.32809061702739,0.03000000000000025,19.0
2026-06-12 17:00:00+00:00,ENTRY,FREE_SLEEVE,1,CHZUSDT,A,0.9345014829767053,163.32809061702739,0.02628,,,
2026-06-12 19:00:00+00:00,EXIT,STOP,2,MEMEUSDT,A,0.9144568229202199,292.83337093221724,0.000563227149881247,286.9767035135729,-0.020000000000000018,7.0
2026-06-12 22:00:00+00:00,ENTRY,FREE_SLEEVE,2,ZECUSDT,A,0.9163825120475994,286.9767035135729,406.96,,,
2026-06-13 01:00:00+00:00,EXIT,STOP,1,CHZUSDT,A,0.9345014829767053,163.32809061702739,0.025831779230155612,160.06152880468682,-0.02000000000000013,8.0
2026-06-13 01:00:00+00:00,EXIT,TARGET,2,ZECUSDT,A,0.9163825120475994,286.9767035135729,420.42819486259634,295.5860046189801,0.030000000000000027,3.0
2026-06-13 02:00:00+00:00,ENTRY,FREE_SLEEVE,1,MOVRUSDT,A,0.91502080243099,160.06152880468682,1.358,,,
2026-06-13 03:00:00+00:00,ENTRY,FREE_SLEEVE,2,XLMUSDT,C,0.8586300514236229,295.5860046189801,0.1853,,,
2026-06-13 05:00:00+00:00,EXIT,STOP,1,MOVRUSDT,A,0.91502080243099,160.06152880468682,1.3348385157744034,156.8602982285931,-0.019999999999999796,3.0
2026-06-13 05:00:00+00:00,ENTRY,FREE_SLEEVE,1,ZENUSDT,C,0.8470344984001588,156.8602982285931,4.273,,,
2026-06-13 10:00:00+00:00,EXIT,TARGET,2,XLMUSDT,C,0.8586300514236229,295.5860046189801,0.1914324368685844,304.4535847575495,0.030000000000000027,7.0
2026-06-13 14:00:00+00:00,ENTRY,FREE_SLEEVE,2,CHZUSDT,A,0.9178971867872919,304.4535847575495,0.02546,,,
2026-06-13 16:00:00+00:00,EXIT,TARGET,1,ZENUSDT,C,0.8470344984001588,156.8602982285931,4.414413398486029,161.56610717545092,0.030000000000000027,11.0
2026-06-13 17:00:00+00:00,ENTRY,FREE_SLEEVE,1,ZECUSDT,C,0.8891822877478052,161.56610717545092,408.9,,,
2026-06-13 22:00:00+00:00,EXIT,TARGET,1,ZECUSDT,C,0.8891822877478052,161.56610717545092,422.4323984649982,166.41309039071447,0.030000000000000027,5.0
2026-06-13 23:00:00+00:00,ENTRY,FREE_SLEEVE,1,ATOMUSDT,B,0.9256849643086844,166.41309039071447,1.945,,,
2026-06-14 01:00:00+00:00,EXIT,TARGET,2,CHZUSDT,A,0.9178971867872919,304.4535847575495,0.026302589544922605,313.587192300276,0.030000000000000027,11.0
2026-06-14 01:00:00+00:00,ENTRY,FREE_SLEEVE,2,ARBUSDT,C,0.8912589872951153,313.587192300276,0.0845,,,
2026-06-14 10:00:00+00:00,EXIT,STOP,2,ARBUSDT,C,0.8912589872951153,313.587192300276,0.08305880308021878,307.3154484542705,-0.019999999999999907,9.0
2026-06-14 11:00:00+00:00,ENTRY,FREE_SLEEVE,2,ADAUSDT,C,0.8417405344979709,307.3154484542705,0.1698,,,
2026-06-14 15:00:00+00:00,EXIT,STOP,2,ADAUSDT,C,0.8417405344979709,307.3154484542705,0.16690396169255795,301.16913948518504,-0.02000000000000013,4.0
2026-06-14 18:00:00+00:00,ENTRY,FREE_SLEEVE,2,INJUSDT,B,0.8811186678555037,301.16913948518504,4.965,,,
2026-06-14 22:00:00+00:00,EXIT,TARGET,1,ATOMUSDT,B,0.9256849643086844,166.41309039071447,2.0093690756038676,171.4054831024359,0.030000000000000027,23.0
2026-06-14 22:00:00+00:00,EXIT,TARGET,2,INJUSDT,B,0.8811186678555037,301.16913948518504,5.129314889652033,310.2042136697406,0.030000000000000027,4.0
2026-06-14 22:00:00+00:00,ENTRY,FREE_SLEEVE,1,APTUSDT,B,0.8977040265446714,171.4054831024359,0.68,,,
2026-06-14 22:00:00+00:00,ENTRY,FREE_SLEEVE,2,ARBUSDT,B,0.9135694990678132,310.2042136697406,0.0855,,,
2026-06-15 12:00:00+00:00,EXIT,TARGET,2,ARBUSDT,B,0.9135694990678132,310.2042136697406,0.08832959175533713,319.51034007983293,0.03000000000000025,14.0
2026-06-15 14:00:00+00:00,EXIT,TARGET,1,APTUSDT,B,0.8977040265446714,171.4054831024359,0.7025043554810438,176.547647595509,0.030000000000000027,16.0
2026-06-15 19:00:00+00:00,ENTRY,FREE_SLEEVE,1,ICPUSDT,C,0.8417176448480171,176.547647595509,2.474,,,
2026-06-15 20:00:00+00:00,EXIT,STOP,1,ICPUSDT,C,0.8417176448480171,176.547647595509,2.4318044830823817,173.0166946435989,-0.019999999999999574,1.0
2026-06-15 23:00:00+00:00,ENTRY,FREE_SLEEVE,1,ARUSDT,C,0.8500008910183874,173.0166946435989,2.039,,,
2026-06-16 02:00:00+00:00,ENTRY,FREE_SLEEVE,2,PHAUSDT,C,0.8499358551334771,319.51034007983293,0.0351,,,
2026-06-16 03:00:00+00:00,EXIT,STOP,2,PHAUSDT,C,0.8499358551334771,319.51034007983293,0.03450134897178318,313.12013327823627,-0.020000000000000018,1.0
2026-06-16 07:00:00+00:00,ENTRY,FREE_SLEEVE,2,OPUSDT,A,0.9187685824273651,313.12013327823627,0.1068,,,
2026-06-16 15:00:00+00:00,EXIT,STOP,1,ARUSDT,C,0.8500008910183874,173.0166946435989,2.0042236624919063,169.5563607507269,-0.02000000000000013,16.0
2026-06-16 21:00:00+00:00,EXIT,TARGET,2,OPUSDT,A,0.9187685824273651,313.12013327823627,0.1103345075961404,322.51373727658336,0.030000000000000027,14.0
2026-06-16 23:00:00+00:00,ENTRY,FREE_SLEEVE,1,INJUSDT,C,0.8450288578520845,169.5563607507269,5.591,,,
2026-06-17 05:00:00+00:00,ENTRY,FREE_SLEEVE,2,MEMEUSDT,B,0.8916664716007147,322.51373727658336,0.000625,,,
2026-06-17 08:00:00+00:00,EXIT,STOP,1,INJUSDT,C,0.8450288578520845,169.5563607507269,5.495642225106546,166.16523353571236,-0.020000000000000018,9.0
2026-06-17 08:00:00+00:00,EXIT,STOP,2,MEMEUSDT,B,0.8916664716007147,322.51373727658336,0.0006143402594690738,316.06346253105175,-0.019999999999999796,3.0
2026-06-17 08:00:00+00:00,ENTRY,FREE_SLEEVE,1,INJUSDT,A,0.9211058807413754,166.16523353571236,5.52,,,
2026-06-17 09:00:00+00:00,EXIT,STOP,1,INJUSDT,A,0.9211058807413754,166.16523353571236,5.425853171630858,162.8419288649981,-0.02000000000000013,1.0
2026-06-17 10:00:00+00:00,ENTRY,FREE_SLEEVE,1,INJUSDT,A,0.9155018356538478,162.8419288649981,5.401,,,
2026-06-17 10:00:00+00:00,ENTRY,FREE_SLEEVE,2,MEMEUSDT,B,0.8797138249339783,316.06346253105175,0.000608,,,
2026-06-17 12:00:00+00:00,EXIT,STOP,2,MEMEUSDT,B,0.8797138249339783,316.06346253105175,0.0005976302044115151,309.74219328043074,-0.019999999999999907,2.0
2026-06-17 18:00:00+00:00,EXIT,TARGET,1,INJUSDT,A,0.9155018356538478,162.8419288649981,5.579744152872231,167.72718673094803,0.030000000000000027,8.0
2026-06-18 02:00:00+00:00,ENTRY,FREE_SLEEVE,1,CRVUSDT,A,0.9276269084512492,167.72718673094803,0.2247,,,
2026-06-18 06:00:00+00:00,EXIT,STOP,1,CRVUSDT,A,0.9276269084512492,167.72718673094803,0.2208676100843214,164.3726429963291,-0.019999999999999907,4.0
2026-06-18 06:00:00+00:00,ENTRY,FREE_SLEEVE,1,WLDUSDT,A,0.9078265408011418,164.3726429963291,0.6224,,,
2026-06-18 07:00:00+00:00,EXIT,STOP,1,WLDUSDT,A,0.9078265408011418,164.3726429963291,0.6117846039896823,161.08519013640247,-0.02000000000000024,1.0
2026-06-18 07:00:00+00:00,ENTRY,FREE_SLEEVE,1,UNIUSDT,B,0.8912815962611197,161.08519013640247,3.075,,,
2026-06-18 11:00:00+00:00,EXIT,TARGET,1,UNIUSDT,B,0.8912815962611197,161.08519013640247,3.176766019270896,165.91774584049455,0.030000000000000027,4.0
2026-06-18 11:00:00+00:00,ENTRY,FREE_SLEEVE,1,ATOMUSDT,B,0.9003404501669623,165.91774584049455,1.823,,,
2026-06-18 12:00:00+00:00,ENTRY,FREE_SLEEVE,2,ICPUSDT,B,0.9052672212618056,309.74219328043074,2.254,,,
2026-06-18 16:00:00+00:00,EXIT,STOP,1,ATOMUSDT,B,0.9003404501669623,165.91774584049455,1.7919076688193942,162.59939092368467,-0.019999999999999907,5.0
2026-06-18 16:00:00+00:00,EXIT,STOP,2,ICPUSDT,B,0.9052672212618056,309.74219328043074,2.215556711749268,303.5473494148221,-0.020000000000000018,4.0
2026-06-18 23:00:00+00:00,ENTRY,FREE_SLEEVE,1,MEMEUSDT,A,0.9484702658664658,162.59939092368467,0.000546,,,
2026-06-19 00:00:00+00:00,ENTRY,FREE_SLEEVE,2,ALGOUSDT,A,0.9384584201082893,303.5473494148221,0.0964,,,
2026-06-19 04:00:00+00:00,EXIT,STOP,2,ALGOUSDT,A,0.9384584201082893,303.5473494148221,0.09475584162050993,297.4764024265256,-0.02000000000000013,4.0
2026-06-19 08:00:00+00:00,EXIT,STOP,1,MEMEUSDT,A,0.9484702658664658,162.59939092368467,0.0005366876506721829,159.347403105211,-0.019999999999999907,9.0
2026-06-19 11:00:00+00:00,ENTRY,FREE_SLEEVE,1,APEUSDT,B,0.8808646567114129,159.347403105211,0.1265,,,
2026-06-19 14:00:00+00:00,EXIT,TARGET,1,APEUSDT,B,0.8808646567114129,159.347403105211,0.1306864720122824,164.1278251983673,0.030000000000000027,3.0
2026-06-19 16:00:00+00:00,ENTRY,FREE_SLEEVE,1,PHAUSDT,A,0.9116822231076516,164.1278251983673,0.0363,,,
2026-06-19 18:00:00+00:00,EXIT,TARGET,1,PHAUSDT,A,0.9116822231076516,164.1278251983673,0.03750133544700277,169.05165995431835,0.03000000000000025,2.0
2026-06-19 18:00:00+00:00,ENTRY,FREE_SLEEVE,1,AVAXUSDT,A,0.9064629850581591,169.05165995431835,5.993,,,
2026-06-19 19:00:00+00:00,EXIT,STOP,1,AVAXUSDT,A,0.9064629850581591,169.05165995431835,5.890785879997055,165.67062675523198,-0.020000000000000018,1.0
2026-06-20 01:00:00+00:00,ENTRY,FREE_SLEEVE,1,XLMUSDT,A,0.9128968559531697,165.67062675523198,0.215,,,
2026-06-20 02:00:00+00:00,ENTRY,FREE_SLEEVE,2,ENJUSDT,A,0.9470029121813586,297.4764024265256,0.03515,,,
2026-06-20 03:00:00+00:00,EXIT,STOP,1,XLMUSDT,A,0.9128968559531697,165.67062675523198,0.21133304925736138,162.35721422012736,-0.019999999999999907,2.0
2026-06-20 03:00:00+00:00,EXIT,STOP,2,ENJUSDT,A,0.9470029121813586,297.4764024265256,0.03455049619254071,291.5268743779951,-0.020000000000000018,1.0
2026-06-20 04:00:00+00:00,ENTRY,FREE_SLEEVE,1,ENJUSDT,A,0.9117315663549805,162.35721422012736,0.0342,,,
2026-06-20 10:00:00+00:00,ENTRY,FREE_SLEEVE,2,PHAUSDT,A,0.9522576704522175,291.5268743779951,0.0369,,,
2026-06-20 14:00:00+00:00,EXIT,TARGET,1,ENJUSDT,A,0.9117315663549805,162.35721422012736,0.03533183670213485,167.22793064673118,0.030000000000000027,10.0
2026-06-20 14:00:00+00:00,ENTRY,FREE_SLEEVE,1,FETUSDT,B,0.91024875054407,167.22793064673118,0.1867,,,
2026-06-20 15:00:00+00:00,EXIT,STOP,2,PHAUSDT,A,0.9522576704522175,291.5268743779951,0.03627064891905411,285.69633689043525,-0.019999999999999907,5.0
2026-06-20 19:00:00+00:00,ENTRY,FREE_SLEEVE,2,LDOUSDT,B,0.8791209842691023,285.69633689043525,0.2739,,,
2026-06-21 11:00:00+00:00,EXIT,TARGET,2,LDOUSDT,B,0.8791209842691023,285.69633689043525,0.2829646220092027,294.26722699714827,0.029999999999999805,16.0
2026-06-21 13:00:00+00:00,ENTRY,FREE_SLEEVE,2,ZECUSDT,A,0.9001737792199175,294.26722699714827,451.76,,,
2026-06-21 14:00:00+00:00,EXIT,REPLACED_AFTER_24H,1,FETUSDT,B,0.91024875054407,167.22793064673118,0.1881,167.9772277370277,0.004480693430808591,24.0
2026-06-21 14:00:00+00:00,ENTRY,FREE_SLEEVE,1,AXSUSDT,A,0.9185930447626635,167.9772277370277,1.118,,,
2026-06-21 17:00:00+00:00,EXIT,STOP,1,AXSUSDT,A,0.9185930447626635,167.9772277370277,1.0989318561382793,164.61768318228715,-0.020000000000000018,3.0
2026-06-21 17:00:00+00:00,ENTRY,FREE_SLEEVE,1,DASHUSDT,B,0.9292010761197688,164.61768318228715,36.07,,,
2026-06-21 22:00:00+00:00,EXIT,STOP,1,DASHUSDT,B,0.9292010761197688,164.61768318228715,35.45480505447919,161.3253295186414,-0.020000000000000018,5.0
2026-06-21 22:00:00+00:00,EXIT,STOP,2,ZECUSDT,A,0.9001737792199175,294.26722699714827,444.054968988398,288.38188245720534,-0.019999999999999907,9.0
2026-06-22 01:00:00+00:00,ENTRY,FREE_SLEEVE,1,AXSUSDT,A,0.9240655229868777,161.3253295186414,1.046,,,
2026-06-22 05:00:00+00:00,EXIT,STOP,1,AXSUSDT,A,0.9240655229868777,161.3253295186414,1.0281598582474418,158.09882292826856,-0.02000000000000013,4.0
2026-06-22 05:00:00+00:00,ENTRY,FREE_SLEEVE,1,SANDUSDT,A,0.911250074249762,158.09882292826856,0.05505,,,
2026-06-22 11:00:00+00:00,EXIT,TARGET,1,SANDUSDT,A,0.911250074249762,158.09882292826856,0.05687185995475214,162.84178761611665,0.03000000000000025,6.0
2026-06-22 13:00:00+00:00,ENTRY,FREE_SLEEVE,1,ALICEUSDT,A,0.9155522520868594,162.84178761611665,0.1323,,,
2026-06-22 14:00:00+00:00,EXIT,STOP,1,ALICEUSDT,A,0.9155522520868594,162.84178761611665,0.13004354612441354,159.58495186379434,-0.019999999999999796,1.0
2026-06-22 14:00:00+00:00,ENTRY,FREE_SLEEVE,1,CHZUSDT,B,0.8909067979591657,159.58495186379434,0.02063,,,
2026-06-22 15:00:00+00:00,EXIT,STOP,1,CHZUSDT,B,0.8909067979591657,159.58495186379434,0.020278143284555187,156.39325282651845,-0.020000000000000018,1.0
2026-06-22 17:00:00+00:00,ENTRY,FREE_SLEEVE,1,ACEUSDT,A,0.9037957597617753,156.39325282651845,0.0805,,,
2026-06-22 17:00:00+00:00,ENTRY,FREE_SLEEVE,2,XLMUSDT,A,0.9054041468411483,288.38188245720534,0.2071,,,
2026-06-22 19:00:00+00:00,EXIT,STOP,2,XLMUSDT,A,0.9054041468411483,288.38188245720534,0.20356778837767228,282.6142448080612,-0.02000000000000013,2.0
2026-06-22 20:00:00+00:00,EXIT,STOP,1,ACEUSDT,A,0.9037957597617753,156.39325282651845,0.0791270254196167,153.2653877699881,-0.019999999999999796,3.0
2026-06-23 02:00:00+00:00,ENTRY,FREE_SLEEVE,1,PHAUSDT,A,0.9015344639789433,153.2653877699881,0.0375,,,
2026-06-23 02:00:00+00:00,ENTRY,FREE_SLEEVE,2,WLDUSDT,A,0.9258543202186555,282.6142448080612,0.6154,,,
2026-06-23 05:00:00+00:00,EXIT,STOP,2,WLDUSDT,A,0.9258543202186555,282.6142448080612,0.6049039930836287,276.9619599119,-0.019999999999999796,3.0
2026-06-23 05:00:00+00:00,ENTRY,FREE_SLEEVE,2,INJUSDT,C,0.8460484937380371,276.9619599119,4.659,,,
2026-06-23 07:00:00+00:00,EXIT,STOP,1,PHAUSDT,A,0.9015344639789433,153.2653877699881,0.03686041556814442,150.20008001458834,-0.020000000000000018,5.0
2026-06-23 07:00:00+00:00,EXIT,STOP,2,INJUSDT,C,0.8460484937380371,276.9619599119,4.579538030186264,271.42272071366205,-0.019999999999999907,2.0
2026-06-23 15:00:00+00:00,ENTRY,FREE_SLEEVE,1,WLDUSDT,A,0.9094016676004885,150.20008001458834,0.5614,,,
2026-06-23 16:00:00+00:00,EXIT,STOP,1,WLDUSDT,A,0.9094016676004885,150.20008001458834,0.5518249946655008,147.19607841429655,-0.02000000000000013,1.0
2026-06-24 01:00:00+00:00,ENTRY,FREE_SLEEVE,1,WLDUSDT,A,0.9503719685088786,147.19607841429655,0.538,,,
2026-06-24 02:00:00+00:00,EXIT,STOP,1,WLDUSDT,A,0.9503719685088786,147.19607841429655,0.5288240953509787,144.25215684601062,-0.020000000000000018,1.0
2026-06-24 04:00:00+00:00,ENTRY,FREE_SLEEVE,1,WLDUSDT,A,0.9068571993629265,144.25215684601062,0.5182,,,
2026-06-24 05:00:00+00:00,EXIT,STOP,1,WLDUSDT,A,0.9068571993629265,144.25215684601062,0.5093617959309984,141.3671137090904,-0.020000000000000018,1.0
2026-06-24 05:00:00+00:00,ENTRY,FREE_SLEEVE,1,TIAUSDT,C,0.8402544081100692,141.3671137090904,0.3711,,,
2026-06-24 12:00:00+00:00,EXIT,STOP,1,TIAUSDT,C,0.8402544081100692,141.3671137090904,0.3647706724623572,138.53977143490863,-0.019999999999999796,7.0
2026-06-24 12:00:00+00:00,ENTRY,FREE_SLEEVE,1,INJUSDT,A,0.9437268516471289,138.53977143490863,4.338,,,
2026-06-24 14:00:00+00:00,EXIT,STOP,1,INJUSDT,A,0.9437268516471289,138.53977143490863,4.2640128729229465,135.76897600621044,-0.02000000000000013,2.0
2026-06-25 05:00:00+00:00,ENTRY,FREE_SLEEVE,1,ALICEUSDT,A,0.9163003508729108,135.76897600621044,0.1222,,,
2026-06-25 10:00:00+00:00,EXIT,STOP,1,ALICEUSDT,A,0.9163003508729108,135.76897600621044,0.12011580753139331,133.05359648608624,-0.019999999999999907,5.0
2026-06-25 13:00:00+00:00,ENTRY,FREE_SLEEVE,1,WLDUSDT,B,0.8907456209251094,133.05359648608624,0.5008,,,
2026-06-25 14:00:00+00:00,EXIT,STOP,1,WLDUSDT,B,0.8907456209251094,133.05359648608624,0.4922585631073794,130.39252455636452,-0.019999999999999907,1.0
2026-06-25 20:00:00+00:00,ENTRY,FREE_SLEEVE,1,PHAUSDT,A,0.9450549717450832,130.39252455636452,0.0314,,,
2026-06-26 03:00:00+00:00,EXIT,STOP,1,PHAUSDT,A,0.9450549717450832,130.39252455636452,0.030864454635726263,127.78467406523723,-0.020000000000000018,7.0
2026-06-26 03:00:00+00:00,ENTRY,FREE_SLEEVE,1,SANDUSDT,C,0.8399656794062947,127.78467406523723,0.04538,,,
2026-06-26 07:00:00+00:00,EXIT,TARGET,1,SANDUSDT,C,0.8399656794062947,127.78467406523723,0.04688183478195554,131.61821428719438,0.03000000000000025,4.0
2026-06-26 07:00:00+00:00,ENTRY,FREE_SLEEVE,1,SEIUSDT,A,0.9218304542720163,131.61821428719438,0.05382,,,
2026-06-26 08:00:00+00:00,ENTRY,FREE_SLEEVE,2,SYNUSDT,A,0.9313540831239747,271.42272071366205,0.29883,,,
2026-06-26 09:00:00+00:00,EXIT,TARGET,2,SYNUSDT,A,0.9313540831239747,271.42272071366205,0.3087196713947063,279.56540233507195,0.03000000000000025,1.0
2026-06-26 11:00:00+00:00,EXIT,STOP,1,SEIUSDT,A,0.9218304542720163,131.61821428719438,0.05290206842340088,128.9858500014505,-0.019999999999999907,4.0
2026-06-27 08:00:00+00:00,ENTRY,FREE_SLEEVE,1,MEMEUSDT,A,0.9325122835551188,128.9858500014505,0.000515,,,
2026-06-27 11:00:00+00:00,ENTRY,FREE_SLEEVE,2,ARUSDT,B,0.8801343039908668,279.56540233507195,1.863,,,
2026-06-27 12:00:00+00:00,EXIT,TARGET,1,MEMEUSDT,A,0.9325122835551188,128.9858500014505,0.0005320437398128493,132.855425501494,0.030000000000000027,4.0
2026-06-27 14:00:00+00:00,ENTRY,FREE_SLEEVE,1,OPUSDT,B,0.9131177874356163,132.855425501494,0.1034,,,
2026-06-27 18:00:00+00:00,EXIT,STOP,1,OPUSDT,B,0.9131177874356163,132.855425501494,0.10163645252656356,130.19831699146414,-0.019999999999999907,4.0
2026-06-27 18:00:00+00:00,ENTRY,FREE_SLEEVE,1,DOTUSDT,B,0.9066967609006419,130.19831699146414,0.834,,,
2026-06-27 20:00:00+00:00,EXIT,STOP,2,ARUSDT,B,0.8801343039908668,279.56540233507195,1.8312254454254149,273.97409428837057,-0.019999999999999796,9.0
2026-06-27 23:00:00+00:00,EXIT,STOP,1,DOTUSDT,B,0.9066967609006419,130.19831699146414,0.819775642235532,127.59435065163487,-0.019999999999999907,5.0
2026-06-27 23:00:00+00:00,ENTRY,FREE_SLEEVE,1,INJUSDT,A,0.9482934373624959,127.59435065163487,4.682,,,
2026-06-28 00:00:00+00:00,ENTRY,FREE_SLEEVE,2,QIUSDT,C,0.8394143492524305,273.97409428837057,0.00108,,,
2026-06-28 10:00:00+00:00,EXIT,TARGET,2,QIUSDT,C,0.8394143492524305,273.97409428837057,0.0011157422116463637,282.1933171170217,0.030000000000000027,10.0
2026-06-28 11:00:00+00:00,ENTRY,FREE_SLEEVE,2,AAVEUSDT,A,0.9205783073376981,282.1933171170217,88.99,,,
2026-06-28 17:00:00+00:00,EXIT,STOP,1,INJUSDT,A,0.9482934373624959,127.59435065163487,4.602145751734726,125.04246363860219,-0.019999999999999907,18.0
2026-06-28 18:00:00+00:00,ENTRY,FREE_SLEEVE,1,NEARUSDT,A,0.9382404024428836,125.04246363860219,1.821,,,
2026-06-28 23:00:00+00:00,EXIT,TARGET,2,AAVEUSDT,A,0.9205783073376981,282.1933171170217,91.93509205037954,290.65911663053237,0.030000000000000027,12.0
2026-06-29 04:00:00+00:00,EXIT,TARGET,1,NEARUSDT,A,0.9382404024428836,125.04246363860219,1.8812653401926183,128.79373754776026,0.030000000000000027,10.0
2026-06-29 05:00:00+00:00,ENTRY,FREE_SLEEVE,1,WLDUSDT,A,0.9032738169310112,128.79373754776026,0.4294,,,
2026-06-29 15:00:00+00:00,EXIT,STOP,1,WLDUSDT,A,0.9032738169310112,128.79373754776026,0.4220763318656324,126.21786279680505,-0.020000000000000018,10.0
2026-06-29 16:00:00+00:00,ENTRY,FREE_SLEEVE,1,ALGOUSDT,A,0.931761297452954,126.21786279680505,0.0859,,,
2026-06-29 16:00:00+00:00,ENTRY,FREE_SLEEVE,2,WLDUSDT,A,0.9598291210653698,290.65911663053237,0.4221,,,
2026-06-30 01:00:00+00:00,EXIT,STOP,2,WLDUSDT,A,0.9598291210653698,290.65911663053237,0.4149008376350336,284.8459342979217,-0.020000000000000018,9.0
2026-06-30 09:00:00+00:00,ENTRY,FREE_SLEEVE,2,OPUSDT,C,0.8636944100565431,284.8459342979217,0.0969,,,
2026-06-30 12:00:00+00:00,EXIT,STOP,1,ALGOUSDT,A,0.931761297452954,126.21786279680505,0.08443492526142951,123.69350554086897,-0.019999999999999796,20.0
2026-06-30 13:00:00+00:00,EXIT,STOP,2,OPUSDT,C,0.8636944100565431,284.8459342979217,0.0952473138280852,279.1490156119633,-0.019999999999999907,4.0
2026-06-30 15:00:00+00:00,ENTRY,FREE_SLEEVE,1,AAVEUSDT,C,0.8439288352441761,123.69350554086897,85.09,,,
2026-06-30 16:00:00+00:00,ENTRY,FREE_SLEEVE,2,ARUSDT,C,0.8504081001451376,279.1490156119633,1.913,,,
2026-07-01 00:00:00+00:00,EXIT,TARGET,2,ARUSDT,C,0.8504081001451376,279.1490156119633,1.9763100471106418,287.5234860803222,0.030000000000000027,8.0
2026-07-01 01:00:00+00:00,ENTRY,FREE_SLEEVE,2,TIAUSDT,B,0.8780607559923677,287.5234860803222,0.3524,,,
2026-07-01 03:00:00+00:00,EXIT,TARGET,1,AAVEUSDT,C,0.8439288352441761,123.69350554086897,87.90602295276766,127.40431070709505,0.030000000000000027,12.0
2026-07-01 04:00:00+00:00,EXIT,TARGET,2,TIAUSDT,B,0.8780607559923677,287.5234860803222,0.3640625512816468,296.1491906627319,0.030000000000000027,3.0
2026-07-01 09:00:00+00:00,ENTRY,FREE_SLEEVE,1,CHZUSDT,A,0.9306544926423193,127.40431070709505,0.0174,,,
2026-07-01 15:00:00+00:00,ENTRY,FREE_SLEEVE,2,SYNUSDT,A,0.900227047710301,296.1491906627319,0.47787,,,
2026-07-01 16:00:00+00:00,EXIT,TARGET,1,CHZUSDT,A,0.9306544926423193,127.40431070709505,0.017975846743191415,131.22644002830793,0.03000000000000025,7.0
2026-07-01 16:00:00+00:00,EXIT,STOP,2,SYNUSDT,A,0.900227047710301,296.1491906627319,0.4697196476679781,290.22620684947725,-0.020000000000000018,1.0
2026-07-01 16:00:00+00:00,ENTRY,FREE_SLEEVE,1,APEUSDT,A,0.9375982741224083,131.22644002830793,0.1418,,,
2026-07-01 18:00:00+00:00,ENTRY,FREE_SLEEVE,2,WLDUSDT,A,0.9697369872659598,290.22620684947725,0.3835,,,
2026-07-01 19:00:00+00:00,EXIT,STOP,2,WLDUSDT,A,0.9697369872659598,290.22620684947725,0.3769591832102237,284.4216827124877,-0.019999999999999907,1.0
2026-07-01 20:00:00+00:00,EXIT,STOP,1,APEUSDT,A,0.9375982741224083,131.22644002830793,0.13938151806834345,128.60191122774177,-0.020000000000000018,4.0
2026-07-01 20:00:00+00:00,ENTRY,FREE_SLEEVE,1,APEUSDT,A,0.9313113990802135,128.60191122774177,0.1385,,,
2026-07-01 20:00:00+00:00,ENTRY,FREE_SLEEVE,2,ARUSDT,A,0.9098640521920799,284.4216827124877,1.942,,,
2026-07-02 03:00:00+00:00,EXIT,TARGET,1,APEUSDT,A,0.9313113990802135,128.60191122774177,0.14308360769724202,132.459968564574,0.030000000000000027,7.0
2026-07-02 04:00:00+00:00,EXIT,TARGET,2,ARUSDT,A,0.9098640521920799,284.4216827124877,2.0062697916826275,292.95433319386234,0.030000000000000027,8.0
2026-07-02 06:00:00+00:00,ENTRY,FREE_SLEEVE,1,PHAUSDT,A,0.911784312311208,132.459968564574,0.0255,,,
2026-07-02 14:00:00+00:00,EXIT,TARGET,1,PHAUSDT,A,0.911784312311208,132.459968564574,0.02634391333053914,136.43376762151127,0.03000000000000025,8.0
2026-07-03 04:00:00+00:00,ENTRY,FREE_SLEEVE,1,GALAUSDT,C,0.9101473337177896,136.43376762151127,0.002298,,,
2026-07-03 04:00:00+00:00,ENTRY,FREE_SLEEVE,2,SHIBUSDT,C,0.8695244797027777,292.95433319386234,4.26e-06,,,
2026-07-03 09:00:00+00:00,EXIT,TARGET,1,GALAUSDT,C,0.9101473337177896,136.43376762151127,0.002374051483669762,140.52678065015658,0.029999999999999805,5.0
2026-07-03 12:00:00+00:00,ENTRY,FREE_SLEEVE,1,PENDLEUSDT,B,0.9155358130939506,140.52678065015658,1.492,,,
2026-07-03 20:00:00+00:00,EXIT,TARGET,2,SHIBUSDT,C,0.8695244797027777,292.95433319386234,4.4009831681606565e-06,301.7429631896782,0.030000000000000027,16.0
2026-07-03 20:00:00+00:00,ENTRY,FREE_SLEEVE,2,ARUSDT,B,0.9303814248091344,301.7429631896782,2.019,,,
2026-07-04 01:00:00+00:00,EXIT,STOP,1,PENDLEUSDT,B,0.9155358130939506,140.52678065015658,1.4665530674045728,137.71624503715347,-0.019999999999999907,13.0
2026-07-04 01:00:00+00:00,ENTRY,FREE_SLEEVE,1,PENDLEUSDT,A,0.9226711596233497,137.71624503715347,1.456,,,
2026-07-04 12:00:00+00:00,EXIT,TARGET,2,ARUSDT,B,0.9303814248091344,301.7429631896782,2.085818078994452,310.7952520853686,0.030000000000000027,16.0
2026-07-04 20:00:00+00:00,ENTRY,FREE_SLEEVE,2,SYNUSDT,A,0.9152775667759535,310.7952520853686,0.3927,,,
2026-07-04 21:00:00+00:00,EXIT,STOP,2,SYNUSDT,A,0.9152775667759535,310.7952520853686,0.3860022718296084,304.57934704366124,-0.019999999999999907,1.0
2026-07-04 23:00:00+00:00,ENTRY,FREE_SLEEVE,2,FETUSDT,C,0.8420267490066511,304.57934704366124,0.1844,,,
2026-07-05 01:00:00+00:00,EXIT,STOP,2,FETUSDT,C,0.8420267490066511,304.57934704366124,0.1812549501537555,298.487760102788,-0.020000000000000018,2.0
2026-07-05 03:00:00+00:00,ENTRY,FREE_SLEEVE,2,INJUSDT,C,0.840670954892358,298.487760102788,4.738,,,
2026-07-05 06:00:00+00:00,EXIT,STOP,1,PENDLEUSDT,A,0.9226711596233497,137.71624503715347,1.431167068459154,134.9619201364104,-0.019999999999999907,29.0
2026-07-05 06:00:00+00:00,ENTRY,FREE_SLEEVE,1,GALAUSDT,C,0.8561084936707518,134.9619201364104,0.002298,,,
2026-07-05 10:00:00+00:00,EXIT,STOP,2,INJUSDT,C,0.840670954892358,298.487760102788,4.657190638983155,292.51800490073225,-0.020000000000000018,7.0
2026-07-05 11:00:00+00:00,ENTRY,FREE_SLEEVE,2,PENDLEUSDT,A,0.9073448265689918,292.51800490073225,1.392,,,
2026-07-06 06:00:00+00:00,EXIT,STOP,1,GALAUSDT,C,0.8561084936707518,134.9619201364104,0.0022588062660158902,132.2626817336822,-0.020000000000000018,24.0
2026-07-06 16:00:00+00:00,EXIT,TARGET,2,PENDLEUSDT,A,0.9073448265689918,292.51800490073225,1.4380677394553132,301.29354504775426,0.03000000000000025,29.0
2026-07-06 19:00:00+00:00,ENTRY,FREE_SLEEVE,1,SYNUSDT,A,0.9119779247562861,132.2626817336822,0.36948,,,
2026-07-06 21:00:00+00:00,EXIT,STOP,1,SYNUSDT,A,0.9119779247562861,132.2626817336822,0.36317830250981337,129.61742809900858,-0.019999999999999796,2.0
2026-07-07 09:00:00+00:00,ENTRY,FREE_SLEEVE,1,BONKUSDT,B,0.8832554698289592,129.61742809900858,4.26e-06,,,
2026-07-07 11:00:00+00:00,ENTRY,FREE_SLEEVE,2,WLDUSDT,C,0.8497248015276804,301.29354504775426,0.392,,,
2026-07-07 14:00:00+00:00,EXIT,STOP,2,WLDUSDT,C,0.8497248015276804,301.29354504775426,0.385314210739003,295.2676741467992,-0.019999999999999907,3.0
2026-07-07 14:00:00+00:00,ENTRY,FREE_SLEEVE,2,WLDUSDT,B,0.8930536375186736,295.2676741467992,0.3856,,,
2026-07-07 17:00:00+00:00,EXIT,TARGET,2,WLDUSDT,B,0.8930536375186736,295.2676741467992,0.39836129334336834,304.12570437120326,0.03000000000000025,3.0
2026-07-07 17:00:00+00:00,ENTRY,FREE_SLEEVE,2,MOVRUSDT,A,0.9035254033386003,304.12570437120326,1.394,,,
2026-07-07 19:00:00+00:00,EXIT,STOP,1,BONKUSDT,B,0.8832554698289592,129.61742809900858,4.187343208541207e-06,127.0250795370284,-0.020000000000000018,10.0
2026-07-07 19:00:00+00:00,EXIT,STOP,2,MOVRUSDT,A,0.9035254033386003,304.12570437120326,1.370224514719822,298.04319028377915,-0.02000000000000013,2.0
2026-07-07 20:00:00+00:00,ENTRY,FREE_SLEEVE,1,AAVEUSDT,A,0.9109783294821364,127.0250795370284,91.17,,,
2026-07-08 01:00:00+00:00,EXIT,STOP,1,AAVEUSDT,A,0.9109783294821364,127.0250795370284,89.61504232927273,124.48457794628786,-0.019999999999999796,5.0
2026-07-08 03:00:00+00:00,ENTRY,FREE_SLEEVE,1,OPUSDT,B,0.879980750362584,124.48457794628786,0.0996,,,
2026-07-08 04:00:00+00:00,ENTRY,FREE_SLEEVE,2,TRBUSDT,C,0.8427918657180754,298.04319028377915,16.02,,,
2026-07-08 09:00:00+00:00,EXIT,STOP,1,OPUSDT,B,0.879980750362584,124.48457794628786,0.09790126374899158,121.99488638736209,-0.02000000000000013,6.0
2026-07-08 09:00:00+00:00,EXIT,STOP,2,TRBUSDT,C,0.8427918657180754,298.04319028377915,15.7467695307113,292.0823264781036,-0.019999999999999907,5.0
2026-07-08 10:00:00+00:00,ENTRY,FREE_SLEEVE,1,BONKUSDT,A,0.9098337347244949,121.99488638736209,3.94e-06,,,
2026-07-08 12:00:00+00:00,ENTRY,FREE_SLEEVE,2,ENJUSDT,A,0.9010049447027514,292.0823264781036,0.02785,,,
2026-07-08 14:00:00+00:00,EXIT,TARGET,1,BONKUSDT,A,0.9098337347244949,121.99488638736209,4.0703928832284005e-06,125.65473297898295,0.030000000000000027,4.0
2026-07-08 14:00:00+00:00,ENTRY,FREE_SLEEVE,1,ALICEUSDT,B,0.8996768930443552,125.65473297898295,0.121,,,
2026-07-08 16:00:00+00:00,EXIT,STOP,2,ENJUSDT,A,0.9010049447027514,292.0823264781036,0.027375001961941925,286.24067994854147,-0.02000000000000024,4.0
2026-07-08 16:00:00+00:00,ENTRY,FREE_SLEEVE,2,FETUSDT,C,0.8767359474442096,286.24067994854147,0.1551,,,
2026-07-09 01:00:00+00:00,EXIT,TARGET,2,FETUSDT,C,0.8767359474442096,286.24067994854147,0.16023297872810277,294.82790034699775,0.030000000000000027,9.0
2026-07-09 03:00:00+00:00,ENTRY,FREE_SLEEVE,2,SYNUSDT,A,0.9141095032283608,294.82790034699775,0.3445,,,
2026-07-09 08:00:00+00:00,EXIT,TARGET,2,SYNUSDT,A,0.9141095032283608,294.82790034699775,0.3559011036223817,303.6727373574077,0.030000000000000027,5.0
2026-07-09 10:00:00+00:00,ENTRY,FREE_SLEEVE,2,GLMRUSDT,A,0.9257024704410354,303.6727373574077,0.0088,,,
2026-07-09 12:00:00+00:00,EXIT,TARGET,2,GLMRUSDT,A,0.9257024704410354,303.6727373574077,0.009091232835637036,312.78291947812994,0.030000000000000027,2.0
2026-07-09 17:00:00+00:00,EXIT,STOP,1,ALICEUSDT,B,0.8996768930443552,125.65473297898295,0.11893627423321268,123.14163831940331,-0.019999999999999796,27.0
2026-07-09 18:00:00+00:00,ENTRY,FREE_SLEEVE,1,LDOUSDT,C,0.8523632912103507,123.14163831940331,0.3069,,,
2026-07-09 20:00:00+00:00,EXIT,STOP,1,LDOUSDT,C,0.8523632912103507,123.14163831940331,0.301665641009694,120.67880555301524,-0.02000000000000013,2.0
2026-07-09 20:00:00+00:00,ENTRY,FREE_SLEEVE,1,LDOUSDT,B,0.8900366077286309,120.67880555301524,0.298,,,
2026-07-10 02:00:00+00:00,EXIT,TARGET,1,LDOUSDT,B,0.8900366077286309,120.67880555301524,0.3078622028431633,124.2991697196057,0.030000000000000027,6.0
2026-07-10 10:00:00+00:00,ENTRY,FREE_SLEEVE,1,SYNUSDT,A,0.9402903345515291,124.2991697196057,0.34213,,,
2026-07-10 12:00:00+00:00,EXIT,STOP,1,SYNUSDT,A,0.9402903345515291,124.2991697196057,0.33629477275544667,121.81318632521358,-0.020000000000000018,2.0
2026-07-10 15:00:00+00:00,ENTRY,FREE_SLEEVE,1,PENDLEUSDT,C,0.8392660326365584,121.81318632521358,1.511,,,
2026-07-10 16:00:00+00:00,EXIT,STOP,1,PENDLEUSDT,C,0.8392660326365584,121.81318632521358,1.4852290112924327,119.37692259870931,-0.019999999999999907,1.0
2026-07-10 17:00:00+00:00,ENTRY,FREE_SLEEVE,1,SYNUSDT,A,0.9374169708636211,119.37692259870931,0.31102,,,
2026-07-10 18:00:00+00:00,EXIT,STOP,1,SYNUSDT,A,0.9374169708636211,119.37692259870931,0.3057153720001141,116.98938414673513,-0.019999999999999907,1.0
2026-07-10 19:00:00+00:00,ENTRY,FREE_SLEEVE,1,NEARUSDT,A,0.9018143137901357,116.98938414673513,1.863,,,
2026-07-10 19:00:00+00:00,ENTRY,FREE_SLEEVE,2,TIAUSDT,A,0.9103771587538609,312.78291947812994,0.3953,,,
2026-07-11 04:00:00+00:00,EXIT,TARGET,2,TIAUSDT,A,0.9103771587538609,312.78291947812994,0.40838231135537734,322.16640706247387,0.030000000000000027,9.0
2026-07-11 04:00:00+00:00,ENTRY,FREE_SLEEVE,2,SYNUSDT,A,0.9051114005711322,322.16640706247387,0.28796,,,
2026-07-11 05:00:00+00:00,EXIT,TARGET,2,SYNUSDT,A,0.9051114005711322,322.16640706247387,0.2974899326534138,331.8313992743482,0.03000000000000047,1.0
2026-07-11 11:00:00+00:00,ENTRY,FREE_SLEEVE,2,GALAUSDT,B,0.9047023622635353,331.8313992743482,0.002126,,,
2026-07-12 00:00:00+00:00,EXIT,STOP,2,GALAUSDT,B,0.9047023622635353,331.8313992743482,0.0020897398266100015,325.19477128886126,-0.019999999999999907,13.0
2026-07-12 08:00:00+00:00,ENTRY,FREE_SLEEVE,2,IOTAUSDT,A,0.9000672770525283,325.19477128886126,0.0381,,,
2026-07-12 13:00:00+00:00,EXIT,REPLACED_AFTER_24H,1,NEARUSDT,A,0.9018143137901357,116.98938414673513,1.887,118.14153689685773,0.009848352981134623,42.0
2026-07-12 13:00:00+00:00,ENTRY,FREE_SLEEVE,1,INJUSDT,C,0.8856136787625739,118.14153689685773,4.85,,,
2026-07-12 17:00:00+00:00,EXIT,TARGET,2,IOTAUSDT,A,0.9000672770525283,325.19477128886126,0.039360905799746715,334.9506144275271,0.030000000000000027,9.0
2026-07-12 19:00:00+00:00,ENTRY,FREE_SLEEVE,2,ARBUSDT,A,0.9320867752685612,334.9506144275271,0.0936,,,
2026-07-13 01:00:00+00:00,EXIT,STOP,2,ARBUSDT,A,0.9320867752685612,334.9506144275271,0.09200359725808849,328.25160213897664,-0.019999999999999796,6.0
2026-07-13 03:00:00+00:00,EXIT,STOP,1,INJUSDT,C,0.8856136787625739,118.14153689685773,4.7672804134800115,115.77870615892057,-0.020000000000000018,14.0
2026-07-13 15:00:00+00:00,ENTRY,FREE_SLEEVE,1,SYNUSDT,B,0.9068020118050852,115.77870615892057,0.2555,,,
2026-07-13 16:00:00+00:00,EXIT,STOP,1,SYNUSDT,B,0.9068020118050852,115.77870615892057,0.2511422980709574,113.46313203574218,-0.019999999999999796,1.0
2026-07-13 16:00:00+00:00,ENTRY,FREE_SLEEVE,1,BONKUSDT,C,0.839388073879119,113.46313203574218,3.87e-06,,,
2026-07-13 17:00:00+00:00,EXIT,STOP,1,BONKUSDT,C,0.839388073879119,113.46313203574218,3.803994886632505e-06,111.19386939502735,-0.019999999999999907,1.0
2026-07-13 17:00:00+00:00,ENTRY,FREE_SLEEVE,1,PENDLEUSDT,A,0.9064253297655471,111.19386939502735,1.454,,,
2026-07-13 20:00:00+00:00,ENTRY,FREE_SLEEVE,2,SYNUSDT,A,0.9119015265099991,328.25160213897664,0.24053,,,
2026-07-13 21:00:00+00:00,EXIT,STOP_AMBIGUOUS_BAR,2,SYNUSDT,A,0.9119015265099991,328.25160213897664,0.23642762017615407,321.6865700961971,-0.020000000000000018,1.0
2026-07-13 21:00:00+00:00,ENTRY,FREE_SLEEVE,2,ZECUSDT,C,0.842911987835155,321.6865700961971,495.21,,,
2026-07-14 13:00:00+00:00,EXIT,TARGET,1,PENDLEUSDT,A,0.9064253297655471,111.19386939502735,1.5021196071609375,114.5296854768782,0.03000000000000025,20.0
2026-07-14 13:00:00+00:00,EXIT,TARGET,2,ZECUSDT,C,0.842911987835155,321.6865700961971,511.59879687907005,331.33716719908296,0.029999999999999805,16.0
2026-07-15 08:00:00+00:00,ENTRY,FREE_SLEEVE,1,UNIUSDT,B,0.8780521752034262,114.5296854768782,3.593,,,
2026-07-15 15:00:00+00:00,ENTRY,FREE_SLEEVE,2,CRVUSDT,C,0.8563163989747101,331.33716719908296,0.2181,,,
2026-07-15 17:00:00+00:00,EXIT,STOP,2,CRVUSDT,C,0.8563163989747101,331.33716719908296,0.21438017694432798,324.71042385510134,-0.019999999999999907,2.0
2026-07-16 01:00:00+00:00,ENTRY,FREE_SLEEVE,2,SYNUSDT,A,0.9113784281382198,324.71042385510134,0.24598,,,
2026-07-16 02:00:00+00:00,EXIT,TARGET,1,UNIUSDT,B,0.8780521752034262,114.5296854768782,3.7119090430049853,117.96557604118456,0.03000000000000025,18.0
2026-07-16 04:00:00+00:00,ENTRY,FREE_SLEEVE,1,WLDUSDT,C,0.8424763291351872,117.96557604118456,0.4009,,,
2026-07-16 05:00:00+00:00,EXIT,STOP,2,SYNUSDT,A,0.9113784281382198,324.71042385510134,0.2417846672387244,318.2162153779992,-0.02000000000000024,4.0
2026-07-16 06:00:00+00:00,ENTRY,FREE_SLEEVE,2,SYNUSDT,A,0.926662771639618,318.2162153779992,0.23599,,,
2026-07-16 08:00:00+00:00,EXIT,STOP,2,SYNUSDT,A,0.926662771639618,318.2162153779992,0.23196505253137073,311.8518910704392,-0.02000000000000013,2.0
2026-07-16 08:00:00+00:00,ENTRY,FREE_SLEEVE,2,BONKUSDT,C,0.8494549618903727,311.8518910704392,3.56e-06,,,
2026-07-16 09:00:00+00:00,EXIT,STOP,1,WLDUSDT,C,0.8424763291351872,117.96557604118456,0.3940624160338426,115.60626452036087,-0.020000000000000018,5.0
2026-07-16 16:00:00+00:00,ENTRY,FREE_SLEEVE,1,SYNUSDT,C,0.895665400329911,115.60626452036087,0.22913,,,
2026-07-16 17:00:00+00:00,EXIT,STOP,1,SYNUSDT,C,0.895665400329911,115.60626452036087,0.22522205384343819,113.29413922995364,-0.020000000000000018,1.0
2026-07-16 17:00:00+00:00,EXIT,STOP,2,BONKUSDT,C,0.8494549618903727,311.8518910704392,3.4992821179358443e-06,305.6148532490304,-0.02000000000000013,9.0
2026-07-16 17:00:00+00:00,ENTRY,FREE_SLEEVE,1,BONKUSDT,A,0.9083231738159707,113.29413922995364,3.53e-06,,,
2026-07-16 19:00:00+00:00,EXIT,STOP,1,BONKUSDT,A,0.9083231738159707,113.29413922995364,3.4697937854813286e-06,111.02825644535457,-0.020000000000000018,2.0
2026-07-16 19:00:00+00:00,ENTRY,FREE_SLEEVE,1,INJUSDT,C,0.8491653360315444,111.02825644535457,4.963,,,
2026-07-17 00:00:00+00:00,EXIT,STOP,1,INJUSDT,C,0.8491653360315444,111.02825644535457,4.8783531323920215,108.80769131644749,-0.019999999999999907,5.0
2026-07-17 00:00:00+00:00,ENTRY,FREE_SLEEVE,1,UNIUSDT,A,0.905943957442001,108.80769131644749,3.539,,,
2026-07-17 00:00:00+00:00,ENTRY,FREE_SLEEVE,2,ZECUSDT,A,0.9152217693744119,305.6148532490304,523.75,,,
2026-07-17 04:00:00+00:00,EXIT,TARGET,2,ZECUSDT,A,0.9152217693744119,305.6148532490304,541.0833179164656,314.78329884650134,0.03000000000000025,4.0
2026-07-17 05:00:00+00:00,ENTRY,FREE_SLEEVE,2,BONKUSDT,A,0.9138900584622838,314.78329884650134,3.3e-06,,,
2026-07-17 13:00:00+00:00,EXIT,STOP,2,BONKUSDT,A,0.9138900584622838,314.78329884650134,3.2437165699967094e-06,308.4876328695713,-0.020000000000000018,8.0
2026-07-17 14:00:00+00:00,EXIT,STOP,1,UNIUSDT,A,0.905943957442001,108.80769131644749,3.478640285217684,106.63153749011855,-0.019999999999999907,14.0
2026-07-17 14:00:00+00:00,ENTRY,FREE_SLEEVE,1,WLDUSDT,A,0.9145523571361438,106.63153749011855,0.3763,,,
2026-07-17 15:00:00+00:00,ENTRY,FREE_SLEEVE,2,BONKUSDT,A,0.9346238837376425,308.4876328695713,3.18e-06,,,
2026-07-17 22:00:00+00:00,EXIT,TARGET,1,WLDUSDT,A,0.9145523571361438,106.63153749011855,0.38875351318752466,109.83048361482211,0.030000000000000027,8.0
2026-07-17 22:00:00+00:00,EXIT,STOP,2,BONKUSDT,A,0.9346238837376425,308.4876328695713,3.125763240178647e-06,302.31788021217983,-0.02000000000000024,7.0
2026-07-18 05:00:00+00:00,ENTRY,FREE_SLEEVE,1,BONKUSDT,C,0.8645633495000157,109.83048361482211,3.01e-06,,,
2026-07-18 10:00:00+00:00,ENTRY,FREE_SLEEVE,2,LDOUSDT,A,0.919910447831158,302.31788021217983,0.3604,,,
2026-07-18 12:00:00+00:00,EXIT,STOP,1,BONKUSDT,C,0.8645633495000157,109.83048361482211,2.958662689603059e-06,107.63387394252567,-0.020000000000000018,7.0
2026-07-18 12:00:00+00:00,ENTRY,FREE_SLEEVE,1,BONKUSDT,B,0.927511870442027,107.63387394252567,2.97e-06,,,
2026-07-18 14:00:00+00:00,EXIT,STOP,1,BONKUSDT,B,0.927511870442027,107.63387394252567,2.9193449129970383e-06,105.48119646367516,-0.019999999999999907,2.0
2026-07-18 16:00:00+00:00,ENTRY,FREE_SLEEVE,1,ARBUSDT,A,0.9007436643220692,105.48119646367516,0.0886,,,
2026-07-18 20:00:00+00:00,EXIT,STOP,2,LDOUSDT,A,0.919910447831158,302.31788021217983,0.3542531672202467,296.2715226079362,-0.020000000000000018,10.0
2026-07-19 17:00:00+00:00,ENTRY,FREE_SLEEVE,2,WLDUSDT,B,0.9030799665929968,296.2715226079362,0.363,,,
2026-07-19 18:00:00+00:00,EXIT,STOP,2,WLDUSDT,B,0.9030799665929968,296.2715226079362,0.3568088226996381,290.3460921557775,-0.019999999999999907,1.0
2026-07-19 23:00:00+00:00,ENTRY,FREE_SLEEVE,2,ZECUSDT,A,0.9203104387168496,290.3460921557775,545.5,,,
2026-07-20 00:00:00+00:00,EXIT,REPLACED_AFTER_24H,1,ARBUSDT,A,0.9007436643220692,105.48119646367516,0.0891,105.75871020875603,0.0026309309562717598,32.0
2026-07-20 00:00:00+00:00,ENTRY,FREE_SLEEVE,1,BONKUSDT,A,0.9246917300256974,105.75871020875603,2.78e-06,,,
2026-07-20 02:00:00+00:00,EXIT,STOP,1,BONKUSDT,A,0.9246917300256974,105.75871020875603,2.73258547411844e-06,103.6435360045809,-0.02000000000000013,2.0
2026-07-20 02:00:00+00:00,ENTRY,FREE_SLEEVE,1,BONKUSDT,B,0.8821919072233481,103.6435360045809,2.75e-06,,,
2026-07-20 03:00:00+00:00,EXIT,STOP,2,ZECUSDT,A,0.9203104387168496,290.3460921557775,536.1961784646077,284.539170312662,-0.019999999999999796,4.0
2026-07-20 08:00:00+00:00,EXIT,TARGET,1,BONKUSDT,B,0.8821919072233481,103.6435360045809,2.8410102611365737e-06,106.75284208471832,0.030000000000000027,6.0
2026-07-21 07:00:00+00:00,ENTRY,FREE_SLEEVE,1,ALICEUSDT,A,0.9012747366003259,106.75284208471832,0.1229,,,
2026-07-21 10:00:00+00:00,EXIT,STOP,1,ALICEUSDT,A,0.9012747366003259,106.75284208471832,0.12080386862199866,104.61778524302395,-0.02000000000000013,3.0
2026-07-21 10:00:00+00:00,ENTRY,FREE_SLEEVE,1,SYNUSDT,A,0.9130276414719297,104.61778524302395,0.1992,,,
2026-07-21 13:00:00+00:00,EXIT,STOP,1,SYNUSDT,A,0.9130276414719297,104.61778524302395,0.19580252749798316,102.52542953816345,-0.02000000000000013,3.0
2026-07-21 13:00:00+00:00,ENTRY,FREE_SLEEVE,1,SYNUSDT,A,0.9360803775875511,102.52542953816345,0.19495,,,
2026-07-21 16:00:00+00:00,EXIT,STOP_AMBIGUOUS_BAR,1,SYNUSDT,A,0.9360803775875511,102.52542953816345,0.1916250137335935,100.4749209474002,-0.019999999999999907,3.0
2026-07-21 19:00:00+00:00,ENTRY,FREE_SLEEVE,1,ACEUSDT,A,0.9121691589230627,100.4749209474002,0.0943,,,
2026-07-21 19:00:00+00:00,ENTRY,FREE_SLEEVE,2,ZECUSDT,C,0.840429811879617,284.539170312662,533.98,,,
2026-07-21 23:00:00+00:00,EXIT,STOP,1,ACEUSDT,A,0.9121691589230627,100.4749209474002,0.09269165834869385,98.46542252845221,-0.019999999999999796,4.0
2026-07-21 23:00:00+00:00,ENTRY,FREE_SLEEVE,1,BONKUSDT,C,0.8433124736478906,98.46542252845221,3e-06,,,
2026-07-22 04:00:00+00:00,EXIT,STOP,2,ZECUSDT,C,0.840429811879617,284.539170312662,524.8726588020736,278.84838690640873,-0.02000000000000013,9.0
2026-07-22 04:00:00+00:00,ENTRY,FREE_SLEEVE,2,ZECUSDT,A,0.9112259778456396,278.84838690640873,520.74,,,
2026-07-22 08:00:00+00:00,EXIT,STOP,2,ZECUSDT,A,0.9112259778456396,278.84838690640873,511.8584747454807,273.2714191682805,-0.02000000000000024,4.0
2026-07-22 11:00:00+00:00,ENTRY,FREE_SLEEVE,2,SYNUSDT,A,0.9439946982187447,273.2714191682805,0.18921,,,
2026-07-22 12:00:00+00:00,EXIT,TARGET,1,BONKUSDT,C,0.8433124736478906,98.46542252845221,3.099283921239899e-06,101.41938520430577,0.030000000000000027,13.0
2026-07-22 12:00:00+00:00,EXIT,STOP,2,SYNUSDT,A,0.9439946982187447,273.2714191682805,0.1859829127906295,267.8059907849149,-0.019999999999999907,1.0
2026-07-22 14:00:00+00:00,ENTRY,FREE_SLEEVE,1,SYNUSDT,A,0.9344397598696745,101.41938520430577,0.18896,,,
2026-07-22 16:00:00+00:00,ENTRY,FREE_SLEEVE,2,ZECUSDT,A,0.9265169265234227,267.8059907849149,508.08,,,
2026-07-22 18:00:00+00:00,EXIT,STOP,1,SYNUSDT,A,0.9344397598696745,101.41938520430577,0.18573717668684186,99.39099750021965,-0.020000000000000018,4.0
2026-07-22 19:00:00+00:00,ENTRY,FREE_SLEEVE,1,SYNUSDT,A,0.9305262999081902,99.39099750021965,0.1851,,,
2026-07-23 00:00:00+00:00,EXIT,STOP,1,SYNUSDT,A,0.9305262999081902,99.39099750021965,0.1819430112443609,97.40317755021528,-0.019999999999999907,5.0
2026-07-23 02:00:00+00:00,ENTRY,FREE_SLEEVE,1,ONEUSDT,A,0.9140624047674746,97.40317755021528,0.00128,,,
2026-07-23 05:00:00+00:00,EXIT,TARGET,1,ONEUSDT,A,0.9140624047674746,97.40317755021528,0.0013223611397290235,100.32527287672175,0.03000000000000025,3.0
2026-07-23 07:00:00+00:00,ENTRY,FREE_SLEEVE,1,ACEUSDT,C,0.8442695899856199,100.32527287672175,0.0842,,,
2026-07-23 10:00:00+00:00,EXIT,TARGET,1,ACEUSDT,C,0.8442695899856199,100.32527287672175,0.08698656872279982,103.33503106302342,0.03000000000000025,3.0
2026-07-23 10:00:00+00:00,ENTRY,FREE_SLEEVE,1,SYNUSDT,C,0.8550137147418163,103.33503106302342,0.14482,,,
2026-07-23 11:00:00+00:00,EXIT,STOP_AMBIGUOUS_BAR,1,SYNUSDT,C,0.8550137147418163,103.33503106302342,0.14235001020209803,101.26833044176297,-0.019999999999999796,1.0
2026-07-23 20:00:00+00:00,EXIT,STOP,2,ZECUSDT,A,0.9265169265234227,267.8059907849149,499.4143984496752,262.44987096921665,-0.019999999999999907,28.0
2026-07-24 05:00:00+00:00,ENTRY,FREE_SLEEVE,1,GLMRUSDT,A,0.9272738889899934,101.26833044176297,0.008371,,,
2026-07-24 22:00:00+00:00,ENTRY,FREE_SLEEVE,2,WLDUSDT,C,0.8470538138970183,262.44987096921665,0.342,,,
2026-07-25 05:00:00+00:00,EXIT,TARGET,1,GLMRUSDT,A,0.9272738889899934,101.26833044176297,0.00864803523489973,104.30638035501585,0.029999999999999805,24.0
2026-07-25 16:00:00+00:00,ENTRY,FREE_SLEEVE,1,ACEUSDT,A,0.9032617265611702,104.30638035501585,0.0858,,,
2026-07-25 20:00:00+00:00,EXIT,TARGET,1,ACEUSDT,A,0.9032617265611702,104.30638035501585,0.08863952014746111,107.43557176566634,0.03000000000000025,4.0
2026-07-26 03:00:00+00:00,EXIT,STOP,2,WLDUSDT,C,0.8470538138970183,262.44987096921665,0.33616698998147715,257.2008735498323,-0.02000000000000013,29.0
2026-07-26 03:00:00+00:00,ENTRY,FREE_SLEEVE,1,WLDUSDT,A,0.9311904708681074,107.43557176566634,0.3374,,,
2026-07-26 05:00:00+00:00,EXIT,STOP,1,WLDUSDT,A,0.9311904708681074,107.43557176566634,0.3316454456717847,105.28686033035301,-0.020000000000000018,2.0
2026-07-26 07:00:00+00:00,ENTRY,FREE_SLEEVE,1,INJUSDT,C,0.84450329122365,105.28686033035301,4.913,,,
2026-07-26 09:00:00+00:00,ENTRY,FREE_SLEEVE,2,SYNUSDT,A,0.92653897947455,257.2008735498323,0.1584,,,
2026-07-26 11:00:00+00:00,EXIT,STOP,2,SYNUSDT,A,0.92653897947455,257.2008735498323,0.15569839535984206,252.05685607883566,-0.019999999999999907,2.0
2026-07-26 13:00:00+00:00,ENTRY,FREE_SLEEVE,2,SYNUSDT,A,0.9210418131870871,252.05685607883566,0.15146,,,
2026-07-26 14:00:00+00:00,EXIT,STOP,2,SYNUSDT,A,0.9210418131870871,252.05685607883566,0.1488767611186975,247.01571895725897,-0.019999999999999907,1.0
2026-07-26 23:00:00+00:00,ENTRY,FREE_SLEEVE,2,SYNUSDT,A,0.9377712045776869,247.01571895725897,0.14631,,,
2026-07-27 00:00:00+00:00,EXIT,STOP,2,SYNUSDT,A,0.9377712045776869,247.01571895725897,0.1438145973806723,242.0754045781138,-0.020000000000000018,1.0
2026-07-27 07:00:00+00:00,ENTRY,FREE_SLEEVE,2,ACEUSDT,B,0.916258666448665,242.0754045781138,0.0793,,,
2026-07-27 15:00:00+00:00,EXIT,STOP,1,INJUSDT,C,0.84450329122365,105.28686033035301,4.829205911634496,103.18112312374598,-0.019999999999999685,32.0
2026-07-27 17:00:00+00:00,EXIT,TARGET,2,ACEUSDT,B,0.916258666448665,242.0754045781138,0.08192440498477466,249.3376667154572,0.030000000000000027,10.0
2026-07-28 05:00:00+00:00,ENTRY,FREE_SLEEVE,1,WLDUSDT,C,0.8577381593579047,103.18112312374598,0.3211,,,
2026-07-28 13:00:00+00:00,ENTRY,FREE_SLEEVE,2,API3USDT,C,0.8419715619485701,249.3376667154572,0.2007,,,
2026-07-28 16:00:00+00:00,EXIT,STOP,2,API3USDT,C,0.8419715619485701,249.3376667154572,0.19727694412070898,244.35091338114808,-0.019999999999999907,3.0
2026-07-28 18:00:00+00:00,ENTRY,FREE_SLEEVE,2,ACEUSDT,A,0.9383288549180302,244.35091338114808,0.0741,,,
2026-07-28 21:00:00+00:00,EXIT,STOP,2,ACEUSDT,A,0.9383288549180302,244.35091338114808,0.07283618116265338,239.4638951135251,-0.020000000000000018,3.0
2026-07-28 21:00:00+00:00,ENTRY,FREE_SLEEVE,2,ACEUSDT,A,0.9432224858979747,239.4638951135251,0.0732,,,
2026-07-28 23:00:00+00:00,EXIT,STOP,1,WLDUSDT,C,0.8577381593579047,103.18112312374598,0.31562345170483136,101.11750066127107,-0.019999999999999907,18.0
2026-07-28 23:00:00+00:00,EXIT,STOP,2,ACEUSDT,A,0.9432224858979747,239.4638951135251,0.07195153118901793,234.67461721125457,-0.02000000000000013,2.0
2026-07-29 00:00:00+00:00,ENTRY,FREE_SLEEVE,1,SYNUSDT,A,0.9447543841766668,101.11750066127107,0.13542,,,
2026-07-29 01:00:00+00:00,ENTRY,FREE_SLEEVE,2,LDOUSDT,C,0.8396556852797346,234.67461721125457,0.3644,,,
2026-07-29 02:00:00+00:00,EXIT,STOP,1,SYNUSDT,A,0.9447543841766668,101.11750066127107,0.13311033269968317,99.09515064804566,-0.019999999999999796,2.0
2026-07-29 03:00:00+00:00,ENTRY,FREE_SLEEVE,1,SYNUSDT,B,0.8780137849179692,99.09515064804566,0.13057,,,
2026-07-29 05:00:00+00:00,EXIT,STOP,1,SYNUSDT,B,0.8780137849179692,99.09515064804566,0.12834305228620313,97.11324763508475,-0.020000000000000018,2.0
2026-07-29 05:00:00+00:00,EXIT,STOP,2,LDOUSDT,C,0.8396556852797346,234.67461721125457,0.35818494488084873,229.98112486702948,-0.020000000000000018,4.0
2026-07-29 21:00:00+00:00,ENTRY,FREE_SLEEVE,1,APEUSDT,C,0.8565400193664995,97.11324763508475,0.1381,,,
2026-07-30 04:00:00+00:00,ENTRY,FREE_SLEEVE,2,SYNUSDT,A,0.9026473841001996,229.98112486702948,0.12475,,,
2026-07-30 06:00:00+00:00,EXIT,STOP,2,SYNUSDT,A,0.9026473841001996,229.98112486702948,0.12262231579002712,225.3815023696889,-0.020000000000000018,2.0
2026-07-30 11:00:00+00:00,ENTRY,FREE_SLEEVE,2,SYNUSDT,A,0.9535742322749046,225.3815023696889,0.1182,,,
2026-07-30 12:00:00+00:00,EXIT,STOP,2,SYNUSDT,A,0.9535742322749046,225.3815023696889,0.11618402987079124,220.87387232229514,-0.019999999999999907,1.0
2026-07-30 16:00:00+00:00,ENTRY,FREE_SLEEVE,2,BONKUSDT,A,0.9012223037578629,220.87387232229514,2.9e-06,,,
2026-07-30 17:00:00+00:00,EXIT,STOP,1,APEUSDT,C,0.8565400193664995,97.11324763508475,0.13574462373228655,95.17098268238307,-0.019999999999999796,20.0
2026-07-30 17:00:00+00:00,ENTRY,FREE_SLEEVE,1,SYNUSDT,A,0.9565161564490052,95.17098268238307,0.11514,,,
2026-07-30 18:00:00+00:00,EXIT,STOP,2,BONKUSDT,A,0.9012223037578629,220.87387232229514,2.850538803936502e-06,216.45639487584924,-0.020000000000000018,2.0
2026-07-30 19:00:00+00:00,EXIT,STOP,1,SYNUSDT,A,0.9565161564490052,95.17098268238307,0.11317621996043065,93.26756302873541,-0.020000000000000018,2.0
2026-07-30 20:00:00+00:00,ENTRY,FREE_SLEEVE,1,ACEUSDT,A,0.9453967203643188,93.26756302873541,0.0635,,,
2026-07-31 00:00:00+00:00,ENTRY,FREE_SLEEVE,2,SYNUSDT,C,0.8468255246226782,216.45639487584924,0.10618,,,
2026-07-31 01:00:00+00:00,EXIT,TARGET,2,SYNUSDT,C,0.8468255246226782,216.45639487584924,0.10969398891908413,222.9500867221247,0.029999999999999805,1.0
2026-07-31 02:00:00+00:00,ENTRY,FREE_SLEEVE,2,ZECUSDT,B,0.9128365691150695,222.9500867221247,466.63,,,
2026-07-31 05:00:00+00:00,EXIT,TARGET,1,ACEUSDT,A,0.9453967203643188,93.26756302873541,0.06560150966624453,96.06558991959747,0.030000000000000027,9.0
2026-07-31 05:00:00+00:00,EXIT,STOP,2,ZECUSDT,B,0.9128365691150695,222.9500867221247,458.67135244168617,218.49108498768217,-0.02000000000000013,3.0
2026-07-31 16:00:00+00:00,ENTRY,FREE_SLEEVE,1,LDOUSDT,A,0.9107045411448988,96.06558991959747,0.3462,,,
2026-07-31 20:00:00+00:00,ENTRY,FREE_SLEEVE,2,WLDUSDT,B,0.8945693868135621,218.49108498768217,0.3,,,
2026-08-01 02:00:00+00:00,EXIT,STOP,1,LDOUSDT,A,0.9107045411448988,96.06558991959747,0.3402953565251094,94.14427812120555,-0.019999999999999796,10.0
2026-08-01 03:00:00+00:00,ENTRY,FREE_SLEEVE,1,PEOPLEUSDT,A,0.9202257229915248,94.14427812120555,0.00663,,,
2026-08-01 10:00:00+00:00,EXIT,TARGET,2,WLDUSDT,B,0.8945693868135621,218.49108498768217,0.3099283921239898,225.04581753731264,0.030000000000000027,14.0
2026-08-01 16:00:00+00:00,EXIT,STOP,1,PEOPLEUSDT,A,0.9202257229915248,94.14427812120555,0.006516921472447933,92.26139255878142,-0.02000000000000013,13.0
2026-08-01 16:00:00+00:00,ENTRY,FREE_SLEEVE,1,LDOUSDT,B,0.8964999401381285,92.26139255878142,0.3275,,,
2026-08-01 19:00:00+00:00,EXIT,STOP,1,LDOUSDT,B,0.8964999401381285,92.26139255878142,0.32191429596179466,90.4161647076058,-0.019999999999999907,3.0
2026-08-02 00:00:00+00:00,ENTRY,FREE_SLEEVE,1,SYNUSDT,B,0.8857162572098476,90.4161647076058,0.08785,,,
2026-08-02 02:00:00+00:00,EXIT,TARGET,1,SYNUSDT,B,0.8857162572098476,90.4161647076058,0.09075736416030836,93.12864964883397,0.030000000000000027,2.0
2026-08-02 03:00:00+00:00,ENTRY,FREE_SLEEVE,1,COTIUSDT,A,0.9346520761970579,93.12864964883397,0.0142,,,
2026-08-02 04:00:00+00:00,EXIT,STOP,1,COTIUSDT,A,0.9346520761970579,93.12864964883397,0.013957810695137357,91.2660766558573,-0.019999999999999907,1.0
2026-08-02 05:00:00+00:00,ENTRY,FREE_SLEEVE,1,COTIUSDT,A,0.9088869288451729,91.2660766558573,0.01375,,,
2026-08-02 09:00:00+00:00,EXIT,STOP,1,COTIUSDT,A,0.9088869288451729,91.2660766558573,0.013515485708319622,89.44075512274017,-0.019999999999999907,4.0
2026-08-02 10:00:00+00:00,ENTRY,FREE_SLEEVE,1,COTIUSDT,A,0.942950317230324,89.44075512274017,0.0134,,,
2026-08-02 11:00:00+00:00,EXIT,STOP,1,COTIUSDT,A,0.942950317230324,89.44075512274017,0.013171455163016942,87.65194002028538,-0.019999999999999907,1.0
2026-08-03 03:00:00+00:00,ENTRY,FREE_SLEEVE,1,PEOPLEUSDT,B,0.911314139564867,87.65194002028538,0.00687,,,
2026-08-03 08:00:00+00:00,ENTRY,FREE_SLEEVE,2,COTIUSDT,A,0.9115589955416344,225.04581753731264,0.01192,,,
2026-08-03 09:00:00+00:00,EXIT,TARGET,1,PEOPLEUSDT,B,0.911314139564867,87.65194002028538,0.007097360179639368,90.28149822089395,0.030000000000000027,6.0
2026-08-03 10:00:00+00:00,EXIT,STOP,2,COTIUSDT,A,0.9115589955416344,225.04581753731264,0.011716697428594174,220.5449011865664,-0.020000000000000018,2.0
2026-08-03 15:00:00+00:00,ENTRY,FREE_SLEEVE,1,UNIUSDT,A,0.9665918404532179,90.28149822089395,4.04,,,
2026-08-03 16:00:00+00:00,EXIT,STOP,1,UNIUSDT,A,0.9665918404532179,90.28149822089395,3.9710954372080933,88.47586825647606,-0.02000000000000013,1.0
2026-08-03 19:00:00+00:00,ENTRY,FREE_SLEEVE,1,UNIUSDT,A,0.9183671411821097,88.47586825647606,3.903,,,
2026-08-04 02:00:00+00:00,ENTRY,FREE_SLEEVE,2,SYNUSDT,A,0.9403215288933788,220.5449011865664,0.08443,,,
2026-08-04 04:00:00+00:00,EXIT,STOP,1,UNIUSDT,A,0.9183671411821097,88.47586825647606,3.8364320523324715,86.70635089134653,-0.02000000000000013,9.0
2026-08-04 04:00:00+00:00,ENTRY,FREE_SLEEVE,1,UNIUSDT,A,0.9375587354462103,86.70635089134653,3.824,,,
2026-08-04 07:00:00+00:00,EXIT,TARGET,2,SYNUSDT,A,0.9403215288933788,220.5449011865664,0.0872241804900949,227.1612482221634,0.030000000000000027,5.0
2026-08-04 11:00:00+00:00,ENTRY,FREE_SLEEVE,2,LDOUSDT,B,0.8865362366253933,227.1612482221634,0.3015,,,
2026-08-04 13:00:00+00:00,EXIT,STOP,2,LDOUSDT,B,0.8865362366253933,227.1612482221634,0.2963577411678812,222.61802325772018,-0.019999999999999796,2.0
2026-08-04 13:00:00+00:00,ENTRY,FREE_SLEEVE,2,LDOUSDT,C,0.8697712655967923,222.61802325772018,0.2971,,,
2026-08-04 15:00:00+00:00,EXIT,STOP,2,LDOUSDT,C,0.8697712655967923,222.61802325772018,0.2920327857412189,218.1656627925658,-0.019999999999999907,2.0
2026-08-05 02:00:00+00:00,ENTRY,FREE_SLEEVE,2,ALGOUSDT,A,0.9139309390304838,218.1656627925658,0.0889,,,
2026-08-05 04:00:00+00:00,EXIT,TARGET,1,UNIUSDT,A,0.9375587354462103,86.70635089134653,3.9505539049404574,89.30754141808693,0.030000000000000027,24.0
2026-08-05 08:00:00+00:00,ENTRY,FREE_SLEEVE,1,COTIUSDT,A,0.9064767472676063,89.30754141808693,0.01326,,,
2026-08-05 12:00:00+00:00,EXIT,TARGET,1,COTIUSDT,A,0.9064767472676063,89.30754141808693,0.01369883493188035,91.98676766062954,0.030000000000000027,4.0
2026-08-05 16:00:00+00:00,ENTRY,FREE_SLEEVE,1,COTIUSDT,C,0.8640910103298285,91.98676766062954,0.013,,,
2026-08-05 18:00:00+00:00,EXIT,STOP,1,COTIUSDT,C,0.8640910103298285,91.98676766062954,0.012778277396956734,90.14703230741695,-0.020000000000000018,2.0
2026-08-06 03:00:00+00:00,ENTRY,FREE_SLEEVE,1,COTIUSDT,C,0.8580241207275665,90.14703230741695,0.01269,,,
2026-08-06 04:00:00+00:00,EXIT,STOP_AMBIGUOUS_BAR,1,COTIUSDT,C,0.8580241207275665,90.14703230741695,0.012473564628260074,88.34409166126862,-0.019999999999999907,1.0
2026-08-06 04:00:00+00:00,EXIT,STOP,2,ALGOUSDT,A,0.9139309390304838,218.1656627925658,0.08738375850688107,213.8023495367145,-0.019999999999999907,26.0
2026-08-06 04:00:00+00:00,ENTRY,FREE_SLEEVE,1,ADAUSDT,B,0.8831528875126742,88.34409166126862,0.1869,,,
2026-08-06 10:00:00+00:00,ENTRY,FREE_SLEEVE,2,PEPEUSDT,C,0.8594265410405882,213.8023495367145,2.79e-06,,,
2026-08-06 14:00:00+00:00,EXIT,TARGET,1,ADAUSDT,B,0.8831528875126742,88.34409166126862,0.19308538829324573,90.99441441110669,0.030000000000000027,10.0
2026-08-06 17:00:00+00:00,ENTRY,FREE_SLEEVE,1,LDOUSDT,B,0.8877204403351258,90.99441441110669,0.2923,,,
2026-08-06 18:00:00+00:00,EXIT,STOP,1,LDOUSDT,B,0.8877204403351258,90.99441441110669,0.2873146525484965,89.17452612288459,-0.019999999999999685,1.0
2026-08-07 04:00:00+00:00,ENTRY,FREE_SLEEVE,1,WLDUSDT,C,0.8563899896803687,89.17452612288459,0.2983,,,
2026-08-07 06:00:00+00:00,EXIT,STOP,1,WLDUSDT,C,0.8563899896803687,89.17452612288459,0.29321231903939954,87.3910356004269,-0.019999999999999907,2.0
2026-08-07 15:00:00+00:00,ENTRY,FREE_SLEEVE,1,BONKUSDT,C,0.8425346220584549,87.3910356004269,2.47e-06,,,
2026-08-07 16:00:00+00:00,EXIT,STOP,1,BONKUSDT,C,0.8425346220584549,87.3910356004269,2.4278727054217797e-06,85.64321488841837,-0.019999999999999907,1.0
2026-08-07 16:00:00+00:00,ENTRY,FREE_SLEEVE,1,GLMRUSDT,A,0.9326029519076773,85.64321488841837,0.007917,,,
2026-08-07 18:00:00+00:00,EXIT,STOP,1,GLMRUSDT,A,0.9326029519076773,85.64321488841837,0.0077819709347466525,83.93035059065001,-0.019999999999999907,2.0
2026-08-07 22:00:00+00:00,ENTRY,FREE_SLEEVE,1,COTIUSDT,A,0.9249549153512151,83.93035059065001,0.01263,,,
2026-08-08 02:00:00+00:00,EXIT,TARGET,1,COTIUSDT,A,0.9249549153512151,83.93035059065001,0.013047985308419975,86.44826110836952,0.03000000000000025,4.0
2026-08-08 15:00:00+00:00,EXIT,TARGET,2,PEPEUSDT,C,0.8594265410405882,213.8023495367145,2.882334046753106e-06,220.21642002281595,0.030000000000000027,53.0
2026-08-08 17:00:00+00:00,ENTRY,FREE_SLEEVE,1,COTIUSDT,A,0.9530782475446254,86.44826110836952,0.01247,,,
2026-08-09 00:00:00+00:00,EXIT,STOP,1,COTIUSDT,A,0.9530782475446254,86.44826110836952,0.01225731685692696,84.71929588620215,-0.019999999999999796,7.0
2026-08-09 01:00:00+00:00,ENTRY,FREE_SLEEVE,1,SYNUSDT,B,0.8837982795839742,84.71929588620215,0.10512,,,
2026-08-09 02:00:00+00:00,EXIT,STOP,1,SYNUSDT,B,0.8837982795839742,84.71929588620215,0.10332711692062245,83.0249099684781,-0.020000000000000018,1.0
2026-08-09 07:00:00+00:00,ENTRY,FREE_SLEEVE,1,COTIUSDT,A,0.9191480630511403,83.0249099684781,0.01207,,,
2026-08-09 08:00:00+00:00,EXIT,STOP_AMBIGUOUS_BAR,1,COTIUSDT,A,0.9191480630511403,83.0249099684781,0.011864139090866754,81.36441176910854,-0.019999999999999907,1.0
2026-08-09 16:00:00+00:00,ENTRY,FREE_SLEEVE,1,GLMRUSDT,A,0.9067652522128425,81.36441176910854,0.008611,,,
2026-08-09 17:00:00+00:00,EXIT,STOP,1,GLMRUSDT,A,0.9067652522128425,81.36441176910854,0.008464134358861109,79.73712353372636,-0.02000000000000013,1.0
2026-08-09 18:00:00+00:00,ENTRY,FREE_SLEEVE,1,SYNUSDT,A,0.9052886120080986,79.73712353372636,0.1056,,,
2026-08-09 19:00:00+00:00,EXIT,STOP,1,SYNUSDT,A,0.9052886120080986,79.73712353372636,0.10379893023989471,78.14238106305184,-0.019999999999999907,1.0
2026-08-10 05:00:00+00:00,ENTRY,FREE_SLEEVE,1,COTIUSDT,A,0.9084717425664147,78.14238106305184,0.01124,,,
2026-08-10 07:00:00+00:00,EXIT,TARGET,1,COTIUSDT,A,0.9084717425664147,78.14238106305184,0.011611983758245487,80.4866524949434,0.030000000000000027,2.0
2026-08-10 07:00:00+00:00,ENTRY,FREE_SLEEVE,1,ACEUSDT,A,0.9033334119065474,80.4866524949434,0.1124,,,
2026-08-10 08:00:00+00:00,EXIT,TARGET,1,ACEUSDT,A,0.9033334119065474,80.4866524949434,0.11611983758245488,82.90125206979171,0.030000000000000027,1.0
2026-08-11 02:00:00+00:00,ENTRY,FREE_SLEEVE,1,SYNUSDT,A,0.9284404910982895,82.90125206979171,0.09988,,,
2026-08-11 03:00:00+00:00,EXIT,TARGET,1,SYNUSDT,A,0.9284404910982895,82.90125206979171,0.10318549268448036,85.38828963188546,0.030000000000000027,1.0
2026-08-11 06:00:00+00:00,ENTRY,FREE_SLEEVE,1,BONKUSDT,A,0.9037566484392812,85.38828963188546,2.4e-06,,,
2026-08-11 06:00:00+00:00,ENTRY,FREE_SLEEVE,2,PHAUSDT,A,0.9098326057764711,220.21642002281595,0.0231,,,
2026-08-11 07:00:00+00:00,EXIT,STOP,2,PHAUSDT,A,0.9098326057764711,220.21642002281595,0.022706015989976965,215.81209162235962,-0.02000000000000013,1.0
2026-08-11 08:00:00+00:00,EXIT,STOP,1,BONKUSDT,A,0.9037566484392812,85.38828963188546,2.359066596361243e-06,83.68052383924775,-0.019999999999999907,2.0
2026-08-11 08:00:00+00:00,ENTRY,FREE_SLEEVE,1,BONKUSDT,B,0.8939346925119969,83.68052383924775,2.34e-06,,,
2026-08-11 11:00:00+00:00,ENTRY,FREE_SLEEVE,2,COTIUSDT,A,0.9314018798997117,215.81209162235962,0.01059,,,
2026-08-11 15:00:00+00:00,EXIT,STOP,1,BONKUSDT,B,0.8939346925119969,83.68052383924775,2.300089931452212e-06,82.00691336246283,-0.019999999999999685,7.0
2026-08-11 15:00:00+00:00,EXIT,STOP,2,COTIUSDT,A,0.9314018798997117,215.81209162235962,0.010409381356443984,211.4958497899124,-0.02000000000000013,4.0
2026-08-11 18:00:00+00:00,ENTRY,FREE_SLEEVE,1,COTIUSDT,B,0.8868416449349787,82.00691336246283,0.01033,,,
2026-08-11 22:00:00+00:00,ENTRY,FREE_SLEEVE,2,ACEUSDT,B,0.8831740321166899,211.4958497899124,0.1053,,,
2026-08-11 23:00:00+00:00,EXIT,STOP,1,COTIUSDT,B,0.8868416449349787,82.00691336246283,0.010153815808504852,80.36677509521357,-0.020000000000000018,5.0
2026-08-12 01:00:00+00:00,EXIT,STOP,2,ACEUSDT,B,0.8831740321166899,211.4958497899124,0.10350404691534953,207.26593279411415,-0.020000000000000018,3.0
2026-08-12 03:00:00+00:00,ENTRY,FREE_SLEEVE,1,PEOPLEUSDT,C,0.8638545988369735,80.36677509521357,0.00833,,,
2026-08-12 04:00:00+00:00,ENTRY,FREE_SLEEVE,2,MOVRUSDT,A,0.949714452003352,207.26593279411415,0.887,,,
2026-08-12 05:00:00+00:00,EXIT,TARGET,2,MOVRUSDT,A,0.949714452003352,207.26593279411415,0.9163549460465967,213.48391077793758,0.030000000000000027,1.0
2026-08-12 05:00:00+00:00,ENTRY,FREE_SLEEVE,2,COTIUSDT,A,0.9152109608389088,213.48391077793758,0.00978,,,
2026-08-12 06:00:00+00:00,EXIT,STOP,2,COTIUSDT,A,0.9152109608389088,213.48391077793758,0.009613196380172067,209.2142325623788,-0.02000000000000013,1.0
2026-08-12 08:00:00+00:00,ENTRY,FREE_SLEEVE,2,UNIUSDT,A,0.9012397715376899,209.2142325623788,3.501,,,
2026-08-12 09:00:00+00:00,EXIT,STOP,1,PEOPLEUSDT,C,0.8638545988369735,80.36677509521357,0.008187926978203813,78.75943959330928,-0.02000000000000024,6.0
2026-08-12 10:00:00+00:00,ENTRY,FREE_SLEEVE,1,MOVRUSDT,A,0.9455615664947343,78.75943959330928,0.871,,,
2026-08-12 11:00:00+00:00,EXIT,STOP_AMBIGUOUS_BAR,1,MOVRUSDT,A,0.9455615664947343,78.75943959330928,0.8561445855961012,77.1842508014431,-0.019999999999999907,1.0
2026-08-12 11:00:00+00:00,ENTRY,FREE_SLEEVE,1,SYNUSDT,A,0.9263223990570398,77.1842508014431,0.10156,,,
2026-08-12 15:00:00+00:00,EXIT,TARGET,1,SYNUSDT,A,0.9263223990570398,77.1842508014431,0.10492109168037471,79.49977832548639,0.030000000000000027,4.0
2026-08-12 18:00:00+00:00,ENTRY,FREE_SLEEVE,1,PEOPLEUSDT,C,0.8398499356760536,79.49977832548639,0.00804,,,
2026-08-13 09:00:00+00:00,EXIT,STOP,1,PEOPLEUSDT,C,0.8398499356760536,79.49977832548639,0.007902873097810164,77.90978275897666,-0.020000000000000018,15.0
2026-08-13 12:00:00+00:00,ENTRY,FREE_SLEEVE,1,CVXUSDT,A,0.9091601231770716,77.90978275897666,1.683,,,
2026-08-13 18:00:00+00:00,EXIT,STOP,1,CVXUSDT,A,0.9091601231770716,77.90978275897666,1.6542954506983218,76.35158710379712,-0.02000000000000013,6.0
2026-08-13 21:00:00+00:00,ENTRY,FREE_SLEEVE,1,ONEUSDT,B,0.9073882356070841,76.35158710379712,0.00077,,,
2026-08-13 22:00:00+00:00,EXIT,STOP,1,ONEUSDT,B,0.9073882356070841,76.35158710379712,0.0007568671996658989,74.82455536172118,-0.019999999999999907,1.0
2026-08-14 01:00:00+00:00,ENTRY,FREE_SLEEVE,1,MOVRUSDT,A,0.9123964395523398,74.82455536172118,0.822,,,
2026-08-14 03:00:00+00:00,EXIT,STOP,1,MOVRUSDT,A,0.9123964395523398,74.82455536172118,0.8079803092537258,73.32806425448676,-0.019999999999999907,2.0
2026-08-14 04:00:00+00:00,EXIT,STOP,2,UNIUSDT,A,0.9012397715376899,209.2142325623788,3.4412883974419635,205.02994791113125,-0.019999999999999907,44.0
2026-08-14 09:00:00+00:00,ENTRY,FREE_SLEEVE,1,CRVUSDT,A,0.9309395219031305,73.32806425448676,0.2482,,,
2026-08-14 13:00:00+00:00,EXIT,STOP,1,CRVUSDT,A,0.9309395219031305,73.32806425448676,0.24396680384035857,71.86150296939702,-0.020000000000000018,4.0
2026-08-14 13:00:00+00:00,ENTRY,FREE_SLEEVE,1,MOVRUSDT,A,0.9204717234091572,71.86150296939702,0.743,,,
2026-08-14 14:00:00+00:00,EXIT,STOP,1,MOVRUSDT,A,0.9204717234091572,71.86150296939702,0.7303277004568349,70.4242729100091,-0.019999999999999796,1.0
2026-08-14 15:00:00+00:00,ENTRY,FREE_SLEEVE,1,MOVRUSDT,B,0.8896531985330585,70.4242729100091,0.723,,,
2026-08-14 17:00:00+00:00,ENTRY,FREE_SLEEVE,2,ONEUSDT,A,0.9160000035624568,205.02994791113125,0.00072,,,
2026-08-14 19:00:00+00:00,EXIT,TARGET,1,MOVRUSDT,B,0.8896531985330585,70.4242729100091,0.7469274250188157,72.53700109730939,0.03000000000000025,4.0
2026-08-14 20:00:00+00:00,EXIT,TARGET,2,ONEUSDT,A,0.9160000035624568,205.02994791113125,0.0007438281410975757,211.1808463484652,0.030000000000000027,3.0
2026-08-14 21:00:00+00:00,ENTRY,FREE_SLEEVE,1,SYNUSDT,A,0.9115016366332285,72.53700109730939,0.10249,,,
2026-08-14 23:00:00+00:00,ENTRY,FREE_SLEEVE,2,COTIUSDT,A,0.9077353936536178,211.1808463484652,0.01061,,,
2026-08-15 00:00:00+00:00,EXIT,TARGET,1,SYNUSDT,A,0.9115016366332285,72.53700109730939,0.10588186969595907,74.71311113022868,0.03000000000000025,3.0
2026-08-15 04:00:00+00:00,EXIT,STOP,2,COTIUSDT,A,0.9077353936536178,211.1808463484652,0.010429040244746996,206.95722942149587,-0.02000000000000013,5.0
2026-08-15 07:00:00+00:00,ENTRY,FREE_SLEEVE,1,COTIUSDT,A,0.9494765204659567,74.71311113022868,0.01034,,,
2026-08-15 09:00:00+00:00,EXIT,STOP,1,COTIUSDT,A,0.9494765204659567,74.71311113022868,0.010163645252656357,73.21884890762412,-0.019999999999999796,2.0
2026-08-16 13:00:00+00:00,ENTRY,FREE_SLEEVE,1,WLDUSDT,A,0.921934720560899,73.21884890762412,0.3436,,,
2026-08-16 16:00:00+00:00,EXIT,TARGET,1,WLDUSDT,A,0.921934720560899,73.21884890762412,0.35497131844600976,75.41541437485286,0.03000000000000025,3.0
2026-08-17 02:00:00+00:00,ENTRY,FREE_SLEEVE,1,ONEUSDT,A,0.911334645080346,75.41541437485286,0.00075,,,
2026-08-17 07:00:00+00:00,EXIT,STOP,1,ONEUSDT,A,0.911334645080346,75.41541437485286,0.0007372083113628885,73.90710608735581,-0.019999999999999796,5.0
2026-08-17 11:00:00+00:00,ENTRY,FREE_SLEEVE,1,ONEUSDT,A,0.913451932105303,73.90710608735581,0.00073,,,
2026-08-17 15:00:00+00:00,EXIT,TARGET,1,ONEUSDT,A,0.913451932105303,73.90710608735581,0.0007541590875017087,76.1243192699765,0.030000000000000027,4.0
2026-08-17 16:00:00+00:00,ENTRY,FREE_SLEEVE,1,ALICEUSDT,A,0.9175597175775838,76.1243192699765,0.1306,,,
2026-08-17 17:00:00+00:00,ENTRY,FREE_SLEEVE,2,WLDUSDT,B,0.9005909396938326,206.95722942149587,0.354,,,
2026-08-17 23:00:00+00:00,EXIT,STOP,2,WLDUSDT,B,0.9005909396938326,206.95722942149587,0.34796232296328333,202.81808483306594,-0.020000000000000018,6.0
2026-08-17 23:00:00+00:00,ENTRY,FREE_SLEEVE,2,MOVRUSDT,B,0.890854784561296,202.81808483306594,0.758,,,
2026-08-18 02:00:00+00:00,EXIT,STOP,2,MOVRUSDT,B,0.890854784561296,202.81808483306594,0.7450718666840925,198.7617231364046,-0.020000000000000018,3.0
2026-08-18 06:00:00+00:00,EXIT,STOP,1,ALICEUSDT,A,0.9175597175775838,76.1243192699765,0.12837254061865766,74.60183288457698,-0.019999999999999796,14.0
2026-08-18 06:00:00+00:00,ENTRY,FREE_SLEEVE,1,WLDUSDT,A,0.9195706547509152,74.60183288457698,0.3197,,,
2026-08-18 12:00:00+00:00,ENTRY,FREE_SLEEVE,2,COTIUSDT,A,0.9186366941373293,198.7617231364046,0.00993,,,
2026-08-18 13:00:00+00:00,EXIT,TARGET,2,COTIUSDT,A,0.9186366941373293,198.7617231364046,0.010258629779304066,204.72457483049678,0.030000000000000027,1.0
2026-08-19 03:00:00+00:00,EXIT,STOP,1,WLDUSDT,A,0.9195706547509152,74.60183288457698,0.31424732952362056,73.10979622688544,-0.020000000000000018,21.0
2026-08-19 10:00:00+00:00,ENTRY,FREE_SLEEVE,1,GALAUSDT,A,0.9067069132054583,73.10979622688544,0.001328,,,
2026-08-19 12:00:00+00:00,ENTRY,FREE_SLEEVE,2,ALPINEUSDT,A,0.9120668685039415,204.72457483049678,0.329,,,
2026-08-19 15:00:00+00:00,EXIT,STOP,2,ALPINEUSDT,A,0.9120668685039415,204.72457483049678,0.32338871258452045,200.63008333388686,-0.019999999999999907,3.0
2026-08-19 15:00:00+00:00,ENTRY,FREE_SLEEVE,2,ALPINEUSDT,A,0.9059794713117807,200.63008333388686,0.327,,,
2026-08-19 16:00:00+00:00,EXIT,TARGET,1,GALAUSDT,A,0.9067069132054583,73.10979622688544,0.0013719496824688617,75.303090113692,0.030000000000000027,6.0
2026-08-19 16:00:00+00:00,ENTRY,FREE_SLEEVE,1,ACEUSDT,A,0.9063794527965922,75.303090113692,0.1912,,,
2026-08-19 17:00:00+00:00,EXIT,STOP,1,ACEUSDT,A,0.9063794527965922,75.303090113692,0.18793897217677905,73.79702831141815,-0.02000000000000013,1.0
2026-08-19 17:00:00+00:00,EXIT,TARGET,2,ALPINEUSDT,A,0.9059794713117807,200.63008333388686,0.337821947415149,206.6489858339035,0.03000000000000025,2.0
2026-08-20 15:00:00+00:00,ENTRY,FREE_SLEEVE,1,ALPINEUSDT,C,0.8581993715427744,73.79702831141815,0.328,,,
2026-08-20 19:00:00+00:00,EXIT,TARGET,1,ALPINEUSDT,C,0.8581993715427744,73.79702831141815,0.33885504205556227,76.01093916076069,0.030000000000000027,4.0
2026-08-20 23:00:00+00:00,ENTRY,FREE_SLEEVE,1,SYNUSDT,B,0.8937307418020249,76.01093916076069,0.10698,,,
2026-08-21 01:00:00+00:00,ENTRY,FREE_SLEEVE,2,COTIUSDT,B,0.8843690729626226,206.6489858339035,0.0098,,,
2026-08-21 02:00:00+00:00,EXIT,STOP,1,SYNUSDT,B,0.8937307418020249,76.01093916076069,0.10515539353280243,74.49072037754549,-0.019999999999999796,3.0
2026-08-21 05:00:00+00:00,EXIT,TARGET,2,COTIUSDT,B,0.8843690729626226,206.6489858339035,0.010124327476050335,212.84845540892067,0.03000000000000025,4.0
2026-08-22 18:00:00+00:00,ENTRY,FREE_SLEEVE,1,SYNUSDT,A,0.9064482547096455,74.49072037754549,0.11222,,,
2026-08-22 21:00:00+00:00,ENTRY,FREE_SLEEVE,2,SANDUSDT,B,0.9085774267072708,212.84845540892067,0.04578,,,
2026-08-22 22:00:00+00:00,EXIT,STOP,1,SYNUSDT,A,0.9064482547096455,74.49072037754549,0.11030602226819114,73.00090596999458,-0.020000000000000018,4.0
2026-08-22 22:00:00+00:00,ENTRY,FREE_SLEEVE,1,FILUSDT,B,0.8917136190042062,73.00090596999458,0.7537,,,
2026-08-22 23:00:00+00:00,EXIT,STOP,2,SANDUSDT,B,0.9085774267072708,212.84845540892067,0.04499919532559072,208.59148630074228,-0.019999999999999907,2.0
2026-08-23 04:00:00+00:00,EXIT,STOP,1,FILUSDT,B,0.8917136190042062,73.00090596999458,0.7408452056989455,71.54088785059467,-0.02000000000000013,6.0
2026-08-23 19:00:00+00:00,ENTRY,FREE_SLEEVE,1,ACEUSDT,A,0.9304828665010029,71.54088785059467,0.2289,,,
2026-08-23 23:00:00+00:00,EXIT,TARGET,1,ACEUSDT,A,0.9304828665010029,71.54088785059467,0.23647536319060428,73.68711448611252,0.030000000000000027,4.0
2026-08-24 06:00:00+00:00,ENTRY,FREE_SLEEVE,1,GALAUSDT,A,0.918290887981182,73.68711448611252,0.001916,,,
2026-08-24 06:00:00+00:00,ENTRY,FREE_SLEEVE,2,PENDLEUSDT,A,0.9287521234485732,208.59148630074228,1.789,,,
2026-08-24 14:00:00+00:00,EXIT,STOP,1,GALAUSDT,A,0.918290887981182,73.68711448611252,0.0018833214994283926,72.21337219639028,-0.019999999999999796,8.0
2026-08-24 16:00:00+00:00,ENTRY,FREE_SLEEVE,1,ACEUSDT,A,0.9219791516766509,72.21337219639028,0.2258,,,
2026-08-24 17:00:00+00:00,EXIT,STOP,1,ACEUSDT,A,0.9219791516766509,72.21337219639028,0.221948848940987,70.76910475246248,-0.019999999999999907,1.0
2026-08-24 17:00:00+00:00,ENTRY,FREE_SLEEVE,1,LDOUSDT,C,0.8613444061483654,70.76910475246248,0.3816,,,
2026-08-24 18:00:00+00:00,EXIT,STOP,1,LDOUSDT,C,0.8613444061483654,70.76910475246248,0.37509158882143767,69.35372265741323,-0.020000000000000018,1.0
2026-08-24 18:00:00+00:00,EXIT,STOP,2,PENDLEUSDT,A,0.9287521234485732,208.59148630074228,1.7584875587042765,204.4196565747274,-0.02000000000000013,12.0
2026-08-24 20:00:00+00:00,ENTRY,FREE_SLEEVE,1,NEARUSDT,A,0.9194048312850982,69.35372265741323,1.93,,,
2026-08-24 22:00:00+00:00,ENTRY,FREE_SLEEVE,2,ACEUSDT,A,0.9358226299880351,204.4196565747274,0.214,,,
2026-08-25 00:00:00+00:00,EXIT,STOP,2,ACEUSDT,A,0.9358226299880351,204.4196565747274,0.21035010484221084,200.33126344323284,-0.02000000000000013,2.0
2026-08-25 00:00:00+00:00,ENTRY,FREE_SLEEVE,2,ACEUSDT,A,0.9431477854877793,200.33126344323284,0.2098,,,
2026-08-25 01:00:00+00:00,EXIT,TARGET,2,ACEUSDT,A,0.9431477854877793,200.33126344323284,0.21674325555871024,206.34120134652986,0.03000000000000025,1.0
2026-08-25 02:00:00+00:00,ENTRY,FREE_SLEEVE,2,PEOPLEUSDT,A,0.9234197860315698,206.34120134652986,0.00953,,,
2026-08-25 03:00:00+00:00,EXIT,TARGET,1,NEARUSDT,A,0.9194048312850982,69.35372265741323,1.9938726559976683,71.43433433713564,0.03000000000000025,7.0
2026-08-25 04:00:00+00:00,EXIT,STOP,2,PEOPLEUSDT,A,0.9234197860315698,206.34120134652986,0.009367460276384437,202.21437731959927,-0.020000000000000018,2.0
2026-08-25 04:00:00+00:00,ENTRY,FREE_SLEEVE,1,PEOPLEUSDT,A,0.919497875866476,71.43433433713564,0.0093,,,
2026-08-25 06:00:00+00:00,EXIT,STOP,1,PEOPLEUSDT,A,0.919497875866476,71.43433433713564,0.009141383060899818,70.00564765039294,-0.019999999999999685,2.0
2026-08-25 09:00:00+00:00,ENTRY,FREE_SLEEVE,1,PEOPLEUSDT,A,0.9267157345310446,70.00564765039294,0.00871,,,
2026-08-25 12:00:00+00:00,EXIT,STOP,1,PEOPLEUSDT,A,0.9267157345310446,70.00564765039294,0.008561445855961013,68.6055346973851,-0.019999999999999907,3.0
2026-08-25 13:00:00+00:00,ENTRY,FREE_SLEEVE,1,CVXUSDT,C,0.8542549593718797,68.6055346973851,2.091,,,
2026-08-25 14:00:00+00:00,EXIT,STOP,1,CVXUSDT,C,0.8542549593718797,68.6055346973851,2.0553367720797335,67.23342400343739,-0.020000000000000018,1.0
2026-08-25 16:00:00+00:00,ENTRY,FREE_SLEEVE,1,PEOPLEUSDT,A,0.9173171997491806,67.23342400343739,0.00806,,,
2026-08-25 17:00:00+00:00,ENTRY,FREE_SLEEVE,2,ZECUSDT,C,0.8595271236626316,202.21437731959927,799.91,,,
2026-08-25 20:00:00+00:00,EXIT,STOP,2,ZECUSDT,C,0.8595271236626316,202.21437731959927,786.2670671230508,198.17008977320728,-0.020000000000000018,3.0
2026-08-25 20:00:00+00:00,ENTRY,FREE_SLEEVE,2,CVXUSDT,A,0.9030064109977798,198.17008977320728,2.024,,,
2026-08-25 22:00:00+00:00,EXIT,STOP,1,PEOPLEUSDT,A,0.9173171997491806,67.23342400343739,0.007922531986113176,65.88875552336864,-0.020000000000000018,6.0
2026-08-25 22:00:00+00:00,EXIT,STOP,2,CVXUSDT,A,0.9030064109977798,198.17008977320728,1.9894794962646485,194.20668797774314,-0.019999999999999907,2.0
2026-08-25 22:00:00+00:00,ENTRY,FREE_SLEEVE,1,GALAUSDT,B,0.8790914558616251,65.88875552336864,0.001848,,,
2026-08-25 22:00:00+00:00,ENTRY,FREE_SLEEVE,2,TRBUSDT,A,0.9107771725467436,194.20668797774314,17.51,,,
2026-08-26 00:00:00+00:00,EXIT,STOP,1,GALAUSDT,B,0.8790914558616251,65.88875552336864,0.0018164812791981572,64.57098041290126,-0.02000000000000013,2.0
2026-08-26 05:00:00+00:00,ENTRY,FREE_SLEEVE,1,LDOUSDT,B,0.881272916872506,64.57098041290126,0.3614,,,
2026-08-26 10:00:00+00:00,EXIT,STOP,1,LDOUSDT,B,0.881272916872506,64.57098041290126,0.3552361116353972,63.27956080464323,-0.02000000000000013,5.0
2026-08-26 10:00:00+00:00,EXIT,STOP,2,TRBUSDT,A,0.9107771725467436,194.20668797774314,17.211356709285575,190.32255421818832,-0.019999999999999796,12.0
2026-08-26 10:00:00+00:00,ENTRY,FREE_SLEEVE,1,DOTUSDT,C,0.8402893727581117,63.27956080464323,0.843,,,
2026-08-26 10:00:00+00:00,ENTRY,FREE_SLEEVE,2,LDOUSDT,B,0.9022192692783685,190.32255421818832,0.3515,,,
2026-08-26 15:00:00+00:00,EXIT,STOP,2,LDOUSDT,B,0.9022192692783685,190.32255421818832,0.34550496192540703,186.51610313382454,-0.020000000000000018,5.0
2026-08-26 16:00:00+00:00,ENTRY,FREE_SLEEVE,2,PEOPLEUSDT,A,0.9387978258634267,186.51610313382454,0.00771,,,
2026-08-26 17:00:00+00:00,EXIT,STOP,2,PEOPLEUSDT,A,0.9387978258634267,186.51610313382454,0.0075785014408104945,182.78578107114808,-0.019999999999999907,1.0
2026-08-26 18:00:00+00:00,ENTRY,FREE_SLEEVE,2,PEOPLEUSDT,A,0.9014979871812777,182.78578107114808,0.0076,,,
2026-08-26 23:00:00+00:00,EXIT,TARGET,2,PEOPLEUSDT,A,0.9014979871812777,182.78578107114808,0.007851519267141078,188.26935450328256,0.03000000000000025,5.0
2026-08-27 00:00:00+00:00,EXIT,TARGET,1,DOTUSDT,C,0.8402893727581117,63.27956080464323,0.8708987818684115,65.17794762878253,0.030000000000000027,14.0
2026-08-27 01:00:00+00:00,ENTRY,FREE_SLEEVE,1,OPUSDT,B,0.8942437327614021,65.17794762878253,0.0974,,,
2026-08-27 02:00:00+00:00,ENTRY,FREE_SLEEVE,2,ACEUSDT,A,0.9103060690110892,188.26935450328256,0.2114,,,
2026-08-27 04:00:00+00:00,EXIT,STOP,2,ACEUSDT,A,0.9103060690110892,188.26935450328256,0.20779444936281952,184.5039674132169,-0.020000000000000018,2.0
2026-08-27 04:00:00+00:00,ENTRY,FREE_SLEEVE,2,STXUSDT,C,0.8395062349663384,184.5039674132169,0.2593,,,
2026-08-27 05:00:00+00:00,EXIT,STOP,2,STXUSDT,C,0.8395062349663384,184.5039674132169,0.2548774868485293,180.81388806495255,-0.02000000000000013,1.0
2026-08-27 06:00:00+00:00,EXIT,STOP,1,OPUSDT,B,0.8942437327614021,65.17794762878253,0.09573878603566045,63.874388676206884,-0.020000000000000018,5.0
2026-08-27 07:00:00+00:00,ENTRY,FREE_SLEEVE,1,ACEUSDT,A,0.9053096358088721,63.874388676206884,0.2047,,,
2026-08-27 10:00:00+00:00,EXIT,TARGET,1,ACEUSDT,A,0.9053096358088721,63.874388676206884,0.21147447289260243,65.79062033649309,0.030000000000000027,3.0
2026-08-27 22:00:00+00:00,ENTRY,FREE_SLEEVE,1,RUNEUSDT,B,0.9041639986701037,65.79062033649309,0.512,,,
2026-08-28 03:00:00+00:00,EXIT,STOP,1,RUNEUSDT,B,0.9041639986701037,65.79062033649309,0.5032675405570651,64.47480792976323,-0.020000000000000018,5.0
2026-08-28 14:00:00+00:00,ENTRY,FREE_SLEEVE,1,BCHUSDT,A,0.9116443641117071,64.47480792976323,257.7,,,
2026-08-28 15:00:00+00:00,EXIT,STOP,1,BCHUSDT,A,0.9116443641117071,64.47480792976323,253.30477578428847,63.18531177116797,-0.020000000000000018,1.0
2026-08-28 15:00:00+00:00,ENTRY,FREE_SLEEVE,1,MOVRUSDT,A,0.9089799398229327,63.18531177116797,0.926,,,
2026-08-28 16:00:00+00:00,EXIT,STOP,1,MOVRUSDT,A,0.9089799398229327,63.18531177116797,0.9102065284293798,61.92160553574461,-0.019999999999999907,1.0
2026-08-29 00:00:00+00:00,ENTRY,FREE_SLEEVE,1,FETUSDT,A,0.9322382499599872,61.92160553574461,0.15,,,
2026-08-29 02:00:00+00:00,ENTRY,FREE_SLEEVE,2,MOVRUSDT,A,0.9378602438521564,180.81388806495255,0.769,,,
2026-08-29 05:00:00+00:00,EXIT,STOP,1,FETUSDT,A,0.9322382499599872,61.92160553574461,0.14744166227257768,60.683173425029715,-0.020000000000000018,5.0
2026-08-29 05:00:00+00:00,EXIT,TARGET,2,MOVRUSDT,A,0.9378602438521564,180.81388806495255,0.7944497784778276,186.23830470690118,0.03000000000000025,3.0
2026-08-29 09:00:00+00:00,ENTRY,FREE_SLEEVE,1,RUNEUSDT,B,0.8911711142848961,60.683173425029715,0.465,,,
2026-08-29 11:00:00+00:00,ENTRY,FREE_SLEEVE,2,FETUSDT,A,0.9348921688635015,186.23830470690118,0.1454,,,
2026-08-29 15:00:00+00:00,EXIT,TARGET,2,FETUSDT,A,0.9348921688635015,186.23830470690118,0.15021196071609375,191.82545384810822,0.030000000000000027,4.0
2026-08-29 18:00:00+00:00,EXIT,STOP,1,RUNEUSDT,B,0.8911711142848961,60.683173425029715,0.4570691530449909,59.46950995652911,-0.02000000000000024,9.0
2026-08-29 18:00:00+00:00,ENTRY,FREE_SLEEVE,1,RUNEUSDT,B,0.9113954058370163,59.46950995652911,0.461,,,
2026-08-29 22:00:00+00:00,ENTRY,FREE_SLEEVE,2,BEAMXUSDT,C,0.8985172563369657,191.82545384810822,0.001534,,,
2026-08-30 01:00:00+00:00,EXIT,TARGET,2,BEAMXUSDT,C,0.8985172563369657,191.82545384810822,0.0015847671783940016,197.58021746355152,0.03000000000000025,3.0
2026-08-30 02:00:00+00:00,ENTRY,FREE_SLEEVE,2,CRVUSDT,A,0.9386321562447764,197.58021746355152,0.2974,,,
2026-08-30 17:00:00+00:00,EXIT,TARGET,2,CRVUSDT,A,0.9386321562447764,197.58021746355152,0.30724234605891537,203.5076239874581,0.030000000000000027,15.0
2026-08-30 20:00:00+00:00,EXIT,TARGET,1,RUNEUSDT,B,0.9113954058370163,59.46950995652911,0.47625662923053114,61.25359525522499,0.030000000000000027,26.0
2026-08-30 21:00:00+00:00,ENTRY,FREE_SLEEVE,1,ACEUSDT,C,0.8427603598105857,61.25359525522499,0.1808,,,
2026-08-30 22:00:00+00:00,EXIT,STOP,1,ACEUSDT,C,0.8427603598105857,61.25359525522499,0.17771635025921362,60.02852335012048,-0.02000000000000013,1.0
2026-08-31 09:00:00+00:00,ENTRY,FREE_SLEEVE,1,AUCTIONUSDT,A,0.9130948331082595,60.02852335012048,3.458,,,
2026-08-31 10:00:00+00:00,ENTRY,FREE_SLEEVE,2,API3USDT,C,0.8930765603763039,203.5076239874581,0.2107,,,
2026-08-31 11:00:00+00:00,EXIT,TARGET,2,API3USDT,C,0.8930765603763039,203.5076239874581,0.21767304073508223,209.61285270708186,0.030000000000000027,1.0
2026-08-31 17:00:00+00:00,ENTRY,FREE_SLEEVE,2,ACEUSDT,A,0.9406275843425919,209.61285270708186,0.1661,,,
2026-08-31 20:00:00+00:00,EXIT,STOP,1,AUCTIONUSDT,A,0.9130948331082595,60.02852335012048,3.3990217875904913,58.827952883118066,-0.02000000000000013,11.0
2026-08-31 21:00:00+00:00,ENTRY,FREE_SLEEVE,1,COTIUSDT,A,0.9061546948053447,58.827952883118066,0.01304,,,
2026-09-01 00:00:00+00:00,EXIT,END_MARK,1,COTIUSDT,A,0.9061546948053447,58.827952883118066,0.01317,59.23645164323025,0.006943956743213686,3.0
2026-09-01 00:00:00+00:00,EXIT,END_MARK,2,ACEUSDT,A,0.9406275843425919,209.61285270708186,0.1676,210.87223767091137,0.0060081476281868,7.0
